code,name,price,trend,momentum,volatility,volume,sr,pattern,sentiment,raw,adj,final,zone,action,weekly_raw,g5,g10,ext,rsi,dist_flags,mct,sector,mcap,avgvol
TXRP,"TX Rail Products, Inc",0.257,14,14,7,11,8,5,5,64,2.0,71.0,Strong,Enter w/ confidence,48,9.4,4.9,7.4,57.6,0,,Industrials,11565000.0,44279.01
MYIDF,Killi Ltd,0.066,18,10,8,18,6,7,5,72,-6.0,69.0,Moderate,Enter w/ caution,62,1.7,6.3,10.8,71.0,1,,Technology,8211173.0,24362.89
MSET,Madison Sports & Entertainment Inc,0.009,11,9,10,18,3,3,5,59,4.0,68.0,Moderate,Enter w/ caution,40,14.1,14.1,14.5,58.4,2,,Financial Services,436342.0,16539.08
NYWKF,NTG Clarity Networks Inc,0.594,15,14,10,15,4,3,5,66,1.0,67.0,Moderate,Enter w/ caution,32,-0.2,13.6,5.5,61.0,2,,Technology,28496236.0,16469.08
GFGSF,GFG Resources Inc,0.166,17,12,9,14,7,4,5,68,-2.0,66.0,Moderate,Enter w/ caution,65,9.1,7.4,5.9,62.1,0,,Basic Materials,50485908.0,147271.33
WRLGF,West Red Lake Gold Mines Ltd.,0.488,10,10,7,15,9,2,5,58,2.0,66.0,Moderate,🔥 COILED: Enter w/ caution,25,-3.6,-4.8,1.3,51.8,0,,Basic Materials,201862928.0,892058.49
DBOXF,D-BOX Technologies Inc,0.892,17,11,7,10,7,9,4,65,1.0,66.0,Moderate,Enter w/ caution,66,11.5,11.5,8.0,63.5,2,,Technology,197746048.0,179733.07
ADMQ,ADM Endeavors Inc,0.045,13,11,5,17,4,4,5,59,3.0,65.0,Moderate,Enter w/ caution,55,5.9,34.7,17.8,68.1,2,,Industrials,7133419.0,109222.96
JSDA,Jones Soda Co,0.32,15,14,5,13,6,5,5,63,2.0,65.0,Moderate,Enter w/ caution,68,5.6,7.7,5.2,57.7,0,,Consumer Defensive,40409892.0,168828.25
IOFNF,Iofina plc,0.78,16,6,6,14,6,11,5,64,1.0,65.0,Moderate,Enter w/ caution,53,4.0,5.4,5.2,66.6,0,,Basic Materials,153486720.0,5102.03
FCLIF,Full Circle Lithium Corp.,0.304,13,14,7,12,4,4,5,59,-3.0,64.0,Moderate,🔥 COILED: Enter w/ caution,53,8.6,6.1,4.1,53.5,1,,Basic Materials,30077072.0,57777.6
CTXXF,CEMATRIX Corporation,0.364,12,16,5,12,3,3,5,56,2.0,64.0,Moderate,Enter w/ caution,48,2.0,5.2,2.5,55.6,0,,Basic Materials,53399192.0,61078.12
SUNPF,Sun Peak Metals Corp,0.345,14,15,7,14,8,0,5,63,-3.0,63.0,Moderate,Enter w/ caution,65,1.2,4.6,3.0,54.0,1,,Basic Materials,56654932.0,18149.2
IAUFF,AIC Mines Limited,0.51,17,5,11,7,6,11,5,62,1.0,63.0,Moderate,Enter w/ caution,68,4.1,8.5,4.1,64.6,1,,Basic Materials,407902784.0,3563.25
NNRRF,NRC Group ASA,0.839,11,10,9,13,4,2,4,53,2.0,63.0,Moderate,🔥 COILED: Enter w/ caution,44,0.0,0.0,0.6,53.1,0,,Industrials,192700192.0,141.0
NPPXF,Nippon Telegraph & Telephone Corp,0.95,14,14,9,11,5,6,5,64,-1.0,63.0,Moderate,Enter w/ caution,39,3.3,2.2,3.5,59.3,0,,Communication Services,77352443904.0,148601.5
SCYYF,Scandium International Mining Corp,0.129,16,14,9,9,4,3,5,60,2.0,62.0,Moderate,Enter w/ caution,67,17.3,17.3,18.8,57.5,2,,Basic Materials,39306024.0,87400.17
ROYTL,Pacific Coast Oil Trust,0.17,13,6,11,16,6,3,5,60,-1.0,62.0,Moderate,Enter w/ caution,63,13.3,13.3,13.4,72.2,2,,Energy,5787474.0,9566.04
BIOE,Bio Essence Corporation,0.27,16,7,11,11,3,5,4,57,0.0,62.0,Moderate,🔥 COILED: Enter w/ caution,51,0.0,0.0,0.2,48.5,0,,Healthcare,8514557.0,2828.11
FNCJF,Fancamp Exploration Ltd.,0.12,17,6,4,15,6,7,5,60,1.0,61.0,Moderate,Enter w/ caution,67,9.1,0.0,6.0,62.0,0,,Basic Materials,28854250.0,43490.44
GSTMF,Goldstorm Metals Corp,0.133,11,9,9,14,4,7,5,59,-1.0,61.0,Moderate,Enter w/ caution,32,2.5,7.8,4.6,54.3,1,,Basic Materials,18965338.0,114272.28
CRANR,Crane Harbor Acquisition Corp. II Rights,0.24,17,8,4,16,3,3,5,56,2.0,61.0,Moderate,Enter w/ caution,0,4.3,-7.7,5.7,56.5,0,,nan,nan,0.0
PXGYF,PAX Global Technology Limited,0.468,11,15,4,14,4,6,5,59,2.0,61.0,Moderate,Enter w/ caution,40,7.5,2.1,4.8,58.4,0,,Industrials,466600064.0,3561.9
SNPMF,China Petroleum & Chemical Corp Class H,0.57,12,13,6,14,4,4,5,58,2.0,61.0,Moderate,Enter w/ caution,34,-3.4,3.6,5.1,55.7,0,,Energy,66419089408.0,41096.06
SENGF,SINOPEC Engineering (Group) Co. Ltd.,0.784,11,8,11,11,4,2,4,51,2.0,61.0,Moderate,🔥 COILED: Enter w/ caution,32,0.0,0.0,0.0,50.8,0,,Industrials,3444475392.0,46.53
OMLAF,oOh!media Limited,1.0,15,8,10,11,6,4,4,58,-2.0,61.0,Moderate,🔥 COILED: Enter w/ caution,55,0.0,0.0,0.3,67.8,0,,Communication Services,528211776.0,2197.0
RNGE,RING ENERGY INC,0.96,18,10,8,16,7,9,5,73,-10.5,60.5,Moderate,Enter w/ caution,70,29.7,35.2,31.1,70.8,2,,Basic Materials,112398416.0,36486.5
LLLI,Lamperd Less Lethal,0.004,10,10,5,13,4,7,4,53,2.0,60.0,Moderate,Enter w/ caution,43,9.8,9.8,12.1,54.3,1,,Industrials,1101987.0,48129.32
GALOF,Galore Resources Inc,0.015,13,9,6,14,4,5,5,56,1.0,60.0,Moderate,Enter w/ caution,42,0.0,2.7,12.2,63.6,0,,Basic Materials,2659510.0,12632.2
CDTTW,Conduit Pharmaceuticals Inc.,0.014,13,9,3,14,6,3,4,52,0.0,60.0,Moderate,Enter w/ caution,62,12.5,23.9,13.5,52.6,2,,nan,nan,31561.58
CMPNF,Champion Real Estate Investment Trust,0.34,15,8,11,9,6,4,4,57,-2.0,60.0,Moderate,🔥 COILED: Enter w/ caution,51,0.0,0.0,0.2,68.7,1,,Real Estate,1907400832.0,0.0
SENT,AdvisorShares Trust - AdvisorShares Alpha DNA Equity Sentiment ETF,0.73,16,6,7,16,7,6,5,63,-3.0,60.0,Moderate,Enter w/ caution,38,2.1,2.1,1.9,72.7,0,,nan,nan,674832.0
BNCM,Bounce Mobile Systems Inc,0.008,16,10,3,15,6,4,5,59,-5.0,59.0,Moderate,Enter w/ caution,62,-10.5,46.6,17.9,61.5,2,,Healthcare,13997339.0,84969.58
VISM,Visium Technologies Inc,0.002,9,14,11,9,4,4,5,56,0.0,59.0,Moderate,Enter w/ caution,31,4.8,4.8,7.5,53.0,0,,Technology,2370506.0,2401730.73
CYIO,CYIOS Corporation,0.002,13,7,9,15,4,4,5,57,2.0,59.0,Moderate,Enter w/ caution,50,-5.0,5.6,6.9,57.3,0,,Healthcare,627924.0,1676110.82
CHAG,Chancellor Group Inc,0.001,13,7,9,13,6,2,4,54,0.0,59.0,Moderate,🔥 COILED: Enter w/ caution,54,0.0,0.0,3.1,50.0,0,,Financial Services,74460.0,17686.85
NUMD,Nu-Med Plus Inc,0.018,15,3,7,14,6,11,5,61,-2.0,59.0,Moderate,Enter w/ caution,53,21.1,0.0,10.3,65.7,0,,Healthcare,1537291.0,9066.83
BSTO,Blue Star Opportunities Corp,0.026,15,7,3,13,2,7,5,52,2.0,59.0,Moderate,🔥 COILED: Enter w/ caution,49,5.6,76.0,13.2,54.6,2,,Basic Materials,3279479.0,11961.93
SLVMF,Silver Mines Limited,0.11,13,6,9,15,4,5,5,57,2.0,59.0,Moderate,Enter w/ caution,32,19.3,27.8,12.9,58.7,2,,Consumer Defensive,244131152.0,42408.3
BCCLF,Becle SA de CV,0.895,16,10,11,11,6,2,5,61,0.0,59.0,Moderate,Enter w/ caution,45,4.1,9.1,5.8,68.8,1,,Consumer Defensive,3214102528.0,0.0
ILDO,International Daleco Corp,0.009,13,7,5,10,4,7,4,50,0.0,58.0,Moderate,🔥 COILED: Enter w/ caution,53,0.0,0.0,1.5,51.6,0,,Basic Materials,409453.0,5536.83
GOGR,Go Green Global Tech,0.04,12,7,11,14,6,2,4,56,2.0,58.0,Moderate,Enter w/ caution,58,0.0,0.0,3.0,56.4,0,,Industrials,4619039.0,47531.48
CHKMF,Cohiba Minerals Limited,0.06,12,10,6,11,6,3,2,50,0.0,58.0,Moderate,🔥 COILED: Enter w/ caution,52,0.0,0.0,1.8,51.9,0,,Basic Materials,401050464.0,18796.42
NBBTF,Natural Beauty Bio-Technology Limited,0.061,13,8,11,11,6,2,4,55,-2.0,58.0,Moderate,🔥 COILED: Enter w/ caution,42,0.0,0.0,0.1,68.3,0,,Consumer Defensive,102107152.0,1375.0
EWCLF,Energy World Corporation Ltd,0.073,20,11,5,14,6,10,5,71,-18,58,Moderate,Enter w/ caution,68,72.0,72.0,57.0,83.3,3,10,Utilities,192669488.0,89005.41
STPDF,STPDF,0.163,13,8,9,12,6,2,5,55,0.0,58.0,Moderate,Enter w/ caution,50,0.0,0.0,1.4,59.3,0,,Energy,32038342.0,4465.27
ASHXF,Progressive Planet Solutions Inc,0.25,13,6,8,11,4,6,5,53,0.0,58.0,Moderate,🔥 COILED: Enter w/ caution,52,3.7,6.4,1.9,54.7,0,,Basic Materials,29627166.0,0.0
OSRH,OSR Holdings Inc,0.474,14,10,7,12,4,7,5,59,1.0,58.0,Moderate,Enter w/ caution,37,8.0,12.9,13.5,62.6,2,,Healthcare,16646260.0,4031169.57
IPZYF,IP Group Plc,0.905,14,7,7,10,6,6,5,55,-2.0,58.0,Moderate,🔥 COILED: Enter w/ caution,52,0.0,0.0,0.8,67.4,0,,Financial Services,799855360.0,5639.02
KJFI,Comjoyful International Company,0.974,11,7,11,9,6,7,4,55,-5.0,58.0,Moderate,🔥 COILED: Enter w/ caution,46,0.0,0.0,0.5,51.4,1,,Healthcare,211514688.0,227.55
RSCF,Reflect Scientific Inc,0.044,12,9,11,13,8,2,5,60,-3.0,57.0,Moderate,Enter w/ caution,27,10.0,10.0,7.5,72.7,1,,Healthcare,3769219.0,37478.5
PBMFF,Pacific Bay Minerals Ltd,0.042,10,6,10,13,4,4,4,51,1.0,57.0,Moderate,🔥 COILED: Enter w/ caution,41,0.0,0.0,0.1,61.3,0,,Basic Materials,1485888.0,433.86
ENMHF,ENM Holdings Limited,0.06,15,6,11,8,6,2,4,52,0.0,57.0,Moderate,🔥 COILED: Enter w/ caution,49,0.0,0.0,2.5,72.1,0,,Consumer Cyclical,74279640.0,920.38
SBMSF,Danakali Ltd,0.07,14,13,6,15,4,0,5,57,0.0,57.0,Moderate,Enter w/ caution,63,7.7,42.3,8.8,52.9,2,,Basic Materials,29429912.0,0.0
VYCO,Vycor Medical Inc,0.069,13,5,6,14,4,7,5,54,0.0,57.0,Moderate,Enter w/ caution,32,0.0,0.0,1.8,56.4,0,,Healthcare,2302723.0,6774.69
LVGLF,Lake Victoria Gold Ltd,0.197,8,15,10,12,3,2,5,55,-1.0,57.0,Moderate,Enter w/ caution,35,5.6,3.4,5.0,55.0,2,,Basic Materials,36316140.0,222863.01
MBXBF,Microbix Biosystems Inc.,0.22,11,3,9,15,6,8,5,57,-3.0,57.0,Moderate,Enter w/ caution,55,1.4,-4.8,2.5,59.5,1,,Healthcare,30250254.0,10977.0
SPSTF,Singapore Post Limited,0.25,15,7,12,11,4,1,4,54,-2.0,57.0,Moderate,🔥 COILED: Enter w/ caution,36,0.0,0.0,0.6,62.7,0,,Industrials,567610624.0,0.0
ARSRF,AIS Corporation Limited,0.288,9,7,8,12,4,7,5,52,2.0,57.0,Moderate,Enter w/ caution,41,3.2,5.7,5.1,58.1,0,,Basic Materials,431160416.0,2871.94
JNSTF,Jinhui Shipping and Transportation Limited,0.57,13,6,11,11,4,3,4,52,0.0,57.0,Moderate,🔥 COILED: Enter w/ caution,0,0.0,0.0,0.0,30.9,0,,Industrials,62955004.0,0.0
BSDGF,Bosideng International Holdings Limited,0.648,13,10,7,10,7,6,5,58,-1.0,57.0,Moderate,Enter w/ caution,56,-1.7,5.9,5.8,59.7,0,,Consumer Cyclical,7530113536.0,5539.1
NIKA,Nika BioTechnology Inc,0.769,15,6,12,10,6,2,4,55,-3.0,57.0,Moderate,🔥 COILED: Enter w/ caution,50,0.0,0.0,7.0,72.3,0,,Healthcare,806334336.0,839.16
GTENW,"Gores Holdings X, Inc. Warrants",0.85,16,13,3,9,4,7,5,57,0.0,57.0,Moderate,Enter w/ caution,65,18.1,4.9,12.0,56.0,1,,nan,nan,17818.23
MGUY,Mogul Energy International Inc,0.004,16,11,5,14,8,3,5,62,-5.5,56.5,Moderate,Enter w/ caution,53,16.1,-20.0,21.1,57.8,1,,Industrials,1805342.0,111886.7
HALB,Tykhe Corp,0.001,14,16,5,9,4,4,4,56,0.0,56.0,Moderate,Enter w/ caution,32,25.0,42.9,13.4,57.5,2,,Healthcare,707303.0,1029276.86
RFHRF,Renforth Resources Inc,0.017,12,5,6,14,3,8,5,53,-2.0,56.0,Moderate,🔥 COILED: Enter w/ caution,45,-1.1,-1.7,2.2,53.0,1,,Basic Materials,8077412.0,56692.13
COSG,Cosmos Group Holdings Inc,0.062,12,9,9,8,4,2,5,49,2.0,56.0,Moderate,🔥 COILED: Enter w/ caution,32,8.5,-4.0,3.6,52.7,1,,Financial Services,39647.0,1817.64
BKALF,PT Bank Aladin Syariah Tbk,0.078,12,5,9,12,4,2,4,48,0.0,56.0,Moderate,🔥 COILED: Enter w/ caution,48,0.0,0.0,0.2,50.0,0,,Financial Services,1153867648.0,92.23
DTSQR,DT Cloud Star Acquisition Corporation Right,0.13,9,11,6,15,3,2,5,51,2.0,56.0,Moderate,Enter w/ caution,30,-10.3,18.2,6.5,52.1,2,,nan,nan,0.0
RROYF,RE Royalties Ltd,0.27,18,5,5,9,4,9,5,55,-2.0,56.0,Moderate,Enter w/ caution,43,7.0,7.0,3.1,62.2,1,,Utilities,11750932.0,1721.54
TBVPF,Thai Beverage Public Company Limited,0.344,15,5,13,12,1,4,5,55,-2.0,56.0,Moderate,Enter w/ caution,45,0.0,2.4,1.0,63.0,0,,Consumer Defensive,8726625280.0,0.0
LBCMF,Libero Copper & Gold Corporation,0.55,16,11,9,8,7,0,5,56,-3.0,56.0,Moderate,🔥 COILED: Enter w/ caution,56,-1.9,-2.3,1.6,53.2,1,,Basic Materials,114874704.0,507418.66
ACHFF,Arch Biopartners Inc,0.61,10,12,9,14,9,4,5,63,-5.0,56.0,Moderate,Enter w/ caution,53,1.0,1.7,5.4,58.4,1,,Healthcare,41439308.0,30966.9
IDCBF,Industrial and Commercial Bank of China,0.94,18,5,7,11,4,6,5,56,0.0,56.0,Moderate,Enter w/ caution,62,4.4,6.8,6.8,74.6,0,,Financial Services,438367092736.0,0.0
BKFCF,Bank of Communications Co. Ltd,0.92,13,7,11,8,6,2,4,51,0.0,56.0,Moderate,🔥 COILED: Enter w/ caution,54,0.0,0.0,0.1,56.5,0,,Financial Services,74958995456.0,0.0
HKBNF,HKBN Ltd,0.914,12,6,5,8,6,7,4,48,0.0,56.0,Moderate,🔥 COILED: Enter w/ caution,52,0.0,0.0,1.0,53.8,0,,Communication Services,1350994944.0,10.2
WLDBF,WildBrain Ltd,1.0,13,7,8,14,5,7,5,59,-3.0,56.0,Moderate,Enter w/ caution,44,9.9,5.3,7.3,59.8,1,,Communication Services,213814288.0,165341.7
XHG,XChange TEC.INC,0.97,17,10,4,12,4,1,5,53,0.0,56.0,Moderate,🔥 COILED: Enter w/ caution,37,4.9,12.4,2.5,52.5,2,,Financial Services,50001492.0,22641.91
DYNA,Dynastar Holdings Inc,0.013,13,7,7,15,6,2,5,55,-4.8,55.2,Moderate,Enter w/ caution,62,29.0,29.0,21.9,70.7,2,,Financial Services,31422584.0,34512.67
ENEVF,Enerev5 Metals Inc,0.006,5,13,7,12,3,6,2,48,4.0,55,Moderate,Enter w/ caution,35,13.7,5.5,4.4,50.9,0,,Industrials,2003685.0,15248.05
VICA,Rafina Innovations Inc,0.001,10,8,10,11,6,3,4,52,0.0,55.0,Moderate,Enter w/ caution,43,0.0,0.0,0.1,56.8,0,,Healthcare,122022.0,56516.55
LEHLQ,LEHMAN BROTHERS HOLDINGS CAP TS,0.001,15,6,10,10,6,2,5,54,-2.0,55.0,Moderate,Enter w/ caution,51,0.0,0.0,1.2,64.4,0,,Other,nan,405.0
DRRLF,DRRLF,0.012,10,8,10,9,1,8,4,50,0.0,55.0,Moderate,🔥 COILED: Enter w/ caution,43,0.0,0.0,0.8,54.9,0,,nan,62603520.0,1096.12
TKMOD,"Tekumo, Inc.",0.023,13,8,5,15,3,6,5,55,0.0,55.0,Moderate,Enter w/ caution,49,1.8,15.3,4.5,51.3,2,,Technology,260814.0,17856.65
PBMWW,Psyence Biomedical Ltd. Warrant,0.035,13,4,5,15,9,2,5,53,4.0,55.0,Moderate,Enter w/ caution,60,14.9,74.0,19.2,59.7,2,,nan,nan,37124.07
GENFF,Genflow Biosciences plc,0.054,17,6,7,14,6,2,5,57,-2.0,55.0,Moderate,Enter w/ caution,45,0.0,0.6,17.0,66.0,0,,Healthcare,30869332.0,13135.5
BLSIF,BLSIF,0.06,10,9,11,9,3,2,4,48,2.0,55.0,Moderate,🔥 COILED: Enter w/ caution,47,0.0,0.0,0.0,52.2,0,,Healthcare,9735260.0,133.24
RMDFF,Richmond Minerals Inc,0.083,12,6,11,9,6,2,4,50,0.0,55.0,Moderate,🔥 COILED: Enter w/ caution,57,0.0,0.0,0.2,50.0,0,,Basic Materials,6735049.0,3006.62
PDSSF,Paradise Entertainment Limited,0.092,14,6,4,10,6,3,4,47,0.0,55.0,Moderate,🔥 COILED: Enter w/ caution,0,0.0,0.0,0.8,48.6,0,,Consumer Cyclical,96390696.0,0.0
AGTEF,AGTech Holdings Limited,0.105,13,7,9,13,6,1,5,54,-2.0,55.0,Moderate,Enter w/ caution,53,0.0,0.0,0.6,66.8,0,,Consumer Cyclical,1208761472.0,5248.58
GTHP,Guided Therapeutics Inc,0.3,14,9,11,17,6,4,5,66,-16.0,55.0,Moderate,Enter w/ caution,59,11.1,11.1,11.7,59.7,3,,Healthcare,28961206.0,13605.06
IGGGF,IGG Inc,0.43,18,5,11,9,4,6,5,58,-3.0,55.0,Moderate,Enter w/ caution,36,10.0,10.0,7.6,74.9,1,,Communication Services,481019328.0,0.0
PCMC,Public Company Management Corp,0.4,13,9,7,10,3,5,3,50,2.0,55.0,Moderate,Enter w/ caution,41,0.0,58.1,0.9,51.2,2,,Financial Services,13710727.0,634.0
ACPS,AC Partners Inc,0.45,12,8,5,9,6,6,4,50,2.0,55.0,Moderate,Enter w/ caution,38,0.0,0.0,4.3,57.5,0,,Industrials,16583081.0,132.76
ADVNF,Advance ZincTek Limited,0.53,12,7,9,12,4,2,4,50,0.0,55.0,Moderate,🔥 COILED: Enter w/ caution,49,0.0,0.0,0.5,50.0,0,,Basic Materials,33220322.0,501.81
SKYH-WT,Sky Harbour Group Corporation WT,0.55,12,14,4,14,4,2,5,55,2.0,55.0,Moderate,Enter w/ caution,34,3.8,27.9,6.6,55.1,2,,nan,nan,20749.73
MCHHF,Macmahon Holdings Limited,0.63,12,5,11,9,6,5,4,52,-2.0,55.0,Moderate,🔥 COILED: Enter w/ caution,60,0.0,0.0,0.2,66.5,0,,Basic Materials,1387583488.0,0.0
ALPKF,ALPEK S.A.B. de C.V,0.766,15,6,10,8,3,6,5,53,-3.0,55.0,Moderate,🔥 COILED: Enter w/ caution,61,0.0,0.0,1.6,75.2,0,,Basic Materials,1596937600.0,2337.69
GZDIF,Grizzly Discoveries Inc,0.06,19,14,4,15,4,7,5,68,-11.5,54.5,Weak,Watchlist only,60,50.2,50.2,25.2,62.3,2,10,Basic Materials,13993566.0,106397.92
KNOS,Kronos Advanced Technologies Inc,0.005,12,11,4,14,8,2,5,56,-1.8,54.2,Weak,Watchlist only,54,19.0,25.0,27.6,56.1,2,,Industrials,1977971.0,213808.16
MKGP,Maverick Energy Group Ltd,0.014,12,6,7,15,7,4,5,56,-5.0,54.0,Weak,Watchlist only,63,0.0,0.0,6.8,67.0,1,,Energy,2154265.0,116892.6
HPAGF,China High Precision Automation Group Limited,0.029,9,7,11,8,6,4,4,49,0.0,54.0,Weak,🔥 COILED: Watchlist only,25,0.0,0.0,0.0,46.9,0,,Technology,30077126.0,368.38
VIVC,Vivic Corp,0.026,8,7,11,10,3,5,4,48,1.0,54.0,Weak,🔥 COILED: Watchlist only,24,0.0,0.0,3.6,60.1,0,,Consumer Cyclical,693105.0,9738.47
KCRD,"Kindcard, Inc.",0.034,12,6,8,15,4,1,5,51,0.0,54.0,Weak,Watchlist only,41,0.0,0.0,2.8,58.8,0,,Technology,3469957.0,744.75
ORFDF,Orefinders Resources Inc,0.089,14,8,9,7,3,3,5,49,0.0,54.0,Weak,🔥 COILED: Watchlist only,45,2.8,2.3,1.1,52.4,0,,Basic Materials,22126632.0,60162.5
CSBI,Carroll Shelby International Inc,0.181,12,9,11,12,6,4,4,58,-7.0,54.0,Weak,Watchlist only,57,0.0,0.0,0.9,66.9,1,,Consumer Cyclical,860482752.0,2629.91
ROMJF,Rubicon Organics Inc,0.338,13,8,11,13,4,5,5,59,-5.0,54.0,Weak,Watchlist only,33,5.3,3.4,4.1,57.4,1,,Healthcare,23164290.0,29652.79
COGNY,Cogna Educacao SA ADR,0.45,10,14,10,11,3,3,5,56,2.0,54.0,Weak,Watchlist only,36,9.8,7.1,5.9,55.3,0,,Consumer Defensive,900553088.0,21110.5
GCL,GCL Global Holdings Ltd Ordinary Shares,0.475,13,14,5,7,4,3,5,51,0.0,54.0,Weak,Watchlist only,38,3.3,8.9,5.0,54.1,1,,Communication Services,60804132.0,1204119.47
ALSA,Alpha Star Acquisition Corp,0.595,16,11,13,11,6,6,5,68,-12.0,54.0,Weak,Watchlist only,40,2.6,1.7,3.7,66.6,1,,Financial Services,49542480.0,52316.0
DTSS,Datasea Inc,0.85,8,12,11,11,5,5,5,57,-6.0,54.0,Weak,🔥 COILED: Watchlist only,30,7.7,4.7,4.0,54.5,1,,Technology,8880080.0,149384.81
SHCAY,Sharp Corp ADR,0.938,7,11,5,11,8,0,5,47,2.0,54.0,Weak,🔥 COILED: Watchlist only,50,-0.0,-1.4,3.5,53.3,0,,Technology,2441393152.0,6513.34
SFGRF,SFGRF,0.95,15,5,10,9,4,5,5,53,-2.0,54.0,Weak,Watchlist only,48,0.0,4.4,3.7,64.8,0,,Financial Services,6373023744.0,3308.31
POLEW,Andretti Acquisition Corp. II Warrant,0.22,12,14,4,16,6,0,5,57,-3.8,53.2,Weak,Watchlist only,47,-4.3,98.0,28.5,57.0,2,,nan,nan,22593.76
DELX,Delex Healthcare Group Inc.,0.008,16,6,2,16,7,2,5,54,-2.0,53.0,Weak,Watchlist only,63,-10.5,46.6,16.0,61.7,2,,Healthcare,16996770.0,86184.42
JPTE,"JP 3E Holdings, Inc.",0.01,10,9,9,14,4,2,5,53,-1.0,53.0,Weak,Watchlist only,46,10.0,2.1,4.1,54.0,0,,Technology,5953156.0,651224.71
AVVH,AVVAA World Health Care Products Inc,0.002,9,5,5,18,1,3,5,46,-1.0,53.0,Weak,Watchlist only,38,12.5,-10.0,8.3,52.9,1,,Financial Services,1740316.0,284693.28
MKDWW,MKDWELL Tech Inc. Warrants,0.011,16,8,3,14,7,6,5,59,-6.0,53.0,Weak,Watchlist only,45,14.0,11.8,9.9,59.7,2,,nan,nan,0.0
OPHRF,Ophir Gold Corp.,0.025,11,5,3,14,6,7,5,51,2.0,53.0,Weak,Watchlist only,46,12.7,15.8,9.0,54.6,2,,Basic Materials,2487165.0,14802.32
GCEI,Global Clean Energy Inc,0.034,12,5,8,12,5,5,4,51,-1.0,53.0,Weak,Watchlist only,32,13.0,18.1,8.9,55.8,2,,Industrials,19984698.0,331875.77
EREPF,Zonte Metals Inc,0.079,11,7,11,7,6,2,4,48,0.0,53.0,Weak,🔥 COILED: Watchlist only,32,0.0,0.0,0.2,59.1,0,,Basic Materials,6723224.0,3323.5
CYGGF,Cygnus Metals Limited,0.102,13,6,7,15,7,5,5,58,-5.0,53.0,Weak,Watchlist only,40,5.7,5.8,2.5,53.0,1,,Basic Materials,125459912.0,44379.74
STXPF,Stuhini Exploration Ltd,0.12,12,16,7,9,5,2,4,55,-5.0,53.0,Weak,Watchlist only,48,0.0,1.4,1.7,53.7,2,,Basic Materials,6692629.0,14561.4
MGHCF,Minco Capital Corp,0.11,15,8,4,15,6,2,5,55,-2.0,53.0,Weak,Watchlist only,69,0.0,22.2,14.5,61.7,2,,Financial Services,4749347.0,8942.29
CRGCF,CRGCF,0.155,17,6,9,11,3,1,5,52,-2.0,53.0,Weak,Watchlist only,0,0.0,0.0,0.6,64.9,0,,Basic Materials,10160110.0,0.0
CPPMF,Copper Mountain Mining Corporation,0.217,6,14,9,11,3,2,4,49,-1.0,53.0,Weak,Watchlist only,28,1.0,0.9,0.6,47.9,2,,Basic Materials,32722088.0,162799.11
YIPCF,Yip's Chemical Holdings Limited,0.32,10,8,11,10,3,6,4,52,-2.0,53.0,Weak,Watchlist only,0,0.0,0.0,0.0,66.5,0,,Basic Materials,178707232.0,0.0
HTTIF,HTTIF,0.389,17,8,8,7,4,3,4,51,-3.0,53.0,Weak,🔥 COILED: Watchlist only,0,0.0,0.0,0.9,56.1,1,,Healthcare,198042704.0,0.0
MFRVF,Minera Frisco S.A.B. de C.V,0.59,13,7,10,8,6,2,4,50,-2.0,53.0,Weak,🔥 COILED: Watchlist only,47,0.0,0.0,9.6,62.1,0,,Basic Materials,3656042752.0,181.75
DRTTF,DIRTT Environmental Solutions Ltd,0.61,10,10,8,11,8,4,5,56,-1.0,53.0,Weak,Watchlist only,52,1.7,0.0,3.1,58.6,2,,Industrials,118145376.0,53316.13
FPAFF,First Pacific Company Limited,0.69,16,5,9,10,4,2,5,51,2.0,53.0,Weak,Watchlist only,34,6.2,7.8,3.9,58.7,0,,Consumer Defensive,2767820544.0,0.0
CBGZF,Cabral Gold Inc,0.722,12,6,8,13,7,4,5,55,-5.0,53.0,Weak,Watchlist only,43,-3.7,-4.4,-0.5,50.6,1,,Basic Materials,220357360.0,231583.66
VPRB,VPR Brands LP,0.117,18,6,5,14,7,3,5,58,-5.5,52.5,Weak,Watchlist only,62,6.4,98.3,34.8,72.1,2,,Consumer Defensive,10734376.0,42012.71
JSHG,Joshua Gold Resources Inc,0.003,17,14,5,13,4,0,5,58,-5.8,52.2,Weak,Watchlist only,47,7.7,40.0,26.1,60.3,2,,Basic Materials,507675.0,223068.45
GBXI,GBX International Group Inc,0.001,15,4,8,13,4,7,5,56,-3.8,52.2,Weak,Watchlist only,38,0.0,175.0,21.5,60.0,2,,Communication Services,154948.0,2274.05
CBGH,China YiBai United Guarantee International Holding Inc,0.005,11,7,11,7,3,1,4,44,0.0,52.0,Weak,🔥 COILED: Watchlist only,37,0.0,0.0,0.2,50.3,0,,Technology,4501328.0,0.0
TLDE,Tld3 Entertainment Group Inc,0.004,11,4,10,7,3,6,4,45,2.0,52.0,Weak,🔥 COILED: Watchlist only,50,0.0,0.0,-0.0,48.5,0,,Communication Services,1956402.0,639.02
ZHUD,Zhuding International Ltd,0.01,14,12,5,12,7,0,5,55,-3.0,52.0,Weak,Watchlist only,60,-9.1,100.0,11.6,57.5,2,,Financial Services,1602369.0,137475.24
CTLDF,Controladora Axtel S.A.B. de C.V.,0.04,10,5,10,12,4,2,4,47,0.0,52.0,Weak,🔥 COILED: Watchlist only,47,0.0,0.0,0.0,50.0,0,,nan,192752928.0,34285.56
CRLEF,CRLEF,0.097,5,11,5,12,5,4,5,47,2.0,52.0,Weak,Watchlist only,30,3.2,-11.6,3.2,50.9,0,,nan,nan,15095.0
LOMLF,Lion One Metals Limited,0.107,11,9,5,15,8,0,5,53,-1.0,52.0,Weak,Watchlist only,23,-3.0,6.7,6.8,54.9,0,,Basic Materials,44313984.0,553834.97
RYES,Rise Gold Corp,0.14,10,14,6,11,4,5,5,55,-3.0,52.0,Weak,Watchlist only,23,0.0,-6.1,6.5,52.4,1,,Basic Materials,17856138.0,88951.77
VDOMF,Val-d'Or Mining Corporation,0.12,9,7,13,12,5,2,5,53,-1.0,52.0,Weak,Watchlist only,50,16.5,16.5,7.2,57.5,2,,Basic Materials,11716459.0,14498.59
OXBRW,Oxbridge Re Holdings Equity Warrant,0.125,8,11,4,14,8,0,5,50,2.0,52.0,Weak,Watchlist only,50,16.2,-16.9,6.8,53.8,0,,nan,574505.0,6071.5
RFAIR,RF Acquisition Corp II Right,0.118,12,8,4,15,7,6,5,57,-5.0,52.0,Weak,Watchlist only,57,7.5,7.5,8.9,72.5,0,,nan,nan,17637.82
CXXMF,CMX Gold & Silver Corp,0.215,9,6,11,12,6,6,4,54,-5.0,52.0,Weak,Watchlist only,47,0.0,0.0,0.0,58.1,1,,Basic Materials,18619606.0,1141.12
FNAUF,Four Nines Gold Inc,0.401,9,5,5,13,6,7,5,50,-3.0,52.0,Weak,🔥 COILED: Watchlist only,41,0.3,-3.4,-0.2,49.4,1,,Basic Materials,30009872.0,2448.93
TRAC,Track Data Corporation Inc,0.41,9,6,6,10,6,2,5,44,0.0,52.0,Weak,🔥 COILED: Watchlist only,26,0.0,0.0,5.4,41.2,0,,Financial Services,1658400.0,9.0
ATGN,Altigen Communications Inc,0.489,10,11,9,7,8,1,4,50,2.0,52.0,Weak,Watchlist only,49,1.9,4.0,2.7,56.5,0,,Communication Services,11904710.0,22170.51
KIRGF,Kairos Gold Inc.,0.527,17,11,7,14,6,5,5,65,-13.0,52.0,Weak,Watchlist only,0,50.7,88.4,37.1,58.8,2,10,nan,nan,0.0
SLSN,"Solesence, Inc. Common Stock",0.93,13,14,2,15,2,6,5,57,-3.0,52.0,Weak,Watchlist only,31,9.4,12.0,6.4,52.2,2,,Consumer Defensive,65377392.0,58256.51
SALM,Salem Media Group Inc,0.97,12,5,7,10,7,11,4,56,-4.0,52.0,Weak,Watchlist only,56,0.0,1.0,1.6,60.8,2,,Communication Services,30732950.0,71563.53
TACHW,Titan Acquisition Corp,0.58,13,7,2,17,9,2,5,55,-1.8,51.2,Weak,Watchlist only,57,-8.0,-10.8,24.3,55.1,0,,nan,nan,26797.14
PCOGF,Pancontinental Oil & Gas NL,0.009,13,5,9,15,4,2,5,53,0.0,51.0,Weak,Watchlist only,47,21.6,21.6,15.6,66.2,2,,Energy,74574720.0,159559.79
KVGOF,Kavango Resources Plc,0.01,11,6,12,13,3,3,5,53,-2.0,51.0,Weak,Watchlist only,34,4.0,4.0,2.9,61.3,0,,Basic Materials,45625112.0,33954.31
AVEFF,Avecho Biotechnology Limited,0.004,9,7,10,7,3,4,4,44,2.0,51.0,Weak,🔥 COILED: Watchlist only,45,0.0,0.0,0.0,49.4,0,,Healthcare,17386766.0,10500.0
QYBX,Qian Yuan Baixing Inc,0.007,14,6,11,7,4,4,5,51,-5.0,51.0,Weak,🔥 COILED: Watchlist only,30,0.0,0.0,1.7,57.5,1,,Consumer Cyclical,640575.0,18575.15
GMPW,GiveMePower Corp,0.01,10,8,11,12,4,2,4,51,-3.0,51.0,Weak,Watchlist only,49,0.0,0.0,0.9,70.0,0,,Real Estate,437928.0,11406.39
SOFE,Carepay Holdings Inc,0.002,10,6,10,12,4,2,4,48,0.0,51.0,Weak,Watchlist only,53,0.0,0.0,0.0,59.5,0,,Healthcare,45302.0,1210.31
DBLR,"Pet Ecology Brands, Inc.",0.018,12,11,2,11,8,0,5,49,2.0,51.0,Weak,Watchlist only,42,-40.3,79.0,11.4,54.0,2,,Financial Services,739360.0,2551.4
MLECW,Moolec Science SA Warrant,0.02,9,14,7,11,3,2,5,51,2.0,51.0,Weak,Watchlist only,36,-3.8,29.0,5.2,51.0,2,,nan,nan,368210.14
RNCHF,RNCHF,0.028,15,5,5,7,6,6,4,48,0.0,51.0,Weak,Watchlist only,46,0.0,0.0,4.1,58.2,0,,Basic Materials,4607405.0,1377.49
NOSUF,Nerds on Site Inc,0.03,16,5,12,11,6,9,5,64,-13.0,51.0,Weak,Watchlist only,71,17.2,17.2,13.7,94.5,2,,Technology,2834714.0,4180.51
ARYMF,Argosy Minerals Limited,0.036,6,13,11,9,3,2,5,49,2.0,51,Weak,Watchlist only,30,-4.3,-5.1,3.4,50.0,1,,Basic Materials,55086120.0,30791.72
TRRE,Terra Energy Res,0.04,13,8,7,9,6,3,5,51,0.0,51.0,Weak,Watchlist only,55,0.0,0.0,1.9,56.6,0,,Real Estate,14875703.0,5364.24
SNTX,Suntex Enterprises Inc,0.036,14,11,8,8,6,2,4,53,0.0,51.0,Weak,Watchlist only,61,-5.3,5.6,4.4,56.2,0,,Financial Services,12295800.0,2996493.76
UJOGF,UJOGF,0.07,13,3,11,9,6,2,4,48,-5.0,51.0,Weak,🔥 COILED: Watchlist only,42,0.0,0.0,0.3,54.8,1,,Energy,10259612.0,1377.63
SVGAF,Silver Grail Resources Ltd,0.1,15,5,11,11,3,3,5,53,-2.0,51.0,Weak,Watchlist only,42,25.0,25.0,9.7,61.8,2,,Basic Materials,4856508.0,12433.16
IDBDF,IDBDF,0.101,18,10,7,14,4,6,2,61,-6.0,51.0,Weak,Watchlist only,0,0.3,0.3,9.9,56.8,1,,Technology,3304674.0,0.0
TBNRL,Tamboran Resources Corporation,0.185,12,6,11,10,6,5,4,54,-8.0,51.0,Weak,🔥 COILED: Watchlist only,62,0.0,0.0,0.1,74.8,1,,Energy,1289687296.0,6239.64
BDRSF,Borders & Southern Petroleum plc,0.16,12,5,7,13,4,3,5,49,2.0,51.0,Weak,Watchlist only,63,6.7,6.7,7.5,58.9,0,,Energy,141120032.0,9017.97
AZZTF,Aztec Minerals Corp,0.18,13,16,10,13,4,4,5,65,-14.0,51.0,Weak,Watchlist only,42,0.3,0.3,4.0,58.3,1,,Basic Materials,34527544.0,157202.54
ALEEF,Alerio Gold Corp,0.18,14,6,9,11,6,2,5,53,-2.0,51.0,Weak,Watchlist only,65,0.0,0.0,4.4,64.5,0,,Basic Materials,29087198.0,7016.26
PCPJ,PaperClip Incorporated,0.47,7,7,11,7,6,4,4,46,0.0,51.0,Weak,🔥 COILED: Watchlist only,29,0.0,0.0,0.0,47.7,0,,Technology,nan,1612.5
SMEBF,Sime Darby Bhd,0.56,7,6,11,11,3,6,4,48,0.0,51.0,Weak,Watchlist only,0,0.0,0.0,0.0,38.5,0,,Consumer Cyclical,3816734720.0,0.0
AINMF,NetraMark Holdings Inc.,0.573,6,14,3,13,4,6,5,51,-3.0,51.0,Weak,Watchlist only,42,7.8,-9.3,3.1,52.9,1,,Healthcare,52211448.0,2179.23
LRKKF,Lark Distilling Co. Ltd,0.624,12,8,9,10,4,1,4,48,-5.0,51.0,Weak,🔥 COILED: Watchlist only,40,0.0,0.0,0.6,53.7,1,,Consumer Defensive,67020440.0,643.58
WYNMF,Wynn Macau Ltd,0.73,16,4,7,9,4,5,5,50,1.0,51.0,Weak,Watchlist only,36,4.3,15.9,6.6,64.1,2,,Consumer Cyclical,3823585024.0,0.0
SRRRF,SRRRF,0.71,12,6,7,10,4,7,4,50,1.0,51.0,Weak,Watchlist only,60,2.9,2.9,1.4,62.9,1,,Energy,32363736.0,1202.29
VRME,VerifyMe Inc,0.709,13,11,9,12,5,5,5,60,-7.0,51.0,Weak,Watchlist only,32,10.7,7.2,7.2,63.1,1,,Industrials,9297482.0,1427061.98
ACNDF,Ascendas India Trust,0.81,10,16,3,10,4,3,5,51,-1.0,51.0,Weak,Watchlist only,48,6.6,-1.2,2.2,52.8,1,,Real Estate,1204402.0,7289.73
MOGLF,Mongolian Mining Corporation,0.96,12,5,4,11,4,5,5,46,0.0,51.0,Weak,🔥 COILED: Watchlist only,21,5.5,1.1,4.7,56.7,0,,Basic Materials,982114816.0,1982.5
NWINF,Naked Wines plc,0.978,18,7,10,7,5,2,5,54,-3.0,51.0,Weak,Watchlist only,64,3.5,3.2,2.3,58.2,1,,Consumer Defensive,64671948.0,2330.56
TRAGF,TeraGo Inc,1.0,19,4,7,14,6,4,5,59,-8.0,51.0,Weak,Watchlist only,55,4.2,4.2,2.9,73.7,1,,Communication Services,39035620.0,171.66
YDKG,Yueda Digital Holding,0.97,15,14,4,15,8,0,5,61,-13.0,51.0,Weak,Watchlist only,52,1.0,3.2,3.8,54.6,1,,Communication Services,5379901.0,479954.72
AGDY,Agri-Dynamics Inc,0.004,14,8,9,16,4,2,5,58,-5.8,50.2,Weak,Watchlist only,33,26.5,38.7,26.5,62.0,2,,Energy,8889784.0,322569.83
LECBF,Lepanto Consolidated Mining Company,0.002,6,8,10,11,3,5,4,47,0.0,50.0,Weak,Watchlist only,26,0.0,0.0,1.7,42.4,0,,Basic Materials,146026672.0,8667.54
LMLLF,Pharmadrug Inc,0.006,7,11,11,12,3,3,5,52,-1.0,50,Weak,Watchlist only,27,14.8,26.5,15.0,56.6,2,,Healthcare,837497.0,19432.35
RMHB,Rocky Mountain High Brands Inc,0.002,6,14,7,11,4,0,5,47,-3.0,50.0,Weak,🔥 COILED: Watchlist only,37,0.0,-12.0,8.0,52.1,2,,Consumer Defensive,818546.0,272900.03
NWMH,National Waste Management Holdings Inc,0.01,12,7,9,12,4,2,4,50,-5.0,50.0,Weak,🔥 COILED: Watchlist only,50,0.0,0.0,2.0,50.0,1,,Industrials,689190.0,6990.04
VSOLF,Three Sixty Solar Ltd.,0.01,13,6,11,8,6,2,4,50,-5.0,50.0,Weak,🔥 COILED: Watchlist only,55,0.0,0.0,0.6,50.0,1,,Technology,460711.0,710.5
CESX,Ces Synergies Inc,0.001,12,5,10,12,4,2,5,50,-5.0,50.0,Weak,🔥 COILED: Watchlist only,58,0.0,0.0,10.4,50.0,1,,Industrials,47300.0,2543.38
ROXIF,Caspian Sunrise plc,0.02,14,4,4,10,6,3,4,45,0.0,50.0,Weak,🔥 COILED: Watchlist only,42,0.0,0.0,3.8,59.4,0,,Energy,15872829440.0,73.25
FNINF,49 North Resources Inc,0.015,8,7,11,8,3,4,4,45,0.0,50.0,Weak,🔥 COILED: Watchlist only,36,0.0,0.0,0.0,53.2,0,,Financial Services,2494650.0,10020.0
PTEFF,Pioneering Technology Corp,0.02,12,8,7,9,6,2,4,48,-3.0,50.0,Weak,🔥 COILED: Watchlist only,59,0.0,0.0,3.3,53.7,1,,Industrials,1120834.0,3018.45
PROCF,Sofgen Pharma S.A.,0.025,15,7,11,8,6,2,4,53,-8.0,50.0,Weak,🔥 COILED: Watchlist only,0,0.0,0.0,0.6,71.2,1,,Healthcare,58413728.0,0.0
KASHF,Intellabridge Technology Corp,0.028,13,11,3,13,5,2,5,52,-5.0,50.0,Weak,Watchlist only,56,0.0,-4.5,3.4,53.6,1,,Technology,1847567.0,18441.34
RTON,Right On Brands Inc,0.03,15,8,10,15,9,9,5,71,-21,50,Weak,Watchlist only,67,50.0,3.4,16.1,59.2,1,7,Consumer Defensive,1254525.0,22319.28
TRGGF,Tarachi Gold Corp,0.037,19,4,10,9,4,2,5,53,-3.0,50.0,Weak,Watchlist only,50,19.4,19.4,11.5,75.0,2,,Basic Materials,4412317.0,13676.16
PBFFF,Planet Based Foods Global Inc,0.034,15,5,8,9,4,4,5,50,-3.0,50.0,Weak,Watchlist only,30,0.0,0.0,16.5,74.8,0,,Healthcare,1193346.0,1357.53
PFSF,Pacific Software Inc,0.05,7,13,6,9,6,2,5,48,2.0,50.0,Weak,Watchlist only,62,8.5,-9.3,1.2,50.5,1,,Healthcare,31711312.0,0.0
MDXHF,MedX Health Corp,0.043,16,6,4,9,1,11,5,52,-5.0,50.0,Weak,Watchlist only,46,0.0,0.0,8.4,56.5,1,,Healthcare,14101090.0,5641.51
WHLT,Chase Packaging Corp,0.05,12,6,8,11,1,4,5,47,-2.0,50.0,Weak,🔥 COILED: Watchlist only,33,0.0,0.0,0.8,60.3,0,,Financial Services,3094108.0,1123.79
MVMDF,Mountain Valley MD Holdings Inc,0.055,8,12,9,10,8,0,5,52,-7.0,50.0,Weak,🔥 COILED: Watchlist only,45,-0.2,-4.5,0.7,51.2,1,,Healthcare,18533872.0,139873.2
XYLB,Xy Labs Inc.,0.12,8,7,11,10,3,4,4,47,0.0,50.0,Weak,Watchlist only,45,0.0,0.0,0.0,59.8,0,,Technology,1439695.0,412.93
HYTNF,HYTNF,0.162,13,6,4,7,6,7,4,47,-5.0,50.0,Weak,🔥 COILED: Watchlist only,48,0.0,0.0,1.3,53.6,1,,Consumer Defensive,15567124.0,58.47
LPAAW,Launch One Acquisition Corp. Warrant,0.17,9,11,3,13,8,4,5,53,-6.0,50.0,Weak,Watchlist only,56,-0.1,-15.0,-1.9,49.2,0,,nan,nan,18139.23
CCEYF,CCEYF,0.242,17,11,5,10,4,3,5,55,-5.0,50.0,Weak,Watchlist only,0,11.8,8.7,8.2,58.7,1,,nan,nan,0.0
LYPHF,Luye Pharma Group Ltd,0.27,8,5,3,12,6,3,5,42,0.0,50.0,Weak,🔥 COILED: Watchlist only,20,0.0,-14.8,3.0,51.7,0,,Healthcare,1078519296.0,24623.97
AUMTF,Aurelia Metals Limited,0.25,16,6,6,9,6,2,5,50,0.0,50.0,Weak,Watchlist only,55,-6.2,11.3,6.0,58.1,2,,Basic Materials,423350464.0,7621.97
WSRIF,WSRIF,0.26,7,16,9,9,4,6,5,56,-4.0,50,Weak,Watchlist only,30,10.6,9.9,8.5,53.8,2,,Basic Materials,11718740.0,117808.67
BDLNF,Badlands Resources Inc,0.3,11,5,5,14,6,4,5,50,0.0,50.0,Weak,Watchlist only,55,0.0,0.0,2.0,59.2,0,,Basic Materials,970163.0,2287.5
SFPT,"Safepoint Holdings, Inc.",0.34,17,9,4,12,5,3,5,55,-5.0,50.0,Weak,Watchlist only,0,0.0,13.3,6.1,61.1,2,,nan,nan,0.0
BOYAF,Boyaa Interactive International Limited,0.45,9,4,10,9,3,6,4,45,2.0,50.0,Weak,Watchlist only,43,0.0,0.0,-0.0,58.4,1,,Communication Services,325514912.0,0.0
GIGNF,Genting Singapore Limited,0.52,11,7,11,7,4,1,4,45,0.0,50.0,Weak,🔥 COILED: Watchlist only,23,0.0,0.0,0.2,55.4,0,,Consumer Cyclical,6024695296.0,0.0
AROAF,AROAF,0.52,15,3,5,8,6,6,4,47,-2.0,50.0,Weak,🔥 COILED: Watchlist only,54,0.0,0.0,0.4,62.6,0,,Healthcare,180311808.0,1812.25
GEBRF,Greenbriar Capital Corp,0.54,16,9,9,12,7,6,5,64,-14.0,50.0,Weak,Watchlist only,68,16.6,8.0,10.6,66.5,2,,Utilities,23638492.0,6469.01
FPNUF,FP Newspapers Inc,0.59,12,6,11,7,3,2,4,45,0.0,50.0,Weak,🔥 COILED: Watchlist only,52,0.0,0.0,0.0,50.0,0,,Communication Services,2761036.0,24.0
HRZRF,HRZRF,0.621,5,10,6,13,3,4,4,45,4.0,50.0,Weak,Watchlist only,19,8.0,3.5,2.8,49.7,1,,nan,nan,9508.29
BACHF,Bank of China Ltd H,0.66,13,5,7,8,5,5,4,47,0.0,50.0,Weak,Watchlist only,46,1.5,2.5,-0.2,50.1,0,,Financial Services,212660191232.0,0.0
HSTC,HST Global Inc,0.7,8,6,11,12,4,1,5,47,0.0,50.0,Weak,Watchlist only,42,0.0,0.0,0.0,50.5,0,,Healthcare,99002424.0,169.04
BOPCF,BioPharma Credit PLC,0.969,16,11,9,4,8,8,4,60,-9.0,50.0,Weak,Watchlist only,58,1.2,1.2,1.1,66.2,0,,nan,1161350784.0,47958.61
HDRPF,Epsilon Healthcare Limited,0.01,17,5,5,10,6,2,5,50,-3.8,49.2,Weak,Watchlist only,60,0.0,0.0,26.9,50.0,0,,Healthcare,3891040.0,405.0
SDURF,Stroud Resources Ltd,0.091,18,5,5,9,6,3,5,51,-1.8,49.2,Weak,Watchlist only,51,21.1,21.1,24.4,57.1,2,,Energy,5776986.0,0.0
LVCLF,Living Cell Technologies Limited,0.01,13,8,4,7,6,2,4,44,0.0,49.0,Weak,🔥 COILED: Watchlist only,46,0.0,0.0,3.2,54.4,0,,Healthcare,19363302.0,15837.78
FUNN,Amfil Technologies,0.002,17,9,6,13,7,2,5,59,-8.0,49.0,Weak,Watchlist only,65,25.0,4.2,15.3,56.9,1,,Industrials,1977899.0,1628713.74
SNRY,Solar Energy Initiat,0.001,13,7,8,13,7,0,5,53,-5.0,49.0,Weak,Watchlist only,50,-7.7,-20.0,6.5,54.8,1,,Financial Services,1799996.0,1138357.13
CRVH,Chilco River Holdings Inc,0.014,10,7,9,10,5,3,5,49,-5.0,49.0,Weak,🔥 COILED: Watchlist only,34,0.0,-3.4,2.6,51.7,1,,Consumer Defensive,5182879.0,0.0
VINZF,VINZF,0.027,6,8,11,9,5,1,4,44,0.0,49.0,Weak,🔥 COILED: Watchlist only,31,0.0,0.0,2.6,54.7,0,,nan,8226427.0,10427.83
DOUUF,Douugh Limited,0.035,15,5,5,7,6,2,4,44,2.0,49.0,Weak,Watchlist only,50,0.0,0.0,5.7,56.8,0,,Technology,110317744.0,720.0
AEMLF,AEMLF,0.08,12,6,10,7,3,2,4,44,0.0,49.0,Weak,🔥 COILED: Watchlist only,52,0.0,0.0,0.1,50.0,0,,Energy,14325099.0,9309.47
DYFSF,dynaCERT Inc,0.09,12,6,10,11,1,3,4,47,-3.0,49.0,Weak,🔥 COILED: Watchlist only,31,12.5,0.0,1.3,50.9,1,,Industrials,40724384.0,18267.28
OGGIF,Orthogonal Global Group Inc,0.088,13,3,2,15,7,4,5,49,0.0,49.0,Weak,Watchlist only,42,-31.2,-31.2,-12.8,46.4,0,,Financial Services,nan,6823.34
QQFSF,Qinqin Foodstuffs Group (Cayman) Company Limited,0.142,9,6,11,9,3,2,4,44,0.0,49.0,Weak,🔥 COILED: Watchlist only,54,0.0,0.0,0.0,50.0,0,,Consumer Defensive,113500288.0,13.25
ICABY,I-Cable Communications Ltd ADR,0.14,9,6,6,11,6,6,5,49,-5.0,49.0,Weak,🔥 COILED: Watchlist only,37,0.0,0.0,1.3,53.8,1,,Communication Services,49942364.0,94.73
TMGEF,Thermal Energy International Inc,0.11,5,10,6,8,4,6,5,44,2.0,49.0,Weak,Watchlist only,47,1.0,-6.0,-0.7,48.1,0,,Industrials,18805930.0,30258.32
IZOZF,Izotropic Corporation,0.185,16,7,6,11,1,3,5,49,-5.0,49.0,Weak,🔥 COILED: Watchlist only,41,-1.3,2.6,1.4,51.1,1,,Healthcare,12762166.0,29227.78
VEFFF,VEF AB (Publ),0.21,9,7,11,8,3,2,4,44,0.0,49.0,Weak,🔥 COILED: Watchlist only,37,0.0,0.0,0.0,50.0,0,,Financial Services,244558912.0,133.56
ALFUW,Centurion Acquisition Corp. Warrant,0.244,13,14,3,8,9,3,2,52,-1.0,49.0,Weak,Watchlist only,52,26.8,26.8,12.1,56.7,2,,nan,nan,20927.08
PLPKF,PPK Group Limited,0.262,12,5,10,11,6,3,4,51,-7.0,49.0,Weak,🔥 COILED: Watchlist only,35,0.0,0.0,0.2,66.5,1,,Industrials,27373722.0,273.0
APXYY,Appen Limited,0.339,6,14,8,11,3,2,5,49,-3.0,49.0,Weak,Watchlist only,35,17.2,4.8,5.0,53.8,1,,Technology,166336224.0,2237.34
ACDXF,American Copper Development Corporation,0.321,11,5,9,11,4,4,5,49,-5.0,49.0,Weak,🔥 COILED: Watchlist only,57,0.0,1.8,1.7,57.5,1,,Basic Materials,8074325.0,846.74
VIBEF,Vibe Growth Corporation,0.39,13,5,8,8,6,7,2,49,-5.0,49.0,Weak,🔥 COILED: Watchlist only,56,0.0,0.0,0.7,55.0,1,,Healthcare,421082.0,142.0
ASXSF,Elysee Development Corp,0.45,16,4,7,10,4,2,5,48,1.0,49.0,Weak,Watchlist only,41,15.4,15.4,7.7,61.1,2,,Financial Services,11298744.0,0.0
JETMF,Global Crossing Airlines Inc,0.64,8,14,11,15,3,2,5,58,-9.0,49.0,Weak,Watchlist only,45,10.7,8.8,6.5,54.9,2,,Industrials,41428572.0,75283.14
MISVF,Minco Silver Corporation,0.61,15,2,4,15,7,2,5,50,1.0,49.0,Weak,Watchlist only,64,-1.5,0.0,17.7,66.1,0,,Basic Materials,31897144.0,9093.38
WORX,Scworx Corp,0.62,14,6,6,11,5,4,5,51,-3.0,49.0,Weak,Watchlist only,60,8.6,-12.3,9.3,57.3,2,,Healthcare,650926.0,599824.51
NETLF,NetLink NBN Trust,0.769,11,8,5,9,3,1,4,41,0.0,49.0,Weak,🔥 COILED: Watchlist only,45,0.0,0.0,0.0,49.3,0,,Communication Services,2996770560.0,157.35
TSE,Trinseo SA,0.82,17,7,9,7,5,2,5,52,-8.0,49.0,Weak,🔥 COILED: Watchlist only,42,0.0,1.2,2.1,54.1,1,,Basic Materials,8278525.0,9406255.13
VMSSF,Vortex Metals Inc,0.032,15,13,12,16,4,4,5,69,-25.8,48.2,Weak,Watchlist only,62,11.9,30.2,21.4,63.7,3,,Basic Materials,3064763.0,19214.44
EGRAF,Energy Resources of Australia Ltd,0.009,10,7,11,8,3,2,4,45,0.0,48.0,Weak,Watchlist only,52,0.0,0.0,0.0,59.3,0,,Energy,3810724352.0,29303.37
OPTI,Optec International Inc,0.002,16,9,7,16,7,6,5,66,-19,48,Weak,Watchlist only,64,81.8,66.7,80.2,72.5,2,9,Consumer Cyclical,7450771.0,1878978.2
SMEV,Simulated Environmen,0.009,10,3,7,15,7,2,4,48,0.0,48.0,Weak,Watchlist only,63,0.0,-2.2,0.1,55.3,1,,Financial Services,5426918.0,180545.82
EVFM,Evofem Biosciences Inc,0.008,7,12,4,7,9,2,5,46,-3.0,48.0,Weak,🔥 COILED: Watchlist only,44,3.8,3.8,1.5,51.8,1,,Healthcare,1099999.0,284924.0
ELIQQ,"Electriq Power Holdings, Inc.",0.01,10,7,11,9,3,4,4,48,-5.0,48.0,Weak,🔥 COILED: Watchlist only,46,0.0,0.0,0.0,54.8,1,,Industrials,417372.0,1493.55
CLRD,Clearday Inc,0.002,9,6,9,12,4,3,5,48,-5.0,48.0,Weak,🔥 COILED: Watchlist only,50,0.0,0.0,7.6,54.6,1,,Healthcare,65434.0,1111.27
ACAI,Safeplus International Holdings Ltd,0.001,15,5,7,10,6,2,5,50,-5.0,48.0,Weak,Watchlist only,59,0.0,0.0,5.3,50.0,1,,Financial Services,25384.0,105.04
GRRP,Granite Broadcasting Corporation,0.001,10,6,11,7,3,2,4,43,0.0,48.0,Weak,🔥 COILED: Watchlist only,54,0.0,0.0,0.0,50.0,0,,Communication Services,nan,0.0
NGMDF,NuGen Medical Devices Inc,0.016,9,8,9,7,4,4,4,45,-5.0,48.0,Weak,🔥 COILED: Watchlist only,28,0.0,0.0,0.3,53.1,1,,Healthcare,3553108.0,3997.4
SPFYF,Spacefy Inc,0.019,15,5,10,14,6,2,5,57,-12.0,48.0,Weak,Watchlist only,60,0.0,0.0,6.7,63.2,0,,Communication Services,1488204.0,2473.9
PRPI,Perpetual Industries Inc,0.012,10,6,8,7,6,2,4,43,-3.0,48.0,Weak,🔥 COILED: Watchlist only,37,0.0,0.0,1.4,53.3,1,,Industrials,1439120.0,2564.54
DAAT,DAC Technologies Group International Inc,0.02,7,6,11,10,3,2,4,43,0.0,48.0,Weak,🔥 COILED: Watchlist only,44,0.0,0.0,0.0,50.0,0,,Consumer Cyclical,115315.0,1054.98
SSOK,Sunstock Inc,0.019,12,7,10,13,6,4,4,56,-13.0,48.0,Weak,🔥 COILED: Watchlist only,51,0.0,0.0,0.3,89.1,0,,Consumer Cyclical,113587.0,139.96
ABLVW,Able View Global Inc. Warrant,0.019,9,13,4,7,4,2,4,43,2.0,48.0,Weak,Watchlist only,42,-4.5,16.7,5.7,52.9,2,,nan,nan,37019.42
DRJG,DRJ International Group Limited Inc.,0.036,17,6,4,9,3,3,5,47,1.0,48.0,Weak,Watchlist only,56,7.9,-0.8,4.8,65.7,0,,Financial Services,9180356.0,1191.79
AMTY,Amerityre Corp,0.04,15,4,6,10,4,7,5,51,-3.0,48.0,Weak,Watchlist only,45,0.0,0.0,8.3,79.9,0,,Consumer Cyclical,3272192.0,5790.83
CKALF,CKALF,0.06,15,6,11,10,6,4,4,56,-13.0,48.0,Weak,🔥 COILED: Watchlist only,59,0.0,0.0,0.9,100.0,0,,Basic Materials,64736940.0,1137.5
ATMH,All Things Mobile Analytic Inc,0.057,7,3,9,11,3,6,4,43,0.0,48.0,Weak,🔥 COILED: Watchlist only,38,0.0,0.2,-0.3,42.8,0,,Technology,2719777.0,6353.0
FUUN,FutureNet Inc,0.085,12,8,2,15,7,1,5,50,-2.0,48.0,Weak,Watchlist only,60,-5.6,14.1,10.8,66.6,2,,Consumer Cyclical,60367040.0,5087.54
FGCO,Pacific Oil Co,0.084,13,3,7,9,6,5,5,48,0.0,48.0,Weak,Watchlist only,53,0.0,0.0,0.7,52.6,0,,Financial Services,8484319.0,12474.03
KRMKF,Kromek Group plc,0.116,6,6,10,7,3,6,5,43,2.0,48.0,Weak,Watchlist only,25,1.8,1.8,0.9,50.4,0,,Technology,76276912.0,5868.16
MILFF,1CM Inc,0.102,10,5,3,8,4,6,5,41,2.0,48.0,Weak,🔥 COILED: Watchlist only,31,0.0,39.1,5.9,53.3,2,,Healthcare,14597126.0,1023.89
CGDNF,Conroy Gold and Natural Resources plc,0.14,10,6,11,7,3,2,4,43,0.0,48.0,Weak,🔥 COILED: Watchlist only,54,0.0,0.0,0.0,50.0,0,,Basic Materials,10772921.0,3750.0
VBIZF,Viva Biotech Holdings,0.162,9,6,6,9,3,5,5,43,0.0,48.0,Weak,🔥 COILED: Watchlist only,24,0.0,0.0,0.8,48.6,0,,Healthcare,333296896.0,458.79
GRNWF,Greenlane Renewables Inc,0.165,12,14,4,8,4,4,5,51,-3.0,48.0,Weak,Watchlist only,57,-3.5,-2.4,6.3,55.9,1,,Industrials,26337724.0,5435.0
BXNS,BXNS,0.18,11,5,10,13,3,1,4,47,-2.0,48.0,Weak,Watchlist only,52,0.0,0.0,1.8,64.7,0,,Consumer Defensive,nan,256.46
FMANF,Freeman Gold Corp,0.243,16,8,6,9,5,3,5,52,-5.0,48.0,Weak,Watchlist only,59,4.1,2.4,2.2,53.9,1,,Basic Materials,74753240.0,88518.41
CYPMF,Cyprium Metals Limited,0.295,19,11,7,10,4,4,5,60,-8.0,48.0,Weak,Watchlist only,65,5.4,5.4,5.9,77.9,2,,Basic Materials,170533520.0,1459.31
VPIM,Vitality Prime Inc.,0.289,9,12,8,10,6,4,5,54,-2.0,48.0,Weak,Watchlist only,40,7.0,7.0,5.8,63.2,0,,Industrials,6468063.0,81.5
HWAUF,Headwater Gold Inc,0.34,15,6,9,13,3,4,5,55,-7.0,48.0,Weak,Watchlist only,44,2.8,9.0,4.7,56.9,2,,Basic Materials,30002070.0,84134.73
GWSO,Global Warming Solut,0.3,16,4,7,18,7,8,5,65,-20,48,Weak,Watchlist only,55,289.6,417.2,184.6,81.6,3,10,Technology,5703748.0,5653.43
LONKF,Lonking Holdings Limited,0.36,8,7,11,7,0,6,4,43,0.0,48.0,Weak,🔥 COILED: Watchlist only,46,0.0,0.0,0.0,40.4,0,,Industrials,1425273344.0,0.0
CSTPF,Arrow Exploration Corp,0.35,9,5,6,12,6,2,5,45,0.0,48.0,Weak,Watchlist only,45,-7.5,-2.8,-1.2,49.1,0,,Energy,100052520.0,54409.59
SMXT,Solarmax Technology Inc. Common Stock,0.36,6,14,9,7,3,2,5,46,-3.0,48.0,Weak,Watchlist only,22,3.4,2.9,1.6,48.8,1,,Technology,20486366.0,709265.64
SPRMF,SPRMF,0.407,9,14,9,11,4,7,5,59,-11.0,48.0,Weak,Watchlist only,29,8.3,5.7,2.4,51.4,1,,Basic Materials,21287242.0,0.0
FCCI,Fast Casual Concepts Inc,0.41,9,7,11,7,3,2,4,43,0.0,48.0,Weak,🔥 COILED: Watchlist only,32,0.0,0.0,0.0,48.3,0,,Communication Services,10698087.0,20.88
ZDPY,Zoned Properties Inc,0.469,11,5,10,10,1,6,5,48,-5.0,48.0,Weak,🔥 COILED: Watchlist only,56,0.0,0.4,0.2,50.9,1,,Real Estate,6181809.0,8672.63
SIELF,Shanghai Electric Group Company Limited,0.57,10,8,5,7,6,1,4,41,2.0,48.0,Weak,🔥 COILED: Watchlist only,33,0.0,0.0,0.3,51.2,0,,Industrials,19182405632.0,192.46
AWLRF,AWLRF,0.595,12,11,7,15,5,1,5,56,-8.0,48.0,Weak,Watchlist only,42,-2.9,-2.5,3.2,54.7,1,,Basic Materials,70803176.0,80373.88
FCUL,Food Culture Inc.,0.55,15,6,5,11,6,0,5,48,0.0,48.0,Weak,Watchlist only,38,0.0,38.9,11.2,73.7,2,,Consumer Cyclical,24799298.0,5674.45
ACGBF,Agricultural Bank Of China,0.77,20,4,7,9,4,2,5,51,-3.0,48.0,Weak,Watchlist only,44,14.9,14.9,10.1,75.9,2,,Financial Services,269486931968.0,0.0
IGPYF,Argosy Property Limited,0.75,9,6,11,8,3,2,4,43,0.0,48.0,Weak,🔥 COILED: Watchlist only,49,0.0,0.0,0.0,50.0,0,,Real Estate,655477760.0,51.25
DCOHF,Dickson Concepts (International) Limited,0.81,15,5,4,12,6,4,5,51,-3.0,48.0,Weak,Watchlist only,55,0.0,0.0,1.0,74.0,0,,Consumer Cyclical,312708032.0,0.0
AVHHL,AVITA Medical Inc,0.88,13,8,11,10,4,1,5,52,-7.0,48.0,Weak,Watchlist only,44,0.0,0.0,2.3,66.0,1,,Healthcare,135417424.0,92.75
CLCS,Cell Source Inc,0.85,12,13,2,7,5,4,5,48,-1.0,48.0,Weak,Watchlist only,52,6.2,6.6,6.3,52.6,1,,Healthcare,55939824.0,3966.32
BONL,Bonal International Inc,1.0,13,4,5,14,4,0,5,45,0.0,48.0,Weak,Watchlist only,38,0.0,2.0,0.5,53.6,0,,Industrials,1747922.0,175.14
IDSXX,Columbia Funds Series Trust II  - Columbia Government Money Market Fund,1.0,12,9,11,6,4,2,4,48,-8.0,48.0,Weak,🔥 COILED: Watchlist only,48,0.0,0.0,0.0,50.8,0,,nan,nan,0.0
PTRVF,Petro Viking Energy Inc,0.07,13,5,9,9,6,8,5,55,-10.8,47.2,Weak,Watchlist only,58,0.0,0.0,22.1,64.7,1,,Energy,8040187.0,2971.91
BJGBF,Beijing Gas Blue Sky Holdings Limited,0.01,15,5,5,7,6,4,4,46,-2.0,47.0,Weak,Watchlist only,43,0.0,0.0,7.2,64.2,0,,Utilities,227361152.0,1287.55
MRES,Institute of Biomedical Research Corp,0.001,7,6,8,14,3,7,5,50,-3.0,47.0,Weak,Watchlist only,39,0.0,-7.7,-0.4,48.4,2,,Healthcare,3460845.0,996002.15
CCWF,Church & Crawford Inc,0.002,15,7,8,11,4,1,5,51,-7.0,47.0,Weak,Watchlist only,47,0.0,0.0,6.3,66.5,1,,Energy,2716299.0,45190.75
AURWF,Aurwest Resources Corporation,0.003,7,9,11,7,3,2,4,43,1.0,47.0,Weak,Watchlist only,30,0.0,0.0,0.0,60.4,0,,Basic Materials,325513.0,600.5
CMHZ,Banny Cosmic International Holdings Inc,0.002,9,5,9,11,4,2,4,44,0.0,47.0,Weak,Watchlist only,41,0.0,0.0,-0.0,51.4,0,,Consumer Cyclical,225819.0,205.35
WTRV,White River Energy Corp.,0.001,8,7,10,12,4,2,4,47,-5.0,47.0,Weak,🔥 COILED: Watchlist only,39,0.0,0.0,0.0,50.0,1,,Energy,61976.0,1016.41
IMVIF,IMVIF,0.002,12,6,11,9,3,2,4,47,-5.0,47.0,Weak,🔥 COILED: Watchlist only,41,0.0,0.0,0.1,50.0,1,,Healthcare,23423.0,48.08
SGRB,SigmaBroadband Co,0.012,12,6,11,9,3,2,4,47,-5.0,47.0,Weak,🔥 COILED: Watchlist only,50,0.0,0.0,0.1,50.0,1,,Communication Services,8096687.0,35.74
AABVF,Aberdeen International Inc,0.02,11,7,10,6,4,7,4,49,-10.0,47.0,Weak,🔥 COILED: Watchlist only,28,0.0,0.0,0.5,50.7,0,,Financial Services,2892533.0,7304.72
FUNI,"Hypha Labs, Inc.",0.019,12,4,8,12,4,7,5,52,-3.0,47.0,Weak,Watchlist only,33,12.7,0.5,9.2,59.1,1,,Healthcare,3064855.0,127186.23
GJST,GEO JS Tech Group Corp,0.012,7,7,10,8,1,5,4,42,0.0,47.0,Weak,🔥 COILED: Watchlist only,21,0.0,0.0,-0.5,48.1,0,,Basic Materials,2490360.0,35525.59
MEOAF,Melbana Energy Limited,0.024,10,6,10,9,3,2,4,44,0.0,47.0,Weak,Watchlist only,29,0.0,0.0,-0.0,18.1,0,,Energy,91712752.0,2282.0
CPIVF,Captiva Verde Land Corp,0.03,11,9,8,14,6,2,5,55,-6.0,47.0,Weak,Watchlist only,57,13.5,9.3,16.0,56.3,2,,Healthcare,4576966.0,26396.62
SLZNF,Slave Lake Zinc Corp,0.027,11,5,6,10,3,4,5,44,0.0,47.0,Weak,Watchlist only,42,1.5,1.5,0.6,50.4,0,,Basic Materials,1578614.0,5508.18
GWTR,Global Water Technologies Inc,0.025,13,6,8,11,1,2,5,46,1.0,47.0,Weak,Watchlist only,33,1.6,22.0,7.9,66.6,2,,Industrials,600170.0,8880.14
NMGX,Nano Magic Inc,0.029,8,8,11,10,3,3,4,47,-5.0,47.0,Weak,🔥 COILED: Watchlist only,19,0.0,0.0,0.7,53.3,1,,Basic Materials,427679.0,1578.93
RGSG,China Ivy School Inc,0.035,11,6,6,9,4,7,4,47,-5.0,47.0,Weak,🔥 COILED: Watchlist only,32,0.0,0.0,0.3,51.1,1,,Real Estate,2814097.0,758.09
BCBC,Bitcoin Bancorp,0.049,13,14,5,9,4,7,2,54,-13.0,47.0,Weak,🔥 COILED: Watchlist only,36,5.2,21.3,5.6,52.2,3,,Technology,20207774.0,41685.48
GULTU,Gulf Coast,0.045,13,5,5,14,3,2,5,47,0.0,47.0,Weak,Watchlist only,36,-13.5,0.0,0.4,51.2,0,,Energy,10357772.0,445507.78
WSRRF,Harrys Manufacturing Inc,0.055,6,5,6,10,6,5,4,42,0.0,47.0,Weak,🔥 COILED: Watchlist only,45,0.0,0.0,-0.3,49.8,0,,Consumer Defensive,6537166.0,1071.49
ACWRF,Acceleware Ltd,0.08,14,7,6,9,6,2,4,48,-4.0,47.0,Weak,Watchlist only,43,0.0,0.0,2.6,60.6,1,,Technology,11450308.0,1065.09
PXMFF,Philex Mining Corporation,0.115,13,8,8,9,3,1,5,47,0.0,47.0,Weak,Watchlist only,31,15.0,2.2,4.5,55.9,0,,Basic Materials,735694784.0,0.0
FGHQF,Frontage Holdings Corporation,0.135,12,7,9,7,4,1,4,44,-2.0,47.0,Weak,🔥 COILED: Watchlist only,32,0.0,0.0,0.7,60.2,0,,Healthcare,273743360.0,5090.0
NEWDF,Newfoundland Discovery Corp,0.136,12,6,7,11,4,6,5,51,-4.0,47.0,Weak,Watchlist only,44,14.3,6.2,12.1,68.2,2,,Basic Materials,1893480.0,25644.7
TRRCF,Tribeca Resources Corporation,0.186,7,7,8,9,6,7,3,47,-5.0,47.0,Weak,🔥 COILED: Watchlist only,42,0.0,3.6,-0.4,45.0,1,,Basic Materials,18146430.0,10215.12
ZDGGF,ZOO Digital Group plc,0.171,15,3,5,9,6,7,4,49,-5.0,47.0,Weak,Watchlist only,46,0.0,0.0,1.0,57.0,1,,Technology,16812416.0,1938.56
VOLMF,VOLMF,0.16,9,6,9,12,1,4,3,44,0.0,47.0,Weak,Watchlist only,0,-3.0,8.4,0.8,52.8,1,,nan,nan,0.0
RSAU,Rooshine Inc,0.229,11,6,5,7,4,2,4,39,0.0,47.0,Weak,🔥 COILED: Watchlist only,34,0.0,0.0,0.6,51.9,0,,Consumer Defensive,5129669.0,90.99
SHHGF,SHHGF,0.26,10,6,10,9,3,2,4,44,0.0,47.0,Weak,Watchlist only,42,0.0,0.0,-0.0,30.3,0,,Financial Services,6510385152.0,25.0
CNRFF,Consorcio ARA S. A. B. de C. V.,0.25,10,7,11,7,6,2,4,47,-3.0,47.0,Weak,Watchlist only,0,0.0,0.0,0.1,71.1,0,,Consumer Cyclical,303795712.0,0.0
GLMFF,Glacier Media Inc,0.26,15,6,11,11,6,2,4,55,-13.0,47.0,Weak,🔥 COILED: Watchlist only,57,0.0,0.0,0.1,100.0,0,,Communication Services,34094216.0,713.55
CWVWF,Lithoquest Resources Inc,0.3,12,4,9,8,6,0,5,44,-5.0,47.0,Weak,🔥 COILED: Watchlist only,51,0.0,-3.2,0.1,53.3,1,,Basic Materials,6199875.0,8749.32
BOCOF,Bougainville Copper Limited,0.35,11,3,11,9,6,3,4,47,-5.0,47.0,Weak,🔥 COILED: Watchlist only,37,0.0,0.0,1.0,73.5,1,,Basic Materials,140371872.0,135.0
VIPZ,"VIP Play, Inc.",0.35,10,4,11,10,4,3,5,47,-5.0,47.0,Weak,🔥 COILED: Watchlist only,40,0.0,0.0,1.7,54.0,1,,Consumer Cyclical,25710250.0,13354.33
AHOTF,American Hotel Income Properties REIT LP,0.437,15,6,12,14,6,6,5,64,-17.0,47.0,Weak,Watchlist only,68,0.0,0.0,3.1,68.9,1,,Real Estate,31353660.0,0.0
TCLIF,Theraclion SA,0.532,12,6,11,9,3,2,4,47,-5.0,47.0,Weak,🔥 COILED: Watchlist only,54,0.0,0.0,0.0,50.0,1,,Healthcare,38887412.0,6.5
WARAF,Waraba Gold Limited,0.5,12,8,11,9,3,4,4,51,-7.0,47.0,Weak,Watchlist only,54,0.0,0.0,0.0,66.7,1,,Basic Materials,27892156.0,97.21
VARXF,BOE Varitronix Limited,0.634,10,6,4,7,6,2,4,39,0.0,47.0,Weak,🔥 COILED: Watchlist only,28,0.0,0.0,0.5,53.4,0,,Technology,488867200.0,183.48
CREAF,Creative Technology Ltd,0.69,11,7,9,7,4,5,4,47,-5.0,47.0,Weak,🔥 COILED: Watchlist only,43,0.0,0.0,-0.1,48.5,1,,Technology,49411016.0,275.62
SRGGF,SRG Global Limited,0.818,7,6,10,10,3,2,4,42,0.0,47.0,Weak,🔥 COILED: Watchlist only,47,0.0,0.0,0.0,50.0,0,,Industrials,512301792.0,12.5
DGIX,Dyna Group International Inc,0.84,16,6,11,8,6,4,4,55,-13.0,47.0,Weak,🔥 COILED: Watchlist only,58,0.0,0.0,0.5,100.0,0,,Consumer Cyclical,12207975.0,476.0
GMHS,Gamehaus Holdings Inc. Class A Ordinary Shares,0.868,4,13,4,9,4,4,2,40,4.0,47.0,Weak,Watchlist only,14,0.0,-3.5,-2.4,44.8,1,,Communication Services,49758808.0,346472.16
CGHOF,China Gas Holdings Limited,0.95,5,4,10,8,6,3,4,40,2.0,47.0,Weak,🔥 COILED: Watchlist only,42,0.0,0.0,-0.0,47.0,0,,Utilities,6319856640.0,0.0
EDTXF,Spectral Med Inc,0.983,10,12,6,10,5,3,5,51,-3.0,47.0,Weak,Watchlist only,55,1.5,3.5,0.9,53.2,1,,Healthcare,289897952.0,8127.46
GNVR,GNVR,0.55,11,11,6,13,4,0,5,50,-3.8,46.2,Weak,Watchlist only,39,20.3,20.3,20.5,55.8,2,,Basic Materials,10792945.0,1276.49
MVNT,Visual Healthcare Corp,0.011,9,9,10,12,2,5,5,52,-6.0,46.0,Weak,Watchlist only,26,9.2,12.6,5.6,50.8,2,,Financial Services,3637142.0,145725.7
EATR,Eastern Asteria Inc,0.001,14,13,11,15,4,4,5,66,-21.0,46.0,Weak,Watchlist only,57,10.0,10.0,9.6,55.2,3,,Financial Services,3061576.0,2665759.05
WPUR,WaterPure International Inc,0.004,19,13,5,15,5,6,5,68,-22.0,46.0,Weak,Watchlist only,56,24.1,33.3,15.0,60.3,3,,Industrials,1221127.0,179185.46
LDSN,Luduson G Inc,0.002,15,4,10,13,6,6,5,59,-13.0,46.0,Weak,Watchlist only,47,0.0,0.0,10.4,87.6,0,,Communication Services,957899.0,2372.09
NSTM,Hollywood Media Co,0.01,7,4,9,9,3,3,4,39,2.0,46.0,Weak,🔥 COILED: Watchlist only,25,0.0,0.0,-0.8,47.2,0,,Healthcare,493324.0,13076.53
PNXP,Pineapple Express Cannabis Company,0.001,7,15,7,12,3,2,5,51,-3.0,46.0,Weak,Watchlist only,26,10.0,-31.2,1.5,49.5,1,,Healthcare,42597.0,1772137.65
CAGU,The Castle Group Inc,0.001,9,6,10,7,3,2,4,41,0.0,46.0,Weak,🔥 COILED: Watchlist only,54,0.0,0.0,0.0,50.0,0,,Consumer Cyclical,10056.0,1010.0
LHHMQ,Lehman Brothers Holdings Capital Trust V,0.001,9,5,4,9,8,0,4,39,2.0,46.0,Weak,🔥 COILED: Watchlist only,46,0.0,0.0,1.2,51.7,0,,Other,nan,665.1
MRGE,Mirage Energy Corp,0.014,13,4,4,10,4,9,4,48,-5.0,46.0,Weak,Watchlist only,52,0.0,0.0,4.0,57.2,1,,Energy,4061714.0,33734.0
UTRX,Unitronix Corporation,0.013,13,4,3,10,1,5,5,41,0.0,46.0,Weak,🔥 COILED: Watchlist only,33,-13.3,18.2,0.5,50.4,2,,Technology,699222.0,81174.17
TKMO,Tekumo Inc,0.021,11,7,3,15,0,4,5,45,0.0,46.0,Weak,Watchlist only,39,-6.3,4.0,-2.8,49.8,0,,Technology,119319.0,17912.77
PBLA,Panbela Therapeutics Inc,0.011,11,6,11,9,4,1,5,47,-4.0,46.0,Weak,Watchlist only,38,0.0,0.0,7.6,62.3,1,,Healthcare,53888.0,2101.72
ADRLF,Adavale Resources Limited,0.026,13,6,5,7,4,4,4,43,-5.0,46.0,Weak,🔥 COILED: Watchlist only,23,0.0,0.0,1.3,51.2,1,,Energy,9631452.0,25.95
RGTLF,Argent BioPharma Limited,0.025,10,7,11,9,1,1,4,43,-5.0,46.0,Weak,🔥 COILED: Watchlist only,30,0.0,0.0,0.3,53.7,1,,Healthcare,2915239.0,1450.31
DTWOF,D2 Lithium Corp.,0.03,11,1,10,9,4,2,4,41,0.0,46.0,Weak,🔥 COILED: Watchlist only,26,0.0,0.0,-0.0,44.6,0,,Basic Materials,1086954.0,7068.2
HNTRF,Gold Hunter Resources Inc.,0.036,14,4,7,14,4,3,5,51,-5.0,46.0,Weak,Watchlist only,37,27.5,27.5,15.8,70.5,2,,Basic Materials,10338930.0,43128.98
CNGFF,Change Financial Limited,0.047,8,7,9,8,3,2,4,41,0.0,46.0,Weak,🔥 COILED: Watchlist only,34,0.0,0.0,-0.0,41.5,0,,Technology,32347722.0,7.5
TASEF,Tasman Resources Ltd,0.047,9,3,10,8,3,6,4,43,0.0,46.0,Weak,Watchlist only,41,0.0,0.0,-0.0,20.6,0,,Basic Materials,25842902.0,1009.5
CCFLU,Community Choice Financial Holdings LLC,0.045,18,4,8,9,3,4,5,51,-5.0,46.0,Weak,Watchlist only,65,7.1,12.5,10.7,76.4,2,,Financial Services,nan,44893.32
GPKUF,Grand Peak Capital Corp,0.059,7,7,10,8,3,2,4,41,0.0,46.0,Weak,🔥 COILED: Watchlist only,45,0.0,0.0,0.0,51.9,0,,Financial Services,9354918.0,0.3
JLRRF,South Atlantic Gold Inc,0.07,6,7,6,10,3,7,4,43,0.0,46.0,Weak,Watchlist only,47,0.0,0.0,-2.0,32.8,0,,Basic Materials,14635122.0,9941.9
EMCMF,Emerge Commerce Ltd,0.065,7,7,11,7,3,2,4,41,0.0,46.0,Weak,🔥 COILED: Watchlist only,30,0.0,0.0,0.0,52.2,0,,Consumer Cyclical,11470847.0,11690.39
NMLSF,Nova Mentis Life Science Corp,0.063,8,13,5,15,8,7,5,61,-18.0,46.0,Weak,Watchlist only,41,14.0,52.8,15.5,54.2,3,,Healthcare,3409800.0,2041.51
SUME,Summer Energy Holdings Inc,0.061,10,7,6,10,3,5,5,46,-3.0,46.0,Weak,Watchlist only,20,0.0,8.0,4.1,57.7,1,,Utilities,2276504.0,1587.5
BUBSF,Bubs Australia Limited,0.077,13,5,6,7,6,2,4,43,0.0,46.0,Weak,Watchlist only,43,0.0,0.0,1.0,59.5,0,,Consumer Defensive,69205664.0,662.85
PHRZF,Pharol SGPS S.A,0.08,14,6,4,9,6,1,5,45,1.0,46.0,Weak,Watchlist only,45,0.0,0.0,6.2,62.1,0,,Financial Services,65745836.0,16637.33
HAWWF,HAWWF,0.076,9,4,10,9,3,2,4,41,0.0,46.0,Weak,🔥 COILED: Watchlist only,54,0.0,0.0,-0.0,52.2,0,,Basic Materials,25461186.0,314.97
BTCWF,Bluesky Digital Assets Corp,0.08,12,6,11,9,3,6,4,51,-8.0,46.0,Weak,Watchlist only,50,0.0,0.0,0.0,75.0,1,,Financial Services,5707521.0,47450.0
NBVAF,Nubeva Technologies Ltd,0.099,12,7,11,12,1,1,2,46,-5.0,46.0,Weak,🔥 COILED: Watchlist only,31,0.0,4.2,2.0,58.2,1,,Technology,7719116.0,5096.73
JGRRF,Jinchuan Group International Resources Co. Ltd,0.102,7,7,10,8,3,2,4,41,0.0,46.0,Weak,🔥 COILED: Watchlist only,48,0.0,0.0,0.0,51.9,0,,Basic Materials,1334219520.0,0.28
MACIW,Melar Acquisition Corp. I Warrant,0.133,11,10,3,11,7,0,5,47,-1.0,46.0,Weak,Watchlist only,49,-4.9,11.0,3.7,53.1,2,,nan,2070000.0,0.0
CLDVF,CLDVF,0.101,14,8,3,14,6,4,5,54,-8.0,46.0,Weak,Watchlist only,46,-20.8,-20.8,0.5,52.4,2,,Financial Services,1188195.0,7148.64
GNGYF,Guangshen Railway Company Limited,0.245,4,5,10,10,3,5,4,41,0.0,46.0,Weak,🔥 COILED: Watchlist only,0,0.0,0.0,-0.3,54.3,0,,Industrials,1735466624.0,0.0
RGRLF,Star Phoenix Group Ltd,0.22,16,8,7,14,7,3,5,60,-14.0,46.0,Weak,Watchlist only,48,10.0,6.5,16.0,66.9,1,,nan,14534179.0,32775.27
WNFTD,Worldwide NFT Inc,0.2,12,6,3,15,7,2,5,50,-5.0,46.0,Weak,Watchlist only,53,0.0,-4.8,0.2,52.1,1,,Financial Services,nan,43237.97
JXFGF,Jinxin Fertility Group Limited,0.29,9,6,10,7,3,2,4,41,0.0,46.0,Weak,🔥 COILED: Watchlist only,55,0.0,0.0,0.0,50.0,1,,Healthcare,740337280.0,21.62
TGMGF,Theta Gold Mines Limited,0.25,15,5,7,12,6,6,5,56,-13.0,46.0,Weak,Watchlist only,60,0.0,0.0,9.3,95.7,0,,Basic Materials,326084096.0,119.0
EXDW,Exceed World Inc,0.292,12,6,11,10,3,2,4,48,-5.0,46.0,Weak,Watchlist only,44,0.0,0.0,0.1,76.7,1,,Consumer Defensive,9564750.0,246.33
PTALF,PetroTal Corp,0.34,7,14,6,11,4,2,5,49,-3.0,46.0,Weak,Watchlist only,23,-2.9,0.0,-1.2,46.6,0,,Energy,312911616.0,379936.5
ENDGF,Endurance Gold Corporation,0.349,13,4,4,10,5,5,5,46,0.0,46.0,Weak,Watchlist only,53,2.7,-3.0,0.9,52.4,0,,Basic Materials,70788720.0,32321.89
FRTU,"Fortun Holdings, Corp.",0.321,8,10,5,11,6,0,2,42,-1.0,46.0,Weak,🔥 COILED: Watchlist only,40,-21.9,-2.7,-6.6,47.5,2,,Consumer Defensive,16721995.0,36135.11
AUDYF,Ausnutria Dairy Corporation Ltd,0.36,12,6,10,7,0,2,4,41,0.0,46.0,Weak,🔥 COILED: Watchlist only,50,0.0,0.0,0.0,50.0,0,,Consumer Defensive,639220288.0,3.43
CNGA,Conair Corporation,0.35,16,4,6,13,6,6,5,56,-13.0,46.0,Weak,Watchlist only,44,0.0,2.9,1.2,95.0,0,,Industrials,2188792.0,513.64
ZTMUF,Zimtu Capital Corp,0.497,8,7,11,7,0,6,4,43,0.0,46.0,Weak,Watchlist only,53,0.0,0.0,0.0,56.2,0,,Financial Services,6847949.0,53.0
TVACW,Thayer Ventures Acquisition Corporation,0.592,6,10,2,11,9,0,5,43,2.0,46.0,Weak,Watchlist only,36,-2.3,-19.6,-5.0,47.5,0,,nan,215625000.0,79786.84
RYDE,Ryde Group Ltd.,0.63,7,11,8,11,4,4,4,49,-3.0,46.0,Weak,Watchlist only,37,-7.2,3.3,-4.2,44.0,2,,Technology,113542568.0,1089033.43
ISRMF,iShares MSCI,0.66,7,7,10,8,3,2,4,41,0.0,46.0,Weak,🔥 COILED: Watchlist only,48,0.0,0.0,0.0,50.0,0,,Energy,1718087552.0,175.0
VTSYF,Vitasoy International Holdings Limited,0.82,8,7,10,7,3,2,4,41,0.0,46.0,Weak,🔥 COILED: Watchlist only,40,0.0,0.0,-0.0,45.1,0,,Consumer Defensive,834549312.0,0.0
FMTYF,FMTYF,0.85,13,3,4,13,6,1,5,45,-2.0,46.0,Weak,Watchlist only,46,-0.4,-0.4,0.5,64.8,0,,nan,nan,5972.43
OLGPF,Olam Group Limited,0.929,9,4,6,11,6,1,4,41,0.0,46.0,Weak,🔥 COILED: Watchlist only,55,0.0,-0.5,-0.6,48.7,0,,Consumer Defensive,3571176960.0,813.75
CDTI,CDTi Advanced Materials Inc,0.9,19,13,7,18,4,7,5,73,-28.0,46.0,Weak,Watchlist only,54,26.8,20.0,16.6,67.2,3,,Consumer Cyclical,4051170.0,4308.6
NWSZF,NWS Holdings Limited,1.0,9,4,10,9,3,2,4,41,0.0,46.0,Weak,🔥 COILED: Watchlist only,40,0.0,0.0,-0.0,48.1,0,,Industrials,4565157376.0,6.32
PRSXX,Money Market Obligations Trust - Federated Institutional Prime Obligations Fund,1.0,10,9,5,8,3,2,4,41,2.0,46.0,Weak,Watchlist only,35,0.0,0.0,0.0,53.6,0,,nan,nan,0.0
TVCCF,Three Valley Copper Corp,0.02,18,9,7,13,6,2,5,60,-10.2,45.8,Weak,Watchlist only,59,0.0,180.3,68.9,60.4,2,,Basic Materials,281159.0,7955.15
MGTI,MGT Capital Investments Inc,0.003,16,8,3,16,7,2,5,57,-11.5,45.5,Weak,Watchlist only,69,42.9,57.9,38.8,63.7,2,,Financial Services,18197406.0,954222.25
PLLWF,Polarean Imaging plc,0.007,9,8,11,7,3,2,4,44,-2.0,45.0,Weak,Watchlist only,49,0.0,0.0,0.0,69.6,0,,Healthcare,7966416.0,78175.47
EKGGF,CardioComm Solutions Inc,0.011,15,5,7,13,6,4,5,55,-13.0,45.0,Weak,Watchlist only,68,0.0,0.0,10.6,88.5,0,,Healthcare,2153645.0,395.23
DRKOF,Martello Technologies Group Inc,0.002,10,8,9,10,3,2,4,46,-4.0,45.0,Weak,Watchlist only,33,0.0,0.0,0.1,69.6,1,,Technology,1167415.0,0.0
POTRF,SOPerior Fertilizer Corp,0.001,7,6,11,7,3,2,4,40,0.0,45.0,Weak,🔥 COILED: Watchlist only,38,0.0,0.0,0.0,50.0,0,,Basic Materials,948950.0,1400.0
CDSG,China Dongsheng International Inc,0.002,3,10,8,11,4,4,5,45,0.0,45.0,Weak,Watchlist only,28,0.0,5.6,0.9,49.3,0,,Financial Services,406959.0,843042.77
CAMG,CAM Group Inc,0.001,8,6,10,9,3,2,4,42,0.0,45.0,Weak,Watchlist only,35,0.0,0.0,-0.0,3.1,0,,Industrials,25295.0,224.79
HYPPF,Hypebeast Limited,0.019,15,5,5,7,6,2,4,44,-2.0,45.0,Weak,Watchlist only,45,0.0,0.0,7.9,62.6,0,,Communication Services,38051944.0,172.0
AISXF,Aisix Solutions Inc.,0.012,10,7,11,7,6,4,4,49,-7.0,45.0,Weak,Watchlist only,37,0.0,0.0,0.0,60.4,1,,Technology,2154710.0,41129.19
GYSLF,Eco Oro Minerals Corp,0.024,9,4,5,9,4,4,5,40,0.0,45.0,Weak,🔥 COILED: Watchlist only,40,0.0,-11.2,-3.7,46.5,0,,Basic Materials,2545946.0,4965.55
HENI,Hinto Energy Inc,0.028,13,8,6,18,4,3,5,57,-17.0,45.0,Weak,Watchlist only,36,17.6,17.6,16.3,69.1,3,,Financial Services,1205176.0,6269.85
GWTI,Greenway Technologies Inc,0.031,7,9,2,17,4,2,5,46,-1.0,45.0,Weak,Watchlist only,53,6.1,1.6,14.0,55.5,0,,Energy,10459378.0,73855.41
JFIL,Jubilant Flame International Ltd,0.036,17,5,7,13,6,4,5,57,-12.0,45.0,Weak,Watchlist only,48,9.2,1.4,11.7,62.6,0,,Industrials,708693.0,11440.69
RSSFF,Affinor Growers Inc,0.056,15,9,6,18,6,7,5,66,-24,45,Weak,Watchlist only,67,133.3,143.5,103.8,92.6,3,6,Consumer Defensive,2649385.0,1904.5
ROYIF,ROYIF,0.071,7,6,8,11,6,3,5,46,0.0,45.0,Weak,Watchlist only,44,0.0,0.3,-1.4,44.0,0,,Basic Materials,20478100.0,33197.5
NKWFF,Oceanic Wind Energy Inc,0.075,12,4,4,12,6,1,5,44,-2.0,45.0,Weak,Watchlist only,56,0.0,0.0,6.1,65.4,0,,Utilities,8546356.0,575.09
NDATF,nDatalyze Corp,0.08,12,6,5,9,4,2,4,42,-5.0,45.0,Weak,🔥 COILED: Watchlist only,51,0.0,0.0,0.7,52.6,1,,Healthcare,6083376.0,2067.5
UNHLF,Union Medical Healthcare Limited,0.086,10,7,11,9,0,2,4,43,-3.0,45.0,Weak,🔥 COILED: Watchlist only,37,0.0,0.0,0.0,53.3,1,,Healthcare,101071224.0,250.0
NIROF,SportsHero Limited,0.088,13,3,5,9,6,2,4,42,0.0,45.0,Weak,Watchlist only,44,0.0,0.0,2.4,55.6,0,,Communication Services,79381984.0,1788.3
HHDS,Highlands REIT Inc,0.089,14,7,7,13,4,5,5,55,-8.0,45.0,Weak,Watchlist only,53,-12.6,-25.7,13.3,52.0,1,,nan,43191768.0,16547.75
DTXMF,Deltex Medical Group plc,0.095,7,7,10,7,3,2,4,40,0.0,45.0,Weak,🔥 COILED: Watchlist only,48,0.0,0.0,0.0,51.9,0,,Healthcare,180577488.0,1925.0
POLBF,Poolbeg Pharma PLC,0.095,9,4,8,9,3,5,4,42,-5.0,45.0,Weak,🔥 COILED: Watchlist only,47,0.0,0.0,0.2,54.4,1,,Healthcare,72526528.0,578.05
QGLHF,Qingling Motors Co. Ltd,0.11,7,7,10,7,3,2,4,40,0.0,45.0,Weak,🔥 COILED: Watchlist only,55,0.0,0.0,0.0,50.0,0,,Consumer Cyclical,273049504.0,70.0
VAUCF,Viva Gold Corp,0.108,8,11,6,17,6,0,5,53,-8.0,45.0,Weak,Watchlist only,49,-0.2,-1.1,3.2,56.5,1,,Basic Materials,17950770.0,139183.65
AIMDW,Ainos Inc.,0.116,4,10,3,13,8,0,5,43,2.0,45.0,Weak,Watchlist only,58,14.8,14.8,8.2,51.9,2,,nan,nan,4531.84
VEXTF,Vext Science Inc,0.18,7,13,8,10,3,4,5,50,-6.0,45.0,Weak,Watchlist only,34,4.8,2.0,2.8,52.3,1,,Healthcare,40521080.0,40478.16
DMAAR,Drugs Made In America Acquisition Corp. Rights,0.16,16,16,5,9,7,0,5,58,-13.0,45.0,Weak,Watchlist only,56,-1.4,60.6,17.5,64.6,2,,nan,1833960.0,81643.94
SRKE,Strake Inc.,0.175,8,8,9,9,4,3,4,45,-3.0,45.0,Weak,Watchlist only,44,0.0,0.0,1.1,58.8,1,,Consumer Defensive,673539.0,2256.47
TXWHF,Texwinca Holdings Limited,0.208,10,6,11,7,0,2,4,40,0.0,45.0,Weak,🔥 COILED: Watchlist only,0,0.0,0.0,0.0,50.0,0,,Consumer Cyclical,287669120.0,0.0
KGAUF,Kongsberg Automotive ASA,0.21,10,6,11,9,3,2,4,45,-3.0,45.0,Weak,Watchlist only,0,0.0,0.0,0.0,76.4,0,,Consumer Cyclical,130647696.0,0.0
WRRZF,Walker River Resources Corp,0.2,10,6,11,11,1,1,5,45,-5.0,45.0,Weak,🔥 COILED: Watchlist only,26,0.0,0.0,2.8,58.5,1,,Basic Materials,21830614.0,9322.46
WNFT,Goff Corp,0.2,10,6,4,15,7,2,5,49,-5.0,45.0,Weak,Watchlist only,52,0.0,-4.8,0.2,52.0,1,,Financial Services,19173776.0,47355.34
PTUUF,Purepoint Uranium Group Inc,0.238,5,13,10,12,3,2,3,48,-6.0,45.0,Weak,Watchlist only,24,3.5,3.5,2.3,50.7,1,,Energy,19050266.0,29377.94
OBIMF,OBIMF,0.25,13,4,4,7,6,2,4,40,0.0,45.0,Weak,🔥 COILED: Watchlist only,42,0.0,0.0,1.2,54.2,0,,nan,129887864.0,3037.5
AAMTF,Armada Mercantile Ltd,0.25,12,8,6,7,4,1,4,42,0.0,45.0,Weak,Watchlist only,50,0.0,0.0,1.8,53.5,0,,Financial Services,5251961.0,4090.73
CHKR,Chesapeake Granite Wash Trust,0.345,7,13,3,10,4,1,5,43,2.0,45.0,Weak,Watchlist only,32,0.0,1.8,1.1,50.9,1,,Energy,15941750.0,33560.53
SSVFF,Southern Silver Exploration Corp.,0.35,10,10,9,11,4,4,5,53,-6.0,45.0,Weak,Watchlist only,41,-6.9,3.6,2.7,52.3,1,,Basic Materials,141815040.0,634683.51
AILQF,AirIQ Inc,0.38,15,5,8,13,3,6,5,55,-13.0,45.0,Weak,Watchlist only,57,0.0,0.0,0.6,96.5,0,,Technology,11224088.0,822.73
GFTFF,Grafton Resources Inc.,0.364,4,15,6,8,3,2,5,43,-1.0,45.0,Weak,Watchlist only,0,6.9,1.1,0.0,48.4,0,,nan,nan,0.0
MYND,"Mynd.ai, Inc.",0.4,10,8,7,9,7,2,5,48,-6.0,45.0,Weak,🔥 COILED: Watchlist only,44,4.2,-0.7,1.8,51.6,1,,Consumer Defensive,18857842.0,209376.17
AGXPF,Silver X Mining Corp,0.471,7,14,10,8,3,4,4,50,-3.0,45.0,Weak,Watchlist only,36,-4.5,4.9,2.5,51.6,1,,Basic Materials,130331264.0,523428.94
OFSTF,Carbon Streaming Corp,0.65,14,15,9,4,4,4,5,55,-11.0,45.0,Weak,Watchlist only,52,-1.1,3.7,2.2,53.5,0,,Financial Services,31903102.0,10710.67
CSSPF,Circassia Group Plc,0.82,17,9,5,13,6,7,5,62,-13.0,45.0,Weak,Watchlist only,38,9.3,9.3,7.8,88.4,1,,Healthcare,345110368.0,113.98
BABB,BAB Inc,0.835,5,12,6,7,4,3,3,40,2.0,45.0,Weak,Watchlist only,25,0.6,-0.6,-1.0,43.8,1,,Consumer Defensive,6101346.0,8231.03
SMGBF,San Miguel Corporation,1.0,6,7,10,7,3,3,4,40,0.0,45.0,Weak,🔥 COILED: Watchlist only,33,0.0,0.0,-0.6,43.5,0,,Industrials,2700107264.0,0.0
ASAGF,Australian Agricultural Company Ltd,0.95,15,5,8,9,4,2,5,48,-3.0,45.0,Weak,Watchlist only,56,0.0,1.1,1.2,71.8,0,,Consumer Defensive,572628352.0,2636.34
KITAF,Kitanotatsujin Corporation,0.97,7,6,10,8,3,2,4,40,0.0,45.0,Weak,🔥 COILED: Watchlist only,36,0.0,0.0,0.0,50.0,0,,Consumer Defensive,135308688.0,1.5
ELRE,Yinfu Gold Corporation,0.95,9,5,7,10,4,4,3,42,0.0,45.0,Weak,Watchlist only,49,-5.0,-5.0,1.1,51.3,0,,Communication Services,121983992.0,0.0
AZREF,Azure Power Global Limited,1.0,8,7,9,10,7,0,4,45,-5.0,45.0,Weak,🔥 COILED: Watchlist only,49,0.0,0.0,0.6,51.7,1,,Utilities,64166360.0,8331.81
IDYXX,Columbia Funds Series Trust II  - Columbia Government Money Market Fund,1.0,13,7,11,6,4,2,4,47,-10.0,45.0,Weak,🔥 COILED: Watchlist only,47,0.0,0.0,0.0,51.0,0,,nan,nan,0.0
PYMOD,Hydrocarbon Dynamics Limited,0.007,12,6,10,7,3,2,4,44,-5.0,44.0,Weak,🔥 COILED: Watchlist only,47,0.0,0.0,0.2,50.0,1,,Basic Materials,1006237.0,1.35
WWRL,World Wireless Communications Inc,0.008,10,2,10,10,4,6,4,46,-5.0,44.0,Weak,Watchlist only,44,0.0,0.0,-0.0,23.0,1,,Communication Services,796989.0,2364.19
CSUI,Cannabis Suisse Corp,0.008,7,6,10,8,4,0,2,37,2.0,44.0,Weak,🔥 COILED: Watchlist only,36,0.0,-6.6,0.5,51.0,0,,Real Estate,600788.0,12780.98
PLTXF,Plantx Life Inc.,0.009,6,2,4,12,6,4,5,39,2.0,44.0,Weak,Watchlist only,29,-18.2,0.0,3.2,51.4,0,,Consumer Cyclical,93747.0,4484.0
FRSAF,First Au Limited,0.012,7,6,10,7,3,2,4,39,0.0,44.0,Weak,🔥 COILED: Watchlist only,48,0.0,0.0,0.0,50.0,0,,Basic Materials,45538112.0,32.0
LQWC,LifeQuest World Corporation,0.013,16,9,7,15,4,4,5,60,-16,44,Weak,Watchlist only,45,63.0,25.7,36.8,60.0,3,10,Industrials,1673550.0,34094.22
GIFX,Gifa Inc,0.014,16,6,5,7,6,1,5,46,-2.0,44.0,Weak,Watchlist only,41,0.0,0.0,13.3,62.4,0,,Industrials,1639007.0,10762.52
AGTX,Agentix Corp,0.02,6,8,9,11,3,3,4,44,-5.0,44.0,Weak,🔥 COILED: Watchlist only,13,0.0,0.0,-1.1,42.0,1,,Healthcare,801339.0,8007.2
DRCR,Dear Cashmere Holding Company,0.012,8,5,4,14,1,4,3,39,2.0,44.0,Weak,Watchlist only,37,-3.1,-6.1,1.2,50.9,0,,Technology,772620.0,105013.54
CRSF,Crisp Momentum Inc.,0.025,10,6,11,8,0,4,5,44,-5.0,44.0,Weak,🔥 COILED: Watchlist only,17,0.0,0.0,1.3,46.8,1,,Communication Services,49240532.0,0.0
LSMLF,Lodestar Minerals Limited,0.024,14,8,5,7,1,2,4,41,-5.0,44.0,Weak,🔥 COILED: Watchlist only,37,0.0,0.0,0.9,52.5,1,,Basic Materials,34957620.0,5269.49
OLVRF,Olivut Resources Ltd,0.03,13,6,6,8,4,2,5,44,-5.0,44.0,Weak,🔥 COILED: Watchlist only,22,0.0,0.0,1.4,55.3,1,,Basic Materials,2472093.0,4882.5
GFKRF,Opus One Gold Corporation,0.04,10,6,11,8,3,2,4,44,-5.0,44.0,Weak,🔥 COILED: Watchlist only,49,0.0,0.0,0.0,50.0,1,,Basic Materials,10874032.0,250.0
MGTC,Megatech Corp,0.04,7,4,8,10,4,7,4,44,0.0,44.0,Weak,Watchlist only,13,0.0,0.0,-4.4,0.0,0,,Industrials,1797200.0,150.49
NETWF,Network Media Group Inc,0.036,11,6,6,9,3,4,5,44,-5.0,44.0,Weak,🔥 COILED: Watchlist only,32,0.0,0.0,0.7,51.0,1,,Communication Services,706685.0,1385.42
PCLOF,Pharmacielo Ltd,0.051,9,16,7,13,3,4,5,57,-13.0,44.0,Weak,Watchlist only,41,23.9,-5.9,2.2,50.1,2,,Healthcare,9587168.0,50601.93
UMCN,UMC Inc,0.058,13,5,10,11,4,1,4,48,-7.0,44.0,Weak,Watchlist only,56,0.0,0.0,1.0,68.4,1,,Industrials,38759304.0,9194.1
EFRMF,East Africa Metals Inc,0.055,13,8,8,8,6,1,2,46,-7.0,44.0,Weak,🔥 COILED: Watchlist only,36,0.0,0.0,3.7,68.8,1,,Basic Materials,14793546.0,461.96
BJBJ,BJ Bio-Tech Development Management Group Holding Corp.,0.061,13,5,4,9,3,2,5,41,0.0,44.0,Weak,Watchlist only,27,0.0,18.4,4.8,51.0,2,,Financial Services,61667592.0,317.81
SJRNF,ArcWest Exploration Inc,0.061,13,4,2,12,6,2,5,44,0.0,44.0,Weak,Watchlist only,29,7.0,242.7,14.6,54.4,2,,Basic Materials,5093909.0,8472.33
CTTH,CTT Pharmaceutical Holdings Inc,0.066,1,11,3,10,3,3,2,33,6.0,44.0,Weak,Watchlist only,41,8.0,-17.4,-2.9,46.3,1,,Healthcare,3871707.0,36996.71
STMGF,Stamper Oil & Gas Corp,0.08,9,6,11,10,4,1,5,46,-5.0,44.0,Weak,Watchlist only,21,0.0,0.0,0.8,49.6,1,,Energy,9616412.0,14727.23
SDAD,SH Resources & Development Corp,0.078,8,3,10,7,3,6,4,41,0.0,44.0,Weak,Watchlist only,50,0.0,0.0,-0.0,0.3,0,,Financial Services,6364800.0,2740.27
CRKT,Cirmaker Technology Corporation,0.148,14,7,5,14,4,1,4,49,-5.0,44.0,Weak,Watchlist only,47,0.0,0.0,5.3,55.1,1,,Financial Services,83224736.0,3377.2
HNOI,HNO International Inc,0.114,3,11,4,14,3,4,5,44,-3.0,44.0,Weak,Watchlist only,37,14.0,2.0,6.3,51.1,1,,Industrials,11668506.0,10436.98
CUGCF,China Oriental Group Company Limited,0.19,8,4,9,9,3,2,4,39,0.0,44.0,Weak,🔥 COILED: Watchlist only,38,0.0,0.0,-0.0,47.8,0,,Basic Materials,708032640.0,0.0
PFGTF,Pacific Edge Limited,0.18,14,9,11,11,6,6,5,62,-18.0,44.0,Weak,Watchlist only,57,5.3,5.3,4.9,77.6,1,,Healthcare,223533488.0,796.67
VASO,Vaso Corp,0.19,9,4,5,11,2,4,4,39,2.0,44.0,Weak,Watchlist only,47,-5.0,-5.0,-2.3,45.9,0,,Healthcare,33439626.0,133599.01
COCCF,Coast Copper Corp,0.159,17,4,7,9,6,2,5,50,-6.0,44.0,Weak,Watchlist only,44,0.0,13.3,4.3,73.1,2,,Basic Materials,13417828.0,2309.31
LUXFF,Luxxfolio Holdings Inc,0.158,9,5,6,12,5,4,5,46,-3.0,44.0,Weak,🔥 COILED: Watchlist only,38,3.9,7.5,0.9,51.1,1,,Financial Services,5240412.0,14029.89
WTHVF,Westhaven Gold Corp,0.221,15,16,7,15,5,1,5,64,-18.0,44.0,Weak,Watchlist only,69,-1.5,10.5,4.9,56.7,3,,Basic Materials,57482020.0,107993.07
LIFD,LFTD Partners Inc,0.2,11,4,4,13,1,9,4,46,-5.0,44.0,Weak,Watchlist only,28,5.3,5.3,5.6,57.7,1,,Consumer Defensive,2964536.0,1670.56
RBLAF,Robinsons Land Corporation,0.297,15,6,12,7,6,2,4,52,-13.0,44.0,Weak,🔥 COILED: Watchlist only,54,0.0,0.0,0.1,100.0,0,,Real Estate,1427116160.0,8.9
SEHKF,Seahawk Gold Corp,0.3,12,8,11,8,3,2,4,48,-7.0,44.0,Weak,Watchlist only,49,0.0,0.0,0.0,65.2,1,,Basic Materials,10296977.0,16.0
CGNWF,CGN Power Co. Ltd,0.355,7,6,10,7,3,2,4,39,0.0,44.0,Weak,🔥 COILED: Watchlist only,48,0.0,0.0,0.0,50.0,0,,Utilities,17927006208.0,5.0
SGLMF,Starhill Global Real Estate Investment Trust,0.391,16,9,7,11,4,9,5,61,-13.0,44.0,Weak,Watchlist only,42,1.8,1.8,1.6,91.1,0,,Real Estate,907515712.0,0.0
HHSSF,Huishang Bank Corporation Limited,0.416,7,6,10,7,3,2,4,39,0.0,44.0,Weak,🔥 COILED: Watchlist only,46,0.0,0.0,0.0,50.0,0,,Financial Services,5785102336.0,110.0
THGPF,THG Plc,0.469,10,6,11,9,3,6,4,49,-8.0,44.0,Weak,Watchlist only,50,0.0,0.0,0.0,72.2,1,,Consumer Cyclical,743758592.0,75.0
HRTX,Heron Therapeuti,0.494,10,14,8,15,4,6,5,62,-18.0,44.0,Weak,Watchlist only,22,5.5,12.4,6.1,54.2,3,,Healthcare,93409368.0,2334355.01
GMRCF,Gelum Resources Ltd.,0.46,4,12,8,12,7,0,2,45,-5.0,44.0,Weak,Watchlist only,51,-3.5,-2.1,-2.1,48.6,2,,Basic Materials,15466864.0,15015.07
AMGDF,Aston Martin Lagonda Global Holdings plc,0.518,6,14,7,9,3,2,5,46,-3.0,44.0,Weak,Watchlist only,33,7.9,-2.3,2.1,50.3,2,,Consumer Cyclical,524573984.0,26186.43
UNHRF,UNHRF,0.51,8,4,10,8,3,2,4,39,0.0,44.0,Weak,🔥 COILED: Watchlist only,35,0.0,0.0,-0.0,50.8,0,,Real Estate,316253824.0,605.0
MINOF,Minor International Public Company Limited,0.783,7,6,10,7,3,4,4,41,0.0,44.0,Weak,Watchlist only,33,0.0,0.0,-0.0,26.1,0,,Consumer Cyclical,4406291456.0,4.85
CETY,"Clean Energy Technologies, Inc. Common Stock",0.917,13,3,9,13,3,7,5,53,-9.0,44.0,Weak,Watchlist only,57,2.1,-6.3,1.9,53.3,1,,Industrials,11557801.0,2124273.06
DHSBF,Dah Sing Banking Group Ltd,1.0,7,6,10,7,3,2,4,39,0.0,44.0,Weak,🔥 COILED: Watchlist only,45,0.0,0.0,0.0,50.0,0,,Financial Services,1405752192.0,0.4
DPNEY,Daphne International Holdings Ltd ADR,0.98,8,6,11,7,3,2,4,41,0.0,44.0,Weak,Watchlist only,0,0.0,0.0,0.0,6.7,0,,Consumer Cyclical,92420360.0,0.0
CLNXX,Columbia Funds Series Trust II - Columbia Money Market Fund,1.0,12,7,11,6,4,2,4,46,-10.0,44.0,Weak,🔥 COILED: Watchlist only,48,0.0,0.0,0.0,50.8,0,,nan,nan,0.0
PTLKF,PT Lippo Karawaci Tbk,0.01,5,5,10,7,3,2,4,36,2.0,43.0,Weak,🔥 COILED: Watchlist only,38,0.0,0.0,-0.0,44.7,0,,Healthcare,35438660.0,0.0
GNOLF,Genoil Inc,0.01,5,3,10,9,3,6,4,40,0.0,43.0,Weak,Watchlist only,37,0.0,0.0,-0.0,10.7,0,,Energy,19981640.0,20732.9
GDPHF,Godolphin Resources Limited,0.01,8,6,10,7,3,2,4,40,0.0,43.0,Weak,Watchlist only,34,0.0,0.0,-0.0,26.4,0,,Basic Materials,8485821.0,40703.18
AHIX,ALUF Holdings Inc,0.003,14,11,12,7,3,5,5,57,-10.0,43.0,Weak,Watchlist only,39,10.0,10.0,7.9,67.3,1,,Technology,6087013.0,34433.25
MTGH,"Mettitech Group Holdings, Inc.",0.003,13,8,5,13,5,6,5,55,-10.0,43.0,Weak,Watchlist only,39,40.0,12.0,12.0,54.6,2,,Technology,3000000.0,263126.0
IFBC,Blast Applications,0.002,16,14,7,10,4,2,4,57,-17,43,Weak,Watchlist only,62,64.3,35.3,23.8,60.0,3,10,Consumer Defensive,2675724.0,426012.03
CRTG,Coretec Group Inc,0.002,10,4,9,14,3,3,5,48,-5.0,43.0,Weak,Watchlist only,26,0.0,0.0,15.5,56.8,1,,Technology,1107432.0,11141.5
HUMT,Humatech Inc,0.009,13,4,11,7,6,2,4,47,-7.0,43.0,Weak,Watchlist only,56,0.0,1.1,0.7,68.8,1,,Basic Materials,845500.0,3741.8
VENCF,VENCF,0.001,15,6,11,6,6,2,4,50,-15.0,43.0,Weak,🔥 COILED: Watchlist only,0,0.0,0.0,0.1,50.0,1,,Healthcare,222644.0,0.0
TGTMF,Targeted Microwave Solutions Inc,0.001,8,4,9,8,3,2,4,38,0.0,43.0,Weak,🔥 COILED: Watchlist only,33,0.0,0.0,-0.0,48.1,0,,Industrials,128024.0,1451.5
GGROW,Gogoro Equity Warrant Exp 4th April 2027,0.008,7,7,1,13,5,2,5,40,2.0,43.0,Weak,Watchlist only,51,-11.5,10.0,-5.0,48.3,2,,nan,nan,19809.95
NMGC,NeoMagic Corporation,0.016,15,10,11,10,7,9,5,67,-24.0,43.0,Weak,Watchlist only,64,10.4,15.2,9.0,61.8,4,,Technology,1030834.0,9128.51
ZHDM,Zhong Hui Dao Ming Copper Holding Ltd,0.025,3,5,10,9,2,5,4,38,0.0,43.0,Weak,🔥 COILED: Watchlist only,20,0.0,0.0,-0.9,43.3,0,,Financial Services,2027625.0,7987.02
STAOF,Sing Tao News Corporation Limited,0.035,7,7,11,9,3,2,4,43,-5.0,43.0,Weak,🔥 COILED: Watchlist only,45,0.0,0.0,0.0,51.9,1,,Communication Services,30819006.0,214.79
HGYN,Hong Yuan Holding Group,0.032,3,9,6,13,4,6,2,43,0.0,43.0,Weak,Watchlist only,25,0.0,23.6,-0.1,46.7,2,,Industrials,2425824.0,15972.41
BRVO,Bravo Multinational Inc,0.032,10,3,9,10,6,2,5,45,-5.0,43.0,Weak,Watchlist only,26,-3.0,-3.0,2.3,52.1,1,,Communication Services,1524512.0,19929.85
EQTXF,Lake Winn Resources Corp,0.04,9,7,11,7,3,2,4,43,-5.0,43.0,Weak,🔥 COILED: Watchlist only,54,0.0,0.0,0.0,50.0,1,,Basic Materials,1102338.0,1178.79
KKOBF,Kinetiko Energy Limited,0.049,10,6,11,7,3,2,4,43,-3.0,43.0,Weak,Watchlist only,58,0.0,0.0,0.0,78.4,0,,Energy,75579432.0,0.0
PMDKF,PT. Mitra Adiperkasa Tbk,0.06,8,6,10,7,3,2,4,40,0.0,43.0,Weak,Watchlist only,0,0.0,0.0,-0.0,4.2,0,,Consumer Cyclical,874820032.0,0.0
RSNUF,Renascor Resources Limited,0.052,17,5,5,8,6,2,5,48,-8.0,43.0,Weak,Watchlist only,53,0.0,1.6,5.5,55.2,0,,Basic Materials,131895120.0,3411.75
PMTYF,Playmates Toys Ltd,0.055,8,3,8,8,4,5,4,40,0.0,43.0,Weak,Watchlist only,33,0.0,0.0,-0.6,40.0,0,,Consumer Cyclical,61792500.0,17151.14
LVWR-WT,LVWR-WT,0.054,19,4,6,16,9,7,5,66,-23,43,Weak,Watchlist only,51,300.0,200.0,100.3,72.1,2,7,nan,nan,74544.03
PUMXF,Puma Exploration Inc,0.08,8,8,11,8,3,1,5,44,-1.0,43.0,Weak,Watchlist only,23,14.3,14.3,6.0,54.0,2,,Basic Materials,16407767.0,25283.94
FHGDF,Founder Holdings Limited,0.09,16,9,7,15,6,7,5,65,-18.0,43.0,Weak,Watchlist only,46,28.6,28.6,25.1,96.2,2,,Technology,103733016.0,462.0
NDMCF,New Destiny Mining Corp,0.098,15,7,7,9,4,3,5,50,-7.0,43.0,Weak,Watchlist only,51,0.0,0.0,11.7,69.9,1,,Basic Materials,2208573.0,632.54
BERLF,BERLF,0.095,3,13,8,9,4,0,4,41,4.0,43.0,Weak,Watchlist only,24,-5.0,-20.2,-8.3,42.8,0,,nan,nan,48555.31
PNXPF,Planet Ventures Inc,0.128,10,12,3,13,4,2,2,46,-3.0,43.0,Weak,Watchlist only,35,-9.1,-13.7,-4.8,44.9,1,,Financial Services,19418488.0,0.0
IAALF,IBC Advanced Alloys Corp,0.125,13,6,4,12,1,2,5,43,-3.0,43.0,Weak,Watchlist only,35,13.3,3.8,5.4,54.1,1,,Industrials,14358497.0,72518.5
DFNSW,T3 Defense Inc.,0.131,18,10,5,11,7,3,5,59,-21,43,Weak,Watchlist only,0,82.0,42.1,53.3,66.0,2,8,nan,nan,0.0
MSCH,MainStreetChamber Holdings Inc.,0.179,7,3,7,10,6,4,3,40,0.0,43.0,Weak,Watchlist only,39,0.0,-4.8,-2.0,41.1,0,,Energy,58518084.0,377.07
CLIFF,Cordlife Group Limited,0.15,15,5,4,9,6,2,4,45,-5.0,43.0,Weak,Watchlist only,40,0.0,0.0,2.2,56.1,1,,Healthcare,38569188.0,210.48
DLPRF,DLP Resources Inc,0.17,18,10,8,15,4,2,5,62,-19.0,43.0,Weak,Watchlist only,39,21.2,21.2,11.7,69.8,3,,Basic Materials,25547274.0,12546.76
LABZF,LABZF,0.174,10,7,11,8,1,2,4,43,-5.0,43.0,Weak,🔥 COILED: Watchlist only,57,0.0,0.0,0.0,54.4,1,,Technology,5155069.0,4924.91
QSJC,"Tancheng Group Co., Ltd.",0.165,12,6,5,7,4,2,4,40,-5.0,43.0,Weak,🔥 COILED: Watchlist only,29,0.0,0.0,0.2,52.0,1,,Consumer Cyclical,723394.0,14.53
PFSMF,Perfect Medical Health Management Limited,0.24,8,6,9,8,3,2,4,40,0.0,43.0,Weak,Watchlist only,41,0.0,0.0,-0.0,38.2,0,,Healthcare,301613088.0,4.5
ESLGF,Logistics Development Group plc,0.228,9,6,11,8,3,2,4,43,-5.0,43.0,Weak,🔥 COILED: Watchlist only,53,0.0,0.0,0.0,50.0,1,,Industrials,94144976.0,210.0
LCKYF,Golden Sky Minerals Corp,0.22,13,6,10,7,4,2,5,47,-7.0,43.0,Weak,Watchlist only,40,0.0,0.0,5.5,64.3,1,,Basic Materials,5259014.0,3490.01
PBCRF,PT Bank Central Asia Tbk,0.347,8,7,3,14,0,4,5,41,2.0,43.0,Weak,Watchlist only,38,7.2,-0.6,-0.3,49.3,0,,Financial Services,40917786624.0,0.0
SCDA,B-Scada Inc,0.349,11,6,3,12,6,5,2,45,-5.0,43.0,Weak,Watchlist only,54,0.0,0.0,9.8,56.4,1,,Technology,1696692.0,1270.0
CHFLF,China Feihe Limited,0.39,10,7,4,7,4,3,5,40,0.0,43.0,Weak,Watchlist only,32,0.0,11.4,3.1,57.1,2,,Consumer Defensive,3434989056.0,2779.85
GRYRF,Geo Energy Resources Limited,0.365,5,8,8,7,3,3,4,38,0.0,43.0,Weak,🔥 COILED: Watchlist only,33,0.0,0.0,-0.1,44.9,0,,Energy,647691008.0,809.91
QSEGF,Quantum Secure Encryption Corp.,0.37,10,5,8,8,5,4,5,45,-5.0,43.0,Weak,Watchlist only,51,-5.1,1.9,-0.5,50.6,1,,Technology,25228862.0,0.0
GEBHF,Genting Berhad,0.51,5,5,10,9,3,3,5,40,0.0,43.0,Weak,Watchlist only,16,0.0,0.0,-0.6,31.0,0,,Consumer Cyclical,1960713216.0,0.0
BDST,"bebe stores, inc.",0.59,19,5,5,14,7,6,5,61,-23,43,Weak,Watchlist only,69,90.3,90.3,61.9,90.2,2,5,Industrials,7595725.0,2669.21
GEGYF,Genel Energy plc,0.72,8,7,11,8,1,4,4,43,-5.0,43.0,Weak,🔥 COILED: Watchlist only,20,0.0,0.0,0.0,50.1,1,,Energy,198410816.0,2001.5
CWLPF,The Caldwell Partners International Inc,0.75,11,2,5,14,6,0,5,43,0.0,43.0,Weak,Watchlist only,56,0.0,-2.6,0.7,54.6,0,,Industrials,22111472.0,0.0
HNATF,Primary Hydrogen Corp,0.809,13,7,4,14,5,5,5,53,-10.0,43.0,Weak,Watchlist only,60,9.2,-1.5,5.6,54.9,1,,Basic Materials,5966057.0,5651.99
CRFCF,Card Factory plc,0.913,7,7,6,9,6,4,4,43,-3.0,43.0,Weak,Watchlist only,29,0.0,0.0,0.0,70.9,0,,Consumer Cyclical,310823296.0,1383.08
CGMXX,Columbia Funds Series Trust II  - Columbia Government Money Market Fund,1.0,11,7,11,6,4,2,4,45,-10.0,43.0,Weak,🔥 COILED: Watchlist only,47,0.0,0.0,0.0,51.9,0,,nan,nan,0.0
CILXX,Western Asset Institutional Liquid Reserves Ltd.,1.0,17,7,6,6,6,2,4,48,-10.0,43.0,Weak,🔥 COILED: Watchlist only,52,0.0,0.0,0.0,59.5,0,,nan,nan,0.0
MPFXX,Morgan Stanley Institutional Liquidity Funds - Prime Portfolio,1.0,11,8,8,6,4,2,4,43,-8.0,43.0,Weak,🔥 COILED: Watchlist only,36,0.0,0.0,0.0,54.3,0,,nan,nan,0.0
QWTR,Quest Water Global Inc,0.059,10,9,4,14,5,2,5,49,-4.8,42.2,Weak,Watchlist only,61,0.0,-7.8,21.3,58.4,1,,Industrials,7782279.0,12838.06
BUENF,Blue Energy Limited,0.006,17,14,6,10,5,3,5,60,-19,42,Weak,Watchlist only,47,67.6,103.6,59.2,59.8,3,7,Energy,14758671.0,289284.54
OXBOF,Oxford BioDynamics Plc,0.002,5,8,4,14,3,3,2,39,0.0,42.0,Weak,Watchlist only,35,0.0,0.0,-2.0,40.0,0,,Healthcare,10727277.0,28372.01
VYRE,Vyre Network,0.005,12,12,2,17,6,0,5,54,-13.0,42.0,Weak,Watchlist only,59,34.3,56.7,38.4,56.6,2,,Communication Services,2607305.0,176244.39
BWNAF,SI6 Metals Limited,0.005,7,7,11,8,3,2,4,42,-3.0,42.0,Weak,Watchlist only,42,0.0,0.0,0.0,70.6,0,,Basic Materials,2454814.0,202.5
CNNA,Cann American Corp,0.006,12,9,5,13,5,2,5,51,-9.0,42.0,Weak,Watchlist only,62,-9.2,-7.8,4.8,54.8,1,,Healthcare,1543834.0,400474.0
DVNCF,Danavation Technologies Corp,0.002,9,6,11,7,3,2,4,42,-5.0,42.0,Weak,🔥 COILED: Watchlist only,45,0.0,0.0,0.0,50.0,1,,Technology,241649.0,110.25
TOBAF,TAAT Global Alternatives Inc,0.005,7,6,10,11,3,3,4,44,-5.0,42.0,Weak,Watchlist only,34,0.0,0.0,-0.1,38.0,1,,Consumer Defensive,117859.0,844.62
NSHSF,Nanosphere Health Sciences Inc,0.01,13,6,6,6,6,2,5,44,-10.0,42.0,Weak,🔥 COILED: Watchlist only,37,0.0,0.0,2.1,53.3,0,,Healthcare,102752.0,516.85
VTMLF,Venture Minerals Limited,0.018,3,7,7,10,3,3,4,37,0.0,42.0,Weak,🔥 COILED: Watchlist only,24,0.0,0.0,-2.9,43.8,0,,Basic Materials,55463752.0,1921.09
ALRTF,ALR Technologies Inc.,0.021,13,14,5,8,8,3,5,56,-12.0,42.0,Weak,Watchlist only,67,37.3,3.0,13.6,60.2,1,,Healthcare,13296617.0,41350.95
ARUXF,Acrux Limited,0.017,13,3,11,11,6,2,4,50,-13.0,42.0,Weak,🔥 COILED: Watchlist only,45,0.0,0.0,0.3,95.2,0,,Healthcare,9965555.0,6972.63
TBLLF,Tombill Mines Limited,0.014,14,12,5,5,6,0,5,47,-8.0,42.0,Weak,Watchlist only,51,0.0,34.3,8.4,59.6,2,,Basic Materials,3823410.0,16451.44
TAAG,Awareness Group,0.014,3,10,3,13,3,6,2,40,2.0,42.0,Weak,Watchlist only,46,4.5,-26.3,-8.8,46.3,1,,Communication Services,835715.0,28696.16
TRVN,Trevena Inc,0.011,14,6,7,9,1,4,5,46,-7.0,42.0,Weak,Watchlist only,27,0.0,0.0,15.2,62.6,1,,Healthcare,9501.0,342.72
CWPWF,Concord New Energy Group Limited,0.03,5,6,10,9,3,2,4,39,0.0,42.0,Weak,Watchlist only,27,0.0,0.0,-0.0,17.2,0,,Utilities,327818368.0,0.0
BCDS,Maxwell Resource,0.027,17,7,6,15,7,2,5,59,-17.0,42.0,Weak,Watchlist only,60,5.9,7.2,14.0,63.6,1,,Real Estate,24543772.0,11498080.31
MCRXF,Micro-X Limited,0.03,7,14,6,8,3,2,5,45,1.0,42.0,Weak,Watchlist only,35,0.0,7.1,16.1,55.6,1,,Healthcare,22440988.0,6909.61
KPIFF,Edgewater Wireless Systems Inc,0.027,4,15,10,6,3,4,5,47,-11.0,42.0,Weak,Watchlist only,28,0.7,8.0,2.3,51.3,2,,Technology,6466197.0,19942.53
ETER,Enterra Corporation,0.03,7,4,11,8,3,2,4,39,0.0,42.0,Weak,Watchlist only,36,0.0,0.0,0.0,51.6,0,,Financial Services,3219767.0,101.19
PRRVF,Providence Gold Mines Inc,0.032,2,3,8,9,6,4,5,37,0.0,42.0,Weak,🔥 COILED: Watchlist only,23,0.0,-9.6,-1.9,42.0,0,,Basic Materials,2258543.0,8148.99
SIERF,Sierra Grande Minerals Inc,0.046,7,8,10,7,3,3,4,42,-5.0,42.0,Weak,🔥 COILED: Watchlist only,29,0.0,0.0,-0.4,48.6,1,,Basic Materials,1361506.0,420.13
CNTRF,Centr Brands Corp,0.043,15,5,6,9,3,2,4,44,-5.0,42.0,Weak,Watchlist only,55,0.0,0.0,1.2,58.5,1,,Consumer Defensive,498470.0,231.5
SMPEF,Southern Empire Resources Corp,0.07,12,6,11,9,3,2,4,47,-8.0,42.0,Weak,Watchlist only,59,0.0,0.0,0.0,77.9,1,,Basic Materials,7100300.0,6454.29
TAPP,Tap Resources Inc,0.08,5,4,10,9,3,2,4,37,0.0,42.0,Weak,🔥 COILED: Watchlist only,41,0.0,0.0,-0.0,46.3,0,,Communication Services,2993312.0,4495.07
BKIRF,Black Iron Inc,0.083,9,12,6,3,6,2,5,43,-6.0,42.0,Weak,🔥 COILED: Watchlist only,47,5.1,-3.5,0.5,50.7,0,,Basic Materials,27583114.0,39200.75
GDLG,Glidelogic Corp.,0.085,14,4,7,11,4,0,5,45,-3.0,42.0,Weak,Watchlist only,17,0.0,18.6,6.9,78.9,2,,Technology,5690249.0,11798.32
AOXY,Advanced Oxygen Technologies Inc,0.088,9,8,5,8,3,2,5,40,2.0,42.0,Weak,Watchlist only,55,16.8,16.8,6.0,54.5,2,,Real Estate,288461.0,1381.88
AVCNF,Avicanna Inc,0.097,12,14,2,9,4,4,5,50,-8.0,42.0,Weak,Watchlist only,27,-4.7,9.8,3.4,52.6,2,,Healthcare,12201812.0,58000.54
METOF,Meteoric Resources NL,0.13,13,14,9,6,4,5,5,56,-15.0,42.0,Weak,Watchlist only,39,5.7,0.4,6.1,54.9,1,,Basic Materials,348794272.0,1140690.11
SIOLY,Sino-Ocean Group Holding Ltd ADR,0.126,9,12,6,6,3,4,5,45,-8.0,42.0,Weak,🔥 COILED: Watchlist only,33,-0.7,15.5,7.4,52.8,2,,Real Estate,79694512.0,2567.33
CLPMF,Clip Money Inc.,0.121,9,6,5,9,4,4,5,42,-5.0,42.0,Weak,🔥 COILED: Watchlist only,34,0.0,0.0,1.2,52.1,1,,Technology,14585815.0,590.02
PEXZF,Pacific Ridge Exploration Ltd,0.139,10,10,8,8,1,2,5,44,-5.0,42.0,Weak,Watchlist only,26,-0.9,6.8,2.1,51.7,1,,Basic Materials,13501828.0,133303.5
STKXF,StrikePoint Gold Inc,0.132,16,5,5,9,1,4,5,45,-3.0,42.0,Weak,Watchlist only,40,1.3,5.4,9.4,58.8,1,,Basic Materials,8286404.0,85592.47
ROBOF,RoboGroup T.E.K. Ltd,0.11,11,4,11,10,3,1,4,44,-5.0,42.0,Weak,Watchlist only,42,0.0,0.0,0.0,59.2,1,,Technology,6520335.0,21.3
AAUAF,Almaden Minerals Ltd.,0.171,1,10,6,11,6,4,5,43,-1.0,42.0,Weak,Watchlist only,36,4.5,-4.9,-2.7,47.4,0,,Basic Materials,24725374.0,68076.23
TWNMF,29Metals Limited,0.22,13,6,5,7,1,3,4,39,0.0,42.0,Weak,Watchlist only,30,0.0,0.0,-0.1,31.2,0,,Basic Materials,385541856.0,16425.58
BRLL,Barrel Energy Inc,0.214,3,12,3,12,6,2,5,43,-1.0,42.0,Weak,Watchlist only,41,-58.9,-60.7,-14.3,48.5,1,,Energy,112821704.0,575038.79
VIZND,Visionary Metals Corp.,0.24,15,6,10,7,6,2,4,50,-13.0,42.0,Weak,🔥 COILED: Watchlist only,62,0.0,0.0,10.4,100.0,0,,Basic Materials,10540721.0,121.17
ADMG,Adamant DRI Processing and Minerals Group,0.229,18,3,7,15,6,8,5,62,-18,42,Weak,Watchlist only,55,94.4,93.9,47.5,79.9,3,10,Financial Services,3918191.0,1059.1
BIRNF,BCI Minerals Limited,0.26,15,6,10,6,6,2,4,49,-15.0,42.0,Weak,🔥 COILED: Watchlist only,55,0.0,0.0,0.3,50.0,1,,Basic Materials,528764384.0,50.0
THGHY,THG Plc,0.281,10,6,10,9,3,2,4,44,-5.0,42.0,Weak,Watchlist only,38,0.0,0.0,-0.0,5.2,1,,Consumer Cyclical,445588704.0,6.6
VLAI,VLAI,0.29,8,3,10,9,3,2,4,39,0.0,42.0,Weak,Watchlist only,31,0.0,0.0,-0.0,0.0,0,,Technology,1116694.0,23.44
NVTQF,Trench Metals Corp,0.287,8,6,11,10,3,2,4,44,-5.0,42.0,Weak,Watchlist only,0,0.0,0.0,0.0,8.1,1,,Energy,291539.0,0.0
ISTKF,Intellistake Technologies Corp.,0.315,9,12,5,14,3,0,5,48,-6.0,42.0,Weak,Watchlist only,32,1.7,8.1,11.3,58.9,2,,Technology,44304704.0,68620.11
CHKIF,China Southern Airlines Company Limited,0.45,7,8,6,9,3,1,3,37,0.0,42.0,Weak,🔥 COILED: Watchlist only,30,0.0,0.0,-0.5,42.3,0,,Industrials,8154436608.0,35265.0
FEHTF,FEHTF,0.45,8,4,9,7,3,2,4,37,0.0,42.0,Weak,🔥 COILED: Watchlist only,35,0.0,0.0,-0.0,48.1,0,,Real Estate,923921856.0,12.5
HOWL,Werewolf Therapeutics Inc,0.46,17,11,7,15,4,7,5,66,-24.0,42.0,Weak,Watchlist only,27,26.0,35.3,17.3,64.1,3,,Healthcare,22354536.0,622324.97
TPTJF,Topps Tiles Plc,0.508,10,3,8,9,3,2,4,39,0.0,42.0,Weak,Watchlist only,39,0.0,0.0,-0.0,1.7,0,,Consumer Cyclical,99525880.0,16.63
PEBBF,PEBBF,0.546,8,3,10,9,3,2,4,39,0.0,42.0,Weak,Watchlist only,30,0.0,0.0,-0.0,5.3,0,,nan,75611312.0,31.75
CYAN,Cyanotech Corporation,0.53,11,6,11,14,6,4,5,57,-15.0,42.0,Weak,Watchlist only,61,0.0,3.9,2.8,58.3,1,,Consumer Defensive,2827392.0,4311.95
BDULF,Bangkok Dusit Medical Services Public Company Limited,0.56,4,3,10,10,3,5,4,39,0.0,42.0,Weak,Watchlist only,17,0.0,0.0,-0.2,1.8,0,,Healthcare,9652723712.0,0.0
BEPTF,Beach Energy Ltd,0.633,8,13,9,9,3,5,5,52,-6.0,42.0,Weak,Watchlist only,20,5.5,-2.2,1.0,48.1,1,,Energy,1444084352.0,0.0
CDHSF,CDL Hospitality Trusts,0.64,6,6,11,7,3,2,4,39,0.0,42.0,Weak,Watchlist only,0,0.0,0.0,0.0,14.3,1,,Real Estate,747257664.0,0.0
DCGO,DocGo Inc,0.65,13,10,5,9,4,1,5,47,-3.0,42.0,Weak,Watchlist only,43,-3.6,-2.3,4.6,55.8,1,,Healthcare,64176336.0,1222097.43
SSLVF,SSLVF,0.649,6,11,7,8,3,2,3,40,2.0,42.0,Weak,Watchlist only,23,5.6,0.7,-2.3,45.7,0,,nan,nan,0.0
CHPFF,Charoen Pokphand Foods Public Company Limited,0.69,17,4,8,13,6,2,5,55,-13.0,42.0,Weak,Watchlist only,0,0.0,19.0,6.3,94.6,2,,Consumer Defensive,5860724224.0,0.0
HENGY,Hengdeli Holdings Ltd ADR,0.79,12,4,8,7,6,3,4,44,-5.0,42.0,Weak,Watchlist only,47,0.0,0.0,-0.0,59.7,1,,Industrials,139166992.0,15.5
WNRS,Winners Inc,0.823,10,8,4,7,6,5,2,42,-5.0,42.0,Weak,🔥 COILED: Watchlist only,52,0.0,0.0,6.4,54.2,1,,Consumer Cyclical,43730092.0,316767.5
YGRAF,Yangarra Resources Ltd,0.94,12,8,4,14,4,0,5,47,-3.0,42.0,Weak,Watchlist only,38,-2.3,2.2,1.3,53.0,0,,Energy,99259496.0,50321.41
GURNF,"Gurunavi, Inc.",0.932,8,3,10,9,3,2,4,39,0.0,42.0,Weak,Watchlist only,29,0.0,0.0,-0.0,6.3,0,,Communication Services,52568884.0,22.07
AURX,Nuo Therapeutics Inc,1.0,8,13,9,7,3,0,4,44,-5.0,42.0,Weak,Watchlist only,35,0.0,2.0,1.6,51.1,1,,Healthcare,48408728.0,3026.36
CLEV,Concrete Leveling Systems Inc,1.0,17,4,7,14,6,2,5,55,-13.0,42.0,Weak,Watchlist only,67,0.0,40.8,16.3,88.8,2,,Industrials,14027834.0,396.62
CMRXX,Columbia Funds Series Trust II - Columbia Money Market Fund,1.0,10,7,11,6,4,2,4,44,-10.0,42.0,Weak,🔥 COILED: Watchlist only,45,0.0,0.0,0.0,51.3,0,,nan,nan,0.0
VYAXX,Voya Funds Trust - Government Money Market Fund Series II,1.0,18,9,5,8,4,7,4,55,-13.0,42.0,Weak,Watchlist only,50,0.0,0.0,0.0,97.9,0,,nan,nan,0.0
KPOC,Kimberly Parry Organics Corp,0.001,17,9,7,13,6,3,5,60,-14.2,41.8,Weak,Watchlist only,52,25.0,900.0,268.2,70.9,2,,Consumer Defensive,387735.0,808.47
CSDX,CS Diagnostics Corp.,0.07,8,6,5,14,4,2,5,44,-0.8,41.2,Weak,Watchlist only,28,19.7,40.0,22.2,60.7,2,,Healthcare,17499454.0,64645.67
FFTTF,Fatfish Group Limited,0.004,8,3,9,9,3,2,4,38,0.0,41.0,Weak,Watchlist only,30,0.0,0.0,-0.0,0.0,0,,Financial Services,6991078.0,5.0
NSVGF,Nass Valley Gateway Ltd,0.01,5,4,10,8,3,2,4,36,0.0,41.0,Weak,🔥 COILED: Watchlist only,35,0.0,0.0,0.0,50.0,0,,Healthcare,3287327.0,1380.0
TGIFF,1933 Industries Inc,0.005,3,10,10,7,4,2,5,41,2.0,41.0,Weak,Watchlist only,35,11.6,-7.7,2.9,50.4,0,,Healthcare,2504871.0,104681.91
AWON,A1 Group Inc,0.002,8,6,4,13,5,2,5,43,0.0,41.0,Weak,Watchlist only,38,-7.4,-13.8,-1.5,50.2,0,,Consumer Defensive,2074897.0,418265.63
BMTM,Bright Mountain Media Inc,0.009,10,4,5,14,2,3,5,43,-5.0,41.0,Weak,Watchlist only,36,-9.3,-2.2,0.0,53.0,1,,Communication Services,1654387.0,125431.15
SRBCF,Sirona Biochem Corp,0.005,8,6,10,10,3,2,4,43,-5.0,41.0,Weak,Watchlist only,42,0.0,0.0,-0.0,38.7,1,,Healthcare,1634865.0,1526.5
GBBLF,Global Energy Ventures Ltd,0.001,8,4,9,8,3,2,4,38,0.0,41.0,Weak,Watchlist only,29,0.0,0.0,-0.0,0.0,0,,Energy,1517706.0,27000.0
LSLCF,Lachlan Star Limited,0.003,8,6,10,10,3,2,4,43,-5.0,41.0,Weak,Watchlist only,29,0.0,0.0,-0.0,23.1,1,,Basic Materials,1003202.0,23.37
SMGI,SMG Industries Inc,0.001,7,4,9,11,4,6,4,45,-7.0,41.0,Weak,Watchlist only,43,0.0,0.0,-0.0,69.9,1,,Energy,348471.0,0.0
WEGOF,Wescan Goldfields Inc,0.004,9,4,11,7,3,2,4,40,-2.0,41.0,Weak,Watchlist only,39,0.0,0.0,0.0,60.3,0,,Basic Materials,272374.0,45.5
CTVEF,Certive Solutions Inc,0.002,7,7,11,7,3,2,4,41,-5.0,41.0,Weak,🔥 COILED: Watchlist only,44,0.0,0.0,0.0,54.0,1,,Healthcare,270632.0,900.0
EPYFF,ePlay Digital Inc,0.002,5,4,10,8,3,2,4,36,0.0,41.0,Weak,🔥 COILED: Watchlist only,37,0.0,0.0,0.0,50.0,0,,Communication Services,188035.0,1380.58
MBGNF,Med BioGene Inc,0.006,8,3,9,9,3,2,4,38,0.0,41.0,Weak,Watchlist only,31,0.0,0.0,-0.0,0.0,0,,Healthcare,101821.0,45.0
BFHJ,Beneficial Holdings Inc,0.001,4,3,10,8,3,6,4,38,0.0,41.0,Weak,Watchlist only,28,0.0,0.0,-1.3,16.4,0,,Financial Services,9408.0,28.56
CHNSF,China Starch Holdings Limited,0.02,5,4,9,9,3,2,4,36,0.0,41.0,Weak,🔥 COILED: Watchlist only,40,0.0,0.0,0.0,50.0,0,,Consumer Defensive,116209832.0,200.0
XITO,Xenous Holdings Inc,0.014,12,7,6,14,4,2,5,50,-12.0,41.0,Weak,Watchlist only,50,0.0,4.5,7.9,65.2,0,,Financial Services,10643500.0,3686.0
CGTRF,GT Resources Inc.,0.02,9,14,8,5,4,2,5,47,-6.0,41.0,Weak,Watchlist only,33,11.1,0.0,8.4,57.2,0,,Basic Materials,5447648.0,78748.48
BENFW,Beneficient Warrant,0.012,10,2,4,15,5,2,5,43,0.0,41.0,Weak,Watchlist only,56,-6.5,-1.7,0.9,52.7,0,,nan,nan,144479.43
AEXFF,Aminex PLC,0.03,7,6,3,10,4,1,5,36,0.0,41.0,Weak,🔥 COILED: Watchlist only,40,0.0,0.0,7.0,54.0,0,,Energy,134250016.0,1537.65
RTTGF,RTG Mining Inc,0.025,10,5,6,9,2,4,5,41,0.0,41.0,Weak,Watchlist only,14,0.0,0.0,0.9,49.0,0,,Basic Materials,58157172.0,29973.77
IBXXF,Imagion Biosystems Limited,0.03,14,5,5,7,6,2,4,43,-5.0,41.0,Weak,Watchlist only,50,0.0,0.0,2.6,55.9,1,,Healthcare,16198089.0,4050.14
NSGCF,Northstar Gold Corp,0.028,5,11,7,12,5,2,2,44,-3.0,41.0,Weak,Watchlist only,28,12.0,7.7,0.3,46.3,1,,Basic Materials,4261625.0,58499.55
ARAT,Arax Holdings Corp,0.026,15,6,12,9,6,2,4,54,-18.0,41.0,Weak,🔥 COILED: Watchlist only,51,0.0,0.0,1.1,99.0,1,,Technology,3628544.0,285.5
MSAIW,Infrared Cameras Holdings Inc,0.026,1,14,1,11,3,0,2,32,4.0,41.0,Weak,Watchlist only,22,-44.8,-13.7,-23.0,42.9,1,,nan,nan,46457.07
KSTBF,Kestrel Gold Inc,0.033,8,3,10,8,4,1,4,38,0.0,41.0,Weak,Watchlist only,27,0.0,0.0,-0.1,16.6,0,,Basic Materials,3587793.0,7134.88
MMJ,MMJ Group Holdings Limited  Ordinary Shares,0.04,12,3,3,9,6,0,5,38,0.0,41.0,Weak,Watchlist only,50,0.0,4.7,2.1,57.4,0,,Other,nan,188.34
GBCMF,Global Bio-chem Technology Group Company Limited,0.05,15,6,11,8,3,2,4,49,-13.0,41.0,Weak,🔥 COILED: Watchlist only,54,0.0,0.0,11.1,99.9,0,,Consumer Defensive,83941056.0,0.0
ARCXF,ArcelorMittal South Africa Ltd,0.059,8,3,10,9,3,6,4,43,-5.0,41.0,Weak,Watchlist only,36,0.0,0.0,-0.0,34.2,1,,Basic Materials,65427768.0,23.56
NRCD,Nashville Records Inc,0.052,7,3,10,9,3,2,4,38,0.0,41.0,Weak,Watchlist only,42,0.0,0.0,-0.0,5.7,0,,Communication Services,5216641.0,2.91
VVCHF,Viva China Holdings Limited,0.07,7,8,3,9,4,3,4,38,0.0,41.0,Weak,Watchlist only,16,0.0,0.0,-0.6,44.9,0,,Consumer Cyclical,697100288.0,155.01
FUUFF,F3 Uranium Corp.,0.099,6,12,8,7,4,4,5,46,-3.0,41.0,Weak,Watchlist only,29,1.7,1.6,-0.0,48.1,1,,Energy,63627860.0,504013.17
PSBAF,PT Sumber Alfaria Trijaya Tbk,0.121,8,3,9,9,3,2,4,38,0.0,41.0,Weak,Watchlist only,44,0.0,0.0,-0.0,10.8,0,,Consumer Defensive,4972111872.0,0.25
EHGRF,The Star Entertainment Group Limited,0.11,13,6,11,7,4,1,4,46,-8.0,41.0,Weak,Watchlist only,43,0.0,0.0,2.4,78.1,1,,Consumer Cyclical,729982336.0,585.47
AUEEF,Aura Energy Limited,0.125,14,5,6,8,4,1,5,43,-5.0,41.0,Weak,Watchlist only,44,0.0,0.0,9.1,55.6,1,,Energy,127430208.0,0.0
ZNWLF,Zinnwald Lithium Plc,0.115,14,3,9,9,3,6,4,48,-7.0,41.0,Weak,Watchlist only,48,-0.9,-0.9,6.4,67.4,1,,Basic Materials,54571720.0,743.34
OPTBF,Oriental Petroleum and Minerals Corporation,0.11,7,3,10,9,3,2,4,38,0.0,41.0,Weak,Watchlist only,33,0.0,0.0,-0.0,0.0,0,,Healthcare,11363033.0,14041.5
NRHI,Natural Resource Holdings Inc.,0.131,8,5,8,7,6,5,2,41,-3.0,41.0,Weak,Watchlist only,57,0.0,0.0,-0.3,52.7,1,,Basic Materials,731157.0,928.66
RDZNW,Roadzen Inc,0.13,3,13,5,15,3,2,5,46,-11.0,41.0,Weak,🔥 COILED: Watchlist only,36,8.3,13.5,4.1,51.0,3,,nan,nan,22899.18
HDVTY,Henderson Investment Ltd ADR,0.162,12,6,9,9,3,6,4,49,-8.0,41.0,Weak,Watchlist only,62,0.0,0.0,0.0,74.9,1,,Consumer Cyclical,98733408.0,459.97
EMAUF,Emperor Metals Inc.,0.204,12,9,2,13,5,0,2,43,-3.0,41.0,Weak,Watchlist only,53,-7.4,-4.5,-2.8,48.5,2,,Basic Materials,38950516.0,362091.7
SCCFF,Strategic Resources Inc,0.205,11,6,5,7,4,3,5,41,-3.0,41.0,Weak,Watchlist only,26,1.2,1.2,1.0,51.6,1,,Basic Materials,12100739.0,854.21
ARRT,Artisan Consumer Goods Inc,0.212,8,5,11,10,6,1,4,45,-7.0,41.0,Weak,Watchlist only,39,0.0,0.0,0.7,67.3,1,,Consumer Defensive,1034011.0,2033.0
SMNRF,S2 Minerals Inc,0.251,11,6,4,10,4,2,4,41,-5.0,41.0,Weak,🔥 COILED: Watchlist only,49,0.0,0.0,1.5,53.2,1,,Basic Materials,6017381.0,11.29
IPTNF,Credissential Inc.,0.264,12,6,11,10,6,2,4,51,-13.0,41.0,Weak,Watchlist only,56,0.0,0.0,0.3,99.6,0,,Technology,1805187.0,1175.97
IPTND,IPTND,0.264,12,6,11,10,6,2,4,51,-13.0,41.0,Weak,Watchlist only,59,0.0,0.0,0.3,99.6,0,,Technology,338811.0,129.17
ZMDTF,Zoomd Technologies Ltd,0.342,5,8,4,8,4,4,3,36,2.0,41.0,Weak,Watchlist only,22,2.1,-0.8,-0.5,48.2,0,,Communication Services,34461588.0,90228.25
LMTI,Laser Master International Inc,0.33,6,3,10,9,6,3,4,41,-5.0,41.0,Weak,🔥 COILED: Watchlist only,48,0.0,0.0,-0.0,50.5,1,,Industrials,2710095.0,2000.5
SKYZF,SkyCity Entertainment Group Limited,0.38,12,4,5,8,3,1,5,38,0.0,41.0,Weak,Watchlist only,28,4.5,4.5,2.1,56.4,0,,Consumer Cyclical,419160928.0,82.92
PRNAF,Alterity Therapeutics Limited,0.35,14,3,3,11,6,4,5,46,-5.0,41.0,Weak,Watchlist only,54,-22.2,-22.2,10.0,59.2,1,,Healthcare,76127912.0,0.0
PCRBF,Pricer AB (publ),0.356,13,6,11,10,3,2,4,49,-13.0,41.0,Weak,🔥 COILED: Watchlist only,26,0.0,0.0,0.1,82.6,0,,Industrials,58171952.0,173.0
CVNZF,Comvita Limited,0.416,8,6,10,8,6,1,4,43,-5.0,41.0,Weak,Watchlist only,0,0.0,0.0,-0.0,19.0,1,,Consumer Defensive,32488492.0,0.0
EDMFF,EDMFF,0.427,18,11,5,15,4,5,5,63,-22.0,41.0,Weak,Watchlist only,57,18.5,29.3,12.2,59.1,3,,Basic Materials,29663720.0,15831.25
TNJIF,Tianjin Capital Environmental Protection Group Company Limited,0.465,7,6,10,7,0,2,4,36,0.0,41.0,Weak,🔥 COILED: Watchlist only,46,0.0,0.0,0.0,50.0,0,,Industrials,729616192.0,45.0
GPACW,Global Partner Acquisition Corp II Warrant,0.481,11,5,3,7,2,7,5,40,0.0,41.0,Weak,Watchlist only,0,2.7,9.0,4.0,51.0,2,,nan,nan,0.0
CRYIF,CRYIF,0.547,7,4,10,10,3,2,4,40,-2.0,41.0,Weak,Watchlist only,49,0.0,0.0,0.0,63.9,0,,Consumer Cyclical,1559923072.0,0.03
BECVY,BEC World PCL ADR,0.53,6,4,10,9,3,2,4,38,0.0,41.0,Weak,Watchlist only,33,0.0,0.0,-0.0,0.0,0,,Communication Services,119393552.0,0.0
OILRF,Oil Refineries Ltd,0.59,14,5,5,8,4,0,5,41,0.0,41.0,Weak,Watchlist only,49,-6.3,0.0,5.7,58.0,0,,Energy,1841441536.0,0.0
HPIFF,Huadian Power International Corporation Limited,0.614,10,3,11,8,6,2,4,44,-3.0,41.0,Weak,Watchlist only,0,0.0,0.0,0.1,78.3,0,,Utilities,7129629696.0,0.0
EVOL,Evolving Systems Inc,0.6,9,5,7,8,3,5,4,41,-5.0,41.0,Weak,🔥 COILED: Watchlist only,43,0.0,0.0,-0.1,49.3,1,,Technology,4374286.0,768.93
RYGYF,Reysas Gayrimenkul Yatirim Ortakligi A.S.,0.7,9,6,3,7,4,4,3,36,0.0,41.0,Weak,🔥 COILED: Watchlist only,46,2.9,-2.9,-0.0,49.9,0,,Real Estate,1400000000.0,1949.65
ARLSF,Argo Living Soils Corp,0.7,15,5,4,10,5,2,5,46,-5.0,41.0,Weak,Watchlist only,53,-1.8,1.7,1.6,54.7,1,,Basic Materials,18215750.0,33571.86
GRPRF,Grupo Rotoplas S.A.B. de C.V,0.78,15,6,10,9,6,6,4,56,-18.0,41.0,Weak,Watchlist only,61,0.0,0.0,0.1,97.4,1,,Industrials,374151296.0,250.5
ACBD,Annabidiol Corp,0.84,10,6,11,8,3,2,4,44,-3.0,41.0,Weak,Watchlist only,57,0.0,0.0,0.0,78.5,0,,Financial Services,34081376.0,20.07
ESPT,"Espre Technologies, Inc.",0.9,8,3,10,8,3,2,4,38,0.0,41.0,Weak,Watchlist only,32,0.0,0.0,-0.0,0.0,0,,Technology,4768201.0,29.93
CUBWW,Lionheart Holdings Warrant,0.465,17,6,2,14,7,2,5,53,-10.5,40.5,Weak,Watchlist only,56,25.6,12.3,28.3,55.0,2,,nan,nan,35276.18
SAMMF,Sama Resources Inc,0.05,16,4,6,9,3,4,5,47,-6.8,40.2,Weak,Watchlist only,51,0.0,66.7,21.3,74.0,2,,Basic Materials,11596507.0,4008.15
PBMRF,PT Bumi Resources Tbk,0.008,4,7,3,7,3,7,4,35,0.0,40.0,Weak,🔥 COILED: Watchlist only,32,0.0,0.0,-4.1,42.9,0,,Energy,3063516928.0,19344.65
NOKPF,Nok Airlines Public Company Limited,0.01,13,10,11,4,8,5,5,56,-16.0,40.0,Weak,Watchlist only,58,25.0,0.0,13.2,54.2,0,,Industrials,37291868.0,51538.03
ACMNF,ACMNF,0.01,8,3,10,7,3,2,4,37,0.0,40.0,Weak,Watchlist only,33,0.0,0.0,-0.0,0.0,0,,Basic Materials,24349914.0,8.0
KRCLF,King River Resources Ltd,0.01,12,7,11,6,3,2,4,45,-10.0,40.0,Weak,🔥 COILED: Watchlist only,51,0.0,0.0,0.0,50.0,0,,Basic Materials,15585870.0,270.0
RMXFF,Red Mountain Mining Limited,0.009,7,6,2,12,1,7,5,40,-5.0,40.0,Weak,Watchlist only,28,-2.2,-13.5,-9.9,47.7,1,,Basic Materials,12633623.0,0.0
RNGC,Ranger Gold Corp,0.006,6,5,7,10,0,3,4,35,0.0,40.0,Weak,🔥 COILED: Watchlist only,25,0.0,0.0,-0.2,43.8,0,,Financial Services,1456015.0,5857.83
BRUZF,Canada Carbon Inc.,0.006,12,9,11,11,6,8,5,62,-18.0,40.0,Weak,Watchlist only,48,10.0,10.0,9.9,92.4,2,,Basic Materials,1211407.0,6028.49
ATXMF,Advantex Marketing International Inc,0.003,7,6,10,8,3,2,4,40,-5.0,40.0,Weak,🔥 COILED: Watchlist only,46,0.0,0.0,0.0,50.0,1,,Communication Services,743092.0,12.49
PVMCF,Pine Valley Mining Corp,0.005,8,7,9,8,3,1,4,40,-5.0,40.0,Weak,🔥 COILED: Watchlist only,36,0.0,0.0,0.0,54.3,1,,Basic Materials,393810.0,4873.94
ATIXF,AnalytixInsight Inc,0.002,10,7,6,8,3,1,5,40,0.0,40.0,Weak,Watchlist only,21,0.0,0.0,9.2,51.1,0,,Technology,243373.0,7168.5
PXFG,Phoenix Footwear Group Inc,0.01,8,4,10,9,3,2,4,40,-5.0,40.0,Weak,🔥 COILED: Watchlist only,29,0.0,0.0,-0.0,48.1,1,,Consumer Cyclical,146707.0,8617.29
WYPH,WayPoint Biomedical Holdings Inc,0.001,15,6,7,13,6,3,5,55,-18.0,40.0,Weak,Watchlist only,62,7.7,7.7,6.9,97.8,1,,Financial Services,77843.0,6612.33
GROO,GROO,0.007,3,4,12,13,4,2,5,43,-1.0,40.0,Weak,Watchlist only,25,16.1,16.1,6.4,48.9,2,,Technology,45787.0,8078.13
FMELF,Future Metals NL,0.013,5,4,6,7,6,3,4,35,0.0,40.0,Weak,🔥 COILED: Watchlist only,43,0.0,0.0,-0.3,49.0,0,,Basic Materials,12267530.0,12803.33
KAMRF,Kalamazoo Resources Limited,0.02,10,7,12,5,6,4,4,48,-13.0,40.0,Weak,🔥 COILED: Watchlist only,32,0.0,0.0,2.0,70.8,0,,Basic Materials,7595385.0,2220.0
VZTCF,Vaultz Capital Plc,0.02,5,6,10,7,3,2,4,37,0.0,40.0,Weak,Watchlist only,35,0.0,0.0,-0.0,4.3,0,,Financial Services,4259819.0,0.0
LUDG,Ludwig Enterprises Inc,0.02,4,3,10,8,3,5,4,37,0.0,40.0,Weak,Watchlist only,22,0.0,0.0,-2.1,31.2,0,,Healthcare,3343337.0,8425.51
REOS,ReoStar Energy Corp,0.014,5,9,7,14,3,2,5,45,-5.0,40.0,Weak,Watchlist only,37,-6.0,-2.1,-2.7,47.7,1,,Energy,1236814.0,127119.22
LNZAW,LanzaTech Global Inc.,0.02,16,6,3,16,3,3,5,52,-12.0,40.0,Weak,Watchlist only,58,42.1,4.7,15.9,60.9,0,,Industrials,nan,53421.74
RTRFF,Rumble Resources Limited,0.022,9,6,11,8,0,2,4,40,-5.0,40.0,Weak,🔥 COILED: Watchlist only,48,0.0,0.0,0.0,50.0,1,,Basic Materials,29192644.0,33.38
MALDF,Macau Legend Development Limited,0.021,8,6,10,7,3,4,4,42,-5.0,40.0,Weak,Watchlist only,40,0.0,0.0,-0.0,19.3,1,,Consumer Cyclical,14567534.0,84.64
GWRRF,EnGold Mines Ltd,0.03,13,6,5,7,6,1,4,42,-5.0,40.0,Weak,Watchlist only,42,0.0,0.0,1.5,51.4,1,,Basic Materials,1241446.0,596.54
YRLLF,Global UAV Technologies Ltd,0.021,12,5,6,9,4,0,4,40,-5.0,40.0,Weak,🔥 COILED: Watchlist only,46,-4.5,-4.5,4.3,49.1,1,,Technology,917674.0,60.75
OARFF,Fort St. James Nickel Corp,0.023,7,7,10,7,3,2,4,40,-5.0,40.0,Weak,🔥 COILED: Watchlist only,33,0.0,0.0,0.0,50.0,1,,Basic Materials,598460.0,89.8
EDNSF,Eden Research plc,0.035,5,4,9,8,3,2,4,35,0.0,40.0,Weak,🔥 COILED: Watchlist only,28,0.0,0.0,0.0,50.0,0,,Basic Materials,28117706.0,1000.0
RENXF,RENXF,0.036,13,6,12,10,6,2,4,53,-18.0,40.0,Weak,🔥 COILED: Watchlist only,30,0.0,0.0,1.8,91.5,1,,Healthcare,16138621.0,368.0
ELIXF,Elixxer Ltd,0.034,7,8,11,9,3,2,4,44,-7.0,40.0,Weak,Watchlist only,35,0.0,0.0,0.0,66.5,1,,Healthcare,3191312.0,495.78
ETFLF,Eastfield Resources Ltd,0.035,5,11,3,7,8,2,2,38,2.0,40.0,Weak,Watchlist only,52,1.4,1.4,4.6,51.9,0,,Basic Materials,2811352.0,6736.29
GNRGF,General Copper Gold Corp.,0.038,8,6,4,9,4,5,4,40,-5.0,40.0,Weak,🔥 COILED: Watchlist only,38,0.0,0.0,0.2,51.1,1,,Basic Materials,2005382.0,346.0
AGSVF,Argentum Silver Corp,0.031,10,6,8,6,6,2,4,42,-10.0,40.0,Weak,🔥 COILED: Watchlist only,31,0.0,0.0,1.1,53.5,0,,Basic Materials,1599554.0,841.71
ARWYF,Arway Corporation,0.038,6,14,3,7,3,0,5,38,2.0,40.0,Weak,Watchlist only,41,-6.8,2.9,-0.1,49.9,1,,Technology,1387798.0,11979.24
GBCMD,Global Bio-chem Technology Group Company Limited,0.05,15,6,10,8,3,2,4,48,-13.0,40.0,Weak,🔥 COILED: Watchlist only,54,0.0,0.0,9.9,100.0,0,,Consumer Defensive,83941056.0,0.0
GMDMF,Gem Diamonds Limited,0.05,13,5,8,11,1,5,5,48,-8.0,40.0,Weak,Watchlist only,30,0.0,0.0,2.4,74.9,1,,Basic Materials,7630264.0,1585.5
JMPHF,Leveljump Healthcare Corp,0.043,8,3,10,7,3,2,4,37,0.0,40.0,Weak,Watchlist only,34,0.0,0.0,-0.0,6.7,0,,Healthcare,4739467.0,12.5
TERCF,TerraCom Limited,0.051,4,8,8,12,1,4,5,42,-5.0,40.0,Weak,Watchlist only,32,3.7,4.1,-0.0,49.4,1,,Energy,99652952.0,550845.62
EOXFF,Euromax Resources Ltd,0.057,11,4,7,7,6,3,2,40,-5.0,40.0,Weak,🔥 COILED: Watchlist only,56,0.0,0.0,-0.9,52.9,1,,Basic Materials,56613980.0,8717.0
GARWF,Golden Arrow Resources Corp,0.07,17,6,8,15,3,3,5,57,-20.0,40.0,Weak,Watchlist only,55,-0.7,15.8,4.9,53.1,3,,Basic Materials,11401737.0,78211.11
LTHIF,InZinc Mining Ltd,0.07,17,4,8,14,6,4,5,58,-18.0,40.0,Weak,Watchlist only,57,0.0,0.0,19.0,91.1,1,,Basic Materials,9853520.0,15907.0
SNYXF,Vital Energy Inc,0.07,8,3,9,8,3,2,4,37,0.0,40.0,Weak,Watchlist only,31,0.0,0.0,-0.0,0.0,0,,Energy,5788998.0,337.5
QQCMF,QQCMF,0.068,4,12,6,7,6,4,4,43,-1.0,40.0,Weak,Watchlist only,31,9.5,0.0,1.5,49.6,1,,nan,nan,186872.97
BTGRF,BTS Group Holdings Public Company Limited,0.074,8,3,10,7,3,2,4,37,0.0,40.0,Weak,Watchlist only,28,0.0,0.0,-0.0,0.0,0,,Industrials,1193323008.0,276.38
BRNHF,Broncus Holding Corporation,0.08,8,4,10,9,3,2,4,40,-5.0,40.0,Weak,🔥 COILED: Watchlist only,38,0.0,0.0,-0.0,48.1,1,,Healthcare,42126324.0,300.0
TCEFF,Tisdale Clean Energy Corp.,0.071,8,14,10,9,3,2,5,51,-11.0,40.0,Weak,Watchlist only,35,13.7,-1.0,8.7,57.3,1,,Energy,4296323.0,7681.32
FFLO,Free Flow Inc,0.081,12,6,11,9,6,2,4,50,-13.0,40.0,Weak,Watchlist only,45,0.0,0.0,0.1,99.9,0,,Consumer Cyclical,2504800.0,48.27
CHAEF,China Aerospace International Holdings Limited,0.125,15,6,9,9,6,4,4,53,-18.0,40.0,Weak,🔥 COILED: Watchlist only,52,0.0,0.0,3.9,83.6,1,,Technology,386553280.0,2533.05
PVLTF,Beijing Energy International Holding Co. Ltd,0.11,8,3,10,7,3,2,4,37,0.0,40.0,Weak,Watchlist only,37,0.0,0.0,-0.0,0.0,1,,Utilities,241875088.0,9.5
SCDCF,Scandium Canada Ltd,0.121,8,14,8,3,8,2,2,45,-6.0,40.0,Weak,Watchlist only,43,1.3,0.4,-0.9,47.0,1,,Basic Materials,55751152.0,152049.03
ADIA,Adia Nutrition Inc,0.149,16,11,5,8,5,3,3,51,-12.0,40.0,Weak,Watchlist only,49,43.3,2.8,7.7,53.4,1,,Healthcare,14066300.0,45086.33
ORMNF,Orex Minerals Inc,0.128,8,6,5,12,2,5,5,43,-3.0,40.0,Weak,Watchlist only,25,1.7,-1.6,-0.1,48.2,1,,Basic Materials,8957897.0,17690.75
TBRDF,TBRDF,0.101,15,5,6,9,3,2,4,44,-7.0,40.0,Weak,Watchlist only,56,0.0,0.0,5.1,61.6,1,,Basic Materials,5241912.0,106.1
GBEI,Great Basin Energies Inc,0.12,6,5,8,7,3,7,4,40,0.0,40.0,Weak,Watchlist only,44,0.1,0.1,-0.2,29.8,0,,Basic Materials,2298888.0,4749.05
VUVAF,Texton Property Fund Ltd Accum.Units ZAR,0.136,8,3,9,8,3,2,4,37,0.0,40.0,Weak,Watchlist only,32,0.0,0.0,-0.0,0.0,0,,Real Estate,nan,7145.05
IBACR,IB Acquisition Corp. Right,0.115,12,5,9,5,6,3,5,45,-10.0,40.0,Weak,🔥 COILED: Watchlist only,50,-0.3,0.0,0.4,53.4,0,,nan,nan,0.0
HOFBF,Hofseth BioCare ASA,0.167,7,6,10,8,3,2,4,40,-5.0,40.0,Weak,🔥 COILED: Watchlist only,38,0.0,0.0,0.0,50.0,1,,Consumer Defensive,84337976.0,3037.5
HPTO,hopTo Inc,0.15,14,4,5,13,6,6,5,53,-13.0,40.0,Weak,Watchlist only,47,15.4,15.4,14.0,95.7,2,,Technology,3225948.0,302.0
HSRMF,Hastings Technology Metals Limited,0.22,6,8,8,10,3,3,4,42,-5.0,40.0,Weak,Watchlist only,15,0.0,0.0,-2.4,40.4,1,,Basic Materials,50699712.0,23902.61
CMAUF,Chibougamau Independent Mines Inc,0.204,12,5,5,8,4,3,2,39,-2.0,40.0,Weak,Watchlist only,38,0.0,85.9,16.3,64.4,2,,Basic Materials,12628937.0,2142.39
INXSF,Intouch Insight Ltd,0.22,7,8,5,9,8,2,4,43,-3.0,40.0,Weak,Watchlist only,29,15.8,0.0,3.5,51.9,2,,Technology,5628264.0,4212.87
CMWCF,Cromwell Property Group,0.252,8,3,10,7,3,2,4,37,0.0,40.0,Weak,Watchlist only,30,0.0,0.0,-0.0,0.0,0,,Real Estate,661001984.0,51.9
IGESF,IGas Energy plc,0.293,13,11,4,9,6,6,4,53,-13.0,40.0,Weak,Watchlist only,52,32.6,-0.8,11.4,57.1,2,,Energy,56386592.0,870.4
KBRIF,KBRIF,0.25,17,7,6,16,7,6,5,64,-24,40,Weak,Watchlist only,63,52.6,52.6,39.7,77.5,3,6,Basic Materials,33831464.0,585.03
BJWTF,Beijing Enterprises Water Group Limited,0.3,4,3,10,10,3,3,4,37,0.0,40.0,Weak,Watchlist only,19,0.0,0.0,-0.5,39.3,0,,Utilities,3008433408.0,0.0
ARRRF,Ardea Resources Limited,0.316,10,10,3,9,4,2,5,43,-3.0,40.0,Weak,Watchlist only,23,12.9,7.5,13.5,52.2,2,,Basic Materials,69429664.0,9680.77
ESAUF,ESGold Corp.,0.325,3,8,8,11,2,2,2,36,-1.0,40.0,Weak,Watchlist only,29,1.6,-0.6,-0.8,46.4,2,,Basic Materials,36796344.0,126025.88
RDFEF,Brookside Energy Ltd,0.323,14,3,6,10,4,1,5,43,-3.0,40.0,Weak,Watchlist only,36,19.6,23.4,10.6,72.7,2,,Energy,30517042.0,3179.0
NVLPF,Nova Leap Health Corp,0.308,18,6,7,5,6,6,5,53,-13.0,40.0,Weak,Watchlist only,69,0.0,18.5,8.4,73.4,2,,Healthcare,26892790.0,7590.06
MDIYF,Mr D.I.Y. Group (M) Berhad,0.355,8,3,10,7,3,2,4,37,0.0,40.0,Weak,Watchlist only,31,0.0,0.0,-0.0,21.4,0,,Consumer Cyclical,3363556352.0,98.17
NZMEF,NZME Limited,0.35,5,4,9,8,3,2,4,35,0.0,40.0,Weak,🔥 COILED: Watchlist only,28,0.0,0.0,0.0,50.0,1,,Communication Services,65863564.0,0.0
HOVRW,New Horizon Aircraft Ltd,0.365,6,13,3,9,4,4,2,41,-1.0,40.0,Weak,Watchlist only,33,-3.0,-2.4,-1.5,48.7,0,,nan,nan,81700.33
TGDLF,Tongdao Liepin Group,0.483,8,3,10,7,3,2,4,37,0.0,40.0,Weak,Watchlist only,28,0.0,0.0,-0.0,0.0,0,,Industrials,221970384.0,33.25
FSTJ,First America Resources Corporation,0.499,11,6,8,14,1,2,5,47,-7.0,40.0,Weak,Watchlist only,54,-0.2,1.8,2.7,56.8,1,,Financial Services,43894080.0,241.23
USLRF,USLRF,0.489,12,15,9,5,3,2,5,51,-11.0,40.0,Weak,Watchlist only,46,-0.2,8.9,4.9,54.9,1,,nan,nan,225581.15
CFTLF,ChinaSoft International Ltd,0.531,5,6,10,8,3,4,4,40,0.0,40.0,Weak,Watchlist only,35,0.0,0.0,-0.0,13.3,0,,Technology,1333096320.0,0.0
FURY,Fury Gold Mines Ltd,0.534,5,17,8,2,4,4,4,44,-8.0,40.0,Weak,Watchlist only,28,0.7,0.5,1.1,51.0,1,,Basic Materials,101473552.0,604749.97
BGAVF,Bravada Gold Corporation,0.594,14,5,5,9,1,1,5,40,0.0,40.0,Weak,Watchlist only,55,-7.2,4.8,2.1,53.9,0,,Basic Materials,17084154.0,148963.36
FRWDF,Fairwood Holdings Limited,0.638,8,3,10,7,3,2,4,37,0.0,40.0,Weak,Watchlist only,30,0.0,0.0,-0.0,0.1,0,,Consumer Cyclical,82654680.0,137.5
BOCN,Blue Ocean Acquisition Corp,0.61,17,6,4,9,3,11,5,55,-15.0,40.0,Weak,Watchlist only,67,5.0,8.2,4.7,67.0,2,,Financial Services,70565776.0,395.17
TVBCY,Television Broadcasts Ltd,0.69,18,4,4,11,6,5,5,53,-13.0,40.0,Weak,Watchlist only,30,21.1,21.1,13.6,88.7,2,,Communication Services,161101824.0,28.68
ITRE,IntriEnergy Inc,0.65,5,4,9,8,3,2,4,35,0.0,40.0,Weak,🔥 COILED: Watchlist only,28,0.0,0.0,0.0,50.0,0,,Utilities,nan,7.85
ATTRF,Ascott Residence Trust,0.739,10,5,10,5,3,6,4,43,-8.0,40.0,Weak,🔥 COILED: Watchlist only,55,0.0,0.0,-0.0,42.4,0,,Real Estate,2844669952.0,29.62
THRC,Havana Roasters Coffee Companies Inc.,0.7,14,7,11,5,4,2,4,47,-15.0,40.0,Weak,🔥 COILED: Watchlist only,31,0.0,0.0,0.0,49.0,1,,Consumer Defensive,68810.0,366.54
THMG,Thunder Mountain Gold Inc,0.788,14,5,4,13,3,1,4,44,-9.0,40.0,Weak,🔥 COILED: Watchlist only,46,-1.4,-0.2,-0.0,50.9,1,,Basic Materials,73729144.0,51460.2
CJIMF,Gunpoint Exploration Ltd,0.75,12,6,11,10,3,6,4,52,-15.0,40.0,Weak,Watchlist only,65,0.0,0.0,0.0,93.6,1,,Basic Materials,44827448.0,295.0
WINSF,Wins Finance Holdings Inc,0.75,12,6,11,9,6,2,4,50,-13.0,40.0,Weak,Watchlist only,53,0.0,0.0,0.3,100.0,0,,Financial Services,25892.0,8.5
LAB,Standard Biotools Inc,0.874,2,14,4,9,3,2,5,39,-3.0,40.0,Weak,Watchlist only,29,6.6,4.0,2.7,51.3,1,,Healthcare,342099424.0,2493586.76
MMILF,Metro Mining Limited,0.935,6,6,2,14,8,0,2,38,2.0,40.0,Weak,Watchlist only,48,0.6,-18.7,-10.0,22.2,0,,Basic Materials,288260768.0,0.0
TETHF,Tethys Petroleum Limited,0.934,12,5,2,10,4,0,4,37,0.0,40.0,Weak,Watchlist only,34,0.0,0.2,2.1,52.7,0,,Energy,107219240.0,192.66
NDGPF,Nine Dragons Paper (Holdings) Limited,0.95,17,4,6,10,6,2,5,50,-13.0,40.0,Weak,Watchlist only,51,0.0,5.6,3.0,96.6,0,,Basic Materials,4222998784.0,2604.0
SHZNF,Shenzhen Expressway Company Limited,0.95,8,4,11,8,3,2,4,40,-3.0,40.0,Weak,Watchlist only,0,0.0,0.0,0.0,71.0,0,,Industrials,2929030656.0,0.0
BBOP,Bebop Channel Corp,1.0,8,3,10,7,3,2,4,37,0.0,40.0,Weak,Watchlist only,38,0.0,0.0,-0.0,0.0,0,,Communication Services,8733041.0,4.0
ABRMF,Arbor Metals Corp,0.077,11,5,5,11,3,7,5,47,-7.5,39.5,Poor,Stay away,59,0.0,139.4,37.1,58.1,2,,Basic Materials,7755615.0,381.8
GMELF,GOME Retail Holdings Limited,0.002,3,3,9,9,3,5,4,36,0.0,39.0,Poor,Stay away,15,0.0,0.0,-1.9,27.4,0,,Consumer Cyclical,119874920.0,875.0
NWFAF,New Focus Auto Tech Holdings Limited,0.002,3,3,9,11,3,3,4,36,0.0,39.0,Poor,Stay away,13,0.0,0.0,-2.6,36.3,0,,Consumer Cyclical,41320676.0,1391.94
BSNLF,Blue Star Helium Ltd,0.004,5,11,6,8,4,0,5,39,2.0,39.0,Poor,Stay away,24,28.6,-10.0,1.4,49.7,0,,Energy,20304620.0,522090.89
KLXDF,KLXDF,0.011,7,6,10,8,3,6,4,44,-8.0,39.0,Poor,Stay away,48,0.0,0.0,0.0,73.9,1,,Technology,15513878.0,3740.0
CTGL,Citrine Global Corp,0.007,3,9,9,12,3,0,2,38,0.0,39.0,Poor,Stay away,23,-14.6,-13.6,-13.3,41.6,1,,Consumer Defensive,6676185.0,67772.9
MDMP,MDM Permian Inc,0.004,6,7,5,10,4,2,2,36,0.0,39.0,Poor,Stay away,33,11.1,0.0,-0.5,49.2,0,,Energy,2160920.0,163436.59
ECWDF,ECWDF,0.002,9,6,11,7,0,2,4,39,-5.0,39.0,Poor,🔥 COILED: Stay away,53,0.0,0.0,0.0,50.0,1,,Real Estate,1214757.0,95.0
SLGWQ,SLGWQ,0.003,8,4,10,8,3,2,4,39,-5.0,39.0,Poor,🔥 COILED: Stay away,39,0.0,0.0,0.0,50.0,1,,Healthcare,1038227.0,329.32
MMSDF,Macarthur Minerals Limited,0.002,3,3,10,8,3,5,4,36,0.0,39.0,Poor,Stay away,16,0.0,0.0,-9.1,31.6,0,,Basic Materials,822543.0,3575.29
CBDY,Target Group Inc,0.001,9,4,6,7,3,2,5,36,0.0,39.0,Poor,Stay away,27,0.0,0.0,3.6,50.9,0,,Healthcare,555323.0,177815.83
RFXRF,Running Fox Resource Corp,0.002,16,4,5,15,4,3,5,52,-13.0,39.0,Poor,Stay away,41,5.0,5.0,3.6,95.5,0,,Basic Materials,381403.0,453.5
RSLT,Resilient Healthcare Corp,0.003,6,6,8,8,3,1,4,36,0.0,39.0,Poor,Stay away,0,0.0,0.0,-0.9,2.7,0,,Healthcare,347524.0,0.0
AJOY,Ayujoy Herbals Ltd,0.002,5,3,10,9,3,2,4,36,0.0,39.0,Poor,Stay away,29,0.0,0.0,-0.0,6.6,0,,Consumer Defensive,136730.0,11087.89
FLWBF,Flow Beverage Corp,0.001,7,6,10,9,3,2,4,41,-5.0,39.0,Poor,Stay away,31,0.0,0.0,-0.0,9.4,1,,Consumer Defensive,95383.0,4259.14
NVOS,Novo Integrated Sciences Inc,0.004,4,7,6,14,3,7,5,46,-7.0,39.0,Poor,Stay away,33,-7.5,-5.1,-1.7,48.2,1,,Healthcare,73001.0,5266.93
HTHL,Humitech International Group Inc,0.002,10,6,11,7,3,6,4,47,-8.0,39.0,Poor,Stay away,51,0.0,0.0,0.0,77.8,1,,Industrials,9678.0,11.15
CPIHF,Champion Technology Holdings Ltd,0.016,5,4,9,7,3,2,4,34,0.0,39.0,Poor,🔥 COILED: Stay away,40,0.0,0.0,0.0,50.0,0,,Energy,17561838.0,0.43
DROR,Dror Ortho-Design Inc.,0.012,7,7,3,8,8,2,2,37,2.0,39.0,Poor,Stay away,49,0.0,-0.8,11.6,53.2,0,,Consumer Cyclical,11626266.0,34684.54
CUBXF,CubicFarm Systems Corp,0.02,7,7,11,9,3,2,4,43,-7.0,39.0,Poor,Stay away,36,0.0,0.0,0.0,61.7,1,,Industrials,789791.0,2255.77
FLMTF,Full Metal Minerals Ltd,0.012,3,8,7,8,0,3,5,34,2.0,39.0,Poor,Stay away,20,0.0,0.0,-8.0,40.3,0,,Basic Materials,711749.0,1275.31
ENAI,ENAI,0.02,15,6,12,7,6,2,4,52,-18.0,39.0,Poor,🔥 COILED: Stay away,51,0.0,0.0,7.4,97.5,1,,Financial Services,403819.0,435.86
MLPHD,AI Energy Inc.,0.02,15,6,12,7,6,2,4,52,-18.0,39.0,Poor,🔥 COILED: Stay away,51,0.0,0.0,5.6,97.3,1,,Financial Services,403819.0,433.04
DHAI,"DIH Holdings US, Inc. Class A Common Stock",0.02,8,5,10,12,3,1,5,44,-8.0,39.0,Poor,Stay away,32,0.0,0.0,16.7,77.1,1,,Healthcare,41853.0,84170.22
ALTAF,Altura Mining Limited,0.031,10,3,5,12,3,1,5,39,-5.0,39.0,Poor,🔥 COILED: Stay away,52,0.0,0.0,5.0,51.5,1,,Basic Materials,12519583.0,0.0
INIKF,PopReach Corporation,0.039,4,4,8,8,4,5,4,37,-3.0,39.0,Poor,🔥 COILED: Stay away,38,0.0,0.0,-0.6,46.6,1,,Communication Services,22612946.0,19470.25
GHST,GHST World Inc,0.034,5,6,8,7,3,3,2,34,0.0,39.0,Poor,🔥 COILED: Stay away,25,0.0,0.0,0.1,49.4,0,,Consumer Cyclical,4426840.0,1577.39
HLOC,World Technology Corp,0.036,10,6,5,8,3,3,5,40,0.0,39.0,Poor,Stay away,24,0.0,0.0,15.2,50.0,0,,Technology,3097057.0,386.05
ALRGF,Antler Gold Inc,0.031,7,6,10,7,3,2,4,39,-5.0,39.0,Poor,🔥 COILED: Stay away,32,0.0,0.0,0.0,50.0,1,,Basic Materials,2843008.0,52.5
GORIF,Golden Ridge Resources Ltd,0.035,4,3,10,7,3,5,4,36,0.0,39.0,Poor,Stay away,25,0.0,0.0,-0.7,33.5,0,,Basic Materials,2048946.0,0.0
TVIPF,TVI Pacific Inc,0.05,8,6,6,10,1,6,2,39,0.0,39.0,Poor,Stay away,42,0.0,0.0,-3.1,43.3,0,,Basic Materials,36429352.0,16138.84
CNPTF,Central Petroleum Limited,0.045,13,6,5,5,1,7,4,41,-10.0,39.0,Poor,🔥 COILED: Stay away,39,0.0,0.0,2.5,52.0,0,,Energy,33838404.0,938.21
CRBAF,CRBAF,0.042,11,6,9,5,4,4,5,44,-10.0,39.0,Poor,🔥 COILED: Stay away,30,0.0,0.0,1.0,52.1,0,,nan,4876640.0,1032.64
BESAF,Besra Gold Inc.,0.07,12,7,11,12,6,2,4,54,-18.0,39.0,Poor,Stay away,55,0.0,0.0,1.9,99.8,1,,Basic Materials,29267062.0,19.64
OKMN,"Okmin Resources, Inc.",0.07,15,6,12,9,4,2,4,52,-18.0,39.0,Poor,🔥 COILED: Stay away,56,0.0,0.0,3.3,83.7,1,,Energy,8994250.0,3036.51
COLRF,China Medical & HealthCare Group Limited,0.08,8,3,9,7,3,2,4,36,0.0,39.0,Poor,Stay away,44,0.0,0.0,-0.0,0.0,0,,Healthcare,80842432.0,12.0
PLSH,Panacea Life Sciences Holdings Inc,0.09,10,6,2,12,7,0,5,42,-3.0,39.0,Poor,Stay away,61,-28.3,-10.0,4.2,53.1,1,,Healthcare,1910141.0,14228.01
FFUCF,FFUCF,0.09,10,8,3,8,0,5,5,39,0.0,39.0,Poor,Stay away,42,-5.5,15.2,0.6,49.6,2,,nan,nan,138749.39
MNDDF,Monde Nissin Corporation,0.12,5,3,10,9,3,2,4,36,0.0,39.0,Poor,Stay away,35,0.0,0.0,-0.0,0.0,0,,Consumer Defensive,2156233216.0,80.0
GBRRF,Gabriel Resources Ltd,0.119,10,6,4,7,6,5,3,41,-5.0,39.0,Poor,Stay away,51,0.0,8.3,3.5,52.8,2,,Basic Materials,32972958.0,3901.75
TRLEF,Trillion Energy International Inc.,0.12,7,14,5,8,4,4,4,46,-5.0,39.0,Poor,Stay away,41,-2.5,-4.8,-1.6,48.4,1,,Energy,7295618.0,75916.35
THURF,Thunderstruck Resources Ltd,0.1,6,7,11,7,3,1,4,39,-5.0,39.0,Poor,🔥 COILED: Stay away,43,0.0,0.0,1.5,56.5,1,,Basic Materials,7107121.0,2223.31
HOGPF,HOGPF,0.11,5,15,9,3,3,4,5,44,-8.0,39.0,Poor,Stay away,32,-13.9,9.7,2.3,50.3,1,,nan,nan,48675.59
DUSXF,Dustin Group AB (publ),0.17,7,3,10,7,3,2,4,36,0.0,39.0,Poor,Stay away,32,0.0,0.0,-0.0,31.3,0,,Technology,230908064.0,725.0
AMTFF,AmeriTrust Financial Technologies Inc.,0.181,10,7,6,15,7,4,5,54,-15.0,39.0,Poor,Stay away,59,-6.5,-6.5,1.0,56.9,1,,Technology,186037696.0,173467.38
MTQCF,MTQCF,0.172,8,3,3,8,3,1,5,31,0.0,39.0,Poor,🔥 COILED: Stay away,32,0.0,0.0,0.2,50.6,0,,nan,38269412.0,201.0
MILIF,Military Metals Corp.,0.153,7,13,7,14,3,6,5,55,-21.0,39.0,Poor,Stay away,18,11.6,14.3,9.2,55.5,3,,Basic Materials,11278537.0,208471.61
FWFW,Flywheel Advanced Technology Inc,0.162,3,4,7,12,3,5,5,39,-3.0,39.0,Poor,Stay away,29,0.0,0.0,-5.6,40.6,1,,Financial Services,4497857.0,255.11
NLGCF,Northern Lion Gold Corp,0.178,8,6,11,8,0,2,4,39,-5.0,39.0,Poor,🔥 COILED: Stay away,47,0.0,0.0,0.0,50.0,1,,Basic Materials,3031680.0,0.0
AKOBF,AKOBF,0.203,5,7,11,7,3,2,4,39,-5.0,39.0,Poor,🔥 COILED: Stay away,46,0.0,0.0,0.0,51.8,1,,Basic Materials,46546248.0,40.0
KARX,KARX,0.2,9,6,9,7,1,4,5,41,-5.0,39.0,Poor,Stay away,44,-3.7,0.0,0.8,50.2,1,,Industrials,17833630.0,22521.42
OBAWW,Oxley Bridge Acquisition Limited Warrants,0.245,18,14,5,6,6,7,5,61,-20.0,39.0,Poor,Stay away,64,11.4,14.9,12.1,63.9,2,,nan,nan,0.0
TAGP,Tristar Acquisition Group,0.289,18,3,5,17,5,6,5,59,-20,39,Poor,Stay away,63,92.7,122.3,67.8,84.4,2,10,Energy,54652076.0,13125.0
MNIZ,Gen 2 Technologies Inc,0.28,10,6,4,10,3,1,5,39,0.0,39.0,Poor,Stay away,36,-6.7,31.5,4.9,50.9,2,,Communication Services,1109736.0,2503.0
GCAN,Greater Cannabis Company Inc,0.25,10,6,4,7,3,4,5,39,0.0,39.0,Poor,Stay away,56,-19.4,-1.0,-4.7,49.5,0,,Healthcare,248594.0,3622.29
SBCWW,SBC Medical Group Holdings Incorporated,0.26,8,9,2,7,8,0,5,39,2.0,39.0,Poor,Stay away,57,-13.3,13.0,8.3,53.2,2,,nan,nan,31268.07
NRDMF,NRDMF,0.28,10,4,5,13,0,4,5,41,-5.0,39.0,Poor,🔥 COILED: Stay away,39,-4.4,-4.1,-0.1,50.6,1,,Basic Materials,nan,14077.28
HPDHF,Hopson Development Holdings Limited,0.33,5,4,9,7,3,2,4,34,0.0,39.0,Poor,🔥 COILED: Stay away,27,0.0,0.0,0.0,50.0,0,,Real Estate,1251538560.0,6.6
ENQUF,EnQuest PLC,0.33,9,5,5,11,7,2,5,44,-10.0,39.0,Poor,🔥 COILED: Stay away,42,-2.9,3.1,0.3,54.1,0,,Energy,630531136.0,0.0
KIMO,KIMO,0.33,5,4,9,7,3,2,4,34,0.0,39.0,Poor,🔥 COILED: Stay away,28,0.0,0.0,0.0,50.0,0,,Consumer Defensive,5765972.0,40.0
GSUN,Golden Sun Education Group Ltd,0.323,4,14,2,9,3,2,3,37,-3.0,39.0,Poor,Stay away,28,18.0,-7.7,4.5,49.5,2,,Consumer Defensive,3241330.0,3351502.76
ASLM,American Silver Mining Co,0.315,9,6,4,11,0,4,5,39,0.0,39.0,Poor,Stay away,32,-7.4,-1.6,-2.0,47.2,0,,Basic Materials,nan,1795681.0
FSHUF,Fu Shou Yuan International Group Limited,0.38,8,3,10,9,0,2,4,36,0.0,39.0,Poor,Stay away,27,0.0,0.0,-0.0,0.0,1,,Consumer Cyclical,863004032.0,130.0
DHAWF,DHAWF,0.41,5,4,9,7,3,2,4,34,0.0,39.0,Poor,🔥 COILED: Stay away,38,0.0,0.0,0.0,50.0,0,,Real Estate,287475872.0,0.54
ILLMF,illumin Holdings Inc.,0.45,7,12,3,11,4,2,3,42,-3.0,39.0,Poor,Stay away,22,-1.9,4.8,0.9,48.7,1,,Communication Services,22805164.0,16109.04
NTPR,NutraProducts Inc.,0.4,11,6,9,7,0,3,5,41,-5.0,39.0,Poor,Stay away,39,0.0,0.0,0.2,51.3,1,,Consumer Defensive,8162999.0,1128.0
SKFG,Stark Focus Group Inc,0.4,11,7,1,8,7,0,5,39,0.0,39.0,Poor,Stay away,48,-11.7,-19.2,-8.3,49.6,0,,Consumer Cyclical,3979336.0,22481.19
HAATF,Haad Thip Public Company Limited,0.484,8,3,9,7,3,2,4,36,0.0,39.0,Poor,Stay away,29,0.0,0.0,-0.0,0.0,0,,Consumer Defensive,194449376.0,155.0
GRMHF,Greentown Management Holdings Company Limited,0.5,5,4,9,7,3,2,4,34,0.0,39.0,Poor,🔥 COILED: Stay away,40,0.0,0.0,0.0,50.0,0,,Real Estate,980919168.0,2.5
PCGC,PeakCart Group Corp.,0.546,4,13,2,11,3,2,5,40,-1.0,39.0,Poor,Stay away,40,-44.8,1.6,-31.4,45.8,1,,Industrials,46920.0,1277.96
NXNT,NXNT,0.502,9,4,3,12,6,4,4,42,-3.0,39.0,Poor,Stay away,33,-27.2,0.4,-9.4,45.8,0,,nan,nan,1361.73
SBDCF,SBD Capital Corp,0.591,7,6,10,7,3,2,4,39,-5.0,39.0,Poor,🔥 COILED: Stay away,46,0.0,0.0,0.0,50.0,1,,Consumer Defensive,1437016.0,1126.04
EIHDF,888 Holdings,0.61,11,3,7,7,6,2,5,41,-5.0,39.0,Poor,Stay away,52,-6.2,-1.6,-0.4,53.6,1,,Consumer Cyclical,270075776.0,4229.44
AINHF,Ai-Media Technologies Limited,0.6,7,6,10,7,3,2,4,39,-5.0,39.0,Poor,🔥 COILED: Stay away,41,0.0,0.0,0.0,50.0,1,,Communication Services,126592184.0,0.0
ADCNF,ADCNF,0.65,5,4,9,7,3,2,4,34,0.0,39.0,Poor,🔥 COILED: Stay away,27,0.0,0.0,0.0,50.0,0,,Healthcare,466598304.0,5535.4
FGRMAX,FGRMAX,0.726,4,8,7,8,3,3,3,36,0.0,39.0,Poor,Stay away,27,0.0,-0.2,-0.6,23.1,0,,nan,nan,0.0
UNPSF,Uni-President China Holdings Ltd,0.9,6,4,8,8,3,1,4,34,0.0,39.0,Poor,🔥 COILED: Stay away,28,0.0,0.0,-0.1,45.2,0,,Consumer Defensive,3887400448.0,40.0
KTHUD,KTHUD,0.938,15,6,9,10,6,2,4,52,-18.0,39.0,Poor,🔥 COILED: Stay away,64,0.0,0.0,11.9,99.9,1,,Consumer Cyclical,44520880.0,134.47
CORBF,Global Cord Blood Corporation,0.95,6,4,10,8,3,1,4,36,0.0,39.0,Poor,Stay away,37,0.0,0.0,-0.2,44.4,0,,Healthcare,140610448.0,7503.83
CPADF,Cookpad Inc,0.977,8,3,9,7,3,2,4,36,0.0,39.0,Poor,Stay away,31,0.0,0.0,-0.0,0.0,0,,Communication Services,70231256.0,177.04
CONC,ConectiSys Corporation,1.0,9,6,11,9,3,2,4,44,-8.0,39.0,Poor,Stay away,51,0.0,0.0,0.0,79.1,1,,Financial Services,888579.0,4.51
ASWRF,Gungnir Resources Inc,0.488,17,4,4,14,5,4,5,53,-14.5,38.5,Poor,Stay away,57,-7.9,-18.0,48.1,60.3,1,,Basic Materials,3213741.0,0.0
BRWC,Birdie Win Corporation,0.586,10,9,8,11,4,5,5,52,-13.5,38.5,Poor,Stay away,49,54.3,65.4,29.2,63.3,2,11,Consumer Defensive,3940607.0,16505.79
FBGI,First Shares Bancorp Inc,0.001,5,3,10,8,3,2,4,35,0.0,38.0,Poor,Stay away,31,0.0,0.0,-0.0,0.0,0,,Consumer Cyclical,30703528.0,437.5
CDBDF,Cloudbreak Discovery Plc,0.008,4,3,10,10,3,1,4,35,0.0,38.0,Poor,Stay away,30,0.0,0.0,-0.5,31.6,0,,Basic Materials,18391718.0,3950.03
SRCH,Searchlight Minerals Corp,0.006,4,10,3,13,8,2,3,43,-1.0,38.0,Poor,Stay away,56,1.7,-12.9,-1.9,45.7,1,,Basic Materials,2236116.0,23895.04
GRSFF,Greencastle Resources Ltd,0.007,5,4,10,10,0,5,4,38,-5.0,38.0,Poor,🔥 COILED: Stay away,33,0.0,0.0,-0.1,48.8,1,,Energy,1442766.0,317.5
SFIO,Starfleet Innotech Inc,0.001,7,7,6,10,3,3,2,38,0.0,38.0,Poor,Stay away,21,0.0,0.0,-1.7,47.8,0,,Financial Services,1285345.0,703430.89
ANTCF,Aion Therapeutic Inc,0.002,7,6,11,10,3,2,4,43,-8.0,38.0,Poor,Stay away,38,0.0,0.0,0.0,74.2,1,,Healthcare,1256125.0,2424.63
PNNX,Pennexx Foods Inc,0.009,14,7,4,12,3,0,5,45,-7.0,38.0,Poor,Stay away,23,0.0,0.0,12.3,67.4,1,,Technology,518717.0,8512.06
DMIFF,Diamcor Mining Inc,0.002,4,3,10,7,3,4,4,35,0.0,38.0,Poor,Stay away,14,0.0,0.0,-0.8,21.6,0,,Basic Materials,421597.0,17656.57
FLRLF,FluroTech Ltd.,0.005,12,6,10,6,3,2,4,43,-10.0,38.0,Poor,🔥 COILED: Stay away,53,0.0,0.0,0.1,50.0,0,,Healthcare,116027.0,3.05
FTIDF,FTIDF,0.001,8,6,10,7,3,2,4,40,-5.0,38.0,Poor,Stay away,26,0.0,0.0,-0.0,3.0,1,,Consumer Cyclical,30265.0,500.5
NENTY,Nordic Entertainment Group AB (publ),0.012,8,3,10,10,3,2,4,40,-5.0,38.0,Poor,Stay away,25,0.0,0.0,-0.0,33.1,1,,Communication Services,219285472.0,275.0
VMST,"VeeMost Technologies Holdings, Inc.",0.016,5,14,7,7,3,0,2,38,2.0,38.0,Poor,Stay away,31,0.0,-11.1,-2.6,47.5,0,,Technology,5885971.0,592268.49
XCRT,Union Dental Holdings Inc,0.011,6,8,4,9,0,4,5,36,2.0,38.0,Poor,Stay away,31,0.0,0.0,-1.2,48.8,0,,Healthcare,4774562.0,99315.32
INNI,Innovaro Inc,0.02,3,5,8,15,5,0,5,41,-8.0,38.0,Poor,Stay away,43,-6.1,-14.2,-6.2,46.0,1,,Financial Services,4252298.0,73284.36
CJREF,Corus Entertainment Inc,0.02,7,4,10,9,3,3,4,40,-5.0,38.0,Poor,Stay away,29,0.0,0.0,-0.3,46.9,1,,Communication Services,3988803.0,5758.9
YOOIF,YANGAROO Inc,0.02,2,6,7,8,3,3,2,31,2.0,38.0,Poor,🔥 COILED: Stay away,19,0.0,0.0,-8.2,42.6,0,,Communication Services,953646.0,2277.5
BLFR,Bluefire,0.03,12,7,11,9,6,4,4,53,-18.0,38.0,Poor,Stay away,45,0.0,0.0,4.2,90.0,1,,Financial Services,760421.0,2177.26
HENGF,Hengdeli Holdings Limited,0.033,15,5,6,9,6,2,5,48,-13.0,38.0,Poor,Stay away,58,0.0,0.0,5.5,100.0,0,,Industrials,88080384.0,12906.0
KRMMF,Kingsrose Mining Limited,0.04,13,5,7,11,6,4,5,51,-13.0,38.0,Poor,Stay away,45,0.0,0.0,4.8,99.2,0,,Basic Materials,30141060.0,6683.33
TGRP,TRON Group Inc,0.04,14,7,10,2,5,4,5,47,-12.0,38.0,Poor,Stay away,35,0.0,0.0,2.9,66.7,0,,Healthcare,7360000.0,5990.0
AJYG,AJ1G Inc,0.036,4,6,10,7,3,1,4,35,0.0,38.0,Poor,Stay away,19,0.0,0.0,-2.2,33.8,0,,Financial Services,2228683.0,44.57
AKOM,Aerkomm Inc,0.041,8,6,10,7,3,2,4,40,-5.0,38.0,Poor,Stay away,23,0.0,0.0,-0.0,0.0,1,,Technology,807774.0,52.45
YMAIF,Yoma Strategic Holdings Ltd,0.056,6,3,10,7,3,2,4,35,0.0,38.0,Poor,Stay away,33,0.0,0.0,-0.0,0.0,0,,Industrials,133756248.0,0.0
GRCMF,Green Shift Commodities Ltd.,0.054,9,4,5,8,6,1,2,35,0.0,38.0,Poor,Stay away,55,-6.1,-6.1,-3.9,44.1,0,,Basic Materials,7608396.0,7233.51
GCCFF,Golden Cariboo Resources Ltd,0.054,7,10,5,11,4,0,4,41,-3.0,38.0,Poor,Stay away,33,-0.6,-6.6,-0.8,48.3,1,,Basic Materials,7266130.0,43753.01
LIGA,Lig Assets Inc.,0.058,18,9,6,15,9,6,5,68,-30,38,Poor,Stay away,64,37.0,92.7,44.4,81.9,2,,Communication Services,4257538.0,90327.21
UMGP,Universal Media Group Inc,0.056,5,6,8,8,3,3,5,38,-3.0,38.0,Poor,Stay away,25,1.8,-5.1,-2.9,46.9,1,,Communication Services,2060566.0,33321.08
MMMPF,Mermaid Maritime Public Company Limited,0.08,15,4,5,11,6,2,5,48,-13.0,38.0,Poor,Stay away,48,0.0,0.0,0.7,100.0,0,,Energy,151259456.0,85.0
ALGLF,Alma Gold Inc,0.08,15,6,11,7,6,2,4,51,-18.0,38.0,Poor,🔥 COILED: Stay away,53,0.0,0.0,0.2,100.0,1,,Basic Materials,4619623.0,719.04
SRWRF,SolarWorld Aktiengesellschaft,0.08,12,7,11,11,4,4,4,53,-18.0,38.0,Poor,Stay away,56,0.0,0.0,2.7,99.5,1,,Technology,1191680.0,99.06
MHIVF,Invesque Inc,0.085,4,11,5,9,8,2,2,41,-3.0,38.0,Poor,Stay away,41,-1.2,0.0,-1.6,46.1,1,,Real Estate,77649104.0,10444.75
RSMXF,Regency Silver Corp.,0.083,6,8,10,9,4,3,4,44,-5.0,38.0,Poor,Stay away,30,0.0,0.0,-0.1,47.1,1,,Basic Materials,11511377.0,108416.77
SPODF,Spod Lithium Corp.,0.083,12,5,9,13,6,2,4,51,-18.0,38.0,Poor,🔥 COILED: Stay away,44,0.0,0.0,0.3,98.7,1,,Basic Materials,521469.0,19.04
GALMF,GALMF,0.099,4,8,6,9,0,2,4,33,0.0,38.0,Poor,🔥 COILED: Stay away,0,0.0,0.0,-0.1,41.6,0,,Basic Materials,19564868.0,0.0
GRRLF,Grange Resources Ltd,0.11,5,5,8,9,3,4,4,38,0.0,38.0,Poor,Stay away,22,0.0,0.0,-1.2,46.0,1,,Basic Materials,151801776.0,45827.46
LFHLF,Lai Fung Holdings Limited,0.11,8,4,10,9,3,2,4,40,-5.0,38.0,Poor,Stay away,32,0.0,0.0,-0.0,0.0,1,,Real Estate,36413680.0,1550.0
IDGAF,5th Planet Games A/S,0.134,9,7,3,7,4,3,2,35,0.0,38.0,Poor,Stay away,29,0.0,-3.0,-2.8,45.2,0,,Communication Services,36002844.0,664.87
IHAI,Innovative Holdings Alliance Inc,0.12,10,3,2,13,3,2,5,38,0.0,38.0,Poor,Stay away,51,-4.9,-19.2,2.3,52.7,0,,Financial Services,7208581.0,15636.01
KLSVF,Klondike Silver Corp,0.12,9,6,12,5,3,3,5,43,-8.0,38.0,Poor,Stay away,38,0.0,20.0,3.9,52.9,2,,Basic Materials,3226585.0,12386.5
CCCP,Crona Corp.,0.1,10,4,10,8,0,2,4,38,-5.0,38.0,Poor,🔥 COILED: Stay away,47,0.0,0.0,-0.0,43.0,1,,Communication Services,708760.0,114.46
FESNF,First Real Estate Investment Trust,0.19,5,5,10,9,0,4,4,37,-2.0,38.0,Poor,Stay away,0,0.0,0.0,-0.0,68.5,0,,Real Estate,402654528.0,0.0
AUSI,Aura Systems Inc,0.152,12,2,5,14,5,0,5,43,-5.0,38.0,Poor,Stay away,47,-7.3,-5.0,-0.1,52.4,1,,Industrials,20661160.0,10971.87
GXPLF,GXPLF,0.195,9,6,3,15,0,2,3,38,0.0,38.0,Poor,Stay away,16,26.0,18.1,-0.3,48.6,2,,nan,nan,5026.04
DYNCW,Dynamix Corporation,0.16,11,7,9,11,1,1,5,45,-10.0,38.0,Poor,Stay away,0,-2.9,14.4,1.0,51.3,2,,nan,nan,0.0
NSRCF,NextSource Materials Inc,0.21,6,11,5,11,4,2,2,41,-3.0,38.0,Poor,Stay away,32,0.0,0.0,-2.4,44.7,1,,Basic Materials,53173084.0,38518.42
CAPS,Capstone Holding Corp. Common Stock,0.249,3,10,9,9,4,2,4,41,-3.0,38.0,Poor,Stay away,27,3.9,-4.1,-1.9,43.7,2,,Basic Materials,3790151.0,1535587.98
MTLK,Metalink Ltd,0.21,5,3,10,8,3,2,4,35,0.0,38.0,Poor,Stay away,37,0.0,0.0,-0.0,16.1,0,,Financial Services,263684.0,356.05
AYAAF,Ayala Land Inc,0.25,13,7,11,6,3,1,4,45,-10.0,38.0,Poor,Stay away,22,0.0,0.0,0.1,57.7,0,,Real Estate,3501601024.0,0.0
AGRZ,Agroz Inc. Ordinary Shares,0.34,8,10,2,6,8,0,4,38,-8.0,38.0,Poor,Stay away,31,5.9,-5.3,2.4,50.5,0,,Consumer Defensive,7364650.0,2707379.56
ELTP,Elite Pharma Inc,0.37,5,4,4,12,3,5,4,37,0.0,38.0,Poor,Stay away,31,0.0,0.0,-1.9,47.6,0,,Healthcare,398525696.0,652491.81
CRCUF,Canagold Resources Ltd,0.376,10,8,11,5,4,6,5,49,-15.0,38.0,Poor,Stay away,45,7.2,-1.0,1.7,51.4,2,,Basic Materials,87828448.0,14352.75
ATXI,Avenue Therapeutics Inc,0.356,14,16,9,17,3,2,5,66,-29,38,Poor,Stay away,45,31.9,37.0,22.1,63.1,3,,Healthcare,1173008.0,3774.09
MNIVF,MNIVF,0.4,8,3,9,9,0,2,4,35,0.0,38.0,Poor,Stay away,27,0.0,0.0,-0.0,0.0,0,,Healthcare,155853936.0,200.0
MDNGF,Midnight Sun Mining Corp,0.43,3,15,7,8,4,4,2,43,-3.0,38.0,Poor,Stay away,8,-2.3,1.8,-2.9,42.9,2,,Basic Materials,92702944.0,128788.73
GMALF,Genting Malaysia Berhad,0.492,5,3,10,9,3,4,4,38,0.0,38.0,Poor,Stay away,35,0.0,0.0,-0.0,35.8,0,,Consumer Cyclical,2788528896.0,0.0
PRTT,Protect Pharmaceutical Corporation,0.45,18,4,5,14,7,6,5,59,-21,38,Poor,Stay away,65,87.5,66.7,55.6,81.5,3,9,Industrials,25853118.0,16651.03
SUPCF,Supalai Public Company Limited,0.549,6,4,11,7,3,2,4,37,-2.0,38.0,Poor,Stay away,39,0.0,0.0,0.0,60.9,0,,Real Estate,1041483712.0,0.84
UVPOF,Univanich Palm Oil PCL ADR,0.529,12,6,10,6,3,2,4,43,-10.0,38.0,Poor,🔥 COILED: Stay away,53,0.0,0.0,0.0,50.0,0,,Consumer Defensive,297792000.0,0.5
MGRX,"Mangoceuticals, Inc. Common Stock",0.553,15,7,6,12,5,7,5,57,-19.0,38.0,Poor,Stay away,52,8.2,47.4,19.9,67.2,3,,Healthcare,9488434.0,4844663.4
CNENF,Claren Energy Corp,0.55,8,4,8,9,4,1,4,38,0.0,38.0,Poor,Stay away,18,0.0,0.0,-2.1,0.0,0,,Energy,5960436.0,61.85
SNOTF,Sinotrans Limited,0.648,10,7,11,6,3,2,4,43,-10.0,38.0,Poor,🔥 COILED: Stay away,51,0.0,0.0,0.0,52.8,0,,Industrials,3207384320.0,0.0
TRCK,Track Group Inc,0.65,5,4,8,9,3,3,5,37,2.0,38.0,Poor,Stay away,42,-7.1,-3.0,-4.7,45.4,0,,Technology,26867872.0,5106.01
KREVF,Keppel REIT,0.7,8,5,10,5,4,6,5,43,-10.0,38.0,Poor,🔥 COILED: Stay away,38,0.0,0.0,0.9,51.9,0,,Real Estate,3477140480.0,0.0
IRCKF,Inter-Rock Minerals Inc,0.77,13,4,7,13,3,3,5,48,-13.0,38.0,Poor,Stay away,51,0.0,5.5,2.8,95.0,0,,Consumer Defensive,16707161.0,194.0
PVFPF,Partners Value Investments Inc.,0.768,12,7,4,13,4,2,4,46,-13.0,38.0,Poor,🔥 COILED: Stay away,47,0.0,0.0,0.1,100.0,0,,Financial Services,nan,18.0
SDWHF,Soundwill Holdings Limited,0.872,14,6,4,6,4,2,4,40,-10.0,38.0,Poor,🔥 COILED: Stay away,41,0.0,0.0,0.4,51.6,1,,Real Estate,246917648.0,20.26
GWLL,Goldenwell Biotech Inc,0.9,13,5,7,14,4,3,5,51,-13.0,38.0,Poor,Stay away,44,0.0,0.0,8.6,81.6,0,,Consumer Defensive,89100000.0,239.11
GGRP,"The Glimpse Group, Inc.",0.9,15,12,5,9,9,4,5,59,-21.0,38.0,Poor,Stay away,55,-8.1,14.5,5.9,57.2,3,,Technology,19528930.0,232443.47
SGDH,Sgd Holdings Ltd,1.0,12,8,9,6,4,2,4,45,-15.0,38.0,Poor,🔥 COILED: Stay away,50,0.0,0.0,0.0,52.8,1,,Financial Services,5000248320.0,64.29
BJCHY,Beijing Capital International Airport Co Ltd ADR,0.97,7,5,8,10,1,4,5,40,-5.0,38.0,Poor,Stay away,29,0.0,-1.2,0.3,50.6,1,,Industrials,888360704.0,330.53
TWELF,Tokenwell Platforms Inc.,0.031,12,13,4,14,8,0,4,55,-18.5,37.5,Poor,Stay away,38,13.1,25.4,24.5,56.6,3,,Technology,1372187.0,28605.43
KNBA,Kinbasha Gaming International Inc,0.2,13,6,6,12,1,0,5,43,-5.8,37.2,Poor,Stay away,33,0.0,222.6,28.4,67.4,2,,Financial Services,20000000.0,1924.5
PBLJF,PBLJF,0.001,5,3,10,7,3,2,4,34,0.0,37.0,Poor,Stay away,31,0.0,0.0,-0.0,0.0,0,,Industrials,25909162.0,0.0
CABB,California Business Bank,0.009,10,6,11,6,3,2,4,42,-10.0,37.0,Poor,🔥 COILED: Stay away,48,0.0,0.0,0.0,50.0,0,,Financial Services,7640500.0,170.0
GVDI,Golden Valley Development Inc,0.007,9,6,9,7,3,1,4,39,-5.0,37.0,Poor,Stay away,22,0.0,0.0,-0.3,9.8,1,,Financial Services,4651943.0,14157.5
SGCSF,Sacgasco Limited,0.002,5,3,10,7,3,2,4,34,0.0,37.0,Poor,Stay away,34,0.0,0.0,-0.0,0.0,0,,Energy,3893553.0,11250.0
VSSSF,Visionstate Corp,0.004,8,3,10,7,3,2,4,37,0.0,37.0,Poor,Stay away,30,0.0,0.0,-0.0,2.9,0,,Technology,3779464.0,4091.0
BWMG,Brownie's Marine Group Inc,0.005,9,8,5,8,3,2,2,37,2.0,37.0,Poor,Stay away,33,0.0,0.0,5.1,51.1,0,,Consumer Cyclical,2981712.0,0.0
EZOO,Ezagoo Limited,0.002,5,3,10,7,3,2,4,34,0.0,37.0,Poor,Stay away,32,0.0,0.0,-0.0,0.0,0,,Communication Services,2663041.0,18.5
SRVTF,Star Vault AB (publ),0.003,8,3,10,7,0,2,4,34,0.0,37.0,Poor,Stay away,27,0.0,0.0,-0.0,0.0,0,,Communication Services,2135848.0,4875.37
WFLDF,Wellfield Technologies Inc.,0.007,8,3,10,9,3,2,4,39,-5.0,37.0,Poor,Stay away,40,0.0,0.0,-0.0,3.8,1,,Technology,1472762.0,11.03
DCTIF,Delta CleanTech Inc,0.01,7,3,10,7,3,5,4,39,-5.0,37.0,Poor,Stay away,18,0.0,0.0,-0.5,11.2,1,,Industrials,1268827.0,4850.2
ISOL,1mage Software Inc,0.001,12,7,9,12,6,2,4,52,-18.0,37.0,Poor,Stay away,52,0.0,0.0,1.0,100.0,1,,Technology,908215.0,424.2
PSPW,3Power Energy Group Inc,0.002,10,5,10,12,4,2,4,47,-13.0,37.0,Poor,Stay away,47,0.0,0.0,0.3,96.4,0,,Utilities,685737.0,6340.39
AMIH,American International Holdings Corp,0.003,9,6,4,9,7,0,2,37,2.0,37.0,Poor,Stay away,48,-6.7,-6.7,-1.6,50.1,1,,Consumer Cyclical,546000.0,0.0
VGGIF,Boosh Plant-Based Brands Inc,0.002,5,4,10,9,3,2,4,37,-5.0,37.0,Poor,🔥 COILED: Stay away,43,0.0,0.0,-0.0,42.0,1,,Consumer Defensive,507368.0,450.0
MYNDF,MYND Lifesciencs Inc,0.008,8,3,10,7,3,4,4,39,-5.0,37.0,Poor,Stay away,32,0.0,0.0,-0.0,24.8,1,,Healthcare,387319.0,412.0
WOLV,Wolverine Technologies Corp,0.003,7,3,10,8,0,2,4,34,0.0,37.0,Poor,Stay away,32,0.0,0.0,-0.0,27.9,0,,Basic Materials,375673.0,540.0
LNNTF,Linius Technologies Limited,0.001,8,4,9,7,3,2,4,37,-5.0,37.0,Poor,🔥 COILED: Stay away,38,0.0,0.0,-0.0,45.0,1,,Technology,132317.0,160107.44
GOOLF,Aquarius AI Inc,0.001,8,6,9,7,3,2,4,39,-5.0,37.0,Poor,Stay away,46,0.0,0.0,-0.0,20.2,1,,Financial Services,131937.0,1000.0
TIGE,Tigrent Inc,0.01,12,7,9,12,6,2,4,52,-18.0,37.0,Poor,Stay away,51,0.0,0.0,3.0,100.0,1,,Consumer Defensive,130885.0,268.5
ANGCF,Angel Gold Corp,0.002,10,5,7,7,6,2,5,42,-5.0,37.0,Poor,Stay away,12,0.0,0.0,1.0,34.7,1,,Basic Materials,41706.0,379.35
LEHNQ,Lehman Brothers Holdings Capital Trust VI,0.001,13,5,7,8,4,1,5,43,-2.0,37.0,Poor,Stay away,51,0.0,10.0,2.6,62.5,2,,Financial Services,nan,365.33
SVREW,SaverOne 2014 Ltd. Warrant,0.011,8,9,9,13,3,0,5,47,-13.0,37.0,Poor,Stay away,32,-3.5,10.1,7.0,51.1,3,,nan,nan,0.0
DAICW,"CID HoldCo, Inc. Warrants",0.008,2,13,1,8,4,0,2,30,2.0,37.0,Poor,Stay away,17,-71.8,-16.7,-32.7,45.0,1,,nan,nan,15542.78
MTGSF,MTGSF,0.012,5,3,10,7,3,2,4,34,0.0,37.0,Poor,Stay away,33,0.0,0.0,-0.0,0.0,0,,Utilities,996788160.0,5.0
CSSXF,China Shuifa Singyes Energy Holdings Limited,0.02,4,3,9,10,3,1,4,34,0.0,37.0,Poor,Stay away,14,0.0,0.0,-0.3,0.0,0,,Technology,52030068.0,28.4
AULSF,AULSF,0.02,3,4,8,12,3,3,4,37,0.0,37.0,Poor,Stay away,17,0.0,0.0,-21.7,0.0,0,,Healthcare,10251640.0,20.0
PRVCF,PreveCeutical Medical Inc,0.013,11,16,5,11,4,0,2,49,-15.0,37.0,Poor,Stay away,42,-8.6,25.5,8.0,52.9,3,,Healthcare,7088515.0,39633.72
ARSEF,Altai Resources Inc,0.015,8,7,11,12,6,4,4,52,-18.0,37.0,Poor,Stay away,47,0.0,0.0,0.4,97.7,1,,Energy,840503.0,1143.68
GNTOF,Gentor Resources Inc,0.02,5,3,10,7,3,2,4,34,0.0,37.0,Poor,Stay away,35,0.0,0.0,-0.0,0.0,0,,Basic Materials,778134.0,65.5
CMLGF,CaNickel Mining Limited,0.02,10,6,11,6,3,2,4,42,-10.0,37.0,Poor,🔥 COILED: Stay away,46,0.0,0.0,0.0,50.0,0,,Basic Materials,750407.0,1330.0
RRMLF,Ross River Minerals Inc,0.013,8,4,9,9,3,2,4,39,-5.0,37.0,Poor,Stay away,29,0.0,0.0,-0.0,0.0,1,,Financial Services,109232.0,29.0
FITSF,Koios Beverage Corp,0.011,12,6,11,9,3,2,4,47,-13.0,37.0,Poor,Stay away,54,0.0,0.0,0.1,95.1,0,,Consumer Defensive,21029.0,68.98
ATCHW,Calculator New Pubco Inc,0.014,8,6,7,8,6,0,2,37,2.0,37.0,Poor,Stay away,40,-6.7,-12.5,3.8,51.2,1,,nan,nan,0.0
EVLI,Everlert Inc,0.026,8,5,6,8,2,3,5,37,0.0,37.0,Poor,Stay away,39,-3.6,13.2,-4.7,47.2,2,,Communication Services,20054084.0,1110252.58
LIMFF,Li-Metal Corp.,0.023,7,9,4,8,4,4,4,40,-3.0,37.0,Poor,Stay away,47,0.0,0.0,-0.1,58.6,1,,Financial Services,17825790.0,489.27
CBUTF,Clear Blue Technologies International Inc,0.029,3,6,9,9,3,3,4,37,-3.0,37.0,Poor,Stay away,23,0.0,0.0,-1.9,42.8,1,,Technology,2878187.0,17585.4
BPCP,Bishop Capital Corp,0.03,5,3,10,7,3,2,4,34,0.0,37.0,Poor,Stay away,30,0.0,0.0,-0.0,0.0,0,,Real Estate,245.0,0.0
DYFWF,Dynasty Fine Wines Group Limited,0.038,5,3,10,7,3,2,4,34,0.0,37.0,Poor,Stay away,33,0.0,0.0,-0.0,0.0,0,,Consumer Defensive,54223628.0,0.0
BXPHF,Botanix Pharmaceuticals Limited,0.032,16,12,8,11,4,2,5,58,-26,37,Poor,Stay away,42,142.3,142.3,96.0,73.7,4,4,Healthcare,35363420.0,12436.26
LANZ,Lancer Orthodontics Inc,0.04,10,5,10,12,4,2,4,47,-13.0,37.0,Poor,Stay away,49,0.0,0.0,0.2,100.0,0,,Healthcare,42824428.0,647.14
BPTH,Bio Path Holdings Inc,0.04,11,3,7,9,3,2,2,37,-3.0,37.0,Poor,Stay away,27,0.0,0.0,-0.4,49.4,1,,Healthcare,2011898.0,22634.3
GLIIF,Glacier Lake Resources Inc,0.036,6,6,9,7,3,2,4,37,-5.0,37.0,Poor,🔥 COILED: Stay away,34,0.0,0.0,-0.0,50.1,1,,Basic Materials,1715046.0,100.0
ALTNF,Alternus Energy Group plc,0.035,8,3,10,9,3,2,4,39,-5.0,37.0,Poor,Stay away,36,0.0,0.0,-0.0,0.0,1,,Utilities,921400.0,24.0
CLGPF,Clean Seed Capital Group Ltd,0.05,11,6,10,7,0,1,4,39,-5.0,37.0,Poor,Stay away,16,0.0,0.0,-0.1,39.5,1,,Industrials,6180049.0,4401.72
XTERF,Norvista Capital Corporation,0.042,9,7,11,6,3,2,4,42,-10.0,37.0,Poor,🔥 COILED: Stay away,54,0.0,0.0,0.0,50.0,0,,Basic Materials,4334030.0,16.53
CBBLF,CBLT Inc,0.044,11,5,8,9,6,6,5,50,-13.0,37.0,Poor,Stay away,44,0.0,0.0,5.2,92.3,0,,Basic Materials,3372638.0,1719.48
MANZF,Manz AG,0.056,8,3,10,9,3,2,4,39,-5.0,37.0,Poor,Stay away,27,0.0,0.0,-0.0,0.0,1,,Technology,578366.0,650.16
BMPA,BMP AI Technologies Inc.,0.051,5,14,8,3,4,0,5,39,-6.0,37.0,Poor,Stay away,26,2.0,-1.9,-8.4,46.7,1,,Technology,9995.0,31479.49
HKRHF,3DG Holdings (International) Limited,0.07,8,3,10,9,3,2,4,39,-5.0,37.0,Poor,Stay away,30,0.0,0.0,-0.0,0.0,1,,Consumer Cyclical,18877014.0,5.78
SSRSF,Silver Sands Resources Corp,0.063,5,7,9,7,3,4,4,39,-5.0,37.0,Poor,Stay away,27,0.0,-1.6,0.1,49.4,1,,Basic Materials,1729661.0,4733.64
AMLM,American Lithium Minerals Inc,0.078,11,7,7,10,5,2,5,47,-15.0,37.0,Poor,🔥 COILED: Stay away,39,-1.3,-2.3,0.4,51.4,1,,Basic Materials,7779510.0,135274.65
RKVTF,RKVTF,0.09,9,9,7,10,2,2,3,42,-5.0,37.0,Poor,Stay away,29,0.0,1.0,0.3,49.3,1,,Healthcare,2197226.0,5025.87
AITTF,Trenchant Technologies Capital Corp.,0.098,8,3,9,8,3,4,4,39,-5.0,37.0,Poor,Stay away,35,0.0,0.0,-0.0,35.8,1,,Financial Services,6470910.0,200.0
ALGGF,Alliance Global Group Inc,0.124,10,6,11,6,3,2,4,42,-10.0,37.0,Poor,🔥 COILED: Stay away,53,0.0,0.0,0.0,50.0,0,,Industrials,1025731648.0,0.0
LUCRF,Lucara Diamond Corp,0.113,6,5,5,11,0,0,5,32,2.0,37.0,Poor,Stay away,15,-6.2,-6.2,-2.2,45.3,1,,Basic Materials,164011888.0,31916.72
NMREF,Namibia Critical Metals Inc,0.129,4,13,5,9,4,0,2,37,0.0,37.0,Poor,Stay away,13,-9.2,5.7,-4.5,44.5,0,,Basic Materials,30132694.0,67229.75
FTRCF,The FUTR Corporation,0.116,4,5,4,17,3,2,2,37,-5.0,37.0,Poor,Stay away,14,-9.2,-7.7,-7.5,37.9,2,,Technology,16463955.0,6888.59
VTXGF,VTXGF,0.13,13,6,12,7,6,2,4,50,-18.0,37.0,Poor,🔥 COILED: Stay away,40,0.0,0.0,0.1,95.8,1,,Industrials,16800378.0,9.34
ELMSQ,"Electric Last Mile Solutions, Inc.",0.11,5,7,7,7,7,0,4,37,0.0,37.0,Poor,Stay away,28,0.0,0.0,-7.3,47.2,1,,Consumer Cyclical,12774844.0,7097.24
APMCF,Morien Resources Corp,0.127,6,8,5,10,4,3,4,40,-3.0,37.0,Poor,Stay away,19,0.8,0.8,-0.8,44.9,1,,Energy,7642973.0,10618.29
TRPTF,Tribe Property Technologies Inc,0.142,4,4,8,8,6,3,4,37,-5.0,37.0,Poor,🔥 COILED: Stay away,24,0.0,0.0,-0.3,41.8,1,,Technology,7087939.0,3641.9
BYNOW,byNordic Acquisition Corporation Warrant,0.118,16,7,10,16,6,4,5,64,-30,37,Poor,Stay away,52,31.1,34.1,24.8,65.5,3,,nan,nan,0.0
CJRCF,China Resources Cement Holdings Limited,0.187,5,3,10,7,3,2,4,34,0.0,37.0,Poor,Stay away,30,0.0,0.0,-0.0,11.1,0,,Basic Materials,1418234624.0,82.5
CJNHF,China Jinmao Holdings Group Limited,0.152,5,3,10,7,3,2,4,34,0.0,37.0,Poor,Stay away,40,0.0,0.0,-0.0,37.0,0,,Real Estate,2048489984.0,9.79
ELMTF,Element 25 Limited,0.17,9,7,4,8,4,4,5,41,-3.0,37.0,Poor,Stay away,21,5.3,-8.1,1.3,51.2,1,,Basic Materials,52608840.0,11970.02
SATT,Sativus Tech Corp,0.15,14,4,2,14,3,3,5,45,-8.0,37.0,Poor,Stay away,53,-24.9,0.1,-0.5,53.9,1,,Technology,632757.0,401.32
VLQCF,Quantum Graphite Limited,0.22,8,3,10,9,3,2,4,39,-5.0,37.0,Poor,Stay away,29,0.0,0.0,-0.0,0.0,1,,Basic Materials,77572000.0,11.23
ROKRF,ROK Resources Inc.,0.202,9,14,3,10,3,1,5,45,-6.0,37.0,Poor,Stay away,49,-5.7,0.6,0.3,50.3,1,,Energy,42431232.0,131329.28
SCUPF,Aegis Brands Inc,0.2,8,3,10,7,0,2,4,34,0.0,37.0,Poor,Stay away,38,0.0,0.0,-0.0,30.8,0,,Consumer Cyclical,17057434.0,47.13
GV,Visionary Education Technology Holdings Group Inc.,0.213,9,12,11,14,6,2,5,59,-27,37,Poor,Stay away,40,30.4,18.4,14.0,60.0,4,,Consumer Defensive,1194365.0,5637964.38
VPGLF,Value Partners Group Ltd,0.26,3,4,8,7,3,7,2,34,0.0,37.0,Poor,Stay away,24,0.0,0.0,-1.5,3.1,0,,Financial Services,575413632.0,0.0
BTRAF,Brightstar Resources Limited,0.253,10,4,8,8,1,1,5,37,-5.0,37.0,Poor,🔥 COILED: Stay away,19,-1.5,-1.5,0.1,50.5,1,,Basic Materials,277668416.0,10077.1
MNLXF,MiniLuxe Holding Corp,0.258,7,5,2,10,6,3,4,37,-5.0,37.0,Poor,🔥 COILED: Stay away,48,0.0,0.0,-0.1,50.4,1,,Consumer Cyclical,43225716.0,150.0
DOCKF,Beyond Medical Technologies Inc,0.268,18,5,5,14,6,3,5,56,-19,37,Poor,Stay away,56,423.9,90.7,80.7,61.8,3,10,Industrials,19935748.0,590.38
PDPTF,PUDO Inc,0.274,13,6,10,5,4,5,5,48,-14.0,37.0,Poor,Stay away,36,0.0,0.0,6.4,61.2,1,,Industrials,9116606.0,2243.58
QUTIF,Questor Technology Inc,0.28,13,6,12,7,6,2,4,50,-18.0,37.0,Poor,🔥 COILED: Stay away,48,0.0,0.0,1.4,88.8,1,,Industrials,7776475.0,714.0
SIMEF,Sime Darby Property Berhad,0.348,9,6,11,8,3,6,4,47,-13.0,37.0,Poor,Stay away,59,0.0,0.0,0.0,99.8,0,,Real Estate,2370092544.0,46.73
ALVLF,Big Ridge Gold Corp,0.338,12,8,9,5,3,2,5,44,-10.0,37.0,Poor,Stay away,60,-0.6,-6.1,0.4,51.6,0,,Basic Materials,103017064.0,207774.7
SEGYY,SPT Energy Group Inc ADR,0.346,8,3,10,9,3,2,4,39,-5.0,37.0,Poor,Stay away,35,0.0,0.0,-0.0,2.0,1,,Energy,33826092.0,11.05
JPPSF,Jinmao Property Services Co. Limited,0.373,5,3,10,7,3,2,4,34,0.0,37.0,Poor,Stay away,34,0.0,0.0,-0.0,0.0,0,,Real Estate,336991232.0,1.34
BHCCF,Benchmark Holdings plc,0.366,8,3,10,9,3,2,4,39,-5.0,37.0,Poor,Stay away,37,0.0,0.0,-0.0,0.0,1,,Consumer Defensive,225105232.0,28.0
XTRAF,Xtract One Technologies Inc.,0.398,8,12,4,11,9,0,3,47,-13.0,37.0,Poor,Stay away,54,-2.1,-8.6,-0.9,49.0,2,,Technology,103321376.0,293080.6
ALXPF,ALXPF,0.394,12,6,11,9,3,2,4,47,-13.0,37.0,Poor,Stay away,49,0.0,0.0,0.0,81.1,0,,Basic Materials,41666400.0,445.3
MSN,Emerson Radio Corporation,0.376,8,6,7,15,0,7,5,48,-11.0,37.0,Poor,Stay away,31,-1.0,4.5,0.6,50.3,1,,Technology,7914141.0,322113.01
RNGTW,Range Capital Acquisition Corp II Warrants,0.35,13,9,2,15,5,1,5,50,-13.0,37.0,Poor,Stay away,38,0.0,4.5,-0.3,50.2,0,,nan,nan,0.0
THFRF,Thai Union Group Public Company Limited,0.43,5,3,10,7,3,2,4,34,0.0,37.0,Poor,Stay away,37,0.0,0.0,-0.0,0.0,0,,Consumer Defensive,1900604288.0,1.56
LMPMF,Lee and Man Paper Manufacturing Limited,0.42,10,6,11,6,3,2,4,42,-10.0,37.0,Poor,🔥 COILED: Stay away,51,0.0,0.0,0.0,50.0,0,,Basic Materials,1202600064.0,0.0
MOAEY,Mongolia Energy Corp Ltd ADR,0.447,15,9,4,12,6,3,5,54,-13.0,37.0,Poor,Stay away,63,6.2,6.2,7.6,50.0,0,,Basic Materials,16818450.0,3.5
NATBF,NatBridge Resources Ltd.,0.4,12,11,4,12,4,4,4,51,-14,37,Poor,Stay away,31,185.7,14.3,42.6,57.8,4,12,Basic Materials,9139550.0,66205.06
CRYYF,China Railway Signal & Communication Corporation Limited,0.464,10,6,11,6,3,2,4,42,-10.0,37.0,Poor,🔥 COILED: Stay away,50,0.0,0.0,0.0,50.0,0,,Industrials,4018836224.0,0.0
LSRBF,LSRBF,0.45,2,4,10,7,3,2,4,32,0.0,37.0,Poor,🔥 COILED: Stay away,0,0.0,0.0,0.0,50.0,0,,Industrials,53190288.0,0.0
GIPL,Global Innovative Platforms Inc,0.5,6,6,6,7,3,7,4,39,-5.0,37.0,Poor,Stay away,42,0.0,0.0,-0.0,23.5,1,,Financial Services,170905.0,46.47
YLDGF,Yanlord Land Group Limited,0.525,10,6,11,6,3,2,4,42,-10.0,37.0,Poor,🔥 COILED: Stay away,50,0.0,0.0,0.0,50.0,1,,Real Estate,1013669760.0,1.8
IMTCF,Intrepid Metals Corp.,0.517,14,8,7,14,0,2,5,50,-13.0,37.0,Poor,Stay away,48,1.1,9.6,1.4,50.4,2,,Basic Materials,63873032.0,79259.61
SKKY,Skkynet Cloud Systems Inc,0.5,10,7,7,14,5,4,5,52,-15.0,37.0,Poor,Stay away,58,2.0,0.0,3.3,59.8,1,,Technology,26571912.0,3654.52
AVDWF,Advent-AWI Holdings Inc,0.53,5,3,10,7,3,2,4,34,0.0,37.0,Poor,Stay away,33,0.0,0.0,-0.0,0.0,0,,Consumer Cyclical,14919391.0,0.0
CUEN,Cuentas Inc.,0.53,19,6,3,14,7,4,5,58,-21,37,Poor,Stay away,71,51.0,63.9,29.0,68.5,3,9,Technology,4214982.0,5231.03
CEIEF,Coelacanth Energy Inc.,0.553,5,6,8,8,0,3,4,34,0.0,37.0,Poor,Stay away,10,-1.7,0.3,-2.0,40.8,0,,Energy,350416768.0,22533.99
GBAT,Grayscale Basic Attention Token Trust,0.58,8,7,5,7,3,2,5,37,0.0,37.0,Poor,Stay away,37,-2.0,-5.8,-1.5,48.6,0,,nan,nan,22918.59
BDUUF,Bangkok Dusit Medical Services Public Company Limited,0.64,5,3,10,7,3,2,4,34,0.0,37.0,Poor,Stay away,0,0.0,0.0,-0.0,12.9,0,,Healthcare,10170881024.0,0.0
PSBKF,Postal Savings Bank of China Co. Ltd,0.669,9,6,11,8,3,6,4,47,-13.0,37.0,Poor,Stay away,66,0.0,0.0,0.0,94.7,0,,Financial Services,88100069376.0,859.96
CCEGF,Carclo plc,0.67,5,3,10,7,3,2,4,34,0.0,37.0,Poor,Stay away,40,0.0,0.0,-0.0,1.0,0,,Consumer Cyclical,48456668.0,25.0
PCWLF,PCCW Limited,0.72,13,8,4,8,1,5,5,44,-7.0,37.0,Poor,Stay away,36,4.3,-1.4,1.5,52.5,0,,Communication Services,5578389504.0,1717.24
CSPHF,CStone Pharmaceuticals,0.71,12,6,6,8,3,1,5,41,-4.0,37.0,Poor,Stay away,21,0.0,0.0,2.8,62.7,1,,Healthcare,1131819776.0,1305.08
MOBQ,Mobiquity Technologies Inc,0.75,6,5,7,10,4,2,5,39,-5.0,37.0,Poor,Stay away,26,-7.4,5.6,-3.4,47.4,1,,Communication Services,20817782.0,58320.7
TABCF,Tabcorp Holdings Limited,0.8,10,6,11,10,0,6,4,47,-13.0,37.0,Poor,Stay away,61,0.0,0.0,0.0,83.6,0,,Consumer Cyclical,1960989312.0,0.0
CONXF,Nickel 28 Capital Corp,0.802,7,7,6,8,0,4,2,34,0.0,37.0,Poor,Stay away,38,3.6,-5.0,-1.7,44.0,0,,Basic Materials,70136640.0,8291.36
SZIHF,Shenzhen International Holdings Limited,0.9,10,6,11,6,3,2,4,42,-10.0,37.0,Poor,🔥 COILED: Stay away,47,0.0,0.0,0.0,50.0,0,,Industrials,2205959168.0,0.0
ELOG,Eastern International Ltd.,0.9,14,6,4,13,2,2,5,46,-9.0,37.0,Poor,Stay away,42,13.2,9.8,1.9,51.5,1,,Industrials,11548800.0,302924.32
LGBOF,Lingbao Gold Group Company Ltd.,1.0,10,6,11,6,3,2,4,42,-10.0,37.0,Poor,🔥 COILED: Stay away,47,0.0,0.0,0.0,50.0,0,,Basic Materials,1377644800.0,0.0
TRSNF,TRSNF,1.0,5,3,10,7,3,2,4,34,0.0,37.0,Poor,Stay away,31,0.0,0.0,-0.0,0.0,0,,Utilities,444673792.0,5.0
HOJI,House of Jane Inc,1.0,5,3,10,7,3,2,4,34,0.0,37.0,Poor,Stay away,19,0.0,0.0,-0.0,0.0,0,,Consumer Defensive,11031895.0,10.5
DTCKF,Davis Commodities Limited,1.0,3,5,5,7,7,6,2,35,-3.0,37.0,Poor,Stay away,31,-2.0,-7.4,-4.6,42.5,1,,Consumer Defensive,1681367.0,312699.94
GMLPF,Golar LNG Partners LP Series A Pref,0.98,8,4,7,10,4,2,2,37,2.0,37.0,Poor,Stay away,46,0.5,7.7,-8.9,42.9,1,,Energy,nan,17955.36
LLRXX,Western Asset Institutional Liquid Reserves Ltd.,1.0,12,8,11,6,3,2,4,46,-12.0,37.0,Poor,Stay away,46,0.0,0.0,0.0,66.8,0,,nan,nan,0.0
GSHRW,Gesher Acquisition Corp. II,0.37,18,10,4,9,6,0,5,52,-13.2,36.8,Poor,Stay away,58,-3.4,21.8,51.4,60.7,2,,nan,nan,0.0
KDAGF,KDAGF,0.057,13,5,6,9,1,3,5,42,-5.8,36.2,Poor,Stay away,16,0.0,375.8,29.3,60.7,2,,nan,13421314.0,1414.32
DVNHF,Frontier Services Group Limited,0.009,7,3,10,7,3,4,4,38,-5.0,36.0,Poor,Stay away,39,0.0,0.0,-0.0,33.5,1,,Industrials,22231320.0,1120.06
MONI,World Oil Group,0.004,8,9,1,8,7,0,2,35,0.0,36.0,Poor,Stay away,56,-8.7,-6.7,-6.6,45.7,0,,Industrials,3126950.0,1197964.06
EHVVF,Ehave Inc,0.001,5,10,1,9,3,2,2,32,4.0,36.0,Poor,Stay away,25,-28.6,0.0,-9.6,47.9,1,,Technology,1482014.0,529184.56
AMRU,Amaru Inc,0.006,8,3,9,8,3,3,4,38,-5.0,36.0,Poor,Stay away,23,0.0,0.0,-5.9,12.7,1,,Communication Services,1439909.0,8567.65
CNNN,ConneXionONE Corp.,0.01,12,5,10,12,6,2,4,51,-18.0,36.0,Poor,Stay away,51,0.0,0.0,1.0,98.9,1,,Communication Services,765716.0,308.74
VGFCQ,The Very Good Food Company Inc.,0.005,5,4,10,8,3,2,4,36,-5.0,36.0,Poor,🔥 COILED: Stay away,33,0.0,0.0,0.0,50.0,1,,Consumer Defensive,661566.0,1381.44
FRPMF,Forty Pillars Mining Corp,0.01,7,7,10,8,3,2,4,41,-8.0,36.0,Poor,Stay away,46,0.0,0.0,0.0,71.6,1,,Basic Materials,644707.0,0.01
SCRSF,ScreenPro Security Inc,0.002,7,3,10,9,3,2,4,38,-5.0,36.0,Poor,Stay away,43,0.0,0.0,-0.0,26.2,1,,Healthcare,495833.0,7537.7
CDELF,Candelaria Mining Corp,0.003,5,3,10,9,0,2,4,33,0.0,36.0,Poor,Stay away,32,0.0,0.0,-0.0,0.3,0,,Basic Materials,449618.0,1719.0
MVVYF,Moovly Media Inc,0.001,8,4,10,7,3,2,4,38,-5.0,36.0,Poor,Stay away,37,0.0,0.0,-0.0,43.3,1,,Technology,214532.0,31567.83
FLLLF,Feel Foods Ltd,0.006,3,3,10,10,3,5,4,38,-5.0,36.0,Poor,Stay away,31,0.0,0.0,-3.1,33.3,1,,Consumer Defensive,112776.0,68.12
COHG,Cheetah Oil & Gas Ltd,0.001,15,5,7,7,6,4,5,49,-13.0,36.0,Poor,Stay away,50,0.0,0.0,14.7,89.4,0,,Energy,33050.0,2356.38
HLEGF,Helios Energy Limited,0.02,12,6,11,8,3,2,4,46,-13.0,36.0,Poor,Stay away,55,0.0,0.0,0.0,99.9,0,,Energy,77686104.0,600.0
OTTEF,Otto Energy Limited,0.012,18,6,12,6,1,2,5,50,-14.0,36.0,Poor,Stay away,59,25.0,25.0,36.0,65.3,2,,Energy,55142608.0,0.0
SUNTF,Suncorp Technologies Limited,0.013,19,9,5,13,6,7,5,64,-28,36,Poor,Stay away,59,400.0,400.0,258.0,91.0,2,2,Industrials,20000976.0,75.21
ANPCF,ANGLE plc,0.02,11,8,5,5,6,2,4,41,-13.0,36.0,Poor,🔥 COILED: Stay away,30,0.0,0.0,1.5,53.3,1,,Healthcare,22614414.0,1977.35
RIINF,Braveheart Resources Inc,0.019,3,8,6,10,3,0,4,34,2.0,36.0,Poor,Stay away,18,-1.1,-5.5,-1.2,47.3,1,,Basic Materials,6247070.0,281912.91
CBULF,Gratomic Inc,0.018,4,4,10,8,3,3,4,36,-5.0,36.0,Poor,🔥 COILED: Stay away,27,0.0,0.0,-4.8,44.4,1,,Basic Materials,3504564.0,0.0
PTOP,Peer To Peer Network,0.015,14,9,7,13,4,7,5,59,-28,36,Poor,Stay away,39,36.7,39.3,31.4,72.3,3,,Technology,1462600.0,38953.25
VLDXW,"Velo3D, Inc.",0.018,6,11,6,8,3,4,5,43,-8.0,36.0,Poor,Stay away,27,46.0,-5.6,9.7,49.3,0,,nan,nan,81763.47
KMGLF,Asiamet Resources Ltd,0.022,10,7,11,5,0,2,4,39,-8.0,36.0,Poor,🔥 COILED: Stay away,41,0.0,0.0,0.0,53.9,0,,Basic Materials,76360872.0,22781.09
AVPMF,Avrupa Minerals Ltd,0.021,3,4,9,7,3,5,2,33,0.0,36.0,Poor,Stay away,22,0.0,0.0,-7.8,5.2,0,,Basic Materials,1811769.0,5287.89
MOBNF,M.O.B.A. Network AB (publ),0.025,5,3,10,9,0,2,4,33,0.0,36.0,Poor,Stay away,30,0.0,0.0,-0.0,0.0,0,,Technology,567070.0,450.0
ATALF,ATALF,0.032,8,14,6,12,4,7,5,56,-20.0,36.0,Poor,Stay away,20,15.2,12.1,8.3,51.8,3,,Basic Materials,59699112.0,0.0
NUMIF,Numinus Wellness Inc,0.032,10,6,2,13,5,2,5,43,-5.0,36.0,Poor,Stay away,43,-33.3,-8.6,-14.5,45.9,1,,Healthcare,11539858.0,115252.61
MYRLF,Meryllion Resources Corp,0.031,9,6,11,6,3,2,4,41,-10.0,36.0,Poor,🔥 COILED: Stay away,58,0.0,0.0,0.0,50.0,0,,Basic Materials,2733646.0,20.49
ATTGF,Auto Italia Holdings Limited,0.044,9,6,11,6,3,2,4,41,-10.0,36.0,Poor,🔥 COILED: Stay away,53,0.0,0.0,0.0,50.0,0,,Real Estate,306113248.0,0.63
SOUTF,Southern Cross Media Group Limited,0.051,4,6,8,12,3,0,5,38,-5.0,36.0,Poor,Stay away,20,-3.8,-4.1,-0.4,49.3,1,,Energy,18733940.0,0.0
ATOXF,Durango Resources Inc,0.054,17,14,8,12,6,5,5,67,-29,36,Poor,Stay away,38,24.4,26.8,19.5,62.3,3,,Basic Materials,6414536.0,344393.71
ESWW,Environmental Solutions Worldwide Inc,0.055,10,5,9,12,4,2,4,46,-13.0,36.0,Poor,Stay away,49,0.0,0.0,0.0,100.0,0,,Consumer Cyclical,7460.0,21.58
PGOL,Patriot Gold Corp,0.064,11,6,5,10,7,0,2,41,-5.0,36.0,Poor,Stay away,45,-1.5,-7.2,-3.1,45.8,1,,Basic Materials,4370975.0,28423.5
GSFD,Global Seafood Technologies Inc,0.065,18,4,5,13,6,5,5,56,-20.0,36.0,Poor,Stay away,42,16.1,16.1,9.7,73.0,3,,Consumer Defensive,1222248.0,3603.0
INTI,Inhibitor Therapeutics Inc,0.08,5,7,8,8,3,3,4,38,-5.0,36.0,Poor,Stay away,36,5.3,5.3,-0.3,49.0,1,,Healthcare,13805884.0,15090.82
TCRI,TechCom Inc,0.079,10,7,7,5,5,2,5,41,-8.0,36.0,Poor,Stay away,32,17.9,2.1,5.4,52.4,0,,Financial Services,5134230.0,7103.42
ALDSD,APPlife Digital Solutions Inc.,0.08,5,5,8,8,3,3,4,36,-5.0,36.0,Poor,🔥 COILED: Stay away,41,0.0,0.0,-11.3,46.2,1,,Technology,648818.0,253.17
BNCWZ,CEA Industries Inc. Warrant,0.08,6,5,7,15,0,2,5,40,0.0,36.0,Poor,Stay away,0,-12.4,13.3,-10.0,47.6,2,,nan,nan,0.0
SRCO,Sparta Commercial Services Inc,0.09,11,6,11,6,1,6,5,46,-15.0,36.0,Poor,🔥 COILED: Stay away,43,0.0,0.0,1.5,54.9,1,,Technology,4769340.0,19559.67
XIAXF,Xiabuxiabu Catering Management (China) Holdings Co. Ltd,0.138,7,6,10,9,3,2,4,41,-8.0,36.0,Poor,Stay away,47,0.0,0.0,0.0,78.2,1,,Consumer Cyclical,144595056.0,1.12
TPBTF,Betmakers Technology Group Ltd,0.127,13,8,4,6,4,4,4,43,-15.0,36.0,Poor,🔥 COILED: Stay away,34,0.0,0.0,1.1,51.6,1,,Consumer Cyclical,141771728.0,36.58
THOXF,BioPorto A/S,0.149,8,3,10,8,3,2,4,38,-5.0,36.0,Poor,Stay away,29,0.0,0.0,-0.0,0.0,1,,Healthcare,73769288.0,1205.0
HHEGF,Huahui Education Group Limited,0.1,8,3,9,7,0,2,4,33,0.0,36.0,Poor,Stay away,30,0.0,0.0,-0.0,18.1,0,,Consumer Defensive,30303766.0,200.0
BRIOF,Magna Terra Minerals Inc,0.14,6,12,3,14,4,0,5,44,-8.0,36.0,Poor,Stay away,58,25.7,-14.6,2.1,50.8,0,,Basic Materials,15170038.0,37239.77
ARJNF,Trinity One Metals Ltd.,0.145,14,7,11,5,4,3,4,48,-17.0,36.0,Poor,🔥 COILED: Stay away,50,0.0,0.0,2.3,62.2,1,,Basic Materials,9749057.0,7565.96
KOREF,KORE Mining Ltd,0.111,6,5,9,10,3,4,4,41,-5.0,36.0,Poor,Stay away,23,-3.5,-0.9,-3.0,38.1,1,,Basic Materials,9118865.0,9596.17
AGRTF,Bullfrog Gold Corporation,0.12,11,3,4,9,4,6,4,41,-5.0,36.0,Poor,Stay away,54,0.0,0.0,2.1,55.2,1,,Basic Materials,4952388.0,1315.24
TAVIR,Tavia Acquisition Corp. Right,0.122,15,14,4,6,3,3,5,50,-14.0,36.0,Poor,Stay away,34,1.8,22.1,8.2,52.1,2,,nan,nan,0.0
AGYTF,Allergy Therapeutics plc,0.15,15,5,6,10,6,2,5,49,-18.0,36.0,Poor,🔥 COILED: Stay away,60,0.0,0.0,2.1,100.0,1,,Healthcare,949879488.0,1085.71
SSHLF,Sunac Services Holdings Limited,0.186,5,3,10,9,0,2,4,33,0.0,36.0,Poor,Stay away,37,0.0,0.0,-0.0,0.2,0,,Real Estate,557731392.0,50.0
DGCOF,DGCOF,0.18,6,7,9,12,0,5,5,44,-6.0,36.0,Poor,Stay away,0,0.4,5.5,2.4,51.1,1,,Basic Materials,15336747.0,0.0
CTTMF,Catena Media plc,0.195,8,3,10,8,3,2,4,38,-5.0,36.0,Poor,Stay away,30,0.0,0.0,-0.0,0.0,1,,Communication Services,14751776.0,157.13
KWHAF,K. Wah International Holdings Limited,0.24,9,6,11,6,3,2,4,41,-10.0,36.0,Poor,🔥 COILED: Stay away,35,0.0,0.0,0.0,50.0,0,,Real Estate,756024320.0,0.0
TLGRF,Talga Group Ltd,0.217,16,10,6,12,5,5,5,59,-23.0,36.0,Poor,Stay away,43,10.7,18.6,12.6,59.0,3,,Basic Materials,110871112.0,53432.84
RGCCF,Relevant Gold Corp,0.239,4,9,8,10,0,2,3,36,-3.0,36.0,Poor,Stay away,20,-0.4,-0.4,-1.8,42.8,1,,Basic Materials,34436516.0,48096.53
BRYFF,Bri-Chem Corp,0.22,5,3,8,8,3,5,4,36,0.0,36.0,Poor,Stay away,33,0.0,0.0,-2.3,23.1,0,,Energy,5815255.0,2134.9
PDLMF,Petra Diamonds Limited,0.269,8,3,9,9,3,2,4,38,-5.0,36.0,Poor,Stay away,32,0.0,0.0,-0.0,0.0,1,,Basic Materials,95274240.0,375.0
NSFDF,NXT Energy Solutions Inc,0.29,5,11,2,9,5,2,2,36,-3.0,36.0,Poor,Stay away,46,26.0,-6.5,0.2,49.8,1,,Energy,34658368.0,14010.51
VNMEW,Vendome Acquisition Corporation I Warrant,0.27,16,4,3,11,5,2,5,46,-10.0,36.0,Poor,Stay away,55,12.5,12.5,6.2,60.3,2,,nan,2402000.0,0.0
ISCO,International Stem Cell Corp,0.29,18,6,4,14,7,3,5,57,-21,36,Poor,Stay away,62,70.6,70.6,31.2,66.1,3,9,Healthcare,2241229.0,5932.87
BMTLF,BeMetals Corp,0.349,11,8,5,7,4,3,3,41,-5.0,36.0,Poor,Stay away,41,0.0,0.0,0.3,50.1,1,,Basic Materials,10269497.0,1491.64
MDDVF,Medical Developments International Limited,0.37,9,3,5,7,3,2,4,33,0.0,36.0,Poor,Stay away,38,0.0,0.0,-0.0,21.2,0,,Healthcare,41683580.0,148.56
FLOD,Flowery Gold Mines Co,0.37,5,3,10,7,3,4,4,36,0.0,36.0,Poor,Stay away,50,0.0,0.0,-0.0,30.2,0,,Basic Materials,2808830.0,337.4
SSHLY,Sunac Services Holdings Limited,0.424,5,3,9,7,3,2,4,33,0.0,36.0,Poor,Stay away,18,0.0,0.0,-0.0,0.0,0,,Real Estate,318071712.0,20.0
SYNNF,Symphony International Holdings Limited,0.439,16,4,6,10,4,4,5,49,-13.0,36.0,Poor,Stay away,37,0.0,27.3,7.5,82.9,2,,Financial Services,236148464.0,2432.5
EUBG,Entrepreneur Universe Bright Group,0.43,5,2,5,12,6,0,4,34,-3.0,36.0,Poor,Stay away,40,-1.8,0.2,-1.2,47.2,0,,Industrials,73091320.0,2841.2
SICP,Silvergate Capital Corporation,0.401,7,11,6,8,5,4,2,43,-5.0,36.0,Poor,Stay away,0,0.2,-16.5,-4.6,46.9,1,,Financial Services,12924407.0,0.0
ABOIF,Aboitiz Equity Ventures Inc,0.489,5,3,10,9,0,2,4,33,0.0,36.0,Poor,Stay away,20,0.0,0.0,-0.0,31.6,0,,Utilities,2714211072.0,24.04
AAGFF,Aftermath Silver Ltd,0.462,6,13,8,8,4,2,5,46,-8.0,36.0,Poor,Stay away,19,-7.4,-4.0,-2.1,45.6,1,,Basic Materials,159883360.0,663292.26
SOMNF,SomnoMed Limited,0.45,5,3,10,7,3,6,4,38,-5.0,36.0,Poor,Stay away,26,0.0,0.0,-0.0,0.2,1,,Healthcare,93621280.0,6.5
GDQMF,GoldQuest Mining Corp.,0.531,6,8,5,8,2,2,5,36,-3.0,36.0,Poor,Stay away,22,-1.7,2.1,-0.2,47.6,2,,Basic Materials,199056688.0,111874.39
NKGFF,Nevada King Gold Corp,0.532,9,9,8,6,7,7,5,51,-18.0,36.0,Poor,Stay away,43,-0.9,6.4,-0.2,48.5,1,,Basic Materials,52682596.0,48714.45
HYLQF,HYLQ Strategy Corp.,0.502,10,8,11,4,3,1,4,41,-10.0,36.0,Poor,🔥 COILED: Stay away,38,0.0,0.0,0.1,49.3,0,,Technology,9300057.0,742.17
AOTUF,Precinct Properties New Zealand Limited,0.58,3,5,5,9,3,3,5,33,0.0,36.0,Poor,Stay away,13,0.0,0.0,-1.1,14.3,0,,Real Estate,1223992320.0,27.5
GLKFF,Raise Production Inc,0.58,9,3,11,8,3,4,4,42,-6.0,36.0,Poor,Stay away,47,0.0,0.0,0.0,80.0,0,,Industrials,18394208.0,1071.45
PTZH,Photozou Holdings Inc,0.59,8,3,9,9,3,2,4,38,-5.0,36.0,Poor,Stay away,40,0.0,0.0,-0.0,0.0,1,,Consumer Cyclical,4774329.0,0.44
CFRLF,China Aircraft Leasing Group Holdings Limited,0.644,9,6,11,6,3,2,4,41,-10.0,36.0,Poor,🔥 COILED: Stay away,51,0.0,0.0,0.0,50.0,0,,Industrials,481920256.0,12.9
HKCVF,HK Electric Investments and HK Electric Investments Limited,0.67,9,6,11,6,3,2,4,41,-10.0,36.0,Poor,🔥 COILED: Stay away,43,0.0,0.0,0.0,50.0,0,,Utilities,5920254464.0,32.07
NNMTF,Nine Entertainment Co. Holdings Limited,0.67,5,3,9,7,3,2,4,33,0.0,36.0,Poor,Stay away,18,0.0,0.0,-0.1,0.0,0,,Communication Services,1061810496.0,184.5
INTZ,Intrusion Inc,0.76,2,10,1,9,6,4,2,34,-1.0,36.0,Poor,Stay away,30,-6.7,-16.1,-7.1,43.8,1,,Technology,17295378.0,732376.59
PHCRF,Healius Limited,0.84,8,3,9,9,3,2,4,38,-5.0,36.0,Poor,Stay away,32,0.0,0.0,-0.0,0.0,1,,Healthcare,609970880.0,91.35
FVEDMX,FVEDMX,0.845,4,10,5,8,0,3,4,34,-3.0,36.0,Poor,🔥 COILED: Stay away,24,0.2,0.1,-0.1,44.1,0,,nan,nan,0.0
PBLOF,Public Bank Berhad,0.95,9,6,11,6,3,2,4,41,-10.0,36.0,Poor,🔥 COILED: Stay away,34,0.0,0.0,0.0,50.0,0,,Financial Services,18440157184.0,0.0
CGXYF,China Galaxy Securities Co. Ltd,1.0,9,6,11,6,3,2,4,41,-10.0,36.0,Poor,🔥 COILED: Stay away,35,0.0,0.0,0.0,50.0,0,,Financial Services,10934402048.0,0.0
FIUXX,First American Funds Inc. - First American Institutional Prime Obligations Fund,1.0,8,7,11,6,3,2,4,41,-10.0,36.0,Poor,🔥 COILED: Stay away,44,0.0,0.0,0.0,54.9,0,,nan,nan,0.0
BBUZ,Bebuzee Inc.,0.02,10,6,3,7,6,0,5,37,-1.2,35.8,Poor,Stay away,46,-9.1,100.0,28.9,57.7,2,,Communication Services,14701753.0,79296.96
FRDSF,4DS Memory Limited,0.01,11,6,9,6,3,4,5,44,-12.0,35.0,Poor,Stay away,26,0.0,0.0,12.1,63.8,0,,Technology,31375050.0,8689.22
TNPH,Tian'an Pharmaceutical Co Ltd,0.009,5,6,4,7,3,3,4,32,0.0,35.0,Poor,Stay away,20,0.0,0.0,-2.0,35.8,0,,Healthcare,7199999.0,3728.55
EMBR,Embarr Downs Inc,0.006,16,4,4,17,7,2,5,55,-23,35,Poor,⚠️ EXHAUSTION RISK: Stay away,64,81.2,93.3,55.6,74.9,3,7,Financial Services,6014300.0,1045043.33
DBORF,Diablo Resources Limited,0.009,3,7,3,7,3,3,4,30,0.0,35.0,Poor,🔥 COILED: Stay away,22,0.0,0.0,-2.5,44.4,0,,Basic Materials,4545656.0,6109.18
STOCF,Stock Trend Capital Inc.,0.006,11,4,3,10,1,1,5,35,4.0,35.0,Poor,Stay away,28,0.0,0.0,9.8,54.7,0,,Financial Services,3631331.0,10303.42
CSPUF,Canadian Spirit Resources Inc,0.01,12,6,11,7,6,4,4,50,-18.0,35.0,Poor,Stay away,56,0.0,0.0,0.2,93.3,1,,Energy,2881775.0,540.48
ISDSF,iSIGN Media Solutions Inc,0.01,8,3,10,7,3,2,4,37,-5.0,35.0,Poor,Stay away,42,0.0,0.0,-0.0,0.0,1,,Technology,2319762.0,8769.12
GRXMF,Marvel Gold Limited,0.002,6,7,1,8,3,1,4,30,0.0,35.0,Poor,🔥 COILED: Stay away,13,0.0,0.0,-21.6,44.7,0,,Basic Materials,2275510.0,67.76
MONTF,Montfort Capital Corp,0.004,8,3,10,7,3,2,4,37,-5.0,35.0,Poor,Stay away,24,0.0,0.0,-0.0,25.1,1,,Financial Services,2209526.0,270.73
MBPG,Marelius Inc.,0.01,5,7,4,14,4,2,2,38,-3.0,35.0,Poor,Stay away,30,4.3,4.3,-0.8,43.6,1,,Consumer Defensive,1943181.0,8051.5
CHELF,Champion Electric Metals Inc.,0.005,3,6,4,12,4,4,2,35,0.0,35.0,Poor,Stay away,35,14.0,-3.9,-5.5,47.3,1,,Basic Materials,1872929.0,82530.32
PTOS,P2 Solar Inc,0.01,6,4,2,10,3,4,5,34,2.0,35.0,Poor,Stay away,32,-25.9,-33.3,-14.8,44.8,0,,Technology,1542858.0,19068.54
CPMD,CannaPharmaRx Inc,0.002,6,8,6,11,5,2,2,40,-5.0,35.0,Poor,Stay away,31,0.0,-8.7,-3.4,45.1,1,,Healthcare,1424852.0,188117.61
CGRA,Cgrowth Capital Inc,0.001,10,8,5,7,4,3,5,42,-10.0,35.0,Poor,Stay away,32,40.0,40.0,11.0,53.8,2,,Energy,896116.0,2681322.97
HERF,Red Oak Hereford Farms Inc,0.008,5,4,4,9,6,6,3,37,-5.0,35.0,Poor,Stay away,40,0.0,-2.4,-0.9,43.0,1,,Consumer Defensive,314532.0,875.26
BNIGF,Beroni Group Limited,0.006,8,3,9,8,3,2,4,37,-5.0,35.0,Poor,Stay away,36,0.0,0.0,-0.0,0.0,1,,Healthcare,179982.0,0.14
DIOSF,Dios Exploration Inc,0.001,8,3,10,7,3,2,4,37,-5.0,35.0,Poor,Stay away,37,0.0,0.0,-0.0,1.6,1,,Basic Materials,142757.0,2999.99
TEXG,Terax Energy Inc,0.001,10,5,9,11,4,2,4,45,-13.0,35.0,Poor,Stay away,43,0.0,0.0,0.0,99.4,0,,Financial Services,3685.0,1779.41
APLMW,Apollomics Inc. Warrant,0.019,15,12,2,7,4,2,5,47,-10.0,35.0,Poor,Stay away,36,8.0,13.1,11.4,55.4,2,,Healthcare,52965688.0,68664.7
SNNSF,SenSen Networks Limited,0.02,3,3,9,9,3,1,4,32,0.0,35.0,Poor,Stay away,18,0.0,0.0,-1.0,0.0,0,,Technology,16598647.0,2455.0
CVSI,CV Sciences Inc,0.02,6,13,7,7,3,2,5,43,-6.0,35.0,Poor,Stay away,17,2.5,2.5,0.2,34.6,1,,Healthcare,4079550.0,821363.75
ISEYF,Wi2Wi Corporation,0.02,12,6,11,7,3,2,4,45,-13.0,35.0,Poor,Stay away,57,0.0,0.0,0.0,100.0,0,,Technology,3964660.0,4886.65
APLIF,Appili Therapeutics Inc,0.011,7,4,6,11,0,3,4,35,-5.0,35.0,Poor,🔥 COILED: Stay away,35,0.0,10.0,3.9,52.4,2,,Healthcare,1456027.0,16601.22
BCII,Blockchain Industries Inc,0.014,14,5,7,5,6,2,4,43,-8.0,35.0,Poor,Stay away,53,27.3,7.7,11.2,59.1,0,,Financial Services,936553.0,91277.0
PTCO,PetroGas Co,0.015,6,11,4,9,3,0,2,35,0.0,35.0,Poor,Stay away,14,-21.1,15.4,-17.4,37.6,2,,Energy,344950.0,14557.32
VULC,Vulcan International Corporation,0.03,13,5,7,10,6,2,5,48,-13.0,35.0,Poor,Stay away,47,0.0,0.0,12.4,100.0,0,,Basic Materials,169387728.0,416.48
ZHIXF,Zhixin Group Holding Limited,0.026,8,3,9,8,3,2,4,37,-5.0,35.0,Poor,Stay away,28,0.0,0.0,-0.0,0.0,1,,Basic Materials,23696640.0,1215.0
AGCI,American Gold & Copper Inc.,0.026,8,5,6,8,2,3,5,37,0.0,35.0,Poor,Stay away,38,-3.6,13.2,-4.7,47.2,2,,Communication Services,18979758.0,1109883.3
TKOI,Telkonet Inc,0.023,9,6,4,8,5,2,5,39,-5.0,35.0,Poor,Stay away,50,-21.7,-21.7,-11.6,46.4,1,,Technology,6965658.0,469092.25
SHRG,Sharing Services Global Corp,0.022,7,3,10,9,0,4,4,37,-5.0,35.0,Poor,Stay away,41,0.0,0.0,-0.0,30.0,1,,Consumer Defensive,7121.0,22.55
FEERF,Freeport Resources Inc,0.034,3,9,6,12,4,2,2,38,-3.0,35.0,Poor,Stay away,23,-4.5,-4.5,-4.8,42.4,2,,Basic Materials,12987291.0,89201.6
DGMDF,Digital Domain Holdings Limited,0.044,10,6,11,8,0,6,4,45,-13.0,35.0,Poor,Stay away,34,0.0,0.0,0.0,80.9,0,,Communication Services,351086944.0,2129.45
SIMTF,SIM Technology Group Limited,0.046,12,6,11,8,0,4,4,45,-13.0,35.0,Poor,Stay away,54,0.0,0.0,0.0,99.5,0,,Technology,343983616.0,140.0
ZPHRF,Zephyr Energy plc,0.05,15,4,5,9,3,1,5,42,-7.0,35.0,Poor,Stay away,59,0.0,0.0,1.9,68.4,1,,Energy,105035952.0,16323.69
GLABF,Gemina Laboratories Ltd,0.05,8,6,10,7,0,2,4,37,-5.0,35.0,Poor,Stay away,29,0.0,0.0,-0.0,25.7,1,,Healthcare,3828545.0,19177.6
LOBEF,Lobe Sciences Ltd,0.06,17,11,6,16,4,2,2,58,-21,35,Poor,Stay away,64,820.0,657.0,260.4,65.5,3,8,Healthcare,1849092.0,74007.86
GNCNF,Gencan Capital Inc,0.065,9,6,11,10,3,2,4,45,-13.0,35.0,Poor,Stay away,48,0.0,0.0,0.0,100.0,0,,Financial Services,1163927.0,100.87
GTGEF,G2 Technologies Corp,0.07,5,4,9,8,3,2,4,35,-5.0,35.0,Poor,🔥 COILED: Stay away,40,0.0,0.0,0.0,50.0,1,,Energy,347281.0,450.0
INEOD,INEO Tech Corp.,0.08,12,5,5,13,6,4,5,50,-15.0,35.0,Poor,Stay away,56,-16.5,-7.8,-5.6,48.4,1,,Communication Services,4424081.0,22826.67
TGMR,Troy Gold & Mineral Corp,0.071,3,3,8,8,3,3,4,32,0.0,35.0,Poor,Stay away,23,0.0,0.0,-29.3,7.8,0,,Basic Materials,44464.0,171.61
PBEGF,Touchstone Exploration Inc,0.09,6,5,3,12,0,5,4,35,0.0,35.0,Poor,Stay away,14,-10.0,-10.0,-5.2,41.8,0,,Energy,31622844.0,79023.79
BMCLF,BAIC Motor Corporation Limited,0.136,4,3,10,8,3,3,4,35,0.0,35.0,Poor,Stay away,15,0.0,0.0,-0.6,0.1,0,,Consumer Cyclical,1198292992.0,426.0
CCLHF,C C Land Holdings Limited,0.14,5,4,9,8,3,2,4,35,-5.0,35.0,Poor,🔥 COILED: Stay away,28,0.0,0.0,0.0,50.0,1,,Real Estate,543526848.0,4.0
SIREF,Sirios Resources Inc,0.12,9,14,6,2,4,2,5,42,-8.0,35.0,Poor,Stay away,26,3.9,8.5,2.6,52.0,1,,Basic Materials,80819816.0,299397.6
BMNDF,Biomind Labs Inc.,0.146,20,10,5,5,6,6,5,57,-22,35,Poor,Stay away,61,166.0,206.7,86.9,66.5,3,7,Healthcare,11348751.0,1187.98
HEWA,Healthwarehouse.Com,0.13,12,7,12,5,6,3,4,49,-14.0,35.0,Poor,Stay away,60,8.3,8.3,3.9,62.1,2,,Healthcare,6828352.0,2914.5
EDWZF,Edgewater Exploration Ltd,0.1,10,7,10,11,1,2,4,45,-13.0,35.0,Poor,Stay away,47,0.0,0.0,0.0,100.0,0,,Basic Materials,3892360.0,424.0
SYDRF,Delota Corp,0.1,12,6,11,8,0,4,4,45,-13.0,35.0,Poor,Stay away,48,0.0,0.0,0.0,99.5,0,,Healthcare,2911033.0,45.0
VCBDD,"Vitalibis, Inc.",0.13,11,5,3,9,3,1,5,37,-5.0,35.0,Poor,Stay away,36,0.0,0.0,18.6,55.2,1,,Financial Services,42862.0,593.17
TITMF,Titomic Limited,0.15,11,10,7,5,6,3,3,45,-15.0,35.0,Poor,🔥 COILED: Stay away,30,0.0,0.0,1.1,57.0,1,,Industrials,241129568.0,12979.5
WECFF,White Energy Company Limited,0.158,15,14,13,10,6,3,5,66,-27.0,35.0,Poor,Stay away,47,14.9,12.4,14.7,63.1,3,,Energy,69618368.0,0.0
CGXEF,CGX Energy Inc,0.18,14,11,3,14,5,5,5,57,-22.0,35.0,Poor,Stay away,66,28.6,28.8,16.5,69.4,3,,Energy,60938820.0,60435.82
LEEEF,Leef Brands Inc.,0.191,9,7,8,12,7,4,5,52,-15.0,35.0,Poor,Stay away,57,-5.4,-9.5,-3.6,46.8,1,,Healthcare,55230596.0,277369.21
ATCMF,Atico Mining Corporation,0.164,12,12,8,12,5,2,5,56,-21.0,35.0,Poor,Stay away,35,3.9,15.6,6.9,56.7,3,,Basic Materials,29741802.0,117632.98
NWVCF,EnWave Corporation,0.17,4,12,3,8,4,4,5,40,-5.0,35.0,Poor,Stay away,31,6.2,0.0,0.8,49.9,1,,Industrials,20181842.0,25748.67
TFLM,TFLM,0.17,12,7,11,6,3,4,4,47,-15.0,35.0,Poor,Stay away,36,0.0,0.0,0.0,59.5,1,,Technology,1005130.0,578.18
DSX-WT,Diana Shipping Inc. WT,0.17,3,6,8,9,0,6,5,37,0.0,35.0,Poor,Stay away,22,-5.0,-0.1,-10.2,44.1,0,,nan,nan,24587.41
CHHGF,Chen Hsong Holdings Limited,0.231,9,6,10,6,3,2,4,40,-10.0,35.0,Poor,🔥 COILED: Stay away,51,0.0,0.0,0.0,50.0,0,,Industrials,145589744.0,1019.5
RECEF,Recce Pharmaceuticals Ltd,0.22,8,3,9,8,3,2,4,37,-5.0,35.0,Poor,Stay away,29,0.0,0.0,-0.0,0.8,1,,Healthcare,65883144.0,21.5
CECAF,CanAsia Energy Corp.,0.21,14,7,8,8,4,3,5,49,-17.0,35.0,Poor,Stay away,46,5.0,5.0,4.5,60.0,1,,Energy,23686720.0,21456.35
QSEAR,Quartzsea Acquisition Corporation,0.219,7,5,2,12,8,4,5,43,-8.0,35.0,Poor,Stay away,45,-4.9,34.4,-1.4,49.7,2,,nan,nan,0.0
SLCVF,SLCVF,0.26,12,7,8,2,3,1,4,37,-10.0,35.0,Poor,🔥 COILED: Stay away,22,0.0,0.0,0.3,52.7,0,,Industrials,1237088896.0,619.65
TJSCF,Tianjin Development Holdings Limited,0.257,17,4,5,9,6,2,5,48,-13.0,35.0,Poor,Stay away,58,0.0,0.0,3.0,100.0,0,,Industrials,275916480.0,25.0
SRCGF,Spruce Ridge Resources Ltd,0.265,6,14,8,2,6,0,4,40,-8.0,35.0,Poor,Stay away,34,-1.9,3.6,-0.8,48.0,0,,Basic Materials,60134344.0,110823.7
VULMF,Vulcan Minerals Inc,0.282,8,4,9,8,3,2,2,36,-5.0,35.0,Poor,Stay away,52,-9.0,-2.8,-4.4,45.7,1,,Basic Materials,36632476.0,10420.96
OSHDF,Oshidori International Holdings Limited,0.34,16,2,6,7,6,6,5,48,-13.0,35.0,Poor,Stay away,60,9.6,9.6,9.0,85.9,1,,Financial Services,2358701312.0,113.67
AMGXF,AnGes Inc,0.36,5,4,9,8,3,2,4,35,-5.0,35.0,Poor,🔥 COILED: Stay away,39,0.0,0.0,0.0,50.0,1,,Healthcare,142504592.0,21.63
CAHO,Caro Holdings Inc,0.39,11,6,11,8,6,2,4,48,-18.0,35.0,Poor,🔥 COILED: Stay away,37,0.0,0.0,0.1,86.5,1,,Industrials,23654446.0,341.25
EXHI,Exlites Holdings International Inc,0.36,6,3,10,7,0,5,4,35,0.0,35.0,Poor,Stay away,31,0.0,0.0,-0.2,38.4,0,,Healthcare,17617118.0,175.5
GRAF-WT,Graf Industrial Corp. Warrants (each warrant exercisable for one-half of one share of common stock each at an exercise price of $11.50 per share),0.38,13,13,5,6,6,2,3,48,-13.0,35.0,Poor,Stay away,49,-13.6,18.8,4.6,53.7,2,,nan,nan,0.0
TGASF,Towngas China Company Limited,0.429,4,3,8,7,3,3,4,32,0.0,35.0,Poor,Stay away,17,0.0,0.0,-0.8,0.0,0,,Utilities,1471601024.0,0.0
CEBUF,Cebu Air Inc,0.469,3,7,2,8,3,2,5,30,2.0,35.0,Poor,Stay away,20,0.0,17.3,-0.9,47.9,2,,Industrials,287560832.0,17.75
AMQFF,Abitibi Metals Corp,0.499,8,5,3,15,4,4,5,44,-9.0,35.0,Poor,Stay away,45,-12.3,-2.3,-1.8,49.1,2,,Basic Materials,95814632.0,95402.82
ITGMF,Biomedico Hadarim Ltd,0.475,5,4,9,8,3,2,4,35,-5.0,35.0,Poor,🔥 COILED: Stay away,30,0.0,0.0,0.0,50.0,1,,Industrials,13109534.0,35.78
WWNTF,Want Want China Holdings Limited,0.54,5,3,6,9,3,2,4,32,0.0,35.0,Poor,Stay away,29,0.0,0.0,-0.0,0.0,0,,Consumer Defensive,7543751168.0,288.0
LDDD,Longduoduo Company Limited,0.51,5,4,8,9,3,2,4,35,-5.0,35.0,Poor,🔥 COILED: Stay away,32,0.0,0.0,-0.0,47.6,1,,Healthcare,15307668.0,18.33
WHLM,Wilhelmina,0.5,3,4,7,8,3,5,2,32,0.0,35.0,Poor,Stay away,9,0.0,0.0,-38.1,0.9,0,,Industrials,2459922.0,334.82
SYMQY,SymBio Pharmaceuticals Limited,0.558,8,3,10,7,3,2,4,37,-5.0,35.0,Poor,Stay away,27,0.0,0.0,-0.0,0.0,1,,Healthcare,40251228.0,47.53
VGES,Vanguard Green Investment Limited,0.56,9,6,11,10,3,2,4,45,-13.0,35.0,Poor,Stay away,46,0.0,0.0,0.0,100.0,0,,Consumer Cyclical,33282916.0,9.45
SJMHY,SJM Holdings Ltd ADR,0.74,7,5,4,13,3,3,5,40,-5.0,35.0,Poor,Stay away,17,1.8,1.8,-0.6,35.8,1,,Consumer Cyclical,1313833984.0,332.38
BZDLF,Kincora Copper Limited,0.72,15,11,4,11,4,5,5,55,-18.0,35.0,Poor,Stay away,59,4.3,20.0,7.0,53.0,3,,Basic Materials,34252720.0,24110.72
TACOW,Berto Acquisition Corp. Warrant,0.7,12,5,7,9,3,0,4,40,-5.0,35.0,Poor,Stay away,51,-9.0,-2.9,-2.0,49.8,1,,nan,1626949.0,44501.83
VCUFF,Vizsla Copper Corp,0.778,6,5,8,13,2,1,5,40,-5.0,35.0,Poor,Stay away,31,-6.8,-2.9,-1.1,48.3,1,,Basic Materials,70467712.0,132480.11
JUGRF,Juggernaut Exploration Ltd,0.8,10,6,5,9,1,3,5,39,-5.0,35.0,Poor,Stay away,31,-4.2,-4.3,-1.7,48.7,1,,Basic Materials,40035680.0,28090.5
ZHEXF,Zhejiang Expressway Co. Ltd,0.86,14,10,6,5,3,2,5,45,-10.0,35.0,Poor,Stay away,31,2.4,10.3,4.1,58.2,2,,Industrials,5311571456.0,0.0
DFORF,D4t4 Solutions Plc,1.0,3,3,8,10,3,1,4,32,0.0,35.0,Poor,Stay away,14,0.0,0.0,-0.8,0.0,1,,Technology,37915304.0,968.58
PIMXX,Plan Investment Fund Inc. - Money Market Portfolio,1.0,7,6,11,6,4,2,4,40,-8.0,35.0,Poor,Stay away,37,0.0,0.0,0.0,49.8,0,,nan,nan,0.0
WAAXX,Western Asset Premier Institutional Liquid Reserves Capital Shares,1.0,10,6,8,6,4,2,4,40,-10.0,35.0,Poor,🔥 COILED: Stay away,45,0.0,0.0,0.0,55.2,0,,nan,nan,0.0
JFTH,"Japan Food Tech Holdings, Inc.",0.02,10,7,4,15,8,4,5,53,-21.8,34.2,Poor,Stay away,57,-31.0,122.2,23.9,52.8,3,,Industrials,1914173.0,4158.48
BSEG,Big Screen Entertainment Group Inc,0.012,13,9,7,11,3,3,5,51,-16.8,34.2,Poor,Stay away,26,24.0,24.0,20.4,90.0,2,,Communication Services,1244184.0,14302.5
CCLX,Cableclix USA Inc,0.041,19,2,4,14,7,2,5,53,-16.8,34.2,Poor,Stay away,67,48.0,50.2,67.8,72.4,2,,Communication Services,41285108.0,152808.54
LPMDF,Lippo Malls Indonesia Retail Trust,0.006,5,3,10,7,0,2,4,31,0.0,34.0,Poor,Stay away,29,0.0,0.0,-0.0,0.0,0,,Real Estate,102146336.0,250.32
CROTD,CROTD,0.007,5,3,9,7,3,5,4,36,-5.0,34.0,Poor,Stay away,29,0.0,0.0,-5.4,31.0,1,,nan,5343047.0,30.17
ETBI,Eastgate Biotech Corp,0.003,12,5,10,13,1,2,4,47,-18.0,34.0,Poor,🔥 COILED: Stay away,47,0.0,0.0,0.6,99.3,1,,Healthcare,3173572.0,399097.44
SVLT,Sunvault Energy Inc,0.006,9,4,5,14,3,2,5,42,-8.0,34.0,Poor,Stay away,53,0.0,0.0,5.2,73.1,1,,Industrials,899045.0,3538.0
CGUD,Com-Guard.Com Inc,0.001,11,6,7,11,6,4,4,49,-18.0,34.0,Poor,Stay away,50,0.0,10.0,1.4,59.1,3,,Technology,651518.0,282746.51
ODDAF,Odd Burger Corporation,0.006,3,4,10,9,3,3,4,36,-5.0,34.0,Poor,Stay away,14,0.0,0.0,-13.0,15.1,1,,Consumer Cyclical,646880.0,6796.72
GDXRF,Goldex Resources Corporation,0.01,5,3,10,9,3,2,4,36,-5.0,34.0,Poor,Stay away,38,0.0,0.0,-0.0,32.8,1,,Basic Materials,331027.0,218.0
EGOC,Energy 1 Corp,0.005,7,5,6,11,4,2,4,39,-5.0,34.0,Poor,Stay away,37,0.0,0.0,-3.4,42.8,1,,Industrials,262054.0,1107.67
AGFAF,Agra Ventures Ltd.,0.004,3,8,10,10,0,3,5,39,-5.0,34.0,Poor,Stay away,18,0.0,0.0,-7.3,46.1,1,,Healthcare,86599.0,4538.67
JNHMF,Jack Nathan Medical Corp,0.008,5,5,8,8,3,3,2,34,-5.0,34.0,Poor,🔥 COILED: Stay away,32,0.0,0.0,-3.7,43.3,1,,Healthcare,69679.0,79.0
ZTTO,Zitto Inc,0.009,11,7,11,6,3,2,4,44,-15.0,34.0,Poor,🔥 COILED: Stay away,32,0.0,0.0,0.0,46.0,1,,Financial Services,59854.0,11.01
MTST,MetaStat Inc,0.001,10,5,10,12,4,4,4,49,-18.0,34.0,Poor,Stay away,49,0.0,0.0,0.2,100.0,1,,Healthcare,5877.0,400.38
IRNS,Ironstone Group Inc,0.002,8,3,9,7,3,2,4,36,-5.0,34.0,Poor,Stay away,29,0.0,0.0,-0.0,0.0,1,,Financial Services,5453.0,10.0
SWVLW,Swvl Holdings Corp Warrant,0.008,6,10,1,12,7,5,5,46,-13.0,34.0,Poor,Stay away,50,10.8,-1.2,-0.8,50.1,0,,Technology,nan,30185.06
RCKTW,"Rocket Pharmaceuticals, Inc. Warrant",0.003,3,7,1,13,4,2,2,32,2.0,34.0,Poor,Stay away,21,0.0,3.4,-47.3,41.1,0,,Healthcare,nan,32129.06
TSEOQ,TSEOQ,0.002,6,3,7,9,3,2,4,34,0.0,34.0,Poor,Stay away,0,0.0,0.0,-46.4,41.1,0,,nan,nan,0.0
KYBWF,Guangdong Land Holdings Limited,0.02,14,4,7,14,6,2,5,52,-18.0,34.0,Poor,Stay away,58,0.0,0.0,15.9,100.0,1,,Real Estate,34230736.0,77.2
GEAT,GreetEat Corporation,0.02,9,5,3,13,2,2,5,39,-5.0,34.0,Poor,Stay away,45,-33.3,0.0,-17.9,48.1,1,,Industrials,8775517.0,63939.35
BNGLF,Bengal Energy Ltd,0.018,5,5,5,10,3,6,5,39,-5.0,34.0,Poor,Stay away,26,21.2,-6.8,0.1,47.8,1,,Energy,8589885.0,4444.85
AUVGF,Australian Vintage Ltd,0.014,8,3,9,7,3,2,4,36,-5.0,34.0,Poor,Stay away,20,0.0,0.0,-0.2,0.0,1,,Consumer Defensive,4546588.0,8.4
LAAI,LAAI,0.014,10,6,11,8,3,2,4,44,-13.0,34.0,Poor,Stay away,43,0.0,0.0,0.0,98.5,0,,Consumer Cyclical,1022321.0,0.0
SCGY,Scientific Energy Inc,0.027,5,3,10,9,3,2,4,36,-5.0,34.0,Poor,Stay away,33,0.0,0.0,-0.0,0.0,1,,Communication Services,7110113.0,8.5
VETIF,VIP Entertainment Technologies Inc.,0.03,5,4,9,7,3,2,4,34,-5.0,34.0,Poor,🔥 COILED: Stay away,27,0.0,0.0,0.0,50.0,1,,Consumer Cyclical,1167937.0,41.75
AMNC,Amincor Inc,0.026,12,6,11,11,3,2,4,49,-18.0,34.0,Poor,Stay away,44,0.0,0.0,0.1,99.8,1,,Consumer Defensive,885373.0,596.86
DRDNF,Dreadnought Resources Ltd,0.04,9,6,11,9,3,2,4,44,-13.0,34.0,Poor,Stay away,52,0.0,0.0,0.0,100.0,0,,nan,81101431.0,522.5
IVIXF,Invion Limited,0.037,8,3,9,7,3,2,4,36,-5.0,34.0,Poor,Stay away,39,0.0,0.0,-0.0,0.0,1,,Healthcare,4029503.0,0.11
MSOVF,Greatbanks Resources Ltd,0.04,12,6,10,7,3,2,4,44,-13.0,34.0,Poor,Stay away,51,0.0,0.0,0.0,100.0,0,,Other,nan,52.0
HYOR,HyOrc Corporation,0.049,1,9,7,9,3,0,5,34,2.0,34.0,Poor,Stay away,25,-5.4,-11.7,-14.0,43.7,1,,Industrials,31386034.0,72667.71
MOAEF,Mongolia Energy Corporation Limited,0.05,3,3,10,8,0,3,4,31,0.0,34.0,Poor,Stay away,12,0.0,0.0,-1.0,1.6,0,,Basic Materials,9406293.0,770.99
PRYNF,Backstageplay Inc,0.049,8,3,9,10,0,2,4,36,-5.0,34.0,Poor,Stay away,29,0.0,0.0,-0.0,0.0,1,,Communication Services,1203578.0,218.75
SHMSF,Shimao Services Holdings Limited,0.058,5,3,10,9,3,2,4,36,-5.0,34.0,Poor,Stay away,35,0.0,0.0,-0.0,14.3,1,,Real Estate,141919952.0,3.54
APCFF,Atlas Pearls Ltd,0.054,10,6,8,5,6,3,4,42,-13.0,34.0,Poor,🔥 COILED: Stay away,49,0.0,0.0,0.4,74.0,0,,Consumer Cyclical,23883918.0,220.0
NILTF,NILTF,0.06,6,11,9,3,4,4,4,41,-10.0,34.0,Poor,Stay away,29,1.7,-0.5,-1.1,46.0,1,,nan,7844094.0,129563.72
MRPT,MacReport.Net Inc,0.053,13,5,7,14,6,2,5,52,-18.0,34.0,Poor,Stay away,57,0.0,0.0,2.9,99.8,1,,Communication Services,944729.0,346.54
MRMD,Marimed Inc,0.068,4,11,9,7,3,2,3,39,-6.0,34.0,Poor,Stay away,29,4.3,2.7,1.1,50.0,2,,Healthcare,27150094.0,812175.03
NIMU,Non-Invasive Monitoring Systems Inc,0.07,13,6,5,9,3,3,4,43,-9.0,34.0,Poor,Stay away,48,-6.7,-10.8,-7.7,48.1,0,,Financial Services,13932960.0,58593.19
CYMHF,Cymat Technologies Ltd,0.08,12,11,1,14,8,4,5,55,-21.0,34.0,Poor,Stay away,55,-17.4,14.3,7.9,58.9,3,,Industrials,9385629.0,14991.14
MDRNF,Modern Plant Based Foods Inc,0.072,13,6,7,9,6,1,5,47,-13.0,34.0,Poor,Stay away,40,0.0,0.0,8.5,59.9,1,,Consumer Defensive,1058661.0,481.0
GAMN,Great American Food Chain Inc. (The),0.09,10,5,3,13,1,0,2,34,-5.0,34.0,Poor,🔥 COILED: Stay away,51,0.0,0.0,-0.3,50.2,1,,Consumer Cyclical,686767.0,2807.28
HKGEF,Hong Kong Economic Times Holdings Limited,0.093,5,3,10,7,0,2,4,31,0.0,34.0,Poor,Stay away,31,0.0,0.0,-0.0,0.0,1,,Communication Services,40138800.0,0.0
PTFRF,PT Tower Bersama Infrastructure TBK,0.1,5,3,10,7,0,2,4,31,0.0,34.0,Poor,Stay away,29,0.0,0.0,-0.0,0.0,0,,Communication Services,2259248128.0,0.0
SSILF,Sa Sa International Holdings Limited,0.119,10,6,11,8,3,2,4,44,-13.0,34.0,Poor,Stay away,46,0.0,0.0,0.0,97.8,0,,Consumer Cyclical,370520832.0,35.0
HCIL,Hongchang International Co. Ltd.,0.12,7,7,9,6,3,3,4,39,-10.0,34.0,Poor,🔥 COILED: Stay away,29,0.0,0.0,-0.6,46.6,0,,Consumer Defensive,62259760.0,2916.03
SGTM,National Storm Recovery Inc,0.105,4,6,5,8,4,2,5,34,-3.0,34.0,Poor,Stay away,30,-2.8,5.0,-1.4,47.4,2,,Basic Materials,12206713.0,63828.0
HNDI,Handeni Gold Inc,0.138,17,16,5,6,5,5,2,56,-22,34,Poor,Stay away,46,273.7,323.0,96.7,63.7,4,7,Financial Services,8552523.0,1117.34
CODQL,Coronado Global Resources Inc,0.182,5,4,6,9,3,3,4,34,-5.0,34.0,Poor,🔥 COILED: Stay away,33,0.0,0.0,-0.2,47.4,1,,Basic Materials,310206304.0,4255.62
SRAFF,Sandfire Resources America Inc,0.192,14,13,3,10,8,2,5,55,-19.0,34.0,Poor,Stay away,42,-3.9,20.2,9.9,55.4,3,,Basic Materials,196790752.0,67037.91
INVRF,Inverite Insights Inc,0.198,5,3,10,7,3,4,4,36,-5.0,34.0,Poor,Stay away,40,0.0,0.0,-0.0,31.6,1,,Financial Services,11322273.0,192.79
ZAIRF,Zinc8 Energy Solutions Inc,0.179,19,5,3,16,7,2,5,57,-23,34,Poor,Stay away,68,184.1,115.7,82.5,76.5,3,7,Industrials,3902425.0,7925.5
RIGMF,Ridgestone Mining Inc,0.158,14,14,1,15,8,4,5,61,-28,34,Poor,Stay away,32,43.5,21.4,30.3,56.9,4,,Basic Materials,2125895.0,2072.64
JLMKF,Jolimark Holdings Limited,0.206,11,3,2,10,6,2,5,39,-5.0,34.0,Poor,Stay away,48,-17.7,-17.7,-4.3,52.8,1,,Technology,151308592.0,214064.38
TRRXF,TNR Gold Corp,0.21,15,4,9,14,6,9,5,62,-28.0,34.0,Poor,Stay away,61,12.9,10.5,8.3,70.0,3,,Basic Materials,49997172.0,58767.96
GNGXF,Inventus Mining Corp,0.2,5,7,4,9,7,2,5,39,-5.0,34.0,Poor,Stay away,36,1.9,-7.0,-5.6,46.6,1,,Basic Materials,44200000.0,32303.07
IREHF,Integrated Research Limited,0.2,13,5,7,12,3,2,5,47,-13.0,34.0,Poor,Stay away,36,0.0,0.0,2.5,99.7,0,,Technology,36118364.0,157.26
RLFTF,Relief Therapeutics Holding SA,0.234,6,13,5,7,4,2,2,39,-3.0,34.0,Poor,Stay away,24,21.9,-1.7,-3.1,43.1,2,,nan,2957004.0,3453.58
IDTA,Identa Corp,0.22,7,5,2,9,6,0,2,31,0.0,34.0,Poor,Stay away,48,0.0,0.0,-3.5,46.8,0,,Healthcare,890029.0,2468.64
SHIHF,Shenzhen Investment Holdings Bay Area Development Company Limited,0.28,12,6,10,7,3,2,4,44,-13.0,34.0,Poor,Stay away,53,0.0,0.0,0.0,100.0,0,,Industrials,932873280.0,211.26
CGUIF,Casino Guichard-Perrachon Société Anonyme,0.291,13,6,11,7,4,2,4,47,-18.0,34.0,Poor,🔥 COILED: Stay away,36,0.0,0.0,0.3,99.7,1,,Consumer Defensive,90992960.0,41.01
BKTH,"Breakthrough Chemistry, Inc.",0.266,8,4,7,12,3,2,2,38,-7.0,34.0,Poor,Stay away,49,2.0,-4.9,-0.9,49.5,1,,Industrials,2720313.0,4249.99
LBNKF,LithiumBank Resources Corp.,0.332,6,12,9,5,3,7,5,47,-14.0,34.0,Poor,Stay away,23,0.7,3.6,1.1,49.6,2,,Basic Materials,22594732.0,42638.86
SBEV,Splash Beverage Group Inc,0.32,18,11,6,9,1,2,5,52,-18,34,Poor,Stay away,39,240.4,210.7,77.5,69.5,3,11,Consumer Defensive,2014110.0,2340674.75
WALRF,MegaWatt Lithium and Battery Metals Corp,0.302,16,7,7,11,6,4,5,56,-22.0,34.0,Poor,Stay away,56,0.0,37.3,12.9,60.1,3,,Basic Materials,1863477.0,1382.08
TRRPF,Torrent Capital Ltd,0.359,4,6,2,9,3,3,4,31,0.0,34.0,Poor,Stay away,20,0.0,0.0,-0.2,38.0,0,,Financial Services,13718154.0,408.0
AAMCF,Altisource Asset Management Corporation,0.37,5,3,10,9,3,2,4,36,-5.0,34.0,Poor,Stay away,30,0.0,0.0,-0.0,13.0,1,,Consumer Cyclical,94.0,0.0
FULO,FullNet Communications Inc,0.4,6,4,4,14,5,6,5,44,-13.0,34.0,Poor,Stay away,48,14.3,14.3,2.0,51.2,3,,Communication Services,6890420.0,0.0
OGPIF,OGPIF,0.491,3,6,6,7,0,5,4,31,0.0,34.0,Poor,Stay away,17,0.0,0.0,-1.2,31.6,0,,Basic Materials,1319570176.0,0.0
CIGL,Concorde International Group Ltd Class A Ordinary Shares,0.461,7,11,3,9,3,0,4,37,-1.0,34.0,Poor,Stay away,19,-8.7,-14.6,-10.5,43.1,1,,Industrials,104685696.0,927907.26
WAMFF,Western Alaska Minerals Corp,0.472,1,12,6,10,4,0,4,37,-3.0,34.0,Poor,Stay away,29,-0.3,-5.7,1.2,50.0,2,,Basic Materials,48947624.0,69847.91
SCPPF,S4 Capital plc,0.543,17,10,7,10,4,5,5,58,-20.0,34.0,Poor,Stay away,58,12.8,12.4,13.6,69.5,3,,Communication Services,361562688.0,19119.61
WHGPF,Warehouse Group Ltd,0.535,8,3,9,7,3,2,4,36,-5.0,34.0,Poor,Stay away,27,0.0,0.0,-0.0,0.0,1,,Consumer Cyclical,185561088.0,4.06
KRRYF,Kerry Logistics Network Limited,0.55,3,3,8,7,3,3,4,31,0.0,34.0,Poor,Stay away,9,0.0,0.0,-4.2,0.0,0,,Industrials,994086208.0,4.5
IDGXF,Integrated Diagnostics Holdings plc,0.551,14,11,5,14,4,2,5,55,-17.0,34.0,Poor,Stay away,38,11.4,11.4,8.1,67.6,3,,Healthcare,320485152.0,126.79
TIGXF,TIGXF,0.565,15,4,6,11,6,2,5,49,-18.0,34.0,Poor,Stay away,44,0.0,1.0,0.4,100.0,1,,Communication Services,136423728.0,600.88
FBGL,FBS Global Limited Ordinary Shares,0.56,3,8,3,13,5,0,5,37,-3.0,34.0,Poor,Stay away,32,4.1,-7.4,-1.3,48.8,1,,Industrials,7560000.0,1034942.41
CNFN,Cfn Enterprises Inc,0.58,3,3,10,8,5,3,4,36,-5.0,34.0,Poor,Stay away,28,0.0,0.0,-1.3,28.8,1,,Communication Services,5188887.0,253.0
MEIUF,Meitu Inc,0.611,5,3,6,9,3,1,4,31,0.0,34.0,Poor,Stay away,23,0.0,0.0,-0.1,0.0,0,,Communication Services,2762077952.0,22.54
HMCTF,Hainan Meilan International Airport Company Limited,0.65,3,3,9,9,3,5,4,36,-5.0,34.0,Poor,Stay away,19,0.0,0.0,-0.9,0.0,1,,Industrials,317373440.0,78.03
PGLDF,P2 Gold Inc,0.663,16,7,9,15,7,4,5,63,-29.0,34.0,Poor,Stay away,78,6.9,13.1,11.4,64.4,3,,Basic Materials,173822224.0,259862.25
CHDGF,COSCO SHIPPING International (Hong Kong) Co. Ltd,0.7,3,5,10,5,5,7,4,39,-8.0,34.0,Poor,Stay away,30,0.0,0.0,-1.1,42.6,0,,Industrials,1026180032.0,0.0
JETBF,JETBF,0.705,15,2,7,6,6,2,4,42,-13.0,34.0,Poor,🔥 COILED: Stay away,53,0.0,0.0,0.2,74.5,0,,Industrials,47121664.0,8.91
GGDVF,Guangdong Investment Limited,0.88,10,7,11,6,3,2,4,43,-12.0,34.0,Poor,Stay away,55,0.0,0.0,0.0,64.0,0,,Utilities,6265193984.0,0.0
GEDUF,GEDUF,0.885,10,6,11,6,0,2,4,39,-10.0,34.0,Poor,🔥 COILED: Stay away,40,0.0,0.0,0.0,50.0,0,,Consumer Defensive,682829504.0,2.5
XAARF,Xaar plc,0.92,5,4,9,7,3,2,4,34,-5.0,34.0,Poor,🔥 COILED: Stay away,27,0.0,0.0,0.0,50.0,1,,Technology,72195440.0,180.0
BCTXL,BriaCell Therapeutics Corp. Warrant expiring 2031,0.9,9,10,6,4,5,0,5,39,-8.0,34.0,Poor,🔥 COILED: Stay away,0,-5.3,4.7,1.9,51.6,0,,nan,nan,0.0
SVIVW,Spring Valley Acquisition Corp. IV Warrants,1.0,10,14,3,8,4,6,5,50,-16.0,34.0,Poor,Stay away,0,39.2,5.3,11.5,54.0,1,,nan,nan,0.0
SPOWF,Strata Power Corp,0.016,13,7,7,13,4,3,2,49,-15.5,33.5,Poor,Stay away,41,71.4,71.4,25.4,57.6,2,7,Energy,314131.0,7057.71
ASRFF,Americas Uranium Corp.,0.235,13,13,6,5,3,2,5,47,-13.5,33.5,Poor,Stay away,0,6.2,361.6,21.2,55.6,2,,nan,nan,0.0
HAOTF,HAOTF,0.004,15,5,7,9,6,4,5,51,-18.0,33.0,Poor,Stay away,56,0.0,0.0,21.1,99.8,0,,Industrials,49929192.0,233.39
VPLM,Voip-Pal.Com Inc,0.01,9,12,5,7,4,0,4,41,-11.0,33.0,Poor,Stay away,47,3.2,10.2,6.3,56.3,3,,Communication Services,37030436.0,2175268.02
SAHRF,Sahara Energy Ltd,0.006,9,6,11,6,0,2,4,38,-10.0,33.0,Poor,🔥 COILED: Stay away,52,0.0,0.0,0.0,50.0,0,,Energy,18586170.0,73.33
MTTCF,MeaTech 3D Ltd,0.001,6,3,10,7,3,2,4,35,-5.0,33.0,Poor,Stay away,23,0.0,0.0,-0.0,0.1,1,,Consumer Defensive,7810295.0,435.81
FYIRF,FYI Resources Limited,0.009,5,3,10,8,3,2,4,35,-5.0,33.0,Poor,Stay away,30,0.0,0.0,-0.0,0.0,1,,Basic Materials,4160983.0,450.0
DROP,Fuse Science Inc,0.009,17,6,3,18,7,1,5,57,-25,33,Poor,Stay away,66,210.3,275.0,123.5,92.3,3,5,Technology,2250000.0,139241.59
SFWJ,Software Effective Solutions Corp,0.004,3,4,0,10,5,7,4,33,0.0,33.0,Poor,Stay away,33,-12.5,-38.6,-15.4,45.9,0,,Healthcare,1260295.0,212963.26
AXIM,Axim Biotechnologies Inc,0.003,1,7,5,8,3,2,5,31,2.0,33.0,Poor,Stay away,21,3.3,-22.5,-13.9,38.1,1,,Healthcare,1021369.0,292673.64
TBIXF,TrustBIX Inc,0.006,5,3,9,8,3,3,4,35,-5.0,33.0,Poor,Stay away,14,0.0,0.0,-3.4,0.0,1,,Technology,918845.0,4122.57
CAFS,Café Serendipity Holdings Inc,0.004,3,4,10,9,0,3,4,33,0.0,33.0,Poor,Stay away,35,0.0,0.0,-2.9,32.9,0,,Financial Services,689962.0,3219.59
LEKOF,Lekoil Limited,0.001,4,6,2,8,3,3,4,30,0.0,33.0,Poor,Stay away,23,0.0,0.0,-30.2,45.3,0,,Energy,640838.0,2050.0
DGTEF,DGTEF,0.008,7,4,3,11,3,2,5,35,-5.0,33.0,Poor,Stay away,31,-20.0,-11.1,-6.3,48.6,1,,Financial Services,597062.0,12821.48
GXXY,Galexxy Holdings Inc,0.001,5,3,10,8,3,2,4,35,-5.0,33.0,Poor,Stay away,17,0.0,0.0,-0.3,27.1,1,,Healthcare,369605.0,12816.74
AMPDF,AMPD Ventures Inc,0.003,5,4,10,8,0,2,4,33,-5.0,33.0,Poor,🔥 COILED: Stay away,32,0.0,0.0,0.0,50.0,1,,Technology,361000.0,84.0
PNNEF,Pennine Petroleum Corporation,0.002,8,4,10,7,0,2,4,35,-5.0,33.0,Poor,Stay away,35,0.0,0.0,-0.0,0.0,1,,Energy,90864.0,2641.5
BKLIF,Blockmint Technologies Inc,0.001,3,3,9,7,3,1,4,30,0.0,33.0,Poor,Stay away,11,0.0,0.0,-12.5,0.4,0,,Financial Services,57891.0,31.5
ASKE,Alaska Pacific Energy Corp,0.005,9,8,0,8,4,2,2,33,0.0,33.0,Poor,Stay away,37,-50.0,-66.7,-64.1,43.8,0,,Communication Services,51372.0,11464.85
ARDNF,Argent Minerals Limited,0.014,11,6,7,12,3,1,5,45,-12.0,33.0,Poor,Stay away,24,48.9,48.9,17.7,66.2,2,,Basic Materials,23836026.0,47701.64
SHGDF,Star Diamond Corporation,0.02,8,4,10,7,4,2,4,39,-5.0,33.0,Poor,Stay away,26,0.0,0.0,-0.0,44.1,1,,Basic Materials,12614800.0,15458.87
AHFI,Absolute Health and Fitness Inc,0.012,3,7,7,11,0,3,2,33,0.0,33.0,Poor,Stay away,30,0.0,4.3,-4.2,42.1,0,,Financial Services,1009332.0,3980.06
BLRZF,Blackhawk Growth Corp,0.011,9,6,11,11,0,2,4,43,-13.0,33.0,Poor,Stay away,56,0.0,0.0,0.0,100.0,0,,Financial Services,97077.0,3.9
INVU,Investview Inc,0.026,7,5,6,8,7,0,5,38,-5.0,33.0,Poor,Stay away,45,-3.7,-4.1,-0.6,52.3,2,,Technology,45034448.0,1087087.09
STCB,Starco Brands Inc,0.03,3,13,2,7,3,2,5,35,-3.0,33.0,Poor,Stay away,35,-24.7,-9.4,-2.9,48.9,1,,Consumer Defensive,23525762.0,0.0
CMMCF,OXE Marine AB (publ),0.03,5,3,10,9,3,1,4,35,-5.0,33.0,Poor,Stay away,21,0.0,0.0,-0.2,1.0,1,,Industrials,20791214.0,539.7
NHHHF,FuelPositive Corp,0.022,7,16,4,12,3,2,5,49,-16.0,33.0,Poor,Stay away,22,12.5,12.5,4.3,50.8,3,,Industrials,11013519.0,325844.05
ADAPY,Adaptimmune Therapeutics plc,0.03,10,7,7,10,7,2,2,45,-12.0,33.0,Poor,Stay away,42,5.2,8.9,-6.7,47.9,2,,Healthcare,8481652.0,9103854.92
ABCFF,Abacus Mining & Exploration Corporation,0.03,18,5,8,12,6,6,5,60,-27,33,Poor,Stay away,66,50.0,50.0,37.5,98.0,3,3,Basic Materials,5623687.0,51672.0
COMCF,Canada One Mining Corp.,0.035,1,12,1,8,3,2,2,29,-1.0,33.0,Poor,Stay away,27,8.1,-26.1,-13.0,43.3,2,,Basic Materials,1466205.0,3752.39
MIRXF,Serrano Resources Ltd,0.05,5,3,9,7,0,2,4,30,0.0,33.0,Poor,Stay away,11,0.0,0.0,-0.1,0.0,0,,Energy,3696784.0,31.4
SEEMF,Seeing Machines Limited,0.06,9,4,8,7,6,2,2,38,-5.0,33.0,Poor,Stay away,51,-9.9,1.9,-2.9,46.9,1,,Technology,287976000.0,105586.93
BZRD,Giant Motorsports Inc,0.055,8,5,3,10,1,2,4,33,0.0,33.0,Poor,Stay away,54,-8.3,0.9,-2.5,48.5,0,,Financial Services,43696040.0,128253.52
PVCT,Provectus Biopharmaceuticals Inc,0.062,4,10,3,8,6,2,2,35,-3.0,33.0,Poor,Stay away,40,6.9,-3.1,-1.3,47.0,1,,Healthcare,26057352.0,253220.03
NLRCF,Northern Lights Resources Corp,0.08,12,4,10,8,6,3,5,48,-20.0,33.0,Poor,🔥 COILED: Stay away,58,-2.2,14.1,3.8,56.5,3,,Basic Materials,5439096.0,11116.7
SKKFF,Strikewell Energy Corp,0.08,12,6,10,6,3,2,4,43,-15.0,33.0,Poor,🔥 COILED: Stay away,53,0.0,0.0,0.0,50.0,1,,Energy,690148.0,0.0
ALDS,APPlife Digital Solutions Inc,0.08,5,4,9,7,3,1,4,33,-5.0,33.0,Poor,🔥 COILED: Stay away,33,0.0,0.0,-13.1,41.9,1,,Technology,648818.0,1060.19
ECRO,Ecc Cap. Corp.,0.089,3,8,5,10,3,0,4,33,-1.0,33.0,Poor,Stay away,27,-1.1,-1.1,1.4,50.4,1,,nan,15241840.0,49166.5
EONR-WT,EON Resources Inc. WT,0.083,8,6,2,11,0,6,2,35,0.0,33.0,Poor,Stay away,41,-7.6,4.0,-4.0,48.6,0,,nan,nan,0.0
CHVKY,China Vanke Co. Ltd,0.138,5,3,10,8,3,2,4,35,-5.0,33.0,Poor,Stay away,21,0.0,0.0,-0.0,12.4,1,,Real Estate,6376264192.0,262.25
SMTLF,GCL New Energy Holdings Limited,0.117,15,5,5,6,6,2,4,43,-13.0,33.0,Poor,Stay away,54,0.0,0.0,0.9,57.0,1,,Utilities,208068928.0,31.11
DUVNF,Peruvian Metals Corp,0.121,7,13,9,6,3,2,3,43,-13.0,33.0,Poor,Stay away,36,-3.4,0.7,-4.2,43.6,0,,Basic Materials,16329901.0,81780.58
TNREF,Taranis Resources Inc,0.1,16,5,8,15,1,2,5,52,-19.0,33.0,Poor,Stay away,26,25.0,11.1,12.7,65.7,3,,Basic Materials,9855251.0,0.0
MYCB,My City Builders Inc.,0.112,4,3,10,8,3,3,4,35,-5.0,33.0,Poor,Stay away,31,0.0,0.0,-0.9,13.2,1,,Real Estate,717067.0,41.51
TAWNF,Thai Airways International Public Company Limited,0.175,3,9,5,10,0,2,2,31,2.0,33.0,Poor,Stay away,39,-2.5,0.0,-2.2,44.1,0,,Industrials,5343508480.0,242428.48
WEMXF,Weimob Inc,0.2,5,3,10,8,3,2,4,35,-5.0,33.0,Poor,Stay away,21,0.0,0.0,-0.1,0.1,1,,Technology,825294592.0,25.5
WOSSF,Water Oasis Group Limited,0.17,17,4,6,9,6,4,5,51,-18.0,33.0,Poor,Stay away,61,0.0,54.5,21.2,97.9,2,,Consumer Cyclical,115693968.0,0.0
LEIC,Lead Innovation Corp,0.151,6,3,10,7,3,2,4,35,-5.0,33.0,Poor,Stay away,33,0.0,0.0,-0.0,0.0,1,,Industrials,79492544.0,0.0
CGDXF,Xali Gold Corp,0.169,8,2,9,8,0,3,3,33,0.0,33.0,Poor,Stay away,29,-6.1,-3.4,-4.6,39.1,0,,Basic Materials,27106220.0,14972.84
NMTLF,New Age Metals Inc,0.185,5,12,10,4,4,2,4,41,-8.0,33.0,Poor,Stay away,31,10.5,9.3,1.3,49.6,1,,Basic Materials,13456335.0,81663.67
NCL,Northann Corp.,0.159,6,4,10,6,6,7,4,43,-15.0,33.0,Poor,🔥 COILED: Stay away,45,0.0,0.0,-0.3,47.0,1,,Consumer Cyclical,8543560.0,4782467.53
ECORF,Elcora Advanced Materials Corp,0.19,4,7,8,7,0,3,4,33,-5.0,33.0,Poor,🔥 COILED: Stay away,37,0.0,0.0,-0.3,44.7,1,,Basic Materials,6799662.0,2062.44
LQMT,Liquidmetal Technologies Inc,0.219,14,3,1,9,3,1,5,36,-3.0,33.0,Poor,Stay away,57,-8.7,9.5,-1.5,51.5,1,,Industrials,201802720.0,671652.22
LODFF,LODFF,0.238,11,12,11,8,3,5,5,55,-20.0,33.0,Poor,Stay away,55,7.2,18.4,12.0,60.6,3,,Basic Materials,14748298.0,50822.13
HGGCF,Highway 50 Gold Corp,0.2,8,3,10,8,0,2,4,35,-5.0,33.0,Poor,Stay away,23,0.0,0.0,-0.0,0.8,1,,Basic Materials,12914364.0,475.72
CAIHF,Chia Tai Enterprises International Limited,0.28,7,6,10,6,3,2,4,38,-10.0,33.0,Poor,🔥 COILED: Stay away,47,0.0,0.0,0.0,50.0,0,,Healthcare,67401128.0,0.4
STQN,Strategic Acquis,0.25,8,7,11,6,3,6,4,45,-15.0,33.0,Poor,Stay away,52,0.0,0.0,0.0,56.7,1,,Financial Services,11668750.0,400.75
BPTSY,Biophytis S.A.,0.25,5,3,10,8,3,2,4,35,-5.0,33.0,Poor,Stay away,20,0.0,0.0,-0.1,3.0,1,,Healthcare,5988224.0,57.5
BTRYF,Battery Minerals Limited,0.341,8,8,6,9,3,2,2,38,-5.0,33.0,Poor,Stay away,34,9.0,1.4,-3.4,43.7,1,,Basic Materials,132281696.0,11288.99
PNTRF,Pantera Silver Corp.,0.3,3,12,3,7,5,4,2,36,-3.0,33.0,Poor,Stay away,33,0.0,-14.3,-4.3,45.4,1,,Basic Materials,21633968.0,40576.58
TODM,Tonopah Divide Mining Co,0.35,7,6,10,6,3,2,4,38,-10.0,33.0,Poor,🔥 COILED: Stay away,46,0.0,0.0,0.0,50.0,0,,Basic Materials,799339.0,638.46
VYND,Vynleads Inc,0.41,5,4,2,10,3,5,4,33,-5.0,33.0,Poor,🔥 COILED: Stay away,25,0.0,0.0,-1.3,41.3,1,,Healthcare,7510921.0,212.0
BEWFF,BeWhere Holdings Inc,0.541,6,12,7,4,3,3,3,38,-8.0,33.0,Poor,Stay away,38,0.9,0.9,0.4,48.7,1,,Technology,52495128.0,17712.63
PGFF,PGFF,0.51,7,6,10,6,3,2,4,38,-10.0,33.0,Poor,🔥 COILED: Stay away,41,0.0,0.0,0.0,50.0,0,,nan,14744763.0,75.0
MITQ,Moving iMage Technologies Inc,0.535,1,12,2,9,4,6,2,36,-1.0,33.0,Poor,Stay away,28,-0.9,-20.6,-4.4,42.4,2,,Technology,5318474.0,113227.02
OBSJF,Obrascón Huarte Lain S.A,0.576,9,6,10,9,3,2,4,43,-13.0,33.0,Poor,Stay away,55,0.0,0.0,0.0,100.0,0,,Industrials,796704832.0,491.28
HNRDF,Hansard Global Plc,0.61,10,6,11,7,3,2,4,43,-13.0,33.0,Poor,Stay away,52,0.0,0.0,0.0,99.7,0,,Financial Services,83292488.0,0.0
LTRE,Learning Tree International Inc,0.655,17,9,6,14,6,10,5,67,-30,33,Poor,Stay away,72,28.4,28.4,25.0,100.0,3,,Consumer Defensive,6744418.0,435.23
MARZF,Marston's PLC,0.72,15,4,6,9,1,6,5,46,-13.0,33.0,Poor,Stay away,41,0.0,9.5,4.3,89.6,1,,Consumer Cyclical,455726976.0,2727.88
KNGRF,Kingsmen Resources Ltd,0.74,5,15,5,8,3,0,4,40,-5.0,33.0,Poor,Stay away,22,-5.1,5.7,-0.2,49.1,1,,Basic Materials,25547086.0,36676.5
ODMUF,Old Mutual Limited,0.78,9,6,11,8,3,2,4,43,-13.0,33.0,Poor,Stay away,57,0.0,0.0,0.0,100.0,0,,Financial Services,3109104640.0,2.87
ECAOF,Eco (Atlantic) Oil & Gas Ltd,0.755,12,8,9,9,4,2,5,49,-16.0,33.0,Poor,Stay away,43,-4.5,0.6,0.7,52.6,1,,Energy,263890432.0,39364.19
ALYAF,Alithya Group Inc,0.821,15,11,7,8,4,5,5,55,-20.0,33.0,Poor,Stay away,25,19.3,14.1,12.4,67.5,3,,Technology,79347752.0,6343.0
QNDPF,Qingdao Port International Co. Ltd,0.874,7,6,10,6,3,2,4,38,-10.0,33.0,Poor,🔥 COILED: Stay away,48,0.0,0.0,0.0,50.0,0,,Industrials,5671923200.0,0.28
DLTI,DLT Resolution Inc,0.87,4,9,5,11,5,2,2,38,-3.0,33.0,Poor,Stay away,49,-3.3,-4.1,-2.5,44.8,2,,Technology,66896764.0,0.0
PRWYF,Prodways Group SA,0.862,10,4,0,10,0,5,4,33,-3.0,33.0,Poor,Stay away,45,0.0,0.0,-2.7,49.4,1,,Technology,43626548.0,87.72
AIJTY,Jianpu Technology Inc.,0.851,11,5,7,6,4,5,5,43,-10.0,33.0,Poor,Stay away,34,4.9,4.9,1.7,57.4,0,,Financial Services,17042280.0,6685.68
CTHCF,Cathay Real Estate Development Co Ltd,0.946,1,7,6,10,4,0,2,30,0.0,33.0,Poor,Stay away,22,-4.0,-7.3,-3.7,43.9,0,,Other,105657904.0,15331.61
WHLR,"Wheeler Real Estate Investment Trust, Inc.",0.935,17,7,6,9,5,2,5,51,-18,33,Poor,⚠️ EXHAUSTION RISK: Stay away,58,1347.4,1108.0,178.5,69.3,4,11,Real Estate,868910.0,432616.81
TANAF,TANAF,1.0,4,6,4,9,3,2,5,33,0.0,33.0,Poor,Stay away,13,0.0,57.9,-2.1,38.4,2,,Healthcare,45518000.0,6003.46
TRXA,Trex Acquisition Corp,0.99,15,4,8,13,4,2,5,51,-18.0,33.0,Poor,Stay away,36,0.0,0.0,15.7,95.7,1,,Financial Services,29848440.0,74.32
GBMRF,GBM Resources Limited,0.01,18,10,4,12,6,8,5,63,-27,32,Poor,Stay away,68,300.0,300.0,211.1,50.0,2,3,Basic Materials,49083996.0,3379.86
HLOGF,Helium One Global Ltd,0.006,1,11,3,8,5,0,2,30,2.0,32.0,Poor,Stay away,14,-6.5,-3.3,-6.3,46.1,0,,Energy,45944588.0,418038.27
RMBHF,RMB Holdings Limited,0.01,9,7,11,6,3,2,4,42,-15.0,32.0,Poor,🔥 COILED: Stay away,35,0.0,0.0,0.0,50.0,1,,Financial Services,40957648.0,17.8
VKALF,VKALF,0.008,6,8,10,4,6,4,4,42,-10.0,32.0,Poor,Stay away,0,21.5,21.5,4.5,50.7,2,,Basic Materials,19849880.0,0.0
LUVSF,Lithium Universe Limited,0.008,3,3,9,7,3,5,4,34,-5.0,32.0,Poor,Stay away,18,0.0,0.0,-3.0,0.1,1,,Basic Materials,12928882.0,1639.47
CLTY,Celerity Solutions Inc,0.001,3,4,8,9,3,1,4,32,0.0,32.0,Poor,Stay away,10,0.0,0.0,-9.1,0.2,0,,Technology,8633600.0,1161.93
CROTF,Cirralto Limited,0.007,5,3,9,9,3,1,4,34,-5.0,32.0,Poor,Stay away,27,0.0,0.0,-5.4,31.1,1,,Technology,8299997.0,665.83
DIGTF,Thruvision Group plc,0.01,5,3,8,8,3,3,4,34,-5.0,32.0,Poor,Stay away,25,0.0,0.0,-0.1,11.3,1,,Industrials,4261310.0,21035.0
FECOF,FEC Resources Inc,0.002,16,8,7,13,6,4,5,59,-27,32,Poor,Stay away,48,50.0,63.6,53.8,96.9,2,3,Energy,1816542.0,18785.57
UCIX,Umbra Companies Inc,0.003,7,8,9,5,1,3,4,37,-8.0,32.0,Poor,Stay away,26,0.0,0.0,0.1,48.9,0,,Real Estate,1508133.0,59771.14
BGRP,Bluestem Group Inc,0.01,5,3,10,7,3,2,4,34,-5.0,32.0,Poor,Stay away,35,0.0,0.0,-0.0,35.6,1,,Consumer Cyclical,1340050.0,1098.5
MDXL,Medixall Group Inc,0.006,10,5,10,12,4,2,4,47,-18.0,32.0,Poor,Stay away,49,0.0,0.0,0.0,100.0,1,,Healthcare,1150833.0,121.15
ERAO,Energy Revenue Amer,0.003,3,3,8,7,6,3,4,34,-5.0,32.0,Poor,Stay away,21,0.0,0.0,-5.0,38.4,1,,Consumer Defensive,1016359.0,31671.34
MDRM,Modern Mobility Aids,0.003,3,6,5,7,0,2,4,27,2.0,32.0,Poor,Stay away,28,0.0,0.0,-0.3,47.3,0,,Healthcare,915037.0,18953.0
SLDC,SmartSet Automation LLC,0.001,4,5,4,11,6,0,4,34,0.0,32.0,Poor,Stay away,47,-8.3,-8.3,-3.2,46.2,0,,Communication Services,498498.0,1292281.57
SHGI,Sparx Holdings Group Inc,0.002,3,3,10,8,3,3,4,34,-5.0,32.0,Poor,Stay away,23,0.0,0.0,-7.6,17.5,1,,Industrials,345000.0,1413.0
GREH,Green Rain Energy Holdings Inc.,0.007,2,9,3,9,3,2,2,30,-3.0,32.0,Poor,Stay away,31,-8.1,-1.4,-62.6,48.1,2,,Healthcare,268175.0,430252.99
BGACF,BioNeutra Global Corporation,0.006,5,3,10,7,3,2,4,34,-5.0,32.0,Poor,Stay away,31,0.0,0.0,-0.0,0.0,1,,Consumer Defensive,260113.0,14.09
CRSQ,Corporate Restaurant Concepts Inc,0.006,5,3,10,7,3,2,4,34,-5.0,32.0,Poor,Stay away,29,0.0,0.0,-0.0,0.2,1,,Financial Services,258763.0,22.5
FMPR,Fame Productions Inc,0.005,12,6,11,9,3,2,4,47,-18.0,32.0,Poor,Stay away,47,0.0,0.0,0.0,99.2,1,,Communication Services,204000.0,1070.5
AMNCB,Amincor Inc,0.004,5,3,10,7,3,2,4,34,-5.0,32.0,Poor,Stay away,34,0.0,0.0,-0.0,0.0,1,,Consumer Defensive,136211.0,944.0
ARIZF,Affinity Metals Corp,0.002,7,7,11,6,0,2,4,37,-10.0,32.0,Poor,🔥 COILED: Stay away,27,0.0,0.0,0.0,53.6,0,,Basic Materials,125204.0,6483.77
SBSAQ,"Spanish Broadcasting System, Inc.",0.005,3,3,10,7,3,4,4,34,-5.0,32.0,Poor,Stay away,22,0.0,0.0,-12.5,28.4,1,,Communication Services,43675.0,28031.12
BOTH,Bioethics Ltd,0.005,5,3,10,7,3,2,4,34,-5.0,32.0,Poor,Stay away,31,0.0,0.0,-0.0,0.0,1,,Financial Services,18360.0,23.69
NMHIW,Nature's Miracle Holding Inc. Warrants,0.008,5,9,3,12,0,4,2,35,-3.0,32.0,Poor,Stay away,31,23.5,10.5,-16.5,45.9,2,,nan,nan,0.0
WGSK,WGSK,0.01,2,4,10,7,3,2,4,32,-5.0,32.0,Poor,🔥 COILED: Stay away,32,0.0,0.0,0.0,50.0,1,,Financial Services,nan,0.42
PTPKF,PT Pakuwon Jati Tbk,0.019,11,3,10,6,3,2,4,39,-10.0,32.0,Poor,Stay away,28,0.0,0.0,-0.0,34.7,0,,Real Estate,919848320.0,180.0
KFFLF,KEFI Gold and Copper Plc,0.017,14,4,12,4,5,1,5,45,-13.0,32.0,Poor,Stay away,31,25.8,19.4,10.3,71.5,2,,Basic Materials,228615504.0,40912.07
ATMMF,Atomic Minerals Corporation,0.02,3,11,8,9,0,4,2,37,-8.0,32.0,Poor,Stay away,29,4.2,-4.3,-3.6,43.5,2,,Basic Materials,1746992.0,77595.3
CGNO,"CognoGroup, Inc.",0.014,5,7,5,10,3,0,2,32,0.0,32.0,Poor,Stay away,34,-6.0,9.3,-5.0,46.1,1,,Technology,1223247.0,43466.6
RMIAF,Automotive Finco Corp,0.011,8,3,10,5,3,6,4,39,-10.0,32.0,Poor,Stay away,26,0.0,0.0,-0.0,0.4,0,,Financial Services,219995.0,1.25
HSEEF,Hill Street Beverage Company Inc,0.011,5,3,10,10,0,2,4,34,-5.0,32.0,Poor,Stay away,32,0.0,0.0,-0.0,0.1,1,,Consumer Defensive,45774.0,315.84
ASASF,Asia Standard International Group Limited,0.03,5,3,10,7,3,2,4,34,-5.0,32.0,Poor,Stay away,32,0.0,0.0,-0.0,0.0,1,,Financial Services,42619056.0,2420.0
UBYH,UBuyHoldings Inc,0.025,8,4,6,8,3,1,2,32,0.0,32.0,Poor,Stay away,39,0.0,0.0,-1.4,51.7,0,,Financial Services,14218391.0,0.0
VMHG,Victory Marine Holdings Corp,0.024,2,4,7,9,4,2,5,33,-5.0,32.0,Poor,Stay away,35,-14.3,-4.0,-9.2,45.4,1,,Consumer Cyclical,7101435.0,3327229.03
FGLDF,Falcon Gold Corp,0.03,19,8,5,8,5,2,5,52,-20,32,Poor,Stay away,51,88.6,40.6,33.5,59.2,3,8,Basic Materials,1767479.0,32424.19
ACBM,ACRO Biomedical Co Ltd,0.026,9,6,11,7,3,2,4,42,-13.0,32.0,Poor,Stay away,36,0.0,0.0,0.0,100.0,0,,Financial Services,1561092.0,23.61
SQZB,SQZ Biotechnologies Company,0.024,10,4,10,7,1,2,4,38,-5.0,32.0,Poor,Stay away,37,0.0,0.0,-0.0,45.3,1,,Healthcare,707787.0,2728.55
GRXXF,Oz Lithium Corp,0.021,3,8,5,10,3,3,5,37,-5.0,32.0,Poor,Stay away,29,0.0,0.0,-9.5,42.6,1,,Basic Materials,221178.0,63.41
KACLF,KACLF,0.021,5,3,10,7,3,2,4,34,-5.0,32.0,Poor,Stay away,20,0.0,0.0,-0.7,28.2,1,,Financial Services,66463.0,65.5
AGPYF,Agile Group Holdings Limited,0.04,5,3,10,7,3,2,4,34,-5.0,32.0,Poor,Stay away,32,0.0,0.0,-0.0,0.0,1,,Real Estate,797275584.0,11.5
TUGHF,Tungtex (Holdings) Company Limited,0.033,9,6,11,7,3,2,4,42,-13.0,32.0,Poor,Stay away,53,0.0,0.0,0.0,100.0,0,,Consumer Cyclical,14736376.0,11.5
GCLMF,GCM Resources Plc,0.04,5,3,10,7,3,2,4,34,-5.0,32.0,Poor,Stay away,38,0.0,0.0,-0.0,26.7,1,,Energy,10124632.0,0.0
ADMT,Adm Tronics Unltd,0.04,3,9,3,10,3,2,2,32,0.0,32.0,Poor,Stay away,20,0.0,0.0,-6.8,41.1,0,,Healthcare,2703539.0,17051.99
PRRUF,Immutep Limited,0.05,7,6,8,7,0,2,4,34,-5.0,32.0,Poor,Stay away,28,0.0,0.0,-0.0,33.4,1,,Healthcare,73686072.0,16580.5
JAXAF,Jaxsta Limited,0.05,12,6,10,10,3,2,4,47,-18.0,32.0,Poor,Stay away,49,0.0,0.0,0.1,100.0,1,,Technology,74158808.0,2256.48
CCCHF,City Chic Collective Limited,0.05,8,3,10,7,0,2,4,34,-5.0,32.0,Poor,Stay away,21,0.0,0.0,-0.0,14.5,1,,Consumer Cyclical,19257890.0,201.0
KOGMF,KGL Resources Ltd,0.05,8,3,10,7,0,2,4,34,-5.0,32.0,Poor,Stay away,44,0.0,0.0,-0.0,0.7,1,,Basic Materials,1125331.0,162.75
UNLRF,PT Unilever Indonesia Tbk,0.055,3,6,5,7,3,3,2,29,0.0,32.0,Poor,Stay away,13,0.0,0.0,-13.9,35.2,0,,Consumer Defensive,2088967808.0,0.0
CATPF,Giyani Metals Corp,0.06,3,5,8,8,3,3,2,32,-5.0,32.0,Poor,🔥 COILED: Stay away,28,0.0,0.0,-3.2,43.6,1,,Basic Materials,19596232.0,25037.38
PIAC,Princeton Capital Corporation,0.051,5,3,10,7,3,2,4,34,-5.0,32.0,Poor,Stay away,24,0.0,0.0,-0.0,0.1,1,,Financial Services,6144789.0,455.03
RKGXF,Road King Infrastructure Limited,0.08,5,3,10,7,3,2,4,34,-5.0,32.0,Poor,Stay away,33,0.0,0.0,-0.0,0.2,1,,Real Estate,171040736.0,45.0
MSEZ,Media Sentiment Inc,0.076,5,4,2,8,3,1,4,27,0.0,32.0,Poor,🔥 COILED: Stay away,30,0.0,0.0,-1.7,48.1,0,,Communication Services,68801128.0,2604.48
MKRIF,Melkior Resources Inc,0.079,3,4,9,11,3,3,4,37,-5.0,32.0,Poor,Stay away,19,0.0,0.0,-1.9,25.4,1,,Basic Materials,5152970.0,18979.14
ESXMF,Essex Minerals Inc,0.081,9,6,11,10,3,4,4,47,-18.0,32.0,Poor,Stay away,42,0.0,0.0,0.0,99.9,1,,Basic Materials,993444.0,247.76
VYYRF,Voyageur Pharmaceuticals Ltd,0.1,8,3,7,10,3,1,5,37,-5.0,32.0,Poor,Stay away,41,-9.1,0.0,4.2,58.5,1,,Healthcare,17947588.0,6032.27
MGPRF,Cover Technologies Inc,0.113,5,3,8,8,3,3,4,34,-5.0,32.0,Poor,Stay away,31,0.0,0.0,-1.6,27.1,1,,Industrials,15066346.0,5337.67
CVVIF,Sociedad Comercial del Plata S.A,0.14,10,6,11,6,3,2,4,42,-15.0,32.0,Poor,🔥 COILED: Stay away,35,0.0,0.0,0.0,50.0,1,,Industrials,11900000.0,0.0
CCPUF,Canada Computational Unlimited Corp,0.1,9,6,6,8,1,1,5,36,-7.0,32.0,Poor,Stay away,54,0.0,0.0,5.4,62.1,1,,Financial Services,9005079.0,2182.8
SIGL,Signal Advance Inc,0.14,6,11,6,3,4,4,4,38,-6.0,32.0,Poor,Stay away,28,6.9,-9.7,-0.8,47.6,0,,Technology,8244988.0,14991.3
AISSF,A.I.S. Resources Limited,0.111,7,12,3,9,4,0,2,37,-6.0,32.0,Poor,Stay away,49,2.4,-15.6,2.7,50.6,2,,Basic Materials,3876858.0,6338.22
NSURF,North Shore Uranium Ltd.,0.135,4,4,6,9,2,2,2,29,0.0,32.0,Poor,Stay away,22,-10.0,-15.6,-8.5,41.1,0,,nan,nan,38746.64
APPCF,APAC Resources Limited,0.189,4,7,4,7,3,3,4,32,0.0,32.0,Poor,Stay away,10,0.0,0.0,-3.0,31.2,0,,Financial Services,339654976.0,0.0
CRSXQ,CRSXQ,0.152,10,6,11,6,3,2,4,42,-15.0,32.0,Poor,🔥 COILED: Stay away,52,0.0,0.0,0.0,50.0,1,,Basic Materials,16068531.0,51.15
MANVF,Manning Ventures Inc,0.15,12,6,11,9,3,2,4,47,-18.0,32.0,Poor,Stay away,54,0.0,0.0,0.0,99.8,1,,Basic Materials,857249.0,41.5
XNYIF,Xinyi Solar Holdings Limited,0.238,3,8,2,9,3,3,2,30,2.0,32.0,Poor,Stay away,15,8.2,8.2,-0.4,45.3,1,,Technology,2258307072.0,357.05
SPAUF,Spanish Mountain Gold Ltd.,0.22,8,14,9,4,3,2,4,44,-13.0,32.0,Poor,Stay away,52,4.8,4.8,2.1,51.8,1,,Basic Materials,115571320.0,208937.0
CMEOF,CMEOF,0.226,18,4,4,9,6,3,5,49,-20.0,32.0,Poor,Stay away,0,12.8,12.8,7.4,50.0,3,,Healthcare,109597984.0,0.0
TRSO,Transuite.Org Inc.,0.218,10,8,6,6,6,2,4,42,-13.0,32.0,Poor,Stay away,43,0.0,0.0,4.3,56.6,1,,Technology,17407298.0,5452.45
VIZNF,Visionary Gold Corp,0.24,15,6,11,6,6,2,4,50,-23.0,32.0,Poor,🔥 COILED: Stay away,60,0.0,0.0,11.2,96.8,0,,Basic Materials,10540721.0,110.0
HYDI,Hydromer Inc,0.22,6,3,10,8,3,3,4,37,-5.0,32.0,Poor,Stay away,38,0.0,0.0,-0.1,21.6,1,,Basic Materials,715847.0,566.5
PMIR,The PMI Group Inc,0.24,5,3,10,7,3,2,4,34,-5.0,32.0,Poor,Stay away,32,0.0,0.0,-0.0,0.0,1,,Financial Services,518610.0,18.0
FOMTF,FOMTF,0.206,7,8,6,8,2,2,3,36,-4.0,32.0,Poor,Stay away,24,-1.2,6.8,0.6,48.5,1,,nan,nan,128310.43
ANZFF,Air New Zealand Limited,0.25,12,5,9,4,3,1,5,39,-10.0,32.0,Poor,Stay away,34,-2.0,4.2,1.5,59.1,0,,Industrials,808390528.0,1207.04
MLMLF,McFarlane Lake Mining Limited,0.263,15,8,5,14,5,2,5,54,-22.0,32.0,Poor,Stay away,57,7.0,3.9,9.0,59.7,1,,Basic Materials,126413488.0,618951.5
YMMCF,YUKON METALS CORP.,0.28,6,7,8,9,3,0,4,37,-5.0,32.0,Poor,Stay away,21,-3.9,-5.1,-3.0,45.4,1,,Basic Materials,39030684.0,18029.09
SCNI,Scinai Immunotherapeutics Ltd,0.267,8,11,9,5,2,2,5,42,-8.0,32.0,Poor,Stay away,22,5.3,1.4,1.1,46.3,1,,Healthcare,1378674.0,1190835.48
NXPGF,National Express Group PLC,0.31,8,7,10,6,3,2,4,40,-13.0,32.0,Poor,🔥 COILED: Stay away,31,0.0,0.0,-0.0,42.8,1,,Industrials,195309904.0,772.5
SOSCF,Deoleo S.A,0.381,17,3,4,10,6,0,5,45,-13.0,32.0,Poor,Stay away,47,-4.8,52.3,17.2,85.4,2,,Consumer Defensive,190360000.0,11.0
CDPMF,Cerro de Pasco Resources Inc.,0.41,8,4,8,9,2,0,3,34,-5.0,32.0,Poor,Stay away,0,-5.7,-1.2,-3.2,44.5,1,,Basic Materials,263076592.0,0.0
SBNY,Signature Bank,0.4,3,4,2,12,5,4,2,32,2.0,32.0,Poor,Stay away,25,-7.0,-7.0,-4.6,45.1,0,,Financial Services,59825336.0,76181.41
EBQLF,EBQLF,0.4,5,4,9,8,0,2,4,32,-5.0,32.0,Poor,🔥 COILED: Stay away,36,0.0,0.0,0.0,50.0,1,,Communication Services,55581076.0,52000.0
MYSZ,My Size Inc,0.41,6,8,1,9,4,2,2,32,-5.0,32.0,Poor,Stay away,32,-2.4,-7.4,-4.9,43.5,1,,Technology,1975447.0,128562.13
SFES,Safeguard Scientifics Inc,0.45,11,10,4,7,5,4,4,45,-18.0,32.0,Poor,🔥 COILED: Stay away,28,12.5,12.5,7.3,54.9,3,,Financial Services,7525347.0,21304.48
HUABF,Huabao International Holdings Limited,0.501,10,6,11,6,3,2,4,42,-15.0,32.0,Poor,🔥 COILED: Stay away,51,0.0,0.0,0.0,50.0,1,,Basic Materials,821582144.0,0.0
HWKE,Hawkeye Systems Inc,0.5,9,4,2,14,0,5,5,39,-5.0,32.0,Poor,Stay away,48,-16.7,-6.4,1.2,50.5,1,,Industrials,133026464.0,14631.72
DYNR,Dynaresource Inc,0.51,5,5,2,15,0,0,5,32,0.0,32.0,Poor,Stay away,20,-21.5,41.7,-9.9,43.4,2,,Basic Materials,17882594.0,9023.27
RCLFF,RCL Foods Limited,0.571,8,4,9,5,3,2,4,35,-8.0,32.0,Poor,🔥 COILED: Stay away,35,0.0,0.0,-0.0,45.6,0,,Consumer Defensive,513837280.0,0.75
CHFFF,China Everbright Environment Group Ltd,0.67,10,3,11,10,3,4,4,45,-13.0,32.0,Poor,Stay away,0,0.0,0.0,0.0,96.7,0,,Industrials,4115793664.0,0.0
CYSNF,C-Com Satellite Systems Inc,0.67,9,10,4,6,4,2,5,40,-8.0,32.0,Poor,Stay away,25,0.8,5.1,0.3,50.1,0,,Technology,28311856.0,12120.87
CFOO,China Foods Holdings Ltd,0.664,5,3,10,7,3,2,4,34,-5.0,32.0,Poor,Stay away,35,0.0,0.0,-0.0,0.0,1,,Consumer Defensive,13445508.0,0.12
LOBO,LOBO EV TECHNOLOGIES LTD. Ordinary shares,0.711,8,5,4,10,0,0,5,32,-3.0,32.0,Poor,Stay away,46,-11.1,5.3,-1.4,48.9,1,,Consumer Cyclical,9841618.0,2501533.31
OBGRF,Orbit Garant Drilling Inc,0.83,3,2,6,7,3,5,3,29,0.0,32.0,Poor,Stay away,17,0.0,0.0,-3.2,1.4,0,,Basic Materials,31681880.0,2625.94
PAGFF,Pacifica Silver Corp.,0.83,3,5,9,8,3,0,3,31,0.0,32.0,Poor,Stay away,35,-4.4,-8.8,-3.8,44.9,0,,nan,nan,84420.31
PTMGF,Platinum Investment Management Limited,0.9,9,6,11,7,3,2,4,42,-13.0,32.0,Poor,Stay away,58,0.0,0.0,0.0,98.4,0,,Financial Services,2309896448.0,126.25
MAOFF,Maoyan Entertainment,0.904,8,6,10,6,3,2,4,39,-10.0,32.0,Poor,Stay away,29,0.0,0.0,-0.0,5.4,0,,Communication Services,1016238592.0,52.0
VCCTF,Victoria plc,0.9,17,6,7,14,6,5,5,60,-28.0,32.0,Poor,Stay away,61,3.4,3.4,12.9,94.9,1,,Consumer Cyclical,100357832.0,15076.35
AFRIW,Forafric Global PLC Warrants,0.93,10,7,3,9,5,0,5,39,-5.0,32.0,Poor,Stay away,54,4.5,-2.1,4.7,54.1,1,,nan,nan,7446.78
PMTRW,Perimeter Acquisition Corp. I Warrant,0.92,15,4,4,7,5,0,5,40,-8.0,32.0,Poor,Stay away,50,-2.1,-1.1,3.1,53.2,0,,nan,nan,20407.55
ALMMF,Aluminum Corporation of China Limited,1.0,5,15,8,3,3,2,5,41,-9.0,32.0,Poor,Stay away,18,3.1,-2.9,-2.9,44.3,0,,Basic Materials,16983421952.0,11214.51
CLGOF,CleanGo Innovations Inc,0.96,14,4,8,14,6,1,5,52,-20.0,32.0,Poor,Stay away,65,3.1,6.4,9.6,76.0,1,,Consumer Defensive,7680843.0,749.91
EJPXX,JPMorgan Trust I - JPMorgan Prime Money Market Fund,1.0,7,7,7,6,4,4,4,39,-10.0,32.0,Poor,Stay away,38,0.0,0.0,-0.0,48.9,0,,nan,nan,0.0
ENCC,Encompass Compliance Corp,0.016,13,15,6,14,6,2,5,61,-27.5,31.5,Poor,Stay away,59,6.7,95.1,35.0,69.3,3,,Financial Services,2398809.0,593979.15
RLBY,Reliability Incorporated,0.1,17,6,4,9,1,3,5,45,-11.5,31.5,Poor,Stay away,61,25.0,42.9,31.3,61.7,2,,Industrials,30000000.0,15387.45
WDGNF,Widgie Nickel Limited,0.01,7,8,6,6,4,3,4,38,-10.0,31.0,Poor,Stay away,33,0.0,0.0,-1.8,47.5,0,,Basic Materials,12392215.0,318.54
VRCDF,Verici Dx plc,0.003,8,3,9,7,0,2,4,33,-5.0,31.0,Poor,Stay away,24,0.0,0.0,-0.0,0.0,1,,Healthcare,6861934.0,50.57
KLDI,KLDiscovery Inc,0.005,10,5,10,11,4,2,4,46,-18.0,31.0,Poor,Stay away,47,0.0,0.0,0.0,97.5,1,,Technology,5665829.0,6878.78
USDC,USDATA Corp,0.001,9,6,11,6,3,2,4,41,-15.0,31.0,Poor,🔥 COILED: Stay away,55,0.0,0.0,0.0,50.0,1,,Communication Services,3115152.0,415.5
FNNZF,Fincanna Capital Corp,0.003,6,4,11,6,3,2,4,36,-8.0,31.0,Poor,Stay away,50,0.0,0.0,0.0,58.1,0,,Financial Services,2888416.0,3496.47
CMFO,China Marine Food Gr,0.004,6,6,4,7,3,5,5,36,-5.0,31.0,Poor,Stay away,30,0.0,0.0,-4.1,48.8,1,,Financial Services,1084030.0,869.22
FEXXF,Fjordland Exploration Inc,0.01,18,5,5,12,4,9,5,58,-27,31,Poor,Stay away,48,614.3,614.3,201.8,89.9,2,3,Basic Materials,829355.0,320.08
TNLX,Trans Lux Cp,0.01,4,3,10,7,3,2,4,33,-5.0,31.0,Poor,Stay away,19,0.0,0.0,-0.9,14.7,1,,Technology,809777.0,846.5
EMBYF,Nexera Energy Inc,0.004,17,4,6,10,3,4,5,49,-18.0,31.0,Poor,Stay away,42,9.1,9.1,5.3,100.0,2,,Energy,611582.0,212.92
PIFR,Premier information Management Inc,0.002,17,9,7,13,6,8,5,65,-30,31,Poor,Stay away,57,20.0,20.0,17.5,94.1,3,,Industrials,237625.0,23021.5
ECPL,EcoPlus Inc,0.007,4,5,2,9,3,5,5,33,-5.0,31.0,Poor,Stay away,26,0.0,-28.1,-1.6,47.5,1,,Healthcare,201688.0,4816.75
TBMIF,AurCrest Gold Inc,0.002,7,7,11,5,0,2,4,36,-10.0,31.0,Poor,🔥 COILED: Stay away,27,0.0,0.0,0.0,54.5,0,,Basic Materials,178979.0,858.68
LHUAF,Lianhua Supermarket Holdings Co. Ltd,0.016,3,3,9,8,3,3,4,33,-5.0,31.0,Poor,Stay away,14,0.0,0.0,-1.2,0.0,1,,Consumer Cyclical,52644952.0,112.51
GVLMF,Greenvale Mining Limited,0.02,7,6,11,8,3,2,4,41,-13.0,31.0,Poor,Stay away,37,0.0,0.0,0.0,82.3,0,,Energy,15511294.0,31.25
UARI,Uranium American Resources Inc.,0.018,0,7,7,9,0,4,2,29,2.0,31.0,Poor,Stay away,22,-17.8,-19.6,-13.3,37.2,0,,Basic Materials,11290270.0,209583.39
YWRLF,Dixie Gold Inc,0.013,5,3,10,7,3,1,4,33,-5.0,31.0,Poor,Stay away,26,0.0,0.0,-0.6,35.3,1,,Basic Materials,412583.0,1175.5
CHMP,Champion Industries Inc,0.02,9,6,11,6,3,2,4,41,-15.0,31.0,Poor,🔥 COILED: Stay away,54,0.0,0.0,0.0,50.0,1,,Industrials,1129.0,4.01
ASBPW,"Aspire Biopharma Holdings, Inc.",0.018,2,2,8,10,2,5,2,31,0.0,31.0,Poor,Stay away,39,-15.1,-22.6,-11.9,45.9,1,,nan,nan,29523.39
BLBRF,Bloomberry Resorts Corporation,0.021,10,8,6,6,3,1,4,38,-15.0,31.0,Poor,🔥 COILED: Stay away,19,0.0,0.0,0.2,48.0,1,,Consumer Cyclical,242031024.0,5193.0
EELFF,ENRG Elements Limited,0.028,15,5,7,9,6,2,5,49,-18.0,31.0,Poor,Stay away,53,0.0,0.0,26.9,100.0,0,,Basic Materials,7392935.0,439.76
LFSWF,Lifeist Wellness Inc.,0.029,5,10,3,9,3,2,2,34,-3.0,31.0,Poor,Stay away,33,0.0,3.6,-0.9,48.8,2,,Consumer Defensive,1290395.0,10389.61
GCRIF,Rogue Resources Inc,0.029,9,6,11,11,3,2,4,46,-18.0,31.0,Poor,Stay away,44,0.0,0.0,0.0,99.9,1,,Basic Materials,1227269.0,636.39
TSTTF,TripSitter Clinic Ltd.,0.022,8,3,10,4,3,6,4,38,-10.0,31.0,Poor,Stay away,34,0.0,0.0,-0.0,27.7,0,,Healthcare,380979.0,204.42
ARHLF,archTIS Limited,0.039,4,3,10,8,3,1,4,33,-5.0,31.0,Poor,Stay away,22,0.0,0.0,-0.1,2.2,1,,Technology,19155992.0,1995.63
KSEZ,Kinetic Seas Incorporated,0.038,4,7,9,9,0,4,3,36,-5.0,31.0,Poor,Stay away,21,-11.6,-11.6,-5.8,43.9,1,,Technology,2308345.0,75064.07
GODZF,Goldhills Holding Ltd,0.04,12,6,10,9,3,2,4,46,-18.0,31.0,Poor,Stay away,45,0.0,0.0,0.0,100.0,1,,Basic Materials,1258079.0,62.83
ADCV,ADCapital US Inc,0.072,3,3,9,8,3,3,4,33,-5.0,31.0,Poor,Stay away,23,0.0,0.0,-1.4,9.1,1,,Financial Services,26696112.0,56.28
ERWWF,ERWWF,0.085,5,3,9,8,3,1,4,33,-5.0,31.0,Poor,Stay away,0,0.0,0.0,-1.1,1.0,1,,Basic Materials,31061242.0,0.0
FOXXW,Foxx Development Holdings Inc.,0.084,1,12,2,7,3,2,2,29,2.0,31.0,Poor,Stay away,23,-1.8,-6.4,-0.4,49.3,0,,nan,nan,0.0
APCXW,AppTech Payments Corp. Warrant,0.095,7,11,4,15,4,6,2,49,-18,31,Poor,Stay away,32,90.4,73.1,30.2,51.5,3,10,nan,nan,0.0
HTCTF,Hutchison Telecommunications Hong Kong Holdings Limited,0.137,2,5,3,8,4,2,4,28,0.0,31.0,Poor,Stay away,0,0.0,-8.5,-1.6,41.1,0,,Communication Services,661661888.0,0.0
AUSTF,Austin Engineering Limited,0.125,6,6,10,6,3,1,4,36,-10.0,31.0,Poor,🔥 COILED: Stay away,24,0.0,0.0,-0.0,47.7,0,,Industrials,77888856.0,2375.79
PXSTF,Phoenix Media Investment (Holdings) Limited,0.1,5,4,9,7,0,2,4,31,-5.0,31.0,Poor,🔥 COILED: Stay away,37,0.0,0.0,0.0,50.0,1,,Communication Services,49936596.0,10.0
DNCVF,Defiance Silver Corp,0.118,5,6,8,9,2,4,2,36,-5.0,31.0,Poor,Stay away,15,-5.8,-2.2,-3.4,45.4,1,,Basic Materials,44274188.0,398428.92
HWAL,Hollywall Entertainment Inc,0.12,17,13,5,6,8,7,5,61,-28,31,Poor,Stay away,61,22.4,55.8,40.2,59.6,4,,Communication Services,17442448.0,115641.67
DGDCF,Dynasty Gold Corp,0.1,12,8,7,0,1,3,5,36,-8.0,31.0,Poor,Stay away,30,6.0,6.0,3.4,56.8,0,,Basic Materials,7395071.0,15066.54
NFLDF,Exploits Discovery Corp,0.122,4,6,3,8,5,6,2,34,-3.0,31.0,Poor,Stay away,49,-5.7,-15.6,-7.3,44.7,1,,Basic Materials,5109906.0,28546.23
AASZF,Atlantic Sapphire ASA,0.128,3,7,3,12,3,3,2,33,-5.0,31.0,Poor,Stay away,21,0.0,6.8,-11.9,41.3,1,,Consumer Defensive,4596488.0,0.0
CDNMF,Gambier Gold Corp,0.1,12,6,11,8,3,2,4,46,-18.0,31.0,Poor,Stay away,52,0.0,0.0,0.4,95.2,1,,Basic Materials,4169920.0,3305.15
RDYFF,Ready Set Gold Corp,0.109,9,6,11,6,3,2,4,41,-15.0,31.0,Poor,🔥 COILED: Stay away,55,0.0,0.0,0.0,50.0,1,,Basic Materials,2337558.0,260.0
FBDS,Fuss Brands Corp.,0.101,9,6,11,5,0,6,4,41,-13.0,31.0,Poor,Stay away,43,0.0,0.0,0.0,55.6,1,,Financial Services,2166761.0,45.18
CHIZF,China Traditional Chinese Medicine Holdings Co. Limited,0.163,3,8,1,9,3,3,4,31,-3.0,31.0,Poor,Stay away,12,0.0,0.0,-4.5,40.8,1,,Healthcare,821339200.0,114.0
CXOXF,Core Lithium Ltd,0.165,5,10,4,8,3,2,2,34,-3.0,31.0,Poor,Stay away,35,1.2,-8.3,-5.4,39.8,2,,Basic Materials,527598656.0,27372.16
TBIIF,Tobii AB,0.188,5,6,11,11,0,5,5,43,-8.0,31.0,Poor,Stay away,38,1.6,1.6,-1.5,25.9,1,,Technology,48774032.0,2484.38
EMHLF,European Metals Holdings Limited,0.191,11,7,6,11,4,5,4,48,-20.0,31.0,Poor,Stay away,28,0.0,12.4,3.3,51.7,3,,Basic Materials,45375624.0,21158.21
VLMGF,Viscount Mining Corp,0.192,1,10,2,9,3,2,2,29,2.0,31.0,Poor,Stay away,19,-5.8,-16.0,-11.4,39.7,0,,Basic Materials,23035164.0,19252.11
SMRVF,Smooth Rock Ventures Corp,0.179,3,5,2,10,3,3,2,28,0.0,31.0,Poor,Stay away,26,0.0,0.0,-4.2,45.0,0,,Basic Materials,3511987.0,4611.34
EVEX-WT,EVEX-WT,0.152,3,12,3,8,2,4,2,34,-3.0,31.0,Poor,Stay away,23,26.6,-20.0,-7.5,44.4,0,,nan,nan,31517.41
IRHOR,Iron Horse Acquisitions Corp. II Rights,0.19,8,10,3,3,8,0,4,36,-8.0,31.0,Poor,Stay away,0,1.4,18.2,2.8,51.9,2,,nan,nan,0.0
CHSTF,China High Speed Transmission Equipment Group Co. Ltd,0.206,9,6,11,6,3,2,4,41,-15.0,31.0,Poor,🔥 COILED: Stay away,55,0.0,0.0,0.0,50.0,1,,Industrials,337360640.0,19.63
ECGFF,EcoGraf Limited,0.2,7,3,10,7,0,2,4,33,-5.0,31.0,Poor,Stay away,31,0.0,0.0,-0.0,29.5,1,,Basic Materials,92310240.0,79.47
MRZLF,Mirasol Resources Ltd,0.23,2,7,6,9,3,2,4,33,-5.0,31.0,Poor,Stay away,12,-8.0,-8.0,-4.3,42.1,1,,Basic Materials,20377354.0,8167.95
IWINQ,"Irwin Naturals, Inc.",0.21,9,7,10,6,3,2,4,41,-15.0,31.0,Poor,🔥 COILED: Stay away,45,0.0,0.0,0.0,42.5,1,,Healthcare,736487.0,1.18
DIPGF,Datang International Power Generation Co. Ltd,0.27,7,3,11,7,3,6,4,41,-13.0,31.0,Poor,Stay away,52,0.0,0.0,0.0,90.4,0,,Utilities,4466448384.0,0.0
BMLQF,Boab Metals Ltd,0.27,6,6,5,9,4,2,4,36,-5.0,31.0,Poor,Stay away,36,-3.6,7.2,-1.7,48.7,1,,Basic Materials,155615648.0,19715.02
VRSSF,VERSES AI Inc.,0.265,3,3,10,7,3,3,4,33,-5.0,31.0,Poor,Stay away,16,0.0,0.0,-5.6,28.0,1,,Technology,3791103.0,29760.78
BRVVF,Quantum Battery Metals Corp,0.286,3,4,5,10,3,3,5,33,-5.0,31.0,Poor,Stay away,17,0.0,0.0,-2.7,36.5,1,,Basic Materials,2734272.0,55.54
AGNPF,Algernon Pharmaceuticals Inc,0.3,7,9,6,8,4,7,5,46,-18.0,31.0,Poor,Stay away,42,2.3,12.2,0.6,50.4,3,,Healthcare,1624387.0,4291.49
RANGR,Range Capital Acquisition Corp. Rights,0.259,6,8,5,8,5,0,2,34,-1.0,31.0,Poor,Stay away,32,-7.0,-2.0,-2.6,44.7,0,,nan,nan,8023.1
GXSBF,Geox S.p.A,0.34,5,3,9,7,3,2,4,33,-5.0,31.0,Poor,Stay away,22,0.0,0.0,-0.0,0.0,1,,Consumer Cyclical,347495808.0,0.5
SNLKF,Sinolink Worldwide Holdings Limited,0.326,7,6,10,9,3,2,4,41,-13.0,31.0,Poor,Stay away,45,0.0,0.0,0.0,95.8,0,,Real Estate,142249184.0,277.78
ARGYF,Avanti Energy Inc,0.329,10,7,6,12,2,2,5,44,-13.0,31.0,Poor,Stay away,43,-5.6,-4.3,-0.2,50.3,1,,Energy,42360364.0,177611.24
CXDEF,CXDEF,0.327,9,6,11,7,3,6,4,46,-18.0,31.0,Poor,Stay away,56,0.0,0.0,0.0,84.9,1,,Financial Services,1896799.0,34.62
FXGDF,FXGDF,0.35,17,5,7,13,4,7,5,58,-27,31,Poor,Stay away,46,94.4,105.9,55.3,71.5,2,3,nan,180721520.0,21261.39
BLOZF,Cannabix Technologies Inc,0.397,3,12,3,8,4,4,5,39,-6.0,31.0,Poor,Stay away,30,3.3,-0.8,-0.4,47.4,1,,Healthcare,47540152.0,117852.74
HKPD,Hong Kong Pharma Digital Technology Holdings Limited Ordinary shares,0.396,3,9,2,11,4,2,5,36,-3.0,31.0,Poor,Stay away,24,12.0,-12.9,-1.1,48.0,2,,Healthcare,9294245.0,320912.22
PSSR,Passur Aerospace Inc,0.35,15,4,5,14,6,4,5,53,-18.0,31.0,Poor,Stay away,59,2.9,6.1,3.8,100.0,1,,Industrials,2699232.0,771.03
NGCRF,Nagacorp Ltd,0.43,4,6,6,7,3,3,2,31,0.0,31.0,Poor,Stay away,21,0.0,-8.5,-2.8,40.0,0,,Consumer Cyclical,2221225728.0,0.0
VMTHF,Venus Medtech (Hangzhou) Inc,0.422,12,6,11,8,3,2,4,46,-18.0,31.0,Poor,Stay away,57,0.0,0.0,0.0,98.1,1,,Healthcare,186062736.0,114.85
BADEF,Bald Eagle Gold Corp.,0.429,6,12,10,4,4,3,5,44,-16.0,31.0,Poor,Stay away,31,4.9,-0.9,1.9,52.1,1,,Basic Materials,147151440.0,209318.04
CGDCF,CGDCF,0.492,21,4,5,14,4,2,5,55,-24,31,Poor,Stay away,60,63.8,63.8,35.0,82.2,2,6,nan,13182422.0,928.61
KTGDF,K2 Gold Corporation,0.506,3,10,8,8,4,2,4,39,-8.0,31.0,Poor,Stay away,34,-5.4,-3.6,-2.6,44.8,1,,Basic Materials,122572856.0,27936.55
DOTDF,dotdigital Group Plc,0.558,3,6,2,7,3,3,4,28,0.0,31.0,Poor,Stay away,22,0.0,0.0,-2.1,35.2,0,,Technology,175554736.0,131.55
DTEAF,DAVIDsTEA Inc.,0.647,4,13,8,3,4,3,3,38,-10.0,31.0,Poor,Stay away,44,2.1,-0.6,-1.6,45.8,0,,Consumer Defensive,19776202.0,17913.74
CSPKF,COSCO SHIPPING Ports Limited,0.69,2,4,1,9,3,3,4,26,0.0,31.0,Poor,🔥 COILED: Stay away,23,0.0,0.0,-0.4,47.6,0,,Industrials,2770727168.0,0.0
FRIVF,Fortune Real Estate Investment Trust,0.663,7,3,11,9,3,4,4,41,-13.0,31.0,Poor,Stay away,47,0.0,0.0,0.0,90.4,1,,Real Estate,1370444800.0,0.0
SYRA,Syra Health Corp. Class A Common Stock,0.68,12,4,2,12,5,2,5,42,-11.0,31.0,Poor,Stay away,59,-10.6,-35.2,-2.5,50.3,1,,Healthcare,9648635.0,44945.99
GGOXF,Galleon Gold Corp.,0.7,9,14,9,4,3,2,2,43,-13.0,31.0,Poor,Stay away,36,-1.5,3.4,0.3,49.2,2,,Basic Materials,91975160.0,104153.86
ORRAF,Orora Limited,1.0,15,4,5,11,3,1,5,44,-13.0,31.0,Poor,Stay away,28,0.0,11.0,5.4,85.4,2,,Consumer Cyclical,1225342848.0,0.0
RCKHF,Rockhopper Exploration plc,0.96,5,4,6,10,3,1,5,34,-3.0,31.0,Poor,Stay away,30,-3.0,0.0,-0.6,45.8,1,,Energy,824819392.0,12827.2
RMHI,Retrieve Medical Holdings Inc,0.98,10,7,10,5,4,3,4,43,-15.0,31.0,Poor,Stay away,39,-0.4,-2.0,1.5,53.9,1,,Healthcare,27395754.0,924.91
YQAI,YouneeqAI Technical Services Inc.,1.0,10,6,10,10,3,1,4,44,-18.0,31.0,Poor,🔥 COILED: Stay away,38,0.0,0.0,0.6,84.8,1,,Technology,10511393.0,52.95
BFDXX,BlackRock Liquidity Funds - Federal Trust Fund,1.0,18,9,5,9,6,7,5,59,-28,31,Poor,Stay away,61,290.9,290.9,206.1,100.0,2,2,nan,nan,0.0
NOEMW,CO2 Energy Transition Corp. Warrant,0.188,16,10,5,9,7,2,5,54,-23.2,30.8,Poor,Stay away,68,34.3,105.0,44.7,67.4,2,,nan,nan,13433.39
CLOQ,Advanced Credit Technologies Inc,0.18,15,5,6,15,1,5,5,52,-21.5,30.5,Poor,Stay away,46,7.5,38.5,25.2,65.4,3,,Technology,25292208.0,3994.2
STSN,Stemsation International Inc,0.019,18,2,4,14,5,4,5,52,-21.8,30.2,Poor,Stay away,61,22.6,41.8,40.4,73.7,2,,Healthcare,12409026.0,207362.53
RITE,Mineralrite Corporat,0.002,3,9,3,9,2,2,2,30,0.0,30.0,Poor,Stay away,19,-5.0,-20.8,-17.2,38.7,0,,Basic Materials,11836576.0,13768988.78
HHSE,Hanover House Inc.,0.009,6,3,1,9,5,2,2,28,2.0,30.0,Poor,Stay away,50,4.9,-21.8,-7.3,45.2,0,,Communication Services,9537258.0,682363.24
KWGBF,KWG Resources Inc,0.006,3,4,7,7,1,1,2,25,2.0,30.0,Poor,Stay away,14,0.0,-6.8,-2.2,46.9,0,,Basic Materials,10186410.0,50380.92
ASTTF,Australis Oil & Gas Limited,0.005,10,7,7,5,3,1,4,37,-15.0,30.0,Poor,🔥 COILED: Stay away,35,0.0,0.0,1.2,50.0,1,,Energy,6953463.0,8291.17
CNGGF,Cann Group Limited,0.003,9,8,5,4,4,1,4,35,-10.0,30.0,Poor,🔥 COILED: Stay away,31,0.0,0.0,1.6,52.7,0,,Healthcare,5646018.0,1184.13
OATN,O.A.T. Inc,0.004,3,3,9,8,0,5,4,32,-5.0,30.0,Poor,Stay away,17,0.0,0.0,-8.3,34.8,1,,Industrials,3548123.0,2284.03
SCLF,Suncliff Inc,0.002,6,4,10,6,3,2,4,35,-10.0,30.0,Poor,🔥 COILED: Stay away,38,0.0,0.0,-0.0,44.5,0,,Consumer Cyclical,2967547.0,693.92
CEOS,CeCors Inc,0.007,9,3,3,8,7,2,5,37,-5.0,30.0,Poor,Stay away,62,-9.0,-18.4,-0.5,50.9,1,,Healthcare,2285483.0,144293.86
AACTF,Aurora Solar Technologies Inc,0.006,15,5,4,10,5,7,2,48,-18.0,30.0,Poor,Stay away,36,0.0,50.0,5.8,52.4,3,,Technology,1333164.0,46674.54
SNNC,Sibannac Inc,0.008,6,8,11,15,4,2,5,51,-21.0,30.0,Poor,Stay away,39,21.5,29.5,5.8,50.1,4,,Healthcare,1070936.0,157033.74
PNDHF,Pond Technologies Holdings Inc,0.008,8,5,10,6,3,2,4,38,-13.0,30.0,Poor,🔥 COILED: Stay away,49,0.0,0.0,-0.0,48.5,1,,Consumer Defensive,684737.0,352.5
SCAXF,Sparta Capital Ltd,0.003,3,4,1,7,3,3,4,25,2.0,30.0,Poor,Stay away,29,0.0,0.0,-52.3,47.5,0,,Industrials,648064.0,19361.58
EVLLF,EnviroLeach Technologies Inc,0.005,3,4,8,7,3,0,2,27,0.0,30.0,Poor,Stay away,18,0.0,0.0,-5.6,43.2,0,,Basic Materials,568036.0,109480.62
XTMIF,XTM Inc,0.001,3,3,9,7,3,3,4,32,-5.0,30.0,Poor,Stay away,17,0.0,0.0,-12.2,0.3,1,,Technology,390918.0,14976.72
MOOIF,Sensor Technologies Corp,0.001,3,4,1,7,3,3,4,25,2.0,30.0,Poor,Stay away,24,0.0,0.0,-48.8,45.5,0,,Financial Services,342534.0,2359.64
DVRNF,Deveron Corp,0.001,9,6,10,6,3,2,4,40,-15.0,30.0,Poor,🔥 COILED: Stay away,36,0.0,0.0,0.0,50.0,1,,Technology,207730.0,82.46
MARK,Remark Holdings Inc,0.001,6,9,3,10,3,2,2,35,-5.0,30.0,Poor,Stay away,32,0.0,-9.1,-6.7,45.9,1,,Technology,61902.0,28550.51
REVBW,Revelation Biosciences Inc,0.009,6,5,2,14,2,3,5,37,-5.0,30.0,Poor,Stay away,32,-1.1,-8.2,-3.8,48.8,2,,nan,nan,45373.9
GOEVQ,Canoo Inc.,0.004,12,11,7,14,3,0,5,52,-20,30,Poor,Stay away,43,207.7,207.7,124.3,56.9,2,8,nan,nan,10756.18
TVTV,WhereverTV Broadcasting Corporation,0.017,14,6,6,4,3,0,5,38,-8.0,30.0,Poor,Stay away,27,9.7,9.7,6.1,51.5,1,,Communication Services,4918837.0,3378.38
DTPKF,Directa Plus Plc,0.02,5,3,10,8,3,2,4,35,-5.0,30.0,Poor,Stay away,21,0.0,0.0,-0.2,39.0,1,,Basic Materials,2088375.0,2273.85
JMBRF,James Bay Resources Limited,0.017,13,3,6,9,6,4,4,45,-18.0,30.0,Poor,Stay away,53,0.0,0.0,0.3,85.7,1,,Energy,1639671.0,1237.93
CNTMF,Cansortium Inc,0.022,4,9,3,11,7,0,4,38,-8.0,30.0,Poor,Stay away,19,-21.1,5.2,-5.3,45.2,1,,Healthcare,14030786.0,489227.08
EELFD,Barys Resources Ltd,0.028,15,5,6,9,6,2,5,48,-18.0,30.0,Poor,Stay away,55,0.0,0.0,26.9,100.0,0,,Basic Materials,7392948.0,289.76
NNOCF,Nanoco Group plc,0.03,3,7,6,7,3,4,2,32,2.0,30.0,Poor,Stay away,29,3.1,-13.8,-8.4,37.5,0,,Technology,5309043.0,5571.29
ACONW,Aclarion Inc,0.023,3,12,1,11,3,2,2,34,-4.0,30.0,Poor,Stay away,18,11.0,3.1,-9.9,46.8,1,,nan,nan,21386.24
PCPDF,Pacific Century Premium Developments Limited,0.033,15,9,13,4,4,5,5,55,-25.0,30.0,Poor,Stay away,49,0.0,0.0,11.3,70.6,1,,Real Estate,256221888.0,709.14
HUIPF,Hydrogen Utopia International PLC,0.039,3,5,4,7,3,3,2,27,0.0,30.0,Poor,Stay away,50,0.0,0.0,-1.2,42.0,0,,Industrials,17045830.0,23214.92
RAFA,Rafarma Pharmaceuticals Inc,0.035,4,5,3,8,4,4,5,33,-3.0,30.0,Poor,Stay away,26,0.0,-12.5,-1.0,47.6,1,,Healthcare,3071845.0,16703.0
RNDXF,Randgold & Exploration Company Limited,0.038,10,5,10,6,3,2,4,40,-15.0,30.0,Poor,🔥 COILED: Stay away,50,0.0,0.0,-0.0,46.5,1,,Basic Materials,3059343.0,571.87
MRRYF,Murray Income Trust Plc,0.037,7,6,11,7,3,2,4,40,-13.0,30.0,Poor,Stay away,49,0.0,0.0,0.0,89.3,0,,Technology,1582874.0,383.5
GOCOF,Go Metals Corp,0.035,10,7,9,2,5,5,4,42,-15.0,30.0,Poor,Stay away,42,0.0,0.0,1.5,55.5,1,,Basic Materials,554058.0,3682.98
PFFEF,Pool Safe Inc,0.038,12,6,10,8,3,2,4,45,-18.0,30.0,Poor,Stay away,54,0.0,0.0,0.0,93.2,1,,Consumer Cyclical,524731.0,1.0
DOLHF,Dolphin Capital Investors Limited,0.047,5,3,10,8,0,2,4,32,-5.0,30.0,Poor,Stay away,30,0.0,0.0,-0.0,0.0,1,,nan,84991640.0,3025.0
RFLFF,Raffles Education Corporation Limited,0.05,10,7,11,6,0,2,4,40,-15.0,30.0,Poor,🔥 COILED: Stay away,48,0.0,0.0,0.0,50.0,1,,Consumer Defensive,81865624.0,0.0
MYSEW,"Myseum, Inc.",0.046,7,10,7,4,0,2,2,32,-10.0,30.0,Poor,🔥 COILED: Stay away,36,15.0,-11.5,1.3,50.1,0,,nan,nan,3786.5
UNEGF,United Energy Group Limited,0.057,4,3,10,6,3,7,4,37,-10.0,30.0,Poor,Stay away,25,0.0,0.0,-0.4,0.7,0,,Energy,1889469440.0,11417.0
CRUCF,Colibri Resource Corporation,0.064,4,9,6,9,1,2,2,33,-3.0,30.0,Poor,Stay away,27,23.3,4.9,1.4,49.6,1,,Basic Materials,2360096.0,10119.56
MLGCF,M3 Metals Corp,0.063,3,6,1,7,3,3,4,27,0.0,30.0,Poor,Stay away,20,0.0,0.0,-32.2,28.2,0,,Basic Materials,644225.0,135.0
IEGCF,Independence Gold Corp,0.08,14,7,4,8,5,2,5,45,-15.0,30.0,Poor,Stay away,48,-5.9,4.7,2.8,54.5,1,,Basic Materials,21115828.0,290167.92
SFCX,SUPA Consolidated Inc.,0.074,11,10,4,4,4,0,5,38,-8.0,30.0,Poor,Stay away,0,-1.3,5.6,12.0,53.9,0,,Technology,15181613.0,0.0
MREYF,Monterey Minerals Inc,0.08,9,6,11,8,3,4,4,45,-18.0,30.0,Poor,Stay away,59,0.0,0.0,0.0,96.5,1,,Basic Materials,1875840.0,625.0
NIHL,New Infinity Holdings Ltd,0.09,9,3,3,9,5,2,4,35,-5.0,30.0,Poor,Stay away,59,-3.9,-3.9,-4.4,49.4,1,,Consumer Cyclical,44451480.0,6018.97
HUYTF,Huayi Tencent Entertainment Company Limited,0.122,9,6,11,10,3,2,4,45,-18.0,30.0,Poor,Stay away,54,0.0,0.0,0.0,99.9,1,,Healthcare,207662832.0,500.0
CMEIF,China MeiDong Auto Holdings Limited,0.102,4,3,9,8,3,1,4,32,-5.0,30.0,Poor,Stay away,16,0.0,0.0,-0.5,0.0,1,,Consumer Cyclical,137586464.0,125.0
PGZFF,Pan Global Resources Inc.,0.131,6,13,6,5,3,2,5,40,-13.0,30.0,Poor,Stay away,48,5.7,5.0,4.3,53.3,1,,Basic Materials,53451468.0,60119.4
IUGNF,Imugene Limited,0.1,15,5,7,11,3,5,4,50,-20.0,30.0,Poor,Stay away,35,22.7,33.3,14.1,59.8,3,,Healthcare,49808784.0,14804.55
TSGZF,Tristar Gold,0.12,8,5,6,7,2,2,5,35,-5.0,30.0,Poor,Stay away,18,0.0,0.0,-1.0,46.7,1,,Basic Materials,42260788.0,63233.31
RSGLF,Rocky Shore Gold Ltd.,0.11,4,3,10,7,3,1,4,32,-5.0,30.0,Poor,Stay away,30,0.0,0.0,-0.3,40.0,1,,Basic Materials,26086808.0,5961.93
EVNIF,EV Nickel Inc,0.136,5,3,9,7,3,1,4,32,-5.0,30.0,Poor,Stay away,21,0.0,0.0,-0.0,0.0,1,,Basic Materials,21566756.0,650.0
CEUMF,Century Global Commodities Corp,0.104,15,4,7,14,6,2,5,53,-23.0,30.0,Poor,Stay away,59,0.0,0.0,24.2,81.0,1,,Consumer Defensive,12293371.0,1462.5
GHVNF,GoldHaven Resources Corp,0.12,2,8,9,9,4,1,2,35,-5.0,30.0,Poor,Stay away,15,-10.4,-4.0,-6.0,42.7,1,,Basic Materials,10479455.0,174711.0
CHMMF,Chimeric Therapeutics Limited,0.1,12,6,10,6,0,2,4,40,-15.0,30.0,Poor,🔥 COILED: Stay away,48,0.0,0.0,0.1,50.0,1,,Healthcare,5945954.0,450.0
AATV,Adaptive Ad Systems Inc,0.107,6,0,7,8,4,2,3,30,0.0,30.0,Poor,Stay away,40,-2.7,-2.7,-1.8,15.2,0,,Communication Services,4366469.0,7550.46
MTLI,Metaline Contact Mines,0.11,14,9,6,13,8,2,5,57,-27,30,Poor,Stay away,54,120.0,120.0,77.8,81.7,2,3,Basic Materials,1260447.0,128.99
QVCGQ,QVC Group Inc.,0.14,3,3,8,8,3,3,4,32,-5.0,30.0,Poor,Stay away,14,0.0,0.0,-66.2,14.7,1,,Consumer Cyclical,1133174.0,32.01
RBRS,RBRS,0.105,5,5,1,12,0,7,5,35,-5.0,30.0,Poor,Stay away,19,-65.0,-12.5,-74.0,45.8,1,,Financial Services,69001.0,72.06
AUGCF,AUGCF,0.12,5,14,5,5,3,2,4,38,-8.0,30.0,Poor,Stay away,0,20.0,0.0,0.6,47.4,0,,nan,nan,0.0
TLTFF,Theralase Technologies Inc.,0.188,12,8,8,4,5,0,5,42,-15.0,30.0,Poor,Stay away,33,-1.1,4.4,1.5,52.3,1,,Healthcare,52405520.0,117050.95
CAIB,California International Bank N.A,0.15,19,4,6,14,4,2,5,54,-24,30,Poor,Stay away,46,87.5,87.5,36.0,79.2,2,6,Financial Services,25568024.0,368.5
JZRIF,Jazz Resources Inc,0.18,4,7,8,7,1,1,2,30,-5.0,30.0,Poor,🔥 COILED: Stay away,25,0.0,0.0,-1.1,47.6,1,,Basic Materials,14264652.0,44354.76
ACUT,Accustem Sciences Inc,0.19,6,5,2,9,0,6,5,33,-3.0,30.0,Poor,Stay away,21,5.6,3.6,-4.7,47.3,1,,Healthcare,3053730.0,1929.49
DGIPF,DGIPF,0.162,2,7,8,9,4,0,2,32,0.0,30.0,Poor,Stay away,0,-1.4,-16.9,-7.9,46.1,0,,nan,nan,0.0
MAANF,Maanshan Iron & Steel Company Limited,0.212,3,6,4,7,3,2,5,30,0.0,30.0,Poor,Stay away,16,1.0,1.0,-1.2,19.8,0,,Basic Materials,1632544384.0,402.71
AMNTF,Asia Cement (China) Holdings Corporation,0.207,3,6,1,7,3,3,4,27,0.0,30.0,Poor,Stay away,14,0.0,0.0,-7.0,34.8,0,,Basic Materials,324776864.0,9.1
CHYMF,Cahya Mata Sarawak Berhad,0.227,3,6,1,7,3,3,4,27,0.0,30.0,Poor,Stay away,9,0.0,0.0,-0.9,37.4,0,,Basic Materials,243933536.0,283.0
SNANF,Sona Nanotech Inc,0.22,3,4,3,9,5,3,5,32,-5.0,30.0,Poor,Stay away,30,-6.0,-13.0,-4.1,44.3,1,,Healthcare,25162556.0,6907.35
SKKRF,SKRR Exploration Inc,0.24,8,8,11,6,3,4,4,44,-17.0,30.0,Poor,Stay away,48,0.0,0.0,0.0,68.8,1,,Basic Materials,3139537.0,0.0
OODH,Orion Diversified Holding Co. Inc,0.2,3,2,4,15,0,4,2,30,2.0,30.0,Poor,Stay away,16,0.0,0.0,-12.2,33.9,1,,Energy,2376000.0,3564.01
HZRGF,Hazer Group Limited,0.251,10,6,5,4,6,2,4,37,-15.0,30.0,Poor,🔥 COILED: Stay away,24,0.0,0.0,0.4,52.3,1,,Basic Materials,67229808.0,358.0
WRLRF,WRLRF,0.25,10,14,4,5,3,4,5,45,-13.0,30.0,Poor,Stay away,0,19.9,45.8,10.1,51.9,2,,nan,nan,0.0
EKDHF,EKF Diagnostics Holdings plc,0.347,3,4,1,7,3,3,4,25,0.0,30.0,Poor,🔥 COILED: Stay away,37,0.0,0.0,-0.3,48.7,0,,Healthcare,149157664.0,2000.0
GXSBY,Geox SpA ADR,0.327,12,6,11,7,3,2,4,45,-18.0,30.0,Poor,Stay away,37,0.0,0.0,0.0,99.8,1,,Consumer Cyclical,119701136.0,27.5
FOSYF,Forsys Metals Corp,0.311,8,13,7,0,8,0,2,38,-11.0,30.0,Poor,🔥 COILED: Stay away,47,-2.8,-2.8,0.4,51.1,2,,Basic Materials,73417648.0,86155.87
PCFBF,Pacific Basin Shipping Limited,0.39,3,4,4,8,3,5,3,30,0.0,30.0,Poor,Stay away,0,0.0,0.0,-0.5,38.7,0,,Industrials,2009790336.0,0.0
CRWOF,China Railway Group Limited,0.442,13,5,6,4,3,1,5,37,-12.0,30.0,Poor,🔥 COILED: Stay away,17,0.0,0.0,1.3,60.5,0,,Industrials,10842839040.0,742.0
CVWLF,CVWLF,0.416,14,3,1,6,6,5,5,40,-10.0,30.0,Poor,Stay away,56,0.0,-6.4,-0.1,55.7,0,,Financial Services,261025680.0,16.5
CTLHF,CleanTech Lithium Plc,0.42,10,6,11,7,3,4,4,45,-18.0,30.0,Poor,Stay away,54,0.0,0.0,0.0,84.9,1,,Basic Materials,152456512.0,588.2
AAWH,Ascend Wellness Holdings Inc,0.4,1,7,5,9,2,2,2,28,-1.0,30.0,Poor,Stay away,17,-6.5,-9.3,-7.2,40.8,1,,Healthcare,81239456.0,130929.34
XTNT,Xtant Medical Holdings Inc,0.426,6,8,4,7,2,0,5,32,0.0,30.0,Poor,Stay away,17,-0.9,-5.3,-1.7,45.9,0,,Healthcare,59780072.0,185607.16
CHAI,Core AI Holdings,0.447,6,9,3,7,2,6,2,35,-3.0,30.0,Poor,Stay away,25,-10.6,0.4,-15.2,40.1,2,,Communication Services,9781277.0,2878031.65
AAGAF,Silver47 Exploration Corp.,0.406,2,5,9,8,4,4,3,35,-3.0,30.0,Poor,Stay away,22,-5.7,-5.6,-3.5,43.3,0,,nan,nan,471097.25
CSGEF,China Suntien Green Energy Corporation Limited,0.458,4,5,1,7,3,1,4,25,0.0,30.0,Poor,🔥 COILED: Stay away,16,0.0,0.0,-1.1,47.1,0,,Utilities,3098828032.0,48.0
RVLGF,Revival Gold Inc,0.48,3,6,7,9,2,0,5,32,-3.0,30.0,Poor,Stay away,23,-5.7,-6.6,-2.4,45.9,1,,Basic Materials,152056864.0,306050.3
PTPIF,PT. Chandra Asri Petrochemical Tbk,0.527,7,6,10,8,3,2,4,40,-13.0,30.0,Poor,Stay away,47,0.0,0.0,0.0,94.3,0,,Basic Materials,45555482624.0,37.5
SHGKF,Sun Hung Kai & Company. Ltd,0.515,9,4,11,6,3,2,4,39,-12.0,30.0,Poor,Stay away,47,0.0,0.0,0.0,64.1,0,,Financial Services,1007871104.0,20.5
SEXHF,Sichuan Expressway Company Limited,0.58,3,4,8,6,3,7,4,35,-10.0,30.0,Poor,🔥 COILED: Stay away,0,0.0,0.0,-1.3,40.6,0,,Industrials,2047985792.0,0.0
WMWWF,West Wits Mining Limited,0.55,12,6,11,9,3,6,4,51,-21.0,30.0,Poor,Stay away,53,0.0,0.0,0.0,91.4,1,,Basic Materials,239188400.0,3534.02
SBMFF,Sino Biopharmaceutical Limited,0.637,5,6,10,6,3,3,4,37,-10.0,30.0,Poor,Stay away,27,0.0,0.0,-3.5,34.8,0,,Healthcare,11322023936.0,0.0
GBR,New Concept Energy Inc,0.682,8,9,4,9,2,6,4,42,-12.0,30.0,Poor,Stay away,22,0.3,3.3,-1.3,47.1,1,,Real Estate,3499209.0,400017.9
KGDEF,Kingdee International Software Group Company Limited,0.749,3,4,2,8,3,3,4,27,0.0,30.0,Poor,Stay away,16,0.0,0.0,-7.2,44.9,0,,Technology,2613221632.0,1034.95
BSXGF,Belo Sun Mining Corp,0.726,12,8,3,12,1,1,4,41,-11.0,30.0,Poor,Stay away,38,10.0,-0.5,2.0,50.4,2,,Basic Materials,414631776.0,302638.45
STEAF,Stream Media Corporation,0.757,7,7,10,4,3,2,4,37,-10.0,30.0,Poor,Stay away,32,0.0,0.0,0.0,55.1,0,,Communication Services,87709264.0,0.1
BDWBF,Budweiser Brewing Company APAC Limited,0.827,6,5,1,7,3,0,5,27,0.0,30.0,Poor,Stay away,28,-9.2,5.8,-0.3,48.2,0,,Consumer Defensive,10941019136.0,12004.5
RANI,Rani Therapeutics Holdings Inc,0.844,13,14,3,15,4,1,5,55,-23.0,30.0,Poor,Stay away,26,-5.9,24.7,8.6,57.9,3,,Healthcare,116022504.0,6624459.15
CURZ,Curzio Research LLC,0.81,3,4,4,8,3,3,2,27,0.0,30.0,Poor,Stay away,17,0.0,0.0,-2.5,3.9,0,,Communication Services,nan,53.5
YADGF,Yadea Group Holdings Ltd,0.86,3,6,1,7,3,3,4,27,0.0,30.0,Poor,Stay away,16,0.0,0.0,-5.3,39.0,0,,Consumer Cyclical,2611086336.0,202.44
UCL,Ucloudlink Group Inc,0.88,5,5,8,8,0,2,2,30,0.0,30.0,Poor,Stay away,24,-5.4,-4.3,-4.8,39.8,0,,Communication Services,33521178.0,12990.33
JF,J and Friends Holdings Limited,0.89,1,13,1,10,4,2,2,33,-1.0,30.0,Poor,Stay away,25,2.3,-8.2,-4.5,41.9,2,,Financial Services,16322737.0,38246.11
MMILD,Metro Mining Limited,0.935,4,4,3,8,3,4,2,28,2.0,30.0,Poor,Stay away,48,0.6,-18.7,-10.1,18.5,0,,Basic Materials,302839584.0,177.72
NPACY,Quadient SA ADR,0.95,13,6,12,5,6,2,4,48,-23.0,30.0,Poor,🔥 COILED: Stay away,39,0.0,0.0,0.2,81.3,1,,Technology,482699936.0,294.59
GLAI,Global AI Inc,1.0,12,3,5,10,6,4,5,45,-15.0,30.0,Poor,Stay away,33,-16.7,-2.9,2.0,53.2,1,,Industrials,155112032.0,5320.9
TFSVF,24SevenOffice Group AB (publ),0.988,8,4,10,5,3,6,4,40,-15.0,30.0,Poor,🔥 COILED: Stay away,46,0.0,0.0,-0.0,52.2,1,,Technology,84086936.0,528.13
AMFN,American Fusion Inc.,0.16,18,8,5,16,3,3,5,58,-26.2,29.8,Poor,Stay away,0,15.0,100.4,25.1,64.0,3,,Basic Materials,472472704.0,0.0
PTPLF,PT Puradelta Lestari Tbk,0.007,8,3,10,6,3,2,4,36,-10.0,29.0,Poor,Stay away,28,0.0,0.0,-0.0,0.3,0,,Real Estate,332566976.0,5.5
CNER,China New Energy Group Co,0.007,14,7,7,4,4,4,4,44,-15.0,29.0,Poor,Stay away,29,0.0,0.0,7.8,57.1,1,,Utilities,51397728.0,0.0
CHNTF,China HK Power Smart Energy Group Limited,0.003,5,4,10,6,3,2,4,34,-10.0,29.0,Poor,🔥 COILED: Stay away,32,0.0,0.0,-0.0,42.4,0,,Energy,23657912.0,86.69
TNYYF,Tinybeans Group Limited,0.006,5,3,10,7,0,2,4,31,-5.0,29.0,Poor,Stay away,28,0.0,0.0,-0.0,0.0,1,,Communication Services,16317280.0,9.5
ECOX,Eco Innovation Group Inc,0.001,7,6,5,9,2,3,2,34,-5.0,29.0,Poor,Stay away,29,0.0,0.0,-9.8,43.7,1,,Industrials,9054237.0,190220027.23
AEFI,American EcoFuels Inc.,0.001,7,6,5,9,2,3,2,34,-5.0,29.0,Poor,Stay away,30,0.0,0.0,-9.8,43.7,1,,Industrials,8231125.0,230925279.65
MTBMF,Mount Burgess Mining N.L,0.001,8,3,10,6,3,2,4,36,-10.0,29.0,Poor,Stay away,27,0.0,0.0,-0.0,0.0,0,,Basic Materials,7739178.0,367.85
CLNV,Clean Vision Corp,0.006,1,10,5,11,3,2,2,34,-3.0,29.0,Poor,Stay away,35,1.9,-8.3,-3.2,46.8,2,,Utilities,7065318.0,8087241.51
PRFUF,Prosperous Future Holdings Limited,0.002,8,4,9,4,3,2,4,34,-10.0,29.0,Poor,🔥 COILED: Stay away,29,0.0,0.0,-0.0,48.1,0,,Consumer Defensive,6456035.0,200.0
TGSHF,Mercanto Holdings Inc.,0.003,8,3,10,6,3,2,4,36,-10.0,29.0,Poor,Stay away,27,0.0,0.0,-0.0,2.3,0,,Healthcare,6009208.0,1078.0
BITRF,Biotron Limited,0.002,6,6,10,6,3,1,4,36,-10.0,29.0,Poor,Stay away,26,0.0,0.0,-2.8,17.5,0,,Healthcare,5570410.0,23601.35
BAKPF,Global Oil & Gas Limited,0.005,1,5,1,7,3,3,4,24,0.0,29.0,Poor,🔥 COILED: Stay away,24,0.0,0.0,-6.9,47.8,0,,Energy,4319131.0,160.8
LNMG,Linike Medical Group Ltd,0.007,8,9,6,0,3,6,5,37,-8.0,29.0,Poor,Stay away,27,26.4,-1.5,5.9,48.0,1,,Healthcare,3478529.0,6105.08
QGSI,Quantgate Systems Inc,0.01,4,11,9,4,3,2,4,37,-8.0,29.0,Poor,Stay away,28,0.0,5.0,0.2,47.9,1,,Technology,3418824.0,110765.43
AECX,CurrentC Power Corporation,0.006,2,4,3,10,3,2,5,29,0.0,29.0,Poor,Stay away,42,-45.0,5.8,-15.4,46.9,0,,Technology,2282663.0,27367.23
VAPR,Vaporbrands Intl Inc,0.005,12,6,5,10,5,1,5,44,-13.0,29.0,Poor,Stay away,34,36.8,6.1,7.8,55.3,0,,Consumer Cyclical,1450744.0,140137.57
DAZD,"Dazed, Inc.",0.002,10,5,0,13,3,2,4,37,-8.0,29.0,Poor,Stay away,53,-18.2,0.0,-10.1,47.5,1,,Consumer Defensive,1242898.0,635970.68
LCHD,Leader Capital Holdings Corp,0.005,11,2,7,14,5,0,5,44,-15.0,29.0,Poor,Stay away,25,0.0,4.2,1.7,55.1,1,,Technology,1193717.0,123977.47
AVRTF,Avarone Metals Inc,0.005,4,7,4,9,3,3,4,34,-5.0,29.0,Poor,Stay away,17,0.0,0.0,-21.4,22.9,1,,Basic Materials,466214.0,1355.71
CATTF,CAT Strategic Metals Corporation,0.009,3,4,2,8,5,5,2,29,0.0,29.0,Poor,Stay away,34,0.0,0.0,-19.1,40.6,0,,Basic Materials,346196.0,6299.95
CFAGF,CFAGF,0.01,7,7,10,6,3,2,4,39,-15.0,29.0,Poor,🔥 COILED: Stay away,46,0.0,0.0,0.0,50.0,1,,Financial Services,288768.0,27.5
IPRC,Imperial Res Inc,0.004,3,3,2,9,6,7,4,34,-5.0,29.0,Poor,Stay away,45,0.0,0.0,-6.7,46.3,1,,Financial Services,273521.0,12120.99
CVVRF,Vertical Exploration Inc,0.002,8,3,10,4,3,4,4,36,-10.0,29.0,Poor,Stay away,27,0.0,0.0,-0.1,3.4,0,,Basic Materials,244646.0,9928.75
VADP,Vado Corp,0.001,8,3,10,6,3,2,4,36,-10.0,29.0,Poor,Stay away,32,0.0,0.0,-0.0,0.2,0,,Communication Services,200741.0,2716.42
CLHI,CLST Holdings Inc,0.001,5,3,10,7,3,2,4,34,-5.0,29.0,Poor,Stay away,25,0.0,0.0,-0.2,10.3,1,,Financial Services,23949.0,22595.94
COMS,COMSovereign Holding Corp,0.002,18,4,6,11,6,6,5,56,-27,29,Poor,Stay away,61,50.0,50.0,31.9,93.5,3,3,Technology,4312.0,1468.69
DRMAW,Dermata Therapeutics Inc. Warrant,0.01,1,11,0,10,4,4,2,32,-1.0,29.0,Poor,Stay away,16,-42.6,-14.6,-20.6,42.2,2,,nan,nan,6983.85
CHNVF,China Youzan Ltd,0.019,15,5,5,7,6,4,5,47,-18.0,29.0,Poor,Stay away,62,0.0,0.0,18.5,100.0,1,,Technology,30646798.0,1200.5
FAMDF,Futura Medical plc,0.019,15,8,8,11,4,3,5,54,-25,29,Poor,Stay away,39,76.6,89.0,60.6,59.4,3,3,Healthcare,10987094.0,19706.24
JNOMF,Juno Minerals Ltd,0.02,8,3,10,6,3,2,4,36,-10.0,29.0,Poor,Stay away,27,0.0,0.0,-0.0,16.5,0,,Basic Materials,4184741.0,501.27
NBTRF,Nobel Resources Corp,0.012,6,5,3,8,0,3,4,29,-5.0,29.0,Poor,🔥 COILED: Stay away,20,0.0,0.0,-15.4,47.4,1,,Basic Materials,2617484.0,3351.48
STHI,Sprout Tiny Homes Inc,0.014,6,3,9,9,3,3,3,36,-3.0,29.0,Poor,Stay away,47,-3.6,-3.6,-2.5,49.3,1,,Consumer Cyclical,1571431.0,0.0
RVRVF,Pathfinder Ventures Inc,0.02,3,8,3,7,3,1,4,29,-5.0,29.0,Poor,🔥 COILED: Stay away,16,0.0,0.0,-1.2,42.8,1,,Consumer Cyclical,1208457.0,2410.13
IFRTF,International Frontier Resources Corporation,0.02,9,6,11,7,3,4,4,44,-18.0,29.0,Poor,Stay away,52,0.0,0.0,0.0,84.5,1,,Energy,1106531.0,128.74
SRNW,Stratos Renewables Corp,0.02,6,4,8,6,3,5,4,36,-10.0,29.0,Poor,Stay away,24,0.0,0.0,-1.9,47.0,0,,Financial Services,980117.0,9667.44
SPARF,Spark Energy Minerals Inc.,0.028,5,12,2,7,4,0,5,35,-6.0,29.0,Poor,Stay away,24,-23.4,-14.1,-5.5,47.2,1,,Basic Materials,5386972.0,17215.72
TPHS,Trinity Place Holdings Inc,0.023,10,5,6,11,0,5,5,42,-13.0,29.0,Poor,Stay away,35,0.4,0.4,-0.1,50.7,2,,Real Estate,1525691.0,35961.2
VSEEW,"VSee Health, Inc.",0.024,3,9,0,14,3,0,2,31,0.0,29.0,Poor,Stay away,7,18.9,-58.0,-40.2,43.4,1,,nan,nan,32198.07
RREIF,Regal Real Estate Investment Trust,0.04,8,3,10,6,3,2,4,36,-10.0,29.0,Poor,Stay away,27,0.0,0.0,-0.0,0.0,1,,Real Estate,129320024.0,25.5
PTRRF,Pointerra Limited,0.032,5,4,10,6,3,2,4,34,-10.0,29.0,Poor,🔥 COILED: Stay away,32,0.0,0.0,0.0,50.0,0,,Technology,27148480.0,681.39
MCREF,Metals Creek Resources Corp,0.039,8,3,5,8,3,5,4,36,-10.0,29.0,Poor,Stay away,54,-2.0,-2.0,-1.7,49.3,0,,Basic Materials,9294197.0,53390.79
MMJJF,MMJ Group Holdings Limited,0.04,12,3,2,9,6,0,5,37,-8.0,29.0,Poor,Stay away,52,0.0,4.7,2.2,56.1,0,,Financial Services,8210432.0,1093.34
OPUS,Opus Magnum Ameris Inc,0.035,3,4,3,9,3,3,4,29,0.0,29.0,Poor,Stay away,26,0.0,0.0,-31.0,15.7,0,,Financial Services,7180845.0,164.43
PITEF,Heramba Electric plc,0.038,10,6,11,8,3,2,4,44,-18.0,29.0,Poor,Stay away,47,0.0,0.0,0.0,84.7,1,,Industrials,475494.0,4561.79
IVCTF,Invictus Energy Limited,0.041,3,7,4,11,0,0,2,27,2.0,29.0,Poor,Stay away,26,-14.6,-8.9,-6.4,46.9,1,,Energy,72911832.0,127436.77
BBKCF,BIG Blockchain Intelligence Group Inc,0.047,3,6,6,7,2,2,3,29,2.0,29.0,Poor,Stay away,23,8.8,-4.5,-2.8,45.1,1,,Financial Services,15090869.0,220634.91
CQRLF,Conquest Resources Limited,0.042,3,4,3,12,3,2,2,29,0.0,29.0,Poor,Stay away,38,5.7,-14.7,-6.5,32.3,0,,Basic Materials,6547071.0,18374.12
NGXLF,NGX Limited,0.05,5,3,10,7,0,2,4,31,-5.0,29.0,Poor,Stay away,17,0.0,0.0,-0.0,0.0,1,,Basic Materials,4530592.0,168.62
ALDA,Atlantica Inc,0.05,12,6,11,9,0,2,4,44,-18.0,29.0,Poor,Stay away,38,0.0,0.0,0.0,95.9,1,,Financial Services,122929.0,15.66
MJGCF,Majestic Gold Corp,0.066,3,12,5,8,3,2,4,37,-8.0,29.0,Poor,Stay away,11,1.1,-4.8,-4.8,38.2,1,,Basic Materials,68503056.0,144491.83
GPMTF,GPM Metals Inc,0.062,9,6,11,6,3,2,4,41,-15.0,29.0,Poor,Stay away,40,0.0,0.0,0.0,39.7,1,,Basic Materials,9878831.0,0.0
AGREF,Argonaut Resources NL,0.08,7,7,10,6,3,2,4,39,-15.0,29.0,Poor,🔥 COILED: Stay away,47,0.0,0.0,0.0,51.9,1,,Basic Materials,28169712.0,400.0
VPTDF,VentriPoint Diagnostics Ltd,0.077,4,8,4,11,2,4,3,36,-5.0,29.0,Poor,Stay away,20,-5.6,-1.8,-2.3,46.6,1,,Healthcare,15050267.0,94902.14
TCSG,"The Container Store Group, Inc.",0.08,4,7,1,8,3,2,2,27,2.0,29.0,Poor,Stay away,28,-11.1,6.7,-3.5,46.4,0,,Consumer Cyclical,nan,211548.0
WGLIF,Westward Gold Inc,0.089,10,4,5,9,5,0,5,38,-9.0,29.0,Poor,Stay away,49,-8.5,-0.2,1.3,53.5,1,,Basic Materials,20733298.0,178723.53
HLUCF,HLUCF,0.084,1,4,4,9,5,0,4,27,2.0,29.0,Poor,Stay away,18,-9.8,-8.1,-6.6,44.8,0,,nan,nan,394790.16
EBZT,Everything Blockchain Inc.,0.092,4,6,2,10,5,0,2,29,0.0,29.0,Poor,Stay away,40,-20.0,16.5,-9.0,46.8,2,,Technology,2469057.0,62849.16
FRHYF,Frontier Energy Limited,0.129,3,6,5,7,3,3,4,31,-5.0,29.0,Poor,Stay away,24,0.0,0.0,-2.3,38.0,1,,Utilities,143856864.0,1168.32
KBSR,KBS Real Estate Investment Trust III Inc,0.121,3,5,7,8,3,3,5,34,-5.0,29.0,Poor,Stay away,15,0.0,0.0,-29.0,20.6,1,,nan,133664400.0,1183.5
LAFAR,LaFayette Acquisition Corp. Rights,0.1,2,12,2,8,5,2,4,35,-6.0,29.0,Poor,Stay away,38,11.1,-2.9,-0.6,48.5,0,,nan,nan,0.0
SSACW,SPACSphere Acquisition Corp. Warrant,0.11,6,4,2,14,5,0,3,34,-8.0,29.0,Poor,Stay away,0,15.7,-21.3,-4.9,48.2,0,,nan,nan,0.0
TLKMF,Telkom Indonesia (Persero) Tbk PT,0.16,11,5,8,4,3,3,5,39,-10.0,29.0,Poor,Stay away,27,0.0,23.1,4.7,56.4,2,,Communication Services,15791924224.0,0.0
CWGYF,Carnegie Clean Energy Limited,0.16,9,4,2,13,3,1,5,37,-8.0,29.0,Poor,Stay away,57,-16.0,4.8,-8.8,48.6,0,,Utilities,68368496.0,356694.41
VVIVF,EarthRenew Inc,0.156,17,8,6,14,3,2,5,55,-26.0,29.0,Poor,Stay away,56,10.8,31.0,17.2,64.8,3,,Basic Materials,31401432.0,0.0
SCLXW,Scilex Holding Company,0.18,10,4,3,14,3,0,5,39,-10.0,29.0,Poor,Stay away,46,32.4,-14.2,1.1,51.0,0,,nan,nan,16571.77
NAMMW,Namib Minerals Warrants,0.198,6,4,6,8,1,2,2,29,0.0,29.0,Poor,Stay away,46,-13.7,-22.8,-5.2,47.9,1,,nan,nan,54480.64
CBLUF,China BlueChemical Ltd,0.22,3,3,10,6,3,7,4,36,-10.0,29.0,Poor,Stay away,0,0.0,0.0,-4.2,26.1,0,,Basic Materials,1728749952.0,0.0
KRSOF,Karsan Otomotiv Sanayii ve Ticaret A.S,0.217,8,4,9,6,3,2,4,36,-10.0,29.0,Poor,Stay away,17,0.0,0.0,-0.0,0.0,0,,Industrials,195300000.0,90.0
GLBKF,Goldbank Mining Corporation,0.249,7,7,10,6,3,2,4,39,-15.0,29.0,Poor,🔥 COILED: Stay away,48,0.0,0.0,0.0,50.0,1,,Basic Materials,47976292.0,10.5
GLGI,Greystone Logistics,0.23,10,13,5,15,4,0,5,52,-23.0,29.0,Poor,Stay away,30,-8.0,21.1,1.0,52.3,3,,Basic Materials,6681217.0,52415.51
SZZLR,Sizzle Acquisition Corp. II,0.2,12,14,3,9,6,0,5,49,-18.0,29.0,Poor,Stay away,51,-9.1,23.1,5.3,53.6,3,,nan,nan,0.0
KAIFF,Kairos Minerals Limited,0.345,8,6,7,12,0,2,2,37,-8.0,29.0,Poor,Stay away,57,15.0,-1.4,-0.6,47.9,2,,Basic Materials,81905608.0,4594.78
MREO,Mereo BioPharma Group PLC ADR,0.306,8,10,7,5,7,2,3,42,-13.0,29.0,Poor,Stay away,38,2.9,-6.6,-0.7,48.8,2,,Healthcare,48923100.0,6226313.6
EVGIF,EverGen Infrastructure Corp,0.317,11,3,3,7,6,1,3,34,-5.0,29.0,Poor,Stay away,40,0.0,-4.3,-0.3,56.2,1,,Industrials,8208819.0,362.69
CPOP,Pop Culture Group Co Ltd,0.321,11,4,2,10,0,2,5,34,-5.0,29.0,Poor,Stay away,22,-21.0,-34.5,-2.4,50.5,1,,Communication Services,3991580.0,860377.6
TSWCF,TSWCF,0.375,1,10,6,13,4,2,5,41,-12.0,29.0,Poor,Stay away,23,-3.8,-6.9,-2.1,46.9,1,,Technology,138557216.0,391773.69
NNFTF,Nanofilm Technologies International Limited,0.426,8,3,10,6,3,2,4,36,-10.0,29.0,Poor,Stay away,29,0.0,0.0,-0.0,0.0,0,,Technology,277977664.0,7.5
LSEB,LSEB Creative Corp.,0.44,8,3,10,5,3,3,4,36,-10.0,29.0,Poor,Stay away,42,0.0,0.0,-1.4,38.0,0,,Consumer Cyclical,7205572.0,2701.77
HANNF,Hannan Metals Ltd,0.54,11,10,4,14,6,2,5,52,-23.0,29.0,Poor,Stay away,43,-4.4,10.2,4.5,56.3,3,,Basic Materials,79939184.0,70785.0
WDBG,Woodbrook Group Holdings Inc,0.5,12,6,10,7,3,2,4,44,-18.0,29.0,Poor,Stay away,56,0.0,0.0,0.1,100.0,1,,Financial Services,70265.0,89.03
NDTP,NDT Pharmaceuticals Inc,0.55,14,9,9,12,6,6,5,61,-30,29,Poor,Stay away,42,37.5,37.5,25.9,61.1,3,,Healthcare,108462392.0,7111.43
SRCAF,Stria Lithium Inc,0.56,7,4,11,6,3,6,4,41,-15.0,29.0,Poor,Stay away,50,0.0,0.0,0.0,56.9,1,,Basic Materials,23292710.0,2034.36
CTXR,Citius Pharmaceuticals Inc,0.569,4,16,6,6,3,2,2,39,-13.0,29.0,Poor,Stay away,30,1.2,7.2,5.1,53.1,1,,Healthcare,15620512.0,760869.78
ADSEW,ADS-TEC ENERGY PLC Warrant,0.56,6,5,3,8,5,2,5,34,-3.0,29.0,Poor,Stay away,34,-28.2,-5.1,-6.5,47.6,1,,nan,nan,12919.94
MROPF,MicroPort CardioFlow Medtech Corporation,0.646,9,6,11,9,3,2,4,44,-18.0,29.0,Poor,Stay away,58,0.0,0.0,0.0,100.0,1,,Healthcare,823012928.0,32.0
BJTRF,Beijing Tong Ren Tang Chinese Medicine Company Limited,0.648,5,4,10,6,3,2,4,34,-10.0,29.0,Poor,🔥 COILED: Stay away,35,0.0,0.0,0.0,50.0,0,,Healthcare,542775680.0,2.0
CYPXF,EQ Inc,0.65,7,6,10,7,3,2,4,39,-13.0,29.0,Poor,Stay away,41,0.0,0.0,0.0,95.9,0,,Communication Services,45236072.0,1.2
CCIIW,Cohen Circle Acquisition Corp. II Warrant,0.718,4,2,8,7,3,0,5,29,0.0,29.0,Poor,Stay away,41,-9.1,-10.2,-7.1,37.0,0,,nan,3795000.0,11509.36
GRPOF,Grupo Traxión S.A.B. de C.V,0.758,7,6,11,9,0,2,4,39,-13.0,29.0,Poor,Stay away,33,0.0,0.0,0.0,86.8,0,,Industrials,421488736.0,1045.98
OPMXF,Operadora de Sites Mexicanos S.A. de C.V,1.0,17,6,1,5,6,7,5,47,-18.0,29.0,Poor,Stay away,56,8.7,3.8,3.2,55.8,0,,Industrials,2914365184.0,4158.77
CRNVF,CRNVF,0.95,4,3,9,7,3,1,4,31,-5.0,29.0,Poor,Stay away,0,0.0,0.0,-0.4,0.0,1,,Technology,54227356.0,0.0
CJPXX,JPMorgan Trust I - JPMorgan Prime Money Market Fund,1.0,5,4,10,6,3,2,4,34,-10.0,29.0,Poor,🔥 COILED: Stay away,39,0.0,0.0,-0.0,42.6,0,,nan,nan,0.0
VTLXX,State Street Institutional Investment Trust - State Street Institutional Treasury Plus Money Market,1.0,5,5,10,4,3,1,4,32,-8.0,29.0,Poor,🔥 COILED: Stay away,27,0.0,0.0,-0.3,42.9,0,,nan,nan,0.0
CSOC,Caduceus Software Systems Corp,0.004,14,4,7,8,4,3,5,45,-14.5,28.5,Poor,Stay away,28,39.3,62.5,20.2,62.2,2,,Consumer Defensive,1476869.0,176768.64
GTOFF,Gemalto N.V,0.002,2,4,3,8,3,0,5,25,0.0,28.0,Poor,Stay away,25,-76.7,13.3,-37.3,44.3,2,,Technology,1805417344.0,22066.98
FESTF,Hybrid Kinetic Group Limited,0.005,5,4,9,6,3,2,4,33,-10.0,28.0,Poor,🔥 COILED: Stay away,26,0.0,0.0,0.0,50.0,0,,Consumer Cyclical,101764360.0,450.0
WSZWF,Wesizwe Platinum Limited,0.01,8,3,9,6,3,2,4,35,-10.0,28.0,Poor,Stay away,31,0.0,0.0,-0.0,0.0,0,,Basic Materials,16278270.0,450.0
EGMMF,Eagle Mountain Mining Limited,0.007,4,4,1,8,3,1,4,25,0.0,28.0,Poor,Stay away,22,0.0,0.0,-46.5,48.1,0,,Basic Materials,10309689.0,250.5
MMMKF,Avenira Limited,0.001,8,3,10,5,3,2,4,35,-10.0,28.0,Poor,Stay away,29,0.0,0.0,-0.0,0.0,0,,Basic Materials,5430090.0,220.0
TMMI,T M M Inc New,0.006,3,9,12,6,2,4,5,41,-13.0,28.0,Poor,Stay away,26,9.1,7.1,2.9,50.5,1,,Technology,4754831.0,172154.74
COHLF,Contango Holdings plc,0.005,5,4,9,6,3,2,4,33,-10.0,28.0,Poor,🔥 COILED: Stay away,26,0.0,0.0,0.0,50.0,0,,Energy,3789896.0,2527.11
VVCVF,VVC Exploration Corporation,0.005,9,11,6,6,4,7,5,48,-20,28,Poor,Stay away,24,292.3,70.0,57.5,58.8,3,6,Energy,3193416.0,57827.96
FTZZF,Fertoz Limited,0.007,8,4,9,6,3,2,4,36,-13.0,28.0,Poor,🔥 COILED: Stay away,30,0.0,0.0,-0.0,48.1,1,,Basic Materials,2719406.0,4000.0
GSCHF,GS Chain plc,0.004,5,4,9,6,3,2,4,33,-10.0,28.0,Poor,🔥 COILED: Stay away,26,0.0,0.0,0.0,50.0,0,,Financial Services,2015936.0,607.85
PSGR,Pershing Resources Company Inc,0.004,5,9,5,9,3,0,2,33,-5.0,28.0,Poor,Stay away,14,0.0,2.5,-7.3,39.8,1,,Basic Materials,1803553.0,47765.11
CHNXF,ChitogenX Inc.,0.008,9,6,11,8,3,2,4,43,-18.0,28.0,Poor,Stay away,52,0.0,0.0,0.0,96.4,1,,Healthcare,627627.0,3010.0
GMETF,GameOn Entertainment Technologies Inc,0.008,5,7,11,6,3,2,4,38,-15.0,28.0,Poor,🔥 COILED: Stay away,39,0.0,0.0,0.0,49.9,1,,Communication Services,570154.0,954.8
BDRGF,Jaeger Resources Corp,0.002,9,3,11,6,3,2,4,38,-13.0,28.0,Poor,Stay away,53,0.0,0.0,0.0,79.8,0,,Basic Materials,252500.0,93.75
TICJ,Tritent International Corp,0.007,8,6,11,9,3,2,4,43,-18.0,28.0,Poor,Stay away,42,0.0,0.0,0.1,93.0,1,,Industrials,238351.0,73.99
OMTK,Omnitek Engineering,0.01,6,4,10,6,3,2,4,35,-10.0,28.0,Poor,Stay away,34,0.0,0.0,-0.0,42.6,0,,Consumer Cyclical,239234.0,8830.75
GRVE,Groove Botanicals Inc,0.004,3,3,10,7,3,3,4,33,-5.0,28.0,Poor,Stay away,26,0.0,0.0,-2.1,8.5,1,,Energy,238572.0,8873.0
BICTF,Biocure Technology Inc,0.01,7,6,10,6,3,2,4,38,-15.0,28.0,Poor,🔥 COILED: Stay away,34,0.0,0.0,0.0,50.0,1,,Healthcare,202070.0,40.0
AUCCF,Goldplay Mining Inc,0.002,3,3,10,5,3,7,4,35,-10.0,28.0,Poor,Stay away,17,0.0,0.0,-30.7,19.7,0,,Basic Materials,200022.0,1364.76
WSRUF,Waseco Resources Inc,0.004,8,3,9,6,3,2,4,35,-10.0,28.0,Poor,Stay away,27,0.0,0.0,-0.0,0.0,0,,Basic Materials,170893.0,970.0
VPRIF,Vitality Products Inc,0.002,8,8,5,4,3,1,4,33,-10.0,28.0,Poor,🔥 COILED: Stay away,23,0.0,0.0,0.6,43.3,0,,Consumer Defensive,103528.0,407.75
MTOMF,First Growth Funds Ltd,0.001,8,3,10,5,3,2,4,35,-10.0,28.0,Poor,Stay away,29,0.0,0.0,-0.0,0.0,0,,Financial Services,77798.0,3478.39
SSYRF,Sassy Resources Corporation,0.004,3,4,7,8,3,3,2,30,-5.0,28.0,Poor,Stay away,28,0.0,0.0,-12.7,44.4,1,,Basic Materials,64884.0,12744.66
RNWWW,ReNew Energy Global plc Warrant,0.004,3,14,7,11,4,2,5,46,-16.0,28.0,Poor,Stay away,36,16.7,16.7,8.3,50.6,3,,nan,nan,48252.15
TYPTF,Entropy Neurodynamics Limited,0.02,16,5,4,5,3,0,5,38,-10.0,28.0,Poor,Stay away,39,-20.0,0.0,-6.0,49.3,0,,Healthcare,40795672.0,37973.44
GPLL,Benchmark Energy Corporation,0.018,11,8,4,0,3,0,4,30,-10.0,28.0,Poor,🔥 COILED: Stay away,32,0.0,0.0,0.0,51.0,0,,Healthcare,4197450.0,1212.51
FNICF,Fathom Nickel Inc,0.018,5,13,8,5,3,2,5,41,-13.0,28.0,Poor,Stay away,22,9.9,4.1,5.4,50.6,2,,Basic Materials,4164938.0,100054.61
BSFAF,BSF Enterprise Plc,0.016,7,4,10,6,3,4,4,38,-15.0,28.0,Poor,🔥 COILED: Stay away,42,0.0,0.0,-0.0,48.4,1,,Healthcare,3099991.0,6963.48
VLMZF,Volcanic Gold Mines Inc,0.02,3,7,1,7,3,1,4,26,-3.0,28.0,Poor,🔥 COILED: Stay away,24,0.0,0.0,-8.9,45.5,1,,Basic Materials,2023338.0,6481.16
AGSS,Ameriguard Security Services Inc.,0.018,5,9,4,11,5,1,3,38,-10.0,28.0,Poor,Stay away,31,-7.1,13.7,0.7,50.4,2,,Industrials,1785504.0,8760.3
LVROF,Lavoro Limited,0.011,3,2,10,10,0,3,5,33,-5.0,28.0,Poor,Stay away,0,0.0,0.0,-21.1,39.4,1,,Basic Materials,1264693.0,0.0
CBMJ,Canna Consumer Goods Inc,0.013,14,14,8,5,3,2,5,51,-23.0,28.0,Poor,Stay away,27,35.4,3.1,18.5,57.7,2,,Communication Services,856535.0,55323.08
CLGMF,Cleghorn Minerals Ltd,0.02,8,3,9,6,3,2,4,35,-10.0,28.0,Poor,Stay away,27,0.0,0.0,-0.0,0.0,0,,Basic Materials,774077.0,15.58
ELXMF,Nova Eye Medical Limited,0.014,10,6,11,7,3,2,4,43,-18.0,28.0,Poor,Stay away,41,0.0,0.0,0.1,98.3,1,,Healthcare,541263.0,65.5
VHMLF,VHMLF,0.021,3,7,1,7,3,5,4,30,-5.0,28.0,Poor,Stay away,31,0.0,0.0,-40.5,41.4,1,,Basic Materials,6606172.0,4285.52
EPRJF,Emperor Watch & Jewellery Limited,0.035,2,7,0,7,3,7,2,28,0.0,28.0,Poor,Stay away,14,0.0,9.7,-6.5,25.3,1,,Consumer Cyclical,253186544.0,20.01
DPNEF,Daphne International Holdings Limited,0.04,5,4,10,6,3,2,4,34,-9.0,28.0,Poor,Stay away,29,0.0,0.0,-0.0,61.1,0,,Consumer Cyclical,34229764.0,0.0
BHSIF,Bayhorse Silver Inc,0.033,9,15,4,1,2,2,5,38,-13.0,28.0,Poor,Stay away,23,10.0,-17.5,4.2,51.0,2,,Basic Materials,12529647.0,268428.87
GRDAF,Guardforce AI Co. Limited,0.039,3,6,9,9,0,1,2,30,0.0,28.0,Poor,Stay away,16,-5.4,0.0,-7.7,41.1,0,,Basic Materials,3106517.0,92536.58
AFFL,Affiliated Resources Corp,0.039,15,5,4,12,1,2,4,43,-20,28,Poor,Stay away,34,635.8,-0.3,47.1,60.6,1,7,Financial Services,2907610.0,7649.65
EAGRF,Leaf Mobile Inc,0.05,3,8,6,10,0,3,3,33,-5.0,28.0,Poor,Stay away,15,0.0,0.0,-2.1,21.3,1,,Communication Services,5260155.0,6328.01
PHRRF,Pharmather Holdings Ltd,0.043,14,16,5,6,3,5,5,54,-26,28,Poor,Stay away,27,13.7,16.8,10.2,55.0,3,,Healthcare,3913820.0,212145.82
DPAT,Dental Patient Care America Inc,0.042,6,3,7,10,5,0,2,33,-5.0,28.0,Poor,Stay away,36,-2.6,-2.6,-3.4,19.1,1,,Healthcare,1010028.0,8530.55
ESVNF,E79 Resources Corp,0.041,3,7,2,8,3,1,4,28,-5.0,28.0,Poor,🔥 COILED: Stay away,24,0.0,0.0,-18.2,44.3,1,,Healthcare,266955.0,114.4
HDIHD,HDIHD,0.05,15,5,5,11,3,2,5,46,-18.0,28.0,Poor,Stay away,55,0.0,0.0,28.4,100.0,0,,Technology,nan,0.28
YHEGF,YHEGF,0.06,5,4,9,6,3,2,4,33,-10.0,28.0,Poor,🔥 COILED: Stay away,26,0.0,0.0,0.0,50.0,0,,nan,49238760.0,59.36
SUIAF,Substrate AI S.A.,0.07,9,3,3,9,5,5,5,39,-11.0,28.0,Poor,Stay away,42,27.0,-28.6,2.8,52.8,1,,Technology,27516996.0,202193.13
GSDT,Gsdt Fintech Group Inc,0.073,14,5,4,6,6,1,5,41,-13.0,28.0,Poor,Stay away,43,0.0,0.0,14.6,75.7,0,,Technology,109967280.0,474.7
BADVF,BADVF,0.076,3,15,3,2,4,4,5,36,-8.0,28.0,Poor,Stay away,0,-10.9,-0.4,-1.1,48.5,0,,Basic Materials,5812586.0,0.0
CPKOF,Castle Peak Mining Ltd,0.083,9,6,11,8,3,2,4,43,-18.0,28.0,Poor,Stay away,54,0.0,0.0,0.0,97.3,1,,Basic Materials,1597279.0,215.0
JGLCF,JS Global Lifestyle Company Limited,0.129,3,7,1,7,3,3,4,28,-5.0,28.0,Poor,🔥 COILED: Stay away,26,0.0,0.0,-1.9,45.2,1,,Consumer Cyclical,448219744.0,86.81
HZNFF,Horizon Oil Limited,0.14,1,3,6,10,3,3,2,28,0.0,28.0,Poor,Stay away,17,-6.7,-6.7,-7.6,34.1,0,,Energy,230682208.0,0.0
MNULF,MNULF,0.127,7,6,10,6,3,2,4,38,-15.0,28.0,Poor,🔥 COILED: Stay away,53,0.0,0.0,0.0,50.0,1,,Real Estate,226334416.0,1.35
SCFR,Security First Intl,0.11,7,4,1,11,1,4,2,30,-2.0,28.0,Poor,Stay away,26,-16.5,21.9,-7.8,46.2,2,,Communication Services,206784496.0,36162.93
RRDMF,Royal Road Minerals Limited,0.146,6,14,4,3,4,2,2,35,-11.0,28.0,Poor,Stay away,45,8.1,6.9,4.6,53.1,2,,Basic Materials,39079648.0,23816.64
ABDXF,Abingdon Health Plc,0.132,7,13,1,5,3,3,4,36,-11.0,28.0,Poor,Stay away,37,0.8,-0.2,-2.7,45.3,2,,Healthcare,33169896.0,3339.25
NXNIF,NorthX Nickel Corp.,0.122,6,12,3,9,5,3,5,43,-18.0,28.0,Poor,Stay away,33,22.4,-10.4,3.0,51.8,1,,Basic Materials,6746495.0,23382.46
MQMIF,MetalQuest Mining Inc.,0.125,5,5,5,12,0,3,2,32,0.0,28.0,Poor,Stay away,18,-8.1,7.8,-4.0,40.7,0,,Basic Materials,6114940.0,6572.56
RCTFF,Rochester Resources Ltd,0.113,7,8,2,9,3,2,2,33,-5.0,28.0,Poor,Stay away,35,22.2,3.9,-0.7,47.8,1,,Basic Materials,5400736.0,1788.82
ASCC,Aristocrat Group Corp,0.1,15,13,7,5,6,2,5,53,-28,28,Poor,Stay away,58,6.7,11.9,11.0,55.0,4,,Consumer Defensive,4234309.0,1628.84
SURRF,Sun Art Retail Group Limited,0.197,5,6,10,5,3,2,4,35,-10.0,28.0,Poor,Stay away,0,0.0,0.0,-0.0,15.0,0,,Consumer Cyclical,2949923840.0,0.0
FLNCF,Freelancer Limited,0.19,12,5,4,6,1,0,5,33,-10.0,28.0,Poor,🔥 COILED: Stay away,33,-24.0,167.6,1.9,51.2,2,,Communication Services,85673824.0,3607.85
QTEYF,Questerre Energy Corporation,0.18,12,5,8,14,0,3,5,47,-22.0,28.0,Poor,Stay away,24,0.0,12.5,4.3,60.8,3,,Energy,81398424.0,2329.0
BETRF,BetterLife Pharma Inc,0.16,16,5,3,10,3,0,5,42,-14.0,28.0,Poor,Stay away,62,-6.4,-3.0,11.0,63.5,1,,Healthcare,28067004.0,52916.53
WBNEF,WestBond Enterprises Corporation,0.152,5,4,9,6,3,2,4,33,-10.0,28.0,Poor,🔥 COILED: Stay away,41,0.0,0.0,0.0,50.0,0,,Basic Materials,5415121.0,5.04
INBP,Integrated Biopharma Inc,0.16,3,14,4,7,3,0,2,33,-6.0,28.0,Poor,Stay away,12,0.0,0.0,-2.4,41.9,1,,Consumer Defensive,4969537.0,11333.43
GRGG,Green For Energy Inc,0.15,6,5,2,7,4,2,2,28,0.0,28.0,Poor,Stay away,37,0.0,50.0,-2.0,47.9,2,,Financial Services,912711.0,859.33
EMOTF,Emerita Resources Corp,0.226,3,4,9,7,0,4,3,30,-5.0,28.0,Poor,Stay away,16,-11.9,-6.9,-5.8,41.5,1,,Basic Materials,68312496.0,126368.22
CAMNF,Cascadia Minerals Ltd.,0.224,6,4,3,14,3,0,5,35,-5.0,28.0,Poor,Stay away,43,-8.4,-7.0,-2.1,47.5,1,,Basic Materials,47429464.0,115677.79
SPHXF,SM Prime Holdings Inc,0.296,4,7,8,5,3,1,5,33,-10.0,28.0,Poor,🔥 COILED: Stay away,0,0.0,0.0,-0.3,44.7,0,,Real Estate,8485766144.0,0.0
SGQRF,SouthGobi Resources Ltd,0.28,8,3,9,6,3,2,4,35,-10.0,28.0,Poor,Stay away,30,0.0,0.0,-0.0,0.0,0,,Energy,103642640.0,598.66
RVSDF,Riverside Resources Inc,0.27,17,4,6,14,3,4,5,53,-25.0,28.0,Poor,Stay away,57,0.0,28.6,11.5,65.0,3,,nan,20392506.0,61495.14
ZTSTF,ZTEST Electronics Inc,0.25,11,4,2,3,6,2,5,33,-10.0,28.0,Poor,🔥 COILED: Stay away,52,2.9,-7.7,-1.9,49.4,0,,Technology,11271839.0,11127.58
CCCFF,Carlyle Commodities Corp.,0.272,20,3,8,9,6,4,5,55,-27,28,Poor,Stay away,59,5451.0,5451.0,168.7,95.2,3,3,Basic Materials,356951.0,4926.21
PCOFF,Pico Far East Holdings Limited,0.33,8,3,11,7,3,2,4,38,-13.0,28.0,Poor,Stay away,46,0.0,0.0,0.0,98.5,0,,Communication Services,421496800.0,0.0
CHBGF,China Boton Group Company Limited,0.3,5,4,9,6,3,2,4,33,-10.0,28.0,Poor,🔥 COILED: Stay away,40,0.0,0.0,0.0,50.0,0,,Basic Materials,318015648.0,1370.39
ASPU,Aspen Group Inc,0.315,11,6,4,5,5,2,5,38,-13.0,28.0,Poor,Stay away,61,8.6,1.1,5.8,54.6,2,,Consumer Defensive,9915586.0,59172.01
CLSKW,"CleanSpark, Inc. Warrant",0.3,6,5,2,12,2,1,4,32,-4.0,28.0,Poor,Stay away,32,-20.4,-3.2,-5.7,46.7,0,,nan,nan,183195.54
MESHW,Meshflow Acquisition Corp. Warrants,0.3,9,8,1,12,5,0,4,39,-11.0,28.0,Poor,Stay away,0,-21.0,-16.7,-5.7,48.6,0,,nan,nan,0.0
PIFYF,Pine Cliff Energy Ltd,0.394,2,3,6,9,0,2,3,25,0.0,28.0,Poor,Stay away,17,-1.8,-5.8,-3.1,41.0,1,,Energy,143343088.0,78260.39
KPEAD,Kun Peng International Ltd.,0.351,10,3,2,10,6,2,2,35,-7.0,28.0,Poor,Stay away,43,-5.1,-6.4,-1.0,51.1,1,,nan,15020000.0,376.35
KPEA,Kun Peng International Ltd.,0.351,10,3,2,10,6,2,2,35,-7.0,28.0,Poor,Stay away,47,-5.1,-6.4,-0.9,51.5,1,,Consumer Cyclical,14052000.0,536.08
TTLTF,Total Telcom Inc,0.356,9,4,6,3,3,4,4,33,-10.0,28.0,Poor,🔥 COILED: Stay away,61,-9.5,-9.5,-3.7,40.6,0,,Technology,9442194.0,3125.74
RLFTY,Relief Therapeutics Holding AG,0.422,3,3,10,9,0,1,4,30,-5.0,28.0,Poor,Stay away,15,0.0,0.0,-3.6,28.6,1,,Healthcare,66586868.0,605.98
DLXY,Delixy Holdings Limited Ordinary Shares,0.424,2,9,7,9,3,0,3,33,-5.0,28.0,Poor,Stay away,30,-2.8,-13.3,-6.1,45.4,1,,Energy,6932400.0,1187214.66
HXHX,Haoxin Holdings Limited Class A Ordinary Shares,0.442,3,10,4,8,4,0,4,33,-3.0,28.0,Poor,Stay away,27,-16.8,-23.4,-11.9,40.8,0,,Industrials,6080250.0,2936187.82
QPRC,Quest Products Corp,0.4,10,4,5,16,3,0,5,43,-20.0,28.0,Poor,Stay away,55,-9.4,-9.3,3.0,59.5,1,,Industrials,2355132.0,882.36
SHEZF,Shenzhen Hepalink Pharmaceutical Group Co. Ltd,0.47,5,4,9,6,3,2,4,33,-10.0,28.0,Poor,🔥 COILED: Stay away,26,0.0,0.0,0.0,50.0,1,,Healthcare,689042304.0,0.13
STTFF,SmarTone Telecommunications Holdings Limited,0.5,8,3,9,6,3,2,4,35,-10.0,28.0,Poor,Stay away,42,0.0,0.0,-0.0,0.0,0,,Communication Services,550035392.0,3.0
VSQTF,Victory Square Technologies Inc,0.464,0,9,9,7,3,0,3,31,-3.0,28.0,Poor,Stay away,34,-3.4,-3.2,-3.5,43.9,0,,Healthcare,48322192.0,91385.88
GTEC,Greenland Acquisition Corp,0.54,1,13,7,1,6,2,4,34,-6.0,28.0,Poor,Stay away,29,-1.1,-9.7,-2.0,45.5,0,,Consumer Cyclical,14336534.0,255521.4
GLVT,Greenlit Ventures Inc,0.5,7,7,2,8,4,3,2,33,-5.0,28.0,Poor,Stay away,24,0.0,0.0,-0.4,46.5,1,,Industrials,2041241.0,324.82
GZUHY,Guangzhou R&F Properties Co Ltd ADR,0.602,3,3,9,8,3,3,4,33,-5.0,28.0,Poor,Stay away,16,0.0,0.0,-4.6,0.0,1,,Real Estate,112946256.0,15.45
NHLPF,NAHL Group plc,0.653,5,4,9,6,3,2,4,33,-10.0,28.0,Poor,🔥 COILED: Stay away,40,0.0,0.0,0.0,50.0,0,,Communication Services,31660946.0,1.8
KDCCF,Kadestone Capital Corp,0.673,7,6,10,6,3,2,4,38,-15.0,28.0,Poor,🔥 COILED: Stay away,51,0.0,0.0,0.0,50.0,1,,Real Estate,31573326.0,105.0
MWTCF,Manila Water Company Inc,0.72,8,3,11,10,0,2,4,38,-13.0,28.0,Poor,Stay away,0,0.0,0.0,0.0,96.8,0,,Utilities,2134642304.0,0.0
CIRC,"Circle8 Group, Inc.",0.711,5,9,4,9,2,2,2,33,-5.0,28.0,Poor,Stay away,13,-0.7,-8.5,-8.6,45.2,1,,Industrials,63936828.0,3984635.29
WSTTF,Westports Holdings Berhad,0.75,8,3,10,5,3,2,4,35,-10.0,28.0,Poor,Stay away,30,0.0,0.0,-0.0,0.0,0,,Industrials,2577350144.0,4.0
RMLFF,Rusoro Mining Ltd,0.794,8,9,9,9,1,3,4,43,-15.0,28.0,Poor,Stay away,45,-0.4,4.0,1.1,52.6,2,,Basic Materials,508019552.0,265742.5
XRPNW,Armada Acquisition Corp. II,0.76,8,6,3,12,5,0,5,39,-11.0,28.0,Poor,Stay away,46,-5.0,-6.7,-2.6,48.5,0,,nan,nan,57046.21
STPGF,Steppe Gold Ltd,0.874,6,10,6,5,3,0,3,33,-8.0,28.0,Poor,Stay away,22,-2.7,-0.7,-1.9,46.1,0,,Basic Materials,220970960.0,69744.16
RNXT,RenovoRx Inc,0.898,10,7,9,6,7,4,2,45,-17.0,28.0,Poor,Stay away,43,3.7,4.4,0.1,49.9,1,,Healthcare,40503532.0,307339.7
CLPS,CLPS Inc,0.87,5,15,7,5,3,2,5,42,-15.0,28.0,Poor,Stay away,22,-2.8,4.8,1.1,50.2,1,,Technology,25959406.0,54606.13
BELGF,Bellevue Gold Limited,0.918,9,12,10,2,3,2,5,43,-15.0,28.0,Poor,Stay away,31,3.8,-1.1,1.3,49.9,1,,Basic Materials,1368272768.0,10101.73
WEBJF,Webjet Limited,0.93,5,4,9,6,3,2,4,33,-10.0,28.0,Poor,🔥 COILED: Stay away,26,0.0,0.0,0.0,50.0,0,,Consumer Cyclical,336648032.0,23.0
SHANF,Shandong Molong Petroleum Machinery Company Limited,0.94,7,3,9,4,3,5,4,35,-10.0,28.0,Poor,Stay away,46,0.0,0.0,-0.1,16.2,0,,Energy,224195392.0,5.5
OACCW,Oaktree Acquisition Corp. III Life Sciences Warrant,0.94,13,14,2,3,6,3,5,46,-16.0,28.0,Poor,Stay away,57,20.5,1.1,8.0,55.2,0,,nan,nan,0.0
BCWG,BCW Group Holding Inc,1.0,7,3,10,6,3,2,4,35,-10.0,28.0,Poor,Stay away,36,0.0,0.0,-0.0,20.1,0,,Communication Services,100000000.0,12.75
ICON,Icon Energy Corp.,0.97,11,5,5,6,0,5,4,36,-8.0,28.0,Poor,Stay away,40,4.3,3.6,-0.7,49.0,0,,Industrials,3523731.0,478366.0
VSLXX,JPMorgan Trust IV - JPMorgan Securities Lending Money Market Fund,1.0,4,4,10,6,3,2,4,33,-10.0,28.0,Poor,🔥 COILED: Stay away,34,0.0,0.0,-0.0,48.1,0,,nan,nan,0.0
VTGXX,State Street Institutional U.S. Government Money Market Fund,1.0,5,4,10,4,3,1,4,31,-8.0,28.0,Poor,🔥 COILED: Stay away,29,0.0,0.0,-0.3,42.7,0,,nan,nan,0.0
COUTF,China Outfitters Holdings Ltd,0.01,5,4,9,5,3,2,4,32,-10.0,27.0,Poor,🔥 COILED: Stay away,27,0.0,0.0,0.0,50.0,0,,Consumer Cyclical,34454500.0,50.0
TMRFF,Tempus Resources Limited,0.01,6,3,10,5,3,3,4,34,-10.0,27.0,Poor,Stay away,42,0.0,0.0,-0.5,17.3,0,,Basic Materials,13991207.0,4744.81
AEUSF,Active Energy Group Plc,0.002,7,4,1,7,5,0,3,27,0.0,27.0,Poor,Stay away,26,-33.3,-33.3,-20.4,41.7,0,,Industrials,12241282.0,54874.34
ARVY,Alliance Recovery Corporation,0.008,18,4,6,14,6,4,5,57,-30,27,Poor,Stay away,66,35.0,92.9,35.3,99.8,3,,Industrials,12069168.0,4200.01
ZMMH,ZhongMin Mei-Hao Holding Co Ltd.,0.01,2,5,3,7,1,0,2,20,2.0,27.0,Poor,Stay away,15,-20.6,-20.6,-19.5,2.8,0,,Financial Services,4582754.0,59267.63
PWDY,Powerdyne International Inc,0.002,8,6,5,11,0,2,5,37,-10.0,27.0,Poor,Stay away,23,12.5,0.0,-0.7,49.1,1,,Industrials,3595470.0,3312060.47
MPIR,Empire Diversified Energy Inc,0.006,12,7,7,3,2,2,4,37,-15.0,27.0,Poor,🔥 COILED: Stay away,25,0.0,0.0,2.3,50.6,1,,Energy,3172269.0,2242.0
RATHF,Rathdowney Resources Ltd,0.001,6,3,10,6,3,2,4,34,-10.0,27.0,Poor,Stay away,17,0.0,0.0,-0.2,12.9,0,,Basic Materials,2304274.0,1111.0
NBCO,Neon Bloom Inc,0.006,6,7,6,10,0,1,4,34,-3.0,27.0,Poor,Stay away,25,-4.8,0.0,-2.9,34.3,1,,Healthcare,1273564.0,12070.28
PFRRF,PetroFrontier Corp,0.004,9,6,11,7,3,2,4,42,-18.0,27.0,Poor,Stay away,39,0.0,0.0,0.0,99.9,1,,Energy,958109.0,1380.0
ULIX,Ulixe Corp.,0.006,10,7,8,2,0,1,4,32,-10.0,27.0,Poor,🔥 COILED: Stay away,18,0.0,0.0,0.3,36.8,0,,Technology,839640.0,3919.92
TOYRF,"Toys""R""Us ANZ Limited",0.004,8,4,9,5,3,2,4,35,-13.0,27.0,Poor,🔥 COILED: Stay away,28,0.0,0.0,-0.0,41.7,1,,Consumer Cyclical,605048.0,6011.6
GGLXF,GGL Resources Corp,0.005,1,5,1,7,3,1,4,22,0.0,27.0,Poor,🔥 COILED: Stay away,27,0.0,0.0,-16.2,47.9,0,,Basic Materials,521787.0,471.78
LVCE,Livecare Corp,0.006,7,3,10,6,3,1,4,34,-10.0,27.0,Poor,Stay away,25,0.0,0.0,-0.0,6.7,0,,Healthcare,357224.0,1027.63
SGOO,Snoogoo Corp,0.002,12,6,11,7,0,2,4,42,-18.0,27.0,Poor,Stay away,43,0.0,0.0,0.1,93.5,1,,Financial Services,302797.0,2609.99
RVTI,Rival Technologies Inc,0.005,6,8,8,6,3,1,4,36,-12.0,27.0,Poor,Stay away,35,0.0,0.0,0.0,66.0,0,,Basic Materials,243947.0,2282.58
STGZ,Stargaze Entertainment Group Inc,0.016,1,5,0,9,6,2,2,25,2.0,27.0,Poor,Stay away,35,-23.4,-43.7,-17.5,43.3,0,,Communication Services,8032165.0,87430.55
NWPG,Newport Gold Inc,0.017,15,4,1,12,3,2,5,42,-15.0,27.0,Poor,Stay away,57,-5.0,-2.3,-3.7,50.4,1,,Basic Materials,4484849.0,687894.29
BDCM,Broadcast Marketing Group Inc,0.014,3,5,2,10,0,0,2,22,0.0,27.0,Poor,Stay away,39,-3.5,-28.4,-12.2,30.0,0,,Industrials,4210182.0,12369.23
ORLCF,Oracle Commodity Holding Corp.,0.02,7,13,3,3,3,6,5,40,-13.0,27.0,Poor,Stay away,22,25.2,-7.3,-0.6,49.0,1,,Financial Services,2255483.0,35395.22
BSTK,Brite-Strike Tactical Illumination Products Inc,0.02,17,7,1,7,3,0,5,40,-13.0,27.0,Poor,Stay away,53,0.0,25.0,8.4,71.8,2,,Industrials,1451002.0,7894.68
TREP,Trucept Inc,0.014,3,7,5,8,2,2,2,29,-5.0,27.0,Poor,Stay away,16,0.7,-10.0,-10.2,45.3,1,,Industrials,807818.0,0.0
DZCA,DrazCanna Inc.,0.013,9,6,11,7,3,2,4,42,-18.0,27.0,Poor,Stay away,56,0.0,0.0,0.0,99.2,1,,Financial Services,129345.0,22.75
BARUF,Baru Gold Corp,0.027,5,9,3,9,4,2,2,34,-5.0,27.0,Poor,Stay away,27,6.8,-4.6,-4.0,46.0,1,,Basic Materials,10187906.0,78686.66
IBOGF,Universal Ibogaine Inc,0.026,9,12,8,1,3,3,5,41,-15.0,27.0,Poor,Stay away,37,3.1,-4.4,-0.9,49.1,1,,Healthcare,8228179.0,554912.85
GELGF,Chatham Rock Phosphate Limited,0.03,8,6,10,6,3,2,4,39,-15.0,27.0,Poor,Stay away,0,0.0,0.0,-0.0,4.2,1,,Basic Materials,3462323.0,0.0
AIMH,AimRite Holdings Corp,0.024,4,6,3,5,7,2,5,32,-8.0,27.0,Poor,Stay away,28,-12.7,9.1,-0.1,49.8,1,,Financial Services,3202696.0,43063.63
LVRLF,CordovaCann Corp,0.026,3,5,6,11,0,2,2,29,-5.0,27.0,Poor,Stay away,26,-16.1,-25.7,-14.1,44.4,1,,Healthcare,2854890.0,15976.88
TUGAF,TUGA Innovations Inc,0.027,13,5,4,5,6,2,4,39,-15.0,27.0,Poor,Stay away,47,0.0,0.0,4.9,56.2,1,,Consumer Cyclical,2636298.0,149.63
CROOF,Cariboo Rose Resources Ltd,0.03,5,6,2,11,1,0,4,29,2.0,27.0,Poor,Stay away,15,-25.0,0.0,-13.0,41.5,0,,Basic Materials,1740356.0,19677.0
DLPX,Delphax Technologies Inc,0.025,10,7,10,5,0,1,4,37,-15.0,27.0,Poor,🔥 COILED: Stay away,11,0.0,0.0,-0.1,41.6,1,,Industrials,172986.0,2652.47
CIRX,CirTran Corporation,0.03,8,7,9,11,3,4,5,47,-20.0,27.0,Poor,Stay away,48,0.0,32.2,2.3,50.2,3,,Industrials,148362.0,10025.27
FSTF,First State Financial Corporation,0.023,15,9,5,12,3,3,5,52,-21,27,Poor,Stay away,40,160.0,160.0,53.2,65.5,2,7,Industrials,138535.0,1192.57
MATAF,Matador Technologies Inc.,0.021,1,8,7,5,4,0,2,27,-6.0,27.0,Poor,Stay away,26,-8.3,-15.3,-6.7,43.6,1,,nan,nan,50980.01
HAPBF,Hapbee Technologies Inc,0.035,4,5,9,5,6,0,3,32,-8.0,27.0,Poor,Stay away,34,-10.3,16.7,-1.0,49.3,2,,Technology,8218843.0,49839.38
CHBOF,China Bozza Development Holdings Limited,0.033,6,3,10,5,3,3,4,34,-10.0,27.0,Poor,Stay away,35,0.0,0.0,-0.0,1.2,0,,Basic Materials,5334376.0,49674.0
HEXPF,Huntington Exploration Inc,0.031,8,6,10,6,3,2,4,39,-15.0,27.0,Poor,Stay away,35,0.0,0.0,-0.0,31.3,1,,Basic Materials,3345910.0,140.0
JORFF,Jourdan Resources Inc,0.042,5,8,7,3,8,2,2,35,-8.0,27.0,Poor,Stay away,43,7.8,-12.6,-2.9,46.8,0,,Basic Materials,22802490.0,77699.13
TTEXF,Bullion Gold Resources Corp,0.045,13,9,6,14,3,6,5,56,-25,27,Poor,Stay away,44,112.9,112.9,67.4,75.4,2,3,Basic Materials,5515266.0,764.5
SEAV,SEATech Ventures Corp,0.045,5,3,10,5,2,5,4,34,-10.0,27.0,Poor,Stay away,33,0.0,0.0,-2.6,40.0,0,,Technology,4165306.0,1052.72
NETX,Tradr 2X Long NET Daily ETF,0.045,3,8,4,8,2,0,2,27,0.0,27.0,Poor,Stay away,24,-18.2,-18.2,-18.4,33.9,0,,nan,nan,0.0
VINS,Vindicator Silver-Lead Mining Co,0.06,8,5,5,5,4,0,5,32,-8.0,27.0,Poor,Stay away,35,0.0,0.0,8.3,54.3,0,,Basic Materials,598648.0,4024.6
RVXCF,Resverlogix Corp.,0.07,2,7,3,11,5,0,4,32,-5.0,27.0,Poor,Stay away,35,-12.5,0.0,-3.0,45.5,1,,Healthcare,22188430.0,14356.79
CVONF,Carnarvon Petroleum Limited,0.08,4,3,3,7,3,5,2,27,0.0,27.0,Poor,Stay away,48,0.0,0.0,-2.6,27.3,0,,Energy,143126944.0,2581.0
CODMF,Coda Minerals Limited,0.09,9,6,11,6,0,6,4,42,-18.0,27.0,Poor,Stay away,53,0.0,0.0,0.0,77.7,1,,Basic Materials,36931540.0,713.88
PCQRF,Petrolympic Ltd,0.09,15,9,7,9,1,5,5,51,-24.0,27.0,Poor,Stay away,59,12.5,12.5,9.2,68.1,4,,Energy,12770093.0,4687.0
PLCKF,Plurilock Security Inc,0.081,3,9,5,10,6,2,2,37,-10.0,27.0,Poor,Stay away,36,12.5,1.2,-0.9,48.3,1,,Technology,9046159.0,71826.42
SPODD,Freedom Gold Corp.,0.083,10,6,9,7,3,1,4,40,-18.0,27.0,Poor,🔥 COILED: Stay away,31,0.0,0.0,0.3,98.7,1,,Basic Materials,521471.0,17.43
FDOGF,Friday's Dog Holdings Inc.,0.091,9,3,11,8,0,2,4,37,-13.0,27.0,Poor,Stay away,45,0.0,0.0,0.0,93.2,0,,Consumer Defensive,7846635.0,78.98
YGTFF,Gold Terra Resource Corp,0.124,5,12,8,0,4,2,4,35,-8.0,27.0,Poor,Stay away,38,-0.1,1.5,-0.3,47.3,0,,Basic Materials,58976296.0,143885.83
ZZZOF,Zinc One Resources Inc,0.119,6,4,2,7,6,3,4,32,-5.0,27.0,Poor,Stay away,40,-3.6,-0.8,-1.6,37.2,1,,Basic Materials,230809.0,7.5
BAUFF,Blue Star Gold Corp,0.154,5,7,4,9,0,3,2,30,-3.0,27.0,Poor,Stay away,44,6.7,-3.5,-2.8,46.7,1,,Basic Materials,29952040.0,27677.46
AIMV,AI Maverick Intel Inc.,0.19,11,4,2,15,5,5,5,47,-18.0,27.0,Poor,Stay away,60,-4.9,28.4,16.0,55.8,3,,Healthcare,26072822.0,16436.46
ATCH,"AtlasClear Holdings, Inc.",0.174,2,9,4,8,2,0,2,27,-5.0,27.0,Poor,🔥 COILED: Stay away,15,-17.8,-8.7,-6.5,41.8,1,,Financial Services,26203874.0,5735452.67
FMHS,Farmhouse Inc,0.195,3,8,2,10,5,2,2,32,-5.0,27.0,Poor,Stay away,45,-1.3,-1.3,-6.0,45.9,1,,Communication Services,3723749.0,2981.87
MKTSF,DeepMarkit Corp.,0.213,1,9,4,7,3,4,2,30,-3.0,27.0,Poor,Stay away,18,0.2,-7.2,-8.6,28.4,2,,Technology,14756546.0,2888.24
KTEL,KonaTel Inc,0.21,10,5,8,5,4,0,5,37,-15.0,27.0,Poor,🔥 COILED: Stay away,34,1.9,-4.5,1.0,51.3,1,,Communication Services,9235603.0,20722.23
ARCUF,Arcus Development Group Inc,0.215,17,5,5,10,6,6,5,54,-27,27,Poor,Stay away,64,114.6,114.6,77.7,50.0,3,3,Basic Materials,4554056.0,0.0
GIXXR,GigCapital9 Corp. Rights,0.29,3,5,2,12,3,2,2,29,0.0,27.0,Poor,Stay away,0,1.8,-3.3,-3.3,47.4,0,,nan,nan,0.0
YSASF,YesAsia Holdings Limited,0.346,1,7,0,11,3,3,2,27,0.0,27.0,Poor,Stay away,14,0.0,0.0,-24.8,2.9,0,,Consumer Cyclical,144678368.0,12.75
PLLMF,Plata Latina Minerals Corporation,0.329,1,6,0,10,5,0,2,24,0.0,27.0,Poor,Stay away,21,-5.8,-13.6,-10.3,39.3,0,,Basic Materials,40868284.0,42017.3
BMTLD,BeMetals Corp.,0.349,4,5,8,5,6,5,2,35,-13.0,27.0,Poor,🔥 COILED: Stay away,49,0.0,0.0,-1.5,40.9,1,,Basic Materials,10733214.0,1110.65
ALBHF,Alibaba Health Information Technology Limited,0.439,9,6,6,4,3,2,5,35,-8.0,27.0,Poor,Stay away,21,-3.3,4.5,1.4,51.5,0,,Healthcare,7100957184.0,1270.0
CEGHF,China Education Group Holdings Limited,0.415,5,4,9,5,3,2,4,32,-10.0,27.0,Poor,🔥 COILED: Stay away,28,0.0,0.0,0.0,50.0,0,,Consumer Defensive,1162129792.0,175.0
NILIF,Surge Battery Metals Inc,0.429,4,9,4,8,3,2,2,32,-3.0,27.0,Poor,Stay away,44,-1.5,-4.8,-4.3,42.8,2,,Basic Materials,107650200.0,262853.55
DAJL,Dajialai Digital Technology Group Corp.,0.44,0,7,1,8,5,2,4,27,0.0,27.0,Poor,Stay away,0,-21.5,-21.5,-13.6,43.8,0,,Technology,16941972.0,0.0
OTGAW,OTG Acquisition Corp. I Warrants,0.41,8,3,8,10,3,1,5,38,-10.0,27.0,Poor,Stay away,54,-4.7,-2.4,-1.0,51.5,0,,nan,nan,0.0
HUSIF,Nicola Mining Inc,0.49,4,14,6,3,3,4,3,37,-11.0,27.0,Poor,Stay away,28,6.5,-0.2,0.8,49.0,2,,Basic Materials,112467600.0,23997.85
ZYLM,ZYLM,0.45,20,4,6,5,6,6,5,52,-25,27,Poor,Stay away,65,12062.2,12062.2,433.9,99.2,4,5,Consumer Defensive,637.0,354.67
PTORW,Praetorian Acquisition Corp. Warrant,0.5,15,3,3,8,3,2,5,39,-10.0,27.0,Poor,Stay away,0,-21.3,37.4,5.5,54.4,2,,nan,nan,0.0
XTPEF,Xtep International Holdings Limited,0.591,5,6,10,5,3,1,4,34,-10.0,27.0,Poor,Stay away,0,0.0,0.0,-0.1,26.7,0,,Consumer Cyclical,1615508096.0,0.0
CNEY,CN Energy Group Inc,0.566,6,7,4,10,2,2,5,36,-9.0,27.0,Poor,Stay away,23,-12.6,-43.4,-10.6,45.1,1,,Basic Materials,4640610.0,1713453.54
BPSCF,BPSCF,0.59,1,9,7,6,3,4,2,32,-8.0,27.0,Poor,Stay away,33,-1.7,-6.3,-3.1,43.7,1,,nan,nan,0.0
EMPYF,Empress Royalty Corp,0.63,12,16,5,5,4,5,5,52,-23.0,27.0,Poor,Stay away,38,2.9,11.0,5.9,58.1,3,,Basic Materials,80194880.0,394219.22
VNPKF,Verde Agritech Ltd.,0.615,13,6,9,8,6,2,5,49,-22.0,27.0,Poor,Stay away,28,28.4,21.6,13.6,65.4,3,,Basic Materials,34708376.0,26405.15
BLMWF,BluMetric Environmental Inc.,0.605,6,8,8,3,1,3,5,34,-11.0,27.0,Poor,Stay away,27,-2.0,-0.8,-0.2,48.5,2,,Industrials,33293418.0,16643.06
NSPR,InspireMD Inc,0.67,5,3,9,8,2,2,3,32,-5.0,27.0,Poor,Stay away,13,-4.3,-6.9,-5.1,35.2,1,,Healthcare,31386786.0,146070.1
RKDA,Arcadia Biosciences Inc,0.65,9,14,8,1,3,2,3,40,-13.0,27.0,Poor,Stay away,19,0.0,-1.7,-4.2,41.1,2,,Consumer Defensive,1418114.0,1109839.51
TMDE,TMD Energy Limited,0.794,7,10,8,9,3,0,5,42,-13.0,27.0,Poor,Stay away,25,-7.7,-11.3,-6.4,46.7,0,,Energy,18710610.0,3080756.59
MYCOF,Mydecine Innovations Group Inc,0.8,7,6,4,5,3,4,5,34,-10.0,27.0,Poor,Stay away,36,0.0,-60.0,-13.9,47.7,0,,Healthcare,46838444.0,0.0
ICG,Intchains Group Limited American Depositary Shares,0.81,2,13,4,8,4,0,5,36,-9.0,27.0,Poor,Stay away,31,-2.4,-4.7,-1.1,48.4,1,,Technology,49170588.0,231424.05
MOJO,Mojo Organics Inc.,0.803,1,6,4,8,3,3,2,27,0.0,27.0,Poor,Stay away,29,-7.1,-7.1,-8.4,36.5,0,,Consumer Defensive,7583348.0,4494.5
NIVF,NewGenIvf Group Limited Class A Ordinary Shares,0.854,4,5,3,8,0,2,5,27,0.0,27.0,Poor,Stay away,27,-32.8,-37.7,-22.1,38.9,0,,Healthcare,2920271.0,662242.63
GGNPF,PT Gudang Garam Tbk,0.9,1,6,4,8,3,3,2,27,0.0,27.0,Poor,Stay away,0,0.0,0.0,-1.4,15.5,0,,Consumer Defensive,1616233984.0,0.0
QNTPF,XtalPi Holdings Limited,0.918,5,4,5,9,0,2,2,27,0.0,27.0,Poor,Stay away,24,-7.0,10.4,-4.1,44.8,2,,nan,nan,10245.16
FPZXX,First American Funds Inc. - First American Institutional Prime Obligations Fund,1.0,4,4,9,6,3,2,4,32,-10.0,27.0,Poor,🔥 COILED: Stay away,39,0.0,0.0,-0.0,47.0,0,,nan,nan,0.0
OPTXX,State Street Institutional Investment Trust - State Street Institutional Treasury Plus Money Market,1.0,5,5,10,4,3,1,4,32,-10.0,27.0,Poor,🔥 COILED: Stay away,29,0.0,0.0,-0.3,42.8,0,,nan,nan,0.0
ICABF,i-CABLE Communications Limited,0.003,11,6,4,5,4,2,4,36,-15.0,26.0,Poor,🔥 COILED: Stay away,38,0.0,0.0,2.4,53.3,1,,Communication Services,418095360.0,240.78
PTGOF,PT. Global Mediacom Tbk,0.008,2,4,10,6,3,2,4,31,-10.0,26.0,Poor,🔥 COILED: Stay away,31,0.0,0.0,0.0,50.0,0,,Communication Services,130820104.0,0.0
UNBSF,UNBSF,0.004,2,4,10,6,3,2,4,31,-10.0,26.0,Poor,🔥 COILED: Stay away,31,0.0,0.0,0.0,50.0,0,,Healthcare,23884914.0,0.0
RRLTF,RRLTF,0.01,2,4,10,6,3,2,4,31,-10.0,26.0,Poor,🔥 COILED: Stay away,0,0.0,0.0,0.0,50.0,0,,Basic Materials,12752726.0,0.0
YTRGF,Y. T. Realty Group Limited,0.01,7,4,10,6,3,2,4,36,-15.0,26.0,Poor,🔥 COILED: Stay away,41,0.0,0.0,-0.0,49.8,1,,Real Estate,11993361.0,28.5
KDGLF,KDGLF,0.001,5,4,9,4,3,2,4,31,-10.0,26.0,Poor,🔥 COILED: Stay away,26,0.0,0.0,0.0,50.0,0,,Energy,8599508.0,50.0
LBTD,Lotus Bio-Technology Development Corp,0.01,2,4,10,6,3,2,4,31,-10.0,26.0,Poor,🔥 COILED: Stay away,32,0.0,0.0,0.0,50.0,0,,Basic Materials,8062837.0,0.8
RCCMF,Nippon Dragon Resources Inc,0.003,7,6,10,6,3,2,4,38,-15.0,26.0,Poor,Stay away,36,0.0,0.0,-0.0,10.3,1,,Basic Materials,7384851.0,93.0
ADMRF,ADMRF,0.002,2,4,10,6,3,2,4,31,-10.0,26.0,Poor,🔥 COILED: Stay away,0,0.0,0.0,0.0,50.0,0,,Basic Materials,5521906.0,0.0
TGNT,Teligent Inc,0.008,3,11,3,7,3,2,5,34,-8.0,26.0,Poor,Stay away,16,33.3,-20.0,-10.7,44.6,0,,Communication Services,2899306.0,225254.91
RECX,Recreatives Industries Inc.,0.01,3,3,2,14,1,2,5,30,-4.0,26.0,Poor,Stay away,30,-23.7,-22.5,-12.5,44.9,0,,Consumer Cyclical,2921362.0,1141145.23
ACRL,Atacama Resources International Inc,0.002,2,3,4,8,3,2,2,24,2.0,26.0,Poor,Stay away,24,-5.6,-26.1,-10.3,43.3,0,,Basic Materials,2724198.0,1770897.29
YWGRF,Yowie Group Limited,0.01,2,4,10,6,3,2,4,31,-10.0,26.0,Poor,🔥 COILED: Stay away,32,0.0,0.0,0.0,50.0,0,,Consumer Defensive,2293679.0,782.1
LIOEF,Lion Energy Limited,0.005,2,4,10,6,3,2,4,31,-10.0,26.0,Poor,🔥 COILED: Stay away,32,0.0,0.0,0.0,50.0,0,,Energy,2260883.0,3.5
BKRP,Black Rock Petroleum Co,0.01,2,4,10,6,3,2,4,31,-10.0,26.0,Poor,🔥 COILED: Stay away,31,0.0,0.0,0.0,50.0,0,,Energy,2000000.0,17.5
LTCP,Life's Time Capsule Services Inc,0.004,4,4,0,8,3,2,2,23,0.0,26.0,Poor,Stay away,20,0.0,2.6,-12.5,41.9,0,,Communication Services,1805295.0,9608.99
KSRPF,KSRPF,0.01,2,4,10,6,3,2,4,31,-10.0,26.0,Poor,🔥 COILED: Stay away,31,0.0,0.0,0.0,50.0,0,,nan,1568730.0,0.0
INNX,Infinite Networks Corporation,0.002,18,4,7,14,6,2,5,56,-30,26,Poor,Stay away,57,0.0,53.8,25.2,100.0,3,,Financial Services,1477623.0,8042.04
RCWDF,RightCrowd Ltd,0.005,2,4,10,6,3,2,4,31,-10.0,26.0,Poor,🔥 COILED: Stay away,32,0.0,0.0,0.0,50.0,0,,Technology,1424114.0,1800.0
ISGIF,InsuraGuest Technologies Inc,0.007,3,9,5,5,3,3,5,33,-10.0,26.0,Poor,Stay away,28,0.0,0.0,-2.5,43.1,0,,Technology,1142576.0,2671.3
EFVIF,EF EnergyFunders Ventures Inc.,0.001,2,4,10,6,3,2,4,31,-10.0,26.0,Poor,🔥 COILED: Stay away,32,0.0,0.0,0.0,50.0,0,,Energy,685328.0,6446.0
HHGI,Hawaiian Hospitality Group Inc,0.001,2,4,10,6,3,2,4,31,-10.0,26.0,Poor,🔥 COILED: Stay away,32,0.0,0.0,0.0,50.0,0,,Industrials,607362.0,350.0
FRMC,Formcap Corp,0.002,2,4,10,6,3,2,4,31,-10.0,26.0,Poor,🔥 COILED: Stay away,32,0.0,0.0,0.0,50.0,0,,Energy,186567.0,3.5
SSGOF,Stop Sleep Go Inc,0.004,2,4,10,6,3,2,4,31,-10.0,26.0,Poor,🔥 COILED: Stay away,32,0.0,0.0,0.0,50.0,0,,Consumer Cyclical,184800.0,25.5
RGBPP,Regen BioPharma Inc,0.004,7,9,5,4,3,6,2,36,-15.0,26.0,Poor,🔥 COILED: Stay away,38,-2.4,-8.9,2.4,50.3,1,,Healthcare,123184.0,181018.96
AOGC,Australian Oil & Gas Corporation,0.002,2,4,10,6,3,2,4,31,-10.0,26.0,Poor,🔥 COILED: Stay away,31,0.0,0.0,0.0,50.0,0,,Energy,103846.0,31.8
CPQQ,China Power Equipment Inc,0.005,2,4,10,6,3,2,4,31,-10.0,26.0,Poor,🔥 COILED: Stay away,32,0.0,0.0,0.0,50.0,0,,Technology,100953.0,606.81
ASRE,Astra Energy Inc,0.001,8,8,8,2,3,1,4,34,-13.0,26.0,Poor,🔥 COILED: Stay away,28,0.0,0.0,2.1,58.6,1,,Utilities,75110.0,29143.95
PTVRF,Petro-Victory Energy Corp,0.001,3,7,1,7,3,3,4,28,-5.0,26.0,Poor,Stay away,13,0.0,0.0,-96.1,43.4,1,,Energy,37063.0,154.81
ETAR,Entertainment Arts Inc,0.01,2,4,10,6,3,2,4,31,-10.0,26.0,Poor,🔥 COILED: Stay away,32,0.0,0.0,0.0,50.0,0,,Communication Services,nan,200.0
ISVG,Integrated Services Group Inc,0.001,2,4,10,6,3,2,4,31,-10.0,26.0,Poor,🔥 COILED: Stay away,32,0.0,0.0,0.0,50.0,0,,Technology,nan,218.75
SDNVY,"Siderurgica Venezolana ""Sivensa"" S.A",0.001,2,4,10,6,3,2,4,31,-10.0,26.0,Poor,🔥 COILED: Stay away,32,0.0,0.0,0.0,50.0,0,,Basic Materials,nan,26.56
GBNW,Global Energy Networks Corp,0.02,2,4,10,6,3,2,4,31,-10.0,26.0,Poor,🔥 COILED: Stay away,32,0.0,0.0,0.0,50.0,0,,Communication Services,100274528.0,10.4
HHIGF,Huisen Shares Group Limited,0.02,2,4,10,6,3,2,4,31,-10.0,26.0,Poor,🔥 COILED: Stay away,32,0.0,0.0,0.0,50.0,0,,Consumer Cyclical,76578160.0,750.0
PRTDF,Petro Matad Limited,0.014,5,5,8,2,4,5,2,31,-10.0,26.0,Poor,🔥 COILED: Stay away,24,0.0,0.0,-1.7,40.8,0,,Energy,25279686.0,9516.44
DUBRF,Dubber Corporation Limited,0.011,3,5,1,8,2,3,4,26,-5.0,26.0,Poor,🔥 COILED: Stay away,34,0.0,0.0,-1.6,48.8,1,,Technology,29829552.0,515.0
CHFHF,China Foods Limited,0.012,2,4,10,6,3,2,4,31,-10.0,26.0,Poor,🔥 COILED: Stay away,32,0.0,0.0,0.0,50.0,0,,Financial Services,19778850.0,5.0
AGLY,Agiliti Inc,0.017,5,3,10,6,3,2,4,33,-10.0,26.0,Poor,Stay away,30,0.0,0.0,-0.0,27.5,0,,Financial Services,10267490.0,15.37
MKRO,Monkey Rock Group Inc,0.02,9,6,11,9,3,2,4,44,-18.0,26.0,Poor,Stay away,57,0.0,0.0,0.0,100.0,1,,Financial Services,6980124.0,533.66
ITMIF,iTech Minerals Ltd,0.02,2,3,2,8,3,0,5,23,0.0,26.0,Poor,Stay away,24,-33.3,-33.3,-12.9,47.0,0,,Basic Materials,4777707.0,401.45
AXMIF,AXMIN Inc,0.017,2,4,10,6,3,2,4,31,-10.0,26.0,Poor,🔥 COILED: Stay away,31,0.0,0.0,0.0,50.0,0,,Basic Materials,3196521.0,36.0
TTNN,AgriSolar Solutions Inc,0.013,5,5,10,6,3,1,4,34,-13.0,26.0,Poor,🔥 COILED: Stay away,35,0.0,0.0,-0.0,44.5,1,,Energy,1423794.0,1831.0
VRCV,Varca Ventures Inc,0.02,17,5,7,10,6,4,5,54,-28.0,26.0,Poor,Stay away,63,0.0,0.0,30.5,100.0,1,,Basic Materials,140496.0,562.9
CDIOW,Cardio Diagnostics Holdings Inc,0.014,1,9,0,7,3,2,2,24,2.0,26.0,Poor,Stay away,9,-44.4,-7.9,-23.6,44.8,0,,nan,nan,42718.92
RKMSF,Rokmaster Resources Corp,0.029,7,5,7,3,6,3,2,33,-10.0,26.0,Poor,Stay away,45,-6.5,-9.4,-2.9,48.0,0,,Basic Materials,5017635.0,25398.5
MOOOF,Bettermoo(d) Food Corporation,0.027,9,6,10,7,3,2,4,41,-18.0,26.0,Poor,Stay away,37,0.0,0.0,0.0,99.5,1,,Consumer Defensive,160943.0,0.22
CTNMF,CTNMF,0.027,2,4,10,6,3,2,4,31,-10.0,26.0,Poor,🔥 COILED: Stay away,0,0.0,0.0,0.0,50.0,0,,Basic Materials,nan,0.0
UBYHD,UBYHD,0.025,12,4,6,5,3,1,2,33,-10.0,26.0,Poor,Stay away,46,0.0,0.0,1.6,55.6,0,,Financial Services,nan,345.5
HUAGF,HUAGF,0.035,2,4,10,6,3,2,4,31,-10.0,26.0,Poor,🔥 COILED: Stay away,0,0.0,0.0,0.0,50.0,0,,Communication Services,26972750.0,0.0
OILFF,Nextleaf Solutions Ltd,0.032,2,7,4,10,3,0,2,28,-5.0,26.0,Poor,Stay away,15,-9.8,-10.8,-7.0,38.2,1,,Healthcare,5361671.0,80749.21
PRRSF,Posera Ltd,0.032,7,8,4,7,0,2,5,33,-5.0,26.0,Poor,Stay away,15,-9.5,-1.8,-4.6,45.7,1,,Basic Materials,3677132.0,55599.64
PFFOF,Portofino Resources Inc,0.038,10,6,4,5,6,3,2,36,-10.0,26.0,Poor,Stay away,47,0.0,0.0,-1.3,48.4,0,,Basic Materials,675458.0,1489.44
HISNF,Hi Sun Technology (China) Limited,0.05,17,4,6,12,3,2,5,49,-23.0,26.0,Poor,Stay away,48,0.0,0.0,22.5,100.0,1,,Technology,135628400.0,3500.0
HDIH,H-D International Holdings Group,0.05,15,5,5,14,3,2,5,49,-23.0,26.0,Poor,Stay away,56,0.0,0.0,28.4,100.0,1,,Technology,59.0,1.77
PTBKF,PTBKF,0.053,2,4,10,6,3,2,4,31,-10.0,26.0,Poor,🔥 COILED: Stay away,32,0.0,0.0,0.0,50.0,0,,Communication Services,3353048320.0,0.5
JUTOF,Jutal Offshore Oil Services Ltd,0.058,5,3,10,6,3,2,4,33,-10.0,26.0,Poor,Stay away,22,0.0,0.0,-0.1,30.0,0,,Energy,144352448.0,439.49
GUGNF,GDH Guangnan (Holdings) Limited,0.06,2,4,10,6,3,2,4,31,-10.0,26.0,Poor,🔥 COILED: Stay away,31,0.0,0.0,0.0,50.0,0,,Consumer Defensive,54455596.0,0.0
TAOIF,TAG Oil Ltd.,0.054,5,4,4,8,3,0,5,29,-3.0,26.0,Poor,Stay away,24,-9.5,-9.5,-3.6,46.2,1,,Energy,18582094.0,59045.09
EWGFF,Eat Well Investment Group Inc,0.058,9,11,4,18,4,0,5,51,-30,26,Poor,Stay away,62,-3.3,93.3,41.0,57.3,3,,Consumer Defensive,5359834.0,12462.66
PBIIF,PBIIF,0.07,2,4,10,6,3,2,4,31,-10.0,26.0,Poor,🔥 COILED: Stay away,32,0.0,0.0,0.0,50.0,0,,Financial Services,1032456832.0,1000.0
SSGLF,SSGLF,0.07,2,4,10,6,3,2,4,31,-10.0,26.0,Poor,🔥 COILED: Stay away,31,0.0,0.0,0.0,50.0,0,,nan,7628483.0,0.0
ARBTF,Argo Gold Inc,0.062,8,5,1,10,0,3,4,31,-5.0,26.0,Poor,Stay away,30,-3.6,6.7,-2.0,47.3,1,,Basic Materials,4469442.0,9014.21
IMPZY,Implanet SA ADR,0.08,2,4,10,6,3,2,4,31,-10.0,26.0,Poor,🔥 COILED: Stay away,32,0.0,0.0,0.0,50.0,0,,Healthcare,230110352.0,35.08
QCCUF,QC Copper and Gold Inc,0.078,5,7,6,9,0,2,2,31,-5.0,26.0,Poor,Stay away,23,-4.6,-2.2,-2.6,42.4,1,,Basic Materials,32642886.0,154442.41
SILEF,Silver Elephant Mining Corp,0.08,3,4,3,9,0,0,2,21,2.0,26.0,Poor,Stay away,12,-11.1,0.0,-8.4,43.5,0,,Basic Materials,4603034.0,66168.0
GCPEF,GCL-Poly Energy Holdings Limited,0.09,3,3,10,8,0,3,4,31,-5.0,26.0,Poor,Stay away,14,0.0,0.0,-1.9,31.1,1,,Technology,2847906304.0,7790.75
NVRVF,Novra Technologies Inc,0.082,3,2,5,8,4,4,2,28,-2.0,26.0,Poor,Stay away,24,-9.2,-9.2,-11.4,12.9,0,,Technology,2912964.0,8064.29
GLHRF,Golden Harp Resources Inc,0.096,2,4,10,6,3,2,4,31,-10.0,26.0,Poor,🔥 COILED: Stay away,32,0.0,0.0,0.0,50.0,0,,Basic Materials,5799507.0,31.4
CCGDF,China Cinda Asset Management Co. Ltd,0.134,5,3,10,6,3,2,4,33,-10.0,26.0,Poor,Stay away,32,0.0,0.0,-0.0,0.0,0,,Financial Services,5102598144.0,0.0
PTMYF,PTMYF,0.14,2,4,10,6,3,2,4,31,-10.0,26.0,Poor,🔥 COILED: Stay away,31,0.0,0.0,0.0,50.0,0,,Consumer Defensive,3097870848.0,0.0
HAVRF,HAVRF,0.11,2,4,10,6,3,2,4,31,-10.0,26.0,Poor,🔥 COILED: Stay away,31,0.0,0.0,0.0,50.0,0,,Basic Materials,38931464.0,0.0
MAPPF,ProStar Holdings Inc,0.125,7,5,6,12,3,0,2,35,-9.0,26.0,Poor,Stay away,43,-5.7,-3.0,-3.5,45.5,1,,Technology,20389766.0,66796.94
URAIF,URAIF,0.142,10,11,4,5,3,0,5,38,-13.0,26.0,Poor,Stay away,50,5.1,-1.9,18.0,53.6,1,,Technology,17923288.0,0.0
ORESF,Orestone Mining Corp,0.11,13,5,8,9,3,1,5,44,-18.0,26.0,Poor,Stay away,54,0.0,0.0,5.4,83.7,1,,Basic Materials,11806802.0,25526.17
HMMR,Hammer Fiber Optics Holdings Corp,0.11,1,9,3,9,3,2,2,29,-3.0,26.0,Poor,Stay away,21,0.0,-15.4,-7.5,42.0,2,,Communication Services,7596286.0,14553.25
HUBV,HUBB Ventures Inc,0.11,2,4,10,6,3,2,4,31,-10.0,26.0,Poor,🔥 COILED: Stay away,31,0.0,0.0,0.0,50.0,0,,Technology,6886585.0,0.0
OMGPF,Omega Pacific Resources Inc.,0.117,5,5,3,7,3,3,2,28,-5.0,26.0,Poor,Stay away,24,0.0,0.0,-2.3,42.5,1,,Basic Materials,5769738.0,1969.0
SVBL,Silver Bull Resources Inc,0.11,3,10,2,13,3,3,5,39,-13.0,26.0,Poor,Stay away,22,0.0,10.0,-0.1,44.2,2,,Basic Materials,5427167.0,46509.56
NOTE,FiscalNote Holdings Inc.,0.12,8,15,5,8,4,6,5,51,-23.0,26.0,Poor,Stay away,21,-0.4,19.5,1.8,47.6,3,,Technology,3186336.0,388586.89
GHGH,GuanHua Corporation,0.12,2,4,10,6,3,2,4,31,-10.0,26.0,Poor,🔥 COILED: Stay away,32,0.0,0.0,0.0,50.0,0,,Financial Services,36326.0,0.01
ANGGF,Angang Steel Company Limited,0.15,4,3,8,8,3,1,4,31,-5.0,26.0,Poor,Stay away,13,0.0,0.0,-0.7,0.0,1,,Basic Materials,1405383168.0,28.0
TUWLF,Tullow Oil plc,0.18,9,3,4,7,0,0,5,28,-5.0,26.0,Poor,Stay away,39,0.0,-5.3,-1.3,46.7,1,,Energy,272704160.0,4575.5
CESTF,Chinese Estates Holdings Limited,0.15,2,4,10,6,3,2,4,31,-10.0,26.0,Poor,🔥 COILED: Stay away,31,0.0,0.0,0.0,50.0,1,,Real Estate,247418208.0,0.0
PTEXF,Pacific Textiles Holdings Limited,0.161,2,4,10,6,3,2,4,31,-10.0,26.0,Poor,🔥 COILED: Stay away,32,0.0,0.0,0.0,50.0,0,,Consumer Cyclical,221614720.0,2250.0
PNGZF,Paringa Resources Limited,0.17,3,3,5,7,3,3,4,28,-5.0,26.0,Poor,Stay away,19,0.0,0.0,-5.3,34.5,1,,Basic Materials,175250672.0,223.59
OROXF,Orosur Mining Inc,0.189,2,5,8,9,5,0,2,31,-5.0,26.0,Poor,Stay away,29,-12.1,-10.0,-10.9,32.0,1,,Basic Materials,85815088.0,47722.8
RDBBF,Redbubble Limited,0.184,7,4,9,6,1,1,3,31,-10.0,26.0,Poor,🔥 COILED: Stay away,21,-3.2,-3.2,-1.2,46.5,0,,Consumer Cyclical,56023188.0,13753.17
CLMPF,Canadian Premium Sand Inc,0.2,8,4,9,6,3,2,4,36,-15.0,26.0,Poor,🔥 COILED: Stay away,32,0.0,0.0,-0.0,48.1,1,,Basic Materials,18488380.0,5.0
ADHI,Arsenal Digital Holdings Inc.,0.17,11,4,9,11,3,3,5,46,-20.0,26.0,Poor,Stay away,19,0.0,32.1,12.1,54.3,3,,Utilities,4478905.0,3018.83
HZLIF,Hertz Lithium Inc.,0.152,13,8,6,11,3,0,5,46,-20.0,26.0,Poor,Stay away,41,-3.4,55.1,7.0,54.8,3,,Basic Materials,2974637.0,3735.48
GNRUQ,GNRUQ,0.15,2,4,10,6,3,2,4,31,-10.0,26.0,Poor,🔥 COILED: Stay away,0,0.0,0.0,0.0,50.0,0,,Healthcare,nan,0.0
LFTSF,LifeTech Scientific Corporation,0.234,2,4,10,6,3,2,4,31,-10.0,26.0,Poor,🔥 COILED: Stay away,32,0.0,0.0,0.0,50.0,0,,Healthcare,1027579200.0,4.5
IARLF,IARLF,0.225,2,4,10,6,3,2,4,31,-10.0,26.0,Poor,🔥 COILED: Stay away,31,0.0,0.0,0.0,50.0,0,,Consumer Defensive,314078496.0,0.0
BMTHF,BMTHF,0.244,2,4,10,6,3,2,4,31,-10.0,26.0,Poor,🔥 COILED: Stay away,32,0.0,0.0,0.0,50.0,0,,Consumer Defensive,243490000.0,500.0
CTLLF,CTLLF,0.24,2,4,10,6,3,2,4,31,-10.0,26.0,Poor,🔥 COILED: Stay away,0,0.0,0.0,0.0,50.0,0,,Industrials,142584208.0,0.0
GOSS,Gossamer Bio Inc,0.207,15,9,6,17,2,2,5,56,-28,26,Poor,Stay away,33,42.6,27.6,20.7,59.4,3,,Healthcare,101044616.0,14083469.5
JOB,GEE Group Inc,0.208,7,12,9,3,0,3,4,38,-13.0,26.0,Poor,Stay away,21,-1.2,-1.2,-2.3,41.8,1,,Industrials,22798168.0,671008.77
CANOF,California Nanotechnologies Corp,0.24,8,4,2,11,3,0,5,33,-5.0,26.0,Poor,Stay away,51,-5.1,-7.3,-0.9,51.2,1,,Basic Materials,11223521.0,22894.26
VTGN,VistaGen Therapeutics Inc,0.243,3,7,4,9,3,2,5,33,-5.0,26.0,Poor,Stay away,21,5.8,-2.7,-15.0,34.7,2,,Healthcare,9983196.0,1753439.17
GXLDF,GXLDF,0.216,6,10,2,7,1,3,2,31,-5.0,26.0,Poor,Stay away,28,0.0,0.0,-1.2,42.3,1,,Basic Materials,9551637.0,492.5
XRXDW,Xerox Holdings Corporation Warrants,0.246,3,10,7,4,4,4,2,34,-8.0,26.0,Poor,Stay away,0,16.6,7.0,-0.3,47.3,1,,nan,nan,0.0
APTFF,APTFF,0.235,2,4,10,6,3,2,4,31,-10.0,26.0,Poor,🔥 COILED: Stay away,0,0.0,0.0,0.0,50.0,0,,Real Estate,nan,0.0
ABCP,Ambase Corp,0.263,10,6,8,5,5,1,3,38,-15.0,26.0,Poor,Stay away,52,-1.9,-1.9,-0.5,51.1,1,,Real Estate,22338750.0,16482.53
CCTTF,CITIC Telecom International Holdings Limited,0.324,2,4,10,6,3,2,4,31,-10.0,26.0,Poor,🔥 COILED: Stay away,32,0.0,0.0,0.0,50.0,0,,Communication Services,1198718720.0,526.32
ALVSF,ALVSF,0.324,2,4,10,6,3,2,4,31,-10.0,26.0,Poor,🔥 COILED: Stay away,32,0.0,0.0,0.0,50.0,1,,Real Estate,460032672.0,2.5
SPPCF,Steppe Cement Ltd.,0.31,2,4,10,6,3,2,4,31,-10.0,26.0,Poor,🔥 COILED: Stay away,32,0.0,0.0,0.0,50.0,0,,Basic Materials,67890000.0,5.0
GALKF,Galantas Gold Corporation,0.38,15,14,3,11,4,4,5,56,-28,26,Poor,Stay away,49,0.0,35.7,27.9,56.7,4,,Basic Materials,315257728.0,29387.98
BKLRF,Berkeley Energy Ltd,0.36,8,7,11,6,0,2,4,38,-15.0,26.0,Poor,Stay away,40,0.0,0.0,0.0,51.4,1,,Energy,160665536.0,795.0
MWAI,MedWellAI Inc.,0.368,12,5,4,15,1,4,5,46,-20.0,26.0,Poor,Stay away,39,0.0,29.1,9.6,63.3,3,,Financial Services,2405461.0,3286.66
CPWIF,China Power International Development Limited,0.44,2,4,10,6,3,2,4,31,-10.0,26.0,Poor,🔥 COILED: Stay away,31,0.0,0.0,0.0,50.0,0,,Utilities,5392148992.0,0.0
SNHO,Shonghoya Intl Group Inc,0.424,15,4,8,7,6,4,5,49,-23.0,26.0,Poor,Stay away,44,0.0,0.0,28.3,88.7,1,,Financial Services,35828804.0,244.43
APEUF,Atlas Engineered Products Ltd,0.42,3,4,3,9,7,0,5,31,-5.0,26.0,Poor,Stay away,24,-8.1,-1.9,-2.8,41.3,1,,Industrials,29610312.0,16520.35
TSIOF,361 Degrees International Limited,0.543,4,3,10,6,3,3,4,33,-10.0,26.0,Poor,Stay away,17,0.0,0.0,-0.8,31.8,0,,Consumer Cyclical,1177268096.0,0.0
WTXR,West Texas Resources Inc,0.5,9,11,2,11,8,0,5,46,-20.0,26.0,Poor,Stay away,61,4.2,35.0,16.0,55.0,3,,Energy,24780500.0,11550.21
FINBF,FINBF,0.532,2,4,10,6,3,2,4,31,-10.0,26.0,Poor,🔥 COILED: Stay away,0,0.0,0.0,0.0,50.0,0,,Real Estate,nan,0.0
CRPGF,Integrated Cannabis Company Inc,0.56,2,4,10,6,3,2,4,31,-10.0,26.0,Poor,🔥 COILED: Stay away,32,0.0,0.0,0.0,50.0,0,,Healthcare,3518205696.0,1.5
NFGRF,BeijingWest Industries International Limited,0.561,10,3,10,6,3,2,4,38,-15.0,26.0,Poor,Stay away,52,0.0,0.0,-0.0,34.5,1,,Consumer Cyclical,605371584.0,296.25
GLMD,Galmed Pharmaceuticals Ltd,0.56,4,11,6,11,4,6,4,46,-18.0,26.0,Poor,Stay away,33,10.8,8.9,2.6,51.2,3,,Healthcare,4624775.0,1837369.9
NGELF,NGE Capital Limited,0.629,2,4,10,6,3,2,4,31,-10.0,26.0,Poor,🔥 COILED: Stay away,32,0.0,0.0,0.0,50.0,0,,Financial Services,21560434.0,44.0
GEDC,"TerraVolt Holdings, Inc.",0.6,6,3,4,11,3,2,2,31,-5.0,26.0,Poor,Stay away,45,-23.1,-23.1,-18.5,42.0,1,,Real Estate,15438325.0,2650.1
NTRX,"Entrex Carbon Market, Inc",0.617,16,5,7,11,4,0,5,48,-22.0,26.0,Poor,Stay away,55,0.0,73.9,14.5,65.0,3,,Financial Services,9795613.0,1234.46
KNDI,Kandi Technologies Group Inc,0.662,1,9,4,10,3,0,2,29,-1.0,26.0,Poor,Stay away,35,-6.8,-4.1,-2.8,45.0,1,,Consumer Cyclical,66464932.0,445155.45
RGFC,"The Real Good Food Company, Inc.",0.67,17,6,5,11,5,2,5,51,-25,26,Poor,Stay away,48,103.0,11.7,15.5,59.3,3,5,Consumer Defensive,10206528.0,2729.16
GRDLF,Grindrod Ltd. ,0.748,2,4,10,6,3,2,4,31,-10.0,26.0,Poor,🔥 COILED: Stay away,32,0.0,0.0,0.0,50.0,0,,Industrials,499449024.0,6.46
HBGRY,Heidelberger Druckmaschinen AG ADR,0.76,7,6,9,0,0,1,5,28,-10.0,26.0,Poor,🔥 COILED: Stay away,36,0.0,0.0,0.2,50.5,0,,Industrials,515067936.0,1121.49
YUMM,Yummies Inc,0.75,2,4,10,6,3,2,4,31,-10.0,26.0,Poor,🔥 COILED: Stay away,32,0.0,0.0,0.0,50.0,0,,Consumer Defensive,337219872.0,40.0
VTHPF,Vital Healthcare Property Trust,0.85,2,4,10,6,3,2,4,31,-10.0,26.0,Poor,🔥 COILED: Stay away,32,0.0,0.0,0.0,50.0,1,,Real Estate,681501376.0,76.03
CDROW,Codere Online Luxembourg S.A. Warrants,0.896,11,5,3,11,7,2,5,44,-16.0,26.0,Poor,Stay away,58,46.9,-5.7,14.4,56.3,1,,nan,nan,15897.52
LNGPF,Longfor Group Holdings Limited,0.92,5,8,1,9,3,2,2,30,0.0,26.0,Poor,Stay away,31,13.6,13.6,-3.4,36.6,2,,Real Estate,6313432064.0,240.8
TPHIF,Top Frontier Investment Holdings Inc,0.935,5,3,10,6,3,2,4,33,-10.0,26.0,Poor,Stay away,30,0.0,0.0,-0.0,0.0,0,,Industrials,394891040.0,238.5
HIIDQ,Hidili Industry International Development Limited,0.9,5,4,10,5,3,2,4,33,-10.0,26.0,Poor,Stay away,31,0.0,0.0,-0.0,0.0,0,,Energy,316035968.0,11.11
PSSMF,PSSMF,1,2,4,10,6,3,2,4,31,-10.0,26.0,Poor,🔥 COILED: Stay away,32,0.0,0.0,0.0,50.0,0,,Basic Materials,8239617536.0,10.0
LEXLF,Lexington Gold Ltd,1,2,4,10,6,3,2,4,31,-10.0,26.0,Poor,🔥 COILED: Stay away,0,0.0,0.0,0.0,50.0,0,,Basic Materials,473861056.0,0.0
GLCP,GLCP,1,2,4,10,6,3,2,4,31,-10.0,26.0,Poor,🔥 COILED: Stay away,32,0.0,0.0,0.0,50.0,0,,Industrials,154394752.0,40.0
PSPX,PSPX,1,2,4,10,6,3,2,4,31,-10.0,26.0,Poor,🔥 COILED: Stay away,32,0.0,0.0,0.0,50.0,0,,Consumer Cyclical,14375000.0,4.0
BMMAX,Blackrock Multi-Manager Alt Fund Cl A,1,2,4,10,6,3,2,4,31,-10.0,26.0,Poor,🔥 COILED: Stay away,31,0.0,0.0,0.0,50.0,0,,Other,0.0,0.0
IUGXX,Invesco Treasurers Series Trust - Invesco Premier U.S. Government Money Portfolio,1,2,4,10,6,3,2,4,31,-10.0,26.0,Poor,🔥 COILED: Stay away,31,0.0,0.0,0.0,50.0,0,,Other,nan,0.0
BMMCX,Blackrock Multi-Manager Alt Fund Cl C,1,2,4,10,6,3,2,4,31,-10.0,26.0,Poor,🔥 COILED: Stay away,31,0.0,0.0,0.0,50.0,0,,Other,0.0,0.0
CPVPX,Columbia Leg Captl Preservation Port A,1,2,4,10,6,3,2,4,31,-10.0,26.0,Poor,🔥 COILED: Stay away,31,0.0,0.0,0.0,50.0,0,,Other,0.0,0.0
SPAXX,Fidelity® Government Money Market Fund,1,2,4,10,6,3,2,4,31,-10.0,26.0,Poor,🔥 COILED: Stay away,0,0.0,0.0,0.0,50.0,0,,nan,nan,0.0
VUSXX,Vanguard Treasury Money Market Fund,1,2,4,10,6,3,2,4,31,-10.0,26.0,Poor,🔥 COILED: Stay away,31,0.0,0.0,0.0,50.0,0,,nan,nan,0.0
VMFXX,Vanguard Federal Money Market Fund Investor Shares,1,2,4,10,6,3,2,4,31,-10.0,26.0,Poor,🔥 COILED: Stay away,31,0.0,0.0,0.0,50.0,0,,nan,nan,0.0
FDRXX,Fidelity Govt Cash Rsrvs,1,2,4,10,6,3,2,4,31,-10.0,26.0,Poor,🔥 COILED: Stay away,31,0.0,0.0,0.0,50.0,0,,nan,nan,0.0
FGTXX,Goldman Sachs Financial Square Government Fund Institutional Shares,1,2,4,10,6,3,2,4,31,-10.0,26.0,Poor,🔥 COILED: Stay away,31,0.0,0.0,0.0,50.0,0,,nan,nan,0.0
TFDXX,BlackRock Liquidity Funds FedFund Institutional Shares,1,2,4,10,6,3,2,4,31,-10.0,26.0,Poor,🔥 COILED: Stay away,31,0.0,0.0,0.0,50.0,0,,nan,nan,0.0
FTIXX,Goldman Sachs Financial Square Treasury Instruments Fund Institutional Shares,1,2,4,10,6,3,2,4,31,-10.0,26.0,Poor,🔥 COILED: Stay away,31,0.0,0.0,0.0,50.0,0,,nan,nan,0.0
AALXX,Thrivent Money Market Fund Class S,1,2,4,10,6,3,2,4,31,-10.0,26.0,Poor,🔥 COILED: Stay away,31,0.0,0.0,0.0,50.0,0,,nan,nan,0.0
AGPXX,Invesco Short-Term Investments Trust Government & Agency Portfolio Institutional,1,2,4,10,6,3,2,4,31,-10.0,26.0,Poor,🔥 COILED: Stay away,31,0.0,0.0,0.0,50.0,0,,nan,nan,0.0
DAPXX,Dreyfus Government Securities Cash Management Administrative Shares,1,2,4,10,6,3,2,4,31,-10.0,26.0,Poor,🔥 COILED: Stay away,31,0.0,0.0,0.0,50.0,0,,nan,nan,0.0
MVRXX,Morgan Stanley Institutional Liquidity Funds -  Government Portfolio,1,2,4,10,6,3,2,4,31,-10.0,26.0,Poor,🔥 COILED: Stay away,31,0.0,0.0,0.0,50.0,0,,nan,nan,0.0
FXFXX,First American Funds Inc. - Treasury Obligations Fund,1,2,4,10,6,3,2,4,31,-10.0,26.0,Poor,🔥 COILED: Stay away,31,0.0,0.0,0.0,50.0,0,,nan,nan,0.0
MISXX,Morgan Stanley Institutional Liquidity Funds - Treasury Portfolio,1,2,4,10,6,3,2,4,31,-10.0,26.0,Poor,🔥 COILED: Stay away,31,0.0,0.0,0.0,50.0,0,,nan,nan,0.0
DTRXX,Dreyfus Treasury Obligations Cash Management,1,2,4,10,6,3,2,4,31,-10.0,26.0,Poor,🔥 COILED: Stay away,31,0.0,0.0,0.0,50.0,0,,nan,nan,0.0
GVMXX,State Street Master Funds - State Street U.S. Government Money Market Portfolio,1,2,4,10,6,3,2,4,31,-10.0,26.0,Poor,🔥 COILED: Stay away,31,0.0,0.0,0.0,50.0,0,,nan,nan,0.0
FSIXX,Fidelity Colchester Street Trust - Treasury Only Portfolio,1,2,4,10,6,3,2,4,31,-10.0,26.0,Poor,🔥 COILED: Stay away,31,0.0,0.0,0.0,50.0,0,,nan,nan,0.0
TPIXX,State Street Institutional Investment Trust - State Street Institutional Treasury Plus Money Market,1,2,4,10,6,3,2,4,31,-10.0,26.0,Poor,🔥 COILED: Stay away,31,0.0,0.0,0.0,50.0,0,,nan,nan,0.0
FRAXX,Goldman Sachs Trust - Goldman Sachs Financial Square Treasury Instruments Fund,1,2,4,10,6,3,2,4,31,-10.0,26.0,Poor,🔥 COILED: Stay away,31,0.0,0.0,0.0,50.0,0,,nan,nan,0.0
TTTXX,BlackRock Liquidity Funds - Treasury Trust Fund,1,2,4,10,6,3,2,4,31,-10.0,26.0,Poor,🔥 COILED: Stay away,31,0.0,0.0,0.0,50.0,0,,nan,nan,0.0
FIGXX,Fidelity Colchester Street Trust - Government Portfolio,1,2,4,10,6,3,2,4,31,-10.0,26.0,Poor,🔥 COILED: Stay away,31,0.0,0.0,0.0,50.0,0,,nan,nan,0.0
FMJXX,Goldman Sachs Investor Money Market Fund Class I,1,2,4,10,6,3,2,4,31,-10.0,26.0,Poor,🔥 COILED: Stay away,31,0.0,0.0,0.0,50.0,0,,nan,nan,0.0
SWGXX,Schwab Government Money Fund,1,2,4,10,6,3,2,4,31,-10.0,26.0,Poor,🔥 COILED: Stay away,31,0.0,0.0,0.0,50.0,0,,nan,nan,0.0
SWVXX,Schwab Value Advantage Money Fund,1,2,4,10,6,3,2,4,31,-10.0,26.0,Poor,🔥 COILED: Stay away,31,0.0,0.0,0.0,50.0,0,,nan,nan,0.0
SAHXX,State Street Institutional U.S. Government Money Market Fund,1,2,4,10,6,3,2,4,31,-10.0,26.0,Poor,🔥 COILED: Stay away,31,0.0,0.0,0.0,50.0,0,,nan,nan,0.0
TSCXX,T. Rowe Price Cash Reserves Fund,1,2,4,10,6,3,2,4,31,-10.0,26.0,Poor,🔥 COILED: Stay away,31,0.0,0.0,0.0,50.0,0,,nan,nan,0.0
MUSXX,MainStay U.S. Government Liquidity Fund Class I,1,2,4,10,6,3,2,4,31,-10.0,26.0,Poor,🔥 COILED: Stay away,31,0.0,0.0,0.0,50.0,0,,nan,nan,0.0
TSTXX,BlackRock Liquidity Funds - T-Fund,1,2,4,10,6,3,2,4,31,-10.0,26.0,Poor,🔥 COILED: Stay away,31,0.0,0.0,0.0,50.0,0,,nan,nan,0.0
FGXXX,First American Funds Inc. - Government Obligations Fund,1,2,4,10,6,3,2,4,31,-10.0,26.0,Poor,🔥 COILED: Stay away,31,0.0,0.0,0.0,50.0,0,,nan,nan,0.0
DGCXX,Dreyfus Government Cash Management Fund,1,2,4,10,6,3,2,4,31,-10.0,26.0,Poor,🔥 COILED: Stay away,31,0.0,0.0,0.0,50.0,0,,nan,nan,0.0
INFXX,Institutional Fiduciary Trust Money Market Fund,1,2,4,10,6,3,2,4,31,-10.0,26.0,Poor,🔥 COILED: Stay away,31,0.0,0.0,0.0,50.0,0,,nan,nan,0.0
AAOXX,American Beacon U.S. Government Money Market Select Fund,1,2,4,10,6,3,2,4,31,-10.0,26.0,Poor,🔥 COILED: Stay away,31,0.0,0.0,0.0,50.0,0,,nan,nan,0.0
ABZXX,American Funds U.S. Government Money Market Fund,1,2,4,10,6,3,2,4,31,-10.0,26.0,Poor,🔥 COILED: Stay away,31,0.0,0.0,0.0,50.0,0,,nan,nan,0.0
ACNXX,AIM Investment Securities Funds (Invesco Investment Securities Funds) - Government Money Market Fund,1,2,4,10,6,3,2,4,31,-10.0,26.0,Poor,🔥 COILED: Stay away,31,0.0,0.0,0.0,50.0,0,,nan,nan,0.0
ACAXX,American Century Investment Trust - Prime Money Market Fund,1,2,4,10,6,3,2,4,31,-10.0,26.0,Poor,🔥 COILED: Stay away,31,0.0,0.0,0.0,50.0,0,,nan,nan,0.0
ACXXX,AIM Investment Securities Funds (Invesco Investment Securities Funds) - Government Money Market Fund,1,2,4,10,6,3,2,4,31,-10.0,26.0,Poor,🔥 COILED: Stay away,31,0.0,0.0,0.0,50.0,0,,nan,nan,0.0
ACZXX,AIM Investment Securities Funds (Invesco Investment Securities Funds) - Government Money Market Fund,1,2,4,10,6,3,2,4,31,-10.0,26.0,Poor,🔥 COILED: Stay away,31,0.0,0.0,0.0,50.0,0,,nan,nan,0.0
AEAXX,AB Government Exchange Reserves,1,2,4,10,6,3,2,4,31,-10.0,26.0,Poor,🔥 COILED: Stay away,31,0.0,0.0,0.0,50.0,0,,nan,nan,0.0
ADAXX,AIM Investment Securities Funds (Invesco Investment Securities Funds) - Government Money Market Fund,1,2,4,10,6,3,2,4,31,-10.0,26.0,Poor,🔥 COILED: Stay away,31,0.0,0.0,0.0,50.0,0,,nan,nan,0.0
AECXX,AB Fixed-Income Shares Inc. - AB Government Money Market Portfolio,1,2,4,10,6,3,2,4,31,-10.0,26.0,Poor,🔥 COILED: Stay away,31,0.0,0.0,0.0,50.0,0,,nan,nan,0.0
AGCXX,Short-Term Investment Trust - Invesco Government & Agency Portfolio,1,2,4,10,6,3,2,4,31,-10.0,26.0,Poor,🔥 COILED: Stay away,31,0.0,0.0,0.0,50.0,0,,nan,nan,0.0
AEYXX,AB Government Exchange Reserves,1,2,4,10,6,3,2,4,31,-10.0,26.0,Poor,🔥 COILED: Stay away,31,0.0,0.0,0.0,50.0,0,,nan,nan,0.0
AGHXX,American Century Investment Trust - Premium Money Market Fund,1,2,4,10,6,3,2,4,31,-10.0,26.0,Poor,🔥 COILED: Stay away,31,0.0,0.0,0.0,50.0,0,,nan,nan,0.0
AGQXX,American Century Investment Trust - Premium Money Market Fund,1,2,4,10,6,3,2,4,31,-10.0,26.0,Poor,🔥 COILED: Stay away,31,0.0,0.0,0.0,50.0,0,,nan,nan,0.0
AIEXX,AB Government Exchange Reserves,1,2,4,10,6,3,2,4,31,-10.0,26.0,Poor,🔥 COILED: Stay away,31,0.0,0.0,0.0,50.0,0,,nan,nan,0.0
AGRXX,AllianceBernstein Bond Fund - Government Reserves Portfolio Fund,1,2,4,10,6,3,2,4,31,-10.0,26.0,Poor,🔥 COILED: Stay away,31,0.0,0.0,0.0,50.0,0,,nan,nan,0.0
AIMXX,AIM Investment Securities Funds (Invesco Investment Securities Funds) - Government Money Market Fund,1,2,4,10,6,3,2,4,31,-10.0,26.0,Poor,🔥 COILED: Stay away,31,0.0,0.0,0.0,50.0,0,,nan,nan,0.0
AIYXX,AIM Investment Securities Funds (Invesco Investment Securities Funds) - Government Money Market Fund,1,2,4,10,6,3,2,4,31,-10.0,26.0,Poor,🔥 COILED: Stay away,31,0.0,0.0,0.0,50.0,0,,nan,nan,0.0
AMAXX,PIMCO Funds - PIMCO Government Money Market Fund,1,2,4,10,6,3,2,4,31,-10.0,26.0,Poor,🔥 COILED: Stay away,31,0.0,0.0,0.0,50.0,0,,nan,nan,0.0
AMGXX,PIMCO Funds - PIMCO Government Money Market Fund,1,2,4,10,6,3,2,4,31,-10.0,26.0,Poor,🔥 COILED: Stay away,31,0.0,0.0,0.0,50.0,0,,nan,nan,0.0
AMMXX,Thrivent Mutual Funds - Thrivent Money Market Fund,1,2,4,10,6,3,2,4,31,-10.0,26.0,Poor,🔥 COILED: Stay away,31,0.0,0.0,0.0,50.0,0,,nan,nan,0.0
APHXX,Cavanal Hill Funds - Government Securities Money Market Fund,1,2,4,10,6,3,2,4,31,-10.0,26.0,Poor,🔥 COILED: Stay away,31,0.0,0.0,0.0,50.0,0,,nan,nan,0.0
APCXX,Cavanal Hill Funds - Government Securities Money Market Fund,1,2,4,10,6,3,2,4,31,-10.0,26.0,Poor,🔥 COILED: Stay away,31,0.0,0.0,0.0,50.0,0,,nan,nan,0.0
APGXX,Cavanal Hill Funds - U.S. Treasury Fund,1,2,4,10,6,3,2,4,31,-10.0,26.0,Poor,🔥 COILED: Stay away,31,0.0,0.0,0.0,50.0,0,,nan,nan,0.0
APNXX,Cavanal Hill Funds - U.S. Treasury Fund,1,2,4,10,6,3,2,4,31,-10.0,26.0,Poor,🔥 COILED: Stay away,31,0.0,0.0,0.0,50.0,0,,nan,nan,0.0
APPXX,Cavanal Hill Funds - Government Securities Money Market Fund,1,2,4,10,6,3,2,4,31,-10.0,26.0,Poor,🔥 COILED: Stay away,31,0.0,0.0,0.0,50.0,0,,nan,nan,0.0
APKXX,Cavanal Hill Funds - U.S. Treasury Fund,1,2,4,10,6,3,2,4,31,-10.0,26.0,Poor,🔥 COILED: Stay away,31,0.0,0.0,0.0,50.0,0,,nan,nan,0.0
ARCXX,American Century Investment Trust - Prime Money Market Fund,1,2,4,10,6,3,2,4,31,-10.0,26.0,Poor,🔥 COILED: Stay away,31,0.0,0.0,0.0,50.0,0,,nan,nan,0.0
APSXX,Cavanal Hill Funds - Government Securities Money Market Fund,1,2,4,10,6,3,2,4,31,-10.0,26.0,Poor,🔥 COILED: Stay away,31,0.0,0.0,0.0,50.0,0,,nan,nan,0.0
BBSXX,BBH Trust - BBH U.S. Government Money Market Fund,1,2,4,10,6,3,2,4,31,-10.0,26.0,Poor,🔥 COILED: Stay away,31,0.0,0.0,0.0,50.0,0,,nan,nan,0.0
BCHXX,BlackRock Liquidity Funds - T-Fund,1,2,4,10,6,3,2,4,31,-10.0,26.0,Poor,🔥 COILED: Stay away,31,0.0,0.0,0.0,50.0,0,,nan,nan,0.0
BCTXX,American Century California Tax-Free and Municipal Funds - California Tax-Free Money Market Fund,1,2,4,10,6,3,2,4,31,-10.0,26.0,Poor,🔥 COILED: Stay away,31,0.0,0.0,0.0,50.0,0,,nan,nan,0.0
BFFXX,BlackRock Liquidity Funds - FedFund,1,2,4,10,6,3,2,4,31,-10.0,26.0,Poor,🔥 COILED: Stay away,31,0.0,0.0,0.0,50.0,0,,nan,nan,0.0
BECXX,BlackRock Liquidity Funds - Federal Trust Fund,1,2,4,10,6,3,2,4,31,-10.0,26.0,Poor,🔥 COILED: Stay away,31,0.0,0.0,0.0,50.0,0,,nan,nan,0.0
BFMXX,BlackRock Liquidity Funds - Federal Trust Fund,1,2,4,10,6,3,2,4,31,-10.0,26.0,Poor,🔥 COILED: Stay away,31,0.0,0.0,0.0,50.0,0,,nan,nan,0.0
BFRXX,BlackRock Liquidity Funds - FedFund,1,2,4,10,6,3,2,4,31,-10.0,26.0,Poor,🔥 COILED: Stay away,31,0.0,0.0,0.0,50.0,0,,nan,nan,0.0
BFTXX,BlackRock Liquidity Funds - Federal Trust Fund,1,2,4,10,6,3,2,4,31,-10.0,26.0,Poor,🔥 COILED: Stay away,31,0.0,0.0,0.0,50.0,0,,nan,nan,0.0
BMMIX,CollegeAdvantage 529 Savings Plan - BlackRock Money Market Option,1,2,4,10,6,3,2,4,31,-10.0,26.0,Poor,🔥 COILED: Stay away,31,0.0,0.0,0.0,50.0,0,,nan,nan,0.0
BGSXX,Northern Institutional Funds - U.S. Government Select Portfolio,1,2,4,10,6,3,2,4,31,-10.0,26.0,Poor,🔥 COILED: Stay away,31,0.0,0.0,0.0,50.0,0,,nan,nan,0.0
BNGXX,Northern Institutional Funds - U.S. Government Portfolio,1,2,4,10,6,3,2,4,31,-10.0,26.0,Poor,🔥 COILED: Stay away,31,0.0,0.0,0.0,50.0,0,,nan,nan,0.0
BNTXX,American Century Municipal Trust - Tax-Free Money Market Fund,1,2,4,10,6,3,2,4,31,-10.0,26.0,Poor,🔥 COILED: Stay away,31,0.0,0.0,0.0,50.0,0,,nan,nan,0.0
BRIXX,Blackrock Funds III - Treasury Money Market Fund,1,2,4,10,6,3,2,4,31,-10.0,26.0,Poor,🔥 COILED: Stay away,31,0.0,0.0,0.0,50.0,0,,nan,nan,0.0
BPRXX,American Century Investment Trust - Prime Money Market Fund,1,2,4,10,6,3,2,4,31,-10.0,26.0,Poor,🔥 COILED: Stay away,31,0.0,0.0,0.0,50.0,0,,nan,nan,0.0
BSCXX,Northern Institutional Funds - U.S. Government Select Portfolio,1,2,4,10,6,3,2,4,31,-10.0,26.0,Poor,🔥 COILED: Stay away,31,0.0,0.0,0.0,50.0,0,,nan,nan,0.0
BTCXX,BlackRock Liquidity Funds - Treasury Trust Fund,1,2,4,10,6,3,2,4,31,-10.0,26.0,Poor,🔥 COILED: Stay away,31,0.0,0.0,0.0,50.0,0,,nan,nan,0.0
BTRXX,BlackRock Liquidity Funds - T-Fund,1,2,4,10,6,3,2,4,31,-10.0,26.0,Poor,🔥 COILED: Stay away,31,0.0,0.0,0.0,50.0,0,,nan,nan,0.0
CACPX,Future Scholar 529 College Savings Plan - Conservative Portfolio,1,2,4,10,6,3,2,4,31,-10.0,26.0,Poor,🔥 COILED: Stay away,31,0.0,0.0,0.0,50.0,0,,nan,nan,0.0
CAGXX,Cash Account Trust - Government & Agency Securities Portfolio,1,2,4,10,6,3,2,4,31,-10.0,26.0,Poor,🔥 COILED: Stay away,31,0.0,0.0,0.0,50.0,0,,nan,nan,0.0
CALXX,Money Market Obligations Trust - Federated Hermes California Municipal Cash Trust,1,2,4,10,6,3,2,4,31,-10.0,26.0,Poor,🔥 COILED: Stay away,31,0.0,0.0,0.0,50.0,0,,nan,nan,0.0
CACXX,Money Market Obligations Trust - Federated Hermes California Municipal Cash Trust,1,2,4,10,6,3,2,4,31,-10.0,26.0,Poor,🔥 COILED: Stay away,31,0.0,0.0,0.0,50.0,0,,nan,nan,0.0
CBDAX,Future Scholar 529 College Savings Plan - Columbia Bank Deposit 529 Portfolio,1,2,4,10,6,3,2,4,31,-10.0,26.0,Poor,🔥 COILED: Stay away,31,0.0,0.0,0.0,50.0,0,,nan,nan,0.0
CAIXX,Money Market Obligations Trust - Federated Hermes California Municipal Cash Trust,1,2,4,10,6,3,2,4,31,-10.0,26.0,Poor,🔥 COILED: Stay away,31,0.0,0.0,0.0,50.0,0,,nan,nan,0.0
CBDCX,Future Scholar 529 College Savings Plan - Columbia Bank Deposit 529 Portfolio,1,2,4,10,6,3,2,4,31,-10.0,26.0,Poor,🔥 COILED: Stay away,31,0.0,0.0,0.0,50.0,0,,nan,nan,0.0
CBDEX,Future Scholar 529 College Savings Plan - Columbia Bank Deposit 529 Portfolio,1,2,4,10,6,3,2,4,31,-10.0,26.0,Poor,🔥 COILED: Stay away,31,0.0,0.0,0.0,50.0,0,,nan,nan,0.0
CBDPX,Future Scholar 529 College Savings Plan - Columbia Bank Deposit 529 Portfolio,1,2,4,10,6,3,2,4,31,-10.0,26.0,Poor,🔥 COILED: Stay away,31,0.0,0.0,0.0,50.0,0,,nan,nan,0.0
CCSXX,Money Market Obligations Trust - Federated Hermes California Municipal Cash Trust,1,2,4,10,6,3,2,4,31,-10.0,26.0,Poor,🔥 COILED: Stay away,31,0.0,0.0,0.0,50.0,0,,nan,nan,0.0
CCCPX,Future Scholar 529 College Savings Plan - Conservative Portfolio,1,2,4,10,6,3,2,4,31,-10.0,26.0,Poor,🔥 COILED: Stay away,31,0.0,0.0,0.0,50.0,0,,nan,nan,0.0
CCCXX,Money Market Obligations Trust - Federated Hermes California Municipal Cash Trust,1,2,4,10,6,3,2,4,31,-10.0,26.0,Poor,🔥 COILED: Stay away,31,0.0,0.0,0.0,50.0,0,,nan,nan,0.0
CEAXX,Citizensselect Funds - Dreyfus Institutional Preferred Treasury Securities Money Market Fund,1,2,4,10,6,3,2,4,31,-10.0,26.0,Poor,🔥 COILED: Stay away,31,0.0,0.0,0.0,50.0,0,,nan,nan,0.0
CECPX,Future Scholar 529 College Savings Plan - Conservative Portfolio,1,2,4,10,6,3,2,4,31,-10.0,26.0,Poor,🔥 COILED: Stay away,31,0.0,0.0,0.0,50.0,0,,nan,nan,0.0
CEIXX,Citizensselect Funds - Dreyfus Institutional Preferred Treasury Securities Money Market Fund,1,2,4,10,6,3,2,4,31,-10.0,26.0,Poor,🔥 COILED: Stay away,31,0.0,0.0,0.0,50.0,0,,nan,nan,0.0
CIFXX,LeggMason Partners Institutional Trust - Western Asset Institutional Tax Free Reserves,1,2,4,10,6,3,2,4,31,-10.0,26.0,Poor,🔥 COILED: Stay away,31,0.0,0.0,0.0,50.0,0,,nan,nan,0.0
CIIXX,Legg Mason Partners Institutional Trust - Western Asset Institutional U.S. Treasury Reserves,1,2,4,10,6,3,2,4,31,-10.0,26.0,Poor,🔥 COILED: Stay away,31,0.0,0.0,0.0,50.0,0,,nan,nan,0.0
CNFXX,City National Rochdale Funds - City National Rochdale Government Money Market Fund,1,2,4,10,6,3,2,4,31,-10.0,26.0,Poor,🔥 COILED: Stay away,31,0.0,0.0,0.0,50.0,0,,nan,nan,0.0
CNIXX,City National Rochdale Funds - City National Rochdale Government Money Market Fund,1,2,4,10,6,3,2,4,31,-10.0,26.0,Poor,🔥 COILED: Stay away,31,0.0,0.0,0.0,50.0,0,,nan,nan,0.0
CNGXX,City National Rochdale Funds - City National Rochdale Government Money Market Fund,1,2,4,10,6,3,2,4,31,-10.0,26.0,Poor,🔥 COILED: Stay away,31,0.0,0.0,0.0,50.0,0,,nan,nan,0.0
COSXX,Morgan Stanley Institutional Liquidity Funds -  Government Portfolio,1,2,4,10,6,3,2,4,31,-10.0,26.0,Poor,🔥 COILED: Stay away,31,0.0,0.0,0.0,50.0,0,,nan,nan,0.0
CPFXX,American Century Government Income Trust - Capital Preservation Fund,1,2,4,10,6,3,2,4,31,-10.0,26.0,Poor,🔥 COILED: Stay away,31,0.0,0.0,0.0,50.0,0,,nan,nan,0.0
CRHXX,MFS Series Trust I - MFS U.S. Government Cash Reserve Fund,1,2,4,10,6,3,2,4,31,-10.0,26.0,Poor,🔥 COILED: Stay away,31,0.0,0.0,0.0,50.0,0,,nan,nan,0.0
CRKXX,MFS Series Trust I - MFS U.S. Government Cash Reserve Fund,1,2,4,10,6,3,2,4,31,-10.0,26.0,Poor,🔥 COILED: Stay away,31,0.0,0.0,0.0,50.0,0,,nan,nan,0.0
CRJXX,MFS Series Trust I - MFS U.S. Government Cash Reserve Fund,1,2,4,10,6,3,2,4,31,-10.0,26.0,Poor,🔥 COILED: Stay away,31,0.0,0.0,0.0,50.0,0,,nan,nan,0.0
CRMXX,MFS Series Trust I - MFS U.S. Government Cash Reserve Fund,1,2,4,10,6,3,2,4,31,-10.0,26.0,Poor,🔥 COILED: Stay away,31,0.0,0.0,0.0,50.0,0,,nan,nan,0.0
CRRXX,MFS Series Trust I - MFS U.S. Government Cash Reserve Fund,1,2,4,10,6,3,2,4,31,-10.0,26.0,Poor,🔥 COILED: Stay away,31,0.0,0.0,0.0,50.0,0,,nan,nan,0.0
CVGXX,BofA Funds Series Trust - BofA Money Market Reserves,1,2,4,10,6,3,2,4,31,-10.0,26.0,Poor,🔥 COILED: Stay away,31,0.0,0.0,0.0,50.0,0,,nan,nan,0.0
CRVXX,MFS Series Trust I - MFS U.S. Government Cash Reserve Fund,1,2,4,10,6,3,2,4,31,-10.0,26.0,Poor,🔥 COILED: Stay away,31,0.0,0.0,0.0,50.0,0,,nan,nan,0.0
CVTXX,Short-Term Investment Trust - Invesco Treasury Portfolio,1,2,4,10,6,3,2,4,31,-10.0,26.0,Poor,🔥 COILED: Stay away,31,0.0,0.0,0.0,50.0,0,,nan,nan,0.0
DBBXX,Cash Account Trust - Government & Agency Securities Portfolio,1,2,4,10,6,3,2,4,31,-10.0,26.0,Poor,🔥 COILED: Stay away,31,0.0,0.0,0.0,50.0,0,,nan,nan,0.0
DARXX,Dreyfus Treasury Securities Cash Management,1,2,4,10,6,3,2,4,31,-10.0,26.0,Poor,🔥 COILED: Stay away,31,0.0,0.0,0.0,50.0,0,,nan,nan,0.0
DAGXX,Dreyfus Government Cash Management Fund,1,2,4,10,6,3,2,4,31,-10.0,26.0,Poor,🔥 COILED: Stay away,31,0.0,0.0,0.0,50.0,0,,nan,nan,0.0
DCMXX,Cash Account Trust - Government & Agency Securities Portfolio,1,2,4,10,6,3,2,4,31,-10.0,26.0,Poor,🔥 COILED: Stay away,31,0.0,0.0,0.0,50.0,0,,nan,nan,0.0
DGVXX,Dreyfus Government Cash Management Fund,1,2,4,10,6,3,2,4,31,-10.0,26.0,Poor,🔥 COILED: Stay away,31,0.0,0.0,0.0,50.0,0,,nan,nan,0.0
DGEXX,Morgan Stanley U.S Government Money Market Trust Fund,1,2,4,10,6,3,2,4,31,-10.0,26.0,Poor,🔥 COILED: Stay away,31,0.0,0.0,0.0,50.0,0,,nan,nan,0.0
DGPXX,Dreyfus Government Cash Management Funds - Dreyfus Government Prime Cash Management,1,2,4,10,6,3,2,4,31,-10.0,26.0,Poor,🔥 COILED: Stay away,31,0.0,0.0,0.0,50.0,0,,nan,nan,0.0
DGUXX,Dreyfus Government Cash Management Fund,1,2,4,10,6,3,2,4,31,-10.0,26.0,Poor,🔥 COILED: Stay away,31,0.0,0.0,0.0,50.0,0,,nan,nan,0.0
DGQXX,Dreyfus Government Cash Management Fund,1,2,4,10,6,3,2,4,31,-10.0,26.0,Poor,🔥 COILED: Stay away,31,0.0,0.0,0.0,50.0,0,,nan,nan,0.0
DIPXX,Dreyfus Government Cash Management Funds - Dreyfus Government Prime Cash Management,1,2,4,10,6,3,2,4,31,-10.0,26.0,Poor,🔥 COILED: Stay away,31,0.0,0.0,0.0,50.0,0,,nan,nan,0.0
DHLXX,Dreyfus Institutional Reserves Funds - Dreyfus Institutional Treasury and Agency Cash Advantage Fund,1,2,4,10,6,3,2,4,31,-10.0,26.0,Poor,🔥 COILED: Stay away,31,0.0,0.0,0.0,50.0,0,,nan,nan,0.0
DIRXX,Dreyfus Treasury Securities Cash Management,1,2,4,10,6,3,2,4,31,-10.0,26.0,Poor,🔥 COILED: Stay away,31,0.0,0.0,0.0,50.0,0,,nan,nan,0.0
DNSXX,Dreyfus Institutional Reserves Funds - Dreyfus Institutional Treasury and Agency Cash Advantage Fund,1,2,4,10,6,3,2,4,31,-10.0,26.0,Poor,🔥 COILED: Stay away,31,0.0,0.0,0.0,50.0,0,,nan,nan,0.0
DOAXX,DWS Money Market Prime Series - DWS Cash Investment Trust,1,2,4,10,6,3,2,4,31,-10.0,26.0,Poor,🔥 COILED: Stay away,31,0.0,0.0,0.0,50.0,0,,nan,nan,0.0
DOCXX,DWS Money Market Prime Series - DWS Cash Investment Trust,1,2,4,10,6,3,2,4,31,-10.0,26.0,Poor,🔥 COILED: Stay away,31,0.0,0.0,0.0,50.0,0,,nan,nan,0.0
DOSXX,DWS Money Market Prime Series - DWS Cash Investment Trust,1,2,4,10,6,3,2,4,31,-10.0,26.0,Poor,🔥 COILED: Stay away,31,0.0,0.0,0.0,50.0,0,,nan,nan,0.0
DPGXX,Dreyfus Government Cash Management Fund,1,2,4,10,6,3,2,4,31,-10.0,26.0,Poor,🔥 COILED: Stay away,31,0.0,0.0,0.0,50.0,0,,nan,nan,0.0
DPRXX,Dreyfus Treasury Securities Cash Management,1,2,4,10,6,3,2,4,31,-10.0,26.0,Poor,🔥 COILED: Stay away,31,0.0,0.0,0.0,50.0,0,,nan,nan,0.0
DTAXX,Dreyfus Treasury Obligations Cash Management,1,2,4,10,6,3,2,4,31,-10.0,26.0,Poor,🔥 COILED: Stay away,31,0.0,0.0,0.0,50.0,0,,nan,nan,0.0
DSHXX,Dreyfus Institutional Reserves Funds - Dreyfus Institutional Preferred Government Money Market Fund,1,2,4,10,6,3,2,4,31,-10.0,26.0,Poor,🔥 COILED: Stay away,31,0.0,0.0,0.0,50.0,0,,nan,nan,0.0
DSVXX,Dreyfus Institutional Reserves Funds - Dreyfus Institutional Preferred Government Money Market Fund,1,2,4,10,6,3,2,4,31,-10.0,26.0,Poor,🔥 COILED: Stay away,31,0.0,0.0,0.0,50.0,0,,nan,nan,0.0
DTCXX,Cash Account Trust - DWS Tax-Exempt Portfolio,1,2,4,10,6,3,2,4,31,-10.0,26.0,Poor,🔥 COILED: Stay away,31,0.0,0.0,0.0,50.0,0,,nan,nan,0.0
DTBXX,Cash Account Trust - DWS Tax-Exempt Portfolio,1,2,4,10,6,3,2,4,31,-10.0,26.0,Poor,🔥 COILED: Stay away,31,0.0,0.0,0.0,50.0,0,,nan,nan,0.0
DTHXX,Dreyfus Treasury Securities Cash Management,1,2,4,10,6,3,2,4,31,-10.0,26.0,Poor,🔥 COILED: Stay away,31,0.0,0.0,0.0,50.0,0,,nan,nan,0.0
DTDXX,Cash Account Trust - DWS Tax-Exempt Portfolio,1,2,4,10,6,3,2,4,31,-10.0,26.0,Poor,🔥 COILED: Stay away,31,0.0,0.0,0.0,50.0,0,,nan,nan,0.0
DTGXX,Cash Account Trust - Government & Agency Securities Portfolio,1,2,4,10,6,3,2,4,31,-10.0,26.0,Poor,🔥 COILED: Stay away,31,0.0,0.0,0.0,50.0,0,,nan,nan,0.0
DTKXX,Dreyfus Treasury Obligations Cash Management,1,2,4,10,6,3,2,4,31,-10.0,26.0,Poor,🔥 COILED: Stay away,31,0.0,0.0,0.0,50.0,0,,nan,nan,0.0
DTNXX,Dreyfus Treasury Obligations Cash Management,1,2,4,10,6,3,2,4,31,-10.0,26.0,Poor,🔥 COILED: Stay away,31,0.0,0.0,0.0,50.0,0,,nan,nan,0.0
DTLXX,Dreyfus Institutional Liquidity Funds - Dreyfus Treasury and Agency Liquidity Money Market Fund,1,2,4,10,6,3,2,4,31,-10.0,26.0,Poor,🔥 COILED: Stay away,31,0.0,0.0,0.0,50.0,0,,nan,nan,0.0
DTPXX,Dreyfus Treasury Obligations Cash Management,1,2,4,10,6,3,2,4,31,-10.0,26.0,Poor,🔥 COILED: Stay away,31,0.0,0.0,0.0,50.0,0,,nan,nan,0.0
DTVXX,Dreyfus Treasury Obligations Cash Management,1,2,4,10,6,3,2,4,31,-10.0,26.0,Poor,🔥 COILED: Stay away,31,0.0,0.0,0.0,50.0,0,,nan,nan,0.0
DVPXX,Dreyfus Government Cash Management Funds - Dreyfus Government Prime Cash Management,1,2,4,10,6,3,2,4,31,-10.0,26.0,Poor,🔥 COILED: Stay away,31,0.0,0.0,0.0,50.0,0,,nan,nan,0.0
DVRXX,Dreyfus Treasury Securities Cash Management,1,2,4,10,6,3,2,4,31,-10.0,26.0,Poor,🔥 COILED: Stay away,31,0.0,0.0,0.0,50.0,0,,nan,nan,0.0
DWGXX,Morgan Stanley U.S Government Money Market Trust Fund,1,2,4,10,6,3,2,4,31,-10.0,26.0,Poor,🔥 COILED: Stay away,31,0.0,0.0,0.0,50.0,0,,nan,nan,0.0
ELMXX,Elfun Government Money Market Fund,1,2,4,10,6,3,2,4,31,-10.0,26.0,Poor,🔥 COILED: Stay away,31,0.0,0.0,0.0,50.0,0,,nan,nan,0.0
FAAXX,First American Funds Inc. - Government Obligations Fund,1,2,4,10,6,3,2,4,31,-10.0,26.0,Poor,🔥 COILED: Stay away,31,0.0,0.0,0.0,50.0,0,,nan,nan,0.0
FATXX,First American Funds Inc. - Treasury Obligations Fund,1,2,4,10,6,3,2,4,31,-10.0,26.0,Poor,🔥 COILED: Stay away,31,0.0,0.0,0.0,50.0,0,,nan,nan,0.0
FAPXX,First American Funds Inc. - Retail Prime Obligations Fund,1,2,4,10,6,3,2,4,31,-10.0,26.0,Poor,🔥 COILED: Stay away,31,0.0,0.0,0.0,50.0,0,,nan,nan,0.0
FCEXX,Fidelity Colchester Street Trust - Treasury Portfolio,1,2,4,10,6,3,2,4,31,-10.0,26.0,Poor,🔥 COILED: Stay away,31,0.0,0.0,0.0,50.0,0,,nan,nan,0.0
FCGXX,Fidelity Colchester Street Trust - Government Portfolio,1,2,4,10,6,3,2,4,31,-10.0,26.0,Poor,🔥 COILED: Stay away,31,0.0,0.0,0.0,50.0,0,,nan,nan,0.0
FCSXX,Fidelity Colchester Street Trust - Treasury Portfolio,1,2,4,10,6,3,2,4,31,-10.0,26.0,Poor,🔥 COILED: Stay away,31,0.0,0.0,0.0,50.0,0,,nan,nan,0.0
FCIXX,Fidelity Colchester Street Trust - Money Market Portfolio,1,2,4,10,6,3,2,4,31,-10.0,26.0,Poor,🔥 COILED: Stay away,31,0.0,0.0,0.0,50.0,0,,nan,nan,0.0
FCVXX,Fidelity Colchester Street Trust - Government Portfolio,1,2,4,10,6,3,2,4,31,-10.0,26.0,Poor,🔥 COILED: Stay away,31,0.0,0.0,0.0,50.0,0,,nan,nan,0.0
FCOXX,Fidelity Colchester Street Trust - Money Market Portfolio,1,2,4,10,6,3,2,4,31,-10.0,26.0,Poor,🔥 COILED: Stay away,31,0.0,0.0,0.0,50.0,0,,nan,nan,0.0
FDCXX,Fidelity Newbury Street Trust - Treasury Fund,1,2,4,10,6,3,2,4,31,-10.0,26.0,Poor,🔥 COILED: Stay away,31,0.0,0.0,0.0,50.0,0,,nan,nan,0.0
FCYXX,Goldman Sachs Trust - Investor Tax-Exempt Money Market Fund,1,2,4,10,6,3,2,4,31,-10.0,26.0,Poor,🔥 COILED: Stay away,31,0.0,0.0,0.0,50.0,0,,nan,nan,0.0
FDEXX,Fidelity Newbury Street Trust - Tax-Exempt Fund,1,2,4,10,6,3,2,4,31,-10.0,26.0,Poor,🔥 COILED: Stay away,31,0.0,0.0,0.0,50.0,0,,nan,nan,0.0
FDLXX,Fidelity Hereford Street Trust - Fidelity Treasury Only Money Market Fund,1,2,4,10,6,3,2,4,31,-10.0,26.0,Poor,🔥 COILED: Stay away,31,0.0,0.0,0.0,50.0,0,,nan,nan,0.0
FDUXX,Fidelity Newbury Street Trust - Treasury Fund,1,2,4,10,6,3,2,4,31,-10.0,26.0,Poor,🔥 COILED: Stay away,31,0.0,0.0,0.0,50.0,0,,nan,nan,0.0
FEAXX,Goldman Sachs Trust - Goldman Sachs Investor Tax-Exempt Money Market Fund,1,2,4,10,6,3,2,4,31,-10.0,26.0,Poor,🔥 COILED: Stay away,31,0.0,0.0,0.0,50.0,0,,nan,nan,0.0
FEDXX,Goldman Sachs Trust - Goldman Sachs Financial Square Federal Fund,1,2,4,10,6,3,2,4,31,-10.0,26.0,Poor,🔥 COILED: Stay away,31,0.0,0.0,0.0,50.0,0,,nan,nan,0.0
FEIXX,First American Funds Inc. - Retail Prime Obligations Fund,1,2,4,10,6,3,2,4,31,-10.0,26.0,Poor,🔥 COILED: Stay away,31,0.0,0.0,0.0,50.0,0,,nan,nan,0.0
FERXX,Fidelity Newbury Street Trust - Tax-Exempt Fund,1,2,4,10,6,3,2,4,31,-10.0,26.0,Poor,🔥 COILED: Stay away,31,0.0,0.0,0.0,50.0,0,,nan,nan,0.0
FETXX,Fidelity Colchester Street Trust - Tax-Exempt Portfolio,1,2,4,10,6,3,2,4,31,-10.0,26.0,Poor,🔥 COILED: Stay away,31,0.0,0.0,0.0,50.0,0,,nan,nan,0.0
FESXX,Goldman Sachs Trust - Goldman Sachs Investor Tax-Exempt Money Market Fund,1,2,4,10,6,3,2,4,31,-10.0,26.0,Poor,🔥 COILED: Stay away,31,0.0,0.0,0.0,50.0,0,,nan,nan,0.0
FEXXX,Fidelity Colchester Street Trust - Tax-Exempt Portfolio,1,2,4,10,6,3,2,4,31,-10.0,26.0,Poor,🔥 COILED: Stay away,31,0.0,0.0,0.0,50.0,0,,nan,nan,0.0
FFCXX,First American Funds Inc. - Retail Tax Free Obligations Fund,1,2,4,10,6,3,2,4,31,-10.0,26.0,Poor,🔥 COILED: Stay away,31,0.0,0.0,0.0,50.0,0,,nan,nan,0.0
FFTXX,Money Market Obligations Trust - Federated Institutional Tax-Free Cash Trust,1,2,4,10,6,3,2,4,31,-10.0,26.0,Poor,🔥 COILED: Stay away,31,0.0,0.0,0.0,50.0,0,,nan,nan,0.0
FGDXX,First American Funds Inc. - Government Obligations Fund,1,2,4,10,6,3,2,4,31,-10.0,26.0,Poor,🔥 COILED: Stay away,31,0.0,0.0,0.0,50.0,0,,nan,nan,0.0
FGAXX,Goldman Sachs Trust - Goldman Sachs Financial Square Treasury Obligations Fund,1,2,4,10,6,3,2,4,31,-10.0,26.0,Poor,🔥 COILED: Stay away,31,0.0,0.0,0.0,50.0,0,,nan,nan,0.0
FGGXX,Goldman Sachs Trust - Goldman Sachs Financial Square Government Fund,1,2,4,10,6,3,2,4,31,-10.0,26.0,Poor,🔥 COILED: Stay away,31,0.0,0.0,0.0,50.0,0,,nan,nan,0.0
FGEXX,Fidelity Colchester Street Trust - Government Portfolio,1,2,4,10,6,3,2,4,31,-10.0,26.0,Poor,🔥 COILED: Stay away,31,0.0,0.0,0.0,50.0,0,,nan,nan,0.0
FGNXX,Fidelity Salem Street Trust - Government Money Market Fund,1,2,4,10,6,3,2,4,31,-10.0,26.0,Poor,🔥 COILED: Stay away,31,0.0,0.0,0.0,50.0,0,,nan,nan,0.0
FGVXX,First American Funds Inc. - Government Obligations Fund,1,2,4,10,6,3,2,4,31,-10.0,26.0,Poor,🔥 COILED: Stay away,31,0.0,0.0,0.0,50.0,0,,nan,nan,0.0
FGUXX,First American Funds Inc. - Government Obligations Fund,1,2,4,10,6,3,2,4,31,-10.0,26.0,Poor,🔥 COILED: Stay away,31,0.0,0.0,0.0,50.0,0,,nan,nan,0.0
FGZXX,First American Funds Inc. - Government Obligations Fund,1,2,4,10,6,3,2,4,31,-10.0,26.0,Poor,🔥 COILED: Stay away,31,0.0,0.0,0.0,50.0,0,,nan,nan,0.0
FHIXX,First American Funds Inc. - Retail Tax Free Obligations Fund,1,2,4,10,6,3,2,4,31,-10.0,26.0,Poor,🔥 COILED: Stay away,31,0.0,0.0,0.0,50.0,0,,nan,nan,0.0
FHMXX,Goldman Sachs Trust - Investor Money Market Fund,1,2,4,10,6,3,2,4,31,-10.0,26.0,Poor,🔥 COILED: Stay away,31,0.0,0.0,0.0,50.0,0,,nan,nan,0.0
FHSXX,Goldman Sachs Trust - Investor Money Market Fund,1,2,4,10,6,3,2,4,31,-10.0,26.0,Poor,🔥 COILED: Stay away,31,0.0,0.0,0.0,50.0,0,,nan,nan,0.0
FIHXX,Goldman Sachs Trust - Goldman Sachs Financial Square Federal Fund,1,2,4,10,6,3,2,4,31,-10.0,26.0,Poor,🔥 COILED: Stay away,31,0.0,0.0,0.0,50.0,0,,nan,nan,0.0
FIKXX,Goldman Sachs Trust - Goldman Sachs Financial Square Federal Fund,1,2,4,10,6,3,2,4,31,-10.0,26.0,Poor,🔥 COILED: Stay away,31,0.0,0.0,0.0,50.0,0,,nan,nan,0.0
FIRXX,Goldman Sachs Trust - Goldman Sachs Financial Square Federal Fund,1,2,4,10,6,3,2,4,31,-10.0,26.0,Poor,🔥 COILED: Stay away,31,0.0,0.0,0.0,50.0,0,,nan,nan,0.0
FIOXX,Goldman Sachs Trust - Goldman Sachs Financial Square Federal Fund,1,2,4,10,6,3,2,4,31,-10.0,26.0,Poor,🔥 COILED: Stay away,31,0.0,0.0,0.0,50.0,0,,nan,nan,0.0
FILXX,Goldman Sachs Trust - Goldman Sachs Financial Square Federal Fund,1,2,4,10,6,3,2,4,31,-10.0,26.0,Poor,🔥 COILED: Stay away,31,0.0,0.0,0.0,50.0,0,,nan,nan,0.0
FIWXX,Goldman Sachs Trust - Goldman Sachs Financial Square Federal Fund,1,2,4,10,6,3,2,4,31,-10.0,26.0,Poor,🔥 COILED: Stay away,31,0.0,0.0,0.0,50.0,0,,nan,nan,0.0
FKIXX,Goldman Sachs Trust - Investor Tax-Exempt Money Market Fund,1,2,4,10,6,3,2,4,31,-10.0,26.0,Poor,🔥 COILED: Stay away,31,0.0,0.0,0.0,50.0,0,,nan,nan,0.0
FLIXX,First American Funds Inc. - Treasury Obligations Fund,1,2,4,10,6,3,2,4,31,-10.0,26.0,Poor,🔥 COILED: Stay away,31,0.0,0.0,0.0,50.0,0,,nan,nan,0.0
FLPXX,Meeder Funds - Institutional Prime Money Market Fund,1,2,4,10,6,3,2,4,31,-10.0,26.0,Poor,🔥 COILED: Stay away,31,0.0,0.0,0.0,50.0,0,,nan,nan,0.0
FMEXX,Goldman Sachs Trust - Investor Money Market Fund,1,2,4,10,6,3,2,4,31,-10.0,26.0,Poor,🔥 COILED: Stay away,31,0.0,0.0,0.0,50.0,0,,nan,nan,0.0
FMAXX,Fidelity Massachusetts Municipal Trust - Fidelity Massachusetts AMT Tax-Free Money Market Fund,1,2,4,10,6,3,2,4,31,-10.0,26.0,Poor,🔥 COILED: Stay away,31,0.0,0.0,0.0,50.0,0,,nan,nan,0.0
FMFXX,Franklin U.S. Government Money Fund,1,2,4,10,6,3,2,4,31,-10.0,26.0,Poor,🔥 COILED: Stay away,31,0.0,0.0,0.0,50.0,0,,nan,nan,0.0
FMOXX,Fidelity Newbury Street Trust - Tax-Exempt Fund,1,2,4,10,6,3,2,4,31,-10.0,26.0,Poor,🔥 COILED: Stay away,31,0.0,0.0,0.0,50.0,0,,nan,nan,0.0
FMGXX,Goldman Sachs Trust - Investor Money Market Fund,1,2,4,10,6,3,2,4,31,-10.0,26.0,Poor,🔥 COILED: Stay away,31,0.0,0.0,0.0,50.0,0,,nan,nan,0.0
FMKXX,Goldman Sachs Trust - Investor Money Market Fund,1,2,4,10,6,3,2,4,31,-10.0,26.0,Poor,🔥 COILED: Stay away,31,0.0,0.0,0.0,50.0,0,,nan,nan,0.0
FMPXX,Fidelity Colchester Street Trust - Money Market Portfolio,1,2,4,10,6,3,2,4,31,-10.0,26.0,Poor,🔥 COILED: Stay away,31,0.0,0.0,0.0,50.0,0,,nan,nan,0.0
FMQXX,Fidelity Salem Street Trust - Fidelity SAI Municipal Money Market Fund,1,2,4,10,6,3,2,4,31,-10.0,26.0,Poor,🔥 COILED: Stay away,31,0.0,0.0,0.0,50.0,0,,nan,nan,0.0
FMSXX,Fidelity Massachusetts Municipal Trust - Fidelity Massachusetts AMT Tax-Free Money Market Fund,1,2,4,10,6,3,2,4,31,-10.0,26.0,Poor,🔥 COILED: Stay away,31,0.0,0.0,0.0,50.0,0,,nan,nan,0.0
FMYXX,Fidelity Colchester Street Trust - Money Market Portfolio,1,2,4,10,6,3,2,4,31,-10.0,26.0,Poor,🔥 COILED: Stay away,31,0.0,0.0,0.0,50.0,0,,nan,nan,0.0
FNCXX,Money Market Obligations Trust - Federated New York Municipal Cash Trust,1,2,4,10,6,3,2,4,31,-10.0,26.0,Poor,🔥 COILED: Stay away,31,0.0,0.0,0.0,50.0,0,,nan,nan,0.0
FNDXX,Federated Private Liquidity Funds-Prime Private Liquidity Fund,1,2,4,10,6,3,2,4,31,-10.0,26.0,Poor,🔥 COILED: Stay away,31,0.0,0.0,0.0,50.0,0,,nan,nan,0.0
FNKXX,Fidelity New York Municipal Trust II - Fidelity New York AMT Tax-Free Money Market Fund,1,2,4,10,6,3,2,4,31,-10.0,26.0,Poor,🔥 COILED: Stay away,31,0.0,0.0,0.0,50.0,0,,nan,nan,0.0
FNTXX,Money Market Obligations Trust - Federated New York Municipal Cash Trust,1,2,4,10,6,3,2,4,31,-10.0,26.0,Poor,🔥 COILED: Stay away,31,0.0,0.0,0.0,50.0,0,,nan,nan,0.0
FOAXX,Goldman Sachs Trust - Goldman Sachs Financial Square Government Fund,1,2,4,10,6,3,2,4,31,-10.0,26.0,Poor,🔥 COILED: Stay away,31,0.0,0.0,0.0,50.0,0,,nan,nan,0.0
FOCXX,First American Funds Inc. - Treasury Obligations Fund,1,2,4,10,6,3,2,4,31,-10.0,26.0,Poor,🔥 COILED: Stay away,31,0.0,0.0,0.0,50.0,0,,nan,nan,0.0
FOIXX,Fidelity Colchester Street Trust - Treasury Only Portfolio,1,2,4,10,6,3,2,4,31,-10.0,26.0,Poor,🔥 COILED: Stay away,31,0.0,0.0,0.0,50.0,0,,nan,nan,0.0
FODXX,First American Funds Inc. - U.S. Treasury Money Market Fund,1,2,4,10,6,3,2,4,31,-10.0,26.0,Poor,🔥 COILED: Stay away,31,0.0,0.0,0.0,50.0,0,,nan,nan,0.0
FOEXX,First American Funds Inc. - U.S. Treasury Money Market Fund,1,2,4,10,6,3,2,4,31,-10.0,26.0,Poor,🔥 COILED: Stay away,31,0.0,0.0,0.0,50.0,0,,nan,nan,0.0
FOXXX,Fidelity Colchester Street Trust - Treasury Only Portfolio,1,2,4,10,6,3,2,4,31,-10.0,26.0,Poor,🔥 COILED: Stay away,31,0.0,0.0,0.0,50.0,0,,nan,nan,0.0
FOPXX,Fidelity Colchester Street Trust - Treasury Only Portfolio,1,2,4,10,6,3,2,4,31,-10.0,26.0,Poor,🔥 COILED: Stay away,31,0.0,0.0,0.0,50.0,0,,nan,nan,0.0
FOSXX,Goldman Sachs Trust - Goldman Sachs Financial Square Government Fund,1,2,4,10,6,3,2,4,31,-10.0,26.0,Poor,🔥 COILED: Stay away,31,0.0,0.0,0.0,50.0,0,,nan,nan,0.0
FOYXX,First American Funds Inc. - U.S. Treasury Money Market Fund,1,2,4,10,6,3,2,4,31,-10.0,26.0,Poor,🔥 COILED: Stay away,31,0.0,0.0,0.0,50.0,0,,nan,nan,0.0
FOZXX,First American Funds Inc. - U.S. Treasury Money Market Fund,1,2,4,10,6,3,2,4,31,-10.0,26.0,Poor,🔥 COILED: Stay away,31,0.0,0.0,0.0,50.0,0,,nan,nan,0.0
FPPXX,First American Funds Inc. - Government Obligations Fund,1,2,4,10,6,3,2,4,31,-10.0,26.0,Poor,🔥 COILED: Stay away,31,0.0,0.0,0.0,50.0,0,,nan,nan,0.0
FPUXX,First American Funds Inc. - Retail Prime Obligations Fund,1,2,4,10,6,3,2,4,31,-10.0,26.0,Poor,🔥 COILED: Stay away,31,0.0,0.0,0.0,50.0,0,,nan,nan,0.0
FRBXX,Fidelity Colchester Street Trust - Treasury Portfolio,1,2,4,10,6,3,2,4,31,-10.0,26.0,Poor,🔥 COILED: Stay away,31,0.0,0.0,0.0,50.0,0,,nan,nan,0.0
FRFXX,Money Market Obligations Trust - Federated Hermes Capital Reserve Fund,1,2,4,10,6,3,2,4,31,-10.0,26.0,Poor,🔥 COILED: Stay away,31,0.0,0.0,0.0,50.0,0,,nan,nan,0.0
FRQXX,Franklin U.S. Government Money Fund,1,2,4,10,6,3,2,4,31,-10.0,26.0,Poor,🔥 COILED: Stay away,31,0.0,0.0,0.0,50.0,0,,nan,nan,0.0
FRRXX,Franklin U.S. Government Money Fund,1,2,4,10,6,3,2,4,31,-10.0,26.0,Poor,🔥 COILED: Stay away,31,0.0,0.0,0.0,50.0,0,,nan,nan,0.0
FSBXX,Fidelity California Municipal Trust II - Fidelity California AMT Tax-Free Money Market Fund,1,2,4,10,6,3,2,4,31,-10.0,26.0,Poor,🔥 COILED: Stay away,31,0.0,0.0,0.0,50.0,0,,nan,nan,0.0
FRSXX,Fidelity Colchester Street Trust - Treasury Only Portfolio,1,2,4,10,6,3,2,4,31,-10.0,26.0,Poor,🔥 COILED: Stay away,31,0.0,0.0,0.0,50.0,0,,nan,nan,0.0
FSGXX,Goldman Sachs Trust - Goldman Sachs Financial Square Government Fund,1,2,4,10,6,3,2,4,31,-10.0,26.0,Poor,🔥 COILED: Stay away,31,0.0,0.0,0.0,50.0,0,,nan,nan,0.0
FSJXX,Fidelity Court Street Trust II - Fidelity New Jersey AMT Tax-Free Money Market Fund,1,2,4,10,6,3,2,4,31,-10.0,26.0,Poor,🔥 COILED: Stay away,31,0.0,0.0,0.0,50.0,0,,nan,nan,0.0
FSNXX,Fidelity New York Municipal Trust II - Fidelity New York AMT Tax-Free Money Market Fund,1,2,4,10,6,3,2,4,31,-10.0,26.0,Poor,🔥 COILED: Stay away,31,0.0,0.0,0.0,50.0,0,,nan,nan,0.0
FSKXX,Fidelity Court Street Trust II - Fidelity New Jersey AMT Tax-Free Money Market Fund,1,2,4,10,6,3,2,4,31,-10.0,26.0,Poor,🔥 COILED: Stay away,31,0.0,0.0,0.0,50.0,0,,nan,nan,0.0
FSOXX,Goldman Sachs Trust - Goldman Sachs Financial Square Government Fund,1,2,4,10,6,3,2,4,31,-10.0,26.0,Poor,🔥 COILED: Stay away,31,0.0,0.0,0.0,50.0,0,,nan,nan,0.0
FSRXX,Fidelity Newbury Street Trust - Treasury Fund,1,2,4,10,6,3,2,4,31,-10.0,26.0,Poor,🔥 COILED: Stay away,31,0.0,0.0,0.0,50.0,0,,nan,nan,0.0
FSXXX,Fidelity Colchester Street Trust - Tax-Exempt Portfolio,1,2,4,10,6,3,2,4,31,-10.0,26.0,Poor,🔥 COILED: Stay away,31,0.0,0.0,0.0,50.0,0,,nan,nan,0.0
FTAXX,First American Funds Inc. - Retail Tax Free Obligations Fund,1,2,4,10,6,3,2,4,31,-10.0,26.0,Poor,🔥 COILED: Stay away,31,0.0,0.0,0.0,50.0,0,,nan,nan,0.0
FTCXX,Fidelity Colchester Street Trust - Tax-Exempt Portfolio,1,2,4,10,6,3,2,4,31,-10.0,26.0,Poor,🔥 COILED: Stay away,31,0.0,0.0,0.0,50.0,0,,nan,nan,0.0
FTFXX,Money Market Obligations Trust - Federated Institutional Tax-Free Cash Trust,1,2,4,10,6,3,2,4,31,-10.0,26.0,Poor,🔥 COILED: Stay away,31,0.0,0.0,0.0,50.0,0,,nan,nan,0.0
FTDXX,First American Funds Inc. - Treasury Obligations Fund,1,2,4,10,6,3,2,4,31,-10.0,26.0,Poor,🔥 COILED: Stay away,31,0.0,0.0,0.0,50.0,0,,nan,nan,0.0
FTGXX,First American Funds Inc. - Government Obligations Fund,1,2,4,10,6,3,2,4,31,-10.0,26.0,Poor,🔥 COILED: Stay away,31,0.0,0.0,0.0,50.0,0,,nan,nan,0.0
FTJXX,First American Funds Inc. - Retail Tax Free Obligations Fund,1,2,4,10,6,3,2,4,31,-10.0,26.0,Poor,🔥 COILED: Stay away,31,0.0,0.0,0.0,50.0,0,,nan,nan,0.0
FTKXX,First American Funds Inc. - U.S. Treasury Money Market Fund,1,2,4,10,6,3,2,4,31,-10.0,26.0,Poor,🔥 COILED: Stay away,31,0.0,0.0,0.0,50.0,0,,nan,nan,0.0
FTOXX,Goldman Sachs Trust - Goldman Sachs Financial Square Treasury Obligations Fund,1,2,4,10,6,3,2,4,31,-10.0,26.0,Poor,🔥 COILED: Stay away,31,0.0,0.0,0.0,50.0,0,,nan,nan,0.0
FTTXX,Fifth Third Funds - Fifth Third US Treasury Money Market Fund,1,2,4,10,6,3,2,4,31,-10.0,26.0,Poor,🔥 COILED: Stay away,31,0.0,0.0,0.0,50.0,0,,nan,nan,0.0
FTQXX,Franklin U.S. Government Money Fund,1,2,4,10,6,3,2,4,31,-10.0,26.0,Poor,🔥 COILED: Stay away,31,0.0,0.0,0.0,50.0,0,,nan,nan,0.0
FTUXX,Fidelity Colchester Street Trust - Treasury Portfolio,1,2,4,10,6,3,2,4,31,-10.0,26.0,Poor,🔥 COILED: Stay away,31,0.0,0.0,0.0,50.0,0,,nan,nan,0.0
FTVXX,Fidelity Colchester Street Trust - Treasury Portfolio,1,2,4,10,6,3,2,4,31,-10.0,26.0,Poor,🔥 COILED: Stay away,31,0.0,0.0,0.0,50.0,0,,nan,nan,0.0
FTXXX,Goldman Sachs Trust - Goldman Sachs Investor Tax-Exempt Money Market Fund,1,2,4,10,6,3,2,4,31,-10.0,26.0,Poor,🔥 COILED: Stay away,31,0.0,0.0,0.0,50.0,0,,nan,nan,0.0
FTYXX,Fidelity Colchester Street Trust - Treasury Only Portfolio,1,2,4,10,6,3,2,4,31,-10.0,26.0,Poor,🔥 COILED: Stay away,31,0.0,0.0,0.0,50.0,0,,nan,nan,0.0
FTZXX,First American Funds Inc. - Retail Tax Free Obligations Fund,1,2,4,10,6,3,2,4,31,-10.0,26.0,Poor,🔥 COILED: Stay away,31,0.0,0.0,0.0,50.0,0,,nan,nan,0.0
FUIXX,First American Funds Inc. - U.S. Treasury Money Market Fund,1,2,4,10,6,3,2,4,31,-10.0,26.0,Poor,🔥 COILED: Stay away,31,0.0,0.0,0.0,50.0,0,,nan,nan,0.0
FUGXX,Invesco Treasurers Series Trust - Invesco Premier U.S. Government Money Portfolio,1,2,4,10,6,3,2,4,31,-10.0,26.0,Poor,🔥 COILED: Stay away,31,0.0,0.0,0.0,50.0,0,,nan,nan,0.0
FUPXX,First American Funds Inc. - Treasury Obligations Fund,1,2,4,10,6,3,2,4,31,-10.0,26.0,Poor,🔥 COILED: Stay away,31,0.0,0.0,0.0,50.0,0,,nan,nan,0.0
FUZXX,First American Funds Inc. - Treasury Obligations Fund,1,2,4,10,6,3,2,4,31,-10.0,26.0,Poor,🔥 COILED: Stay away,31,0.0,0.0,0.0,50.0,0,,nan,nan,0.0
FVAXX,Goldman Sachs Trust - Goldman Sachs Financial Square Federal Fund,1,2,4,10,6,3,2,4,31,-10.0,26.0,Poor,🔥 COILED: Stay away,31,0.0,0.0,0.0,50.0,0,,nan,nan,0.0
FVIXX,First American Funds Inc. - Government Obligations Fund,1,2,4,10,6,3,2,4,31,-10.0,26.0,Poor,🔥 COILED: Stay away,31,0.0,0.0,0.0,50.0,0,,nan,nan,0.0
FXRXX,First American Funds Inc. - U.S. Treasury Money Market Fund,1,2,4,10,6,3,2,4,31,-10.0,26.0,Poor,🔥 COILED: Stay away,31,0.0,0.0,0.0,50.0,0,,nan,nan,0.0
FVSXX,Goldman Sachs Trust - Goldman Sachs Financial Square Federal Fund,1,2,4,10,6,3,2,4,31,-10.0,26.0,Poor,🔥 COILED: Stay away,31,0.0,0.0,0.0,50.0,0,,nan,nan,0.0
FYAXX,Goldman Sachs Trust - Goldman Sachs Financial Square Treasury Obligations Fund,1,2,4,10,6,3,2,4,31,-10.0,26.0,Poor,🔥 COILED: Stay away,31,0.0,0.0,0.0,50.0,0,,nan,nan,0.0
FYRXX,First American Funds Inc. - Retail Prime Obligations Fund,1,2,4,10,6,3,2,4,31,-10.0,26.0,Poor,🔥 COILED: Stay away,31,0.0,0.0,0.0,50.0,0,,nan,nan,0.0
FYSXX,Goldman Sachs Trust - Goldman Sachs Financial Square Treasury Instruments Fund,1,2,4,10,6,3,2,4,31,-10.0,26.0,Poor,🔥 COILED: Stay away,31,0.0,0.0,0.0,50.0,0,,nan,nan,0.0
FZBXX,Fidelity Hereford Street Trust - Fidelity Government Money Market Fund,1,2,4,10,6,3,2,4,31,-10.0,26.0,Poor,🔥 COILED: Stay away,31,0.0,0.0,0.0,50.0,0,,nan,nan,0.0
FZAXX,Fidelity Hereford Street Trust - Fidelity Government Money Market Fund,1,2,4,10,6,3,2,4,31,-10.0,26.0,Poor,🔥 COILED: Stay away,31,0.0,0.0,0.0,50.0,0,,nan,nan,0.0
FZEXX,Fidelity Newbury Street Trust - Tax-Exempt Fund,1,2,4,10,6,3,2,4,31,-10.0,26.0,Poor,🔥 COILED: Stay away,31,0.0,0.0,0.0,50.0,0,,nan,nan,0.0
FZFXX,Fidelity Newbury Street Trust - Treasury Fund,1,2,4,10,6,3,2,4,31,-10.0,26.0,Poor,🔥 COILED: Stay away,31,0.0,0.0,0.0,50.0,0,,nan,nan,0.0
FZRXX,First American Funds Inc. - Retail Prime Obligations Fund,1,2,4,10,6,3,2,4,31,-10.0,26.0,Poor,🔥 COILED: Stay away,31,0.0,0.0,0.0,50.0,0,,nan,nan,0.0
FZGXX,Fidelity Hereford Street Trust - Fidelity Government Money Market Fund,1,2,4,10,6,3,2,4,31,-10.0,26.0,Poor,🔥 COILED: Stay away,31,0.0,0.0,0.0,50.0,0,,nan,nan,0.0
GABXX,The Gabelli Money Market Funds - The Gabelli U.S. Treasury Money Market Fund,1,2,4,10,6,3,2,4,31,-10.0,26.0,Poor,🔥 COILED: Stay away,31,0.0,0.0,0.0,50.0,0,,nan,nan,0.0
GBAXX,The Gabelli Money Market Funds - The Gabelli U.S. Treasury Money Market Fund,1,2,4,10,6,3,2,4,31,-10.0,26.0,Poor,🔥 COILED: Stay away,31,0.0,0.0,0.0,50.0,0,,nan,nan,0.0
GBCXX,The Gabelli Money Market Funds - The Gabelli U.S. Treasury Money Market Fund,1,2,4,10,6,3,2,4,31,-10.0,26.0,Poor,🔥 COILED: Stay away,31,0.0,0.0,0.0,50.0,0,,nan,nan,0.0
GCGXX,Goldman Sachs Trust - Goldman Sachs Financial Square Government Fund,1,2,4,10,6,3,2,4,31,-10.0,26.0,Poor,🔥 COILED: Stay away,31,0.0,0.0,0.0,50.0,0,,nan,nan,0.0
GCFXX,Goldman Sachs Trust - Goldman Sachs Financial Square Federal Fund,1,2,4,10,6,3,2,4,31,-10.0,26.0,Poor,🔥 COILED: Stay away,31,0.0,0.0,0.0,50.0,0,,nan,nan,0.0
GCIXX,Goldman Sachs Trust - Goldman Sachs Financial Square Treasury Instruments Fund,1,2,4,10,6,3,2,4,31,-10.0,26.0,Poor,🔥 COILED: Stay away,31,0.0,0.0,0.0,50.0,0,,nan,nan,0.0
GFAXX,SEI Daily Income Trust - Government Fund,1,2,4,10,6,3,2,4,31,-10.0,26.0,Poor,🔥 COILED: Stay away,31,0.0,0.0,0.0,50.0,0,,nan,nan,0.0
GFCXX,Goldman Sachs Trust - Goldman Sachs Financial Square Federal Fund,1,2,4,10,6,3,2,4,31,-10.0,26.0,Poor,🔥 COILED: Stay away,31,0.0,0.0,0.0,50.0,0,,nan,nan,0.0
GCTXX,Goldman Sachs Trust - Goldman Sachs Financial Square Treasury Obligations Fund,1,2,4,10,6,3,2,4,31,-10.0,26.0,Poor,🔥 COILED: Stay away,31,0.0,0.0,0.0,50.0,0,,nan,nan,0.0
GFPXX,Goldman Sachs Trust - Goldman Sachs Financial Square Federal Fund,1,2,4,10,6,3,2,4,31,-10.0,26.0,Poor,🔥 COILED: Stay away,31,0.0,0.0,0.0,50.0,0,,nan,nan,0.0
GICXX,Goldman Sachs Trust - Goldman Sachs Financial Square Treasury Instruments Fund,1,2,4,10,6,3,2,4,31,-10.0,26.0,Poor,🔥 COILED: Stay away,31,0.0,0.0,0.0,50.0,0,,nan,nan,0.0
GGPXX,Goldman Sachs Trust - Goldman Sachs Financial Square Government Fund,1,2,4,10,6,3,2,4,31,-10.0,26.0,Poor,🔥 COILED: Stay away,31,0.0,0.0,0.0,50.0,0,,nan,nan,0.0
GIPXX,Goldman Sachs Trust - Goldman Sachs Financial Square Treasury Instruments Fund,1,2,4,10,6,3,2,4,31,-10.0,26.0,Poor,🔥 COILED: Stay away,31,0.0,0.0,0.0,50.0,0,,nan,nan,0.0
GMBXX,General Money Market Fund Inc.,1,2,4,10,6,3,2,4,31,-10.0,26.0,Poor,🔥 COILED: Stay away,31,0.0,0.0,0.0,50.0,0,,nan,nan,0.0
GMIXX,Nationwide Mutual Funds - Nationwide Money Market Fund,1,2,4,10,6,3,2,4,31,-10.0,26.0,Poor,🔥 COILED: Stay away,31,0.0,0.0,0.0,50.0,0,,nan,nan,0.0
GMGXX,General Money Market Fund Inc.,1,2,4,10,6,3,2,4,31,-10.0,26.0,Poor,🔥 COILED: Stay away,31,0.0,0.0,0.0,50.0,0,,nan,nan,0.0
GMCXX,AIM Investment Secs Fds (Invesco Invt Secs Fds) - Invesco U.S. Government Money Portfolio,1,2,4,10,6,3,2,4,31,-10.0,26.0,Poor,🔥 COILED: Stay away,31,0.0,0.0,0.0,50.0,0,,nan,nan,0.0
GMMXX,General Money Market Fund Inc.,1,2,4,10,6,3,2,4,31,-10.0,26.0,Poor,🔥 COILED: Stay away,31,0.0,0.0,0.0,50.0,0,,nan,nan,0.0
GMLXX,AIM Investment Secs Fds (Invesco Invt Secs Fds) - Invesco U.S. Government Money Portfolio,1,2,4,10,6,3,2,4,31,-10.0,26.0,Poor,🔥 COILED: Stay away,31,0.0,0.0,0.0,50.0,0,,nan,nan,0.0
GMQXX,AIM Investment Secs Fds (Invesco Invt Secs Fds) - Invesco U.S. Government Money Portfolio,1,2,4,10,6,3,2,4,31,-10.0,26.0,Poor,🔥 COILED: Stay away,31,0.0,0.0,0.0,50.0,0,,nan,nan,0.0
GMOXX,AB Fixed-Income Shares Inc. - AB Government Money Market Portfolio,1,2,4,10,6,3,2,4,31,-10.0,26.0,Poor,🔥 COILED: Stay away,31,0.0,0.0,0.0,50.0,0,,nan,nan,0.0
GMRXX,AIM Investment Secs Fds (Invesco Invt Secs Fds) - Invesco U.S. Government Money Portfolio,1,2,4,10,6,3,2,4,31,-10.0,26.0,Poor,🔥 COILED: Stay away,31,0.0,0.0,0.0,50.0,0,,nan,nan,0.0
GMZXX,GuideStone Funds - Money Market Fund,1,2,4,10,6,3,2,4,31,-10.0,26.0,Poor,🔥 COILED: Stay away,31,0.0,0.0,0.0,50.0,0,,nan,nan,0.0
GMYXX,GuideStone Funds - Money Market Fund,1,2,4,10,6,3,2,4,31,-10.0,26.0,Poor,🔥 COILED: Stay away,31,0.0,0.0,0.0,50.0,0,,nan,nan,0.0
GOAXX,Money Market Obligations Trust - Federated Hermes Government Obligations Tax-Managed Fund,1,2,4,10,6,3,2,4,31,-10.0,26.0,Poor,🔥 COILED: Stay away,31,0.0,0.0,0.0,50.0,0,,nan,nan,0.0
GOFXX,Money Market Obligations Trust - Federated Government Obligations Fund,1,2,4,10,6,3,2,4,31,-10.0,26.0,Poor,🔥 COILED: Stay away,31,0.0,0.0,0.0,50.0,0,,nan,nan,0.0
GOIXX,Federated Hermes Govt Obl IS,1,2,4,10,6,3,2,4,31,-10.0,26.0,Poor,🔥 COILED: Stay away,31,0.0,0.0,0.0,50.0,0,,nan,nan,0.0
GOTXX,Money Market Obligations Trust - Federated Hermes Government Obligations Tax-Managed Fund,1,2,4,10,6,3,2,4,31,-10.0,26.0,Poor,🔥 COILED: Stay away,31,0.0,0.0,0.0,50.0,0,,nan,nan,0.0
GPFXX,Goldman Sachs Trust - Goldman Sachs Financial Square Federal Fund,1,2,4,10,6,3,2,4,31,-10.0,26.0,Poor,🔥 COILED: Stay away,31,0.0,0.0,0.0,50.0,0,,nan,nan,0.0
GOVXX,Money Market Obligations Trust - Federated Government Obligations Fund,1,2,4,10,6,3,2,4,31,-10.0,26.0,Poor,🔥 COILED: Stay away,31,0.0,0.0,0.0,50.0,0,,nan,nan,0.0
GPOXX,Goldman Sachs Trust - Goldman Sachs Financial Square Treasury Obligations Fund,1,2,4,10,6,3,2,4,31,-10.0,26.0,Poor,🔥 COILED: Stay away,31,0.0,0.0,0.0,50.0,0,,nan,nan,0.0
GPGXX,Goldman Sachs Trust - Goldman Sachs Financial Square Government Fund,1,2,4,10,6,3,2,4,31,-10.0,26.0,Poor,🔥 COILED: Stay away,31,0.0,0.0,0.0,50.0,0,,nan,nan,0.0
GPIXX,Goldman Sachs Trust - Goldman Sachs Financial Square Treasury Instruments Fund,1,2,4,10,6,3,2,4,31,-10.0,26.0,Poor,🔥 COILED: Stay away,31,0.0,0.0,0.0,50.0,0,,nan,nan,0.0
GPVXX,Short-Term Investment Trust - Invesco Government & Agency Portfolio,1,2,4,10,6,3,2,4,31,-10.0,26.0,Poor,🔥 COILED: Stay away,31,0.0,0.0,0.0,50.0,0,,nan,nan,0.0
GPTXX,Goldman Sachs Trust - Goldman Sachs Investor Tax-Exempt Money Market Fund,1,2,4,10,6,3,2,4,31,-10.0,26.0,Poor,🔥 COILED: Stay away,31,0.0,0.0,0.0,50.0,0,,nan,nan,0.0
GRCXX,Money Market Obligations Trust - Federated Hermes Government Reserves Fund,1,2,4,10,6,3,2,4,31,-10.0,26.0,Poor,🔥 COILED: Stay away,31,0.0,0.0,0.0,50.0,0,,nan,nan,0.0
GRAXX,Money Market Obligations Trust - Federated Hermes Government Reserves Fund,1,2,4,10,6,3,2,4,31,-10.0,26.0,Poor,🔥 COILED: Stay away,31,0.0,0.0,0.0,50.0,0,,nan,nan,0.0
GRFXX,Money Market Obligations Trust - Federated Hermes Government Reserves Fund,1,2,4,10,6,3,2,4,31,-10.0,26.0,Poor,🔥 COILED: Stay away,31,0.0,0.0,0.0,50.0,0,,nan,nan,0.0
GSFXX,Goldman Sachs Trust - Goldman Sachs Financial Square Federal Fund,1,2,4,10,6,3,2,4,31,-10.0,26.0,Poor,🔥 COILED: Stay away,31,0.0,0.0,0.0,50.0,0,,nan,nan,0.0
GRGXX,Money Market Obligations Trust - Federated Hermes Government Reserves Fund,1,2,4,10,6,3,2,4,31,-10.0,26.0,Poor,🔥 COILED: Stay away,31,0.0,0.0,0.0,50.0,0,,nan,nan,0.0
GSIXX,Goldman Sachs Trust - Goldman Sachs Financial Square Treasury Instruments Fund,1,2,4,10,6,3,2,4,31,-10.0,26.0,Poor,🔥 COILED: Stay away,31,0.0,0.0,0.0,50.0,0,,nan,nan,0.0
GSGXX,Goldman Sachs Trust - Goldman Sachs Financial Square Government Fund,1,2,4,10,6,3,2,4,31,-10.0,26.0,Poor,🔥 COILED: Stay away,31,0.0,0.0,0.0,50.0,0,,nan,nan,0.0
GSOXX,Goldman Sachs Trust - Goldman Sachs Financial Square Treasury Obligations Fund,1,2,4,10,6,3,2,4,31,-10.0,26.0,Poor,🔥 COILED: Stay away,31,0.0,0.0,0.0,50.0,0,,nan,nan,0.0
GTOXX,Goldman Sachs Trust - Goldman Sachs Financial Square Treasury Obligations Fund,1,2,4,10,6,3,2,4,31,-10.0,26.0,Poor,🔥 COILED: Stay away,31,0.0,0.0,0.0,50.0,0,,nan,nan,0.0
GTPXX,Goldman Sachs Trust - Goldman Sachs Financial Square Treasury Obligations Fund,1,2,4,10,6,3,2,4,31,-10.0,26.0,Poor,🔥 COILED: Stay away,31,0.0,0.0,0.0,50.0,0,,nan,nan,0.0
GTRXX,Goldman Sachs Trust - Goldman Sachs Financial Square Treasury Obligations Fund,1,2,4,10,6,3,2,4,31,-10.0,26.0,Poor,🔥 COILED: Stay away,31,0.0,0.0,0.0,50.0,0,,nan,nan,0.0
GTSXX,Money Market Obligations Trust - Federated Hermes Government Obligations Tax-Managed Fund,1,2,4,10,6,3,2,4,31,-10.0,26.0,Poor,🔥 COILED: Stay away,31,0.0,0.0,0.0,50.0,0,,nan,nan,0.0
GVCXX,Goldman Sachs Trust - Goldman Sachs Financial Square Government Fund,1,2,4,10,6,3,2,4,31,-10.0,26.0,Poor,🔥 COILED: Stay away,31,0.0,0.0,0.0,50.0,0,,nan,nan,0.0
GVIXX,Allspring Funds Trust - Allspring Government Money Market Fund,1,2,4,10,6,3,2,4,31,-10.0,26.0,Poor,🔥 COILED: Stay away,31,0.0,0.0,0.0,50.0,0,,nan,nan,0.0
GVSXX,State Street Insti U.S. Government Money Market Fd Service Class,1,2,4,10,6,3,2,4,31,-10.0,26.0,Poor,🔥 COILED: Stay away,31,0.0,0.0,0.0,50.0,0,,nan,nan,0.0
GVRXX,Goldman Sachs Trust - Goldman Sachs Financial Square Government Fund,1,2,4,10,6,3,2,4,31,-10.0,26.0,Poor,🔥 COILED: Stay away,31,0.0,0.0,0.0,50.0,0,,nan,nan,0.0
HBIXX,HSBC Funds - HSBC U.S. Treasury Money Market Fund,1,2,4,10,6,3,2,4,31,-10.0,26.0,Poor,🔥 COILED: Stay away,31,0.0,0.0,0.0,50.0,0,,nan,nan,0.0
GVVXX,State Street Master Funds - State Street U.S. Government Money Market Portfolio,1,2,4,10,6,3,2,4,31,-10.0,26.0,Poor,🔥 COILED: Stay away,31,0.0,0.0,0.0,50.0,0,,nan,nan,0.0
HDIXX,Homestead Funds Inc. - Daily Income Fund,1,2,4,10,6,3,2,4,31,-10.0,26.0,Poor,🔥 COILED: Stay away,31,0.0,0.0,0.0,50.0,0,,nan,nan,0.0
HGDXX,HSBC Funds - HSBC U.S. Government Money Market Fund,1,2,4,10,6,3,2,4,31,-10.0,26.0,Poor,🔥 COILED: Stay away,31,0.0,0.0,0.0,50.0,0,,nan,nan,0.0
HGFXX,HSBC Funds - HSBC U.S. Government Money Market Fund,1,2,4,10,6,3,2,4,31,-10.0,26.0,Poor,🔥 COILED: Stay away,31,0.0,0.0,0.0,50.0,0,,nan,nan,0.0
HGGXX,HSBC Funds - HSBC U.S. Government Money Market Fund,1,2,4,10,6,3,2,4,31,-10.0,26.0,Poor,🔥 COILED: Stay away,31,0.0,0.0,0.0,50.0,0,,nan,nan,0.0
HGIXX,HSBC Funds - HSBC U.S. Government Money Market Fund,1,2,4,10,6,3,2,4,31,-10.0,26.0,Poor,🔥 COILED: Stay away,31,0.0,0.0,0.0,50.0,0,,nan,nan,0.0
HTDXX,HSBC Funds - HSBC U.S. Treasury Money Market Fund,1,2,4,10,6,3,2,4,31,-10.0,26.0,Poor,🔥 COILED: Stay away,31,0.0,0.0,0.0,50.0,0,,nan,nan,0.0
HTFXX,HSBC Funds - HSBC U.S. Treasury Money Market Fund,1,2,4,10,6,3,2,4,31,-10.0,26.0,Poor,🔥 COILED: Stay away,31,0.0,0.0,0.0,50.0,0,,nan,nan,0.0
HTGXX,HSBC Funds - HSBC U.S. Treasury Money Market Fund,1,2,4,10,6,3,2,4,31,-10.0,26.0,Poor,🔥 COILED: Stay away,31,0.0,0.0,0.0,50.0,0,,nan,nan,0.0
HTYXX,HSBC Funds - HSBC U.S. Treasury Money Market Fund,1,2,4,10,6,3,2,4,31,-10.0,26.0,Poor,🔥 COILED: Stay away,31,0.0,0.0,0.0,50.0,0,,nan,nan,0.0
IATXX,Transamerica Funds - Transamerica Government Money Market,1,2,4,10,6,3,2,4,31,-10.0,26.0,Poor,🔥 COILED: Stay away,31,0.0,0.0,0.0,50.0,0,,nan,nan,0.0
ICAXX,DWS Government Money Market Series - Institutional,1,2,4,10,6,3,2,4,31,-10.0,26.0,Poor,🔥 COILED: Stay away,31,0.0,0.0,0.0,50.0,0,,nan,nan,0.0
ICTXX,Investors Cash Trust - DWS Treasury Portfolio,1,2,4,10,6,3,2,4,31,-10.0,26.0,Poor,🔥 COILED: Stay away,31,0.0,0.0,0.0,50.0,0,,nan,nan,0.0
IMLXX,Transamerica Funds - Transamerica Government Money Market,1,2,4,10,6,3,2,4,31,-10.0,26.0,Poor,🔥 COILED: Stay away,31,0.0,0.0,0.0,50.0,0,,nan,nan,0.0
IMRXX,AIM Treasurer's Series Trust (Invesco Treasurer's Series Trust) - Invesco Premier Portfolio,1,2,4,10,6,3,2,4,31,-10.0,26.0,Poor,🔥 COILED: Stay away,31,0.0,0.0,0.0,50.0,0,,nan,nan,0.0
INAXX,AIM Investment Securities Funds (Invesco Investment Securities Funds) - Government Money Market Fund,1,2,4,10,6,3,2,4,31,-10.0,26.0,Poor,🔥 COILED: Stay away,31,0.0,0.0,0.0,50.0,0,,nan,nan,0.0
INGXX,Legg Mason Partners Institutional Trust - Western Asset Institutional Government Reserves,1,2,4,10,6,3,2,4,31,-10.0,26.0,Poor,🔥 COILED: Stay away,31,0.0,0.0,0.0,50.0,0,,nan,nan,0.0
INVXX,AIM Investment Securities Funds (Invesco Investment Securities Funds) - Government Money Market Fund,1,2,4,10,6,3,2,4,31,-10.0,26.0,Poor,🔥 COILED: Stay away,31,0.0,0.0,0.0,50.0,0,,nan,nan,0.0
IPTXX,AIM Treasurer's Series Trust (Invesco Treasurer's Series Trust) - Invesco Premier Portfolio,1,2,4,10,6,3,2,4,31,-10.0,26.0,Poor,🔥 COILED: Stay away,31,0.0,0.0,0.0,50.0,0,,nan,nan,0.0
IPPXX,AIM Treasurer's Series Trust (Invesco Treasurer's Series Trust) - Invesco Premier Portfolio,1,2,4,10,6,3,2,4,31,-10.0,26.0,Poor,🔥 COILED: Stay away,31,0.0,0.0,0.0,50.0,0,,nan,nan,0.0
IPVXX,AIM Treasurer's Series Trust (Invesco Treasurer's Series Trust) - Invesco Premier Portfolio,1,2,4,10,6,3,2,4,31,-10.0,26.0,Poor,🔥 COILED: Stay away,31,0.0,0.0,0.0,50.0,0,,nan,nan,0.0
IRCXX,AIM Treasurer's Series Trust (Invesco Treasurer's Series Trust) - Invesco Premier Portfolio,1,2,4,10,6,3,2,4,31,-10.0,26.0,Poor,🔥 COILED: Stay away,31,0.0,0.0,0.0,50.0,0,,nan,nan,0.0
IRVXX,AIM Treasurer's Series Trust (Invesco Treasurer's Series Trust) - Invesco Premier Portfolio,1,2,4,10,6,3,2,4,31,-10.0,26.0,Poor,🔥 COILED: Stay away,31,0.0,0.0,0.0,50.0,0,,nan,nan,0.0
ISSXX,Federated Private Liquidity Funds-Prime Private Liquidity Fund,1,2,4,10,6,3,2,4,31,-10.0,26.0,Poor,🔥 COILED: Stay away,31,0.0,0.0,0.0,50.0,0,,nan,nan,0.0
ITVXX,Investors Cash Trust - DWS Treasury Portfolio,1,2,4,10,6,3,2,4,31,-10.0,26.0,Poor,🔥 COILED: Stay away,31,0.0,0.0,0.0,50.0,0,,nan,nan,0.0
IUSXX,Treasury Portfolio - Deutsche U.S. Treasury Money Fund,1,2,4,10,6,3,2,4,31,-10.0,26.0,Poor,🔥 COILED: Stay away,31,0.0,0.0,0.0,50.0,0,,nan,nan,0.0
IVMXX,Voya Government Money Market Portfolio,1,2,4,10,6,3,2,4,31,-10.0,26.0,Poor,🔥 COILED: Stay away,31,0.0,0.0,0.0,50.0,0,,nan,nan,0.0
JAMXX,Janus Investment Fund - Janus Money Market Fund,1,2,4,10,6,3,2,4,31,-10.0,26.0,Poor,🔥 COILED: Stay away,31,0.0,0.0,0.0,50.0,0,,nan,nan,0.0
JHOXX,John Hancock Variable Insurance Trust - Money Market Trust,1,2,4,10,6,3,2,4,31,-10.0,26.0,Poor,🔥 COILED: Stay away,31,0.0,0.0,0.0,50.0,0,,nan,nan,0.0
JMCXX,John Hancock Money Market Fund Class C,1,2,4,10,6,3,2,4,31,-10.0,26.0,Poor,🔥 COILED: Stay away,31,0.0,0.0,0.0,50.0,0,,nan,nan,0.0
JNSXX,Edward Jones Money Market Fund,1,2,4,10,6,3,2,4,31,-10.0,26.0,Poor,🔥 COILED: Stay away,31,0.0,0.0,0.0,50.0,0,,nan,nan,0.0
JNMXX,Janus Investment Fund - Janus Money Market Fund,1,2,4,10,6,3,2,4,31,-10.0,26.0,Poor,🔥 COILED: Stay away,31,0.0,0.0,0.0,50.0,0,,nan,nan,0.0
KMMXX,DWS Money Market Prime Series - DWS Money Market Fund,1,2,4,10,6,3,2,4,31,-10.0,26.0,Poor,🔥 COILED: Stay away,31,0.0,0.0,0.0,50.0,0,,nan,nan,0.0
JRSXX,ftse-kicks-2011-off-boosted-by-oil-manufacturing.aspx,1,2,4,10,6,3,2,4,31,-10.0,26.0,Poor,🔥 COILED: Stay away,31,0.0,0.0,0.0,50.0,0,,nan,nan,0.0
LACXX,Lord Abbett U.S. Govt & Govt Sponsored Enterprises Money Mkt Fd Inc.,1,2,4,10,6,3,2,4,31,-10.0,26.0,Poor,🔥 COILED: Stay away,31,0.0,0.0,0.0,50.0,0,,nan,nan,0.0
LAIXX,Legg Mason Partners Institutional Trust - U.S. Treasury Obligations Money Market Fund,1,2,4,10,6,3,2,4,31,-10.0,26.0,Poor,🔥 COILED: Stay away,31,0.0,0.0,0.0,50.0,0,,nan,nan,0.0
LAOXX,Legg Mason Partners Institutional Trust - U.S. Treasury Obligations Money Market Fund,1,2,4,10,6,3,2,4,31,-10.0,26.0,Poor,🔥 COILED: Stay away,31,0.0,0.0,0.0,50.0,0,,nan,nan,0.0
LCCXX,Lord Abbett U.S. Government & Government Sponsored Enterprises Money Market Fund,1,2,4,10,6,3,2,4,31,-10.0,26.0,Poor,🔥 COILED: Stay away,31,0.0,0.0,0.0,50.0,0,,nan,nan,0.0
LAYXX,Lord Abbett U.S. Govt & Govt Sponsored Entpr MMkt Fd Cl I,1,2,4,10,6,3,2,4,31,-10.0,26.0,Poor,🔥 COILED: Stay away,31,0.0,0.0,0.0,50.0,0,,nan,nan,0.0
LGRXX,Legg Mason Partners Institutional Trust - Western Asset Institutional Government Reserves,1,2,4,10,6,3,2,4,31,-10.0,26.0,Poor,🔥 COILED: Stay away,31,0.0,0.0,0.0,50.0,0,,nan,nan,0.0
LTFXX,LeggMason Partners Institutional Trust - Western Asset Institutional Tax Free Reserves,1.0,4,4,8,6,3,2,4,31,-10.0,26.0,Poor,🔥 COILED: Stay away,30,0.0,0.0,-0.0,48.1,0,,nan,nan,0.0
LTRXX,Legg Mason Partners Institutional Trust - Western Asset Institutional U.S. Treasury Reserves,1,2,4,10,6,3,2,4,31,-10.0,26.0,Poor,🔥 COILED: Stay away,31,0.0,0.0,0.0,50.0,0,,nan,nan,0.0
LWPXX,Legg Mason Partners Institutional Trust - Western Asset Institutional Government Reserves,1,2,4,10,6,3,2,4,31,-10.0,26.0,Poor,🔥 COILED: Stay away,31,0.0,0.0,0.0,50.0,0,,nan,nan,0.0
LUIXX,Legg Mason Partners Institutional Trust - U.S. Treasury Obligations Money Market Fund,1,2,4,10,6,3,2,4,31,-10.0,26.0,Poor,🔥 COILED: Stay away,31,0.0,0.0,0.0,50.0,0,,nan,nan,0.0
MAAXX,Money Market Fund,1,2,4,10,6,3,2,4,31,-10.0,26.0,Poor,🔥 COILED: Stay away,31,0.0,0.0,0.0,50.0,0,,nan,nan,0.0
MAMXX,Morgan Stanley Institutional Liquidity Funds - Treasury Securities Portfolio,1,2,4,10,6,3,2,4,31,-10.0,26.0,Poor,🔥 COILED: Stay away,31,0.0,0.0,0.0,50.0,0,,nan,nan,0.0
MAOXX,Morgan Stanley Institutional Liquidity Funds - Treasury Portfolio,1,2,4,10,6,3,2,4,31,-10.0,26.0,Poor,🔥 COILED: Stay away,31,0.0,0.0,0.0,50.0,0,,nan,nan,0.0
MAYXX,Morgan Stanley Institutional Liquidity Funds -  Government Portfolio,1,2,4,10,6,3,2,4,31,-10.0,26.0,Poor,🔥 COILED: Stay away,31,0.0,0.0,0.0,50.0,0,,nan,nan,0.0
MCCXX,MFS Series Trust I - MFS U.S. Government Cash Reserve Fund,1,2,4,10,6,3,2,4,31,-10.0,26.0,Poor,🔥 COILED: Stay away,31,0.0,0.0,0.0,50.0,0,,nan,nan,0.0
MCBXX,BlackRock Financial Institutions Series Trust - BlackRock Summit Cash Reserves Fund,1,2,4,10,6,3,2,4,31,-10.0,26.0,Poor,🔥 COILED: Stay away,31,0.0,0.0,0.0,50.0,0,,nan,nan,0.0
MCDXX,BlackRock Liquidity Funds - MuniCash,1,2,4,10,6,3,2,4,31,-10.0,26.0,Poor,🔥 COILED: Stay away,31,0.0,0.0,0.0,50.0,0,,nan,nan,0.0
MCMXX,MFS Series Trust IV - MFS U.S. Government Money Market Fund,1,2,4,10,6,3,2,4,31,-10.0,26.0,Poor,🔥 COILED: Stay away,31,0.0,0.0,0.0,50.0,0,,nan,nan,0.0
MCHXX,Morgan Stanley Institutional Liquidity Funds - Government Securities Portfolio,1,2,4,10,6,3,2,4,31,-10.0,26.0,Poor,🔥 COILED: Stay away,31,0.0,0.0,0.0,50.0,0,,nan,nan,0.0
MCRXX,MFS Series Trust I - MFS U.S. Government Cash Reserve Fund,1,2,4,10,6,3,2,4,31,-10.0,26.0,Poor,🔥 COILED: Stay away,31,0.0,0.0,0.0,50.0,0,,nan,nan,0.0
MCPXX,BlackRock Liquidity Funds MuniCash - Capital,1,2,4,10,6,3,2,4,31,-10.0,26.0,Poor,🔥 COILED: Stay away,31,0.0,0.0,0.0,50.0,0,,nan,nan,0.0
MFCXX,Money Market Obligations Trust - Federated Municipal Obligations Fund,1,2,4,10,6,3,2,4,31,-10.0,26.0,Poor,🔥 COILED: Stay away,31,0.0,0.0,0.0,50.0,0,,nan,nan,0.0
MFSXX,Money Market Obligations Trust - Federated Municipal Obligations Fund,1,2,4,10,6,3,2,4,31,-10.0,26.0,Poor,🔥 COILED: Stay away,31,0.0,0.0,0.0,50.0,0,,nan,nan,0.0
MGOXX,Morgan Stanley Institutional Liquidity Funds -  Government Portfolio,1,2,4,10,6,3,2,4,31,-10.0,26.0,Poor,🔥 COILED: Stay away,31,0.0,0.0,0.0,50.0,0,,nan,nan,0.0
MGAXX,Morgan Stanley Institutional Liquidity Funds - Government Securities Portfolio,1,2,4,10,6,3,2,4,31,-10.0,26.0,Poor,🔥 COILED: Stay away,31,0.0,0.0,0.0,50.0,0,,nan,nan,0.0
MGPXX,Morgan Stanley Institutional Liquidity Funds - Government Securities Portfolio,1,2,4,10,6,3,2,4,31,-10.0,26.0,Poor,🔥 COILED: Stay away,31,0.0,0.0,0.0,50.0,0,,nan,nan,0.0
MGSXX,Morgan Stanley Institutional Liquidity Funds -  Government Portfolio,1,2,4,10,6,3,2,4,31,-10.0,26.0,Poor,🔥 COILED: Stay away,31,0.0,0.0,0.0,50.0,0,,nan,nan,0.0
MIPXX,The MainStay Funds - MainStay Money Market Fund,1,2,4,10,6,3,2,4,31,-10.0,26.0,Poor,🔥 COILED: Stay away,31,0.0,0.0,0.0,50.0,0,,nan,nan,0.0
MIFXX,Nationwide Mutual Funds - Nationwide Money Market Fund,1,2,4,10,6,3,2,4,31,-10.0,26.0,Poor,🔥 COILED: Stay away,31,0.0,0.0,0.0,50.0,0,,nan,nan,0.0
MHSXX,Morgan Stanley Institutional Liquidity Funds - Treasury Portfolio,1,2,4,10,6,3,2,4,31,-10.0,26.0,Poor,🔥 COILED: Stay away,31,0.0,0.0,0.0,50.0,0,,nan,nan,0.0
MJAXX,Prudential Government Money Market Fund Inc.,1,2,4,10,6,3,2,4,31,-10.0,26.0,Poor,🔥 COILED: Stay away,31,0.0,0.0,0.0,50.0,0,,nan,nan,0.0
MJCXX,Prudential Government Money Market Fund Inc.,1,2,4,10,6,3,2,4,31,-10.0,26.0,Poor,🔥 COILED: Stay away,31,0.0,0.0,0.0,50.0,0,,nan,nan,0.0
MJLXX,JPMorgan Trust II - JPMorgan Liquid Assets Money Market Fund,1,2,4,10,6,3,2,4,31,-10.0,26.0,Poor,🔥 COILED: Stay away,31,0.0,0.0,0.0,50.0,0,,nan,nan,0.0
MMIXX,Wells Fargo Funds Trust - National Tax-Free Money Market Fund,1,2,4,10,6,3,2,4,31,-10.0,26.0,Poor,🔥 COILED: Stay away,31,0.0,0.0,0.0,50.0,0,,nan,nan,0.0
MNVXX,Morgan Stanley Institutional Liquidity Funds - Treasury Securities Portfolio,1,2,4,10,6,3,2,4,31,-10.0,26.0,Poor,🔥 COILED: Stay away,31,0.0,0.0,0.0,50.0,0,,nan,nan,0.0
MODXX,Money Market Obligations Trust - Federated Municipal Obligations Fund,1,2,4,10,6,3,2,4,31,-10.0,26.0,Poor,🔥 COILED: Stay away,31,0.0,0.0,0.0,50.0,0,,nan,nan,0.0
MOSXX,Money Market Obligations Trust - Federated Municipal Obligations Fund,1,2,4,10,6,3,2,4,31,-10.0,26.0,Poor,🔥 COILED: Stay away,31,0.0,0.0,0.0,50.0,0,,nan,nan,0.0
MOFXX,Money Market Obligations Trust - Federated Municipal Obligations Fund,1,2,4,10,6,3,2,4,31,-10.0,26.0,Poor,🔥 COILED: Stay away,31,0.0,0.0,0.0,50.0,0,,nan,nan,0.0
MOIXX,Money Market Obligations Trust - Federated Municipal Obligations Fund,1,2,4,10,6,3,2,4,31,-10.0,26.0,Poor,🔥 COILED: Stay away,31,0.0,0.0,0.0,50.0,0,,nan,nan,0.0
MPCXX,Morgan Stanley Institutional Liquidity Funds -  Government Portfolio,1,2,4,10,6,3,2,4,31,-10.0,26.0,Poor,🔥 COILED: Stay away,31,0.0,0.0,0.0,50.0,0,,nan,nan,0.0
MOTXX,Money Market Obligations Trust - Federated Municipal Obligations Fund,1,2,4,10,6,3,2,4,31,-10.0,26.0,Poor,🔥 COILED: Stay away,31,0.0,0.0,0.0,50.0,0,,nan,nan,0.0
MPIXX,ProFunds - Money Market ProFund,1,2,4,10,6,3,2,4,31,-10.0,26.0,Poor,🔥 COILED: Stay away,31,0.0,0.0,0.0,50.0,0,,nan,nan,0.0
MPMXX,Morgan Stanley Institutional Liquidity Funds - Prime Portfolio,1,2,4,10,6,3,2,4,31,-10.0,26.0,Poor,🔥 COILED: Stay away,31,0.0,0.0,0.0,50.0,0,,nan,nan,0.0
MPNXX,Morgan Stanley Institutional Liquidity Funds - Prime Portfolio,1,2,4,10,6,3,2,4,31,-10.0,26.0,Poor,🔥 COILED: Stay away,31,0.0,0.0,0.0,50.0,0,,nan,nan,0.0
MPRXX,Morgan Stanley Institutional Liquidity Funds - Treasury Securities Portfolio,1,2,4,10,6,3,2,4,31,-10.0,26.0,Poor,🔥 COILED: Stay away,31,0.0,0.0,0.0,50.0,0,,nan,nan,0.0
MPVXX,Morgan Stanley Institutional Liquidity Funds - Prime Portfolio,1,2,4,10,6,3,2,4,31,-10.0,26.0,Poor,🔥 COILED: Stay away,31,0.0,0.0,0.0,50.0,0,,nan,nan,0.0
MREXX,Morgan Stanley Institutional Liquidity Funds - Treasury Portfolio,1,2,4,10,6,3,2,4,31,-10.0,26.0,Poor,🔥 COILED: Stay away,31,0.0,0.0,0.0,50.0,0,,nan,nan,0.0
MPSXX,ProFunds - Money Market ProFund,1,2,4,10,6,3,2,4,31,-10.0,26.0,Poor,🔥 COILED: Stay away,31,0.0,0.0,0.0,50.0,0,,nan,nan,0.0
MSAXX,BlackRock Summit Cash Reserves Fund Cl A,1,2,4,10,6,3,2,4,31,-10.0,26.0,Poor,🔥 COILED: Stay away,31,0.0,0.0,0.0,50.0,0,,nan,nan,0.0
MSCXX,The MainStay Funds - MainStay Money Market Fund,1,2,4,10,6,3,2,4,31,-10.0,26.0,Poor,🔥 COILED: Stay away,31,0.0,0.0,0.0,50.0,0,,nan,nan,0.0
MSDXX,Morgan Stanley Institutional Liquidity Funds -  Government Portfolio,1,2,4,10,6,3,2,4,31,-10.0,26.0,Poor,🔥 COILED: Stay away,31,0.0,0.0,0.0,50.0,0,,nan,nan,0.0
MSGXX,Morgan Stanley Institutional Liquidity Funds -  Government Portfolio,1,2,4,10,6,3,2,4,31,-10.0,26.0,Poor,🔥 COILED: Stay away,31,0.0,0.0,0.0,50.0,0,,nan,nan,0.0
MSEXX,Morgan Stanley Institutional Liquidity Funds - Treasury Securities Portfolio,1,2,4,10,6,3,2,4,31,-10.0,26.0,Poor,🔥 COILED: Stay away,31,0.0,0.0,0.0,50.0,0,,nan,nan,0.0
MSIXX,MainStay Funds Trust - Cash Reserves Sweeps Fund,1,2,4,10,6,3,2,4,31,-10.0,26.0,Poor,🔥 COILED: Stay away,31,0.0,0.0,0.0,50.0,0,,nan,nan,0.0
MSRXX,MFS Series Trust I - MFS U.S. Government Cash Reserve Fund,1,2,4,10,6,3,2,4,31,-10.0,26.0,Poor,🔥 COILED: Stay away,31,0.0,0.0,0.0,50.0,0,,nan,nan,0.0
MSSXX,Morgan Stanley Institutional Liquidity Funds - Treasury Securities Portfolio,1,2,4,10,6,3,2,4,31,-10.0,26.0,Poor,🔥 COILED: Stay away,31,0.0,0.0,0.0,50.0,0,,nan,nan,0.0
MSTXX,Morgan Stanley Institutional Liquidity Funds - Treasury Portfolio,1,2,4,10,6,3,2,4,31,-10.0,26.0,Poor,🔥 COILED: Stay away,31,0.0,0.0,0.0,50.0,0,,nan,nan,0.0
MSUXX,Morgan Stanley Institutional Liquidity Funds - Treasury Portfolio,1,2,4,10,6,3,2,4,31,-10.0,26.0,Poor,🔥 COILED: Stay away,31,0.0,0.0,0.0,50.0,0,,nan,nan,0.0
MTCXX,Morgan Stanley Institutional Liquidity Funds - Treasury Portfolio,1,2,4,10,6,3,2,4,31,-10.0,26.0,Poor,🔥 COILED: Stay away,31,0.0,0.0,0.0,50.0,0,,nan,nan,0.0
MSVXX,Morgan Stanley Institutional Liquidity Funds - Government Securities Portfolio,1,2,4,10,6,3,2,4,31,-10.0,26.0,Poor,🔥 COILED: Stay away,31,0.0,0.0,0.0,50.0,0,,nan,nan,0.0
MTSXX,Morgan Stanley Institutional Liquidity Funds - Treasury Portfolio,1,2,4,10,6,3,2,4,31,-10.0,26.0,Poor,🔥 COILED: Stay away,31,0.0,0.0,0.0,50.0,0,,nan,nan,0.0
MTTXX,Morgan Stanley Institutional Liquidity Funds - Treasury Portfolio,1,2,4,10,6,3,2,4,31,-10.0,26.0,Poor,🔥 COILED: Stay away,31,0.0,0.0,0.0,50.0,0,,nan,nan,0.0
MTNXX,Morgan Stanley Institutional Liquidity Funds - Treasury Portfolio,1,2,4,10,6,3,2,4,31,-10.0,26.0,Poor,🔥 COILED: Stay away,31,0.0,0.0,0.0,50.0,0,,nan,nan,0.0
MUIXX,Morgan Stanley Institutional Liquidity Funds - Government Securities Portfolio,1,2,4,10,6,3,2,4,31,-10.0,26.0,Poor,🔥 COILED: Stay away,31,0.0,0.0,0.0,50.0,0,,nan,nan,0.0
MVAXX,Morgan Stanley Institutional Liquidity Funds - Government Securities Portfolio,1,2,4,10,6,3,2,4,31,-10.0,26.0,Poor,🔥 COILED: Stay away,31,0.0,0.0,0.0,50.0,0,,nan,nan,0.0
MVIXX,Morgan Stanley Institutional Liquidity Funds - Government Securities Portfolio,1,2,4,10,6,3,2,4,31,-10.0,26.0,Poor,🔥 COILED: Stay away,31,0.0,0.0,0.0,50.0,0,,nan,nan,0.0
MVYXX,Morgan Stanley Institutional Liquidity Funds - Treasury Portfolio,1,2,4,10,6,3,2,4,31,-10.0,26.0,Poor,🔥 COILED: Stay away,31,0.0,0.0,0.0,50.0,0,,nan,nan,0.0
MVVXX,Morgan Stanley Institutional Liquidity Funds -  Government Portfolio,1,2,4,10,6,3,2,4,31,-10.0,26.0,Poor,🔥 COILED: Stay away,31,0.0,0.0,0.0,50.0,0,,nan,nan,0.0
MYMXX,AB Fixed-Income Shares Inc. - AB Government Money Market Portfolio,1,2,4,10,6,3,2,4,31,-10.0,26.0,Poor,🔥 COILED: Stay away,31,0.0,0.0,0.0,50.0,0,,nan,nan,0.0
NCGXX,North Capital Funds Trust - Treasury Money Market Fund,1,2,4,10,6,3,2,4,31,-10.0,26.0,Poor,🔥 COILED: Stay away,31,0.0,0.0,0.0,50.0,0,,nan,nan,0.0
NISXX,Money Market Obligations Trust - Federated New York Municipal Cash Trust,1,2,4,10,6,3,2,4,31,-10.0,26.0,Poor,🔥 COILED: Stay away,31,0.0,0.0,0.0,50.0,0,,nan,nan,0.0
NITXX,Northern Institutional Funds - Treasury Portfolio,1,2,4,10,6,3,2,4,31,-10.0,26.0,Poor,🔥 COILED: Stay away,31,0.0,0.0,0.0,50.0,0,,nan,nan,0.0
NOGXX,Northern Funds - U.S. Government Money Market Fund,1,2,4,10,6,3,2,4,31,-10.0,26.0,Poor,🔥 COILED: Stay away,31,0.0,0.0,0.0,50.0,0,,nan,nan,0.0
NOSXX,Northern Funds - U.S. Government Select Money Market Fund,1,2,4,10,6,3,2,4,31,-10.0,26.0,Poor,🔥 COILED: Stay away,31,0.0,0.0,0.0,50.0,0,,nan,nan,0.0
NTPXX,Northern Institutional Funds - Treasury Portfolio,1,2,4,10,6,3,2,4,31,-10.0,26.0,Poor,🔥 COILED: Stay away,31,0.0,0.0,0.0,50.0,0,,nan,nan,0.0
NWGXX,Allspring Funds Trust - Allspring Government Money Market Fund,1,2,4,10,6,3,2,4,31,-10.0,26.0,Poor,🔥 COILED: Stay away,31,0.0,0.0,0.0,50.0,0,,nan,nan,0.0
NWSXX,Nationwide Mutual Funds - Nationwide Money Market Fund,1,2,4,10,6,3,2,4,31,-10.0,26.0,Poor,🔥 COILED: Stay away,31,0.0,0.0,0.0,50.0,0,,nan,nan,0.0
NWTXX,Wells Fargo Funds Trust - 100% Treasury Money Market Fund,1,2,4,10,6,3,2,4,31,-10.0,26.0,Poor,🔥 COILED: Stay away,31,0.0,0.0,0.0,50.0,0,,nan,nan,0.0
OMBXX,AIM Investment Secs Fds (Invesco Invt Secs Fds) - Invesco U.S. Government Money Portfolio,1,2,4,10,6,3,2,4,31,-10.0,26.0,Poor,🔥 COILED: Stay away,31,0.0,0.0,0.0,50.0,0,,nan,nan,0.0
PBHXX,The Payden & Rygel Investment Group - Payden Cash Reserves Money Market Fund,1,2,4,10,6,3,2,4,31,-10.0,26.0,Poor,🔥 COILED: Stay away,31,0.0,0.0,0.0,50.0,0,,nan,nan,0.0
NYCXX,Money Market Obligations Trust - New York Cash II Fund,1,2,4,10,6,3,2,4,31,-10.0,26.0,Poor,🔥 COILED: Stay away,31,0.0,0.0,0.0,50.0,0,,nan,nan,0.0
PBMXX,Prudential Government Money Market Fund Inc.,1,2,4,10,6,3,2,4,31,-10.0,26.0,Poor,🔥 COILED: Stay away,31,0.0,0.0,0.0,50.0,0,,nan,nan,0.0
PCEXX,PACE Select Advisors Trust - PACE Money Market Investments,1,2,4,10,6,3,2,4,31,-10.0,26.0,Poor,🔥 COILED: Stay away,31,0.0,0.0,0.0,50.0,0,,nan,nan,0.0
PCSXX,Principal Fds Inc. Money Market Fd A Cl,1,2,4,10,6,3,2,4,31,-10.0,26.0,Poor,🔥 COILED: Stay away,31,0.0,0.0,0.0,50.0,0,,nan,nan,0.0
PCOXX,Money Market Obligations Trust - Federated Prime Cash Obligations Fund,1,2,4,10,6,3,2,4,31,-10.0,26.0,Poor,🔥 COILED: Stay away,31,0.0,0.0,0.0,50.0,0,,nan,nan,0.0
PCUXX,Fundvantage Trust - Pac Capital US Government Money Market Fund,1,2,4,10,6,3,2,4,31,-10.0,26.0,Poor,🔥 COILED: Stay away,31,0.0,0.0,0.0,50.0,0,,nan,nan,0.0
PCVXX,Money Market Obligations Trust - Federated Prime Cash Obligations Fund,1,2,4,10,6,3,2,4,31,-10.0,26.0,Poor,🔥 COILED: Stay away,31,0.0,0.0,0.0,50.0,0,,nan,nan,0.0
PGDXX,Putnam Investment Funds - Government Money Market Fund,1,2,4,10,6,3,2,4,31,-10.0,26.0,Poor,🔥 COILED: Stay away,31,0.0,0.0,0.0,50.0,0,,nan,nan,0.0
PFCXX,Putnam Money Market Fund,1,2,4,10,6,3,2,4,31,-10.0,26.0,Poor,🔥 COILED: Stay away,31,0.0,0.0,0.0,50.0,0,,nan,nan,0.0
PGFXX,PIMCO Funds - PIMCO Government Money Market Fund,1,2,4,10,6,3,2,4,31,-10.0,26.0,Poor,🔥 COILED: Stay away,31,0.0,0.0,0.0,50.0,0,,nan,nan,0.0
PGEXX,Putnam Investment Funds - Government Money Market Fund,1,2,4,10,6,3,2,4,31,-10.0,26.0,Poor,🔥 COILED: Stay away,31,0.0,0.0,0.0,50.0,0,,nan,nan,0.0
PGKXX,Putnam Investment Funds - Government Money Market Fund,1,2,4,10,6,3,2,4,31,-10.0,26.0,Poor,🔥 COILED: Stay away,31,0.0,0.0,0.0,50.0,0,,nan,nan,0.0
PGLXX,Putnam Investment Funds - Government Money Market Fund,1,2,4,10,6,3,2,4,31,-10.0,26.0,Poor,🔥 COILED: Stay away,31,0.0,0.0,0.0,50.0,0,,nan,nan,0.0
PGOXX,PIMCO Funds - PIMCO Government Money Market Fund,1,2,4,10,6,3,2,4,31,-10.0,26.0,Poor,🔥 COILED: Stay away,31,0.0,0.0,0.0,50.0,0,,nan,nan,0.0
PGRXX,Putnam Investment Funds - Government Money Market Fund,1,2,4,10,6,3,2,4,31,-10.0,26.0,Poor,🔥 COILED: Stay away,31,0.0,0.0,0.0,50.0,0,,nan,nan,0.0
PGPXX,PIMCO Funds - PIMCO Government Money Market Fund,1,2,4,10,6,3,2,4,31,-10.0,26.0,Poor,🔥 COILED: Stay away,31,0.0,0.0,0.0,50.0,0,,nan,nan,0.0
PGYXX,PIMCO Funds - PIMCO Government Money Market Fund,1,2,4,10,6,3,2,4,31,-10.0,26.0,Poor,🔥 COILED: Stay away,31,0.0,0.0,0.0,50.0,0,,nan,nan,0.0
PIFXX,Plan Investment Fund Inc. - Government Portfolio,1,2,4,10,6,3,2,4,31,-10.0,26.0,Poor,🔥 COILED: Stay away,31,0.0,0.0,0.0,50.0,0,,nan,nan,0.0
PISXX,Wells Fargo Funds Trust - Treasury Plus Money Market Fund,1,2,4,10,6,3,2,4,31,-10.0,26.0,Poor,🔥 COILED: Stay away,31,0.0,0.0,0.0,50.0,0,,nan,nan,0.0
PINXX,BlackRock Funds - BlackRock Wealth Liquid Environmentally Aware Fund,1,2,4,10,6,3,2,4,31,-10.0,26.0,Poor,🔥 COILED: Stay away,31,0.0,0.0,0.0,50.0,0,,nan,nan,0.0
PIVXX,Wells Fargo Funds Trust - Treasury Plus Money Market Fund,1,2,4,10,6,3,2,4,31,-10.0,26.0,Poor,🔥 COILED: Stay away,31,0.0,0.0,0.0,50.0,0,,nan,nan,0.0
PMJXX,Principal Fds Inc. Money Market Fd J Cl,1,2,4,10,6,3,2,4,31,-10.0,26.0,Poor,🔥 COILED: Stay away,31,0.0,0.0,0.0,50.0,0,,nan,nan,0.0
PMTXX,Pioneer Money Market Trust - Pioneer U.S. Government Money Market Fund,1,2,4,10,6,3,2,4,31,-10.0,26.0,Poor,🔥 COILED: Stay away,31,0.0,0.0,0.0,50.0,0,,nan,nan,0.0
PMZXX,Prudential Government Money Market Fund Inc.,1,2,4,10,6,3,2,4,31,-10.0,26.0,Poor,🔥 COILED: Stay away,31,0.0,0.0,0.0,50.0,0,,nan,nan,0.0
PRMXX,Federated Private Liquidity Funds-Prime Private Liquidity Fund,1,2,4,10,6,3,2,4,31,-10.0,26.0,Poor,🔥 COILED: Stay away,31,0.0,0.0,0.0,50.0,0,,nan,nan,0.0
PRRXX,T. Rowe Price Government Money Fund Inc.,1,2,4,10,6,3,2,4,31,-10.0,26.0,Poor,🔥 COILED: Stay away,31,0.0,0.0,0.0,50.0,0,,nan,nan,0.0
PRVXX,Wells Fargo Funds Trust - Treasury Plus Money Market Fund,1,2,4,10,6,3,2,4,31,-10.0,26.0,Poor,🔥 COILED: Stay away,31,0.0,0.0,0.0,50.0,0,,nan,nan,0.0
PRTXX,T. Rowe Price U.S. Treasury Funds Inc. - T. Rowe Price U.S. Treasury Money Fund,1,2,4,10,6,3,2,4,31,-10.0,26.0,Poor,🔥 COILED: Stay away,31,0.0,0.0,0.0,50.0,0,,nan,nan,0.0
PRYXX,Pioneer Money Market Trust - Pioneer U.S. Government Money Market Fund,1,2,4,10,6,3,2,4,31,-10.0,26.0,Poor,🔥 COILED: Stay away,31,0.0,0.0,0.0,50.0,0,,nan,nan,0.0
PTEXX,T. Rowe Price Tax-Exempt Money Fund Inc.,1,2,4,10,6,3,2,4,31,-10.0,26.0,Poor,🔥 COILED: Stay away,31,0.0,0.0,0.0,50.0,0,,nan,nan,0.0
PURXX,Putnam Money Market Fund,1,2,4,10,6,3,2,4,31,-10.0,26.0,Poor,🔥 COILED: Stay away,31,0.0,0.0,0.0,50.0,0,,nan,nan,0.0
RBEXX,American Funds U.S. Government Money Market Fund,1,2,4,10,6,3,2,4,31,-10.0,26.0,Poor,🔥 COILED: Stay away,31,0.0,0.0,0.0,50.0,0,,nan,nan,0.0
RGYXX,HSBC Funds - HSBC U.S. Government Money Market Fund,1,2,4,10,6,3,2,4,31,-10.0,26.0,Poor,🔥 COILED: Stay away,31,0.0,0.0,0.0,50.0,0,,nan,nan,0.0
RMGXX,Ubs Money Series - RMA Government Money Market Fund,1,2,4,10,6,3,2,4,31,-10.0,26.0,Poor,🔥 COILED: Stay away,31,0.0,0.0,0.0,50.0,0,,nan,nan,0.0
RPGXX,Davis Series Inc. - Davis Government Money Market Fund,1,2,4,10,6,3,2,4,31,-10.0,26.0,Poor,🔥 COILED: Stay away,31,0.0,0.0,0.0,50.0,0,,nan,nan,0.0
RYFXX,Rydex Series Funds - U.S. Government Money Market Fund,1,2,4,10,6,3,2,4,31,-10.0,26.0,Poor,🔥 COILED: Stay away,31,0.0,0.0,0.0,50.0,0,,nan,nan,0.0
SAEXX,State Street Institutional Investment Trust - State Street Institutional Treasury Plus Money Market,1,2,4,10,6,3,2,4,31,-10.0,26.0,Poor,🔥 COILED: Stay away,31,0.0,0.0,0.0,50.0,0,,nan,nan,0.0
SAJXX,State Street Institutional Investment Trust - State Street Institutional Treasury Plus Money Market,1,2,4,10,6,3,2,4,31,-10.0,26.0,Poor,🔥 COILED: Stay away,31,0.0,0.0,0.0,50.0,0,,nan,nan,0.0
SALXX,State Street Master Funds - State Street U.S. Government Money Market Portfolio,1,2,4,10,6,3,2,4,31,-10.0,26.0,Poor,🔥 COILED: Stay away,31,0.0,0.0,0.0,50.0,0,,nan,nan,0.0
SAMXX,State Street Master Funds - State Street U.S. Government Money Market Portfolio,1,2,4,10,6,3,2,4,31,-10.0,26.0,Poor,🔥 COILED: Stay away,31,0.0,0.0,0.0,50.0,0,,nan,nan,0.0
SCAXX,Schwab California Municipal Money Fund Ultra Shares,1,2,4,10,6,3,2,4,31,-10.0,26.0,Poor,🔥 COILED: Stay away,31,0.0,0.0,0.0,50.0,0,,nan,nan,0.0
SCIXX,Cash Account Trust - DWS Tax-Exempt Portfolio,1,2,4,10,6,3,2,4,31,-10.0,26.0,Poor,🔥 COILED: Stay away,31,0.0,0.0,0.0,50.0,0,,nan,nan,0.0
SCOXX,Schwab Treasury Obligations Money Fund Ultra Shares,1,2,4,10,6,3,2,4,31,-10.0,26.0,Poor,🔥 COILED: Stay away,31,0.0,0.0,0.0,50.0,0,,nan,nan,0.0
SCTXX,Schwab AMT Tax-Free Money Fund Ultra Shares,1,2,4,10,6,3,2,4,31,-10.0,26.0,Poor,🔥 COILED: Stay away,31,0.0,0.0,0.0,50.0,0,,nan,nan,0.0
SEGXX,UBS Series Funds - UBS Select Government Preferred Fund,1,2,4,10,6,3,2,4,31,-10.0,26.0,Poor,🔥 COILED: Stay away,31,0.0,0.0,0.0,50.0,0,,nan,nan,0.0
SCPXX,SEI Daily Income Trust - Treasury II Fund,1,2,4,10,6,3,2,4,31,-10.0,26.0,Poor,🔥 COILED: Stay away,31,0.0,0.0,0.0,50.0,0,,nan,nan,0.0
SEOXX,SEI Daily Income Trust - Government Fund,1,2,4,10,6,3,2,4,31,-10.0,26.0,Poor,🔥 COILED: Stay away,31,0.0,0.0,0.0,50.0,0,,nan,nan,0.0
SETXX,UBS (Cayman) Select Treasury Institutional Fund,1,2,4,10,6,3,2,4,31,-10.0,26.0,Poor,🔥 COILED: Stay away,31,0.0,0.0,0.0,50.0,0,,nan,nan,0.0
SGMXX,The Saratoga Advantage Trust - U.S. Government Money Market Portfolio,1,2,4,10,6,3,2,4,31,-10.0,26.0,Poor,🔥 COILED: Stay away,31,0.0,0.0,0.0,50.0,0,,nan,nan,0.0
SGPXX,UBS Series Funds - UBS Select Government Preferred Fund,1,2,4,10,6,3,2,4,31,-10.0,26.0,Poor,🔥 COILED: Stay away,31,0.0,0.0,0.0,50.0,0,,nan,nan,0.0
SGAXX,The Saratoga Advantage Trust - U.S. Government Money Market Portfolio,1,2,4,10,6,3,2,4,31,-10.0,26.0,Poor,🔥 COILED: Stay away,31,0.0,0.0,0.0,50.0,0,,nan,nan,0.0
SGUXX,Schwab Government Money Fund Ultra Shares,1,2,4,10,6,3,2,4,31,-10.0,26.0,Poor,🔥 COILED: Stay away,31,0.0,0.0,0.0,50.0,0,,nan,nan,0.0
SMGXX,Legg Mason Partners Money Market Trust - Western Asset Government Reserves,1,2,4,10,6,3,2,4,31,-10.0,26.0,Poor,🔥 COILED: Stay away,31,0.0,0.0,0.0,50.0,0,,nan,nan,0.0
SNAXX,The Charles Schwab Family of Funds - Schwab Value Advantage Money Fund,1,2,4,10,6,3,2,4,31,-10.0,26.0,Poor,🔥 COILED: Stay away,31,0.0,0.0,0.0,50.0,0,,nan,nan,0.0
SNRXX,Schwab Charles Family Funds - Retirment Government Money Fund,1,2,4,10,6,3,2,4,31,-10.0,26.0,Poor,🔥 COILED: Stay away,31,0.0,0.0,0.0,50.0,0,,nan,nan,0.0
SNOXX,Charles Schwab Family of Funds - Schwab Treasury Obligations Money Fund,1,2,4,10,6,3,2,4,31,-10.0,26.0,Poor,🔥 COILED: Stay away,31,0.0,0.0,0.0,50.0,0,,nan,nan,0.0
SNSXX,The Charles Schwab Family of Funds - Schwab U.S. Treasury Money Fund,1,2,4,10,6,3,2,4,31,-10.0,26.0,Poor,🔥 COILED: Stay away,31,0.0,0.0,0.0,50.0,0,,nan,nan,0.0
SNVXX,Schwab Government Money Fund,1,2,4,10,6,3,2,4,31,-10.0,26.0,Poor,🔥 COILED: Stay away,31,0.0,0.0,0.0,50.0,0,,nan,nan,0.0
SNYXX,Schwab New York Municipal Money Fund Ultra Shares,1,2,4,10,6,3,2,4,31,-10.0,26.0,Poor,🔥 COILED: Stay away,31,0.0,0.0,0.0,50.0,0,,nan,nan,0.0
SPRXX,Fidelity Hereford Street Trust - Fidelity Money Market Fund,1,2,4,10,6,3,2,4,31,-10.0,26.0,Poor,🔥 COILED: Stay away,31,0.0,0.0,0.0,50.0,0,,nan,nan,0.0
SSJXX,State Street Institutional Investment Trust- Treasury Money Market Fund,1,2,4,10,6,3,2,4,31,-10.0,26.0,Poor,🔥 COILED: Stay away,31,0.0,0.0,0.0,50.0,0,,nan,nan,0.0
SSNXX,State Street Institutional Investment Trust - State Street Institutional Tax Free Money Market Fund,1,2,4,10,6,3,2,4,31,-10.0,26.0,Poor,🔥 COILED: Stay away,31,0.0,0.0,0.0,50.0,0,,nan,nan,0.0
SSOXX,State Street Master Funds - State Street U.S. Government Money Market Portfolio,1,2,4,10,6,3,2,4,31,-10.0,26.0,Poor,🔥 COILED: Stay away,31,0.0,0.0,0.0,50.0,0,,nan,nan,0.0
SSKXX,State Street Institutional Investment Trust - State Street Institutional Tax Free Money Market Fund,1,2,4,10,6,3,2,4,31,-10.0,26.0,Poor,🔥 COILED: Stay away,31,0.0,0.0,0.0,50.0,0,,nan,nan,0.0
SSQXX,State Street Institutional Investment Trust - State Street Institutional Treasury Plus Money Market,1,2,4,10,6,3,2,4,31,-10.0,26.0,Poor,🔥 COILED: Stay away,31,0.0,0.0,0.0,50.0,0,,nan,nan,0.0
STGXX,Wells Fargo Funds Trust - Money Market Fund,1,2,4,10,6,3,2,4,31,-10.0,26.0,Poor,🔥 COILED: Stay away,31,0.0,0.0,0.0,50.0,0,,nan,nan,0.0
STPXX,UBS Money Series - UBS Select Treasury Preferred Fund,1,2,4,10,6,3,2,4,31,-10.0,26.0,Poor,🔥 COILED: Stay away,31,0.0,0.0,0.0,50.0,0,,nan,nan,0.0
SUTXX,Schwab U.S. Treasury Money Fund Ultra Shares,1,2,4,10,6,3,2,4,31,-10.0,26.0,Poor,🔥 COILED: Stay away,31,0.0,0.0,0.0,50.0,0,,nan,nan,0.0
SWKXX,The Charles Schwab Family of Funds - Schwab California Municipal Money Fund,1,2,4,10,6,3,2,4,31,-10.0,26.0,Poor,🔥 COILED: Stay away,31,0.0,0.0,0.0,50.0,0,,nan,nan,0.0
SWOXX,Schwab Municipal Money Fund,1,2,4,10,6,3,2,4,31,-10.0,26.0,Poor,🔥 COILED: Stay away,31,0.0,0.0,0.0,50.0,0,,nan,nan,0.0
SWTXX,The Charles Schwab Family of Funds - Schwab Municipal Money Fund,1,2,4,10,6,3,2,4,31,-10.0,26.0,Poor,🔥 COILED: Stay away,31,0.0,0.0,0.0,50.0,0,,nan,nan,0.0
SWYXX,The Charles Schwab Family of Funds - Schwab New York Municipal Money Fund,1,2,4,10,6,3,2,4,31,-10.0,26.0,Poor,🔥 COILED: Stay away,31,0.0,0.0,0.0,50.0,0,,nan,nan,0.0
SWWXX,The Charles Schwab Family of Funds - Schwab AMT Tax-Free Money Fund,1,2,4,10,6,3,2,4,31,-10.0,26.0,Poor,🔥 COILED: Stay away,31,0.0,0.0,0.0,50.0,0,,nan,nan,0.0
TACXX,Short-Term Investment Trust - Invesco Treasury Obligations Portfolio,1,2,4,10,6,3,2,4,31,-10.0,26.0,Poor,🔥 COILED: Stay away,31,0.0,0.0,0.0,50.0,0,,nan,nan,0.0
SZCXX,The Saratoga Advantage Trust - U.S. Government Money Market Portfolio,1,2,4,10,6,3,2,4,31,-10.0,26.0,Poor,🔥 COILED: Stay away,31,0.0,0.0,0.0,50.0,0,,nan,nan,0.0
TAMXX,Transamerica Funds - Transamerica Government Money Market,1,2,4,10,6,3,2,4,31,-10.0,26.0,Poor,🔥 COILED: Stay away,31,0.0,0.0,0.0,50.0,0,,nan,nan,0.0
TAQXX,State Street Institutional Investment Trust -Treasury Obligations Money Market Fund,1,2,4,10,6,3,2,4,31,-10.0,26.0,Poor,🔥 COILED: Stay away,31,0.0,0.0,0.0,50.0,0,,nan,nan,0.0
TBIXX,Money Market Obligations Trust - Federated Tax-Free Obligations Fund,1,2,4,10,6,3,2,4,31,-10.0,26.0,Poor,🔥 COILED: Stay away,31,0.0,0.0,0.0,50.0,0,,nan,nan,0.0
TBSXX,Money Market Obligations Trust - Federated Tax-Free Obligations Fund,1,2,4,10,6,3,2,4,31,-10.0,26.0,Poor,🔥 COILED: Stay away,31,0.0,0.0,0.0,50.0,0,,nan,nan,0.0
TCGXX,SEI Daily Income Trust - Government II Fund,1,2,4,10,6,3,2,4,31,-10.0,26.0,Poor,🔥 COILED: Stay away,31,0.0,0.0,0.0,50.0,0,,nan,nan,0.0
TBVXX,Money Market Obligations Trust - Federated Tax-Free Obligations Fund,1,2,4,10,6,3,2,4,31,-10.0,26.0,Poor,🔥 COILED: Stay away,31,0.0,0.0,0.0,50.0,0,,nan,nan,0.0
TCIXX,TIAA-CREF Funds - TIAA-CREF Money Market Fund,1,2,4,10,6,3,2,4,31,-10.0,26.0,Poor,🔥 COILED: Stay away,31,0.0,0.0,0.0,50.0,0,,nan,nan,0.0
TCRXX,American Century Investment Trust - Premium Money Market Fund,1,2,4,10,6,3,2,4,31,-10.0,26.0,Poor,🔥 COILED: Stay away,31,0.0,0.0,0.0,50.0,0,,nan,nan,0.0
TERXX,T. Rowe Price Tax-Exempt Money Fund Inc.,1,2,4,10,6,3,2,4,31,-10.0,26.0,Poor,🔥 COILED: Stay away,31,0.0,0.0,0.0,50.0,0,,nan,nan,0.0
TFFXX,BlackRock Liquidity Funds - Federal Trust Fund,1,2,4,10,6,3,2,4,31,-10.0,26.0,Poor,🔥 COILED: Stay away,31,0.0,0.0,0.0,50.0,0,,nan,nan,0.0
TFGXX,Transamerica Funds - Government Money Market Fund,1,2,4,10,6,3,2,4,31,-10.0,26.0,Poor,🔥 COILED: Stay away,31,0.0,0.0,0.0,50.0,0,,nan,nan,0.0
TGRXX,Transamerica Funds - Government Money Market Fund,1,2,4,10,6,3,2,4,31,-10.0,26.0,Poor,🔥 COILED: Stay away,31,0.0,0.0,0.0,50.0,0,,nan,nan,0.0
TGTXX,Transamerica Funds - Government Money Market Fund,1,2,4,10,6,3,2,4,31,-10.0,26.0,Poor,🔥 COILED: Stay away,31,0.0,0.0,0.0,50.0,0,,nan,nan,0.0
TIEXX,TIAA-CREF Funds - TIAA-CREF Money Market Fund,1,2,4,10,6,3,2,4,31,-10.0,26.0,Poor,🔥 COILED: Stay away,31,0.0,0.0,0.0,50.0,0,,nan,nan,0.0
TIMXX,RBC Funds Trust - U.S. Government Money Market Fund,1,2,4,10,6,3,2,4,31,-10.0,26.0,Poor,🔥 COILED: Stay away,31,0.0,0.0,0.0,50.0,0,,nan,nan,0.0
TIRXX,TIAA-CREF Funds - TIAA-CREF Money Market Fund,1,2,4,10,6,3,2,4,31,-10.0,26.0,Poor,🔥 COILED: Stay away,31,0.0,0.0,0.0,50.0,0,,nan,nan,0.0
TISXX,Money Market Obligations Trust - Federated Hermes U.S. Treasury Cash Reserves,1,2,4,10,6,3,2,4,31,-10.0,26.0,Poor,🔥 COILED: Stay away,31,0.0,0.0,0.0,50.0,0,,nan,nan,0.0
TLMXX,TIAA-CREF Life Money Market Fund,1,2,4,10,6,3,2,4,31,-10.0,26.0,Poor,🔥 COILED: Stay away,31,0.0,0.0,0.0,50.0,0,,nan,nan,0.0
TMDXX,T. Rowe Price State Tax-Free Income Trust - T. Rowe Price Maryland Tax-Free Money Fund,1,2,4,10,6,3,2,4,31,-10.0,26.0,Poor,🔥 COILED: Stay away,31,0.0,0.0,0.0,50.0,0,,nan,nan,0.0
TMHXX,TIAA-CREF Life Funds - Money Market Fund,1,2,4,10,6,3,2,4,31,-10.0,26.0,Poor,🔥 COILED: Stay away,31,0.0,0.0,0.0,50.0,0,,nan,nan,0.0
TPLXX,State Street Institutional Investment Trust - International Treasure Plus Money Market Fund,1,2,4,10,6,3,2,4,31,-10.0,26.0,Poor,🔥 COILED: Stay away,31,0.0,0.0,0.0,50.0,0,,nan,nan,0.0
TPFXX,Short-Term Investment Trust - Invesco Treasury Portfolio,1,2,4,10,6,3,2,4,31,-10.0,26.0,Poor,🔥 COILED: Stay away,31,0.0,0.0,0.0,50.0,0,,nan,nan,0.0
TPVXX,State Street Institutional Investment Trust - State Street Institutional Treasury Plus Money Market,1,2,4,10,6,3,2,4,31,-10.0,26.0,Poor,🔥 COILED: Stay away,31,0.0,0.0,0.0,50.0,0,,nan,nan,0.0
TPPXX,TIAA-CREF Funds - TIAA-CREF Money Market Fund,1,2,4,10,6,3,2,4,31,-10.0,26.0,Poor,🔥 COILED: Stay away,31,0.0,0.0,0.0,50.0,0,,nan,nan,0.0
TRIXX,State Street Institutional Investment Trust - Treasury Fund,1,2,4,10,6,3,2,4,31,-10.0,26.0,Poor,🔥 COILED: Stay away,31,0.0,0.0,0.0,50.0,0,,nan,nan,0.0
TRGXX,T. Rowe Price U.S. Treasury Funds Inc. - T. Rowe Price U.S. Treasury Money Fund,1,2,4,10,6,3,2,4,31,-10.0,26.0,Poor,🔥 COILED: Stay away,31,0.0,0.0,0.0,50.0,0,,nan,nan,0.0
TRPXX,Short-Term Investment Trust - Invesco Treasury Portfolio,1,2,4,10,6,3,2,4,31,-10.0,26.0,Poor,🔥 COILED: Stay away,31,0.0,0.0,0.0,50.0,0,,nan,nan,0.0
TRVXX,State Street Institutional Investment Trust - Treasury Fund,1,2,4,10,6,3,2,4,31,-10.0,26.0,Poor,🔥 COILED: Stay away,31,0.0,0.0,0.0,50.0,0,,nan,nan,0.0
TRZXX,T. Rowe Price U.S. Treasury Funds Inc. - T. Rowe Price U.S. Treasury Money Fund,1,2,4,10,6,3,2,4,31,-10.0,26.0,Poor,🔥 COILED: Stay away,31,0.0,0.0,0.0,50.0,0,,nan,nan,0.0
TSPXX,Short-Term Investment Trust - Invesco Treasury Obligations Portfolio,1,2,4,10,6,3,2,4,31,-10.0,26.0,Poor,🔥 COILED: Stay away,31,0.0,0.0,0.0,50.0,0,,nan,nan,0.0
TTOXX,Money Market Obligations Trust - Federated Trust for U.S. Treasury Obligations,1,2,4,10,6,3,2,4,31,-10.0,26.0,Poor,🔥 COILED: Stay away,31,0.0,0.0,0.0,50.0,0,,nan,nan,0.0
TUGXX,RBC Funds Trust - U.S. Government Money Market Fund,1,2,4,10,6,3,2,4,31,-10.0,26.0,Poor,🔥 COILED: Stay away,31,0.0,0.0,0.0,50.0,0,,nan,nan,0.0
TUIXX,RBC Funds Trust - U.S. Government Money Market Fund,1,2,4,10,6,3,2,4,31,-10.0,26.0,Poor,🔥 COILED: Stay away,31,0.0,0.0,0.0,50.0,0,,nan,nan,0.0
TTGXX,T Rowe Price Government Money Funds Inc - Government Money Fund,1,2,4,10,6,3,2,4,31,-10.0,26.0,Poor,🔥 COILED: Stay away,31,0.0,0.0,0.0,50.0,0,,nan,nan,0.0
TWNXX,T. Rowe Price State Tax-Free Income Trust - T. Rowe Price Maryland Tax-Free Money Fund,1,2,4,10,6,3,2,4,31,-10.0,26.0,Poor,🔥 COILED: Stay away,31,0.0,0.0,0.0,50.0,0,,nan,nan,0.0
TXPXX,Short-Term Investment Trust - Invesco Treasury Obligations Portfolio,1,2,4,10,6,3,2,4,31,-10.0,26.0,Poor,🔥 COILED: Stay away,31,0.0,0.0,0.0,50.0,0,,nan,nan,0.0
TYCXX,Short-Term Investment Trust - Invesco Treasury Portfolio,1,2,4,10,6,3,2,4,31,-10.0,26.0,Poor,🔥 COILED: Stay away,31,0.0,0.0,0.0,50.0,0,,nan,nan,0.0
TXMXX,Cash Account Trust - DWS Tax-Exempt Portfolio,1,2,4,10,6,3,2,4,31,-10.0,26.0,Poor,🔥 COILED: Stay away,31,0.0,0.0,0.0,50.0,0,,nan,nan,0.0
USAXX,USAA Mutual Funds Trust - USAA Money Market Fund,1,2,4,10,6,3,2,4,31,-10.0,26.0,Poor,🔥 COILED: Stay away,31,0.0,0.0,0.0,50.0,0,,nan,nan,0.0
UATXX,USAA Mutual Funds Trust - USAA Treasury Money Market Trust,1,2,4,10,6,3,2,4,31,-10.0,26.0,Poor,🔥 COILED: Stay away,31,0.0,0.0,0.0,50.0,0,,nan,nan,0.0
UPPXX,UBS Select Prime Preferred Fund,1,2,4,10,6,3,2,4,31,-10.0,26.0,Poor,🔥 COILED: Stay away,31,0.0,0.0,0.0,50.0,0,,nan,nan,0.0
UPRXX,Ubs Money Series - Prime Reserve  Fund,1,2,4,10,6,3,2,4,31,-10.0,26.0,Poor,🔥 COILED: Stay away,31,0.0,0.0,0.0,50.0,0,,nan,nan,0.0
USEXX,USAA Mutual Funds Trust - USAA Tax Exempt Money Market Fund,1,2,4,10,6,3,2,4,31,-10.0,26.0,Poor,🔥 COILED: Stay away,31,0.0,0.0,0.0,50.0,0,,nan,nan,0.0
UTIXX,Money Market Obligations Trust - Federated Hermes U.S. Treasury Cash Reserves,1,2,4,10,6,3,2,4,31,-10.0,26.0,Poor,🔥 COILED: Stay away,31,0.0,0.0,0.0,50.0,0,,nan,nan,0.0
UTSXX,Shelton Funds - The United States Treasury Trust,1,2,4,10,6,3,2,4,31,-10.0,26.0,Poor,🔥 COILED: Stay away,31,0.0,0.0,0.0,50.0,0,,nan,nan,0.0
VCTXX,Vanguard California Municipal Money Market Fund,1,2,4,10,6,3,2,4,31,-10.0,26.0,Poor,🔥 COILED: Stay away,31,0.0,0.0,0.0,50.0,0,,nan,nan,0.0
VMRXX,Vanguard Money Market Reserves - Vanguard Cash Reserves Federal Money Market Fund,1,2,4,10,6,3,2,4,31,-10.0,26.0,Poor,🔥 COILED: Stay away,31,0.0,0.0,0.0,50.0,0,,nan,nan,0.0
VETXX,Goldman Sachs Trust - Goldman Sachs Financial Square Government Fund,1,2,4,10,6,3,2,4,31,-10.0,26.0,Poor,🔥 COILED: Stay away,31,0.0,0.0,0.0,50.0,0,,nan,nan,0.0
VPMXX,JPMorgan Trust I - JPMorgan Prime Money Market Fund,1.0,4,4,8,6,3,2,4,31,-10.0,26.0,Poor,🔥 COILED: Stay away,37,0.0,0.0,-0.0,41.6,0,,nan,nan,0.0
VMSXX,Vanguard Municipal Bond Funds - Vanguard Municipal Money Market Fund,1,2,4,10,6,3,2,4,31,-10.0,26.0,Poor,🔥 COILED: Stay away,31,0.0,0.0,0.0,50.0,0,,nan,nan,0.0
VYFXX,Vanguard New York Tax-Exempt Money Market Fund,1,2,4,10,6,3,2,4,31,-10.0,26.0,Poor,🔥 COILED: Stay away,31,0.0,0.0,0.0,50.0,0,,nan,nan,0.0
WABXX,Western Asset Premier Institutional Government Reserves Capital Shares,1,2,4,10,6,3,2,4,31,-10.0,26.0,Poor,🔥 COILED: Stay away,31,0.0,0.0,0.0,50.0,0,,nan,nan,0.0
WACXX,Western Asset Premier Institutional Government Reserves Preferred Shares,1,2,4,10,6,3,2,4,31,-10.0,26.0,Poor,🔥 COILED: Stay away,31,0.0,0.0,0.0,50.0,0,,nan,nan,0.0
WADXX,Western Asset Premier Institutional U.S. Treasury Reserves Capital Shares,1,2,4,10,6,3,2,4,31,-10.0,26.0,Poor,🔥 COILED: Stay away,31,0.0,0.0,0.0,50.0,0,,nan,nan,0.0
WAEXX,Western Asset Premier Institutional U.S. Treasury Reserves Preferred Shares,1,2,4,10,6,3,2,4,31,-10.0,26.0,Poor,🔥 COILED: Stay away,31,0.0,0.0,0.0,50.0,0,,nan,nan,0.0
WAGXX,Wilmington Funds - Wilmington U.S. Government Money Market Fund,1,2,4,10,6,3,2,4,31,-10.0,26.0,Poor,🔥 COILED: Stay away,31,0.0,0.0,0.0,50.0,0,,nan,nan,0.0
WCGXX,Northern Institutional Funds - U.S. Government Select Portfolio,1,2,4,10,6,3,2,4,31,-10.0,26.0,Poor,🔥 COILED: Stay away,31,0.0,0.0,0.0,50.0,0,,nan,nan,0.0
WFFXX,Allspring Funds Trust - Allspring Government Money Market Fund,1,2,4,10,6,3,2,4,31,-10.0,26.0,Poor,🔥 COILED: Stay away,31,0.0,0.0,0.0,50.0,0,,nan,nan,0.0
WFNXX,Wells Fargo Funds Trust - National Tax-Free Money Market Fund,1,2,4,10,6,3,2,4,31,-10.0,26.0,Poor,🔥 COILED: Stay away,31,0.0,0.0,0.0,50.0,0,,nan,nan,0.0
WGAXX,Allspring Funds Trust - Allspring Government Money Market Fund,1,2,4,10,6,3,2,4,31,-10.0,26.0,Poor,🔥 COILED: Stay away,31,0.0,0.0,0.0,50.0,0,,nan,nan,0.0
WFGXX,Allspring Funds Trust - Allspring Government Money Market Fund,1,2,4,10,6,3,2,4,31,-10.0,26.0,Poor,🔥 COILED: Stay away,31,0.0,0.0,0.0,50.0,0,,nan,nan,0.0
WGEXX,Wilmington Funds - Wilmington U.S. Government Money Market Fund,1,2,4,10,6,3,2,4,31,-10.0,26.0,Poor,🔥 COILED: Stay away,31,0.0,0.0,0.0,50.0,0,,nan,nan,0.0
WGOXX,Wilmington Funds - Wilmington U.S. Government Money Market Fund,1,2,4,10,6,3,2,4,31,-10.0,26.0,Poor,🔥 COILED: Stay away,31,0.0,0.0,0.0,50.0,0,,nan,nan,0.0
WMOXX,Wells Fargo Funds Trust - Money Market Fund,1,2,4,10,6,3,2,4,31,-10.0,26.0,Poor,🔥 COILED: Stay away,31,0.0,0.0,0.0,50.0,0,,nan,nan,0.0
WGSXX,WT Mutual Fund - Wilmington U.S. Government Money Market Fund,1,2,4,10,6,3,2,4,31,-10.0,26.0,Poor,🔥 COILED: Stay away,31,0.0,0.0,0.0,50.0,0,,nan,nan,0.0
WMPXX,Wells Fargo Funds Trust - Money Market Fund,1,2,4,10,6,3,2,4,31,-10.0,26.0,Poor,🔥 COILED: Stay away,31,0.0,0.0,0.0,50.0,0,,nan,nan,0.0
WTAXX,Wilmington Funds - Wilmington U.S. Treasury Money Market Fund,1,2,4,10,6,3,2,4,31,-10.0,26.0,Poor,🔥 COILED: Stay away,31,0.0,0.0,0.0,50.0,0,,nan,nan,0.0
WNTXX,Wells Fargo Funds Trust - National Tax-Free Money Market Fund,1,2,4,10,6,3,2,4,31,-10.0,26.0,Poor,🔥 COILED: Stay away,31,0.0,0.0,0.0,50.0,0,,nan,nan,0.0
WOTXX,Wells Fargo Funds Trust - 100% Treasury Money Market Fund,1,2,4,10,6,3,2,4,31,-10.0,26.0,Poor,🔥 COILED: Stay away,31,0.0,0.0,0.0,50.0,0,,nan,nan,0.0
WTEXX,WT Mutual Fund - Wilmington Tax-Exempt Money Market Fund,1,2,4,10,6,3,2,4,31,-10.0,26.0,Poor,🔥 COILED: Stay away,31,0.0,0.0,0.0,50.0,0,,nan,nan,0.0
WTIXX,Wilmington Funds - Wilmington U.S. Treasury Money Market Fund,1,2,4,10,6,3,2,4,31,-10.0,26.0,Poor,🔥 COILED: Stay away,31,0.0,0.0,0.0,50.0,0,,nan,nan,0.0
WTLXX,Wells Fargo Funds Trust - Treasury Plus Money Market Fund,1,2,4,10,6,3,2,4,31,-10.0,26.0,Poor,🔥 COILED: Stay away,31,0.0,0.0,0.0,50.0,0,,nan,nan,0.0
WTRXX,Wells Fargo Funds Trust - 100% Treasury Money Market Fund,1,2,4,10,6,3,2,4,31,-10.0,26.0,Poor,🔥 COILED: Stay away,31,0.0,0.0,0.0,50.0,0,,nan,nan,0.0
WTPXX,Wells Fargo Funds Trust - Treasury Plus Money Market Fund,1,2,4,10,6,3,2,4,31,-10.0,26.0,Poor,🔥 COILED: Stay away,31,0.0,0.0,0.0,50.0,0,,nan,nan,0.0
FOBXX,Franklin Templeton Trust - Onchain US Government Money Fund,1,2,4,10,6,3,2,4,31,-10.0,26.0,Poor,🔥 COILED: Stay away,31,0.0,0.0,0.0,50.0,0,,nan,nan,0.0
WTSXX,WT Mutual Fund - Wilmington Tax-Exempt Money Market Fund,1,2,4,10,6,3,2,4,31,-10.0,26.0,Poor,🔥 COILED: Stay away,31,0.0,0.0,0.0,50.0,0,,nan,nan,0.0
BUYXX,State Street Institutional U.S. Government Money Market Fund,1.0,5,4,10,4,3,1,4,31,-10.0,26.0,Poor,🔥 COILED: Stay away,29,0.0,0.0,-0.3,42.7,0,,nan,nan,0.0
BVYXX,State Street Institutional Investment Trust - State Street Institutional Treasury Plus Money Market,1.0,5,4,10,4,3,1,4,31,-10.0,26.0,Poor,🔥 COILED: Stay away,29,0.0,0.0,-0.3,42.7,0,,nan,nan,0.0
CAHXX,State Street Institutional U.S. Government Money Market Fund,1.0,5,4,10,4,3,1,4,31,-10.0,26.0,Poor,🔥 COILED: Stay away,29,0.0,0.0,-0.3,42.7,0,,nan,nan,0.0
CAJXX,State Street Institutional Investment Trust - State Street Institutional Treasury Plus Money Market,1.0,5,4,10,4,3,1,4,31,-10.0,26.0,Poor,🔥 COILED: Stay away,29,0.0,0.0,-0.3,42.7,0,,nan,nan,0.0
FIDXX,Goldman Sachs Trust - Goldman Sachs Financial Square Federal Instruments Fund,1.0,5,4,10,4,3,1,4,31,-10.0,26.0,Poor,🔥 COILED: Stay away,31,0.0,0.0,-0.3,43.0,0,,nan,nan,0.0
LDIXX,Goldman Sachs Trust - Goldman Sachs Financial Square Government Fund,1.0,5,4,10,4,3,1,4,31,-10.0,26.0,Poor,🔥 COILED: Stay away,31,0.0,0.0,-0.3,44.1,0,,nan,nan,0.0
LEIXX,Goldman Sachs Trust - Goldman Sachs Financial Square Treasury Instruments Fund,1.0,5,4,10,4,3,1,4,31,-10.0,26.0,Poor,🔥 COILED: Stay away,31,0.0,0.0,-0.3,44.4,0,,nan,nan,0.0
OPGXX,State Street Institutional U.S. Government Money Market Fund,1.0,5,4,10,4,3,1,4,31,-10.0,26.0,Poor,🔥 COILED: Stay away,27,0.0,0.0,-0.3,42.8,0,,nan,nan,0.0
OPRXX,State Street Institutional Investment Trust- Treasury Money Market Fund,1.0,5,4,10,4,3,1,4,31,-10.0,26.0,Poor,🔥 COILED: Stay away,31,0.0,0.0,-0.3,42.9,0,,nan,nan,0.0
VTTXX,State Street Institutional Investment Trust- Treasury Money Market Fund,1.0,5,4,10,4,3,1,4,31,-10.0,26.0,Poor,🔥 COILED: Stay away,29,0.0,0.0,-0.1,46.2,0,,nan,nan,0.0
WMNXX,Goldman Sachs Trust - Goldman Sachs Financial Square Government Fund,1.0,5,4,10,4,3,1,4,31,-10.0,26.0,Poor,🔥 COILED: Stay away,31,0.0,0.0,-0.3,43.2,0,,nan,nan,0.0
WOMXX,Goldman Sachs Trust - Goldman Sachs Financial Square Treasury Instruments Fund,1.0,5,4,10,4,3,1,4,31,-10.0,26.0,Poor,🔥 COILED: Stay away,31,0.0,0.0,-0.3,43.1,0,,nan,nan,0.0
FYIXX,Fidelity Treasury Only Money Market Fund,1,2,4,10,6,3,2,4,31,-10.0,26.0,Poor,🔥 COILED: Stay away,31,0.0,0.0,0.0,50.0,0,,nan,nan,0.0
GTII,Global Tech Industries Group Inc,0.016,11,7,6,14,4,4,2,48,-25.5,25.5,Poor,Stay away,37,-22.0,41.8,38.6,54.6,3,,Industrials,3498524.0,18222.34
VLCJF,Velocity Minerals Ltd,0.159,19,8,3,9,4,3,5,51,-25.5,25.5,Poor,Stay away,50,22.3,40.7,20.8,74.1,3,,Basic Materials,31037070.0,296.0
JAMGF,Jasper Mining Corporation,0.009,3,4,1,7,3,3,4,25,-5.0,25.0,Poor,🔥 COILED: Stay away,22,0.0,0.0,-8.5,46.4,1,,Energy,2390071.0,19083.59
VDTAF,Vendetta Mining Corp,0.005,2,7,5,9,5,0,2,30,-1.0,25.0,Poor,Stay away,29,-30.6,-36.7,-26.5,36.3,1,,Basic Materials,1813445.0,16255.31
GBBGF,Global Li-Ion Graphite Corp,0.011,3,2,3,8,3,4,2,25,0.0,25.0,Poor,Stay away,16,-29.7,-25.3,-21.0,36.4,0,,Basic Materials,986288.0,6635.21
TRKUF,Tarku Resources Ltd,0.005,7,3,10,6,3,4,4,37,-15.0,25.0,Poor,Stay away,39,0.0,0.0,-0.0,15.1,1,,Basic Materials,829529.0,10891.93
GKIT,Greenkraft Inc,0.008,6,3,10,5,0,4,4,32,-10.0,25.0,Poor,Stay away,26,0.0,0.0,-0.1,33.0,0,,Consumer Cyclical,793890.0,1220.14
SMKG,Smart Card Marketing Systems Inc,0.003,4,3,2,8,4,0,4,25,0.0,25.0,Poor,Stay away,22,-23.8,-23.8,-11.0,45.7,0,,Technology,745783.0,19192.23
YGMZF,MingZhu Logistics Holdings Ltd,0.002,3,7,3,9,0,0,3,25,0.0,25.0,Poor,Stay away,23,-5.0,-36.7,-25.7,44.1,0,,Industrials,9991.0,3356071.19
BNZIW,Banzai International Inc,0.01,3,12,9,2,4,2,4,36,-11.0,25.0,Poor,Stay away,26,8.9,-2.0,2.6,49.7,1,,nan,nan,39918.39
QPTFF,Quest PharmaTech Inc,0.02,3,4,2,8,3,3,2,25,0.0,25.0,Poor,Stay away,30,0.0,0.0,-8.5,1.5,0,,Healthcare,3382585.0,12903.88
YBGJ,Yubo International Biotech Limited,0.014,15,3,5,14,6,0,5,48,-23.0,25.0,Poor,Stay away,34,-6.0,75.0,19.0,76.1,3,,Healthcare,2385891.0,4021.13
BPAIF,BrandPilot AI Inc.,0.012,3,4,6,8,0,0,4,25,0.0,25.0,Poor,Stay away,38,-11.1,-11.1,-9.8,41.5,0,,Technology,2295916.0,15718.99
IONGF,Ion Energy Ltd,0.02,2,8,1,9,4,2,2,28,-3.0,25.0,Poor,Stay away,27,11.1,-31.0,-3.1,47.6,1,,Basic Materials,2080372.0,18429.79
HANCF,Hanstone Gold Corp,0.014,8,8,4,6,3,4,4,37,-15.0,25.0,Poor,Stay away,27,0.0,0.0,0.6,49.2,1,,Basic Materials,697857.0,2460.1
TBLT,Toughbuilt Industries Inc,0.011,8,4,4,8,0,1,5,30,-5.0,25.0,Poor,Stay away,37,0.0,0.0,-21.4,48.1,1,,Industrials,47699.0,387.99
ICUCW,SeaStar Medical Holding Corporation,0.02,2,4,1,10,3,0,5,25,2.0,25.0,Poor,Stay away,24,-21.9,-33.3,-14.5,46.8,0,,nan,nan,83004.73
AWCA,Awaysis Capital Inc,0.03,3,10,1,7,3,2,2,28,-3.0,25.0,Poor,Stay away,29,-61.8,-31.8,-27.6,46.1,1,,Real Estate,18381440.0,21494.2
CINGF,Coinsilium Group Ltd,0.028,6,5,8,10,2,2,5,38,-13.0,25.0,Poor,Stay away,24,-4.1,-2.5,-2.0,46.1,1,,Technology,13642566.0,231833.42
CDTAF,Carl Data Solutions Inc,0.025,3,8,7,7,1,2,2,30,-5.0,25.0,Poor,Stay away,23,-8.5,-1.2,-4.7,42.7,2,,Technology,3474546.0,10165.47
LFLS,Loans4Less.Com Inc,0.03,5,3,10,5,3,2,4,32,-10.0,25.0,Poor,Stay away,19,0.0,0.0,-0.1,0.0,0,,Financial Services,1800000.0,387.5
NAUH,National American University Holdings Inc,0.03,3,4,3,7,3,7,2,29,0.0,25.0,Poor,Stay away,23,0.0,0.0,-10.8,2.5,0,,Consumer Defensive,741452.0,868.72
ADXDF,Adex Mining Inc,0.033,1,4,2,11,3,2,2,25,0.0,25.0,Poor,Stay away,26,0.0,-45.0,-37.6,39.1,0,,Basic Materials,22347978.0,14331.68
CETI,NexGen Holdings Corp,0.039,8,16,4,6,3,2,2,41,-16,25,Poor,Stay away,27,116.0,81.9,19.6,51.0,4,10,Utilities,6310274.0,477837.32
ABSOF,ABS-CBN Holdings Corporation,0.04,15,4,7,9,6,2,5,48,-23.0,25.0,Poor,Stay away,35,0.0,0.0,32.9,98.3,0,,Financial Services,3625060.0,8408.34
TBRIF,Therma Bright Inc,0.039,14,4,8,9,6,2,5,48,-23.0,25.0,Poor,Stay away,42,0.0,14.7,5.3,79.9,3,,Healthcare,2388618.0,1781.31
WCUFF,World Copper Ltd,0.035,6,3,1,15,0,6,5,36,-16.0,25.0,Poor,Stay away,48,-74.8,-74.6,-61.1,41.8,1,,Basic Materials,464249.0,13526.77
WALDW,Waldencast Acquisition Corp,0.045,8,12,4,6,8,2,3,43,-21.0,25.0,Poor,Stay away,51,11.7,11.7,4.4,52.0,3,,nan,366375000.0,42042.87
ZOONF,Zoono Group Limited,0.044,11,8,4,5,1,2,4,35,-15.0,25.0,Poor,🔥 COILED: Stay away,34,0.0,0.0,2.9,52.6,1,,Consumer Defensive,18151084.0,56.38
LSIHF,Lai Sun Garment (International) Limited,0.06,7,6,10,8,3,2,4,40,-18.0,25.0,Poor,Stay away,48,0.0,0.0,0.0,95.5,1,,Industrials,53002432.0,189.0
AZRH,Azure Holding Group Corp,0.065,10,13,6,2,3,6,2,42,-20,25,Poor,Stay away,23,112.1,8.5,32.6,53.0,2,8,Financial Services,3709054.0,37359.14
SHIEF,Shield Therapeutics plc,0.076,5,3,5,9,3,2,3,30,-5.0,25.0,Poor,Stay away,28,-3.9,-3.9,-3.1,8.4,1,,Healthcare,81497736.0,10335.51
NRGYF,New Energy Metals Corp.,0.094,8,7,6,5,4,1,4,35,-15.0,25.0,Poor,🔥 COILED: Stay away,29,0.0,0.0,2.2,51.2,1,,Basic Materials,554923.0,187.35
PMCGF,PT Merdeka Copper Gold Tbk,0.1,5,4,9,6,0,2,4,30,-10.0,25.0,Poor,🔥 COILED: Stay away,23,0.0,0.0,0.0,50.0,0,,Basic Materials,2441690112.0,350.0
ATONF,Anton Oilfield Services Group,0.108,7,3,10,6,3,2,4,35,-13.0,25.0,Poor,Stay away,36,0.0,0.0,-0.0,75.1,0,,Energy,347072992.0,0.0
CAULF,Cauldron Energy Limited,0.135,18,3,8,9,6,1,5,50,-25.0,25.0,Poor,Stay away,66,12.5,66.7,46.4,86.3,2,,Basic Materials,274991904.0,68363.5
OPORF,Open Orphan plc,0.11,1,5,1,8,3,3,4,25,-5.0,25.0,Poor,🔥 COILED: Stay away,39,0.0,0.0,-4.2,48.7,1,,Healthcare,75448760.0,208.52
RDEXF,Red Pine Exploration Inc,0.1,3,15,6,6,3,2,3,38,-11.0,25.0,Poor,Stay away,26,0.5,1.6,-1.1,46.2,1,,Basic Materials,44599004.0,148798.6
KDKGF,Klondike Gold Corp,0.11,5,5,5,8,4,2,2,31,-2.0,25.0,Poor,Stay away,25,0.0,4.6,-1.8,47.4,0,,Basic Materials,30679050.0,127340.11
GWBK,Gateway Bank F.S.B.,0.1,19,2,6,14,3,6,5,55,-30,25,Poor,Stay away,59,11.1,11.1,10.3,81.9,3,,Financial Services,26991262.0,105119.72
RDGMF,Ridgeline Minerals Corp,0.125,13,5,4,3,1,6,5,37,-15.0,25.0,Poor,Stay away,36,6.8,7.8,1.2,51.3,0,,Basic Materials,19179168.0,120959.1
GOGAF,GOGAF,0.119,4,8,2,8,3,2,2,29,-5.0,25.0,Poor,Stay away,39,-2.7,-3.0,-3.2,46.9,1,,Financial Services,13410183.0,43739.89
LVWD,Liveworld Inc.,0.12,6,4,3,10,5,0,2,30,-5.0,25.0,Poor,Stay away,23,-14.3,-7.7,-7.6,43.2,1,,Technology,5476012.0,67577.5
ESIFF,ESG Global Impact Capital Inc,0.14,3,5,2,8,3,2,2,25,0.0,25.0,Poor,Stay away,18,15.5,-6.7,-7.0,40.5,1,,Financial Services,4483563.0,1892.69
AUNM,Auction Mills Inc,0.11,3,6,8,5,3,3,4,32,-10.0,25.0,Poor,Stay away,23,0.0,0.0,-5.7,32.8,0,,Financial Services,286891.0,17.21
NUEPF,NUEPF,0.106,4,12,4,6,8,2,5,41,-16.0,25.0,Poor,Stay away,42,16.9,1.6,0.7,49.8,0,,nan,nan,9019.66
TDWDR,Tailwind 2.0 Acquisition Corp. Rights,0.145,7,8,2,4,4,7,5,37,-10.0,25.0,Poor,Stay away,30,11.5,-14.7,-0.7,49.3,1,,nan,nan,0.0
UMRRF,US Masters Residential Property Fund,0.194,9,6,11,8,0,2,4,40,-18.0,25.0,Poor,Stay away,50,0.0,0.0,0.0,99.7,1,,Real Estate,133559552.0,550.0
ECRFF,Cartier Resources Inc,0.184,11,4,8,9,1,0,5,38,-13.0,25.0,Poor,Stay away,44,-8.3,1.9,-0.4,49.6,1,,Basic Materials,84770424.0,102965.33
JROOF,Jericho Oil Corp,0.166,19,14,4,2,8,4,2,53,-26,25,Poor,Stay away,68,24.6,32.8,11.3,58.6,4,,Energy,55748776.0,110208.18
AQIA,AQIA,0.15,11,10,10,10,4,2,5,52,-23.0,25.0,Poor,Stay away,52,21.0,21.0,15.9,71.0,3,,Technology,8794413.0,98.93
EBRCZ,EBR Systems Inc.,0.2,0,5,2,8,4,2,2,23,2.0,25.0,Poor,Stay away,8,-21.7,-25.9,-24.4,28.9,1,,Healthcare,150661120.0,4884.48
PYNKF,Perimeter Medical Imaging AI Inc,0.217,6,6,6,7,0,0,5,30,-3.0,25.0,Poor,Stay away,25,-5.7,-1.4,-0.1,49.9,2,,Healthcare,33143904.0,94897.83
RSGOF,Resouro Strategic Metals Inc.,0.206,5,5,8,4,5,3,5,35,-15.0,25.0,Poor,🔥 COILED: Stay away,43,0.0,0.0,-0.4,47.1,1,,Basic Materials,22229470.0,22506.24
GRDV,GRDV,0.2,5,4,9,6,0,2,4,30,-10.0,25.0,Poor,🔥 COILED: Stay away,38,0.0,0.0,0.0,50.0,0,,Basic Materials,1568310.0,2060.0
ARRNF,American Rare Earths Limited,0.255,4,13,8,1,2,2,3,33,-11.0,25.0,Poor,Stay away,28,-0.4,-2.9,-1.1,45.7,1,,Basic Materials,148182480.0,1429430.82
PRPRF,Prairie Provident Resources Inc,0.26,5,1,6,7,0,2,2,23,-3.0,25.0,Poor,Stay away,34,0.2,0.2,-5.5,27.1,1,,Energy,12155948.0,0.0
FPRGF,Falco Resources Ltd,0.319,2,11,5,9,6,0,2,35,-8.0,25.0,Poor,Stay away,48,-6.8,-4.0,-3.8,45.6,1,,Basic Materials,111624056.0,62632.94
BWCCF,BWCCF,0.34,7,6,11,7,3,2,4,40,-18.0,25.0,Poor,Stay away,39,0.0,0.0,0.0,99.6,1,,Basic Materials,36637568.0,0.0
CAMZF,Camino Minerals Corporation,0.334,1,9,5,6,3,1,5,30,-8.0,25.0,Poor,Stay away,31,-2.3,0.0,-0.7,47.6,0,,Basic Materials,29814966.0,12980.62
KGLDF,King Global Ventures Inc,0.304,6,15,2,3,5,2,2,35,-11.0,25.0,Poor,Stay away,17,8.5,8.1,-0.3,43.6,2,,Basic Materials,15078984.0,10891.7
BLAGF,Blue Lagoon Resources Inc,0.354,1,12,1,8,4,2,2,30,-3.0,25.0,Poor,Stay away,15,-6.4,-15.4,-11.0,31.5,2,,Basic Materials,53576536.0,154732.75
SCNX,"Scienture Holdings, Inc.",0.366,2,5,3,12,3,0,5,30,-5.0,25.0,Poor,Stay away,35,-8.6,-10.4,-3.3,45.8,1,,Healthcare,14858690.0,8512787.3
TPCFF,Titan Logix Corp,0.35,7,3,10,6,3,4,4,37,-15.0,25.0,Poor,Stay away,34,0.0,0.0,-0.0,0.8,1,,Industrials,9378153.0,40.0
SHWGF,Shandong Weigao Group Medical Polymer Company Limited,0.43,4,3,8,6,3,4,4,32,-10.0,25.0,Poor,Stay away,0,0.0,0.0,-0.2,6.1,0,,Healthcare,1911514368.0,0.0
TIGCF,Triumph Gold Corp,0.422,7,11,8,6,8,0,3,43,-16.0,25.0,Poor,Stay away,48,0.5,-1.9,-0.3,49.7,1,,Basic Materials,25724596.0,193163.24
TKLS,Trutankless Inc,0.5,14,7,3,15,4,5,2,50,-21,25,Poor,Stay away,58,604.2,-12.3,14.4,53.0,2,9,Technology,81461104.0,3106.55
CSCHF,China Renaissance Holdings Limited,0.598,5,3,10,6,3,6,4,37,-15.0,25.0,Poor,Stay away,45,0.0,0.0,-0.0,13.1,1,,Financial Services,342976640.0,69.68
JSPR,Jasper Therapeutics Inc,0.6,5,3,1,9,3,4,5,30,-5.0,25.0,Poor,Stay away,20,-19.4,-13.3,-8.2,46.0,1,,Healthcare,19968062.0,1145418.24
CRWE,Crown Equity Holdings Inc,0.61,17,8,6,16,4,3,5,59,-30,25,Poor,Stay away,34,41.9,41.9,31.8,93.6,3,,Communication Services,9721253.0,225.82
SNOXF,SulNOx Group PLC,0.65,3,5,2,7,3,5,2,27,-5.0,25.0,Poor,Stay away,33,0.0,0.0,-1.4,45.3,1,,Utilities,85944432.0,768.95
VNTG,Vantage Corp,0.661,3,8,4,10,0,0,5,30,-5.0,25.0,Poor,Stay away,16,-4.1,-4.4,-5.0,42.1,1,,Industrials,20991184.0,336891.72
YUMSF,Demaecan Co Ltd,0.76,5,3,4,9,0,2,4,27,-5.0,25.0,Poor,Stay away,16,0.0,0.0,-0.0,0.0,1,,Consumer Cyclical,152581024.0,8.0
PMCOF,Prospector Metals Corp.,0.81,3,15,9,3,3,0,3,36,-11.0,25.0,Poor,Stay away,23,-3.6,-4.7,-3.4,41.5,1,,Basic Materials,129444568.0,137094.5
DRMMF,Dream International Limited,0.908,5,3,9,6,3,2,4,32,-10.0,25.0,Poor,Stay away,24,0.0,0.0,-0.0,0.0,0,,Consumer Cyclical,614931904.0,10.0
SUMMF,Summit Royalties Ltd.,0.941,3,14,6,0,4,3,3,33,-6.0,25.0,Poor,Stay away,22,-0.4,-1.0,-1.4,42.8,0,,Basic Materials,66997960.0,0.0
CLVFA,Cloverleaf Kennel Club,0.9,5,4,9,5,3,2,4,32,-10.0,25.0,Poor,Stay away,19,0.0,0.0,-0.3,0.0,0,,Consumer Cyclical,nan,464.02
UVRBF,Universal Robina Corporation,1.0,5,3,10,8,3,2,4,35,-13.0,25.0,Poor,Stay away,0,0.0,0.0,-0.0,84.5,0,,Consumer Defensive,2133001984.0,0.0
AIKO,Alternative Investment Corporation,0.983,1,5,1,8,3,7,2,27,-5.0,25.0,Poor,Stay away,25,0.0,0.0,-4.5,46.3,1,,Financial Services,15317435.0,8.47
SSIXX,State Street Institutional Liquid Reserves Fund,1.0,4,3,10,6,3,2,4,32,-10.0,25.0,Poor,Stay away,33,0.0,0.0,-0.0,0.0,0,,nan,nan,0.0
JIMXX,JPMorgan Trust I - JPMorgan Prime Money Market Fund,1.0,2,6,5,6,3,2,4,28,-8.0,25.0,Poor,🔥 COILED: Stay away,28,0.0,-0.0,-0.0,42.4,0,,nan,nan,0.0
SSHXX,State Street Institutional Liquid Reserves Fund,1.0,4,3,10,6,3,2,4,32,-10.0,25.0,Poor,Stay away,33,0.0,0.0,-0.0,0.0,0,,nan,nan,0.0
SSVXX,State Street Institutional Liquid Reserves Fund,1.0,4,3,10,6,3,2,4,32,-10.0,25.0,Poor,Stay away,33,0.0,0.0,-0.0,0.0,0,,nan,nan,0.0
SSZXX,State Street Institutional Liquid Reserves Fund,1.0,4,5,10,6,3,2,4,34,-12.0,25.0,Poor,Stay away,33,0.0,0.0,-0.0,67.6,0,,nan,nan,0.0
SSYXX,State Street Institutional Liquid Reserves Fund,1.0,4,3,10,6,3,2,4,32,-10.0,25.0,Poor,Stay away,33,0.0,0.0,-0.0,0.0,0,,nan,nan,0.0
TILXX,State Street Institutional Investment Trust - International Liquid Reserves Fund,1.0,4,3,10,6,3,2,4,32,-10.0,25.0,Poor,Stay away,33,0.0,0.0,-0.0,0.0,0,,nan,nan,0.0
TRSXX,Short-Term Investment Trust - Invesco Treasury Portfolio,1.0,3,4,10,5,3,1,4,30,-10.0,25.0,Poor,🔥 COILED: Stay away,26,0.0,0.0,-1.5,44.0,0,,nan,nan,0.0
TSMXX,Short-Term Investment Trust - Invesco Treasury Obligations Portfolio,1.0,3,4,10,5,3,1,4,30,-10.0,25.0,Poor,🔥 COILED: Stay away,26,0.0,0.0,-2.5,41.3,0,,nan,nan,0.0
TSSXX,Short-Term Investment Trust - Invesco Treasury Obligations Portfolio,1.0,3,4,10,5,3,1,4,30,-10.0,25.0,Poor,🔥 COILED: Stay away,33,0.0,0.0,-1.4,44.0,0,,nan,nan,0.0
FPTE,FPTE,0.15,18,5,5,7,6,3,5,49,-24.2,24.8,Broken,Avoid/exit,53,0.0,500.0,80.1,98.8,2,,nan,nan,555.72
SIUDF,Shanghai Industrial Urban Development Group Limited,0.007,8,3,10,6,3,2,4,36,-15.0,24.0,Broken,Avoid/exit,30,0.0,0.0,-0.0,28.6,1,,Real Estate,33845336.0,1655.5
THORF,Thor Mining PLC,0.008,10,8,3,6,4,3,5,39,-15.0,24.0,Broken,Avoid/exit,36,14.3,-20.0,16.6,52.4,1,,Basic Materials,9247194.0,83534.12
REEEF,RareX Limited,0.005,4,3,7,3,3,7,4,31,-10.0,24.0,Broken,Avoid/exit,16,0.0,0.0,-15.6,26.4,0,,Basic Materials,6082752.0,34335.89
FIRTF,Mammoth Minerals Limited,0.01,5,3,9,5,3,2,4,31,-10.0,24.0,Broken,Avoid/exit,21,0.0,0.0,-0.5,0.0,0,,Basic Materials,5589129.0,300.71
PLGNF,Playgon Games Inc,0.005,3,5,9,5,6,4,2,34,-15.0,24.0,Broken,🔥 COILED: Avoid/exit,33,0.0,0.0,-0.3,49.2,1,,Consumer Cyclical,2756420.0,14274.5
TNMD,Tianrong Medical Group Inc,0.005,16,8,6,9,6,5,5,55,-27,24,Broken,Avoid/exit,38,74.2,74.2,52.2,72.2,2,3,Real Estate,2700000.0,4952.06
CYYNF,Cynata Therapeutics Limited,0.004,3,6,1,9,3,3,4,29,-5.0,24.0,Broken,Avoid/exit,16,0.0,0.0,-80.9,35.3,1,,Healthcare,973817.0,95.63
HSCC,Homeland Security Cp,0.004,0,3,8,6,6,4,4,31,-10.0,24.0,Broken,Avoid/exit,22,-2.3,0.0,-4.3,44.7,0,,Consumer Cyclical,803355.0,21474.17
AGIN,American Graphite Technologies Inc,0.002,3,4,6,7,0,2,4,26,0.0,24.0,Broken,Avoid/exit,9,-20.0,-20.0,-15.1,42.1,0,,Financial Services,796751.0,131021.71
SAKL,Sack Lunch Productions Inc,0.007,4,3,9,6,3,7,4,36,-15.0,24.0,Broken,Avoid/exit,29,0.0,0.0,-3.8,36.9,1,,Consumer Cyclical,602597.0,2968.82
NFEI,New Frontier Energy Inc,0.003,3,3,9,6,3,3,4,31,-10.0,24.0,Broken,Avoid/exit,26,0.0,0.0,-14.6,18.8,0,,Financial Services,249045.0,16279.39
QCAAF,Quinsam Capital Corp,0.001,4,3,10,5,3,2,4,31,-10.0,24.0,Broken,Avoid/exit,16,0.0,0.0,-1.1,1.8,0,,Financial Services,131063.0,758.0
ZCARW,Zoomcar Holdings Inc,0.006,4,6,9,11,0,2,2,34,-10.0,24.0,Broken,Avoid/exit,29,41.0,96.4,1.4,49.4,2,,nan,nan,0.0
APGI,American Pwr Group,0.014,15,10,6,8,7,0,5,51,-27.0,24.0,Broken,Avoid/exit,59,-3.3,20.8,14.9,63.4,3,,Industrials,16239688.0,42127.67
MXTLF,Metalex Ventures Ltd,0.015,12,6,11,6,3,2,4,44,-23.0,24.0,Broken,Avoid/exit,50,0.0,0.0,0.0,98.0,0,,Basic Materials,4146718.0,200.0
KNBIF,Kane Biotech Inc,0.02,6,12,11,8,3,2,5,47,-23.0,24.0,Broken,Avoid/exit,21,11.6,11.0,6.0,52.4,4,,Healthcare,4133940.0,0.0
MCFNF,MCF Energy Ltd.,0.012,7,16,3,2,3,6,2,39,-13.0,24.0,Broken,Avoid/exit,17,-0.9,7.5,-2.4,45.1,2,,Energy,3406829.0,125001.23
MLPH,Molecular Pharmacology (USA) Ltd,0.02,15,5,11,5,6,2,5,49,-28.0,24.0,Broken,Avoid/exit,51,0.0,0.0,19.0,88.1,1,,Financial Services,403819.0,0.0
VINC,"Vincerx Pharma, Inc. Common Stock",0.013,3,5,2,9,4,2,4,29,-5.0,24.0,Broken,Avoid/exit,29,0.0,0.0,-1.4,48.0,1,,Healthcare,68045.0,27280.84
TRNGF,The Trendlines Group Ltd,0.029,8,4,9,6,3,2,4,36,-15.0,24.0,Broken,Avoid/exit,31,0.0,0.0,-0.0,0.0,1,,Financial Services,42413080.0,12800.0
TTLXF,Tantalex Resources Corporation,0.025,7,4,10,5,0,2,4,32,-13.0,24.0,Broken,🔥 COILED: Avoid/exit,46,0.0,0.0,-0.0,40.0,1,,Basic Materials,22675286.0,3060.31
SARMF,Southern Arc Minerals Inc,0.03,9,6,11,9,3,4,4,46,-18.0,24.0,Broken,Avoid/exit,60,0.0,0.0,0.0,99.4,1,,Basic Materials,1218038.0,79.02
HWTHF,Wildsky Resources Inc,0.021,3,3,8,5,3,5,4,31,-10.0,24.0,Broken,Avoid/exit,22,0.0,0.0,-17.9,4.4,0,,Basic Materials,1181105.0,233.58
GAWK,Gawk Inc,0.026,17,4,9,11,4,1,5,51,-27,24,Broken,Avoid/exit,45,142.9,142.9,51.4,84.3,3,3,Technology,67095.0,609.2
BHLIF,Bradda Head Lithium Limited,0.036,4,1,1,8,6,2,2,24,0.0,24.0,Broken,Avoid/exit,39,0.0,-15.6,-8.6,29.9,0,,Basic Materials,14179123.0,7978.5
NSHRF,Northern Shield Resources Inc,0.031,20,5,12,6,4,2,5,54,-30,24,Broken,Avoid/exit,45,49.0,49.0,32.6,75.6,3,,Basic Materials,4756710.0,0.0
IHLDF,Immutable Holdings Inc.,0.039,8,9,8,2,3,4,4,38,-17.0,24.0,Broken,Avoid/exit,24,0.0,4.0,2.1,50.2,1,,Financial Services,3784354.0,3683.58
URGYF,Academy Metals Inc,0.035,3,3,10,6,3,7,4,36,-15.0,24.0,Broken,Avoid/exit,19,0.0,0.0,-10.9,18.0,1,,Basic Materials,3286424.0,377.75
SUIFF,Superior Mining International Corporation,0.033,3,7,7,6,3,1,4,31,-10.0,24.0,Broken,Avoid/exit,16,0.0,0.0,-0.8,36.2,0,,Basic Materials,2576906.0,692.31
PFFOD,Latam Lithium Corp.,0.038,10,4,4,5,6,3,2,34,-10.0,24.0,Broken,Avoid/exit,47,0.0,0.0,-1.3,48.4,0,,Basic Materials,743882.0,1479.44
LITSF,Lithos Energy Ltd.,0.04,6,6,4,9,2,0,2,29,-5.0,24.0,Broken,Avoid/exit,15,-0.2,-38.5,-26.5,42.0,1,,Basic Materials,364268.0,9705.63
SMIT,Schmitt Industries Inc,0.033,12,4,11,14,6,2,5,54,-30,24,Broken,Avoid/exit,55,0.0,19.5,8.1,89.6,3,,Technology,127974.0,733.4
UNRG,United Energy Corp,0.042,10,14,5,6,4,4,2,45,-21.0,24.0,Broken,Avoid/exit,40,-6.7,6.3,-2.4,46.4,1,,Energy,22775396.0,618115.22
SRQRF,SRQ Resources Inc.,0.046,8,4,2,9,1,3,2,29,-5.0,24.0,Broken,Avoid/exit,23,0.0,0.0,-4.2,42.2,1,,Basic Materials,2913372.0,454.43
EDBLW,Edible Garden AG Incorporated,0.042,3,6,2,9,2,2,5,29,-3.0,24.0,Broken,Avoid/exit,15,27.1,-8.1,-21.6,46.4,1,,nan,nan,11755.0
BGTTF,Billy Goat Brands Ltd,0.056,2,6,1,10,0,3,2,24,-5.0,24.0,Broken,Avoid/exit,17,19.9,-34.8,-18.7,42.8,1,,Financial Services,5906825.0,29263.85
NXSGF,Nexus Gold Corp.,0.054,1,4,2,8,3,1,5,24,-5.0,24.0,Broken,🔥 COILED: Avoid/exit,26,0.0,0.0,-7.7,48.8,1,,Basic Materials,1293876.0,470.68
STKKF,Strike Energy Limited,0.069,3,3,3,7,3,3,4,26,-5.0,24.0,Broken,Avoid/exit,31,0.0,0.0,-3.3,38.5,1,,Energy,279325408.0,3651.87
VIORF,Vior Inc,0.068,3,5,3,8,0,2,3,24,0.0,24.0,Broken,Avoid/exit,8,-2.4,-0.3,-6.4,38.9,0,,Basic Materials,28178096.0,27012.67
HCNWF,Hypercharge Networks Corp.,0.064,8,10,4,8,5,0,2,37,-13.0,24.0,Broken,Avoid/exit,55,-8.6,-4.5,-4.2,46.5,1,,Consumer Cyclical,8819688.0,42092.69
INEOF,INEO Tech Corp,0.07,7,3,5,13,3,4,2,37,-13.0,24.0,Broken,Avoid/exit,53,-26.6,-13.0,-15.4,40.5,1,,Communication Services,4174251.0,25400.17
GGAMF,Good Gamer Entertainment Inc,0.078,3,6,2,7,3,1,4,26,-5.0,24.0,Broken,Avoid/exit,22,0.0,0.0,-3.8,36.1,1,,Communication Services,333728.0,1893.65
FRTN,Fortran Corp,0.09,8,6,2,13,5,2,5,41,-20.0,24.0,Broken,Avoid/exit,43,0.0,12.5,4.5,53.2,3,,Communication Services,2400598.0,11104.73
YUXXF,Yuexiu Real Estate Investment Trust,0.1,7,3,11,7,0,2,4,34,-13.0,24.0,Broken,Avoid/exit,0,0.0,0.0,0.0,95.8,0,,Real Estate,525896928.0,0.0
COTXF,Coiled Therapeutics plc,0.135,14,5,4,10,5,3,5,46,-18.0,24.0,Broken,Avoid/exit,40,3.2,28.8,2.9,53.1,3,,Healthcare,57616832.0,2168.12
ATVVF,Australian Vanadium Limited,0.106,7,9,5,2,3,3,5,34,-13.0,24.0,Broken,Avoid/exit,30,0.0,0.2,1.1,48.9,1,,Basic Materials,39816756.0,9266.42
MAHN,Mid-Atlantic Home Health Network Inc,0.112,3,4,2,7,3,3,2,24,0.0,24.0,Broken,Avoid/exit,21,0.0,0.0,-38.5,1.3,0,,Healthcare,30504660.0,170.61
KROEF,Kr1 PLC,0.133,5,5,6,5,3,5,5,34,-13.0,24.0,Broken,Avoid/exit,31,0.0,-4.3,-0.4,47.9,1,,Financial Services,23619008.0,3448.38
AGTT,Angstrom Technologies Inc,0.1,16,11,5,5,6,6,5,54,-28,24,Broken,Avoid/exit,56,25.0,25.0,33.6,78.7,4,,Basic Materials,3506190.0,26846.32
XELAP,Exela Technologies Inc Preferred Series B,0.102,18,4,9,13,1,4,5,54,-30,24,Broken,Avoid/exit,60,42.2,159.8,55.3,85.6,3,,Technology,nan,731.14
BFRGW,"Bullfrog AI Holdings, Inc. Warrants",0.11,2,6,3,7,0,2,2,22,2.0,24.0,Broken,Avoid/exit,24,-24.1,-15.1,-12.5,44.2,0,,Healthcare,nan,12941.07
INACR,Indigo Acquisition Corp. Right,0.124,1,8,5,8,3,2,2,29,-3.0,24.0,Broken,Avoid/exit,32,-11.6,6.6,-6.9,45.8,0,,nan,nan,0.0
SILLF,Sarine Technologies Ltd,0.166,5,4,10,6,3,2,4,34,-15.0,24.0,Broken,🔥 COILED: Avoid/exit,35,0.0,0.0,-0.0,46.9,1,,Technology,56494288.0,3796.0
ABPO,"Abpro Holdings, Inc.",0.194,2,4,9,8,3,2,4,32,-8.0,24.0,Broken,Avoid/exit,34,-5.2,-10.8,-4.3,47.2,1,,Healthcare,1202793.0,559257.73
LNKLF,Linklogis Inc.,0.243,10,4,5,6,3,2,4,34,-13.0,24.0,Broken,Avoid/exit,32,0.0,0.0,0.0,71.2,1,,Technology,483657216.0,5.86
PAXH,PreAxia Health Care Payment Systems Inc,0.22,8,3,9,5,3,4,4,36,-15.0,24.0,Broken,Avoid/exit,35,0.0,0.0,-0.0,13.0,1,,Healthcare,9837252.0,892.75
SMTK,"SmartKem, Inc. Common Stock",0.208,6,14,8,5,4,2,2,41,-15.0,24.0,Broken,Avoid/exit,24,10.6,4.0,-4.7,45.5,2,,Technology,4460812.0,3581517.74
RGPMF,Enwell Energy plc,0.25,12,6,11,6,3,2,4,44,-23.0,24.0,Broken,Avoid/exit,49,0.0,0.0,0.0,84.6,0,,Energy,144287024.0,15.5
PKSGY,PARKSON Retail Group Ltd ADR,0.28,5,3,10,7,3,2,4,34,-13.0,24.0,Broken,Avoid/exit,38,0.0,0.0,-0.0,88.6,1,,Consumer Cyclical,24588966.0,0.4
IVFH,Innovative Food Hldg,0.269,7,13,4,2,4,2,2,34,-8.0,24.0,Broken,Avoid/exit,27,5.9,-7.2,-0.4,48.1,1,,Consumer Defensive,14700710.0,96083.81
CISO,Cerberus Cyber Sentinel Corp,0.253,2,11,7,7,2,0,2,31,-7.0,24.0,Broken,Avoid/exit,28,-7.1,-3.9,-5.6,41.7,0,,Technology,11455211.0,554228.65
UCASU,UC Asset LP,0.262,5,3,9,6,3,1,4,31,-10.0,24.0,Broken,Avoid/exit,19,0.0,0.0,-0.2,13.0,0,,Real Estate,1437076.0,154.48
LPBBW,Launch Two Acquisition Corp. Warrant,0.255,8,6,1,3,5,2,2,27,-6.0,24.0,Broken,Avoid/exit,41,10.9,-17.7,-3.6,47.7,1,,nan,nan,9854.91
NTWOW,Newbury Street II Acquisition Corp Warrant,0.25,16,4,3,5,1,5,5,39,-11.0,24.0,Broken,Avoid/exit,57,4.2,4.2,4.5,58.0,0,,nan,nan,5304.86
FIGXW,FIGX Capital Acquisition Corp. Warrant,0.252,12,6,1,9,1,0,5,34,-10.0,24.0,Broken,Avoid/exit,51,-9.9,-9.9,-0.7,50.0,0,,nan,nan,0.0
GLFGF,Global Fashion Group S.A,0.33,8,3,10,6,3,2,4,36,-15.0,24.0,Broken,Avoid/exit,47,0.0,0.0,-0.0,0.2,1,,Consumer Cyclical,77898240.0,4753.66
VTECF,Vortex Energy Corp.,0.314,3,10,4,8,3,2,5,35,-11.0,24.0,Broken,Avoid/exit,35,8.0,7.6,0.1,49.6,1,,Basic Materials,4730723.0,2537.18
EURKR,Eureka Acquisition Corp Right,0.34,7,7,8,0,6,2,4,34,-10.0,24.0,Broken,Avoid/exit,42,-2.9,10.5,1.3,50.4,2,,nan,nan,0.0
CAUUF,Centaur Media Plc,0.381,5,3,10,4,3,2,4,31,-10.0,24.0,Broken,Avoid/exit,17,0.0,0.0,-0.0,3.2,1,,Communication Services,5346426.0,509.9
LUOYF,Luoyang Glass Company Limited,0.457,4,4,1,7,3,1,4,24,-5.0,24.0,Broken,🔥 COILED: Avoid/exit,27,0.0,0.0,-0.8,47.0,1,,Basic Materials,295331712.0,61.25
EVGN,Evogene,0.482,7,7,1,11,2,4,5,37,-13.0,24.0,Broken,Avoid/exit,15,-10.8,-16.9,-7.0,43.2,1,,Healthcare,5830717.0,704691.91
DSNY,Destiny Media Technologies Inc,0.524,4,13,1,6,4,2,2,32,-13.0,24.0,Broken,Avoid/exit,35,-6.1,-6.1,-3.6,44.6,2,,Technology,5051930.0,5125.46
SWDHF,Skyworth Group Limited,0.59,3,3,9,6,3,3,4,31,-10.0,24.0,Broken,Avoid/exit,27,0.0,0.0,-3.1,1.3,0,,Technology,1307103488.0,31.5
AFGVF,Agfa-Gevaert NV,0.571,8,3,10,6,3,2,4,36,-15.0,24.0,Broken,Avoid/exit,30,0.0,0.0,-0.0,0.1,1,,Industrials,88402520.0,60.0
ECTM,ECA Marcellus Trust I Unit,0.611,6,10,8,3,5,3,5,40,-16.0,24.0,Broken,Avoid/exit,47,0.2,-3.0,-0.5,49.2,0,,Energy,10915100.0,29822.45
MWYN,"Marwynn Holdings, Inc. Common stock",0.65,1,7,0,12,3,0,2,25,-6.0,24.0,Broken,Avoid/exit,23,-19.8,-34.3,-22.4,36.9,1,,Consumer Cyclical,13126622.0,478593.03
CKPDY,Cookpad Inc ADR,0.718,4,3,8,6,3,3,4,31,-10.0,24.0,Broken,Avoid/exit,14,0.0,0.0,-0.4,0.0,0,,Communication Services,51577200.0,48.49
SDA,SunCar Technology Group Inc.,0.773,1,7,4,3,5,6,3,29,-6.0,24.0,Broken,Avoid/exit,32,-2.0,-7.8,-4.6,42.7,0,,Consumer Cyclical,78853232.0,458750.45
PFHO,Pacific Health Care Organization Inc,0.84,6,6,8,3,0,2,4,29,-8.0,24.0,Broken,Avoid/exit,15,1.2,1.2,-2.2,42.3,0,,Healthcare,10752000.0,0.0
STGAF,Afentra PLC,0.864,10,5,2,7,0,3,5,32,-8.0,24.0,Broken,Avoid/exit,34,8.1,1.7,0.4,49.6,1,,Energy,236616032.0,1833.25
CIMEF,CIMC Enric Holdings Limited,0.93,3,8,1,5,3,3,4,27,-8.0,24.0,Broken,🔥 COILED: Avoid/exit,28,0.0,0.0,-2.4,43.5,0,,Energy,1963224064.0,130.1
KMFG,KMFG,0.935,6,3,6,6,3,3,4,31,-10.0,24.0,Broken,Avoid/exit,30,0.0,0.0,-0.7,2.2,0,,Consumer Cyclical,51425000.0,236.75
GLDAF,GlobalData Plc,0.977,3,3,4,8,3,1,2,24,0.0,24.0,Broken,Avoid/exit,24,-6.9,-6.9,-8.7,24.0,0,,Industrials,727796608.0,428.76
HLLK,Hallmark Venture Group Inc,1.0,8,7,1,10,6,0,2,34,-10.0,24.0,Broken,Avoid/exit,57,-36.3,-1.0,-13.5,46.9,0,,Financial Services,99265528.0,1629.06
POIXX,Money Market Obligations Trust - Federated Institutional Prime Obligations Fund,1.0,4,7,5,6,3,2,4,31,-10.0,24.0,Broken,Avoid/exit,27,0.0,0.0,-0.0,42.6,0,,nan,nan,0.0
SWSXX,Northern Institutional Funds - Treasury Portfolio,1.0,3,4,10,4,3,1,4,29,-10.0,24.0,Broken,🔥 COILED: Avoid/exit,26,0.0,0.0,-1.7,44.1,0,,nan,nan,0.0
ORGS,Orgenesis Inc,0.4,12,8,5,11,3,3,4,46,-22.5,23.5,Broken,Avoid/exit,47,0.0,2005.3,30.1,55.6,3,,Healthcare,3919815.0,1042.79
TSPG,TGI Solar Power Group Inc,0.002,1,9,3,8,3,2,3,29,-6.0,23.0,Broken,Avoid/exit,36,5.0,-4.5,-2.0,47.1,0,,Technology,3580575.0,645672.95
NWRV,"Nationwide RV & Resorts, Inc.",0.006,3,4,6,8,0,3,4,28,-5.0,23.0,Broken,Avoid/exit,16,0.0,0.0,-1.8,36.6,1,,Real Estate,3188617.0,7586.82
KOSK,One Step Vending Corp,0.005,4,15,3,9,5,2,2,40,-18.0,23.0,Broken,Avoid/exit,26,-10.5,50.0,5.6,51.6,3,,Energy,3094591.0,154556.55
MVNC,Marvion Inc.,0.008,1,4,2,10,0,4,2,23,0.0,23.0,Broken,Avoid/exit,19,-45.0,-20.6,-28.5,41.2,0,,Industrials,3003189.0,5624.02
ERHE,ERHC Energy Inc,0.001,8,4,8,6,3,1,5,35,-15.0,23.0,Broken,Avoid/exit,36,0.0,0.0,13.8,51.3,1,,Energy,2879442.0,0.0
JXMNF,Jaxon Mining Inc,0.007,2,4,10,6,0,2,4,28,-10.0,23.0,Broken,🔥 COILED: Avoid/exit,29,0.0,0.0,0.0,50.0,0,,Basic Materials,1218026.0,187.5
PKLE,"PickleJar Entertainment Group, Inc.",0.006,9,7,3,7,0,2,5,33,-8.0,23.0,Broken,Avoid/exit,30,47.7,80.6,3.2,46.8,2,,Technology,860012.0,245014.27
BRVRF,Blue River Resources Ltd,0.003,2,4,10,6,0,2,4,28,-10.0,23.0,Broken,🔥 COILED: Avoid/exit,28,0.0,0.0,0.0,50.0,0,,Basic Materials,751755.0,0.0
PPZRF,Western Atlas Resources Inc,0.002,8,3,10,5,3,2,4,35,-15.0,23.0,Broken,Avoid/exit,27,0.0,0.0,-0.0,12.6,1,,Basic Materials,336874.0,2047.48
SEPSF,Asep Medical Holdings Inc,0.011,8,3,10,5,3,2,4,35,-15.0,23.0,Broken,Avoid/exit,23,0.0,0.0,-0.0,0.0,1,,Healthcare,173021.0,336.22
GPIPF,WesCan Energy Corp.,0.004,8,3,10,5,3,2,4,35,-15.0,23.0,Broken,Avoid/exit,29,0.0,0.0,-0.1,24.8,1,,Energy,174029.0,564.63
AQSZF,Aequus Pharmaceuticals Inc,0.001,1,3,4,11,3,3,5,30,-3.0,23.0,Broken,Avoid/exit,20,-53.8,-53.8,-42.5,37.9,1,,Healthcare,159161.0,84716.64
CRMK,Cermetek Microelectronics Inc,0.005,3,3,10,5,3,5,4,33,-10.0,23.0,Broken,Avoid/exit,9,0.0,0.0,-4.2,1.3,0,,Technology,119171.0,3322.66
HBKRF,Highbank Resources Ltd,0.001,5,4,9,6,3,2,4,33,-15.0,23.0,Broken,🔥 COILED: Avoid/exit,26,0.0,0.0,0.0,50.0,1,,Basic Materials,28101.0,0.01
LGCP,Legion Capital Corporation,0.001,7,3,6,6,3,1,4,30,-10.0,23.0,Broken,Avoid/exit,26,0.0,0.0,-0.1,7.9,0,,Financial Services,23192.0,646.93
RDRSF,RDARS Inc,0.001,5,4,9,6,3,2,4,33,-15.0,23.0,Broken,🔥 COILED: Avoid/exit,26,0.0,0.0,0.0,50.0,1,,Technology,17721.0,0.18
AIFM,AIFarm Ltd,0.003,5,3,10,6,0,2,4,30,-10.0,23.0,Broken,Avoid/exit,27,0.0,0.0,-0.0,17.6,0,,Industrials,2030.0,1.77
EEENF,88 Energy Limited,0.014,3,6,2,9,2,2,4,28,-5.0,23.0,Broken,Avoid/exit,25,-8.9,-2.7,-6.5,44.1,1,,Energy,19165722.0,651054.31
MMTIF,Micromem Technologies Inc,0.017,6,8,3,11,1,0,2,31,-8.0,23.0,Broken,Avoid/exit,22,-13.0,74.0,-6.5,46.5,2,,Technology,12981993.0,439312.38
ROSN,Rosinbomb,0.016,12,6,5,11,4,0,5,43,-20.0,23.0,Broken,Avoid/exit,36,-10.7,15.3,5.1,55.3,3,,Industrials,7214579.0,320422.51
VSBC,VitaSpring Biomedical Co. Ltd,0.011,8,3,10,5,3,2,4,35,-15.0,23.0,Broken,Avoid/exit,25,0.0,0.0,-0.1,0.0,1,,Healthcare,2298033.0,51.88
MYLKF,The Planting Hope Company Inc,0.015,5,4,9,6,3,2,4,33,-15.0,23.0,Broken,🔥 COILED: Avoid/exit,41,0.0,0.0,0.0,50.0,1,,Consumer Defensive,1870011.0,48.0
NEVIF,Nevis Brands Inc.,0.018,4,4,3,7,4,4,2,28,-5.0,23.0,Broken,Avoid/exit,25,15.0,-27.3,-9.1,45.1,1,,Consumer Defensive,729794.0,0.0
HUBCZ,Hub Cyber Security Ltd. Warrant 8/22/23,0.017,10,14,3,5,6,7,2,47,-23.0,23.0,Broken,Avoid/exit,56,9.7,18.2,9.5,52.0,3,,nan,nan,80694.47
BBRDF,Blackbird plc,0.024,3,4,1,7,3,1,4,23,-5.0,23.0,Broken,🔥 COILED: Avoid/exit,26,0.0,0.0,-2.4,47.1,1,,Technology,11430462.0,2156.0
BVCLF,BATM Advanced Communications Ltd.,0.022,11,5,8,12,3,2,5,46,-23.0,23.0,Broken,Avoid/exit,30,0.0,0.0,23.8,99.9,1,,Healthcare,7481753.0,427.65
KICK,HPN Holdings Inc,0.028,3,7,3,7,3,3,2,28,-5.0,23.0,Broken,Avoid/exit,15,0.0,0.0,-23.3,37.0,1,,Industrials,2109972.0,2408.68
ITNF,Internet Infinity Inc,0.024,7,3,10,5,0,1,4,30,-10.0,23.0,Broken,Avoid/exit,37,0.0,0.0,-0.1,38.5,0,,Industrials,1732746.0,3276.66
CMMMF,Comstock Metals Ltd,0.028,10,3,1,9,3,0,2,28,-1.0,23.0,Broken,Avoid/exit,49,-17.2,-17.2,-10.3,39.8,0,,Basic Materials,830815.0,0.0
DSYWW,Big Tree Cloud Holdings Limited Warrants,0.022,11,9,2,6,4,6,5,43,-23.0,23.0,Broken,Avoid/exit,40,-3.5,54.2,15.0,52.1,3,,nan,nan,24979.83
AUMMF,AuMEGA Metals Ltd,0.035,16,13,6,5,4,3,5,52,-29,23,Broken,Avoid/exit,52,47.7,75.0,44.6,63.1,4,,Basic Materials,50942756.0,58004.61
SMAYF,SIMEC Atlantis Energy Limited,0.037,8,5,4,4,6,3,3,33,-15.0,23.0,Broken,🔥 COILED: Avoid/exit,37,0.0,0.0,-0.6,43.2,1,,Utilities,26520504.0,19713.17
GLWLF,Glow Lifetech Corp,0.032,8,9,4,4,3,2,3,33,-10.0,23.0,Broken,Avoid/exit,22,13.1,2.2,3.2,55.5,0,,Healthcare,5445926.0,15877.49
SBUM,Silver Buckle Mines Inc,0.04,14,6,8,5,4,2,5,44,-21.0,23.0,Broken,Avoid/exit,30,60.0,23.1,14.6,55.1,2,7,Basic Materials,479920.0,12335.07
IDBHF,Industrias Bachoco S.A.B. de C.V,0.05,5,3,10,6,0,2,4,30,-10.0,23.0,Broken,Avoid/exit,26,0.0,0.0,-0.0,0.0,0,,Consumer Defensive,30000000.0,0.0
SVTPF,S-Ventures Plc,0.05,2,4,10,6,0,2,4,28,-10.0,23.0,Broken,🔥 COILED: Avoid/exit,29,0.0,0.0,0.0,50.0,0,,Financial Services,18829012.0,300.0
SAEC,Starlight Energy Corp,0.05,2,4,10,6,0,2,4,28,-10.0,23.0,Broken,🔥 COILED: Avoid/exit,29,0.0,0.0,0.0,50.0,0,,Energy,nan,8.6
ENMPF,Ensurge Micropower ASA,0.06,10,5,5,10,4,3,5,42,-19.0,23.0,Broken,Avoid/exit,22,0.0,50.0,13.5,60.7,3,,Technology,58325980.0,3713.5
ZENAF,Zenith Energy Ltd.,0.06,3,7,2,17,3,2,2,36,-18,23,Broken,Avoid/exit,31,89.9,-42.8,-24.0,35.1,1,10,Energy,38237824.0,7827.7
VSBGF,VSBLTY Groupe Technologies Corp,0.055,7,6,2,8,0,3,2,28,-5.0,23.0,Broken,Avoid/exit,22,0.0,0.0,-20.3,46.4,1,,Technology,12851316.0,14082.41
LILIF,Argentina Lithium & Energy Corp,0.058,5,12,9,1,4,2,3,36,-13.0,23.0,Broken,Avoid/exit,23,-1.2,2.6,-1.8,46.7,2,,Basic Materials,10147733.0,67664.0
MNMRF,Monumental Minerals Corp,0.052,8,5,2,7,0,2,2,26,-3.0,23.0,Broken,Avoid/exit,36,-6.7,-0.9,-2.1,48.9,1,,Basic Materials,5913508.0,64143.53
SYBE,SYBLEU INC.,0.055,5,4,9,6,3,2,4,33,-15.0,23.0,Broken,🔥 COILED: Avoid/exit,41,0.0,0.0,0.0,50.0,1,,Healthcare,583742.0,205.34
FINR,Fintech Scion Limited,0.07,5,4,9,6,3,2,4,33,-15.0,23.0,Broken,🔥 COILED: Avoid/exit,27,0.0,0.0,0.0,50.0,1,,Technology,13911985.0,7.53
DSAIF,DeepSpatial Inc.,0.068,5,4,9,6,3,2,4,33,-15.0,23.0,Broken,🔥 COILED: Avoid/exit,40,0.0,0.0,0.0,50.0,1,,Technology,6964708.0,71.75
ORGEF,Oregen Energy Corp.,0.064,8,14,2,9,3,2,5,43,-20,23,Broken,Avoid/exit,36,56.7,44.7,43.1,59.7,3,8,Financial Services,2695107.0,15590.05
VRBFF,Vanadiumcorp Resource Inc,0.07,12,6,2,11,4,2,4,41,-18.0,23.0,Broken,Avoid/exit,41,16.7,16.7,5.3,52.7,3,,Basic Materials,1653624.0,30846.85
AGNMF,Agronomics Limited,0.073,8,5,1,8,0,4,2,28,-5.0,23.0,Broken,Avoid/exit,16,-1.4,4.3,-3.1,47.3,1,,Financial Services,92087400.0,95016.63
DBCCF,Decibel Cannabis Company Inc,0.078,1,12,8,3,3,4,2,33,-13.0,23.0,Broken,Avoid/exit,30,0.1,-6.1,-2.5,42.8,1,,Healthcare,44432332.0,170031.4
RDTCF,Rapid Dose Therapeutics Corp,0.078,10,11,4,5,4,0,5,39,-16.0,23.0,Broken,Avoid/exit,32,-8.0,7.9,9.7,55.6,1,,Healthcare,9280233.0,5198.34
DFTC,Defentect Group Inc,0.08,14,6,6,14,0,3,4,47,-20.0,23.0,Broken,Avoid/exit,49,19.9,28.6,7.1,53.4,3,,Technology,6653393.0,131250.51
IMRFF,iMetal Resources Inc.,0.078,18,5,5,11,5,6,5,55,-28,23,Broken,⚠️ EXHAUSTION RISK: Avoid/exit,51,7.7,12.1,7.4,56.1,3,,Basic Materials,3761651.0,65534.39
DMIIR,Drugs Made In America Acquisition II Corp. Right,0.08,5,7,5,3,4,2,2,28,-8.0,23.0,Broken,Avoid/exit,33,-4.2,-1.2,-2.5,47.6,0,,nan,nan,0.0
CFXTF,Conifex Timber Inc,0.091,7,7,2,3,3,7,4,33,-15.0,23.0,Broken,🔥 COILED: Avoid/exit,45,0.0,0.7,-0.6,45.5,1,,Basic Materials,3701708.0,1480.55
RMETF,Rackla Metals Inc,0.091,9,7,1,7,1,4,5,34,-11.0,23.0,Broken,Avoid/exit,29,1.1,0.0,-2.6,48.8,1,,Basic Materials,15146945.0,131416.54
STIFF,Plaid Technologies Inc.,0.091,3,4,4,7,0,1,4,23,-5.0,23.0,Broken,🔥 COILED: Avoid/exit,26,0.0,0.0,-13.4,46.0,1,,Consumer Defensive,6156867.0,226.83
AVGDF,Avidian Gold Corp,0.098,3,4,2,9,0,2,5,25,2.0,23.0,Broken,Avoid/exit,27,-10.5,-14.3,-6.0,43.8,0,,Basic Materials,1878367.0,1330.78
GBBYF,Goodbaby International Holdings Limited,0.11,3,4,1,7,3,3,2,23,0.0,23.0,Broken,Avoid/exit,6,0.0,0.0,-9.1,0.0,0,,Consumer Cyclical,183819520.0,130.0
YTOEF,YTO Express (International) Holdings Limited,0.14,8,3,9,6,3,2,4,35,-15.0,23.0,Broken,Avoid/exit,29,0.0,0.0,-0.0,0.0,1,,Industrials,58858836.0,475.0
VTXXF,Vertex Minerals Limited,0.1,3,6,1,8,0,3,4,25,-5.0,23.0,Broken,Avoid/exit,15,0.0,0.0,-45.2,8.7,1,,Basic Materials,28660852.0,120.3
SURMF,Surface Metals Inc.,0.126,7,12,5,11,4,4,3,46,-23.0,23.0,Broken,Avoid/exit,32,9.2,19.5,7.0,53.8,4,,Basic Materials,5697121.0,28368.21
BVAXF,Biovaxys Technology Corp,0.112,8,5,1,14,6,4,5,43,-20.0,23.0,Broken,Avoid/exit,30,2.1,14.0,-5.5,45.9,3,,Healthcare,4565463.0,74918.31
CNRCF,CNRCF,0.144,8,5,4,5,3,5,5,35,-15.0,23.0,Broken,Avoid/exit,31,10.9,3.0,3.3,52.1,1,,Basic Materials,1966032.0,8988.37
LINMD,Linear Minerals Corp.,0.127,16,5,2,9,5,3,5,45,-22,23,Broken,Avoid/exit,64,115.9,1.9,37.7,57.9,1,6,Basic Materials,1647781.0,42758.75
OKAIF,EvokAI Creative Labs Inc,0.12,5,4,9,6,3,2,4,33,-15.0,23.0,Broken,🔥 COILED: Avoid/exit,40,0.0,0.0,0.0,50.0,1,,Healthcare,908476.0,40.15
TROUF,Troubadour Resources Inc,0.118,8,11,4,6,8,5,2,44,-21.0,23.0,Broken,Avoid/exit,53,1.3,1.3,-0.4,49.5,2,,Basic Materials,829611.0,716.14
SLROF,Stellar Resources Limited,0.15,17,4,6,11,6,4,5,53,-30,23,Broken,Avoid/exit,52,0.0,900.0,65.4,100.0,3,,Basic Materials,50872384.0,18.25
KLKLF,Kirkland Lake Discoveries Corp.,0.192,3,11,6,7,4,0,2,33,-8.0,23.0,Broken,Avoid/exit,24,-8.6,-5.9,-7.1,41.2,1,,Basic Materials,37835772.0,125422.29
MRLLF,Minera IRL Limited,0.15,13,6,9,5,6,3,4,46,-28.0,23.0,Broken,🔥 COILED: Avoid/exit,58,0.0,0.0,9.2,100.0,1,,Basic Materials,34670256.0,43018.24
SLNFF,Solution Financial Inc,0.191,2,2,4,7,3,1,4,23,0.0,23.0,Broken,Avoid/exit,12,-1.2,-1.2,-0.9,13.1,0,,Consumer Cyclical,15890081.0,4695.0
GECSF,Global Education Communities Corp.,0.19,3,10,3,8,0,2,2,28,-5.0,23.0,Broken,Avoid/exit,16,0.0,0.0,-2.9,42.3,1,,Consumer Defensive,13044131.0,2770.98
CHPGR,ChampionsGate Acquisition Corporation Rights,0.15,4,7,7,6,3,2,2,31,-8.0,23.0,Broken,Avoid/exit,42,14.9,15.2,2.2,50.8,2,,nan,nan,0.0
BYMAF,BYMAF,0.22,8,6,11,6,6,2,4,43,-23.0,23.0,Broken,Avoid/exit,39,0.0,0.0,0.0,90.7,0,,Financial Services,1675543808.0,2.0
EDCFF,Enel Generación Costanera S.A,0.2,5,3,10,6,0,2,4,30,-10.0,23.0,Broken,Avoid/exit,29,0.0,0.0,-0.0,9.9,0,,Utilities,140397680.0,12.8
GCUMF,Gunnison Copper Corp,0.247,7,8,7,3,4,2,2,33,-10.0,23.0,Broken,Avoid/exit,20,-1.7,-4.0,-4.2,42.3,0,,Basic Materials,124862912.0,455378.09
XTPT,Xtra Energy Corp,0.2,9,14,5,8,4,4,2,46,-23.0,23.0,Broken,Avoid/exit,22,31.3,33.3,9.0,51.5,3,,Basic Materials,43557612.0,97358.86
CCOOF,Core Assets Corp,0.213,1,7,3,9,2,2,2,26,-3.0,23.0,Broken,Avoid/exit,17,-8.2,-12.2,-7.8,44.5,2,,Basic Materials,7014714.0,30693.01
AUHIF,Advance United Holdings Inc,0.234,16,5,6,11,1,1,5,45,-22.0,23.0,Broken,Avoid/exit,37,0.0,139.3,19.6,64.9,3,,Basic Materials,5511220.0,673.52
SZDEF,Dongjiang Environmental Company Limited,0.294,8,3,10,5,3,2,4,35,-15.0,23.0,Broken,Avoid/exit,28,0.0,0.0,-0.0,0.0,1,,Industrials,324613632.0,35.0
CNRSF,Canadian North Resources Inc.,0.264,8,3,10,5,3,2,4,35,-15.0,23.0,Broken,Avoid/exit,25,0.0,0.0,-0.0,10.8,1,,Basic Materials,30134836.0,379.31
CSRVF,Cross River Ventures Corp,0.284,17,4,6,11,6,2,5,51,-28.0,23.0,Broken,Avoid/exit,54,0.0,2887.4,92.2,100.0,2,,Basic Materials,2724671.0,142.09
IESVF,Invinity Energy Systems plc,0.32,3,5,1,10,5,2,2,28,-5.0,23.0,Broken,Avoid/exit,33,-0.6,-16.9,-10.4,37.2,1,,Industrials,182204192.0,21502.57
CUPPF,CUPPF,0.33,7,11,5,4,5,4,5,41,-18.0,23.0,Broken,Avoid/exit,21,3.1,3.6,-0.3,48.6,0,,nan,nan,37815.68
JDSEF,Jadestone Energy plc,0.38,6,1,3,8,0,6,4,28,-5.0,23.0,Broken,Avoid/exit,51,0.0,-1.3,-0.6,3.3,1,,Energy,207073072.0,7167.25
FFMGF,First Mining Gold Corp,0.434,13,6,2,1,9,0,4,35,-13.0,23.0,Broken,Avoid/exit,51,-3.5,-4.0,-1.3,49.7,1,,Basic Materials,600741248.0,1389465.0
QBTQF,SuperQ Quantum Computing Inc.,0.409,3,13,8,3,3,6,2,38,-13.0,23.0,Broken,Avoid/exit,0,-4.7,-1.0,-4.5,41.9,1,,Technology,14985078.0,0.0
LQWDF,LQwD FinTech Corp,0.504,3,9,4,7,3,0,3,29,-6.0,23.0,Broken,Avoid/exit,13,-3.6,-5.5,-6.0,40.8,2,,Technology,15739294.0,15866.08
SPPJY,Sappi Ltd ADR,0.66,3,6,2,10,0,2,5,28,-5.0,23.0,Broken,Avoid/exit,16,-14.3,-2.9,-8.6,42.2,1,,Basic Materials,400674432.0,9763.85
LOECF,Logan Energy Corp.,0.691,15,5,4,4,5,0,5,38,-15.0,23.0,Broken,Avoid/exit,44,-2.7,5.8,2.4,56.4,0,,Energy,477623264.0,81178.23
GPRO,GoPro Inc,0.694,6,8,8,3,2,4,2,33,-13.0,23.0,Broken,Avoid/exit,23,-6.0,-1.5,-3.8,43.3,1,,Technology,120146496.0,5734408.04
MMTLF,Madison Metals Inc.,0.696,3,7,1,12,0,2,3,28,-5.0,23.0,Broken,Avoid/exit,32,2.8,-9.0,-6.8,40.4,1,,Energy,46620068.0,6206.9
YTRA,Yatra Online Inc,0.868,1,4,8,7,3,2,2,27,-5.0,23.0,Broken,Avoid/exit,27,-1.3,-3.5,-2.2,44.9,1,,Consumer Cyclical,53958300.0,108772.3
TVAGF,TVA Group Inc,0.85,5,4,9,6,3,2,4,33,-15.0,23.0,Broken,🔥 COILED: Avoid/exit,29,0.0,0.0,0.0,50.0,1,,Communication Services,36724708.0,35.0
GDTC,CytoMed Therapeutics Limited Ordinary Shares,0.91,7,8,0,8,5,0,2,30,-5.0,23.0,Broken,Avoid/exit,22,-5.2,-10.8,-6.2,41.7,1,,Healthcare,10767880.0,240819.57
MRM,Medirom Healthcare Technologies Inc,0.935,3,7,5,8,3,0,2,28,-3.0,23.0,Broken,Avoid/exit,25,-7.4,-7.4,-5.6,40.2,1,,Consumer Cyclical,7390694.0,314358.27
TIAJF,Telecom Italia S.p.A,0.961,12,6,9,6,4,2,4,43,-23.0,23.0,Broken,Avoid/exit,57,0.0,0.0,0.0,98.6,0,,Communication Services,20455303168.0,654.0
BYAGF,Banyan Gold Corp,0.963,4,13,8,1,7,0,4,37,-15.0,23.0,Broken,Avoid/exit,47,-7.4,-7.0,-2.4,47.0,1,,Basic Materials,429092864.0,366068.91
SJ,Scienjoy Holding Corp,0.98,11,14,3,5,4,2,5,44,-21.0,23.0,Broken,Avoid/exit,32,42.0,6.5,11.8,56.3,1,,Communication Services,41617756.0,55285.65
JYD,Jayud Global Logistics Limited Class A Ordinary Shares,0.991,10,6,6,12,4,5,5,48,-23.0,23.0,Broken,Avoid/exit,22,20.2,33.0,13.2,53.8,4,,Industrials,8220890.0,254770.82
ESHSF,Eddy Smart Home Solutions Ltd.,1,5,4,9,6,3,2,4,33,-15.0,23.0,Broken,🔥 COILED: Avoid/exit,41,0.0,0.0,0.0,50.0,1,,Technology,6128623.0,350.0
JASUF,Jasmine International Public Company Limited,0.004,3,6,1,7,3,3,4,27,-5.0,22.0,Broken,Avoid/exit,10,0.0,0.0,-32.4,38.0,1,,Communication Services,33168300.0,62.5
CSTXF,CryptoStar Corp,0.004,3,6,8,6,3,3,5,34,-15.0,22.0,Broken,Avoid/exit,32,0.0,5.0,-3.6,39.6,1,,Financial Services,1956768.0,37000.44
IDGR,Industrial Distribution Group Inc,0.001,6,11,8,0,3,2,2,32,-10.0,22.0,Broken,Avoid/exit,18,0.0,-8.3,-14.2,32.7,0,,Financial Services,1912843.0,396266.83
BRZV,Fitvia Corp,0.01,16,5,4,9,8,0,5,47,-25.0,22.0,Broken,Avoid/exit,61,16.3,66.7,42.8,100.0,2,,Consumer Defensive,1870740.0,14325.06
LNTO,ProConcept Marketing Group Inc.,0.007,1,7,1,9,2,2,5,27,-1.0,22.0,Broken,Avoid/exit,28,-32.7,-52.7,-40.9,35.8,0,,Utilities,1251155.0,452266.71
PRKV,ParkVida Group Inc,0.006,5,3,10,6,3,3,4,34,-15.0,22.0,Broken,Avoid/exit,17,0.0,0.0,-0.2,2.0,1,,Industrials,488655.0,3731.36
CNADF,CanadaBis Capital Inc.,0.002,3,6,1,7,3,3,4,27,-5.0,22.0,Broken,Avoid/exit,23,0.0,0.0,-39.9,39.2,1,,Healthcare,296147.0,1145.0
XPRCF,Xplore Resources Corp.,0.005,4,3,9,6,3,5,4,34,-15.0,22.0,Broken,Avoid/exit,20,0.0,0.0,-2.2,0.2,1,,Basic Materials,263007.0,94.67
TWSI,Tristar Wellness,0.002,9,7,7,3,3,1,4,34,-15.0,22.0,Broken,Avoid/exit,18,0.0,0.0,-8.2,22.5,1,,Healthcare,175808.0,3307.39
GKOR,Golkor Inc.,0.001,6,3,6,2,3,5,4,29,-10.0,22.0,Broken,Avoid/exit,12,0.0,0.0,-97.0,0.1,0,,Basic Materials,42115.0,159.97
FUGI,Fuego Enterprises Inc,0.001,7,4,7,3,3,1,4,29,-10.0,22.0,Broken,Avoid/exit,26,0.0,0.0,-0.0,0.0,0,,Industrials,24326.0,2344.4
TNONW,"Tenon Medical, Inc. Warrant",0.008,2,3,1,8,1,0,5,20,2.0,22.0,Broken,Avoid/exit,23,-25.0,14.1,-15.5,45.4,2,,Healthcare,nan,37647.63
NOURF,Northern Minerals Limited,0.016,2,6,4,6,5,2,4,29,-10.0,22.0,Broken,Avoid/exit,21,-11.1,-20.0,-12.6,44.0,0,,Basic Materials,213768848.0,1294819.0
TNGL,Tonogold Resources Inc,0.018,0,5,4,9,0,4,3,25,-3.0,22.0,Broken,Avoid/exit,22,-17.8,-19.6,-13.0,38.7,1,,Basic Materials,18408118.0,222314.13
BMXI,Brookmount Explorations Inc,0.012,1,7,4,11,2,0,2,27,-5.0,22.0,Broken,Avoid/exit,18,-1.7,-21.3,-9.7,42.5,1,,Basic Materials,4245423.0,2709117.63
RWGI,Rodedawg International Industries Inc,0.013,5,5,4,8,6,0,2,30,-8.0,22.0,Broken,Avoid/exit,38,-0.8,-33.3,-14.6,41.4,0,,Consumer Cyclical,1753934.0,105486.62
FZMD,Fuse Medical Inc,0.02,1,2,2,8,3,2,4,22,0.0,22.0,Broken,Avoid/exit,18,0.0,-33.3,-8.1,38.0,0,,Healthcare,1477915.0,7059.82
IWAL,iWallet Corporation,0.012,5,7,1,7,1,4,2,27,-5.0,22.0,Broken,Avoid/exit,22,25.0,-3.8,-2.8,47.1,1,,Industrials,1330242.0,16542.38
TRYXF,Bessor Minerals Inc,0.017,5,3,10,6,3,3,4,34,-15.0,22.0,Broken,Avoid/exit,15,0.0,0.0,-0.1,0.1,1,,Basic Materials,528727.0,188.25
ZAAG,ZA Group Inc,0.011,3,9,1,7,3,0,2,25,-3.0,22.0,Broken,Avoid/exit,31,-23.5,-46.0,-26.7,40.1,2,,Consumer Cyclical,68411.0,7649.26
CHTM,Chatham Corporation,0.02,4,3,9,5,3,1,4,29,-10.0,22.0,Broken,Avoid/exit,13,0.0,0.0,-99.7,0.0,0,,Industrials,nan,0.5
MDBIF,Medibio Limited,0.028,15,4,8,12,3,3,5,50,-28.0,22.0,Broken,Avoid/exit,65,0.0,969.2,98.9,100.0,2,,Healthcare,32072676.0,87.83
AWAW,White Fox Ventures Inc,0.021,5,3,10,5,3,4,4,34,-15.0,22.0,Broken,Avoid/exit,31,0.0,0.0,-0.0,32.6,1,,Industrials,24546266.0,4654.75
NUVID,NUVID,0.021,3,3,8,5,3,3,4,29,-10.0,22.0,Broken,Avoid/exit,25,0.0,0.0,-88.8,12.0,0,,Financial Services,12020000.0,8.48
MSTXF,Madoro Metals Corp,0.024,9,3,11,8,0,2,4,37,-18.0,22.0,Broken,Avoid/exit,54,0.0,0.0,0.0,97.7,1,,Basic Materials,2241521.0,718.4
CISCF,Ciscom Corp.,0.022,3,3,3,7,5,4,2,27,-5.0,22.0,Broken,Avoid/exit,37,0.0,-10.4,-10.7,21.1,1,,Technology,1333238.0,13315.26
EUDAW,EUDA Health Holdings Limited,0.03,3,11,7,8,4,2,2,37,-16.0,22.0,Broken,Avoid/exit,30,22.4,42.9,11.4,53.0,3,,nan,nan,36180.31
NVNIW,Nvni Group Limited Warrants,0.028,4,10,1,5,3,2,3,28,-6.0,22.0,Broken,Avoid/exit,25,-3.8,-44.9,-11.8,47.8,1,,nan,nan,15570.54
MGWFF,Maple Leaf Green World Inc,0.031,13,14,7,6,6,0,5,51,-29,22,Broken,Avoid/exit,40,-8.8,106.7,54.2,60.7,4,,Healthcare,1202564.0,1684.87
MAKAF,Makara Mining Corp,0.042,15,5,9,8,4,2,5,48,-26,22,Broken,Avoid/exit,33,50.0,50.0,28.5,69.8,3,3,Basic Materials,710904.0,1993.39
PRLEQ,PRLEQ,0.05,18,4,4,10,3,5,5,49,-27,22,Broken,Avoid/exit,62,150.0,150.0,80.0,50.0,3,3,nan,13141.0,183.5
CRGOW,Freightos Limited Warrants,0.042,4,13,4,4,4,4,2,35,-11.0,22.0,Broken,Avoid/exit,23,-29.5,-17.7,-13.3,47.0,0,,nan,nan,28569.89
TVGNW,Tevogen Bio Holdings Inc.,0.048,5,4,1,7,3,2,2,24,-3.0,22.0,Broken,Avoid/exit,46,-10.0,-13.6,-9.2,40.9,0,,nan,nan,155941.17
GSTX,Graphene & Solar Technologies Limited,0.054,5,1,2,8,4,0,2,22,0.0,22.0,Broken,Avoid/exit,39,-46.5,15.1,-36.4,38.8,2,,Technology,37838836.0,10772.6
MEDIF,Medipharm Labs Corp,0.053,5,7,2,12,4,0,5,35,-13.0,22.0,Broken,Avoid/exit,40,-6.7,-6.7,-2.6,46.2,1,,Healthcare,22942670.0,120845.18
VTMXF,Vital Metals Limited,0.06,3,7,2,7,4,0,2,25,-3.0,22.0,Broken,Avoid/exit,20,-50.0,-50.0,-32.1,37.6,1,,Basic Materials,14872779.0,32368.47
NBYCF,Niobay Metals Inc,0.057,5,12,6,2,3,2,3,33,-11.0,22.0,Broken,Avoid/exit,27,14.2,-4.8,2.6,50.3,2,,Basic Materials,11254238.0,64964.8
BCUFF,Bell Copper Corporation,0.055,4,7,8,6,5,2,2,34,-15.0,22.0,Broken,Avoid/exit,45,1.8,-6.9,-2.7,46.5,1,,Basic Materials,8002353.0,43102.37
NKGN,"NKGen Biotech, Inc. Common Stock",0.06,9,3,7,6,3,2,4,34,-15.0,22.0,Broken,Avoid/exit,28,0.0,0.0,-0.7,47.9,1,,Healthcare,7836133.0,4218.01
EUMNF,Euro Manganese Inc,0.051,0,4,5,8,3,0,2,22,0.0,22.0,Broken,Avoid/exit,8,-12.1,-13.6,-16.4,23.9,0,,Basic Materials,7290679.0,32004.5
BMVVF,Bathurst Metals Corp,0.056,4,3,7,5,3,3,4,29,-10.0,22.0,Broken,Avoid/exit,30,0.0,0.0,-3.0,40.0,0,,Basic Materials,2797600.0,1763.92
VIAOY,VIA optronics AG,0.06,12,5,4,4,6,3,2,36,-15.0,22.0,Broken,🔥 COILED: Avoid/exit,33,0.0,0.0,-0.0,50.8,1,,Technology,1359210.0,2981.74
ANORF,ANORF,0.061,5,11,2,3,5,2,2,30,-8.0,22.0,Broken,Avoid/exit,51,1.8,-12.7,-7.2,43.2,1,,Basic Materials,12714978.0,21368.0
ZICX,Zicix Corp,0.069,3,3,7,5,3,3,5,29,-10.0,22.0,Broken,Avoid/exit,17,0.0,0.0,-45.7,37.0,0,,Technology,877342.0,0.0
CLRSF,Castile Resources Limited,0.077,4,5,3,5,3,3,4,27,-10.0,22.0,Broken,🔥 COILED: Avoid/exit,33,0.0,0.0,-0.9,47.5,0,,Basic Materials,29665550.0,1263.57
BRCHF,BrainChip Holdings Ltd,0.095,1,10,1,7,4,2,2,27,-5.0,22.0,Broken,Avoid/exit,21,0.3,-8.7,-6.1,39.7,2,,Technology,230141808.0,384634.69
PLMNF,Palamina Corp,0.097,1,3,3,8,3,4,5,27,-5.0,22.0,Broken,Avoid/exit,16,-0.7,-3.4,-4.5,42.0,1,,Basic Materials,9009282.0,8269.27
KENYF,KENYF,0.098,6,6,7,8,0,2,2,31,-9.0,22.0,Broken,Avoid/exit,36,-7.3,-7.8,-8.0,41.5,0,,nan,nan,18027.14
RTLGF,St. Augustine Gold and Copper Limited,0.147,7,6,3,6,0,5,2,29,-10.0,22.0,Broken,Avoid/exit,25,3.4,-2.3,-5.2,48.0,0,,Basic Materials,280926656.0,8495.19
FBRKF,FBR Limited,0.134,16,10,6,5,6,4,5,52,-30,22,Broken,Avoid/exit,62,-18.5,16.9,30.5,67.1,3,,Real Estate,15323442.0,0.0
ZCRMF,Golden Cross Resources Inc,0.112,3,9,6,6,3,2,5,34,-13.0,22.0,Broken,Avoid/exit,27,6.3,1.4,0.5,49.5,1,,Basic Materials,7857169.0,152660.46
ARSLF,Altima Resources Ltd,0.1,13,5,8,9,3,2,5,45,-23.0,22.0,Broken,Avoid/exit,27,0.0,0.0,21.6,92.9,1,,Energy,5697495.0,51132.43
XLEFF,XXL Energy Corp,0.118,9,3,10,6,3,2,4,37,-18.0,22.0,Broken,Avoid/exit,41,0.0,0.0,0.0,72.3,1,,Energy,856572.0,9.2
SDSTW,Stardust Power Inc.,0.1,1,10,0,3,3,2,2,21,-4.0,22.0,Broken,Avoid/exit,32,-55.6,-16.7,-22.3,46.4,0,,nan,nan,17164.29
TAJIF,Tajiri Resources Corp,0.15,15,11,4,11,4,2,5,52,-26,22,Broken,Avoid/exit,51,66.7,7.1,54.1,64.1,1,3,Basic Materials,34499504.0,5956.88
BCMRF,BCM Resources Corporation,0.19,9,11,3,10,4,2,2,41,-17,22,Broken,Avoid/exit,43,82.2,18.8,24.7,56.3,3,9,Basic Materials,24311212.0,34803.94
HYPRF,HydrogenPro AS,0.201,6,6,2,4,3,7,2,30,-13.0,22.0,Broken,🔥 COILED: Avoid/exit,33,0.0,0.0,-6.6,45.3,1,,Industrials,29333728.0,83.8
SKVI,Skinvisible Inc,0.2,1,6,2,7,0,4,2,22,-3.0,22.0,Broken,Avoid/exit,25,0.0,-9.1,-6.1,46.2,1,,Consumer Defensive,1080768.0,1650.09
MTGRF,Mount Gibson Iron Ltd,0.26,5,3,10,5,3,4,4,34,-15.0,22.0,Broken,Avoid/exit,27,0.0,0.0,-0.0,0.7,1,,Basic Materials,414751712.0,155.11
SEUSF,Sintana Energy Inc,0.267,10,10,8,6,2,1,5,42,-20.0,22.0,Broken,Avoid/exit,18,2.7,6.4,1.7,51.1,1,,Energy,149635472.0,238595.99
AEUXF,AEUXF,0.269,4,14,7,6,7,0,5,43,-21.0,22.0,Broken,Avoid/exit,0,5.6,5.6,0.7,49.9,1,,Energy,105879208.0,0.0
HWTNF,HWTNF,0.275,3,12,6,0,3,2,4,30,-8.0,22.0,Broken,Avoid/exit,18,2.3,-4.4,-3.5,42.2,1,,nan,nan,49771.92
PRNCF,PRNCF,0.275,3,12,6,0,3,2,4,30,-8.0,22.0,Broken,Avoid/exit,18,2.3,-4.4,-3.5,42.2,1,,nan,nan,49771.92
PNDFF,PT Indofood CBP Sukses Makmur Tbk,0.302,3,8,1,5,3,3,4,27,-10.0,22.0,Broken,🔥 COILED: Avoid/exit,23,0.0,0.0,-4.0,42.7,0,,Consumer Defensive,3520730112.0,87.88
JNNDF,Japan Display Inc,0.303,5,3,10,6,3,3,4,34,-15.0,22.0,Broken,Avoid/exit,31,0.0,0.0,-1.9,17.3,1,,Technology,1292488320.0,1200.1
RMSG,Real Messenger Corporation Ordinary Shares,0.339,4,3,7,9,0,2,2,27,-5.0,22.0,Broken,Avoid/exit,24,-13.3,-10.6,-20.8,35.5,1,,Technology,4831752.0,6024078.2
MLSS,Milestone Scientific,0.376,10,3,2,12,1,2,5,35,-13.0,22.0,Broken,Avoid/exit,50,-11.9,-11.4,-4.1,47.8,1,,Healthcare,33256976.0,1131183.2
PAUIF,Premier American Uranium Inc,0.382,12,12,8,2,4,4,5,47,-26,22,Broken,Avoid/exit,29,13.3,12.3,11.8,56.3,4,,Energy,36522348.0,44914.53
YOUL,Youlife Group Inc. American Depositary Shares,0.35,3,5,0,8,2,2,2,22,0.0,22.0,Broken,Avoid/exit,16,-41.7,-34.6,-34.9,38.9,0,,Consumer Defensive,28388116.0,474875.44
LKTEF,LKTEF,0.403,7,4,7,3,3,1,4,29,-10.0,22.0,Broken,Avoid/exit,0,0.0,0.0,-0.0,0.0,0,,Industrials,549986240.0,0.0
AIRDF,Rocket Doctor AI Inc.,0.423,6,10,6,7,7,0,4,40,-18.0,22.0,Broken,Avoid/exit,24,-3.7,6.9,-1.2,47.7,1,,Healthcare,40211336.0,64933.46
CSRIF,CSRIF,0.405,9,3,11,5,3,2,4,37,-18.0,22.0,Broken,Avoid/exit,50,0.0,0.0,0.0,76.0,1,,Basic Materials,23558788.0,344.06
PYBX,Hydro Power Technologies Inc,0.46,4,3,2,7,2,4,5,27,-5.0,22.0,Broken,Avoid/exit,31,-23.3,-55.3,-45.0,45.0,1,,Industrials,456841.0,1284.22
RYSKF,Reysas Tasimacilik ve Lojistik Ticaret A.S,0.5,16,11,8,5,4,2,5,51,-29,22,Broken,Avoid/exit,42,13.5,11.1,10.0,60.7,3,,Industrials,1000000000.0,20646.76
ASGOF,Asante Gold Corporation,0.513,2,5,5,8,0,2,2,24,-5.0,22.0,Broken,Avoid/exit,16,-12.2,-9.9,-6.7,41.6,1,,Basic Materials,463292352.0,90245.14
QURT,Quarta-Rad Inc,0.5,3,4,3,7,3,5,2,27,-5.0,22.0,Broken,Avoid/exit,15,0.0,0.0,-3.9,10.6,1,,Technology,7949741.0,155.43
RMRDF,Radisson Mining Resources Inc,0.565,2,7,8,6,2,2,5,32,-10.0,22.0,Broken,Avoid/exit,29,-6.2,-7.4,-3.9,43.9,0,,Basic Materials,244866720.0,614454.08
CPMV,Mosaic Immunoengineering Inc,0.55,3,5,2,9,4,2,2,27,-5.0,22.0,Broken,Avoid/exit,29,-18.4,-13.9,-10.1,43.7,2,,Healthcare,3983176.0,578.87
QETAR,Quetta Acquisition Corporation Right,0.65,6,8,8,0,6,2,2,32,-10.0,22.0,Broken,Avoid/exit,21,-7.1,-7.1,-11.6,35.7,0,,nan,nan,0.0
LGMK,LogicMark Inc,0.65,6,8,1,7,4,0,2,28,-6.0,22.0,Broken,Avoid/exit,50,-18.8,-35.0,-15.5,47.3,0,,Healthcare,584843.0,3820.36
FGOVF,Freegold Ventures Limited,0.7,5,14,9,1,3,0,5,37,-13.0,22.0,Broken,Avoid/exit,29,-1.1,1.5,0.6,49.0,2,,Basic Materials,404391232.0,262360.75
HKSHF,The Hongkong and Shanghai Hotels Limited,0.8,9,6,11,6,0,6,4,42,-23.0,22.0,Broken,Avoid/exit,52,0.0,0.0,0.0,87.0,0,,Consumer Cyclical,1203197312.0,41.5
MLMC,"Mike Lindell Media, Corp.",0.895,2,7,2,7,5,2,5,30,-6.0,22.0,Broken,Avoid/exit,31,7.6,-12.3,-0.1,49.3,2,,Communication Services,36274688.0,3743.43
PANHF,Ping An Healthcare and Technology Company Limited,0.921,3,5,4,6,3,3,5,29,-10.0,22.0,Broken,Avoid/exit,19,0.0,0.0,-2.5,26.6,0,,Healthcare,4253251840.0,58.5
UPYY,UPAY Inc,0.9,6,3,10,4,3,4,4,34,-15.0,22.0,Broken,Avoid/exit,30,0.0,0.0,-0.0,2.3,1,,Technology,15898690.0,197.95
TMLL,Third Millennium Industries Inc,1,5,4,9,5,3,2,4,32,-15.0,22.0,Broken,🔥 COILED: Avoid/exit,27,0.0,0.0,0.0,50.0,1,,Financial Services,62403024.0,4.0
FBRKD,FBRKD,0.134,16,6,5,9,6,4,5,51,-29.5,21.5,Broken,Avoid/exit,60,-18.5,16.9,30.6,67.3,3,,Real Estate,19275144.0,5954.49
CZASF,China ZhengTong Auto Services Holdings Limited,0.01,2,4,10,6,3,2,4,31,-15.0,21.0,Broken,🔥 COILED: Avoid/exit,31,0.0,0.0,0.0,50.0,1,,Consumer Cyclical,799280896.0,0.0
CSCNF,CSCNF,0.01,2,4,10,6,3,2,4,31,-15.0,21.0,Broken,🔥 COILED: Avoid/exit,31,0.0,0.0,0.0,50.0,1,,Real Estate,44341356.0,0.0
SHUNF,Shunfeng International Clean Energy Limited,0.002,5,3,10,6,3,2,4,33,-15.0,21.0,Broken,Avoid/exit,32,0.0,0.0,-0.0,2.0,1,,Utilities,36258284.0,2780.0
GENLF,GENLF,0.002,2,4,10,6,3,2,4,31,-15.0,21.0,Broken,🔥 COILED: Avoid/exit,0,0.0,0.0,0.0,50.0,1,,Basic Materials,6919072.0,0.0
FNQQF,Fineqia International Inc,0.003,17,4,5,6,6,1,5,44,-23,21,Broken,Avoid/exit,58,52.4,28.0,13.3,61.3,2,7,Financial Services,5282634.0,10112.13
NISLF,Antares Metals Limited,0.005,2,4,10,6,3,2,4,31,-15.0,21.0,Broken,🔥 COILED: Avoid/exit,0,0.0,0.0,0.0,50.0,1,,Basic Materials,4280514.0,0.0
SOLBF,Solvbl Solutions Inc,0.01,2,4,10,6,3,2,4,31,-15.0,21.0,Broken,🔥 COILED: Avoid/exit,32,0.0,0.0,0.0,50.0,1,,Technology,2752476.0,17.33
TOWTF,Tower One Wireless Corp,0.005,2,4,10,6,3,2,4,31,-15.0,21.0,Broken,🔥 COILED: Avoid/exit,31,0.0,0.0,0.0,50.0,1,,Communication Services,1132590.0,1250.0
MYSL,My Screen Mobile Inc,0.008,2,4,10,6,3,2,4,31,-15.0,21.0,Broken,🔥 COILED: Avoid/exit,32,0.0,0.0,0.0,50.0,1,,Communication Services,1092295.0,1800.0
LBAS,Location Based Techs,0.002,1,9,2,7,4,4,5,32,-11.0,21.0,Broken,Avoid/exit,25,4.3,-11.1,-3.2,47.1,2,,Technology,1065082.0,112878.87
LNLHF,LeanLife Health Inc,0.005,2,4,10,6,3,2,4,31,-15.0,21.0,Broken,🔥 COILED: Avoid/exit,32,0.0,0.0,0.0,50.0,1,,Consumer Defensive,1035530.0,70.0
PWWRF,Cleantech Power Corp.,0.006,2,4,10,6,3,2,4,31,-15.0,21.0,Broken,🔥 COILED: Avoid/exit,32,0.0,0.0,0.0,50.0,1,,Industrials,1020790.0,0.8
MSGNF,Man Sang International Limited,0.002,4,3,10,6,0,6,4,33,-15.0,21.0,Broken,Avoid/exit,19,0.0,0.0,-0.7,26.0,1,,Real Estate,970797.0,38.09
PAEGF,Peace Arch Entertainment Group Inc,0.001,2,4,10,6,3,2,4,31,-15.0,21.0,Broken,🔥 COILED: Avoid/exit,32,0.0,0.0,0.0,50.0,1,,Communication Services,958068.0,21.0
TTTSF,TruTrace Technologies Inc,0.006,2,4,10,6,3,2,4,31,-15.0,21.0,Broken,🔥 COILED: Avoid/exit,32,0.0,0.0,0.0,50.0,1,,Technology,939066.0,61.25
PCIMF,Pacific Imperial Mines Inc,0.004,4,3,9,4,3,1,4,28,-10.0,21.0,Broken,Avoid/exit,18,0.0,0.0,-0.8,0.2,0,,Basic Materials,720012.0,10118.7
NFTFF,NFT Technologies Inc,0.007,2,4,10,6,3,2,4,31,-15.0,21.0,Broken,🔥 COILED: Avoid/exit,32,0.0,0.0,0.0,50.0,1,,Technology,695848.0,2680.1
SPXA,SpectrumDNA Inc,0.01,2,4,10,6,3,2,4,31,-15.0,21.0,Broken,🔥 COILED: Avoid/exit,31,0.0,0.0,0.0,50.0,1,,Technology,684983.0,875.0
XESP,CannAssist International Corp,0.01,2,4,10,6,3,2,4,31,-15.0,21.0,Broken,🔥 COILED: Avoid/exit,31,0.0,0.0,0.0,50.0,1,,Communication Services,535280.0,9.5
CRKN,Crown Electrokinetics Corp.,0.001,2,4,1,8,0,4,4,23,2.0,21.0,Broken,Avoid/exit,24,-98.5,-90.9,-97.8,34.7,0,,Basic Materials,434556.0,1769.5
TAKD,TransAKT Ltd,0.003,1,1,3,7,3,3,3,21,0.0,21.0,Broken,Avoid/exit,27,-3.7,-3.7,-3.1,10.8,0,,Financial Services,347117.0,1676.77
MURCF,Lightspeed Discoveries Inc,0.01,5,3,10,6,3,2,4,33,-15.0,21.0,Broken,Avoid/exit,30,0.0,0.0,-0.0,0.0,1,,Basic Materials,304955.0,0.0
UBMRF,Urbanimmersive Inc,0.004,2,4,10,6,3,2,4,31,-15.0,21.0,Broken,🔥 COILED: Avoid/exit,31,0.0,0.0,0.0,50.0,1,,Technology,217010.0,2703.0
XMTTF,Xmet Inc,0.002,2,4,10,6,3,2,4,31,-15.0,21.0,Broken,🔥 COILED: Avoid/exit,31,0.0,0.0,0.0,50.0,1,,Basic Materials,183971.0,1213.1
THCBF,THC Biomed Intl Ltd,0.001,2,4,10,6,3,2,4,31,-15.0,21.0,Broken,🔥 COILED: Avoid/exit,31,0.0,0.0,0.0,50.0,1,,Healthcare,163938.0,11.82
DTEMF,Ditem Explorations Inc,0.001,2,4,10,6,3,2,4,31,-15.0,21.0,Broken,🔥 COILED: Avoid/exit,32,0.0,0.0,0.0,50.0,1,,Basic Materials,133093.0,20.0
EPTI,Environmental Packaging Technologies Holdings Inc,0.002,2,4,10,6,3,2,4,31,-15.0,21.0,Broken,🔥 COILED: Avoid/exit,32,0.0,0.0,0.0,50.0,1,,Consumer Cyclical,134874.0,40.0
MSTH,Mystic Holdings Inc.,0.001,6,3,6,3,3,3,4,28,-10.0,21.0,Broken,Avoid/exit,7,0.0,0.0,-37.6,0.0,0,,Healthcare,127855.0,425.18
DKLRF,Decklar Resources Inc,0.001,2,4,10,6,3,2,4,31,-15.0,21.0,Broken,🔥 COILED: Avoid/exit,31,0.0,0.0,0.0,50.0,1,,Energy,125956.0,0.0
VICFF,Vice Health and Wellness Inc.,0.003,2,4,10,6,3,2,4,31,-15.0,21.0,Broken,🔥 COILED: Avoid/exit,32,0.0,0.0,0.0,50.0,1,,Consumer Defensive,122796.0,1.61
AQQRF,Aquarius Surgical Technologies Inc,0.004,2,4,10,6,3,2,4,31,-15.0,21.0,Broken,🔥 COILED: Avoid/exit,32,0.0,0.0,0.0,50.0,1,,Healthcare,115916.0,120.0
ASNHF,Avidus Management Group Inc,0.001,2,4,10,6,3,2,4,31,-15.0,21.0,Broken,🔥 COILED: Avoid/exit,31,0.0,0.0,0.0,50.0,1,,Healthcare,115550.0,2275.0
VCLD,Verecloud Inc,0.001,2,4,10,6,3,2,4,31,-15.0,21.0,Broken,🔥 COILED: Avoid/exit,31,0.0,0.0,0.0,50.0,1,,Technology,101321.0,250.0
GRGBF,GRGBF,0.001,2,4,10,6,3,2,4,31,-15.0,21.0,Broken,🔥 COILED: Avoid/exit,0,0.0,0.0,0.0,50.0,1,,Healthcare,67151.0,0.0
PSTRQ,PostRock Energy Corp,0.01,2,4,10,6,3,2,4,31,-15.0,21.0,Broken,🔥 COILED: Avoid/exit,32,0.0,0.0,0.0,50.0,1,,nan,65809.0,17.5
WIBFF,West Island Brands Inc,0.004,2,4,10,6,3,2,4,31,-15.0,21.0,Broken,🔥 COILED: Avoid/exit,31,0.0,0.0,0.0,50.0,1,,Healthcare,60061.0,4.5
ASKED,"AI Music Distribution, Inc.",0.005,9,8,0,6,4,2,2,31,-10.0,21.0,Broken,Avoid/exit,37,-50.0,-66.7,-64.1,43.8,0,,Communication Services,42810.0,9924.54
LRSNF,Global Health Clinics Ltd,0.001,2,4,10,6,3,2,4,31,-15.0,21.0,Broken,🔥 COILED: Avoid/exit,32,0.0,0.0,0.0,50.0,1,,Healthcare,10331.0,9.0
RPFG,Rainier Pacific Financial Group Inc,0.002,2,4,10,6,3,2,4,31,-15.0,21.0,Broken,🔥 COILED: Avoid/exit,32,0.0,0.0,0.0,50.0,1,,Financial Services,10071.0,3.0
VTON,Vast Solutions Inc,0.001,2,4,10,6,3,2,4,31,-15.0,21.0,Broken,🔥 COILED: Avoid/exit,31,0.0,0.0,0.0,50.0,1,,Industrials,20.0,0.95
CCHMF,Central China Management Company Limited,0.015,3,3,8,6,3,1,4,28,-10.0,21.0,Broken,Avoid/exit,9,0.0,0.0,-3.8,0.0,0,,Real Estate,193280864.0,36.0
CNLLF,Central China Real Estate Limited,0.011,2,4,10,6,3,2,4,31,-15.0,21.0,Broken,🔥 COILED: Avoid/exit,32,0.0,0.0,0.0,50.0,1,,Real Estate,34646036.0,175.0
MTWO,M2i Global Inc.,0.018,4,5,8,5,2,7,2,33,-15.0,21.0,Broken,Avoid/exit,22,7.1,4.0,-0.7,49.1,1,,Basic Materials,15130588.0,417681.41
TGLTY,TGLT S.A,0.02,2,4,10,6,3,2,4,31,-15.0,21.0,Broken,🔥 COILED: Avoid/exit,31,0.0,0.0,0.0,50.0,1,,Real Estate,9603795.0,0.0
PMSNF,Proteome Sciences plc,0.02,5,3,10,6,3,2,4,33,-15.0,21.0,Broken,Avoid/exit,20,0.0,0.0,-0.0,1.5,1,,Healthcare,8768123.0,565.0
FALFF,Falcon Metals Limited,0.017,3,4,1,7,3,1,4,23,-5.0,21.0,Broken,Avoid/exit,24,0.0,0.0,-46.1,46.8,1,,Basic Materials,3654470.0,591.5
MDRA,Medra Corporation,0.02,2,4,10,6,3,2,4,31,-15.0,21.0,Broken,🔥 COILED: Avoid/exit,32,0.0,0.0,0.0,50.0,1,,Technology,686926.0,0.03
MDNWF,Mednow Inc,0.02,2,4,10,6,3,2,4,31,-15.0,21.0,Broken,🔥 COILED: Avoid/exit,32,0.0,0.0,0.0,50.0,1,,Healthcare,517287.0,337.5
EMYSF,Easy Technologies Inc,0.015,2,4,10,6,3,2,4,31,-15.0,21.0,Broken,🔥 COILED: Avoid/exit,32,0.0,0.0,0.0,50.0,1,,Healthcare,142219.0,158.63
ZOOZW,ZOOZ Power Ltd. Warrant,0.02,4,8,4,8,3,0,5,32,-11.0,21.0,Broken,Avoid/exit,27,-27.7,-6.5,-11.1,46.9,1,,nan,nan,17361.28
GXRFF,Prospera Energy Inc,0.026,8,8,5,5,2,4,4,36,-18.0,21.0,Broken,Avoid/exit,43,10.4,7.7,3.8,52.9,1,,Energy,14905792.0,213001.79
CEIN,"Camber Energy, Inc.",0.03,14,6,8,9,4,0,5,46,-25.0,21.0,Broken,Avoid/exit,37,0.0,50.0,11.4,73.5,3,,Industrials,8453596.0,572290.26
ARTM,American Nortel Communications Inc,0.027,4,4,1,8,3,4,2,26,-5.0,21.0,Broken,Avoid/exit,23,-12.5,-36.5,-30.0,40.0,1,,Communication Services,3011329.0,18149.29
MFMLF,Marifil Mines Limited,0.026,1,8,1,11,3,2,2,28,-3.0,21.0,Broken,Avoid/exit,32,20.1,-45.8,-22.3,33.3,1,,Basic Materials,396670.0,8411.31
MEDE,MEDecision Inc,0.03,2,4,10,6,3,2,4,31,-15.0,21.0,Broken,🔥 COILED: Avoid/exit,32,0.0,0.0,0.0,50.0,1,,Communication Services,200661.0,40.0
TMRR,Temir Corp,0.03,2,4,10,6,3,2,4,31,-15.0,21.0,Broken,🔥 COILED: Avoid/exit,32,0.0,0.0,0.0,50.0,1,,Industrials,200765.0,225.0
AAM,AA Mission Acquisition Corp.,0.032,7,5,8,4,0,2,2,28,-10.0,21.0,Broken,Avoid/exit,23,0.0,-5.9,-5.2,41.0,0,,Financial Services,468762848.0,523753.27
EMOR,Healixa Inc,0.04,2,11,3,3,8,0,2,29,-6.0,21.0,Broken,Avoid/exit,36,-0.3,-33.5,-9.7,45.8,1,,Healthcare,30670914.0,0.0
EGLXF,Enthusiast Gaming Holdings Inc.,0.037,4,6,2,8,6,0,2,28,-3.0,21.0,Broken,Avoid/exit,37,-5.1,-19.6,-9.8,45.8,1,,Communication Services,5889253.0,64890.72
RVLWF,Revitalist Lifestyle and Wellness Ltd,0.039,2,4,10,6,3,2,4,31,-15.0,21.0,Broken,🔥 COILED: Avoid/exit,32,0.0,0.0,0.0,50.0,1,,Healthcare,5364280.0,1112.4
RTMFD,RT Minerals Corp,0.035,5,3,10,6,3,2,4,33,-15.0,21.0,Broken,Avoid/exit,29,0.0,0.0,-0.0,4.1,1,,Basic Materials,480356.0,63.7
SVTNF,Silverton Metals Corp,0.045,4,16,8,4,3,2,5,42,-26,21,Broken,Avoid/exit,23,12.5,19.7,4.6,49.9,4,,Basic Materials,3697162.0,27639.25
MNGGF,Mongolia Growth Group Ltd.,0.05,5,11,8,11,3,3,5,46,-25,21,Broken,Avoid/exit,16,400.0,400.0,86.1,49.5,3,3,Real Estate,255152.0,0.0
PABAF,Patrys Limited,0.06,2,4,10,6,3,2,4,31,-15.0,21.0,Broken,🔥 COILED: Avoid/exit,0,0.0,0.0,0.0,50.0,1,,Healthcare,40490716.0,0.0
CRVAF,CRVAF,0.054,2,4,10,6,3,2,4,31,-15.0,21.0,Broken,🔥 COILED: Avoid/exit,31,0.0,0.0,0.0,50.0,1,,Healthcare,26127696.0,0.0
CNBMF,CNBMF,0.06,2,4,10,6,3,2,4,31,-15.0,21.0,Broken,🔥 COILED: Avoid/exit,0,0.0,0.0,0.0,50.0,1,,Basic Materials,2082257.0,0.0
PLVFF,Plant Veda Foods Ltd,0.06,2,4,10,6,3,2,4,31,-15.0,21.0,Broken,🔥 COILED: Avoid/exit,32,0.0,0.0,0.0,50.0,1,,Consumer Defensive,2103643.0,81.56
GNCLF,Gencell Ltd,0.06,5,3,10,6,3,2,4,33,-15.0,21.0,Broken,Avoid/exit,31,0.0,0.0,-0.0,24.8,1,,Industrials,1338568.0,0.0
PHYOF,IXICO plc,0.07,2,4,10,6,3,2,4,31,-15.0,21.0,Broken,🔥 COILED: Avoid/exit,31,0.0,0.0,0.0,50.0,1,,Healthcare,168610192.0,0.0
FYMNF,Finlay Minerals Ltd,0.065,4,7,4,0,3,3,5,26,-8.0,21.0,Broken,Avoid/exit,17,1.6,6.9,0.1,48.5,0,,Basic Materials,11106124.0,5813.31
AIGFF,Genesis AI Corp.,0.071,11,14,9,6,4,0,5,49,-28.0,21.0,Broken,Avoid/exit,51,18.8,20.6,15.0,57.6,3,,Technology,549754.0,8824.77
BEIJF,Beijing North Star Company Limited,0.08,2,4,10,6,3,2,4,31,-15.0,21.0,Broken,🔥 COILED: Avoid/exit,31,0.0,0.0,0.0,50.0,1,,Real Estate,416163680.0,0.0
SPLTF,SpotLite360 Technologies Inc,0.078,2,4,10,6,3,2,4,31,-15.0,21.0,Broken,🔥 COILED: Avoid/exit,31,0.0,0.0,0.0,50.0,1,,Healthcare,14652034.0,420.0
GRARF,GRARF,0.073,2,4,10,6,3,2,4,31,-15.0,21.0,Broken,🔥 COILED: Avoid/exit,0,0.0,0.0,0.0,50.0,1,,Basic Materials,4865485.0,0.0
OPWEF,Opawica Explorations Inc,0.072,4,10,4,6,4,6,2,36,-15.0,21.0,Broken,Avoid/exit,44,8.0,-4.0,2.3,50.2,2,,Basic Materials,2852061.0,0.0
SHTGF,Shun Tak Holdings Limited,0.085,5,3,10,6,3,2,4,33,-15.0,21.0,Broken,Avoid/exit,36,0.0,0.0,-0.0,25.1,1,,Real Estate,422472640.0,10.0
DDNFF,Adamera Minerals Corp,0.083,7,12,11,5,3,6,5,49,-28,21,Broken,Avoid/exit,37,18.3,18.3,11.8,55.2,3,,Basic Materials,4338525.0,0.0
GBXXY,Grand Baoxin Auto Group Limited,0.092,2,4,10,6,3,2,4,31,-15.0,21.0,Broken,🔥 COILED: Avoid/exit,32,0.0,0.0,0.0,50.0,1,,Consumer Cyclical,26218604.0,7.7
INTWF,Sharc International Systems Inc,0.099,7,5,6,12,1,3,2,36,-15.0,21.0,Broken,Avoid/exit,47,3.1,6.5,-1.2,47.6,1,,Industrials,14810745.0,3813.32
SRHYY,Syrah Resources Limited,0.118,12,13,3,6,8,4,5,51,-28,21,Broken,Avoid/exit,30,-9.6,37.4,10.0,53.3,4,,Basic Materials,208973472.0,12362.51
QSEP,QS Energy Inc,0.132,4,5,0,8,5,2,2,26,-3.0,21.0,Broken,Avoid/exit,44,-5.8,-17.6,-12.3,37.0,1,,Energy,72348888.0,211520.85
ISRJF,ReGen III Corp,0.129,5,3,10,6,3,2,4,33,-15.0,21.0,Broken,Avoid/exit,27,0.0,0.0,-0.0,7.6,1,,Energy,19928282.0,248.0
TTHG,Titanium Holdings Group Inc,0.13,3,5,0,8,3,0,4,23,-5.0,21.0,Broken,Avoid/exit,40,0.0,0.0,-4.7,48.2,1,,Industrials,1100407.0,286.5
SNTMF,SenseTime Group Inc.,0.185,3,7,4,6,3,3,5,31,-15.0,21.0,Broken,🔥 COILED: Avoid/exit,21,0.0,0.0,-2.2,45.1,1,,Technology,7704380416.0,1281.29
NENTF,Nordic Entertainment Group AB (publ),0.166,10,3,7,7,3,2,4,36,-18.0,21.0,Broken,Avoid/exit,57,0.0,0.0,0.0,82.4,1,,Communication Services,752094784.0,272.11
SIIGF,SIG plc,0.16,2,4,10,6,3,2,4,31,-15.0,21.0,Broken,🔥 COILED: Avoid/exit,0,0.0,0.0,0.0,50.0,1,,Industrials,184923248.0,0.0
MTRSF,MTRSF,0.15,2,4,10,6,3,2,4,31,-15.0,21.0,Broken,🔥 COILED: Avoid/exit,0,0.0,0.0,0.0,50.0,1,,Basic Materials,145775936.0,0.0
CYDVF,Cypress Development Corp,0.185,3,15,4,4,3,2,3,34,-13.0,21.0,Broken,Avoid/exit,19,2.8,2.8,-1.2,46.8,2,,Basic Materials,34300412.0,175702.47
GRML,Greenland Mines Ltd,0.19,6,8,3,3,2,4,2,28,-10.0,21.0,Broken,Avoid/exit,0,-14.4,4.4,-12.4,41.1,0,,Basic Materials,28600560.0,0.0
LRRIF,Lion Rock Resources Inc.,0.175,16,8,1,9,7,1,5,47,-26.0,21.0,Broken,Avoid/exit,44,26.3,38.8,13.1,58.3,3,,Basic Materials,21087752.0,153498.09
QMCI,Quotemedia Inc,0.15,7,3,8,5,3,3,4,33,-15.0,21.0,Broken,Avoid/exit,24,0.0,0.0,-0.2,37.7,1,,Financial Services,13571671.0,18115.48
IPCIQ,Intellipharmaceutics International Inc.,0.15,2,4,10,6,3,2,4,31,-15.0,21.0,Broken,🔥 COILED: Avoid/exit,31,0.0,0.0,0.0,50.0,1,,Healthcare,4963900.0,0.0
ECIA,Encision Inc,0.15,16,7,4,4,4,2,5,42,-22,21,Broken,Avoid/exit,46,231.9,349.1,241.9,94.7,4,6,Healthcare,795584.0,5742.98
UOKAF,MDJM Ltd,0.164,3,12,4,6,5,2,2,34,-13.0,21.0,Broken,Avoid/exit,41,-9.1,-5.4,-12.2,43.8,2,,Consumer Cyclical,201956.0,196148.9
SCIIR,SC II Acquisition Corp. Rights,0.171,0,4,2,9,0,4,2,21,0.0,21.0,Broken,Avoid/exit,0,-8.1,-16.5,-13.4,37.7,0,,nan,nan,0.0
TGLO,theglobe.com Inc,0.21,3,13,3,8,3,6,2,38,-15.0,21.0,Broken,Avoid/exit,17,4.9,16.5,-0.1,48.2,3,,Financial Services,92666752.0,48962.28
SMDZF,Strategic Metals Ltd,0.208,4,7,2,8,0,0,2,23,-5.0,21.0,Broken,Avoid/exit,31,-5.2,4.2,-3.6,46.1,1,,Basic Materials,23321752.0,42869.41
UZX,Linkage Global Inc,0.23,3,8,4,7,2,2,2,28,-5.0,21.0,Broken,Avoid/exit,12,2.6,-16.4,-14.9,33.7,2,,Consumer Cyclical,14762503.0,2501275.91
BBCMF,Blackbird Critical Metals Corp,0.2,15,4,10,10,2,2,5,48,-27,21,Broken,Avoid/exit,30,300.0,300.0,116.9,77.8,3,3,Healthcare,5573391.0,995.82
EBYH,Strainsforpains Inc,0.21,17,2,3,14,6,4,5,51,-30,21,Broken,Avoid/exit,58,5.1,16.7,7.2,60.3,3,,Healthcare,3111077.0,752.01
ITGLF,ITGLF,0.202,4,4,2,9,3,2,5,29,-8.0,21.0,Broken,Avoid/exit,30,-15.6,-23.2,-8.3,46.1,0,,nan,nan,12831.38
APULF,APULF,0.22,2,4,10,6,3,2,4,31,-15.0,21.0,Broken,🔥 COILED: Avoid/exit,0,0.0,0.0,0.0,50.0,1,,Industrials,nan,0.0
TRGXF,Terra Rossa Gold Ltd.,0.26,5,7,5,6,3,4,3,33,-15.0,21.0,Broken,Avoid/exit,0,0.0,6.6,-0.1,48.6,1,,Basic Materials,18963372.0,0.0
JALC,Adams (JOHN) Life Corp,0.25,2,4,10,6,3,2,4,31,-15.0,21.0,Broken,🔥 COILED: Avoid/exit,32,0.0,0.0,0.0,50.0,1,,Financial Services,652925.0,878.55
FERAR,Fifth Era Acquisition Corp I Rights,0.276,1,3,7,11,3,2,2,29,-8.0,21.0,Broken,Avoid/exit,31,6.1,-16.4,-9.3,42.6,0,,nan,nan,0.0
ATPMF,Antipa Minerals Limited,0.32,2,4,10,6,3,2,4,31,-15.0,21.0,Broken,🔥 COILED: Avoid/exit,31,0.0,0.0,0.0,50.0,1,,Basic Materials,212419920.0,0.0
CTTZF,Centaurus Metals Limited,0.32,6,13,4,2,3,4,2,34,-13.0,21.0,Broken,Avoid/exit,21,-0.1,2.5,-1.7,45.9,1,,Basic Materials,169988048.0,181010.72
HOCXF,Hoteles City Express S.A.B. de C.V,0.3,2,4,10,6,3,2,4,31,-15.0,21.0,Broken,🔥 COILED: Avoid/exit,32,0.0,0.0,0.0,50.0,1,,Consumer Cyclical,123698184.0,2625.0
USBC,"USBC, Inc.",0.307,2,4,9,9,2,0,4,30,-9.0,21.0,Broken,Avoid/exit,25,-9.6,-12.2,-7.3,41.6,1,,Technology,119315592.0,1238453.58
TKRFF,Tinka Resources Limited,0.3,5,5,6,10,0,3,5,34,-13.0,21.0,Broken,Avoid/exit,23,3.4,7.1,-0.3,48.5,1,,Basic Materials,41469492.0,23224.96
RSASF,RESAAS Services Inc,0.32,18,8,6,2,4,2,5,45,-24.0,21.0,Broken,Avoid/exit,42,18.5,18.5,11.8,61.0,3,,Technology,24958988.0,12954.04
USAQ,USA Equities Corp,0.348,7,5,4,5,0,3,5,29,-8.0,21.0,Broken,Avoid/exit,30,23.4,9.8,10.3,54.0,2,,Healthcare,5231410.0,6277.81
FEEXF,Ferrexpo PLC,0.389,7,3,10,4,3,2,4,33,-15.0,21.0,Broken,Avoid/exit,25,0.0,0.0,-0.1,25.7,1,,Basic Materials,228650672.0,3954.91
TVBCF,Television Broadcasts Limited,0.39,2,4,10,6,3,2,4,31,-15.0,21.0,Broken,🔥 COILED: Avoid/exit,31,0.0,0.0,0.0,50.0,1,,Communication Services,186784736.0,0.0
UNFYF,Edge Total Intelligence Inc.,0.37,12,5,6,12,0,3,5,43,-22.0,21.0,Broken,Avoid/exit,29,5.8,13.1,3.8,52.7,3,,Technology,23967354.0,38365.53
VEEMF,VEEMF,0.414,8,3,10,6,0,2,4,33,-15.0,21.0,Broken,Avoid/exit,21,0.0,0.0,-0.0,0.0,1,,Industrials,63948080.0,42.69
DGTCF,DIGITAL CORE REIT,0.49,6,4,7,3,3,1,5,29,-8.0,21.0,Broken,Avoid/exit,39,0.0,-2.0,0.3,51.0,0,,Real Estate,638964864.0,11600.36
LTHCF,Lithium Ionic Corp,0.45,2,2,8,8,0,4,2,26,-5.0,21.0,Broken,Avoid/exit,14,-8.8,-10.0,-12.1,33.3,1,,Basic Materials,88785544.0,14872.83
NVYTF,Novacyt S.A,0.48,5,3,10,6,3,2,4,33,-15.0,21.0,Broken,Avoid/exit,31,0.0,0.0,-0.0,1.1,1,,Healthcare,34800956.0,12.5
ROYE,Royal Energy Resources Inc,0.5,2,4,10,6,3,2,4,31,-15.0,21.0,Broken,🔥 COILED: Avoid/exit,32,0.0,0.0,0.0,50.0,1,,Energy,9039646.0,245.25
BRBMF,Big Rock Brewery Inc,0.59,5,3,10,6,3,2,4,33,-15.0,21.0,Broken,Avoid/exit,24,0.0,0.0,-0.0,15.4,1,,Consumer Defensive,18258830.0,8.5
BORMF,BOREALIS MNG CO LTD,0.567,6,13,6,0,3,0,3,31,-8.0,21.0,Broken,Avoid/exit,20,-2.9,-1.5,-3.0,42.5,0,,nan,nan,118003.97
ORIS,Oriental Rise Holdings Limited Ordinary Shares,0.63,3,5,7,7,0,4,3,29,-8.0,21.0,Broken,Avoid/exit,41,-4.2,-4.5,-9.3,46.9,1,,Consumer Defensive,2313491.0,220032.77
RMGGF,Resolute Mining Limited,0.65,3,6,8,4,0,4,5,30,-8.0,21.0,Broken,Avoid/exit,15,-8.5,-5.8,-6.1,41.4,0,,Basic Materials,1357260160.0,9635.63
GIPR,Generation Income Properties Inc,0.71,9,7,2,3,9,4,5,39,-16.0,21.0,Broken,Avoid/exit,54,-21.2,-42.3,-2.7,51.8,2,,Real Estate,591502.0,405021.24
RAFLF,Raffles Medical Group Ltd,0.75,4,3,9,5,3,3,4,31,-10.0,21.0,Broken,Avoid/exit,0,0.0,0.0,-0.4,3.6,0,,Healthcare,1380143104.0,0.0
VIOT,Viomi Technology ADR,0.774,4,10,5,3,3,0,4,29,-6.0,21.0,Broken,Avoid/exit,23,0.5,-4.5,-3.0,41.2,0,,Consumer Cyclical,52086820.0,325480.78
TLSIW,TriSalus Life Sciences Inc.,0.779,5,5,7,8,1,0,3,29,-8.0,21.0,Broken,Avoid/exit,30,-8.4,-2.6,-5.1,46.9,0,,nan,nan,3282.85
MCUJF,Medicure Inc,0.81,13,6,4,9,6,0,5,43,-22.0,21.0,Broken,Avoid/exit,42,-3.6,20.9,5.1,65.1,3,,Healthcare,9076463.0,967.36
TRGNF,Transgene SA,0.85,5,3,10,6,3,2,4,33,-15.0,21.0,Broken,Avoid/exit,19,0.0,0.0,-0.0,0.2,1,,Healthcare,278255456.0,13.0
USYNF,Unisync Corp,0.882,2,4,10,6,3,2,4,31,-15.0,21.0,Broken,🔥 COILED: Avoid/exit,32,0.0,0.0,0.0,50.0,1,,Consumer Cyclical,16768786.0,4.52
MPCMF,Mapletree Commercial Trust,0.998,4,6,1,5,3,5,4,28,-10.0,21.0,Broken,Avoid/exit,23,0.0,0.0,-0.7,38.4,0,,Real Estate,5275914752.0,209.95
MDIA,Mediaco Holding Inc,0.985,11,7,6,13,2,4,4,47,-26.0,21.0,Broken,Avoid/exit,50,-4.4,-6.2,0.3,53.0,1,,Communication Services,81089376.0,69033.89
CHND,China Media Inc,1,2,4,10,6,3,2,4,31,-15.0,21.0,Broken,🔥 COILED: Avoid/exit,32,0.0,0.0,0.0,50.0,1,,Communication Services,39750000.0,6.15
SGTSY,Singulus Technologies AG ADR,1.0,8,3,9,4,3,2,4,33,-15.0,21.0,Broken,Avoid/exit,31,0.0,0.0,-0.0,0.0,1,,Industrials,17793054.0,2.0
MBHCF,MBH Corporation PLC,1,2,4,10,6,3,2,4,31,-15.0,21.0,Broken,🔥 COILED: Avoid/exit,32,0.0,0.0,0.0,50.0,1,,Real Estate,6667460.0,4.0
VYBXX,Voya Funds Trust - Government Money Market Fund Series II,1.0,5,3,5,6,3,2,4,28,-10.0,21.0,Broken,Avoid/exit,29,0.0,0.0,-0.0,0.1,0,,nan,nan,0.0
VYCXX,Voya Funds Trust - Government Money Market Fund Series II,1.0,5,3,5,6,3,2,4,28,-10.0,21.0,Broken,Avoid/exit,29,0.0,0.0,-0.0,0.1,0,,nan,nan,0.0
VYGXX,Voya Funds Trust - Government Money Market Fund Series II,1.0,5,3,5,6,3,2,4,28,-10.0,21.0,Broken,Avoid/exit,29,0.0,0.0,-0.0,0.1,0,,nan,nan,0.0
FRQN,"Frequency Holdings, Inc.",0.008,8,13,2,3,3,2,5,36,-16.0,20.0,Broken,Avoid/exit,57,41.5,-25.0,-0.3,50.4,1,,Technology,24625382.0,47079.51
BXRDF,Australian Silica Quartz Group Ltd,0.009,4,6,2,3,3,3,4,25,-10.0,20.0,Broken,🔥 COILED: Avoid/exit,21,0.0,0.0,-3.2,45.3,0,,Basic Materials,3690371.0,2081.0
ZTLLF,Zonetail Inc,0.01,4,4,3,6,3,7,3,30,-10.0,20.0,Broken,Avoid/exit,32,0.0,0.0,-0.9,0.0,0,,Technology,3054196.0,683.02
AUNXF,AXP Energy Ltd,0.005,2,6,1,8,4,2,2,25,-1.0,20.0,Broken,Avoid/exit,31,-1.8,-29.9,-9.6,46.7,2,,Energy,1996816.0,68413.32
MEDH,MedX Holdings Inc,0.002,14,4,2,15,3,2,5,45,-23.0,20.0,Broken,Avoid/exit,57,10.0,22.2,8.4,56.2,3,,Consumer Defensive,1484572.0,669594.37
CDMNF,Canadian Manganese Company Inc.,0.01,8,8,8,2,3,1,4,34,-17.0,20.0,Broken,Avoid/exit,29,0.0,0.0,0.0,61.8,1,,Basic Materials,1460882.0,3260.94
CPWR,Ocean Thermal Energy Corp,0.008,7,10,9,3,4,2,3,38,-23.0,20.0,Broken,🔥 COILED: Avoid/exit,58,10.0,2.7,3.4,52.6,2,,Utilities,1330084.0,68190.13
ARCPF,ARCPF,0.01,5,3,10,6,3,1,4,32,-15.0,20.0,Broken,Avoid/exit,0,0.0,0.0,-0.4,0.0,1,,Healthcare,1283588.0,0.0
BTZI,Mcig Inc,0.001,4,4,2,7,3,0,2,22,-3.0,20.0,Broken,Avoid/exit,20,-21.4,-21.4,-23.8,42.8,1,,Technology,1170563.0,327185.55
HUNTF,Hunter Maritime Acquisition Corp,0.005,17,4,6,10,6,2,5,50,-30,20,Broken,Avoid/exit,66,0.0,0.0,48.3,100.0,1,,Financial Services,1020205.0,109.7
EAATF,Earthworks Industries Inc,0.005,3,6,5,3,3,3,4,27,-10.0,20.0,Broken,Avoid/exit,19,0.0,0.0,-14.8,7.8,0,,Industrials,665190.0,49553.7
RIVF,RIVF,0.003,7,8,8,2,3,1,4,33,-18.0,20.0,Broken,🔥 COILED: Avoid/exit,30,0.0,0.0,5.7,71.5,1,,Technology,366946.0,578.43
WGRFF,Champion Gaming Group Inc.,0.003,5,4,9,6,0,2,4,30,-15.0,20.0,Broken,🔥 COILED: Avoid/exit,23,0.0,0.0,0.0,50.0,1,,Communication Services,229862.0,5127.5
BMCS,Biotech Medics Ne,0.001,17,4,7,13,4,2,5,52,-28,20,Broken,Avoid/exit,30,400.0,400.0,197.6,87.0,3,2,Healthcare,205356.0,7953.46
XTXXF,Phyto Extractions Inc,0.007,5,3,10,5,3,2,4,32,-15.0,20.0,Broken,Avoid/exit,20,0.0,0.0,-0.1,0.4,1,,Healthcare,39179.0,7.05
AURMF,Auris Minerals Limited,0.019,5,3,10,5,3,2,4,32,-15.0,20.0,Broken,Avoid/exit,19,0.0,0.0,-0.0,3.0,1,,Basic Materials,24445892.0,0.0
RJKAF,RJK Explorations Ltd,0.02,14,4,9,11,4,1,5,48,-28.0,20.0,Broken,Avoid/exit,49,0.0,266.1,60.8,80.8,2,,Basic Materials,2275368.0,13790.94
NDEV,Novus Acquisition and Development Corp,0.014,4,8,4,5,2,0,2,25,-8.0,20.0,Broken,Avoid/exit,24,-5.4,0.0,-6.8,45.3,0,,Financial Services,1790370.0,25808.48
MSBM,MSB Global Capital Corp,0.011,6,4,4,3,3,3,4,27,-10.0,20.0,Broken,Avoid/exit,17,0.0,0.0,-1.5,1.5,0,,Financial Services,1066902.0,393.78
KAVL,Kaival Brands Innovations Group Inc,0.021,2,14,2,9,2,2,5,36,-16.0,20.0,Broken,Avoid/exit,30,1.0,8.3,-20.9,44.1,2,,Consumer Defensive,410243.0,783948.89
CWPE,CW Petroleum Corp,0.016,4,6,8,2,3,2,2,27,-10.0,20.0,Broken,Avoid/exit,36,0.0,23.1,2.3,50.0,2,,Energy,359134.0,17214.47
JPOTF,Jackpot Digital Inc,0.029,8,9,3,2,0,6,2,30,-15.0,20.0,Broken,Avoid/exit,15,-2.0,6.9,-5.0,44.8,1,,Consumer Cyclical,8974463.0,102025.46
MNTR,Mentor Capital Inc.,0.029,2,4,4,9,0,0,3,22,-5.0,20.0,Broken,Avoid/exit,10,-2.7,-27.0,-9.9,45.2,1,,Financial Services,650583.0,23263.98
VXLLF,Vaxil Bio Ltd,0.025,9,4,6,0,0,1,5,25,-10.0,20.0,Broken,🔥 COILED: Avoid/exit,34,0.0,0.0,-1.6,44.2,0,,Healthcare,99600.0,1017.33
MTDTF,MTDTF,0.021,1,10,7,3,4,0,2,27,-6.0,20.0,Broken,Avoid/exit,26,-8.3,-15.3,-6.7,43.6,1,,nan,nan,50986.01
GZUHF,Guangzhou R&F Properties Co. Ltd,0.04,5,3,9,6,3,2,4,32,-15.0,20.0,Broken,Avoid/exit,18,0.0,0.0,-0.1,0.0,1,,Real Estate,150094688.0,194.9
PHSE,Pharmhouse Corp,0.033,4,13,3,3,4,4,2,33,-13.0,20.0,Broken,Avoid/exit,17,6.7,7.4,-7.4,45.8,1,,Consumer Cyclical,75915184.0,122627.07
KMSWF,Kingmaker Footwear Holdings Limited,0.04,5,3,9,6,3,2,4,32,-15.0,20.0,Broken,Avoid/exit,21,0.0,0.0,-0.0,0.0,1,,Consumer Cyclical,65888348.0,25.0
OTLC,Oncotelic Therapeutics Inc,0.04,3,11,8,4,3,2,4,35,-13.0,20.0,Broken,Avoid/exit,39,0.0,0.0,0.4,48.9,0,,Healthcare,17744628.0,266413.64
PEMSF,Pacific Empire Minerals Corp,0.033,5,12,9,7,3,4,3,43,-23.0,20.0,Broken,Avoid/exit,17,0.6,-5.4,-4.8,41.4,2,,Basic Materials,8552524.0,214262.32
ZPHYF,Zephyr Minerals Ltd,0.036,1,2,2,8,3,2,2,20,0.0,20.0,Broken,Avoid/exit,16,-9.3,-19.3,-11.8,29.1,0,,Basic Materials,3756525.0,18126.16
QUAN,Quantum Int. Corp,0.036,7,16,5,1,4,2,2,37,-13.0,20.0,Broken,Avoid/exit,31,1.7,1.1,4.2,50.9,2,,Technology,980656.0,135307.19
OCEEF,OCEEF,0.038,2,4,5,8,2,2,2,25,-5.0,20.0,Broken,Avoid/exit,0,-8.6,-8.6,-8.9,41.5,1,,Basic Materials,nan,0.0
PMDRF,Prime Meridian Resources Corp,0.05,3,4,1,7,0,1,4,20,-5.0,20.0,Broken,🔥 COILED: Avoid/exit,12,0.0,0.0,-2.6,47.1,1,,Basic Materials,2988259.0,2589.07
MNYWW,MoneyHero Limited Warrants,0.042,4,4,8,3,3,3,2,27,-10.0,20.0,Broken,Avoid/exit,23,0.0,0.0,-2.8,41.3,0,,nan,nan,27639.53
SXLXF,SXLXF,0.054,2,5,8,2,6,2,2,27,-10.0,20.0,Broken,Avoid/exit,28,0.0,-19.8,-5.1,44.7,0,,Basic Materials,8623425.0,0.0
RADLF,Radial Research Corp.,0.059,4,4,2,5,3,3,4,25,-10.0,20.0,Broken,🔥 COILED: Avoid/exit,33,0.0,0.0,-12.0,47.8,0,,Technology,192640.0,320.9
BQST,BioQuest Corp,0.066,4,3,7,4,3,2,4,27,-10.0,20.0,Broken,Avoid/exit,16,0.0,0.0,-0.8,3.9,0,,Financial Services,1973085.0,38.58
TGOLF,Thunder Gold Corp.,0.071,6,11,6,0,3,2,2,30,-10.0,20.0,Broken,Avoid/exit,38,4.4,-9.7,-4.2,46.1,0,,Basic Materials,18108198.0,100485.85
SWLFF,Silver Wolf Exploration Ltd,0.077,4,11,4,2,3,2,2,28,-6.0,20.0,Broken,Avoid/exit,27,2.9,2.0,-0.5,47.3,1,,Basic Materials,4737909.0,48897.76
LMRMF,Lomiko Metals Inc,0.086,14,6,5,13,5,6,5,54,-30,20,Broken,Avoid/exit,52,40.5,58.7,37.5,70.2,3,,Basic Materials,6859462.0,22773.29
CHARR,Charlton Aria Acquisition Corporation Rights,0.082,6,6,3,3,0,7,2,27,-10.0,20.0,Broken,Avoid/exit,19,2.0,-20.8,-12.7,46.4,0,,nan,nan,0.0
CYBCF,Cybeats Technologies Corp.,0.14,14,5,5,15,3,3,5,50,-30,20,Broken,Avoid/exit,65,7.7,12.9,5.9,56.7,3,,Technology,30241244.0,82534.25
ASPCR,A SPAC III Acquisition Corp. Right,0.11,4,12,1,2,3,2,4,28,-8.0,20.0,Broken,Avoid/exit,17,0.0,9.9,-4.0,47.2,1,,nan,nan,0.0
NCFFF,Northcliff Resources Ltd,0.2,5,7,6,4,2,2,5,31,-11.0,20.0,Broken,Avoid/exit,34,9.0,-4.9,-0.9,45.0,0,,Basic Materials,127722688.0,13541.69
FGIWW,FGI Industries Ltd. Warrant,0.192,13,5,1,11,2,3,5,40,-20,20,Broken,Avoid/exit,46,905.2,696.7,-21.9,49.7,2,10,nan,nan,0.0
LFLRF,LFLRF,0.217,3,14,6,1,4,2,2,32,-13.0,20.0,Broken,Avoid/exit,18,-1.5,-6.5,-4.2,40.0,1,,Basic Materials,25663386.0,138257.27
AHNRF,Athena Gold Corp,0.206,6,9,5,6,0,2,5,33,-13.0,20.0,Broken,Avoid/exit,40,3.2,3.2,-1.0,47.4,1,,Basic Materials,7164012.0,15717.28
MLTNF,Molten Metals Corp,0.2,5,4,9,6,0,2,4,30,-15.0,20.0,Broken,🔥 COILED: Avoid/exit,37,0.0,0.0,0.0,50.0,1,,Basic Materials,2600480.0,530.0
CZZLF,CZZLF,0.24,16,12,3,2,6,2,5,46,-26.0,20.0,Broken,Avoid/exit,41,32.8,14.3,14.2,58.8,2,,nan,nan,8481.33
RPDL,Rapid-Line Inc.,0.256,16,12,4,7,8,4,2,53,-29,20,Broken,Avoid/exit,48,41.6,70.7,30.7,61.4,3,,Consumer Defensive,656801.0,2395.09
SVCCW,Stellar V Capital Corp. Warrant,0.28,12,11,3,9,8,0,5,48,-28,20,Broken,Avoid/exit,48,46.7,0.0,26.2,57.4,0,,nan,nan,0.0
MTMV,Motomova Inc.,0.3,5,3,10,5,3,2,4,32,-15.0,20.0,Broken,Avoid/exit,30,0.0,0.0,-0.0,0.0,1,,Technology,84153968.0,5.03
GMXDF,Grupo Mexicano de Desarrollo S.A.B,0.3,10,6,8,3,6,1,4,38,-23.0,20.0,Broken,🔥 COILED: Avoid/exit,53,0.0,0.0,1.1,84.7,0,,Utilities,54743700.0,32.01
MXTRF,Montero Mining and Exploration Ltd,0.33,15,7,8,7,8,4,5,54,-30,20,Broken,Avoid/exit,48,21.9,21.9,43.4,87.7,3,,Basic Materials,2789765.0,1926.13
FEED,ENvue Medical Inc.,0.33,3,3,4,9,2,2,2,25,-5.0,20.0,Broken,Avoid/exit,20,-11.3,-22.4,-25.8,25.3,1,,Healthcare,2010307.0,4193329.7
AEBZY,Anadolu Efes Biracilik ve Malt Sanayii AS ADR,0.38,10,8,3,0,1,2,3,27,-10.0,20.0,Broken,Avoid/exit,34,2.7,11.8,-0.3,49.1,2,,Consumer Defensive,2249999872.0,57247.5
JDNRD,Jayden Resources Inc.,0.396,17,4,6,9,3,6,5,50,-30,20,Broken,Avoid/exit,54,0.0,56.4,18.8,87.7,3,,Basic Materials,2317075.0,76.94
REEMF,Rare Element Resources Ltd,0.42,3,12,7,2,4,2,5,35,-13.0,20.0,Broken,Avoid/exit,14,4.9,4.9,0.2,45.4,2,,Basic Materials,264601040.0,403643.69
SSCCX,Saratoga Small Capitalization C,0.4,2,2,3,7,0,1,2,17,0.0,20.0,Broken,Avoid/exit,31,-4.8,-4.8,-4.2,29.9,0,,nan,0.0,0.0
XTAIF,XTAIF,0.4,1,13,2,4,3,0,5,28,-8.0,20.0,Broken,Avoid/exit,25,-11.1,0.7,7.1,50.8,0,,nan,nan,23275.32
ASWRD,Three Crowns Critical Metals Inc.,0.49,17,5,4,12,3,4,5,50,-30,20,Broken,Avoid/exit,59,-20.3,790.9,36.7,60.9,3,,Basic Materials,3224929.0,2209.35
PYBXD,PYBXD,0.46,4,3,1,9,2,4,2,25,-5.0,20.0,Broken,Avoid/exit,31,-23.3,-55.3,-44.1,44.9,1,,nan,107099.0,1271.21
SPMMF,Space-Communication Ltd,0.526,3,6,1,5,3,5,4,27,-10.0,20.0,Broken,Avoid/exit,23,0.0,0.0,-6.1,31.2,0,,Communication Services,37148044.0,211.3
SPMEF,South Pacific Metals Corp,0.5,10,5,1,9,5,0,5,35,-15.0,20.0,Broken,Avoid/exit,52,-17.9,-16.5,-0.9,52.9,1,,Basic Materials,34570008.0,19850.53
GRPFF,Grupo Televisa S.A.B,0.55,4,3,10,5,3,3,4,32,-15.0,20.0,Broken,Avoid/exit,37,0.0,0.0,-0.2,21.0,1,,Communication Services,1449415040.0,226.89
ZDZT,"Zhengduozhe Technology, Inc",0.568,3,5,3,6,3,1,4,25,-10.0,20.0,Broken,🔥 COILED: Avoid/exit,34,0.0,0.0,-3.0,43.2,0,,Industrials,881547.0,19.91
AAQL,Antiaging Quantum Living Inc.,0.61,1,6,2,12,3,3,2,29,-5.0,20.0,Broken,Avoid/exit,40,1.0,1.0,-6.0,36.7,1,,Consumer Cyclical,20907958.0,202.04
NROM,Noble Romans Inc,0.621,15,2,5,7,3,3,3,38,-18.0,20.0,Broken,Avoid/exit,48,0.2,-2.9,0.8,53.5,0,,Consumer Cyclical,14217927.0,23882.05
HGHAF,High Arctic Energy Services Inc,0.633,1,3,0,11,1,2,2,20,0.0,20.0,Broken,Avoid/exit,40,-6.9,0.5,-3.6,39.7,0,,Energy,8037175.0,3270.0
CIGMF,CI Games S.A,0.694,6,3,6,2,3,3,4,27,-10.0,20.0,Broken,Avoid/exit,16,0.0,0.0,-1.0,2.7,0,,Communication Services,151864464.0,157.9
SAGGF,Sterling Metals Corp,0.666,3,14,3,4,3,2,2,31,-11.0,20.0,Broken,Avoid/exit,20,3.5,-0.6,-0.8,46.3,2,,Basic Materials,29131460.0,10136.29
RZLVW,Rezolve AI Limited Warrants,0.758,2,13,3,2,3,0,2,25,-6.0,20.0,Broken,Avoid/exit,28,-0.2,-6.4,-4.2,43.7,0,,nan,nan,41186.23
BGOPF,Bango plc,0.83,5,3,10,5,3,2,4,32,-15.0,20.0,Broken,Avoid/exit,24,0.0,0.0,-0.0,0.0,1,,Technology,63953844.0,142.67
NWRLY,New World Department Store China Ltd ADR,0.922,12,6,7,6,3,2,4,40,-23.0,20.0,Broken,Avoid/exit,49,0.0,0.0,0.0,99.1,0,,Consumer Cyclical,62198520.0,48.38
HIIDY,Hidili Industry International Development Ltd ADR,0.9,5,3,10,5,3,2,4,32,-15.0,20.0,Broken,Avoid/exit,26,0.0,0.0,-0.0,0.0,1,,Energy,41447332.0,66.37
QSCGF,q.beyond AG,0.922,5,3,9,6,3,2,4,32,-15.0,20.0,Broken,Avoid/exit,24,0.0,0.0,-0.2,0.0,1,,Technology,19932718.0,0.0
MAPGF,Mapletree Logistics Trust,0.95,0,5,6,6,4,2,2,25,-8.0,20.0,Broken,Avoid/exit,37,-9.5,-1.0,-3.2,41.2,0,,Real Estate,4863901696.0,0.0
GRFXF,Graphex Group Limited,0.01,7,4,8,2,3,1,4,29,-15.0,19.0,Broken,🔥 COILED: Avoid/exit,31,0.0,0.0,-0.4,41.8,1,,Basic Materials,255365952.0,2783.35
SEHLF,Solargiga Energy Holdings Limited,0.01,5,3,5,5,3,6,4,31,-15.0,19.0,Broken,Avoid/exit,26,0.0,0.0,-0.0,1.3,1,,Technology,31908204.0,698.72
MGUFF,Magnum Mining and Exploration Limited,0.004,3,4,2,5,3,3,4,24,-10.0,19.0,Broken,🔥 COILED: Avoid/exit,19,0.0,0.0,-2.5,46.0,0,,Basic Materials,12852149.0,3734.31
AJLGF,AJ Lucas Group Limited,0.009,10,3,11,6,3,2,4,39,-23.0,19.0,Broken,Avoid/exit,59,0.0,0.0,0.0,87.2,0,,Basic Materials,12106421.0,15388.15
PTEL,Pegasus Tel Inc,0.004,5,9,9,2,2,2,5,34,-13.0,19.0,Broken,Avoid/exit,21,-2.6,-5.1,-1.7,47.1,2,,Financial Services,11879304.0,1143020.32
BKUH,Bakhu Holdings Corp,0.001,5,3,9,5,3,2,4,31,-15.0,19.0,Broken,Avoid/exit,16,0.0,0.0,-0.4,0.0,1,,Healthcare,6026059.0,3.0
SAENF,Solar Alliance Energy Inc,0.007,5,5,6,11,1,2,4,34,-11.0,19.0,Broken,Avoid/exit,26,0.0,0.0,-1.0,48.4,0,,Technology,2154916.0,18303.72
GYST,Graystone Company Inc,0.002,16,6,5,9,6,2,5,49,-30.0,19.0,Broken,Avoid/exit,55,50.0,14.3,9.3,55.7,3,,Financial Services,1652155.0,149103.37
NUGL,Coresource Strategies Inc,0.001,1,8,5,5,2,2,2,25,-6.0,19.0,Broken,Avoid/exit,17,0.0,-20.0,-11.7,41.4,0,,Communication Services,1199733.0,2184302.75
SOPA,Society Pass Inc,0.001,3,6,2,9,3,2,2,27,-6.0,19.0,Broken,Avoid/exit,12,-95.9,-97.2,-95.9,23.2,1,,Communication Services,977918.0,3738967.29
NXGT,Nexteligent Holdings Inc,0.006,3,2,6,5,3,7,3,29,-10.0,19.0,Broken,Avoid/exit,23,0.0,0.0,-1.3,38.0,0,,Healthcare,833182.0,16276.63
CWLK,"Starstream Entertainment, Inc.",0.002,3,4,2,8,3,2,2,24,-5.0,19.0,Broken,Avoid/exit,24,0.0,0.0,-16.8,36.8,1,,Industrials,550020.0,163480.5
SZLSF,StageZero Life Sciences Ltd,0.001,3,4,1,8,3,3,2,24,-5.0,19.0,Broken,Avoid/exit,27,0.0,0.0,-42.8,0.6,1,,Healthcare,123532.0,33.67
EXXBF,eXeBlock Technology Corporation,0.001,7,7,1,3,3,1,4,26,-10.0,19.0,Broken,Avoid/exit,23,0.0,0.0,-1.9,2.7,0,,Technology,123204.0,1305.52
BBIG,Vinco Ventures Inc,0.005,8,4,6,3,4,0,4,29,-10.0,19.0,Broken,Avoid/exit,51,0.0,-21.5,-6.9,48.2,0,,Consumer Cyclical,66300.0,4617.81
WNBDD,Winning Brands Corporation,0.005,6,5,4,4,3,2,5,29,-10.0,19.0,Broken,Avoid/exit,38,14.3,-4.0,-0.5,49.7,0,,Consumer Defensive,32247.0,19503.78
KTTAW,Pasithea Therapeutics Corp. Warrant,0.009,5,11,3,4,8,2,2,35,-16.0,19.0,Broken,Avoid/exit,29,-4.1,-13.8,5.0,50.6,1,,nan,nan,0.0
PTMLF,PTMLF,0.014,5,3,10,5,3,1,4,31,-15.0,19.0,Broken,Avoid/exit,15,0.0,0.0,-0.4,0.2,1,,Basic Materials,7145281.0,0.0
INSSF,Inspire Semiconductor Holdings Inc.,0.011,8,7,7,2,3,1,4,32,-18.0,19.0,Broken,🔥 COILED: Avoid/exit,22,0.0,0.0,0.1,71.1,1,,Technology,794173.0,1850.9
KITTW,Nauticus Robotics Inc.,0.012,3,11,3,1,3,2,2,25,-6.0,19.0,Broken,Avoid/exit,19,-8.2,-41.1,-31.5,42.4,1,,nan,nan,113872.69
COOTW,Australian Oilseeds Holdings Limited Warrant,0.017,1,9,0,6,4,2,2,24,-6.0,19.0,Broken,Avoid/exit,24,12.6,-5.0,-11.0,44.1,0,,nan,nan,54394.19
ALGEF,Alligator Energy Limited,0.03,5,4,1,11,3,1,2,27,-8.0,19.0,Broken,Avoid/exit,46,-20.4,-15.1,-17.9,42.7,0,,Energy,190348752.0,257218.34
SITS,Southern ITS International Inc,0.025,14,5,5,12,7,2,2,47,-28,19,Broken,Avoid/exit,38,25.0,56.2,18.3,55.5,4,,Industrials,7557661.0,118107.46
CLLMF,Collective Metals Inc.,0.028,4,3,1,9,0,5,2,24,-5.0,19.0,Broken,Avoid/exit,11,0.0,-20.3,-10.9,33.0,1,,Basic Materials,1946076.0,3916.81
RLMLF,Resolution Minerals Ltd,0.031,5,15,9,1,3,0,4,37,-18.0,19.0,Broken,Avoid/exit,24,-7.6,-4.0,-3.4,45.6,1,,Basic Materials,71336440.0,2046551.71
LOMEF,Lithium One Metals Inc.,0.033,3,10,5,5,4,2,5,34,-15.0,19.0,Broken,Avoid/exit,21,7.9,-0.6,-1.6,48.5,1,,Basic Materials,903524.0,10818.28
FRTCF,Far East Consortium International Limited,0.049,5,4,10,6,0,2,4,31,-15.0,19.0,Broken,Avoid/exit,26,0.0,0.0,-0.0,0.0,1,,Real Estate,189354608.0,0.0
WLMTF,Wuling Motors Holdings Limited,0.046,3,4,4,6,3,1,5,26,-10.0,19.0,Broken,Avoid/exit,23,0.0,-5.7,-2.7,45.4,0,,Consumer Cyclical,209588112.0,59122.2
COSRF,Cosigo Resources Ltd.,0.048,6,13,1,0,3,2,2,27,-8.0,19.0,Broken,Avoid/exit,25,13.6,-3.8,-1.2,47.1,0,,Basic Materials,6604233.0,10362.79
CASXF,Casa Minerals Inc,0.049,6,8,4,6,4,2,2,32,-13.0,19.0,Broken,Avoid/exit,16,9.9,-11.1,-4.2,46.6,1,,Basic Materials,4591579.0,17637.37
AITLF,Airtificial Intelligence Structures S.A,0.07,4,3,10,6,3,1,4,31,-15.0,19.0,Broken,Avoid/exit,14,0.0,0.0,-0.3,3.7,1,,Industrials,108286544.0,293.0
LDXHF,Lumos Diagnostics Holdings Limited,0.069,4,12,5,2,3,2,2,30,-11.0,19.0,Broken,Avoid/exit,26,19.8,-1.0,0.2,48.0,2,,Healthcare,65192604.0,44842.03
NOUMF,Noumi Limited,0.07,12,6,11,6,3,2,4,44,-28.0,19.0,Broken,Avoid/exit,48,0.0,0.0,0.0,100.0,1,,Consumer Defensive,19397652.0,5.0
BTOW,GTFN Holdings Inc,0.07,12,6,11,6,3,2,4,44,-28.0,19.0,Broken,Avoid/exit,37,0.0,0.0,0.0,99.9,1,,Industrials,14935187.0,97.5
XONI,"Xtreme One Entertainment, Inc.",0.067,11,10,5,8,8,2,3,47,-28,19,Broken,Avoid/exit,64,34.0,11.7,19.5,56.1,4,,Communication Services,10116641.0,163970.02
SHERF,Sherritt International Corporation,0.086,4,6,1,8,0,2,3,24,-5.0,19.0,Broken,Avoid/exit,25,-4.1,-21.5,-6.6,43.1,1,,Basic Materials,63357072.0,48406.91
BBIXF,Bonus BioGroup Ltd,0.095,6,3,3,7,1,2,2,24,-5.0,19.0,Broken,Avoid/exit,34,0.0,-13.6,-7.4,7.2,1,,Healthcare,110952896.0,1319.62
MSMGF,Grid Metals Corp,0.098,16,7,6,9,3,2,5,48,-27.0,19.0,Broken,Avoid/exit,57,6.3,50.4,17.7,68.6,3,,Basic Materials,22973852.0,144538.01
MTLFF,Metallis Resources Inc,0.096,5,12,8,5,3,6,5,44,-28,19,Broken,Avoid/exit,28,6.7,14.3,4.4,53.3,4,,Basic Materials,9697808.0,81166.99
WGELF,WGELF,0.096,12,6,11,6,3,2,4,44,-28.0,19.0,Broken,Avoid/exit,52,0.0,0.0,0.0,98.7,1,,Basic Materials,4088851.0,0.0
NVNXF,Novonix Ltd,0.1,2,7,1,8,2,0,4,24,-5.0,19.0,Broken,Avoid/exit,11,-14.2,-20.0,-13.6,42.8,1,,Industrials,103126064.0,266055.47
ADRGF,Mene Inc,0.119,2,8,4,6,3,2,2,27,-8.0,19.0,Broken,Avoid/exit,22,-0.8,0.8,-4.4,41.4,1,,Other,96446488.0,27603.5
HPQFF,HPQ-Silicon Resources Inc,0.106,2,9,7,4,3,0,3,28,-10.0,19.0,Broken,Avoid/exit,15,-3.2,-3.2,-3.4,37.5,0,,Basic Materials,50442156.0,85815.62
NICLF,Class 1 Nickel and Technologies Limited,0.11,7,4,6,5,4,1,2,29,-15.0,19.0,Broken,🔥 COILED: Avoid/exit,39,0.0,0.0,-1.5,43.7,1,,Basic Materials,22332682.0,14243.5
ONEI,OneMeta AI,0.126,3,14,4,3,3,2,2,31,-13.0,19.0,Broken,Avoid/exit,25,4.8,3.9,-2.8,45.4,1,,Technology,4278004.0,31063.16
CASIF,"CASI Pharmaceuticals, Inc.",0.14,7,9,2,2,3,2,2,27,-11.0,19.0,Broken,Avoid/exit,20,7.7,0.0,-2.3,49.1,1,,Healthcare,2877822.0,79702.72
FUFUW,BitFuFu Inc. Warrant,0.135,0,8,0,9,3,0,2,22,-3.0,19.0,Broken,Avoid/exit,22,0.0,-9.8,-21.3,44.9,0,,nan,nan,19545.11
KBSUF,Prime US REIT,0.172,7,3,6,2,3,1,4,26,-10.0,19.0,Broken,Avoid/exit,15,0.0,0.0,-0.1,0.0,0,,Real Estate,247386544.0,447.25
RYOOF,Rio Silver Inc,0.18,5,9,6,3,2,4,5,34,-15.0,19.0,Broken,Avoid/exit,22,-3.7,-10.0,-6.7,44.3,1,,Basic Materials,10655856.0,74570.81
DRDBW,Roman DBDR Acquisition Corp. II Warrants,0.192,0,6,0,9,0,2,2,19,0.0,19.0,Broken,Avoid/exit,19,-12.0,-16.3,-33.8,44.1,0,,nan,5635371.0,0.0
HCWC,Healthy Choice Wellness Corp.,0.185,4,12,7,3,3,2,3,34,-13.0,19.0,Broken,Avoid/exit,13,-5.6,-3.6,-4.9,38.3,2,,Consumer Defensive,4919250.0,1365666.54
SJMHF,SJM Holdings Ltd,0.2,11,7,5,11,0,1,5,40,-21.0,19.0,Broken,Avoid/exit,24,11.1,11.1,5.0,58.2,3,,Consumer Cyclical,1420361088.0,2621.03
ZAUIF,ZAUIF,0.213,3,12,2,6,3,0,5,31,-13.0,19.0,Broken,Avoid/exit,41,-7.5,-11.2,-2.6,45.8,2,,Basic Materials,46966424.0,12301.83
XTRRF,X-Terra Resources Inc,0.24,1,3,1,8,3,6,2,24,-5.0,19.0,Broken,Avoid/exit,44,3.8,-40.0,-20.6,20.3,1,,Basic Materials,7130628.0,2311.77
GRYCF,Graycliff Exploration Limited,0.214,8,8,2,6,6,2,2,34,-15.0,19.0,Broken,Avoid/exit,43,21.7,-14.2,-1.8,48.4,1,,Basic Materials,3526764.0,1066.5
RHEPA,RHEPA,0.2,1,2,2,9,3,0,2,19,0.0,19.0,Broken,Avoid/exit,30,0.0,-12.3,-7.4,28.6,0,,Healthcare,nan,274.2
GNZUF,Guangzhou Automobile Group Co. Ltd,0.26,6,6,6,6,3,3,4,34,-15.0,19.0,Broken,Avoid/exit,19,0.0,0.0,-2.5,37.7,1,,Consumer Cyclical,2651237120.0,3105.14
TWOSF,TWOSF,0.285,4,4,8,5,3,0,5,29,-13.0,19.0,Broken,Avoid/exit,37,2.3,-1.8,-2.9,45.8,1,,Basic Materials,17167312.0,12199.0
AAMMF,Almadex Minerals Ltd,0.3,6,16,7,2,3,4,4,42,-21.0,19.0,Broken,Avoid/exit,32,10.9,15.3,6.3,52.8,3,,Basic Materials,17167050.0,37688.51
VACBF,Nykode Therapeutics AS,0.321,5,7,2,5,3,3,4,29,-15.0,19.0,Broken,🔥 COILED: Avoid/exit,34,0.0,0.0,-1.0,41.7,1,,Healthcare,167625008.0,160.39
BICX,BioCorRx Inc,0.3,10,7,2,6,3,2,2,32,-13.0,19.0,Broken,Avoid/exit,25,20.0,-3.5,-3.2,46.4,1,,Healthcare,8716665.0,2704.36
ALDFW,Aldel Financial II Inc. Warrants,0.33,6,6,3,3,6,2,3,29,-10.0,19.0,Broken,Avoid/exit,30,-2.9,-2.9,-0.4,49.4,0,,nan,nan,12679.91
TDGGF,TDGGF,0.312,3,11,9,0,4,2,3,32,-13.0,19.0,Broken,Avoid/exit,23,-0.0,0.6,-3.1,37.4,0,,nan,nan,26579.59
OTCFF,Ocumetics Technology Corp,0.353,8,6,1,11,1,7,5,39,-20.0,19.0,Broken,Avoid/exit,40,-0.2,13.9,-0.0,49.4,3,,Healthcare,45923904.0,6135.55
GLIOF,Gold Lion Resources Inc,0.362,15,4,7,14,4,0,5,49,-30,19,Broken,Avoid/exit,64,0.0,93.6,25.0,85.4,3,,Basic Materials,7530249.0,269.32
BIVIW,BioVie Inc. Warrant,0.351,2,7,1,11,2,0,4,27,-8.0,19.0,Broken,Avoid/exit,51,-12.3,-29.8,-12.5,46.0,0,,nan,nan,7513.19
DBCAW,D. Boral Acquisition I Corp. Warrants,0.387,8,3,5,3,7,0,2,28,-10.0,19.0,Broken,Avoid/exit,0,-7.9,-8.1,-6.6,45.1,0,,nan,nan,0.0
HRZMF,Horizon Minerals Limited,0.44,1,3,1,7,6,4,2,24,-5.0,19.0,Broken,Avoid/exit,24,0.0,-41.3,-24.9,31.7,1,,Basic Materials,163634400.0,504.09
GRUSF,Grown Rogue International Inc,0.4,5,10,3,3,6,0,2,29,-8.0,19.0,Broken,Avoid/exit,44,-4.8,-11.1,-5.0,42.3,0,,Healthcare,99975592.0,196673.5
NTXVF,Nexteer Automotive Group Limited,0.511,3,4,8,3,3,3,2,26,-10.0,19.0,Broken,Avoid/exit,18,0.0,0.0,-4.8,29.0,0,,Consumer Cyclical,1483677056.0,0.0
RBLK,"Related Blocks, Inc.",0.6,3,3,8,5,3,3,4,29,-10.0,19.0,Broken,Avoid/exit,23,0.0,0.0,-7.3,38.5,0,,Technology,357362.0,378.02
CTRGF,Country Garden Services Holdings Co Ltd,0.725,5,3,4,5,3,2,4,26,-10.0,19.0,Broken,Avoid/exit,19,0.0,0.0,-0.0,0.0,0,,Real Estate,2353136640.0,11.35
AKBIF,Akebono Brake Industry Co. Ltd,0.724,12,6,11,6,3,2,4,44,-28.0,19.0,Broken,Avoid/exit,51,0.0,0.0,0.0,100.0,1,,Consumer Cyclical,215922624.0,22.0
GLDG,GoldMining Inc,0.841,3,11,8,3,2,0,2,29,-13.0,19.0,Broken,Avoid/exit,17,-2.7,-1.1,-3.1,42.7,1,,Basic Materials,180560176.0,2700542.18
FABFF,FABFF,0.835,7,5,1,5,3,1,4,26,-10.0,19.0,Broken,Avoid/exit,35,0.0,0.0,-0.6,48.4,0,,Basic Materials,7815197.0,111.68
KGFMF,Kingfisher Metals Corp,0.881,16,10,5,5,3,4,4,47,-28,19,Broken,Avoid/exit,54,-3.2,12.7,5.6,56.0,3,,Basic Materials,127129664.0,79644.7
MATH,Metalpha Technology Holding Limited,0.924,5,9,6,2,2,2,3,29,-8.0,19.0,Broken,Avoid/exit,31,7.1,-3.2,0.3,48.7,1,,Financial Services,43537340.0,76043.33
CNIKF,Canada Nickel Company Inc,0.965,5,8,5,10,0,0,4,32,-13.0,19.0,Broken,Avoid/exit,25,-7.6,1.6,-3.3,44.4,1,,Basic Materials,236046240.0,85822.99
TMCXX,BlackRock Liquidity Funds - TempCash,1.0,3,6,2,6,3,2,4,26,-10.0,19.0,Broken,Avoid/exit,36,0.0,0.0,-0.0,40.8,0,,nan,nan,0.0
CHEV,Cheviot Financial Corp,1.0,14,5,6,11,3,2,5,46,-27.5,18.5,Broken,Avoid/exit,22,5.4,688.0,54.5,58.8,3,,Industrials,11246252.0,2059.37
IENT,iEntertainment Network Inc,0.007,15,6,6,8,4,3,2,44,-25.8,18.2,Broken,Avoid/exit,38,0.0,148.1,28.0,67.6,3,,Communication Services,876829.0,1725.5
CEBTF,Citychamp Watch & Jewellery Group Limited,0.01,5,3,10,6,3,2,4,33,-15.0,18.0,Broken,Avoid/exit,22,0.0,0.0,-0.0,2.5,1,,Consumer Cyclical,47435584.0,492.21
ATWT,ATWEC Technologies Inc,0.006,9,4,0,8,5,5,2,33,-15.0,18.0,Broken,Avoid/exit,56,-22.9,-28.1,-16.5,45.5,1,,Industrials,5331949.0,1955927.67
RPNRF,Rapid Nutrition PLC,0.01,4,3,10,4,3,2,4,30,-15.0,18.0,Broken,Avoid/exit,29,0.0,0.0,-92.7,19.6,1,,Consumer Defensive,4749340.0,0.0
RLLVF,Relevium Technologies Inc,0.006,2,4,10,6,0,2,4,28,-15.0,18.0,Broken,🔥 COILED: Avoid/exit,29,0.0,0.0,0.0,50.0,1,,Healthcare,1976954.0,1.72
RJDG,Rjd Green Inc,0.005,0,3,1,9,1,2,2,18,0.0,18.0,Broken,Avoid/exit,20,0.0,-10.7,-7.0,40.6,0,,Industrials,1796789.0,136406.03
FUNFF,FansUnite Entertainment Inc,0.001,6,11,9,0,3,2,5,36,-18,18,Broken,Avoid/exit,26,175.0,120.0,53.7,53.6,3,8,Consumer Cyclical,791027.0,118934.35
ACCR,Access-Power & Co. Inc,0.002,13,10,6,5,4,2,5,45,-27,18,Broken,Avoid/exit,49,38.5,38.5,23.1,65.2,3,,Communication Services,790125.0,144611.28
GFMH,Goliath Film and Media Holdings,0.004,1,3,7,6,3,0,5,25,-10.0,18.0,Broken,Avoid/exit,32,0.0,-12.5,-6.8,44.0,0,,Communication Services,486377.0,5471.44
SLMFF,Solis Minerals Ltd,0.002,6,3,10,5,0,2,4,30,-15.0,18.0,Broken,Avoid/exit,23,0.0,0.0,-0.4,19.7,1,,Basic Materials,277922.0,2374.42
CPTAF,Captivision Inc.,0.007,7,9,5,9,9,2,2,43,-28,18,Broken,Avoid/exit,20,32.1,100.0,13.1,48.5,4,,Basic Materials,228694.0,1584983.78
WCIG,Wee-Cig International Corp,0.002,5,3,7,3,3,5,4,30,-15.0,18.0,Broken,Avoid/exit,26,0.0,0.0,-6.3,33.4,1,,Technology,111156.0,11973.46
LADX,LadRx Corporation,0.01,3,3,10,4,3,3,4,30,-15.0,18.0,Broken,Avoid/exit,30,0.0,0.0,-36.4,28.9,1,,Healthcare,49509.0,0.0
PKBFF,PeakBirch Logic Inc,0.003,2,4,10,6,0,2,4,28,-15.0,18.0,Broken,🔥 COILED: Avoid/exit,28,0.0,0.0,0.0,50.0,1,,Healthcare,24976.0,0.0
KMFI,The Keller Manufacturing Company Inc,0.001,4,3,9,6,3,1,4,30,-15.0,18.0,Broken,Avoid/exit,20,0.0,0.0,-8.1,6.5,1,,Consumer Cyclical,6575.0,529.5
CHMN,Chester Mining Company,0.006,9,6,11,6,0,2,4,38,-23.0,18.0,Broken,Avoid/exit,51,0.0,0.0,0.0,100.0,0,,Basic Materials,nan,69.61
ABPWW,Abpro Holdings Inc,0.003,4,6,3,6,2,2,5,28,-8.0,18.0,Broken,Avoid/exit,27,-23.5,18.2,-24.8,40.6,2,,nan,nan,0.0
HEGLF,Peak Minerals Limited,0.015,3,5,4,7,3,2,2,26,-8.0,18.0,Broken,Avoid/exit,36,36.4,-27.2,-5.5,45.8,0,,Basic Materials,54958756.0,8307.55
LECRF,Leocor Gold Inc,0.017,3,9,1,6,3,2,2,26,-8.0,18.0,Broken,Avoid/exit,21,-0.6,-37.4,-25.7,37.2,0,,Basic Materials,6344394.0,15314.3
RLTR,Reeltime Rentals Inc,0.011,3,6,2,6,7,2,2,28,-10.0,18.0,Broken,Avoid/exit,21,6.6,-14.4,-9.4,44.3,0,,Communication Services,1375772.0,152954.02
TNBI,Tanke Biosciences Corporation,0.02,5,3,10,4,3,1,4,30,-15.0,18.0,Broken,Avoid/exit,19,0.0,0.0,-0.4,7.2,1,,Financial Services,384510.0,3288.1
ALURW,Allurion Technologies Inc.,0.017,13,9,3,2,1,5,5,38,-18,18,Broken,Avoid/exit,0,248.0,39.2,31.5,52.5,2,10,nan,nan,0.0
SNEGF,Sound Energy plc,0.028,3,5,3,5,3,5,4,28,-15.0,18.0,Broken,🔥 COILED: Avoid/exit,31,0.0,0.0,-8.0,46.4,1,,Energy,6311941.0,0.0
PMEDF,Predictmedix Inc,0.026,4,7,2,3,5,2,3,26,-8.0,18.0,Broken,Avoid/exit,26,0.0,23.8,-2.5,46.8,2,,Healthcare,5696276.0,22584.69
OVTZ,Oculus VisionTech Inc,0.03,8,5,2,1,4,4,4,28,-10.0,18.0,Broken,Avoid/exit,40,0.0,-25.0,-4.4,45.4,0,,Technology,2532405.0,15466.74
OMID,Omid Holdings Inc,0.022,4,7,3,2,4,4,2,26,-8.0,18.0,Broken,Avoid/exit,29,20.1,-23.5,-12.3,44.0,1,,Healthcare,2127344.0,22869.95
BIDCF,BlockchainK2 Corp,0.028,3,6,8,5,3,3,5,33,-15.0,18.0,Broken,Avoid/exit,18,0.0,0.0,-1.6,41.9,1,,Technology,955691.0,62503.21
NCPLW,Netcapital Inc,0.022,1,12,1,7,5,0,2,28,-10.0,18.0,Broken,Avoid/exit,27,-5.7,-11.4,-4.4,47.3,1,,nan,nan,6547.89
NRSAF,Norse Atlantic ASA,0.037,3,3,3,7,3,2,2,23,-5.0,18.0,Broken,Avoid/exit,22,-14.6,-14.6,-22.5,18.4,1,,Industrials,109155576.0,5929.62
AKEMF,Alaska Energy Metals Corporation,0.04,8,15,6,6,3,3,4,45,-27.0,18.0,Broken,⚠️ EXHAUSTION RISK: Avoid/exit,16,0.2,0.2,-0.7,32.5,1,,Basic Materials,8957215.0,477758.11
VRCFF,Victory Resources Corporation,0.042,1,13,4,8,3,2,2,33,-11.0,18.0,Broken,Avoid/exit,25,-2.6,-8.9,-6.3,44.6,1,,Basic Materials,1716653.0,12977.34
CHMJF,Chemistree Technology Inc,0.032,14,5,6,13,3,2,5,48,-30,18,Broken,Avoid/exit,23,39.1,39.1,28.3,81.2,3,,Financial Services,315569.0,221.07
ARBEW,Arbe Robotics Ltd. Warrant,0.031,4,12,3,6,4,2,5,36,-18.0,18.0,Broken,Avoid/exit,25,-4.0,-14.5,-10.8,46.5,1,,nan,nan,26442.81
TMPPF,Times China Holdings Limited,0.05,2,4,10,6,0,2,4,28,-15.0,18.0,Broken,🔥 COILED: Avoid/exit,29,0.0,0.0,0.0,50.0,1,,Real Estate,149618384.0,300.0
KRTL,KRTL Holding Group Inc,0.042,1,4,1,9,1,0,2,18,0.0,18.0,Broken,Avoid/exit,28,-26.1,-15.8,-20.1,40.9,0,,Industrials,4506937.0,44231.11
IRIG,Integrated Drilling Equipment Holdings Corp,0.05,2,4,10,6,0,2,4,28,-15.0,18.0,Broken,🔥 COILED: Avoid/exit,29,0.0,0.0,0.0,50.0,1,,Energy,440495.0,207.6
ENRT,Enertopia Corporatio,0.046,0,1,4,8,3,0,2,18,0.0,18.0,Broken,Avoid/exit,14,-8.3,-25.8,-27.6,38.2,0,,Basic Materials,373252.0,8235.65
IMCI,"Infinite Group, Inc. Common Stock",0.045,5,3,10,6,0,2,4,30,-15.0,18.0,Broken,Avoid/exit,17,0.0,0.0,-0.2,36.6,1,,Technology,23452.0,478.22
EMFGF,Fluence Corporation Limited,0.055,5,5,5,5,6,2,5,33,-15.0,18.0,Broken,Avoid/exit,37,9.1,9.1,2.2,50.7,2,,Industrials,62935360.0,5370.63
RVBR,Markray Corp,0.06,11,5,3,2,2,5,5,33,-11.0,18.0,Broken,Avoid/exit,40,2.4,2.4,0.0,50.3,0,,Consumer Defensive,18316588.0,34094.72
SSEBF,Silver Spruce Resources Inc,0.06,3,6,6,7,0,2,5,29,-11.0,18.0,Broken,Avoid/exit,19,1.4,1.4,-4.1,41.7,1,,Basic Materials,2381747.0,41483.78
OSCI,Osceola Gold Inc,0.069,1,11,4,5,3,0,2,26,-8.0,18.0,Broken,Avoid/exit,34,-11.5,-8.0,-2.2,47.7,1,,Basic Materials,26817546.0,116257.57
KUBR,Kuber Resources Corporation,0.061,4,3,3,6,3,4,5,28,-10.0,18.0,Broken,Avoid/exit,20,0.0,-39.0,-63.5,39.2,0,,Industrials,9610960.0,9800.34
WDGRF,Wedgemount Resources Corp.,0.064,11,6,3,3,1,5,4,33,-15.0,18.0,Broken,Avoid/exit,48,-0.9,-0.9,-0.7,51.3,1,,Energy,6597060.0,35085.04
PRMO,Prom Resources Inc,0.07,5,10,0,2,5,0,2,24,-6.0,18.0,Broken,Avoid/exit,51,-30.0,-12.5,-22.8,45.7,0,,Consumer Cyclical,1623541.0,1852.63
LEXTF,Lexston Life Sciences Corp,0.063,12,12,3,3,8,0,3,41,-23.0,18.0,Broken,Avoid/exit,49,-1.6,-28.5,-0.8,51.5,2,,Basic Materials,1578368.0,60435.09
APGP,AmpliPay Group Inc.,0.076,1,4,3,8,3,7,2,28,-10.0,18.0,Broken,Avoid/exit,43,0.0,0.0,-9.6,42.7,0,,Technology,860749.0,869.45
SEOVF,Sernova Corp,0.082,4,14,3,3,3,2,2,31,-13.0,18.0,Broken,Avoid/exit,16,2.5,-8.9,-5.2,43.0,1,,Healthcare,30966686.0,34758.99
SMREF,Sun Summit Minerals Corp,0.083,5,4,8,9,0,2,3,31,-13.0,18.0,Broken,Avoid/exit,16,-3.8,-10.1,-6.5,40.9,1,,Basic Materials,26413928.0,113788.34
SBMCF,Silver Bullet Mines Corp.,0.09,4,2,8,9,0,4,4,31,-13.0,18.0,Broken,Avoid/exit,8,-9.3,-3.8,-7.2,38.1,1,,Basic Materials,13265006.0,88446.68
EUUNF,Azarga Metals Corp,0.09,5,12,4,9,4,2,2,38,-20.0,18.0,Broken,Avoid/exit,37,12.3,24.9,-1.1,47.2,3,,Basic Materials,8222417.0,0.0
GSNC,Global eScience Corp,0.09,2,4,10,6,0,2,4,28,-15.0,18.0,Broken,🔥 COILED: Avoid/exit,29,0.0,0.0,0.0,50.0,1,,Communication Services,2878200.0,40.5
KOGDF,KO Gold Inc.,0.087,5,8,1,2,0,6,2,24,-6.0,18.0,Broken,Avoid/exit,0,8.2,-6.9,-10.6,42.0,0,,nan,nan,0.0
COPAF,CopAur Minerals Inc,0.094,1,3,5,7,0,4,3,23,-5.0,18.0,Broken,Avoid/exit,18,-6.8,-16.4,-6.0,43.1,1,,Basic Materials,11641229.0,81290.4
NRIS,Norris Industries Inc,0.131,4,3,7,2,3,7,4,30,-15.0,18.0,Broken,Avoid/exit,35,0.0,0.0,-1.8,34.4,1,,Energy,14191010.0,584.16
RENI,Resilient Energy Inc.,0.1,3,4,8,4,0,3,3,25,-10.0,18.0,Broken,Avoid/exit,21,0.0,0.0,-2.2,26.0,0,,Financial Services,5174159.0,2258.37
SGNI,StemGen Inc,0.1,2,4,10,6,0,2,4,28,-15.0,18.0,Broken,🔥 COILED: Avoid/exit,33,0.0,0.0,0.0,50.0,1,,Communication Services,4567106.0,0.12
HGTXU,Hugoton Royalty Trust,0.11,0,2,0,8,3,2,2,17,0.0,18.0,Broken,Avoid/exit,13,-31.2,-38.9,-30.1,27.1,0,,Energy,4400000.0,45308.67
VYST,Vystar Corp,0.13,3,5,2,12,3,6,2,33,-15.0,18.0,Broken,Avoid/exit,45,8.3,-12.2,-8.0,45.7,1,,Basic Materials,3200742.0,25767.07
PSYGF,Psyence Group Inc,0.127,9,6,11,6,3,4,4,43,-28.0,18.0,Broken,Avoid/exit,45,0.0,0.0,0.0,94.3,1,,Healthcare,2048434.0,6.83
DOSEF,Doseology Sciences Inc.,0.111,3,6,9,3,3,2,4,30,-15.0,18.0,Broken,Avoid/exit,22,0.0,-0.6,-5.0,35.5,1,,Healthcare,892494.0,523.03
EWPMF,East West Petroleum Corp,0.1,12,4,9,11,3,2,5,46,-28.0,18.0,Broken,Avoid/exit,39,0.0,11.1,24.1,78.2,3,,Energy,370990.0,3068.08
YHNAR,YHN Acquisition I Limited Right,0.11,6,6,7,0,0,2,2,23,-8.0,18.0,Broken,Avoid/exit,22,0.1,0.2,-3.6,43.0,0,,nan,nan,0.0
KFIIR,K&F Growth Acquisition Corp. II Rights,0.13,8,5,5,2,0,5,5,30,-8.0,18.0,Broken,Avoid/exit,23,4.0,8.3,0.6,49.5,1,,nan,nan,0.0
LCGMF,Lion Copper and Gold Corp,0.19,3,11,6,4,4,2,4,34,-16.0,18.0,Broken,Avoid/exit,31,5.7,0.1,-0.2,48.5,0,,Basic Materials,81924408.0,146060.75
PGEZF,Group Ten Metals Inc,0.18,5,7,9,4,2,2,4,33,-15.0,18.0,Broken,Avoid/exit,23,-10.0,-3.7,-4.6,44.5,1,,Basic Materials,55958000.0,708576.34
SRLZF,Salazar Resources Limited,0.19,16,8,3,5,5,5,4,46,-28.0,18.0,Broken,Avoid/exit,65,0.0,18.8,5.3,54.6,3,,Basic Materials,51496020.0,38944.77
SLROD,Stellar Resources Limited,0.15,17,4,5,7,6,2,5,46,-28.0,18.0,Broken,Avoid/exit,54,0.0,0.0,37.1,100.0,1,,Basic Materials,50872288.0,3.25
BYLTF,Baylin Technologies Inc,0.183,6,10,0,7,4,2,2,31,-13.0,18.0,Broken,Avoid/exit,15,1.9,-11.8,-7.8,43.5,2,,Technology,49095432.0,14273.83
KCCFF,Kutcho Copper Corp,0.18,5,6,4,10,2,2,2,31,-13.0,18.0,Broken,Avoid/exit,18,-5.3,-1.7,-6.8,41.7,1,,Basic Materials,33221700.0,75342.49
SRSLF,Sorrento Resources Ltd.,0.157,13,5,4,11,4,0,5,42,-24.0,18.0,Broken,Avoid/exit,34,0.0,57.4,15.8,60.2,3,,Basic Materials,9639348.0,349.17
SDHIR,Siddhi Acquisition Corp Right,0.18,0,6,0,10,3,0,2,21,1.0,18.0,Broken,Avoid/exit,12,-10.0,-12.9,-9.1,45.5,1,,nan,nan,0.0
TDMMF,Mach7 Technologies Limited,0.217,9,7,4,4,3,6,5,38,-23.0,18.0,Broken,Avoid/exit,22,0.0,0.0,0.2,45.6,1,,Healthcare,51067608.0,624.08
RBOHF,Humanoid Global Holdings Corp.,0.22,5,12,2,3,5,2,5,34,-16.0,18.0,Broken,Avoid/exit,24,-18.5,-31.2,-12.4,43.4,1,,Financial Services,8742025.0,100801.07
GSRFF,Golden Shield Resources Inc,0.25,9,1,7,2,6,5,3,33,-15.0,18.0,Broken,Avoid/exit,36,-3.5,-3.5,-2.2,36.4,1,,Basic Materials,5423925.0,1629.16
RREE,ResourceTec Corporation,0.202,5,5,8,3,0,5,2,28,-15.0,18.0,Broken,🔥 COILED: Avoid/exit,31,0.0,0.0,-1.9,42.0,1,,Basic Materials,2121026.0,1221.74
BAERW,"Bridger Aerospace Group Holdings, Inc. Warrant",0.244,5,9,0,6,2,7,2,31,-13.0,18.0,Broken,Avoid/exit,26,-8.3,6.1,-21.4,44.2,0,,nan,nan,79676.92
SSHPF,Vow ASA,0.264,10,6,11,4,3,2,4,40,-25.0,18.0,Broken,Avoid/exit,41,0.0,0.0,0.0,82.0,1,,Industrials,76755936.0,1775.0
PCYN,Procyon Corporation,0.28,19,12,4,5,4,2,5,51,-29,18,Broken,Avoid/exit,73,7.7,64.7,17.8,67.3,4,,Healthcare,2116563.0,1083.17
SRGXF,Surge Copper Corp,0.339,5,12,5,1,3,2,2,30,-13.0,18.0,Broken,Avoid/exit,26,-5.8,-0.2,-4.1,42.5,2,,Basic Materials,130094560.0,228398.78
PNGAF,Pangea Natural Foods Inc.,0.334,10,7,0,3,7,3,3,33,-15.0,18.0,Broken,Avoid/exit,40,-1.7,-0.6,-2.4,46.7,1,,Consumer Defensive,15973595.0,23896.64
TTBKF,2020 Bulkers Ltd,0.324,3,9,4,4,3,3,2,28,-10.0,18.0,Broken,Avoid/exit,16,5.7,5.7,-7.9,24.0,0,,Industrials,6518228.0,1393.44
HAFG,Holistic Asset Finance Group Co. Ltd,0.35,6,8,4,3,4,3,4,32,-10.0,18.0,Broken,Avoid/exit,24,0.0,0.0,-1.2,43.6,0,,Communication Services,25979864.0,394.64
TNMG,TNL Mediagene Ordinary Shares,0.38,5,11,3,6,4,2,2,33,-13.0,18.0,Broken,Avoid/exit,20,11.8,-3.1,-10.6,42.1,1,,Communication Services,1113878.0,2456957.6
TRJNF,TRJNF,0.4,5,3,10,6,0,2,4,30,-15.0,18.0,Broken,Avoid/exit,33,0.0,0.0,-0.0,0.0,1,,Healthcare,61145452.0,450.0
PBSV,Pharma-Bio Serv Inc,0.42,0,2,1,8,3,2,2,18,0.0,18.0,Broken,Avoid/exit,9,-27.6,-27.6,-17.4,28.5,0,,Healthcare,9618710.0,4361.69
UNEH,"Universal New Energy Holding Group, Inc.",0.442,3,6,4,5,6,7,2,33,-15.0,18.0,Broken,Avoid/exit,38,0.0,0.0,-13.7,21.4,1,,Industrials,9795769.0,2487.64
NXGL,Nexgel Inc,0.446,6,12,3,2,4,2,2,31,-11.0,18.0,Broken,Avoid/exit,29,8.6,-2.9,-4.9,42.1,1,,Healthcare,4119070.0,216611.52
KUYAF,Kuya Silver Corporation,0.511,5,15,7,1,3,2,2,35,-15.0,18.0,Broken,Avoid/exit,26,-4.8,9.0,0.3,49.0,2,,Basic Materials,99037216.0,462687.27
EONR,EON Resources Inc.,0.508,2,12,6,6,3,2,5,36,-18.0,18.0,Broken,Avoid/exit,17,-6.6,-8.3,-4.1,45.5,1,,Energy,25378922.0,9226918.23
MYPS,Playstudios Inc,0.592,6,8,1,8,5,0,5,33,-13.0,18.0,Broken,Avoid/exit,48,-13.0,-24.1,-10.1,42.6,1,,Communication Services,76203440.0,499886.89
ETCMY,Eutelsat Communications SA ADR,0.63,3,10,2,0,3,6,2,26,-8.0,18.0,Broken,Avoid/exit,25,-4.3,-8.2,-6.1,39.1,2,,Communication Services,2873881344.0,32979.34
NICMF,Nickel Mines Limited,0.611,3,3,5,6,3,3,5,28,-15.0,18.0,Broken,🔥 COILED: Avoid/exit,25,0.0,-4.1,-2.2,41.9,1,,Basic Materials,2653140224.0,3919.85
DUO,Fangdd Network Group Ltd,0.61,5,12,3,5,2,4,2,33,-13.0,18.0,Broken,Avoid/exit,18,-5.3,-1.5,-4.8,40.6,1,,Real Estate,23502968.0,174374.76
GAMG,Global Asset Management Group Inc.,0.68,10,11,3,4,4,2,2,36,-18.0,18.0,Broken,Avoid/exit,30,31.5,2.4,18.3,53.7,0,,Financial Services,175825024.0,0.0
PLAG,Planet Green Holdings Corp,0.73,1,7,0,7,4,2,2,23,-3.0,18.0,Broken,Avoid/exit,21,23.7,-60.3,-35.1,32.8,2,,Industrials,10361416.0,500754.0
TEAD,Teads B.V.,0.786,3,7,6,3,2,2,5,28,-13.0,18.0,Broken,Avoid/exit,31,0.1,-7.2,-7.0,41.2,2,,Communication Services,76206168.0,1074798.59
NMYSF,NamSys Inc,0.75,6,3,4,5,3,5,2,28,-10.0,18.0,Broken,Avoid/exit,14,0.0,0.0,-2.2,25.1,0,,Technology,20138948.0,0.0
MCRPF,MicroPort Scientific Corporation,0.852,3,3,9,5,3,3,4,30,-15.0,18.0,Broken,Avoid/exit,11,0.0,0.0,-1.8,0.1,1,,Healthcare,3003057920.0,295.0
RBRI,RBR Global Inc,0.009,4,3,4,5,3,1,4,24,-10.0,17.0,Broken,Avoid/exit,14,0.0,0.0,-21.4,0.0,0,,Financial Services,27933454.0,42.0
HDGHF,Haydale Graphene Industries plc,0.004,0,3,0,10,2,0,2,17,0.0,17.0,Broken,Avoid/exit,26,-28.6,-30.0,-24.1,43.1,0,,Basic Materials,27211484.0,923087.11
IRNRF,Iron Road Limited,0.01,5,3,9,4,3,1,4,29,-15.0,17.0,Broken,Avoid/exit,19,0.0,0.0,-0.3,0.0,1,,Basic Materials,8653986.0,1086.23
IVFZF,Invictus Financial Inc,0.01,14,4,6,12,3,3,5,47,-30,17,Broken,Avoid/exit,38,0.0,1900.0,66.9,74.3,3,,Financial Services,389925.0,27.4
ASDZF,Arctic Star Exploration Corp,0.001,3,5,5,3,3,1,2,22,-8.0,17.0,Broken,Avoid/exit,26,0.0,0.0,-26.6,47.2,0,,Basic Materials,334194.0,0.0
RVLCF,Rivalry Corp,0.003,9,5,7,9,0,2,5,37,-20.0,17.0,Broken,Avoid/exit,34,0.0,11.1,4.2,55.3,3,,Consumer Cyclical,261806.0,33302.96
CNMVF,Canoe Mining Ventures Corp,0.002,3,3,9,6,3,1,4,29,-15.0,17.0,Broken,Avoid/exit,16,0.0,0.0,-46.7,21.1,1,,Basic Materials,57024.0,2553.7
LEHKQ,LEHMAN BROTHERS HOLDINGS CAP TS,0.001,6,4,0,8,5,0,4,27,-10.0,17.0,Broken,Avoid/exit,43,-21.4,-15.4,-6.9,40.5,0,,Other,nan,574.66
XOSWW,Xos Equity Warrants,0.002,6,6,0,7,0,1,2,22,-3.0,17.0,Broken,Avoid/exit,22,-16.7,-9.1,-36.8,43.1,2,,Consumer Cyclical,nan,62996.17
LBSR,Liberty Star Uranium & Metals Corp,0.018,3,9,8,2,3,0,2,27,-11.0,17.0,Broken,Avoid/exit,22,-8.6,-7.2,-7.9,41.0,1,,Basic Materials,1924878.0,616063.66
AOECF,Aferian Plc,0.012,5,3,10,5,0,2,4,29,-15.0,17.0,Broken,Avoid/exit,0,0.0,0.0,-0.0,0.0,1,,Communication Services,1390151.0,0.0
QQQFF,Quizam Media Corporation,0.02,0,3,2,7,3,2,5,22,-5.0,17.0,Broken,Avoid/exit,29,-59.7,-59.7,-37.0,42.0,1,,Communication Services,1265355.0,1340.15
CVHL,Cv Holdings Inc,0.02,14,4,7,13,4,0,5,47,-30,17,Broken,Avoid/exit,63,0.0,32.5,9.8,84.3,3,,Financial Services,1288276.0,20348.53
MRNOW,Murano Global Investments PLC Warrants,0.013,3,6,1,6,2,4,5,27,-10.0,17.0,Broken,Avoid/exit,11,-31.0,31.6,-36.1,42.9,2,,nan,nan,48395.26
NIVFW,NewGenIvf Group Limited Warrants,0.017,4,5,1,6,2,2,5,25,-8.0,17.0,Broken,Avoid/exit,29,5.5,-25.2,-13.7,47.8,0,,nan,nan,0.0
HLONF,Hilong Holding Limited,0.027,5,6,1,5,3,5,4,29,-15.0,17.0,Broken,Avoid/exit,32,0.0,0.0,-4.9,39.2,1,,Energy,44446900.0,953.83
SRSSF,SRSSF,0.025,6,3,6,4,0,1,4,24,-10.0,17.0,Broken,Avoid/exit,11,0.0,0.0,-5.8,0.0,0,,Basic Materials,13289659.0,852.5
OWRDF,One World Lithium Inc,0.023,8,6,6,2,3,2,2,29,-15.0,17.0,Broken,Avoid/exit,49,0.0,9.9,-5.2,41.2,2,,Basic Materials,5001930.0,18175.56
GMBLP,Esports Entertainment Group Inc Preferred Series A,0.029,18,4,5,4,4,3,5,43,-26,17,Broken,Avoid/exit,32,163.6,-3.3,17.2,57.7,1,4,Consumer Cyclical,nan,1920.39
PSQH-WT,PSQH-WS,0.029,1,10,0,6,2,4,2,25,-8.0,17.0,Broken,Avoid/exit,23,-22.1,-31.9,-22.0,41.2,1,,nan,nan,30804.58
REXHF,Rex International Holding Limited,0.04,6,4,6,3,3,3,4,29,-15.0,17.0,Broken,Avoid/exit,7,0.0,0.0,-15.7,0.0,1,,Energy,54297636.0,38.0
RMTO,RM2 International Inc.,0.04,13,6,5,9,6,3,5,47,-30.0,17.0,Broken,Avoid/exit,39,33.3,33.3,11.4,57.2,3,,Industrials,4328793.0,8853.79
CYCL,Centennial Communications Corp,0.04,3,9,2,4,6,0,5,29,-15.0,17.0,Broken,Avoid/exit,34,-7.4,-18.4,-5.6,47.3,1,,Financial Services,1270256.0,8338.19
DFLIW,Dragonfly Energy Holdings Corp.,0.031,4,6,2,9,2,0,2,25,-8.0,17.0,Broken,Avoid/exit,18,-38.0,-26.5,-19.4,45.0,0,,nan,nan,67435.95
WMELF,Westmount Energy Limited,0.046,3,6,1,5,0,5,4,24,-10.0,17.0,Broken,Avoid/exit,32,0.0,0.0,-4.5,37.7,0,,Energy,6626368.0,5455.74
ETRUF,Etruscus Resources Corp,0.045,5,9,4,4,0,3,2,27,-10.0,17.0,Broken,Avoid/exit,12,0.0,0.0,-3.0,34.9,0,,Basic Materials,2893928.0,11788.57
NKLXF,Nickelex Resource Corporation,0.054,3,6,5,5,3,3,4,29,-15.0,17.0,Broken,Avoid/exit,10,0.0,0.0,-3.6,38.7,1,,Basic Materials,949403.0,3229.67
PMHS,PMHS,0.08,3,1,6,7,3,0,2,22,-5.0,17.0,Broken,Avoid/exit,9,-32.2,-32.2,-21.5,37.2,1,,Healthcare,2244247.0,651.58
GPUSD,Alset AI Ventures Inc.,0.071,2,5,1,7,3,2,2,22,-5.0,17.0,Broken,Avoid/exit,33,-24.8,-2.6,-17.2,41.4,1,,Technology,2220062.0,5558.66
MDTC,Media Technologies Inc,0.087,5,10,10,5,5,2,5,42,-25,17,Broken,Avoid/exit,50,66.7,37.6,22.7,54.1,3,3,Technology,7003907.0,0.0
PJXRF,PJX Resources Inc,0.134,10,5,2,3,5,0,2,27,-13.0,17.0,Broken,Avoid/exit,68,-0.1,-1.0,1.4,52.5,1,,Basic Materials,25567206.0,25318.96
AUIAF,Aurania Resources Ltd,0.142,7,3,6,6,3,2,5,32,-15.0,17.0,Broken,Avoid/exit,49,-5.3,-5.3,-2.4,47.8,1,,Basic Materials,18780628.0,21185.5
MDXXF,Pharmala Biotech Holdings Inc,0.112,16,5,2,11,1,5,5,45,-28.0,17.0,Broken,Avoid/exit,55,12.4,28.5,3.8,53.6,3,,Healthcare,12975013.0,22964.94
GPOTF,Gold Port Corporation,0.133,2,1,2,7,2,1,2,17,0.0,17.0,Broken,Avoid/exit,43,-6.2,-6.2,-6.2,25.2,0,,Basic Materials,9121068.0,2587.32
RRUUF,RRUUF,0.135,3,11,5,3,4,2,4,32,-13.0,17.0,Broken,Avoid/exit,19,-1.5,4.7,-4.7,42.3,1,,Basic Materials,7147547.0,31693.5
SEQP,Santana Equestrian Private Financial LLC,0.11,7,4,3,2,3,0,5,24,-10.0,17.0,Broken,Avoid/exit,32,0.0,17.1,-0.1,50.2,2,,Industrials,6588538.0,504.4
OECPF,Oracle Energy Corp,0.1,5,3,10,6,0,1,4,29,-15.0,17.0,Broken,Avoid/exit,27,0.0,0.0,-0.1,4.3,1,,Energy,4703868.0,47.35
RFLXF,REDFLEX HOLDINGS LTD,0.109,2,10,1,8,3,2,2,28,-11.0,17.0,Broken,Avoid/exit,22,-4.4,-16.8,-14.7,40.6,2,,Basic Materials,1124937.0,1874.47
NWCCF,Northwest Copper Corp,0.19,11,6,5,2,0,2,4,30,-13.0,17.0,Broken,Avoid/exit,21,11.8,5.6,2.6,50.4,1,,Basic Materials,49801612.0,14507.0
MMCP,Morningstar US Mid Cap PR USD,0.15,4,2,7,4,3,3,4,27,-10.0,17.0,Broken,Avoid/exit,13,-1.7,-1.7,-12.5,33.9,0,,Financial Services,15008391.0,4268.03
ANSCW,Agriculture & Natural Solutions Acquisition Corporation Warrant,0.188,6,11,2,2,4,2,2,29,-10.0,17.0,Broken,Avoid/exit,24,4.4,-14.5,1.9,49.8,0,,nan,nan,23013.85
ELRFF,Eastern Platinum Limited,0.22,7,8,8,5,0,7,5,40,-23.0,17.0,Broken,Avoid/exit,22,-12.0,-8.3,-7.8,43.6,1,,Basic Materials,49437940.0,58728.5
WHYRF,West High Yield (W.H.Y.) Resources Ltd,0.21,0,3,8,4,5,5,4,29,-15.0,17.0,Broken,Avoid/exit,19,0.0,-4.5,-3.7,41.6,1,,Basic Materials,25376146.0,7353.02
MPU,Mega Matrix Corp.,0.242,4,13,3,0,2,4,2,28,-11.0,17.0,Broken,Avoid/exit,18,2.8,-3.4,-5.5,41.3,2,,Communication Services,17240194.0,1091984.92
ASPSZ,Altisource Portfolio Solutions S.A.,0.23,4,6,2,7,3,2,2,26,-10.0,17.0,Broken,Avoid/exit,44,-27.6,4.8,-13.4,44.8,0,,nan,nan,17847.56
GSVRF,Guanajuato Silver Company Ltd,0.32,4,11,7,3,4,0,3,32,-13.0,17.0,Broken,Avoid/exit,22,-4.9,-1.7,-2.1,45.4,1,,Basic Materials,235285024.0,1396127.31
LATAW,Galata Acquisition Corp. II Warrant,0.314,1,11,1,6,4,2,2,27,-8.0,17.0,Broken,Avoid/exit,18,17.0,-3.3,-4.6,44.5,1,,nan,nan,0.0
SBMJF,Dimerix Ltd,0.35,10,6,11,6,3,2,4,42,-28.0,17.0,Broken,Avoid/exit,43,0.0,0.0,0.0,99.6,1,,Healthcare,210138880.0,10.7
SATLW,Satellogic Inc. Warrant,0.37,1,6,2,9,4,0,2,24,-5.0,17.0,Broken,Avoid/exit,14,-7.5,-41.3,-40.4,41.2,1,,nan,nan,68188.94
ENGNW,enGene Holdings Inc. Warrants,0.36,1,11,1,2,0,6,2,23,-6.0,17.0,Broken,Avoid/exit,17,12.0,-83.9,-51.9,45.3,1,,nan,nan,14174.81
STLFF,Stillfront Group AB (publ),0.434,3,4,6,6,3,5,2,29,-15.0,17.0,Broken,Avoid/exit,26,0.0,0.0,-1.9,26.4,1,,Communication Services,221354976.0,1348.5
BBBY-WT,BBBY-WS,0.408,6,6,9,2,0,5,3,31,-14.0,17.0,Broken,Avoid/exit,26,1.9,1.9,-4.4,43.4,0,,nan,nan,0.0
KNRX,KNOREX LTD.,0.469,5,6,10,12,4,2,3,42,-23.0,17.0,Broken,Avoid/exit,24,17.2,17.2,8.3,53.1,4,,Technology,14268440.0,709323.63
MDAIW,Spectral AI Inc,0.48,0,3,8,8,0,4,2,25,-8.0,17.0,Broken,Avoid/exit,23,-11.1,-12.7,-12.8,40.2,0,,nan,nan,17837.25
CUAUF,C3 Metals Inc,0.547,2,8,1,5,3,1,5,25,-8.0,17.0,Broken,Avoid/exit,20,-0.8,-2.4,-2.7,47.6,1,,Basic Materials,69062232.0,6779.64
TCVNF,Tocvan Ventures Corp,0.534,10,13,4,3,8,6,2,46,-29,17,Broken,Avoid/exit,40,31.2,31.2,14.7,63.7,3,,Basic Materials,32045152.0,1027.55
VTLSF,Vitalist Inc.,0.519,6,11,6,5,8,2,2,40,-26,17,Broken,🔥 COILED: Avoid/exit,46,12.8,10.1,4.6,52.9,4,,Technology,nan,0.0
GRLVF,Group Eleven Resources Corp,0.57,3,11,8,0,3,0,2,27,-11.0,17.0,Broken,Avoid/exit,31,-2.6,-2.4,-2.8,44.7,1,,Basic Materials,160887424.0,356809.41
ZTEK,ZEN Graphene Solutions Ltd,0.55,12,10,4,7,2,2,5,42,-25.0,17.0,Broken,Avoid/exit,35,1.9,10.1,8.1,57.7,3,,Healthcare,69691392.0,173935.11
WMTN,WestMountain Gold Inc,0.676,4,7,3,4,3,7,4,32,-15.0,17.0,Broken,Avoid/exit,19,0.0,0.0,-14.5,30.4,1,,Basic Materials,18022740.0,27.87
BRANF,Baran Group Ltd,0.72,3,5,5,6,0,4,4,27,-10.0,17.0,Broken,Avoid/exit,12,0.0,0.0,-8.7,14.7,0,,Industrials,19625498.0,7.52
CALC,"CalciMedica, Inc. Common Stock",0.743,2,11,3,3,7,4,2,32,-13.0,17.0,Broken,Avoid/exit,31,-0.2,-5.0,-4.2,46.5,1,,Healthcare,11734777.0,823718.28
MTTRY,Ceconomy AG ADR,0.82,11,8,2,4,2,3,5,35,-18.0,17.0,Broken,Avoid/exit,34,0.0,3.8,1.5,51.5,1,,Consumer Cyclical,2192337152.0,10151.08
SBDXF,SED Energy Holdings Plc,0.815,9,5,1,6,0,2,4,27,-10.0,17.0,Broken,Avoid/exit,25,-0.6,0.6,-0.4,47.8,0,,Energy,611865664.0,4081.79
KBSX,FST Corp. Ordinary Shares,0.89,3,7,6,1,2,4,2,25,-8.0,17.0,Broken,Avoid/exit,22,-2.2,3.5,-4.1,41.7,0,,Consumer Cyclical,39841744.0,67685.13
BGMS,"Bio Green Med Solution, Inc.",0.88,6,4,2,2,2,5,3,24,-10.0,17.0,Broken,Avoid/exit,32,-2.2,-3.3,-2.0,48.1,0,,Healthcare,4857121.0,870130.17
ALKEF,Alkane Resources Limited,0.936,3,10,8,1,4,0,3,29,-10.0,17.0,Broken,Avoid/exit,27,-3.5,-3.5,-3.1,41.6,0,,Basic Materials,1278494464.0,466692.82
JPAXX,JPMorgan Trust I - JPMorgan Prime Money Market Fund,1.0,1,4,4,6,3,2,4,24,-10.0,17.0,Broken,Avoid/exit,22,-0.0,-0.0,-0.0,40.6,0,,nan,nan,0.0
CRMNF,Harena Rare Earths Plc,0.028,10,5,6,12,0,3,5,41,-29.5,16.5,Broken,Avoid/exit,27,4.0,2750.0,34.8,54.1,3,,Basic Materials,nan,0.0
CYBL,Cyberlux Corp,0.001,3,12,3,0,4,2,2,26,-8.0,16.0,Broken,Avoid/exit,18,9.1,-7.7,-8.0,43.4,0,,Industrials,8611135.0,24974257.96
TZPC,ThermaFreeze Products Corporation,0.009,7,13,5,5,3,6,5,44,-28.0,16.0,Broken,Avoid/exit,32,12.5,50.0,9.6,52.0,3,,Consumer Cyclical,4356936.0,55664.25
RPGLF,Endurance RP Limited,0.006,5,3,10,4,3,2,4,31,-18.0,16.0,Broken,Avoid/exit,0,0.0,0.0,-0.2,72.6,1,,Healthcare,1721713.0,0.0
EPWKF,EPWK Holdings Ltd. Class A,0.006,5,6,8,3,0,2,2,26,-13.0,16.0,Broken,Avoid/exit,22,-23.7,-23.7,-13.4,46.1,1,,Technology,1350471.0,13738184.96
WLRMF,Aloro Mining Corp,0.005,3,3,9,6,3,3,4,31,-15.0,16.0,Broken,Avoid/exit,15,0.0,0.0,-3.9,0.1,1,,Basic Materials,1154585.0,1159.5
MAJI,Marijuana Inc.,0.008,7,7,4,15,2,0,5,40,-24.0,16.0,Broken,Avoid/exit,21,-28.2,31.7,-2.1,48.7,3,,Healthcare,550887.0,535022.5
NRGT,Energy Today Inc,0.006,4,7,5,2,3,3,2,26,-10.0,16.0,Broken,Avoid/exit,28,0.0,-13.3,-5.0,41.6,0,,Consumer Defensive,454832.0,36233.34
NICH,Nitches Inc,0.001,2,6,2,7,2,0,2,21,-5.0,16.0,Broken,Avoid/exit,25,-21.4,-31.2,-26.1,43.2,1,,Consumer Cyclical,406807.0,508228.72
STGDF,Stone Gold Inc.,0.003,3,4,1,5,3,3,4,23,-10.0,16.0,Broken,Avoid/exit,16,0.0,0.0,-64.5,43.1,0,,Basic Materials,345145.0,927.68
MONGF,Montego Resources Inc,0.008,3,3,8,6,3,1,4,28,-15.0,16.0,Broken,Avoid/exit,11,0.0,0.0,-6.9,0.0,1,,Basic Materials,290834.0,7.5
MYRX,Myrexis Inc Cmn Stk,0.006,16,2,6,7,3,7,5,46,-30,16,Broken,Avoid/exit,58,-14.3,650.0,56.7,79.8,3,,Financial Services,241353.0,6162.1
CLSZF,China Oil And Gas Group Limited,0.02,3,4,3,4,3,7,2,26,-10.0,16.0,Broken,Avoid/exit,36,0.0,0.0,-8.0,28.2,0,,Energy,112961544.0,2706.72
IMMVF,Immunovia AB (publ),0.02,9,6,11,6,3,2,4,41,-28.0,16.0,Broken,Avoid/exit,37,0.0,0.0,0.0,99.7,1,,Healthcare,13453337.0,15.5
CYCA,Cytta Corp,0.014,2,3,3,5,6,5,2,26,-10.0,16.0,Broken,Avoid/exit,32,0.0,-30.0,-11.5,39.2,0,,Technology,6723329.0,127987.45
BASA,Basanite Inc,0.016,3,3,7,3,3,2,2,23,-10.0,16.0,Broken,Avoid/exit,23,-5.9,-5.9,-4.4,46.7,0,,Basic Materials,4280973.0,171478.68
MYBUF,Meyer Burger Technology AG,0.02,3,9,5,6,3,1,4,31,-15.0,16.0,Broken,Avoid/exit,36,0.0,0.0,-52.0,37.0,1,,Technology,632770.0,0.0
NWLXF,Newlox Gold Ventures Corp,0.025,6,4,6,2,3,3,2,26,-13.0,16.0,Broken,Avoid/exit,34,0.0,0.0,-3.2,47.1,1,,Industrials,5508218.0,28522.68
SNRG,Susglobal Energy Corp,0.021,3,11,3,7,4,4,2,34,-16.0,16.0,Broken,Avoid/exit,32,40.0,-12.5,3.9,50.3,1,,Industrials,2988972.0,69299.31
ENTEF,ESE Entertainment Inc,0.022,4,10,8,3,2,2,2,31,-13.0,16.0,Broken,Avoid/exit,28,5.7,5.7,-1.4,48.0,1,,Communication Services,2754100.0,78714.67
IDEA,Aeon Ventures Inc,0.027,4,5,8,4,3,3,3,30,-13.0,16.0,Broken,Avoid/exit,34,0.0,0.0,-6.5,45.5,1,,Financial Services,2740000.0,0.0
GGXXF,GGX Gold Corp,0.028,1,4,7,4,3,2,2,23,-10.0,16.0,Broken,Avoid/exit,25,0.0,-35.2,-16.8,42.6,0,,Basic Materials,1082721.0,0.0
APETF,Alpha Esports Tech Inc,0.03,6,6,2,7,3,5,5,34,-18.0,16.0,Broken,Avoid/exit,18,14.9,14.9,-10.2,47.5,3,,Communication Services,653777.0,2994.14
SWAGW,Software Acquisition Group Inc. III Warrant,0.025,1,8,1,5,0,2,5,22,-6.0,16.0,Broken,Avoid/exit,9,-3.8,-16.7,-37.5,46.7,0,,nan,nan,18355.28
HLGVF,Hillgrove Resources Limited,0.038,7,4,1,5,0,4,5,26,-10.0,16.0,Broken,Avoid/exit,35,-4.2,-31.6,-8.6,46.6,0,,Basic Materials,141571088.0,6938.2
ANSNF,Anson Resources Limited,0.031,5,12,8,5,3,4,2,39,-23.0,16.0,Broken,Avoid/exit,22,12.1,17.6,3.0,49.6,3,,Basic Materials,50788252.0,58564.5
CRICF,Churchill Resources Inc.,0.035,5,4,9,7,3,2,4,34,-18.0,16.0,Broken,Avoid/exit,18,0.3,0.3,-5.3,17.1,1,,Basic Materials,11115537.0,14126.28
SWISF,Sekur Private Data Ltd,0.032,3,7,5,6,4,2,2,29,-13.0,16.0,Broken,Avoid/exit,24,-0.6,-13.0,-5.4,42.7,1,,Technology,8308066.0,114272.85
TARGF,Taurus Gold Corp.,0.032,3,7,1,5,3,3,4,26,-15.0,16.0,Broken,🔥 COILED: Avoid/exit,31,0.0,0.0,-5.1,41.3,1,,Basic Materials,548985.0,1193.54
ULTXF,Ultra Resources Inc,0.05,13,4,7,10,3,2,4,43,-27,16,Broken,Avoid/exit,58,150.0,0.0,15.5,56.9,1,3,Basic Materials,11716932.0,18653.15
ZHCLF,Zenith Capital Corp,0.05,4,4,5,0,5,4,4,26,-13.0,16.0,Broken,Avoid/exit,20,0.0,-9.1,-12.6,45.5,1,,Healthcare,7986591.0,7058.5
XIGMF,Xigem Technologies Corporation,0.05,9,6,11,6,3,2,4,41,-28.0,16.0,Broken,Avoid/exit,55,0.0,0.0,0.0,99.7,1,,Technology,3749799.0,1456.6
EGMCF,Emgold Mining Corporation,0.05,1,5,3,8,0,2,5,24,-8.0,16.0,Broken,Avoid/exit,29,-11.9,-18.9,-10.9,41.6,0,,Basic Materials,3412120.0,135982.07
ATMTF,Andrada Mining Limited,0.054,16,9,5,5,4,2,5,46,-30,16,Broken,Avoid/exit,55,9.4,9.4,7.2,76.9,3,,Basic Materials,119796880.0,5259.53
HAMRF,Silver Hammer Mining Corp,0.053,11,7,6,12,1,2,5,44,-28.0,16.0,Broken,Avoid/exit,37,-6.5,20.7,4.7,54.5,3,,Basic Materials,7964415.0,235996.62
ZBNIF,ZEB Nickel Corp,0.059,3,4,2,3,3,3,5,23,-10.0,16.0,Broken,Avoid/exit,18,0.0,-4.8,-4.9,44.9,0,,Basic Materials,3300278.0,661.55
MDWK,MDwerks Inc,0.061,5,7,4,0,3,7,2,28,-15.0,16.0,Broken,Avoid/exit,20,0.0,0.0,-3.4,40.2,1,,Financial Services,14378313.0,35873.8
SLTN,Silverton Energy Inc,0.062,4,8,2,5,3,2,2,26,-10.0,16.0,Broken,Avoid/exit,24,0.0,240.7,-8.3,47.8,2,,Financial Services,5973080.0,0.0
TSDRF,Tsodilo Resources Limited,0.07,1,3,2,8,3,2,2,21,-5.0,16.0,Broken,Avoid/exit,10,-22.2,-12.5,-14.4,36.0,1,,Basic Materials,4667527.0,7120.05
MGN,Megan Holdings Limited Ordinary Shares,0.07,5,4,2,4,2,0,2,19,-8.0,16.0,Broken,Avoid/exit,21,-22.7,-32.4,-32.6,28.4,0,,Industrials,2775000.0,7770707.14
BINI,"Bollinger Innovations, Inc.",0.08,7,12,5,9,4,0,5,42,-26.0,16.0,Broken,Avoid/exit,31,0.0,14.3,14.5,53.3,4,,Consumer Cyclical,40487.0,403321.38
GNSMF,Genius Metals Inc,0.089,3,8,1,5,5,2,2,26,-13.0,16.0,Broken,Avoid/exit,26,6.5,4.5,-0.7,48.5,1,,Basic Materials,16890188.0,16619.92
NEXNF,NEXE Innovations Inc,0.089,3,10,8,1,2,2,2,28,-15.0,16.0,Broken,Avoid/exit,24,2.3,-5.3,-4.1,41.4,2,,Consumer Cyclical,8891102.0,12667.91
GTREF,Live Energy Minerals Corp.,0.083,3,3,7,5,3,3,4,28,-15.0,16.0,Broken,Avoid/exit,26,0.0,0.0,-6.7,0.2,1,,Basic Materials,1514123.0,863.63
NOPFF,NOPFF,0.099,9,9,4,1,2,2,2,29,-13.0,16.0,Broken,Avoid/exit,25,9.8,2.2,-3.0,45.2,1,,nan,nan,0.0
BCTXZ,BriaCell Therapeutics Corp. Warrant,0.092,7,9,6,5,5,4,3,39,-23.0,16.0,Broken,Avoid/exit,34,-8.0,-8.0,-3.5,46.5,0,,nan,nan,61391.78
BRRN,Born Inc,0.121,3,9,1,8,3,2,2,28,-8.0,16.0,Broken,Avoid/exit,33,45.8,-32.8,-9.5,44.6,0,,Financial Services,37350000.0,311.77
MENEF,Mene Inc,0.119,2,8,4,6,0,2,2,24,-8.0,16.0,Broken,Avoid/exit,23,-1.1,0.6,-4.7,41.2,1,,Consumer Cyclical,31544510.0,39782.44
HLRTF,Hillcrest Energy Technologies Ltd,0.112,4,3,8,6,5,0,2,28,-15.0,16.0,Broken,Avoid/exit,33,-10.2,-5.7,-4.7,43.8,1,,Technology,22476522.0,136586.88
LPSIF,Legend Power Systems Inc,0.11,7,3,4,6,3,0,5,28,-15.0,16.0,Broken,Avoid/exit,54,-9.3,-14.4,-7.3,42.1,1,,Industrials,17059498.0,6708.69
SNTW,Summit Networks Inc,0.131,4,5,5,5,3,3,3,28,-15.0,16.0,Broken,Avoid/exit,23,0.0,0.0,-1.0,43.0,1,,Consumer Cyclical,9027427.0,1187.66
ABNAF,Aben Resources Ltd,0.131,8,12,2,5,5,3,2,37,-21.0,16.0,Broken,Avoid/exit,40,8.9,-3.2,-1.4,49.1,2,,Basic Materials,4550523.0,10686.12
EQMEF,Equity Metals Corporation,0.164,6,8,8,3,2,4,2,33,-15.0,16.0,Broken,Avoid/exit,20,-12.5,-8.0,-6.5,41.7,1,,Basic Materials,39935892.0,319554.38
LTCH,Latch Inc,0.18,12,10,4,7,5,3,2,43,-28.0,16.0,Broken,Avoid/exit,40,12.3,17.4,3.7,52.1,4,,Technology,24638672.0,55811.09
LMSQF,Latin Metals Inc,0.152,6,8,3,5,5,2,5,34,-18.0,16.0,Broken,Avoid/exit,25,-4.4,-1.2,-3.3,47.7,1,,Basic Materials,21012332.0,67045.42
MAUUF,Manhattan Uranium Discovery Corp.,0.199,1,12,6,1,3,4,2,29,-13.0,16.0,Broken,Avoid/exit,29,10.6,-8.3,-6.6,44.8,1,,Basic Materials,19946590.0,16793.62
IWSH,Wright Investors Service Holdings Inc,0.19,8,4,2,4,3,3,2,26,-15.0,16.0,Broken,🔥 COILED: Avoid/exit,31,0.0,-20.8,-3.7,47.1,1,,Financial Services,3917935.0,785.51
AMZE,Amaze Holdings Inc,0.187,17,5,1,7,2,2,5,39,-19,16,Broken,⚠️ EXHAUSTION RISK: Avoid/exit,38,103.3,103.3,31.8,57.5,3,9,Technology,1372652.0,1253015.19
PTAIF,PT Astra International Tbk,0.231,3,4,8,3,3,3,2,26,-10.0,16.0,Broken,Avoid/exit,22,0.0,0.0,-3.0,16.3,0,,Industrials,9238715392.0,0.0
NCAUF,Newcore Gold Ltd,0.221,4,12,3,0,3,2,3,27,-11.0,16.0,Broken,Avoid/exit,16,1.4,-1.8,-4.9,40.4,1,,Basic Materials,69099488.0,103151.01
RENGF,RENGF,0.23,1,3,2,10,3,0,2,21,-5.0,16.0,Broken,Avoid/exit,23,-8.0,-8.0,-9.0,38.3,1,,Basic Materials,9215923.0,2269.17
SPTY,Specificity Inc.,0.23,2,4,4,12,3,0,2,27,-11.0,16.0,Broken,Avoid/exit,41,-23.1,-23.3,-20.2,44.3,1,,Communication Services,4919415.0,40447.38
CMTNF,Cullinan Metals Corp.,0.276,4,4,9,3,6,0,2,28,-15.0,16.0,Broken,Avoid/exit,46,-4.7,-2.2,-6.9,40.9,1,,Basic Materials,2357725.0,1707.76
MCGAW,Yorkville Acquisition Corp.,0.26,1,14,1,1,3,2,2,24,-6.0,16.0,Broken,Avoid/exit,23,0.0,-3.7,-12.5,43.9,0,,nan,nan,18701.27
KCKSF,Keck Seng Investments (Hong Kong) Limited,0.3,7,3,11,6,3,2,4,36,-23.0,16.0,Broken,Avoid/exit,0,0.0,0.0,0.0,90.7,0,,Consumer Cyclical,102060008.0,0.0
WCHNF,West China Cement Limited,0.35,7,3,11,6,3,2,4,36,-23.0,16.0,Broken,Avoid/exit,45,0.0,0.0,0.0,96.1,0,,Basic Materials,1258567552.0,0.0
BMKDF,BioMark Diagnostics Inc,0.383,6,5,5,5,3,1,3,28,-15.0,16.0,Broken,Avoid/exit,42,0.0,-3.0,-1.3,43.2,1,,Healthcare,40205416.0,4144.48
EGRX,Eagle Pharmaceuticals Inc,0.37,5,3,1,5,6,4,2,26,-10.0,16.0,Broken,Avoid/exit,36,-15.9,-37.8,-26.6,17.1,0,,Healthcare,3289388.0,3355.62
JDNRF,Jayden Resources Inc.,0.396,15,4,7,10,3,2,5,46,-30,16,Broken,Avoid/exit,60,0.0,56.4,18.8,98.9,3,,Basic Materials,2317075.0,326.94
EVOXW,Evolution Global Acquisition Corp Warrants,0.37,1,10,0,4,4,0,2,21,-10.0,16.0,Broken,Avoid/exit,18,5.7,-6.3,-15.2,41.7,1,,nan,nan,0.0
SRAMF,Sisram Medical Ltd,0.438,3,4,1,6,0,3,4,21,-10.0,16.0,Broken,🔥 COILED: Avoid/exit,18,0.0,0.0,-3.8,46.4,0,,Healthcare,205298192.0,24.56
LTMCF,Lithium Chile Inc,0.401,3,7,7,3,2,2,5,29,-13.0,16.0,Broken,Avoid/exit,39,-3.2,-3.4,-2.2,43.2,1,,Basic Materials,89288984.0,20299.36
CLDHF,CapitaLand China Trust,0.49,4,4,1,2,3,3,4,21,-10.0,16.0,Broken,🔥 COILED: Avoid/exit,15,0.0,-1.0,-1.0,44.4,0,,Real Estate,861003648.0,83.88
MTBLY,Moatable Inc,0.47,13,7,5,7,3,5,5,45,-29.0,16.0,Broken,Avoid/exit,40,27.0,27.0,17.0,69.3,3,,Technology,8602819.0,2632.12
MMTMF,Monument Mining Limited,0.52,6,8,4,0,4,0,2,24,-8.0,16.0,Broken,Avoid/exit,22,-5.5,-3.7,-4.0,39.5,0,,Basic Materials,180033552.0,92886.34
SEGG,Lottery.com Inc.,0.56,0,3,6,8,2,4,2,25,-9.0,16.0,Broken,Avoid/exit,20,-15.4,-29.1,-26.3,30.0,1,,Consumer Cyclical,12774905.0,4492376.5
PINXF,The People's Insurance Company (Group) of China Limited,0.63,4,4,6,3,3,3,3,26,-10.0,16.0,Broken,Avoid/exit,28,0.0,0.0,-0.8,16.9,0,,Financial Services,29258592256.0,33451.8
PBTHF,PointsBet Holdings Limited,0.6,8,1,7,5,4,4,2,31,-15.0,16.0,Broken,Avoid/exit,29,-11.5,-11.5,-7.2,33.7,1,,Consumer Cyclical,208552208.0,869.5
ONMD,OneMedNet Corp.,0.642,6,4,6,9,2,2,2,31,-11.0,16.0,Broken,Avoid/exit,36,5.0,-15.0,-3.9,46.2,1,,Healthcare,36592076.0,2183006.6
AMPGZ,"Amplitech Group, Inc. Series B Right",0.68,1,7,3,9,2,0,2,24,-8.0,16.0,Broken,Avoid/exit,0,-46.0,-41.4,-37.7,40.2,0,,nan,nan,0.0
GLNDW,Greenland Energy Company Warrant,0.66,3,11,4,0,4,0,2,24,-8.0,16.0,Broken,Avoid/exit,0,-12.0,-5.8,-10.9,40.5,0,,nan,nan,0.0
XPL,Solitario Exploration & Royalty Corp,0.713,0,2,9,7,0,0,3,21,-5.0,16.0,Broken,Avoid/exit,24,-7.5,-7.5,-5.0,37.9,1,,Basic Materials,67939456.0,306073.45
NTNOF,Northern Ocean Ltd,0.82,10,6,7,5,6,1,4,39,-28.0,16.0,Broken,🔥 COILED: Avoid/exit,40,0.0,0.0,1.2,100.0,1,,Energy,356034432.0,620.0
TSKFF,Talisker Resources Ltd,0.802,7,10,7,3,2,2,2,33,-17.0,16.0,Broken,Avoid/exit,26,-0.8,3.0,-1.0,46.8,1,,Basic Materials,166889184.0,247180.63
ITVPF,ITV plc,0.93,3,3,3,2,3,7,2,23,-10.0,16.0,Broken,Avoid/exit,18,0.0,0.0,-5.2,4.6,0,,Communication Services,3478164992.0,0.0
SMRT,SmartRent Inc,0.995,6,12,3,0,4,2,2,29,-13.0,16.0,Broken,Avoid/exit,22,2.6,3.5,-1.8,42.5,2,,Technology,191873872.0,1334908.75
MSPXX,Morgan Stanley Institutional Liquidity Funds - Prime Portfolio,1.0,1,4,3,6,3,2,4,23,-10.0,16.0,Broken,Avoid/exit,24,-0.0,-0.0,-0.0,36.1,0,,nan,nan,0.0
PKBAF,PT Bakrie & Brothers Tbk,0.002,8,7,6,9,3,2,5,40,-25,15,Broken,Avoid/exit,15,566.7,566.7,25.8,49.8,2,3,Industrials,346840448.0,8.53
ARCNF,Arcane Crypto AB,0.002,8,6,7,4,3,1,4,33,-23.0,15.0,Broken,🔥 COILED: Avoid/exit,30,0.0,0.0,0.7,94.4,0,,Financial Services,29841384.0,11490.86
LTUS,Lotus Pharmaceuticals Inc,0.004,13,10,5,5,4,2,5,44,-29,15,Broken,Avoid/exit,37,33.3,122.2,28.7,67.3,4,,Financial Services,10445836.0,11225.34
PSYCF,Psyched Wellness Ltd,0.006,1,3,5,9,0,0,2,20,-5.0,15.0,Broken,Avoid/exit,17,-25.0,-14.3,-17.3,37.3,1,,Consumer Defensive,2714623.0,68421.67
SLDX,JMD Properties Inc,0.008,6,7,2,13,3,2,2,35,-20.0,15.0,Broken,Avoid/exit,30,0.0,58.8,3.7,49.2,3,,Healthcare,2430133.0,1592.69
EVKRF,Grid Battery Metals Inc.,0.01,0,3,3,8,2,2,2,20,-5.0,15.0,Broken,Avoid/exit,12,-15.0,-7.3,-14.1,41.3,1,,Basic Materials,2320569.0,201679.85
EMRH,Emerging Holdings Inc,0.011,2,1,0,8,3,2,2,18,-3.0,15.0,Broken,Avoid/exit,36,-40.1,-37.6,-36.2,10.4,0,,Basic Materials,2169711.0,1609.45
STTX,Stratex Oil & Gas,0.003,1,4,8,2,3,3,4,25,-15.0,15.0,Broken,🔥 COILED: Avoid/exit,29,0.0,0.0,-3.6,45.7,1,,Energy,387915.0,0.0
XELA,Exela Technologies Inc,0.005,4,8,4,10,3,2,2,33,-18.0,15.0,Broken,Avoid/exit,33,25.0,150.0,-11.7,48.1,3,,Technology,305261.0,2887.0
DDDX,3Dx Industries Inc,0.003,3,9,4,0,3,2,2,23,-6.0,15.0,Broken,Avoid/exit,16,8.0,8.0,-9.3,44.8,1,,Technology,264909.0,118869.98
RRRUF,R&R Real Estate Investment Trust,0.002,3,5,1,5,3,1,4,22,-10.0,15.0,Broken,Avoid/exit,33,0.0,0.0,-40.0,48.3,0,,Real Estate,100338.0,197.28
MGAM,Mobile Global Esports Inc.,0.001,4,12,3,0,3,2,4,28,-11.0,15.0,Broken,Avoid/exit,19,0.0,0.0,-20.0,41.8,1,,Communication Services,75457.0,827542.16
VRSEF,Verisante Technology Inc,0.001,7,5,3,0,3,3,4,25,-10.0,15.0,Broken,Avoid/exit,14,0.0,0.0,-12.2,35.0,0,,Healthcare,48331.0,1731.26
AIZZ,"AI Music Distribution, Inc.",0.004,9,4,0,5,0,2,2,22,-10.0,15.0,Broken,Avoid/exit,36,-40.0,-49.4,-62.1,44.2,0,,Communication Services,35960.0,9939.79
MPHYF,McPhy Energy S.A,0.001,9,6,10,6,3,2,4,40,-28.0,15.0,Broken,Avoid/exit,31,0.0,0.0,0.0,84.5,1,,Industrials,34327.0,473.09
XAKJ,XAKJ,0.012,18,5,3,4,1,2,5,38,-23,15,Broken,Avoid/exit,55,71.2,42.0,15.8,57.3,2,7,Financial Services,24881326.0,10013.99
KALMF,Kalgoorlie Gold Mining Limited,0.02,3,3,4,2,3,5,2,22,-10.0,15.0,Broken,Avoid/exit,22,0.0,0.0,-28.3,25.2,0,,Basic Materials,9117403.0,1052.92
ACMB,Agro Capital Management Corp,0.013,1,8,2,5,3,2,2,23,-6.0,15.0,Broken,Avoid/exit,25,4.8,-27.4,-29.3,37.8,1,,Industrials,5549187.0,107908.02
PUSOF,Pushfor Investments Inc,0.012,7,4,8,5,0,3,4,31,-15.0,15.0,Broken,Avoid/exit,28,0.0,0.0,-0.1,48.0,1,,Basic Materials,946331.0,340.13
EICCF,E Automotive Inc.,0.011,6,3,6,2,3,3,4,27,-15.0,15.0,Broken,Avoid/exit,28,0.0,0.0,-14.4,3.0,1,,Consumer Cyclical,663595.0,280.14
FSHRF,Feishang Anthracite Resources Limited,0.024,2,1,1,11,3,0,2,20,-5.0,15.0,Broken,Avoid/exit,44,-50.4,-50.4,-46.3,22.9,1,,Energy,32953628.0,7924.0
STJO,St. Joseph Inc,0.025,5,3,2,3,5,4,5,27,-15.0,15.0,Broken,Avoid/exit,40,-0.4,-0.4,-10.4,44.6,1,,Healthcare,1364729.0,4358.1
ENHD,Energroup Holdings Corp,0.021,8,11,4,6,4,2,5,40,-25,15,Broken,Avoid/exit,28,75.0,75.0,28.6,59.1,3,3,Financial Services,77369.0,2964.52
DQWS,DSwiss Inc,0.031,3,6,3,5,3,3,2,25,-10.0,15.0,Broken,Avoid/exit,15,0.0,0.0,-7.5,2.6,0,,Consumer Defensive,6476114.0,340.45
GPOX,GPO Plus Inc,0.04,2,4,0,8,2,2,2,20,-5.0,15.0,Broken,Avoid/exit,11,-7.0,-25.9,-18.5,35.6,1,,Consumer Defensive,3589395.0,165113.5
ZLSCF,ZYUS Life Sciences Corporation,0.04,3,4,1,5,3,3,4,23,-13.0,15.0,Broken,🔥 COILED: Avoid/exit,12,0.0,0.0,-26.0,46.6,1,,Healthcare,3220912.0,654.41
MFON,Mobivity Holdings,0.04,3,4,5,5,3,5,2,27,-15.0,15.0,Broken,Avoid/exit,23,0.0,0.0,-8.7,30.8,1,,Technology,2959063.0,21759.54
LUCYW,Innovative Eyewear Inc,0.04,1,10,0,5,5,0,2,23,-8.0,15.0,Broken,Avoid/exit,21,-28.6,-33.3,-23.1,43.5,0,,nan,nan,8669.63
SOHOF,SOHO China Limited,0.05,4,3,9,6,0,1,4,27,-15.0,15.0,Broken,Avoid/exit,19,0.0,0.0,-0.3,0.0,1,,Real Estate,327570016.0,205.27
UDOCF,Unidoc Health Corp,0.05,3,2,2,9,2,0,2,20,-5.0,15.0,Broken,Avoid/exit,14,-32.4,-32.4,-24.3,39.8,1,,Healthcare,4874036.0,16638.1
INIS,International Isotopes Inc,0.061,3,8,0,9,2,0,2,24,-9.0,15.0,Broken,Avoid/exit,28,-12.6,-12.6,-7.7,44.8,0,,Healthcare,32382778.0,60891.89
YNVYF,Ynvisible Interactive Inc,0.064,4,9,3,4,3,0,2,25,-13.0,15.0,Broken,Avoid/exit,29,0.6,0.6,1.7,50.1,2,,Technology,8961162.0,6008.89
ILLRW,Triller Group Inc. Warrant,0.071,13,12,5,2,6,7,2,47,-30.0,15.0,Broken,Avoid/exit,59,10.5,18.3,35.2,56.5,3,,nan,nan,0.0
PSGCF,Pinnacle Silver and Gold Corp.,0.073,4,6,9,0,3,5,3,30,-15.0,15.0,Broken,Avoid/exit,33,-5.4,-5.1,-3.4,43.1,1,,Basic Materials,11664693.0,23865.2
PGXPF,Pelangio Exploration Inc,0.09,3,11,5,2,3,2,2,28,-13.0,15.0,Broken,Avoid/exit,22,0.0,0.0,-1.3,46.8,1,,Basic Materials,20749826.0,57032.0
MTTAF,Meta Critical Minerals Inc.,0.091,3,10,3,6,4,2,2,30,-13.0,15.0,Broken,Avoid/exit,0,1.3,-15.4,-12.5,41.3,1,,Basic Materials,11756901.0,0.0
HDRSF,Highland Copper Company Inc,0.092,1,7,7,6,4,0,2,27,-10.0,15.0,Broken,Avoid/exit,26,-7.0,-9.7,-6.6,39.2,0,,Basic Materials,68041616.0,311904.38
EGFFX,EDGEWOOD GROWTH FUND RETAIL CLASS SHARES,0.1,3,6,4,4,0,5,3,25,-10.0,15.0,Broken,Avoid/exit,19,-0.3,-0.3,-45.1,7.3,0,,nan,0.0,0.0
CFSU,Complete Fin Solu,0.102,4,5,4,6,4,0,5,28,-13.0,15.0,Broken,Avoid/exit,29,-11.2,-6.9,-3.8,48.3,0,,Financial Services,100767992.0,19793.62
BIOF,Blue Biofuels Inc,0.107,3,10,2,6,5,0,2,28,-13.0,15.0,Broken,Avoid/exit,19,-0.9,1.9,-4.0,40.9,2,,Basic Materials,34341448.0,160146.2
REVVF,ReVolve Renewable Power Corp.,0.124,6,4,4,3,3,3,4,27,-15.0,15.0,Broken,Avoid/exit,21,0.0,0.0,-2.0,45.6,1,,Utilities,10410732.0,2164.7
ALHDF,ALHDF,0.126,3,3,8,5,3,1,4,27,-15.0,15.0,Broken,Avoid/exit,22,0.0,0.0,-1.3,0.0,1,,Technology,7227965.0,0.0
BNBX,"Applied DNA Sciences, Inc.",0.133,6,8,0,0,3,4,2,23,-6.0,15.0,Broken,Avoid/exit,22,21.2,2.5,-28.6,34.2,1,,Financial Services,935639.0,675950.48
NGMC,Next Generation Management Corp,0.1,3,7,8,4,0,4,4,30,-15.0,15.0,Broken,Avoid/exit,10,0.0,0.0,-17.5,13.9,1,,Financial Services,20000.0,128.82
TMET,iShares Transition-Enabling Metals ETF,0.11,3,10,2,3,3,2,5,28,-13.0,15.0,Broken,Avoid/exit,25,4.8,10.0,-90.1,44.9,1,,nan,nan,25313.25
YNGFF,Veris Gold Corp,0.168,5,8,3,5,3,3,3,30,-15.0,15.0,Broken,Avoid/exit,37,3.9,3.9,-0.5,42.6,1,,Financial Services,583671552.0,4005.58
ISVLF,IMPACT Silver Corp.,0.182,1,2,6,9,0,0,2,20,-5.0,15.0,Broken,Avoid/exit,20,-13.4,-9.1,-9.1,39.0,1,,Basic Materials,62191176.0,562459.34
ARRXF,Archer Materials Limited,0.176,4,13,2,0,3,4,2,28,-11.0,15.0,Broken,Avoid/exit,23,-1.7,0.1,-4.1,45.1,2,,Technology,49237900.0,52519.06
GRLMF,GRLMF,0.194,6,11,3,4,2,2,5,33,-18.0,15.0,Broken,Avoid/exit,22,-9.9,-15.7,-3.7,47.2,1,,Basic Materials,19245950.0,32056.62
WANSF,WANdisco plc,0.15,9,14,4,5,5,2,2,41,-22,15,Broken,Avoid/exit,36,160.9,160.9,48.9,59.9,3,6,Technology,9234730.0,8571.03
NHAWF,North Arrow Minerals Inc,0.171,5,9,3,8,4,2,2,33,-18.0,15.0,Broken,Avoid/exit,22,21.6,33.0,-0.6,44.2,3,,Basic Materials,7878746.0,2586.08
BLMH,Blum Holdings Inc,0.17,7,5,8,0,3,0,2,25,-10.0,15.0,Broken,Avoid/exit,17,-19.0,-10.5,-10.9,42.1,0,,Healthcare,5359898.0,7680.22
FVNNR,Future Vision II Acquisition Corporation Right,0.17,9,3,1,14,3,1,5,36,-21.0,15.0,Broken,Avoid/exit,53,-19.0,0.1,-4.7,49.4,0,,nan,nan,6309.4
SBXD-WT,SilverBox Corp IV WT,0.161,3,15,4,7,3,4,2,38,-23.0,15.0,Broken,Avoid/exit,31,33.7,18.1,11.5,51.1,3,,nan,nan,0.0
RAINW,"Rain Enhancement Technologies Holdco, Inc. Warrants",0.15,0,3,2,8,2,0,2,17,0.0,15.0,Broken,Avoid/exit,15,-23.1,-20.6,-18.5,31.2,1,,nan,nan,11505.12
LRRLF,Gorilla Gold Mines Ltd,0.2,3,6,1,5,0,3,4,22,-10.0,15.0,Broken,Avoid/exit,21,0.0,0.0,-3.6,35.4,0,,Basic Materials,146530608.0,755.41
FPOCF,FPX Nickel Corp,0.24,6,12,7,0,3,2,2,32,-15.0,15.0,Broken,Avoid/exit,14,0.0,-4.0,-4.5,39.9,1,,Basic Materials,75751704.0,35383.97
IXRRF,Ionic Rare Earths Limited,0.2,0,4,2,8,0,4,2,20,-5.0,15.0,Broken,Avoid/exit,27,-22.6,-25.6,-17.8,37.4,1,,Basic Materials,54612616.0,30723.43
DRRSF,Arianne Phosphate Inc,0.21,5,7,4,3,2,2,2,25,-10.0,15.0,Broken,Avoid/exit,38,0.0,-4.5,-6.3,35.1,0,,Basic Materials,49465300.0,211645.58
BNXTF,BioNxt Solutions Inc.,0.215,0,2,5,8,3,0,2,20,-5.0,15.0,Broken,Avoid/exit,8,-8.0,-14.0,-9.9,30.1,1,,Healthcare,29251858.0,5415.66
AIM,AIM ImmunoTech Inc,0.24,3,7,7,5,4,2,2,30,-15.0,15.0,Broken,Avoid/exit,17,-5.3,-7.0,-12.7,36.5,1,,Healthcare,6653818.0,10096996.28
CULTF,Cult Food Science Corp,0.221,5,9,6,1,3,4,2,30,-15.0,15.0,Broken,Avoid/exit,44,-5.6,-5.7,-9.7,41.5,1,,Consumer Defensive,545565.0,2418.06
VOBIF,Vobile Group Limited,0.261,3,6,1,4,3,3,2,22,-10.0,15.0,Broken,Avoid/exit,13,0.0,0.0,-5.8,33.2,0,,Technology,662680448.0,196.03
ZVLO,zvelo Inc,0.25,8,4,0,12,3,4,4,35,-16.0,15.0,Broken,Avoid/exit,48,-28.6,-37.5,-31.8,41.1,1,,Technology,35811524.0,1968.8
PHNMF,Phenom Resources Corp,0.26,11,8,4,3,0,2,2,30,-15.0,15.0,Broken,Avoid/exit,48,8.3,0.0,-2.6,46.0,1,,Basic Materials,31877472.0,139224.0
STBMF,St Barbara Limited,0.305,3,3,8,0,3,3,2,22,-10.0,15.0,Broken,Avoid/exit,15,0.0,0.0,-4.1,29.4,0,,Basic Materials,444446016.0,6244.97
HUMGF,Humm Group Limited,0.31,2,1,1,8,0,2,3,17,2.0,15.0,Broken,Avoid/exit,8,-10.8,-10.8,-10.9,38.3,0,,Financial Services,175467872.0,1553.0
FREDF,Fredonia Mining Inc,0.32,5,8,2,6,3,2,4,30,-15.0,15.0,Broken,Avoid/exit,36,0.0,4.0,-2.4,47.0,1,,Basic Materials,20752336.0,9409.47
GOCOQ,"GoHealth, Inc.",0.337,5,8,7,3,3,2,2,30,-15.0,15.0,Broken,Avoid/exit,23,0.0,-7.8,-6.8,38.5,1,,Financial Services,9874940.0,151589.8
MGAFF,Mega Uranium Ltd.,0.361,2,5,9,6,2,0,3,27,-10.0,15.0,Broken,Avoid/exit,23,-7.5,-2.5,-5.4,39.7,0,,Energy,142043232.0,143302.76
BCCOY,BICO Group AB (publ),0.369,1,3,1,7,3,3,2,20,-5.0,15.0,Broken,Avoid/exit,21,0.0,-26.2,-12.6,31.5,1,,Healthcare,104112088.0,681.19
CBRF,Cyberfuels Holding Company Inc.,0.38,0,5,0,7,4,0,2,18,-1.0,15.0,Broken,Avoid/exit,14,-11.6,-19.1,-15.8,38.8,0,,Industrials,38802648.0,29993.45
FSP,Franklin Street Properties Corp,0.48,7,12,5,0,4,2,2,32,-17.0,15.0,Broken,Avoid/exit,21,9.0,-0.0,-1.2,45.6,2,,Real Estate,49904816.0,610911.57
FLD,"Fold Holdings, Inc. Class A Common Stock",0.45,6,8,7,4,2,2,4,33,-16.0,15.0,Broken,Avoid/exit,19,-3.0,-2.2,-4.8,40.8,2,,Financial Services,22857586.0,812194.13
AICAF,Air China Limited,0.52,3,4,4,3,3,3,2,22,-10.0,15.0,Broken,Avoid/exit,21,0.0,0.0,-1.9,20.4,0,,Industrials,10656131072.0,1771.0
TYPMF,Tyro Payments Limited,0.526,2,4,1,5,3,3,4,22,-10.0,15.0,Broken,Avoid/exit,13,0.0,0.0,-0.7,46.2,0,,Technology,279960768.0,539.0
SOBR,Sobr Safe Inc,0.587,2,3,0,9,4,0,2,20,-5.0,15.0,Broken,Avoid/exit,20,1.6,-71.6,-23.5,44.8,1,,Technology,1688829.0,5478257.14
KIDZ,"Classover Holdings, Inc. Class B Common Stock",0.598,5,6,2,5,2,6,2,28,-13.0,15.0,Broken,Avoid/exit,25,4.3,0.4,-8.1,46.2,1,,Consumer Defensive,1228163.0,4623056.02
CNTX,Context Therapeutics Inc,0.617,3,13,6,3,3,2,5,35,-18.0,15.0,Broken,Avoid/exit,18,0.7,-2.1,-9.0,35.4,2,,Healthcare,56689452.0,1452570.89
CNUCF,Canuc Resources Corporation,0.6,7,4,4,3,6,2,4,30,-15.0,15.0,Broken,Avoid/exit,28,-3.2,-16.9,-5.2,47.6,1,,Energy,17507140.0,0.0
SASKF,Atha Energy Corp.,0.69,3,6,8,4,2,4,3,30,-13.0,15.0,Broken,Avoid/exit,45,-7.8,-8.3,-5.4,42.0,1,,Energy,239062624.0,118123.32
GEGYY,Genel Energy PLC ADR,0.69,2,4,4,5,3,8,4,30,-15.0,15.0,Broken,Avoid/exit,30,0.0,0.0,-0.4,1.2,1,,Energy,190143680.0,88.0
THXPF,Thor Explorations Ltd,0.742,3,7,9,1,2,0,3,25,-10.0,15.0,Broken,Avoid/exit,9,-7.5,0.3,-3.3,42.2,0,,Basic Materials,494597248.0,144958.74
KOOYF,Kootenay Silver Inc,0.83,4,10,6,4,4,0,2,30,-13.0,15.0,Broken,Avoid/exit,17,-7.7,-6.9,-5.0,40.7,2,,Basic Materials,85251952.0,224172.24
APXCF,Apex Critical Metals Corp.,1.0,6,9,5,6,4,4,2,36,-21.0,15.0,Broken,Avoid/exit,21,2.4,-4.8,-2.6,42.5,2,,Basic Materials,94120736.0,53531.85
TERS,Tersis Technologies Inc.,0.268,15,3,4,9,5,2,5,43,-28.8,14.2,Broken,Avoid/exit,61,-18.7,49.0,25.1,61.9,3,,Industrials,22251860.0,8685.79
ITHUF,iAnthus Capital Holdings Inc,0.004,13,6,6,8,0,2,2,37,-23.0,14.0,Broken,Avoid/exit,42,12.5,12.5,1.9,51.0,4,,Healthcare,34862756.0,311681.72
CKDXF,Opthea Ltd,0.01,6,3,6,3,3,1,4,26,-15.0,14.0,Broken,Avoid/exit,13,0.0,0.0,-51.5,0.0,1,,Healthcare,13679781.0,256.5
BRGX,"BioRegenx, Inc.",0.008,3,2,9,4,3,3,4,28,-10.0,14.0,Broken,Avoid/exit,24,-1.3,-1.3,-2.1,38.8,0,,Healthcare,7286813.0,26500.51
ABEPF,Vision Lithium Inc,0.008,3,8,5,3,3,0,5,27,-13.0,14.0,Broken,Avoid/exit,15,-14.8,1.4,-9.2,45.1,2,,Basic Materials,1963228.0,53612.55
BLIBQ,BB Liquidating Inc B,0.008,8,4,2,5,6,2,2,29,-15.0,14.0,Broken,Avoid/exit,36,0.0,-11.1,-4.0,45.0,1,,Communication Services,1754964.0,2610.96
FAGI,Full Alliance Group Inc,0.01,15,7,4,4,3,4,5,42,-28.0,14.0,Broken,Avoid/exit,28,-9.1,28.2,6.6,52.8,2,,Healthcare,1357885.0,165561.0
SKPO,Skye Petroleum Inc,0.003,13,4,7,8,1,0,5,38,-20.0,14.0,Broken,Avoid/exit,41,-3.2,15.4,3.4,57.1,3,,Energy,749878.0,46548.75
WRIT,WRIT Media Group Inc,0.001,4,3,9,0,3,3,2,24,-10.0,14.0,Broken,Avoid/exit,25,0.0,-7.1,-5.6,32.8,0,,Communication Services,594652.0,132104.65
JETR,Star Jets International Inc,0.004,4,5,6,5,3,1,4,28,-10.0,14.0,Broken,Avoid/exit,30,0.0,0.0,-1.7,44.3,0,,Industrials,414672.0,41991.17
PREC,Prestige Cars International Inc,0.008,14,3,6,2,0,1,5,31,-13.0,14.0,Broken,Avoid/exit,43,-4.5,-4.5,2.5,59.8,0,,Consumer Cyclical,348631.0,25056.13
PGTK,Pacific Green Technologies Inc,0.005,15,4,4,7,3,3,5,41,-27,14,Broken,Avoid/exit,37,455.6,455.6,122.0,99.9,3,3,Industrials,285228.0,142.74
MXLGF,MX Gold Corp,0.01,7,6,2,3,3,1,4,26,-15.0,14.0,Broken,Avoid/exit,19,0.0,0.0,-0.1,10.1,1,,Financial Services,242723.0,703.66
SBIG,SpringBig Holdings Inc.,0.005,0,4,0,13,0,0,2,19,-5.0,14.0,Broken,Avoid/exit,25,-23.3,-8.0,-18.4,42.9,2,,Technology,224419.0,148312.64
MOMT,MoneyOnMobile Inc,0.003,6,8,6,3,0,1,4,28,-13.0,14.0,Broken,Avoid/exit,11,0.0,0.0,-21.4,43.3,1,,Financial Services,12214.0,2055.24
IGTA,Inception Growth Acquisition Ltd,0.001,3,3,8,5,3,3,4,29,-15.0,14.0,Broken,Avoid/exit,17,0.0,0.0,-99.9,5.5,1,,Financial Services,2800.0,0.0
CREVF,Carbon Revolution Limited,0.001,4,3,9,2,3,1,4,26,-15.0,14.0,Broken,Avoid/exit,24,0.0,0.0,-41.0,22.1,1,,Consumer Cyclical,1927.0,183596.3
SABSW,SAB Biotherapeutics Inc,0.01,2,12,2,3,3,2,2,26,-10.0,14.0,Broken,Avoid/exit,9,-9.9,-44.1,-30.9,45.0,1,,nan,nan,32157.29
FRQND,"Frequency Holdings, Inc.",0.005,8,5,1,3,0,2,5,24,-10.0,14.0,Broken,Avoid/exit,43,0.0,-16.7,-31.3,47.6,0,,Technology,nan,47071.11
VSMR,Verify Smart Corp,0.018,3,5,6,0,3,5,2,24,-10.0,14.0,Broken,Avoid/exit,22,-0.6,0.0,-12.1,38.8,0,,Technology,10347898.0,8970.0
CHDHF,Ev Dynamics (Holdings) Limited,0.021,4,6,1,5,3,3,4,26,-15.0,14.0,Broken,Avoid/exit,17,0.0,0.0,-30.5,21.0,1,,Consumer Cyclical,6785166.0,266.0
SBLCF,SBLCF,0.011,15,4,6,13,1,0,5,44,-30,14,Broken,Avoid/exit,46,0.0,48.6,16.9,84.5,3,,Financial Services,2084557.0,50125.33
EMMA,Emmaus Life Sciences Inc,0.011,4,3,5,9,3,2,5,31,-13.0,14.0,Broken,Avoid/exit,30,-6.0,-4.3,-3.0,46.3,1,,Healthcare,772070.0,49375.32
ZAAGD,"Goliath National, Inc.",0.012,3,7,2,6,0,2,2,22,-8.0,14.0,Broken,Avoid/exit,35,-0.8,-42.6,-19.5,41.5,0,,Consumer Cyclical,80416.0,7649.6
CLGCF,Clarity Gold Corp,0.021,2,8,6,3,4,2,2,27,-13.0,14.0,Broken,Avoid/exit,24,5.0,-8.7,-4.6,46.5,2,,Basic Materials,1751947.0,28133.66
FAASF,DigiAsia Corp.,0.022,6,6,5,10,7,0,2,36,-20.0,14.0,Broken,Avoid/exit,0,-24.2,10.1,-17.3,44.0,3,,Technology,1699371.0,0.0
SRMMF,Sarama Resources Ltd,0.035,9,3,5,6,4,0,2,29,-15.0,14.0,Broken,Avoid/exit,49,0.0,-7.9,-1.2,50.7,1,,Basic Materials,18616568.0,11124.24
IFUS,Impact Fusion International Inc,0.031,4,5,4,8,2,2,2,27,-13.0,14.0,Broken,Avoid/exit,27,-10.9,-7.2,-9.8,43.0,1,,Communication Services,17773760.0,365439.41
BTUMF,BTU Metals Corp,0.036,7,4,6,2,3,3,4,29,-15.0,14.0,Broken,Avoid/exit,28,2.5,2.5,-0.8,48.1,1,,Basic Materials,6463946.0,6425.12
HVGDF,Harvest Gold Corporation,0.04,9,3,3,5,4,0,5,29,-15.0,14.0,Broken,Avoid/exit,23,-19.0,-19.0,-2.3,49.9,1,,Basic Materials,5005994.0,63020.05
DWAY,DriveItAway Inc,0.037,6,5,6,9,0,0,5,31,-20.0,14.0,Broken,Avoid/exit,26,-18.3,23.3,-1.2,48.5,3,,Industrials,5082625.0,22883.24
GSPRF,Golden Spike Resources Corp.,0.033,15,2,7,5,6,4,5,44,-30,14,Broken,Avoid/exit,54,-6.0,30.8,18.9,78.3,3,,Basic Materials,1924285.0,33082.78
NKOSF,Labrador Gold Corp,0.042,5,7,3,5,3,2,2,27,-13.0,14.0,Broken,Avoid/exit,31,10.5,0.0,0.3,49.0,1,,Basic Materials,7174019.0,41752.2
PMOMF,Prismo Metals Inc.,0.046,7,12,11,2,3,2,5,42,-28,14,Broken,Avoid/exit,25,13.3,11.4,8.9,55.2,4,,Basic Materials,4263818.0,35571.15
PMCCF,Peloton Minerals Corporation,0.06,3,6,8,1,0,3,3,24,-13.0,14.0,Broken,Avoid/exit,28,0.2,0.0,-1.3,42.4,1,,Basic Materials,9857425.0,18152.84
GNYPF,Masivo Silver Corp,0.06,0,2,5,8,2,0,2,19,-5.0,14.0,Broken,Avoid/exit,24,-6.0,-15.3,-7.9,33.0,1,,Basic Materials,4807207.0,80866.52
CAXPF,District Copper Corp,0.052,7,7,3,7,2,2,2,30,-16.0,14.0,Broken,Avoid/exit,32,-2.5,-9.6,-5.8,45.7,1,,Basic Materials,2202989.0,0.0
TTGXF,TTGXF,0.068,2,1,2,8,0,2,2,17,-3.0,14.0,Broken,Avoid/exit,21,-29.4,-29.4,-21.6,24.7,1,,Energy,3879144.0,11475.17
FVTI,Fortune Valley Treasures Inc,0.07,14,4,5,13,3,0,5,44,-30,14,Broken,Avoid/exit,51,0.0,16.0,6.6,100.0,3,,Consumer Defensive,1098983.0,101.58
ECLMF,Ecolomondo Corporation,0.077,4,4,1,3,3,3,4,22,-13.0,14.0,Broken,🔥 COILED: Avoid/exit,20,0.0,0.0,-1.6,47.0,1,,Industrials,17554294.0,2774.77
GWAYF,Greenway Greenhouse Cannabis Corporation,0.073,1,3,0,8,0,0,2,14,0.0,14.0,Broken,Avoid/exit,13,-2.3,-72.9,-38.7,37.8,0,,Healthcare,10600994.0,892.85
NICOF,NICO Resources Limited,0.08,3,6,3,5,3,7,2,29,-15.0,14.0,Broken,Avoid/exit,21,0.0,0.0,-12.3,0.1,1,,Basic Materials,10943544.0,47.57
TGGCF,TGGCF,0.08,13,15,4,2,3,4,5,46,-30,14,Broken,Avoid/exit,34,-2.0,19.3,2.9,51.7,3,,Basic Materials,6031863.0,0.0
NBLXF,NBLXF,0.071,6,5,1,10,0,1,5,28,-14.0,14.0,Broken,Avoid/exit,28,0.0,-6.6,-1.8,49.2,1,,Energy,5876603.0,69806.78
VGMIF,Visible Gold Mines Inc,0.09,4,4,5,3,3,3,2,24,-10.0,14.0,Broken,Avoid/exit,32,0.0,0.0,-7.8,29.3,0,,Basic Materials,3343965.0,775.48
LMPX,Lmp Automotive Holdings Inc,0.085,15,8,5,5,6,4,5,48,-30,14,Broken,Avoid/exit,58,6.2,20.7,12.2,85.7,3,,Consumer Cyclical,927245.0,0.0
MMMW,Mass Megawat Wind Pw,0.084,2,5,5,6,3,1,2,24,-15.0,14.0,Broken,🔥 COILED: Avoid/exit,30,0.0,0.0,-3.4,43.8,1,,Utilities,188232.0,1406.38
SEDA,SDCL EDGE Acquisition Corporation,0.095,11,12,3,2,4,3,5,40,-26.0,14.0,Broken,Avoid/exit,47,5.6,11.8,4.2,55.2,3,,Financial Services,115041912.0,3163933.0
EMUS,Electric Metals (USA) Limited,0.119,2,10,3,0,3,2,2,22,-8.0,14.0,Broken,Avoid/exit,7,-3.5,-12.0,-10.3,38.6,0,,Basic Materials,23983750.0,89764.38
OAMCF,OverActive Media Corp,0.108,3,10,5,0,3,3,2,26,-15.0,14.0,Broken,Avoid/exit,19,0.0,7.4,-3.1,40.1,1,,Communication Services,14095144.0,3333.21
BAGGF,Blende Silver Corp.,0.14,9,8,9,6,0,7,5,44,-30,14,Broken,Avoid/exit,44,-6.4,14.3,5.0,52.6,3,,Basic Materials,12312790.0,174309.29
ROIUF,Route1 Inc,0.102,17,4,5,5,6,2,5,44,-30,14,Broken,Avoid/exit,54,-4.9,11.3,3.0,60.6,3,,Technology,4345203.0,2990.0
CHHL,China Holdings Inc,0.102,5,10,1,4,4,2,3,29,-13.0,14.0,Broken,Avoid/exit,37,-4.7,1.0,-6.3,37.2,0,,Healthcare,1770799.0,3634750.5
LEEN,"Leopard Energy, Inc.",0.133,3,5,4,2,3,3,4,24,-15.0,14.0,Broken,🔥 COILED: Avoid/exit,25,0.0,0.0,-1.3,45.9,1,,Energy,169552.0,607.95
CETH,21shares Core Ethereum ETF,0.125,1,5,0,9,3,1,3,22,-8.0,14.0,Broken,Avoid/exit,44,-98.6,0.0,-85.1,48.1,0,,nan,nan,942312.02
NLLSF,Nel ASA,0.18,3,10,1,5,4,2,2,27,-13.0,14.0,Broken,Avoid/exit,22,-10.0,-18.2,-10.5,41.1,2,,Industrials,209536544.0,32891.62
ALLIF,Alpha Lithium Corporation,0.195,6,3,8,5,1,1,2,26,-15.0,14.0,Broken,Avoid/exit,30,-2.7,-4.0,-3.1,42.8,1,,Basic Materials,160300656.0,38036.42
SDRC,Sidney Resources Corp,0.165,7,15,4,2,3,4,5,40,-26,14,Broken,Avoid/exit,24,30.8,18.6,10.9,54.1,4,,Basic Materials,61957908.0,199459.2
FRECF,FRECF,0.188,1,5,2,6,3,2,5,24,-10.0,14.0,Broken,Avoid/exit,21,17.4,-4.7,-2.1,47.8,0,,nan,11070082.0,5956.41
DMCUF,Domestic Metals Corp.,0.158,1,5,1,6,3,4,2,22,-13.0,14.0,Broken,Avoid/exit,21,-15.0,-20.9,-12.6,36.1,2,,Basic Materials,10974365.0,77861.07
ROWKF,RenoWorks Software Inc,0.16,0,2,0,7,3,0,2,14,0.0,14.0,Broken,Avoid/exit,20,-40.7,-41.8,-30.2,28.9,0,,Technology,6538874.0,6715.81
AXVEF,CDN Maverick Capital Corp,0.152,1,4,4,5,6,7,2,29,-15.0,14.0,Broken,Avoid/exit,43,0.0,0.0,-2.1,38.7,1,,Basic Materials,3160311.0,593.38
BETRW,Better Home & Finance Holding Company,0.168,1,11,1,0,3,0,4,20,-6.0,14.0,Broken,Avoid/exit,24,-15.9,-21.0,-23.2,42.0,1,,nan,nan,39205.65
TNGZF,TNG Limited,0.2,2,4,6,3,3,6,5,29,-20.0,14.0,Broken,🔥 COILED: Avoid/exit,39,0.0,-13.2,-4.1,42.1,0,,Basic Materials,465194144.0,46047.91
GRSLF,GR Silver Mining Ltd,0.206,3,6,9,0,2,4,2,26,-15.0,14.0,Broken,Avoid/exit,22,-10.2,-3.5,-5.2,42.5,1,,Basic Materials,105891872.0,816295.61
IVDN,Innovative Designs,0.222,4,5,6,5,0,2,2,24,-10.0,14.0,Broken,Avoid/exit,21,-3.5,-12.9,-10.5,44.0,0,,Consumer Cyclical,9579796.0,26401.45
ENSC,Ensysce Biosciences Inc,0.253,0,2,7,9,4,0,2,24,-8.0,14.0,Broken,Avoid/exit,18,-11.0,-13.1,-7.5,39.4,1,,Healthcare,3884405.0,2746494.45
AVTGF,AVTGF,0.324,2,3,6,4,3,4,2,24,-10.0,14.0,Broken,Avoid/exit,12,-7.4,-8.2,-9.4,1.5,0,,nan,68599184.0,6715.83
MDSQF,Minsud Resources Corp,0.349,5,7,1,3,3,1,4,24,-15.0,14.0,Broken,🔥 COILED: Avoid/exit,20,0.0,0.0,-0.7,45.2,1,,Basic Materials,59074328.0,1083.46
AXINR,Axiom Intelligence Acquisition Corp 1 Right,0.336,3,11,2,0,6,2,2,26,-10.0,14.0,Broken,Avoid/exit,39,1.7,-8.6,-4.6,45.4,0,,nan,nan,0.0
BLZRW,Trailblazer Acquisition Corp. Warrant,0.333,2,4,1,7,0,0,2,16,0.0,14.0,Broken,Avoid/exit,17,-7.9,-22.6,-20.9,37.5,0,,nan,nan,0.0
AVTBF,Avant Brands Inc,0.39,10,6,6,3,3,4,2,34,-20.0,14.0,Broken,Avoid/exit,31,1.3,-6.0,-3.0,46.1,1,,Healthcare,5755578.0,10142.67
SNZZF,Senzime AB (publ),0.474,1,5,1,5,3,5,4,24,-15.0,14.0,Broken,🔥 COILED: Avoid/exit,26,0.0,0.0,-1.3,47.8,1,,Healthcare,93246360.0,4848.22
BBBXF,Brixton Metals Corporation,0.475,10,7,2,7,3,0,5,34,-20.0,14.0,Broken,Avoid/exit,35,-16.6,16.2,-1.2,48.8,3,,Basic Materials,35247212.0,94872.89
USSHF,Uniserve Communications Corporation,0.45,10,3,11,6,3,2,4,39,-28.0,14.0,Broken,Avoid/exit,47,0.0,0.0,0.0,87.4,1,,Communication Services,17970306.0,50.0
PLMKW,Plum Acquisition Corp. IV Warrants,0.45,2,7,6,6,3,0,3,27,-13.0,14.0,Broken,Avoid/exit,38,-6.2,-6.2,-3.6,45.3,0,,nan,nan,36960.94
CUCSF,China Communications Services Corporation Limited,0.535,2,1,3,5,3,6,4,24,-10.0,14.0,Broken,Avoid/exit,27,0.0,-0.9,-0.5,5.0,0,,Communication Services,3704588800.0,0.0
KRLCF,Kainantu Resources Ltd.,0.511,11,3,2,9,3,0,5,33,-19.0,14.0,Broken,Avoid/exit,53,-13.6,-8.4,1.4,54.5,1,,Basic Materials,12474579.0,19442.31
USPCY,China Strategic Technology Group Limited,0.578,3,3,6,4,3,3,4,26,-15.0,14.0,Broken,Avoid/exit,8,0.0,0.0,-5.1,0.0,1,,Industrials,47295912.0,26.0
MGNC,Mag Magna Corp.,0.55,3,9,7,10,3,2,2,36,-23.0,14.0,Broken,Avoid/exit,29,2.9,10.9,-5.5,42.5,4,,Consumer Defensive,8540976.0,25014.96
GPHOF,Graphite One Inc,0.601,5,13,3,0,4,2,2,29,-13.0,14.0,Broken,Avoid/exit,19,-6.1,0.2,-4.6,40.2,2,,Basic Materials,125589616.0,382472.5
RDHL,Redhill Biopharma Ltd,0.683,6,7,3,0,2,2,2,22,-8.0,14.0,Broken,Avoid/exit,20,-0.3,-8.1,-6.2,40.6,0,,Healthcare,4152052.0,511529.25
PNPNF,Power Nickel Inc.,0.72,5,6,9,2,2,2,3,29,-15.0,14.0,Broken,Avoid/exit,17,-3.9,-2.7,-4.3,41.0,1,,Basic Materials,185044048.0,273507.09
HUNGF,Huaneng Power International Inc,0.768,3,7,4,3,3,2,2,24,-10.0,14.0,Broken,Avoid/exit,44,9.2,9.2,-3.5,38.6,1,,Utilities,15601482752.0,0.0
LNDNF,Lundin Energy AB,0.75,5,4,3,5,3,7,2,29,-15.0,14.0,Broken,Avoid/exit,31,0.0,0.0,-3.1,0.5,1,,Utilities,214428896.0,195.38
INVLW,"Innventure, Inc.",0.79,3,6,1,6,2,6,2,26,-10.0,14.0,Broken,Avoid/exit,15,-16.4,-21.8,-25.2,39.8,0,,nan,nan,13528.46
HOKCY,Hong Kong and China Gas Co Ltd ADR,0.8,7,11,2,6,2,2,5,35,-21.0,14.0,Broken,Avoid/exit,29,3.9,3.8,-2.7,47.9,0,,Utilities,14927896576.0,14391.79
FOMNF,Forte Minerals Corp.,0.811,3,4,6,5,3,3,2,26,-15.0,14.0,Broken,Avoid/exit,36,0.0,0.0,-1.7,18.4,1,,Basic Materials,63428064.0,2408.56
GROY-WT,Gold Royalty Corp,0.85,2,6,6,1,2,2,2,21,-10.0,14.0,Broken,Avoid/exit,12,-4.9,-5.6,-9.1,40.7,0,,nan,nan,34276.92
AIRXX,AIM Investment Securities Funds (Invesco Investment Securities Funds) - Government Money Market Fund,1.0,1,5,3,5,3,0,2,19,-10.0,14.0,Broken,🔥 COILED: Avoid/exit,25,0.0,0.0,-34.6,46.3,0,,nan,nan,0.0
TOYWF,TOYWF,0.96,3,5,6,6,0,2,2,24,-10.0,14.0,Broken,Avoid/exit,28,-8.7,-25.0,-29.7,37.3,0,,nan,nan,0.0
TXTM,Protext Mobility Inc,0.004,3,7,2,5,4,2,2,25,-10.0,13.0,Broken,Avoid/exit,15,-4.8,0.0,-8.9,37.4,0,,Healthcare,34901152.0,11182595.77
RDPTF,Radiopharm Theranostics Limited,0.01,3,6,1,5,3,3,4,25,-15.0,13.0,Broken,Avoid/exit,17,0.0,0.0,-11.3,35.5,1,,Healthcare,23649494.0,1425.0
STBEF,Starbreeze AB (publ),0.005,3,4,6,2,3,3,4,25,-15.0,13.0,Broken,Avoid/exit,7,0.0,0.0,-22.9,0.0,1,,Communication Services,8122191.0,5.75
CREQF,China Rare Earth Holdings Limited,0.001,6,3,6,2,3,1,4,25,-15.0,13.0,Broken,Avoid/exit,19,0.0,0.0,-58.4,25.4,1,,Basic Materials,3069495.0,5244.81
LBRG,Ladybug Resource Group Inc,0.008,10,8,4,3,2,0,2,29,-16.0,13.0,Broken,Avoid/exit,52,-13.8,-1.2,-2.9,49.6,0,,Healthcare,2707842.0,316520.32
ALTPF,Altiplano Metals Inc,0.01,0,5,2,9,3,0,2,21,-8.0,13.0,Broken,Avoid/exit,5,-14.2,-26.4,-19.0,29.4,2,,Basic Materials,2485865.0,44629.78
SSHT,Wireless Data Solutions Inc,0.009,1,5,3,2,3,4,2,20,-10.0,13.0,Broken,Avoid/exit,27,-13.0,-25.6,-5.9,47.1,0,,Industrials,1608660.0,120013.72
AOXG,Aoxing Pharmaceutical Company Inc,0.004,3,3,8,1,3,3,2,23,-10.0,13.0,Broken,Avoid/exit,23,0.0,0.0,-3.7,37.0,0,,Financial Services,1334232.0,31488.63
NIHK,Video River Networks,0.002,5,4,5,0,3,4,2,23,-10.0,13.0,Broken,Avoid/exit,16,0.0,-16.0,-7.4,35.7,0,,Financial Services,382978.0,78511.72
RDCT,"Redacted Industries, Inc.",0.01,6,5,8,0,3,3,2,27,-10.0,13.0,Broken,Avoid/exit,17,-1.0,0.0,-4.2,38.9,0,,Communication Services,76508.0,56473.2
GRLF,Green Leaf Innovations Inc,0.008,6,8,7,2,0,6,5,34,-21.0,13.0,Broken,Avoid/exit,21,64.0,86.4,0.4,48.5,2,9,Consumer Defensive,61229.0,28589130.43
FCIC,FCCC Inc,0.001,4,3,5,4,3,2,4,25,-15.0,13.0,Broken,Avoid/exit,14,0.0,0.0,-2.0,1.7,1,,Financial Services,6922.0,117.5
RNGG,Reno Gold Corporation,0.005,8,6,3,9,8,2,5,41,-28.0,13.0,Broken,Avoid/exit,31,32.4,11.4,12.0,57.6,3,,Basic Materials,2754.0,2791.73
HUMAW,Humacyte Inc,0.009,5,6,7,6,4,2,3,33,-18.0,13.0,Broken,Avoid/exit,13,-9.0,0.0,-24.6,37.6,1,,nan,nan,20620.29
CANN,General Cannabis Corp,0.019,5,9,0,6,5,0,3,28,-15.0,13.0,Broken,Avoid/exit,23,-17.8,-35.3,-15.9,43.5,1,,Healthcare,2232828.0,135006.3
HAUP,Hauppauge Digital OTC,0.011,1,3,0,11,0,1,2,18,-5.0,13.0,Broken,Avoid/exit,20,0.0,6.8,-7.7,33.9,1,,Technology,111345.0,1662.48
BLEGD,BLEGD,0.015,6,4,1,3,3,4,2,23,-13.0,13.0,Broken,Avoid/exit,41,7.9,-18.4,-12.4,47.7,1,,nan,18529.0,17753.52
ONFOW,Onfolio Holdings Inc. Warrant,0.012,3,4,0,6,2,6,2,23,-8.0,13.0,Broken,Avoid/exit,10,-3.4,-14.2,-44.3,41.6,1,,nan,nan,30230.52
CCGWW,Cheche Group Inc. Warrant,0.019,13,9,2,2,5,5,2,38,-30.0,13.0,Broken,🔥 COILED: Avoid/exit,38,35.7,35.7,4.9,51.5,2,,nan,nan,3910.39
FHELF,First Helium Inc,0.023,7,13,5,5,4,2,5,41,-28,13,Broken,Avoid/exit,24,16.2,11.7,5.3,52.1,4,,Basic Materials,4881175.0,145733.2
QMCQF,QMC Quantum Minerals Corp,0.023,4,6,6,3,0,2,2,23,-10.0,13.0,Broken,Avoid/exit,16,0.0,-4.2,-4.8,45.7,0,,Basic Materials,2729248.0,20616.12
TRDX,Trend Exploration I,0.021,1,5,2,5,3,5,2,23,-15.0,13.0,Broken,🔥 COILED: Avoid/exit,25,0.0,0.0,-6.5,40.3,1,,Basic Materials,404618.0,1392.13
IDYLF,Imaging Dynamics Company Ltd,0.024,9,6,11,6,0,2,4,38,-28.0,13.0,Broken,Avoid/exit,45,0.0,0.0,0.0,100.0,1,,Healthcare,242861.0,42.41
BQHG,BQHG,0.023,3,7,2,2,3,2,2,21,-8.0,13.0,Broken,Avoid/exit,15,14.4,-54.1,-42.5,37.1,1,,Financial Services,135012.0,389.01
SEATW,Vivid Seats Inc. Warrant,0.026,3,4,5,0,3,3,2,20,-10.0,13.0,Broken,Avoid/exit,11,0.0,0.0,-13.6,31.0,0,,nan,nan,4980.64
BLSTF,Blackstone Minerals Ltd,0.034,4,4,5,2,6,2,2,25,-15.0,13.0,Broken,Avoid/exit,53,0.0,-11.3,-6.7,42.4,1,,Basic Materials,59225104.0,21514.09
BTKRF,Black Tusk Resources Inc,0.033,7,8,2,7,0,7,4,35,-20.0,13.0,Broken,Avoid/exit,20,-15.8,36.9,-1.6,48.6,3,,Basic Materials,4273442.0,38462.0
TDSGF,Telo Genomics Corp,0.031,9,4,3,5,0,2,5,28,-15.0,13.0,Broken,Avoid/exit,17,-6.1,3.3,0.2,49.5,1,,Healthcare,3113344.0,7686.0
CRSTF,Crest Resources Inc,0.037,3,4,1,5,3,5,2,23,-10.0,13.0,Broken,Avoid/exit,27,0.0,0.0,-14.5,27.5,0,,Basic Materials,1413596.0,206.87
QDROF,Quadro Resources Ltd,0.032,7,4,3,6,3,3,2,28,-15.0,13.0,Broken,Avoid/exit,26,-2.8,-2.8,-3.4,46.8,1,,Basic Materials,1317162.0,1567.74
MRIRF,BMEX Gold Inc,0.034,3,6,1,5,3,3,4,25,-15.0,13.0,Broken,Avoid/exit,21,0.0,0.0,-13.2,33.3,1,,Basic Materials,569836.0,164.82
AMYZF,American Manganese Inc,0.042,1,6,4,6,2,2,2,23,-8.0,13.0,Broken,Avoid/exit,23,4.2,-13.1,-5.6,41.0,1,,Basic Materials,10877753.0,195017.61
TNTMF,Transition Metals Corp,0.042,4,1,9,6,0,2,3,25,-8.0,13.0,Broken,Avoid/exit,26,-8.9,-8.9,-9.5,38.4,0,,Basic Materials,3899064.0,12873.88
ELST,Electronic Systems Technology Inc,0.05,8,3,8,4,0,1,4,28,-18.0,13.0,Broken,Avoid/exit,35,0.0,0.0,0.0,76.5,1,,Technology,247325.0,379.36
SMNLF,SMNLF,0.06,3,4,4,2,3,5,2,23,-10.0,13.0,Broken,Avoid/exit,0,0.0,0.0,-2.6,34.8,0,,Basic Materials,169126560.0,0.0
VRDR,Verde Resources Inc,0.059,1,6,3,5,4,2,2,23,-8.0,13.0,Broken,Avoid/exit,27,-4.8,-21.9,-12.4,39.1,0,,Basic Materials,74267720.0,82426.34
CVUEF,ClearVue Technologies Limited,0.06,3,5,5,5,3,3,4,28,-15.0,13.0,Broken,Avoid/exit,12,0.0,0.0,-5.3,39.0,1,,Technology,21840336.0,3745.65
RMESF,Red Metal Resources Ltd,0.064,13,4,5,8,4,4,5,43,-30,13,Broken,Avoid/exit,47,0.0,156.0,29.6,84.0,3,,Basic Materials,13376586.0,1511.44
PURE,Pure Bioscience Inc,0.07,14,7,3,6,5,2,5,42,-30.0,13.0,Broken,Avoid/exit,39,0.0,16.7,2.7,51.9,3,,Consumer Defensive,9101230.0,37615.98
CELV,Preferred Commerce Inc,0.061,7,3,4,9,3,2,5,33,-20.0,13.0,Broken,Avoid/exit,31,-20.8,17.3,-4.9,47.1,3,,Consumer Defensive,8314825.0,37703.59
EESE,Energy and Environmental Services Inc,0.07,1,1,1,8,3,2,2,18,-5.0,13.0,Broken,Avoid/exit,25,-22.2,-22.2,-15.3,17.7,1,,Basic Materials,3775757.0,9215.01
FRFLF,FRNT Financial Inc.,0.07,0,1,3,8,4,0,2,18,-5.0,13.0,Broken,Avoid/exit,23,-14.2,-14.2,-8.8,34.4,2,,Financial Services,2978213.0,2623.16
RMTG,Regenerative Medical Technology Group Inc.,0.064,12,5,1,13,3,2,5,41,-28.0,13.0,Broken,Avoid/exit,52,-29.3,23.0,-7.1,50.1,3,,Healthcare,835638.0,30841.25
GMBL,Esports Entertainment Group Inc,0.065,0,2,1,8,0,0,2,13,0.0,13.0,Broken,Avoid/exit,15,-27.8,-27.8,-29.6,39.4,0,,Consumer Cyclical,74488.0,2458.31
TMASF,Temas Resources Corp,0.076,6,15,4,0,3,2,2,32,-19.0,13.0,Broken,Avoid/exit,24,6.6,2.3,3.0,50.0,1,,Basic Materials,7569923.0,27042.7
GSGTF,GenSight Biologics S.A,0.09,6,3,6,3,0,3,4,25,-15.0,13.0,Broken,Avoid/exit,10,0.0,0.0,-5.2,0.0,1,,Healthcare,21102640.0,39.8
MRPMF,Marco Polo Marine Ltd.,0.1,3,4,3,5,0,3,2,20,-10.0,13.0,Broken,Avoid/exit,46,0.0,0.0,-4.2,33.7,0,,Industrials,391414816.0,5028.09
PVGDF,Provenance Gold Corp,0.112,4,13,5,0,4,2,2,30,-15.0,13.0,Broken,Avoid/exit,16,1.8,-10.0,-3.5,42.0,1,,Basic Materials,20849044.0,180241.48
GMGZ,Genuine Marketing Group Inc.,0.131,3,6,3,1,4,4,2,23,-10.0,13.0,Broken,Avoid/exit,20,0.8,0.8,-6.3,10.4,1,,Communication Services,12809930.0,885.54
MBCOF,Marvel Biosciences Corp.,0.108,4,8,5,3,0,2,4,26,-13.0,13.0,Broken,Avoid/exit,34,-6.1,-1.5,-3.5,45.5,2,,Healthcare,7544374.0,20154.35
NLIBF,NOA Lithium Brines Inc.,0.168,1,3,4,5,3,5,2,23,-10.0,13.0,Broken,Avoid/exit,25,0.4,0.4,-3.2,34.9,0,,Basic Materials,47531120.0,7824.56
STLNF,Stallion Discoveries Corp.,0.16,5,9,3,3,2,2,5,29,-16.0,13.0,Broken,Avoid/exit,15,0.3,-12.4,-4.5,45.6,1,,Basic Materials,23681904.0,44060.04
DGNOF,DIAGNOS Inc,0.192,12,8,2,5,3,2,5,37,-24.0,13.0,Broken,Avoid/exit,40,20.0,6.7,12.1,60.3,2,,Healthcare,24082510.0,108117.3
WYGC,WYGC,0.16,7,6,5,2,3,3,2,28,-15.0,13.0,Broken,Avoid/exit,16,0.0,0.0,-3.7,40.0,1,,Consumer Defensive,13217660.0,1609.5
CURX,Curanex Pharmaceuticals Inc Common Stock,0.194,3,12,3,0,4,2,2,26,-13.0,13.0,Broken,Avoid/exit,21,-4.6,-10.0,-10.6,33.2,1,,Healthcare,5486781.0,1490366.01
PEMIF,Pure Energy Minerals Limited,0.155,3,10,3,2,3,0,5,26,-13.0,13.0,Broken,Avoid/exit,18,-3.0,-21.0,-1.5,48.3,2,,Basic Materials,5261784.0,24325.93
FDXTF,FendX Technologies Inc.,0.185,10,14,8,5,4,2,2,45,-28,13,Broken,Avoid/exit,33,27.4,18.2,12.3,56.3,4,,Basic Materials,1727929.0,2537.04
SUND,Sundance Strategies Inc,0.2,6,3,7,3,0,2,4,25,-15.0,13.0,Broken,Avoid/exit,13,0.0,0.0,-2.5,23.9,1,,Financial Services,8612688.0,0.0
BRQL,brooqLy Inc.,0.211,1,6,7,5,3,2,2,26,-13.0,13.0,Broken,Avoid/exit,27,-3.9,-13.7,-6.3,39.4,2,,Industrials,6328684.0,13699.83
IZM,ICZOOM Group Inc. Class A Ordinary Shares,0.239,1,5,2,9,2,0,2,21,-8.0,13.0,Broken,Avoid/exit,21,-15.5,-24.1,-18.8,37.2,0,,Technology,2872328.0,1011638.06
SLVRF,Silver One Resources Inc,0.274,6,11,8,6,2,1,5,39,-26.0,13.0,Broken,Avoid/exit,27,-6.8,1.1,-1.8,46.3,1,,Basic Materials,96729488.0,430125.82
TPET,Trio Petroleum Corp.,0.288,2,9,7,5,3,0,2,28,-13.0,13.0,Broken,Avoid/exit,15,-8.6,-8.6,-6.0,42.6,1,,Energy,12749089.0,13002353.68
STME,STME,0.28,3,9,6,2,3,3,2,28,-15.0,13.0,Broken,Avoid/exit,34,1.4,1.4,-2.6,33.8,2,,Healthcare,5834991.0,1777.5
SNBH,Sentient Brands Holdings Inc,0.284,8,12,5,3,8,0,2,38,-21.0,13.0,Broken,Avoid/exit,57,-5.3,-18.9,-4.0,47.6,1,,Consumer Defensive,995568.0,2648.44
LMRXF,Laramide Resources Ltd.,0.345,3,5,5,4,0,6,2,25,-15.0,13.0,Broken,Avoid/exit,13,-4.2,-1.4,-6.6,33.2,1,,Energy,98120240.0,74664.71
HHEXF,HHEXF,0.325,2,6,3,6,4,0,2,23,-10.0,13.0,Broken,Avoid/exit,16,-9.7,-7.1,-8.7,38.5,0,,nan,nan,28769.85
AZASF,Arizona Silver Exploration Inc,0.389,0,1,5,7,0,2,2,17,-5.0,13.0,Broken,Avoid/exit,18,-7.4,-12.6,-7.5,37.5,1,,Basic Materials,44399036.0,80877.97
HZEN,Zencash Investment Trust,0.415,1,7,2,2,4,2,2,20,-8.0,13.0,Broken,Avoid/exit,20,-13.5,-17.0,-14.4,34.6,0,,nan,nan,92398.91
CAWW,CCA Industries Inc,0.45,4,5,0,5,7,0,2,23,-10.0,13.0,Broken,Avoid/exit,22,-10.0,0.0,-5.0,40.1,0,,Consumer Defensive,3402757.0,2988.5
ERDLF,EROAD Limited,0.571,5,3,4,4,3,2,4,25,-15.0,13.0,Broken,Avoid/exit,17,0.0,0.0,-0.0,0.0,1,,Technology,107332296.0,26.5
GELS,Gelteq Limited Ordinary Shares,0.576,7,6,2,9,2,0,2,28,-15.0,13.0,Broken,Avoid/exit,23,-15.2,8.6,-8.6,45.3,2,,Healthcare,6166356.0,1782921.11
MVO,MV Oil Trust,0.6,3,9,2,0,3,2,2,21,-8.0,13.0,Broken,Avoid/exit,6,-1.6,-4.8,-26.4,26.7,0,,Energy,6848250.0,367841.5
ACCFF,Accord Financial Corp,0.607,7,3,5,2,3,1,4,25,-15.0,13.0,Broken,Avoid/exit,22,0.0,0.0,-0.8,4.1,1,,Financial Services,5194404.0,148.5
LFACW,Leapfrog Acquisition Corporation Warrants,0.609,8,10,1,5,3,0,2,29,-16.0,13.0,Broken,Avoid/exit,0,36.7,2.4,-2.2,49.8,1,,nan,1930174.0,0.0
BLCAF,BLCAF,0.682,3,4,3,5,3,3,2,23,-10.0,13.0,Broken,Avoid/exit,21,0.0,0.0,-4.3,36.7,0,,nan,496786592.0,0.0
BKRRF,Blackrock Silver Corp,0.65,5,7,7,2,2,0,5,28,-15.0,13.0,Broken,Avoid/exit,24,-9.2,-5.1,-4.3,43.3,1,,Basic Materials,243931552.0,902401.59
AXREF,Amarc Resources Ltd,0.656,5,7,7,0,0,0,4,23,-10.0,13.0,Broken,Avoid/exit,34,-7.5,-2.0,-2.8,45.7,0,,Basic Materials,147937712.0,77518.03
TRCTF,Traction Uranium Corp,0.673,8,10,3,0,3,2,2,28,-15.0,13.0,Broken,Avoid/exit,49,11.4,-2.6,-10.1,35.5,2,,Basic Materials,6119868.0,2822.23
TOFB,Tofutti Brands,0.65,2,5,3,5,5,1,4,25,-15.0,13.0,Broken,Avoid/exit,32,0.0,0.0,-1.6,44.8,1,,Consumer Defensive,3349908.0,1015.21
ESLA,Estrella Immunopharma Inc.,0.779,3,11,4,3,3,2,2,28,-13.0,13.0,Broken,Avoid/exit,20,2.4,0.9,-7.4,38.7,2,,Healthcare,33527968.0,165819.98
TRLC,TriLinc Global Impact Fund LLC,0.8,6,3,6,3,0,3,4,25,-15.0,13.0,Broken,Avoid/exit,12,0.0,0.0,-1.6,0.0,1,,Financial Services,38221928.0,444.34
OGI,OrganiGram Holdings Inc,0.93,6,9,5,2,2,2,2,28,-15.0,13.0,Broken,Avoid/exit,17,1.4,5.0,-1.7,43.0,2,,Healthcare,130920776.0,752372.02
BLNE,"Beeline Holdings, Inc.",0.948,6,6,5,0,2,2,2,23,-10.0,13.0,Broken,Avoid/exit,23,0.5,-10.6,-7.5,39.2,1,,Financial Services,31124460.0,751869.13
HELFY,HelloFresh SE,0.98,4,12,2,3,3,0,2,26,-13.0,13.0,Broken,Avoid/exit,24,0.3,1.1,-2.5,44.2,2,,Consumer Cyclical,561900992.0,9953.62
PFSA,"Profusa, Inc. Common Stock",0.991,10,3,2,5,5,0,5,30,-15.0,13.0,Broken,Avoid/exit,35,-47.8,-47.6,-29.8,43.3,1,,Healthcare,525230.0,162099.93
MAVXX,Morgan Stanley Institutional Liquidity Funds - Prime Portfolio,1.0,2,2,4,6,3,2,4,23,-10.0,13.0,Broken,Avoid/exit,26,-0.0,-0.0,-0.0,29.2,0,,nan,nan,0.0
MPEXX,Morgan Stanley Institutional Liquidity Funds - Prime Portfolio,1.0,2,2,4,6,3,2,4,23,-10.0,13.0,Broken,Avoid/exit,23,-0.0,-0.0,-0.0,24.5,0,,nan,nan,0.0
ANDMF,Andromeda Metals Limited,0.005,0,5,0,7,3,0,2,17,-5.0,12.0,Broken,Avoid/exit,10,-39.7,-39.7,-28.9,34.3,1,,Basic Materials,21962248.0,6905.44
NWIFF,Nuinsco Resources Limited,0.003,5,4,6,0,3,2,2,22,-10.0,12.0,Broken,Avoid/exit,18,-8.3,-8.3,-21.0,39.4,0,,Basic Materials,2773915.0,53693.93
SVUHF,SRIVARU Holding Limited,0.01,1,4,8,5,3,2,2,25,-13.0,12.0,Broken,Avoid/exit,24,-23.1,-23.1,-20.2,40.0,1,,Consumer Cyclical,2553599.0,19736.94
CAPT,Captivision Inc,0.007,6,10,5,10,5,2,2,40,-28,12,Broken,Avoid/exit,20,32.1,100.0,12.7,47.9,4,,Basic Materials,2009240.0,1588455.27
LICH,LiveChain Inc,0.007,7,3,3,2,4,0,5,24,-15.0,12.0,Broken,Avoid/exit,25,-5.3,-20.2,-3.3,48.3,1,,Financial Services,1346475.0,31889.77
SETO,Seto Holdings Inc,0.008,1,2,3,4,3,2,4,19,-10.0,12.0,Broken,Avoid/exit,32,0.0,-40.7,-21.4,34.5,0,,Financial Services,1171962.0,8333.94
LNGNF,LNG Energy Group Corp.,0.005,3,4,8,4,3,3,2,27,-15.0,12.0,Broken,Avoid/exit,24,0.0,0.0,-13.6,37.4,1,,Energy,794334.0,77060.36
ZENVF,Zenvia Inc.,0.005,1,7,0,5,3,2,2,20,-8.0,12.0,Broken,Avoid/exit,0,-16.7,-83.3,-85.7,26.9,0,,Technology,262836.0,0.0
MNTSW,Momentus Inc,0.011,3,9,2,5,4,2,2,27,-13.0,12.0,Broken,Avoid/exit,20,17.6,4.9,-17.0,43.5,2,,nan,nan,317971.44
NEWH,Newhydrogen Inc,0.017,7,13,3,2,3,2,5,35,-21.0,12.0,Broken,Avoid/exit,20,17.4,11.9,6.9,52.7,3,,Industrials,11053760.0,2151680.2
GORAF,Goldrea Resources Corp,0.012,4,4,0,4,0,3,2,17,-8.0,12.0,Broken,Avoid/exit,10,-16.3,-69.4,-26.7,46.7,0,,Basic Materials,1908098.0,23205.2
PORCF,PORCF,0.011,3,7,2,5,0,1,4,22,-15.0,12.0,Broken,🔥 COILED: Avoid/exit,19,0.0,0.0,-7.3,45.0,1,,Basic Materials,365404.0,3941.54
SES-WT,SES AI Corporation WT,0.011,1,10,1,2,3,0,2,19,-8.0,12.0,Broken,Avoid/exit,19,-44.0,-55.2,-48.4,36.3,0,,nan,nan,32167.19
PHCLF,Pure Hydrogen Corporation Limited,0.025,1,3,1,7,0,3,2,17,-5.0,12.0,Broken,Avoid/exit,25,0.0,0.0,-26.7,25.6,1,,Energy,10163383.0,3201.4
BITTF,Bitterroot Resources Ltd,0.024,4,6,8,6,0,0,5,29,-13.0,12.0,Broken,Avoid/exit,25,-2.4,-3.2,-3.1,44.2,0,,Basic Materials,3105707.0,47861.71
SXTPW,"60 Degrees Pharmaceuticals, Inc. Warrant",0.031,7,6,1,2,0,4,2,22,-10.0,12.0,Broken,Avoid/exit,31,5.5,3.0,-8.7,46.1,0,,Healthcare,nan,7460.08
TEBAF,TEBAF,0.022,0,2,1,7,0,0,2,12,0.0,12.0,Broken,Avoid/exit,23,-37.6,-47.2,-36.1,32.7,0,,nan,nan,131833.93
GDLNF,Greenland Minerals And Energy Ltd,0.031,5,7,3,5,2,3,5,30,-18.0,12.0,Broken,Avoid/exit,19,-14.4,3.3,-8.5,44.3,0,,Basic Materials,66375012.0,657446.97
YRBAF,Yorbeau Resources Inc,0.035,3,3,4,4,3,3,2,22,-10.0,12.0,Broken,Avoid/exit,19,-0.6,-0.6,-5.1,1.7,0,,Basic Materials,16494240.0,4089.02
MLBEF,Webcentral Group Limited,0.035,0,4,9,5,3,4,2,27,-15.0,12.0,Broken,Avoid/exit,27,-12.5,-11.6,-17.9,42.1,1,,Technology,9243515.0,3108.94
TRBMF,Torq Resources Inc,0.034,2,7,4,5,3,2,2,25,-13.0,12.0,Broken,Avoid/exit,20,-1.2,-1.2,-3.3,44.0,2,,Basic Materials,6320503.0,28021.51
CMILF,Capella Minerals Limited,0.04,2,9,4,5,3,2,2,27,-15.0,12.0,Broken,Avoid/exit,21,-7.4,-19.7,-11.3,40.2,1,,Basic Materials,3039849.0,16918.42
IVHI,Invech Holdings Inc,0.037,3,13,8,4,3,4,5,40,-28,12,Broken,Avoid/exit,24,-0.3,8.2,-1.2,45.8,3,,nan,32515.0,51499.93
IDIG,International Digital Holding Inc,0.045,3,2,9,4,0,4,2,24,-8.0,12.0,Broken,Avoid/exit,20,0.0,-11.4,-8.4,39.9,0,,Technology,31466332.0,1303.27
SPCNF,SPC Nickel Corp,0.045,3,4,3,4,6,0,2,22,-10.0,12.0,Broken,Avoid/exit,32,-12.4,-12.4,-14.0,30.5,0,,Basic Materials,19974366.0,9533.05
LTUM,Lithium Corp,0.045,0,6,4,4,2,2,4,22,-10.0,12.0,Broken,Avoid/exit,12,-11.8,-8.2,-6.3,38.9,0,,Basic Materials,5305160.0,332361.89
NWXPF,Newport Exploration Ltd,0.05,3,3,8,0,0,0,5,19,-10.0,12.0,Broken,Avoid/exit,19,0.0,-23.1,-11.1,44.8,0,,Basic Materials,5278993.0,0.0
TEKCF,Tekcapital plc,0.066,3,3,4,6,3,1,4,24,-15.0,12.0,Broken,Avoid/exit,18,0.0,0.0,-1.2,0.0,1,,Financial Services,17025220.0,867.12
NXTDF,NXTDF,0.068,3,14,8,0,3,2,5,35,-23.0,12.0,Broken,Avoid/exit,32,4.1,1.6,-0.2,49.1,1,,Technology,2509385.0,45604.61
CITLF,Critical Infrastructure Technologies Ltd.,0.08,1,7,2,5,3,0,4,22,-10.0,12.0,Broken,Avoid/exit,7,-20.0,-23.8,-27.9,37.5,0,,Technology,8119443.0,12062.14
VBAMF,Vital Battery Metals Inc.,0.078,3,7,2,2,3,3,2,22,-13.0,12.0,Broken,Avoid/exit,26,0.0,0.0,-7.7,42.4,1,,Basic Materials,7323106.0,1705.15
ODVWZ,Osisko Development Corp. Warrant expiring 5/27/2027,0.075,2,8,0,4,4,2,2,22,-10.0,12.0,Broken,Avoid/exit,20,-72.8,25.0,-51.8,43.4,2,,nan,nan,5918.05
MOBXW,Mobix Labs Inc,0.075,2,7,4,0,0,2,2,17,-8.0,12.0,Broken,Avoid/exit,20,-9.7,-24.9,-18.2,45.1,1,,nan,nan,34568.67
TSLV,Azoria TSLA Convexity ETF,0.075,0,1,2,7,0,0,2,12,0.0,12.0,Broken,Avoid/exit,27,-11.8,-11.8,-13.3,39.5,0,,nan,nan,230130.21
DAZSF,Da Ai Zhi Shui International Holding Group Ltd,0.09,6,2,4,0,0,3,4,19,-10.0,12.0,Broken,Avoid/exit,23,0.0,0.0,-10.4,39.8,0,,Consumer Cyclical,15660001.0,0.0
DTREF,DTREF,0.091,3,6,6,3,0,2,4,24,-15.0,12.0,Broken,Avoid/exit,19,-6.7,-18.8,-8.8,42.0,1,,Basic Materials,366958592.0,5791543.92
AVAI,Avant Technologies Inc.,0.13,2,6,1,8,0,3,5,25,-13.0,12.0,Broken,Avoid/exit,15,-29.7,-13.3,-19.1,42.0,1,,Technology,17972792.0,120039.16
APHP,American Picture House Corp,0.102,1,5,6,3,3,2,2,22,-10.0,12.0,Broken,Avoid/exit,22,-0.3,-8.0,-8.3,40.9,0,,Communication Services,11569588.0,7485.81
BYRRF,BYRRF,0.132,3,2,7,4,3,5,3,27,-15.0,12.0,Broken,Avoid/exit,19,0.0,-2.1,-2.9,4.9,1,,Basic Materials,2027590.0,409.48
INUMF,Infinitum Copper Corp,0.128,4,1,7,4,4,0,2,22,-10.0,12.0,Broken,Avoid/exit,29,-10.3,-10.3,-8.6,20.1,0,,Basic Materials,785724.0,2217.84
KSMCF,Kirkstone Metals Corp.,0.144,10,14,4,1,3,4,2,38,-26.0,12.0,Broken,Avoid/exit,26,35.1,9.1,2.3,47.8,1,,nan,nan,0.0
CRACR,Crown Reserve Acquisition Corp. I Rights,0.128,1,10,2,9,2,0,2,26,-14.0,12.0,Broken,Avoid/exit,23,-14.5,-19.8,-6.7,43.9,0,,nan,nan,0.0
BJCHF,Beijing Capital International Airport Company Limited,0.18,0,3,2,8,0,0,4,17,-5.0,12.0,Broken,Avoid/exit,9,-10.0,-10.0,-4.7,29.1,1,,Industrials,824252224.0,561.0
POWMF,POWMF,0.17,1,4,3,4,3,5,2,22,-10.0,12.0,Broken,Avoid/exit,29,0.0,0.0,-2.8,18.4,0,,nan,19195766.0,1024.49
RCT,RedCloud Holdings plc Ordinary Shares,0.19,3,7,4,3,4,4,2,27,-13.0,12.0,Broken,Avoid/exit,13,-13.0,-24.5,-27.6,27.0,1,,Technology,11255040.0,3231922.85
SHCMF,Search Minerals Inc,0.17,3,5,6,0,3,5,2,24,-15.0,12.0,Broken,Avoid/exit,30,0.0,-9.6,-9.3,41.3,1,,Basic Materials,7583907.0,0.0
YARRF,Pirate Gold Corp.,0.151,4,4,9,0,0,0,2,19,-10.0,12.0,Broken,Avoid/exit,0,-6.3,-5.6,-5.0,43.0,0,,nan,nan,0.0
PHKIF,Poly Property Group Co. Limited,0.218,1,3,1,5,3,7,2,22,-10.0,12.0,Broken,Avoid/exit,13,0.0,0.0,-3.4,0.0,0,,Real Estate,831107328.0,265.94
CAFZF,Canaf Investments Inc,0.228,5,1,2,5,3,3,3,22,-10.0,12.0,Broken,Avoid/exit,42,-3.0,-3.0,-2.3,4.4,0,,Basic Materials,10813173.0,3587.5
NAKAW,Nakamoto Inc.,0.254,1,3,1,3,5,7,2,22,-10.0,12.0,Broken,Avoid/exit,40,0.0,0.0,-26.4,37.5,0,,nan,nan,323.88
MYRUF,Myriad Uranium Corp.,0.31,2,5,5,8,3,0,2,25,-13.0,12.0,Broken,Avoid/exit,18,-9.4,-8.8,-9.0,41.6,1,,Basic Materials,33841032.0,303898.06
WEIFX,Wildermuth Endowment Strategy Fund Cl I,0.34,3,4,3,4,3,3,2,22,-10.0,12.0,Broken,Avoid/exit,21,0.0,-2.9,-4.9,0.2,0,,Other,0.0,0.0
CHEAF,China Eastern Airlines Corporation Limited,0.398,3,4,3,2,3,5,2,22,-10.0,12.0,Broken,Avoid/exit,16,0.0,0.0,-3.5,7.3,0,,Industrials,8795336704.0,4290.51
NDVLY,New World Development Co Ltd ADR,0.36,4,10,5,0,0,2,3,24,-15.0,12.0,Broken,Avoid/exit,19,-2.7,2.9,-2.8,44.6,1,,Real Estate,2045735296.0,5446.38
TSMCF,Tesmec S.p.A.,0.351,4,6,2,3,5,0,2,22,-10.0,12.0,Broken,Avoid/exit,50,-5.9,-12.5,-13.2,43.3,0,,Industrials,215636528.0,24197.97
SNGX,Soligenix Inc.,0.362,3,16,5,0,4,2,2,32,-18.0,12.0,Broken,Avoid/exit,24,0.4,-2.3,-3.8,40.2,1,,Healthcare,5360421.0,2555356.0
GFTYF,G50 Corp Limited,0.43,8,14,7,6,3,2,4,44,-28,12,Broken,Avoid/exit,38,13.3,13.3,6.5,55.4,4,,Basic Materials,77855672.0,4482.33
IMTE,Integrated Media Technology Ltd,0.445,1,9,5,3,2,0,4,24,-13.0,12.0,Broken,Avoid/exit,18,-11.2,-10.3,-8.0,41.1,1,,Technology,1532973.0,826768.21
YOOV,Concorde International Group Ltd.,0.45,5,10,4,1,3,0,2,25,-11.0,12.0,Broken,Avoid/exit,0,-10.9,-16.6,-13.6,41.0,1,,Industrials,113674328.0,0.0
SUGP,SU Group Holdings Limited Ordinary Shares,0.48,3,11,3,0,2,4,2,25,-13.0,12.0,Broken,Avoid/exit,15,-8.7,-11.6,-24.3,31.5,1,,Industrials,2677859.0,2450411.26
TBXXF,Turmalina Metals Corp,0.531,1,6,6,0,4,2,5,24,-13.0,12.0,Broken,Avoid/exit,20,-10.9,-6.3,-6.8,40.4,1,,Basic Materials,169802224.0,170466.34
TDRRF,Tudor Gold Corp,0.59,4,11,8,0,2,0,5,30,-18.0,12.0,Broken,Avoid/exit,26,-4.5,1.5,-0.9,47.9,1,,Basic Materials,241395376.0,221371.43
FITGF,FIT Hon Teng Limited,0.614,0,3,1,8,0,0,2,14,0.0,12.0,Broken,Avoid/exit,8,-12.3,-18.4,-18.9,27.6,0,,Technology,5024969728.0,5334.84
TGHL,The GrowHub Limited Class A Ordinary Shares,0.626,8,3,2,4,2,5,5,29,-15.0,12.0,Broken,Avoid/exit,39,6.6,-23.2,-7.1,48.8,1,,Technology,15830092.0,2484747.98
MANA,Manatron Inc,0.6,3,5,3,2,0,4,5,22,-10.0,12.0,Broken,Avoid/exit,25,-17.8,-1.8,-3.0,47.7,0,,nan,nan,14117.47
PEFDF,Delfi Limited,0.68,1,2,9,3,3,1,3,22,-10.0,12.0,Broken,Avoid/exit,19,-2.9,-2.9,-2.4,29.5,0,,Consumer Defensive,415586752.0,0.0
UPXI,Upexi Inc.,0.794,5,6,8,4,0,0,5,28,-16.0,12.0,Broken,Avoid/exit,20,-7.9,-8.8,-6.3,43.4,0,,Communication Services,58284448.0,4014956.46
DYLLF,Deep Yellow Ltd,0.86,4,5,4,3,1,0,2,19,-10.0,12.0,Broken,Avoid/exit,13,-10.4,-9.5,-8.7,45.0,0,,Energy,857045248.0,102335.83
TINFF,Tincorp Metals Inc.,0.876,5,5,0,12,3,2,2,29,-13.0,12.0,Broken,Avoid/exit,49,-29.9,-32.7,-22.3,41.1,1,,Basic Materials,113878104.0,16995.42
SNYYF,Sany Heavy Equipment International Holdings Company Limited,0.97,12,5,9,2,0,4,5,37,-25.0,12.0,Broken,Avoid/exit,21,0.0,12.7,3.3,53.9,3,,Industrials,3191019008.0,0.0
IPLXX,Voya Investors Trust - Voya Liquid Assets Portfolio,1.0,1,4,2,6,3,2,4,22,-10.0,12.0,Broken,Avoid/exit,18,-0.0,0.0,-0.0,29.6,0,,nan,nan,0.0
ISPXX,Voya Investors Trust - Voya Liquid Assets Portfolio,1.0,1,4,2,6,3,2,4,22,-10.0,12.0,Broken,Avoid/exit,17,-0.0,0.0,-0.0,29.6,0,,nan,nan,0.0
ITLXX,Voya Investors Trust - Voya Liquid Assets Portfolio,1.0,1,4,2,6,3,2,4,22,-10.0,12.0,Broken,Avoid/exit,18,-0.0,0.0,-0.0,29.6,0,,nan,nan,0.0
ESYL,Easylink Solutions C,0.004,9,7,7,2,3,5,5,38,-30.0,11.0,Broken,Avoid/exit,27,0.0,21.9,2.2,49.4,3,,Technology,21606534.0,9589.75
KGLLF,KGL Resources Limited,0.001,3,4,0,2,3,7,2,21,-10.0,11.0,Broken,Avoid/exit,10,0.0,0.0,-97.8,0.6,0,,Basic Materials,1506303.0,1981.12
DFIFF,Diamond Fields Resources Inc,0.007,0,6,5,3,3,2,2,21,-15.0,11.0,Broken,🔥 COILED: Avoid/exit,25,-76.3,-45.4,-56.7,45.6,1,,Basic Materials,1442291.0,0.0
CSOL,China Solar & Cln En,0.005,6,6,2,4,0,3,5,26,-15.0,11.0,Broken,Avoid/exit,17,-27.8,-27.8,-53.3,41.2,1,,Financial Services,1429456.0,6268.4
AMMPF,AmmPower Corp,0.005,0,1,4,9,0,0,2,16,-5.0,11.0,Broken,Avoid/exit,11,-16.7,-29.6,-25.4,28.9,1,,Basic Materials,1032682.0,145084.99
CIMG,CIMG Inc.,0.006,7,5,4,4,2,2,2,26,-15.0,11.0,Broken,Avoid/exit,17,20.0,-25.0,-19.7,38.1,1,,Consumer Defensive,856108.0,591346.64
AIMN,"Lee Pharmaceuticals, Inc.",0.002,4,5,4,5,4,2,2,26,-13.0,11.0,Broken,Avoid/exit,23,-32.4,-60.9,-42.1,39.9,0,,Financial Services,792327.0,384094.22
MLYCF,American CuMo Mining Corporation,0.001,8,2,0,6,3,0,2,21,-10.0,11.0,Broken,Avoid/exit,37,-27.8,-27.8,-21.7,32.1,0,,Basic Materials,326666.0,16108.16
TBIO,Telesis Bio Inc.,0.001,1,7,2,4,3,2,5,24,-13.0,11.0,Broken,Avoid/exit,17,10.0,-89.0,-86.3,38.8,1,,Healthcare,1953.0,368.89
DGGXF,DigitalX Limited,0.012,0,1,9,4,3,0,2,19,-8.0,11.0,Broken,Avoid/exit,25,-13.9,-15.7,-12.6,37.6,0,,Technology,19946044.0,28129.02
ARXRF,Infinite Ore Corp,0.012,6,9,6,0,2,4,2,29,-18.0,11.0,Broken,Avoid/exit,27,-9.2,7.2,-4.1,47.9,0,,Basic Materials,4428164.0,356922.37
VMNT,Vemanti Group Inc,0.018,5,5,9,7,0,0,2,28,-13.0,11.0,Broken,Avoid/exit,14,-10.0,-1.1,-11.9,33.8,1,,Technology,4226139.0,53804.8
NIOVF,Plato Gold Corp,0.017,4,5,2,4,3,0,5,23,-8.0,11.0,Broken,Avoid/exit,19,0.0,14.6,-3.6,47.7,2,,Basic Materials,3990517.0,10954.65
UAHC,United American Healthcare Corp,0.016,1,4,1,0,6,2,4,18,-10.0,11.0,Broken,Avoid/exit,34,0.0,-23.8,-5.4,45.5,0,,Real Estate,1872976.0,4844.64
GENPF,Genix Pharmaceuticals Corporation,0.014,1,4,2,6,3,5,2,23,-15.0,11.0,Broken,Avoid/exit,33,0.0,0.0,-1.1,29.8,1,,Healthcare,844893.0,411.95
WINVW,WinVest Acquisition Corp. Warrant,0.012,4,5,1,4,0,2,5,21,-10.0,11.0,Broken,Avoid/exit,22,-76.6,44.6,-53.5,45.5,2,,nan,nan,0.0
PIIIW,P3 Health Partners Inc,0.012,6,10,1,3,4,0,2,26,-15.0,11.0,Broken,Avoid/exit,27,4.4,-18.5,-10.6,46.2,1,,nan,nan,284254.21
LLKKF,Lake Resources NL,0.03,7,3,2,8,2,0,2,24,-13.0,11.0,Broken,Avoid/exit,14,-10.3,-21.2,-19.1,40.3,1,,Basic Materials,79482072.0,431196.18
SNBR,Sleep Number Corp,0.023,6,6,7,0,2,2,3,26,-15.0,11.0,Broken,Avoid/exit,13,-24.4,-14.7,-72.4,29.6,2,,Consumer Cyclical,2881125.0,8697390.15
BIXT,Bioxytran Inc,0.024,1,11,5,0,3,0,2,22,-11.0,11.0,Broken,Avoid/exit,24,-0.8,-15.5,-5.7,42.7,2,,Healthcare,2740685.0,203022.96
GCFFF,Goldcliff Resource Corporation,0.022,6,7,1,1,2,2,2,21,-10.0,11.0,Broken,Avoid/exit,30,14.4,-6.7,-4.6,44.4,0,,Basic Materials,1802908.0,19474.37
PAIYY,Aesthetic Medical International Holdings Group Limited,0.021,13,6,8,4,3,2,5,41,-30,11,Broken,Avoid/exit,27,0.0,40.0,10.0,63.5,3,,Healthcare,1022439.0,5622.74
GANDF,Gander Gold Corporation,0.021,3,3,3,5,3,5,4,26,-15.0,11.0,Broken,Avoid/exit,30,0.0,0.0,-17.1,39.9,1,,Basic Materials,202612.0,3396.03
RMSGW,Real Messenger Corporation Warrants,0.03,4,9,4,0,3,2,2,24,-11.0,11.0,Broken,Avoid/exit,25,0.3,-18.3,-6.9,46.2,1,,nan,nan,23931.97
CFCI,CIPHER-CORE Inc.,0.04,1,5,0,3,4,6,2,21,-10.0,11.0,Broken,Avoid/exit,19,0.0,-9.5,-11.8,32.3,0,,Technology,21128650.0,267.48
SOLCF,SOL Global Investments Corp,0.038,5,9,3,3,5,4,5,34,-23,11,Broken,Avoid/exit,24,90.0,11.8,13.8,51.1,3,5,Financial Services,1011266.0,16014.79
FCHDF,FCHDF,0.041,17,7,4,5,5,0,5,43,-30.0,11.0,Broken,Avoid/exit,32,-10.5,16.4,7.0,52.4,3,,Basic Materials,7378562.0,0.0
GENRF,GENRF,0.048,6,9,4,2,3,2,2,28,-13.0,11.0,Broken,Avoid/exit,30,-2.2,-4.2,5.7,51.1,1,,Basic Materials,1896214.0,34013.69
STLXF,Stellar AfricaGold Inc,0.057,6,5,1,6,0,5,5,28,-15.0,11.0,Broken,Avoid/exit,27,-0.7,5.9,-0.5,49.9,1,,Basic Materials,3719578.0,22564.94
GRWC,Grow Capital Inc,0.071,0,3,0,8,3,0,2,16,-5.0,11.0,Broken,Avoid/exit,15,-70.6,-70.5,-62.1,34.6,1,,Technology,10780735.0,1694.86
PKKFF,Tenet Fintech Group Inc,0.078,14,4,1,5,5,2,5,36,-25.0,11.0,Broken,Avoid/exit,58,-29.1,-10.3,-6.3,49.8,1,,Technology,25360988.0,65794.27
SRRE,Sunrise Real Estate Group Inc,0.08,3,4,2,6,3,3,2,23,-15.0,11.0,Broken,Avoid/exit,8,0.0,0.0,-6.4,0.2,1,,Real Estate,5495354.0,1143.0
HOLOW,MicroCloud Hologram Inc.,0.08,5,7,8,0,5,0,4,29,-18.0,11.0,Broken,Avoid/exit,27,-11.2,0.0,-1.7,47.1,0,,nan,nan,18692.49
CTVIF,China Travel International Investment Hong Kong Limited,0.09,3,4,3,6,0,3,2,21,-10.0,11.0,Broken,Avoid/exit,9,0.0,0.0,-6.2,0.4,0,,Consumer Cyclical,2037801344.0,0.0
NRSNW,NeuroSense Therapeutics Ltd. Warrant,0.099,1,11,0,12,4,2,2,32,-21.0,11.0,Broken,Avoid/exit,20,22.6,13.0,-22.6,44.5,4,,nan,nan,0.0
CRTIF,Cartier Iron Corp,0.1,1,9,2,2,1,2,2,19,-8.0,11.0,Broken,Avoid/exit,19,11.6,14.0,-2.4,47.9,2,,Basic Materials,8445477.0,11987.88
WINH,WINHA INTERNATIONAL GROUP LTD,0.12,3,5,1,7,3,0,4,23,-8.0,11.0,Broken,Avoid/exit,28,0.0,0.0,-4.2,47.9,0,,Other,7498425.0,3444.83
MGCV,MGC Ventures Inc,0.11,9,7,7,4,3,2,4,36,-28.0,11.0,Broken,Avoid/exit,47,0.0,0.0,0.0,95.3,1,,Basic Materials,1642531.0,468.5
ZVSA,ZyVersa Therapeutics Inc.,0.116,6,10,2,0,2,2,2,24,-13.0,11.0,Broken,Avoid/exit,11,0.0,-9.2,-10.5,40.8,1,,Healthcare,939127.0,38907.32
AFJKR,"Aimei Health Technology Co., Ltd Right",0.11,4,7,0,0,0,6,2,19,-8.0,11.0,Broken,Avoid/exit,11,8.8,-21.4,-26.7,38.0,0,,nan,nan,0.0
GGLDF,Getchell Gold Corp,0.192,13,10,4,6,5,0,5,43,-30,11,Broken,Avoid/exit,39,-8.5,11.7,3.8,54.0,3,,Basic Materials,38217328.0,224930.14
NTMFF,Neotech Metals Corp.,0.18,4,12,0,4,4,0,3,27,-16.0,11.0,Broken,Avoid/exit,26,-0.9,-5.2,-3.6,45.4,1,,Basic Materials,15990371.0,32181.94
IONI,I-On Digital Corp,0.189,2,7,7,0,3,2,2,23,-15.0,11.0,Broken,Avoid/exit,27,-0.6,-21.3,-5.7,44.6,1,,Technology,6442667.0,17828.56
AREB,American Rebel Holdings Inc,0.19,4,6,5,6,3,4,2,30,-19.0,11.0,Broken,Avoid/exit,33,13.2,-13.6,-10.5,46.6,1,,Consumer Cyclical,4613093.0,1304047.33
GLNLF,Galan Lithium Limited,0.23,1,10,2,4,3,2,2,24,-13.0,11.0,Broken,Avoid/exit,28,-5.3,3.6,-2.6,47.0,2,,Basic Materials,291320288.0,53879.19
ARGHF,Argo Group International Holdings Ltd,0.201,7,4,1,13,3,3,5,36,-25.0,11.0,Broken,Avoid/exit,32,2.1,17.7,2.6,52.3,3,,Technology,55281416.0,9323.19
GRAPF,First Canadian Graphite Inc.,0.234,4,5,6,6,0,2,5,28,-15.0,11.0,Broken,Avoid/exit,39,-11.7,-11.5,-8.7,44.7,1,,Basic Materials,11612602.0,19616.83
IDXMF,IDEX Metals Corp.,0.228,1,3,7,3,0,2,2,18,-10.0,11.0,Broken,Avoid/exit,20,-6.0,-4.9,-5.9,42.5,0,,nan,nan,29417.05
NXXT,NextNRG Inc.,0.264,2,4,3,8,0,0,2,19,-8.0,11.0,Broken,Avoid/exit,21,-25.5,-8.8,-19.4,37.6,0,,Utilities,41794376.0,7385052.07
OONEF,01 Communique Laboratory Inc,0.294,2,11,6,0,3,2,2,26,-13.0,11.0,Broken,Avoid/exit,30,4.9,-11.0,-6.3,42.8,2,,Technology,32770916.0,136400.76
DXYN,The Dixie Group Inc,0.337,0,2,2,10,3,2,5,24,-13.0,11.0,Broken,Avoid/exit,25,-15.5,-15.9,-13.8,40.8,1,,Consumer Cyclical,6151901.0,15476.48
AQUEF,Aquarius Engines (A.M) Ltd,0.38,10,6,7,6,0,1,4,34,-28.0,11.0,Broken,🔥 COILED: Avoid/exit,31,0.0,0.0,1.3,100.0,1,,Industrials,14487153.0,18.98
MDEVF,Melco International Development Limited,0.44,4,4,2,5,0,2,2,19,-8.0,11.0,Broken,Avoid/exit,20,11.8,-11.9,-8.2,42.1,1,,Consumer Cyclical,1000961472.0,0.0
PSDMF,Gaming Realms plc,0.41,1,1,7,5,3,1,3,21,-10.0,11.0,Broken,Avoid/exit,26,-2.4,-2.4,-1.7,7.2,0,,Communication Services,111384112.0,4281.0
DMXCF,District Metals Corp.,0.421,3,5,8,6,0,2,2,26,-15.0,11.0,Broken,Avoid/exit,21,-5.6,-2.8,-5.7,39.9,1,,Basic Materials,79260728.0,94572.17
KTTA,Pasithea Therapeutics Corp,0.45,3,11,2,0,4,2,2,24,-13.0,11.0,Broken,Avoid/exit,19,-2.2,-5.9,-7.0,35.1,1,,Healthcare,15036501.0,2591412.52
SCKT,Socket Mobile Inc,0.48,3,10,2,2,3,2,2,24,-13.0,11.0,Broken,Avoid/exit,10,0.0,-9.4,-10.6,32.2,1,,Technology,3923520.0,100120.0
TDSA,Cabana Target Drawdown 5 ETF,0.48,8,6,4,3,3,4,2,30,-19.0,11.0,Broken,Avoid/exit,54,-3.0,1.6,-2.3,46.2,0,,nan,nan,4427977.44
CNCOF,Arizona Eagle Mining Corp.,0.57,6,11,3,0,4,0,2,26,-15.0,11.0,Broken,Avoid/exit,24,-6.9,-3.4,-7.6,37.4,2,,Basic Materials,25483576.0,1396.43
BBOE,Black Box Entertainment Ltd,0.61,3,4,3,3,3,3,2,21,-10.0,11.0,Broken,Avoid/exit,30,0.0,0.0,-9.5,1.3,0,,Financial Services,8431698.0,338.81
CTM,Castellum Inc.,0.664,8,6,4,4,2,6,2,32,-21.0,11.0,Broken,Avoid/exit,34,2.2,4.6,-1.0,48.1,2,,Technology,62880092.0,3080309.78
SVIN,Scheid Vineyards Inc,0.69,3,3,5,4,3,3,2,23,-15.0,11.0,Broken,Avoid/exit,11,0.0,0.0,-6.3,2.8,1,,Consumer Defensive,631373.0,273.76
DH,Definitive Healthcare Corp,0.73,3,13,3,0,3,2,2,26,-13.0,11.0,Broken,Avoid/exit,27,4.1,-10.0,-2.7,45.6,1,,Healthcare,77032696.0,374555.98
SFWL,Shengfeng Development Limited Class A Ordinary Shares,0.801,8,10,2,2,5,6,3,36,-23.0,11.0,Broken,Avoid/exit,19,2.7,16.9,0.6,49.4,3,,Industrials,66064008.0,22273.72
EDTK,Skillful Craftsman Education Tech,0.94,3,11,3,1,2,0,3,23,-15.0,11.0,Broken,Avoid/exit,20,-1.1,0.5,-1.7,44.4,1,,Consumer Defensive,14973684.0,5124.33
AQB,AquaBounty Technologies Inc,0.919,1,8,5,1,4,0,2,21,-11.0,11.0,Broken,Avoid/exit,35,-2.7,-7.1,-4.0,42.2,2,,Consumer Defensive,4732339.0,43147.65
FTFT,Future Fintech Group Inc,0.934,4,4,1,0,5,2,5,21,-10.0,11.0,Broken,Avoid/exit,22,-37.3,-39.8,-15.9,44.7,0,,Technology,1743943.0,29822.61
LKSPR,Lake Superior Acquisition Corp. Rights,0.925,2,11,9,3,3,0,3,31,-20.0,11.0,Broken,Avoid/exit,26,-15.9,-11.9,-3.8,47.1,0,,nan,nan,0.0
WTSYX,Wisdomtree Digital Trust - Digital Short-Term Treasury Fund,0.99,2,4,0,6,3,2,4,21,-10.0,11.0,Broken,Avoid/exit,20,0.0,-1.0,-0.3,38.0,0,,nan,nan,0.0
EFGD,Eurobank Ergasias Services and Holdings S.A,1.0,3,4,3,3,3,3,2,21,-10.0,11.0,Broken,Avoid/exit,15,0.0,0.0,-1.5,0.8,0,,nan,nan,0.0
TWOH,Two Hands Corp,0.001,0,7,1,6,2,0,4,20,-10.0,10.0,Broken,Avoid/exit,18,-14.3,-25.0,-16.4,36.1,0,,Technology,7708659.0,33889071.23
ADTX,Aditxt Inc. ,0.003,5,4,6,0,2,6,2,25,-15.0,10.0,Broken,Avoid/exit,22,-9.1,-6.2,-76.6,39.3,1,,Healthcare,2993929.0,55800353.46
CCAJ,Coastal Capital Acq,0.001,0,2,8,6,2,2,2,22,-10.0,10.0,Broken,Avoid/exit,16,-14.3,-20.0,-13.7,41.0,1,,Industrials,1294377.0,3464135.37
QIND,Quality Industrial Corp.,0.007,1,2,5,5,0,2,2,17,-10.0,10.0,Broken,Avoid/exit,19,-17.5,-9.6,-11.9,41.9,0,,Industrials,873065.0,149934.84
BBLR,Bubblr Inc,0.001,5,6,6,4,2,0,2,25,-15.0,10.0,Broken,Avoid/exit,23,-9.1,0.0,-4.0,46.4,1,,Technology,263984.0,960996.25
AFFU,Affluence Corporation,0.01,6,13,4,5,3,2,5,38,-28,10,Broken,Avoid/exit,41,12.8,86.5,7.7,49.5,4,,Technology,69395.0,62074723.49
AABB,Asia Broadband Inc,0.012,3,6,8,0,2,0,3,22,-15.0,10.0,Broken,Avoid/exit,22,-3.9,-4.7,-4.0,40.3,1,,Basic Materials,57048968.0,9524937.74
AMSLF,Australian Mines Limited,0.013,4,6,2,6,0,0,2,20,-10.0,10.0,Broken,Avoid/exit,28,-12.7,-28.0,-15.8,40.8,0,,Basic Materials,33026682.0,50671.34
LNBY,Lanbay Inc,0.013,12,4,4,7,3,2,5,37,-27,10,Broken,Avoid/exit,32,333.3,333.3,133.6,97.4,2,3,Consumer Cyclical,390000.0,799.5
GLTH,"Goliath National, Inc.",0.012,3,6,2,5,0,2,2,20,-10.0,10.0,Broken,Avoid/exit,37,-0.8,-42.6,-19.4,39.6,0,,Consumer Cyclical,38493.0,7662.65
HAWRF,Hawk Resources Limited,0.025,12,3,5,6,3,2,4,35,-28.0,10.0,Broken,Avoid/exit,51,0.0,0.0,0.1,93.9,1,,Basic Materials,16973584.0,500.0
ERVFF,Erin Ventures Inc,0.028,3,10,3,2,4,4,2,28,-18.0,10.0,Broken,Avoid/exit,32,27.3,-24.3,2.7,49.6,1,,Basic Materials,7802261.0,25590.16
DCHRF,Discovery Harbour Resources Corp,0.027,12,4,7,7,3,2,5,40,-30,10,Broken,Avoid/exit,37,0.0,99.3,27.4,89.1,3,,Basic Materials,2877795.0,759.78
UCLE,US Nuclear Corp,0.031,6,3,6,0,3,2,5,25,-15.0,10.0,Broken,Avoid/exit,23,-22.5,-22.5,-8.8,45.4,1,,Technology,1947490.0,75824.3
HBUV,Hubilu Venture Corporation,0.04,8,7,7,3,3,1,4,33,-28.0,10.0,Broken,🔥 COILED: Avoid/exit,27,0.0,0.0,1.6,99.6,1,,Real Estate,1052108.0,14.9
NUZTF,Neurizon Therapeutics Limited,0.045,3,6,1,5,3,3,4,25,-15.0,10.0,Broken,Avoid/exit,20,0.0,0.0,-15.4,35.5,1,,Healthcare,35189520.0,546.5
BNTRF,Benton Resources Inc,0.045,5,4,4,1,0,4,2,20,-10.0,10.0,Broken,Avoid/exit,20,-21.1,-10.0,-16.6,39.3,0,,Basic Materials,14843730.0,28179.29
UEEC,United Health Products Inc,0.045,1,8,1,2,4,0,2,18,-8.0,10.0,Broken,Avoid/exit,18,-8.2,2.3,-8.6,43.6,1,,Healthcare,11717352.0,144940.0
BVLDF,Bold Ventures Inc,0.05,6,8,2,3,0,2,2,23,-13.0,10.0,Broken,Avoid/exit,47,-5.7,-16.5,-1.9,47.8,1,,Basic Materials,5271199.0,7306.65
MMXLF,Mustang Minerals Limited,0.049,2,7,6,5,1,2,2,25,-15.0,10.0,Broken,Avoid/exit,0,-2.0,-14.0,-8.9,44.0,1,,Basic Materials,3617622.0,0.0
CYNXF,Cyon Exploration Ltd,0.042,3,6,1,5,3,3,4,25,-15.0,10.0,Broken,Avoid/exit,21,0.0,0.0,-16.9,38.0,1,,Basic Materials,953648.0,1557.31
LPKGF,Lupaka Gold Corp,0.041,0,2,0,8,3,0,2,15,-5.0,10.0,Broken,Avoid/exit,16,-84.1,-83.6,-79.5,37.8,1,,Basic Materials,940039.0,770.36
CWSFF,Cielo Waste Solutions Corp,0.052,5,8,6,1,0,7,3,30,-16.0,10.0,Broken,Avoid/exit,36,4.9,-3.9,-0.1,49.3,1,,Industrials,10886955.0,53099.34
IMITF,IMITF,0.064,1,7,2,3,3,0,2,18,-8.0,10.0,Broken,Avoid/exit,21,-4.7,-9.6,-5.9,45.5,1,,Industrials,10762274.0,0.0
FDVXF,FenixOro Gold Corp,0.07,6,1,3,5,4,4,2,25,-15.0,10.0,Broken,Avoid/exit,34,0.0,-12.5,-6.0,22.9,1,,Basic Materials,7579987.0,6939.15
FASLF,First Andes Silver Ltd.,0.063,0,4,7,5,6,0,3,25,-15.0,10.0,Broken,Avoid/exit,24,-7.6,-11.5,-4.9,37.4,1,,Basic Materials,5472118.0,71047.74
PNYG,Pony Group Inc.,0.064,3,3,6,2,3,3,2,22,-15.0,10.0,Broken,Avoid/exit,12,0.0,0.0,-4.3,3.7,1,,Industrials,736000.0,2725.83
NOWVF,NowVertical Group Inc,0.071,3,9,3,3,3,2,2,25,-15.0,10.0,Broken,Avoid/exit,18,4.5,5.0,-5.2,37.1,2,,Technology,6455765.0,8964.14
FSHPR,Flag Ship Acquisition Corp. Right,0.076,5,5,7,3,0,6,2,28,-18.0,10.0,Broken,Avoid/exit,19,-2.3,8.9,-8.7,45.9,1,,nan,nan,0.0
FTMDF,Fortune Minerals Limited,0.092,5,14,3,3,2,2,2,31,-21.0,10.0,Broken,Avoid/exit,45,1.8,1.8,-4.2,44.6,2,,Basic Materials,59076808.0,186238.6
NEXD,Next Dynamics Inc,0.091,11,3,6,12,3,4,5,44,-30,10,Broken,Avoid/exit,45,0.0,18.2,14.5,85.0,3,,Industrials,17098900.0,1409.0
HPMCF,Africa Energy Corp,0.107,6,4,4,3,3,3,2,25,-15.0,10.0,Broken,Avoid/exit,23,0.0,0.0,-4.8,16.0,1,,Energy,53233860.0,2198.32
BLGO,BioLargo Inc,0.112,1,10,3,3,3,0,5,25,-13.0,10.0,Broken,Avoid/exit,20,-6.9,1.5,-0.8,48.4,1,,Basic Materials,35297160.0,372370.13
EGPLF,Eagle Plains Resources Ltd,0.131,2,10,3,0,3,0,2,20,-8.0,10.0,Broken,Avoid/exit,31,0.5,0.5,-2.4,44.6,1,,Basic Materials,15056931.0,72115.99
ENDMF,Enduro Metals Corporation,0.113,7,6,4,2,2,1,3,25,-15.0,10.0,Broken,Avoid/exit,21,-9.8,4.8,-0.1,49.8,1,,Basic Materials,13610005.0,29770.81
TRGEF,Targa Exploration Corp.,0.134,3,5,4,6,3,2,2,25,-15.0,10.0,Broken,Avoid/exit,20,-2.4,-11.3,-18.8,36.0,1,,Basic Materials,8864994.0,9204.44
ZCAR,Zoomcar Holdings Inc.,0.12,2,12,2,0,5,2,2,25,-13.0,10.0,Broken,Avoid/exit,41,20.0,-7.7,-9.6,45.9,1,,Industrials,1018618.0,39272.7
IMCC,Im Cannabis Corp,0.108,2,6,4,5,4,2,2,25,-15.0,10.0,Broken,Avoid/exit,13,-20.5,-27.0,-23.3,27.8,2,,Healthcare,974687.0,1950200.61
OYSER,Oyster Enterprises II Acquisition Corp Rights,0.111,4,1,8,3,0,0,4,20,-10.0,10.0,Broken,Avoid/exit,10,-6.2,-7.7,-5.3,24.2,0,,nan,nan,14107.53
EULIF,European Lithium Limited,0.179,1,6,1,3,2,0,2,15,-8.0,10.0,Broken,Avoid/exit,24,-14.8,-24.3,-18.5,30.8,0,,Basic Materials,318714144.0,3329574.48
TNON,Tenon Medical Inc,0.193,3,11,3,0,4,2,2,25,-13.0,10.0,Broken,Avoid/exit,14,-2.1,-4.5,-22.9,30.9,2,,Healthcare,3351828.0,2667151.12
PHGE,Biomx Inc,0.183,3,4,5,5,4,2,2,25,-15.0,10.0,Broken,Avoid/exit,15,-9.9,-13.3,-29.8,26.4,1,,Industrials,1973437.0,2863874.7
LCCCR,Lakeshore Acquisition III Corp. Rights,0.182,2,5,4,0,8,0,2,21,-11.0,10.0,Broken,Avoid/exit,35,-9.1,26.1,-4.4,47.6,2,,nan,nan,0.0
GARPF,Golden Agri-Resources Ltd,0.21,0,3,4,6,3,0,4,20,-10.0,10.0,Broken,Avoid/exit,28,-16.0,-16.0,-7.0,38.2,0,,Consumer Defensive,3170418176.0,0.0
JNDAF,Jindalee Resources Limited,0.229,0,6,6,6,0,4,3,25,-15.0,10.0,Broken,Avoid/exit,14,-10.1,-8.3,-9.8,40.4,1,,Basic Materials,28933858.0,38490.99
MRNO,Murano Global Investments PLC Ordinary Shares,0.201,1,9,9,0,4,0,2,25,-13.0,10.0,Broken,Avoid/exit,31,-12.6,-20.5,-13.4,37.1,1,,Real Estate,16031458.0,3437525.87
XAGE,"Longevity Health Holdings, Inc.",0.24,6,6,6,1,0,2,2,23,-13.0,10.0,Broken,Avoid/exit,28,13.7,-3.2,-0.9,47.1,2,,Consumer Defensive,594077.0,2608.9
INJJF,Intrum AB (publ),0.296,3,5,1,0,3,6,2,20,-13.0,10.0,Broken,Avoid/exit,22,0.0,-42.5,-99.2,48.1,1,,Financial Services,940845248.0,1304.26
SVRSF,Silver Storm Mining Ltd.,0.282,4,12,6,0,4,0,2,28,-18.0,10.0,Broken,Avoid/exit,28,-9.1,-6.1,-6.5,41.6,1,,Basic Materials,221667376.0,1102990.0
NBMFF,Neo Battery Materials Ltd,0.25,4,13,3,4,4,2,5,35,-28,10,Broken,Avoid/exit,25,42.9,28.7,17.4,52.5,3,,Basic Materials,38598232.0,12598.51
VIPRF,Silver Viper Minerals Corp,0.266,5,5,5,9,0,2,2,28,-18.0,10.0,Broken,Avoid/exit,15,-1.0,11.0,-5.4,40.8,3,,Basic Materials,31872608.0,55521.97
FHYDF,First Hydrogen Corp,0.256,0,1,4,8,0,0,2,15,-5.0,10.0,Broken,Avoid/exit,15,-4.5,-8.6,-11.0,39.6,1,,Consumer Cyclical,20810948.0,6023.31
PATRF,PATRF,0.251,3,2,3,4,3,2,5,22,-8.0,10.0,Broken,Avoid/exit,24,-16.3,-8.7,-10.6,37.8,0,,nan,nan,0.0
AMGRF,AMA Group Limited,0.311,3,4,4,4,3,5,2,25,-15.0,10.0,Broken,Avoid/exit,25,0.0,0.0,-6.2,21.5,1,,Consumer Cyclical,149770304.0,1058.59
AMLIF,American Lithium Corp.,0.313,3,4,6,3,2,2,5,25,-15.0,10.0,Broken,Avoid/exit,20,-1.6,-9.0,-4.0,39.5,2,,Basic Materials,80526952.0,165135.92
RLYGF,Riley Gold Corp,0.31,5,3,8,0,3,4,2,25,-15.0,10.0,Broken,Avoid/exit,32,1.8,-9.3,-9.0,33.8,1,,Basic Materials,15140823.0,6220.71
CHOW,ChowChow Cloud International Holdings Limited,0.346,6,5,7,0,2,2,2,24,-15.0,10.0,Broken,Avoid/exit,26,1.8,-4.2,-5.6,42.4,1,,Technology,12279540.0,4953496.66
IMMP,Immutep Ltd ADR,0.381,2,6,6,1,2,4,2,23,-13.0,10.0,Broken,Avoid/exit,22,-2.1,-12.8,-5.6,39.5,1,,Healthcare,56119308.0,4847003.55
RCON,Recon Technology Ltd,0.355,5,5,2,9,0,0,2,23,-13.0,10.0,Broken,Avoid/exit,18,-17.4,-15.4,-18.0,35.8,1,,Energy,32199924.0,307489.12
BYAH,"Park Ha Biological Technology Co., Ltd.",0.358,6,8,2,3,2,2,2,25,-15.0,10.0,Broken,Avoid/exit,22,-16.8,-19.2,-37.3,32.8,1,,Consumer Defensive,2277752.0,1592460.88
HPAI,Helport AI Limited Ordinary Shares,0.448,4,8,2,3,4,2,2,25,-13.0,10.0,Broken,Avoid/exit,16,-13.3,-20.1,-16.8,37.9,2,,Technology,16865818.0,395989.65
FOSUF,Fosun International Ltd,0.49,15,5,3,5,6,1,5,40,-30,10,Broken,Avoid/exit,48,0.0,14.0,7.2,100.0,3,,Industrials,3465276928.0,72.0
CPTLF,The Blockchain Group,0.547,3,5,8,1,0,0,5,22,-15.0,10.0,Broken,Avoid/exit,24,-5.7,-7.8,-3.0,45.7,1,,Technology,174291184.0,5500.17
OBAI,"TG-17, Inc. Common Stock",0.521,2,11,4,2,4,2,2,27,-13.0,10.0,Broken,Avoid/exit,0,2.1,-19.9,-8.7,39.8,2,,Technology,12734955.0,0.0
VANAF,Largo Physical Vanadium Corp.,0.51,1,3,2,4,3,5,2,20,-10.0,10.0,Broken,Avoid/exit,18,0.0,-15.0,-6.1,1.3,0,,Basic Materials,8576568.0,381.42
NRRSF,Norsemont Mining Inc,0.563,3,12,6,0,3,2,2,28,-16.0,10.0,Broken,Avoid/exit,23,0.0,-6.9,-3.4,43.6,2,,Basic Materials,47643424.0,97018.74
MBIO,Mustang Bio Inc,0.58,4,6,0,5,2,2,2,21,-11.0,10.0,Broken,Avoid/exit,27,-1.9,-8.2,-8.2,40.7,1,,Healthcare,4394953.0,126787.39
GTCDD,GTCDD,0.552,9,4,0,11,3,3,2,32,-25.0,10.0,Broken,Avoid/exit,55,45.2,-0.1,-0.5,51.6,1,,Basic Materials,nan,3261.26
APRE,Aprea Therapeutics Inc,0.621,1,6,4,6,2,4,2,25,-15.0,10.0,Broken,Avoid/exit,17,-5.9,-11.0,-9.2,34.1,1,,Healthcare,7689704.0,805784.71
LTGHF,Life Healthcare Group Holdings Limited,0.688,1,3,3,5,3,3,2,20,-10.0,10.0,Broken,Avoid/exit,0,0.0,0.0,-4.3,3.1,0,,Healthcare,983832512.0,0.0
FBLG,"FibroBiologics, Inc. Common Stock",0.655,3,6,3,3,4,2,2,23,-13.0,10.0,Broken,Avoid/exit,24,-11.5,-22.3,-15.3,32.3,1,,Healthcare,3409756.0,1082723.45
ITMSF,Intermap Technologies Corp,0.72,3,8,8,1,0,4,3,27,-17.0,10.0,Broken,Avoid/exit,19,1.4,2.2,0.1,47.6,2,,Technology,53122824.0,119740.46
BQ,Boqii Holding Limited,0.776,6,3,9,9,0,0,2,29,-19.0,10.0,Broken,Avoid/exit,32,-10.5,-7.8,-7.3,42.3,1,,Consumer Cyclical,5726580.0,932486.82
SPRQF,SPARQ Corp.,0.84,10,5,7,1,3,2,4,32,-25.0,10.0,Broken,Avoid/exit,46,0.0,0.0,-0.9,48.0,1,,Industrials,101148864.0,1070.8
MCCHF,McChip Resources Inc,0.8,5,3,10,6,0,2,4,30,-23.0,10.0,Broken,Avoid/exit,0,0.0,0.0,-0.1,87.2,0,,Energy,4768077.0,0.0
RMCF,Rocky Mountain Chocolate Factory,0.865,3,8,3,2,0,4,3,23,-13.0,10.0,Broken,Avoid/exit,7,-12.6,-13.5,-15.7,31.3,1,,Consumer Defensive,8167130.0,65966.52
WHGRF,WH Group Limited,0.985,1,3,3,4,3,4,2,20,-10.0,10.0,Broken,Avoid/exit,15,0.0,-10.5,-4.9,39.6,0,,Consumer Defensive,13037825024.0,0.0
SAAQW,Space Asset Acquisition Corp. Warrants,0.95,9,4,4,3,0,7,3,30,-18.0,10.0,Broken,Avoid/exit,0,11.8,-7.8,-1.1,50.0,1,,nan,nan,0.0
RLLCF,Rolls-Royce Holdings plc,0.001,7,8,2,0,0,0,4,21,-12.0,9.0,Broken,Avoid/exit,14,-12.5,-17.6,-8.5,45.9,0,,Industrials,63222030336.0,1486144.18
BLLYF,Bluejay Mining plc,0.009,1,7,4,4,4,0,2,22,-13.0,9.0,Broken,Avoid/exit,19,-5.2,-11.5,-9.8,37.1,1,,Basic Materials,44510352.0,2874733.21
FERN,Fernhill Corp,0.001,3,11,2,5,3,0,2,26,-15.0,9.0,Broken,Avoid/exit,20,-16.7,-16.7,-13.1,43.0,1,,Technology,2872490.0,3246632.06
OWUV,One World Universe Inc,0.002,6,5,1,6,0,2,2,22,-13.0,9.0,Broken,Avoid/exit,15,-7.7,-17.2,-12.5,42.7,1,,Industrials,599428.0,99374.66
MVES,Movie Studio Inc,0.001,3,4,4,0,3,3,2,19,-10.0,9.0,Broken,Avoid/exit,21,0.0,0.0,-16.1,27.0,0,,Communication Services,214872.0,51382.94
MEHA,"Functional Brands, Inc. Common Stock",0.005,3,13,4,3,2,4,2,31,-22.0,9.0,Broken,Avoid/exit,23,0.0,-2.1,-40.2,31.0,1,,Consumer Defensive,194149.0,0.0
APSI,Aqua Power Systems Inc,0.01,1,7,0,5,4,0,2,19,-10.0,9.0,Broken,Avoid/exit,18,-24.6,-42.4,-31.9,28.7,1,,Industrials,168601.0,0.0
WNLV,Winvest Group Ltd,0.001,3,4,4,5,3,3,2,24,-15.0,9.0,Broken,Avoid/exit,18,0.0,0.0,-12.9,37.5,1,,Communication Services,116494.0,109017.0
ANAS,Alternaturals Inc,0.014,1,1,4,2,3,5,3,19,-10.0,9.0,Broken,Avoid/exit,30,0.0,-4.7,-2.0,9.1,0,,Financial Services,1494905.0,11632.54
URANF,International Prospect Ventures Ltd,0.02,4,1,2,3,3,4,2,19,-10.0,9.0,Broken,Avoid/exit,32,0.0,-33.7,-18.0,16.5,0,,Basic Materials,1451236.0,1056.0
CHME,China Medicine Corporation,0.02,6,2,2,0,3,3,3,19,-10.0,9.0,Broken,Avoid/exit,29,-2.4,-2.4,-6.6,28.3,0,,Healthcare,474241.0,13212.56
BEATW,Heartbeam Inc. Warrant,0.016,2,6,0,8,0,4,2,22,-13.0,9.0,Broken,Avoid/exit,6,-50.6,-23.7,-54.0,43.0,1,,Healthcare,nan,12818.11
SMXWW,SMX (Security Matters) Public Limited Company Warrant,0.016,0,7,0,6,4,0,2,19,-10.0,9.0,Broken,Avoid/exit,15,-69.9,-38.7,-54.0,37.6,0,,nan,nan,114191.06
KIDZW,"Classover Holdings, Inc. Warrants",0.014,10,5,2,6,4,0,5,32,-21.0,9.0,Broken,Avoid/exit,43,0.7,-3.4,-0.3,50.2,0,,nan,nan,77854.47
NVSGF,Nevada Sunrise Gold Corporation,0.025,2,2,9,6,3,0,2,24,-15.0,9.0,Broken,Avoid/exit,37,-16.7,-16.7,-13.9,35.0,1,,Basic Materials,4019828.0,137652.84
LUFFF,Luff Enterprises Ltd,0.027,3,10,6,0,3,2,2,26,-15.0,9.0,Broken,Avoid/exit,20,1.9,-4.6,-9.0,43.1,1,,Healthcare,3215875.0,64332.35
WGMTF,WestGold Metals Corp.,0.031,3,4,2,5,3,5,2,24,-15.0,9.0,Broken,Avoid/exit,18,0.0,0.0,-13.3,21.1,1,,Basic Materials,2363459.0,1071.46
PTEEF,Plaintree Systems Inc,0.03,3,3,4,5,3,2,4,24,-15.0,9.0,Broken,Avoid/exit,22,0.0,-0.3,-0.1,23.3,1,,Industrials,383880.0,1159.91
SLXNW,Biomotion Sciences Warrant,0.024,5,3,0,4,0,4,3,19,-10.0,9.0,Broken,Avoid/exit,24,-51.7,-28.1,-26.7,46.6,0,,nan,nan,67263.14
PHJMF,PT Hanjaya Mandala Sampoerna Tbk,0.04,3,5,2,2,5,0,2,19,-10.0,9.0,Broken,Avoid/exit,24,0.0,0.0,-11.8,43.8,0,,Consumer Defensive,4652723200.0,0.0
GGIFF,Garibaldi Resources Corp,0.05,0,3,3,8,0,0,2,16,-3.0,9.0,Broken,Avoid/exit,22,-28.6,0.0,-21.5,40.5,1,,Basic Materials,7602028.0,10043.0
TALN,Talon International Inc,0.05,1,5,5,6,0,0,2,19,-10.0,9.0,Broken,Avoid/exit,19,-16.7,0.0,-9.9,34.1,0,,Consumer Cyclical,4616914.0,2291.0
BLPG,Blue Line Protection Group Inc,0.05,1,5,2,5,0,4,2,19,-10.0,9.0,Broken,Avoid/exit,42,0.0,-35.9,-11.0,42.2,0,,Industrials,412507.0,11126.33
BKKT-WT,Bakkt Holdings Inc. Warrant,0.05,7,11,5,2,3,2,2,32,-21.0,9.0,Broken,Avoid/exit,22,23.2,24.8,1.1,47.9,3,,nan,nan,33001.18
CXAIW,CXApp Inc.,0.05,1,2,8,5,3,0,2,21,-10.0,9.0,Broken,Avoid/exit,30,-8.8,-11.5,-10.9,41.3,0,,Technology,nan,68772.6
BDMDW,Baird Medical Investment Holdings Limited,0.047,1,4,0,5,0,2,2,14,-10.0,9.0,Broken,Avoid/exit,9,-2.3,-59.0,-51.1,42.8,0,,nan,nan,0.0
STMXF,STMXF,0.054,5,6,5,0,3,2,3,24,-15.0,9.0,Broken,Avoid/exit,17,4.3,-3.1,-8.2,42.0,1,,Basic Materials,5205872.0,0.0
BXXRF,ExGen Resources Inc,0.066,7,15,8,0,3,0,2,35,-26.0,9.0,Broken,Avoid/exit,18,1.7,8.2,-1.7,46.1,3,,Basic Materials,7240997.0,22070.87
GSCCF,ioneer Ltd,0.078,3,5,1,3,3,2,2,19,-10.0,9.0,Broken,Avoid/exit,21,-17.9,-22.0,-12.8,45.8,1,,Basic Materials,239821456.0,68673.43
GBMCF,GBMCF,0.076,1,11,3,4,3,0,2,24,-16.0,9.0,Broken,Avoid/exit,18,-27.3,-32.4,-20.7,40.5,1,,Basic Materials,17648832.0,113122.04
CELG-RI,Bristol-Myers Squibb Company Ce,0.081,1,3,2,7,0,2,2,17,-8.0,9.0,Broken,Avoid/exit,29,-24.7,-31.3,-23.3,41.6,0,,nan,nan,44053.93
GTERW,Globa Terra Acquisition Corporation Warrants,0.097,5,5,0,6,1,2,2,21,-10.0,9.0,Broken,Avoid/exit,11,-30.8,7.7,-21.4,40.9,1,,nan,nan,23452.76
CNVIF,CNVIF,0.129,5,6,2,3,2,2,2,22,-13.0,9.0,Broken,Avoid/exit,16,-2.2,-17.5,-12.2,37.6,2,,Healthcare,13801661.0,28687.29
AWLIF,Ameriwest Lithium Inc,0.115,3,9,7,0,4,4,2,29,-18.0,9.0,Broken,Avoid/exit,17,-2.0,-2.4,-7.9,39.5,1,,Basic Materials,4169755.0,68459.93
MURMF,Murchison Minerals Ltd,0.144,1,7,3,1,3,2,2,19,-10.0,9.0,Broken,Avoid/exit,31,0.0,-7.2,-7.0,39.3,0,,Basic Materials,2991563.0,10447.33
AZTR,Azitra Inc,0.128,6,5,4,3,2,2,2,24,-15.0,9.0,Broken,Avoid/exit,13,-1.5,-5.2,-10.3,37.2,2,,Healthcare,2072632.0,8380031.84
OMQS,Omniq Corp,0.13,5,9,2,4,9,2,5,36,-28,9,Broken,Avoid/exit,63,0.0,16.7,2.3,51.9,3,,Technology,1969880.0,14536.71
WTGUR,Wintergreen Acquisition Corp. Rights,0.13,5,5,4,4,0,4,5,27,-18.0,9.0,Broken,Avoid/exit,29,-15.0,28.7,-6.2,46.9,2,,nan,nan,0.0
OCGSF,Outcrop Gold Corp,0.19,3,7,7,3,2,0,4,26,-15.0,9.0,Broken,Avoid/exit,18,-5.0,0.0,-3.0,44.1,1,,Basic Materials,93758904.0,616845.5
SRCRF,Scorpio Gold Corp,0.174,5,3,7,0,4,0,2,21,-10.0,9.0,Broken,Avoid/exit,10,-3.1,-8.2,-7.1,32.5,1,,Basic Materials,54533556.0,329595.93
ANKOF,Angkor Resources Corp,0.191,6,9,1,2,2,2,2,24,-13.0,9.0,Broken,Avoid/exit,17,-1.7,-2.7,-5.6,41.9,1,,Basic Materials,39288332.0,68023.81
ASFH,AsiaFIN Holdings Corp.,0.174,3,6,2,0,3,3,2,19,-10.0,9.0,Broken,Avoid/exit,8,0.0,0.0,-17.6,0.0,0,,Technology,16383168.0,336.87
UUUFD,Uranium One Mining Corp,0.165,4,3,7,6,2,0,2,24,-15.0,9.0,Broken,Avoid/exit,23,-8.3,-15.8,-16.0,37.8,1,,Energy,7510913.0,164648.69
MEXGF,Mexican Gold Mining Corp,0.16,15,5,3,5,3,7,5,43,-30,9,Broken,Avoid/exit,60,-30.5,43.9,-6.1,50.7,3,,Basic Materials,5691986.0,0.0
NPWR-WT,NET Power Inc. WT,0.161,1,6,1,5,4,0,2,19,-10.0,9.0,Broken,Avoid/exit,25,-19.5,-26.9,-25.3,35.6,1,,nan,nan,18743.97
AACBR,Artius II Acquisition Inc. Rights,0.155,1,7,3,2,4,0,2,19,-10.0,9.0,Broken,Avoid/exit,21,-13.9,-18.4,-17.9,32.9,0,,nan,nan,0.0
LTSRF,Lotus Resources Limited,0.22,0,8,0,10,4,0,2,24,-15.0,9.0,Broken,⚠️ EXHAUSTION RISK: Avoid/exit,7,-53.7,-53.7,-45.7,16.6,1,,Basic Materials,90219440.0,85119.25
QIMGF,QIMGF,0.212,3,8,5,3,2,0,5,26,-15.0,9.0,Broken,Avoid/exit,31,-6.0,-11.6,-4.6,44.4,1,,Basic Materials,17671428.0,37223.94
STRPF,Starr Peak Exploration Ltd,0.231,0,2,2,8,0,0,2,14,-5.0,9.0,Broken,Avoid/exit,10,-5.8,-15.0,-13.5,32.9,1,,Basic Materials,13895061.0,13125.0
NWGL,Nature Wood Group Limited American Depositary Shares,0.229,3,6,3,4,2,6,2,26,-15.0,9.0,Broken,Avoid/exit,9,-18.2,-7.6,-19.7,32.3,1,,Basic Materials,3792330.0,748505.96
CVVUF,CanAlaska Uranium Ltd,0.255,5,6,4,8,2,2,2,29,-18.0,9.0,Broken,Avoid/exit,14,2.0,8.3,-5.1,35.7,3,,Basic Materials,56129412.0,167814.14
SKYI,Sky Century Investment Inc,0.279,6,9,0,3,2,2,2,24,-13.0,9.0,Broken,Avoid/exit,38,21.9,-26.6,-13.6,45.9,1,,Healthcare,1934304.0,68391.54
CGNMF,CGN Mining Company Limited,0.3,2,1,9,4,0,0,2,18,-10.0,9.0,Broken,Avoid/exit,11,-13.7,-13.7,-14.6,18.4,0,,Energy,2280204800.0,0.0
EMPPF,EMP Metals Corp,0.324,0,2,2,8,0,0,2,14,-5.0,9.0,Broken,Avoid/exit,21,-9.4,-14.7,-12.1,33.6,1,,Basic Materials,40835640.0,3405.0
NEXR,Nexera Technologies Ltd.,0.3,6,6,2,2,2,2,2,22,-13.0,9.0,Broken,Avoid/exit,24,-20.3,-28.7,-34.6,34.2,2,,Consumer Cyclical,1839630.0,5171242.84
QIMCF,QIMCF,0.338,4,7,5,1,0,0,2,19,-10.0,9.0,Broken,Avoid/exit,16,-14.0,-4.3,-9.3,39.6,0,,nan,nan,117432.06
FWRXF,FWRXF,0.315,2,5,3,4,3,0,2,19,-10.0,9.0,Broken,Avoid/exit,0,0.0,530.0,-10.4,45.7,2,,nan,nan,0.0
JGSHF,JG Summit Holdings Inc,0.399,1,3,2,5,3,3,2,19,-10.0,9.0,Broken,Avoid/exit,15,0.0,0.0,-2.3,16.3,0,,Industrials,6727519744.0,0.0
WEXPF,Western Exploration Inc,0.371,7,7,8,5,2,0,3,32,-23.0,9.0,Broken,Avoid/exit,14,-5.9,-6.0,-5.6,39.2,1,,Basic Materials,23141788.0,81607.52
AWHL,Aspira Women's Health Inc.,0.35,1,3,8,3,2,2,2,21,-15.0,9.0,Broken,Avoid/exit,35,-11.6,-12.5,-11.8,40.1,1,,Healthcare,16380144.0,56530.59
MSGY,Masonglory Limited Ordinary Shares,0.357,1,10,2,0,4,0,2,19,-8.0,9.0,Broken,Avoid/exit,29,-10.3,-15.8,-13.6,36.2,1,,Industrials,5079747.0,796225.16
VXRT,Vaxart Inc,0.47,1,7,1,2,4,2,2,19,-10.0,9.0,Broken,Avoid/exit,13,-2.1,-11.3,-8.9,37.4,0,,Healthcare,113785272.0,569767.78
ATYR,"aTyr Pharma, Inc.",0.483,1,11,1,3,2,0,2,20,-11.0,9.0,Broken,Avoid/exit,19,-0.8,-9.6,-5.6,43.6,2,,Healthcare,47358740.0,2584727.39
SLND,"Southland Holdings, Inc.",0.585,1,3,0,8,0,0,2,14,-5.0,9.0,Broken,Avoid/exit,24,-8.9,-17.8,-19.3,40.7,1,,Industrials,31696356.0,1356764.57
SKIN,Beauty Health Co,0.644,2,4,0,8,0,2,2,18,-9.0,9.0,Broken,Avoid/exit,23,-14.8,-29.0,-16.0,38.5,1,,Consumer Defensive,83397624.0,1396173.22
TELA,Tela Bio Inc,0.678,2,10,2,0,2,2,2,20,-11.0,9.0,Broken,Avoid/exit,15,-7.6,-13.7,-8.1,40.6,1,,Healthcare,30329062.0,170627.64
TNYA,Tenaya Therapeutics Inc,0.735,1,6,7,6,0,0,4,24,-15.0,9.0,Broken,Avoid/exit,27,-6.8,-12.8,-7.1,39.6,1,,Healthcare,159515872.0,4198979.59
BUMTF,BUMTF,0.809,0,1,0,7,0,4,2,14,-1.0,9.0,Broken,Avoid/exit,6,-37.8,-37.8,-35.4,0.0,0,,Consumer Defensive,2254387200.0,64.59
STLRF,STLLR Gold Inc,0.907,1,3,9,3,0,2,3,21,-15.0,9.0,Broken,Avoid/exit,28,-10.2,-3.5,-5.0,41.1,1,,Basic Materials,137752768.0,53551.5
SLAIY,SOLAI Limited,0.99,3,9,1,6,2,0,5,26,-15.0,9.0,Broken,Avoid/exit,28,-15.4,-99.8,-98.9,42.6,1,,Technology,4441368.0,52495.5
TOPXX,Federated Hermes Treasury Obl Premier,1.0,3,3,0,4,0,2,4,16,-10.0,9.0,Broken,Avoid/exit,0,-71.9,0.0,-61.1,39.5,0,,nan,nan,0.0
GES,Guess? Inc.,0.005,3,7,3,0,3,0,2,18,-10.0,8.0,Broken,Avoid/exit,17,-16.7,-16.7,-96.5,1.4,0,,Consumer Cyclical,876670656.0,0.0
ANTMF,Antilles Gold Limited,0.007,2,7,5,0,2,0,2,18,-10.0,8.0,Broken,Avoid/exit,12,-12.5,-7.9,-14.7,40.0,0,,Basic Materials,22953654.0,115032.79
PTNUF,Platina Resources Limited,0.01,4,5,1,5,3,0,5,23,-15.0,8.0,Broken,Avoid/exit,18,-19.8,-19.8,-8.7,38.1,1,,Basic Materials,6698390.0,10156.0
FUAPF,Global Cannabis Applications Corp,0.003,1,7,5,0,3,0,2,18,-10.0,8.0,Broken,Avoid/exit,24,-24.4,-20.5,-21.1,40.4,1,,Technology,1915153.0,55583.5
FMBV,Full Motion Beverage Inc,0.003,10,4,9,3,3,2,4,35,-23.0,8.0,Broken,Avoid/exit,18,0.0,0.0,-0.1,26.2,1,,Consumer Defensive,623067.0,6919.11
AAGR,African Agriculture Holdings Inc.,0.007,7,4,2,4,4,0,2,23,-15.0,8.0,Broken,Avoid/exit,41,-30.0,-30.0,-7.7,49.3,1,,Consumer Defensive,405067.0,4185.94
TDRK,Tiderock Companies Inc,0.002,3,7,3,2,4,0,2,21,-13.0,8.0,Broken,Avoid/exit,11,-20.0,20.0,-17.7,37.3,2,,Real Estate,379757.0,530812.68
QTCI,Quantum Capital Inc,0.003,4,3,2,0,3,4,2,18,-10.0,8.0,Broken,Avoid/exit,30,0.0,-70.0,-45.9,17.7,0,,Financial Services,166174.0,819.7
AFFY,Affymax Inc.,0.001,4,4,2,2,3,1,2,18,-10.0,8.0,Broken,Avoid/exit,42,0.0,0.0,-4.2,31.7,0,,Healthcare,37490.0,5960.94
CLEUF,China Liberal Education Holdings Limited,0.002,5,5,4,3,3,1,2,23,-15.0,8.0,Broken,Avoid/exit,32,0.0,0.0,-26.0,45.2,1,,Consumer Defensive,5723.0,2647.57
BYOGD,Bounty Oil & Gas NL,0.018,3,4,1,0,6,7,2,23,-15.0,8.0,Broken,Avoid/exit,35,0.0,0.0,-30.5,9.7,1,,Energy,47269840.0,692.1
ALRDF,Defence Holdings Plc,0.013,2,7,1,3,3,0,2,18,-10.0,8.0,Broken,Avoid/exit,22,0.0,0.0,-13.0,43.3,0,,Industrials,33144712.0,49865.43
SVVC,Firsthand Technology Value Fund Inc,0.011,1,10,2,1,3,2,2,21,-13.0,8.0,Broken,Avoid/exit,21,13.0,-43.5,-19.1,38.5,2,,Financial Services,24263572.0,5283.26
BYOGF,Bounty Oil & Gas NL,0.018,3,4,1,0,6,7,2,23,-15.0,8.0,Broken,Avoid/exit,36,0.0,0.0,-30.3,11.0,1,,Energy,17627710.0,692.1
RVVTF,Revive Therapeutics Ltd,0.018,4,5,2,5,5,0,2,23,-15.0,8.0,Broken,Avoid/exit,26,-14.3,-10.0,-10.3,41.3,1,,Healthcare,7842170.0,370217.65
AICOF,Generative AI Solutions Corp.,0.013,12,6,5,1,3,3,5,35,-30,8,Broken,Avoid/exit,32,0.0,13000.0,72.6,61.8,3,,Technology,1009179.0,5767.08
PDYNW,Palladyne AI Corp,0.011,1,7,1,6,3,0,2,20,-10.0,8.0,Broken,Avoid/exit,14,-12.3,-51.1,-46.6,32.5,0,,nan,nan,94076.38
GIBOW,GIBO Holdings Limited,0.02,3,3,1,5,0,6,2,20,-8.0,8.0,Broken,Avoid/exit,17,-31.0,-31.0,-25.4,38.6,0,,nan,nan,8496.54
CBSC,CB Scientific Inc,0.03,3,1,3,6,4,2,4,23,-15.0,8.0,Broken,Avoid/exit,23,0.0,0.0,-4.0,38.4,1,,Healthcare,4963157.0,18714.0
LUVU,Luvu Brands Inc,0.03,4,6,0,7,6,0,2,25,-13.0,8.0,Broken,Avoid/exit,28,-25.0,-25.0,-15.6,34.2,1,,Consumer Cyclical,2305021.0,34683.67
AGCCF,Gensource Potash Corporation,0.04,3,3,7,2,3,3,2,23,-15.0,8.0,Broken,Avoid/exit,13,0.0,-33.3,-23.5,18.5,1,,Basic Materials,18734718.0,9537.5
NSRPF,Novo Resources Corp,0.04,0,5,7,5,4,0,2,23,-15.0,8.0,Broken,Avoid/exit,24,-7.2,-12.7,-10.1,33.1,1,,Basic Materials,17167632.0,315065.64
SIKI,SIKI,0.04,1,5,1,3,4,2,2,18,-10.0,8.0,Broken,Avoid/exit,14,0.0,-9.5,-11.8,31.5,0,,Technology,nan,263.98
HMTXF,Hemostemix Inc,0.047,14,5,2,5,6,1,5,38,-30,8,Broken,Avoid/exit,41,-14.8,22.0,3.9,54.6,3,,Healthcare,9552834.0,4936.38
HPSIF,HPSIF,0.043,3,3,4,6,3,2,2,23,-15.0,8.0,Broken,Avoid/exit,49,2.4,-14.2,-5.9,39.6,1,,Industrials,4473288.0,44444.05
HAYAF,HAYAF,0.046,1,1,6,3,3,4,2,20,-10.0,8.0,Broken,Avoid/exit,22,-6.9,-13.4,-7.1,37.2,0,,Basic Materials,3414394.0,29976.99
ONPH,Oncology Pharma Inc,0.05,9,6,2,0,2,0,2,21,-13.0,8.0,Broken,Avoid/exit,37,-16.5,-0.2,-16.9,45.8,1,,Financial Services,1901957.0,26399.67
BGLWW,Blue Gold Limited Warrant,0.052,3,7,1,0,4,2,2,19,-11.0,8.0,Broken,Avoid/exit,11,-31.3,-26.6,-37.2,40.9,0,,nan,nan,46168.34
TKCI,TurnKey Capital Inc,0.065,4,15,5,6,4,0,2,36,-28.0,8.0,Broken,Avoid/exit,19,-7.1,20.6,-11.4,45.5,3,,Technology,27535996.0,25932.64
JGLDF,Japan Gold Corp,0.065,9,5,5,8,4,0,4,35,-27.0,8.0,Broken,Avoid/exit,21,-3.0,10.2,0.7,51.1,4,,Basic Materials,19983700.0,26297.07
RNVT,Renovate Neighborhoods Inc,0.061,13,5,5,4,3,3,5,38,-30,8,Broken,Avoid/exit,39,0.0,306.7,51.3,70.9,3,,Financial Services,16030943.0,983.82
GELEF,Graphano Energy Ltd,0.069,4,3,4,4,4,2,2,23,-15.0,8.0,Broken,Avoid/exit,30,-8.2,-13.5,-7.6,37.3,1,,Basic Materials,1496490.0,4447.33
ELECF,Electric Royalties Ltd,0.074,1,8,4,0,4,2,2,21,-13.0,8.0,Broken,Avoid/exit,16,-0.4,-2.9,-2.1,43.7,2,,Basic Materials,9654231.0,42116.6
IBATF,International Battery Metals Ltd,0.082,0,2,2,8,2,0,2,16,-8.0,8.0,Broken,Avoid/exit,18,-14.5,-17.9,-14.0,33.8,1,,Basic Materials,30963340.0,135569.32
TTSRF,Tartisan Nickel Corp,0.089,5,8,3,3,0,0,2,21,-13.0,8.0,Broken,Avoid/exit,14,-17.6,-4.3,-10.4,38.1,2,,Basic Materials,13897510.0,9130.38
NSCIF,Nanalysis Scientific Corp,0.085,1,2,9,5,2,0,4,23,-15.0,8.0,Broken,Avoid/exit,17,-6.0,-7.7,-4.7,30.2,1,,Technology,11768714.0,21634.4
KLGDF,Kalo Gold Holdings Corp,0.087,1,8,2,5,3,0,2,21,-13.0,8.0,Broken,Avoid/exit,15,-10.7,-9.7,-12.2,35.1,1,,Basic Materials,10202817.0,43707.37
CPNFF,Euro Sun Mining Inc,0.096,2,8,7,3,3,0,3,26,-18.0,8.0,Broken,Avoid/exit,14,-13.4,-10.2,-7.9,38.6,1,,Basic Materials,42950844.0,95393.2
AZMCF,Arizona Metals Corp,0.093,9,5,3,0,2,2,2,23,-15.0,8.0,Broken,Avoid/exit,14,2.2,-13.1,-9.5,27.9,1,,Basic Materials,12811384.0,333135.21
BOTY,Lingerie Fighting Championships Inc,0.092,3,12,7,0,3,2,2,29,-21.0,8.0,Broken,Avoid/exit,35,-0.8,-8.6,-5.0,47.1,2,,Communication Services,168829.0,2068.32
PTITF,PT Indosat Tbk,0.112,1,3,3,3,3,3,2,18,-10.0,8.0,Broken,Avoid/exit,0,0.0,-19.9,-8.2,18.9,0,,Communication Services,4892886016.0,0.0
ESGLF,EnviroGold Global Limited,0.113,8,7,6,5,0,1,4,31,-23.0,8.0,Broken,Avoid/exit,42,-1.5,-4.1,-2.9,46.7,1,,Basic Materials,59808120.0,53688.09
RCGCF,Roscan Gold Corp,0.113,5,6,6,2,2,0,2,23,-15.0,8.0,Broken,Avoid/exit,25,-12.5,-5.9,-3.9,45.6,1,,Basic Materials,49552164.0,178521.72
AGRDF,Minnova Corp,0.12,1,7,2,4,3,0,2,19,-11.0,8.0,Broken,Avoid/exit,27,20.0,-11.1,-11.9,44.8,1,,Basic Materials,14606855.0,57020.76
REDRF,REDRF,0.11,0,4,2,7,0,2,2,17,-5.0,8.0,Broken,Avoid/exit,19,-13.1,-12.6,-7.7,33.9,1,,Basic Materials,8488320.0,7695.12
SXNTF,Sixty North Gold Mining Ltd,0.122,5,12,5,5,3,4,2,36,-28,8,Broken,Avoid/exit,19,6.6,32.5,5.2,48.3,4,,Basic Materials,8152709.0,47314.41
LIMN,"Liminatus Pharma, Inc. Class A Common Stock",0.106,3,9,4,3,4,2,3,28,-18.0,8.0,Broken,Avoid/exit,25,-13.3,-8.0,-9.6,42.7,1,,Healthcare,7105566.0,13292911.56
TRRFF,Trifecta Gold Ltd,0.13,3,9,5,1,1,3,2,24,-16.0,8.0,Broken,Avoid/exit,26,0.4,1.4,-2.4,40.2,1,,Basic Materials,6201223.0,38839.85
ADCOF,Adcore Inc,0.106,3,6,6,0,3,2,3,23,-15.0,8.0,Broken,Avoid/exit,29,5.6,-4.6,-2.9,35.4,1,,Technology,6431408.0,10728.83
APACR,StoneBridge Acquisition II Corporation Rights,0.121,1,4,0,9,0,0,2,16,-8.0,8.0,Broken,Avoid/exit,15,-16.5,-21.4,-15.6,42.6,0,,nan,nan,0.0
DRYGF,DRYGF,0.18,3,11,4,0,3,2,2,25,-15.0,8.0,Broken,Avoid/exit,18,-2.0,0.0,-3.0,44.8,1,,Basic Materials,41315780.0,226777.46
FARYF,FAR Limited,0.196,3,3,2,3,3,7,2,23,-15.0,8.0,Broken,Avoid/exit,14,0.0,0.0,-6.8,6.3,1,,Energy,18075328.0,454.95
CDBMF,Cordoba Minerals Corp,0.174,3,10,1,0,3,2,2,21,-13.0,8.0,Broken,Avoid/exit,19,-3.7,-21.1,-25.2,27.6,1,,Basic Materials,16973454.0,0.0
BNET,Bion Environmental Technologies Inc,0.17,2,6,8,2,1,1,2,22,-15.0,8.0,Broken,Avoid/exit,22,-4.2,-10.5,-6.6,44.2,1,,Industrials,9760093.0,21805.75
AMMX,AmeraMex International Inc,0.15,1,3,6,5,0,1,2,18,-10.0,8.0,Broken,Avoid/exit,37,-6.2,-8.0,-6.5,31.1,0,,Industrials,2328177.0,13474.16
OLVI,Oliveda International Inc,0.24,1,9,1,3,0,0,2,16,-8.0,8.0,Broken,Avoid/exit,40,-20.0,-22.6,-17.1,42.8,1,,Consumer Defensive,154442912.0,24258.11
LGCXF,Lahontan Gold Corp.,0.237,4,3,9,0,2,0,2,20,-15.0,8.0,Broken,Avoid/exit,38,-7.3,-7.3,-5.2,43.2,1,,Basic Materials,101516232.0,923531.87
ARAY,Accuray Incorporated,0.231,3,3,8,3,2,2,2,23,-15.0,8.0,Broken,Avoid/exit,18,-3.8,-14.5,-10.0,37.1,1,,Healthcare,28955762.0,1860404.01
PNTZF,Trigon Metals Inc,0.201,2,4,1,6,3,0,2,18,-10.0,8.0,Broken,Avoid/exit,16,-10.8,-20.7,-11.3,34.2,0,,Basic Materials,10999639.0,15812.07
QYOUF,QYOU Media Inc,0.202,3,6,6,0,3,3,2,23,-15.0,8.0,Broken,Avoid/exit,32,0.0,-2.4,-3.2,37.7,1,,Communication Services,10527649.0,14048.67
ALVOW,Alvotech Warrant,0.22,1,9,1,2,3,0,2,18,-10.0,8.0,Broken,Avoid/exit,32,-33.4,-33.4,-11.9,48.0,0,,nan,nan,4995.05
MBQIF,MBQIF,0.201,2,5,2,5,0,0,2,16,-8.0,8.0,Broken,Avoid/exit,0,-4.1,-36.3,-37.0,40.1,0,,nan,nan,0.0
BGM,Qilian International Holding Group Limited,0.286,4,9,5,3,2,0,2,25,-15.0,8.0,Broken,Avoid/exit,26,1.9,-7.9,-6.3,43.6,1,,Healthcare,114778592.0,223870.1
CLMHF,Calgro M3 Holdings Limited,0.251,3,4,1,2,3,3,2,18,-10.0,8.0,Broken,Avoid/exit,11,0.0,0.0,-2.1,0.0,0,,Consumer Cyclical,23950070.0,1343.0
DTRK,DATATRAK International Inc,0.25,13,6,6,5,0,3,5,38,-30,8,Broken,Avoid/exit,20,47.1,38.9,10.2,56.2,3,,Healthcare,6922280.0,1555.24
MTNB,Matinas BioPharma Holdings Inc,0.298,5,5,0,4,4,2,2,22,-15.0,8.0,Broken,Avoid/exit,18,11.6,-12.6,-26.3,35.0,1,,Healthcare,1908404.0,1555956.13
ATMYF,ATMYF,0.28,2,8,1,0,3,0,2,16,-8.0,8.0,Broken,Avoid/exit,15,-15.2,-20.0,-18.9,33.2,0,,nan,nan,0.0
ZLDAF,Zelira Therapeutics Limited,0.3,3,4,3,3,3,5,2,23,-15.0,8.0,Broken,Avoid/exit,27,0.0,0.0,-2.9,1.4,1,,Healthcare,3944146.0,237.46
ASPSW,Altisource Portfolio Solutions S.A.,0.349,1,5,0,0,6,4,2,18,-8.0,8.0,Broken,Avoid/exit,29,-5.7,-16.9,-8.3,42.6,0,,nan,nan,22061.25
SVMLF,Sovereign Metals Limited,0.35,1,6,4,6,4,0,2,23,-15.0,8.0,Broken,Avoid/exit,21,-5.4,-10.3,-5.9,38.9,1,,Basic Materials,229621120.0,143327.84
ATEPF,Astra Exploration Inc.,0.382,3,5,3,6,2,2,2,23,-15.0,8.0,Broken,Avoid/exit,17,-5.0,-4.5,-6.3,38.8,1,,Basic Materials,52500192.0,133705.25
TFGL,Nuvonyx Inc,0.379,1,1,7,5,3,4,2,23,-15.0,8.0,Broken,Avoid/exit,22,0.0,-21.0,-11.8,22.9,1,,Financial Services,671570.0,1157.4
FMTOF,Femto Technologies Inc.,0.433,3,4,4,0,3,2,2,18,-10.0,8.0,Broken,Avoid/exit,21,-2.0,-2.0,-12.6,28.6,0,,Technology,449356.0,1495.21
CBUMF,China National Building Material Company Limited,0.469,1,10,1,0,4,0,2,18,-8.0,8.0,Broken,Avoid/exit,21,-6.2,-3.9,-10.3,40.3,1,,Basic Materials,3560367616.0,0.0
PAASF,Pan American Silver Corp.,0.49,5,5,4,0,0,2,2,18,-10.0,8.0,Broken,Avoid/exit,23,-2.0,-1.0,-6.9,31.6,0,,nan,nan,231081.79
DXLG,Destination XL Group Inc,0.596,1,5,8,3,0,4,2,23,-15.0,8.0,Broken,Avoid/exit,31,-3.9,-6.9,-5.6,34.3,1,,Consumer Cyclical,32942764.0,150099.72
MANOF,Manolete Partners Plc,0.55,6,3,2,4,3,0,5,23,-11.0,8.0,Broken,Avoid/exit,24,-8.8,-8.8,-4.2,42.2,0,,Industrials,24192282.0,976.75
CYPH,Cypherpunk Technologies Inc.,0.601,0,2,8,3,2,4,4,23,-15.0,8.0,Broken,Avoid/exit,20,-10.6,-20.2,-11.3,38.0,1,,Financial Services,63974504.0,10085098.66
AMEGF,American Eagle Gold Corp,0.715,3,3,7,0,2,2,3,20,-15.0,8.0,Broken,Avoid/exit,32,-5.0,-13.8,-4.8,43.4,1,,Basic Materials,146601648.0,64419.5
POM,POMDOCTOR LIMITED American Depositary Shares,0.701,5,7,1,3,7,0,2,25,-15.0,8.0,Broken,Avoid/exit,52,-12.5,-53.6,-27.1,39.2,1,,Healthcare,5071063.0,3511317.24
SERKF,Serko Limited,0.755,0,4,0,8,0,1,2,15,-3.0,8.0,Broken,Avoid/exit,17,-7.4,-6.3,-10.9,41.7,1,,Technology,95247768.0,534.38
LRDC,Laredo Oil Inc,0.76,3,8,1,5,4,0,2,23,-13.0,8.0,Broken,Avoid/exit,44,0.0,-5.0,-3.3,46.2,2,,Energy,55212964.0,61679.29
LHAI,Linkhome Holdings Inc. Common stock,0.8,3,3,2,5,0,2,5,20,-15.0,8.0,Broken,Avoid/exit,27,-18.3,-29.8,-21.2,43.2,1,,Real Estate,13227306.0,2839771.65
BTOG,Bit Origin Ltd,0.815,6,4,4,3,2,2,2,23,-15.0,8.0,Broken,Avoid/exit,13,-10.4,-14.3,-20.8,26.0,1,,Financial Services,2196821.0,484025.53
NRDY,Nerdy Inc,0.85,2,5,2,3,5,4,2,23,-13.0,8.0,Broken,Avoid/exit,40,3.2,0.5,-1.6,46.4,2,,Technology,162194640.0,797725.96
ARTTF,Artemis Resources Ltd,0.002,3,1,6,0,3,2,2,17,-10.0,7.0,Broken,Avoid/exit,21,-11.1,-11.1,-9.5,36.4,0,,Basic Materials,10813910.0,33746.47
MBAK,MBAK Energy Solutions Inc.,0.002,3,5,1,6,0,0,2,17,-10.0,7.0,Broken,Avoid/exit,13,-30.8,-28.0,-30.1,30.3,1,,Consumer Cyclical,5503417.0,3699175.59
AITX,Artificial Intelligence Technology Solutions Inc,0.006,3,11,3,0,2,2,2,23,-16.0,7.0,Broken,Avoid/exit,22,-7.1,-24.4,-24.8,28.0,1,,Industrials,2683979.0,2868572.49
DTGI,Digerati Technologies Inc,0.004,1,4,2,6,4,0,2,19,-10.0,7.0,Broken,Avoid/exit,11,-11.9,-37.3,-23.0,37.2,0,,Communication Services,2657847.0,704515.0
DOGP,"Dogecoin Cash, Inc.",0.007,2,5,5,5,0,2,2,21,-14.0,7.0,Broken,Avoid/exit,10,-14.5,-9.0,-12.2,33.6,0,,Healthcare,1154524.0,385968.75
GSSRF,Gossan Resources Limited,0.004,3,4,1,4,3,5,2,22,-15.0,7.0,Broken,Avoid/exit,15,0.0,0.0,-47.6,1.9,1,,Basic Materials,730360.0,4557.55
SMPP,Strategic Management and Opportunity Corporation,0.004,3,4,1,5,3,5,5,26,-15.0,7.0,Broken,Avoid/exit,42,0.0,0.0,-80.8,48.3,1,,Financial Services,663443.0,135.39
LTRYW,"Lottery.com, Inc. Warrants",0.009,1,2,8,7,2,2,2,24,-15.0,7.0,Broken,Avoid/exit,32,-15.0,-9.0,-11.2,41.5,1,,Consumer Cyclical,nan,138359.11
SVNNF,Savannah Energy PLC,0.011,3,3,1,2,3,3,2,17,-10.0,7.0,Broken,Avoid/exit,9,0.0,0.0,-55.6,34.7,0,,Energy,23183356.0,21453.09
DTZZF,Dotz Nano Limited,0.018,5,6,1,4,2,2,2,22,-15.0,7.0,Broken,Avoid/exit,23,9.7,9.7,-11.5,43.6,2,,Basic Materials,15280373.0,570443.08
XERI,Xeriant Inc,0.012,2,3,2,4,4,0,2,17,-10.0,7.0,Broken,Avoid/exit,40,-10.0,-16.4,-18.5,36.5,0,,Industrials,11095338.0,2134853.83
LANRF,Lancaster Resources Inc.,0.014,7,3,4,3,3,0,2,22,-15.0,7.0,Broken,Avoid/exit,16,-10.4,-10.4,-11.2,23.5,1,,Basic Materials,1492882.0,6934.03
PWRLF,POWR Lithium Corp.,0.014,5,3,3,6,0,0,2,19,-8.0,7.0,Broken,Avoid/exit,14,-9.7,19.7,-13.4,42.2,2,,Basic Materials,1013022.0,6315.77
LTESF,LEET Inc.,0.02,3,4,1,1,6,0,2,17,-10.0,7.0,Broken,Avoid/exit,32,0.0,-33.3,-18.2,42.7,0,,Communication Services,75548.0,495.93
BKUCF,Blue Sky Uranium Corp,0.03,6,8,3,0,3,0,2,22,-15.0,7.0,Broken,Avoid/exit,16,0.0,0.0,-6.7,40.4,1,,Energy,14329628.0,352847.96
CVGRF,City View Green Holdings Inc,0.026,2,4,3,3,3,2,5,22,-15.0,7.0,Broken,Avoid/exit,33,-13.7,-5.7,-12.1,44.2,1,,Healthcare,1704668.0,94493.43
SUNR,Sun Sports and Entertainment Inc,0.026,7,8,1,7,1,0,5,29,-23.0,7.0,Broken,Avoid/exit,40,0.0,30.0,2.1,50.8,4,,nan,2.0,1402934.5
SGCPF,Solstice Gold Corp,0.035,3,9,1,2,3,2,2,22,-15.0,7.0,Broken,Avoid/exit,21,-1.4,-5.1,-25.3,45.6,1,,Basic Materials,9186875.0,117764.82
DGNMF,Diagnamed Holdings Corp.,0.034,13,6,6,2,3,4,3,37,-30,7,Broken,Avoid/exit,21,35.6,26.0,6.4,52.1,3,,Healthcare,4461555.0,108829.41
SYGCF,Sylla Gold Corp.,0.036,4,10,6,8,2,2,5,37,-28,7,Broken,Avoid/exit,23,45.6,32.7,10.9,51.7,4,,Basic Materials,3873451.0,42956.25
VQSSF,VIQ Solutions Inc.,0.038,2,4,0,10,0,2,2,20,-13.0,7.0,Broken,Avoid/exit,15,-38.9,-46.5,-30.6,37.4,1,,Technology,2656423.0,4782.56
POSAF,POSaBIT Systems Corp,0.044,3,6,1,1,2,2,2,17,-10.0,7.0,Broken,Avoid/exit,30,-2.2,-8.3,-9.2,42.8,1,,Technology,7135221.0,33865.48
ECGS,Eco-Growth Strategies Inc,0.051,4,4,4,6,0,2,2,22,-15.0,7.0,Broken,Avoid/exit,25,-9.3,-18.1,-17.0,37.9,2,,Consumer Defensive,3092837.0,130947.19
TOIIW,The Oncology Institute Inc,0.049,7,5,2,9,7,1,2,33,-26.0,7.0,Broken,Avoid/exit,32,-29.8,17.0,-4.9,48.7,3,,nan,nan,13195.48
GRCAF,Gold Springs Resource Corp,0.054,2,1,6,6,0,2,2,19,-10.0,7.0,Broken,Avoid/exit,26,-17.2,-17.2,-15.3,26.5,0,,Basic Materials,15282730.0,19496.07
NMEX,Northern Minerals & Exploration Ltd,0.06,0,2,5,3,0,4,2,16,-8.0,7.0,Broken,Avoid/exit,29,-16.7,-39.2,-18.7,42.1,0,,Basic Materials,6947692.0,7611.24
SBFMW,Sunshine Biopharma Inc. Warrant,0.055,6,7,1,3,0,5,5,27,-20,7,Broken,Avoid/exit,31,77.6,-34.9,-8.7,48.5,1,8,nan,nan,0.0
SCLTF,Searchlight Resources Inc,0.065,0,6,6,0,3,0,2,17,-10.0,7.0,Broken,Avoid/exit,35,-0.8,-4.6,-7.9,42.9,0,,Basic Materials,2791775.0,30358.5
AENRF,AENRF,0.066,0,3,0,8,0,0,2,13,-6.0,7.0,Broken,Avoid/exit,0,-49.2,-46.9,-34.9,41.6,0,,nan,nan,0.0
ZOMDF,Zomedica Corp.,0.083,1,6,4,5,2,4,2,24,-15.0,7.0,Broken,Avoid/exit,28,-3.5,-2.4,-6.1,39.1,2,,Healthcare,80355880.0,1333833.48
SLRRF,Silver Range Resources Ltd,0.09,6,7,12,2,0,2,5,34,-30.0,7.0,Broken,Avoid/exit,31,12.5,12.5,2.8,51.2,3,,Basic Materials,8914962.0,13889.37
SABOF,Sabio Holdings Inc.,0.084,1,1,2,4,3,4,2,17,-10.0,7.0,Broken,Avoid/exit,14,0.0,-19.2,-10.8,0.2,0,,Communication Services,4556345.0,1417.04
NORSF,Norsk Titanium AS,0.095,5,6,0,2,3,1,2,19,-15.0,7.0,Broken,Avoid/exit,19,2.9,-13.4,-8.6,44.8,1,,Industrials,122886528.0,8793.68
BTRMF,Battery Mineral Resources Corp,0.096,3,2,9,5,0,1,2,22,-15.0,7.0,Broken,Avoid/exit,23,-5.1,-3.7,-5.9,35.1,1,,Basic Materials,42398832.0,31302.03
TWRFF,Tower Resources Ltd,0.093,2,3,2,4,6,3,2,22,-15.0,7.0,Broken,Avoid/exit,18,0.0,-8.5,-6.2,35.8,1,,Basic Materials,17692000.0,11020.9
DDOSF,Corero Network Security plc,0.129,1,3,2,4,3,2,2,17,-10.0,7.0,Broken,Avoid/exit,20,0.0,-10.2,-8.8,6.6,0,,Technology,65966868.0,7092.91
UGDIF,Unigold Inc,0.13,3,6,7,3,3,0,2,24,-13.0,7.0,Broken,Avoid/exit,15,-7.1,-13.3,-8.3,32.9,1,,Basic Materials,44044492.0,84358.41
CNRIF,Condor Resources Inc,0.1,3,8,5,9,0,0,2,27,-20.0,7.0,Broken,Avoid/exit,25,-9.1,11.1,-5.4,46.2,3,,Basic Materials,13978063.0,18346.94
AIEV,"Thunder Power Holdings, Inc.",0.11,3,4,3,6,0,2,2,20,-13.0,7.0,Broken,Avoid/exit,19,-5.9,-26.6,-12.6,43.1,2,,Consumer Cyclical,11285717.0,17042.42
AETN,Aeternum Health Inc.,0.1,3,3,2,4,3,0,4,19,-15.0,7.0,Broken,Avoid/exit,0,-16.7,-16.7,-11.4,45.6,1,,Consumer Cyclical,9610520.0,0.0
BBBMF,Huntsman Exploration Inc,0.111,7,10,5,2,3,3,5,35,-28.0,7.0,Broken,Avoid/exit,26,7.8,13.3,4.8,51.4,3,,Basic Materials,8782576.0,35036.27
TUTH,Standard Dental Labs Inc.,0.1,2,8,1,4,5,0,2,22,-11.0,7.0,Broken,Avoid/exit,23,-1.0,0.0,-19.2,44.7,0,,Healthcare,3557117.0,35791.27
PWMXF,PWMXF,0.115,0,2,1,8,0,2,2,15,-8.0,7.0,Broken,Avoid/exit,23,-21.7,-27.6,-24.2,31.4,0,,nan,nan,0.0
KSRBF,Kossan Rubber Industries Bhd,0.189,3,4,1,1,3,3,2,17,-10.0,7.0,Broken,Avoid/exit,6,0.0,0.0,-13.3,0.0,0,,Healthcare,476318400.0,35.0
NOMNF,CANEX Metals Inc,0.151,4,9,0,5,0,1,2,21,-10.0,7.0,Broken,Avoid/exit,18,-13.7,-12.8,-9.5,44.0,0,,Basic Materials,31513238.0,14810.1
CREG,Smart Powerr Corp,0.2,1,8,0,0,4,2,2,17,-8.0,7.0,Broken,Avoid/exit,16,17.6,-87.4,-79.3,26.9,1,,Utilities,548907.0,966998.54
SPTCF,SPTCF,0.215,9,11,4,2,3,3,5,37,-30.0,7.0,Broken,Avoid/exit,0,19.4,18.1,4.4,51.7,3,,Basic Materials,25652892.0,0.0
FTURF,Future Fuels Inc.,0.216,1,4,2,5,3,2,5,22,-15.0,7.0,Broken,Avoid/exit,28,22.0,-31.4,-6.6,41.8,1,,Basic Materials,23852078.0,5739.48
CXXIF,C21 Investments Inc,0.214,1,11,5,0,3,0,2,22,-13.0,7.0,Broken,Avoid/exit,22,-2.3,-6.1,-4.8,43.4,1,,Healthcare,23379782.0,117943.91
KRLTF,Karnalyte Resources Inc,0.21,5,3,6,0,3,3,2,22,-15.0,7.0,Broken,Avoid/exit,38,-1.5,-1.5,-2.8,14.4,1,,Basic Materials,12255317.0,2717.95
APCX,Apptech Corp,0.245,5,7,3,5,2,6,2,30,-23.0,7.0,Broken,Avoid/exit,19,-8.6,-5.8,-11.0,39.1,1,,Technology,10290965.0,68921.65
TOVX,Theriva Biologics Inc.,0.219,3,10,6,0,3,0,2,24,-15.0,7.0,Broken,Avoid/exit,26,-4.8,-8.7,-5.5,39.7,1,,Healthcare,10050494.0,16177428.63
CMBMF,Cambium Networks Corporation,0.22,2,4,3,5,4,4,2,24,-15.0,7.0,Broken,Avoid/exit,13,-6.4,-21.4,-17.8,43.9,1,,Technology,6387237.0,5323737.54
GELNF,Gelion plc,0.25,2,1,2,3,6,5,3,22,-15.0,7.0,Broken,Avoid/exit,37,0.0,-3.8,-1.9,25.3,1,,Industrials,57355364.0,551.0
QZMRF,Quartz Mountain Resources Ltd,0.272,3,10,3,0,4,2,2,24,-15.0,7.0,Broken,Avoid/exit,15,12.4,-10.6,-8.7,36.7,2,,Basic Materials,20518818.0,44137.93
WLTNF,Wilton Resources Inc,0.255,1,5,2,1,6,0,2,17,-13.0,7.0,Broken,Avoid/exit,20,-11.3,-11.3,-8.6,21.2,2,,Energy,20851524.0,2053.88
GCTK,GlucoTrack Inc,0.285,0,7,2,0,0,4,2,15,-8.0,7.0,Broken,Avoid/exit,18,-6.9,-46.1,-22.9,34.5,0,,Healthcare,1869394.0,2558716.37
GCTS-WT,"GCT Semiconductor Holding, Inc. WT",0.298,3,6,1,3,2,0,2,17,-8.0,7.0,Broken,Avoid/exit,37,-18.2,-27.2,-17.4,39.3,0,,nan,nan,89394.12
SAGMF,SAGMF,0.294,0,6,5,0,4,0,2,17,-10.0,7.0,Broken,Avoid/exit,19,-12.8,-16.3,-12.1,34.1,0,,nan,nan,205732.13
NFE,New Fortress Energy LLC,0.325,3,6,9,0,2,2,2,24,-15.0,7.0,Broken,Avoid/exit,15,-1.4,-12.6,-9.3,38.4,1,,Energy,92916952.0,10825422.18
CNQQF,Clean Teq Water Ltd,0.33,3,6,1,4,3,0,5,22,-15.0,7.0,Broken,Avoid/exit,47,-52.9,6.5,-27.5,40.6,1,,Utilities,61925700.0,5864.91
ZNOG,Zion Oil & Gas Inc,0.408,6,6,1,3,2,2,2,22,-15.0,7.0,Broken,Avoid/exit,44,-7.3,2.0,-5.4,44.2,1,,Energy,473511008.0,3627965.88
FANCF,First Atlantic Nickel Corp.,0.4,3,10,1,0,4,2,2,22,-13.0,7.0,Broken,Avoid/exit,38,-9.1,-20.4,-15.2,36.3,1,,Basic Materials,61325404.0,406398.85
IGCRF,IGCRF,0.42,0,2,5,4,0,2,4,17,-15.0,7.0,Broken,Avoid/exit,26,-20.7,-24.3,-13.5,37.5,1,,Technology,33499412.0,14046.81
VVOS,Vivos Therapeutics Inc,0.414,4,12,4,0,4,2,2,28,-21.0,7.0,Broken,Avoid/exit,22,2.5,0.2,-4.9,40.6,1,,Healthcare,5750975.0,636512.49
DXF,Eason Technology Limited,0.43,3,6,3,3,2,0,5,22,-13.0,7.0,Broken,Avoid/exit,20,-23.2,-18.9,-18.0,41.2,1,,Financial Services,1401169.0,2922374.98
CVWFF,CVW CleanTech Inc,0.52,1,3,2,5,2,2,2,17,-10.0,7.0,Broken,Avoid/exit,11,-10.3,-14.8,-13.3,12.3,0,,Basic Materials,150232560.0,5605.0
TIANF,Tianneng Power International Limited,0.597,1,3,0,5,3,3,2,17,-10.0,7.0,Broken,Avoid/exit,8,0.0,0.0,-13.8,0.0,0,,Consumer Cyclical,671845888.0,15.0
VLTLF,Volt Lithium Corp.,0.56,4,10,4,0,2,2,2,24,-15.0,7.0,Broken,Avoid/exit,24,-6.2,0.7,-8.6,39.1,1,,Basic Materials,120766680.0,562041.97
BGDFF,BGDFF,0.65,7,9,5,7,3,2,2,35,-28.0,7.0,Broken,Avoid/exit,28,30.0,23.6,4.5,50.9,3,,Basic Materials,175858640.0,6615.2
ORIO,Orion Digital Corp.,0.662,1,10,1,0,4,2,2,20,-13.0,7.0,Broken,Avoid/exit,11,4.3,-8.0,-7.4,34.0,2,,Technology,15703596.0,81393.32
KALA,Kala Pharmaceuticals Inc,0.673,1,7,1,3,4,2,2,20,-13.0,7.0,Broken,Avoid/exit,24,-8.6,-34.6,-37.5,28.8,2,,Healthcare,12518363.0,139843.9
BTTC,Black Titan Corporation,0.7,3,2,0,4,2,4,2,17,-10.0,7.0,Broken,Avoid/exit,19,-23.6,-11.2,-16.3,37.3,0,,nan,7540080.0,761776.42
REVFF,REVFF,0.739,3,5,4,3,3,2,2,22,-15.0,7.0,Broken,Avoid/exit,36,-0.9,-15.1,-10.0,35.8,1,,Basic Materials,44373580.0,6340.81
CGMLF,Chalice Mining Limited,0.76,3,3,8,0,0,3,2,19,-15.0,7.0,Broken,Avoid/exit,18,0.0,-3.8,-4.1,29.4,1,,Basic Materials,296523520.0,3815.88
SAGT,SAGTEC GLOBAL LIMITED Ordinary shares,0.75,1,4,5,0,2,0,2,14,-10.0,7.0,Broken,Avoid/exit,12,-12.9,-16.3,-15.6,34.8,0,,Technology,14287500.0,1276563.36
HTZWW,Hertz Global Hldgs New Equity Warrants,0.783,3,7,3,0,2,0,2,17,-10.0,7.0,Broken,Avoid/exit,8,-8.4,-10.5,-23.1,25.2,0,,nan,nan,114014.88
BCLI,Brainstorm Cell Therapeutics Inc,0.88,7,3,0,5,2,0,2,19,-15.0,7.0,Broken,Avoid/exit,38,-10.2,-9.3,-9.0,43.3,1,,Healthcare,9931297.0,19172.49
SAPMY,Saipem SpA ADR,0.9,2,10,2,0,4,0,2,20,-13.0,7.0,Broken,Avoid/exit,27,-2.2,-7.2,-6.0,43.0,0,,Energy,8731272192.0,0.0
URLOF,NameSilo Technologies Corp,0.94,3,3,6,0,0,3,2,17,-10.0,7.0,Broken,Avoid/exit,12,-1.1,-2.3,-3.0,35.3,0,,Technology,84682240.0,42710.4
DOGZ,Dogness International Corp Class A,0.905,4,7,4,5,0,0,2,22,-15.0,7.0,Broken,Avoid/exit,23,-10.6,-10.4,-8.9,37.2,1,,Consumer Cyclical,13132145.0,513465.12
LGDTF,Liberty Gold Corp,0.95,3,5,7,3,2,0,2,22,-15.0,7.0,Broken,Avoid/exit,42,-7.8,-4.0,-4.2,43.8,2,,Basic Materials,503881408.0,642844.88
BEEM,Beam Global,0.979,2,5,3,8,0,0,2,20,-13.0,7.0,Broken,Avoid/exit,22,-10.2,-8.5,-11.5,32.0,1,,Technology,21730912.0,1087830.72
PXXXF,PolarX Limited,0.01,1,3,2,2,3,3,2,16,-10.0,6.0,Broken,Avoid/exit,16,0.0,-38.3,-18.4,3.8,0,,Basic Materials,27250190.0,16989.16
LMMFF,Lithium Australia NL,0.006,1,6,2,5,0,0,2,16,-10.0,6.0,Broken,Avoid/exit,25,-3.2,-3.2,-3.1,42.5,0,,Industrials,12386203.0,7075.62
UNVC,Univec Inc,0.003,11,4,3,5,5,3,5,36,-30,6,Broken,Avoid/exit,49,33.3,3.2,4.9,53.7,1,,Healthcare,8073909.0,1119917.59
CCEDF,Cascadero Copper Corporation,0.004,0,2,1,6,0,2,5,16,-10.0,6.0,Broken,Avoid/exit,9,-77.2,-72.7,-74.2,24.7,0,,Basic Materials,5402337.0,29293.36
HDUP,HeadsUp Entertainment International Inc,0.007,3,4,1,9,3,0,2,22,-16.0,6.0,Broken,Avoid/exit,24,-18.2,-28.0,-31.2,36.7,1,,Communication Services,1697421.0,103859.67
KITL,Kisses From Italy Inc,0.002,3,2,3,5,3,0,2,18,-10.0,6.0,Broken,Avoid/exit,27,-4.8,-20.0,-16.2,26.3,1,,Consumer Cyclical,1025981.0,3753863.6
NFTM,"The NFT Marketplace, Inc.",0.002,4,4,2,3,3,0,5,21,-15.0,6.0,Broken,Avoid/exit,26,-33.3,-33.3,-36.2,41.9,1,,Financial Services,402042.0,4120.29
REEAF,REE Automotive Ltd.,0.004,3,3,0,5,2,6,2,21,-15.0,6.0,Broken,Avoid/exit,12,-20.0,-92.9,-95.0,18.1,2,,Consumer Cyclical,116497.0,265900.29
JNCCF,JNC Resources Inc,0.002,1,4,0,4,3,7,2,21,-15.0,6.0,Broken,Avoid/exit,10,0.0,0.0,-95.1,0.0,1,,Basic Materials,20712.0,34.5
ASTLW,Algoma Steel Group Inc. Warrant,0.01,1,9,1,1,3,2,2,19,-13.0,6.0,Broken,Avoid/exit,17,-20.6,-66.7,-55.5,43.2,1,,nan,nan,41538.49
SNAVF,Star Navigation Systems Group Ltd,0.012,13,6,1,4,3,2,5,34,-28.0,6.0,Broken,Avoid/exit,58,-34.5,-35.9,-10.7,48.2,0,,Industrials,19498490.0,21106.83
CNSUF,Canasil Resources Inc,0.02,2,4,4,2,2,0,2,16,-10.0,6.0,Broken,Avoid/exit,34,-28.6,-35.5,-20.8,43.7,0,,Basic Materials,3116285.0,16618.64
DGCMF,Digital Commodities Capital Corp.,0.011,3,2,6,4,2,0,2,19,-13.0,6.0,Broken,Avoid/exit,13,-19.6,-19.6,-17.9,34.1,0,,Financial Services,2074646.0,46850.79
DCNNF,Canadian Palladium Resources Inc,0.016,4,13,2,1,3,4,2,29,-23.0,6.0,Broken,Avoid/exit,15,-11.1,-0.6,-6.9,46.1,1,,Basic Materials,668448.0,33789.22
BTMCQ,Bitcoin Depot Inc.,0.02,3,5,1,5,3,2,2,21,-15.0,6.0,Broken,Avoid/exit,8,0.0,-83.3,-81.0,23.4,1,,Financial Services,226971.0,295420.33
PCLI,Protocall Technologs,0.012,1,5,3,2,3,1,3,18,-15.0,6.0,Broken,Avoid/exit,24,0.0,0.0,-3.2,41.5,1,,Real Estate,189007.0,1748.3
BCNWF,Bitcoin Well Inc.,0.025,3,5,8,1,0,2,5,24,-18.0,6.0,Broken,Avoid/exit,12,-1.6,0.4,-5.4,41.5,0,,Financial Services,9976600.0,57427.55
SNIPF,Snipp Interactive Inc,0.028,8,8,6,2,0,3,2,29,-23.0,6.0,Broken,Avoid/exit,20,-3.1,0.7,-2.2,46.4,1,,Communication Services,8443269.0,63779.15
DTMXF,Datametrex AI Limited,0.025,4,3,6,0,3,3,2,21,-15.0,6.0,Broken,Avoid/exit,19,0.0,-7.1,-4.5,29.7,1,,Technology,3799391.0,2309.05
SLMLF,Apex Resources Inc,0.027,1,1,2,2,6,2,2,16,-10.0,6.0,Broken,Avoid/exit,15,-33.3,-33.3,-23.2,20.5,0,,Basic Materials,2239798.0,4094.84
PGYWW,Pagaya Technologies Ltd. Warrants,0.024,2,6,0,4,0,2,2,16,-10.0,6.0,Broken,Avoid/exit,21,-18.3,-17.7,-36.3,43.3,0,,nan,nan,85538.07
SLND-WT,SLND-WT,0.026,10,5,6,4,0,2,4,31,-25.0,6.0,Broken,Avoid/exit,31,16.0,2.4,-12.3,47.3,0,,nan,nan,49470.03
AMODW,"Alpha Modus Holdings, Inc.",0.023,0,9,0,5,3,0,2,19,-13.0,6.0,Broken,Avoid/exit,13,-18.4,-65.9,-44.1,44.6,1,,nan,nan,10509.18
ICMFF,Iconic Minerals Ltd.,0.032,5,1,7,6,0,0,2,21,-15.0,6.0,Broken,Avoid/exit,8,-16.1,-20.4,-15.2,33.8,1,,Basic Materials,5888562.0,616900.65
HSTA,Hestia Insight Inc,0.034,2,5,1,5,6,0,2,21,-15.0,6.0,Broken,Avoid/exit,39,-10.9,-25.6,-12.9,22.6,1,,Technology,935685.0,3980.56
HGAS,Global Gas Corporation,0.04,1,4,2,0,3,4,2,16,-10.0,6.0,Broken,Avoid/exit,39,0.0,0.0,-10.8,38.3,0,,Basic Materials,302869.0,1002.39
SCAGW,Scage Future Warrants,0.037,1,9,0,1,3,0,2,16,-10.0,6.0,Broken,Avoid/exit,23,-15.8,-10.5,-17.9,43.3,1,,nan,nan,0.0
NRVTF,Noram Lithium Corp,0.049,1,7,1,5,3,2,2,21,-15.0,6.0,Broken,Avoid/exit,11,-14.0,-21.0,-19.8,30.2,2,,Basic Materials,4435485.0,88101.43
SCYRF,Scryb Inc,0.041,1,3,0,4,3,3,2,16,-10.0,6.0,Broken,Avoid/exit,11,0.0,0.0,-20.7,1.8,0,,Financial Services,2315509.0,707.5
RDGL,Vivos Inc,0.058,2,12,0,0,2,2,3,21,-13.0,6.0,Broken,Avoid/exit,20,0.3,-2.2,-5.5,44.5,1,,Healthcare,28769128.0,1143907.07
NALG,North America Lithium Corp.,0.052,3,6,3,6,0,2,2,22,-12.0,6.0,Broken,Avoid/exit,14,-13.3,-13.3,-19.1,36.6,0,,Basic Materials,17722650.0,45577.38
STTDF,Standard Uranium Ltd.,0.057,2,6,5,6,0,0,2,21,-13.0,6.0,Broken,Avoid/exit,16,-5.5,-5.5,-8.6,33.4,1,,Energy,8995716.0,82583.62
PRPH,ProPhase Labs Inc,0.06,3,8,6,0,2,0,2,21,-13.0,6.0,Broken,Avoid/exit,21,0.0,-0.3,-13.1,39.7,1,,Healthcare,897037.0,2650669.48
PANXF,PTX Metals Inc.,0.068,1,2,6,8,0,0,2,19,-13.0,6.0,Broken,Avoid/exit,17,-8.2,-8.2,-9.3,32.7,1,,Basic Materials,15004887.0,192624.62
MAGE,Magellan Gold Corp,0.069,1,4,3,6,3,2,2,21,-15.0,6.0,Broken,Avoid/exit,17,0.0,-1.4,-21.8,28.3,1,,Basic Materials,1886433.0,10228.97
DAUGF,Desert Gold Ventures Inc,0.076,5,6,7,4,1,3,3,29,-23.0,6.0,Broken,Avoid/exit,28,-2.4,-9.4,-5.6,41.8,1,,Basic Materials,27531188.0,0.0
CHKKF,Chakana Copper Corp,0.075,0,8,3,0,3,0,2,16,-10.0,6.0,Broken,Avoid/exit,10,-9.6,-15.7,-8.5,42.5,0,,Basic Materials,3562395.0,24108.63
ENGT,Energy & Technology Corp,0.09,3,3,1,4,0,3,2,16,-10.0,6.0,Broken,Avoid/exit,11,0.0,-25.0,-37.8,32.6,0,,Energy,70907992.0,1065.76
GMVMF,GMV Minerals Inc,0.087,3,14,8,1,3,0,3,32,-26.0,6.0,Broken,Avoid/exit,12,-9.1,-5.1,-2.1,45.9,1,,Basic Materials,10695110.0,103378.09
FUST,Fuse Group Holding Inc,0.09,3,2,9,2,0,1,4,21,-15.0,6.0,Broken,Avoid/exit,22,-2.2,-2.2,-2.7,35.4,1,,Basic Materials,1550314.0,4223.45
UPERF,UPERF,0.09,3,8,2,0,3,3,2,21,-15.0,6.0,Broken,Avoid/exit,0,0.0,0.0,-11.9,30.2,1,,Basic Materials,nan,0.0
ARAFF,Arafura Resources Ltd,0.136,1,7,2,0,4,0,2,16,-10.0,6.0,Broken,Avoid/exit,10,-2.9,-15.0,-11.0,32.5,0,,Basic Materials,825601920.0,1030029.7
AMNP,American Sierra Gold Corp,0.1,3,6,2,2,1,0,2,16,-10.0,6.0,Broken,Avoid/exit,29,0.0,-9.1,-6.6,45.6,0,,Basic Materials,87861176.0,27113.75
ZUUZD,Zeus North America Mining Corp.,0.133,6,4,0,1,4,4,2,21,-15.0,6.0,Broken,Avoid/exit,36,-6.3,-18.3,-18.2,36.4,1,,Basic Materials,10346032.0,10870.74
SOAR,Volato Group Inc.,0.128,6,4,5,0,0,4,2,21,-15.0,6.0,Broken,Avoid/exit,22,-2.1,-13.3,-11.9,38.9,1,,Industrials,6823384.0,9589350.54
MEDAF,Medaro Mining Corp,0.143,8,12,4,3,3,2,2,34,-28.0,6.0,Broken,Avoid/exit,19,2.5,11.0,-8.3,33.1,3,,Basic Materials,2327371.0,10918.39
GSTRF,Glenstar Minerals Inc.,0.104,2,6,1,6,4,0,2,21,-15.0,6.0,Broken,Avoid/exit,9,-5.8,-9.1,-10.8,33.1,2,,Basic Materials,nan,98091.53
SDAWW,SunCar Technology Group Inc.,0.123,11,10,2,3,6,0,2,34,-24.0,6.0,Broken,Avoid/exit,41,-23.4,-25.7,-5.3,49.4,0,,Consumer Cyclical,nan,9477.42
BKRKF,PT Bank Rakyat Indonesia (Persero) Tbk,0.15,1,6,4,0,3,0,2,16,-10.0,6.0,Broken,Avoid/exit,10,-6.2,-18.4,-14.4,38.8,0,,Financial Services,22586238976.0,0.0
LEMIF,Leading Edge Materials Corp,0.199,8,7,4,2,3,3,2,29,-23.0,6.0,Broken,Avoid/exit,45,-2.5,2.6,-1.0,48.8,1,,Basic Materials,51248560.0,49602.78
GOMRF,GéoMégA Resources Inc,0.18,1,4,3,4,2,2,2,18,-10.0,6.0,Broken,Avoid/exit,25,0.0,-5.3,-3.7,44.2,1,,Basic Materials,30745670.0,51081.37
MXROF,Max Resource Corp,0.17,5,2,5,0,3,2,4,21,-15.0,6.0,Broken,Avoid/exit,28,0.0,-15.0,-5.4,33.8,1,,Basic Materials,9436247.0,16728.13
RCHN,Rouchon Industries Inc,0.195,0,1,8,0,3,2,2,16,-10.0,6.0,Broken,Avoid/exit,9,-25.0,-25.0,-20.8,29.3,0,,Industrials,4476364.0,55884.22
SHFS,SHF Holdings Inc,0.174,2,3,4,8,0,0,2,19,-13.0,6.0,Broken,Avoid/exit,9,-17.8,-17.4,-20.0,26.5,1,,Financial Services,1120080.0,1234268.75
IGACR,Invest Green Acquisition Corporation Rights,0.155,1,3,4,0,3,3,2,16,-10.0,6.0,Broken,Avoid/exit,16,0.0,-3.1,-4.5,16.2,0,,nan,nan,0.0
CLYYF,Celyad Oncology SA,0.2,1,4,3,3,0,3,2,16,-10.0,6.0,Broken,Avoid/exit,8,0.0,0.0,-6.4,0.6,0,,Healthcare,8952381.0,56.08
BGL,Blue Gold Limited Class A Ordinary Shares,0.212,3,7,5,3,2,2,2,24,-18.0,6.0,Broken,Avoid/exit,20,1.0,-12.3,-15.7,30.2,2,,Basic Materials,9188626.0,784868.1
CNCKW,Coincheck Group N.V. Warrants,0.231,9,5,3,2,5,2,2,28,-18.0,6.0,Broken,Avoid/exit,36,-11.2,-11.2,-6.1,48.4,0,,nan,nan,6777.36
ORRCF,Oroco Resource Corp,0.262,4,6,8,1,2,2,5,28,-23.0,6.0,Broken,Avoid/exit,29,1.2,1.5,-1.3,46.7,2,,Basic Materials,84976240.0,593333.44
VFSWW,VinFast Auto Ltd. Warrant,0.28,3,3,3,0,3,2,2,16,-10.0,6.0,Broken,Avoid/exit,40,0.0,-12.2,-9.6,32.2,0,,nan,nan,9687.57
NPACW,New Providence Acquisition Corp. III Warrants,0.252,1,10,0,5,3,0,2,21,-11.0,6.0,Broken,Avoid/exit,18,-38.5,5.2,-23.7,42.8,0,,nan,nan,19763.91
GIWWR,GigCapital8 Corp. Rights,0.274,2,4,3,0,3,0,2,14,-8.0,6.0,Broken,Avoid/exit,26,-2.4,4.8,-5.3,43.3,0,,nan,nan,0.0
AGAGF,AGAGF,0.324,2,5,8,3,2,0,4,24,-18.0,6.0,Broken,Avoid/exit,25,-9.4,-2.6,-3.8,45.0,1,,Basic Materials,94069352.0,690109.33
ILIKF,Ilika plc,0.328,0,2,4,9,0,2,2,19,-13.0,6.0,Broken,Avoid/exit,13,-15.8,-12.9,-13.8,33.4,1,,Industrials,65434584.0,48602.27
BIOX,Bioceres Crop Solutions Corp,0.323,2,3,9,3,2,0,2,21,-15.0,6.0,Broken,Avoid/exit,21,-5.9,-7.8,-6.5,35.9,1,,Basic Materials,20587008.0,626406.5
GFAI,Guardforce AI Co Ltd,0.317,0,6,6,5,2,0,2,21,-13.0,6.0,Broken,Avoid/exit,15,-17.8,-16.7,-15.3,28.8,1,,Industrials,9893882.0,1173288.9
HVIIR,Hennessy Capital Investment Corp. VII Rights,0.34,4,9,2,5,6,0,2,28,-20.0,6.0,Broken,Avoid/exit,33,-2.9,-2.9,-5.1,47.2,0,,nan,515108.0,53292.41
GENMF,Generation Mining Limited,0.424,1,4,7,0,4,2,2,20,-15.0,6.0,Broken,Avoid/exit,24,-4.4,-5.0,-4.0,42.2,1,,Basic Materials,138125264.0,189280.67
IBO,"Impact BioMedical, Inc.",0.426,3,3,6,3,2,2,2,21,-15.0,6.0,Broken,Avoid/exit,23,-0.8,-7.3,-6.1,37.1,1,,Healthcare,45985756.0,1419555.14
RDRIF,Red Rock Energy Inc,0.47,11,5,1,9,2,6,2,36,-30,6,Broken,Avoid/exit,49,4.4,11.9,-3.5,48.9,3,,Energy,101595624.0,120629.51
DDC,DDC Enterprise Limited,0.461,3,8,1,1,2,2,2,19,-13.0,6.0,Broken,Avoid/exit,16,-8.9,-27.1,-26.0,24.3,1,,Consumer Defensive,21902584.0,87244.19
IQEPF,IQE PLC,0.5,8,6,5,0,0,0,2,21,-15.0,6.0,Broken,Avoid/exit,34,-22.7,-4.8,-13.2,42.1,1,,Technology,665516416.0,1237725.25
PWM,Prestige Wealth Inc. Ordinary Shares,0.58,1,5,5,3,5,0,2,21,-15.0,6.0,Broken,Avoid/exit,36,-10.8,-14.7,-8.5,39.7,1,,Financial Services,92138264.0,473503.91
COCH,Envoy Medical Inc.,0.643,4,3,3,6,0,0,2,18,-15.0,6.0,Broken,Avoid/exit,27,-7.2,-11.2,-6.6,42.6,1,,Healthcare,49547680.0,503859.15
TCOR,TreeCon Resources Inc,0.62,1,2,1,2,3,5,4,18,-15.0,6.0,Broken,Avoid/exit,27,0.0,0.0,-3.4,32.5,1,,Basic Materials,9839580.0,1287.0
INEO,INNEOVA Holdings Limited,0.63,7,4,8,3,5,4,2,33,-25.0,6.0,Broken,Avoid/exit,42,-11.7,-5.4,-6.5,44.2,1,,Consumer Cyclical,10417125.0,223805.92
UFG,Uni-Fuels Holdings Limited Class A Ordinary Shares,0.7,2,6,8,0,4,2,2,24,-16.0,6.0,Broken,Avoid/exit,24,-1.5,-4.9,-4.1,43.1,1,,Industrials,22731994.0,497187.19
RKTO,Rocket One Inc.,0.759,0,8,4,3,2,2,2,21,-13.0,6.0,Broken,Avoid/exit,19,-8.2,-15.7,-11.6,40.3,1,,Technology,16942646.0,4129178.55
NXLLF,Nuix Limited,0.81,2,6,1,2,3,0,2,16,-10.0,6.0,Broken,Avoid/exit,11,-8.6,4.9,-4.1,42.2,0,,Technology,274389184.0,117.98
SMORF,Smoore International Holdings Limited,0.983,3,4,1,0,3,3,2,16,-10.0,6.0,Broken,Avoid/exit,7,0.0,0.0,-8.9,0.0,0,,Consumer Defensive,6091714048.0,5284.51
MNY,MoneyHero Limited Class A Ordinary Shares,0.95,8,6,3,1,0,2,5,25,-19.0,6.0,Broken,Avoid/exit,8,-2.1,0.0,-2.7,41.0,1,,Communication Services,41878600.0,57056.83
LITS,"Lite Strategy, Inc.",0.951,5,6,7,0,1,4,5,28,-25.0,6.0,Broken,Avoid/exit,23,-7.6,-3.9,-2.1,47.5,1,,Healthcare,32368174.0,455195.25
LTRBF,Latrobe Magnesium Limited,0.007,1,3,3,0,3,0,2,12,-10.0,5.0,Broken,Avoid/exit,10,0.0,-27.1,-27.2,36.7,0,,Basic Materials,23903958.0,224352.16
IPDQF,ImpediMed Limited,0.003,3,4,7,0,2,2,2,20,-15.0,5.0,Broken,Avoid/exit,9,-40.0,-40.0,-45.9,42.0,1,,Healthcare,12086229.0,0.0
PUBC,PureBase Corp,0.01,1,7,0,3,3,2,2,18,-13.0,5.0,Broken,Avoid/exit,25,25.0,-74.4,-51.9,35.6,2,,Basic Materials,3508059.0,70151.52
ELLXF,Elixinol Global Ltd,0.004,1,2,7,5,0,0,2,17,-15.0,5.0,Broken,Avoid/exit,28,-46.7,-45.2,-42.1,43.8,1,,Healthcare,3005551.0,0.0
PEMC,Pacific Energy & Mining Company,0.001,1,3,0,3,3,3,2,15,-10.0,5.0,Broken,Avoid/exit,12,0.0,-96.5,-91.0,0.0,0,,Energy,966272.0,742.89
WLDPF,Wildpack Beverage Inc,0.005,7,7,5,6,3,2,2,32,-30.0,5.0,Broken,Avoid/exit,35,0.0,38.9,1.6,48.0,3,,Industrials,500918.0,7950.1
AERS,Aerius International Inc,0.002,3,4,5,0,3,3,2,20,-15.0,5.0,Broken,Avoid/exit,27,0.0,0.0,-3.7,29.1,1,,Financial Services,472082.0,32394.79
EMDF,XL Rent Inc,0.003,3,3,2,1,2,2,2,15,-10.0,5.0,Broken,Avoid/exit,31,-2.9,-2.9,-5.7,20.3,0,,Communication Services,140450.0,15255.3
EWISF,EWISF,0.02,3,4,0,3,2,1,2,15,-13.0,5.0,Broken,Avoid/exit,32,-63.4,-44.4,-34.1,44.0,2,,Basic Materials,1700242.0,24796.6
ACIXF,Acarix AB (publ),0.022,1,3,2,4,3,0,2,15,-10.0,5.0,Broken,Avoid/exit,9,0.0,-16.2,-12.4,20.9,0,,Healthcare,25887462.0,18103.56
NGRC,National Graphite Corp,0.021,1,3,1,5,3,5,2,20,-15.0,5.0,Broken,Avoid/exit,21,0.0,-44.7,-21.5,31.2,1,,Financial Services,3240476.0,3050.27
BGFGF,Beauce Gold Fields Inc,0.022,3,4,3,4,0,3,2,19,-10.0,5.0,Broken,Avoid/exit,16,0.0,0.0,-14.7,6.7,0,,Basic Materials,2981710.0,1427.47
WESMF,West Mining Corp,0.026,3,5,5,0,3,2,2,20,-15.0,5.0,Broken,Avoid/exit,24,0.4,-18.0,-10.6,35.9,1,,Basic Materials,1153561.0,0.0
JOBY-WT,Joby Aviation Inc.,0.021,3,7,1,0,0,0,2,13,-8.0,5.0,Broken,Avoid/exit,14,-56.6,-82.5,-87.8,26.8,0,,nan,nan,136916.03
BZFDW,BuzzFeed,0.022,6,8,4,3,2,2,2,27,-23.0,5.0,Broken,Avoid/exit,39,16.8,36.1,9.6,51.9,3,,nan,nan,39935.94
RVSNW,Rail Vision Ltd. Warrant,0.023,2,8,1,8,2,4,2,27,-18.0,5.0,Broken,Avoid/exit,19,1.3,45.0,-21.1,44.0,3,,nan,nan,12544.37
ACHR-WT,Archer Aviation Inc. WT,0.027,3,4,1,3,2,0,2,15,-10.0,5.0,Broken,Avoid/exit,18,-43.0,-46.8,-59.2,24.4,0,,nan,nan,188653.79
CBLO,Archer Entertainment Media Communications Inc.,0.04,1,8,3,4,2,0,2,20,-13.0,5.0,Broken,Avoid/exit,20,-1.2,-27.1,-19.0,33.6,1,,Financial Services,8989436.0,137451.07
BDVB,Bagger Dave's Burger Tavern Inc,0.036,5,1,7,0,5,0,2,20,-15.0,5.0,Broken,Avoid/exit,34,-9.8,-9.8,-6.7,32.0,1,,Consumer Cyclical,979788.0,10396.42
PSTO,Powerstorm Holdings Inc,0.032,9,6,4,6,3,0,5,33,-28.0,5.0,Broken,Avoid/exit,13,4.2,24.2,-1.7,46.4,3,,Industrials,887997.0,7653.61
FCRM,Franklin Credit Management Corporation,0.033,1,6,1,0,3,7,2,20,-15.0,5.0,Broken,Avoid/exit,15,0.0,0.0,-28.8,22.6,1,,Financial Services,330711.0,2030.5
CRVW,Careview Comm Inc,0.043,5,5,3,3,2,0,2,20,-15.0,5.0,Broken,Avoid/exit,52,-6.3,-6.3,-10.2,39.8,1,,Healthcare,23355230.0,138775.49
PUCCF,Pancontinental Resources Corporation,0.071,4,9,0,0,3,0,4,20,-15.0,5.0,Broken,Avoid/exit,26,-3.5,-14.5,-6.1,46.6,1,,Basic Materials,6428603.0,25909.38
AQUI,Aquagold International Inc,0.062,3,4,0,3,3,0,4,17,-15.0,5.0,Broken,Avoid/exit,36,-6.1,-58.1,-15.4,43.7,1,,Financial Services,3514431.0,382.34
VRRCF,VR Resources Ltd,0.069,4,11,2,0,2,0,2,21,-16.0,5.0,Broken,Avoid/exit,16,-8.6,-8.2,-8.8,44.1,1,,Basic Materials,2683517.0,63233.79
FOBIF,Fobi AI Inc,0.079,10,6,0,4,5,0,2,27,-23.0,5.0,Broken,Avoid/exit,60,-21.0,-7.1,-10.6,48.2,1,,Technology,24468198.0,43490.05
LIBRF,LIBRF,0.075,1,3,5,6,3,0,2,20,-15.0,5.0,Broken,Avoid/exit,17,-8.5,-17.6,-13.8,23.7,1,,Basic Materials,5081988.0,0.0
ROVMF,Rover Metals Corp,0.072,2,3,3,4,3,0,5,20,-15.0,5.0,Broken,Avoid/exit,15,-15.8,-6.8,-6.3,39.3,1,,Basic Materials,1067953.0,3490.47
PRKR,ParkerVision Inc,0.09,2,5,3,6,2,0,2,20,-15.0,5.0,Broken,Avoid/exit,10,-25.0,-25.0,-17.2,38.4,1,,Technology,13299089.0,136628.56
QGAI,Quantum Genesis AI Corp.,0.089,3,12,9,0,3,2,2,31,-26,5,Broken,Avoid/exit,0,-19.3,-11.2,-16.5,45.8,2,,Basic Materials,3638317.0,0.0
GTERR,Globa Terra Acquisition Corporation Rights,0.085,3,7,0,0,3,0,2,15,-8.0,5.0,Broken,Avoid/exit,23,-15.4,-29.6,-14.0,44.0,1,,nan,nan,0.0
MMNGF,Metallic Minerals Corp,0.125,4,9,2,0,2,1,2,20,-15.0,5.0,Broken,Avoid/exit,11,-10.7,0.0,-6.9,41.2,1,,Basic Materials,27762694.0,195193.8
IMUC,ImmunoCellular Therapeutics Ltd,0.13,0,3,1,3,4,2,2,15,-10.0,5.0,Broken,Avoid/exit,18,-47.6,-13.3,-33.0,41.6,0,,Healthcare,16445372.0,5415.43
TTTMF,Total Metals Corp.,0.14,4,7,4,5,2,0,2,24,-19.0,5.0,Broken,Avoid/exit,30,-12.2,-20.2,-12.1,37.8,1,,Basic Materials,8601448.0,0.0
FAMI,Farmmi Inc,0.15,3,6,2,5,0,2,2,20,-15.0,5.0,Broken,Avoid/exit,4,-25.1,-21.1,-50.0,24.1,1,,Consumer Defensive,5611949.0,243984.45
OMH,Ohmyhome Limited Ordinary Shares,0.127,3,7,0,4,2,2,2,20,-15.0,5.0,Broken,Avoid/exit,11,-64.8,-63.4,-66.2,38.5,1,,Real Estate,3465170.0,4196681.78
OFAL,OFAL,0.102,3,4,2,5,2,2,2,20,-15.0,5.0,Broken,Avoid/exit,19,-8.8,-22.6,-27.2,26.6,2,,Industrials,2695067.0,470325.45
BTCY,Biotricity Inc,0.1,3,6,2,5,0,2,2,20,-15.0,5.0,Broken,Avoid/exit,11,-11.1,-22.8,-15.1,40.5,1,,Healthcare,2029605.0,62250.57
REZZF,Global Battery Metals Ltd,0.111,2,3,1,5,2,0,5,18,-13.0,5.0,Broken,Avoid/exit,31,-7.5,-25.8,-11.5,42.8,1,,Basic Materials,1648785.0,8613.98
CNYGF,CNYGF,0.105,0,1,2,5,3,2,2,15,-10.0,5.0,Broken,Avoid/exit,11,-18.7,-18.7,-14.6,20.3,0,,Basic Materials,nan,3407.34
TPGVF,Top Glove Corporation Bhd,0.15,2,2,1,4,3,1,2,15,-10.0,5.0,Broken,Avoid/exit,30,-6.2,-6.2,-8.4,39.0,0,,Healthcare,1202716032.0,1007.48
NMAKF,Nemak S. A. B. de C. V,0.18,1,3,1,5,3,5,2,20,-15.0,5.0,Broken,Avoid/exit,19,0.0,-9.1,-3.7,7.2,1,,Consumer Cyclical,514841344.0,1465.23
ALP,Alpha Compute Corp,0.188,0,2,2,8,0,0,2,14,-9.0,5.0,Broken,Avoid/exit,20,-22.8,-41.2,-20.4,38.3,1,,Financial Services,4415051.0,9253503.72
LTFD,Littlefield Corporation,0.15,3,3,2,2,3,5,2,20,-15.0,5.0,Broken,Avoid/exit,19,0.0,0.0,-7.2,1.6,1,,Consumer Cyclical,2609959.0,94.86
SNYR,Synergy CHC Corp. Common Stock,0.171,3,6,5,0,4,0,2,20,-13.0,5.0,Broken,Avoid/exit,22,-6.7,-14.2,-9.1,33.6,1,,Healthcare,2540430.0,1224816.92
MWCAF,Matachewan Consolidated Mines Limited,0.18,1,4,3,5,0,0,2,15,-10.0,5.0,Broken,Avoid/exit,28,-10.0,-19.4,-15.8,40.6,0,,Energy,2456104.0,149.61
ELPW,Elong Power Holding Limited Class A Ordinary Shares,0.179,3,8,3,0,2,0,2,18,-13.0,5.0,Broken,Avoid/exit,20,-31.9,-32.4,-56.9,29.3,1,,Industrials,563318.0,4240385.02
AUROW,Aurora Innovation Inc,0.18,5,6,0,5,0,6,2,24,-19.0,5.0,Broken,Avoid/exit,14,-0.1,-6.2,-27.4,40.2,1,,nan,nan,51236.94
MMRGF,Minaurum Gold Inc,0.21,0,5,8,4,2,0,2,21,-16.0,5.0,Broken,Avoid/exit,26,-10.5,-5.2,-4.8,44.2,1,,Basic Materials,110900704.0,560593.97
IVDA,Iveda Solutions Inc,0.24,1,10,3,1,3,0,2,20,-15.0,5.0,Broken,Avoid/exit,29,-7.7,-17.2,-11.9,39.1,1,,Industrials,2759378.0,4512802.0
NULGF,Nulegacy Gold Corporation,0.233,1,3,4,4,3,3,2,20,-15.0,5.0,Broken,Avoid/exit,25,0.0,0.0,-7.5,22.1,1,,Basic Materials,692713.0,974.42
MUNMF,Mundoro Capital Inc,0.25,7,8,5,2,2,0,4,28,-23.0,5.0,Broken,Avoid/exit,27,-3.8,0.0,-0.9,47.1,1,,Basic Materials,28034548.0,56229.86
VTAK,Catheter Precision Inc.,0.283,1,10,0,3,2,0,2,18,-13.0,5.0,Broken,Avoid/exit,18,-27.5,-51.2,-49.2,34.0,2,,Healthcare,1020758.0,3157719.72
DFDVW,DeFi Development Corp. Warrant,0.28,0,5,6,3,0,0,5,19,-10.0,5.0,Broken,Avoid/exit,23,-20.0,-20.0,-15.9,39.2,0,,nan,nan,0.0
GAYMF,Galway Metals Inc,0.335,3,6,4,5,0,2,2,22,-15.0,5.0,Broken,Avoid/exit,19,-2.1,-0.3,-4.8,41.3,1,,Basic Materials,44393668.0,192918.8
ALGRF,ALGRF,0.38,1,10,0,2,4,0,3,20,-13.0,5.0,Broken,Avoid/exit,16,-24.0,-5.0,-2.4,47.5,2,,Basic Materials,13739247.0,2575.74
VGLS,Vg Life Sciences Inc,0.36,10,7,3,6,0,7,2,35,-30.0,5.0,Broken,Avoid/exit,34,-21.7,63.5,2.1,50.1,3,,Financial Services,485196.0,4717.42
IPCXR,Inflection Point Acquisition Corp. III Rights,0.392,0,3,0,6,2,0,2,13,-13.0,5.0,Broken,Avoid/exit,36,-2.1,-13.0,-8.3,42.9,0,,nan,nan,73060.14
CPFXF,Copper Fox Metals Inc,0.4,0,3,6,0,0,4,2,15,-10.0,5.0,Broken,Avoid/exit,24,-7.0,-7.0,-7.5,35.5,0,,Basic Materials,234500000.0,27433.4
TTTNF,Titan Minerals Limited,0.424,3,3,4,2,3,3,2,20,-15.0,5.0,Broken,Avoid/exit,24,0.0,0.0,-4.5,24.5,1,,Basic Materials,122003808.0,3186.03
PWRMF,Power Metals Corp,0.415,2,2,6,3,5,0,2,20,-15.0,5.0,Broken,Avoid/exit,29,-9.4,-12.8,-7.8,38.4,1,,Basic Materials,71549936.0,170476.85
BCBNF,Base Carbon Inc,0.409,3,8,2,0,0,4,3,20,-15.0,5.0,Broken,Avoid/exit,7,-4.8,5.9,-4.7,42.9,1,,Financial Services,41275240.0,69891.67
FTRK,FAST TRACK GROUP,0.428,4,3,1,4,4,2,4,22,-15.0,5.0,Broken,Avoid/exit,24,-14.7,-2.0,-6.3,46.3,1,,Communication Services,9342294.0,1179163.94
SVAQW,Silicon Valley Acquisition Corp. Warrants,0.459,2,3,0,1,4,0,2,12,-10.0,5.0,Broken,Avoid/exit,0,-40.5,-38.8,-31.3,39.1,0,,nan,nan,0.0
LEXX,Lexaria Bioscience Corp,0.53,0,7,4,0,2,2,2,17,-15.0,5.0,Broken,Avoid/exit,14,-5.2,-9.9,-6.8,42.7,1,,Healthcare,13137346.0,297167.04
LINIF,LINIF,0.508,3,5,1,4,0,0,2,15,-6.0,5.0,Broken,Avoid/exit,38,-17.9,-21.9,-11.8,36.5,0,,nan,nan,8103.75
MEEEF,Metal Energy Corp,0.585,7,6,4,1,3,4,5,30,-25.0,5.0,Broken,Avoid/exit,36,-6.4,-13.1,-4.0,44.6,1,,Basic Materials,27333090.0,12855.02
WEGYF,Westbridge Energy Corporation,0.58,3,5,3,1,3,3,2,20,-15.0,5.0,Broken,Avoid/exit,7,-4.4,-2.5,-8.8,18.3,1,,Utilities,15252529.0,1812.44
TOPP,Toppoint Holdings Inc.,0.588,1,9,2,0,4,2,2,20,-13.0,5.0,Broken,Avoid/exit,19,-11.7,-23.9,-23.4,33.6,2,,Industrials,14526070.0,134521.74
BTCT,BTC Digital Ltd.,0.55,1,5,0,6,4,0,2,18,-13.0,5.0,Broken,Avoid/exit,14,-28.6,-36.0,-31.6,26.5,1,,Technology,8688249.0,569188.5
PGCMF,Puregold Price Club Inc,0.621,1,1,2,3,3,3,2,15,-10.0,5.0,Broken,Avoid/exit,0,0.0,-7.3,-3.1,1.0,0,,Consumer Cyclical,1919942912.0,0.0
HUMA,Humacyte Inc,0.625,3,4,7,0,2,2,2,20,-15.0,5.0,Broken,Avoid/exit,14,-3.2,-8.4,-10.7,37.3,1,,Healthcare,168415984.0,7261067.42
PMMCF,Pampa Metals Corporation,0.737,2,9,8,0,4,0,2,25,-18.0,5.0,Broken,Avoid/exit,42,-7.4,-5.8,-5.8,41.6,1,,Basic Materials,201412128.0,93346.37
PROP,Prairie Operating Co. Common Stock,0.7,0,9,6,3,4,0,3,25,-18.0,5.0,Broken,Avoid/exit,13,-14.1,0.0,-7.4,42.6,1,,Energy,68432072.0,2676251.23
TRX,Tanzanian Royalty Exploration Corp,0.76,4,6,8,0,0,0,2,20,-15.0,5.0,Broken,Avoid/exit,14,-10.6,1.3,-5.4,42.0,1,,Basic Materials,248847504.0,3814351.27
GLNS,Golden Star Resource Corp ,0.802,3,4,2,3,3,3,2,20,-15.0,5.0,Broken,Avoid/exit,12,0.0,0.0,-4.7,0.3,1,,Basic Materials,5670140.0,27.01
ABLT,American Biltrite Inc,1.0,3,4,0,5,3,3,2,20,-15.0,5.0,Broken,Avoid/exit,12,0.0,0.0,-91.8,0.4,1,,Industrials,32330.0,12.0
CTOHF,Citigold Corporation Limited,0.01,3,3,2,3,3,3,2,19,-15.0,4.0,Broken,Avoid/exit,20,0.0,-9.1,-3.5,0.4,1,,Basic Materials,30000000.0,20752.34
HYTLF,HYTLF,0.01,3,6,1,0,0,2,2,14,-10.0,4.0,Broken,Avoid/exit,11,-5.0,-5.0,-16.6,45.1,0,,Energy,27121598.0,427661.68
NRWMF,Norwest Minerals Limited,0.003,6,6,2,4,3,6,5,32,-28,4,Broken,Avoid/exit,24,18.2,18.2,8.4,48.5,3,,Basic Materials,2811923.0,10.26
CLRI,Cleartronic Inc,0.005,1,3,1,0,3,4,2,14,-10.0,4.0,Broken,Avoid/exit,7,0.0,-39.3,-19.7,26.2,0,,Technology,1237888.0,9146.9
CERO,"CERo Therapeutics Holdings, Inc. Common Stock",0.01,3,4,3,0,0,0,2,12,-8.0,4.0,Broken,Avoid/exit,19,-9.1,-16.7,-13.8,42.9,0,,Healthcare,451124.0,1292463.56
NUVM,NuVim Inc,0.003,3,3,2,5,0,4,2,19,-15.0,4.0,Broken,Avoid/exit,20,0.0,-30.2,-13.5,16.4,1,,Consumer Defensive,357344.0,13645.74
DREM,Dream Homes & Development Corporation,0.007,1,3,2,0,3,3,2,14,-10.0,4.0,Broken,Avoid/exit,13,0.0,-49.6,-26.7,0.5,0,,Consumer Cyclical,325382.0,5189.09
FCHS,First Choice Healthc,0.009,11,2,2,4,2,1,5,27,-23,4,Broken,Avoid/exit,40,120.0,120.0,1.8,52.0,3,7,Healthcare,296625.0,19772.09
TRII,Trio Resources Inc,0.001,0,1,9,4,0,0,2,16,-8.0,4.0,Broken,Avoid/exit,7,-8.3,-8.3,-8.8,15.5,0,,Consumer Defensive,199418.0,46348.17
ENTBF,Entheon Biomedical Corp,0.004,1,3,1,6,3,0,4,18,-10.0,4.0,Broken,Avoid/exit,16,0.0,-88.6,-69.7,30.8,0,,Healthcare,55435.0,343.5
GNIS,GNIS,0.001,3,4,2,1,2,0,2,14,-10.0,4.0,Broken,Avoid/exit,19,-53.8,-40.0,-42.9,43.2,0,,Consumer Defensive,2859.0,5045827.01
GDEVW,Nexters Inc. Warrant,0.003,0,7,0,5,0,0,2,14,-10.0,4.0,Broken,Avoid/exit,17,-72.7,-72.7,-58.0,39.8,0,,nan,nan,16702.13
CORZR,CORZR,0.006,2,4,2,4,0,0,2,14,-10.0,4.0,Broken,Avoid/exit,16,-78.0,-72.5,-76.5,35.1,0,,nan,nan,0.0
SUNYF,Sunshine Oilsands Ltd,0.012,1,3,0,2,0,6,2,14,-10.0,4.0,Broken,Avoid/exit,7,0.0,-8.0,-40.0,1.0,0,,Energy,8180576.0,3858.62
BLEG,Branded Legacy Inc,0.015,3,3,1,0,3,4,2,16,-15.0,4.0,Broken,Avoid/exit,31,7.9,-18.4,-100.0,45.2,1,,Healthcare,17487.0,17294.75
JSPRW,Jasper Therapeutics Inc,0.012,1,3,2,6,4,0,5,21,-15.0,4.0,Broken,Avoid/exit,26,-40.7,-40.7,-25.4,42.4,2,,nan,nan,13349.64
PRENW,Prenetics Holding Company Limited,0.012,2,13,1,2,7,4,5,34,-28,4,Broken,Avoid/exit,12,11.8,15.0,-12.9,45.8,4,,nan,nan,39935.45
HYHDF,Sixty Six Capital Inc,0.026,3,2,2,5,3,2,2,19,-15.0,4.0,Broken,Avoid/exit,28,0.0,-8.6,-5.9,33.4,1,,Financial Services,6256652.0,8550.5
GLDFF,Chalice Brands Ltd,0.029,0,3,0,6,2,0,3,14,-10.0,4.0,Broken,Avoid/exit,7,-18.4,-42.0,-22.1,38.8,0,,Basic Materials,1989666.0,54762.35
SIGY,Sigyn Therapeutics Inc,0.025,4,7,2,2,2,0,2,19,-15.0,4.0,Broken,Avoid/exit,27,-35.9,4.2,-17.3,43.7,1,,Healthcare,134985.0,46145.5
SAIHW,SAIHEAT Limited,0.029,5,5,1,0,0,5,3,19,-11.0,4.0,Broken,Avoid/exit,31,-2.7,-2.7,-14.0,45.8,0,,nan,nan,0.0
FOXOD,FOXO Technologies Inc.,0.04,5,9,2,6,3,2,2,29,-25.0,4.0,Broken,Avoid/exit,35,33.3,-20.0,-33.8,45.3,1,,Healthcare,56822.0,30740559.84
ARQQW,Arqit Quantum Inc. Warrants,0.033,3,6,2,0,4,2,2,19,-15.0,4.0,Broken,Avoid/exit,20,-11.9,-26.4,-26.1,40.7,1,,nan,nan,75069.25
NVLHF,Nevada Lithium Resources Inc,0.057,1,7,3,1,2,2,2,18,-15.0,4.0,Broken,Avoid/exit,20,10.7,-20.7,-10.2,37.4,2,,Basic Materials,14601919.0,128360.95
PMNT,Perfect Moment Ltd.,0.07,3,10,2,0,4,0,2,21,-15.0,4.0,Broken,Avoid/exit,11,-22.2,-23.9,-26.9,35.4,2,,Consumer Cyclical,3717614.0,3692616.56
NIOCF,Niocan Inc,0.072,0,1,6,6,0,4,2,19,-15.0,4.0,Broken,Avoid/exit,19,-42.6,-42.6,-38.7,13.1,1,,Basic Materials,14325663.0,2764.43
LKSGF,Luks Group (Vietnam Holdings) Company Limited,0.09,1,3,2,3,0,3,2,14,-10.0,4.0,Broken,Avoid/exit,0,0.0,0.0,-6.8,5.5,0,,Basic Materials,49757144.0,0.0
URZEF,URZ3 Energy Corp.,0.098,3,6,1,6,4,2,2,24,-20.0,4.0,Broken,Avoid/exit,12,-6.2,-13.5,-14.7,34.4,1,,Energy,5154288.0,88775.93
SNFRF,Sinofert Holdings Limited,0.141,0,1,1,5,3,2,2,14,-10.0,4.0,Broken,Avoid/exit,0,-21.7,-21.7,-19.3,3.7,0,,Basic Materials,1652253056.0,0.0
ROOOF,Northstar Clean Technologies Inc,0.13,3,5,1,4,9,2,5,29,-23.0,4.0,Broken,Avoid/exit,28,0.8,-18.6,-3.4,46.6,2,,Industrials,20913834.0,49483.32
OHCFF,OHCFF,0.138,2,3,7,5,2,2,2,23,-15.0,4.0,Broken,Avoid/exit,44,0.0,-7.8,-11.0,41.6,1,,Healthcare,18825176.0,65978.91
NMTAY,Neometals Ltd,0.112,1,3,1,4,3,5,2,19,-15.0,4.0,Broken,Avoid/exit,18,0.0,0.0,-29.7,9.0,1,,Industrials,9805159.0,498.15
GNEMF,Great Northern Energy Metals Inc.,0.11,1,6,1,1,2,0,2,13,-10.0,4.0,Broken,Avoid/exit,0,-12.0,-16.0,-17.3,35.1,0,,nan,nan,0.0
CTXDF,Cantex Mine Development Corp,0.162,7,7,3,4,0,2,5,28,-24.0,4.0,Broken,Avoid/exit,22,-2.1,1.8,-3.3,44.3,1,,Basic Materials,25811398.0,17684.88
CTRNF,CHAR Technologies Ltd,0.16,4,1,1,2,4,0,2,14,-10.0,4.0,Broken,Avoid/exit,11,-18.2,-18.2,-12.5,31.9,0,,Industrials,24116288.0,3388.04
APCOF,New Tech Minerals Corp,0.163,1,10,3,0,2,4,3,23,-19.0,4.0,Broken,Avoid/exit,39,-4.5,-13.9,-5.7,41.8,1,,Basic Materials,14747033.0,85220.3
JWCTF,JW (Cayman) Therapeutics Co. Ltd,0.202,3,4,2,2,0,3,2,16,-15.0,4.0,Broken,Avoid/exit,12,0.0,0.0,-4.7,33.6,1,,Healthcare,84223336.0,7710.98
EXNRF,Excellon Resources Inc,0.203,4,5,7,3,0,0,2,21,-15.0,4.0,Broken,Avoid/exit,12,-11.8,-3.4,-9.3,38.1,1,,Basic Materials,80820728.0,403528.25
LITOF,Frontier Lithium Inc,0.294,4,9,5,0,2,0,2,22,-18.0,4.0,Broken,Avoid/exit,10,-5.0,1.6,-5.1,37.0,1,,Basic Materials,72664440.0,59618.52
ASFT,AppSoft Technologies Inc,0.25,1,3,1,4,3,5,2,19,-15.0,4.0,Broken,Avoid/exit,17,0.0,-16.7,-7.6,0.9,1,,Technology,1123799.0,120.51
AENTW,Alliance Entertainment Holding Corporation Warrants,0.37,0,3,0,5,0,4,2,14,-10.0,4.0,Broken,Avoid/exit,24,-8.9,-32.5,-30.9,42.1,0,,nan,nan,17600.14
EGHAR,EGH Acquisition Corp. Rights,0.35,1,2,9,3,3,2,2,22,-18.0,4.0,Broken,Avoid/exit,31,-7.9,-12.5,-10.0,40.4,0,,nan,nan,0.0
ARGGY,Aston Martin Lagonda Global Holdings plc,0.456,2,6,4,1,4,2,2,21,-13.0,4.0,Broken,Avoid/exit,17,-0.7,-3.0,-6.0,37.5,2,,Consumer Cyclical,461787136.0,65575.5
PBK,PowerBank Corporation,0.463,1,7,4,1,4,0,2,19,-15.0,4.0,Broken,Avoid/exit,0,-14.2,-20.4,-20.2,32.4,1,,Utilities,25003576.0,0.0
TGLVY,Top Glove Corporation Bhd ADR,0.534,1,6,1,1,3,0,2,14,-10.0,4.0,Broken,Avoid/exit,10,-11.7,-11.1,-14.1,40.9,0,,Healthcare,1070617664.0,0.0
CWD,CaliberCos Inc. Class A Common Stock,0.51,0,6,0,3,4,2,2,17,-13.0,4.0,Broken,Avoid/exit,24,-30.6,-29.9,-24.8,34.6,1,,Financial Services,4508514.0,1892853.85
LMEDD,LataMed AI Corp.,0.55,1,4,0,3,0,4,2,14,-10.0,4.0,Broken,Avoid/exit,22,5.8,-49.1,-62.3,33.5,0,,Technology,154370688.0,314283.39
SITKF,Sitka Gold Corp,0.654,2,6,2,5,0,0,2,17,-13.0,4.0,Broken,Avoid/exit,23,-7.3,-5.3,-4.9,39.4,1,,Basic Materials,276675552.0,173925.31
PDSB,PDS Biotechnology Corp,0.67,3,4,6,4,0,0,2,19,-15.0,4.0,Broken,Avoid/exit,24,-6.5,-10.2,-11.8,31.9,1,,Healthcare,37445244.0,761462.83
YHEKF,Yeahka Limited,0.722,1,1,2,3,3,2,2,14,-10.0,4.0,Broken,Avoid/exit,17,-9.8,-9.8,-6.2,0.0,0,,Technology,279762240.0,44.49
LIMX,Limitless X Holdings Inc.,0.72,0,3,8,6,0,0,2,19,-15.0,4.0,Broken,Avoid/exit,12,-23.4,-23.4,-23.8,32.5,1,,Consumer Defensive,13325009.0,0.0
HUDI,Huadi International Group Co Ltd,0.71,2,4,1,8,0,0,2,17,-13.0,4.0,Broken,Avoid/exit,8,-12.1,-15.1,-13.5,32.6,1,,Basic Materials,10153849.0,85413.6
YSXT,"YSX Tech. Co., Ltd Class A Ordinary Shares",0.92,7,12,1,0,5,2,2,29,-23.0,4.0,Broken,Avoid/exit,21,10.8,12.0,-1.6,47.7,3,,Industrials,29325522.0,410953.3
FOFA,Family Office of America Inc.,0.9,3,3,3,0,3,5,2,19,-15.0,4.0,Broken,Avoid/exit,33,0.0,0.0,-7.0,29.9,1,,Healthcare,27316802.0,578.5
OPTXW,Syntec Optics Holdings Inc.,0.95,0,7,1,0,2,0,2,12,-8.0,4.0,Broken,Avoid/exit,29,-26.9,-30.2,-31.3,39.1,0,,nan,nan,102214.07
BRN,Barnwell Industries Inc,0.986,0,8,2,4,4,0,3,21,-18.0,4.0,Broken,Avoid/exit,22,-4.3,-4.8,-4.0,42.7,1,,Energy,14189704.0,307540.56
BRNGF,Buru Energy Limited,0.01,1,1,3,4,0,1,3,13,-10.0,3.0,Broken,Avoid/exit,12,-5.0,-5.0,-4.6,0.8,0,,Energy,12227944.0,24038.5
PSCO,ProtoSource Corporation,0.009,3,3,4,0,3,3,2,18,-15.0,3.0,Broken,Avoid/exit,24,0.0,0.0,-11.1,36.6,1,,Financial Services,4588746.0,3774.54
ATHHF,Athene Holding Ltd,0.007,2,5,6,0,3,0,2,18,-15.0,3.0,Broken,Avoid/exit,19,-33.0,-11.8,-18.0,34.7,1,,Consumer Cyclical,686056.0,59149.79
GMER,Good Gaming Inc,0.005,1,2,0,6,2,0,2,13,-10.0,3.0,Broken,Avoid/exit,11,-19.4,-13.8,-13.7,39.1,0,,Communication Services,645586.0,130027.36
CXCQ,CardXX Inc,0.006,2,3,1,6,6,0,2,20,-13.0,3.0,Broken,Avoid/exit,52,-37.0,-37.0,-20.6,35.2,1,,Financial Services,472500.0,36284.52
GYGC,Guyana Gold Corp,0.004,14,3,2,4,5,0,5,33,-30.0,3.0,Broken,Avoid/exit,50,-16.0,55.6,5.3,53.6,3,,Financial Services,459013.0,27596.89
JNSH,JNS Holdings Corp,0.001,0,1,0,6,4,0,2,13,-10.0,3.0,Broken,Avoid/exit,12,-37.5,-44.4,-31.6,32.9,0,,Industrials,317239.0,339874.53
WSNAF,Wesana Health Holdings Inc,0.004,1,3,1,5,3,3,2,18,-15.0,3.0,Broken,Avoid/exit,10,0.0,0.0,-54.9,0.1,1,,Healthcare,121549.0,3108.77
OWPC,One World Pharma Inc,0.001,2,6,0,8,2,2,2,22,-19.0,3.0,Broken,Avoid/exit,17,150.0,-81.8,-70.6,39.7,0,9,Healthcare,120108.0,881192.96
IMTH,Fresh Harvest Products Inc,0.001,4,3,3,0,3,3,2,18,-15.0,3.0,Broken,Avoid/exit,26,0.0,0.0,-2.4,22.1,1,,Technology,98913.0,3199.18
GBBFF,Granada Gold Mine Inc,0.02,2,7,0,0,0,0,4,13,-13.0,3.0,Broken,Avoid/exit,15,0.0,0.0,-20.0,45.3,1,,Basic Materials,5613469.0,119085.36
CRYBF,Cryptoblox Technologies Inc,0.018,0,4,4,6,3,2,2,21,-18.0,3.0,Broken,Avoid/exit,10,-10.7,-10.7,-9.7,41.9,2,,Technology,5495417.0,78755.51
CLCFF,Christina Lake Cannabis Corp,0.017,1,1,4,5,3,2,2,18,-15.0,3.0,Broken,Avoid/exit,16,-5.6,-19.0,-11.0,29.8,2,,Healthcare,4217591.0,36561.75
ILHMF,International Lithium Corp,0.014,1,4,6,2,3,0,2,18,-15.0,3.0,Broken,Avoid/exit,27,-6.7,-20.9,-8.7,42.2,1,,Basic Materials,4081395.0,90083.95
BELDF,Batero Gold Corp,0.02,1,1,7,4,3,0,2,18,-15.0,3.0,Broken,Avoid/exit,11,-33.3,-33.3,-24.9,7.6,1,,Basic Materials,4008347.0,17021.95
HERB,Yasheng Group,0.016,1,4,1,0,3,2,2,13,-10.0,3.0,Broken,Avoid/exit,15,-18.5,-57.1,-30.2,41.6,0,,Consumer Defensive,2561802.0,8072.86
SSPLF,Safe Supply Streaming Co Ltd.,0.026,0,4,2,3,3,4,2,18,-15.0,3.0,Broken,Avoid/exit,13,-35.7,-18.9,-16.7,35.7,1,,Financial Services,5187900.0,9511.98
AZURF,Azincourt Uranium Inc,0.025,1,7,0,3,3,2,2,18,-15.0,3.0,Broken,Avoid/exit,18,-26.2,-17.9,-17.6,39.1,1,,Energy,4142401.0,29349.52
CENQW,CENAQ Energy Corp. Warrant,0.023,2,6,2,5,2,0,2,19,-16.0,3.0,Broken,Avoid/exit,24,0.0,-8.0,-12.9,42.8,1,,Financial Services,nan,88758.68
LKYRF,LKYRF,0.039,3,6,4,1,0,2,2,18,-15.0,3.0,Broken,Avoid/exit,15,0.0,-3.5,-10.2,39.8,1,,Basic Materials,15375134.0,279809.26
WTCZD,Copper Lake Resources Ltd.,0.032,2,4,0,3,3,4,2,18,-15.0,3.0,Broken,Avoid/exit,24,0.0,4.8,-60.4,34.7,1,,Basic Materials,3848253.0,2791.56
HYEG,Hydrogen Engine Center Inc,0.05,5,4,7,4,2,1,4,27,-24.0,3.0,Broken,Avoid/exit,39,0.6,0.6,-4.4,47.6,1,,Industrials,7554456.0,11484.96
XXMMF,Ximen Mining Corp,0.048,3,8,2,7,1,0,2,23,-20.0,3.0,Broken,Avoid/exit,16,-4.0,21.8,-14.1,45.1,3,,Basic Materials,3382390.0,0.0
SAVNF,Savannah Resources Plc,0.059,0,1,4,4,0,2,2,13,-10.0,3.0,Broken,Avoid/exit,21,-25.7,-25.7,-24.5,13.0,0,,Basic Materials,206035968.0,13435.83
ZNCXF,ZincX Resources Corp,0.058,1,1,6,3,0,1,3,15,-8.0,3.0,Broken,Avoid/exit,21,-3.8,-3.8,-3.5,5.4,0,,Basic Materials,11273768.0,13834.0
AMIN,American International Industries Inc,0.054,3,4,0,2,3,4,2,18,-15.0,3.0,Broken,Avoid/exit,36,-29.6,-29.6,-39.5,44.6,1,,Financial Services,645891.0,277.0
MAGMF,MAGMF,0.078,0,4,6,0,2,4,2,18,-15.0,3.0,Broken,Avoid/exit,11,-15.7,-5.8,-15.1,38.7,1,,Basic Materials,6636325.0,92273.39
SUUFF,Strathmore Plus Uranium Corp.,0.075,3,8,1,0,4,2,2,20,-17.0,3.0,Broken,Avoid/exit,17,-5.8,-11.8,-14.8,31.9,1,,Energy,4481517.0,73038.45
GPUSF,Alset AI Ventures Inc.,0.075,3,12,2,7,3,0,2,29,-26.0,3.0,Broken,Avoid/exit,34,-20.8,-4.9,-11.7,43.8,2,,Technology,1257564.0,5585.53
NEXCF,Nextech Ar Solutions Corp,0.084,1,7,3,1,4,2,2,20,-15.0,3.0,Broken,Avoid/exit,19,-5.6,-6.7,-7.7,37.7,1,,Technology,18674732.0,404073.8
SVMFF,Silver Valley Metals Corp,0.088,4,3,1,0,3,0,2,13,-10.0,3.0,Broken,Avoid/exit,31,-2.6,-35.1,-19.3,33.9,0,,Basic Materials,3169648.0,10944.98
PYRGF,PyroGenesis Inc.,0.125,2,1,7,2,0,4,2,18,-15.0,3.0,Broken,Avoid/exit,11,-7.4,-12.0,-11.2,29.5,1,,Industrials,28633856.0,51956.75
STSBF,South Star Battery Metals Corp,0.102,6,6,3,6,2,2,5,30,-23.0,3.0,Broken,Avoid/exit,27,-5.9,-6.4,-3.6,46.6,1,,Basic Materials,14506001.0,32905.49
RWCRF,RIWI Corp,0.112,1,6,0,4,3,2,2,18,-15.0,3.0,Broken,Avoid/exit,8,3.7,-32.1,-22.2,6.0,1,,Technology,5961229.0,572.0
PENMF,Peninsula Energy Ltd,0.18,1,6,1,3,0,0,2,13,-13.0,3.0,Broken,Avoid/exit,18,-8.5,-36.7,-22.5,37.3,2,,Energy,103446464.0,69163.74
OPTT,Ocean Power Technologies Inc,0.154,1,7,1,1,4,0,2,16,-13.0,3.0,Broken,Avoid/exit,9,-16.1,-26.8,-23.2,26.2,1,,Industrials,41493324.0,7500590.43
TARSF,Alianza Minerals Ltd,0.158,4,6,9,3,0,0,4,26,-23.0,3.0,Broken,Avoid/exit,20,-7.1,-2.0,-4.2,43.7,1,,Basic Materials,17311558.0,117387.88
HWNI,High Wire Networks Inc,0.168,1,3,3,0,3,6,2,18,-15.0,3.0,Broken,Avoid/exit,30,0.0,-44.0,-30.3,31.5,1,,Technology,3485444.0,0.0
ESMC,Escalon Medical Corp,0.18,1,1,7,0,2,0,2,13,-10.0,3.0,Broken,Avoid/exit,28,-10.0,0.0,-6.1,37.9,0,,Healthcare,1334759.0,8563.5
EMCHF,EML Payments Limited,0.212,1,4,0,1,3,7,2,18,-15.0,3.0,Broken,Avoid/exit,10,0.0,0.0,-26.3,0.0,1,,Technology,82763288.0,993.59
ARSMF,Ares Strategic Mining Inc,0.206,9,5,1,11,0,0,5,31,-28.0,3.0,Broken,Avoid/exit,15,-21.7,12.6,-4.7,46.9,3,,Basic Materials,59987428.0,717567.82
SURG,Surgepays Inc,0.235,1,8,0,3,2,0,2,16,-13.0,3.0,Broken,Avoid/exit,24,-10.3,-27.9,-25.1,30.7,1,,Communication Services,5903645.0,1615702.84
SYHBF,Skyharbour Resources Ltd,0.26,0,2,7,0,2,0,2,13,-10.0,3.0,Broken,Avoid/exit,14,-11.6,-8.5,-7.8,38.8,0,,Basic Materials,55569100.0,134069.14
WNDW,SolarWindow Technologies Inc,0.26,5,7,9,0,4,2,3,30,-25.0,3.0,Broken,Avoid/exit,20,0.0,-3.7,-4.1,45.3,1,,Utilities,17102550.0,18127.59
PCRCF,Bolt Metals Corp,0.281,2,6,4,4,3,2,5,26,-23.0,3.0,Broken,Avoid/exit,31,-25.8,-22.4,-18.4,43.7,1,,Basic Materials,7251076.0,0.0
EVGUF,Evergold Corp,0.26,1,1,2,5,3,4,2,18,-15.0,3.0,Broken,Avoid/exit,30,0.0,-33.3,-19.5,6.6,1,,Basic Materials,5922813.0,1609.13
BEAGR,Bold Eagle Acquisition Corp. Right,0.27,5,7,1,3,3,0,2,21,-16.0,3.0,Broken,Avoid/exit,30,-10.0,-22.9,-7.8,44.0,1,,nan,nan,59966.61
DVLT,Datavault AI Inc.,0.326,0,3,9,0,2,2,2,18,-15.0,3.0,Broken,Avoid/exit,13,-14.2,-16.4,-11.0,37.7,1,,Technology,278827648.0,51172753.5
GAME,GameSquare Holdings Inc.,0.345,3,6,3,4,0,4,2,22,-19.0,3.0,Broken,Avoid/exit,32,-17.1,-12.9,-7.0,43.7,1,,Communication Services,35591056.0,3417817.5
NXHSF,Next Hydrogen Solutions Inc,0.311,1,3,3,0,3,3,2,15,-15.0,3.0,Broken,Avoid/exit,13,0.0,-5.4,-6.4,20.4,1,,Industrials,21535534.0,1274.93
DNRSF,Denarius Silver Corp,0.399,2,5,6,4,0,0,2,19,-15.0,3.0,Broken,Avoid/exit,8,-12.6,-0.4,-7.2,40.6,1,,Basic Materials,87927272.0,360266.35
MIVOF,Miivo Holdings Corp.,0.36,1,3,1,5,3,3,2,18,-15.0,3.0,Broken,Avoid/exit,10,0.0,0.0,-4.6,0.0,1,,Financial Services,14184677.0,0.0
COOT,Australian Oilseeds Holdings Limited Ordinary Shares,0.379,1,8,2,1,2,2,2,18,-13.0,3.0,Broken,Avoid/exit,20,-9.8,-11.7,-14.9,26.7,1,,Consumer Defensive,11396001.0,1672812.1
AUXXF,Allegiant Gold Ltd,0.505,4,8,7,1,2,1,5,28,-25.0,3.0,Broken,Avoid/exit,21,-9.6,-5.6,-4.2,43.9,1,,Basic Materials,55617488.0,108922.14
ORBS,Eightco Holdings Inc.,0.581,2,3,7,1,2,0,2,17,-15.0,3.0,Broken,Avoid/exit,28,-9.3,-12.4,-11.9,36.5,1,,Consumer Cyclical,225473504.0,14215085.15
RECAF,Reconnaissance Energy Africa Ltd,0.555,4,8,0,0,2,2,2,18,-15.0,3.0,Broken,Avoid/exit,17,-6.9,-21.9,-12.1,29.6,1,,Energy,212486304.0,916564.05
AUID,authID Inc.,0.594,0,2,0,8,0,0,2,12,-9.0,3.0,Broken,Avoid/exit,17,-27.8,-43.4,-34.1,24.9,1,,Technology,9928537.0,2301044.95
SKYE,"Skye Bioscience, Inc. Common Stock",0.615,2,5,7,0,4,0,2,20,-15.0,3.0,Broken,Avoid/exit,18,-3.9,1.5,-6.3,38.2,1,,Healthcare,21613388.0,390909.0
LOOP,Loop Industries Inc,0.72,3,4,1,6,2,0,2,18,-15.0,3.0,Broken,Avoid/exit,7,-22.2,-12.9,-12.5,39.3,1,,Basic Materials,34807872.0,109960.33
NUCLW,Eagle Nuclear Energy Corp. Warrants,0.72,0,7,0,0,2,0,2,11,-8.0,3.0,Broken,Avoid/exit,0,-24.2,-27.6,-30.0,25.3,0,,nan,nan,0.0
TOLUF,TOLUF,0.82,1,3,2,2,3,5,2,18,-15.0,3.0,Broken,Avoid/exit,19,0.0,-4.7,-4.3,6.6,1,,Basic Materials,230408448.0,1097.7
THNCF,Thinkific Labs Inc,0.827,7,9,4,5,3,0,2,30,-30.0,3.0,Broken,Avoid/exit,14,-1.3,22.5,0.8,49.5,3,,Technology,55733524.0,1904.59
SMDRF,Sierra Madre Gold and Silver Ltd,0.853,0,4,6,1,0,0,2,13,-10.0,3.0,Broken,Avoid/exit,14,-13.0,-12.1,-12.3,29.9,0,,Basic Materials,167752912.0,87684.21
AVCTF,Avacta Group Plc,0.906,1,1,3,2,3,6,2,18,-15.0,3.0,Broken,Avoid/exit,31,0.0,-9.4,-4.9,8.1,1,,Healthcare,424692096.0,5198.75
INUV,Inuvo Inc,0.931,0,7,2,3,0,2,2,16,-13.0,3.0,Broken,Avoid/exit,9,-8.7,-27.8,-15.8,33.9,1,,Technology,15323411.0,229605.43
TLSA,Tiziana Life Sciences Ltd,0.959,1,7,0,0,4,2,2,16,-13.0,3.0,Broken,Avoid/exit,18,0.9,-13.6,-10.2,39.6,2,,Healthcare,122016056.0,239752.39
SEED,Origin Agritech Ltd,0.98,0,5,6,3,2,3,2,21,-18.0,3.0,Broken,Avoid/exit,21,-3.0,-3.9,-3.1,40.3,1,,Basic Materials,11888221.0,363671.02
MTEN,Mingteng International Corporation Inc. Ordinary Shares,0.95,3,2,2,3,2,4,2,18,-15.0,3.0,Broken,Avoid/exit,28,-24.0,-20.8,-21.7,37.2,1,,Industrials,6559440.0,1264215.09
ASLRF,Alien Metals Ltd,0.001,0,4,1,2,3,0,2,12,-10.0,2.0,Broken,Avoid/exit,26,-42.1,-26.7,-25.4,40.1,0,,Basic Materials,12994646.0,72296.74
APYP,AppYea Inc,0.008,0,2,6,0,3,4,2,17,-15.0,2.0,Broken,Avoid/exit,16,-7.0,-10.1,-13.6,42.1,1,,Technology,10332612.0,84057.09
MMMRF,Mammoth Resources Corp,0.008,1,3,0,3,3,5,2,17,-15.0,2.0,Broken,Avoid/exit,11,0.0,0.0,-51.1,0.0,1,,Basic Materials,863111.0,4486.41
BLQC,BlockQuarry Corp,0.002,3,12,4,5,4,2,2,32,-30.0,2.0,Broken,Avoid/exit,15,-16.7,25.0,-9.2,44.7,3,,Financial Services,741306.0,1600457.95
CODV,Compliance Advocates Corporation,0.008,0,2,2,6,5,0,2,17,-15.0,2.0,Broken,Avoid/exit,0,-51.4,-51.4,-46.2,16.2,1,,Technology,333667.0,0.0
SENR,Strategic Env & Egy,0.005,2,5,0,5,3,0,2,17,-15.0,2.0,Broken,Avoid/exit,5,-76.5,-84.3,-72.7,34.7,1,,Industrials,323776.0,8705.7
CARM,Carisma Therapeutics Inc.,0.002,4,3,3,0,0,0,2,12,-10.0,2.0,Broken,Avoid/exit,17,-51.1,-61.4,-57.5,37.4,0,,Healthcare,92059.0,197122.29
NBHEF,NBHEF,0.02,0,1,0,4,3,2,2,12,-10.0,2.0,Broken,Avoid/exit,14,-28.6,-33.3,-29.9,37.8,0,,nan,24940544.0,19845.17
CHYI,Chykingyoung Investment Development Holdings Inc,0.012,1,3,1,5,3,2,2,17,-15.0,2.0,Broken,Avoid/exit,20,0.0,2.5,-73.6,36.1,1,,Basic Materials,4695008.0,74386.59
SGOZF,Sego Resources Inc.,0.02,1,1,0,3,3,2,2,12,-10.0,2.0,Broken,Avoid/exit,0,0.0,-42.9,-25.2,0.0,0,,Basic Materials,4280326.0,0.0
ELMGF,Element79 Gold Corp,0.013,0,2,3,5,0,0,2,12,-10.0,2.0,Broken,Avoid/exit,24,-12.2,-14.0,-15.5,40.8,0,,Basic Materials,3214294.0,77879.07
AMFL,American Films Inc,0.015,6,3,4,0,2,0,2,17,-15.0,2.0,Broken,Avoid/exit,18,-4.4,-4.4,-8.3,34.6,1,,Communication Services,973655.0,22995.96
IVDAW,Iveda Solutions Inc. Warrant,0.02,4,5,2,3,3,2,2,21,-19.0,2.0,Broken,Avoid/exit,14,-38.8,-44.0,-41.0,39.7,1,,nan,nan,11557.53
GABA,Georgia Bancshares Inc,0.028,2,2,7,5,2,0,2,20,-18.0,2.0,Broken,Avoid/exit,22,-7.9,-9.7,-13.9,33.7,0,,Financial Services,44655480.0,3530574.82
VENZF,Venzee Technologies Inc,0.026,2,3,1,6,3,0,2,17,-15.0,2.0,Broken,Avoid/exit,12,0.0,-47.7,-24.7,38.9,1,,Technology,3167704.0,581.74
VGASW,Verde Clean Fuels Inc.,0.023,3,4,2,5,2,2,2,20,-18.0,2.0,Broken,Avoid/exit,23,0.0,-26.0,-16.8,41.3,1,,Utilities,nan,88471.52
BRLSW,Borealis Foods Inc,0.028,0,5,0,3,0,2,2,12,-10.0,2.0,Broken,Avoid/exit,9,-26.4,-3.8,-46.4,42.0,0,,nan,nan,29275.4
SILS,Silver Scott Mines Inc,0.033,1,3,3,0,3,0,2,12,-10.0,2.0,Broken,Avoid/exit,22,0.0,-33.7,-15.8,37.8,0,,Basic Materials,5902551.0,11728.24
CBRSF,Champion Bear Resources Ltd,0.04,6,9,4,1,3,0,2,25,-23.0,2.0,Broken,Avoid/exit,22,-20.0,-20.0,-16.8,44.2,1,,Basic Materials,3009791.0,12852.63
WTCZF,Copper Lake Resources Ltd,0.031,2,5,0,4,0,4,2,17,-15.0,2.0,Broken,Avoid/exit,17,-4.6,0.0,-59.9,34.6,1,,Basic Materials,448506.0,3562.11
CPIFF,Carlton Precious Inc,0.05,1,4,5,0,3,2,2,17,-15.0,2.0,Broken,Avoid/exit,12,0.0,1.4,-8.8,31.2,1,,Basic Materials,4454815.0,23801.7
DALQF,D&L Industries Inc,0.058,1,1,0,6,0,2,2,12,-10.0,2.0,Broken,Avoid/exit,5,0.0,-45.2,-29.0,0.0,0,,Basic Materials,415142944.0,5.51
WCCP,Wealthcraft Capital Inc,0.06,7,4,1,4,3,3,5,27,-25.0,2.0,Broken,Avoid/exit,48,19.2,-0.8,-2.3,49.1,1,,Industrials,8817011.0,2713.49
LRDJF,St. James Gold Corp,0.065,0,2,0,8,3,0,2,15,-13.0,2.0,Broken,Avoid/exit,31,-19.4,-34.5,-19.4,38.2,1,,Basic Materials,2483806.0,8719.69
EGMLF,Engineer Gold Mines Ltd,0.064,1,3,2,3,3,3,2,17,-15.0,2.0,Broken,Avoid/exit,9,-2.0,-2.0,-11.7,2.1,1,,Basic Materials,1670498.0,1504.42
AAPI,Apple iSports Group Inc,0.076,0,4,5,0,2,2,2,15,-13.0,2.0,Broken,Avoid/exit,22,-30.9,-30.9,-29.2,25.7,1,,Consumer Cyclical,16703620.0,6404.3
POGS,Pioneer Oil & Gas,0.08,1,1,1,0,3,4,2,12,-10.0,2.0,Broken,Avoid/exit,13,-20.8,-20.8,-15.1,1.2,0,,Energy,321293.0,1170.67
ONFO,Onfolio Holdings Inc,0.09,4,7,0,0,2,0,2,15,-13.0,2.0,Broken,Avoid/exit,14,-18.1,-39.1,-49.7,23.9,1,,Communication Services,633629.0,4181722.03
PBIGF,Paradigm Biopharmaceuticals Limited,0.124,5,3,0,0,3,2,2,15,-13.0,2.0,Broken,Avoid/exit,19,-2.8,-17.5,-8.9,45.2,2,,Healthcare,89097120.0,12176.72
KLYG,Kelyniam Global Inc,0.13,3,5,4,0,3,0,2,17,-15.0,2.0,Broken,Avoid/exit,34,-7.1,0.0,-7.4,42.3,1,,Healthcare,7518515.0,20340.02
QCXGF,QcX Gold Corp,0.139,3,3,3,0,3,3,2,17,-15.0,2.0,Broken,Avoid/exit,18,0.0,-5.4,-7.9,36.4,1,,Basic Materials,3139215.0,2145.56
QTIWW,QT Imaging Holdings Inc,0.13,1,3,0,6,4,0,2,16,-10.0,2.0,Broken,Avoid/exit,17,-16.1,-13.3,-19.8,36.5,0,,nan,nan,84901.09
POAS,Phaos Technology Holdings (Cayman) Limited,0.192,3,6,4,0,0,2,2,17,-15.0,2.0,Broken,Avoid/exit,8,-23.6,-19.1,-30.8,28.3,1,,Healthcare,6077610.0,0.0
ITP,IT Tech Packaging Inc,0.168,2,5,2,6,0,0,2,17,-15.0,2.0,Broken,Avoid/exit,20,-6.5,-6.5,-6.1,36.0,1,,Basic Materials,2855280.0,1490286.71
BBAI-WT,"BigBear.ai Holdings, Inc. WT",0.17,3,4,3,0,0,2,2,14,-10.0,2.0,Broken,Avoid/exit,10,-10.5,-19.0,-26.0,30.1,0,,nan,nan,124900.97
BUGLF,BluGlass Limited,0.2,7,2,1,0,3,2,2,17,-15.0,2.0,Broken,Avoid/exit,41,-16.7,-20.0,-13.8,42.3,1,,Technology,38004584.0,1809.99
AEON,"AEON Biopharma, Inc.",0.243,1,4,0,8,0,0,2,15,-13.0,2.0,Broken,Avoid/exit,6,-11.6,-19.0,-36.6,18.7,1,,Healthcare,10730590.0,498607.91
RAFX,Rafex Gold Corp.,0.281,1,3,0,3,3,0,2,12,-10.0,2.0,Broken,Avoid/exit,9,-43.4,-43.4,-38.7,16.9,0,,Financial Services,15018602.0,52.55
ZKPW,Lafayette Digital Acquisition Corp. I Warrant,0.28,4,6,2,3,0,2,2,19,-17.0,2.0,Broken,Avoid/exit,0,7.7,-17.6,-8.4,49.8,0,,nan,nan,0.0
CHVKF,China Vanke Co. Ltd,0.309,1,3,1,4,3,3,2,17,-15.0,2.0,Broken,Avoid/exit,23,-0.4,-10.4,-5.0,35.2,1,,Real Estate,5089483264.0,0.0
PSSOF,PesoRama Inc.,0.316,5,9,1,0,0,2,2,19,-15.0,2.0,Broken,Avoid/exit,28,-2.3,-6.7,-7.6,35.9,1,,Consumer Defensive,67299120.0,6069.76
GLUC,Glucose Health Inc,0.32,4,6,2,0,3,0,2,17,-15.0,2.0,Broken,Avoid/exit,29,-19.0,-1.5,-14.3,37.6,1,,Consumer Defensive,8562967.0,27745.8
CEBCF,China Everbright Bank Company Ltd,0.361,0,1,1,5,3,0,2,12,-10.0,2.0,Broken,Avoid/exit,8,-13.9,-13.9,-9.3,18.8,0,,Financial Services,21335791616.0,7967.53
CSCMY,COSCO SHIPPING International (Singapore) Co. Ltd,0.408,1,4,0,1,0,0,3,9,-10.0,2.0,Broken,Avoid/exit,19,-2.9,2.0,-3.6,46.0,0,,Industrials,358279200.0,0.0
AUMBF,1911 Gold Corp,0.42,2,7,9,0,2,0,2,22,-18.0,2.0,Broken,Avoid/exit,18,-8.7,-4.1,-5.3,40.3,1,,Basic Materials,130531336.0,795349.27
TANH,Tantech Holdings Ltd,0.413,5,6,7,2,2,0,5,27,-25.0,2.0,Broken,Avoid/exit,27,-10.6,-4.0,-3.3,47.2,2,,Consumer Defensive,5957439.0,210814.69
SPCOQ,The Stephan Co.,0.41,0,3,8,3,0,0,3,17,-15.0,2.0,Broken,Avoid/exit,27,-8.9,-12.8,-9.7,22.2,1,,Consumer Defensive,1702342.0,7880.53
YCBD,cbdMD Inc,0.489,1,5,2,0,2,0,2,12,-10.0,2.0,Broken,Avoid/exit,24,-15.1,-23.6,-19.0,25.4,0,,Healthcare,5133482.0,4104876.33
VMXXF,Valhalla Metals Inc.,0.54,3,3,3,3,3,0,2,17,-15.0,2.0,Broken,Avoid/exit,39,-14.3,-26.1,-15.5,36.9,1,,Basic Materials,81616088.0,12528.02
SLGB,Smart Logistics Global Limited Ordinary Shares,0.548,3,4,1,3,2,2,2,17,-15.0,2.0,Broken,Avoid/exit,28,-26.9,-5.4,-13.9,45.5,1,,Industrials,24660000.0,0.0
BACCR,Blue Acquisition Corp. Right,0.518,7,7,1,2,7,2,5,31,-29.0,2.0,Broken,Avoid/exit,48,-0.4,-39.8,-11.9,44.6,0,,nan,nan,0.0
BIAF,"bioAffinity Technologies, Inc.",0.585,3,4,7,5,0,0,2,21,-19.0,2.0,Broken,Avoid/exit,9,-17.4,-19.0,-22.3,22.8,1,,Healthcare,3675590.0,2990703.6
BNRG,Brenmiller Energy Ltd Ordinary Shares,0.568,1,9,4,0,4,0,2,20,-16.0,2.0,Broken,Avoid/exit,14,-38.5,-24.0,-28.9,34.1,2,,Utilities,1460079.0,838210.04
ALISR,Calisa Acquisition Corp Right,0.58,5,9,0,3,5,0,2,24,-22.0,2.0,Broken,Avoid/exit,43,-2.4,-23.5,-12.3,44.4,0,,nan,nan,0.0
UAVS,Ageagle Aerial Systems Inc,0.674,0,4,4,5,2,0,2,17,-15.0,2.0,Broken,Avoid/exit,12,-6.3,-14.6,-11.4,28.0,1,,Technology,39512040.0,3906967.74
RVP,Retractable Technologies Inc,0.67,1,11,4,1,5,1,2,25,-23.0,2.0,Broken,Avoid/exit,37,-1.4,-6.9,-2.3,41.9,2,,Healthcare,20063884.0,77724.0
CMETF,Power Nickel Inc,0.712,5,4,8,1,2,2,3,25,-23.0,2.0,Broken,Avoid/exit,14,-4.9,-3.7,-5.2,39.8,1,,Basic Materials,31656294.0,274727.8
AMTD,AMTD IDEA Group,0.764,1,7,0,2,4,0,2,16,-10.0,2.0,Broken,Avoid/exit,9,-10.2,-20.5,-12.1,29.2,1,,Financial Services,72539720.0,122064.0
PEVM,Phoenix Motor Inc.,0.76,1,6,1,3,0,2,2,15,-13.0,2.0,Broken,Avoid/exit,22,0.0,-51.6,-40.4,23.1,1,,nan,37453104.0,831.62
BCDA,Biocardia Inc,0.774,0,8,1,0,2,4,2,17,-15.0,2.0,Broken,Avoid/exit,7,-15.0,-12.1,-13.6,36.1,1,,Healthcare,11516005.0,1035475.43
CRDF,Cardiff Oncology Inc,0.81,1,7,1,0,2,4,2,17,-13.0,2.0,Broken,Avoid/exit,13,-5.8,-9.0,-19.5,27.5,1,,Healthcare,63014152.0,1132323.93
REED,"Reed's, Inc.",0.834,3,2,4,6,0,0,2,17,-15.0,2.0,Broken,Avoid/exit,8,-10.4,-17.5,-20.7,22.2,1,,Consumer Defensive,9884079.0,31126.82
AINSF,Ainsworth Game Technology Limited,0.93,6,4,3,1,3,4,5,26,-23.0,2.0,Broken,Avoid/exit,38,-5.1,-8.8,-4.6,42.0,1,,Consumer Cyclical,313218400.0,18120.77
DTJXX,Dreyfus Treasury Securities Cash Management,1.0,1,6,0,5,3,0,2,17,-18.0,2.0,Broken,Avoid/exit,11,0.0,0.0,-42.9,42.6,0,,nan,nan,0.0
SIOLF,Sino-Ocean Group Holding Limited,0.007,1,1,0,5,0,2,2,11,-10.0,1.0,Broken,Avoid/exit,15,0.0,-34.5,-19.2,0.0,0,,Real Estate,91187992.0,130.5
CGFEF,CF Energy Corp,0.001,3,1,2,5,0,0,2,13,-8.0,1.0,Broken,Avoid/exit,13,-16.7,-16.7,-15.3,0.0,0,,Utilities,24878236.0,366.5
EDEYF,Eden Innovations Ltd,0.002,6,3,0,1,2,2,2,16,-15.0,1.0,Broken,Avoid/exit,33,5.0,5.0,-98.7,11.3,2,,Industrials,1283373.0,78.89
DPLS,Darkpulse Inc,0.006,4,9,4,0,4,0,2,23,-22.0,1.0,Broken,Avoid/exit,18,-5.0,-5.0,-10.8,43.2,1,,Technology,904306.0,1991826.28
VLTMF,Voltage Metals Corp,0.004,1,3,0,0,3,2,2,11,-10.0,1.0,Broken,Avoid/exit,6,0.0,-66.7,-42.4,0.0,0,,Basic Materials,409386.0,4443.32
DGNG,Diguang Intl Dev Co,0.001,1,1,0,5,3,4,2,16,-15.0,1.0,Broken,Avoid/exit,13,0.0,-84.3,-72.7,0.0,1,,Technology,354852.0,594.96
IRME,International Display Advertising Inc,0.002,3,7,2,5,3,6,2,28,-27,1,Broken,Avoid/exit,25,90.9,90.9,-36.7,23.8,3,3,Healthcare,231125.0,4056.98
GPLB,Green Planet Bio Engineering Company. Ltd,0.009,0,1,0,5,3,0,2,11,-10.0,1.0,Broken,Avoid/exit,11,-32.3,-32.3,-24.8,0.0,0,,Financial Services,176056.0,872.49
TESI,Tangram Enterprise Solutions Inc,0.001,4,3,0,1,3,3,2,16,-15.0,1.0,Broken,Avoid/exit,12,0.0,0.0,-76.9,0.0,1,,Industrials,41247.0,3179.3
WNBD,Winning Brands Corp,0.004,5,4,3,0,0,2,2,16,-15.0,1.0,Broken,Avoid/exit,23,-14.3,-2.7,-23.4,45.3,1,,Consumer Defensive,26384.0,0.0
HUBCW,Hub Cyber Security Ltd. Warrant 2/27/28,0.01,3,5,1,3,2,0,2,16,-13.0,1.0,Broken,Avoid/exit,32,-22.7,-26.6,-23.5,42.0,0,,Technology,nan,312224.97
WBSR,Webstar Technology Group Inc,0.012,0,3,0,0,2,4,2,11,-10.0,1.0,Broken,Avoid/exit,9,-14.9,-69.2,-61.8,31.4,0,,Technology,6752551.0,49754.25
YUKA,Yuka Group Inc,0.02,1,5,0,5,3,0,2,16,-15.0,1.0,Broken,Avoid/exit,14,-55.0,-57.0,-42.4,33.5,1,,Consumer Cyclical,934677.0,88229.66
GCLWW,GCL Global Holdings Ltd Warrants,0.02,3,4,7,0,0,3,2,19,-18.0,1.0,Broken,Avoid/exit,20,-4.3,-4.3,-7.6,40.1,0,,nan,476850.0,27048.83
SPKTF,Spectra Products Inc,0.02,0,1,0,5,3,0,2,11,-10.0,1.0,Broken,Avoid/exit,5,-84.6,-84.6,-80.3,0.0,0,,Consumer Cyclical,261111.0,500.0
NNVUF,Nanoveu Limited,0.03,1,6,0,9,3,0,2,21,-20.0,1.0,Broken,Avoid/exit,17,-80.0,50.0,-32.8,46.2,3,,Technology,32619444.0,11834.35
CVAT,Cavitation Techs Inc,0.028,3,3,9,1,1,0,2,19,-18.0,1.0,Broken,Avoid/exit,33,-6.3,-6.3,-4.7,44.0,0,,Industrials,9291622.0,475200.42
TOGOF,TomaGold Corporation,0.027,4,4,5,1,3,2,2,21,-20.0,1.0,Broken,Avoid/exit,22,0.0,-16.1,-2.5,46.2,0,,Basic Materials,7996300.0,39929.41
BCCEF,BacTech Environmental Corporation,0.027,2,4,3,2,3,0,2,16,-15.0,1.0,Broken,Avoid/exit,13,-16.8,-1.1,-10.2,37.3,1,,Industrials,6470067.0,54775.95
EPAZ,Epazz Inc,0.021,0,7,2,5,3,0,2,19,-18.0,1.0,Broken,Avoid/exit,20,-19.2,-11.4,-16.2,41.9,2,,Technology,327812.0,17795.37
ABMBF,Abcourt Mines Inc,0.048,5,2,7,5,0,2,3,24,-23.0,1.0,Broken,Avoid/exit,17,-5.0,-5.0,-5.5,36.4,1,,Basic Materials,59667436.0,244111.77
LIMNW,"Liminatus Pharma, Inc. Warrants",0.041,3,4,2,0,0,0,2,11,-10.0,1.0,Broken,Avoid/exit,24,-25.9,-18.1,-30.6,43.4,0,,nan,nan,0.0
VMSXF,Nine Mile Metals Ltd,0.053,0,4,7,0,3,0,2,16,-15.0,1.0,Broken,Avoid/exit,28,-13.1,-18.4,-11.2,42.0,1,,Basic Materials,10776211.0,222001.79
IDKFF,ThreeD Capital Inc,0.064,1,7,4,0,2,0,2,16,-15.0,1.0,Broken,Avoid/exit,27,-3.0,-9.9,-6.2,40.3,1,,Financial Services,6043005.0,54916.94
TORCF,TinOne Resources Inc.,0.066,12,6,2,0,2,0,5,27,-22.0,1.0,Broken,Avoid/exit,22,-8.6,-8.6,3.8,57.9,1,,Basic Materials,1435584.0,3095.39
IVRO,Invitro International,0.062,0,4,2,1,2,0,2,11,-6.0,1.0,Broken,Avoid/exit,22,-23.8,-24.7,-17.8,32.7,1,,Healthcare,1380108.0,17504.25
SYAAF,Syrah Resources Limited,0.075,2,4,5,5,3,0,5,24,-23.0,1.0,Broken,Avoid/exit,21,-2.6,-12.8,-7.8,44.9,1,,Basic Materials,174144560.0,196653.0
RDUFF,Radius Gold Inc,0.09,0,7,3,0,1,0,5,16,-15.0,1.0,Broken,Avoid/exit,26,-18.2,0.0,-10.8,44.9,1,,Basic Materials,11570425.0,29945.56
KIQSF,Kelso Technologies Inc.,0.09,1,3,0,5,3,2,2,16,-15.0,1.0,Broken,Avoid/exit,20,0.0,-10.0,-10.4,43.1,1,,Industrials,5178011.0,34719.04
RBOT,Vicarious Surgical Inc.,0.085,3,6,3,6,0,0,2,20,-15.0,1.0,Broken,Avoid/exit,14,-39.3,-51.4,-48.7,27.1,1,,Healthcare,606165.0,85404.82
PEIMF,PepinNini Minerals Limited,0.092,14,5,2,6,1,2,5,35,-30,1,Broken,Avoid/exit,39,15.3,15.3,3.0,53.6,3,,Basic Materials,40379120.0,11848.0
PLNH,Planet 13 Holdings Inc.,0.117,7,7,7,1,4,0,2,28,-25.0,1.0,Broken,Avoid/exit,26,-3.0,-11.1,-5.9,41.2,2,,Healthcare,38446684.0,655639.43
SURNF,SURNF,0.101,9,6,3,3,0,1,2,24,-23.0,1.0,Broken,Avoid/exit,20,-0.9,6.7,-3.1,45.7,1,,Basic Materials,3947590.0,11893.05
CRTTF,Cortus Metals Inc,0.1,2,7,1,0,0,2,2,14,-13.0,1.0,Broken,Avoid/exit,28,11.1,-9.1,-11.9,36.2,1,,Basic Materials,3083850.0,2083.54
EQRLF,EQRLF,0.181,4,7,1,2,2,0,2,18,-17.0,1.0,Broken,Avoid/exit,0,-5.1,-6.0,-3.3,48.0,0,,Basic Materials,926844672.0,0.0
ELVUF,Elevate Uranium Ltd,0.15,2,1,7,0,0,2,2,14,-13.0,1.0,Broken,Avoid/exit,17,-16.4,-8.5,-11.3,39.3,1,,Energy,77895848.0,48192.54
ADYRF,Adyton Resources Corporation,0.189,3,3,2,0,3,3,2,16,-15.0,1.0,Broken,Avoid/exit,32,0.0,-5.6,-5.0,17.5,1,,Basic Materials,59448404.0,2803.5
GPTRF,Grande Portage Resources Ltd,0.196,1,2,7,6,0,0,2,18,-15.0,1.0,Broken,Avoid/exit,12,-7.6,-11.4,-8.5,39.7,1,,Basic Materials,36262908.0,115886.79
BZAIW,"Blaize Holdings, Inc. Warrants",0.196,0,2,0,1,2,4,2,11,-10.0,1.0,Broken,Avoid/exit,17,-38.7,-26.4,-29.4,38.4,0,,nan,6519961.0,59954.67
QNICF,Québec Nickel Corp,0.17,3,1,1,6,3,0,2,16,-15.0,1.0,Broken,Avoid/exit,24,-31.9,-31.9,-21.1,29.8,1,,Basic Materials,2980851.0,1112.86
AUMN,Golden Minerals Company,0.186,6,4,7,0,3,0,4,24,-23.0,1.0,Broken,Avoid/exit,38,-7.1,-2.2,-3.3,46.8,1,,Basic Materials,2879079.0,49431.64
ITJTY,Intrum AB (publ),0.244,1,3,0,0,3,2,2,11,-10.0,1.0,Broken,Avoid/exit,9,-18.7,-86.8,-76.7,26.5,1,,Financial Services,5184508928.0,0.0
RBWRF,Rainbow Rare Earths Limited,0.22,2,4,3,3,0,0,4,16,-15.0,1.0,Broken,Avoid/exit,18,-21.4,-21.4,-14.7,42.2,1,,Basic Materials,154072224.0,14343.65
DNRGF,DNRGF,0.235,1,3,0,5,3,2,2,16,-15.0,1.0,Broken,Avoid/exit,32,-6.0,-21.7,-11.8,44.9,1,,Energy,35508500.0,21794.64
QESSF,Aegis Critical Energy Defence Corp.,0.222,4,4,1,5,0,0,2,16,-15.0,1.0,Broken,Avoid/exit,31,-2.4,-11.0,-8.9,41.6,1,,Industrials,33621352.0,185281.31
IRVRF,Irving Resources Inc,0.2,1,6,3,0,4,0,2,16,-15.0,1.0,Broken,Avoid/exit,39,-6.1,-13.0,-9.4,39.2,1,,Basic Materials,18835120.0,73803.42
MGROF,Mustgrow Biologics Corp,0.225,2,4,2,6,0,0,2,16,-15.0,1.0,Broken,Avoid/exit,13,-4.0,-15.2,-15.6,30.1,1,,Basic Materials,15558400.0,2573.78
DTCFF,Defence Therapeutics Inc,0.294,2,7,1,3,2,0,4,19,-18.0,1.0,Broken,Avoid/exit,16,5.2,-9.2,-4.4,44.8,1,,Healthcare,22251400.0,14668.22
CYAB,"Cyabra, Inc. Common Stock",0.262,3,5,4,0,2,2,2,18,-15.0,1.0,Broken,Avoid/exit,0,-6.6,-25.3,-21.9,29.3,1,,Technology,3986595.0,0.0
HUMDF,Hua Medicine (Shanghai) Ltd,0.314,0,1,1,4,3,0,2,11,-10.0,1.0,Broken,Avoid/exit,10,-7.6,-7.6,-7.6,31.7,0,,Healthcare,313255936.0,364.67
BFGFD,Copper One Resources Corp.,0.3,5,2,2,3,0,2,2,16,-15.0,1.0,Broken,Avoid/exit,31,-13.6,-25.7,-17.3,31.8,1,,Basic Materials,10180172.0,119781.56
CEXYF,Copper One Resources Corp.,0.3,5,2,2,3,0,2,2,16,-15.0,1.0,Broken,Avoid/exit,31,-13.6,-25.7,-17.4,31.2,1,,Basic Materials,8990685.0,119725.03
GAUZ,Gauzy Ltd. Ordinary Shares,0.305,0,4,3,5,2,0,2,16,-15.0,1.0,Broken,Avoid/exit,20,-17.5,-23.3,-21.3,29.9,1,,Technology,5720405.0,237354.61
MDCXW,Medicus Pharma Ltd. Warrant,0.31,0,4,0,3,0,0,2,9,-8.0,1.0,Broken,Avoid/exit,16,-54.4,-41.5,-33.9,43.5,0,,nan,nan,2134.4
HMRFF,Homerun Resources Inc.,0.37,5,4,1,2,2,2,2,18,-15.0,1.0,Broken,Avoid/exit,10,-6.3,-7.7,-8.8,34.0,2,,Basic Materials,27225580.0,37895.26
REFR,Research Frontiers Incorporated,0.391,0,5,1,4,0,2,2,14,-13.0,1.0,Broken,Avoid/exit,7,-20.2,-28.9,-23.4,21.2,1,,Technology,15233734.0,54301.52
NXL,Nexalin Technology Inc.,0.361,0,7,1,4,4,0,5,21,-18.0,1.0,Broken,Avoid/exit,29,-21.8,-23.0,-14.8,41.7,1,,Healthcare,7948281.0,488318.59
VCIG,VCI Global Limited Ordinary Share,0.39,1,7,0,0,4,2,2,16,-13.0,1.0,Broken,Avoid/exit,21,-43.1,-75.5,-72.4,27.6,1,,Industrials,3620187.0,1378013.98
EPOW,Sunrise New Energy Co. Ltd,0.44,0,7,1,6,0,0,2,16,-15.0,1.0,Broken,Avoid/exit,5,-17.2,-7.3,-16.4,33.0,1,,Industrials,17040870.0,221323.76
PDIYF,Predictive Discovery Limited,0.45,5,6,4,0,2,0,4,21,-20.0,1.0,Broken,Avoid/exit,20,-7.2,-5.3,-6.9,42.1,1,,Basic Materials,2223388416.0,124652.33
HWAIF,Healwell AI Inc.,0.456,3,2,3,6,2,0,2,18,-15.0,1.0,Broken,Avoid/exit,13,-7.0,-12.7,-9.2,33.3,1,,Healthcare,150038512.0,134878.95
NNOMF,Nano One Materials Corp,0.48,3,9,4,0,4,2,2,24,-23.0,1.0,Broken,Avoid/exit,21,-1.0,-1.6,-4.3,37.1,1,,Basic Materials,58096736.0,91412.89
SGRP,SPAR Group Inc,0.51,1,8,0,5,2,2,2,20,-19,1,Broken,Avoid/exit,15,75.9,-38.6,-15.5,40.3,2,9,Industrials,14483265.0,101411.55
SLVTF,Silver Tiger Metals Inc,0.555,8,9,7,1,3,0,3,31,-28.0,1.0,Broken,Avoid/exit,39,-9.1,-0.1,-0.7,48.8,1,,Basic Materials,310008480.0,637030.45
IPEXR,Inflection Point Acquisition Corp. V,0.57,3,2,5,5,3,0,5,23,-18.0,1.0,Broken,Avoid/exit,38,-9.5,-17.4,-11.5,43.6,0,,nan,nan,0.0
WLSS,Welsis Corp.,0.6,1,1,0,3,3,6,2,16,-15.0,1.0,Broken,Avoid/exit,10,0.0,-75.9,-56.2,0.1,1,,Healthcare,1651600.0,65.13
SLQT,Selectquote Inc,0.694,6,7,7,0,0,0,2,22,-21.0,1.0,Broken,Avoid/exit,28,-3.2,-7.3,-7.5,42.1,2,,Financial Services,122438264.0,1504481.62
CCTG,CCSC Technology International Holdings Limited Ordinary Shares,0.67,5,2,1,3,0,0,2,13,-15.0,1.0,Broken,Avoid/exit,31,-16.3,-20.8,-16.3,43.3,1,,Industrials,2623216.0,2135347.55
NEON,Neonode Inc,0.752,3,8,2,0,0,0,2,15,-14.0,1.0,Broken,Avoid/exit,11,-8.3,-12.6,-13.5,32.4,0,,Technology,12615724.0,203240.52
VMAR,Vision Marine Technologies Inc,0.763,1,6,1,0,4,2,2,16,-13.0,1.0,Broken,Avoid/exit,13,-7.4,-41.8,-28.0,36.8,2,,Consumer Cyclical,4982088.0,1029075.86
WCT,Wellchange Holdings Company Limited,0.81,1,4,2,3,2,4,2,18,-15.0,1.0,Broken,Avoid/exit,15,-7.2,-29.5,-20.7,38.6,1,,Technology,3671865.0,965936.22
TPST,Tempest Therapeutics Inc,0.892,3,10,4,0,2,0,2,21,-18.0,1.0,Broken,Avoid/exit,18,-6.2,-16.6,-10.5,31.5,1,,Healthcare,14260027.0,158223.25
MYO,Myomo Inc,0.93,5,4,1,0,4,4,2,20,-19.0,1.0,Broken,Avoid/exit,26,-10.6,-16.2,-10.1,42.2,1,,Healthcare,35937812.0,699196.76
AACG,ATA Creativity Global,0.9,0,4,2,4,0,2,2,14,-13.0,1.0,Broken,Avoid/exit,29,-1.1,-10.0,-5.8,41.4,1,,Consumer Defensive,38887424.0,19450.39
AUST,Austin Gold Corp,0.92,0,4,2,5,0,0,2,13,-15.0,1.0,Broken,Avoid/exit,13,-10.7,-14.0,-10.7,35.6,1,,Basic Materials,12597561.0,547758.7
BBLG,Bone Biologics Corp,0.905,0,5,0,5,0,2,2,14,-13.0,1.0,Broken,Avoid/exit,22,-17.8,-27.0,-21.9,20.0,1,,Healthcare,1637669.0,123504.36
SYNX,Silynxcom Ltd.,1.0,0,3,9,5,0,0,3,20,-19.0,1.0,Broken,Avoid/exit,25,-4.8,-4.8,-4.8,40.1,1,,Technology,6634440.0,487415.88
PRFX,Painreform Ltd,0.991,4,6,5,1,0,0,2,18,-13.0,1.0,Broken,Avoid/exit,12,-17.4,-22.0,-19.5,35.0,1,,Healthcare,3014453.0,1129706.76
FAYXX,Fidelity New Jersey Municipal M,1.0,1,2,0,6,0,0,2,11,-10.0,1.0,Broken,Avoid/exit,11,-53.3,-43.8,-43.9,30.1,0,,nan,nan,0.0
