code,name,price,trend,momentum,volatility,volume,sr,pattern,sentiment,raw,adj,final,zone,action,weekly_raw,g5,g10,ext,rsi,dist_flags,mct,sector,mcap,avgvol
IAUFF,AIC Mines Limited,0.59,19,13,4,16,6,7,5,70,1.0,71.0,Strong,Enter w/ confidence,72,11.3,3.5,7.4,68.4,0,,Basic Materials,474264768.0,3614.75
SLVMF,Silver Mines Limited,0.129,12,12,4,18,6,5,5,62,4.0,69.0,Moderate,Enter w/ caution,59,26.0,13.0,13.9,59.0,2,,Consumer Defensive,221937408.0,43595.24
AUSTF,Austin Engineering Limited,0.136,17,8,6,17,6,5,5,64,-1.0,68.0,Moderate,Enter w/ caution,47,24.5,24.5,16.5,78.7,2,,Industrials,67844312.0,2395.79
FAGI,Full Alliance Group Inc,0.01,11,12,9,15,6,5,2,60,2.0,67.0,Moderate,🔥 COILED: Enter w/ caution,45,0.0,5.3,2.5,52.7,0,,Healthcare,1357885.0,155763.5
CCEYF,Cancambria Energy Corp.,0.243,15,14,3,11,8,5,4,60,2.0,67.0,Moderate,Enter w/ caution,0,7.3,5.0,5.0,55.1,0,,nan,nan,0.0
TCVNF,Tocvan Ventures Corp,0.549,17,12,11,12,8,6,3,69,-2.0,67.0,Moderate,Enter w/ caution,52,1.7,1.7,4.3,67.4,1,,Basic Materials,42304324.0,997.02
GRMLW,Greenland Mines Ltd,0.17,12,12,9,10,4,4,5,56,2.0,66.0,Moderate,🔥 COILED: Enter w/ caution,0,20.7,6.9,10.9,54.1,0,,nan,nan,0.0
GNGXF,Inventus Mining Corp,0.225,13,12,5,18,7,0,5,60,2.0,65.0,Moderate,Enter w/ caution,66,0.0,-2.2,3.3,52.7,0,,Basic Materials,49725000.0,34539.59
ALVLF,Big Ridge Gold Corp,0.43,19,10,10,17,6,7,5,74,-7.0,65.0,Moderate,Enter w/ caution,75,19.4,13.2,14.1,66.2,2,,Basic Materials,114790440.0,194496.42
GEDC,"TerraVolt Holdings, Inc.",0.77,14,10,10,10,5,9,5,63,-3.0,65.0,Moderate,🔥 COILED: Enter w/ caution,55,11.6,0.0,3.8,53.7,2,,Real Estate,19812516.0,2355.6
GSTX,Graphene & Solar Technologies Limited,0.09,14,12,6,15,5,4,5,61,-3.0,63.0,Moderate,🔥 COILED: Enter w/ caution,53,-5.6,-0.3,5.6,51.9,1,,Technology,52534908.0,11684.54
NBRKF,New Break Resources Ltd.,0.2,16,6,6,17,4,5,5,59,-1.0,63.0,Moderate,Enter w/ caution,0,3.1,45.2,19.9,77.8,2,,Basic Materials,nan,0.0
CUPPF,Super Copper Corp.,0.405,12,15,5,15,8,7,5,67,-2.0,63.0,Moderate,Enter w/ caution,45,16.3,5.5,9.7,60.4,1,,nan,nan,37601.48
ASXSF,Elysee Development Corp,0.46,13,16,5,13,4,7,3,61,2.0,63.0,Moderate,Enter w/ caution,53,0.0,7.0,5.1,57.3,0,,Financial Services,11277675.0,0.0
DEFT,DeFi Technologies Inc.,0.651,15,11,7,8,6,11,5,63,0.0,63.0,Moderate,Enter w/ caution,39,26.5,35.4,24.1,67.8,2,,Financial Services,228625712.0,5469435.13
GBAT,Grayscale Basic Attention Token Trust,0.8,16,12,6,14,6,6,5,65,0.0,63.0,Moderate,Enter w/ caution,45,8.1,33.3,14.7,63.5,2,,nan,nan,16498.84
CGTRF,GT Resources Inc.,0.022,16,11,12,7,6,7,5,64,-2.0,62.0,Moderate,Enter w/ caution,52,20.0,20.0,14.3,62.1,2,,Basic Materials,7005018.0,73960.18
TVGNW,Tevogen Bio Holdings Inc.,0.052,13,10,7,14,7,4,2,57,2.0,62.0,Moderate,Enter w/ caution,60,4.4,3.0,4.1,54.0,1,,nan,nan,175560.74
APAAF,Appia Energy Corp,0.149,13,12,3,15,6,7,5,61,3.0,62.0,Moderate,Enter w/ caution,65,9.1,-3.6,11.4,62.8,0,,Energy,27866368.0,169285.87
PYRGF,PyroGenesis Inc.,0.156,13,16,6,8,5,7,5,60,-1.0,62.0,Moderate,Enter w/ caution,33,10.5,3.2,6.3,57.4,1,,Industrials,33275410.0,52331.94
CDPMF,Cerro de Pasco Resources Inc.,0.529,18,8,8,15,6,8,5,68,-4.0,62.0,Moderate,Enter w/ caution,0,5.8,9.8,9.9,70.0,2,,Basic Materials,331091520.0,0.0
ELRE,Yinfu Gold Corporation,1.0,14,5,11,13,4,11,4,62,0.0,62.0,Moderate,Enter w/ caution,57,5.3,5.3,3.3,59.7,0,,Communication Services,52575100.0,0.0
RECX,Recreatives Industries Inc.,0.014,11,12,10,17,7,2,5,64,-1.0,61.0,Moderate,Enter w/ caution,60,0.0,0.7,5.4,56.7,1,,Consumer Cyclical,4156991.0,1215288.34
EUMNF,Euro Manganese Inc,0.072,11,13,5,16,5,4,5,59,2.0,61.0,Moderate,Enter w/ caution,30,-4.9,4.8,7.3,56.0,0,,Basic Materials,9863860.0,28313.0
GRCMF,Green Shift Commodities Ltd.,0.062,20,10,5,16,7,7,5,70,-9.0,61.0,Moderate,Enter w/ caution,65,32.5,11.6,16.7,68.0,2,,Basic Materials,8681195.0,7469.96
ORFDF,Orefinders Resources Inc,0.121,18,5,6,17,5,7,5,63,-3.0,61.0,Moderate,Enter w/ caution,65,4.1,10.6,10.6,75.8,2,,Basic Materials,29924342.0,61602.68
BRRWW,"ProCap Financial, Inc.",0.299,14,12,5,15,5,7,5,63,0.0,61.0,Moderate,Enter w/ caution,46,17.3,22.5,18.8,57.5,2,,nan,nan,33990.23
EGRX,Eagle Pharmaceuticals Inc,0.685,15,8,7,17,4,4,5,60,-4.5,60.5,Moderate,Enter w/ caution,56,15.1,15.1,40.4,67.8,2,,Healthcare,3289388.0,3216.38
AMSLF,Australian Mines Limited,0.026,15,10,5,15,6,7,5,63,-3.0,60.0,Moderate,Enter w/ caution,66,19.5,34.9,15.3,56.8,2,,Basic Materials,57075884.0,44374.53
TKOI,Telkonet Inc,0.027,15,8,10,12,5,7,5,62,-5.0,60.0,Moderate,Enter w/ caution,58,5.4,5.8,3.4,53.8,1,,Technology,7857310.0,421594.69
MATAF,Matador Technologies Inc.,0.025,12,16,8,11,5,7,5,64,-2.0,60.0,Moderate,Enter w/ caution,35,26.7,36.5,20.6,60.7,2,,nan,nan,57054.44
TRBMF,Torq Resources Inc,0.036,14,13,12,17,4,3,4,67,-7.0,60.0,Moderate,Enter w/ caution,36,8.8,8.8,6.6,60.1,2,,Basic Materials,6320503.0,26645.51
TOVX,Theriva Biologics Inc.,0.252,14,13,9,12,3,3,5,59,-2.0,60.0,Moderate,Enter w/ caution,43,9.8,9.8,7.4,62.1,1,,Healthcare,11161097.0,11798613.54
XTAIF,xTAO Inc.,0.42,10,16,6,9,5,7,5,58,2.0,60.0,Moderate,Enter w/ caution,30,13.5,2.4,13.1,56.7,0,,Technology,nan,20149.0
PAASF,Pan American Silver Corp.,0.54,10,16,7,10,3,5,5,56,-1.0,60.0,Moderate,Enter w/ caution,37,5.9,3.8,4.9,56.3,0,,nan,nan,224476.65
IQEPF,IQE PLC,0.67,14,14,10,9,4,7,5,63,-3.0,60.0,Moderate,Enter w/ caution,55,14.7,0.0,7.2,57.1,1,,Technology,851860992.0,1294651.35
WNBDD,Winning Brands Corporation,0.005,13,13,10,12,3,6,5,62,-5.8,59.2,Moderate,Enter w/ caution,41,24.3,24.3,23.2,56.3,2,,Consumer Defensive,32247.0,18046.03
MONI,World Oil Group,0.004,11,14,9,9,8,2,3,56,2.0,59.0,Moderate,Enter w/ caution,58,5.0,5.0,4.4,53.0,0,,Industrials,3016048.0,1038975.28
CHELF,Champion Electric Metals Inc.,0.006,15,14,3,11,4,5,5,57,2.0,59.0,Moderate,Enter w/ caution,49,19.6,1.9,13.4,53.4,0,,Basic Materials,1702663.0,81347.59
ANSNF,Anson Resources Limited,0.035,15,7,11,9,4,7,5,58,1.0,59.0,Moderate,Enter w/ caution,39,12.9,22.8,11.2,64.1,2,,Basic Materials,56683316.0,51931.18
RIBBR,Ribbon Acquisition Corp Rights,0.24,11,9,2,15,7,7,5,56,2.0,59.0,Moderate,Enter w/ caution,53,-3.0,-7.7,4.7,52.7,0,,nan,1017899.0,0.0
VUECF,Verdera Energy Corp.,0.34,15,14,10,15,4,1,3,62,-3.0,59.0,Moderate,Enter w/ caution,0,0.0,0.0,3.0,58.5,1,,Energy,nan,0.0
EMAUF,Emperor Metals Inc.,0.357,18,8,8,18,6,10,5,73,-17,59,Moderate,Enter w/ caution,70,52.7,60.4,42.9,84.2,3,8,Basic Materials,50855852.0,349862.85
YOUL,Youlife Group Inc. American Depositary Shares,0.514,10,6,7,11,6,7,5,52,2.0,59.0,Moderate,🔥 COILED: Enter w/ caution,29,0.6,8.7,4.3,52.5,1,,Consumer Defensive,42914340.0,507035.64
THXPF,Thor Explorations Ltd,0.99,15,11,6,15,6,11,5,69,-8.0,59.0,Moderate,Enter w/ caution,43,3.8,28.8,13.1,69.3,2,,Basic Materials,641469952.0,155042.52
BCMRF,BCM Resources Corporation,0.54,19,9,6,15,7,6,5,67,-6.5,58.5,Moderate,Enter w/ caution,76,28.6,35.0,44.9,67.7,2,,Basic Materials,121556056.0,57219.97
AEUSF,Active Energy Group Plc,0.002,14,5,6,14,6,5,5,55,0.0,58.0,Moderate,Enter w/ caution,37,0.0,0.0,3.3,57.4,0,,Industrials,15641638.0,55623.84
GORAF,Goldrea Resources Corp,0.017,14,12,3,8,4,7,5,53,2.0,58.0,Moderate,Enter w/ caution,35,11.3,27.3,10.9,53.2,2,,Basic Materials,2608461.0,25833.89
CMMMF,Comstock Metals Ltd,0.032,19,4,7,13,6,7,5,61,-3.0,58.0,Moderate,Enter w/ caution,53,14.3,14.3,7.7,74.9,2,,Basic Materials,949503.0,1972.59
POSAF,POSaBIT Systems Corp,0.05,17,11,3,13,4,4,5,57,2.0,58.0,Moderate,Enter w/ caution,53,13.6,6.4,4.0,51.8,0,,Technology,8108425.0,35415.48
GFLE,GFL Sports & Entertainment Inc.,0.059,12,9,9,9,5,4,5,53,2.0,58.0,Moderate,Enter w/ caution,0,29.7,2.4,13.1,52.2,1,,nan,nan,0.0
MNMRF,Monumental Minerals Corp,0.066,16,12,9,11,6,1,5,60,-3.0,58.0,Moderate,Enter w/ caution,54,-5.5,2.0,8.6,55.9,1,,Basic Materials,7111978.0,62045.06
EVGPF,Evergrande Property Services Group Limited,0.131,11,8,6,9,4,8,5,51,2.0,58.0,Moderate,🔥 COILED: Enter w/ caution,41,0.0,0.0,1.1,54.0,0,,Real Estate,1414054016.0,939.21
KENYF,Makenita Resources Inc.,0.145,16,4,7,18,6,5,5,61,-3.0,58.0,Moderate,Enter w/ caution,72,18.7,26.1,17.0,74.3,2,,nan,nan,21084.62
STPDF,Stampede Drilling Inc.,0.17,15,6,11,9,6,6,4,57,-2.0,58.0,Moderate,Enter w/ caution,56,0.0,6.4,1.9,63.3,0,,Energy,33352838.0,4482.48
DGCOF,Daura Gold Corp.,0.196,14,12,6,13,6,5,5,61,-3.0,58.0,Moderate,Enter w/ caution,0,11.7,-0.9,4.8,54.0,1,,Basic Materials,16859904.0,0.0
APCOF,New Tech Minerals Corp,0.175,10,16,9,12,4,0,5,56,-3.0,58.0,Moderate,🔥 COILED: Enter w/ caution,53,-5.7,1.6,1.5,51.8,1,,Basic Materials,15393563.0,69193.37
EULIF,European Lithium Limited,0.284,19,9,7,11,5,5,5,61,-3.0,58.0,Moderate,Enter w/ caution,60,22.6,38.5,18.6,70.7,2,,Basic Materials,462854432.0,1999968.39
HZEN,Zencash Investment Trust,0.48,13,11,7,11,4,7,5,58,0.0,58.0,Moderate,Enter w/ caution,38,9.1,18.8,9.6,58.0,2,,Real Estate,nan,71753.97
PXGYF,PAX Global Technology Limited,0.51,13,8,5,15,3,7,5,56,2.0,58.0,Moderate,Enter w/ caution,51,6.2,-4.3,4.2,57.9,0,,Industrials,559515648.0,3497.12
LRVTF,Larvotto Resources Limited,1.0,16,13,6,10,4,6,5,60,-2.0,58.0,Moderate,Enter w/ caution,0,18.3,9.0,12.8,61.1,2,,nan,nan,0.0
CHME,China Medicine Corporation,0.068,18,6,5,18,6,7,5,65,-12.2,57.8,Moderate,Enter w/ caution,71,25.9,66.3,112.2,72.0,2,,Healthcare,1600564.0,11741.17
TGNT,Teligent Inc,0.009,8,15,8,7,4,3,5,50,2.0,57.0,Moderate,🔥 COILED: Enter w/ caution,27,3.3,-22.5,6.5,51.6,1,,Communication Services,3427575.0,225625.35
NIOVF,Plato Gold Corp,0.018,10,6,13,11,8,6,4,58,-1.0,57.0,Moderate,Enter w/ caution,43,5.2,5.2,3.7,57.8,0,,Basic Materials,4198116.0,10291.03
BCNWF,Bitcoin Well Inc.,0.028,10,12,6,13,4,2,5,52,2.0,57.0,Moderate,Enter w/ caution,33,-4.8,11.8,1.8,50.8,2,,Financial Services,9879506.0,56042.78
GABA,Georgia Bancshares Inc,0.035,10,11,7,8,3,6,5,50,4.0,57.0,Moderate,Enter w/ caution,39,6.1,3.0,6.6,55.1,1,,Financial Services,44655480.0,3830335.6
HNTRF,Gold Hunter Resources Inc.,0.033,11,10,6,11,8,7,2,55,2.0,57.0,Moderate,Enter w/ caution,40,9.4,20.7,5.1,55.5,2,,Basic Materials,9470112.0,39860.15
BITTF,Bitterroot Resources Ltd,0.038,13,7,5,14,7,5,5,56,1.0,57.0,Moderate,Enter w/ caution,50,3.3,21.5,18.5,66.0,2,,Basic Materials,4791662.0,45878.07
PFSF,Pacific Software Inc,0.058,13,10,10,12,6,0,5,56,0.0,57.0,Moderate,Enter w/ caution,72,-3.3,1.8,4.7,52.8,0,,Healthcare,57734672.0,0.0
NLRCF,Northern Lights Resources Corp,0.087,8,12,4,14,4,6,5,53,-1.0,57.0,Moderate,Enter w/ caution,67,15.3,-2.9,6.2,55.8,1,,Basic Materials,4963175.0,15104.98
QSEAR,Quartzsea Acquisition Corporation,0.241,12,12,3,11,6,5,5,54,0.0,57.0,Moderate,Enter w/ caution,61,15.6,0.7,6.7,53.7,0,,nan,nan,0.0
SPAUF,Spanish Mountain Gold Ltd.,0.272,17,10,7,11,7,7,5,64,-8.0,57.0,Moderate,Enter w/ caution,73,4.8,9.0,5.5,59.1,2,,Basic Materials,141837536.0,198286.44
MEVOW,M Evo Global Acquisition Corp II Warrants,0.395,13,13,4,10,6,6,2,54,0.0,57.0,Moderate,Enter w/ caution,0,12.8,9.7,5.9,52.7,2,,nan,nan,0.0
GBMRF,GBM Resources Limited,0.01,15,6,10,7,6,2,2,48,0.0,56.0,Moderate,🔥 COILED: Enter w/ caution,59,0.0,0.0,10.1,50.0,0,,Basic Materials,49083996.0,3379.86
HDRPF,Epsilon Healthcare Limited,0.01,15,6,10,7,6,2,2,48,0.0,56.0,Moderate,🔥 COILED: Enter w/ caution,53,0.0,0.0,2.9,50.0,0,,Healthcare,3891040.0,405.0
VVCVF,VVC Exploration Corporation,0.006,15,6,13,14,1,4,5,58,-2.0,56.0,Moderate,Enter w/ caution,26,0.0,17.6,10.7,66.1,2,,Energy,3756960.0,57664.39
KPOC,Kimberly Parry Organics Corp,0.001,13,7,12,9,6,2,5,54,-3.0,56.0,Moderate,🔥 COILED: Enter w/ caution,37,0.0,0.0,12.2,70.9,0,,Consumer Defensive,387735.0,555.11
NSHSF,Nanosphere Health Sciences Inc,0.01,13,7,11,7,6,2,2,48,0.0,56.0,Moderate,🔥 COILED: Enter w/ caution,35,0.0,0.0,0.3,53.3,0,,Healthcare,102752.0,514.38
FSTF,First State Financial Corporation,0.023,15,8,11,8,6,3,2,53,-2.0,56.0,Moderate,🔥 COILED: Enter w/ caution,41,0.0,0.0,4.9,65.5,0,,Industrials,138535.0,1065.73
ALGEF,Alligator Energy Limited,0.038,15,12,4,11,6,2,4,54,2.0,56.0,Moderate,Enter w/ caution,57,20.3,47.3,12.5,55.3,2,,Energy,145496208.0,261826.9
TVIPF,TVI Pacific Inc,0.05,11,7,8,13,9,4,2,54,2.0,56.0,Moderate,Enter w/ caution,50,11.9,0.0,7.2,54.2,0,,Basic Materials,36429352.0,16408.46
TCRI,TechCom Inc,0.079,11,7,8,13,4,6,2,51,2.0,56.0,Moderate,Enter w/ caution,32,14.5,0.0,4.8,53.8,0,,Financial Services,5134230.0,6398.74
SVROF,Silver Predator Corp,0.082,13,6,8,11,4,4,5,51,0.0,56.0,Moderate,🔥 COILED: Enter w/ caution,28,0.0,0.0,2.1,57.2,0,,Basic Materials,3248972.0,3236.0
OGGIF,Orthogonal Global Group Inc,0.125,17,6,6,13,6,2,5,55,-2.0,56.0,Moderate,Enter w/ caution,54,0.0,44.0,14.1,67.3,2,,Financial Services,nan,6512.17
RTLGF,St. Augustine Gold and Copper Limited,0.152,10,11,9,7,6,1,2,46,2.0,56.0,Moderate,🔥 COILED: Enter w/ caution,29,0.0,22.3,1.6,51.4,2,,Basic Materials,246418352.0,7395.78
ALLIF,Alpha Lithium Corporation,0.21,18,11,7,9,4,7,5,61,-5.0,56.0,Moderate,Enter w/ caution,51,13.5,7.7,6.2,56.2,1,,Basic Materials,168315680.0,34344.48
ISVLF,IMPACT Silver Corp.,0.224,10,11,7,14,5,7,5,59,-3.0,56.0,Moderate,Enter w/ caution,53,2.0,6.9,3.2,54.7,0,,Basic Materials,76896840.0,542889.01
TCGDF,Turaco Gold Limited,0.49,18,6,7,10,4,8,5,58,-7.0,56.0,Moderate,🔥 COILED: Enter w/ caution,37,0.0,0.0,6.5,69.6,1,,Basic Materials,528273376.0,448.0
WNRS,Winners Inc,0.823,11,7,11,11,6,5,2,53,-5.0,56.0,Moderate,🔥 COILED: Enter w/ caution,55,0.0,0.0,0.8,54.2,1,,Consumer Cyclical,43730092.0,118196.5
IPZYF,IP Group Plc,0.905,14,8,10,7,6,6,2,53,-2.0,56.0,Moderate,🔥 COILED: Enter w/ caution,48,0.0,0.0,0.1,67.4,0,,Financial Services,799855360.0,5639.02
LVCLF,Living Cell Technologies Limited,0.01,13,7,10,7,6,2,2,47,0.0,55.0,Moderate,🔥 COILED: Enter w/ caution,41,0.0,0.0,0.4,54.4,0,,Healthcare,19363302.0,15827.78
EVFM,Evofem Biosciences Inc,0.008,9,16,4,12,9,2,5,57,-3.0,55.0,Moderate,Enter w/ caution,45,2.5,2.5,5.4,54.0,1,,Healthcare,1046987.0,243783.4
ILDO,International Daleco Corp,0.009,12,7,11,7,4,4,2,47,0.0,55.0,Moderate,🔥 COILED: Enter w/ caution,49,0.0,0.0,0.2,51.6,0,,Basic Materials,409453.0,5003.0
CHAG,Chancellor Group Inc,0.001,12,6,11,8,6,2,2,47,0.0,55.0,Moderate,🔥 COILED: Enter w/ caution,49,0.0,0.0,0.4,50.0,0,,Financial Services,74460.0,17686.85
EEENF,88 Energy Limited,0.016,12,16,5,12,5,3,5,58,-3.0,55.0,Moderate,Enter w/ caution,47,6.0,0.0,7.5,55.8,1,,Energy,20030842.0,648331.15
STSN,Stemsation International Inc,0.018,13,8,6,15,6,4,2,54,-2.0,55.0,Moderate,Enter w/ caution,58,0.0,2.9,5.4,66.3,0,,Healthcare,11168123.0,194472.3
GRCAF,Gold Springs Resource Corp,0.064,10,12,3,14,4,2,5,50,2.0,55.0,Moderate,Enter w/ caution,37,1.6,1.6,8.9,53.9,0,,Basic Materials,18123532.0,20439.99
MJGCF,Majestic Gold Corp,0.076,13,11,8,12,4,2,5,55,2.0,55.0,Moderate,Enter w/ caution,34,4.9,6.5,5.8,57.1,0,,Basic Materials,78616896.0,141706.08
GARWF,Golden Arrow Resources Corp,0.08,15,11,8,14,5,3,5,61,-6.0,55.0,Moderate,Enter w/ caution,66,14.4,0.1,5.2,56.8,1,,Basic Materials,13570269.0,89154.19
GELEF,Graphano Energy Ltd,0.09,10,11,4,15,6,4,5,55,-5.0,55.0,Moderate,Enter w/ caution,36,-10.0,7.7,7.0,56.4,1,,Basic Materials,1643103.0,3077.16
DMIIR,Drugs Made In America Acquisition II Corp. Right,0.088,12,12,7,7,9,0,5,52,2.0,55.0,Moderate,Enter w/ caution,46,-11.8,10.0,5.0,53.2,2,,nan,nan,0.0
TMGEF,Thermal Energy International Inc,0.123,16,5,6,16,7,9,5,64,-9.0,55.0,Moderate,Enter w/ caution,66,4.4,12.1,6.6,64.7,2,,Industrials,21045544.0,27679.28
COCCF,Coast Copper Corp,0.159,15,6,12,7,6,2,2,50,0.0,55.0,Moderate,🔥 COILED: Enter w/ caution,51,0.0,0.0,0.6,73.1,0,,Basic Materials,13417828.0,2309.31
WTHVF,Westhaven Gold Corp,0.297,19,11,7,14,7,11,5,74,-19.0,55.0,Moderate,Enter w/ caution,69,6.8,7.2,9.7,68.7,1,,Basic Materials,75295184.0,109760.8
PMHS,PMHS,0.3,16,14,6,16,6,6,5,69,-17,55,Moderate,Enter w/ caution,52,98.7,38.0,60.4,64.0,3,10,Healthcare,6187029.0,1256.37
CSTPF,Arrow Exploration Corp,0.382,11,12,8,13,4,0,5,53,2.0,55.0,Moderate,Enter w/ caution,59,0.7,0.7,3.8,55.5,0,,Energy,102911168.0,71821.35
IGESF,IGas Energy plc,0.35,15,7,10,12,6,4,5,59,-7.0,55.0,Moderate,Enter w/ caution,50,0.0,0.0,4.8,68.0,1,,Energy,67600392.0,971.9
IGGGF,IGG Inc,0.428,13,8,10,8,6,6,2,53,-3.0,55.0,Moderate,🔥 COILED: Enter w/ caution,42,0.0,0.0,0.8,71.0,0,,Communication Services,470922080.0,0.0
LMPMF,Lee and Man Paper Manufacturing Limited,0.54,17,4,5,16,6,5,5,58,-3.0,55.0,Moderate,Enter w/ caution,61,28.6,28.6,19.7,50.0,2,,Basic Materials,2319300096.0,0.0
COLAR,Columbus Acquisition Corp Rights,0.588,18,4,6,16,5,2,5,56,-1.0,55.0,Moderate,Enter w/ caution,68,27.2,36.9,19.9,61.5,2,,nan,nan,0.0
NETLF,NetLink NBN Trust,0.769,11,8,9,9,4,2,2,45,2.0,55.0,Moderate,🔥 COILED: Enter w/ caution,33,0.0,0.0,0.0,49.3,0,,Communication Services,2996770560.0,157.35
LOECF,Logan Energy Corp.,0.775,15,10,5,13,6,4,5,58,-3.0,55.0,Moderate,Enter w/ caution,50,-5.0,-3.1,2.5,57.9,0,,Energy,525837920.0,81908.61
DFDVW,DeFi Development Corp. Warrant,0.8,16,8,8,18,6,8,5,69,-19,55,Moderate,Enter w/ caution,45,122.2,175.9,106.7,87.5,2,9,nan,nan,14230.0
HKBNF,HKBN Ltd,0.914,13,7,11,8,4,2,2,47,0.0,55.0,Moderate,🔥 COILED: Enter w/ caution,46,0.0,0.0,0.1,53.8,0,,Communication Services,1350994944.0,10.2
CCOHF,China State Construction International Holdings Limited,1.0,7,5,9,11,6,8,5,51,0.0,55,Moderate,🔥 COILED: Enter w/ caution,0,0.0,0.0,1.1,52.6,0,,Industrials,5282216448.0,0.0
VYAXX,Voya Funds Trust - Government Money Market Fund Series II,1.0,18,9,4,8,6,7,2,54,-2.0,55.0,Moderate,Enter w/ caution,47,0.0,0.0,0.0,60.0,0,,nan,nan,0.0
EQRLF,EQ Resources Limited,0.3,18,6,7,14,6,8,5,64,-7.2,54.8,Weak,Watchlist only,0,24.9,30.3,24.3,76.2,2,,Basic Materials,1411019392.0,0.0
PRVCF,PreveCeutical Medical Inc,0.018,13,9,8,16,4,11,5,66,-12.5,54.5,Weak,Watchlist only,50,31.6,38.9,30.2,68.8,2,,Healthcare,9572804.0,29379.57
BRIOF,Magna Terra Minerals Inc,0.17,20,12,9,17,4,7,5,74,-17.5,54.5,Weak,Watchlist only,59,53.2,30.8,28.2,61.8,2,10,Basic Materials,17337186.0,39565.06
HPNN,Hop-On Inc,0.001,15,6,5,14,5,2,5,52,2.0,54.0,Weak,Watchlist only,69,0.0,25.0,14.0,58.1,2,,Technology,7465851.0,4717951.04
UNDR,UnderSea Recovery Corp,0.002,10,8,7,14,4,4,2,49,0.0,54.0,Weak,🔥 COILED: Watchlist only,43,0.0,0.0,7.9,53.1,0,,Industrials,3134460.0,7904.77
SLDC,SmartSet Automation LLC,0.001,7,9,7,15,7,2,2,49,2.0,54,Weak,Watchlist only,46,10.0,0.0,2.3,52.1,0,,Communication Services,498498.0,996213.19
LEHNQ,Lehman Brothers Holdings Capital Trust VI,0.001,11,8,9,11,6,2,2,49,0.0,54.0,Weak,🔥 COILED: Watchlist only,40,0.0,0.0,1.0,59.2,0,,Financial Services,nan,373.49
AGCI,American Gold & Copper Inc.,0.035,16,4,5,14,3,5,5,52,2.0,54.0,Weak,Watchlist only,57,6.1,30.1,12.4,57.2,2,,Communication Services,28577070.0,1170145.01
AGSVF,Argentum Silver Corp,0.031,11,7,11,9,4,2,2,46,0.0,54.0,Weak,🔥 COILED: Watchlist only,28,0.0,0.0,0.1,53.5,0,,Basic Materials,1599554.0,841.71
GGDCF,Galloper Gold Corp.,0.05,14,6,9,11,1,5,5,51,0.0,54.0,Weak,Watchlist only,0,8.7,-2.7,6.1,53.5,0,,nan,nan,0.0
EWCLF,Energy World Corporation Ltd,0.058,16,8,2,8,8,5,2,49,2.0,54.0,Weak,Watchlist only,57,15.0,-15.9,8.8,54.0,0,,Utilities,221377248.0,91364.03
GOGAF,GoGo AI Network Inc.,0.127,13,14,3,7,3,5,4,49,2.0,54.0,Weak,Watchlist only,56,6.0,-7.1,4.0,52.8,0,,Financial Services,14290036.0,44882.41
CAMNF,Cascadia Minerals Ltd.,0.242,13,12,9,9,7,2,4,56,-5.0,54.0,Weak,Watchlist only,54,3.1,0.5,2.8,53.8,1,,Basic Materials,48123208.0,125475.11
OBIMF,OBIMF,0.25,13,7,10,8,4,2,2,46,0.0,54.0,Weak,🔥 COILED: Watchlist only,36,0.0,0.0,0.2,54.2,0,,nan,129887864.0,2837.5
LUXFF,Luxxfolio Holdings Inc,0.279,18,8,7,18,6,9,5,71,-20,54,Weak,Watchlist only,66,50.9,64.2,42.5,75.4,3,10,Financial Services,6756151.0,11653.29
LMTI,Laser Master International Inc,0.37,17,6,6,11,6,8,5,59,-5.0,54.0,Weak,Watchlist only,57,2.8,2.8,5.6,74.5,1,,Industrials,2710095.0,2105.5
EUBG,Entrepreneur Universe Bright Group,0.45,16,10,4,10,7,6,4,57,-3.0,54.0,Weak,Watchlist only,55,7.1,5.9,3.6,59.7,1,,Industrials,76553224.0,1408.87
IDGXF,Integrated Diagnostics Holdings plc,0.551,13,8,11,9,4,1,2,48,1.0,54.0,Weak,🔥 COILED: Watchlist only,32,0.0,0.0,1.0,67.6,0,,Healthcare,320485152.0,91.04
NYWKF,NTG Clarity Networks Inc,0.565,11,7,9,8,6,6,2,49,0.0,54.0,Weak,🔥 COILED: Watchlist only,33,0.2,2.3,0.8,53.9,0,,Technology,27118702.0,15620.35
MEEEF,Metal Energy Corp,0.742,17,7,5,18,7,7,5,66,-17.0,54.0,Weak,Watchlist only,66,21.7,18.0,14.0,67.7,3,,Basic Materials,33902196.0,14497.92
MMTMF,Monument Mining Limited,0.76,16,7,7,15,7,11,5,68,-14.0,54.0,Weak,Watchlist only,69,6.4,26.5,13.1,72.7,2,,Basic Materials,258278896.0,94975.66
SFIO,Starfleet Innotech Inc,0.002,16,14,5,15,6,2,5,63,-8.0,53.0,Weak,Watchlist only,60,7.1,25.0,15.4,58.1,2,,Financial Services,1812337.0,751799.67
PSGR,Pershing Resources Company Inc,0.008,17,8,6,18,6,8,5,68,-20,53,Weak,Watchlist only,56,97.4,97.4,77.7,88.8,3,8,Basic Materials,1627597.0,39382.11
TOGIW,TOGIW,0.001,12,6,4,15,5,3,5,50,0.0,53.0,Weak,Watchlist only,31,0.0,-6.7,4.0,50.6,0,,nan,nan,153530.03
YRLLF,Global UAV Technologies Ltd,0.021,12,7,11,8,4,4,2,48,-3.0,53.0,Weak,🔥 COILED: Watchlist only,39,0.0,0.0,0.6,49.1,1,,Technology,917674.0,56.8
MNXXF,Manganese X Energy Corp,0.077,14,12,10,16,4,3,5,64,-9.0,53.0,Weak,Watchlist only,46,8.9,5.9,10.2,58.2,2,,Basic Materials,15485214.0,94507.34
TAPP,Tap Resources Inc,0.156,16,9,6,18,6,10,5,70,-22,53,Weak,Watchlist only,61,95.0,95.0,78.8,100.0,2,6,Communication Services,2997011.0,4482.58
EONR-WT,EON Resources Inc. WT,0.09,7,16,6,12,4,0,5,50,2.0,53,Weak,Watchlist only,41,-9.9,8.2,3.1,50.7,2,,nan,nan,0.0
ELECF,Electric Royalties Ltd,0.1,16,10,7,17,6,10,5,71,-23.0,53.0,Weak,Watchlist only,51,15.9,12.9,18.7,71.3,3,,Basic Materials,11411454.0,37173.2
HDRSF,Highland Copper Company Inc,0.12,14,7,2,16,3,5,5,52,1.0,53.0,Weak,Watchlist only,65,14.3,12.1,11.1,62.0,2,,Basic Materials,88653560.0,331671.24
JZRIF,Jazz Resources Inc,0.197,13,6,11,14,4,4,5,57,-4.0,53.0,Weak,Watchlist only,43,3.7,9.5,6.0,67.4,2,,Basic Materials,15619793.0,37297.13
ABPO,"Abpro Holdings, Inc.",0.22,12,7,6,10,7,2,4,48,2.0,53.0,Weak,Watchlist only,46,8.9,0.5,1.8,51.4,1,,Healthcare,1326610.0,529325.17
TDGGF,TDG Gold Corp.,0.383,14,9,5,14,4,2,5,53,0.0,53.0,Weak,Watchlist only,47,3.8,10.2,9.0,73.1,2,,nan,nan,31058.28
FPRGF,Falco Resources Ltd,0.405,16,11,8,18,4,5,5,67,-14.0,53.0,Weak,Watchlist only,69,8.9,8.9,8.5,67.8,2,,Basic Materials,136468272.0,64654.66
APEOF,Coloured Ties Capital Inc,0.59,13,6,9,10,4,5,5,52,-2.0,53.0,Weak,Watchlist only,47,0.0,0.0,5.5,66.8,0,,Financial Services,4009685.0,7886.0
TSIOF,361 Degrees International Limited,0.61,15,7,9,9,6,4,5,55,-2.0,53.0,Weak,Watchlist only,26,0.0,5.5,2.5,68.5,0,,Consumer Cyclical,1322286080.0,0.0
NNRRF,NRC Group ASA,0.839,12,7,10,8,4,2,2,45,0.0,53.0,Weak,🔥 COILED: Watchlist only,40,0.0,0.0,0.1,53.1,0,,Industrials,192700192.0,138.75
RYGYF,Reysas Gayrimenkul Yatirim Ortakligi A.S.,0.876,17,4,7,10,6,4,5,53,0.0,53.0,Weak,Watchlist only,58,0.0,0.0,7.2,79.3,0,,Real Estate,1752000000.0,1643.0
SBLRD,Sable Resources Ltd.,0.37,16,4,7,15,6,2,5,55,-2.5,52.5,Weak,Watchlist only,61,6.0,5.1,28.3,71.5,1,,Basic Materials,11208104.0,78923.39
ABIT,Athena Bitcoin Global,0.005,11,9,3,15,7,1,5,51,-1.8,52.2,Weak,Watchlist only,40,-16.7,25.0,21.8,57.6,2,,Financial Services,20475048.0,444583.65
SETO,Seto Holdings Inc,0.009,8,11,13,18,4,2,5,61,-13.8,52.2,Weak,Watchlist only,40,39.1,39.1,27.6,63.8,2,,Financial Services,896295.0,15866.84
STTX,Stratex Oil & Gas,0.005,16,7,9,18,6,8,5,69,-22,52,Weak,Watchlist only,67,63.3,40.0,35.3,75.1,3,6,Energy,387915.0,58139.89
FNICF,Fathom Nickel Inc,0.016,9,7,6,16,2,5,4,49,-3.0,52.0,Weak,🔥 COILED: Watchlist only,20,7.8,-2.4,1.1,50.1,1,,Basic Materials,5432527.0,93905.29
BCCEF,BacTech Environmental Corporation,0.033,12,14,6,10,4,4,5,55,-3.0,52.0,Weak,Watchlist only,40,7.9,-1.2,6.0,56.5,2,,Industrials,7825927.0,55720.91
MEDIF,Medipharm Labs Corp,0.056,13,9,7,14,5,5,3,56,-5.0,52.0,Weak,Watchlist only,54,1.8,1.8,1.0,53.6,1,,Healthcare,23921922.0,101639.26
RVBR,Markray Corp,0.074,13,7,5,7,4,7,5,48,-1.0,52.0,Weak,Watchlist only,68,21.3,21.3,13.8,74.6,2,,Consumer Defensive,22590460.0,22453.14
BADVF,Naughty Ventures Corp.,0.08,6,12,8,11,4,0,4,45,2.0,52.0,Weak,🔥 COILED: Watchlist only,0,0.1,-3.7,3.1,51.7,0,,Basic Materials,5959149.0,0.0
QQCMF,Questcorp Mining Inc.,0.081,15,5,5,15,5,5,5,55,-3.0,52.0,Weak,Watchlist only,49,15.1,32.6,7.4,55.8,2,,nan,nan,192890.97
AVCNF,Avicanna Inc,0.098,10,8,11,14,4,2,3,52,-1.0,52.0,Weak,Watchlist only,39,2.2,-2.0,3.6,54.0,1,,Healthcare,13169618.0,60076.13
APGP,AmpliPay Group Inc.,0.098,14,5,10,7,3,5,5,49,0.0,52.0,Weak,Watchlist only,47,0.0,18.1,5.6,59.6,2,,Technology,1109914.0,833.39
BDRSF,Borders & Southern Petroleum plc,0.189,15,4,10,13,4,1,5,52,-3.0,52.0,Weak,Watchlist only,48,0.0,2.9,4.6,74.8,0,,Energy,166822304.0,8713.2
RDBBF,Redbubble Limited,0.195,14,4,9,9,4,5,4,49,0.0,52.0,Weak,Watchlist only,44,0.0,-1.5,2.2,55.6,0,,Consumer Cyclical,59372400.0,12631.17
CAIB,California International Bank N.A,0.15,15,6,12,10,4,1,2,50,-3.0,52.0,Weak,🔥 COILED: Watchlist only,53,0.0,0.0,3.7,79.2,0,,Financial Services,25568024.0,91.0
AQUI,Aquagold International Inc,0.177,15,5,8,12,6,6,5,57,-8.0,52.0,Weak,Watchlist only,60,0.0,0.0,9.7,76.7,1,,Financial Services,10033135.0,382.84
GGLDF,Getchell Gold Corp,0.22,17,7,7,15,7,3,5,61,-7.0,52.0,Weak,Watchlist only,51,15.8,7.3,10.5,61.9,1,,Basic Materials,44278276.0,216186.64
RSAU,Rooshine Inc,0.229,10,7,11,8,4,2,2,44,0.0,52.0,Weak,🔥 COILED: Watchlist only,38,0.0,0.0,0.1,51.9,0,,Consumer Defensive,5129669.0,90.99
GARPF,Golden Agri-Resources Ltd,0.25,18,11,6,7,4,4,5,55,1.0,52.0,Weak,Watchlist only,47,25.0,0.0,15.1,65.3,0,,Consumer Defensive,2789967872.0,0.0
BIRNF,BCI Minerals Limited,0.31,17,4,5,10,6,2,5,49,0.0,52.0,Weak,Watchlist only,59,0.0,0.0,5.7,50.0,0,,Basic Materials,528764384.0,55.0
CVWLF,ClearView Wealth Limited,0.416,12,4,9,9,6,5,2,47,0.0,52.0,Weak,🔥 COILED: Watchlist only,49,0.0,0.0,-0.0,55.7,0,,Financial Services,266488736.0,16.0
NVLPF,Nova Leap Health Corp,0.418,18,4,4,14,6,11,5,62,-10.0,52.0,Weak,Watchlist only,65,16.0,24.6,17.0,82.2,2,,Healthcare,36235416.0,8042.77
UCASU,UC Asset LP,0.479,18,9,5,18,6,8,5,69,-22,52,Weak,Watchlist only,44,89.6,89.6,73.5,98.3,2,6,Real Estate,1386614.0,148.45
TRCK,Track Group Inc,0.62,10,8,5,14,9,4,2,52,2.0,52.0,Weak,Watchlist only,51,5.1,-6.1,-0.3,48.7,0,,Technology,25627816.0,7225.83
SCPPF,S4 Capital plc,0.661,13,3,5,15,6,5,5,52,0.0,52.0,Weak,Watchlist only,56,-3.6,-4.1,2.5,59.4,1,,Communication Services,440134336.0,20188.0
DTEAF,DAVIDsTEA Inc.,0.706,16,14,4,13,4,5,5,61,-9.0,52.0,Weak,Watchlist only,56,9.4,7.0,6.7,62.3,0,,Consumer Defensive,21524578.0,17515.83
TSE,Trinseo SA,0.83,14,6,8,9,5,7,3,52,0.0,52.0,Weak,Watchlist only,45,5.1,7.8,3.0,55.7,1,,Basic Materials,8278525.0,10158282.39
LEHLQ,LEHMAN BROTHERS HOLDINGS CAP TS,0.001,12,6,9,11,6,2,2,48,0.0,51.0,Weak,Watchlist only,53,0.0,0.0,0.4,56.3,0,,Other,nan,353.0
ZMMH,ZhongMin Mei-Hao Holding Co Ltd.,0.012,12,4,5,14,4,3,5,47,1.0,51.0,Weak,Watchlist only,32,0.0,24.0,4.5,64.1,2,,Financial Services,5682616.0,40917.13
ADXRF,ADX Energy Ltd,0.03,13,6,9,9,4,5,5,51,-5.0,51.0,Weak,🔥 COILED: Watchlist only,45,-4.2,-22.3,2.5,51.2,1,,Energy,31867756.0,0.0
EPRJF,Emperor Watch & Jewellery Limited,0.04,15,8,5,14,4,7,5,58,-3.0,51.0,Weak,Watchlist only,46,5.3,14.6,7.7,77.2,2,,Consumer Cyclical,290268320.0,80.01
MMIRF,MedMira Inc,0.04,13,5,6,7,4,4,5,44,2.0,51.0,Weak,🔥 COILED: Watchlist only,44,0.0,0.0,2.8,53.3,0,,Healthcare,28069222.0,2875.64
LUCYW,Innovative Eyewear Inc,0.05,3,14,3,10,9,2,5,46,2.0,51.0,Weak,Watchlist only,37,21.5,15.8,10.6,52.9,2,,nan,nan,7709.92
ENMHF,ENM Holdings Limited,0.06,15,6,11,7,6,2,2,49,-3.0,51.0,Weak,🔥 COILED: Watchlist only,49,0.0,0.0,0.3,72.1,0,,Consumer Cyclical,74279640.0,962.5
PMTYF,Playmates Toys Ltd,0.059,16,7,5,9,6,1,5,49,2.0,51.0,Weak,Watchlist only,45,0.0,-3.3,2.8,57.0,0,,Consumer Cyclical,66286504.0,17338.14
BUBSF,Bubs Australia Limited,0.077,14,4,11,7,6,2,2,46,0.0,51.0,Weak,🔥 COILED: Watchlist only,41,0.0,0.0,0.1,59.5,0,,Consumer Defensive,69205664.0,637.85
PHRZF,Pharol SGPS S.A,0.08,13,7,10,9,6,1,2,48,-2.0,51.0,Weak,🔥 COILED: Watchlist only,39,0.0,0.0,0.8,62.1,0,,Financial Services,65745836.0,16631.79
SFCX,SUPA Consolidated Inc.,0.074,7,6,11,14,6,2,2,48,0.0,51.0,Weak,Watchlist only,0,0.0,0.1,1.7,53.7,1,,Technology,21521826.0,0.0
NDATF,nDatalyze Corp,0.08,13,7,11,9,4,2,2,48,-5.0,51.0,Weak,🔥 COILED: Watchlist only,36,0.0,0.0,0.1,52.6,1,,Healthcare,6083376.0,2067.5
NIROF,SportsHero Limited,0.088,13,4,11,10,4,2,2,46,0.0,51.0,Weak,🔥 COILED: Watchlist only,40,0.0,0.0,0.3,55.6,0,,Communication Services,80479304.0,1788.3
DAUGF,Desert Gold Ventures Inc,0.081,10,12,9,8,5,7,3,54,-3.0,51.0,Weak,Watchlist only,45,3.2,7.1,1.4,50.9,2,,Basic Materials,29211768.0,0.0
RMDFF,Richmond Minerals Inc,0.083,12,7,11,9,3,2,2,46,0.0,51.0,Weak,🔥 COILED: Watchlist only,53,0.0,0.0,0.0,50.0,0,,Basic Materials,6735049.0,3006.62
MTLFF,Metallis Resources Inc,0.11,12,14,4,15,4,0,5,54,-3.0,51.0,Weak,Watchlist only,41,11.1,0.9,9.9,58.2,1,,Basic Materials,10384752.0,75593.3
CWGYF,Carnegie Clean Energy Limited,0.155,12,11,8,11,8,2,2,54,-6.0,51.0,Weak,🔥 COILED: Watchlist only,59,27.8,7.0,8.8,53.9,2,,Utilities,66231980.0,363374.17
EMUS,Electric Metals (USA) Limited,0.18,15,6,5,16,5,6,5,58,-7.0,51.0,Weak,Watchlist only,45,28.2,42.7,19.1,61.2,2,,Basic Materials,38357852.0,78635.25
ECRFF,Cartier Resources Inc,0.231,18,11,7,9,6,7,5,63,-12.0,51.0,Weak,Watchlist only,66,9.9,15.4,11.3,68.5,2,,Basic Materials,98155224.0,99414.41
LYPHF,Luye Pharma Group Ltd,0.27,7,9,10,8,6,1,2,43,0.0,51.0,Weak,🔥 COILED: Watchlist only,25,0.0,0.0,0.4,51.7,0,,Healthcare,1078519296.0,24623.97
NSFDF,NXT Energy Solutions Inc,0.28,10,9,10,11,6,5,2,53,-5.0,51.0,Weak,Watchlist only,35,0.0,3.7,1.4,51.6,1,,Energy,33483090.0,14131.5
ASHXF,Progressive Planet Solutions Inc,0.265,12,3,6,14,3,2,4,44,4.0,51.0,Weak,Watchlist only,53,-4.0,3.1,1.0,53.9,0,,Basic Materials,32352866.0,25755.33
CEBCF,China Everbright Bank Company Ltd,0.41,12,6,8,10,4,1,5,46,0.0,51.0,Weak,🔥 COILED: Watchlist only,30,0.0,0.0,1.1,59.4,0,,Financial Services,24225075200.0,7596.08
AGAGF,Argenta Silver Corp.,0.41,16,12,7,9,7,11,5,67,-14.0,51.0,Weak,Watchlist only,45,3.9,5.0,7.2,64.2,1,,Basic Materials,116431144.0,647630.18
NPPTF,Neptune Digital Assets Corp,0.505,16,7,4,12,5,3,5,52,1.0,51.0,Weak,Watchlist only,26,12.2,31.2,17.0,68.2,2,,Financial Services,60292116.0,184478.27
NTXVF,Nexteer Automotive Group Limited,0.56,13,6,11,7,3,1,5,46,0.0,51.0,Weak,🔥 COILED: Watchlist only,22,0.0,0.0,0.8,53.6,0,,Consumer Cyclical,1625947520.0,0.0
BEPTF,Beach Energy Ltd,0.612,7,10,8,13,3,3,2,46,0.0,51.0,Weak,🔥 COILED: Watchlist only,27,0.0,0.0,-0.7,43.4,0,,Energy,1396176256.0,0.0
HBGRY,Heidelberger Druckmaschinen AG ADR,0.792,15,10,12,8,4,5,4,58,-7.0,51.0,Weak,Watchlist only,44,4.3,4.3,4.5,70.0,1,,Industrials,501513504.0,1204.38
HGHAF,High Arctic Energy Services Inc,0.7,15,6,2,14,6,2,5,50,1.0,51.0,Weak,Watchlist only,60,1.4,6.1,3.5,61.7,0,,Energy,8887871.0,3944.5
SGDH,Sgd Holdings Ltd,1.0,12,7,11,8,4,2,2,46,-3.0,51.0,Weak,🔥 COILED: Watchlist only,50,0.0,0.0,0.0,52.8,1,,Financial Services,5000248320.0,38.83
HOGPF,H100 Group AB (publ),0.18,15,6,8,9,4,7,5,54,-3.2,50.8,Weak,Watchlist only,46,12.5,35.6,24.6,66.4,2,,nan,nan,29486.78
ITGLF,Integral Metals Corp.,0.318,16,10,4,15,7,3,5,60,-7.5,50.5,Weak,Watchlist only,50,4.2,51.3,20.2,67.1,2,,nan,nan,7540.79
IDXMF,IDEX Metals Corp.,0.5,16,8,6,14,6,4,5,59,-8.5,50.5,Weak,Watchlist only,61,19.0,43.9,33.6,73.2,2,,Basic Materials,nan,33318.98
FOXO,FOXO Technologies Inc.,0.09,15,8,4,10,4,3,5,49,-1.8,50.2,Weak,Watchlist only,56,28.6,12.8,20.9,54.0,2,,Healthcare,149230.0,16954.85
PTKN,Primior Holdings Inc.,0.001,11,13,6,8,5,7,5,55,-3.0,50.0,Weak,Watchlist only,39,18.2,18.2,11.4,55.1,2,,Real Estate,6197478.0,23197031.02
MRES,Institute of Biomedical Research Corp,0.003,15,8,7,17,6,7,5,65,-20,50,Weak,Watchlist only,55,72.2,181.8,83.4,87.5,3,8,Healthcare,5191267.0,1114549.46
TLDE,Tld3 Entertainment Group Inc,0.004,11,4,10,9,3,6,2,45,0.0,50.0,Weak,🔥 COILED: Watchlist only,47,0.0,0.0,-0.0,48.5,0,,Communication Services,1956402.0,638.02
DBMM,Digital Brand Media & Marketing Group Inc,0.001,16,11,4,15,7,2,5,60,-10.0,50.0,Weak,Watchlist only,63,0.0,25.0,14.4,68.4,2,,Communication Services,865218.0,1271553.33
EMDF,XL Rent Inc,0.004,17,10,4,8,4,7,5,55,-5.0,50.0,Weak,Watchlist only,49,21.2,21.2,15.7,68.1,2,,Communication Services,170242.0,13031.18
PTNUF,Platina Resources Limited,0.018,14,7,4,14,6,4,5,54,-4.0,50.0,Weak,Watchlist only,52,0.0,1.1,14.3,62.4,1,,Basic Materials,12568113.0,11288.0
SMEV,Simulated Environmen,0.012,18,5,3,14,7,3,5,55,-3.0,50.0,Weak,Watchlist only,65,16.0,18.4,14.3,73.5,2,,Financial Services,7153665.0,229164.95
PLTXF,Plantx Life Inc.,0.021,14,3,2,18,3,6,5,51,-6.0,50.0,Weak,Watchlist only,48,-25.0,61.5,15.4,54.0,2,,Consumer Cyclical,218744.0,4307.0
YRBAF,Yorbeau Resources Inc,0.04,17,11,4,11,4,0,5,52,-2.0,50.0,Weak,Watchlist only,38,3.4,10.8,9.5,64.0,2,,Basic Materials,18966000.0,4375.02
ITMIF,iTech Minerals Ltd,0.035,13,6,7,11,4,3,5,49,-2.0,50.0,Weak,Watchlist only,52,0.0,0.0,9.2,64.9,0,,Basic Materials,8360989.0,367.96
PSTO,Powerstorm Holdings Inc,0.033,8,7,12,16,9,1,3,56,-6.0,50.0,Weak,Watchlist only,22,2.8,2.8,2.0,55.0,1,,Industrials,913015.0,7983.61
TKMOD,"Tekumo, Inc.",0.033,13,14,4,9,5,0,5,50,0.0,50.0,Weak,Watchlist only,50,15.2,-31.6,16.2,54.6,1,,Technology,260814.0,19282.13
CTLDF,Controladora Axtel S.A.B. de C.V.,0.05,17,4,6,10,3,2,5,47,0.0,50.0,Weak,Watchlist only,52,0.0,25.0,9.9,50.0,2,,Real Estate,240941168.0,34539.81
CNPTF,Central Petroleum Limited,0.045,12,7,10,8,1,2,2,42,0.0,50.0,Weak,🔥 COILED: Watchlist only,35,0.0,0.0,0.3,52.0,0,,Energy,33838404.0,938.21
TJIPF,Tianjin Port Development Holdings Limited,0.09,15,7,8,7,1,4,5,47,-2.0,50.0,Weak,🔥 COILED: Watchlist only,0,0.0,0.0,1.4,68.5,0,,Industrials,492640000.0,0.0
ALGGF,Alliance Global Group Inc,0.126,15,5,5,9,6,2,3,45,0.0,50.0,Weak,🔥 COILED: Watchlist only,54,0.0,0.0,0.4,50.0,0,,Industrials,1025281152.0,136.75
TPBTF,Betmakers Technology Group Ltd,0.127,12,7,11,9,4,2,2,47,-5.0,50.0,Weak,🔥 COILED: Watchlist only,37,0.0,0.0,0.1,51.6,1,,Consumer Cyclical,141771728.0,35.1
KRMKF,Kromek Group plc,0.116,9,7,11,7,3,3,2,42,0.0,50.0,Weak,🔥 COILED: Watchlist only,26,0.0,0.0,0.1,50.4,0,,Technology,76276912.0,5868.16
KDKGF,Klondike Gold Corp,0.126,13,16,9,12,5,3,5,63,-11.0,50.0,Weak,Watchlist only,47,8.5,6.1,6.1,58.6,0,,Basic Materials,32069760.0,121634.19
NVRVF,Novra Technologies Inc,0.13,18,4,8,14,6,5,5,60,-10.0,50.0,Weak,Watchlist only,49,8.3,30.0,16.7,88.5,2,,Technology,4604638.0,7885.36
IDBDF,Secure Blockchain Development Corp.,0.101,14,7,9,9,4,3,2,48,-3.0,50.0,Weak,🔥 COILED: Watchlist only,0,0.0,0.0,1.1,56.8,1,,Technology,3304674.0,0.0
BCTXZ,BriaCell Therapeutics Corp. Warrant,0.12,16,7,3,14,7,5,5,57,-7.0,50.0,Weak,Watchlist only,55,17.4,9.3,12.4,65.1,2,,nan,nan,70664.41
REZZF,Global Battery Metals Ltd,0.155,15,11,6,15,8,7,5,67,-22.0,50.0,Weak,Watchlist only,56,10.2,10.1,15.3,61.2,4,,Basic Materials,2297902.0,8362.57
NOEMR,CO2 Energy Transition Corp. Right,0.17,12,8,3,12,3,2,5,45,2.0,50.0,Weak,Watchlist only,41,13.3,0.0,2.5,50.5,0,,nan,nan,0.0
NFLDF,Exploits Discovery Corp,0.21,19,7,8,16,6,11,5,72,-20,50,Weak,Watchlist only,59,65.4,48.9,39.6,70.3,3,10,Basic Materials,7686329.0,27372.31
INXSF,Intouch Insight Ltd,0.22,14,6,12,9,3,5,2,51,-4.0,50.0,Weak,Watchlist only,30,10.0,10.0,5.5,61.1,2,,Technology,5628264.0,4099.37
CRECF,Critical Elements Corporation,0.27,15,7,6,15,4,2,5,54,-7.0,50.0,Weak,Watchlist only,33,8.0,8.0,8.3,67.9,2,,Basic Materials,62650716.0,43498.67
GHYLF,GHYLF,0.33,15,5,7,12,4,4,5,52,-2.0,50.0,Weak,Watchlist only,39,0.0,-2.9,15.8,60.1,0,,nan,59549916.0,2876.71
IGC,India Globalization Capital Inc,0.334,15,8,7,17,6,12,5,70,-23.0,50.0,Weak,Watchlist only,51,19.2,15.1,15.3,71.2,3,,Healthcare,31811260.0,783546.22
MILFF,1CM Inc,0.331,15,7,6,18,6,10,5,67,-22,50,Weak,Watchlist only,67,232.6,232.6,141.1,96.1,2,6,Healthcare,27668968.0,1071.82
AAMMF,Almadex Minerals Ltd,0.35,7,11,5,15,8,0,5,51,2.0,50,Weak,Watchlist only,38,0.0,1.4,6.0,54.2,0,,Basic Materials,19006378.0,34336.7
VRRCF,VR Resources Ltd,0.344,18,6,7,18,7,9,5,70,-20,50,Weak,Watchlist only,66,306.6,375.9,187.4,89.2,3,10,Basic Materials,3580675.0,58955.33
DMGGF,Dmg Blockchain Solutions Inc,0.395,17,5,4,16,3,5,5,55,-3.0,50.0,Weak,Watchlist only,56,5.3,8.2,9.7,58.4,2,,Financial Services,85036520.0,411962.33
VIBEF,Vibe Growth Corporation,0.39,14,4,11,10,4,5,2,50,-5.0,50.0,Weak,🔥 COILED: Watchlist only,50,0.0,0.0,0.1,55.0,1,,Healthcare,421082.0,104.7
CAN,Canaan Inc,0.443,17,8,6,17,6,12,5,71,-21,50,Weak,Watchlist only,41,58.8,107.0,48.6,76.0,3,9,Technology,296859840.0,15369915.01
KAIFF,Kairos Minerals Limited,0.423,16,11,6,15,4,5,5,62,-12.0,50.0,Weak,Watchlist only,57,24.5,-1.0,15.3,63.3,1,,Basic Materials,91266248.0,5216.89
TTBKF,2020 Bulkers Ltd,0.434,14,7,7,11,4,1,5,49,1.0,50.0,Weak,Watchlist only,21,0.0,34.0,9.2,60.9,2,,Industrials,8734607.0,1445.94
STBMF,St Barbara Limited,0.45,16,3,5,14,6,3,5,52,-2.0,50.0,Weak,Watchlist only,44,0.0,0.0,6.4,61.9,0,,Basic Materials,655739968.0,6739.97
ATXI,Avenue Therapeutics Inc,0.577,19,8,7,18,6,8,5,71,-24,50,Weak,Watchlist only,62,124.0,105.6,75.2,82.9,3,6,Healthcare,1482735.0,4115.66
RYSKF,Reysas Tasimacilik ve Lojistik Ticaret A.S,0.52,17,12,10,5,4,7,4,59,-7.0,50.0,Weak,Watchlist only,51,10.2,6.1,6.5,62.1,1,,Industrials,1039999936.0,21838.68
AROAF,Aroa Biosurgery Limited,0.52,15,4,7,9,4,6,2,47,-2.0,50.0,Weak,🔥 COILED: Watchlist only,44,0.0,0.0,0.1,62.6,0,,Healthcare,182148080.0,1812.25
SNPMF,China Petroleum & Chemical Corp Class H,0.578,14,11,12,5,6,9,5,62,-12.0,50.0,Weak,Watchlist only,43,7.0,3.2,4.9,60.3,1,,Energy,66720837632.0,41352.11
SBMFF,Sino Biopharmaceutical Limited,0.75,10,8,11,12,3,4,2,50,0.0,50.0,Weak,Watchlist only,52,15.2,23.0,6.4,55.6,2,,Healthcare,13364213760.0,0.0
PBTHF,PointsBet Holdings Limited,0.78,17,7,7,13,6,2,5,57,-7.0,50.0,Weak,Watchlist only,49,0.0,0.0,7.1,65.6,1,,Consumer Cyclical,271117856.0,847.0
ZHEXF,Zhejiang Expressway Co. Ltd,0.83,12,7,7,7,4,6,2,45,0.0,50.0,Weak,🔥 COILED: Watchlist only,32,0.0,1.2,1.2,52.4,0,,Industrials,5126283776.0,0.0
STEX,Streamex Corp,0.827,8,15,7,12,3,2,5,52,-3.0,50.0,Weak,Watchlist only,20,0.0,-4.5,2.4,51.1,2,,Financial Services,174406576.0,1527132.3
HOKCY,Hong Kong and China Gas Co Ltd ADR,0.95,14,10,4,14,6,2,5,55,-5.0,50.0,Weak,Watchlist only,60,3.3,11.8,7.0,59.8,2,,Utilities,16980483072.0,13872.61
KJFI,Comjoyful International Company,0.974,14,8,9,9,4,4,2,50,-5.0,50.0,Weak,🔥 COILED: Watchlist only,45,0.0,0.0,0.9,51.8,1,,Healthcare,229754992.0,204.05
PNPNF,Power Nickel Inc.,0.95,14,11,7,14,5,3,5,59,-7.0,50.0,Weak,Watchlist only,59,7.5,7.1,8.7,64.4,1,,Basic Materials,230202064.0,270379.07
PFHO,Pacific Health Care Organization Inc,1.0,12,4,7,15,4,4,5,51,-1.0,50.0,Weak,Watchlist only,35,1.0,0.0,5.3,60.3,0,,Healthcare,12800000.0,0.0
WBSR,Webstar Technology Group Inc,0.035,15,7,6,9,5,2,5,49,0.8,49.8,Weak,Watchlist only,27,19.7,42.8,26.0,56.5,2,,Technology,15816785.0,63996.31
SMKG,Smart Card Marketing Systems Inc,0.007,15,5,6,15,6,4,5,56,-6.8,49.2,Weak,Watchlist only,43,-1.4,66.7,21.3,72.0,2,,Technology,4350405.0,19799.36
CVAT,Cavitation Techs Inc,0.048,16,8,5,11,6,4,5,55,-6.8,49.2,Weak,Watchlist only,62,20.5,60.7,27.6,76.3,2,,Industrials,12688829.0,507378.23
PCOGF,Pancontinental Oil & Gas NL,0.009,10,8,11,10,4,1,2,46,-2.0,49.0,Weak,🔥 COILED: Watchlist only,46,0.0,0.0,1.9,66.2,0,,Energy,74574720.0,149020.16
OPTI,Optec International Inc,0.002,10,9,8,11,6,0,2,46,2.0,49.0,Weak,Watchlist only,51,-5.3,-5.3,2.6,52.7,1,,Consumer Cyclical,5215539.0,1941789.16
NRWMF,Norwest Minerals Limited,0.003,10,7,10,9,3,5,2,46,-5.0,49.0,Weak,🔥 COILED: Watchlist only,21,0.0,0.0,1.1,48.5,1,,Basic Materials,3514904.0,10.26
GFMH,Goliath Film and Media Holdings,0.004,5,5,11,10,3,8,4,46,0.0,49.0,Weak,Watchlist only,48,0.0,0.0,0.6,50.4,0,,Communication Services,507221.0,4655.01
VICA,Rafina Innovations Inc,0.001,10,7,11,7,6,3,2,46,0.0,49.0,Weak,Watchlist only,42,0.0,0.0,0.0,56.8,0,,Healthcare,122022.0,53972.86
ANPCF,ANGLE plc,0.02,12,7,11,8,4,2,2,46,-5.0,49.0,Weak,🔥 COILED: Watchlist only,36,0.0,0.0,0.2,53.3,1,,Healthcare,22614414.0,1927.35
MVNT,Visual Healthcare Corp,0.012,5,11,9,8,4,2,5,44,2.0,49.0,Weak,Watchlist only,27,6.4,-2.5,3.5,52.2,1,,Financial Services,3739118.0,132722.55
GLTH,"Goliath National, Inc.",0.014,8,4,6,9,9,4,5,45,4.0,49.0,Weak,Watchlist only,32,8.0,-3.6,3.8,50.8,0,,Consumer Cyclical,51472.0,8187.64
AEXFF,Aminex PLC,0.03,8,7,10,7,6,1,2,41,0.0,49.0,Weak,🔥 COILED: Watchlist only,36,0.0,0.0,0.9,54.0,0,,Energy,134250016.0,1537.65
ACIXF,Acarix AB (publ),0.028,12,6,8,10,4,1,5,46,-2.0,49.0,Weak,🔥 COILED: Watchlist only,31,0.0,0.0,4.2,68.4,0,,Healthcare,34734328.0,15633.75
BGFGF,Beauce Gold Fields Inc,0.028,14,4,6,10,3,7,5,49,-3.0,49.0,Weak,Watchlist only,40,0.0,30.2,10.6,73.8,2,,Basic Materials,3883157.0,1429.87
QMCQF,QMC Quantum Minerals Corp,0.026,10,11,10,14,4,0,5,54,-6.0,49.0,Weak,Watchlist only,30,13.9,13.9,3.9,53.0,2,,Basic Materials,2932990.0,15216.11
GWRRF,EnGold Mines Ltd,0.03,13,7,11,7,4,2,2,46,-5.0,49.0,Weak,🔥 COILED: Watchlist only,36,0.0,0.0,0.2,51.4,1,,Basic Materials,1319446.0,596.04
XESP,CannAssist International Corp,0.022,17,4,5,10,3,2,5,46,0.0,49.0,Weak,Watchlist only,55,0.0,0.0,19.7,50.0,0,,Communication Services,535280.0,10.0
OMMSF,Omineca Mining and Metals Ltd,0.044,6,9,4,11,4,0,5,39,2.0,49.0,Weak,Watchlist only,39,-10.6,-2.9,3.5,51.8,0,,Basic Materials,10013632.0,47931.21
KCRD,"Kindcard, Inc.",0.034,11,7,11,8,4,1,2,44,0.0,49.0,Weak,🔥 COILED: Watchlist only,40,0.0,0.0,0.4,58.8,0,,Technology,3469957.0,440.9
RGSG,China Ivy School Inc,0.035,11,7,11,9,4,2,2,46,-5.0,49.0,Weak,🔥 COILED: Watchlist only,29,0.0,0.0,0.0,51.1,1,,Real Estate,2814097.0,708.09
LFSWF,Lifeist Wellness Inc.,0.04,9,9,5,15,7,2,5,52,-3.0,49.0,Weak,Watchlist only,55,0.0,-2.4,8.6,56.8,1,,Consumer Defensive,1406086.0,10231.62
HAYAF,Hayasa Metals Inc.,0.051,15,8,2,14,3,4,5,51,-5.0,49.0,Weak,Watchlist only,41,0.2,0.4,4.1,53.5,1,,Basic Materials,3778893.0,23270.65
MVMDF,Mountain Valley MD Holdings Inc,0.055,15,15,3,7,4,4,2,50,-5.0,49.0,Weak,Watchlist only,51,18.0,-5.7,4.3,52.7,2,,Healthcare,17829162.0,143937.05
KVLQF,ValOre Metals Corp,0.056,10,12,5,7,5,7,3,49,-3.0,49.0,Weak,Watchlist only,36,2.4,6.7,3.7,53.1,1,,Energy,13894996.0,246188.67
BLSIF,Britannia Life Sciences Inc.,0.06,10,7,11,9,3,2,2,44,0.0,49.0,Weak,🔥 COILED: Watchlist only,48,0.0,0.0,0.0,52.2,0,,Healthcare,9735260.0,33.04
SBMSF,Danakali Ltd,0.066,9,11,4,12,4,2,5,47,2.0,49.0,Weak,Watchlist only,35,-5.7,1.5,9.3,51.9,1,,Basic Materials,18416718.0,0.0
UJOGF,Union Jack Oil plc,0.07,13,4,11,10,4,2,2,46,-5.0,49.0,Weak,🔥 COILED: Watchlist only,41,0.0,0.0,0.0,54.8,1,,Energy,10259612.0,1376.13
SCYRF,Scryb Inc,0.07,15,7,6,10,4,1,5,48,-2.0,49.0,Weak,Watchlist only,31,0.0,0.0,5.0,69.7,0,,Financial Services,3953308.0,567.01
ADXDF,Adex Mining Inc,0.075,13,7,8,8,6,0,5,47,2.0,49.0,Weak,Watchlist only,37,-6.2,127.3,15.7,56.3,2,,Basic Materials,50790860.0,12237.24
DBCCF,Decibel Cannabis Company Inc,0.089,14,8,4,15,7,1,5,54,-5.0,49.0,Weak,Watchlist only,59,0.1,4.7,5.5,57.0,1,,Healthcare,49971944.0,167528.71
MRMD,Marimed Inc,0.09,16,9,7,16,6,12,5,71,-22.0,49.0,Weak,Watchlist only,49,16.8,38.3,20.0,69.4,3,,Healthcare,34258456.0,716663.11
PDSSF,Paradise Entertainment Limited,0.092,9,4,11,9,6,3,2,44,0.0,49.0,Weak,🔥 COILED: Watchlist only,0,0.0,0.0,0.1,48.6,0,,Consumer Cyclical,96390696.0,0.0
CRKT,Cirmaker Technology Corporation,0.141,9,9,5,14,4,4,2,47,-6.0,49.0,Weak,Watchlist only,53,28.0,-4.7,6.3,54.6,1,,Financial Services,79336784.0,3377.04
NPMMF,Nord Precious Metals Mining Inc.,0.12,12,17,9,5,9,3,4,59,-13.0,49.0,Weak,🔥 COILED: Watchlist only,37,6.2,2.6,3.2,54.5,1,,Basic Materials,16102603.0,214133.45
CFTN,Clifton Mining Co,0.14,10,12,6,8,3,2,5,46,0.0,49.0,Weak,Watchlist only,21,0.0,16.7,0.3,49.2,2,,Basic Materials,9162930.0,39423.71
ROBOF,RoboGroup T.E.K. Ltd,0.12,13,7,8,13,6,4,5,56,-7.0,49.0,Weak,Watchlist only,47,0.0,0.0,2.0,69.4,1,,Technology,7113092.0,31.3
GBEI,Great Basin Energies Inc,0.12,8,6,10,9,3,8,2,46,0.0,49.0,Weak,Watchlist only,43,0.0,0.0,-0.0,29.8,0,,Basic Materials,2298888.0,4824.05
DMAAR,Drugs Made In America Acquisition Corp. Rights,0.14,8,8,7,13,6,0,2,44,0.0,49.0,Weak,Watchlist only,45,-6.7,-6.7,-5.3,46.3,0,,nan,1833960.0,76101.68
LRRIF,Lion Rock Resources Inc.,0.173,13,16,10,9,9,7,5,69,-18.0,49.0,Weak,Watchlist only,35,8.8,9.3,5.5,56.3,3,,Basic Materials,19581484.0,164383.22
ZDGGF,ZOO Digital Group plc,0.171,13,4,11,11,4,2,2,47,-3.0,49.0,Weak,🔥 COILED: Watchlist only,41,0.0,0.0,0.1,57.0,1,,Technology,16812416.0,1938.56
EBYH,Strainsforpains Inc,0.205,9,7,3,12,6,5,2,44,-3.0,49.0,Weak,🔥 COILED: Watchlist only,53,0.0,2.7,0.2,53.8,1,,Healthcare,3091782.0,850.01
ARRNF,American Rare Earths Limited,0.286,13,11,4,15,5,2,5,55,-4.0,49.0,Weak,Watchlist only,58,4.4,8.3,6.8,67.6,2,,Basic Materials,163304960.0,960893.52
GLGI,Greystone Logistics,0.232,13,10,8,7,5,4,4,51,-3.0,49.0,Weak,Watchlist only,38,-3.4,0.8,2.7,53.0,2,,Basic Materials,6817568.0,48797.02
RANGR,Range Capital Acquisition Corp. Rights,0.268,15,14,6,8,4,4,5,56,-5.0,49.0,Weak,Watchlist only,43,11.7,11.7,5.1,55.9,2,,nan,nan,4516.8
KGLDF,King Global Ventures Inc,0.306,8,12,11,12,6,4,2,55,-6.0,49.0,Weak,Watchlist only,22,0.1,-0.3,0.4,49.0,1,,Basic Materials,16092029.0,10285.11
NAKAW,Nakamoto Inc.,0.3,7,9,10,11,5,2,5,49,0.0,49.0,Weak,Watchlist only,46,0.0,18.1,4.5,51.8,2,,nan,nan,309.88
SKYZF,SkyCity Entertainment Group Limited,0.38,9,6,11,10,3,1,2,42,2.0,49.0,Weak,🔥 COILED: Watchlist only,26,0.0,0.0,0.3,56.4,0,,Consumer Cyclical,419160928.0,82.92
CNGA,Conair Corporation,0.35,15,6,12,10,6,6,2,57,-13.0,49.0,Weak,🔥 COILED: Watchlist only,43,0.0,0.0,0.2,95.0,0,,Industrials,2188792.0,406.18
COOT,Australian Oilseeds Holdings Limited Ordinary Shares,0.46,11,8,4,12,4,7,5,51,-3.0,49.0,Weak,Watchlist only,27,4.5,-1.1,4.6,54.4,2,,Consumer Defensive,13831558.0,222277.48
MLSS,Milestone Scientific,0.505,16,3,4,14,5,5,5,52,-3.0,49.0,Weak,Watchlist only,68,7.4,-8.7,5.8,57.5,1,,Healthcare,47865916.0,1133265.32
MKNGF,Mkango Resources Ltd,0.554,8,7,4,17,4,7,5,52,-3.0,49.0,Weak,Watchlist only,39,-1.1,-3.9,8.5,53.1,1,,Basic Materials,214809920.0,6227.7
MITQ,Moving iMage Technologies Inc,0.58,12,13,8,8,5,3,5,54,-5.0,49.0,Weak,Watchlist only,34,7.4,3.8,4.5,58.2,1,,Technology,5669393.0,109024.56
WRLGF,West Red Lake Gold Mines Ltd.,0.672,16,7,6,15,5,2,5,56,-7.0,49.0,Weak,Watchlist only,38,8.1,21.4,14.3,71.2,2,,Basic Materials,284900832.0,874164.23
CTOR,"Citius Oncology, Inc.",0.79,16,13,3,14,9,3,5,63,-14.0,49.0,Weak,Watchlist only,48,4.1,-4.4,5.9,56.2,1,,Healthcare,83242896.0,248322.52
SACH,Sachem Capital Corp,0.9,16,14,7,13,3,5,5,63,-12.0,49.0,Weak,Watchlist only,26,15.4,14.6,7.4,62.9,3,,Real Estate,42204872.0,260282.82
CCDSF,Carrier Connect Data Solutions Inc.,0.94,14,8,5,14,6,0,5,52,-3.0,49.0,Weak,Watchlist only,53,-7.8,-6.0,0.1,52.2,0,,nan,nan,6317.93
NUMD,Nu-Med Plus Inc,0.024,17,8,5,15,6,8,5,64,-13.5,48.5,Weak,Watchlist only,59,0.4,60.5,22.6,73.6,2,,Healthcare,1921614.0,10373.63
PKBAF,PT Bakrie & Brothers Tbk,0.002,9,7,10,8,3,1,2,40,0.0,48.0,Weak,🔥 COILED: Watchlist only,14,0.0,0.0,2.6,49.8,0,,Industrials,929464256.0,6.97
AVEFF,Avecho Biotechnology Limited,0.004,9,7,11,7,3,4,2,43,0.0,48.0,Weak,🔥 COILED: Watchlist only,37,0.0,0.0,0.0,49.4,0,,Healthcare,17386766.0,10500.0
ROXIF,Caspian Sunrise plc,0.02,9,4,11,10,6,3,2,45,0.0,48.0,Weak,Watchlist only,52,0.0,0.0,0.5,59.4,0,,Energy,15872829440.0,73.25
HYPPF,Hypebeast Limited,0.019,15,4,9,7,6,2,2,45,-2.0,48.0,Weak,🔥 COILED: Watchlist only,42,0.0,0.0,0.9,62.6,0,,Communication Services,38051944.0,98.5
FNINF,49 North Resources Inc,0.015,8,7,11,8,3,4,2,43,0.0,48.0,Weak,🔥 COILED: Watchlist only,38,0.0,0.0,0.0,53.2,0,,Financial Services,2494653.0,10020.0
VSMR,Verify Smart Corp,0.026,11,4,9,12,6,0,5,47,1.0,48.0,Weak,Watchlist only,32,0.0,0.0,4.2,61.0,0,,Technology,15286667.0,8475.0
GENFF,Genflow Biosciences plc,0.04,18,7,4,9,4,1,2,45,0.0,48.0,Weak,Watchlist only,32,0.0,184.2,7.7,54.4,2,,Healthcare,22344866.0,14776.37
GNRGF,General Copper Gold Corp.,0.038,11,7,11,10,4,3,2,48,-5.0,48.0,Weak,🔥 COILED: Watchlist only,39,0.0,0.0,0.0,51.1,1,,Basic Materials,3328382.0,266.0
AFFL,Affiliated Resources Corp,0.039,13,6,7,11,4,9,2,52,-4.0,48.0,Weak,Watchlist only,43,11.4,8.6,11.5,63.8,2,,Financial Services,2907610.0,2127.59
PBMWW,Psyence Biomedical Ltd. Warrant,0.031,15,12,4,15,4,3,2,55,-11.0,48.0,Weak,Watchlist only,58,-0.3,34.8,9.1,55.0,3,,nan,nan,36933.92
ADMQ,ADM Endeavors Inc,0.044,15,10,6,17,6,4,2,60,-10.0,48.0,Weak,Watchlist only,67,10.0,17.3,7.9,56.3,2,,Industrials,6499337.0,121646.52
WHLT,Chase Packaging Corp,0.05,12,7,11,8,1,4,2,45,-2.0,48.0,Weak,🔥 COILED: Watchlist only,32,0.0,0.0,0.1,60.3,0,,Financial Services,3094108.0,981.2
PRLEQ,Pillarstone Capital REIT,0.05,15,6,10,7,3,2,2,45,-5.0,48.0,Weak,🔥 COILED: Watchlist only,51,0.0,0.0,6.4,50.0,1,,nan,13141.0,183.5
ASCC,Aristocrat Group Corp,0.1,11,6,11,16,1,6,2,53,-5.0,48.0,Weak,Watchlist only,60,0.0,0.0,1.7,55.0,2,,Consumer Defensive,4234309.0,1612.84
XYLB,Xy Labs Inc.,0.12,8,7,11,10,3,4,2,45,0.0,48.0,Weak,Watchlist only,40,0.0,0.0,0.0,59.8,0,,Technology,1439695.0,412.29
ARGHF,Argo Group International Holdings Ltd,0.24,11,10,4,11,6,4,5,51,-1.0,48.0,Weak,Watchlist only,44,10.0,-1.6,6.3,56.9,1,,Technology,66007656.0,7473.63
AUMN,Golden Minerals Company,0.22,12,5,6,15,5,5,5,53,-3.0,48.0,Weak,Watchlist only,52,10.0,4.8,4.4,55.3,1,,Basic Materials,3485201.0,41530.77
SMNRF,S2 Minerals Inc,0.251,12,7,10,8,4,2,2,45,-5.0,48.0,Weak,🔥 COILED: Watchlist only,42,0.0,0.0,0.2,53.2,1,,Basic Materials,6017381.0,11.29
CMPNF,Champion Real Estate Investment Trust,0.34,10,8,11,9,3,4,2,47,-2.0,48.0,Weak,Watchlist only,53,0.0,0.0,0.0,68.7,1,,Real Estate,1907400832.0,0.0
GRYRF,Geo Energy Resources Limited,0.365,8,7,10,8,4,4,2,43,0.0,48.0,Weak,🔥 COILED: Watchlist only,36,0.0,0.0,-0.0,44.9,0,,Energy,647884608.0,710.56
ALBHF,Alibaba Health Information Technology Limited,0.44,6,7,8,8,3,8,5,45,0.0,48.0,Weak,Watchlist only,23,0.0,0.0,-0.5,44.7,0,,Healthcare,7117132288.0,0.0
VSQTF,Victory Square Technologies Inc,0.482,7,14,7,11,4,2,3,48,-1.0,48.0,Weak,Watchlist only,50,9.9,0.7,3.0,53.8,1,,Healthcare,48870280.0,84556.1
ZTMUF,Zimtu Capital Corp,0.497,8,9,11,7,0,6,2,43,2.0,48.0,Weak,Watchlist only,51,0.0,0.0,0.0,56.2,0,,Financial Services,6847949.0,25.0
JNSTF,Jinhui Shipping and Transportation Limited,0.57,8,6,11,11,3,4,2,45,0.0,48.0,Weak,Watchlist only,0,0.0,0.0,0.0,30.9,0,,Industrials,62955004.0,0.0
FPNUF,FP Newspapers Inc,0.59,12,6,11,7,3,2,2,43,0.0,48.0,Weak,🔥 COILED: Watchlist only,50,0.0,0.0,0.0,50.0,0,,Communication Services,2761036.0,24.0
SRRRF,Source Rock Royalties Ltd.,0.742,18,4,5,8,6,6,4,51,-3.0,48.0,Weak,Watchlist only,54,3.0,3.0,2.1,72.1,0,,Energy,33817828.0,1215.04
MANA,Manatron Inc,0.73,13,10,5,9,4,7,5,53,-5.0,48.0,Weak,Watchlist only,39,13.9,14.1,11.2,57.4,2,,Real Estate,nan,12809.52
SDWHF,Soundwill Holdings Limited,0.872,13,7,10,7,4,2,2,45,-5.0,48.0,Weak,🔥 COILED: Watchlist only,34,0.0,0.0,0.1,51.6,1,,Real Estate,246917648.0,20.26
ZLIOF,Zoomlion Heavy Industry Science and Technology Co. Ltd,1.0,9,7,11,10,3,1,2,43,0.0,48.0,Weak,🔥 COILED: Watchlist only,0,0.0,0.0,0.2,57.7,0,,Industrials,11329121280.0,0.0
BLLB,Bell Buckle Holdings,0.001,16,6,5,14,5,2,5,53,-5.2,47.8,Weak,Watchlist only,61,11.1,11.1,25.6,68.0,2,,Consumer Defensive,1384437.0,2989351.3
BGAVF,Bravada Gold Corporation,0.875,18,5,7,11,6,9,5,61,-14.2,47.8,Weak,Watchlist only,61,18.4,35.0,21.8,75.8,2,,Basic Materials,24467544.0,120156.8
TKMO,Tekumo Inc,0.04,15,14,5,10,4,0,5,53,-5.5,47.5,Weak,Watchlist only,52,2.6,19.8,34.3,59.1,2,,Technology,179507.0,19285.25
EGRAF,Energy Resources of Australia Ltd,0.009,10,7,11,9,3,2,2,44,0.0,47.0,Weak,Watchlist only,46,0.0,0.0,0.0,59.3,0,,Energy,3810724352.0,9634.7
HSCC,Homeland Security Cp,0.004,7,6,12,12,3,5,3,48,-1.0,47.0,Weak,Watchlist only,28,2.4,2.4,1.3,52.8,0,,Consumer Cyclical,822482.0,21186.56
TDRK,Tiderock Companies Inc,0.004,8,3,7,15,4,2,5,44,0.0,47.0,Weak,Watchlist only,33,0.0,0.0,1.1,51.9,0,,Real Estate,759498.0,421360.5
GERFF,Glen Eagle Resources Inc,0.001,15,5,6,12,6,1,5,50,-3.0,47.0,Weak,Watchlist only,55,0.0,0.0,17.1,75.0,0,,Basic Materials,160382.0,2286.25
KAMRF,Kalamazoo Resources Limited,0.02,9,7,11,8,6,4,2,47,-3.0,47.0,Weak,Watchlist only,35,0.0,0.0,0.3,70.8,0,,Basic Materials,7595385.0,3670.0
MRGE,Mirage Energy Corp,0.014,10,6,10,12,5,4,2,49,-5.0,47.0,Weak,Watchlist only,44,0.0,0.0,0.5,57.2,1,,Energy,4061714.0,35711.5
ENCC,Encompass Compliance Corp,0.017,9,10,7,14,7,3,2,52,-5.0,47.0,Weak,Watchlist only,70,1.8,7.7,8.1,55.4,1,,Financial Services,2473771.0,493705.46
ZAAGD,"Goliath National, Inc.",0.014,6,4,6,9,9,4,5,43,4.0,47.0,Weak,Watchlist only,32,8.0,-3.6,3.8,50.6,0,,Consumer Cyclical,80416.0,8174.59
BLBRF,Bloomberry Resorts Corporation,0.021,11,7,11,7,4,2,2,44,-5.0,47.0,Weak,🔥 COILED: Watchlist only,18,0.0,0.0,0.0,48.0,1,,Consumer Cyclical,242031024.0,5177.5
ALRGF,Antler Gold Inc,0.035,13,5,7,11,6,2,5,49,-5.0,47.0,Weak,Watchlist only,48,0.0,0.0,2.0,50.0,1,,Basic Materials,3179082.0,152.5
AJYG,AJ1G Inc,0.04,11,6,9,10,6,2,5,49,-2.0,47.0,Weak,Watchlist only,25,0.0,0.0,1.9,62.0,0,,Financial Services,2497124.0,29.82
ZCTSF,Zacatecas Silver Corp,0.053,11,12,5,12,5,5,5,55,-8.0,47.0,Weak,Watchlist only,28,-0.6,1.0,4.5,55.8,1,,Basic Materials,11563844.0,163445.64
AIABF,AirAsia Group Berhad,0.08,13,7,6,7,6,2,5,46,-2.0,47.0,Weak,Watchlist only,30,0.0,0.0,8.5,65.7,0,,Industrials,582258944.0,865.5
AEMLF,Aurora Energy Metals Limited,0.08,12,6,10,7,3,2,2,42,0.0,47.0,Weak,🔥 COILED: Watchlist only,49,0.0,0.0,0.0,50.0,0,,Energy,14325099.0,9309.47
CPIFF,Carlton Precious Inc,0.075,15,5,7,13,6,3,5,54,-7.0,47.0,Weak,Watchlist only,23,-4.4,-0.5,5.9,67.3,1,,Basic Materials,6921825.0,23741.64
SDURF,Stroud Resources Ltd,0.075,14,8,4,8,6,5,2,47,-5.0,47.0,Weak,🔥 COILED: Watchlist only,25,0.0,0.0,4.2,53.8,1,,Energy,4771740.0,0.0
SKKFF,Strikewell Energy Corp,0.082,17,4,6,9,6,2,3,47,-5.0,47.0,Weak,🔥 COILED: Watchlist only,54,0.0,0.0,0.9,50.0,1,,Energy,711716.0,3.75
CTVIF,China Travel International Investment Hong Kong Limited,0.11,15,6,7,13,3,1,5,50,-3.0,47.0,Weak,Watchlist only,29,0.0,0.0,3.0,70.3,0,,Consumer Cyclical,1274198272.0,0.0
QQFSF,Qinqin Foodstuffs Group (Cayman) Company Limited,0.142,9,6,11,9,3,2,2,42,0.0,47.0,Weak,🔥 COILED: Watchlist only,46,0.0,0.0,0.0,50.0,0,,Consumer Defensive,113500288.0,13.25
SMREF,Sun Summit Minerals Corp,0.102,12,14,5,13,4,0,5,53,-6.0,47.0,Weak,Watchlist only,40,-3.2,8.9,5.2,58.1,2,,Basic Materials,31511058.0,106971.82
VYYRF,Voyageur Pharmaceuticals Ltd,0.124,14,4,6,11,8,4,5,52,-5.0,47.0,Weak,Watchlist only,55,3.3,3.3,7.9,73.2,1,,Healthcare,27161082.0,8404.6
CGDNF,Conroy Gold and Natural Resources plc,0.14,10,7,11,7,3,2,2,42,0.0,47.0,Weak,🔥 COILED: Watchlist only,53,0.0,0.0,0.0,50.0,0,,Basic Materials,10772921.0,3750.0
NORSF,Norsk Titanium AS,0.17,18,9,8,17,6,7,5,70,-28,47,Weak,Watchlist only,58,21.4,21.4,26.0,81.6,3,,Industrials,221259520.0,7540.76
WECFF,White Energy Company Limited,0.16,13,5,7,14,3,0,5,47,-3.0,47.0,Weak,Watchlist only,52,10.6,-1.3,4.5,54.6,0,,Energy,75533936.0,0.0
QSJC,"Tancheng Group Co., Ltd.",0.165,11,7,11,7,4,2,2,44,-5.0,47.0,Weak,🔥 COILED: Watchlist only,25,0.0,0.0,0.0,52.0,1,,Consumer Cyclical,723394.0,10.78
OLVI,Oliveda International Inc,0.249,6,13,9,10,3,6,3,50,-3.0,47.0,Weak,Watchlist only,40,11.2,4.6,8.2,51.9,1,,Consumer Defensive,160818256.0,22242.33
CXXMF,CMX Gold & Silver Corp,0.215,10,7,11,9,4,6,2,49,-5.0,47.0,Weak,Watchlist only,48,0.0,0.0,0.0,58.1,1,,Basic Materials,18619606.0,731.12
IWSH,Wright Investors Service Holdings Inc,0.24,15,5,6,10,6,2,5,49,-5.0,47.0,Weak,Watchlist only,56,0.0,0.0,4.2,59.1,1,,Financial Services,4948971.0,701.51
AUMTF,Aurelia Metals Limited,0.289,18,7,7,14,3,7,5,61,-14.0,47.0,Weak,Watchlist only,66,11.2,11.2,8.9,76.8,2,,Basic Materials,490612384.0,6725.81
CZZLF,Cizzle Brands Corporation,0.25,10,6,2,10,8,7,5,48,-1.0,47.0,Weak,Watchlist only,43,2.5,13.6,1.5,51.3,2,,nan,nan,9750.68
GLATF,Global Atomic Corp,0.44,11,6,6,8,3,3,5,42,2.0,47.0,Weak,Watchlist only,32,12.7,-0.1,3.5,54.4,1,,Basic Materials,215724160.0,432814.07
HUSIF,Nicola Mining Inc,0.59,15,13,7,9,6,6,5,61,-14.0,47.0,Weak,Watchlist only,53,2.8,8.0,10.0,65.3,2,,Basic Materials,131380512.0,22742.22
ATYR,"aTyr Pharma, Inc.",0.555,10,8,7,9,9,2,5,50,-3.0,47.0,Weak,Watchlist only,33,10.3,0.3,4.7,55.5,1,,Healthcare,54046172.0,2023676.89
DRTTF,DIRTT Environmental Solutions Ltd,0.6,8,8,7,12,5,4,2,46,-5.0,47.0,Weak,Watchlist only,50,-0.8,-0.2,0.0,50.8,1,,Industrials,116599560.0,51010.38
ELBM,Electra Battery Materials Corp,0.621,13,16,7,13,5,3,5,62,-13.0,47.0,Weak,Watchlist only,40,3.0,5.4,5.0,57.7,1,,Basic Materials,64742240.0,913366.06
ALSA,Alpha Star Acquisition Corp,0.61,17,10,9,9,7,6,4,62,-14.0,47.0,Weak,Watchlist only,41,4.3,3.4,3.2,64.4,1,,Financial Services,49542480.0,51680.0
USLRF,Unico Silver Limited,0.636,16,9,6,9,7,6,5,58,-9.0,47.0,Weak,Watchlist only,62,2.0,11.5,9.7,65.4,2,,nan,nan,248255.37
MNIZ,Gen 2 Technologies Inc,0.679,16,11,7,7,6,12,5,64,-22,47,Weak,Watchlist only,46,130.2,107.6,102.9,89.3,2,6,Communication Services,2691110.0,2621.5
ATTRF,Ascott Residence Trust,0.739,10,4,10,7,3,6,2,42,0.0,47.0,Weak,🔥 COILED: Watchlist only,47,0.0,0.0,-0.0,42.4,0,,Real Estate,2844669952.0,29.11
GBR,New Concept Energy Inc,0.752,15,7,5,15,3,4,5,54,-5.0,47.0,Weak,Watchlist only,37,-3.6,3.0,1.3,54.1,1,,Real Estate,3955181.0,398494.0
ALISR,Calisa Acquisition Corp Right,0.79,18,5,4,9,6,3,5,50,-3.0,47.0,Weak,Watchlist only,58,27.4,29.5,14.8,59.4,2,,nan,nan,0.0
ACGBF,Agricultural Bank Of China,0.8,18,7,13,10,3,6,3,60,-13.0,47.0,Weak,Watchlist only,56,3.9,3.9,4.5,86.9,0,,Financial Services,279986438144.0,0.0
ONCY,Oncolytics Biotech Inc,0.85,9,5,10,14,2,2,5,47,-3.0,47.0,Weak,Watchlist only,29,6.2,6.2,2.3,54.1,1,,Healthcare,109097984.0,1163051.71
CHOLF,China Oilfield Services Limited,0.9,12,5,7,11,3,3,3,44,0.0,47.0,Weak,Watchlist only,0,0.0,0.0,0.5,58.8,0,,Energy,4294432768.0,0.0
LECBF,Lepanto Consolidated Mining Company,0.002,11,7,11,5,6,6,2,48,-10.0,46.0,Weak,🔥 COILED: Watchlist only,22,0.0,0.0,0.2,42.4,0,,Basic Materials,146026672.0,7942.54
NOKPF,Nok Airlines Public Company Limited,0.008,7,7,7,9,5,2,2,39,2.0,46.0,Weak,Watchlist only,43,8.6,8.6,6.0,51.4,1,,Industrials,28341820.0,48267.91
HHSE,Hanover House Inc.,0.006,6,10,2,12,6,6,2,44,2.0,46.0,Weak,Watchlist only,27,-1.6,5.0,-7.6,43.2,1,,Communication Services,8055610.0,707946.9
VLTMF,Voltage Metals Corp,0.01,15,5,6,13,4,4,5,52,-6.0,46.0,Weak,Watchlist only,28,0.0,0.0,13.5,73.2,0,,Basic Materials,1106449.0,4523.32
MSET,Madison Sports & Entertainment Inc,0.009,8,7,12,14,4,0,3,48,-2.0,46.0,Weak,Watchlist only,35,1.1,2.3,2.6,60.8,0,,Financial Services,455651.0,16769.52
PMBY,Postd Merchant Banque,0.001,15,5,7,10,6,1,5,49,-3.0,46.0,Weak,Watchlist only,53,0.0,0.0,9.6,75.3,0,,Industrials,354427.0,3814.03
GRVE,Groove Botanicals Inc,0.004,12,6,7,12,6,6,4,53,-7.0,46.0,Weak,Watchlist only,35,2.4,2.4,1.9,65.3,1,,Energy,244536.0,9776.5
IMVIF,IMV Inc.,0.002,12,6,11,10,3,2,2,46,-5.0,46.0,Weak,🔥 COILED: Watchlist only,45,0.0,0.0,0.0,50.0,1,,Healthcare,23423.0,76.54
GRRP,Granite Broadcasting Corporation,0.001,10,6,11,7,3,2,2,41,0.0,46.0,Weak,🔥 COILED: Watchlist only,48,0.0,0.0,0.0,50.0,0,,Communication Services,nan,0.0
STHI,Sprout Tiny Homes Inc,0.014,8,5,9,10,6,3,2,43,-5.0,46.0,Weak,🔥 COILED: Watchlist only,48,0.0,0.0,0.3,51.7,1,,Consumer Cyclical,1571431.0,0.0
KITTW,Nauticus Robotics Inc.,0.014,4,13,10,8,3,2,4,44,4.0,46.0,Weak,Watchlist only,24,16.5,14.6,3.4,48.6,2,,nan,nan,98727.93
NOSUF,Nerds on Site Inc,0.03,15,6,12,7,6,6,2,54,-13.0,46.0,Weak,🔥 COILED: Watchlist only,62,0.0,0.0,1.7,94.5,0,,Technology,2834714.0,4169.01
ZPHYF,Zephyr Minerals Ltd,0.04,8,5,4,14,6,1,5,43,0.0,46.0,Weak,Watchlist only,30,6.1,6.1,2.7,52.7,0,,Basic Materials,4170468.0,17978.26
CBBHF,Cobalt Blue Holdings Ltd,0.049,8,12,8,11,4,0,3,46,-3.0,46.0,Weak,🔥 COILED: Watchlist only,22,3.8,0.6,3.0,51.5,1,,Basic Materials,26435918.0,149706.83
GWMOF,Great Western Mining Corporation PLC,0.048,13,2,8,7,3,3,5,41,0.0,46.0,Weak,🔥 COILED: Watchlist only,0,0.0,-3.6,0.9,55.1,0,,Basic Materials,21261010.0,0.0
ZOONF,Zoono Group Limited,0.044,12,7,10,9,1,2,2,43,-5.0,46.0,Weak,🔥 COILED: Watchlist only,34,0.0,0.0,0.4,52.6,1,,Consumer Defensive,18151084.0,43.88
AWCA,Awaysis Capital Inc,0.045,11,6,6,11,3,6,2,45,0.0,46.0,Weak,Watchlist only,42,2.3,4.2,11.1,52.9,0,,Real Estate,18463316.0,23807.64
CSRNF,Canstar Resources Inc,0.048,11,11,5,10,6,0,5,48,-1.0,46.0,Weak,Watchlist only,39,-0.2,-7.0,0.9,51.4,1,,Basic Materials,8051440.0,41358.06
NRVTF,Noram Lithium Corp,0.051,5,11,8,14,3,6,2,49,-3.0,46.0,Weak,Watchlist only,21,2.4,2.4,1.1,47.3,1,,Basic Materials,4435485.0,76594.28
EGMCF,Emgold Mining Corporation,0.058,10,7,6,11,2,2,5,43,0.0,46.0,Weak,Watchlist only,47,13.9,15.0,4.9,52.8,2,,Basic Materials,4185443.0,131198.44
BKALF,PT Bank Aladin Syariah Tbk,0.078,10,6,10,7,4,2,2,41,0.0,46.0,Weak,🔥 COILED: Watchlist only,45,0.0,0.0,0.0,50.0,0,,Financial Services,1098999040.0,92.23
HTCTF,Hutchison Telecommunications Hong Kong Holdings Limited,0.137,6,4,10,10,4,5,2,41,0.0,46.0,Weak,🔥 COILED: Watchlist only,0,0.0,0.0,-0.2,41.1,0,,Communication Services,661661888.0,0.0
BTRMF,Battery Mineral Resources Corp,0.126,19,9,8,12,5,7,5,65,-19.0,46.0,Weak,Watchlist only,66,7.2,10.2,7.3,64.8,3,,Basic Materials,52684044.0,32169.72
FOXTF,Fox Tungsten Ltd.,0.122,10,8,5,10,3,2,5,43,0.0,46.0,Weak,Watchlist only,0,-8.3,1.8,0.2,49.8,1,,Basic Materials,35735244.0,0.0
RDUFF,Radius Gold Inc,0.115,16,10,5,15,7,3,5,61,-13.0,46.0,Weak,Watchlist only,62,43.8,4.5,18.9,56.8,1,,Basic Materials,12727467.0,30626.06
IBACR,IB Acquisition Corp. Right,0.115,13,8,6,7,3,2,2,41,2.0,46.0,Weak,Watchlist only,62,0.0,0.0,3.1,52.9,0,,nan,nan,0.0
ARAFF,Arafura Resources Ltd,0.156,6,14,7,7,5,0,5,44,-1.0,46.0,Weak,Watchlist only,23,-2.8,-2.8,2.8,52.5,0,,Basic Materials,910873984.0,509136.1
IDGAF,5th Planet Games A/S,0.195,15,5,7,10,4,3,5,49,-3.0,46.0,Weak,Watchlist only,41,0.0,0.0,5.8,72.8,0,,Communication Services,52485100.0,616.62
BRYFF,Bri-Chem Corp,0.23,12,6,4,10,3,2,4,41,2.0,46.0,Weak,Watchlist only,39,27.8,-8.0,3.9,53.4,0,,Energy,6187960.0,1891.3
DNMXW,Dynamix Corporation III Warrants,0.25,3,6,8,11,3,2,4,37,4.0,46.0,Weak,Watchlist only,22,8.7,3.3,1.3,49.0,1,,nan,nan,0.0
YIPCF,Yip's Chemical Holdings Limited,0.31,8,7,5,13,4,7,2,46,0.0,46.0,Weak,Watchlist only,55,0.0,3.3,0.7,55.2,0,,Basic Materials,173122624.0,0.0
PTALF,PetroTal Corp,0.382,15,14,4,11,4,0,5,53,-5.0,46.0,Weak,Watchlist only,60,-1.9,9.3,4.9,61.3,1,,Energy,340521376.0,376899.0
HTTIF,"HighTide Therapeutics, Inc.",0.389,13,7,10,7,4,3,2,46,-5.0,46.0,Weak,🔥 COILED: Watchlist only,0,0.0,0.0,0.1,56.1,1,,Healthcare,236470512.0,0.0
COSAF,Cosa Resources Corp.,0.4,7,11,9,7,4,6,5,49,-3.0,46.0,Weak,Watchlist only,33,4.6,0.5,0.4,49.4,1,,Basic Materials,52313796.0,40958.55
FMSTW,Foremost Lithium Resource & Technology Ltd. Warrant,0.39,9,14,4,12,4,4,2,49,-3.0,46.0,Weak,Watchlist only,20,30.0,50.0,8.1,50.2,2,,nan,nan,4438.96
STRM,Streamline Health Solutions Inc,0.49,14,9,9,17,6,11,5,71,-30,46,Weak,Watchlist only,60,4.3,10.1,9.4,63.0,3,,Healthcare,23231740.0,43712.33
ADVNF,Advance ZincTek Limited,0.53,10,6,10,7,4,2,2,41,0.0,46.0,Weak,🔥 COILED: Watchlist only,48,0.0,0.0,0.1,50.0,0,,Basic Materials,33220322.0,501.81
BACHF,Bank of China Ltd H,0.67,11,4,7,7,6,4,2,41,2.0,46.0,Weak,Watchlist only,51,-2.9,-4.3,-0.7,49.7,0,,Financial Services,215882317824.0,0.0
ACNDF,Ascendas India Trust,0.797,6,11,6,12,6,0,2,43,0.0,46.0,Weak,Watchlist only,50,2.2,-4.3,-1.0,48.3,0,,Real Estate,1159794432.0,10401.04
IGPYF,Argosy Property Limited,0.75,9,6,11,8,3,2,2,41,0.0,46.0,Weak,🔥 COILED: Watchlist only,41,0.0,0.0,0.0,50.0,0,,Real Estate,655477760.0,51.25
SRGGF,SRG Global Limited,0.818,7,6,11,10,3,2,2,41,0.0,46.0,Weak,🔥 COILED: Watchlist only,43,0.0,0.0,0.0,50.0,0,,Industrials,512301792.0,12.5
ORBS,Eightco Holdings Inc.,0.821,12,14,6,11,5,1,5,54,-8.0,46.0,Weak,Watchlist only,33,-0.8,8.8,9.0,59.3,2,,Consumer Cyclical,311301664.0,15284047.78
AIJTY,Jianpu Technology Inc.,0.925,16,6,5,9,3,2,5,46,0.0,46.0,Weak,Watchlist only,43,-0.1,9.6,5.3,70.7,1,,Financial Services,18524216.0,6857.61
KNGRF,Kingsmen Resources Ltd,0.977,17,12,5,16,5,5,5,65,-19.0,46.0,Weak,Watchlist only,44,22.2,13.7,13.4,64.4,3,,Basic Materials,32796934.0,36200.05
HAOTF,Hao Tian International Construction Investment Group Limited,0.004,15,6,12,8,6,4,2,53,-13.0,45.0,Weak,🔥 COILED: Watchlist only,49,0.0,0.0,2.4,99.8,0,,Industrials,49929192.0,233.39
PWDY,Powerdyne International Inc,0.002,11,4,9,10,3,3,2,42,0.0,45.0,Weak,Watchlist only,40,4.5,4.5,2.7,53.0,0,,Industrials,4993708.0,3110929.54
SFWJ,Software Effective Solutions Corp,0.004,10,8,3,10,4,0,5,40,0.0,45.0,Weak,🔥 COILED: Watchlist only,34,0.0,2.6,1.1,50.6,0,,Healthcare,1544729.0,186743.6
SVLT,Sunvault Energy Inc,0.006,17,6,6,7,3,11,2,52,-7.0,45.0,Weak,Watchlist only,54,20.0,0.0,6.1,62.8,1,,Industrials,883807.0,2938.37
IENT,iEntertainment Network Inc,0.007,12,8,11,9,4,1,2,47,-7.0,45.0,Weak,🔥 COILED: Watchlist only,37,0.0,0.0,3.0,67.6,1,,Communication Services,876829.0,822.5
GMPW,GiveMePower Corp,0.01,10,7,11,9,4,2,2,45,-3.0,45.0,Weak,Watchlist only,53,0.0,0.0,0.1,70.0,0,,Real Estate,437928.0,9951.83
HERF,Red Oak Hereford Farms Inc,0.008,9,10,4,13,6,6,2,50,-5.0,45.0,Weak,Watchlist only,36,2.5,2.5,0.3,51.6,1,,Consumer Defensive,314532.0,867.97
CAMG,CAM Group Inc,0.001,10,6,10,9,3,2,2,42,0.0,45.0,Weak,Watchlist only,28,0.0,0.0,-0.0,3.1,0,,Industrials,25295.0,95.0
CAGU,The Castle Group Inc,0.001,9,6,11,7,3,2,2,40,0.0,45.0,Weak,🔥 COILED: Watchlist only,48,0.0,0.0,0.0,50.0,0,,Consumer Cyclical,10056.0,1010.0
PSUD,Petrosun Inc,0.015,20,7,6,16,4,7,5,65,-20,45,Weak,Watchlist only,48,66.7,64.8,33.5,61.6,3,9,Energy,5902709.0,37562.66
GJST,GEO JS Tech Group Corp,0.012,9,7,10,8,1,3,2,40,0.0,45.0,Weak,🔥 COILED: Watchlist only,16,0.0,0.0,-0.1,48.1,0,,Basic Materials,2490360.0,34794.45
DAAT,DAC Technologies Group International Inc,0.02,7,6,11,9,3,2,2,40,0.0,45.0,Weak,🔥 COILED: Watchlist only,42,0.0,0.0,0.0,50.0,0,,Consumer Cyclical,115315.0,954.02
CCGWW,Cheche Group Inc. Warrant,0.019,11,4,6,7,3,7,2,40,2.0,45.0,Weak,Watchlist only,44,5.6,0.0,5.8,54.8,0,,nan,nan,3086.69
VINZF,VINZF,0.029,12,7,9,7,4,1,5,45,0.0,45.0,Weak,Watchlist only,40,10.7,10.7,4.8,57.5,2,,nan,8935070.0,8059.21
CBUTF,Clear Blue Technologies International Inc,0.03,9,11,6,14,3,2,4,49,-7.0,45.0,Weak,Watchlist only,36,4.9,4.9,8.2,60.9,1,,Technology,2515898.0,18461.41
KRMMF,Kingsrose Mining Limited,0.04,15,6,12,8,6,4,2,53,-13.0,45.0,Weak,🔥 COILED: Watchlist only,50,0.0,0.0,0.6,99.2,0,,Basic Materials,30141060.0,6683.33
JORFF,Jourdan Resources Inc,0.04,7,12,8,10,6,0,2,45,0.0,45.0,Weak,Watchlist only,29,-0.5,3.4,-0.9,47.6,0,,Basic Materials,21872890.0,66974.3
HAPBF,Hapbee Technologies Inc,0.035,12,8,9,14,8,0,2,53,-13.0,45.0,Weak,🔥 COILED: Watchlist only,37,2.9,16.7,1.4,51.2,3,,Technology,8218843.0,39384.18
SXTPW,"60 Degrees Pharmaceuticals, Inc. Warrant",0.039,13,14,6,13,4,3,5,58,-11.0,45.0,Weak,Watchlist only,41,19.4,28.8,19.8,55.5,2,,Healthcare,nan,7094.59
CNGFF,Change Financial Limited,0.047,8,7,10,8,3,2,2,40,0.0,45.0,Weak,🔥 COILED: Watchlist only,38,0.0,0.0,-0.0,41.5,0,,Technology,32347722.0,7.5
GPKUF,Grand Peak Capital Corp,0.059,7,7,11,8,3,2,2,40,0.0,45.0,Weak,🔥 COILED: Watchlist only,38,0.0,0.0,0.0,51.9,0,,Financial Services,9354918.0,0.3
EMCMF,Emerge Commerce Ltd,0.065,7,7,11,8,3,2,2,40,0.0,45.0,Weak,🔥 COILED: Watchlist only,34,0.0,0.0,0.0,52.2,0,,Consumer Cyclical,11470847.0,11415.39
VIORF,Vior Inc,0.076,12,3,4,9,5,2,5,40,2.0,45.0,Weak,Watchlist only,29,-2.6,-0.9,1.2,52.0,0,,Basic Materials,31710750.0,29624.76
SWLFF,Silver Wolf Exploration Ltd,0.083,11,14,3,7,5,0,5,45,0.0,45.0,Weak,Watchlist only,30,0.0,-0.7,5.0,53.2,0,,Basic Materials,5135844.0,48196.78
GMBL,Esports Entertainment Group Inc,0.09,6,10,4,9,0,6,3,38,4.0,45.0,Weak,Watchlist only,29,11.1,-10.0,1.6,50.0,0,,Consumer Cyclical,103138.0,2320.05
POLBF,Poolbeg Pharma PLC,0.096,9,8,9,11,3,3,2,45,-3.0,45.0,Weak,Watchlist only,50,0.0,0.0,0.2,57.8,1,,Healthcare,73137272.0,603.05
JGRRF,Jinchuan Group International Resources Co. Ltd,0.102,7,7,11,8,3,2,2,40,0.0,45.0,Weak,🔥 COILED: Watchlist only,42,0.0,0.0,0.0,51.9,0,,Basic Materials,915306176.0,0.28
PRKR,ParkerVision Inc,0.109,12,10,4,11,1,7,2,47,-3.0,45.0,Weak,Watchlist only,26,8.8,-9.3,5.5,52.4,1,,Technology,16304957.0,137034.66
AATV,Adaptive Ad Systems Inc,0.13,18,4,7,14,6,4,5,58,-13.0,45.0,Weak,Watchlist only,60,0.0,21.5,7.5,95.1,2,,Communication Services,5305056.0,6993.96
AGTEF,AGTech Holdings Limited,0.161,17,4,8,12,6,6,5,58,-13.0,45.0,Weak,Watchlist only,65,0.0,0.0,13.1,98.9,0,,Consumer Cyclical,1848829696.0,5249.08
CSBI,Carroll Shelby International Inc,0.181,10,8,11,7,4,4,2,46,-4.0,45.0,Weak,Watchlist only,57,0.0,0.0,0.1,66.9,1,,Consumer Cyclical,860482752.0,2575.04
NOMNF,CANEX Metals Inc,0.21,11,5,2,14,3,3,5,43,2.0,45.0,Weak,Watchlist only,51,-4.5,16.7,12.3,56.0,2,,Basic Materials,55594524.0,15903.78
TARSF,Alianza Minerals Ltd,0.202,13,7,5,8,7,7,5,52,-5.0,45.0,Weak,Watchlist only,45,3.6,0.5,5.4,59.5,1,,Basic Materials,21931512.0,113021.8
SATT,Sativus Tech Corp,0.2,15,8,6,13,6,6,5,59,-14.0,45.0,Weak,Watchlist only,65,32.4,0.0,18.6,64.9,1,,Technology,843114.0,485.73
FOMTF,Formation Metals Inc.,0.242,9,12,5,11,6,0,5,48,-3.0,45.0,Weak,Watchlist only,34,-3.1,6.2,4.0,56.9,0,,nan,nan,132305.91
USAQ,USA Equities Corp,0.325,6,10,5,9,4,4,2,40,2.0,45.0,Weak,Watchlist only,27,-7.1,-7.1,-0.3,49.4,0,,Healthcare,4885656.0,6037.31
ENQUF,EnQuest PLC,0.36,17,5,6,9,3,2,5,47,-2.0,45.0,Weak,Watchlist only,49,-2.7,12.5,4.3,67.1,2,,Energy,734837248.0,0.0
BMLQF,Boab Metals Ltd,0.384,15,4,7,15,3,5,5,54,-7.0,45.0,Weak,Watchlist only,63,9.8,9.9,11.1,68.2,2,,Basic Materials,230541696.0,23304.61
CTXXF,CEMATRIX Corporation,0.352,7,11,7,11,4,0,2,42,0.0,45.0,Weak,Watchlist only,33,1.1,-0.8,-0.5,48.4,0,,Basic Materials,53213148.0,63032.66
SPRMF,Spartan Metals Corp.,0.42,14,14,10,10,5,3,3,59,-10.0,45.0,Weak,Watchlist only,42,0.1,1.0,2.8,53.8,1,,Basic Materials,21197902.0,0.0
THGPF,THG Plc,0.469,10,6,11,9,3,6,2,47,-5.0,45.0,Weak,Watchlist only,48,0.0,0.0,0.0,72.2,1,,Consumer Cyclical,743758592.0,75.0
BBBXF,Brixton Metals Corporation,0.49,9,11,9,7,7,0,2,45,-5.0,45.0,Weak,🔥 COILED: Watchlist only,39,-3.9,5.6,0.3,50.6,1,,Basic Materials,36063464.0,107392.77
WARAF,Waraba Gold Limited,0.5,12,8,11,9,3,4,2,49,-7.0,45.0,Weak,Watchlist only,57,0.0,0.0,0.0,66.7,1,,Basic Materials,27892156.0,97.21
CHPFF,Charoen Pokphand Foods Public Company Limited,0.69,15,6,12,10,6,2,2,53,-13.0,45.0,Weak,🔥 COILED: Watchlist only,52,0.0,0.0,0.8,94.6,0,,Consumer Defensive,5860724224.0,0.0
DUO,Fangdd Network Group Ltd,0.698,12,8,6,12,4,1,5,48,-1.0,45.0,Weak,Watchlist only,23,2.2,7.7,5.9,57.4,1,,Real Estate,26980032.0,149047.48
MARZF,Marston's PLC,0.71,8,4,6,10,6,6,2,42,0.0,45.0,Weak,Watchlist only,48,0.0,2.0,0.4,59.8,0,,Consumer Cyclical,449397408.0,2800.0
MOBQ,Mobiquity Technologies Inc,0.77,8,9,7,11,7,2,3,47,-5.0,45.0,Weak,🔥 COILED: Watchlist only,27,11.6,-4.9,0.1,50.1,1,,Communication Services,23954852.0,58402.8
AZREF,Azure Power Global Limited,1.0,12,6,11,11,6,1,2,49,-5.0,45.0,Weak,🔥 COILED: Watchlist only,45,0.0,0.0,0.1,51.7,1,,Utilities,64166360.0,8245.84
SLVNF,Solvonis Therapeutics plc,0.005,17,11,6,15,4,2,5,60,-11.2,44.8,Weak,Watchlist only,0,0.0,128.6,67.4,57.1,2,,Healthcare,nan,0.0
ANTMF,Antilles Gold Limited,0.012,15,12,7,15,4,2,5,60,-20.5,44.5,Weak,Watchlist only,49,30.8,58.7,35.1,64.4,2,,Basic Materials,26462284.0,107900.72
BNTRF,Benton Resources Inc,0.07,14,12,4,9,6,5,5,55,-10.5,44.5,Weak,Watchlist only,65,59.1,18.6,29.1,59.7,2,10,Basic Materials,15624979.0,28135.29
INKW,Greene Concepts Inc,0.01,14,3,5,13,6,4,5,50,-5.8,44.2,Weak,Watchlist only,61,0.0,5.3,21.7,60.5,0,,Consumer Defensive,376258.0,298474.31
THORF,Thor Mining PLC,0.009,12,5,9,9,4,0,5,44,-3.0,44.0,Weak,Watchlist only,59,1.1,1.1,8.3,53.4,1,,Basic Materials,10403092.0,82013.73
RMSL,REMSleep Holdings Inc,0.002,16,12,7,15,4,5,5,64,-18,44,Weak,Watchlist only,29,60.0,84.6,37.8,63.6,3,11,Healthcare,3653181.0,4610755.92
DTGI,Digerati Technologies Inc,0.005,8,5,8,11,4,2,5,43,-2.0,44.0,Weak,Watchlist only,23,6.7,6.7,4.2,52.5,0,,Communication Services,3189416.0,712889.5
NSTM,Hollywood Media Co,0.01,8,4,10,9,3,1,2,37,2.0,44.0,Weak,🔥 COILED: Watchlist only,26,0.0,0.0,-0.1,47.2,0,,Healthcare,419325.0,15633.19
ATIXF,AnalytixInsight Inc,0.002,11,10,10,8,3,0,5,47,-3.0,44.0,Weak,Watchlist only,24,10.0,10.0,10.2,70.5,2,,Technology,243373.0,7182.02
AFFY,Affymax Inc.,0.002,14,4,6,11,4,0,5,44,0.0,44.0,Weak,Watchlist only,54,0.0,0.0,12.1,59.7,0,,Healthcare,59984.0,3996.93
ASKE,Alaska Pacific Energy Corp,0.007,7,11,2,8,3,4,5,40,4.0,44.0,Weak,Watchlist only,43,16.7,-49.3,-9.7,47.7,1,,Communication Services,51372.0,9009.08
SOFE,Carepay Holdings Inc,0.002,10,7,11,8,4,2,2,44,0.0,44.0,Weak,Watchlist only,51,0.0,0.0,0.0,59.5,0,,Healthcare,45302.0,1182.39
RHCO,Readen Holding Corp,0.019,13,6,7,9,5,1,5,46,-5.0,44.0,Weak,Watchlist only,31,0.0,0.0,3.2,58.1,1,,Financial Services,5899105.0,8340.5
CVHL,Cv Holdings Inc,0.02,19,6,5,12,6,9,2,59,-15.0,44.0,Weak,Watchlist only,62,30.1,-0.5,8.2,57.7,1,,Financial Services,1281835.0,17976.27
FLMTF,Full Metal Minerals Ltd,0.02,11,7,10,9,3,1,5,46,-2.0,44.0,Weak,Watchlist only,34,0.0,0.0,5.6,67.5,0,,Basic Materials,1186249.0,1290.93
CWPWF,Concord New Energy Group Limited,0.03,8,6,10,10,3,2,2,41,0.0,44.0,Weak,Watchlist only,32,0.0,0.0,-0.0,17.2,0,,Utilities,327818368.0,0.0
VULC,Vulcan International Corporation,0.03,15,6,12,9,6,2,2,52,-13.0,44.0,Weak,🔥 COILED: Watchlist only,51,0.0,0.0,1.5,100.0,0,,Basic Materials,169387728.0,364.33
TRUFF,Red Light Holland Corp,0.022,7,12,7,9,3,2,2,42,-3.0,44.0,Weak,🔥 COILED: Watchlist only,34,4.8,-8.3,0.1,49.5,2,,Healthcare,12896619.0,215421.72
RKMSF,Rokmaster Resources Corp,0.03,4,9,8,8,8,2,3,42,2.0,44.0,Weak,Watchlist only,45,3.4,0.0,1.6,51.2,1,,Basic Materials,5360567.0,28086.0
RWGI,Rodedawg International Industries Inc,0.028,14,8,8,10,7,4,5,56,-12.0,44.0,Weak,Watchlist only,69,0.0,9.8,12.1,65.6,1,,Consumer Cyclical,3770958.0,189204.72
EUDAW,EUDA Health Holdings Limited,0.03,12,9,10,7,5,3,5,51,-12.0,44.0,Weak,🔥 COILED: Watchlist only,32,36.1,0.0,5.7,52.4,0,,nan,nan,35970.5
AAM,AA Mission Acquisition Corp.,0.037,12,6,4,12,3,2,5,44,0.0,44.0,Weak,Watchlist only,30,-7.5,-5.1,-3.6,46.5,0,,Financial Services,468762848.0,570427.88
TRRE,Terra Energy Res,0.04,12,3,6,12,6,0,2,41,0.0,44.0,Weak,Watchlist only,54,-11.1,0.0,-0.6,49.9,0,,Real Estate,14875703.0,4526.19
SOUTF,Southern Cross Media Group Limited,0.057,13,10,12,11,5,6,5,62,-18.0,44.0,Weak,Watchlist only,52,5.0,13.2,7.4,56.8,3,,Energy,20730030.0,0.0
OSCI,Osceola Gold Inc,0.07,4,8,7,13,4,3,2,41,0.0,44.0,Weak,Watchlist only,27,14.8,7.7,1.2,49.9,0,,Basic Materials,27206206.0,111624.13
CBBLF,CBLT Inc,0.08,17,4,7,12,6,6,5,57,-13.0,44.0,Weak,Watchlist only,59,0.0,0.0,16.3,99.6,0,,Basic Materials,6174165.0,1346.48
BTCWF,Bluesky Digital Assets Corp,0.08,12,6,11,9,3,6,2,49,-8.0,44.0,Weak,Watchlist only,48,0.0,0.0,0.0,75.0,1,,Financial Services,5707521.0,33873.5
SMTLF,GCL New Energy Holdings Limited,0.117,13,4,10,7,6,2,2,44,-5.0,44.0,Weak,🔥 COILED: Watchlist only,49,0.0,0.0,0.1,57.0,1,,Utilities,208068928.0,23.96
EGPLF,Eagle Plains Resources Ltd,0.138,13,6,7,9,1,3,4,43,0.0,44.0,Weak,Watchlist only,43,-1.1,-1.1,1.5,53.3,0,,Basic Materials,16197432.0,72630.95
TBRDF,Thunderbird Minerals Corp.,0.12,15,5,7,12,6,2,5,52,-8.0,44.0,Weak,Watchlist only,65,0.0,0.0,3.9,76.0,1,,Basic Materials,6228014.0,106.23
CLIFF,Cordlife Group Limited,0.15,13,4,10,9,4,2,2,44,-5.0,44.0,Weak,🔥 COILED: Watchlist only,38,0.0,0.0,0.3,56.1,1,,Healthcare,38569188.0,199.85
TAJIF,Tajiri Resources Corp,0.15,13,9,4,8,6,5,2,47,-3.0,44.0,Weak,Watchlist only,51,-3.0,-3.0,6.1,59.3,1,,Basic Materials,34568500.0,6206.88
SLNFF,Solution Financial Inc,0.197,13,4,8,10,4,2,3,44,-3.0,44.0,Weak,Watchlist only,32,0.0,0.0,0.5,77.3,0,,Consumer Cyclical,16363295.0,4845.0
VEXTF,Vext Science Inc,0.203,11,5,5,15,5,3,5,49,-5.0,44.0,Weak,Watchlist only,53,1.6,5.4,4.3,57.5,1,,Healthcare,50804712.0,34958.21
SPOFF,Goldspot Discoveries Corp,0.22,13,5,5,10,3,3,5,44,0.0,44.0,Weak,Watchlist only,34,-2.7,1.4,1.2,52.9,0,,Technology,32448960.0,170698.96
WHYRF,West High Yield (W.H.Y.) Resources Ltd,0.22,13,7,9,7,5,2,4,47,-3.0,44.0,Weak,Watchlist only,27,10.0,10.0,4.2,56.0,2,,Basic Materials,26584534.0,5252.5
SCCFF,Strategic Resources Inc,0.205,10,7,10,7,4,1,2,41,-5.0,44.0,Weak,🔥 COILED: Watchlist only,24,0.0,0.0,0.1,51.6,1,,Basic Materials,12100739.0,850.55
NHAWF,North Arrow Minerals Inc,0.209,17,8,3,10,8,7,5,58,-19.0,44.0,Weak,Watchlist only,33,22.7,11.1,12.5,66.9,3,,Basic Materials,9370631.0,2773.28
AUHIF,Advance United Holdings Inc,0.234,13,7,12,7,3,2,2,46,-7.0,44.0,Weak,🔥 COILED: Watchlist only,42,0.0,0.0,2.3,64.9,1,,Basic Materials,5511220.0,558.02
MWCAF,Matachewan Consolidated Mines Limited,0.24,8,6,7,7,3,1,5,37,2.0,44.0,Weak,🔥 COILED: Watchlist only,30,0.0,0.0,3.2,55.9,0,,Energy,3274806.0,126.68
SHHGF,"Shenwan Hongyuan Group Co., Ltd.",0.26,9,6,10,9,3,2,2,41,0.0,44.0,Weak,Watchlist only,39,0.0,0.0,-0.0,30.3,0,,Financial Services,6510385152.0,25.0
XRXDW,Xerox Holdings Corporation Warrants,0.298,14,10,9,6,3,3,2,47,-6.0,44.0,Weak,🔥 COILED: Watchlist only,0,0.8,-0.6,0.2,50.8,0,,nan,nan,0.0
FERAR,Fifth Era Acquisition Corp I Rights,0.31,12,13,5,11,4,4,2,51,-8.0,44.0,Weak,Watchlist only,52,-3.1,3.8,4.3,53.5,1,,nan,nan,0.0
AUDYF,Ausnutria Dairy Corporation Ltd,0.36,12,6,10,7,0,2,2,39,0.0,44.0,Weak,🔥 COILED: Watchlist only,51,0.0,0.0,0.0,50.0,0,,Consumer Defensive,639220288.0,3.43
HSCT,Hoops Scouting USA,0.39,15,6,11,10,6,2,2,52,-13.0,44.0,Weak,🔥 COILED: Watchlist only,61,0.0,0.0,13.1,100.0,0,,Communication Services,39487500.0,77.58
SVMLF,Sovereign Metals Limited,0.4,13,11,8,14,4,2,5,57,-11.0,44.0,Weak,Watchlist only,34,4.5,5.1,4.7,57.0,1,,Basic Materials,262424144.0,138492.32
TSMCF,Tesmec S.p.A.,0.516,14,10,7,10,6,0,5,52,-6.0,44.0,Weak,Watchlist only,61,8.1,6.6,13.4,58.7,1,,Industrials,282821728.0,23109.19
TCLIF,Theraclion SA,0.532,12,6,11,8,3,2,2,44,-5.0,44.0,Weak,🔥 COILED: Watchlist only,50,0.0,0.0,0.0,50.0,1,,Healthcare,39110928.0,6.5
HWAIF,Healwell AI Inc.,0.58,10,11,5,11,4,2,5,48,-4.0,44.0,Weak,Watchlist only,29,2.3,9.4,8.1,62.5,2,,Healthcare,187234560.0,120203.9
TOON,"Kartoon Studios, Inc.",0.642,5,6,6,14,4,4,5,44,0.0,44.0,Weak,Watchlist only,37,-1.3,-0.7,1.3,51.7,0,,Communication Services,40339364.0,692338.13
VNPKF,Verde Agritech Ltd.,0.615,15,8,9,12,8,4,2,58,-14.0,44.0,Weak,Watchlist only,42,5.2,5.7,4.6,60.9,1,,Basic Materials,33414686.0,21205.46
ISRMF,iShares MSCI,0.66,7,6,11,8,3,2,2,39,0.0,44.0,Weak,🔥 COILED: Watchlist only,41,0.0,0.0,0.0,50.0,0,,Energy,1718087552.0,175.0
GTCDF,Getty Copper Inc,0.721,13,12,8,14,6,7,5,65,-19.0,44.0,Weak,Watchlist only,0,12.9,12.8,12.6,60.7,3,,Basic Materials,51565592.0,0.0
COCH,Envoy Medical Inc.,0.731,12,5,5,12,5,0,5,44,-5.0,44.0,Weak,🔥 COILED: Watchlist only,48,-2.5,-2.0,0.2,51.6,1,,Healthcare,56815220.0,448173.12
WEGYF,Westbridge Energy Corporation,0.7,12,6,5,14,3,1,5,46,-5.0,44.0,Weak,Watchlist only,24,-4.9,-0.2,1.1,54.0,1,,Utilities,18421898.0,1444.04
ACBD,Annabidiol Corp,0.84,12,6,11,8,3,2,2,44,-3.0,44.0,Weak,Watchlist only,50,0.0,0.0,0.0,78.5,0,,Financial Services,33317762.0,7.12
KITAF,Kitanotatsujin Corporation,0.97,7,6,11,8,3,2,2,39,0.0,44.0,Weak,🔥 COILED: Watchlist only,38,0.0,0.0,0.0,50.0,0,,Consumer Defensive,135308688.0,1.5
POM,POMDOCTOR LIMITED American Depositary Shares,0.95,12,9,5,15,5,5,5,56,-12.0,44.0,Weak,Watchlist only,50,-6.9,-6.9,1.3,51.3,1,,Healthcare,7605103.0,3190779.63
CILXX,Western Asset Institutional Liquid Reserves Ltd.,1.0,14,9,10,6,4,2,2,47,-8.0,44.0,Weak,🔥 COILED: Watchlist only,44,0.0,0.0,0.0,59.5,0,,nan,nan,0.0
PUCCF,Pancontinental Resources Corporation,0.098,15,11,3,15,8,7,5,64,-20.2,43.8,Weak,Watchlist only,54,17.9,29.6,21.9,61.7,3,,Basic Materials,7536356.0,32887.29
RMRDF,Radisson Mining Resources Inc,0.904,18,5,5,16,3,7,5,59,-15.2,43.8,Weak,Watchlist only,63,29.1,40.8,22.3,74.9,2,,Basic Materials,420122560.0,529421.41
PKLE,"PickleJar Entertainment Group, Inc.",0.016,11,8,6,13,5,7,5,55,-12.5,43.5,Weak,Watchlist only,64,23.1,81.8,38.6,66.4,2,,Technology,2305831.0,248718.0
SAMMF,Sama Resources Inc,0.08,17,4,5,14,6,9,5,60,-16.8,43.2,Weak,Watchlist only,66,6.3,59.4,27.6,94.4,2,,Basic Materials,18484832.0,4033.65
PLLWF,Polarean Imaging plc,0.007,9,8,11,7,3,2,2,42,-2.0,43.0,Weak,Watchlist only,47,0.0,0.0,0.0,69.6,0,,Healthcare,7966416.0,2675.47
TWOH,Two Hands Corp,0.001,5,12,8,14,3,2,2,46,-1.0,43.0,Weak,Watchlist only,19,10.0,10.0,0.4,47.8,2,,Consumer Defensive,6927972.0,29321789.5
NWIFF,Nuinsco Resources Limited,0.005,11,5,7,10,3,2,5,43,0.0,43.0,Weak,Watchlist only,39,-19.7,6.0,13.1,56.3,0,,Basic Materials,4455076.0,52649.48
TGIFF,1933 Industries Inc,0.006,12,14,1,14,6,0,5,52,-5.0,43.0,Weak,Watchlist only,52,-1.7,3.6,14.0,54.2,0,,Healthcare,3280808.0,90605.11
POTRF,SOPerior Fertilizer Corp,0.001,7,6,11,7,3,2,2,38,0.0,43.0,Weak,🔥 COILED: Watchlist only,36,0.0,0.0,0.0,50.0,0,,Basic Materials,948950.0,1400.0
WLDPF,Wildpack Beverage Inc,0.005,9,8,11,7,3,1,2,41,-3.0,43.0,Weak,🔥 COILED: Watchlist only,36,0.0,0.0,0.2,48.0,1,,Industrials,500918.0,7585.67
AIZZ,"AI Music Distribution, Inc.",0.007,6,11,2,8,3,4,5,39,4.0,43.0,Weak,Watchlist only,42,16.7,-49.3,-6.3,48.5,1,,Communication Services,59935.0,7474.08
ASKED,"AI Music Distribution, Inc.",0.007,6,11,2,8,3,4,5,39,4.0,43.0,Weak,Watchlist only,42,16.7,-49.3,-6.3,48.5,1,,Communication Services,34248.0,7474.08
YGMZF,MingZhu Logistics Holdings Ltd,0.004,9,8,4,15,3,4,5,48,-3.0,43.0,Weak,Watchlist only,27,-12.5,16.7,3.6,51.7,2,,Industrials,14987.0,3116398.86
SNAVF,Star Navigation Systems Group Ltd,0.014,16,5,2,9,3,3,5,43,0.0,43.0,Weak,Watchlist only,63,-8.3,27.7,7.2,55.5,2,,Industrials,24120106.0,24331.82
AISXF,Aisix Solutions Inc.,0.012,10,7,11,10,3,4,2,47,-7.0,43.0,Weak,Watchlist only,43,0.0,0.0,0.0,60.4,1,,Technology,2154710.0,40866.67
FRSAF,First Au Limited,0.012,7,6,11,7,3,2,2,38,0.0,43.0,Weak,🔥 COILED: Watchlist only,42,0.0,0.0,0.0,50.0,0,,Basic Materials,1881740.0,32.0
BZFDW,BuzzFeed,0.017,7,10,4,9,3,6,5,44,-1.0,43.0,Weak,Watchlist only,37,4.2,28.9,1.5,49.7,2,,nan,nan,40611.29
MEOAF,Melbana Energy Limited,0.024,8,6,10,9,3,2,2,40,0.0,43.0,Weak,Watchlist only,36,0.0,0.0,-0.0,18.1,0,,Energy,91712752.0,2282.0
EELFF,ENRG Elements Limited,0.028,15,6,12,8,6,2,2,51,-13.0,43.0,Weak,🔥 COILED: Watchlist only,50,0.0,0.0,2.9,100.0,0,,Basic Materials,7392948.0,297.26
AZURF,Azincourt Uranium Inc,0.027,6,13,9,9,3,4,2,46,-3.0,43.0,Weak,Watchlist only,24,1.9,-4.9,0.5,48.4,2,,Energy,4127228.0,27171.67
EWISF,Earthwise Minerals Corp.,0.03,8,8,3,10,3,6,5,43,-3.0,43.0,Weak,Watchlist only,35,21.8,-8.1,4.1,50.6,1,,Basic Materials,1948568.0,25446.4
OIGLF,Chariot Oil & Gas Limited,0.04,18,7,8,16,7,6,5,67,-24,43,Weak,Watchlist only,56,300.0,300.0,132.5,81.6,2,6,Energy,114694624.0,133198.5
BCBC,Bitcoin Bancorp,0.05,13,14,6,8,4,5,3,53,-11.0,43.0,Weak,Watchlist only,37,23.4,21.0,13.6,55.3,3,,Technology,20691910.0,34968.99
PREM,Premier Community Bankshares Inc,0.06,17,10,3,15,5,3,5,58,-13.0,43.0,Weak,Watchlist only,53,42.9,-4.8,12.0,53.3,2,,Industrials,2033818.0,41685.28
DPAT,Dental Patient Care America Inc,0.042,9,6,10,11,4,3,2,45,-5.0,43.0,Weak,Watchlist only,30,0.0,0.0,-0.5,19.1,1,,Healthcare,1010028.0,8625.93
WSRRF,Harrys Manufacturing Inc,0.055,6,4,10,7,6,3,2,38,0.0,43.0,Weak,🔥 COILED: Watchlist only,45,0.0,0.0,-0.0,49.8,0,,Consumer Defensive,6537166.0,1071.49
CLGPF,Clean Seed Capital Group Ltd,0.051,14,6,8,9,6,1,3,47,-7.0,43.0,Weak,Watchlist only,25,0.0,0.0,0.6,69.0,1,,Industrials,6303649.0,3500.41
BLPG,Blue Line Protection Group Inc,0.055,4,10,7,7,3,2,5,38,2.0,43.0,Weak,Watchlist only,44,7.8,-8.3,1.7,50.8,1,,Industrials,453757.0,10931.3
SJRNF,ArcWest Exploration Inc,0.061,10,4,6,9,6,1,2,38,0.0,43.0,Weak,🔥 COILED: Watchlist only,30,-3.8,0.0,0.9,53.0,0,,Basic Materials,5093909.0,8763.83
ERNAW,Ernexa Therapeutics Inc. Warrants,0.078,15,10,11,13,3,2,5,59,-16.0,43.0,Weak,Watchlist only,41,49.7,56.0,35.0,56.5,2,,nan,nan,0.0
MOBXW,Mobix Labs Inc,0.081,6,11,8,12,3,4,2,46,-3.0,43.0,Weak,Watchlist only,21,-5.5,1.5,-2.7,48.0,0,,nan,nan,34500.49
FFUCF,F4 Uranium Corp.,0.085,11,14,8,2,3,6,2,46,-8.0,43.0,Weak,🔥 COILED: Watchlist only,46,6.2,9.4,4.4,52.8,1,,nan,nan,128034.12
QGLHF,Qingling Motors Co. Ltd,0.11,7,6,11,7,3,2,2,38,0.0,43.0,Weak,🔥 COILED: Watchlist only,45,0.0,0.0,0.0,50.0,0,,Consumer Cyclical,273049504.0,70.0
NIHL,New Infinity Holdings Ltd,0.1,10,3,8,13,3,1,5,43,-5.0,43.0,Weak,🔥 COILED: Watchlist only,55,0.0,0.0,0.9,56.4,1,,Consumer Cyclical,56890528.0,5610.18
TNREF,Taranis Resources Inc,0.11,14,12,10,10,4,7,5,62,-17.0,43.0,Weak,Watchlist only,36,10.0,10.0,13.5,63.4,3,,Basic Materials,10655130.0,0.0
ZZZOF,Zinc One Resources Inc,0.12,11,7,6,11,3,5,2,45,-5.0,43.0,Weak,Watchlist only,46,0.0,0.8,0.2,55.3,1,,Basic Materials,232748.0,9.77
APPCF,APAC Resources Limited,0.189,11,6,9,8,3,1,2,40,0.0,43.0,Weak,Watchlist only,10,0.0,0.0,-0.4,31.2,0,,Financial Services,339654976.0,0.0
VBIZF,Viva Biotech Holdings,0.192,14,5,6,13,4,9,5,56,-13.0,43.0,Weak,Watchlist only,34,11.2,11.2,10.5,88.5,2,,Healthcare,395622368.0,485.29
HYTNF,HYTN Innovations Inc.,0.154,15,6,3,10,4,3,2,43,-5.0,43.0,Weak,🔥 COILED: Watchlist only,32,0.0,-5.2,6.3,53.2,1,,Consumer Defensive,14748205.0,57.26
SRSLF,Sorrento Resources Ltd.,0.181,13,7,7,10,4,1,5,47,-7.0,43.0,Weak,Watchlist only,43,0.0,0.0,5.1,70.0,1,,Basic Materials,11093112.0,351.67
AQIA,AQIA,0.15,11,7,12,9,4,1,2,46,-8.0,43.0,Weak,🔥 COILED: Watchlist only,46,0.0,0.0,1.9,71.0,1,,Technology,8794413.0,97.5
PFSMF,Perfect Medical Health Management Limited,0.24,8,6,10,9,3,2,2,40,0.0,43.0,Weak,Watchlist only,35,0.0,0.0,-0.0,38.2,0,,Healthcare,301613088.0,0.5
TLGRF,Talga Group Ltd,0.22,13,15,9,9,6,2,2,56,-13.0,43.0,Weak,Watchlist only,44,6.8,4.8,4.4,55.4,1,,Basic Materials,109338336.0,46151.01
SLCVF,"Sitios LatinoamÃ©rica, S.A.B. de C.V.",0.26,10,7,11,6,6,1,2,43,-8.0,43.0,Weak,🔥 COILED: Watchlist only,25,0.0,0.0,0.0,52.7,0,,Industrials,1237088896.0,619.65
RDFEF,Brookside Energy Ltd,0.284,10,7,3,10,4,2,2,38,2.0,43.0,Weak,Watchlist only,19,1.6,23.1,1.3,50.6,2,,Energy,26904238.0,3389.0
WRLRF,WRLRF,0.255,12,17,8,5,3,3,5,53,-13.0,43.0,Weak,Watchlist only,48,21.4,2.0,14.3,54.6,0,,nan,nan,0.0
GRAPF,First Canadian Graphite Inc.,0.322,12,10,5,8,3,3,5,46,-1.0,43.0,Weak,Watchlist only,65,11.0,-5.2,6.8,55.5,2,,Basic Materials,14199252.0,32502.06
CGNWF,CGN Power Co. Ltd,0.355,7,6,11,7,3,2,2,38,0.0,43.0,Weak,🔥 COILED: Watchlist only,41,0.0,0.0,0.0,50.0,0,,Utilities,17927006208.0,5.0
CGNMF,CGN Mining Company Limited,0.372,16,5,5,9,3,2,5,45,-2.0,43.0,Weak,Watchlist only,26,24.2,24.2,9.6,61.4,2,,Energy,2831254272.0,0.0
SHWGF,Shandong Weigao Group Medical Polymer Company Limited,0.43,15,6,4,7,4,2,2,40,0.0,43.0,Weak,Watchlist only,0,-2.3,2.4,0.5,51.3,0,,Healthcare,1911514368.0,0.0
HHSSF,Huishang Bank Corporation Limited,0.416,7,6,11,7,3,2,2,38,0.0,43.0,Weak,🔥 COILED: Watchlist only,40,0.0,0.0,0.0,50.0,0,,Financial Services,5785102336.0,110.0
AIRDF,Rocket Doctor AI Inc.,0.439,12,13,9,5,5,4,4,52,-15.0,43.0,Weak,🔥 COILED: Watchlist only,35,0.2,0.6,1.1,52.4,1,,Healthcare,41587240.0,50316.79
MHUBF,Minehub Technologies Inc,0.426,14,14,5,13,5,0,5,56,-13.0,43.0,Weak,Watchlist only,42,6.5,6.5,10.5,59.2,1,,Technology,39586692.0,128432.66
GCDT,Green Circle Decarbonize Technology Limited,0.424,4,16,6,9,4,2,5,46,-1.0,43.0,Weak,Watchlist only,23,9.8,-17.3,-2.1,46.4,1,,Industrials,5368875.0,0.0
CNPPF,China Overseas Property Holdings Limited,0.481,18,6,8,7,0,1,5,45,-2.0,43.0,Weak,Watchlist only,0,0.0,0.0,2.9,66.0,0,,Real Estate,1578271488.0,0.0
GRUSF,Grown Rogue International Inc,0.462,15,5,5,15,5,3,5,53,-8.0,43.0,Weak,Watchlist only,56,5.0,-1.7,1.7,53.8,1,,Healthcare,114971928.0,197747.4
BLPTF,Buffalo Potash Corp.,0.536,15,3,7,11,6,1,5,48,-5.0,43.0,Weak,Watchlist only,0,-9.3,-2.0,0.3,53.9,1,,Basic Materials,43695188.0,0.0
CVWFF,CVW CleanTech Inc,0.57,8,5,5,10,3,4,5,40,0.0,43.0,Weak,Watchlist only,16,5.6,-5.0,-0.9,45.5,0,,Basic Materials,164678000.0,5516.5
AAGAF,Silver47 Exploration Corp.,0.573,15,6,7,16,7,3,5,59,-16.0,43.0,Weak,Watchlist only,58,16.9,22.4,13.3,71.6,2,,nan,nan,448869.24
OILRF,Oil Refineries Ltd,0.638,14,7,7,11,6,0,3,48,-10.0,43.0,Weak,🔥 COILED: Watchlist only,54,-1.8,-0.3,2.9,52.4,0,,Energy,2189283584.0,0.0
IMTCF,Intrepid Metals Corp.,0.646,18,11,9,10,5,6,5,64,-21.0,43.0,Weak,Watchlist only,63,9.4,9.4,10.2,65.9,2,,Basic Materials,72261776.0,75472.48
DXLG,Destination XL Group Inc,0.621,8,6,6,11,3,5,5,44,-5.0,43.0,Weak,Watchlist only,36,0.1,3.5,1.2,51.3,1,,Consumer Cyclical,34269316.0,146968.9
CHOW,ChowChow Cloud International Holdings Limited,0.64,16,10,5,9,8,7,5,60,-22,43,Weak,Watchlist only,55,68.4,45.8,57.2,77.0,3,8,Technology,13486200.0,6841193.06
BRWC,Birdie Win Corporation,0.737,9,6,4,14,3,7,5,48,-3.0,43.0,Weak,Watchlist only,43,-18.1,34.0,4.6,56.3,2,,Consumer Defensive,4952707.0,16117.15
DGIX,Dyna Group International Inc,0.84,15,6,11,7,6,4,2,51,-13.0,43.0,Weak,🔥 COILED: Watchlist only,57,0.0,0.0,0.1,100.0,0,,Consumer Cyclical,12207975.0,457.0
GGDVF,Guangdong Investment Limited,0.88,10,7,11,7,3,2,2,42,-2.0,43.0,Weak,Watchlist only,53,0.0,0.0,0.0,64.0,0,,Utilities,6265193984.0,0.0
RANI,Rani Therapeutics Holdings Inc,0.854,11,9,8,12,5,4,4,53,-8.0,43.0,Weak,Watchlist only,44,0.4,7.0,2.7,54.5,1,,Healthcare,118233128.0,1327325.25
CRFCF,Card Factory plc,0.913,9,7,9,9,3,4,2,43,-3.0,43.0,Weak,Watchlist only,40,0.0,0.0,0.0,70.9,0,,Consumer Cyclical,305838784.0,1383.08
DHSBF,Dah Sing Banking Group Ltd,1.0,7,6,11,7,3,2,2,38,0.0,43.0,Weak,🔥 COILED: Watchlist only,39,0.0,0.0,0.0,50.0,0,,Financial Services,1405752192.0,0.4
ASAGF,Australian Agricultural Company Ltd,0.96,14,6,14,10,4,2,3,53,-13.0,43.0,Weak,Watchlist only,63,0.0,1.1,0.7,85.1,0,,Consumer Defensive,578656064.0,2709.84
SJ,Scienjoy Holding Corp,0.98,8,5,6,12,5,5,2,43,-3.0,43.0,Weak,Watchlist only,45,4.6,6.5,3.5,54.9,1,,Communication Services,42462768.0,55749.24
TRAGF,TeraGo Inc,1.0,14,6,11,7,4,2,2,46,-8.0,43.0,Weak,🔥 COILED: Watchlist only,52,0.0,0.0,0.4,73.7,1,,Communication Services,39035620.0,171.66
EUUNF,Azarga Metals Corp,0.142,17,11,4,9,6,11,5,63,-20.2,42.8,Weak,Watchlist only,68,29.8,30.5,23.1,61.8,3,,Basic Materials,12879361.0,0.0
SAHRF,Sahara Energy Ltd,0.006,9,6,11,7,0,2,2,37,0.0,42.0,Weak,🔥 COILED: Watchlist only,47,0.0,0.0,0.0,50.0,0,,Energy,18586170.0,74.58
PXCLF,Phoenix Copper Limited,0.011,12,5,8,10,3,1,5,44,-7.0,42.0,Weak,🔥 COILED: Watchlist only,32,0.0,0.0,9.9,60.6,1,,Basic Materials,3110347.0,27730.24
ENEVF,Enerev5 Metals Inc,0.007,10,10,3,11,3,3,5,45,-8.0,42.0,Weak,Watchlist only,43,32.0,6.5,3.4,51.5,0,,Industrials,2230129.0,16044.44
ZHUD,Zhuding International Ltd,0.01,9,8,6,11,7,4,2,47,-3.0,42.0,Weak,Watchlist only,55,14.3,2.1,0.6,51.2,0,,Financial Services,1538274.0,152729.74
WPUR,WaterPure International Inc,0.004,8,10,1,11,6,2,5,43,-1.0,42.0,Weak,Watchlist only,54,-8.2,-31.8,-21.7,44.3,1,,Industrials,1444713.0,284065.29
FEXXF,Fjordland Exploration Inc,0.01,13,6,12,7,4,6,2,50,-13.0,42.0,Weak,🔥 COILED: Watchlist only,43,0.0,0.0,9.9,89.9,0,,Basic Materials,829355.0,320.08
VSOLF,Three Sixty Solar Ltd.,0.01,12,6,10,7,3,2,2,42,-5.0,42.0,Weak,🔥 COILED: Watchlist only,54,0.0,0.0,0.1,50.0,1,,Technology,460711.0,710.5
TMXN,Trimax Corp,0.002,10,5,8,10,1,0,5,39,0.0,42.0,Weak,Watchlist only,13,-6.2,7.1,1.2,51.2,0,,Consumer Defensive,394929.0,55262.97
TGTMF,Targeted Microwave Solutions Inc,0.001,8,4,10,8,3,2,2,37,0.0,42.0,Weak,🔥 COILED: Watchlist only,34,0.0,0.0,-0.0,48.1,0,,Industrials,128024.0,1451.5
HTHL,Humitech International Group Inc,0.002,12,6,11,7,3,6,2,47,-8.0,42.0,Weak,Watchlist only,43,0.0,0.0,0.0,77.8,1,,Industrials,9678.0,12.15
DRRLF,DRRLF,0.012,12,7,11,6,1,5,2,44,-10.0,42.0,Weak,🔥 COILED: Watchlist only,41,0.0,0.0,0.1,54.9,0,,nan,62603520.0,1096.12
DRCR,Dear Cashmere Holding Company,0.013,13,11,5,9,4,4,4,50,-8.0,42.0,Weak,Watchlist only,53,4.0,11.1,7.2,54.3,2,,Technology,704207.0,98577.66
EELFD,Barys Resources Ltd,0.028,15,6,11,8,6,2,2,50,-13.0,42.0,Weak,🔥 COILED: Watchlist only,48,0.0,0.0,2.9,100.0,0,,Basic Materials,7392948.0,147.26
ETER,Enterra Corporation,0.03,7,4,11,8,3,2,2,37,0.0,42.0,Weak,🔥 COILED: Watchlist only,40,0.0,0.0,0.0,51.6,0,,Financial Services,3219767.0,101.13
NMGX,Nano Magic Inc,0.029,8,7,11,7,3,4,2,42,-5.0,42.0,Weak,🔥 COILED: Watchlist only,16,0.0,0.0,0.1,53.3,1,,Basic Materials,427679.0,1475.41
NCPLW,Netcapital Inc,0.026,13,11,1,16,6,5,5,57,-11.0,42.0,Weak,Watchlist only,53,4.8,73.3,5.9,53.0,2,,nan,nan,0.0
ARYMF,Argosy Minerals Limited,0.032,10,6,6,9,3,1,4,39,0.0,42.0,Weak,Watchlist only,24,0.0,8.3,2.4,50.8,1,,Basic Materials,50162480.0,27872.3
SMAYF,SIMEC Atlantis Energy Limited,0.037,5,4,10,10,6,5,2,42,-5.0,42.0,Weak,🔥 COILED: Watchlist only,40,0.0,0.0,-0.1,43.2,1,,Utilities,26527754.0,19633.59
GFKRF,Opus One Gold Corporation,0.04,10,6,11,8,3,2,2,42,-5.0,42.0,Weak,🔥 COILED: Watchlist only,46,0.0,0.0,0.0,50.0,1,,Basic Materials,10914032.0,350.0
MGTC,Megatech Corp,0.04,8,3,9,8,4,5,2,39,0.0,42.0,Weak,Watchlist only,20,0.0,0.0,-0.6,0.0,0,,Industrials,1797200.0,154.87
WMLLF,Wealth Minerals Ltd,0.05,8,10,4,14,5,3,2,46,-9.0,42.0,Weak,🔥 COILED: Watchlist only,32,0.0,0.0,0.9,52.4,1,,Basic Materials,19058714.0,146613.63
GZDIF,Grizzly Discoveries Inc,0.048,6,9,6,9,8,0,2,40,2.0,42.0,Weak,Watchlist only,46,-4.4,-4.4,0.6,49.8,0,,Basic Materials,10989956.0,110851.17
CWSFF,Cielo Waste Solutions Corp,0.051,4,12,7,10,5,5,2,45,-1.0,42.0,Weak,Watchlist only,37,4.3,9.7,2.0,51.6,2,,Industrials,10749945.0,38786.84
HYOR,HyOrc Corporation,0.051,9,8,2,11,0,5,5,40,2.0,42.0,Weak,Watchlist only,26,2.6,-31.9,-13.9,45.8,0,,Industrials,38658508.0,70609.02
WLFFF,Wolfden Resources Corporation,0.052,15,4,7,14,4,0,5,49,-7.0,42.0,Weak,Watchlist only,29,-9.4,-9.4,12.2,61.0,1,,Basic Materials,9889499.0,8841.66
CRUCF,Colibri Resource Corporation,0.068,13,12,6,15,5,4,5,60,-18.0,42.0,Weak,Watchlist only,36,5.4,12.3,8.5,55.4,3,,Basic Materials,2396972.0,11502.73
TCSG,"The Container Store Group, Inc.",0.08,10,10,4,10,5,0,2,41,0.0,42.0,Weak,Watchlist only,30,0.0,6.7,-0.2,49.1,0,,Consumer Cyclical,nan,232085.5
GAMN,Great American Food Chain Inc. (The),0.09,11,9,9,7,3,1,2,42,-5.0,42.0,Weak,🔥 COILED: Watchlist only,51,0.0,5.9,0.8,52.6,1,,Consumer Cyclical,686767.0,2782.93
DDNFF,Adamera Minerals Corp,0.095,13,11,6,15,3,7,5,60,-18.0,42.0,Weak,Watchlist only,49,18.6,21.4,17.6,58.4,3,,Basic Materials,5993781.0,0.0
AFGYF,AFC Energy plc,0.145,15,5,5,9,0,5,5,44,-5.0,42.0,Weak,Watchlist only,34,10.7,-7.1,6.4,54.8,1,,Industrials,164842848.0,2008.5
YGTFF,Gold Terra Resource Corp,0.137,10,7,5,13,3,1,5,44,0.0,42.0,Weak,Watchlist only,49,-5.2,7.4,1.4,53.6,0,,Basic Materials,71612712.0,136547.64
USGDF,American Pacific Mining Corp,0.123,15,11,7,15,4,7,5,64,-20.0,42.0,Weak,Watchlist only,41,15.1,24.8,15.7,65.5,3,,Basic Materials,30701156.0,587052.21
SILEF,Silver Elephant Mining Corp,0.11,11,11,11,9,6,3,5,56,-12.0,42.0,Weak,Watchlist only,35,10.0,10.0,12.0,68.8,1,,Basic Materials,5753793.0,60058.5
MEXGF,Mexican Gold Mining Corp,0.148,14,3,5,9,6,5,5,47,-5.0,42.0,Weak,Watchlist only,58,-6.3,-6.3,1.9,56.2,1,,Basic Materials,3656255.0,0.0
CELG-RI,Bristol-Myers Squibb Company Ce,0.11,14,8,7,14,5,2,2,52,-15.0,42.0,Weak,🔥 COILED: Watchlist only,45,10.3,18.0,4.0,51.7,2,,nan,nan,42738.8
TAWNF,Thai Airways International Public Company Limited,0.174,10,6,5,13,2,4,2,42,0.0,42.0,Weak,Watchlist only,29,2.5,3.6,1.3,51.0,0,,Industrials,5257245184.0,197838.46
HDRNW,"Hadron Energy, Inc.",0.16,16,10,10,5,4,0,5,50,-13.0,42.0,Weak,🔥 COILED: Watchlist only,0,-1.5,9.9,7.3,50.6,1,,nan,nan,0.0
NWCCF,Northwest Copper Corp,0.28,15,8,6,18,6,7,5,65,-28,42,Weak,Watchlist only,56,40.0,47.4,35.4,79.0,3,,Basic Materials,57665028.0,15633.0
RLAIF,Railtown AI Technologies Inc.,0.247,13,5,5,14,3,1,5,46,-5.0,42.0,Weak,Watchlist only,26,4.1,6.3,1.1,51.4,1,,Technology,53134344.0,129536.27
PLYFF,Playfair Mining Ltd,0.2,16,4,4,9,5,2,5,45,-3.0,42.0,Weak,Watchlist only,69,-48.9,-48.9,2.2,51.9,1,,Basic Materials,17700678.0,0.0
EZES,"Easy Environmental Solutions, Inc.",0.424,3,11,4,12,5,2,5,42,2.0,42.0,Weak,Watchlist only,30,4.9,7.8,3.7,50.0,1,,Industrials,10066303.0,9104.42
RMCOW,Royalty Management Holding Corporation,0.2,5,12,3,12,4,2,2,40,4.0,42.0,Weak,Watchlist only,42,5.2,-9.3,6.9,50.9,1,,nan,nan,34224.3
CNRFF,Consorcio ARA S. A. B. de C. V.,0.25,10,7,11,7,3,2,2,42,-3.0,42.0,Weak,Watchlist only,56,0.0,0.0,0.0,71.1,0,,Consumer Cyclical,303795712.0,0.0
FMANF,Freeman Gold Corp,0.284,15,7,4,10,7,4,5,52,-8.0,42.0,Weak,Watchlist only,62,1.2,0.1,3.4,58.3,1,,Basic Materials,87482744.0,68711.23
FPOCF,FPX Nickel Corp,0.26,7,12,7,7,4,2,5,44,-3.0,42.0,Weak,Watchlist only,21,-3.7,0.0,0.3,49.9,1,,Basic Materials,78908024.0,32049.19
SRCRF,Scorpio Gold Corp,0.257,12,6,5,13,7,5,5,53,-9.0,42.0,Weak,Watchlist only,46,6.9,16.6,12.1,64.0,2,,Basic Materials,78770688.0,322740.43
RGRLF,Star Phoenix Group Ltd,0.265,15,6,11,14,3,5,5,59,-17.0,42.0,Weak,Watchlist only,59,10.4,8.1,8.7,66.6,2,,Real Estate,14534179.0,26963.04
SEHKF,Seahawk Gold Corp,0.3,12,8,11,8,3,2,2,46,-7.0,42.0,Weak,Watchlist only,47,0.0,0.0,0.0,65.2,1,,Basic Materials,10296977.0,16.0
EVGIF,EverGen Infrastructure Corp,0.317,9,6,8,10,6,3,2,44,-5.0,42.0,Weak,Watchlist only,39,0.0,0.0,-0.0,56.2,1,,Industrials,8208819.0,356.71
GFTYF,G50 Corp Limited,0.396,8,13,5,10,3,2,4,45,-3.0,42.0,Weak,Watchlist only,31,23.9,-0.9,8.6,57.6,1,,Basic Materials,98789136.0,3712.2
AVTGF,AVTGF,0.364,11,12,3,9,4,0,5,44,-3.0,42.0,Weak,Watchlist only,27,-7.0,0.8,1.8,53.0,0,,nan,85050464.0,8262.98
ACPS,AC Partners Inc,0.398,5,5,6,8,6,5,2,37,2.0,42.0,Weak,Watchlist only,33,0.0,0.0,-1.5,44.5,0,,Industrials,14666814.0,130.63
NPWR-WT,NET Power Inc. WT,0.36,13,9,6,17,4,7,5,61,-17.0,42.0,Weak,Watchlist only,50,33.4,43.5,31.7,64.5,2,,nan,nan,15809.02
BBKCF,BIG Blockchain Intelligence Group Inc,0.409,19,6,9,14,7,3,5,63,-19,42,Weak,Watchlist only,64,725.5,850.2,134.5,97.8,3,11,Financial Services,19603524.0,206927.09
BLAGF,Blue Lagoon Resources Inc,0.5,11,12,4,11,4,0,5,47,-6.0,42.0,Weak,Watchlist only,38,3.7,5.9,6.8,58.6,1,,Basic Materials,73593896.0,153189.39
RVPH,Reviva Pharmaceuticals Holdings Inc.,0.48,6,7,7,11,2,7,5,45,-3.0,42.0,Weak,Watchlist only,14,-2.0,-4.9,-1.2,48.3,1,,Healthcare,6620740.0,364124.16
UNHRF,United Hampshire US Real Estate Investment Trust,0.51,8,4,10,8,3,2,2,37,0.0,42.0,Weak,🔥 COILED: Watchlist only,49,0.0,0.0,-0.0,50.8,0,,Real Estate,316253824.0,455.0
DXF,Eason Technology Limited,0.5,9,8,8,10,6,4,5,50,-6.0,42.0,Weak,Watchlist only,29,-2.0,-5.7,-0.7,48.5,1,,Financial Services,1588530.0,3128855.02
STCUF,Star Copper Corp.,0.568,6,8,3,11,5,7,5,45,-3.0,42.0,Weak,Watchlist only,27,6.7,3.2,2.1,51.2,2,,Basic Materials,37126340.0,143764.12
TSNDF,TerrAscend Corp.,0.62,13,10,6,11,5,0,5,50,-6.0,42.0,Weak,Watchlist only,30,1.6,6.7,6.5,57.1,1,,Healthcare,229190624.0,440499.5
CNCOF,Arizona Eagle Mining Corp.,0.64,14,5,4,11,5,3,5,47,-5.0,42.0,Weak,Watchlist only,33,-8.6,8.5,2.1,51.9,2,,Basic Materials,26796962.0,2121.53
CNEY,CN Energy Group Inc,0.611,9,6,8,9,3,4,5,44,-5.0,42.0,Weak,Watchlist only,30,-7.2,-1.2,-2.7,47.5,1,,Basic Materials,5182849.0,1723380.04
EVOL,Evolving Systems Inc,0.6,9,4,10,9,3,5,2,42,-5.0,42.0,Weak,🔥 COILED: Watchlist only,50,0.0,0.0,-0.0,49.3,1,,Technology,4374286.0,746.43
MINOF,Minor International Public Company Limited,0.783,7,6,10,7,3,4,2,39,0.0,42.0,Weak,Watchlist only,29,0.0,0.0,-0.0,26.1,0,,Consumer Cyclical,4406291456.0,4.85
MCHHF,Macmahon Holdings Limited,0.77,18,4,7,11,6,4,5,55,-13.0,42.0,Weak,Watchlist only,71,0.0,8.5,6.6,98.8,1,,Basic Materials,1695935232.0,0.0
AXREF,Amarc Resources Ltd,0.77,11,5,5,8,5,3,5,42,0.0,42.0,Weak,Watchlist only,58,1.3,0.0,2.7,57.0,0,,Basic Materials,175649296.0,75010.58
SYRA,Syra Health Corp. Class A Common Stock,0.778,12,5,3,13,5,2,5,45,-3.0,42.0,Weak,Watchlist only,53,-1.5,-13.5,-1.0,50.6,0,,Healthcare,10766873.0,46181.44
CSSPF,Circassia Group Plc,0.82,13,6,7,9,6,4,5,50,-13.0,42.0,Weak,🔥 COILED: Watchlist only,30,0.0,0.0,1.1,88.4,0,,Healthcare,345110368.0,113.98
ASMMF,Australian Strategic Materials Ltd,0.82,12,5,5,11,3,1,5,42,-5.0,42.0,Weak,🔥 COILED: Watchlist only,24,-6.8,-4.7,1.0,52.2,1,,Basic Materials,229175088.0,29482.43
RMLFF,Rusoro Mining Ltd,0.85,11,10,10,8,6,2,4,51,-7.0,42.0,Weak,Watchlist only,69,4.2,1.2,3.1,61.9,1,,Basic Materials,527070272.0,258802.77
ZPTA,Zapata Computing Holdings Inc. Common Stock,0.88,12,8,8,14,0,3,2,47,-5.0,42.0,Weak,Watchlist only,55,13.5,1.2,1.1,49.9,2,,Technology,166887792.0,185461.21
NWSZF,NWS Holdings Limited,1.0,7,4,10,9,3,2,2,37,0.0,42.0,Weak,🔥 COILED: Watchlist only,34,0.0,0.0,-0.0,48.1,0,,Industrials,4565157376.0,0.01
DPNEY,Daphne International Holdings Ltd ADR,0.98,8,6,11,7,3,2,2,39,0.0,42.0,Weak,Watchlist only,37,0.0,0.0,0.0,6.7,0,,Consumer Cyclical,92420360.0,0.0
PEMSF,Pacific Empire Minerals Corp,0.054,16,13,5,14,6,7,5,66,-25.5,41.5,Weak,Watchlist only,51,15.7,36.7,26.1,76.9,3,,Basic Materials,14102281.0,206782.13
FWRXF,Fintechwerx International Software Services Inc.,0.363,11,9,5,7,7,5,5,49,-7.8,41.2,Weak,Watchlist only,0,-2.7,495.1,26.7,60.8,2,,nan,nan,0.0
HDGHF,Haydale Graphene Industries plc,0.005,10,14,3,6,8,3,2,46,-8.0,41.0,Weak,Watchlist only,44,28.2,4.2,6.8,51.4,1,,Basic Materials,34208720.0,938490.05
TXTM,Protext Mobility Inc,0.004,3,13,8,13,3,2,2,44,-1.0,41.0,Weak,Watchlist only,24,8.1,8.1,2.1,49.9,2,,Healthcare,33406646.0,9960542.22
GNOLF,Genoil Inc,0.01,5,3,10,9,3,6,2,38,0.0,41.0,Weak,Watchlist only,35,0.0,0.0,-0.0,10.7,0,,Energy,19981640.0,20732.9
NWMH,National Waste Management Holdings Inc,0.01,10,6,10,7,4,2,2,41,-5.0,41.0,Weak,🔥 COILED: Watchlist only,50,0.0,0.0,0.3,50.0,1,,Industrials,689190.0,6990.04
PVMCF,Pine Valley Mining Corp,0.005,7,9,10,8,3,2,2,41,-5.0,41.0,Weak,🔥 COILED: Watchlist only,34,0.0,0.0,0.0,54.3,1,,Basic Materials,393810.0,4536.69
CMHZ,Banny Cosmic International Holdings Inc,0.002,9,4,10,7,4,2,2,38,0.0,41.0,Weak,Watchlist only,46,0.0,0.0,-0.0,51.4,0,,Consumer Cyclical,225819.0,62.35
ECPL,EcoPlus Inc,0.007,9,12,10,9,3,5,3,51,-6.0,41.0,Weak,Watchlist only,36,1.4,1.4,1.1,53.6,1,,Healthcare,204611.0,3603.6
QTCI,Quantum Capital Inc,0.003,6,3,10,7,3,7,2,38,0.0,41.0,Weak,Watchlist only,27,0.0,0.0,-10.3,17.7,0,,Financial Services,166174.0,367.06
HUBCW,Hub Cyber Security Ltd. Warrant 2/27/28,0.01,1,10,8,12,4,0,2,37,4.0,41.0,Weak,Watchlist only,29,5.3,-7.5,-8.1,45.4,1,,Technology,nan,310862.71
DBORF,Diablo Resources Limited,0.011,13,4,10,9,1,2,5,44,-3.0,41.0,Weak,Watchlist only,39,22.2,22.2,13.5,78.7,2,,Basic Materials,5978856.0,4135.14
BSEG,Big Screen Entertainment Group Inc,0.012,14,9,7,11,6,7,5,59,-18.0,41.0,Weak,Watchlist only,36,23.0,23.0,20.3,97.6,2,,Communication Services,1244184.0,15965.0
BLGVF,Belgravia Hartford Capital Inc,0.025,16,10,9,15,6,7,5,68,-27,41,Weak,Watchlist only,45,41.9,56.8,37.6,66.6,4,,Financial Services,2597414.0,55342.23
STAOF,Sing Tao News Corporation Limited,0.035,7,7,11,9,3,2,2,41,-5.0,41.0,Weak,🔥 COILED: Watchlist only,42,0.0,0.0,0.0,51.9,1,,Communication Services,30819006.0,214.79
IVCTF,Invictus Energy Limited,0.045,9,5,7,8,1,5,5,40,0.0,41.0,Weak,Watchlist only,29,4.9,0.0,1.1,50.8,0,,Energy,88620200.0,123719.54
TALN,Talon International Inc,0.05,9,7,7,11,0,2,2,38,0.0,41.0,Weak,Watchlist only,22,0.0,0.0,0.5,49.0,0,,Consumer Cyclical,4616914.0,3671.0
COMCF,Canada One Mining Corp.,0.044,8,5,5,12,3,3,5,41,-5.0,41.0,Weak,🔥 COILED: Watchlist only,26,0.0,-2.0,3.6,52.8,1,,Basic Materials,2014493.0,3751.69
OCEEF,Transoceanic Investments Inc.,0.048,11,10,3,11,7,6,5,53,-12.0,41.0,Weak,Watchlist only,0,23.0,7.1,9.5,58.2,1,,Basic Materials,nan,0.0
PMDKF,PT. Mitra Adiperkasa Tbk,0.06,8,6,10,7,3,2,2,38,0.0,41.0,Weak,Watchlist only,0,0.0,0.0,-0.0,4.2,0,,Consumer Cyclical,874820032.0,0.0
CRBAF,CRBAF,0.054,11,4,5,10,6,0,5,41,0.0,41.0,Weak,Watchlist only,29,-10.3,-6.8,-1.3,53.0,0,,nan,6201914.0,1067.7
TSLVF,Tier One Silver Inc,0.058,10,11,6,8,4,5,5,49,-8.0,41.0,Weak,Watchlist only,25,0.0,-7.4,1.1,50.4,1,,nan,nan,146567.03
CAULF,Cauldron Energy Limited,0.069,4,4,3,13,6,4,2,36,2.0,41.0,Weak,Watchlist only,53,23.2,-18.8,-11.4,41.5,0,,Basic Materials,140551408.0,60565.0
WCCP,Wealthcraft Capital Inc,0.065,9,5,8,11,4,2,5,44,-3.0,41.0,Weak,Watchlist only,53,2.0,2.0,3.6,59.4,1,,Industrials,9676485.0,2793.52
WLBMF,Wallbridge Mining Company Limited,0.074,11,10,3,9,5,3,5,46,-5.0,41.0,Weak,Watchlist only,71,5.7,5.7,8.4,71.2,1,,Basic Materials,128159496.0,361653.0
VMSXF,Nine Mile Metals Ltd,0.075,14,14,5,12,6,7,5,63,-23.0,41.0,Weak,Watchlist only,65,25.7,27.4,18.6,61.9,3,,Basic Materials,12896153.0,215947.27
UNHLF,Union Medical Healthcare Limited,0.086,10,7,11,9,0,2,2,41,-5.0,41.0,Weak,🔥 COILED: Watchlist only,33,0.0,0.0,0.0,53.3,1,,Healthcare,101071224.0,250.0
PLSH,Panacea Life Sciences Holdings Inc,0.092,9,4,5,10,8,2,3,41,-3.0,41.0,Weak,Watchlist only,62,11.9,-7.7,3.5,53.3,1,,Healthcare,1959380.0,13635.98
SPTJF,Sinopec Shanghai Petrochemical Company Limited,0.142,5,10,7,8,4,2,5,41,-3.0,41.0,Weak,Watchlist only,26,-5.0,-1.7,-0.1,49.4,2,,Energy,3259961344.0,9410.22
AGLDF,Austral Gold Limited,0.125,15,6,5,7,5,1,5,44,-3.0,41.0,Weak,Watchlist only,35,-3.8,8.7,5.3,55.6,1,,Basic Materials,86385808.0,64866.56
LOMLF,Lion One Metals Limited,0.137,15,9,3,9,9,2,5,52,-9.0,41.0,Weak,Watchlist only,35,-1.9,37.4,16.6,65.4,2,,Basic Materials,56399616.0,535993.08
PBEGF,Touchstone Exploration Inc,0.112,11,2,4,14,3,2,5,41,0.0,41.0,Weak,Watchlist only,33,-6.2,2.3,3.0,56.5,0,,Energy,52935592.0,66846.61
ABDXF,Abingdon Health Plc,0.149,14,6,5,11,0,3,4,43,-5.0,41.0,Weak,Watchlist only,55,3.8,6.4,3.5,58.6,1,,Healthcare,38165472.0,4189.25
MBCOF,Marvel Biosciences Corp.,0.117,11,9,10,8,3,3,4,48,-15.0,41.0,Weak,🔥 COILED: Watchlist only,32,0.0,2.4,1.3,53.8,1,,Healthcare,7846687.0,18483.32
TRRFF,Trifecta Gold Ltd,0.137,10,9,7,10,8,1,4,49,-6.0,41.0,Weak,Watchlist only,28,5.8,5.5,3.7,58.3,0,,Basic Materials,7740095.0,35838.81
LINMF,Linear Minerals Corp.,0.123,11,9,3,13,9,4,2,51,-13.0,41.0,Weak,Watchlist only,55,0.8,-12.1,2.8,52.1,1,,Basic Materials,1595868.0,39517.0
RDZNW,Roadzen Inc,0.12,7,11,2,9,3,5,2,39,2.0,41.0,Weak,Watchlist only,32,0.0,-14.3,1.7,50.1,0,,nan,nan,21274.96
SNTMF,SenseTime Group Inc.,0.195,9,5,11,8,3,3,4,43,-5.0,41.0,Weak,Watchlist only,34,0.0,5.3,2.0,58.0,1,,Technology,8114586112.0,1279.31
SGMOQ,"Sangamo Therapeutics, Inc.",0.155,13,9,5,14,5,2,5,53,-10.0,41.0,Weak,Watchlist only,0,-3.1,-8.8,12.1,60.5,1,,Healthcare,62143328.0,0.0
SLROF,Stellar Resources Limited,0.15,15,6,11,10,6,4,2,54,-18.0,41.0,Weak,🔥 COILED: Watchlist only,56,0.0,0.0,3.8,99.9,1,,Basic Materials,51003540.0,16.25
ESIFF,ESG Global Impact Capital Inc,0.169,14,9,9,5,4,4,5,50,-9.0,41.0,Weak,Watchlist only,29,9.0,1.5,8.6,60.3,1,,Financial Services,4643690.0,1521.65
CBIPF,Crypto Blockchain Industries,0.186,15,14,10,14,4,3,5,65,-24,41,Weak,Watchlist only,48,50.4,50.4,39.5,63.5,3,5,Financial Services,nan,0.0
IRHOR,Iron Horse Acquisitions Corp. II Rights,0.175,2,10,4,10,6,6,2,40,0.0,41.0,Weak,Watchlist only,51,15.5,-7.9,-0.4,49.6,0,,nan,nan,0.0
CMEOF,Creo Medical Group PLC,0.226,16,6,10,6,6,2,2,48,-15.0,41.0,Weak,🔥 COILED: Watchlist only,0,0.0,0.0,0.9,50.0,1,,Healthcare,109597984.0,0.0
ESLGF,Logistics Development Group plc,0.228,9,6,11,8,3,2,2,41,-5.0,41.0,Weak,🔥 COILED: Watchlist only,45,0.0,0.0,0.0,50.0,1,,Industrials,94144976.0,205.0
SLVDF,Silver Dollar Resources Inc,0.208,8,11,4,10,6,2,5,46,-3.0,41.0,Weak,Watchlist only,30,-2.3,-8.4,-1.7,49.0,1,,Basic Materials,15570573.0,129588.67
OONEF,01 Communique Laboratory Inc,0.29,5,14,10,8,3,2,2,44,-3.0,41.0,Weak,Watchlist only,31,3.6,0.0,0.6,48.8,2,,Technology,30586188.0,86640.26
SNANF,Sona Nanotech Inc,0.255,15,6,3,10,6,1,5,46,-5.0,41.0,Weak,Watchlist only,42,2.8,2.0,6.3,56.2,1,,Healthcare,29165690.0,6125.46
GXLDF,Hi-View Resources Inc,0.25,17,4,7,10,4,2,5,49,-8.0,41.0,Weak,Watchlist only,46,0.0,0.0,3.7,78.7,1,,Basic Materials,11039802.0,517.5
EXDW,Exceed World Inc,0.292,12,6,11,10,3,2,2,46,-8.0,41.0,Weak,Watchlist only,55,0.0,0.0,0.0,76.7,1,,Consumer Defensive,9564750.0,246.33
ARRT,Artisan Consumer Goods Inc,0.271,18,5,4,15,7,2,5,56,-15.0,41.0,Weak,Watchlist only,58,35.5,9.7,16.4,70.1,2,,Consumer Defensive,1100012.0,1708.7
HVIIR,Hennessy Capital Investment Corp. VII Rights,0.29,8,8,5,8,2,6,2,39,2.0,41.0,Weak,Watchlist only,25,7.0,6.4,-0.8,47.9,1,,nan,458008.0,65269.0
LGCXF,Lahontan Gold Corp.,0.304,19,9,5,15,5,4,5,62,-19.0,41.0,Weak,Watchlist only,59,9.4,19.1,10.3,65.2,3,,Basic Materials,127910968.0,843202.98
MCGAW,Yorkville Acquisition Corp.,0.31,10,4,2,12,1,7,5,41,0.0,41.0,Weak,Watchlist only,29,-7.3,-3.1,-3.4,48.2,0,,nan,nan,18247.43
BIXIW,Bitcoin Infrastructure Acquisition Corp Ltd. Warrant,0.33,15,4,2,10,7,1,5,44,-3.0,41.0,Weak,Watchlist only,56,-19.5,34.1,5.2,54.1,2,,nan,nan,0.0
PBCRF,PT Bank Central Asia Tbk,0.353,7,11,8,4,3,8,5,46,-10.0,41.0,Weak,🔥 COILED: Watchlist only,42,0.0,-1.7,0.2,49.8,0,,Financial Services,40906305536.0,0.0
LONKF,Lonking Holdings Limited,0.39,18,4,5,9,6,7,5,54,-13.0,41.0,Weak,Watchlist only,56,8.3,8.3,5.4,100.0,1,,Industrials,1655542656.0,0.0
JDNRD,Jayden Resources Inc.,0.396,15,6,12,10,3,6,2,54,-18.0,41.0,Weak,🔥 COILED: Watchlist only,48,0.0,0.0,2.0,87.7,1,,Basic Materials,2317075.0,61.61
EURKR,Eureka Acquisition Corp Right,0.37,17,10,7,3,1,3,5,46,-8.0,41.0,Weak,Watchlist only,43,8.8,23.3,7.8,52.5,2,,nan,nan,0.0
ROMJF,Rubicon Organics Inc,0.421,16,7,7,7,6,10,5,58,-20.0,41.0,Weak,Watchlist only,62,22.0,21.0,16.4,75.8,3,,Healthcare,28852562.0,28239.8
SPTY,Specificity Inc.,0.4,16,6,5,13,5,5,5,55,-19.0,41.0,Weak,Watchlist only,57,17.6,37.9,19.8,61.3,3,,Communication Services,5900147.0,40836.21
FEHTF,Far East Hospitality Trust,0.45,8,4,10,7,3,2,2,36,0.0,41.0,Weak,🔥 COILED: Watchlist only,37,0.0,0.0,-0.0,48.1,0,,Real Estate,926164800.0,12.5
TKLS,Trutankless Inc,0.48,13,3,4,11,4,4,2,41,-5.0,41.0,Weak,🔥 COILED: Watchlist only,45,0.0,-2.0,0.2,51.5,1,,Technology,78202656.0,3117.4
CUBWW,Lionheart Holdings Warrant,0.48,11,4,4,15,3,2,2,41,0.0,41.0,Weak,Watchlist only,56,-5.9,-2.0,-1.3,51.0,0,,nan,nan,36874.94
VGLS,Vg Life Sciences Inc,0.5,14,11,4,15,4,2,5,55,-18.0,41.0,Weak,Watchlist only,54,0.0,22.0,12.5,53.8,3,,Financial Services,485196.0,5167.88
PCPJ,PaperClip Incorporated,0.5,18,4,4,12,6,6,4,54,-13.0,41.0,Weak,Watchlist only,62,8.7,6.4,6.1,86.9,0,,Technology,nan,995.0
BDULF,Bangkok Dusit Medical Services Public Company Limited,0.56,5,3,10,10,3,5,2,38,0.0,41.0,Weak,Watchlist only,19,0.0,0.0,-0.0,1.8,0,,Healthcare,9652723712.0,0.0
ABOIF,Aboitiz Equity Ventures Inc,0.599,15,4,6,14,6,4,5,54,-13.0,41.0,Weak,Watchlist only,56,0.0,1.6,3.8,99.9,0,,Utilities,3324464128.0,40.52
WWR,Westwater Resources Inc,0.594,12,6,2,9,7,7,5,48,-7.0,41.0,Weak,Watchlist only,44,6.1,1.6,6.5,56.3,1,,Basic Materials,78103136.0,2284499.76
CTXR,Citius Pharmaceuticals Inc,0.629,10,14,2,8,8,2,2,46,-3.0,41.0,Weak,Watchlist only,36,4.8,-14.3,1.6,51.2,1,,Healthcare,15842878.0,721870.13
TVBCY,Television Broadcasts Ltd,0.69,13,6,12,8,6,2,2,49,-13.0,41.0,Weak,🔥 COILED: Watchlist only,32,0.0,0.0,1.6,88.7,0,,Communication Services,161101824.0,31.2
SGRP,SPAR Group Inc,0.68,10,9,6,18,5,4,5,57,-16.0,41.0,Weak,Watchlist only,33,4.6,3.0,4.4,55.7,1,,Industrials,19205946.0,105614.42
CALZF,PolyNovo Limited,0.725,14,6,5,13,1,2,5,46,-5.0,41.0,Weak,Watchlist only,37,17.0,17.0,9.3,67.9,2,,Healthcare,523257536.0,2466.6
XPL,Solitario Exploration & Royalty Corp,0.812,13,8,6,7,5,3,5,47,-4.0,41.0,Weak,Watchlist only,53,2.8,4.1,3.6,59.6,1,,Basic Materials,76012688.0,255229.66
BCCLF,Becle SA de CV,0.855,4,9,6,8,6,1,2,36,2.0,41.0,Weak,Watchlist only,29,-1.9,-3.2,-2.1,40.8,0,,Consumer Defensive,3070455808.0,0.0
PAGFF,Pacifica Silver Corp.,0.859,9,17,10,4,8,2,3,53,-13.0,41.0,Weak,Watchlist only,38,2.3,-0.0,1.5,52.2,1,,Basic Materials,64758436.0,88297.65
CRWE,Crown Equity Holdings Inc,0.862,13,5,6,12,6,2,5,49,-8.0,41.0,Weak,Watchlist only,42,0.0,0.0,9.7,73.0,1,,Communication Services,13737246.0,245.93
AMEGF,American Eagle Gold Corp,0.918,15,12,5,14,6,4,5,61,-20.0,41.0,Weak,Watchlist only,59,2.4,6.1,6.2,60.6,1,,Basic Materials,180413872.0,66361.35
ORRAF,Orora Limited,1.0,13,6,11,9,6,2,2,49,-13.0,41.0,Weak,🔥 COILED: Watchlist only,24,0.0,0.0,0.7,85.4,1,,Consumer Cyclical,1225342976.0,0.0
BJCHY,Beijing Capital International Airport Co Ltd ADR,0.97,9,7,11,7,1,1,2,38,-5.0,41.0,Weak,🔥 COILED: Watchlist only,27,0.0,0.0,0.0,50.6,1,,Industrials,888360704.0,333.53
EVLI,Everlert Inc,0.039,16,5,6,16,3,6,5,57,-16.2,40.8,Weak,Watchlist only,66,31.0,44.1,26.6,64.7,2,,Communication Services,20054084.0,1169935.51
BYDMF,Beyond Minerals Inc,0.04,16,8,6,14,6,7,5,62,-21.2,40.8,Weak,Watchlist only,65,19.9,50.2,26.6,68.1,3,,Basic Materials,3378410.0,55009.87
DTCFF,Defence Therapeutics Inc,0.418,15,9,7,16,4,7,5,63,-23.5,40.5,Weak,Watchlist only,35,15.0,55.0,26.5,71.2,3,,Healthcare,31656710.0,14064.39
DSX-WT,Diana Shipping Inc. WT,0.52,17,8,6,12,7,5,5,60,-17.5,40.5,Weak,Watchlist only,58,8.4,118.9,28.6,63.6,2,,nan,nan,26279.57
NWFAF,New Focus Auto Tech Holdings Limited,0.002,5,3,10,10,3,4,2,37,0.0,40.0,Weak,Watchlist only,27,0.0,0.0,-0.4,36.3,0,,Consumer Cyclical,41320676.0,1391.94
BRNGF,Buru Energy Limited,0.01,8,3,10,9,3,2,2,37,0.0,40.0,Weak,Watchlist only,31,0.0,0.0,-0.0,14.5,0,,Energy,12227944.0,20534.5
RITE,Mineralrite Corporat,0.002,6,10,9,7,4,0,2,38,2.0,40.0,Weak,Watchlist only,15,-5.9,-11.1,-8.8,41.7,0,,Basic Materials,9967643.0,12080690.65
FFTTF,Fatfish Group Limited,0.004,8,3,10,9,3,2,2,37,0.0,40.0,Weak,Watchlist only,32,0.0,0.0,-0.0,0.0,0,,Financial Services,6991078.0,5.0
CNGGF,Cann Group Limited,0.003,11,7,11,4,6,1,2,42,-10.0,40.0,Weak,🔥 COILED: Watchlist only,32,0.0,0.0,0.2,52.7,0,,Healthcare,5646018.0,1183.63
SNRY,Solar Energy Initiat,0.003,17,4,7,17,7,5,5,62,-22,40,Weak,Watchlist only,66,58.8,170.0,60.6,79.7,3,8,Financial Services,4049991.0,2059573.16
IFBC,Blast Applications,0.002,11,2,8,11,1,5,2,40,0.0,40.0,Weak,Watchlist only,49,0.0,-4.3,-1.1,50.3,0,,Consumer Defensive,2675724.0,347574.77
BWNAF,SI6 Metals Limited,0.005,7,7,11,8,3,2,2,40,-3.0,40.0,Weak,Watchlist only,36,0.0,0.0,0.0,70.2,0,,Basic Materials,2454814.0,202.5
MDMP,MDM Permian Inc,0.004,2,8,6,9,9,2,2,38,2.0,40.0,Weak,Watchlist only,33,-2.5,-2.5,-0.5,49.4,0,,Energy,2160920.0,155170.59
SRBCF,Sirona Biochem Corp,0.005,10,6,10,9,3,2,2,42,-5.0,40.0,Weak,Watchlist only,39,0.0,0.0,-0.0,38.7,1,,Healthcare,1634865.0,1526.5
DVNCF,Danavation Technologies Corp,0.002,9,6,11,7,3,2,2,40,-5.0,40.0,Weak,🔥 COILED: Watchlist only,42,0.0,0.0,0.0,50.0,1,,Technology,241649.0,110.25
IRME,International Display Advertising Inc,0.002,4,6,10,10,3,7,2,42,-5.0,40.0,Weak,Watchlist only,17,0.0,0.0,-7.3,23.8,1,,Healthcare,231125.0,3814.87
MBGNF,Med BioGene Inc,0.006,8,3,10,9,3,2,2,37,0.0,40.0,Weak,Watchlist only,35,0.0,0.0,-0.0,0.0,0,,Healthcare,101821.0,45.0
BFHJ,Beneficial Holdings Inc,0.001,5,3,10,8,3,6,2,37,0.0,40.0,Weak,Watchlist only,22,0.0,0.0,-0.2,16.4,0,,Financial Services,9408.0,29.56
CHNSF,China Starch Holdings Limited,0.02,5,4,10,9,3,2,2,35,0.0,40.0,Weak,🔥 COILED: Watchlist only,37,0.0,0.0,0.0,50.0,0,,Consumer Defensive,116209832.0,200.0
SGRB,SigmaBroadband Co,0.012,12,6,10,8,0,2,2,40,-5.0,40.0,Weak,🔥 COILED: Watchlist only,49,0.0,0.0,0.0,50.0,1,,Communication Services,8096687.0,35.74
YBGJ,Yubo International Biotech Limited,0.012,15,6,2,10,4,3,2,42,-5.0,40.0,Weak,Watchlist only,33,0.0,0.0,4.9,52.9,1,,Healthcare,2028007.0,4126.13
SSOK,Sunstock Inc,0.02,14,4,7,11,6,4,4,50,-13.0,40.0,Weak,Watchlist only,57,0.0,7.0,2.7,95.6,0,,Consumer Cyclical,120916.0,141.66
CNSUF,Canasil Resources Inc,0.03,13,2,4,10,6,0,5,40,0.0,40.0,Weak,Watchlist only,51,-33.3,52.3,-0.6,51.0,2,,Basic Materials,4674428.0,17149.7
MATEF,Blockmate Ventures Inc.,0.027,4,12,5,10,2,4,2,39,-3.0,40.0,Weak,Watchlist only,27,0.8,-7.3,-0.5,47.4,2,,Financial Services,4584366.0,11039.89
SLZNF,Slave Lake Zinc Corp,0.029,13,5,7,12,6,2,5,50,-13.0,40.0,Weak,Watchlist only,48,0.0,0.0,1.8,91.9,0,,Basic Materials,1695549.0,5922.17
CENQW,CENAQ Energy Corp. Warrant,0.03,6,7,7,7,5,0,5,37,0.0,40.0,Weak,Watchlist only,36,-13.3,20.6,2.2,51.2,2,,Financial Services,nan,90678.39
ABSOF,ABS-CBN Holdings Corporation,0.04,13,6,12,7,6,2,2,48,-13.0,40.0,Weak,🔥 COILED: Watchlist only,45,0.0,0.0,3.5,98.3,0,,Financial Services,3625060.0,8408.34
ELIXF,Elixxer Ltd,0.034,9,8,11,9,3,2,2,44,-7.0,40.0,Weak,Watchlist only,41,0.0,0.0,0.0,66.5,1,,Healthcare,3191312.0,274.14
ADMT,Adm Tronics Unltd,0.04,5,7,10,9,4,3,2,40,0.0,40.0,Weak,Watchlist only,16,0.0,0.0,-1.0,41.1,0,,Healthcare,2703539.0,16229.49
KRTL,KRTL Holding Group Inc,0.044,7,8,8,7,4,2,2,38,2.0,40.0,Weak,Watchlist only,35,10.0,10.0,2.1,49.1,2,,Industrials,3591028.0,36525.64
ARWYF,Arway Corporation,0.044,15,5,1,13,3,2,4,43,-3.0,40.0,Weak,Watchlist only,47,-7.2,-0.7,-2.0,50.1,0,,Technology,2116981.0,9198.05
CKALF,Cokal Limited,0.06,12,6,11,9,6,4,2,50,-13.0,40.0,Weak,Watchlist only,56,0.0,0.0,0.1,100.0,0,,Basic Materials,64736940.0,1137.5
APCFF,Atlas Pearls Ltd,0.054,8,6,11,7,3,3,2,40,-3.0,40.0,Weak,Watchlist only,45,0.0,0.0,0.1,74.0,0,,Consumer Cyclical,23883918.0,220.0
PVCT,Provectus Biopharmaceuticals Inc,0.06,8,9,8,12,4,2,2,45,-3.0,40.0,Weak,Watchlist only,34,9.1,7.1,1.4,50.9,2,,Healthcare,23325534.0,245168.81
EDDYF,Edison Cobalt Corp,0.054,11,6,4,12,5,2,5,45,-5.0,40.0,Weak,Watchlist only,29,-11.9,-13.4,0.9,51.7,1,,Basic Materials,1620891.0,22762.45
NMLSF,Nova Mentis Life Science Corp,0.063,5,5,7,11,6,1,5,40,-5.0,40.0,Weak,🔥 COILED: Watchlist only,41,-6.8,-6.8,-1.8,49.7,1,,Healthcare,3915367.0,1933.35
PSBAF,PT Sumber Alfaria Trijaya Tbk,0.121,8,3,10,9,3,2,2,37,0.0,40.0,Weak,Watchlist only,39,0.0,0.0,-0.0,10.8,0,,Consumer Defensive,4972111872.0,0.25
CITAF,COSCO SHIPPING Development Co. Ltd,0.115,4,4,10,7,3,3,2,33,2.0,40.0,Weak,🔥 COILED: Watchlist only,28,0.0,0.0,-0.6,44.1,0,,Industrials,1518214016.0,0.0
CYGGF,Cygnus Metals Limited,0.125,15,10,11,7,6,10,5,64,-27,40,Weak,Watchlist only,65,13.5,25.8,18.6,66.5,3,,Basic Materials,131106832.0,46621.95
DTARF,Delta Resources Ltd,0.128,10,6,4,8,2,4,5,39,-5.0,40.0,Weak,Watchlist only,45,-0.1,-3.0,-0.8,50.5,1,,Basic Materials,22513276.0,49617.98
OPWEF,Opawica Explorations Inc,0.102,16,8,7,9,4,7,5,56,-16.0,40.0,Weak,Watchlist only,67,8.6,7.5,13.0,58.5,1,,Basic Materials,4011712.0,0.0
NUEPF,NU E Power Corp.,0.106,7,13,8,4,5,2,4,43,-6.0,40.0,Weak,Watchlist only,50,0.5,-2.8,3.6,52.5,1,,nan,nan,8965.71
AMTFF,AmeriTrust Financial Technologies Inc.,0.171,5,10,6,14,7,2,3,47,-7.0,40.0,Weak,Watchlist only,57,8.7,-3.6,1.8,51.9,2,,Technology,177530736.0,180144.78
HOFBF,Hofseth BioCare ASA,0.167,7,7,11,8,3,2,2,40,-5.0,40.0,Weak,🔥 COILED: Watchlist only,40,0.0,0.0,0.0,50.0,1,,Consumer Defensive,84337976.0,3037.5
BYLTF,Baylin Technologies Inc,0.182,5,10,6,8,3,4,2,38,-1.0,40.0,Weak,Watchlist only,20,1.4,-6.6,-1.5,45.8,2,,Technology,50513936.0,16780.33
RDGMF,Ridgeline Minerals Corp,0.17,10,10,5,15,6,0,5,51,-11.0,40.0,Weak,Watchlist only,58,-0.6,-1.7,3.8,57.3,0,,Basic Materials,23793706.0,114595.73
TRPTF,Tribe Property Technologies Inc,0.17,16,10,7,11,4,8,5,61,-26.0,40.0,Weak,Watchlist only,36,20.1,20.1,19.0,73.9,3,,Technology,6274601.0,3121.9
JXFGF,Jinxin Fertility Group Limited,0.29,9,6,11,7,3,2,2,40,-5.0,40.0,Weak,🔥 COILED: Watchlist only,46,0.0,0.0,0.0,50.0,1,,Healthcare,739946944.0,21.62
THGHY,THG Plc,0.281,10,6,10,9,3,2,2,42,-5.0,40.0,Weak,Watchlist only,36,0.0,0.0,-0.0,5.2,1,,Consumer Cyclical,445588704.0,6.6
FHYDF,First Hydrogen Corp,0.276,7,15,9,6,4,2,5,48,-11.0,40.0,Weak,Watchlist only,28,-0.7,-1.0,0.8,50.0,1,,Consumer Cyclical,21850598.0,4153.84
BIOE,Bio Essence Corporation,0.25,8,4,8,10,3,5,2,40,0.0,40.0,Weak,Watchlist only,34,0.0,0.0,-1.3,27.6,0,,Healthcare,13452250.0,2686.61
CLYYF,Celyad Oncology SA,0.28,17,4,7,10,6,4,5,53,-13.0,40.0,Weak,Watchlist only,50,0.0,0.0,7.7,87.2,0,,Healthcare,13233333.0,74.92
VNMEW,Vendome Acquisition Corporation I Warrant,0.288,13,11,4,10,6,0,5,49,-9.0,40.0,Weak,Watchlist only,52,6.7,20.0,11.2,60.9,2,,nan,2402000.0,0.0
VLAI,VLAI,0.29,8,3,10,9,3,2,2,37,0.0,40.0,Weak,Watchlist only,35,0.0,0.0,-0.0,0.0,0,,Technology,1116694.0,23.44
NVTQF,Trench Metals Corp,0.287,8,6,11,10,3,2,2,42,-5.0,40.0,Weak,Watchlist only,0,0.0,0.0,0.0,8.1,1,,Energy,291540.0,0.0
OSHDF,Oshidori International Holdings Limited,0.34,16,3,12,7,6,2,2,48,-13.0,40.0,Weak,🔥 COILED: Watchlist only,51,0.0,0.0,1.1,85.9,0,,Financial Services,2358701312.0,113.67
PHBI,Pharmagreen Biotech Inc,0.34,15,2,5,10,6,0,5,43,-3.0,40.0,Weak,Watchlist only,51,1.8,37677.8,39.9,58.0,2,,Healthcare,230909488.0,2254977.71
VIPZ,"VIP Play, Inc.",0.34,11,5,9,10,4,1,2,42,-5.0,40.0,Weak,Watchlist only,36,0.0,0.0,-0.4,45.9,1,,Consumer Cyclical,24975672.0,12110.75
CYAB,"Cyabra, Inc. Common Stock",0.307,5,10,8,7,2,6,5,43,-1.0,40.0,Weak,Watchlist only,0,6.0,-21.2,-2.5,45.1,1,,Technology,5367107.0,0.0
AHOTF,American Hotel Income Properties REIT LP,0.39,10,6,7,14,4,4,2,47,-7.0,40.0,Weak,Watchlist only,58,-1.5,2.6,0.5,50.2,1,,Real Estate,27838730.0,0.0
TNJIF,Tianjin Capital Environmental Protection Group Company Limited,0.465,7,6,11,7,0,2,2,35,0.0,40.0,Weak,🔥 COILED: Watchlist only,40,0.0,0.0,0.0,50.0,0,,Industrials,729616192.0,40.0
CUCSF,China Communications Services Corporation Limited,0.535,4,3,10,7,3,8,2,37,0.0,40.0,Weak,Watchlist only,25,0.0,0.0,-0.1,5.0,0,,Communication Services,3704588800.0,0.0
CRYIF,Crystal International Group Limited,0.547,7,4,11,10,3,2,2,39,-2.0,40.0,Weak,Watchlist only,45,0.0,0.0,0.0,63.9,0,,Consumer Cyclical,1559923072.0,0.03
SPHRF,Starpharma Holdings Limited,0.5,14,6,11,6,6,5,2,50,-15.0,40.0,Weak,🔥 COILED: Watchlist only,42,0.0,0.0,0.7,57.4,1,,Healthcare,166969232.0,0.0
TPTJF,Topps Tiles Plc,0.508,8,3,10,9,3,2,2,37,0.0,40.0,Weak,Watchlist only,43,0.0,0.0,-0.0,1.7,0,,Consumer Cyclical,99525880.0,16.63
PEBBF,PEBBF,0.546,8,3,10,9,3,2,2,37,0.0,40.0,Weak,Watchlist only,36,0.0,0.0,-0.0,5.3,0,,nan,75611312.0,31.0
VANAF,Largo Physical Vanadium Corp.,0.52,4,5,6,11,3,5,3,37,0.0,40.0,Weak,Watchlist only,29,0.0,0.0,-0.3,34.2,0,,Basic Materials,8744736.0,466.1
GLVT,Greenlit Ventures Inc,0.5,9,7,9,8,4,1,2,40,-5.0,40.0,Weak,🔥 COILED: Watchlist only,27,0.0,0.0,-0.1,46.5,1,,Industrials,2041241.0,324.0
LZM-WT,Lifezone Metals Limited WT,0.5,14,9,7,9,4,7,5,55,-20.0,40.0,Weak,Watchlist only,45,38.9,44.6,32.1,61.8,2,,nan,nan,33998.48
TACHW,Titan Acquisition Corp,0.528,8,7,3,12,8,0,2,40,-1.0,40.0,Weak,Watchlist only,58,7.8,-8.9,3.4,52.0,1,,nan,nan,27244.64
WAMFF,Western Alaska Minerals Corp,0.564,11,12,5,7,8,4,5,52,-12.0,40.0,Weak,Watchlist only,38,0.5,4.4,7.0,59.2,1,,Basic Materials,59868484.0,59768.47
KDKCF,Kodiak Copper Corp,0.576,13,14,4,8,4,2,5,50,-8.0,40.0,Weak,Watchlist only,36,3.4,5.8,6.4,59.2,1,,Basic Materials,62181488.0,45025.25
CWD,CaliberCos Inc. Class A Common Stock,0.57,6,10,4,9,4,4,5,42,-3.0,40.0,Weak,Watchlist only,35,7.1,-14.7,2.3,49.6,1,,Financial Services,5643020.0,1909779.48
UGODF,Upside Gold Corp.,0.55,6,15,4,8,4,4,2,43,-3.0,40.0,Weak,Watchlist only,26,4.1,-3.0,0.3,47.9,1,,Basic Materials,nan,0.0
CDHSF,CDL Hospitality Trusts,0.64,6,6,11,7,3,2,2,37,0.0,40.0,Weak,Watchlist only,0,0.0,0.0,0.0,14.3,1,,Real Estate,751802624.0,0.0
RVLGF,Revival Gold Inc,0.685,13,6,6,13,5,1,5,49,-7.0,40.0,Weak,Watchlist only,64,0.7,5.4,7.8,66.4,1,,Basic Materials,219455344.0,310922.39
AGXPF,Silver X Mining Corp,0.708,13,10,7,11,7,4,5,57,-15.0,40.0,Weak,Watchlist only,58,-2.3,12.5,10.8,67.5,2,,Basic Materials,197085520.0,492333.27
RVP,Retractable Technologies Inc,0.722,13,5,4,17,3,0,5,47,-7.0,40.0,Weak,Watchlist only,49,-1.1,6.1,2.3,62.4,1,,Healthcare,21854128.0,58404.06
SLVTF,Silver Tiger Metals Inc,0.77,16,9,7,14,7,11,5,69,-29.0,40.0,Weak,Watchlist only,68,6.5,11.6,11.0,69.6,3,,Basic Materials,417296960.0,618339.53
HNRDF,Hansard Global Plc,0.75,17,4,5,12,6,4,5,53,-13.0,40.0,Weak,Watchlist only,62,23.0,23.0,14.3,100.0,2,,Financial Services,102408792.0,1549.28
BLMWF,BluMetric Environmental Inc.,0.793,13,12,5,16,6,3,5,60,-25.0,40.0,Weak,Watchlist only,43,10.2,11.2,9.1,63.5,3,,Industrials,39897072.0,16551.22
GRPRF,Grupo Rotoplas S.A.B. de C.V,0.82,15,5,8,11,6,6,4,55,-18.0,40.0,Weak,Watchlist only,66,0.0,0.0,1.0,99.8,1,,Industrials,393338560.0,315.5
FABFF,Fab-Form Industries Ltd.,0.835,7,4,9,9,3,1,2,35,0.0,40.0,Weak,🔥 COILED: Watchlist only,30,0.0,0.0,-0.1,48.4,0,,Basic Materials,7815197.0,111.68
VHUB,"VenHub Global, Inc.",0.868,11,14,9,16,3,3,5,61,-21.0,40.0,Weak,Watchlist only,41,14.2,25.8,13.1,58.4,3,,Consumer Defensive,71652000.0,0.0
SHCAY,Sharp Corp ADR,0.93,11,10,5,5,5,5,4,45,-8.0,40.0,Weak,Watchlist only,38,4.5,-3.1,0.2,50.4,0,,Technology,2415420160.0,6627.82
UNPSF,Uni-President China Holdings Ltd,0.9,6,5,9,7,3,1,2,33,2.0,40.0,Weak,🔥 COILED: Watchlist only,26,0.0,0.0,-0.0,45.2,0,,Consumer Defensive,3887400448.0,40.0
GURNF,"Gurunavi, Inc.",0.932,8,3,10,9,3,2,2,37,0.0,40.0,Weak,Watchlist only,35,0.0,0.0,-0.0,6.3,0,,Communication Services,52568884.0,20.32
KTHUD,KMD Brands Limited,0.938,15,6,12,10,6,2,2,53,-18.0,40.0,Weak,🔥 COILED: Watchlist only,53,0.0,0.0,1.5,99.9,1,,Consumer Cyclical,44520880.0,134.47
PRFX,Painreform Ltd,0.987,7,12,9,9,4,2,2,45,-5.0,40.0,Weak,Watchlist only,18,-1.3,-17.8,-5.3,42.9,2,,Healthcare,2972172.0,1154560.54
MPFXX,Morgan Stanley Institutional Liquidity Funds - Prime Portfolio,1.0,10,7,11,6,4,2,2,42,-10.0,40.0,Weak,🔥 COILED: Watchlist only,35,0.0,0.0,0.0,54.3,0,,nan,nan,0.0
VAUCF,Viva Gold Corp,0.156,15,8,7,17,6,10,5,68,-29.8,39.2,Poor,Stay away,75,13.5,36.4,23.2,75.1,3,,Basic Materials,24783422.0,128214.4
AGTT,Angstrom Technologies Inc,0.15,15,10,4,17,6,0,5,57,-18.8,39.2,Poor,Stay away,53,0.0,0.0,21.0,56.3,1,,Basic Materials,5960523.0,30171.17
VKALF,Viking Mines Limited,0.008,11,7,12,7,3,1,3,44,-10.0,39.0,Poor,🔥 COILED: Stay away,0,0.0,1.3,1.2,52.9,0,,Basic Materials,20101146.0,0.0
JPTE,"JP 3E Holdings, Inc.",0.01,8,11,7,13,3,0,4,46,-10.0,39.0,Poor,Stay away,41,-2.9,1.0,0.4,51.0,0,,Technology,7503726.0,606875.84
NSVGF,Nass Valley Gateway Ltd,0.01,5,4,10,8,3,2,2,34,0.0,39.0,Poor,🔥 COILED: Stay away,33,0.0,0.0,0.0,50.0,0,,Healthcare,3287327.0,1380.0
ACRL,Atacama Resources International Inc,0.002,5,9,8,10,3,2,2,39,0.0,39.0,Poor,Stay away,27,0.0,-5.6,-1.6,46.5,0,,Basic Materials,2724198.0,1364789.0
SLDX,JMD Properties Inc,0.008,8,8,10,7,3,1,2,39,-5.0,39.0,Poor,🔥 COILED: Stay away,29,0.0,0.0,0.5,49.2,1,,Healthcare,2430133.0,1379.81
GBBLF,Global Energy Ventures Ltd,0.001,8,3,10,8,3,2,2,36,0.0,39.0,Poor,Stay away,34,0.0,0.0,-0.0,0.0,0,,Energy,1517706.0,27000.0
ATXMF,Advantex Marketing International Inc,0.003,7,6,11,8,3,2,2,39,-5.0,39.0,Poor,🔥 COILED: Stay away,39,0.0,0.0,0.0,50.0,1,,Communication Services,743092.0,12.49
WEGOF,Wescan Goldfields Inc,0.004,9,4,11,7,3,2,2,38,-2.0,39.0,Poor,Stay away,42,0.0,0.0,0.0,60.3,0,,Basic Materials,272374.0,45.5
CTVEF,Certive Solutions Inc,0.002,7,7,11,7,3,2,2,39,-5.0,39.0,Poor,🔥 COILED: Stay away,42,0.0,0.0,0.0,54.0,1,,Healthcare,270632.0,900.0
RVTI,Rival Technologies Inc,0.005,6,8,11,7,3,1,2,38,-2.0,39.0,Poor,Stay away,38,0.0,0.0,0.0,66.0,0,,Basic Materials,243947.0,2282.58
EPYFF,ePlay Digital Inc,0.002,5,4,10,8,3,2,2,34,0.0,39.0,Poor,🔥 COILED: Stay away,35,0.0,0.0,0.0,50.0,0,,Communication Services,188035.0,1380.58
VRSEF,Verisante Technology Inc,0.001,8,5,9,8,3,2,5,40,-1.0,39.0,Poor,Stay away,25,9.1,9.1,4.7,54.0,1,,Healthcare,52725.0,1680.98
BENFW,Beneficient Warrant,0.01,1,7,3,8,7,2,2,30,4.0,39.0,Poor,Stay away,32,2.1,-9.3,-4.5,43.3,1,,nan,nan,95923.55
EESH,Eestech Inc,0.015,4,9,7,10,3,3,5,41,2.0,39.0,Poor,Stay away,25,0.0,0.0,-2.5,47.4,0,,Industrials,4843342.0,4960.42
SBLCF,Spirit Blockchain Capital Inc.,0.011,12,6,11,14,6,2,3,54,-18.0,39.0,Poor,Stay away,53,0.0,3.6,3.4,88.3,1,,Financial Services,2242667.0,41882.75
SPFYF,Spacefy Inc,0.02,18,4,5,9,6,4,5,51,-12.0,39.0,Poor,Stay away,53,0.0,33.6,11.4,60.5,2,,Communication Services,1592218.0,2498.69
SBIG,SpringBig Holdings Inc.,0.012,15,8,7,17,6,7,5,65,-24,39,Poor,Stay away,50,150.0,150.0,82.3,84.7,3,6,Technology,487952.0,167973.89
HPAGF,China High Precision Automation Group Limited,0.03,10,3,4,8,6,2,3,36,0.0,39.0,Poor,Stay away,32,0.0,3.4,0.7,56.6,0,,Technology,31125000.0,556.53
NNOCF,Nanoco Group plc,0.03,3,3,10,8,4,5,3,36,0.0,39.0,Poor,Stay away,24,0.0,0.0,-1.3,37.5,0,,Technology,5473239.0,4716.02
KNBIF,Kane Biotech Inc,0.022,12,7,7,15,4,4,5,54,-20.0,39.0,Poor,🔥 COILED: Stay away,32,0.0,19.0,5.1,54.7,3,,Healthcare,4490738.0,0.0
AIMH,AimRite Holdings Corp,0.022,4,12,6,9,4,2,2,39,-1.0,39.0,Poor,Stay away,33,8.9,4.8,1.6,49.9,1,,Financial Services,2695603.0,56926.06
CLGCF,Clarity Gold Corp,0.025,11,14,6,12,3,3,5,54,-15.0,39.0,Poor,Stay away,28,38.9,0.0,8.3,54.1,1,,Basic Materials,1918799.0,28142.02
OARFF,Fort St. James Nickel Corp,0.023,7,7,11,7,3,2,2,39,-5.0,39.0,Poor,🔥 COILED: Stay away,37,0.0,0.0,0.0,50.0,1,,Basic Materials,598460.0,89.8
JUBPF,Jubilee Metals Group PLC,0.04,17,5,7,13,4,3,5,54,-15.0,39.0,Poor,Stay away,34,33.3,0.0,7.8,57.7,1,,Basic Materials,135253200.0,15227.0
LLKKF,Lake Resources NL,0.038,11,13,5,11,4,4,5,53,-15.0,39.0,Poor,Stay away,28,8.9,5.5,1.7,50.3,1,,Basic Materials,90122616.0,445810.85
EDNSF,Eden Research plc,0.035,5,4,10,8,3,2,2,34,0.0,39.0,Poor,🔥 COILED: Stay away,33,0.0,0.0,0.0,50.0,0,,Basic Materials,28117706.0,1000.0
DFIFF,Diamond Fields Resources Inc,0.038,12,13,5,13,8,4,2,57,-18,39,Poor,Stay away,66,240.9,357.3,34.0,53.0,4,10,Basic Materials,7617739.0,0.0
MLPH,Molecular Pharmacology (USA) Ltd,0.032,15,5,11,10,6,2,5,54,-18.0,39.0,Poor,Stay away,51,0.0,0.0,14.0,93.3,1,,Financial Services,403819.0,0.0
GBCMF,Global Bio-chem Technology Group Company Limited,0.05,15,6,11,8,3,2,2,47,-13.0,39.0,Poor,🔥 COILED: Stay away,49,0.0,0.0,1.4,99.9,0,,Consumer Defensive,83941056.0,0.0
PMOMF,Prismo Metals Inc.,0.042,13,5,6,8,0,7,5,44,-8.0,39.0,Poor,Stay away,29,17.9,-2.8,4.0,52.6,1,,Basic Materials,5024391.0,36227.07
GRDAF,Guardforce AI Co. Limited,0.043,12,17,5,3,4,2,5,48,-8.0,39.0,Poor,Stay away,32,10.0,7.3,4.4,52.9,0,,Basic Materials,3082373.0,74989.97
HDIHD,H-D International Holdings Group,0.05,15,6,12,7,3,2,2,47,-13.0,39.0,Poor,🔥 COILED: Stay away,49,0.0,0.0,2.5,100.0,0,,Technology,nan,0.0
ARCXF,ArcelorMittal South Africa Ltd,0.059,8,3,10,9,3,6,2,41,-5.0,39.0,Poor,Stay away,41,0.0,0.0,-0.0,34.2,1,,Basic Materials,65427768.0,23.56
QWTR,Quest Water Global Inc,0.06,11,11,3,8,6,2,3,44,-1.0,39.0,Poor,Stay away,55,-7.7,-7.7,19.3,54.6,1,,Industrials,7914181.0,11634.18
NRCD,Nashville Records Inc,0.052,7,3,10,9,3,2,2,36,0.0,39.0,Poor,Stay away,38,0.0,0.0,-0.0,5.7,0,,Communication Services,5216641.0,2.9
SHIEF,Shield Therapeutics plc,0.07,9,7,4,12,4,3,2,41,-5.0,39.0,Poor,Stay away,21,0.0,0.0,1.8,51.3,1,,Healthcare,75321744.0,11261.22
FDVXF,FenixOro Gold Corp,0.07,9,3,10,8,4,5,2,41,-5.0,39.0,Poor,Stay away,40,0.0,0.0,-0.8,22.9,1,,Basic Materials,7579987.0,6807.9
SNYXF,Vital Energy Inc,0.07,8,3,10,8,3,2,2,36,0.0,39.0,Poor,Stay away,35,0.0,0.0,-0.0,0.0,0,,Energy,5788998.0,337.5
CYTOF,Altamira Therapeutics Ltd.,0.07,13,8,9,8,4,5,5,52,-18.0,39.0,Poor,🔥 COILED: Stay away,37,9.4,11.1,4.9,52.7,3,,Healthcare,400083.0,3982.84
STKKF,Strike Energy Limited,0.073,7,6,11,9,3,1,4,41,-5.0,39.0,Poor,Stay away,30,0.0,0.0,0.5,52.3,1,,Energy,295090528.0,3591.55
STLXF,Stellar AfricaGold Inc,0.072,17,8,2,10,5,5,5,52,-13.0,39.0,Poor,Stay away,40,5.8,-0.6,12.3,55.0,1,,Basic Materials,4918290.0,26324.2
GALMF,Galileo Mining Ltd,0.099,4,7,10,9,0,2,2,34,0.0,39.0,Poor,🔥 COILED: Stay away,30,0.0,0.0,-0.0,41.6,0,,Basic Materials,19564868.0,0.0
SSACW,SPACSphere Acquisition Corp. Warrant,0.094,2,9,8,11,5,0,2,37,2.0,39.0,Poor,Stay away,0,-6.1,-14.7,-8.0,44.6,1,,nan,nan,0.0
BRCHF,BrainChip Holdings Ltd,0.1,6,10,7,8,2,2,4,39,-3.0,39.0,Poor,Stay away,25,5.3,-1.3,1.5,50.8,1,,Technology,241386064.0,357640.75
FUUFF,F3 Uranium Corp.,0.123,17,9,7,17,6,4,5,65,-26.0,39.0,Poor,Stay away,49,16.5,16.8,14.0,71.5,3,,Energy,71311224.0,460737.53
OPTBF,Oriental Petroleum and Minerals Corporation,0.11,7,3,10,9,3,2,2,36,0.0,39.0,Poor,Stay away,30,0.0,0.0,-0.0,0.0,0,,Healthcare,11363033.0,4550.0
HMMR,Hammer Fiber Optics Holdings Corp,0.109,3,11,7,13,4,2,2,42,-1.0,39.0,Poor,Stay away,25,-2.9,-2.9,2.6,50.1,1,,Communication Services,7527229.0,14329.95
IHAI,Innovative Holdings Alliance Inc,0.105,3,11,0,13,8,0,2,37,2.0,39.0,Poor,Stay away,43,-19.2,-11.0,-8.5,45.2,0,,Financial Services,6007151.0,16662.29
MURMF,Murchison Minerals Ltd,0.147,4,7,8,7,3,7,3,39,0.0,39.0,Poor,Stay away,35,2.8,2.8,0.2,47.9,0,,Basic Materials,3057627.0,8737.91
FUST,Fuse Group Holding Inc,0.1,15,9,7,14,3,2,5,55,-21.0,39.0,Poor,Stay away,38,25.0,25.0,18.6,79.9,3,,Basic Materials,1722571.0,4101.95
VUVAF,Texton Property Fund Ltd Accum.Units ZAR,0.136,8,3,10,8,3,2,2,36,0.0,39.0,Poor,Stay away,34,0.0,0.0,-0.0,0.0,0,,Real Estate,nan,7145.05
GNS,Genius Group Ltd,0.196,14,12,9,8,3,5,5,56,-20.0,39.0,Poor,Stay away,30,15.1,23.8,15.6,64.5,3,,Consumer Defensive,33110944.0,4885280.51
AAUAF,Almaden Minerals Ltd.,0.18,7,7,2,11,5,4,2,38,0.0,39.0,Poor,Stay away,42,-2.0,-14.2,-2.3,48.0,1,,Basic Materials,24725374.0,64597.28
LABZF,Metasphere Labs Inc.,0.174,10,7,11,7,0,2,2,39,-5.0,39.0,Poor,🔥 COILED: Stay away,54,0.0,0.0,0.0,54.4,1,,Technology,5155069.0,4922.05
AXVEF,CDN Maverick Capital Corp,0.197,16,3,4,9,6,3,5,46,-7.0,39.0,Poor,Stay away,54,6.3,8.9,8.8,68.8,2,,Basic Materials,4106737.0,574.44
ECIA,Encision Inc,0.19,19,8,6,11,6,7,5,62,-21,39,Poor,Stay away,55,367.7,344.7,206.6,81.9,4,7,Healthcare,714618.0,4127.91
GNZUF,Guangzhou Automobile Group Co. Ltd,0.29,11,6,7,14,5,0,5,48,-9.0,39.0,Poor,Stay away,28,0.0,0.0,2.4,63.1,1,,Consumer Cyclical,2957148928.0,3140.54
MRZLF,Mirasol Resources Ltd,0.243,16,6,10,11,1,2,4,50,-11.0,39.0,Poor,Stay away,34,5.8,5.8,2.6,55.3,1,,Basic Materials,21263326.0,8121.45
VTGN,VistaGen Therapeutics Inc,0.257,3,11,4,9,4,6,5,42,-3.0,39.0,Poor,Stay away,29,7.1,-4.8,-0.9,45.2,1,,Healthcare,11537997.0,2427934.12
DIPGF,Datang International Power Generation Co. Ltd,0.31,15,5,6,9,6,6,5,52,-13.0,39.0,Poor,Stay away,65,0.0,0.0,2.4,100.0,0,,Utilities,4466448384.0,0.0
VACBF,Nykode Therapeutics AS,0.354,17,4,7,9,4,1,5,47,-8.0,39.0,Poor,Stay away,40,0.0,0.0,2.8,78.3,1,,Healthcare,184789232.0,147.59
NZMEF,NZME Limited,0.35,5,4,10,8,3,2,2,34,0.0,39.0,Poor,🔥 COILED: Stay away,37,0.0,0.0,0.0,50.0,1,,Communication Services,65863564.0,0.0
BLZRW,Trailblazer Acquisition Corp. Warrant,0.38,4,13,1,9,4,4,2,37,4.0,39.0,Poor,Stay away,26,18.7,-15.0,-0.5,48.3,0,,nan,nan,0.0
HGLD,Patagonia Gold Corp,0.42,12,8,3,10,3,0,5,41,-3.0,39.0,Poor,Stay away,30,2.4,2.4,6.5,54.2,1,,Basic Materials,187900592.0,144065.24
GEBHF,Genting Berhad,0.5,7,4,9,8,3,3,2,36,0.0,39.0,Poor,Stay away,23,0.0,0.0,-0.4,20.9,1,,Consumer Cyclical,1960713216.0,0.0
MGAFF,Mega Uranium Ltd.,0.5,14,5,6,14,5,3,5,52,-13.0,39.0,Poor,Stay away,56,13.6,19.0,13.4,70.3,2,,Energy,188601312.0,129690.37
ILLMF,illumin Holdings Inc.,0.563,10,12,4,10,6,2,5,49,-8.0,39.0,Poor,Stay away,32,-2.8,0.5,4.3,56.9,1,,Communication Services,28602240.0,18574.36
PBSV,Pharma-Bio Serv Inc,0.54,11,9,2,5,4,3,5,39,-8.0,39.0,Poor,🔥 COILED: Stay away,39,28.6,0.0,3.8,52.8,0,,Healthcare,12366914.0,3596.44
IVREF,Inovalis Real Estate Investment Trust,0.598,4,5,10,7,6,5,2,39,-5.0,39.0,Poor,🔥 COILED: Stay away,35,0.0,0.0,-0.1,46.5,1,,Real Estate,20292058.0,0.0
FTBYF,Fortune Bay Corp,0.615,15,10,5,16,7,9,5,67,-28.0,39.0,Poor,Stay away,71,15.5,38.9,16.5,65.6,3,,Basic Materials,42638504.0,25418.48
FOSUF,Fosun International Ltd,0.66,16,0,5,9,6,3,5,44,-5.0,39.0,Poor,Stay away,53,8.2,1.5,8.0,79.0,1,,Industrials,5363702784.0,217.0
JBPHF,Jacobio Pharmaceuticals Group Co. Ltd.,0.678,5,7,4,10,3,3,4,36,0.0,39.0,Poor,Stay away,29,0.0,6.0,0.7,45.6,0,,Healthcare,530629664.0,68.45
RPMT,Rego Payment Architectures Inc,0.66,13,12,7,13,5,4,5,59,-18.0,39.0,Poor,Stay away,57,8.2,1.5,6.0,58.1,2,,Technology,89946960.0,50342.87
ITRE,IntriEnergy Inc,0.65,5,4,10,8,3,2,2,34,0.0,39.0,Poor,🔥 COILED: Stay away,32,0.0,0.0,0.0,50.0,0,,Utilities,nan,7.85
HUNGF,Huaneng Power International Inc,0.735,4,8,8,8,3,3,2,36,0.0,39.0,Poor,Stay away,35,0.0,2.3,-1.3,38.7,0,,Utilities,11624468480.0,0.0
SJMHY,SJM Holdings Ltd ADR,0.74,7,6,8,11,3,4,2,41,-5.0,39.0,Poor,Stay away,20,0.0,0.0,-0.1,35.8,1,,Consumer Cyclical,1313833984.0,389.13
PRWYF,Prodways Group SA,0.862,9,5,8,8,0,5,2,37,-3.0,39.0,Poor,🔥 COILED: Stay away,35,0.0,0.0,-0.4,49.4,1,,Technology,27942070.0,87.22
ORIO,Orion Digital Corp.,0.87,11,13,3,7,6,4,5,49,-8.0,39.0,Poor,Stay away,27,-1.1,-2.3,6.6,56.7,1,,Technology,19473952.0,69810.61
AZEM,AZEM,0.87,10,5,2,12,2,5,5,41,2.0,39.0,Poor,Stay away,0,-6.5,6.1,1.2,50.8,0,,nan,nan,0.0
MMILF,Metro Mining Limited,0.935,8,3,9,7,4,3,2,36,0.0,39.0,Poor,Stay away,40,0.0,0.0,-1.5,22.2,0,,Basic Materials,288260768.0,0.0
ESPT,"Espre Technologies, Inc.",0.9,8,3,10,8,3,2,2,36,0.0,39.0,Poor,Stay away,37,0.0,0.0,-0.0,0.0,0,,Technology,4768201.0,29.93
HZNFF,Horizon Oil Limited,0.2,20,6,6,13,3,6,5,59,-20.8,38.2,Poor,Stay away,50,25.0,42.9,28.6,69.4,3,,Energy,212937424.0,0.0
PTLKF,PT Lippo Karawaci Tbk,0.01,5,4,10,7,3,2,2,33,0.0,38.0,Poor,🔥 COILED: Stay away,36,0.0,0.0,-0.0,44.7,0,,Healthcare,35438660.0,0.0
ACMNF,Arc Minerals Limited,0.01,8,3,10,7,3,2,2,35,0.0,38.0,Poor,Stay away,35,0.0,0.0,-0.0,0.0,0,,Basic Materials,24349914.0,7.5
MTBMF,Mount Burgess Mining N.L,0.001,8,3,10,7,3,2,2,35,0.0,38.0,Poor,Stay away,31,0.0,0.0,-0.0,0.0,0,,Basic Materials,7739178.0,367.85
IPIX,Innovation Pharmaceuticals Inc,0.002,9,18,5,14,3,2,5,56,-19,38,Poor,Stay away,46,275.0,400.0,65.4,53.1,3,7,Healthcare,207339.0,221761.54
CPIHF,Champion Technology Holdings Ltd,0.016,5,4,10,7,3,2,2,33,0.0,38.0,Poor,🔥 COILED: Stay away,34,0.0,0.0,0.0,50.0,0,,Energy,17561838.0,0.43
VMST,"VeeMost Technologies Holdings, Inc.",0.02,15,14,6,15,5,2,5,62,-27,38,Poor,Stay away,48,33.6,47.4,25.1,60.3,3,,Technology,5525004.0,577337.35
VZTCF,Vaultz Capital Plc,0.02,5,6,10,7,3,2,2,35,0.0,38.0,Poor,Stay away,31,0.0,0.0,-0.0,4.3,0,,Financial Services,4259819.0,162.93
JRSS,JRSIS Health Care Corporation,0.018,3,8,9,7,3,4,2,36,-3.0,38.0,Poor,🔥 COILED: Stay away,29,0.0,0.0,-1.2,43.7,1,,Consumer Cyclical,1673975.0,48945.73
HIGR,Hi-Great Group Holding Co,0.015,7,7,5,9,3,2,5,38,0.0,38.0,Poor,Stay away,34,0.0,36.4,3.8,47.3,2,,Consumer Defensive,1522500.0,2977.94
RVRVF,Pathfinder Ventures Inc,0.02,4,8,10,8,3,1,2,36,-3.0,38.0,Poor,🔥 COILED: Stay away,27,0.0,0.0,-0.2,42.8,1,,Consumer Cyclical,1208457.0,2379.73
DAICW,"CID HoldCo, Inc. Warrants",0.018,17,13,3,11,7,3,5,59,-21,38,Poor,Stay away,32,513.8,263.3,102.7,63.9,2,8,nan,nan,45914.29
RTRFF,Rumble Resources Limited,0.022,9,6,11,8,0,2,2,38,-5.0,38.0,Poor,🔥 COILED: Stay away,40,0.0,0.0,0.0,50.0,1,,Basic Materials,398081536.0,33.38
MALDF,Macau Legend Development Limited,0.021,8,6,10,7,3,4,2,40,-5.0,38.0,Poor,Stay away,32,0.0,0.0,-0.0,19.3,1,,Consumer Cyclical,14567534.0,84.64
RTTGF,RTG Mining Inc,0.033,17,4,7,12,6,2,5,53,-15.0,38.0,Poor,Stay away,57,-0.6,0.3,6.3,82.3,0,,Basic Materials,76302208.0,42793.78
CBSC,CB Scientific Inc,0.04,16,7,6,13,4,6,5,57,-19.0,38.0,Poor,Stay away,55,11.1,66.7,17.0,68.5,3,,Healthcare,6817543.0,17741.95
PRRSF,Posera Ltd,0.032,5,8,5,7,2,6,5,38,-3.0,38.0,Poor,Stay away,28,5.3,4.6,1.5,50.4,1,,Basic Materials,3665919.0,60561.59
QDROF,Quadro Resources Ltd,0.032,12,5,4,10,4,3,3,41,-3.0,38.0,Poor,Stay away,37,2.5,2.5,2.2,51.9,1,,Basic Materials,1350614.0,1310.58
EQTXF,Lake Winn Resources Corp,0.04,7,6,11,7,3,2,2,38,-5.0,38.0,Poor,🔥 COILED: Stay away,46,0.0,0.0,0.0,50.0,1,,Basic Materials,1102338.0,1178.79
GBCMD,Global Bio-chem Technology Group Company Limited,0.05,15,6,10,8,3,2,2,46,-13.0,38.0,Poor,🔥 COILED: Stay away,48,0.0,0.0,1.2,100.0,0,,Consumer Defensive,83941056.0,0.0
DGNMF,Diagnamed Holdings Corp.,0.044,14,6,10,14,5,3,5,57,-19.0,38.0,Poor,Stay away,34,1.6,13.2,12.3,60.8,3,,Healthcare,5751326.0,95106.96
JMPHF,Leveljump Healthcare Corp,0.043,8,3,10,7,3,2,2,35,0.0,38.0,Poor,Stay away,44,0.0,0.0,-0.0,6.7,0,,Healthcare,4739467.0,12.5
XXMMF,Ximen Mining Corp,0.05,6,8,10,8,1,5,2,40,-5.0,38.0,Poor,Stay away,14,0.0,0.0,-1.6,47.4,1,,Basic Materials,3523323.0,0.0
BTGRF,BTS Group Holdings Public Company Limited,0.074,8,3,10,7,3,2,2,35,0.0,38.0,Poor,Stay away,30,0.0,0.0,-0.0,0.0,0,,Industrials,1193323008.0,251.38
SMNLF,Strategic Minerals Plc,0.08,18,4,6,10,6,2,5,51,-13.0,38.0,Poor,Stay away,0,0.0,33.3,14.5,92.7,2,,Basic Materials,225502080.0,0.0
BRNHF,Broncus Holding Corporation,0.08,8,4,10,9,3,2,2,38,-5.0,38.0,Poor,🔥 COILED: Stay away,36,0.0,0.0,-0.0,48.1,1,,Healthcare,42126324.0,300.0
GMDMF,Gem Diamonds Limited,0.077,15,4,7,13,6,6,5,56,-18.0,38.0,Poor,Stay away,62,0.0,10.0,9.5,98.3,2,,Basic Materials,10794374.0,1375.0
RSMXF,Regency Silver Corp.,0.088,10,5,5,8,6,5,4,43,-5.0,38.0,Poor,Stay away,42,-0.1,-2.0,1.7,57.1,1,,Basic Materials,12180802.0,105888.07
XIAXF,Xiabuxiabu Catering Management (China) Holdings Co. Ltd,0.138,7,6,11,9,3,2,2,40,-5.0,38.0,Poor,Stay away,43,0.0,0.0,0.0,78.2,1,,Consumer Cyclical,144595056.0,1.12
CPNFF,Euro Sun Mining Inc,0.112,10,5,6,11,1,5,5,43,-5.0,38.0,Poor,Stay away,28,0.4,-2.2,1.5,52.2,1,,Basic Materials,51411680.0,93327.6
TGOLF,Thunder Gold Corp.,0.129,15,3,4,14,5,2,5,48,-10.0,38.0,Poor,Stay away,58,-14.2,12.5,12.1,60.4,2,,Basic Materials,39907764.0,119906.01
MSMGF,Grid Metals Corp,0.11,10,8,6,15,7,6,5,57,-17.0,38.0,Poor,Stay away,63,3.8,9.0,6.6,62.7,2,,Basic Materials,25726048.0,138019.09
PVGDF,Provenance Gold Corp,0.124,15,5,6,15,5,7,5,58,-18.0,38.0,Poor,Stay away,33,10.7,11.4,5.3,55.9,3,,Basic Materials,23224252.0,144774.3
ROOOF,Northstar Clean Technologies Inc,0.138,6,13,5,5,8,4,5,46,-11.0,38.0,Poor,🔥 COILED: Stay away,27,4.6,-1.3,2.4,53.0,1,,Industrials,21284692.0,45473.39
OAMCF,OverActive Media Corp,0.108,6,7,10,7,3,3,2,38,-5.0,38.0,Poor,🔥 COILED: Stay away,21,0.0,0.0,-0.4,40.1,1,,Communication Services,14095144.0,2308.43
OXBRW,Oxbridge Re Holdings Equity Warrant,0.109,6,9,3,8,9,2,3,40,-2.0,38.0,Poor,Stay away,34,26.0,9.9,4.6,51.0,1,,nan,574505.0,5790.33
MGN,Megan Holdings Limited Ordinary Shares,0.111,8,14,5,3,6,5,5,46,-6.0,38.0,Poor,Stay away,28,0.0,8.7,4.0,50.8,1,,Industrials,100825.0,14189489.33
PFGTF,Pacific Edge Limited,0.194,15,5,8,10,6,4,5,53,-18.0,38.0,Poor,Stay away,59,0.0,0.0,2.3,89.1,1,,Healthcare,240671056.0,796.67
DAZSF,Da Ai Zhi Shui International Holding Group Ltd,0.19,10,9,5,8,2,1,5,40,-2.0,38.0,Poor,Stay away,47,0.0,0.0,7.5,65.4,0,,Consumer Cyclical,34010000.0,0.0
AETN,Aeternum Health Inc.,0.15,15,5,3,14,3,2,5,47,-9.0,38.0,Poor,Stay away,0,5.6,-14.8,3.8,52.9,1,,Consumer Cyclical,18255776.0,0.0
HPTO,hopTo Inc,0.17,16,4,5,10,6,5,5,51,-13.0,38.0,Poor,Stay away,60,13.3,13.3,11.3,99.0,2,,Technology,3225948.0,267.5
IREHF,Integrated Research Limited,0.2,11,6,12,10,3,2,2,46,-13.0,38.0,Poor,🔥 COILED: Stay away,42,0.0,0.0,0.3,99.7,0,,Technology,36118364.0,157.26
CMWCF,Cromwell Property Group,0.252,8,3,10,7,3,2,2,35,0.0,38.0,Poor,Stay away,30,0.0,0.0,-0.0,0.0,0,,Real Estate,661001984.0,51.9
ANKOF,Angkor Resources Corp,0.28,15,6,6,17,7,6,5,62,-22.0,38.0,Poor,Stay away,62,7.7,18.5,13.5,66.4,3,,Basic Materials,58509940.0,79932.53
SYNTF,Syntholene Energy Corp.,0.298,7,13,8,8,4,4,5,49,-11.0,38.0,Poor,Stay away,28,2.4,7.5,1.9,50.1,2,,Energy,22258310.0,0.0
HPDHF,Hopson Development Holdings Limited,0.33,5,4,10,7,3,2,2,33,0.0,38.0,Poor,🔥 COILED: Stay away,32,0.0,0.0,0.0,50.0,0,,Real Estate,1251538560.0,6.6
SYHBF,Skyharbour Resources Ltd,0.339,16,6,6,8,3,1,5,45,-7.0,38.0,Poor,Stay away,50,16.2,16.6,10.4,65.2,2,,Basic Materials,76074984.0,122353.0
RVSDF,Riverside Resources Inc,0.306,17,10,8,16,6,7,5,69,-29,38,Poor,Stay away,72,13.5,13.5,10.4,62.2,4,,nan,21903062.0,60908.37
ACDXF,American Copper Development Corporation,0.342,10,3,8,8,3,4,4,40,-5.0,38.0,Poor,Stay away,59,-9.2,-9.2,-3.4,41.1,1,,Basic Materials,8590462.0,710.96
KIMO,KIMO,0.33,5,4,10,7,3,2,2,33,0.0,38.0,Poor,🔥 COILED: Stay away,32,0.0,0.0,0.0,50.0,0,,Consumer Defensive,5765972.0,40.0
MDIYF,Mr D.I.Y. Group (M) Berhad,0.355,8,3,10,7,3,2,2,35,0.0,38.0,Poor,Stay away,35,0.0,0.0,-0.0,21.4,0,,Consumer Cyclical,3363556352.0,95.08
PNTRF,Pantera Silver Corp.,0.38,9,9,4,8,7,3,5,45,-8.0,38.0,Poor,Stay away,47,8.6,-11.6,0.3,51.2,1,,Basic Materials,29207144.0,35380.59
KPEA,Kun Peng International Ltd.,0.365,16,7,8,10,4,9,3,57,-22.0,38.0,Poor,Stay away,50,25.9,14.1,9.2,62.8,3,,Consumer Cyclical,14600228.0,690.85
DHAWF,Daiwa House Logistics Trust,0.41,5,4,10,7,3,2,2,33,0.0,38.0,Poor,🔥 COILED: Stay away,32,0.0,0.0,0.0,50.0,0,,Real Estate,287650784.0,0.27
KNBA,Kinbasha Gaming International Inc,0.428,14,6,5,16,7,9,5,62,-24,38,Poor,Stay away,66,113.7,434.4,97.4,85.4,2,6,Financial Services,42750000.0,1739.86
EPOW,Sunrise New Energy Co. Ltd,0.448,2,8,2,13,3,4,4,36,-3.0,38.0,Poor,Stay away,10,-5.1,-19.0,-5.4,42.8,1,,Industrials,16614847.0,318496.88
GMALF,Genting Malaysia Berhad,0.492,5,3,10,8,3,4,2,35,0.0,38.0,Poor,Stay away,42,0.0,0.0,-0.0,35.8,0,,Consumer Cyclical,2788528896.0,0.0
CLDHF,CapitaLand China Trust,0.49,4,4,9,8,3,3,2,33,0.0,38.0,Poor,🔥 COILED: Stay away,20,0.0,0.0,-0.1,44.4,1,,Real Estate,861003648.0,72.28
CEBUF,Cebu Air Inc,0.469,4,7,9,7,3,1,2,33,0.0,38.0,Poor,🔥 COILED: Stay away,21,0.0,0.0,-0.1,47.9,0,,Industrials,287560832.0,17.75
MLMLF,McFarlane Lake Mining Limited,0.497,18,6,8,15,7,11,5,70,-30,38,Poor,Stay away,68,45.2,85.8,41.8,79.3,3,,Basic Materials,250170672.0,904134.0
TGDLF,Tongdao Liepin Group,0.483,8,3,10,7,3,2,2,35,0.0,38.0,Poor,Stay away,32,0.0,0.0,-0.0,0.0,0,,Industrials,221970384.0,33.25
HAATF,Haad Thip Public Company Limited,0.484,8,3,10,7,3,2,2,35,0.0,38.0,Poor,Stay away,33,0.0,0.0,-0.0,0.0,0,,Consumer Defensive,194449376.0,155.0
MSN,Emerson Radio Corporation,0.474,17,9,5,17,6,5,5,64,-29.0,38.0,Poor,Stay away,67,24.7,24.7,16.0,71.6,3,,Technology,9471298.0,117313.37
MXTRF,Montero Mining and Exploration Ltd,0.45,13,4,8,11,6,6,5,53,-18.0,38.0,Poor,Stay away,52,0.0,0.0,9.1,91.9,1,,Basic Materials,3804224.0,1844.38
GRMHF,Greentown Management Holdings Company Limited,0.5,5,4,10,7,3,2,2,33,0.0,38.0,Poor,🔥 COILED: Stay away,34,0.0,0.0,0.0,50.0,0,,Real Estate,980919168.0,2.5
GENMF,Generation Mining Limited,0.548,13,3,5,14,3,0,5,43,-5.0,38.0,Poor,Stay away,59,-2.0,1.3,3.4,58.7,1,,Basic Materials,177562144.0,187251.75
BECVY,BEC World PCL ADR,0.53,6,3,10,9,3,2,2,35,0.0,38.0,Poor,Stay away,32,0.0,0.0,-0.0,0.0,0,,Communication Services,119393552.0,0.0
AUXXF,Allegiant Gold Ltd,0.518,11,7,7,7,3,3,3,41,-3.0,38.0,Poor,Stay away,26,10.1,5.9,5.1,56.2,2,,Basic Materials,60157684.0,108713.71
BSDGF,Bosideng International Holdings Limited,0.587,5,8,3,10,8,0,2,36,2.0,38.0,Poor,Stay away,42,-5.3,-5.5,-2.5,47.3,1,,Consumer Cyclical,6636595712.0,5641.38
CNENF,Claren Energy Corp,0.55,9,3,9,7,4,1,2,35,0.0,38.0,Poor,Stay away,19,0.0,0.0,-0.3,0.0,0,,Energy,5960436.0,61.85
SBDCF,SBD Capital Corp,0.591,7,6,11,7,3,2,2,38,-5.0,38.0,Poor,🔥 COILED: Stay away,41,0.0,0.0,0.0,50.0,1,,Consumer Defensive,1437016.0,1126.04
HPIFF,Huadian Power International Corporation Limited,0.614,9,3,11,8,3,2,2,38,-3.0,38.0,Poor,Stay away,0,0.0,0.0,0.0,78.3,0,,Utilities,7129629696.0,0.0
NICMF,Nickel Mines Limited,0.624,12,4,11,15,3,2,3,50,-12.0,38.0,Poor,Stay away,38,7.7,9.8,5.3,63.6,2,,Basic Materials,2709150976.0,3646.97
FRWDF,Fairwood Holdings Limited,0.638,8,3,10,7,3,2,2,35,0.0,38.0,Poor,Stay away,33,0.0,0.0,-0.0,0.1,0,,Consumer Cyclical,82654680.0,137.5
ADCNF,Adicon Holdings Limited,0.65,5,4,10,7,3,2,2,33,0.0,38.0,Poor,🔥 COILED: Stay away,31,0.0,0.0,0.0,50.0,0,,Healthcare,466598304.0,5535.4
EMPYF,Empress Royalty Corp,0.715,13,11,5,10,7,2,5,53,-15.0,38.0,Poor,Stay away,50,-2.0,4.8,3.9,61.5,0,,Basic Materials,98676984.0,373711.24
TOPS,TOP Ships Inc.,0.789,9,6,5,8,2,0,5,35,0.0,38.0,Poor,Stay away,22,-0.1,-9.3,-0.7,48.3,0,,Energy,4438877.0,363715.47
DH,Definitive Healthcare Corp,0.814,14,13,9,15,4,2,5,62,-22.0,38.0,Poor,Stay away,30,11.9,27.1,12.9,64.9,3,,Healthcare,84338992.0,370579.76
BABB,BAB Inc,0.84,8,13,4,10,3,1,2,41,-3.0,38.0,Poor,Stay away,34,0.0,1.2,-0.3,48.6,0,,Consumer Defensive,6101346.0,7082.72
FVEDMX,FVEDMX,0.831,4,11,5,8,0,3,2,33,2.0,38.0,Poor,Stay away,26,-0.1,-0.0,-0.2,43.2,0,,nan,nan,0.0
GGNPF,PT Gudang Garam Tbk,0.9,4,3,10,10,3,3,2,35,0.0,38.0,Poor,Stay away,0,0.0,0.0,-0.2,15.5,0,,Consumer Defensive,1616233984.0,0.0
TLSIW,TriSalus Life Sciences Inc.,0.9,7,9,3,13,7,2,5,46,-8.0,38.0,Poor,Stay away,36,60.7,-28.0,5.8,51.4,0,10,nan,nan,3547.58
BCTXL,BriaCell Therapeutics Corp. Warrant expiring 2031,0.93,14,5,4,9,5,0,3,40,-2.0,38.0,Poor,Stay away,39,-7.0,9.4,0.4,50.8,1,,nan,nan,0.0
BKFCF,Bank of Communications Co. Ltd,0.97,17,4,8,10,3,2,4,48,-13.0,38.0,Poor,Stay away,55,0.0,0.0,1.6,93.2,0,,Financial Services,85712871424.0,0.0
SHZNF,Shenzhen Expressway Company Limited,0.95,8,4,11,8,3,2,2,38,-3.0,38.0,Poor,Stay away,0,0.0,0.0,0.0,71.0,0,,Industrials,2929030656.0,0.0
CPADF,Cookpad Inc,0.977,8,3,10,7,3,2,2,35,0.0,38.0,Poor,Stay away,36,0.0,0.0,-0.0,0.0,0,,Communication Services,70231256.0,177.04
ISPXX,Voya Investors Trust - Voya Liquid Assets Portfolio,1.0,12,8,7,6,4,2,2,41,-8.0,38.0,Poor,🔥 COILED: Stay away,30,0.0,0.0,0.0,57.7,0,,nan,nan,0.0
TAGP,Tristar Acquisition Group,0.5,15,1,6,15,7,3,5,52,-14.2,37.8,Poor,Stay away,64,0.0,38.9,26.1,71.3,2,,Industrials,103535896.0,13428.45
GMELF,GOME Retail Holdings Limited,0.002,5,3,10,8,3,3,2,34,0.0,37.0,Poor,Stay away,18,0.0,0.0,-0.3,27.4,0,,Consumer Cyclical,119874920.0,875.0
SFRX,Seafarer Exploration,0.002,3,14,2,7,4,0,2,32,2.0,37.0,Poor,Stay away,16,-5.9,6.7,-4.0,44.0,0,,Industrials,17002232.0,3919964.36
KRCLF,King River Resources Ltd,0.01,12,6,11,6,3,2,2,42,-10.0,37.0,Poor,🔥 COILED: Stay away,49,0.0,0.0,0.0,50.0,0,,Basic Materials,15585870.0,270.0
BLIBQ,BB Liquidating Inc B,0.01,19,8,7,12,6,10,5,67,-30,37,Poor,Stay away,56,25.0,25.0,15.2,82.3,3,,Communication Services,2193705.0,2531.43
ALTPF,Altiplano Metals Inc,0.01,6,11,12,8,3,3,4,47,-6.0,37.0,Poor,Stay away,18,5.0,5.0,0.9,43.3,1,,Basic Materials,1864399.0,35293.23
GRSFF,Greencastle Resources Ltd,0.007,5,4,10,10,0,6,2,37,-5.0,37.0,Poor,🔥 COILED: Stay away,32,0.0,0.0,-0.0,48.8,1,,Energy,1442766.0,290.0
EMRH,Emerging Holdings Inc,0.011,5,4,8,7,3,5,2,34,0.0,37.0,Poor,Stay away,39,0.0,0.0,-7.8,10.4,0,,Basic Materials,1299375.0,1273.83
ECWDF,EC World Real Estate Investment Trust,0.002,9,6,11,7,0,2,2,37,-5.0,37.0,Poor,🔥 COILED: Stay away,44,0.0,0.0,0.0,50.0,1,,Real Estate,1214757.0,95.0
DRKOF,Martello Technologies Group Inc,0.002,10,8,9,10,3,2,2,44,-7.0,37.0,Poor,Stay away,38,0.0,0.0,0.0,69.6,1,,Technology,1167415.0,0.0
SLGWQ,SLANG Worldwide Inc.,0.003,8,4,10,8,3,2,2,37,-5.0,37.0,Poor,🔥 COILED: Stay away,37,0.0,0.0,0.0,50.0,1,,Healthcare,1038227.0,329.32
LSLCF,Lachlan Star Limited,0.003,8,6,10,8,3,2,2,39,-5.0,37.0,Poor,Stay away,30,0.0,0.0,-0.0,23.1,1,,Basic Materials,1003202.0,23.37
NXGT,Nexteligent Holdings Inc,0.006,4,4,8,10,3,6,2,37,0.0,37.0,Poor,Stay away,28,0.0,0.0,-0.2,38.0,0,,Healthcare,930682.0,14735.78
MMSDF,Macarthur Minerals Limited,0.002,4,3,10,7,3,5,2,34,0.0,37.0,Poor,Stay away,22,0.0,0.0,-1.3,31.6,0,,Basic Materials,822543.0,2893.79
INKWD,"Greene Concepts, Inc.",0.009,13,4,5,13,3,2,5,45,-8.0,37.0,Poor,Stay away,59,-39.3,-13.3,4.1,53.5,0,,nan,637725.0,318262.37
CSUI,Cannabis Suisse Corp,0.008,10,5,8,10,1,3,2,39,-2.0,37.0,Poor,Stay away,40,-2.5,95.0,1.9,51.0,2,,Real Estate,565447.0,10015.75
DMIFF,Diamcor Mining Inc,0.002,5,3,10,7,3,4,2,34,0.0,37.0,Poor,Stay away,20,0.0,0.0,-0.1,21.6,0,,Basic Materials,421597.0,15406.94
SMGI,SMG Industries Inc,0.001,7,5,10,7,4,6,2,41,-7.0,37.0,Poor,Stay away,42,0.0,0.0,-0.0,69.9,1,,Energy,348471.0,0.0
AJOY,Ayujoy Herbals Ltd,0.002,5,3,10,9,3,2,2,34,0.0,37.0,Poor,Stay away,26,0.0,0.0,-0.0,6.6,0,,Consumer Defensive,136730.0,2610.12
VPRIF,Vitality Products Inc,0.002,8,7,10,4,6,2,2,39,-10.0,37.0,Poor,🔥 COILED: Stay away,27,0.0,0.0,0.1,43.3,0,,Consumer Defensive,103528.0,275.13
FLWBF,Flow Beverage Corp,0.001,7,6,10,9,3,2,2,39,-5.0,37.0,Poor,Stay away,30,0.0,0.0,-0.0,9.4,1,,Consumer Defensive,95383.0,2423.91
CGFEF,CF Energy Corp,0.001,6,3,10,7,3,3,2,34,0.0,37.0,Poor,Stay away,18,0.0,0.0,-2.2,0.0,0,,Utilities,65885.0,366.5
FUGI,Fuego Enterprises Inc,0.001,7,4,10,7,3,1,2,34,0.0,37.0,Poor,Stay away,25,0.0,0.0,-0.0,0.0,0,,Industrials,24326.0,2344.4
BMCS,Biotech Medics Ne,0.001,13,6,12,9,6,2,2,50,-18.0,37.0,Poor,🔥 COILED: Stay away,29,0.0,0.0,11.0,87.0,1,,Healthcare,20535.0,6187.45
CSSXF,China Shuifa Singyes Energy Holdings Limited,0.02,5,3,9,10,3,2,2,34,0.0,37.0,Poor,Stay away,18,0.0,0.0,-0.0,0.0,0,,Technology,52030068.0,32.0
SXOOF,St-Georges Eco-Mining Corp,0.016,9,6,2,12,5,2,3,39,-3.0,37.0,Poor,Stay away,26,26.2,-3.5,7.4,53.2,1,,Basic Materials,5707904.0,124837.42
CUBXF,CubicFarm Systems Corp,0.02,7,7,11,9,3,2,2,41,-7.0,37.0,Poor,Stay away,41,0.0,0.0,0.0,61.7,1,,Industrials,789791.0,2176.98
PTCO,PetroGas Co,0.019,8,7,9,9,4,5,5,47,-13.0,37.0,Poor,Stay away,29,5.6,18.8,2.8,50.5,3,,Energy,436936.0,14196.84
HYHDF,Sixty Six Capital Inc,0.028,13,9,13,3,4,4,4,50,-13.0,37.0,Poor,Stay away,35,4.5,4.2,2.0,57.3,1,,Financial Services,6518921.0,7650.44
NSGCF,Northstar Gold Corp,0.03,10,5,6,11,1,1,5,39,-5.0,37.0,Poor,Stay away,32,-3.2,0.0,0.4,51.0,1,,Basic Materials,4566027.0,52887.36
RSSFF,Affinor Growers Inc,0.03,10,5,5,7,6,4,2,39,-5.0,37.0,Poor,Stay away,48,-37.5,-16.7,-15.3,44.4,1,,Consumer Defensive,1419313.0,2158.5
GEAT,GreetEat Corporation,0.035,12,12,9,15,7,3,2,60,-26.0,37.0,Poor,Stay away,56,18.2,25.0,9.4,54.5,4,,Industrials,7307811.0,63455.41
SYGCF,Sylla Gold Corp.,0.035,14,14,11,8,3,3,5,58,-21.0,37.0,Poor,Stay away,31,29.6,21.5,14.6,54.8,3,,Basic Materials,3074083.0,45304.52
ENTBF,Entheon Biomedical Corp,0.038,15,9,7,16,4,2,5,58,-22,37,Poor,Stay away,37,850.0,850.0,348.2,87.5,2,6,Healthcare,526639.0,254.58
XTCYF,Xtacy Therapeutics Corp.,0.033,7,5,5,9,3,5,5,39,-5.0,37.0,Poor,Stay away,22,0.0,0.0,-0.3,40.6,1,,Financial Services,441864.0,2949.64
SIGY,Sigyn Therapeutics Inc,0.031,1,9,6,10,4,2,5,37,-3.0,37.0,Poor,Stay away,29,24.0,3.3,2.3,50.4,2,,Healthcare,167382.0,47868.0
CRGOW,Freightos Limited Warrants,0.04,4,10,5,7,3,2,2,33,1.0,37.0,Poor,Stay away,22,-18.3,16.4,-3.9,48.1,2,,nan,nan,28187.2
SITS,Southern ITS International Inc,0.045,15,8,7,14,6,4,5,59,-22.0,37.0,Poor,Stay away,63,0.0,11.4,17.0,64.9,3,,Industrials,14835218.0,117462.3
VNTA,Ventana Biotech Inc,0.049,19,5,6,9,1,4,5,49,-8.0,37.0,Poor,Stay away,46,0.0,0.0,10.2,70.1,1,,Financial Services,2635394.0,418.01
KGSSF,Kingman Minerals Ltd,0.043,11,11,11,5,8,2,5,53,-16.0,37.0,Poor,Stay away,21,19.0,3.9,11.4,59.8,2,,Basic Materials,1564887.0,25089.17
SHMIF,Showcase Minerals Inc.,0.045,4,7,10,10,3,1,2,37,-5.0,37.0,Poor,🔥 COILED: Stay away,26,0.0,0.0,0.9,49.4,1,,Basic Materials,1596052.0,337.01
IMITF,Ironman International Ltd.,0.054,6,4,8,11,3,3,2,37,0.0,37.0,Poor,Stay away,18,0.0,0.0,-4.1,39.8,0,,Industrials,9293745.0,0.0
CASXF,Casa Minerals Inc,0.052,7,5,7,12,0,3,5,39,-5.0,37.0,Poor,Stay away,17,-3.1,-3.1,-2.1,47.9,1,,Basic Materials,5015417.0,17750.93
EMMA,Emmaus Life Sciences Inc,0.051,18,8,5,9,6,9,5,60,-21,37,Poor,Stay away,72,95.4,343.5,111.2,91.9,3,9,Healthcare,2737342.0,65238.22
FYMNF,Finlay Minerals Ltd,0.075,12,3,5,13,3,0,5,41,0.0,37.0,Poor,Stay away,35,-1.3,-5.7,1.6,57.9,0,,Basic Materials,12965675.0,6026.23
VPRB,VPR Brands LP,0.08,7,12,1,9,6,0,2,37,0.0,37.0,Poor,Stay away,50,-20.0,0.0,-9.4,46.1,0,,Consumer Defensive,6881011.0,46516.44
IVRO,Invitro International,0.079,10,5,3,15,1,0,5,39,0.0,37.0,Poor,Stay away,39,-1.2,36.2,8.1,56.2,2,,Healthcare,1758525.0,18258.11
SYAAF,Syrah Resources Limited,0.083,9,14,8,3,4,3,3,44,-13.0,37.0,Poor,🔥 COILED: Stay away,34,11.9,7.5,4.2,53.0,1,,Basic Materials,183432272.0,156707.46
MAGMF,Magma Silver Corp.,0.098,5,9,6,9,4,1,5,39,-3.0,37.0,Poor,Stay away,31,-9.5,-5.5,1.7,51.4,1,,Basic Materials,7429345.0,86654.12
MNDDF,Monde Nissin Corporation,0.12,5,3,10,9,3,2,2,34,0.0,37.0,Poor,Stay away,32,0.0,0.0,-0.0,0.0,0,,Consumer Defensive,2156233216.0,80.0
GMVMF,GMV Minerals Inc,0.121,15,13,7,9,4,11,5,64,-27,37,Poor,Stay away,35,16.1,19.9,16.0,69.4,3,,Basic Materials,13798163.0,102678.59
TBNRL,Tamboran Resources Corporation,0.195,11,3,3,7,6,5,4,39,-5.0,37.0,Poor,Stay away,63,0.0,-5.1,-0.7,48.9,1,,Energy,1359400064.0,6514.64
DUSXF,Dustin Group AB (publ),0.17,7,3,10,7,3,2,2,34,0.0,37.0,Poor,Stay away,31,0.0,0.0,-0.0,31.3,0,,Technology,230908064.0,725.0
IZOZF,Izotropic Corporation,0.173,4,11,8,11,3,0,2,39,-3.0,37.0,Poor,Stay away,36,-3.9,0.6,-0.5,48.3,2,,Healthcare,12079669.0,22470.89
ROYTL,Pacific Coast Oil Trust,0.185,16,13,8,13,6,5,5,66,-29,37,Poor,Stay away,64,23.3,23.3,20.1,68.3,3,,Energy,5787474.0,9105.41
NLGCF,Northern Lion Gold Corp,0.178,8,6,11,8,0,2,2,37,-5.0,37.0,Poor,🔥 COILED: Stay away,45,0.0,0.0,0.0,50.0,1,,Basic Materials,3031680.0,0.0
ITP,IT Tech Packaging Inc,0.18,10,8,9,9,2,3,4,45,-8.0,37.0,Poor,Stay away,38,0.2,6.1,0.6,50.9,2,,Basic Materials,3055472.0,759041.59
SCLXW,Scilex Holding Company,0.16,8,11,1,13,4,0,2,39,2.0,37.0,Poor,Stay away,44,-5.9,-11.2,-3.3,49.1,0,,nan,nan,11505.23
DYNCW,Dynamix Corporation,0.15,8,7,7,11,4,0,2,39,-10.0,37.0,Poor,Stay away,0,-16.7,-18.9,-5.8,47.3,1,,nan,nan,0.0
AKOBF,Akobo Minerals AB (publ),0.203,5,7,11,7,3,2,2,37,-5.0,37.0,Poor,🔥 COILED: Stay away,42,0.0,0.0,0.0,51.8,1,,Basic Materials,46546248.0,40.0
NEXD,Next Dynamics Inc,0.22,20,4,3,16,9,5,5,62,-25,37,Poor,Stay away,68,340.0,141.8,106.6,86.0,3,5,Industrials,41338000.0,2709.74
HYPRF,HydrogenPro AS,0.201,6,5,4,8,3,7,2,35,-3.0,37.0,Poor,🔥 COILED: Stay away,32,0.0,0.0,-0.9,45.3,1,,Industrials,27700956.0,83.8
IMRFF,iMetal Resources Inc.,0.213,19,11,5,14,6,6,5,66,-30,37,Poor,Stay away,71,27.2,89.8,62.3,74.7,3,,Basic Materials,5517358.0,81500.89
RHEPA,"Regional Health Properties, Inc.",0.2,3,3,10,10,3,3,2,34,0.0,37.0,Poor,Stay away,21,0.0,0.0,-1.1,28.6,0,,Healthcare,nan,186.21
PLPKF,PPK Group Limited,0.262,9,5,11,10,3,1,2,41,-7.0,37.0,Poor,Stay away,37,0.0,0.0,0.0,66.5,1,,Industrials,27373722.0,273.0
BMNDF,Biomind Labs Inc.,0.25,8,4,2,12,6,2,5,39,-5.0,37.0,Poor,Stay away,56,-58.3,0.2,-27.2,46.3,1,,Healthcare,19416214.0,1490.43
PCRCF,Bolt Metals Corp,0.272,4,5,8,7,6,5,2,37,-5.0,37.0,Poor,🔥 COILED: Stay away,32,0.0,0.0,-2.7,42.8,1,,Basic Materials,6164433.0,0.0
CNCKW,Coincheck Group N.V. Warrants,0.25,5,6,2,10,5,2,2,32,2.0,37.0,Poor,Stay away,47,-7.4,8.2,-11.4,47.5,1,,nan,nan,6812.29
HUMGF,Humm Group Limited,0.31,3,4,8,9,3,5,2,34,0.0,37.0,Poor,Stay away,8,0.0,0.0,-1.8,38.3,0,,Financial Services,156523488.0,1545.5
GCUMF,Gunnison Copper Corp,0.343,17,12,6,9,6,1,5,56,-17.0,37.0,Poor,Stay away,59,5.2,8.2,9.1,69.8,2,,Basic Materials,171370560.0,466363.66
VULMF,Vulcan Minerals Inc,0.308,12,3,5,9,4,3,5,41,-7.0,37.0,Poor,Stay away,57,-2.1,-4.6,0.5,52.4,2,,Basic Materials,40048908.0,10408.78
EMSKF,Musk Metals Corp,0.32,19,4,6,14,6,3,5,57,-20,37,Poor,Stay away,55,166.7,190.9,52.9,60.2,3,10,Basic Materials,6619909.0,3024.19
FSHUF,Fu Shou Yuan International Group Limited,0.38,8,3,10,9,0,2,2,34,0.0,37.0,Poor,Stay away,30,0.0,0.0,-0.0,0.0,1,,Consumer Cyclical,863004032.0,130.0
TRRPF,Torrent Capital Ltd,0.376,11,5,7,12,6,2,4,47,-13.0,37.0,Poor,Stay away,38,0.0,0.0,1.0,87.1,0,,Financial Services,14367219.0,410.5
FLOD,Flowery Gold Mines Co,0.37,5,3,10,7,3,4,2,34,0.0,37.0,Poor,Stay away,50,0.0,0.0,-0.0,30.2,0,,Basic Materials,2808830.0,290.35
AXINR,Axiom Intelligence Acquisition Corp 1 Right,0.37,12,5,5,3,4,3,5,37,-6.0,37.0,Poor,🔥 COILED: Stay away,41,5.1,0.0,3.0,53.4,0,,nan,nan,0.0
BRLL,Barrel Energy Inc,0.4,20,6,12,14,1,2,5,60,-23,37,Poor,Stay away,59,150.0,150.0,71.2,67.4,3,6,Industrials,300857856.0,410060.77
SYNNF,Symphony International Holdings Limited,0.439,13,6,11,8,4,1,2,45,-13.0,37.0,Poor,🔥 COILED: Stay away,42,0.0,0.0,1.0,82.9,0,,Financial Services,236148464.0,1055.0
MNIVF,Monash IVF Group Limited,0.4,8,3,10,9,0,2,2,34,0.0,37.0,Poor,Stay away,31,0.0,0.0,-0.0,0.0,0,,Healthcare,155853936.0,200.0
PSDMF,Gaming Realms plc,0.41,4,3,10,8,3,4,2,34,0.0,37.0,Poor,Stay away,24,0.0,0.0,-0.2,7.2,0,,Communication Services,110712936.0,4431.0
CRCUF,Canagold Resources Ltd,0.43,14,14,7,5,6,4,5,55,-18.0,37.0,Poor,Stay away,46,-3.7,5.5,5.3,58.6,1,,Basic Materials,99384824.0,14315.62
CVNZF,Comvita Limited,0.416,8,6,10,8,3,2,2,39,-5.0,37.0,Poor,Stay away,0,0.0,0.0,-0.0,19.0,1,,Consumer Defensive,32488492.0,0.0
CSGEF,China Suntien Green Energy Corporation Limited,0.458,4,4,9,7,3,1,2,30,2.0,37.0,Poor,🔥 COILED: Stay away,21,0.0,0.0,-0.1,47.1,0,,Utilities,3098828032.0,48.0
GMLPF,Golar LNG Partners LP Series A Pref,0.45,4,10,3,10,2,4,2,35,2.0,37.0,Poor,Stay away,33,-8.2,-25.0,-16.2,43.7,0,,Energy,nan,17068.37
LDDD,Longduoduo Company Limited,0.51,5,4,10,9,3,2,2,35,-3.0,37.0,Poor,🔥 COILED: Stay away,35,0.0,0.0,-0.0,47.6,1,,Healthcare,15307668.0,16.46
ADACW,American Drive Acquisition Company Warrant,0.5,8,6,2,10,3,4,2,35,2.0,37.0,Poor,Stay away,0,25.6,-16.7,-4.5,49.0,0,,nan,nan,0.0
AMQFF,Abitibi Metals Corp,0.569,14,5,6,8,1,3,5,42,-5.0,37.0,Poor,Stay away,61,6.2,9.5,3.9,57.2,2,,Basic Materials,114179264.0,91572.4
BDUUF,Bangkok Dusit Medical Services Public Company Limited,0.64,5,3,10,9,3,2,2,34,0.0,37.0,Poor,Stay away,36,0.0,0.0,-0.0,12.9,0,,Healthcare,10170881024.0,0.0
NROM,Noble Romans Inc,0.64,11,8,6,6,7,2,2,42,-10.0,37.0,Poor,🔥 COILED: Stay away,48,3.2,-3.0,0.3,51.4,0,,Consumer Cyclical,14532958.0,25571.55
NNMTF,Nine Entertainment Co. Holdings Limited,0.67,5,3,10,9,3,2,2,34,0.0,37.0,Poor,Stay away,19,0.0,0.0,-0.0,0.0,0,,Communication Services,1061810496.0,184.5
MBRX,Moleculin Biotech Inc,0.689,5,8,3,12,3,6,2,39,0.0,37.0,Poor,Stay away,19,16.5,20.6,-11.3,35.9,2,,Healthcare,11686428.0,549889.43
SDA,SunCar Technology Group Inc.,0.73,1,11,7,7,3,2,2,33,4.0,37.0,Poor,Stay away,28,1.4,-2.8,-2.8,44.5,1,,Consumer Cyclical,71732984.0,409979.67
RTACW,Renatus Tactical Acquisition Corp I Warrant,0.73,14,14,7,9,4,4,5,57,-18.0,37.0,Poor,Stay away,42,12.3,12.3,10.3,55.9,3,,nan,nan,49308.69
CHDGF,COSCO SHIPPING International (Hong Kong) Co. Ltd,0.779,18,4,8,11,3,1,5,50,-13.0,37.0,Poor,Stay away,53,9.0,11.3,6.3,86.0,2,,Industrials,1141991680.0,0.0
BUMTF,Bumitama Agri Ltd.,0.809,3,3,8,8,3,7,2,34,0.0,37.0,Poor,Stay away,10,0.0,0.0,-6.9,0.0,0,,Consumer Defensive,1403095808.0,47.09
TACOW,Berto Acquisition Corp. Warrant,0.85,18,12,9,9,4,9,5,66,-29,37,Poor,Stay away,66,19.7,30.7,17.6,64.4,3,,nan,1626949.0,45464.23
NPPXF,Nippon Telegraph & Telephone Corp,0.98,12,4,2,9,6,0,3,36,0.0,37.0,Poor,Stay away,46,0.0,4.3,1.0,52.3,1,,Communication Services,79578955776.0,145943.0
CRDF,Cardiff Oncology Inc,0.986,9,9,6,11,2,5,5,47,-8.0,37.0,Poor,Stay away,21,8.4,0.6,2.4,50.6,1,,Healthcare,76558304.0,1130417.92
OBGRF,Orbit Garant Drilling Inc,1.0,10,4,5,8,4,1,5,37,0.0,37.0,Poor,Stay away,23,0.0,0.0,6.4,57.0,0,,Basic Materials,38170940.0,2515.44
ATNM,Actinium Pharmaceuticals Inc,1.0,11,5,4,9,3,0,5,37,0.0,37.0,Poor,Stay away,20,-10.7,3.7,1.6,53.3,0,,Healthcare,31688744.0,156878.76
CONC,ConectiSys Corporation,1.0,9,6,11,9,3,2,2,42,-8.0,37.0,Poor,Stay away,47,0.0,0.0,0.0,79.1,1,,Financial Services,888579.0,4.51
XRPNW,Armada Acquisition Corp. II,0.97,18,15,2,5,6,7,5,58,-21.0,37.0,Poor,Stay away,63,21.1,30.3,15.5,66.2,2,,nan,nan,43593.27
BYRG,Buyer Group International Inc,0.001,16,5,4,16,5,3,5,54,-17.5,36.5,Poor,Stay away,40,44.4,44.4,29.4,62.5,2,,Basic Materials,6521540.0,1924559.13
BASA,Basanite Inc,0.023,15,10,8,12,7,2,5,59,-22.5,36.5,Poor,Stay away,40,36.5,28.9,26.9,69.1,2,,Basic Materials,5351216.0,162341.73
RADLF,Radial Research Corp.,0.25,15,5,6,9,6,1,5,47,-10.5,36.5,Poor,Stay away,48,0.0,-16.1,32.0,71.6,0,,Technology,695676.0,318.68
WNBD,Winning Brands Corp,0.005,8,13,6,15,3,6,5,56,-19.8,36.2,Poor,Stay away,41,24.3,27.8,20.4,53.4,3,,Consumer Defensive,37139.0,0.0
FBGI,First Shares Bancorp Inc,0.001,5,3,10,8,3,2,2,33,0.0,36.0,Poor,Stay away,29,0.0,0.0,-0.0,0.0,0,,Consumer Cyclical,30703528.0,437.5
CLNV,Clean Vision Corp,0.007,5,5,3,12,7,2,5,39,-3.0,36.0,Poor,Stay away,33,-14.3,-25.8,-8.5,46.6,1,,Utilities,8786686.0,8116924.23
PERCF,Percheron Therapeutics Limited,0.002,3,3,9,7,6,3,2,33,0.0,36.0,Poor,Stay away,24,0.0,0.0,-1.0,39.6,0,,Healthcare,3653797.0,2517.34
INNX,Infinite Networks Corporation,0.002,14,6,12,7,6,2,2,49,-18.0,36.0,Poor,🔥 COILED: Stay away,58,0.0,0.0,2.8,100.0,1,,Financial Services,1477623.0,7845.02
AMRU,Amaru Inc,0.006,12,5,8,9,3,1,3,41,-5.0,36.0,Poor,Stay away,24,0.0,0.0,-0.6,20.0,1,,Communication Services,1465622.0,8634.34
RNGC,Ranger Gold Corp,0.006,6,4,10,10,0,1,2,33,0.0,36.0,Poor,Stay away,32,0.0,0.0,-0.0,43.8,0,,Financial Services,1456015.0,5634.17
HUNTF,Hunter Maritime Acquisition Corp,0.005,15,6,11,7,6,2,2,49,-18.0,36.0,Poor,🔥 COILED: Stay away,56,0.0,0.0,4.6,100.0,1,,Financial Services,1020205.0,109.7
ODYY,Odyssey Group International Inc,0.009,7,4,5,15,5,2,5,43,-5.0,36.0,Poor,Stay away,20,-10.0,-10.0,-2.8,47.6,1,,Healthcare,908717.0,115246.81
CYIO,CYIOS Corporation,0.002,6,1,9,11,7,2,2,38,0.0,36.0,Poor,Stay away,42,-10.0,-10.0,-7.1,37.8,0,,Healthcare,691846.0,1609401.39
CNHC,China Health Management Corp,0.006,17,4,4,9,6,4,5,49,-13.0,36.0,Poor,Stay away,56,0.0,1.6,23.2,75.3,1,,Real Estate,526637.0,21387.1
JNSH,JNS Holdings Corp,0.001,7,4,3,9,4,4,5,36,0.0,36.0,Poor,Stay away,19,-20.0,9.1,-3.2,47.1,1,,Industrials,380687.0,370768.26
PXFG,Phoenix Footwear Group Inc,0.01,8,4,10,9,3,2,2,38,-5.0,36.0,Poor,Stay away,26,0.0,0.0,-0.0,48.1,1,,Consumer Cyclical,167246.0,8628.55
LNNTF,Linius Technologies Limited,0.001,8,4,10,7,3,2,2,36,-5.0,36.0,Poor,🔥 COILED: Stay away,32,0.0,0.0,-0.0,45.0,1,,Technology,133610.0,160107.44
GOOLF,Aquarius AI Inc,0.001,8,6,10,7,3,2,2,38,-5.0,36.0,Poor,Stay away,39,0.0,0.0,-0.0,20.2,1,,Financial Services,131937.0,1000.0
FLRLF,FluroTech Ltd.,0.005,12,6,10,6,3,2,2,41,-10.0,36.0,Poor,🔥 COILED: Stay away,52,0.0,0.0,0.0,50.0,0,,Healthcare,116027.0,3.05
AGFAF,Agra Ventures Ltd.,0.004,6,7,10,8,0,3,2,36,-5.0,36.0,Poor,🔥 COILED: Stay away,19,0.0,0.0,-1.1,46.1,1,,Healthcare,86599.0,4519.04
MARK,Remark Holdings Inc,0.004,16,8,8,15,3,5,5,60,-22,36,Poor,Stay away,47,233.3,233.3,179.5,93.5,3,6,Technology,74282.0,28170.94
LGCP,Legion Capital Corporation,0.001,7,3,10,7,3,1,2,33,0.0,36.0,Poor,Stay away,24,0.0,0.0,-0.0,7.9,0,,Financial Services,23192.0,646.93
NENTY,Nordic Entertainment Group AB (publ),0.012,8,3,10,10,3,2,2,38,-5.0,36.0,Poor,Stay away,33,0.0,0.0,-0.0,33.1,1,,Communication Services,219285472.0,275.0
NOURF,Northern Minerals Limited,0.018,2,6,5,9,4,2,5,33,0.0,36.0,Poor,Stay away,25,-12.1,-4.9,-4.4,47.6,0,,Basic Materials,233809664.0,348400.5
SNNSF,SenSen Networks Limited,0.02,5,3,10,8,3,2,2,33,0.0,36.0,Poor,Stay away,23,0.0,0.0,-0.1,0.0,0,,Technology,16598647.0,855.0
AULSF,Austar Lifesciences Limited,0.02,6,3,9,9,3,1,2,33,0.0,36.0,Poor,Stay away,18,0.0,0.0,-3.6,0.0,0,,Healthcare,10251640.0,20.0
CYCA,Cytta Corp,0.012,9,7,1,10,2,0,2,31,2.0,36.0,Poor,Stay away,33,-20.0,0.0,-12.8,36.2,0,,Technology,7203567.0,124659.84
MSBM,MSB Global Capital Corp,0.011,7,3,8,7,3,3,2,33,0.0,36.0,Poor,Stay away,19,0.0,0.0,-0.2,1.5,0,,Financial Services,5374147.0,285.22
BBRRF,Blueberries Medical Corp,0.013,16,15,3,5,6,5,5,55,-20.0,36.0,Poor,Stay away,58,24.5,26.9,10.1,53.4,2,,Healthcare,4950900.0,27707.34
CLCFF,Christina Lake Cannabis Corp,0.019,11,6,3,15,0,1,2,38,-5.0,36.0,Poor,Stay away,23,18.1,5.0,3.5,52.0,1,,Healthcare,4713777.0,34004.05
GRHI,Gold Rock Holdings Inc,0.014,11,4,7,14,6,2,5,49,-13.0,36.0,Poor,Stay away,50,0.0,-2.1,16.0,86.5,0,,Technology,3335037.0,7384.11
EVKRF,Grid Battery Metals Inc.,0.013,10,7,8,11,1,1,5,43,-7.0,36.0,Poor,Stay away,34,-0.8,7.5,4.8,55.7,1,,Basic Materials,2494612.0,169341.04
ARDNF,Argent Minerals Limited,0.03,16,4,8,9,6,6,5,54,-18.0,36.0,Poor,Stay away,55,0.0,50.0,30.0,89.4,2,,Basic Materials,51077196.0,46029.7
BSFAF,BSF Enterprise Plc,0.029,15,5,7,12,6,4,5,54,-18.0,36.0,Poor,Stay away,63,0.0,0.0,11.2,99.8,1,,Healthcare,5667171.0,6499.73
BPCP,Bishop Capital Corp,0.03,5,4,10,7,3,2,2,33,0.0,36.0,Poor,Stay away,28,0.0,0.0,-0.0,0.0,0,,Real Estate,245.0,0.5
GBBFF,Granada Gold Mine Inc,0.032,13,14,6,15,4,3,5,60,-22,36,Poor,Stay away,40,62.5,8.3,19.4,57.4,2,6,Basic Materials,6636166.0,121865.71
LFLS,Loans4Less.Com Inc,0.04,13,5,7,11,6,2,5,49,-13.0,36.0,Poor,Stay away,30,0.0,0.0,5.3,98.8,0,,Financial Services,2400000.0,379.5
HISNF,Hi Sun Technology (China) Limited,0.05,15,6,11,10,3,2,2,49,-18.0,36.0,Poor,🔥 COILED: Stay away,45,0.0,0.0,2.5,100.0,1,,Technology,135628400.0,3500.0
KTRXF,Auriginal Mining Corp.,0.041,5,6,9,12,3,3,3,41,-5.0,36.0,Poor,Stay away,0,2.5,2.5,-1.0,31.7,1,,Basic Materials,10851254.0,0.0
TPHS,Trinity Place Holdings Inc,0.045,16,5,6,17,7,4,5,60,-24,36,Poor,Stay away,56,67.9,119.5,53.8,90.1,3,6,Real Estate,2906079.0,36755.48
GSPRF,Golden Spike Resources Corp.,0.05,18,7,5,16,6,9,5,66,-30,36,Poor,Stay away,64,40.4,56.2,42.6,76.1,3,,Basic Materials,2589253.0,22294.02
AKOM,Aerkomm Inc,0.041,8,6,10,7,3,2,2,38,-5.0,36.0,Poor,Stay away,28,0.0,0.0,-0.0,0.0,1,,Technology,807156.0,52.45
HAMRF,Silver Hammer Mining Corp,0.061,14,9,7,16,5,5,5,61,-26.0,36.0,Poor,Stay away,48,3.4,11.4,4.5,55.9,3,,Basic Materials,9467187.0,247662.47
NVLHF,Nevada Lithium Resources Inc,0.063,5,11,5,11,4,5,5,46,-8.0,36.0,Poor,Stay away,24,9.9,7.7,4.0,52.7,2,,Basic Materials,15824829.0,111062.96
ILLRW,Triller Group Inc. Warrant,0.062,14,14,9,5,8,2,5,57,-21,36,Poor,Stay away,60,54.1,38.4,30.7,56.7,3,7,nan,nan,0.0
MMMPF,Mermaid Maritime Public Company Limited,0.08,14,6,5,11,6,2,2,46,-13.0,36.0,Poor,Stay away,44,0.0,0.4,0.3,100.0,0,,Energy,151826688.0,66.25
ARBTF,Argo Gold Inc,0.079,11,6,3,11,6,2,5,44,-8.0,36.0,Poor,Stay away,47,-12.7,-5.2,-3.7,48.7,1,,Basic Materials,5514715.0,15643.82
PUMXF,Puma Exploration Inc,0.084,11,6,3,10,2,2,4,38,0.0,36.0,Poor,Stay away,35,-7.2,4.4,-2.0,49.1,0,,Basic Materials,18230852.0,26757.57
AITTF,Trenchant Technologies Capital Corp.,0.098,8,3,10,8,3,4,2,38,-5.0,36.0,Poor,Stay away,38,0.0,0.0,-0.0,35.8,1,,Financial Services,6470910.0,200.0
BIOF,Blue Biofuels Inc,0.105,3,12,7,8,5,2,2,39,-3.0,36.0,Poor,Stay away,25,0.0,-3.7,-0.9,44.5,1,,Basic Materials,34037744.0,158082.71
IEGCF,Independence Gold Corp,0.116,18,9,6,15,6,4,5,63,-27.0,36.0,Poor,Stay away,66,2.6,27.4,17.2,74.4,3,,Basic Materials,29166238.0,236490.3
GWBK,Gateway Bank F.S.B.,0.1,20,10,5,9,6,4,2,56,-20.0,36.0,Poor,Stay away,58,17.6,22.9,15.4,71.5,3,,Financial Services,22942572.0,103268.93
ALEEF,Alerio Gold Corp,0.142,6,4,8,7,6,3,2,36,0.0,36.0,Poor,Stay away,52,0.0,0.0,-3.1,35.1,0,,Basic Materials,22882146.0,6804.05
CNRIF,Condor Resources Inc,0.13,12,4,7,15,1,0,5,44,-8.0,36.0,Poor,Stay away,57,0.0,0.0,4.9,57.9,1,,Basic Materials,19751610.0,18186.44
CEUMF,Century Global Commodities Corp,0.104,15,6,11,7,6,2,2,49,-18.0,36.0,Poor,🔥 COILED: Stay away,54,0.0,0.0,2.7,81.0,1,,Consumer Defensive,12293371.0,1462.5
REVVF,ReVolve Renewable Power Corp.,0.126,9,7,10,7,3,2,3,41,-5.0,36.0,Poor,Stay away,29,1.2,1.2,0.5,51.1,1,,Utilities,10536567.0,2125.95
TTTMF,Total Metals Corp.,0.148,9,8,5,11,0,5,3,41,-3.0,36.0,Poor,Stay away,38,-1.7,-3.5,-2.2,47.9,1,,Basic Materials,9471450.0,36425.56
SXNTF,Sixty North Gold Mining Ltd,0.116,15,10,5,15,2,4,2,53,-20.0,36.0,Poor,Stay away,25,7.2,21.1,4.5,51.8,3,,Basic Materials,9099426.0,38289.39
KLSVF,Klondike Silver Corp,0.12,8,10,3,10,5,1,2,39,-1.0,36.0,Poor,Stay away,40,-36.8,0.0,-4.4,48.2,1,,Basic Materials,3226585.0,11227.9
CLDVF,Cloud3 Ventures Inc.,0.125,17,6,6,13,6,2,5,55,-22.0,36.0,Poor,Stay away,50,0.0,44.0,14.1,66.9,3,,Financial Services,1687777.0,6782.87
OPENZ,OPENDOOR TECHNOLOGIES INC SERIES Z,0.136,6,14,3,8,3,0,2,36,2.0,36.0,Poor,Stay away,24,8.4,-3.2,-3.6,46.7,1,,nan,nan,0.0
AGYTF,Allergy Therapeutics plc,0.15,15,6,11,7,6,2,2,49,-18.0,36.0,Poor,🔥 COILED: Stay away,56,0.0,0.0,0.3,100.0,1,,Healthcare,949879488.0,890.71
FGHQF,Frontage Holdings Corporation,0.15,13,5,7,11,6,2,5,49,-13.0,36.0,Poor,Stay away,55,0.0,0.0,1.6,88.2,0,,Healthcare,304159296.0,5740.0
PEMIF,Pure Energy Minerals Limited,0.185,9,11,3,16,5,5,5,54,-18.0,36.0,Poor,Stay away,36,26.5,25.5,13.2,57.0,3,,Basic Materials,6286232.0,23216.38
WTCZF,Copper Lake Resources Ltd,0.178,12,5,7,14,1,1,5,45,-9.0,36.0,Poor,Stay away,47,-0.6,-0.6,19.1,67.0,1,,Basic Materials,2456433.0,3414.49
GRGG,Green For Energy Inc,0.15,8,7,10,4,6,4,2,41,-10.0,36.0,Poor,🔥 COILED: Stay away,41,0.0,0.0,-0.3,47.9,0,,Financial Services,912711.0,764.32
IEAGR,Infinite Eagle Acquisition Corp. Rights,0.18,3,11,3,8,3,2,2,32,4.0,36.0,Poor,Stay away,0,0.0,-10.0,-1.0,48.5,0,,nan,nan,0.0
SCUPF,Aegis Brands Inc,0.2,8,3,10,8,0,2,2,33,0.0,36.0,Poor,Stay away,35,0.0,0.0,-0.0,30.8,0,,Consumer Cyclical,17057434.0,37.5
MTLK,Metalink Ltd,0.21,5,3,10,8,3,2,2,33,0.0,36.0,Poor,Stay away,35,0.0,0.0,-0.0,16.1,0,,Financial Services,263684.0,358.05
FVNNR,Future Vision II Acquisition Corporation Right,0.215,19,12,6,10,7,4,5,63,-27.0,36.0,Poor,Stay away,59,13.2,13.2,13.2,67.2,3,,nan,nan,6069.48
PENMF,Peninsula Energy Ltd,0.275,8,14,5,11,4,7,5,54,-18.0,36.0,Poor,Stay away,41,9.5,11.8,16.6,55.7,3,,Energy,153986640.0,55324.36
SEAN,Saean Group Inc.,0.29,3,4,8,8,3,5,2,33,0.0,36.0,Poor,Stay away,9,0.0,0.0,-16.6,15.8,0,,Consumer Cyclical,108933488.0,2732.56
CVVUF,CanAlaska Uranium Ltd,0.285,12,10,7,6,4,3,4,46,-13.0,36.0,Poor,🔥 COILED: Stay away,24,18.8,4.6,5.7,54.9,1,,Basic Materials,61413216.0,164335.77
MNLXF,MiniLuxe Holding Corp,0.258,5,4,10,9,3,3,2,36,-5.0,36.0,Poor,🔥 COILED: Stay away,47,0.0,0.0,-0.0,50.4,1,,Consumer Cyclical,45872956.0,150.0
MUNMF,Mundoro Capital Inc,0.29,13,12,11,15,4,3,5,63,-25.0,36.0,Poor,Stay away,49,11.5,16.0,10.2,68.6,3,,Basic Materials,31118348.0,57755.66
MKTSF,DeepMarkit Corp.,0.275,18,7,6,13,4,2,5,55,-24,36,Poor,Stay away,49,62.6,44.5,27.6,74.7,3,6,Technology,16072857.0,3374.01
APRAF,Trailbreaker Resources Ltd,0.256,10,9,5,9,4,2,5,44,-6.0,36.0,Poor,Stay away,37,-6.4,-2.4,2.7,53.1,1,,Basic Materials,13448848.0,27470.59
IVDN,Innovative Designs,0.255,9,6,8,10,3,5,5,46,-13.0,36.0,Poor,Stay away,31,4.3,11.0,5.7,53.0,3,,Consumer Cyclical,10003340.0,28920.01
GRYCF,Graycliff Exploration Limited,0.276,18,13,4,6,4,4,5,54,-21,36,Poor,Stay away,58,53.6,7.0,27.9,61.7,2,6,Basic Materials,4567945.0,1449.42
IPTNF,Credissential Inc.,0.264,12,6,11,10,3,2,2,46,-13.0,36.0,Poor,Stay away,51,0.0,0.0,0.0,99.6,0,,Technology,1805187.0,1170.14
LIMX,Limitless X Holdings Inc.,0.55,1,9,3,14,3,2,2,34,-3.0,36.0,Poor,Stay away,19,10.0,-21.4,-16.3,39.7,1,,Consumer Defensive,5692739.0,0.0
SCDA,B-Scada Inc,0.33,10,3,3,12,6,2,2,38,-5.0,36.0,Poor,Stay away,50,0.1,-1.1,-0.2,52.3,1,,Technology,1605242.0,1209.5
UOKAF,MDJM Ltd,0.312,7,6,5,13,6,4,5,46,-10.0,36.0,Poor,Stay away,50,0.6,-25.7,5.8,54.7,2,,Consumer Cyclical,450075.0,196320.96
GSHRW,Gesher Acquisition Corp. II,0.34,18,13,3,9,6,5,5,59,-23,36,Poor,Stay away,54,68.6,68.6,28.6,56.9,2,7,nan,nan,0.0
EVGUF,Evergold Corp,0.388,18,9,6,8,5,4,5,55,-19.0,36.0,Poor,Stay away,57,-3.0,25.2,10.9,65.5,3,,Basic Materials,8838660.0,1774.88
TSWCF,The Smarter Web Company Plc,0.44,13,16,5,9,6,7,5,61,-23.0,36.0,Poor,Stay away,40,2.4,11.4,6.1,57.1,3,,Technology,164180224.0,264974.2
SUPCF,Supalai Public Company Limited,0.549,6,4,11,7,3,2,2,35,-2.0,36.0,Poor,Stay away,36,0.0,0.0,0.0,60.9,0,,Real Estate,1043269440.0,0.84
YLDGF,Yanlord Land Group Limited,0.525,10,7,11,6,3,2,2,41,-10.0,36.0,Poor,🔥 COILED: Stay away,43,0.0,0.0,0.0,50.0,1,,Real Estate,1013669760.0,1.8
GAYMF,Galway Metals Inc,0.527,14,9,7,15,6,8,5,64,-26.0,36.0,Poor,Stay away,62,19.8,34.8,24.7,73.7,3,,Basic Materials,63626532.0,183152.94
NFGRF,BeijingWest Industries International Limited,0.561,10,3,10,8,3,2,2,38,-5.0,36.0,Poor,Stay away,43,0.0,0.0,-0.0,34.5,1,,Consumer Cyclical,605371584.0,296.25
MDNGF,Midnight Sun Mining Corp,0.555,14,10,7,15,4,5,5,60,-22.0,36.0,Poor,Stay away,26,15.7,17.5,11.9,63.9,3,,Basic Materials,118719576.0,117579.86
SNOTF,Sinotrans Limited,0.648,10,7,11,6,3,2,2,41,-10.0,36.0,Poor,🔥 COILED: Stay away,49,0.0,0.0,0.0,52.8,0,,Industrials,3207384320.0,0.0
FURY,Fury Gold Mines Ltd,0.622,11,7,5,13,5,0,5,46,-8.0,36.0,Poor,Stay away,48,-1.1,2.0,2.1,55.8,1,,Basic Materials,117919984.0,518368.78
OGPIF,OceanaGold (Philippines) Inc.,0.682,15,4,7,13,3,1,5,48,-12.0,36.0,Poor,Stay away,52,2.7,2.7,9.6,93.9,0,,Basic Materials,1831989632.0,423.35
LTGHF,Life Healthcare Group Holdings Limited,0.69,4,7,6,11,3,3,2,36,0.0,36.0,Poor,Stay away,0,0.0,0.0,-0.5,8.7,0,,Healthcare,987410112.0,0.0
GEGYY,Genel Energy PLC ADR,0.69,4,3,10,8,3,8,2,38,-5.0,36.0,Poor,Stay away,29,0.0,0.0,-0.1,1.2,1,,Energy,190143680.0,88.0
CIRC,"Circle8 Group, Inc.",0.708,5,13,6,7,4,4,2,41,-3.0,36.0,Poor,Stay away,27,18.0,4.1,2.9,50.1,2,,Industrials,60093436.0,4096460.01
NMYSF,NamSys Inc,0.75,4,3,8,8,3,5,2,33,0.0,36.0,Poor,Stay away,27,0.0,0.0,-0.3,25.1,0,,Technology,20138948.0,0.0
IRCKF,Inter-Rock Minerals Inc,0.78,10,6,7,12,3,5,3,46,-13.0,36.0,Poor,Stay away,48,0.0,1.3,1.0,97.4,0,,Consumer Defensive,16886462.0,202.0
SZIHF,Shenzhen International Holdings Limited,0.9,10,7,11,6,3,2,2,41,-10.0,36.0,Poor,🔥 COILED: Stay away,44,0.0,0.0,0.0,50.0,0,,Industrials,2205959168.0,0.0
TPHIF,Top Frontier Investment Holdings Inc,0.935,5,4,10,7,3,2,2,33,0.0,36.0,Poor,Stay away,29,0.0,0.0,-0.0,0.0,0,,Industrials,394891040.0,0.0
DFORF,D4t4 Solutions Plc,1.0,5,3,9,9,3,2,2,33,0.0,36.0,Poor,Stay away,19,0.0,0.0,-0.1,0.0,1,,Technology,37346612.0,941.58
CETY,"Clean Energy Technologies, Inc. Common Stock",0.98,17,5,7,15,5,6,5,60,-24.0,36.0,Poor,Stay away,54,-0.4,6.5,2.4,55.4,1,,Industrials,12287767.0,2105475.64
CGMXX,Columbia Funds Series Trust II  - Columbia Government Money Market Fund,1.0,10,7,11,6,3,2,2,41,-10.0,36.0,Poor,🔥 COILED: Stay away,44,0.0,0.0,0.0,51.9,0,,nan,nan,0.0
CLNXX,Columbia Funds Series Trust II - Columbia Money Market Fund,1.0,10,7,11,6,3,2,2,41,-10.0,36.0,Poor,🔥 COILED: Stay away,43,0.0,0.0,0.0,50.8,0,,nan,nan,0.0
CMRXX,Columbia Funds Series Trust II - Columbia Money Market Fund,1.0,10,7,11,6,3,2,2,41,-10.0,36.0,Poor,🔥 COILED: Stay away,42,0.0,0.0,0.0,51.3,0,,nan,nan,0.0
IDSXX,Columbia Funds Series Trust II  - Columbia Government Money Market Fund,1.0,10,7,11,6,3,2,2,41,-10.0,36.0,Poor,🔥 COILED: Stay away,43,0.0,0.0,0.0,50.8,0,,nan,nan,0.0
IDYXX,Columbia Funds Series Trust II  - Columbia Government Money Market Fund,1.0,10,7,11,6,3,2,2,41,-10.0,36.0,Poor,🔥 COILED: Stay away,44,0.0,0.0,0.0,51.0,0,,nan,nan,0.0
PIMXX,Plan Investment Fund Inc. - Money Market Portfolio,1.0,10,6,11,6,4,2,2,41,-10.0,36.0,Poor,🔥 COILED: Stay away,44,0.0,0.0,0.0,58.6,0,,nan,nan,0.0
AZTR,Azitra Inc,0.186,16,6,8,14,4,2,5,55,-17.2,35.8,Poor,Stay away,33,46.3,32.7,27.3,72.7,2,,Healthcare,10478388.0,7966320.59
PBLJF,PT Berlian Laju Tanker Tbk,0.001,5,3,10,7,3,2,2,32,0.0,35.0,Poor,Stay away,30,0.0,0.0,-0.0,0.0,0,,Industrials,25909162.0,0.0
DELX,Delex Healthcare Group Inc.,0.007,7,7,3,8,6,0,2,33,-1.0,35.0,Poor,Stay away,47,0.0,4.3,0.8,50.8,0,,Healthcare,14597225.0,76141.73
CABB,California Business Bank,0.009,10,6,11,6,3,2,2,40,-10.0,35.0,Poor,🔥 COILED: Stay away,42,0.0,0.0,0.0,50.0,0,,Financial Services,7640500.0,160.0
EMBR,Embarr Downs Inc,0.005,11,9,3,5,9,6,2,45,-13.0,35.0,Poor,Stay away,63,21.1,0.0,4.2,51.6,2,,Financial Services,4977352.0,1260541.95
SGCSF,Sacgasco Limited,0.002,5,3,10,7,3,2,2,32,0.0,35.0,Poor,Stay away,33,0.0,0.0,-0.0,0.0,0,,Energy,4655222.0,11250.0
EZOO,Ezagoo Limited,0.002,5,3,10,7,3,2,2,32,0.0,35.0,Poor,Stay away,30,0.0,0.0,-0.0,0.0,0,,Communication Services,2663041.0,18.5
DROP,Fuse Science Inc,0.008,8,10,0,9,7,0,2,36,-1.0,35.0,Poor,Stay away,49,-6.7,-44.7,-13.0,47.1,1,,Technology,2250000.0,225442.75
MONTF,Montfort Capital Corp,0.004,10,3,10,7,3,2,2,37,-5.0,35.0,Poor,Stay away,31,0.0,0.0,-0.0,25.1,1,,Financial Services,2209526.0,145.73
SRVTF,Star Vault AB (publ),0.003,8,3,10,7,0,2,2,32,0.0,35.0,Poor,Stay away,32,0.0,0.0,-0.0,0.0,0,,Communication Services,2135848.0,4875.37
WFLDF,Wellfield Technologies Inc.,0.007,8,3,10,9,3,2,2,37,-5.0,35.0,Poor,Stay away,33,0.0,0.0,-0.0,3.8,1,,Technology,1472762.0,6.03
FMBV,Full Motion Beverage Inc,0.007,16,3,5,10,6,7,5,52,-17.0,35.0,Poor,Stay away,54,40.0,-9.1,18.3,65.4,1,,Consumer Defensive,1327321.0,7041.88
AXIM,Axim Biotechnologies Inc,0.003,1,9,2,12,4,2,5,35,0.0,35.0,Poor,Stay away,25,10.0,-34.0,-7.5,46.4,0,,Healthcare,1049413.0,337992.44
CAFS,Café Serendipity Holdings Inc,0.005,14,4,7,10,4,4,5,48,-13.0,35.0,Poor,Stay away,47,0.0,27.8,9.3,86.2,2,,Financial Services,881619.0,2762.08
FRPMF,Forty Pillars Mining Corp,0.01,7,7,11,8,3,2,2,40,-8.0,35.0,Poor,Stay away,39,0.0,0.0,0.0,71.6,1,,Basic Materials,644707.0,0.01
VGGIF,Boosh Plant-Based Brands Inc,0.002,5,4,10,9,3,2,2,35,-5.0,35.0,Poor,🔥 COILED: Stay away,42,0.0,0.0,-0.0,42.0,1,,Consumer Defensive,507368.0,450.0
MYNDF,MYND Lifesciencs Inc,0.008,8,3,10,7,3,4,2,37,-5.0,35.0,Poor,Stay away,35,0.0,0.0,-0.0,24.8,1,,Healthcare,387319.0,412.0
WOLV,Wolverine Technologies Corp,0.003,7,3,10,8,0,2,2,32,0.0,35.0,Poor,Stay away,28,0.0,0.0,-0.0,27.9,0,,Basic Materials,375673.0,334.0
PTVRF,Petro-Victory Energy Corp,0.001,3,8,9,7,3,1,2,33,-3.0,35.0,Poor,🔥 COILED: Stay away,14,0.0,0.0,-77.0,43.4,1,,Energy,37063.0,154.81
WBXWF,WBXWF,0.004,9,12,7,3,3,2,5,41,-6.0,35.0,Poor,Stay away,50,29.4,-51.1,4.6,50.2,0,,nan,nan,0.0
MTGSF,MetroGAS S.A.,0.012,5,3,10,7,3,2,2,32,0.0,35.0,Poor,Stay away,29,0.0,0.0,-0.0,0.0,0,,Utilities,996788160.0,5.0
BYOGF,Bounty Oil & Gas NL,0.018,5,3,10,7,3,7,2,37,-5.0,35.0,Poor,Stay away,38,0.0,0.0,-5.5,11.0,1,,Energy,17627710.0,691.7
BRZV,Fitvia Corp,0.018,21,5,5,14,6,3,5,59,-24,35,Poor,Stay away,56,208.3,208.3,59.4,86.1,2,6,Consumer Defensive,3460870.0,15259.26
AGSS,Ameriguard Security Services Inc.,0.018,17,6,6,9,4,3,3,48,-13.0,35.0,Poor,Stay away,34,34.3,34.3,16.1,71.6,2,,Industrials,1805125.0,8509.8
AHFI,Absolute Health and Fitness Inc,0.012,7,5,10,9,0,0,4,35,0.0,35.0,Poor,Stay away,37,0.0,4.2,1.7,53.0,0,,Financial Services,1051387.0,4055.32
CMLGF,CaNickel Mining Limited,0.02,10,6,11,6,3,2,2,40,-10.0,35.0,Poor,🔥 COILED: Stay away,41,0.0,0.0,0.0,50.0,0,,Basic Materials,750407.0,1330.0
RRMLF,Ross River Minerals Inc,0.013,8,3,10,9,3,2,2,37,-5.0,35.0,Poor,Stay away,33,0.0,0.0,-0.0,0.0,1,,Financial Services,109232.0,22.5
FITSF,Koios Beverage Corp,0.011,12,6,11,9,3,2,2,45,-13.0,35.0,Poor,Stay away,52,0.0,0.0,0.0,95.1,0,,Consumer Defensive,21029.0,20.8
CDIOW,Cardio Diagnostics Holdings Inc,0.017,7,8,4,10,4,2,2,37,2.0,35.0,Poor,Stay away,26,15.1,-1.2,2.4,49.7,0,,nan,nan,42317.81
SNTX,Suntex Enterprises Inc,0.021,7,9,2,8,6,4,2,38,-3.0,35.0,Poor,Stay away,39,-5.4,0.0,-17.7,40.8,0,,Financial Services,8163045.0,2546475.92
CJREF,Corus Entertainment Inc,0.03,13,5,10,12,6,2,5,53,-18.0,35.0,Poor,Stay away,40,0.0,0.0,5.2,91.5,1,,Communication Services,5983204.0,5075.4
TRUIF,TRU Precious Metals Corp,0.029,6,12,6,4,4,6,5,43,-8.0,35.0,Poor,Stay away,34,27.4,27.4,15.5,57.3,2,,Basic Materials,3672364.0,30066.36
OPHRF,Ophir Gold Corp.,0.025,8,4,5,11,2,0,2,32,0.0,35.0,Poor,Stay away,39,-13.8,-7.4,-7.3,46.4,0,,Basic Materials,2597040.0,18379.26
HLOC,World Technology Corp,0.027,8,4,5,8,3,2,2,32,0.0,35.0,Poor,Stay away,24,0.0,0.0,-3.1,40.8,0,,Technology,2316286.0,365.76
DYFWF,Dynasty Fine Wines Group Limited,0.038,5,3,10,7,3,2,2,32,0.0,35.0,Poor,Stay away,32,0.0,0.0,-0.0,0.0,0,,Consumer Defensive,54223628.0,0.0
TBLLF,Tombill Mines Limited,0.039,18,3,4,16,3,6,5,55,-20,35,Poor,Stay away,73,52.8,158.7,62.0,74.9,2,10,Basic Materials,7594083.0,19857.63
OPUS,Opus Magnum Ameris Inc,0.035,3,3,9,11,3,1,2,32,0.0,35.0,Poor,Stay away,25,0.0,0.0,-5.7,15.7,0,,Financial Services,7180845.0,180.69
ALTNF,Alternus Energy Group plc,0.035,8,3,10,9,3,2,2,37,-5.0,35.0,Poor,Stay away,33,0.0,0.0,-0.0,0.0,1,,Utilities,921400.0,24.0
GCLWW,GCL Global Holdings Ltd Warrants,0.035,17,9,7,15,4,2,5,59,-22,35,Poor,Stay away,42,76.8,76.8,59.3,91.2,2,6,nan,476850.0,26017.21
HDIH,H-D International Holdings Group,0.05,15,6,11,9,3,2,2,48,-18.0,35.0,Poor,🔥 COILED: Stay away,52,0.0,0.0,3.1,100.0,1,,Technology,59.0,1.76
TERCF,TerraCom Limited,0.059,15,11,4,16,5,4,5,60,-23.0,35.0,Poor,Stay away,61,20.2,10.7,10.3,58.4,3,,Energy,119583552.0,520148.76
MANZF,Manz AG,0.056,8,3,10,9,3,2,2,37,-5.0,35.0,Poor,Stay away,32,0.0,0.0,-0.0,0.0,1,,Technology,578366.0,600.16
COSG,Cosmos Group Holdings Inc,0.06,13,6,9,4,3,3,2,40,-10.0,35.0,Poor,🔥 COILED: Stay away,29,0.0,9.1,2.1,54.8,1,,Financial Services,38122.0,1823.54
ESWW,Environmental Solutions Worldwide Inc,0.055,10,6,11,10,4,2,2,45,-13.0,35.0,Poor,Stay away,51,0.0,0.0,0.0,100.0,0,,Consumer Cyclical,7460.0,18.41
SEEMF,Seeing Machines Limited,0.063,8,3,5,12,6,2,4,40,-5.0,35.0,Poor,Stay away,60,-10.0,-14.4,-3.9,45.9,1,,Technology,302374816.0,72835.63
HKRHF,3DG Holdings (International) Limited,0.07,8,3,10,9,3,2,2,37,-5.0,35.0,Poor,Stay away,36,0.0,0.0,-0.0,0.0,1,,Consumer Cyclical,18877014.0,5.78
HLUCF,Homeland Uranium Corp.,0.084,2,9,5,13,2,2,2,35,0.0,35.0,Poor,Stay away,23,-3.6,-6.7,-2.9,46.8,0,,nan,nan,389463.71
BRIBF,Brii Biosciences Limited,0.13,4,8,5,9,3,3,3,35,-5.0,35.0,Poor,🔥 COILED: Stay away,20,0.0,0.0,-0.6,44.0,1,,Healthcare,93753016.0,301.95
HHEGF,Huahui Education Group Limited,0.1,8,3,10,7,0,2,2,32,0.0,35.0,Poor,Stay away,35,0.0,0.0,-0.0,18.1,0,,Consumer Defensive,30303766.0,200.0
NIOCF,Niocan Inc,0.115,10,7,8,8,4,3,5,45,-18.0,35.0,Poor,🔥 COILED: Stay away,28,0.0,17.9,6.4,54.2,3,,Basic Materials,16474512.0,2274.72
BSENF,Baselode Energy Corp,0.131,7,14,9,8,2,4,4,48,-13.0,35.0,Poor,Stay away,33,1.6,4.0,1.0,51.0,2,,Energy,11454359.0,43412.28
NXNIF,NorthX Nickel Corp.,0.125,4,13,1,15,5,0,5,43,-8.0,35.0,Poor,Stay away,31,-7.1,4.5,-0.3,50.6,1,,Basic Materials,6931133.0,23774.18
CJNHF,China Jinmao Holdings Group Limited,0.152,5,3,10,7,3,2,2,32,0.0,35.0,Poor,Stay away,37,0.0,0.0,-0.0,37.0,0,,Real Estate,2048489984.0,9.79
CJRCF,China Resources Cement Holdings Limited,0.187,5,3,10,7,3,2,2,32,0.0,35.0,Poor,Stay away,28,0.0,0.0,-0.0,11.1,0,,Basic Materials,1418234624.0,70.0
CHIZF,China Traditional Chinese Medicine Holdings Co. Limited,0.163,4,7,9,9,3,1,2,35,-5.0,35.0,Poor,🔥 COILED: Stay away,16,0.0,0.0,-0.6,40.8,1,,Healthcare,821339200.0,114.0
JROOF,Jericho Oil Corp,0.188,19,12,7,13,9,2,4,66,-29,35,Poor,Stay away,65,18.7,13.9,12.4,60.2,4,,Energy,62915036.0,95938.22
SLROD,Stellar Resources Limited,0.15,15,6,10,7,6,2,2,48,-18.0,35.0,Poor,🔥 COILED: Stay away,48,0.0,0.0,3.8,100.0,1,,Basic Materials,50872288.0,1.25
HEEVF,Helium Evolution Incorporated,0.18,15,4,7,9,3,11,5,54,-19.0,35.0,Poor,Stay away,51,15.2,13.0,11.6,62.9,3,,Energy,31362160.0,11857.55
TRSO,Transuite.Org Inc.,0.18,4,7,0,9,8,6,2,36,-1.0,35.0,Poor,Stay away,37,0.6,-25.0,-5.5,47.0,1,,Technology,12790595.0,5348.28
SEQP,Santana Equestrian Private Financial LLC,0.194,16,4,7,10,4,7,5,53,-18.0,35.0,Poor,Stay away,35,0.0,76.3,21.3,86.3,2,,Industrials,12765480.0,506.8
URZEF,URZ3 Energy Corp.,0.151,11,3,7,14,3,7,5,50,-18.0,35.0,Poor,Stay away,38,11.1,-11.0,2.7,53.1,1,,Energy,8269783.0,66976.67
CREG,Smart Powerr Corp,0.18,5,8,6,8,2,6,2,37,0.0,35.0,Poor,Stay away,16,-18.0,-7.4,-38.1,33.2,0,,Utilities,521723.0,991498.72
CHYMF,Cahya Mata Sarawak Berhad,0.227,4,6,9,7,3,1,2,32,0.0,35.0,Poor,Stay away,14,0.0,0.0,-0.1,37.4,0,,Basic Materials,243933536.0,283.0
VLQCF,Quantum Graphite Limited,0.22,8,3,10,9,3,2,2,37,-5.0,35.0,Poor,Stay away,34,0.0,0.0,-0.0,0.0,1,,Basic Materials,77572000.0,11.23
WNFT,Goff Corp,0.219,8,6,7,10,6,3,5,45,-8.0,35.0,Poor,Stay away,59,6.9,-4.2,2.9,54.7,1,,Financial Services,20681762.0,48443.1
QYOUF,QYOU Media Inc,0.201,2,10,0,10,4,3,2,31,-1.0,35.0,Poor,Stay away,23,-0.8,-0.8,-1.4,46.6,1,,Communication Services,10158532.0,3389.67
ONEI,OneMeta AI,0.219,15,8,8,16,6,9,5,67,-30,35,Poor,Stay away,48,36.9,69.8,37.5,75.7,3,,Technology,7583734.0,26826.37
AYAAF,Ayala Land Inc,0.25,8,7,11,6,6,2,2,42,-10.0,35.0,Poor,Stay away,26,0.0,0.0,0.0,57.7,0,,Real Estate,3501667584.0,0.0
PDLMF,Petra Diamonds Limited,0.269,8,3,10,9,3,2,2,37,-5.0,35.0,Poor,Stay away,36,0.0,0.0,-0.0,0.0,1,,Basic Materials,95274240.0,375.0
ROKRF,ROK Resources Inc.,0.285,18,9,4,15,7,4,5,62,-25.0,35.0,Poor,Stay away,62,1.2,35.0,16.2,68.4,3,,Energy,60966172.0,180757.58
VASO,Vaso Corp,0.289,15,7,7,12,6,0,5,52,-15.0,35.0,Poor,Stay away,60,-3.7,11.2,8.7,68.2,2,,Healthcare,49813100.0,165498.22
LFLRF,LaFleur Minerals Inc.,0.267,12,6,6,12,3,1,5,45,-10.0,35.0,Poor,Stay away,27,6.8,8.0,6.3,61.4,2,,Basic Materials,32831798.0,130794.39
OZBKF,Outback Goldfields Corp,0.254,10,5,5,13,1,5,5,44,-9.0,35.0,Poor,Stay away,17,-1.4,-7.8,-2.4,49.0,1,,Basic Materials,25271820.0,38806.17
HGGCF,Highway 50 Gold Corp,0.29,13,6,10,9,6,2,2,48,-18.0,35.0,Poor,🔥 COILED: Stay away,52,0.0,0.0,3.9,100.0,1,,Basic Materials,12914364.0,577.22
LPBBW,Launch Two Acquisition Corp. Warrant,0.26,6,5,0,12,3,6,2,34,0.0,35.0,Poor,Stay away,44,8.4,13.1,-3.5,48.5,2,,nan,nan,9454.84
AMLIF,American Lithium Corp.,0.34,12,12,7,14,4,2,5,56,-22.0,35.0,Poor,Stay away,35,9.4,10.8,8.9,62.9,3,,Basic Materials,83614248.0,136528.92
SEGYY,SPT Energy Group Inc ADR,0.346,8,3,10,9,3,2,2,37,-5.0,35.0,Poor,Stay away,41,0.0,0.0,-0.0,2.0,1,,Energy,33826092.0,10.05
BBKCD,BBKCD,0.315,19,3,4,14,5,6,5,56,-21,35,Poor,Stay away,62,584.6,615.7,83.3,73.6,2,9,nan,nan,30233.86
JPPSF,Jinmao Property Services Co. Limited,0.373,5,3,10,7,3,2,2,32,0.0,35.0,Poor,Stay away,32,0.0,0.0,-0.0,0.0,0,,Real Estate,336991232.0,1.34
BHCCF,Benchmark Holdings plc,0.366,8,3,10,9,3,2,2,37,-5.0,35.0,Poor,Stay away,36,0.0,0.0,-0.0,0.0,1,,Consumer Defensive,225105232.0,28.0
TKRFF,Tinka Resources Limited,0.353,14,12,11,17,4,3,5,66,-29,35,Poor,Stay away,49,10.4,17.7,10.1,64.1,4,,Basic Materials,43476076.0,23241.76
ALXPF,Alpha Exploration Ltd.,0.394,12,6,11,9,3,2,2,45,-13.0,35.0,Poor,Stay away,47,0.0,0.0,0.0,81.1,0,,Basic Materials,41666400.0,211.8
KPEAD,Kun Peng International Ltd.,0.365,16,7,8,10,4,9,3,57,-22.0,35.0,Poor,Stay away,53,25.9,14.1,9.2,62.0,3,,nan,15020000.0,581.28
PSSR,Passur Aerospace Inc,0.36,12,4,8,12,3,6,3,48,-18.0,35.0,Poor,🔥 COILED: Stay away,52,0.0,1.4,1.5,100.0,1,,Industrials,2776353.0,978.96
JDNRF,Jayden Resources Inc.,0.396,15,6,12,8,3,2,2,48,-18.0,35.0,Poor,🔥 COILED: Stay away,53,0.0,0.0,2.0,98.9,1,,Basic Materials,2317072.0,311.61
ALVOW,Alvotech Warrant,0.38,17,8,3,10,5,5,5,53,-18,35,Poor,Stay away,50,88.3,153.1,35.5,56.5,2,10,nan,nan,4727.31
BIVIW,BioVie Inc. Warrant,0.35,9,15,2,5,6,4,2,43,-6.0,35.0,Poor,Stay away,40,22.8,32.0,18.9,54.3,2,,nan,nan,35867.58
THFRF,Thai Union Group Public Company Limited,0.43,5,3,10,7,3,2,2,32,0.0,35.0,Poor,Stay away,34,0.0,0.0,-0.0,0.0,0,,Consumer Defensive,1900604288.0,1.56
SSHLY,Sunac Services Holdings Limited,0.424,5,3,10,7,3,2,2,32,0.0,35.0,Poor,Stay away,30,0.0,0.0,-0.0,0.0,0,,Real Estate,318039904.0,20.0
JDSEF,Jadestone Energy plc,0.4,17,4,6,12,3,4,4,50,-18.0,35.0,Poor,Stay away,55,0.0,5.3,2.5,94.5,1,,Energy,217971664.0,7155.75
BKLRF,Berkeley Energy Ltd,0.42,15,5,7,10,6,2,5,50,-15.0,35.0,Poor,Stay away,64,0.0,0.0,2.7,99.0,1,,Energy,187443120.0,667.0
FTURF,Future Fuels Inc.,0.438,15,4,8,14,6,6,5,58,-23.0,35.0,Poor,Stay away,55,0.0,56.8,18.3,73.1,3,,Basic Materials,48389116.0,2252.34
IBO,"Impact BioMedical, Inc.",0.441,6,9,6,9,2,3,3,38,-3.0,35.0,Poor,Stay away,24,-1.8,0.2,-2.1,46.8,0,,Healthcare,47452124.0,1411858.31
NVGLF,NV Gold Corporation,0.41,17,9,7,14,6,2,5,60,-25.0,35.0,Poor,Stay away,61,-4.7,10.8,15.2,62.5,3,,Basic Materials,12830316.0,22042.26
VYND,Vynleads Inc,0.41,6,4,9,8,3,3,2,35,-5.0,35.0,Poor,🔥 COILED: Stay away,24,0.0,0.0,-0.2,41.3,1,,Healthcare,7510921.0,188.5
CRYYF,China Railway Signal & Communication Corporation Limited,0.464,10,6,11,6,3,2,2,40,-10.0,35.0,Poor,🔥 COILED: Stay away,48,0.0,0.0,0.0,50.0,0,,Industrials,4912616960.0,0.0
HWAUF,Headwater Gold Inc,0.46,16,13,5,15,6,4,5,64,-29,35,Poor,Stay away,69,3.7,17.9,11.7,65.9,3,,Basic Materials,38163952.0,81198.54
AVTBF,Avant Brands Inc,0.45,10,6,4,11,5,1,5,42,-5.0,35.0,Poor,Stay away,40,-5.1,-1.0,1.5,52.7,1,,Healthcare,6697263.0,8740.16
NCPL,Netcapital Inc,0.539,17,11,3,13,4,5,5,58,-19,35,Poor,Stay away,46,130.2,64.2,40.3,62.6,3,8,Financial Services,3930228.0,6226128.49
SWDHF,Skyworth Group Limited,0.59,4,3,10,9,3,1,2,32,0.0,35.0,Poor,Stay away,23,0.0,0.0,-0.4,1.3,0,,Technology,1307103488.0,33.0
PTZH,Photozou Holdings Inc,0.59,8,3,10,9,3,2,2,37,-5.0,35.0,Poor,Stay away,36,0.0,0.0,-0.0,0.0,1,,Consumer Cyclical,4774329.0,0.39
PSBKF,Postal Savings Bank of China Co. Ltd,0.669,9,6,11,8,3,6,2,45,-13.0,35.0,Poor,Stay away,56,0.0,0.0,0.0,94.7,0,,Financial Services,88100069376.0,829.96
HMCTF,Hainan Meilan International Airport Company Limited,0.65,5,3,9,9,3,6,2,37,-5.0,35.0,Poor,Stay away,23,0.0,0.0,-0.1,0.0,1,,Industrials,317373440.0,88.03
CCEGF,Carclo plc,0.67,5,3,10,7,3,2,2,32,0.0,35.0,Poor,Stay away,38,0.0,0.0,-0.0,1.0,0,,Consumer Cyclical,48456668.0,25.0
ITMSF,Intermap Technologies Corp,0.72,8,8,6,10,5,0,3,40,-5.0,35.0,Poor,Stay away,20,-5.3,4.3,-0.7,48.1,1,,Technology,53860640.0,109877.74
SICP,Silvergate Capital Corporation,0.726,17,6,4,11,5,7,5,55,-20.0,35.0,Poor,Stay away,0,0.8,21.0,14.0,57.2,3,,Financial Services,28220674.0,0.0
NTRBW,Nutriband Inc. Warrant,0.7,15,9,6,15,4,3,5,57,-20,35,Poor,Stay away,35,100.0,100.0,53.6,70.7,3,10,nan,nan,1275.04
SATLW,Satellogic Inc. Warrant,0.72,4,4,6,14,2,5,5,40,-3.0,35.0,Poor,Stay away,24,22.0,-32.4,-2.6,49.0,2,,nan,nan,63163.75
SERKF,Serko Limited,0.755,3,5,9,8,3,3,2,33,-3.0,35.0,Poor,🔥 COILED: Stay away,18,0.0,0.0,-1.6,41.7,1,,Technology,95247768.0,534.38
RNGE,RING ENERGY INC,0.8,10,12,8,3,7,6,2,48,-11.0,35.0,Poor,Stay away,65,2.5,6.6,2.4,55.4,0,,Basic Materials,96926488.0,34303.02
WINSF,Wins Finance Holdings Inc,0.75,12,6,11,9,3,2,2,45,-13.0,35.0,Poor,Stay away,57,0.0,0.0,0.0,100.0,0,,Financial Services,25892.0,3.5
PHCRF,Healius Limited,0.84,8,3,10,9,3,2,2,37,-5.0,35.0,Poor,Stay away,34,0.0,0.0,-0.0,0.0,1,,Healthcare,609970880.0,91.35
GTEC,Greenland Acquisition Corp,0.841,13,4,2,15,5,0,5,44,-9.0,35.0,Poor,Stay away,49,-12.7,16.8,10.3,63.3,2,,Consumer Cyclical,23141252.0,353335.76
HIIDQ,Hidili Industry International Development Limited,0.9,5,3,10,7,3,2,2,32,0.0,35.0,Poor,Stay away,29,0.0,0.0,-0.0,0.0,0,,Energy,316035968.0,11.11
IRLTF,Intralot S.A. Integrated Lottery Systems and Services,1.0,5,3,10,7,3,2,2,32,0.0,35.0,Poor,Stay away,0,0.0,0.0,-0.0,0.0,1,,Consumer Cyclical,1846765056.0,0.0
TRSNF,CompaÃ±Ã­a de Transporte de EnergÃ­a ElÃ©ctrica en Alta TensiÃ³n Transener S.A.,1.0,5,3,10,7,3,2,2,32,0.0,35.0,Poor,Stay away,29,0.0,0.0,-0.0,0.0,0,,Utilities,444673792.0,0.0
CORBF,Global Cord Blood Corporation,0.95,4,4,10,8,3,1,2,32,0.0,35.0,Poor,Stay away,34,0.0,0.0,-0.0,44.4,0,,Healthcare,140610448.0,6075.26
AGIG,AGIG,0.97,12,14,6,7,4,3,3,49,-20.0,35.0,Poor,🔥 COILED: Stay away,30,1.1,11.5,3.2,53.6,3,,Utilities,41942804.0,516235.13
AIKO,Alternative Investment Corporation,0.983,4,4,9,8,3,5,2,35,-5.0,35.0,Poor,🔥 COILED: Stay away,29,0.0,0.0,-0.6,46.3,1,,Financial Services,15317435.0,8.47
HOJI,House of Jane Inc,1.0,5,3,10,7,3,2,2,32,0.0,35.0,Poor,Stay away,32,0.0,0.0,-0.0,0.0,0,,Consumer Defensive,11031895.0,10.5
CUBT,Curative Biotechnology Inc,0.98,4,8,2,12,3,2,2,33,-3.0,35.0,Poor,Stay away,47,5.4,-2.0,-4.3,46.8,2,,Healthcare,6278632.0,1598.58
LLRXX,Western Asset Institutional Liquid Reserves Ltd.,1.0,12,8,11,6,3,2,2,44,-12.0,35.0,Poor,Stay away,45,0.0,0.0,0.0,66.8,0,,nan,nan,0.0
SASKF,Atha Energy Corp.,1.0,18,8,7,17,6,3,5,64,-27.2,34.8,Poor,Stay away,74,23.7,28.4,20.9,79.7,3,,Energy,325707936.0,110259.53
DDDX,3Dx Industries Inc,0.005,12,8,9,15,7,5,5,61,-26.5,34.5,Poor,Stay away,36,25.6,25.6,24.5,66.5,3,,Technology,662274.0,117680.64
NGTF,NightFood Holdings Inc,0.038,11,13,4,15,4,7,5,59,-22.5,34.5,Poor,Stay away,43,2.7,63.8,22.1,59.7,3,,Industrials,19184338.0,1174480.74
HYEG,Hydrogen Engine Center Inc,0.068,17,12,7,9,4,5,5,59,-22.5,34.5,Poor,Stay away,52,47.1,-0.6,35.0,64.7,1,,Industrials,6412504.0,9971.54
VQSSF,VIQ Solutions Inc.,0.08,16,6,8,15,6,3,5,59,-24.5,34.5,Poor,Stay away,44,4.3,42.9,22.5,67.4,3,,Technology,5636972.0,5123.41
EMFGF,Fluence Corporation Limited,0.07,16,10,6,9,4,3,5,53,-21.8,34.2,Poor,Stay away,54,24.3,83.2,29.6,70.8,3,,Industrials,80196984.0,5122.61
CTGL,Citrine Global Corp,0.008,14,6,5,13,0,3,5,46,-10.0,34.0,Poor,Stay away,29,58.0,33.9,17.3,55.6,2,8,Industrials,10195221.0,73175.93
CRCW,Crypto Co,0.001,13,8,4,12,2,3,5,47,-13.0,34.0,Poor,Stay away,39,10.0,10.0,8.6,85.3,2,,Technology,5829932.0,8014308.75
EATR,Eastern Asteria Inc,0.001,17,13,3,11,4,0,5,53,-20.0,34.0,Poor,Stay away,59,20.0,20.0,10.3,54.7,3,,Financial Services,2783251.0,2427032.81
SCRSF,ScreenPro Security Inc,0.002,7,3,10,9,3,2,2,36,-5.0,34.0,Poor,Stay away,40,0.0,0.0,-0.0,26.2,1,,Healthcare,495833.0,6768.18
CDELF,Candelaria Mining Corp,0.003,5,3,10,9,0,2,2,31,0.0,34.0,Poor,Stay away,28,0.0,0.0,-0.0,0.3,0,,Basic Materials,449623.0,1719.0
RFXRF,Running Fox Resource Corp,0.002,12,6,6,8,6,2,2,42,-13.0,34.0,Poor,🔥 COILED: Stay away,37,0.0,0.0,0.5,95.5,0,,Basic Materials,381403.0,428.5
PREC,Prestige Cars International Inc,0.008,13,4,11,4,4,1,2,39,-10.0,34.0,Poor,🔥 COILED: Stay away,46,0.0,0.0,0.3,59.8,0,,Consumer Cyclical,348631.0,24316.14
BNIGF,Beroni Group Limited,0.006,8,3,10,8,3,2,2,36,-5.0,34.0,Poor,Stay away,31,0.0,0.0,-0.0,0.0,1,,Healthcare,179982.0,0.14
TOBAF,TAAT Global Alternatives Inc,0.005,7,6,10,7,3,1,2,36,-5.0,34.0,Poor,Stay away,34,0.0,0.0,-0.0,38.0,1,,Consumer Defensive,117859.0,327.46
REVBW,Revelation Biosciences Inc,0.01,3,9,6,11,3,0,5,37,-6.0,34.0,Poor,🔥 COILED: Stay away,42,4.2,-1.0,7.0,51.8,2,,nan,nan,41938.73
KYBWF,Guangdong Land Holdings Limited,0.02,12,6,12,7,6,2,2,47,-18.0,34.0,Poor,🔥 COILED: Stay away,53,0.0,0.0,1.9,100.0,1,,Real Estate,34230736.0,72.55
DUBRF,Dubber Corporation Limited,0.011,6,4,10,9,0,3,2,34,-5.0,34.0,Poor,🔥 COILED: Stay away,30,0.0,0.0,-0.2,48.8,1,,Technology,29829552.0,465.0
CBULF,Gratomic Inc,0.018,4,4,10,8,3,3,2,34,-5.0,34.0,Poor,🔥 COILED: Stay away,28,0.0,0.0,-4.0,44.4,1,,Basic Materials,3504564.0,0.0
QPTFF,Quest PharmaTech Inc,0.02,3,3,9,10,3,1,2,31,0.0,34.0,Poor,Stay away,27,0.0,0.0,-1.2,1.5,0,,Healthcare,3382585.0,12903.88
QQQFF,Quizam Media Corporation,0.02,3,4,9,8,3,5,2,34,-5.0,34.0,Poor,🔥 COILED: Stay away,26,0.0,0.0,-6.7,42.0,1,,Communication Services,1265355.0,1340.15
AMFL,American Films Inc,0.017,13,10,12,12,5,3,5,60,-22.0,34.0,Poor,Stay away,36,11.8,11.8,9.2,68.9,3,,Communication Services,1088203.0,23633.53
HANCF,Hanstone Gold Corp,0.014,12,7,10,6,3,1,2,41,-15.0,34.0,Poor,🔥 COILED: Stay away,27,0.0,0.0,0.1,49.2,1,,Basic Materials,485915.0,2460.1
ZHIXF,Zhixin Group Holding Limited,0.026,8,3,10,8,3,2,2,36,-5.0,34.0,Poor,Stay away,30,0.0,0.0,-0.0,0.0,1,,Basic Materials,23696640.0,1080.0
BVCLF,BATM Advanced Communications Ltd.,0.022,11,6,12,11,3,2,2,47,-18.0,34.0,Poor,🔥 COILED: Stay away,40,0.0,0.0,2.7,99.9,1,,Healthcare,7481753.0,427.65
SNEGF,Sound Energy plc,0.029,4,7,9,7,3,3,3,36,-5.0,34.0,Poor,Stay away,33,3.6,3.6,1.0,48.9,1,,Energy,6552505.0,0.0
IDEA,Aeon Ventures Inc,0.027,4,4,10,8,3,3,2,34,-5.0,34.0,Poor,🔥 COILED: Stay away,33,0.0,0.0,-3.7,45.5,1,,Financial Services,2740000.0,0.0
OMID,Omid Holdings Inc,0.022,3,6,8,7,0,5,2,31,0.0,34.0,Poor,Stay away,20,0.0,-7.9,-2.3,45.3,0,,Healthcare,2119636.0,22756.67
DREM,Dream Homes & Development Corporation,0.029,17,7,4,10,6,7,5,56,-22,34,Poor,Stay away,60,85.9,26.1,49.1,64.8,2,7,Consumer Cyclical,1408370.0,6633.91
MOBNF,M.O.B.A. Network AB (publ),0.025,5,3,10,9,0,2,2,31,0.0,34.0,Poor,Stay away,28,0.0,0.0,-0.0,0.0,0,,Technology,567070.0,450.0
VGASW,Verde Clean Fuels Inc.,0.03,7,7,4,7,5,2,2,34,2.0,34.0,Poor,Stay away,30,-11.3,-2.3,0.1,50.1,0,,Utilities,nan,84861.95
GHST,GHST World Inc,0.032,1,5,7,11,4,4,2,34,0.0,34.0,Poor,Stay away,29,-11.1,0.0,-4.5,41.2,0,,Consumer Cyclical,4166438.0,1440.27
MYRLF,Meryllion Resources Corp,0.031,9,6,11,6,3,2,2,39,-10.0,34.0,Poor,🔥 COILED: Stay away,49,0.0,0.0,0.0,50.0,0,,Basic Materials,2733646.0,19.01
GLIIF,Glacier Lake Resources Inc,0.036,6,4,10,7,3,2,2,34,-5.0,34.0,Poor,🔥 COILED: Stay away,38,0.0,0.0,-0.0,50.1,1,,Basic Materials,1715046.0,100.0
ENAI,ENAI,0.032,15,5,9,10,6,2,5,52,-18.0,34.0,Poor,Stay away,52,0.0,0.0,8.0,99.6,1,,Financial Services,643712.0,427.14
MLPHD,AI Energy Inc.,0.032,15,5,9,10,6,2,5,52,-18.0,34.0,Poor,Stay away,52,0.0,0.0,7.8,99.6,1,,Financial Services,403819.0,431.16
BARUF,Baru Gold Corp,0.045,16,10,4,15,6,2,5,58,-22.0,34.0,Poor,Stay away,50,3.7,64.6,18.3,62.6,3,,Basic Materials,17960880.0,78607.68
CLRMF,Clean Air Metals Inc,0.047,15,6,6,12,3,4,5,51,-17.0,34.0,Poor,Stay away,51,0.0,4.4,7.5,61.7,1,,Basic Materials,11776168.0,159794.48
GGIFF,Garibaldi Resources Corp,0.05,4,7,10,11,0,2,2,36,-5.0,34.0,Poor,Stay away,28,0.0,0.0,-2.1,46.3,1,,Basic Materials,7602028.0,8958.0
XTERF,Norvista Capital Corporation,0.042,9,6,11,6,3,2,2,39,-10.0,34.0,Poor,🔥 COILED: Stay away,46,0.0,0.0,0.0,50.0,0,,Basic Materials,5592770.0,16.53
MTLI,Metaline Contact Mines,0.05,3,3,10,8,0,5,2,31,0.0,34.0,Poor,Stay away,24,0.0,0.0,-1.6,18.2,0,,Basic Materials,1260447.0,127.41
PRYNF,Backstageplay Inc,0.049,8,4,10,10,0,2,2,36,-5.0,34.0,Poor,Stay away,33,0.0,0.0,-0.0,0.0,1,,Communication Services,1203578.0,218.75
HMTXF,Hemostemix Inc,0.055,16,7,5,14,6,3,5,56,-22.0,34.0,Poor,Stay away,44,10.5,24.8,13.6,69.9,3,,Healthcare,11586991.0,5082.35
ORGEF,Oregen Energy Corp.,0.056,13,14,3,10,9,7,5,61,-28,34,Poor,Stay away,43,34.8,86.7,28.1,56.2,3,,Financial Services,2948090.0,29031.79
SUNTF,Suncorp Technologies Limited,0.065,15,5,7,9,6,2,5,49,-18.0,34.0,Poor,Stay away,60,0.0,0.0,23.5,99.9,0,,Industrials,20000976.0,47.83
ANORF,AnorTech Inc.,0.061,4,13,1,10,3,4,2,37,-1.0,34.0,Poor,Stay away,46,2.2,2.2,-4.7,45.2,0,,Basic Materials,12096062.0,23392.5
PTEEF,Plaintree Systems Inc,0.07,18,9,5,14,6,8,5,65,-27,34,Poor,Stay away,62,137.4,137.4,109.9,100.0,2,3,Industrials,911230.0,1167.66
MLGCF,M3 Metals Corp,0.063,3,6,9,7,3,1,2,31,0.0,34.0,Poor,Stay away,21,0.0,0.0,-6.6,28.2,0,,Basic Materials,644225.0,135.0
GTGEF,G2 Technologies Corp,0.07,5,4,10,8,3,2,2,34,-5.0,34.0,Poor,🔥 COILED: Stay away,36,0.0,0.0,0.0,50.0,1,,Energy,347281.0,450.0
PURE,Pure Bioscience Inc,0.09,15,15,3,5,6,3,5,52,-18,34,Poor,Stay away,63,50.0,12.5,24.4,60.0,3,10,Consumer Defensive,10401405.0,35707.84
SONIF,SonicStrategy Inc.,0.086,14,10,5,5,8,3,5,50,-16.0,34.0,Poor,Stay away,40,18.2,6.5,4.1,51.2,1,,Technology,4954107.0,35250.86
FLMCF,First Lithium Minerals Corp.,0.092,13,9,6,15,1,4,5,53,-22.0,34.0,Poor,Stay away,52,-3.5,31.8,9.5,57.5,3,,Basic Materials,10324724.0,27241.14
CCLHF,C C Land Holdings Limited,0.14,5,4,10,8,3,2,2,34,-5.0,34.0,Poor,🔥 COILED: Stay away,33,0.0,0.0,0.0,50.0,1,,Real Estate,543526848.0,4.0
SCNLF,Scancell Holdings plc,0.135,3,6,7,14,3,3,3,39,-5.0,34.0,Poor,Stay away,11,0.0,-0.6,-6.5,27.4,1,,Healthcare,140308032.0,4436.65
ENMPF,Ensurge Micropower ASA,0.1,13,5,9,12,3,2,5,49,-18.0,34.0,Poor,Stay away,49,0.0,0.0,7.5,84.5,1,,Technology,97209976.0,3703.0
THOXF,BioPorto A/S,0.149,8,3,10,8,3,2,2,36,-5.0,34.0,Poor,Stay away,34,0.0,0.0,-0.0,0.0,1,,Healthcare,73769288.0,1205.0
INNMF,Amplia Therapeutics Limited,0.105,7,7,8,14,1,4,5,46,-15.0,34.0,Poor,Stay away,38,0.0,5.0,0.6,51.1,1,,Healthcare,53897760.0,19141.0
SSGC,SafeSpace Global Corporation,0.13,13,5,4,15,3,2,5,47,-13.0,34.0,Poor,Stay away,32,-11.0,9.2,6.9,55.4,2,,Technology,26602852.0,178860.31
ADIA,Adia Nutrition Inc,0.149,15,14,8,13,4,2,2,58,-22.0,34.0,Poor,Stay away,56,35.7,24.4,19.4,61.6,3,,Healthcare,14066300.0,38930.5
ZCRMF,Golden Cross Resources Inc,0.127,12,12,10,15,5,7,5,66,-30,34,Poor,Stay away,48,10.1,17.5,7.9,58.6,3,,Basic Materials,9482262.0,124906.91
OMGPF,Omega Pacific Resources Inc.,0.104,6,6,7,12,3,3,2,39,-5.0,34.0,Poor,Stay away,27,1.8,1.8,-1.3,35.3,1,,Basic Materials,5100783.0,2789.0
BYRRF,Bayridge Resources Corp.,0.132,4,3,10,9,3,5,2,36,-5.0,34.0,Poor,Stay away,20,0.0,0.0,-0.4,4.9,1,,Basic Materials,2027590.0,406.98
ZCAR,Zoomcar Holdings Inc.,0.115,10,6,2,7,2,5,5,37,-3.0,34.0,Poor,Stay away,39,21.1,7.4,5.8,51.0,2,,Industrials,1109510.0,45188.94
CCCP,Crona Corp.,0.1,8,4,10,8,0,2,2,34,-5.0,34.0,Poor,🔥 COILED: Stay away,41,0.0,0.0,-0.0,43.0,1,,Communication Services,708760.0,114.46
BFRGW,"Bullfrog AI Holdings, Inc. Warrants",0.112,1,14,6,8,3,0,2,34,0.0,34.0,Poor,Stay away,25,-7.3,-4.7,-5.5,45.6,0,,Healthcare,nan,12752.59
CNYGF,Canary Gold Corp.,0.11,6,5,5,8,3,3,4,34,0.0,34.0,Poor,Stay away,16,0.0,4.9,-2.3,44.6,0,,Basic Materials,nan,3769.84
SSHLF,Sunac Services Holdings Limited,0.186,5,3,10,9,0,2,2,31,0.0,34.0,Poor,Stay away,35,0.0,0.0,-0.0,0.2,0,,Real Estate,557638464.0,50.0
LEMIF,Leading Edge Materials Corp,0.19,2,11,7,8,5,0,2,35,-1.0,34.0,Poor,Stay away,44,-4.5,-5.0,-2.8,45.3,1,,Basic Materials,48930784.0,39994.1
WANSF,WANdisco plc,0.18,9,6,6,8,3,4,5,41,-7.0,34.0,Poor,Stay away,40,-1.4,-3.2,7.6,63.5,1,,Technology,28908722.0,13016.08
AIMV,AI Maverick Intel Inc.,0.168,12,3,5,10,4,0,2,36,-5.0,34.0,Poor,Stay away,50,-1.2,-1.2,-0.1,50.9,1,,Healthcare,21753774.0,15940.62
CTTMF,Catena Media plc,0.195,8,3,10,8,3,2,2,36,-5.0,34.0,Poor,Stay away,35,0.0,0.0,-0.0,0.0,1,,Communication Services,14751776.0,157.13
RRUUF,Refined Energy Corp.,0.158,11,14,6,13,3,2,5,54,-21.0,34.0,Poor,Stay away,21,13.7,12.9,8.8,59.2,3,,Basic Materials,8365278.0,30789.5
ECORF,Elcora Advanced Materials Corp,0.19,4,7,10,8,0,3,2,34,-5.0,34.0,Poor,🔥 COILED: Stay away,38,0.0,0.0,-0.0,44.7,1,,Basic Materials,7985643.0,1962.98
KWHAF,K. Wah International Holdings Limited,0.24,9,6,11,6,3,2,2,39,-10.0,34.0,Poor,🔥 COILED: Stay away,33,0.0,0.0,0.0,50.0,0,,Real Estate,756024320.0,0.0
FLNCF,Freelancer Limited,0.2,11,2,6,7,1,0,4,31,0.0,34.0,Poor,Stay away,38,0.0,-8.6,-0.5,50.3,0,,Communication Services,90182976.0,3622.15
RECEF,Recce Pharmaceuticals Ltd,0.22,8,3,10,8,3,2,2,36,-5.0,34.0,Poor,Stay away,34,0.0,0.0,-0.0,0.8,1,,Healthcare,67269416.0,21.5
BNXTF,BioNxt Solutions Inc.,0.227,7,12,8,4,3,6,4,44,-13.0,34.0,Poor,Stay away,20,4.2,-3.1,0.4,48.9,1,,Healthcare,30870914.0,3257.68
SMDZF,Strategic Metals Ltd,0.245,13,12,3,14,4,2,4,52,-18.0,34.0,Poor,Stay away,58,2.1,11.4,5.6,55.1,3,,Basic Materials,25542874.0,43286.32
VOBIF,Vobile Group Limited,0.261,4,6,6,7,3,3,2,31,0.0,34.0,Poor,Stay away,19,0.0,0.0,-0.7,33.2,0,,Technology,991351680.0,186.03
FCLIF,Full Circle Lithium Corp.,0.29,12,6,4,10,5,2,3,42,-8.0,34.0,Poor,Stay away,39,-4.0,-9.3,-2.0,47.9,1,,Basic Materials,29750794.0,52456.58
RAINW,"Rain Enhancement Technologies Holdco, Inc. Warrants",0.26,18,10,5,5,7,6,5,56,-20,34,Poor,Stay away,66,103.9,73.3,46.5,68.6,2,7,nan,nan,10826.92
SHERF,Sherritt International Corporation,0.339,15,6,5,15,6,4,5,56,-22,34,Poor,Stay away,52,69.6,54.1,50.9,71.4,3,8,Basic Materials,197110880.0,54414.41
FTZFF,Fitzroy Minerals Inc,0.336,16,8,7,15,5,2,5,58,-24.0,34.0,Poor,Stay away,66,3.3,11.9,6.5,61.4,3,,Basic Materials,111998496.0,52853.87
CHFLF,China Feihe Limited,0.39,9,7,11,5,4,1,2,39,-10.0,34.0,Poor,🔥 COILED: Stay away,29,0.0,0.0,0.4,57.1,0,,Consumer Defensive,3434989056.0,2779.85
AMGXF,AnGes Inc,0.36,5,4,10,8,3,2,2,34,-5.0,34.0,Poor,🔥 COILED: Stay away,33,0.0,0.0,0.0,50.0,1,,Healthcare,143660480.0,21.63
HAFG,Holistic Asset Finance Group Co. Ltd,0.398,13,3,7,14,4,1,5,47,-13.0,34.0,Poor,Stay away,35,13.7,13.7,7.7,81.3,2,,Communication Services,29542818.0,365.32
EGHAR,EGH Acquisition Corp. Rights,0.368,2,8,7,9,6,0,2,34,0.0,34.0,Poor,Stay away,47,-3.2,-5.7,-3.5,45.1,1,,nan,nan,0.0
BTRAF,Brightstar Resources Limited,0.42,16,7,8,14,6,8,5,64,-30,34,Poor,Stay away,57,23.6,23.6,21.5,93.2,3,,Basic Materials,424841792.0,11706.1
PAUIF,Premier American Uranium Inc,0.449,16,9,10,11,7,5,5,63,-29,34,Poor,Stay away,46,30.5,11.1,12.2,62.5,3,,Energy,43310532.0,42131.47
DXYN,The Dixie Group Inc,0.41,12,8,1,12,7,4,3,47,-13.0,34.0,Poor,Stay away,35,-6.8,-4.6,-3.2,48.9,1,,Consumer Cyclical,6323442.0,15021.0
CPFXF,Copper Fox Metals Inc,0.49,9,4,3,7,3,0,5,31,0.0,34.0,Poor,Stay away,52,-3.9,-7.5,-2.3,48.3,0,,Basic Materials,294590624.0,43328.7
SOMNF,SomnoMed Limited,0.45,5,3,10,7,3,6,2,36,-5.0,34.0,Poor,Stay away,29,0.0,0.0,-0.0,0.2,1,,Healthcare,93621280.0,6.5
ITGMF,Biomedico Hadarim Ltd,0.475,5,4,10,8,3,2,2,34,-5.0,34.0,Poor,🔥 COILED: Stay away,33,0.0,0.0,0.0,50.0,1,,Industrials,13101222.0,35.78
CAWW,CCA Industries Inc,0.45,10,5,8,3,6,3,2,37,-8.0,34.0,Poor,🔥 COILED: Stay away,22,0.0,0.0,-0.7,40.1,0,,Consumer Defensive,3402757.0,2654.05
WSTRF,Western Uranium & Vanadium Corp,0.53,16,9,7,14,7,8,5,66,-30,34,Poor,Stay away,40,36.6,32.5,27.4,72.4,3,,Energy,37523412.0,142097.61
WHLM,Wilhelmina,0.5,3,3,9,8,3,3,2,31,0.0,34.0,Poor,Stay away,13,0.0,0.0,-7.7,0.9,0,,Industrials,2459922.0,296.75
WMWWF,West Wits Mining Limited,0.55,12,6,11,9,3,6,2,49,-18.0,34.0,Poor,Stay away,51,0.0,0.0,0.0,91.4,1,,Basic Materials,239188400.0,3013.61
CFRLF,China Aircraft Leasing Group Holdings Limited,0.644,9,6,11,6,3,2,2,39,-10.0,34.0,Poor,🔥 COILED: Stay away,48,0.0,0.0,0.0,50.0,0,,Industrials,481920256.0,11.9
BOCN,Blue Ocean Acquisition Corp,0.608,17,12,5,5,6,11,2,58,-24.0,34.0,Poor,Stay away,64,1.9,5.8,2.6,61.6,2,,Financial Services,70565776.0,512.72
FLD,"Fold Holdings, Inc. Class A Common Stock",0.611,15,11,8,13,4,6,5,62,-29,34,Poor,Stay away,24,35.1,29.1,22.9,65.4,3,,Financial Services,31206736.0,841727.01
MIPCF,Minor International Public Company Limited,0.688,4,3,8,7,3,4,2,31,0.0,34.0,Poor,Stay away,11,0.0,0.0,-0.2,0.0,0,,Consumer Cyclical,3870269696.0,23.5
PETV,PetVivo Holdings Inc,0.68,4,7,5,8,4,6,5,39,-3.0,34.0,Poor,Stay away,26,1.5,-1.4,-1.3,46.7,1,,Healthcare,25806338.0,15275.8
BRNS,Barinthus Biotherapeutics plc,0.731,15,9,8,11,5,2,5,55,-22.0,34.0,Poor,Stay away,48,19.5,21.9,16.9,69.0,3,,Healthcare,28855656.0,64543.01
BRANF,Baran Group Ltd,0.72,6,6,7,7,1,2,2,31,0.0,34.0,Poor,Stay away,13,0.0,0.0,-1.3,14.7,0,,Industrials,19634706.0,7.52
GOVX,GeoVax Labs Inc,0.717,9,13,7,5,3,4,3,44,-13.0,34.0,Poor,Stay away,29,19.1,-0.1,0.3,45.8,2,,Healthcare,3283114.0,1788833.93
BPSCF,BP Silver Corp.,0.735,11,3,3,12,5,0,5,39,-5.0,34.0,Poor,Stay away,48,-12.9,-0.7,-0.7,52.2,1,,Basic Materials,nan,0.0
ASGOF,Asante Gold Corporation,0.774,15,5,7,10,3,4,5,49,-15.0,34.0,Poor,Stay away,35,8.5,7.1,8.2,61.0,1,,Basic Materials,737569792.0,90870.93
AMTD,AMTD IDEA Group,0.771,6,10,1,10,2,6,3,38,-4.0,34.0,Poor,Stay away,10,-6.8,1.4,-1.4,45.3,0,,Financial Services,73280016.0,28681.97
ICMB,Investcorp Credit Management BDC Inc,0.845,6,13,9,6,4,4,5,47,-11.0,34.0,Poor,Stay away,19,-0.5,2.6,0.4,47.9,1,,Financial Services,12049671.0,59144.11
SCND,Scientific Industries Inc,0.803,15,9,5,14,6,9,5,63,-29,34,Poor,Stay away,59,20.9,26.5,14.5,65.4,3,,Technology,9577472.0,3129.8
PTIX,Protagenic Therapeutics,0.91,16,6,6,17,5,2,5,57,-21,34,Poor,Stay away,43,51.7,152.8,61.0,72.8,3,9,Healthcare,1611085.0,37914.9
CGXYF,China Galaxy Securities Co. Ltd,1.0,9,6,11,6,3,2,2,39,-10.0,34.0,Poor,🔥 COILED: Stay away,33,0.0,0.0,0.0,50.0,0,,Financial Services,10934402048.0,0.0
PMMCF,Pampa Metals Corporation,0.989,17,9,7,12,6,8,5,64,-30,34,Poor,Stay away,72,14.5,31.8,16.8,72.5,3,,Basic Materials,259692608.0,91892.59
AUUD,Auddia Inc,1.0,4,7,4,9,4,4,2,34,0.0,34.0,Poor,Stay away,22,-1.0,-2.0,-4.6,44.9,0,,Technology,5803050.0,2497192.19
FIUXX,First American Funds Inc. - First American Institutional Prime Obligations Fund,1.0,8,7,11,6,3,2,2,39,-10.0,34.0,Poor,🔥 COILED: Stay away,37,0.0,0.0,0.0,54.9,0,,nan,nan,0.0
IPLXX,Voya Investors Trust - Voya Liquid Assets Portfolio,1.0,12,6,7,6,4,2,2,39,-10.0,34.0,Poor,🔥 COILED: Stay away,30,0.0,0.0,0.0,57.7,0,,nan,nan,0.0
ITLXX,Voya Investors Trust - Voya Liquid Assets Portfolio,1.0,12,6,7,6,4,2,2,39,-10.0,34.0,Poor,🔥 COILED: Stay away,30,0.0,0.0,0.0,57.7,0,,nan,nan,0.0
MPEXX,Morgan Stanley Institutional Liquidity Funds - Prime Portfolio,1.0,15,5,8,6,4,2,2,42,-13.0,34.0,Poor,🔥 COILED: Stay away,36,0.0,0.0,0.0,73.4,0,,nan,nan,0.0
NUKUF,American Atomics Inc.,0.14,17,7,7,10,3,5,5,54,-20.5,33.5,Poor,Stay away,0,12.0,35.7,20.1,56.5,3,,Basic Materials,nan,0.0
NVSGF,Nevada Sunrise Gold Corporation,0.038,16,14,5,11,6,7,5,64,-26.8,33.2,Poor,Stay away,67,26.7,26.7,23.4,62.0,3,,Basic Materials,5290095.0,125618.05
CNER,China New Energy Group Co,0.007,11,7,11,6,4,2,2,43,-15.0,33.0,Poor,🔥 COILED: Stay away,28,0.0,0.0,1.0,57.1,1,,Utilities,51397728.0,14116.89
BLLYF,Bluejay Mining plc,0.009,9,11,3,13,4,4,4,48,-18.0,33.0,Poor,Stay away,34,22.7,37.3,12.2,54.4,3,,Basic Materials,36220784.0,3036436.49
ITHUF,iAnthus Capital Holdings Inc,0.005,11,14,4,16,5,2,2,54,-25.0,33.0,Poor,Stay away,41,-2.0,22.5,8.9,52.9,4,,Healthcare,27899246.0,303100.72
LOTT,Techlott Inc.,0.009,6,13,8,9,4,3,5,48,-20.0,33.0,Poor,🔥 COILED: Stay away,26,-1.1,36.8,0.8,50.3,3,,Technology,8818350.0,83755.33
DIGTF,Thruvision Group plc,0.01,6,3,8,9,3,4,2,35,-5.0,33.0,Poor,Stay away,24,0.0,0.0,-0.0,11.3,1,,Industrials,4261310.0,21035.0
ISDSF,iSIGN Media Solutions Inc,0.01,8,3,10,7,3,2,2,35,-5.0,33.0,Poor,Stay away,35,0.0,0.0,-0.0,0.0,1,,Technology,2319762.0,8769.12
EMBYF,Nexera Energy Inc,0.007,17,4,5,10,6,4,5,51,-18.0,33.0,Poor,Stay away,51,0.0,0.0,18.7,100.0,1,,Energy,1138223.0,170.59
QIND,Quality Industrial Corp.,0.006,3,6,5,9,4,2,2,31,4.0,33.0,Poor,Stay away,28,9.1,-7.7,-4.4,42.3,1,,Industrials,677774.0,136119.26
EAATF,Earthworks Industries Inc,0.005,3,6,8,7,3,1,2,30,0.0,33.0,Poor,Stay away,17,0.0,0.0,-2.3,7.8,0,,Industrials,665190.0,48872.65
NUGS,Cannabis Strategic Ventures,0.016,18,9,5,7,3,8,5,55,-27,33,Poor,Stay away,54,1520.0,3950.0,592.6,97.0,2,3,Healthcare,402295.0,0.0
DIOSF,Dios Exploration Inc,0.001,8,3,10,7,3,2,2,35,-5.0,33.0,Poor,Stay away,29,0.0,0.0,-0.0,1.6,1,,Basic Materials,142757.0,2134.99
OMHI,Om Holdings International Inc,0.001,11,6,7,9,3,5,5,46,-13.0,33.0,Poor,Stay away,37,0.0,42.9,13.2,97.3,2,,Consumer Defensive,52200.0,307.21
IRNS,Ironstone Group Inc,0.002,8,3,10,7,3,2,2,35,-5.0,33.0,Poor,Stay away,33,0.0,0.0,-0.0,0.0,1,,Financial Services,5453.0,10.0
AUVGF,Australian Vintage Ltd,0.014,8,3,10,7,3,2,2,35,-5.0,33.0,Poor,Stay away,34,0.0,0.0,-0.0,0.0,1,,Consumer Defensive,4546588.0,8.4
VSBC,VitaSpring Biomedical Co. Ltd,0.011,8,3,10,7,3,2,2,35,-5.0,33.0,Poor,Stay away,29,0.0,0.0,-0.0,0.0,1,,Healthcare,2298033.0,51.88
GNTOF,Gentor Resources Inc,0.02,5,3,10,8,3,2,2,33,0.0,33.0,Poor,Stay away,33,0.0,0.0,-0.0,0.0,0,,Basic Materials,778134.0,43.0
WALDW,Waldencast Acquisition Corp,0.028,3,8,3,8,3,4,2,31,4.0,33.0,Poor,Stay away,18,4.8,-14.2,-9.5,41.2,1,,nan,366375000.0,41660.97
KMGLF,Asiamet Resources Ltd,0.022,10,7,11,6,0,2,2,38,-10.0,33.0,Poor,🔥 COILED: Stay away,39,0.0,0.0,0.0,53.9,0,,Basic Materials,76360872.0,22526.09
SRSSF,S2 Resources Ltd,0.025,6,4,9,8,0,1,2,30,0.0,33.0,Poor,Stay away,13,0.0,0.0,-0.8,0.0,0,,Basic Materials,13289659.0,852.5
SCGY,Scientific Energy Inc,0.027,5,4,10,9,3,2,2,35,-5.0,33.0,Poor,Stay away,29,0.0,0.0,-0.0,0.0,1,,Communication Services,7110113.0,8.5
OLVRF,Olivut Resources Ltd,0.03,13,8,4,5,4,7,2,43,-15.0,33.0,Poor,🔥 COILED: Stay away,26,0.0,0.0,1.2,52.3,1,,Basic Materials,2472093.0,4611.0
VETIF,VIP Entertainment Technologies Inc.,0.03,5,4,10,7,3,2,2,33,-5.0,33.0,Poor,🔥 COILED: Stay away,30,0.0,0.0,0.0,50.0,1,,Consumer Cyclical,1167937.0,41.75
NRBT,Novus Robotics Inc,0.023,4,6,2,10,0,6,2,30,0.0,33.0,Poor,Stay away,34,2.3,3.7,-11.7,47.5,0,,Industrials,775104.0,0.0
STCB,Starco Brands Inc,0.032,7,10,8,8,3,0,5,41,-8.0,33.0,Poor,Stay away,41,-10.0,-12.4,-5.6,47.6,1,,Consumer Defensive,23525762.0,0.0
HVGDF,Harvest Gold Corporation,0.04,8,12,5,15,4,2,2,48,-18.0,33.0,Poor,Stay away,34,11.1,33.3,15.4,53.0,3,,Basic Materials,5471083.0,62399.1
IVIXF,Invion Limited,0.037,8,3,10,7,3,2,2,35,-5.0,33.0,Poor,Stay away,35,0.0,0.0,-0.0,0.0,1,,Healthcare,4029503.0,0.11
MSOVF,Greatbanks Resources Ltd,0.04,12,6,11,7,3,2,2,43,-13.0,33.0,Poor,Stay away,55,0.0,0.0,0.0,100.0,0,,Other,nan,50.0
DGMDF,Digital Domain Holdings Limited,0.044,10,6,11,8,0,6,2,43,-13.0,33.0,Poor,Stay away,32,0.0,0.0,0.0,80.9,0,,Communication Services,351086944.0,2129.45
SIMTF,SIM Technology Group Limited,0.046,12,6,11,8,0,4,2,43,-13.0,33.0,Poor,Stay away,52,0.0,0.0,0.0,99.5,0,,Technology,343983616.0,109.0
GLABF,Gemina Laboratories Ltd,0.05,8,6,10,7,0,2,2,35,-5.0,33.0,Poor,Stay away,28,0.0,0.0,-0.0,25.7,1,,Healthcare,3828545.0,19104.28
YUKA,Yuka Group Inc,0.042,13,6,10,13,1,3,5,51,-21.0,33.0,Poor,🔥 COILED: Stay away,31,6.3,14.1,5.4,52.7,4,,Healthcare,2176800.0,89625.89
RBRI,RBR Global Inc,0.06,16,5,7,10,6,2,5,51,-18.0,33.0,Poor,Stay away,22,0.0,0.0,25.6,87.2,0,,Financial Services,27933454.0,42.5
CLLMF,Collective Metals Inc.,0.053,15,8,6,6,3,5,5,48,-15.0,33.0,Poor,Stay away,46,6.0,6.0,13.1,74.4,2,,Basic Materials,3431421.0,4051.81
QQREF,Quebec Rare Earth Elements Corp,0.06,13,10,8,13,4,2,5,55,-22.0,33.0,Poor,Stay away,24,20.0,50.0,19.6,64.4,3,,Basic Materials,3043860.0,1900.5
ONPH,Oncology Pharma Inc,0.051,10,3,6,8,3,0,3,33,-3.0,33.0,Poor,Stay away,31,0.0,-25.5,-11.1,46.0,1,,Financial Services,1936124.0,27109.61
YNVYF,Ynvisible Interactive Inc,0.062,7,9,1,11,4,2,2,36,-3.0,33.0,Poor,Stay away,30,-9.2,-3.1,-0.2,49.4,1,,Technology,10085763.0,7109.13
GNCNF,Gencan Capital Inc,0.065,9,6,11,10,3,2,2,43,-13.0,33.0,Poor,Stay away,53,0.0,0.0,0.0,100.0,0,,Financial Services,1163927.0,100.87
SAVNF,Savannah Resources Plc,0.075,16,8,4,5,3,2,5,43,-10.0,33.0,Poor,Stay away,33,7.2,35.0,6.3,57.4,2,,Basic Materials,192952688.0,12601.0
GSDT,Gsdt Fintech Group Inc,0.073,11,6,11,4,6,1,2,41,-13.0,33.0,Poor,🔥 COILED: Stay away,42,0.0,0.0,1.7,75.7,0,,Technology,109967280.0,268.6
ERWWF,West Coast Silver Limited,0.085,7,3,10,7,4,2,2,35,-5.0,33.0,Poor,Stay away,0,0.0,0.0,-0.1,1.0,1,,Basic Materials,31741242.0,0.0
IUGNF,Imugene Limited,0.091,12,8,5,11,4,7,2,49,-22.0,33.0,Poor,Stay away,40,1.7,19.4,12.4,54.6,3,,Healthcare,47310012.0,15783.1
PNYG,Pony Group Inc.,0.091,15,5,8,10,6,2,5,51,-18.0,33.0,Poor,Stay away,20,0.0,0.0,6.6,86.1,1,,Industrials,1043625.0,596.24
PTFRF,PT Tower Bersama Infrastructure TBK,0.1,5,4,10,7,0,2,2,30,0.0,33.0,Poor,Stay away,27,0.0,0.0,-0.0,0.0,0,,Communication Services,2255061504.0,0.0
PVLTF,Beijing Energy International Holding Co. Ltd,0.11,8,3,10,7,3,2,2,35,-5.0,33.0,Poor,Stay away,37,0.0,0.0,-0.0,0.0,1,,Utilities,241875088.0,9.5
AGRDF,Minnova Corp,0.126,3,7,9,12,3,0,2,36,-3.0,33.0,Poor,Stay away,36,-3.1,-3.1,-1.4,47.8,2,,Basic Materials,16040993.0,50323.68
NMAKF,Nemak S. A. B. de C. V,0.18,4,3,10,8,3,5,2,35,-5.0,33.0,Poor,Stay away,21,0.0,0.0,-0.5,7.2,1,,Consumer Cyclical,514841344.0,1460.92
WOSSF,Water Oasis Group Limited,0.175,14,4,4,5,6,4,3,40,-12.0,33.0,Poor,🔥 COILED: Stay away,49,0.0,-7.9,0.4,60.1,0,,Consumer Cyclical,119096736.0,0.0
SILLF,Sarine Technologies Ltd,0.166,5,4,10,7,3,2,2,33,-5.0,33.0,Poor,🔥 COILED: Stay away,34,0.0,0.0,-0.0,46.9,1,,Technology,56485488.0,5245.0
EQTRF,Altamira Gold Corp,0.151,13,12,6,16,7,4,5,63,-30,33,Poor,Stay away,51,13.4,16.6,12.7,61.8,3,,Basic Materials,44190180.0,96336.7
BAGGF,Blende Silver Corp.,0.155,11,12,5,5,8,0,5,46,-11.0,33.0,Poor,Stay away,47,-5.8,-4.9,2.8,52.5,1,,Basic Materials,12036818.0,178977.75
ZSPC,"zSpace, Inc. Common stock",0.16,5,11,2,12,4,0,2,36,-3.0,33.0,Poor,Stay away,36,0.0,-35.6,-6.8,46.5,1,,Technology,5930864.0,442182.96
TFLM,TFLM,0.17,12,7,11,6,3,4,2,45,-15.0,33.0,Poor,Stay away,37,0.0,0.0,0.0,59.5,1,,Technology,1005130.0,578.18
LITSF,Lithos Energy Ltd.,0.184,13,10,6,14,6,4,5,58,-25,33,Poor,Stay away,65,53.3,172.6,84.2,66.9,3,4,Basic Materials,1131054.0,12436.34
FIGXW,FIGX Capital Acquisition Corp. Warrant,0.18,1,12,1,10,5,2,2,33,2.0,33.0,Poor,Stay away,18,-9.8,-10.0,-13.4,44.2,1,,nan,nan,0.0
EMHLF,European Metals Holdings Limited,0.234,15,9,6,11,4,5,5,55,-22.0,33.0,Poor,Stay away,48,16.8,55.7,19.7,69.6,3,,Basic Materials,55591076.0,21240.88
COSM,Cosmos Health Inc.,0.216,4,12,9,3,6,6,5,45,-13.0,33.0,Poor,Stay away,26,1.5,4.4,1.0,49.8,1,,Healthcare,21515502.0,3689500.91
SHIHF,Shenzhen Investment Holdings Bay Area Development Company Limited,0.28,12,6,11,7,3,2,2,43,-13.0,33.0,Poor,Stay away,54,0.0,0.0,0.0,100.0,0,,Industrials,932873280.0,207.76
DCHIF,Digital China Holdings Limited,0.25,4,3,10,7,3,1,2,30,0.0,33.0,Poor,Stay away,0,0.0,0.0,-0.4,17.6,0,,Industrials,645677760.0,0.0
CGUIF,Casino Guichard-Perrachon Société Anonyme,0.291,13,6,12,7,4,2,2,46,-18.0,33.0,Poor,🔥 COILED: Stay away,37,0.0,0.0,0.0,99.7,1,,Consumer Defensive,90992960.0,41.01
BTOC,Armlogi Holding Corp. Common Stock,0.288,12,6,6,6,5,5,5,45,-15.0,33.0,Poor,🔥 COILED: Stay away,30,2.5,-1.4,2.0,53.9,1,,Industrials,13178493.0,528204.79
GNCLF,Gencell Ltd,0.25,15,5,5,9,6,6,5,51,-18.0,33.0,Poor,Stay away,58,0.0,0.0,14.3,100.0,1,,Industrials,1338568.0,31.0
ALFUW,Centurion Acquisition Corp. Warrant,0.29,16,5,5,13,3,3,5,50,-17.0,33.0,Poor,Stay away,48,38.0,31.8,16.5,61.5,2,,nan,nan,21020.68
JSDA,Jones Soda Co,0.3,8,4,2,13,3,3,2,35,-5.0,33.0,Poor,Stay away,49,0.0,-3.2,-3.0,46.6,1,,Consumer Defensive,39037360.0,163066.71
TAKOF,Volatus Aerospace Inc.,0.357,10,4,4,10,2,0,5,35,-5.0,33.0,Poor,Stay away,16,-2.5,-11.9,-2.6,44.6,1,,Industrials,264006416.0,287787.49
BOCOF,Bougainville Copper Limited,0.35,8,3,11,9,4,1,2,38,-8.0,33.0,Poor,Stay away,39,0.0,0.0,0.1,73.5,1,,Basic Materials,140371872.0,109.0
ILIKF,Ilika plc,0.365,8,12,9,15,4,3,5,56,-23.0,33.0,Poor,Stay away,31,5.2,9.6,4.2,55.0,3,,Industrials,72594600.0,44565.91
SHVLF,Starcore International Mines Ltd,0.36,5,4,5,8,3,2,5,32,0.0,33.0,Poor,Stay away,28,-10.7,-10.4,-2.2,49.0,0,,Basic Materials,35142724.0,114236.89
GLKFF,Raise Production Inc,0.39,3,6,2,10,3,7,2,33,0.0,33.0,Poor,Stay away,25,0.0,1.9,-8.6,5.7,0,,Industrials,11499296.0,1386.45
GFTFF,Grafton Resources Inc.,0.374,7,4,8,12,4,0,3,38,-5.0,33.0,Poor,Stay away,38,-4.2,-7.9,-1.8,47.6,1,,Basic Materials,7466227.0,0.0
TFGL,Nuvonyx Inc,0.379,5,3,10,7,3,5,2,35,-5.0,33.0,Poor,Stay away,19,0.0,0.0,-1.8,22.9,1,,Financial Services,671570.0,1160.4
TGASF,Towngas China Company Limited,0.429,5,3,9,7,3,1,2,30,0.0,33.0,Poor,Stay away,21,0.0,0.0,-0.1,0.0,0,,Utilities,1515526912.0,5.5
SVRSF,Silver Storm Mining Ltd.,0.419,15,11,7,15,4,3,5,60,-25.0,33.0,Poor,Stay away,57,16.4,26.9,18.6,68.2,3,,Basic Materials,300834272.0,1077859.89
SOCLF,Pharos Energy plc,0.4,10,4,4,9,3,0,3,33,0.0,33.0,Poor,Stay away,0,-2.4,-11.1,-1.7,47.5,1,,Energy,173649680.0,0.0
MYND,"Mynd.ai, Inc.",0.41,9,3,2,9,6,2,4,35,-5.0,33.0,Poor,Stay away,40,-6.2,7.0,-1.1,49.8,1,,Consumer Defensive,19489580.0,212078.23
LTHCF,Lithium Ionic Corp,0.481,12,14,6,7,5,7,4,55,-22.0,33.0,Poor,Stay away,29,21.0,28.5,9.7,55.3,3,,Basic Materials,94862424.0,16934.03
BKBMF,Black Bear Minerals Limited,0.49,17,10,7,15,1,3,5,58,-25.0,33.0,Poor,Stay away,41,22.1,14.6,15.1,62.2,3,,Basic Materials,76217520.0,0.0
WHGPF,Warehouse Group Ltd,0.535,8,3,10,7,3,2,2,35,-5.0,33.0,Poor,Stay away,30,0.0,0.0,-0.0,0.0,1,,Consumer Cyclical,185561088.0,4.06
OGEN,Oragenics Inc,0.532,4,11,8,6,4,2,5,40,-8.0,33.0,Poor,Stay away,28,-1.5,0.4,-0.3,47.8,1,,Healthcare,2298095.0,199891.36
GIPL,Global Innovative Platforms Inc,0.5,19,4,4,10,4,7,2,50,-20.0,33.0,Poor,Stay away,37,11.7,11.7,3.0,56.5,3,,Financial Services,170940.0,44.3
SYMQY,SymBio Pharmaceuticals Limited,0.558,8,3,10,7,3,2,2,35,-5.0,33.0,Poor,Stay away,32,0.0,0.0,-0.0,0.0,1,,Healthcare,44718608.0,25.03
VGES,Vanguard Green Investment Limited,0.56,9,6,11,10,3,2,2,43,-13.0,33.0,Poor,Stay away,47,0.0,0.0,0.0,100.0,0,,Consumer Cyclical,33282916.0,9.45
ZDZT,"Zhengduozhe Technology, Inc",0.568,4,4,7,7,3,1,2,28,0.0,33.0,Poor,🔥 COILED: Stay away,33,0.0,0.0,-0.4,43.2,0,,Industrials,881547.0,19.1
CHFFF,China Everbright Environment Group Ltd,0.67,10,3,11,10,3,4,2,43,-13.0,33.0,Poor,Stay away,0,0.0,0.0,0.0,96.7,0,,Industrials,4115793664.0,0.0
GNVR,GNVR,0.74,14,10,6,11,6,3,5,55,-27,33,Poor,Stay away,57,34.5,34.5,43.3,64.5,2,,Basic Materials,6089183.0,1316.76
LNDNF,Lundin Energy AB,0.75,6,3,9,7,3,5,2,35,-5.0,33.0,Poor,Stay away,31,0.0,0.0,-0.4,0.5,1,,Utilities,214428896.0,215.53
VCCTF,Victoria plc,0.79,8,4,3,7,6,5,2,35,-5.0,33.0,Poor,Stay away,50,0.0,0.3,-1.7,45.6,1,,Consumer Cyclical,91432904.0,15090.46
KALA,Kala Pharmaceuticals Inc,0.812,4,7,7,7,2,6,5,38,-3.0,33.0,Poor,Stay away,24,-3.3,-12.1,-5.7,40.6,1,,Healthcare,15783199.0,145723.65
GGOXF,Galleon Gold Corp.,0.878,18,10,6,10,6,4,5,59,-26.0,33.0,Poor,Stay away,52,5.4,4.5,6.4,64.1,1,,Basic Materials,117317720.0,107522.96
BGMS,"Bio Green Med Solution, Inc.",0.891,5,11,4,8,4,4,2,38,-3.0,33.0,Poor,Stay away,28,1.2,-4.2,-1.2,47.6,1,,Industrials,5877729.0,776545.1
AVCTF,Avacta Group Plc,0.936,11,12,9,5,3,7,3,50,-13.0,33.0,Poor,Stay away,44,3.9,3.9,1.5,55.7,1,,Healthcare,438326848.0,5164.25
AKBA,Akebia Ther,0.94,3,13,2,12,4,2,2,38,-6.0,33.0,Poor,Stay away,30,2.3,8.0,-4.1,42.4,2,,Healthcare,251196800.0,4230115.63
XAARF,Xaar plc,0.92,5,4,10,7,3,2,2,33,-5.0,33.0,Poor,🔥 COILED: Stay away,30,0.0,0.0,0.0,50.0,1,,Technology,72054728.0,180.0
SONX,Sonendo Inc,1.0,15,12,5,12,6,8,2,60,-23,33,Poor,Stay away,59,81.8,3.2,32.5,66.7,2,6,Healthcare,2763687.0,491.87
MSPXX,Morgan Stanley Institutional Liquidity Funds - Prime Portfolio,1.0,14,5,7,6,4,2,2,40,-12.0,33.0,Poor,🔥 COILED: Stay away,39,0.0,0.0,0.0,62.0,0,,nan,nan,0.0
LPMDF,Lippo Malls Indonesia Retail Trust,0.006,5,3,10,7,0,2,2,29,0.0,32.0,Poor,Stay away,27,0.0,0.0,-0.0,0.0,0,,Real Estate,102146336.0,250.0
ANDMF,Andromeda Metals Limited,0.005,3,6,9,8,5,3,3,37,-5.0,32.0,Poor,Stay away,14,2.1,2.1,-4.0,38.4,1,,Basic Materials,22008494.0,6186.04
VDTAF,Vendetta Mining Corp,0.008,21,4,4,14,3,4,5,55,-23.0,32.0,Poor,Stay away,48,150.0,4.9,15.3,55.5,0,7,Basic Materials,3626890.0,14321.72
MEDH,MedX Holdings Inc,0.002,8,7,1,10,3,6,2,37,-5.0,32.0,Poor,Stay away,50,-11.8,7.1,-2.3,49.1,1,,Consumer Defensive,1484572.0,689808.23
TBIXF,TrustBIX Inc,0.006,6,3,9,10,3,1,2,34,-5.0,32.0,Poor,Stay away,19,0.0,0.0,-0.5,0.0,1,,Technology,918845.0,4122.57
PSPW,3Power Energy Group Inc,0.002,10,6,11,7,4,2,2,42,-13.0,32.0,Poor,Stay away,46,0.0,0.0,0.0,96.4,0,,Utilities,685737.0,5641.5
EVLLF,EnviroLeach Technologies Inc,0.005,5,4,8,14,3,4,2,40,-8.0,32.0,Poor,Stay away,27,0.0,-16.7,-2.4,46.7,0,,Basic Materials,568036.0,98272.16
RSLT,Resilient Healthcare Corp,0.003,7,6,8,8,3,2,2,36,0.0,32.0,Poor,Stay away,17,0.0,0.0,-0.1,2.7,0,,Healthcare,347524.0,0.0
GDXRF,Goldex Resources Corporation,0.01,5,3,10,9,3,2,2,34,-5.0,32.0,Poor,Stay away,38,0.0,0.0,-0.0,32.8,1,,Basic Materials,331027.0,61.0
FUNFF,FansUnite Entertainment Inc,0.002,7,15,4,7,3,2,5,43,-16,32,Poor,Stay away,39,525.0,400.0,-0.8,50.2,3,8,Consumer Cyclical,287646.0,115555.94
GPLB,Green Planet Bio Engineering Company. Ltd,0.009,3,3,8,10,3,3,2,32,0.0,32.0,Poor,Stay away,14,0.0,0.0,-4.3,0.0,0,,Financial Services,176056.0,1109.97
HLEGF,Helios Energy Limited,0.02,10,6,11,8,3,2,2,42,-13.0,32.0,Poor,Stay away,51,0.0,0.0,0.0,99.9,0,,Energy,77686104.0,500.0
PXXXF,PolarX Limited,0.019,18,4,5,14,6,4,5,56,-24,32,Poor,Stay away,61,93.0,93.0,44.3,91.1,2,6,Basic Materials,52592872.0,17088.65
ALRDF,Defence Holdings Plc,0.02,16,11,11,5,4,7,5,59,-23,32,Poor,Stay away,54,86.8,47.8,36.4,70.3,3,7,Industrials,48975024.0,31424.34
VLMZF,Volcanic Gold Mines Inc,0.02,3,7,9,7,3,1,2,32,-5.0,32.0,Poor,🔥 COILED: Stay away,27,0.0,0.0,-1.3,45.5,1,,Basic Materials,2023338.0,6463.66
AURWF,Aurwest Resources Corporation,0.015,17,9,6,12,6,8,5,63,-27,32,Poor,Stay away,66,435.7,435.7,278.6,100.0,2,3,Basic Materials,1876809.0,565.5
LAAI,LAAI,0.014,10,6,11,8,3,2,2,42,-13.0,32.0,Poor,Stay away,44,0.0,0.0,0.0,98.5,0,,Consumer Cyclical,1022321.0,0.0
TTLXF,Tantalex Resources Corporation,0.025,7,4,10,7,0,2,2,32,-5.0,32.0,Poor,🔥 COILED: Stay away,44,0.0,0.0,-0.0,40.0,1,,Basic Materials,22675286.0,2910.31
NWLXF,Newlox Gold Ventures Corp,0.025,15,9,6,11,4,2,2,49,-22,32,Poor,Stay away,52,520.0,520.0,132.0,71.3,4,6,Industrials,5464152.0,28652.44
ETFLF,Eastfield Resources Ltd,0.03,2,5,2,8,6,4,5,32,0.0,32.0,Poor,Stay away,27,-12.3,12.8,-8.8,43.3,2,,Basic Materials,3346847.0,6622.59
SHRG,Sharing Services Global Corp,0.022,7,3,10,8,0,4,2,34,-5.0,32.0,Poor,Stay away,40,0.0,0.0,-0.0,30.0,1,,Consumer Defensive,7121.0,12.5
GRABW,Grab Holdings Limited Warrant,0.025,6,12,2,10,4,3,5,42,-8.0,32.0,Poor,Stay away,29,25.5,9.1,-2.4,48.1,2,,nan,nan,31304.45
DRDNF,Dreadnought Resources Ltd,0.04,9,6,11,9,3,2,2,42,-13.0,32.0,Poor,Stay away,48,0.0,0.0,0.0,100.0,0,,nan,81101431.0,522.5
CRICF,Churchill Resources Inc.,0.035,3,6,10,8,4,1,2,34,-5.0,32.0,Poor,Stay away,18,0.0,0.0,-0.8,17.1,1,,Basic Materials,11115537.0,11028.42
CYCL,Centennial Communications Corp,0.04,3,6,2,9,6,2,2,30,-3.0,32.0,Poor,Stay away,36,0.0,-20.3,-4.7,44.9,1,,Financial Services,1639040.0,7867.76
SLMZF,Damara Gold Corp,0.039,7,12,5,15,3,2,5,49,-20.0,32.0,Poor,Stay away,27,0.0,59.8,5.9,50.5,3,,Basic Materials,1402900.0,0.0
MOAEF,Mongolia Energy Corporation Limited,0.05,5,3,10,8,0,4,2,32,0.0,32.0,Poor,Stay away,14,0.0,0.0,-0.1,1.6,0,,Basic Materials,9406293.0,793.49
RSCF,Reflect Scientific Inc,0.05,14,5,5,14,1,1,5,45,-13.0,32.0,Poor,Stay away,41,0.0,0.0,7.0,93.0,0,,Healthcare,4283204.0,33626.5
MIRXF,Serrano Resources Ltd,0.05,5,3,10,7,0,2,2,29,0.0,32.0,Poor,Stay away,14,0.0,0.0,-0.0,0.0,0,,Energy,3696784.0,28.7
PTKFF,PT Kalbe Farma Tbk,0.052,20,4,7,10,6,3,5,55,-23.0,32.0,Poor,Stay away,0,30.0,30.0,16.1,93.8,2,,Healthcare,2371040256.0,0.0
SHMSF,Shimao Services Holdings Limited,0.058,5,3,10,9,3,2,2,34,-5.0,32.0,Poor,Stay away,33,0.0,0.0,-0.0,14.3,1,,Real Estate,141919952.0,3.54
NEXCF,Nextech Ar Solutions Corp,0.079,3,11,4,9,3,0,5,35,-3.0,32.0,Poor,Stay away,16,-4.8,-7.1,-2.5,45.6,2,,Technology,17512898.0,347948.58
INEOF,INEO Tech Corp,0.075,11,5,2,7,5,1,4,35,-3.0,32.0,Poor,Stay away,52,9.8,-7.9,-0.4,49.9,2,,Communication Services,5162122.0,39813.4
TGMR,Troy Gold & Mineral Corp,0.071,3,3,9,8,3,1,2,29,0.0,32.0,Poor,Stay away,25,0.0,0.0,-5.3,7.8,0,,Basic Materials,44464.0,136.12
SLRRF,Silver Range Resources Ltd,0.09,10,5,3,7,5,0,2,32,-3.0,32.0,Poor,Stay away,34,-10.0,-30.8,0.8,50.2,1,,Basic Materials,9905513.0,14296.87
EHGRF,The Star Entertainment Group Limited,0.14,15,5,7,10,6,2,5,50,-18.0,32.0,Poor,Stay away,63,0.0,0.0,4.3,95.8,1,,Consumer Cyclical,929068416.0,1507.47
SCFR,Security First Intl,0.115,5,4,3,9,4,6,4,35,-8.0,32.0,Poor,🔥 COILED: Stay away,34,1.8,-14.8,-1.4,48.1,0,,Communication Services,216586496.0,37630.72
OPORF,Open Orphan plc,0.11,4,4,9,7,3,3,2,32,-5.0,32.0,Poor,🔥 COILED: Stay away,36,0.0,0.0,-0.6,48.7,1,,Healthcare,75448760.0,208.52
FTMDF,Fortune Minerals Limited,0.106,14,12,5,15,3,0,5,54,-20.0,32.0,Poor,Stay away,49,6.1,17.9,7.1,55.6,3,,Basic Materials,67011372.0,159332.46
UGDIF,Unigold Inc,0.14,5,5,5,12,0,2,5,34,-5.0,32.0,Poor,Stay away,20,0.0,0.0,-0.1,48.9,1,,Basic Materials,47635812.0,65325.41
COGDF,Compass Gold Corporation,0.113,3,6,5,11,3,2,5,35,-3.0,32.0,Poor,Stay away,23,-2.7,-5.5,-1.5,47.0,2,,Basic Materials,17490318.0,9720.72
AVGDF,Avidian Gold Corp,0.102,8,11,5,5,3,0,3,35,-8.0,32.0,Poor,🔥 COILED: Stay away,34,-1.2,-1.2,2.1,53.4,1,,Basic Materials,1880264.0,776.87
VXLLF,Vaxil Bio Ltd,0.11,13,4,8,11,6,3,5,50,-18.0,32.0,Poor,Stay away,51,0.0,0.0,27.1,96.7,0,,Healthcare,437843.0,908.45
EQMEF,Equity Metals Corporation,0.195,8,4,6,11,3,2,5,39,-5.0,32.0,Poor,Stay away,32,-2.4,-4.3,-1.1,49.8,1,,Basic Materials,47971772.0,298904.8
MTQCF,MTQCF,0.172,6,7,10,6,3,1,2,35,-8.0,32.0,Poor,🔥 COILED: Stay away,32,0.0,0.0,0.0,50.6,0,,nan,38269412.0,201.0
PJXRF,PJX Resources Inc,0.158,14,12,4,7,6,2,5,50,-18.0,32.0,Poor,Stay away,54,-2.6,-0.1,-0.6,51.3,1,,Basic Materials,29684772.0,30592.64
GNGYF,Guangshen Railway Company Limited,0.245,7,4,10,5,4,5,2,37,-10.0,32.0,Poor,🔥 COILED: Stay away,29,0.0,0.0,-0.0,54.3,0,,Industrials,1735466624.0,0.0
CXOXF,Core Lithium Ltd,0.258,16,11,6,15,6,0,5,59,-25.0,32.0,Poor,Stay away,61,9.1,10.0,13.4,60.2,3,,Basic Materials,871411712.0,22960.75
CHHGF,Chen Hsong Holdings Limited,0.231,7,6,11,6,3,2,2,37,-10.0,32.0,Poor,🔥 COILED: Stay away,45,0.0,0.0,0.0,50.0,0,,Industrials,145589744.0,1017.0
DRRSF,Arianne Phosphate Inc,0.246,15,8,5,5,2,2,5,42,-8.0,32.0,Poor,Stay away,50,-1.4,7.1,4.8,58.3,0,,Basic Materials,55925684.0,206770.46
KLKLF,Kirkland Lake Discoveries Corp.,0.241,14,6,5,15,3,4,5,52,-20.0,32.0,Poor,Stay away,45,22.2,4.7,6.4,55.7,2,,Basic Materials,51818560.0,117878.29
KCCFF,Kutcho Copper Corp,0.244,14,13,9,10,4,4,5,59,-25.0,32.0,Poor,Stay away,49,14.3,16.0,15.9,65.1,3,,Basic Materials,44572448.0,77010.13
MBXBF,Microbix Biosystems Inc.,0.217,12,5,9,3,6,5,2,42,-15.0,32.0,Poor,🔥 COILED: Stay away,44,0.0,-1.4,-0.8,47.9,1,,Healthcare,31256248.0,9321.0
RBOHF,Humanoid Global Holdings Corp.,0.21,5,6,4,8,5,6,5,39,-5.0,32.0,Poor,Stay away,25,-3.6,3.7,-4.4,46.8,1,,Financial Services,10653636.0,99421.47
ASRFF,Americas Uranium Corp.,0.241,11,7,8,5,3,0,5,39,-10.0,32.0,Poor,Stay away,0,24.4,2.3,7.4,53.3,0,,Energy,nan,0.0
UREKF,Eureka Lithium Corp.,0.277,15,6,7,2,6,4,5,45,-13.0,32.0,Poor,Stay away,33,0.1,6.6,4.5,59.1,1,,Basic Materials,13011318.0,1749.78
BPTSY,Biophytis S.A.,0.25,5,3,10,9,3,2,2,34,-5.0,32.0,Poor,Stay away,27,0.0,0.0,-0.0,3.0,1,,Healthcare,6884890.0,57.5
BRVVF,Quantum Battery Metals Corp,0.286,4,6,10,8,3,1,2,34,-5.0,32.0,Poor,Stay away,19,0.0,0.0,-0.4,36.5,1,,Basic Materials,2734272.0,55.54
ASFT,AppSoft Technologies Inc,0.25,3,3,10,8,3,5,2,34,-5.0,32.0,Poor,Stay away,16,0.0,0.0,-1.1,0.9,1,,Technology,1123799.0,102.53
PTAIF,PT Astra International Tbk,0.3,20,5,7,11,6,6,5,60,-28.0,32.0,Poor,Stay away,45,30.1,30.1,22.9,94.1,2,,Industrials,11976018944.0,0.0
SRLZF,Salazar Resources Limited,0.31,19,7,7,10,6,7,5,61,-27,32,Poor,Stay away,75,26.7,14.8,20.4,66.5,3,,Basic Materials,76741704.0,44600.77
CPPMF,Copper Mountain Mining Corporation,0.318,13,6,5,8,9,0,5,46,-14.0,32.0,Poor,Stay away,55,0.8,-0.9,8.1,67.3,1,,Basic Materials,62441124.0,192172.35
GSUN,Golden Sun Education Group Ltd,0.338,5,13,1,6,6,2,2,35,-8.0,32.0,Poor,Stay away,32,11.3,1.0,-2.3,48.5,0,,Consumer Defensive,2674699.0,3799592.41
RBWRF,Rainbow Rare Earths Limited,0.365,12,15,3,11,6,0,5,52,-20.0,32.0,Poor,Stay away,43,10.6,14.1,6.8,51.9,3,,Basic Materials,216904592.0,8540.48
PCRBF,Pricer AB (publ),0.356,10,6,11,11,0,2,2,42,-13.0,32.0,Poor,Stay away,36,0.0,0.0,0.0,82.6,0,,Industrials,58171952.0,193.0
DGNOF,DIAGNOS Inc,0.35,18,6,6,15,6,8,5,64,-30,32,Poor,Stay away,69,25.0,25.0,29.2,80.6,3,,Healthcare,39736144.0,103377.25
FFOXF,FireFox Gold Corp,0.361,10,10,5,11,4,1,5,46,-14.0,32.0,Poor,Stay away,34,-0.5,-3.3,2.4,54.3,1,,Basic Materials,17484972.0,12977.79
RMSG,Real Messenger Corporation Ordinary Shares,0.362,3,10,8,8,3,0,5,37,-3.0,32.0,Poor,Stay away,20,-1.7,-9.8,-3.6,43.6,1,,Technology,5494114.0,6143896.31
TODM,Tonopah Divide Mining Co,0.35,7,6,11,6,3,2,2,37,-10.0,32.0,Poor,🔥 COILED: Stay away,39,0.0,0.0,0.0,50.0,0,,Basic Materials,799339.0,638.46
AAMCF,Altisource Asset Management Corporation,0.37,5,3,10,9,3,2,2,34,-5.0,32.0,Poor,Stay away,29,0.0,0.0,-0.0,13.0,1,,Consumer Cyclical,94.0,12.0
USBC,"USBC, Inc.",0.444,14,9,4,14,7,4,5,57,-23.0,32.0,Poor,Stay away,47,5.7,20.0,12.0,59.0,3,,Technology,159682608.0,1193518.31
SSCCX,Saratoga Small Capitalization C,0.41,5,3,6,7,3,5,3,32,0.0,32.0,Poor,Stay away,44,-2.4,-4.7,-1.7,38.5,0,,nan,0.0,0.0
ARGGY,Aston Martin Lagonda Global Holdings plc,0.458,5,6,6,11,0,4,2,34,-5.0,32.0,Poor,Stay away,28,1.4,-4.9,-1.1,47.7,1,,Consumer Cyclical,475997536.0,61588.28
LBNKF,LithiumBank Resources Corp.,0.45,11,5,4,10,7,4,5,46,-10.0,32.0,Poor,Stay away,48,1.2,-5.6,6.5,62.8,2,,Basic Materials,30596820.0,40831.84
PTPIF,PT. Chandra Asri Petrochemical Tbk,0.527,7,6,11,8,3,2,2,39,-10.0,32.0,Poor,Stay away,41,0.0,0.0,0.0,94.3,0,,Basic Materials,45540851712.0,37.5
PGFF,PGFF,0.51,7,6,11,6,3,2,2,37,-10.0,32.0,Poor,🔥 COILED: Stay away,35,0.0,0.0,0.0,50.0,0,,nan,14744763.0,75.0
QURT,Quarta-Rad Inc,0.5,4,3,10,7,3,5,2,34,-5.0,32.0,Poor,Stay away,23,0.0,0.0,-0.6,10.6,1,,Technology,7949741.0,118.58
LINIF,LINIF,0.587,10,13,2,5,4,4,2,40,-8.0,32.0,Poor,Stay away,46,10.8,16.8,2.8,51.5,2,,nan,nan,8130.5
HRZRF,Horizon Robotics,0.613,3,6,5,9,0,4,5,32,0.0,32.0,Poor,Stay away,25,-7.3,-8.2,-4.7,43.7,0,,nan,nan,6751.26
PGUUF,Prosegur Cash S.A,0.72,10,6,11,6,0,2,2,37,-10.0,32.0,Poor,🔥 COILED: Stay away,0,0.0,0.0,0.0,50.0,0,,Industrials,1053033536.0,0.0
THRC,Havana Roasters Coffee Companies Inc.,0.7,15,7,11,5,4,2,2,46,-15.0,32.0,Poor,🔥 COILED: Stay away,30,0.0,0.0,0.0,49.0,1,,Consumer Defensive,68810.0,364.79
FSRPF,Frasers Property Limited,0.798,4,4,8,8,0,3,2,29,0.0,32.0,Poor,Stay away,23,0.0,0.0,-0.6,33.4,0,,Real Estate,3133373696.0,22.58
CURZ,Curzio Research LLC,0.81,4,3,8,8,3,1,2,29,0.0,32.0,Poor,Stay away,18,0.0,0.0,-0.3,3.9,0,,Communication Services,nan,54.0
QNDPF,Qingdao Port International Co. Ltd,0.874,7,6,11,6,3,2,2,37,-10.0,32.0,Poor,🔥 COILED: Stay away,42,0.0,0.0,0.0,50.0,0,,Industrials,5671923200.0,0.28
TETHF,Tethys Petroleum Limited,0.864,5,6,2,7,4,3,2,29,0.0,32.0,Poor,Stay away,31,0.0,0.0,-1.5,38.0,0,,Energy,99276864.0,174.88
KGFMF,Kingfisher Metals Corp,0.94,8,13,6,3,8,0,2,40,-11.0,32.0,Poor,Stay away,51,0.9,-1.1,0.5,51.2,1,,Basic Materials,143860416.0,73458.37
AREN,Arena Group Holdings Inc,0.94,3,10,0,7,4,4,2,30,2.0,32.0,Poor,Stay away,17,-9.6,-21.0,-15.5,42.2,1,,Communication Services,43706576.0,114091.24
JF,J and Friends Holdings Limited,0.942,7,7,3,11,2,7,3,40,-6.0,32.0,Poor,Stay away,28,0.2,-2.9,-0.1,49.5,1,,Financial Services,17276424.0,30082.44
LDI,Loandepot Inc,0.973,7,16,4,6,3,4,2,42,-13.0,32.0,Poor,Stay away,26,11.9,2.9,4.2,51.9,2,,Financial Services,392016768.0,2851890.17
YTRA,Yatra Online Inc,0.985,15,5,5,15,5,4,5,54,-20.0,32.0,Poor,Stay away,44,0.4,10.7,4.6,58.8,3,,Consumer Cyclical,64630076.0,95909.37
HERB,Yasheng Group,0.026,6,16,5,3,3,4,5,42,-11.8,31.2,Poor,Stay away,31,24.8,31.0,25.0,56.0,2,,Consumer Defensive,2750401.0,7789.14
FYIRF,FYI Resources Limited,0.009,5,3,10,8,3,2,2,33,-5.0,31.0,Poor,Stay away,29,0.0,0.0,-0.0,0.0,1,,Basic Materials,4160983.0,450.0
FERN,Fernhill Corp,0.001,5,7,2,9,4,2,5,34,-3.0,31.0,Poor,Stay away,13,0.0,-33.3,-10.0,45.1,2,,Technology,3632635.0,2953873.96
SRCH,Searchlight Minerals Corp,0.006,7,3,8,12,3,2,2,37,-5.0,31.0,Poor,Stay away,48,0.0,-4.7,-1.6,42.0,1,,Basic Materials,2217936.0,20057.25
KNOS,Kronos Advanced Technologies Inc,0.004,12,15,4,5,8,2,5,51,-23.0,31.0,Poor,🔥 COILED: Stay away,41,2.7,22.6,6.7,51.9,3,,Industrials,2175769.0,211180.52
RJDG,Rjd Green Inc,0.005,2,6,1,15,5,0,2,31,0.0,31.0,Poor,Stay away,23,-9.1,-9.1,-4.8,44.4,1,,Industrials,1796789.0,148953.74
RLTR,Reeltime Rentals Inc,0.01,6,9,8,7,5,2,2,39,-8.0,31.0,Poor,Stay away,26,0.0,-1.9,-4.4,45.7,0,,Communication Services,1280807.0,147472.54
PTAM,Potash America Inc,0.002,15,7,6,17,6,7,5,63,-28,31,Poor,Stay away,49,18.8,26.7,31.3,74.4,3,,Industrials,805906.0,110220.58
NICH,Nitches Inc,0.001,3,10,2,9,4,4,2,34,-3.0,31.0,Poor,Stay away,27,25.0,0.0,-2.5,47.1,2,,Consumer Cyclical,369825.0,749208.11
AMPDF,AMPD Ventures Inc,0.003,5,4,10,8,0,2,2,31,-5.0,31.0,Poor,🔥 COILED: Stay away,31,0.0,0.0,0.0,50.0,1,,Technology,361000.0,84.0
BGACF,BioNeutra Global Corporation,0.006,5,4,10,7,3,2,2,33,-5.0,31.0,Poor,Stay away,29,0.0,0.0,-0.0,0.0,1,,Consumer Defensive,260113.0,14.09
AMNCB,Amincor Inc,0.004,5,4,10,7,3,2,2,33,-5.0,31.0,Poor,Stay away,29,0.0,0.0,-0.0,0.0,1,,Consumer Defensive,136211.0,880.5
ANGCF,Angel Gold Corp,0.002,12,6,11,4,6,2,2,43,-15.0,31.0,Poor,Stay away,35,0.0,0.0,0.1,34.7,1,,Basic Materials,41706.0,356.6
KTTAW,Pasithea Therapeutics Corp. Warrant,0.008,3,10,3,8,3,2,5,34,-1.0,31.0,Poor,Stay away,20,25.0,-20.2,1.7,49.4,1,,nan,nan,0.0
GVLMF,Greenvale Mining Limited,0.02,9,6,11,8,3,2,2,41,-13.0,31.0,Poor,Stay away,42,0.0,0.0,0.0,82.3,0,,Energy,13763803.0,31.25
DTPKF,Directa Plus Plc,0.02,5,3,10,8,3,2,2,33,-5.0,31.0,Poor,Stay away,33,0.0,0.0,-0.0,39.0,1,,Basic Materials,2088375.0,2165.1
HAUP,Hauppauge Digital OTC,0.011,10,9,5,8,0,2,2,36,-5.0,31.0,Poor,Stay away,29,0.0,6.8,1.1,50.0,1,,Technology,111345.0,1364.38
BLRZF,Blackhawk Growth Corp,0.011,9,6,11,11,0,2,2,41,-13.0,31.0,Poor,Stay away,48,0.0,0.0,0.0,100.0,0,,Financial Services,97077.0,3.7
KPIFF,Edgewater Wireless Systems Inc,0.029,14,8,9,11,4,0,5,51,-20.0,31.0,Poor,Stay away,33,-2.0,19.5,5.7,56.7,3,,Technology,7020990.0,18545.61
ERVFF,Erin Ventures Inc,0.025,4,7,6,9,0,3,2,31,0.0,31.0,Poor,Stay away,27,4.2,-3.8,0.3,48.4,0,,Basic Materials,6966305.0,15038.16
AMNC,Amincor Inc,0.026,12,6,11,10,3,2,2,46,-18.0,31.0,Poor,Stay away,50,0.0,0.0,0.0,99.8,1,,Consumer Defensive,885373.0,480.75
SQZB,SQZ Biotechnologies Company,0.024,8,4,10,7,0,2,2,33,-5.0,31.0,Poor,Stay away,36,0.0,0.0,-0.0,45.3,1,,Healthcare,707787.0,2537.24
CBDG,THC Farmaceuticals Inc,0.028,12,5,7,6,4,1,5,40,-12.0,31.0,Poor,Stay away,49,0.0,0.0,11.7,61.7,0,,Healthcare,505871.0,862.82
KACLF,Kairous Acquisition Corp. Limited,0.021,5,3,10,8,3,2,2,33,-5.0,31.0,Poor,Stay away,33,0.0,0.0,-0.1,28.2,1,,Financial Services,66463.0,91.5
ARHLF,archTIS Limited,0.039,5,3,10,8,3,2,2,33,-5.0,31.0,Poor,Stay away,22,0.0,0.0,-0.0,2.2,1,,Technology,19155992.0,1910.63
DQWS,DSwiss Inc,0.035,14,8,2,4,3,6,5,42,-11.0,31.0,Poor,Stay away,27,12.9,12.9,9.1,79.0,2,,Consumer Defensive,17131700.0,363.15
MLBEF,Webcentral Group Limited,0.035,5,3,8,10,3,2,2,33,-5.0,31.0,Poor,Stay away,26,-1.1,0.0,-7.9,44.2,1,,Technology,9243515.0,2502.62
FCHDF,Fairchild Gold Corp.,0.039,16,5,8,5,3,4,5,46,-15.0,31.0,Poor,Stay away,27,-6.7,2.6,-0.8,50.2,1,,Basic Materials,8917581.0,0.0
GORIF,Golden Ridge Resources Ltd,0.038,17,4,6,12,4,3,5,51,-20.0,31.0,Poor,Stay away,37,53.6,53.6,19.5,75.0,2,3,Basic Materials,2247986.0,0.0
CQRLF,Conquest Resources Limited,0.042,12,14,3,2,4,2,2,39,-8.0,31.0,Poor,Stay away,34,3.5,10.7,5.1,53.8,2,,Basic Materials,8435352.0,19591.05
INIKF,PopReach Corporation,0.06,12,3,8,13,6,2,5,49,-18.0,31.0,Poor,Stay away,47,0.0,0.0,6.2,91.6,1,,Communication Services,35195248.0,20879.73
SGCPF,Solstice Gold Corp,0.06,17,5,5,16,1,2,5,51,-20,31,Poor,Stay away,58,50.0,45.6,18.9,55.6,3,10,Basic Materials,17822538.0,123406.3
LILIF,Argentina Lithium & Energy Corp,0.069,15,8,5,13,5,6,5,57,-26.0,31.0,Poor,Stay away,33,2.4,16.5,9.9,57.6,3,,Basic Materials,12044994.0,58143.0
LDXHF,Lumos Diagnostics Holdings Limited,0.08,11,6,7,10,4,5,5,48,-20.0,31.0,Poor,Stay away,37,0.0,14.6,4.7,55.4,3,,Healthcare,75585624.0,41465.43
LTHIF,InZinc Mining Ltd,0.075,20,5,5,10,6,4,5,55,-24,31,Poor,Stay away,46,396.7,7.1,37.0,63.5,1,6,Basic Materials,10557344.0,13972.0
GBBYF,Goodbaby International Holdings Limited,0.11,3,6,5,11,3,1,2,31,0.0,31.0,Poor,Stay away,16,0.0,0.0,-1.3,1.0,0,,Consumer Cyclical,183986784.0,131.75
LUCRF,Lucara Diamond Corp,0.119,13,5,9,6,1,1,5,40,-14.0,31.0,Poor,🔥 COILED: Stay away,18,-0.8,-0.8,0.6,54.0,0,,Basic Materials,179154256.0,33451.44
DNCVF,Defiance Silver Corp,0.137,6,7,5,9,5,2,5,39,-8.0,31.0,Poor,Stay away,35,-9.1,-2.8,-1.1,50.2,1,,Basic Materials,51534096.0,337341.87
MGPRF,Cover Technologies Inc,0.113,6,3,10,8,3,1,2,33,-5.0,31.0,Poor,Stay away,38,0.0,0.0,-0.2,27.1,1,,Industrials,15066346.0,5332.67
NMTAY,Neometals Ltd,0.112,3,3,10,7,3,5,2,33,-5.0,31.0,Poor,Stay away,25,0.0,0.0,-5.4,9.0,1,,Industrials,9810051.0,448.15
REDRF,Red Canyon Resources Ltd.,0.107,6,11,2,9,5,2,2,37,-6.0,31.0,Poor,Stay away,22,-5.6,9.4,-1.1,48.4,2,,Basic Materials,8068862.0,7758.91
EDWZF,Edgewater Exploration Ltd,0.1,10,6,11,9,1,2,2,41,-13.0,31.0,Poor,Stay away,45,0.0,0.0,0.0,100.0,0,,Basic Materials,3892360.0,424.0
SYDRF,Delota Corp,0.1,10,6,11,8,0,4,2,41,-13.0,31.0,Poor,Stay away,45,0.0,0.0,0.0,99.5,0,,Healthcare,2911033.0,40.0
WEMXF,Weimob Inc,0.2,5,3,10,8,3,2,2,33,-5.0,31.0,Poor,Stay away,21,0.0,0.0,-0.0,0.1,1,,Technology,825294592.0,25.5
JGLCF,JS Global Lifestyle Company Limited,0.19,15,4,6,9,3,2,5,44,-13.0,31.0,Poor,Stay away,39,0.0,47.2,16.6,86.4,2,,Consumer Cyclical,659821184.0,87.56
KSRBF,Kossan Rubber Industries Bhd,0.189,3,3,8,8,3,1,2,28,0.0,31.0,Poor,Stay away,9,0.0,0.0,-1.8,0.0,0,,Healthcare,476318400.0,35.0
LEIC,Lead Innovation Corp,0.151,6,3,10,7,3,2,2,33,-5.0,31.0,Poor,Stay away,31,0.0,0.0,-0.0,0.0,1,,Industrials,79492544.0,0.0
ORMNF,Orex Minerals Inc,0.156,6,2,4,9,6,1,5,33,-5.0,31.0,Poor,Stay away,33,0.0,-8.5,1.5,51.8,1,,Basic Materials,10856998.0,14638.88
MXROF,Max Resource Corp,0.15,3,11,1,10,3,2,2,32,-1.0,31.0,Poor,Stay away,23,7.1,-16.7,-6.1,43.4,1,,Basic Materials,8326100.0,10581.75
FCRM,Franklin Credit Management Corporation,0.189,17,4,7,13,6,2,5,54,-23.0,31.0,Poor,Stay away,54,0.0,0.0,27.4,91.1,1,,Financial Services,1894072.0,2068.5
ZAUIF,Zodiac Gold Inc.,0.228,15,12,3,9,4,3,5,51,-20.0,31.0,Poor,Stay away,43,9.4,13.2,6.6,57.3,3,,Basic Materials,55283392.0,14923.51
INJJF,Intrum AB (publ),0.296,3,4,5,7,3,7,2,31,-5.0,31.0,Poor,🔥 COILED: Stay away,19,0.0,0.0,-93.7,48.1,1,,Financial Services,940845248.0,1303.76
CECAF,CanAsia Energy Corp.,0.264,13,3,5,15,6,4,5,51,-20.0,31.0,Poor,Stay away,60,-3.1,25.7,9.3,73.0,3,,Energy,30002016.0,22317.85
QUTIF,Questor Technology Inc,0.28,11,6,11,8,6,2,2,46,-18.0,31.0,Poor,Stay away,53,0.0,0.0,0.2,88.8,1,,Industrials,7776475.0,752.5
YSASF,YesAsia Holdings Limited,0.346,3,6,3,8,3,3,2,28,0.0,31.0,Poor,Stay away,16,0.0,0.0,-4.3,2.9,0,,Consumer Cyclical,144678368.0,12.75
PLLMF,Plata Latina Minerals Corporation,0.345,6,6,3,9,1,7,4,36,-5.0,31.0,Poor,Stay away,22,-6.8,-6.8,-7.2,45.7,1,,Basic Materials,68648576.0,47548.41
MYRUF,Myriad Uranium Corp.,0.33,10,5,4,10,5,5,2,41,-10.0,31.0,Poor,Stay away,39,-2.9,-4.2,-1.6,48.5,1,,Basic Materials,40936732.0,278557.01
ASLM,American Silver Mining Co,0.3,3,10,7,3,8,4,2,37,-6.0,31.0,Poor,Stay away,36,0.0,-4.8,-2.5,43.0,0,,Basic Materials,nan,1836083.63
PCAPW,ProCap Acquisition Corp Warrant,0.325,11,7,3,4,4,2,3,34,-6.0,31.0,Poor,Stay away,35,8.3,1.5,3.6,54.6,1,,nan,nan,13476.47
BLOZF,Cannabix Technologies Inc,0.367,3,8,6,7,4,6,2,36,-3.0,31.0,Poor,Stay away,25,2.0,-3.4,-1.8,45.4,2,,Healthcare,45083296.0,111872.14
ENDGF,Endurance Gold Corporation,0.42,12,3,3,13,3,0,5,39,-8.0,31.0,Poor,Stay away,58,-4.5,0.0,1.5,56.3,0,,Basic Materials,88010840.0,36867.64
EBQLF,Ebiquity plc,0.4,5,4,10,8,0,2,2,31,-5.0,31.0,Poor,🔥 COILED: Stay away,33,0.0,0.0,0.0,50.0,1,,Communication Services,55581076.0,52000.0
HUABF,Huabao International Holdings Limited,0.501,10,7,11,6,3,2,2,41,-15.0,31.0,Poor,🔥 COILED: Stay away,50,0.0,0.0,0.0,50.0,1,,Basic Materials,821518400.0,0.0
GWIN,Glorywin Entertainment Group Inc,0.512,3,3,10,7,3,5,2,33,-5.0,31.0,Poor,Stay away,29,0.0,0.0,-8.6,9.3,1,,Healthcare,356194752.0,194.54
RDRIF,Red Rock Energy Inc,0.518,11,6,6,3,7,3,5,41,-15.0,31.0,Poor,🔥 COILED: Stay away,64,5.7,-4.1,0.0,50.5,2,,Energy,76114880.0,103121.24
KRAQW,KRAKacquisition Corp Warrants,0.542,21,13,6,5,4,6,5,60,-27,31,Poor,Stay away,0,35.5,29.0,28.5,61.1,3,,nan,nan,0.0
SFUNY,Fang Holdings Ltd,0.585,4,8,3,8,3,5,2,33,-5.0,31.0,Poor,Stay away,15,0.0,0.0,-3.4,42.3,1,,Communication Services,5283645.0,165.41
KNDI,Kandi Technologies Group Inc,0.638,8,8,6,7,2,2,2,35,-5.0,31.0,Poor,Stay away,34,1.3,-0.2,-1.8,44.9,2,,Consumer Cyclical,66073312.0,442930.89
TCOR,TreeCon Resources Inc,0.62,4,3,10,9,3,5,2,36,-5.0,31.0,Poor,Stay away,21,0.0,0.0,-0.5,32.5,1,,Basic Materials,9839580.0,1291.5
SKIN,Beauty Health Co,0.692,7,12,8,5,4,2,3,41,-13.0,31.0,Poor,Stay away,39,9.8,4.8,2.7,51.0,2,,Consumer Defensive,89146424.0,1305625.8
GTCDD,Getty Copper Inc.,0.67,12,5,3,14,3,3,5,45,-14.0,31.0,Poor,Stay away,51,4.2,3.8,6.2,56.8,1,,Basic Materials,46637336.0,6306.36
CFOO,China Foods Holdings Ltd,0.664,5,3,10,8,3,2,2,33,-5.0,31.0,Poor,Stay away,33,0.0,0.0,-0.0,0.0,1,,Consumer Defensive,13445508.0,0.13
GDQMF,GoldQuest Mining Corp.,0.715,14,16,5,15,4,4,5,63,-30,31,Poor,Stay away,34,-4.7,21.1,10.9,64.3,3,,Basic Materials,264132928.0,107383.2
LGO,Largo Resources Ltd,0.731,15,6,5,7,1,5,5,44,-13.0,31.0,Poor,Stay away,33,14.3,-2.5,3.9,53.7,1,,Basic Materials,79485368.0,1276052.85
ODMUF,Old Mutual Limited,0.78,9,6,11,8,3,2,2,41,-13.0,31.0,Poor,Stay away,53,0.0,0.0,0.0,100.0,0,,Financial Services,3109104640.0,2.87
VIOT,Viomi Technology ADR,0.82,15,6,4,5,5,2,5,42,-12.0,31.0,Poor,Stay away,36,17.1,13.9,9.2,60.8,2,,Consumer Cyclical,54867208.0,253465.9
WLIIW,Willow Lane Acquisition Corp. II Warrants,0.83,9,11,7,13,6,4,2,52,-21.0,31.0,Poor,Stay away,0,-15.3,17.7,-0.8,48.4,3,,nan,nan,0.0
GEDUF,G8 Education Limited,0.885,9,6,11,6,0,2,2,36,-10.0,31.0,Poor,🔥 COILED: Stay away,37,0.0,0.0,0.0,50.0,0,,Consumer Defensive,682829504.0,2.5
SFWL,Shengfeng Development Limited Class A Ordinary Shares,0.865,15,11,3,3,3,3,2,40,-14.0,31.0,Poor,🔥 COILED: Stay away,32,6.8,-2.3,0.4,50.6,0,,Industrials,71360352.0,23248.37
SOS,SOS Limited,0.926,10,9,4,7,3,4,2,39,-6.0,31.0,Poor,Stay away,28,-4.1,1.0,1.0,50.3,1,,Financial Services,16740316.0,66547.82
TIAJF,Telecom Italia S.p.A,0.961,12,6,9,7,3,2,2,41,-13.0,31.0,Poor,Stay away,58,0.0,0.0,0.0,98.6,0,,Communication Services,20455303168.0,299.0
CRNVF,Claranova SE,0.95,5,4,10,7,3,2,2,33,-5.0,31.0,Poor,Stay away,0,0.0,0.0,-0.1,0.0,1,,Technology,54224692.0,0.0
BFDXX,BlackRock Liquidity Funds - Federal Trust Fund,1.0,18,9,5,9,6,7,5,59,-28,31,Poor,Stay away,61,290.9,290.9,206.1,100.0,2,2,nan,nan,0.0
VYBXX,Voya Funds Trust - Government Money Market Fund Series II,1.0,15,4,5,6,6,2,2,40,-12.0,31.0,Poor,Stay away,46,0.0,0.0,0.0,65.2,0,,nan,nan,0.0
VYGXX,Voya Funds Trust - Government Money Market Fund Series II,1.0,15,4,5,6,6,2,2,40,-12.0,31.0,Poor,Stay away,46,0.0,0.0,0.0,65.2,0,,nan,nan,0.0
SIOLF,Sino-Ocean Group Holding Limited,0.007,3,3,8,8,0,3,2,27,0.0,30.0,Poor,Stay away,13,0.0,0.0,-3.1,0.0,0,,Real Estate,91187992.0,330.0
CROTF,Cirralto Limited,0.007,5,3,10,8,3,1,2,32,-5.0,30.0,Poor,Stay away,30,0.0,0.0,-0.8,31.1,1,,Technology,8408730.0,348.0
VRCDF,Verici Dx plc,0.003,8,3,10,7,0,2,2,32,-5.0,30.0,Poor,Stay away,27,0.0,0.0,-0.0,0.0,1,,Healthcare,6861934.0,50.57
ADTX,Aditxt Inc. ,0.006,11,10,6,14,4,3,5,53,-21,30,Poor,Stay away,28,163.6,141.7,12.0,44.8,3,9,Healthcare,5987859.0,58772481.36
CSPUF,Canadian Spirit Resources Inc,0.01,12,6,11,7,3,4,2,45,-18.0,30.0,Poor,Stay away,57,0.0,0.0,0.0,93.3,1,,Energy,2881775.0,540.48
EDEYF,Eden Innovations Ltd,0.002,6,4,5,8,3,4,2,32,-5.0,30.0,Poor,Stay away,27,0.0,0.0,-92.1,11.3,1,,Industrials,1326947.0,113.58
VGGOF,Greenhawk Resources Inc,0.004,3,3,9,7,3,5,2,32,-5.0,30.0,Poor,Stay away,28,0.0,0.0,-12.5,9.9,1,,Basic Materials,925479.0,60.5
TNLX,Trans Lux Cp,0.01,5,3,10,7,3,2,2,32,-5.0,30.0,Poor,Stay away,18,0.0,0.0,-0.1,14.7,1,,Technology,809777.0,84.0
TVCCF,Three Valley Copper Corp,0.007,3,3,2,8,3,6,5,30,0.0,30.0,Poor,Stay away,25,0.0,-12.3,-16.3,47.3,0,,Basic Materials,798493.0,7794.21
AGIN,American Graphite Technologies Inc,0.002,4,3,8,12,1,0,2,30,0.0,30.0,Poor,Stay away,23,-14.3,-18.2,-10.1,41.4,0,,Financial Services,754817.0,130202.68
CSOL,China Solar & Cln En,0.007,6,4,6,8,3,3,2,32,-5.0,30.0,Poor,Stay away,16,0.0,0.0,-6.6,45.2,1,,Industrials,575748.0,3588.73
GXXY,Galexxy Holdings Inc,0.001,5,3,10,7,3,2,2,32,-5.0,30.0,Poor,Stay away,18,0.0,0.0,-0.0,27.1,1,,Healthcare,369605.0,12136.34
CRSQ,Corporate Restaurant Concepts Inc,0.006,5,3,10,7,3,2,2,32,-5.0,30.0,Poor,Stay away,27,0.0,0.0,-0.0,0.2,1,,Financial Services,258763.0,20.0
GSSRF,Gossan Resources Limited,0.004,3,3,9,7,3,3,2,30,0.0,30.0,Poor,Stay away,12,0.0,0.0,-10.9,1.9,0,,Basic Materials,249600.0,4514.27
FMPR,Fame Productions Inc,0.005,12,6,11,9,3,2,2,45,-18.0,30.0,Poor,Stay away,41,0.0,0.0,0.0,99.2,1,,Communication Services,204000.0,705.0
TIGE,Tigrent Inc,0.01,10,6,10,9,6,2,2,45,-18.0,30.0,Poor,Stay away,51,0.0,0.0,0.4,100.0,1,,Consumer Defensive,130885.0,268.5
PNNEF,Pennine Petroleum Corporation,0.002,8,3,10,7,0,2,2,32,-5.0,30.0,Poor,Stay away,27,0.0,0.0,-0.0,0.0,1,,Energy,90864.0,2634.0
SCPX,Scorpius Holdings Inc,0.001,6,5,6,7,3,3,5,35,-5.0,30.0,Poor,Stay away,24,0.0,-16.7,-3.1,46.8,1,,Healthcare,61142.0,14772.64
ZTTO,Zitto Inc,0.009,9,7,11,6,3,2,2,40,-15.0,30.0,Poor,🔥 COILED: Stay away,34,0.0,0.0,0.0,46.0,1,,Financial Services,59854.0,9.0
SBSAQ,"Spanish Broadcasting System, Inc.",0.005,6,3,10,7,3,1,2,32,-5.0,30.0,Poor,Stay away,27,0.0,0.0,-1.9,28.4,1,,Communication Services,43675.0,27961.34
BOTH,Bioethics Ltd,0.005,5,3,10,7,3,2,2,32,-5.0,30.0,Poor,Stay away,28,0.0,0.0,-0.0,0.0,1,,Financial Services,18360.0,21.31
BSLK,"Bolt Projects Holdings, Inc.",0.002,3,2,3,9,3,5,5,30,0.0,30.0,Poor,Stay away,14,0.0,-50.0,-38.9,34.2,0,,Basic Materials,8732.0,177800.0
SMFL,"Smart for Life, Inc. Common Stock",0.002,17,9,7,11,6,2,5,57,-27,30,Poor,Stay away,42,566.7,566.7,355.9,94.9,3,3,Consumer Defensive,709.0,4031.59
LHHMQ,Lehman Brothers Holdings Capital Trust V,0.001,4,6,4,7,4,3,2,30,0.0,30.0,Poor,Stay away,25,0.0,400.0,-0.4,49.3,2,,Other,nan,563.27
ASTLW,Algoma Steel Group Inc. Warrant,0.01,3,9,2,12,3,2,2,33,-3.0,30.0,Poor,Stay away,21,0.0,8.7,-6.0,47.3,2,,nan,nan,38967.2
LTRYW,"Lottery.com, Inc. Warrants",0.007,5,8,1,9,3,6,2,34,-7.0,30.0,Poor,Stay away,22,-4.2,-6.8,-9.0,42.9,1,,Consumer Cyclical,nan,140050.22
LHUAF,Lianhua Supermarket Holdings Co. Ltd,0.016,4,3,10,9,3,1,2,32,-5.0,30.0,Poor,Stay away,14,0.0,0.0,-0.2,0.0,1,,Consumer Cyclical,52644952.0,112.51
XAKJ,XAKJ,0.017,18,9,10,11,4,7,5,64,-30,30,Poor,Stay away,62,39.2,39.2,36.6,84.1,2,,Financial Services,34634808.0,9806.49
CCEDF,Cascadero Copper Corporation,0.012,4,7,2,7,3,2,5,30,0.0,30.0,Poor,Stay away,18,20.0,-20.0,-9.0,46.0,1,,Basic Materials,3601558.0,29046.49
NMGC,NeoMagic Corporation,0.018,19,11,6,9,6,7,5,63,-29,30,Poor,Stay away,65,38.5,19.2,27.9,66.2,3,,Technology,1166982.0,9273.93
SRNW,Stratos Renewables Corp,0.02,7,4,10,6,3,5,2,37,-10.0,30.0,Poor,Stay away,25,0.0,0.0,-0.2,47.0,0,,Financial Services,980117.0,10918.28
PORCF,Power One Resources Corp.,0.011,3,7,10,7,0,1,2,30,-5.0,30.0,Poor,🔥 COILED: Stay away,27,0.0,0.0,-1.1,45.0,1,,Basic Materials,365404.0,2261.54
CWPE,CW Petroleum Corp,0.013,3,8,8,7,3,2,2,33,1.0,30.0,Poor,Stay away,27,0.0,0.0,-3.8,42.7,0,,Energy,291796.0,14753.47
RMIAF,Automotive Finco Corp,0.011,8,3,10,5,3,6,2,37,-10.0,30.0,Poor,Stay away,26,0.0,0.0,-0.0,0.4,0,,Financial Services,219995.0,1.25
HSEEF,Hill Street Beverage Company Inc,0.011,5,3,10,10,0,2,2,32,-5.0,30.0,Poor,Stay away,30,0.0,0.0,-0.0,0.1,1,,Consumer Defensive,45774.0,315.84
CHMP,Champion Industries Inc,0.02,9,7,11,6,3,2,2,40,-15.0,30.0,Poor,🔥 COILED: Stay away,45,0.0,0.0,0.0,50.0,1,,Industrials,1129.0,4.01
BEATW,Heartbeam Inc. Warrant,0.015,3,10,3,8,3,2,2,31,-1.0,30.0,Poor,Stay away,22,-7.5,-8.1,-32.3,43.9,2,,Healthcare,nan,12741.03
MSAIW,Infrared Cameras Holdings Inc,0.018,4,9,2,7,4,2,2,30,0.0,30.0,Poor,Stay away,17,-13.3,-22.8,-21.4,41.8,1,,nan,nan,44187.84
ASASF,Asia Standard International Group Limited,0.03,5,3,10,7,3,2,2,32,-5.0,30.0,Poor,Stay away,30,0.0,0.0,-0.0,0.0,1,,Financial Services,42619056.0,2420.0
MDBIF,Medibio Limited,0.027,18,8,5,11,6,6,2,56,-26,30,Poor,Stay away,67,827.6,827.6,96.8,68.9,2,3,Healthcare,30976668.0,54.08
CINGF,Coinsilium Group Ltd,0.03,14,14,4,7,7,3,4,53,-23.0,30.0,Poor,Stay away,28,6.5,12.1,4.4,54.6,3,,Technology,14446503.0,178614.91
BBRDF,Blackbird plc,0.024,4,4,9,7,3,1,2,30,-5.0,30.0,Poor,🔥 COILED: Stay away,28,0.0,0.0,-0.3,47.1,1,,Technology,11430462.0,2156.0
LUFFF,Luff Enterprises Ltd,0.022,5,5,6,9,0,4,3,32,-5.0,30.0,Poor,Stay away,15,0.9,-9.8,-11.1,42.2,1,,Healthcare,3201753.0,66084.73
AVCRF,Avricore Health Inc,0.025,3,3,10,7,2,5,2,32,-5.0,30.0,Poor,Stay away,18,0.0,0.0,-5.3,39.8,1,,Healthcare,3159241.0,57856.15
DTWOF,D2 Lithium Corp.,0.03,9,4,10,6,4,2,2,37,-10.0,30.0,Poor,Stay away,27,0.0,0.0,-0.0,44.6,0,,Basic Materials,1086954.0,6672.7
GRXXF,Oz Lithium Corp,0.021,3,7,5,9,3,1,2,30,-5.0,30.0,Poor,🔥 COILED: Stay away,28,0.0,0.0,-1.5,42.6,1,,Basic Materials,221178.0,38.36
SEATW,Vivid Seats Inc. Warrant,0.03,5,3,1,9,3,4,5,30,0.0,30.0,Poor,Stay away,19,-38.8,7.1,-16.7,44.2,0,,nan,nan,3604.42
AGPYF,Agile Group Holdings Limited,0.04,5,3,10,7,3,2,2,32,-5.0,30.0,Poor,Stay away,28,0.0,0.0,-0.0,0.0,1,,Real Estate,797275584.0,11.5
MFON,Mobivity Holdings,0.04,3,3,10,8,3,3,2,32,-5.0,30.0,Poor,Stay away,23,0.0,0.0,-1.3,30.8,1,,Technology,2959063.0,18419.18
ETRUF,Etruscus Resources Corp,0.039,3,7,6,8,3,3,2,32,-5.0,30.0,Poor,Stay away,19,0.0,0.0,-3.0,27.8,1,,Basic Materials,2495209.0,11901.07
MRRYF,Murray Income Trust Plc,0.037,9,6,11,7,3,2,2,40,-13.0,30.0,Poor,Stay away,41,0.0,0.0,0.0,89.3,0,,Technology,1582874.0,383.5
GODZF,Goldhills Holding Ltd,0.04,12,6,11,9,3,2,2,45,-18.0,30.0,Poor,Stay away,53,0.0,0.0,0.0,100.0,1,,Basic Materials,1338906.0,60.83
KKOBF,Kinetiko Energy Limited,0.049,10,6,11,6,3,2,2,40,-13.0,30.0,Poor,Stay away,55,0.0,0.0,0.0,78.4,0,,Energy,78039432.0,0.0
CCCHF,City Chic Collective Limited,0.05,8,3,10,7,0,2,2,32,-5.0,30.0,Poor,Stay away,28,0.0,0.0,-0.0,14.5,1,,Consumer Cyclical,19257890.0,201.0
CBRSF,Champion Bear Resources Ltd,0.05,12,6,8,4,0,7,5,42,-15.0,30.0,Poor,Stay away,30,25.0,0.0,3.5,51.7,1,,Basic Materials,3762238.0,13712.13
KOGMF,KGL Resources Ltd,0.05,8,3,10,7,0,2,2,32,-5.0,30.0,Poor,Stay away,36,0.0,0.0,-0.0,0.7,1,,Basic Materials,1125331.0,162.75
DALQF,D&L Industries Inc,0.058,3,3,8,8,0,3,2,27,0.0,30.0,Poor,Stay away,10,0.0,0.0,-5.2,0.0,0,,Basic Materials,415142944.0,5.51
BMPA,BMP AI Technologies Inc.,0.052,9,9,8,3,3,2,4,38,-8.0,30.0,Poor,Stay away,34,2.0,2.0,-0.9,48.5,0,,Technology,10395.0,17959.24
FGCO,Pacific Oil Co,0.07,1,1,9,7,6,4,2,30,0.0,30.0,Poor,Stay away,39,-16.7,-16.7,-14.0,20.0,0,,Financial Services,6606255.0,12554.53
WCUFF,World Copper Ltd,0.07,13,10,3,10,6,3,5,50,-23,30,Poor,Stay away,50,57.7,57.7,12.3,52.5,4,7,Basic Materials,2074408.0,12269.58
RKGXF,Road King Infrastructure Limited,0.08,5,3,10,7,3,2,2,32,-5.0,30.0,Poor,Stay away,32,0.0,0.0,-0.0,0.2,1,,Real Estate,171040736.0,45.0
ENGT,Energy & Technology Corp,0.09,3,3,9,7,0,3,2,27,0.0,30.0,Poor,Stay away,14,0.0,0.0,-7.6,32.6,0,,Energy,70907992.0,999.77
LMRMF,Lomiko Metals Inc,0.088,7,3,4,9,3,2,4,32,-5.0,30.0,Poor,Stay away,51,0.0,2.3,2.4,55.6,1,,Basic Materials,6771418.0,20160.01
SPODF,Spod Lithium Corp.,0.083,10,6,11,10,4,2,2,45,-18.0,30.0,Poor,Stay away,51,0.0,0.0,0.0,98.7,1,,Basic Materials,521469.0,18.12
BONXF,Bonterra Resources Inc,0.095,5,13,7,7,2,4,2,40,-8.0,30.0,Poor,Stay away,11,-5.0,-2.1,-3.6,42.4,1,,Basic Materials,19993140.0,90173.02
GBRRF,Gabriel Resources Ltd,0.123,14,6,9,9,4,2,3,47,-20.0,30.0,Poor,Stay away,51,0.0,17.0,2.6,56.1,3,,Basic Materials,34098488.0,4737.45
EVNIF,EV Nickel Inc,0.136,5,3,10,7,3,2,2,32,-5.0,30.0,Poor,Stay away,25,0.0,0.0,-0.0,0.0,1,,Basic Materials,21566756.0,650.0
MYIDF,Killi Ltd,0.13,18,4,3,11,5,4,5,50,-20,30,Poor,Stay away,63,58.7,85.7,55.6,95.6,3,10,Technology,11829816.0,17716.5
ARSLF,Altima Resources Ltd,0.1,13,6,12,7,3,2,2,45,-18.0,30.0,Poor,Stay away,25,0.0,0.0,2.5,92.9,1,,Energy,5697495.0,38237.07
USCMF,US Critical Metals Corp.,0.102,14,5,3,11,1,2,5,41,-11.0,30.0,Poor,Stay away,28,3.6,14.7,3.0,52.1,2,,Basic Materials,4538045.0,109263.08
SNPW,Sun Pacific Holding Corp,0.125,3,3,10,8,3,3,2,32,-5.0,30.0,Poor,Stay away,21,0.0,0.0,-1.8,9.1,1,,Financial Services,32719.0,103.71
BKRKF,PT Bank Rakyat Indonesia (Persero) Tbk,0.18,10,7,8,6,0,3,3,37,-10.0,30.0,Poor,Stay away,25,0.0,0.0,1.1,49.7,0,,Financial Services,27103488000.0,0.0
ANGGF,Angang Steel Company Limited,0.15,5,3,9,8,3,2,2,32,-5.0,30.0,Poor,Stay away,20,0.0,0.0,-0.1,0.0,1,,Basic Materials,1405383168.0,10.25
BJCHF,Beijing Capital International Airport Company Limited,0.18,4,3,10,10,0,3,2,32,-5.0,30.0,Poor,Stay away,14,0.0,0.0,-0.7,29.1,1,,Industrials,824252224.0,426.0
NWBO,Northwest Biotherapeutics Inc,0.18,9,11,5,1,4,6,4,40,-11.0,30.0,Poor,Stay away,23,5.8,-5.4,2.2,53.4,1,,Healthcare,289958464.0,3071884.42
BAUFF,Blue Star Gold Corp,0.171,13,11,9,12,5,5,3,58,-28,30,Poor,Stay away,61,7.1,14.2,6.5,56.8,4,,Basic Materials,29221502.0,31469.58
CRSXQ,Corsa Coal Corp.,0.152,10,6,11,6,3,2,2,40,-15.0,30.0,Poor,🔥 COILED: Stay away,45,0.0,0.0,0.0,50.0,1,,Basic Materials,16068531.0,51.15
RFAIR,RF Acquisition Corp II Right,0.15,17,13,2,9,6,3,5,55,-25.0,30.0,Poor,Stay away,57,36.4,36.2,17.9,61.6,2,,nan,nan,26749.02
SSHPF,Vow ASA,0.217,4,7,2,14,3,3,2,35,-5.0,30.0,Poor,Stay away,35,0.0,8.5,-0.0,44.4,2,,Industrials,62990408.0,4196.29
AZZTF,Aztec Minerals Corp,0.246,14,9,7,15,6,6,5,62,-30,30,Poor,Stay away,60,4.1,14.3,11.8,74.2,3,,Basic Materials,44292720.0,147593.23
GPUSF,Alset AI Ventures Inc.,0.232,18,4,6,15,7,5,5,60,-30,30,Poor,Stay away,64,42.2,109.2,57.3,72.7,3,,Technology,4214518.0,13423.91
IWINQ,"Irwin Naturals, Inc.",0.21,9,7,11,6,3,2,2,40,-15.0,30.0,Poor,🔥 COILED: Stay away,38,0.0,0.0,0.0,42.5,1,,Healthcare,736487.0,1.1
PMIR,The PMI Group Inc,0.24,5,3,10,7,3,2,2,32,-5.0,30.0,Poor,Stay away,30,0.0,0.0,-0.0,0.0,1,,Financial Services,518610.0,18.0
ISTKF,Intellistake Technologies Corp.,0.3,5,10,2,7,5,0,2,31,-1.0,30.0,Poor,Stay away,34,-0.4,-7.7,-5.1,47.2,1,,Technology,44328416.0,55723.94
VIVS,"VivoSim Labs, Inc.",0.293,4,10,3,8,4,2,2,33,-1.0,30.0,Poor,Stay away,14,4.6,-11.2,-16.2,32.2,1,,Healthcare,3896719.0,2296087.71
VRSSF,VERSES AI Inc.,0.265,5,3,10,8,3,1,2,32,-5.0,30.0,Poor,Stay away,20,0.0,0.0,-0.8,28.0,1,,Technology,3791103.0,27549.41
TTHG,Titanium Holdings Group Inc,0.25,19,8,5,13,6,5,5,61,-27,30,Poor,Stay away,65,56.2,56.2,54.4,83.3,3,3,Industrials,1421359.0,326.5
SNLKF,Sinolink Worldwide Holdings Limited,0.326,7,6,11,9,3,2,2,40,-13.0,30.0,Poor,Stay away,40,0.0,0.0,0.0,95.8,0,,Real Estate,142249184.0,277.78
MTMV,Motomova Inc.,0.3,5,3,10,7,3,2,2,32,-5.0,30.0,Poor,Stay away,29,0.0,0.0,-0.0,0.0,1,,Technology,84153968.0,5.03
PSSOF,PesoRama Inc.,0.334,10,5,3,9,0,4,4,35,-5.0,30.0,Poor,Stay away,27,-1.1,-1.9,-1.0,46.8,1,,Consumer Defensive,73540360.0,6941.98
CGLCF,Cassiar Gold Corp,0.342,15,12,6,11,4,4,5,57,-25.0,30.0,Poor,Stay away,45,2.4,12.1,8.1,61.7,3,,Basic Materials,53295872.0,249568.3
ELRFF,Eastern Platinum Limited,0.349,15,9,10,9,6,7,5,61,-29,30,Poor,Stay away,64,29.3,12.6,22.0,65.0,3,,Basic Materials,51497856.0,62328.5
MWAI,MedWellAI Inc.,0.32,6,1,7,8,7,4,2,35,-5.0,30.0,Poor,Stay away,32,-8.6,-8.6,-6.6,34.1,1,,Financial Services,2287803.0,3066.92
ZMDTF,Zoomd Technologies Ltd,0.358,8,13,8,5,4,4,3,45,-18.0,30.0,Poor,Stay away,32,-0.6,0.8,-0.0,50.0,1,,Communication Services,35278024.0,84505.65
QBTQF,SuperQ Quantum Computing Inc.,0.432,14,13,10,2,3,4,5,51,-19.0,30.0,Poor,Stay away,0,8.4,6.2,5.4,56.5,2,,Technology,15292990.0,0.0
RCKTF,Rock Tech Lithium Inc,0.499,3,7,2,9,4,5,5,35,-5.0,30.0,Poor,Stay away,9,-2.5,-18.6,-1.6,47.9,1,,Basic Materials,60890168.0,2866.42
ALGRF,Algo Grande Copper Corp.,0.461,8,4,1,11,4,0,5,33,-3.0,30.0,Poor,Stay away,29,-81.6,4.9,-18.9,48.8,1,,Basic Materials,19510154.0,2983.11
CWVWF,Lithoquest Resources Inc,0.49,18,8,6,11,6,6,5,60,-30,30,Poor,Stay away,69,42.0,58.1,42.0,89.9,2,,Basic Materials,9854561.0,9266.19
TIGCF,Triumph Gold Corp,0.526,17,9,5,14,7,0,5,57,-25.0,30.0,Poor,Stay away,67,-2.6,11.9,6.8,65.0,3,,Basic Materials,31698554.0,175150.01
TGLVY,Top Glove Corporation Bhd ADR,0.578,5,14,5,3,5,2,2,36,-6.0,30.0,Poor,Stay away,21,3.6,-0.4,-3.3,46.5,1,,Healthcare,1158816896.0,0.0
AOTUF,Precinct Properties New Zealand Limited,0.58,4,6,4,7,3,1,2,27,0.0,30.0,Poor,Stay away,19,0.0,0.0,-0.2,14.3,0,,Real Estate,1224065792.0,27.5
BZDLF,Kincora Copper Limited,0.65,5,6,5,10,5,1,3,35,-5.0,30.0,Poor,Stay away,33,8.3,4.8,-5.2,48.1,1,,Basic Materials,31211298.0,22833.73
ALDS,APPlife Digital Solutions Inc,0.68,17,4,8,12,6,6,5,58,-28.0,30.0,Poor,Stay away,68,0.0,0.0,31.2,94.7,1,,Technology,5508069.0,1054.85
DSNY,Destiny Media Technologies Inc,0.68,17,5,6,8,4,7,5,52,-22.0,30.0,Poor,Stay away,44,10.0,25.9,16.1,61.4,3,,Technology,5202274.0,4254.63
CRLBF,Cresco Labs Inc,0.735,3,4,4,11,3,2,5,32,-5.0,30.0,Poor,Stay away,23,-7.9,-7.9,-3.2,46.0,1,,Healthcare,275538016.0,925752.9
CLEV,Concrete Leveling Systems Inc,0.7,4,4,4,7,6,3,2,30,0.0,30.0,Poor,Stay away,45,0.0,0.0,-5.8,38.5,0,,Industrials,9819484.0,525.62
BLCAF,BLCAF,0.824,17,3,8,4,4,2,5,43,-13.0,30.0,Poor,Stay away,38,20.8,20.8,13.8,77.8,2,,nan,600235776.0,285.94
QTEX,QTREX Quantum Ltd.,0.844,4,11,8,7,4,0,3,37,-5.0,30.0,Poor,Stay away,0,-0.8,-15.6,-12.2,40.6,1,,Technology,54900924.0,0.0
CKPDY,Cookpad Inc ADR,0.804,13,4,6,10,3,2,5,43,-13.0,30.0,Poor,Stay away,24,0.0,12.1,4.1,95.6,2,,Communication Services,57809596.0,49.22
SBDXF,SED Energy Holdings Plc,0.86,13,3,4,13,1,3,4,41,-12.0,30.0,Poor,🔥 COILED: Stay away,32,5.0,-0.6,0.5,51.7,0,,Energy,660739840.0,5764.57
NXNT,NXNT,0.8,17,3,4,10,3,3,5,45,-15.0,30.0,Poor,Stay away,55,59.4,15.9,17.2,60.4,2,7,nan,nan,1410.4
PTMGF,Platinum Investment Management Limited,0.9,9,6,11,7,3,2,2,40,-13.0,30.0,Poor,Stay away,52,0.0,0.0,0.0,98.4,0,,Financial Services,2309896448.0,21.25
MAOFF,Maoyan Entertainment,0.904,8,6,10,6,3,2,2,37,-10.0,30.0,Poor,Stay away,31,0.0,0.0,-0.0,5.4,0,,Communication Services,1061776768.0,52.0
BKRRF,Blackrock Silver Corp,0.92,15,6,5,16,5,3,5,55,-25.0,30.0,Poor,Stay away,53,4.3,15.0,9.2,64.2,3,,Basic Materials,348146624.0,841655.44
HIIDY,Hidili Industry International Development Ltd ADR,0.9,5,3,10,7,3,2,2,32,-5.0,30.0,Poor,Stay away,28,0.0,0.0,-0.0,0.0,1,,Energy,41447332.0,66.37
EDTXF,Spectral Med Inc,0.976,7,8,0,8,4,4,2,33,-3.0,30.0,Poor,Stay away,40,0.2,-3.3,-0.6,48.5,1,,Healthcare,283866720.0,8206.96
KOOYF,Kootenay Silver Inc,0.953,10,7,5,13,5,4,5,49,-19.0,30.0,Poor,Stay away,33,0.3,1.6,2.4,53.7,1,,Basic Materials,97577536.0,213361.83
ICG,Intchains Group Limited American Depositary Shares,0.983,13,14,8,7,6,3,5,56,-24.0,30.0,Poor,Stay away,40,16.3,12.0,8.8,60.3,3,,Technology,57008500.0,237430.37
HTZWW,Hertz Global Hldgs New Equity Warrants,0.96,4,6,3,8,2,4,5,32,0.0,30.0,Poor,Stay away,8,-6.8,-17.2,-6.7,43.3,0,,nan,nan,106888.79
CSHRW,CoinShares PLC Warrants,0.98,17,6,4,11,1,4,5,48,-18.0,30.0,Poor,Stay away,0,38.0,58.1,16.7,55.9,2,,nan,nan,0.0
NHHHF,FuelPositive Corp,0.05,14,8,5,15,6,2,5,55,-23.2,29.8,Poor,Stay away,69,24.8,24.8,28.1,61.5,3,,Industrials,22027038.0,348400.58
ONAR,ONAR Holding Corporation,0.007,11,11,4,7,7,0,5,45,-15.5,29.5,Poor,Stay away,44,4.3,-8.8,21.4,57.7,1,,Communication Services,1677727.0,1659118.61
CPIVF,Captiva Verde Land Corp,0.038,12,7,5,9,6,7,5,51,-21.5,29.5,Poor,Stay away,58,38.8,137.9,35.1,63.6,2,,Healthcare,5492359.0,26036.58
RMBHF,RMB Holdings Limited,0.01,9,6,11,6,3,2,2,39,-15.0,29.0,Poor,🔥 COILED: Stay away,39,0.0,0.0,0.0,50.0,1,,Financial Services,40957648.0,17.8
ARCNF,Arcane Crypto AB,0.002,12,4,5,12,3,1,5,42,-13.0,29.0,Poor,Stay away,41,10.0,10.0,5.9,99.6,2,,Financial Services,32825522.0,11527.66
DROR,Dror Ortho-Design Inc.,0.01,10,11,4,5,4,3,2,39,-10.0,29.0,Poor,Stay away,45,0.0,76.4,13.3,54.6,2,,Consumer Cyclical,9476872.0,34749.01
FUNN,Amfil Technologies,0.005,14,5,3,11,5,0,5,43,-12.0,29.0,Poor,Stay away,65,-9.1,13.6,12.2,61.0,2,,Industrials,4280174.0,1727709.89
BXRDF,Australian Silica Quartz Group Ltd,0.009,5,5,10,6,3,1,2,32,-8.0,29.0,Poor,🔥 COILED: Stay away,25,0.0,0.0,-0.4,45.3,0,,Basic Materials,3690371.0,1506.0
USDC,USDATA Corp,0.001,9,6,11,6,3,2,2,39,-15.0,29.0,Poor,🔥 COILED: Stay away,46,0.0,0.0,0.0,50.0,1,,Communication Services,3115152.0,410.5
EKGGF,CardioComm Solutions Inc,0.01,9,1,2,7,6,4,2,31,2.0,29.0,Poor,Stay away,42,-8.3,-8.3,-5.6,34.1,0,,Healthcare,1975821.0,645.23
ISGIF,InsuraGuest Technologies Inc,0.01,16,10,6,9,4,9,5,59,-30,29,Poor,Stay away,55,38.2,32.9,33.4,84.9,3,,Technology,1794015.0,1940.55
ANTCF,Aion Therapeutic Inc,0.002,7,6,11,9,3,2,2,40,-11.0,29.0,Poor,Stay away,40,0.0,0.0,0.0,74.2,1,,Healthcare,1256125.0,1712.43
AYRWF,AYR Strategies Inc Class A,0.004,3,3,8,9,3,3,2,31,-5.0,29.0,Poor,Stay away,15,0.0,0.0,-21.5,31.4,1,,Healthcare,432062.0,363824.58
DGNG,Diguang Intl Dev Co,0.001,3,3,8,7,3,5,2,31,-5.0,29.0,Poor,Stay away,15,0.0,0.0,-26.5,0.0,1,,Technology,354852.0,448.15
GREH,Green Rain Energy Holdings Inc.,0.01,4,10,9,10,3,5,4,45,-16.0,29.0,Poor,Stay away,30,14.5,4.4,-11.1,48.6,1,,Healthcare,347050.0,326731.6
MVES,Movie Studio Inc,0.001,9,6,8,5,3,3,5,39,-10.0,29.0,Poor,Stay away,31,0.0,0.0,-0.5,40.2,0,,Communication Services,236359.0,31016.88
DVRNF,Deveron Corp,0.001,9,6,11,6,3,2,2,39,-15.0,29.0,Poor,🔥 COILED: Stay away,38,0.0,0.0,0.0,50.0,1,,Technology,207730.0,82.46
MSGP,Kenergy Scientific Inc,0.002,18,4,5,14,6,4,5,56,-27,29,Poor,Stay away,55,200.0,250.0,86.6,99.8,2,3,Healthcare,109015.0,302.41
ZENVF,Zenvia Inc.,0.001,3,8,1,8,3,2,2,27,2.0,29.0,Poor,Stay away,0,0.0,1200.0,-81.8,32.9,2,,Technology,31540.0,0.0
MTST,MetaStat Inc,0.001,10,6,11,7,4,4,2,44,-18.0,29.0,Poor,Stay away,49,0.0,0.0,0.0,100.0,1,,Healthcare,5877.0,395.71
KMFI,The Keller Manufacturing Company Inc,0.001,4,3,10,7,3,2,2,31,-5.0,29.0,Poor,Stay away,20,0.0,0.0,-1.2,6.5,1,,Consumer Cyclical,6575.0,529.5
RNGG,Reno Gold Corporation,0.006,15,9,8,16,4,6,5,63,-30,29,Poor,Stay away,48,20.4,20.4,19.0,82.3,3,,Basic Materials,3283.0,3115.49
KWMWW,K Wave Media Ltd.,0.01,3,6,2,12,2,2,2,29,2.0,29.0,Poor,Stay away,10,5.3,22.0,-16.4,45.2,2,,nan,nan,12799.5
PTPKF,PT Pakuwon Jati Tbk,0.019,10,3,10,6,3,2,2,36,-10.0,29.0,Poor,Stay away,30,0.0,0.0,-0.0,34.7,0,,Real Estate,919848320.0,55.0
MRDH,Meridian Holdings Inc,0.02,2,11,1,8,6,2,2,32,-3.0,29.0,Poor,Stay away,44,24.4,-18.8,-4.6,49.0,1,,Industrials,2992578.0,0.0
IWAL,iWallet Corporation,0.012,8,7,10,5,1,6,2,39,-15.0,29.0,Poor,🔥 COILED: Stay away,26,0.0,0.0,-0.4,47.1,1,,Industrials,1330242.0,9989.61
ARSEF,Altai Resources Inc,0.015,10,6,11,7,4,4,2,44,-18.0,29.0,Poor,Stay away,47,0.0,0.0,0.1,97.7,1,,Energy,840503.0,1143.68
SGGTF,Signature Resources Ltd,0.028,13,11,4,6,4,4,5,47,-18.0,29.0,Poor,Stay away,32,1.1,-4.8,4.1,54.4,1,,Basic Materials,6278992.0,15406.96
SARMF,Southern Arc Minerals Inc,0.03,9,6,11,9,3,4,2,44,-18.0,29.0,Poor,Stay away,53,0.0,0.0,0.0,99.4,1,,Basic Materials,1218038.0,77.02
TSTTF,TripSitter Clinic Ltd.,0.022,8,3,10,4,3,6,2,36,-10.0,29.0,Poor,Stay away,36,0.0,0.0,-0.0,27.7,0,,Healthcare,380979.0,204.42
BJGBF,Beijing Gas Blue Sky Holdings Limited,0.04,17,5,5,10,6,8,5,56,-27,29,Poor,Stay away,52,299.0,299.0,160.2,98.8,2,3,Utilities,907625728.0,1260.55
REXHF,Rex International Holding Limited,0.04,5,4,8,8,3,1,2,31,-5.0,29.0,Poor,Stay away,9,0.0,0.0,-2.5,0.0,1,,Energy,54297636.0,38.0
LANZ,Lancer Orthodontics Inc,0.04,10,6,11,11,4,2,2,46,-13.0,29.0,Poor,Stay away,49,0.0,0.0,0.0,100.0,0,,Healthcare,42824428.0,600.53
GOGR,Go Green Global Tech,0.04,10,4,2,12,5,2,2,37,-8.0,29.0,Poor,Stay away,59,33.3,-20.0,-6.6,47.4,0,,Industrials,5668202.0,46283.98
AAIRF,American Aires Inc,0.032,3,11,2,9,5,2,2,34,-3.0,29.0,Poor,Stay away,18,-17.5,-7.0,-11.3,45.1,1,,Technology,3138210.0,49771.9
BDVB,Bagger Dave's Burger Tavern Inc,0.035,9,8,10,5,8,7,2,49,-16.0,29.0,Poor,Stay away,50,4.5,6.1,2.2,54.8,2,,Consumer Cyclical,953632.0,10288.88
PFFEF,Pool Safe Inc,0.038,12,6,11,8,3,2,2,44,-18.0,29.0,Poor,Stay away,51,0.0,0.0,0.0,93.2,1,,Consumer Cyclical,524731.0,1.0
IFUS,Impact Fusion International Inc,0.046,13,3,5,15,3,0,5,44,-15.0,29.0,Poor,Stay away,53,-4.0,-6.5,3.9,55.0,1,,Communication Services,27647210.0,349128.22
NFTM,"The NFT Marketplace, Inc.",0.05,13,10,5,16,9,0,5,58,-29,29,Poor,Stay away,66,31.6,11.1,55.1,64.8,3,,Financial Services,8440853.0,6856.09
LVRLF,CordovaCann Corp,0.05,15,6,11,10,3,6,5,56,-27.0,29.0,Poor,Stay away,58,25.0,25.0,15.7,65.4,4,,Healthcare,5490173.0,11194.08
EAGRF,Leaf Mobile Inc,0.066,13,4,8,9,6,2,5,47,-18.0,29.0,Poor,Stay away,31,0.0,0.0,8.7,87.8,1,,Communication Services,6843260.0,6311.84
PSGCF,Pinnacle Silver and Gold Corp.,0.077,8,8,7,5,5,4,4,41,-15.0,29.0,Poor,🔥 COILED: Stay away,33,-0.3,0.0,0.0,50.7,1,,Basic Materials,12806030.0,25383.82
GSCCF,ioneer Ltd,0.084,7,12,8,0,3,2,2,34,-8.0,29.0,Poor,Stay away,21,5.0,12.0,0.5,49.6,2,,Basic Materials,240128928.0,58775.99
AMNP,American Sierra Gold Corp,0.09,5,8,4,7,1,2,2,29,0.0,29.0,Poor,Stay away,28,11.6,-5.8,-4.9,45.6,0,,Basic Materials,79338640.0,28937.31
AAPI,Apple iSports Group Inc,0.083,11,11,10,8,3,4,5,52,-23.0,29.0,Poor,Stay away,32,10.5,10.5,10.1,52.8,4,,Consumer Cyclical,18220134.0,5852.05
HGTXU,Hugoton Royalty Trust,0.09,3,5,3,11,1,2,2,27,2.0,29.0,Poor,Stay away,4,0.0,0.0,-9.4,40.1,0,,Energy,3600000.0,41475.18
MMMW,Mass Megawat Wind Pw,0.095,10,6,7,2,6,3,5,39,-15.0,29.0,Poor,🔥 COILED: Stay away,30,0.0,-4.7,2.2,52.3,1,,Utilities,213486.0,1353.66
CMEIF,China MeiDong Auto Holdings Limited,0.102,5,3,9,7,3,2,2,31,-5.0,29.0,Poor,Stay away,21,0.0,0.0,-0.1,0.0,1,,Consumer Cyclical,137586464.0,125.0
PGXPF,Pelangio Exploration Inc,0.14,16,4,8,9,6,1,5,49,-18.0,29.0,Poor,Stay away,55,7.7,16.7,16.6,76.8,3,,Basic Materials,32696694.0,60634.0
PREIF,Precipitate Gold Corp,0.13,6,9,6,12,3,6,5,47,-16.0,29.0,Poor,Stay away,22,6.5,20.6,7.6,52.2,3,,Basic Materials,23673222.0,134053.1
VTXGF,Vertex Resource Group Ltd.,0.13,10,6,11,7,6,2,2,44,-18.0,29.0,Poor,Stay away,38,0.0,0.0,0.0,95.8,1,,Industrials,16800378.0,9.34
KDOZF,Kidoz Inc,0.11,8,13,7,6,3,0,5,42,-13.0,29.0,Poor,Stay away,19,0.0,0.0,-0.2,46.5,1,,Communication Services,14443494.0,10671.0
SRANF,Sranan Gold Corp.,0.103,15,13,3,13,6,4,5,59,-30.0,29.0,Poor,Stay away,39,-8.8,59.5,11.4,61.2,4,,Basic Materials,9682169.0,7530.15
MQMIF,MetalQuest Mining Inc.,0.134,8,5,1,8,3,2,5,32,-3.0,29.0,Poor,Stay away,28,-4.3,17.5,-2.9,49.2,2,,Basic Materials,6555216.0,5482.06
SOLCF,SOL Global Investments Corp,0.1,16,8,4,15,3,5,5,56,-27,29,Poor,Stay away,54,150.0,132.6,42.7,56.1,3,3,Financial Services,2661226.0,14968.43
LPSIF,Legend Power Systems Inc,0.17,16,10,3,10,6,4,5,54,-25.0,29.0,Poor,Stay away,61,-5.6,28.9,14.1,63.7,3,,Industrials,24707220.0,7338.54
BNET,Bion Environmental Technologies Inc,0.18,3,8,10,6,5,2,2,36,-11.0,29.0,Poor,Stay away,25,9.1,-1.4,1.6,50.4,2,,Industrials,10334217.0,21768.54
CHSTF,China High Speed Transmission Equipment Group Co. Ltd,0.206,9,6,11,6,3,2,2,39,-15.0,29.0,Poor,🔥 COILED: Stay away,46,0.0,0.0,0.0,50.0,1,,Industrials,337360640.0,19.63
LQMT,Liquidmetal Technologies Inc,0.232,10,10,3,4,8,2,2,39,-8.0,29.0,Poor,Stay away,54,-3.4,-7.2,-0.1,50.9,1,,Industrials,210975584.0,684043.25
ANLBF,Aton Resources Inc,0.21,3,3,10,7,3,3,2,31,-5.0,29.0,Poor,Stay away,23,0.0,0.0,-9.3,27.9,1,,Basic Materials,26765426.0,0.0
MAUUF,Manhattan Uranium Discovery Corp.,0.2,9,16,8,5,3,7,4,52,-28,29,Poor,🔥 COILED: Stay away,30,8.8,11.1,9.7,54.9,4,,Basic Materials,20684130.0,19556.3
EPAZ,Epazz Inc,0.21,18,8,5,15,7,3,5,61,-30,29,Poor,Stay away,68,44.9,320.8,89.2,88.9,3,,Technology,3122781.0,50029.04
TJSCF,Tianjin Development Holdings Limited,0.257,15,6,10,6,6,2,2,47,-23.0,29.0,Poor,🔥 COILED: Stay away,49,0.0,0.0,0.4,100.0,0,,Industrials,275916480.0,25.0
BGM,Qilian International Holding Group Limited,0.292,10,14,9,0,4,2,5,44,-13.0,29.0,Poor,Stay away,29,10.8,-2.3,3.3,51.6,2,,Healthcare,110091304.0,249675.89
DLPRF,DLP Resources Inc,0.298,15,5,7,15,6,6,5,59,-30,29,Poor,Stay away,59,3.8,21.9,18.1,88.2,3,,Basic Materials,45477228.0,14054.11
WLTNF,Wilton Resources Inc,0.255,3,3,10,7,3,3,2,31,-5.0,29.0,Poor,Stay away,24,0.0,0.0,-1.1,21.2,1,,Energy,20851524.0,1936.5
LODFF,Lode Gold Resources Inc.,0.308,9,13,6,15,8,1,5,57,-28,29,Poor,Stay away,57,-1.5,14.1,8.9,66.4,3,,Basic Materials,18528322.0,47990.63
RENGF,Renegade Gold Inc.,0.29,12,11,9,14,4,3,5,58,-25.0,29.0,Poor,Stay away,46,7.4,3.6,8.5,66.6,1,,Basic Materials,10618345.0,2182.02
HCACR,Hall Chadwick Acquisition Corp Rights,0.25,9,11,3,6,3,2,5,39,-10.0,29.0,Poor,Stay away,0,0.0,7.5,-1.8,47.5,0,,nan,nan,0.0
GXSBF,Geox S.p.A,0.34,5,3,9,7,3,2,2,31,-5.0,29.0,Poor,Stay away,20,0.0,0.0,-0.0,0.0,1,,Consumer Cyclical,347495808.0,0.5
CWBHF,Charlotte's Web Holdings Inc,0.321,9,6,6,11,3,3,5,43,-14.0,29.0,Poor,Stay away,31,4.6,8.1,7.3,57.8,2,,Healthcare,89797496.0,676130.58
LITOF,Frontier Lithium Inc,0.3,4,5,8,7,4,0,3,31,-5.0,29.0,Poor,Stay away,16,-3.2,-3.2,-2.1,43.9,1,,Basic Materials,75170112.0,57262.41
SUNPF,Sun Peak Metals Corp,0.32,14,12,5,9,5,2,2,49,-23.0,29.0,Poor,Stay away,59,10.7,13.9,4.0,53.7,4,,Basic Materials,51564204.0,19339.8
CXDEF,Cypher Metaverse Inc.,0.327,9,6,11,7,3,6,2,44,-18.0,29.0,Poor,Stay away,50,0.0,0.0,0.0,84.9,1,,Financial Services,1896799.0,22.96
JGSHF,JG Summit Holdings Inc,0.399,4,3,4,7,3,3,2,26,0.0,29.0,Poor,Stay away,14,0.0,0.0,-0.3,16.3,0,,Industrials,6727519744.0,0.0
VMTHF,Venus Medtech (Hangzhou) Inc,0.422,12,6,11,8,3,2,2,44,-18.0,29.0,Poor,Stay away,54,0.0,0.0,0.0,98.1,1,,Healthcare,186062736.0,92.5
HRZMF,Horizon Minerals Limited,0.441,3,3,9,9,3,5,2,34,-5.0,29.0,Poor,Stay away,33,0.0,0.3,-4.1,32.1,1,,Basic Materials,164409248.0,503.06
SHGXY,Shenguan Holdings Group Ltd ADR,0.401,4,3,9,7,3,3,2,31,-5.0,29.0,Poor,Stay away,14,0.0,0.0,-0.8,0.0,1,,Consumer Defensive,64706512.0,80.34
HKPD,Hong Kong Pharma Digital Technology Holdings Limited Ordinary shares,0.406,4,11,10,4,4,4,2,39,-13.0,29.0,Poor,Stay away,33,-0.7,-3.3,0.9,50.2,2,,Healthcare,18303886.0,312221.73
SRGXF,Surge Copper Corp,0.499,15,10,9,8,4,5,5,56,-25.0,29.0,Poor,Stay away,48,25.8,18.8,17.6,68.7,3,,Basic Materials,182424960.0,237554.79
QIMCF,Quebec Innovative Materials Corp.,0.469,13,10,5,2,9,4,5,48,-19.0,29.0,Poor,Stay away,35,4.3,11.6,6.3,57.2,2,,nan,nan,113881.87
CFTLF,ChinaSoft International Ltd,0.531,5,6,10,6,3,4,2,36,-10.0,29.0,Poor,Stay away,38,0.0,0.0,-0.0,13.3,0,,Technology,1305641344.0,0.0
DNRSF,Denarius Silver Corp,0.54,15,10,5,9,4,5,5,53,-22.0,29.0,Poor,Stay away,50,19.3,22.9,21.9,69.4,3,,Basic Materials,209143920.0,412559.47
RCLFF,RCL Foods Limited,0.571,8,4,10,5,3,2,2,34,-10.0,29.0,Poor,🔥 COILED: Stay away,36,0.0,0.0,-0.0,45.6,0,,Consumer Defensive,514008064.0,0.75
HLGVD,Kantra Copper Ltd,0.574,17,4,6,13,6,6,5,57,-28.0,29.0,Poor,Stay away,60,0.0,1400.0,86.0,98.3,2,,Basic Materials,135554336.0,430.5
BSWGF,Black Swan Graphene Inc.,0.62,5,5,6,11,2,2,3,34,-5.0,29.0,Poor,Stay away,15,-4.7,3.2,-2.3,44.0,1,,Basic Materials,36343412.0,25036.32
FRIVF,Fortune Real Estate Investment Trust,0.663,7,3,11,9,3,4,2,39,-13.0,29.0,Poor,Stay away,44,0.0,0.0,0.0,90.4,1,,Real Estate,1370444800.0,0.0
KRLCF,Kainantu Resources Ltd.,0.654,16,10,7,5,7,4,5,54,-25.0,29.0,Poor,Stay away,60,8.9,-1.4,7.6,59.6,1,,Basic Materials,12474579.0,24826.18
STEAF,Stream Media Corporation,0.757,7,7,11,4,3,2,2,36,-10.0,29.0,Poor,Stay away,33,0.0,0.0,0.0,55.1,0,,Communication Services,87709240.0,0.1
BORMF,BOREALIS MNG CO LTD,0.76,13,5,5,8,5,4,5,45,-16.0,29.0,Poor,Stay away,45,-6.0,10.1,5.3,60.6,2,,nan,nan,112032.82
URLOF,NameSilo Technologies Corp,0.87,1,8,2,8,4,2,2,27,2.0,29.0,Poor,Stay away,14,2.8,-6.5,-3.7,35.4,0,,Technology,77024800.0,39164.49
NSPR,InspireMD Inc,0.889,11,3,4,12,3,4,5,42,-13.0,29.0,Poor,Stay away,28,-1.3,5.8,5.3,58.7,1,,Healthcare,41686672.0,145220.0
WBUY,WEBUY GLOBAL LTD. Ordinary Shares,0.869,9,14,5,3,4,2,2,39,-13.0,29.0,Poor,🔥 COILED: Stay away,41,15.6,8.6,4.4,52.6,2,,Consumer Cyclical,4654005.0,1747312.64
ILLR,Triller Group Inc. Common Stock,0.984,5,9,5,7,4,2,2,34,-3.0,29.0,Poor,Stay away,41,5.4,-16.6,-7.5,44.3,1,,Technology,20208754.0,1941428.96
NXHSF,Next Hydrogen Solutions Inc,0.369,15,8,5,12,5,2,5,52,-23.8,28.2,Poor,Stay away,32,15.0,124.9,28.4,70.3,3,,Industrials,25576478.0,1111.95
JASUF,Jasmine International Public Company Limited,0.004,3,6,8,7,3,1,2,30,-5.0,28.0,Poor,Stay away,12,0.0,0.0,-6.1,38.0,1,,Communication Services,33168300.0,62.5
ARVY,Alliance Recovery Corporation,0.006,8,7,4,6,6,5,2,38,-15.0,28.0,Poor,🔥 COILED: Stay away,56,0.0,0.0,-0.2,53.8,1,,Industrials,9089126.0,4055.85
PRFUF,Prosperous Future Holdings Limited,0.002,8,4,10,4,3,2,2,33,-10.0,28.0,Poor,🔥 COILED: Stay away,34,0.0,0.0,-0.0,48.1,0,,Consumer Defensive,6456035.0,200.0
AGDY,Agri-Dynamics Inc,0.003,2,7,3,9,5,0,2,28,0.0,28.0,Poor,Stay away,20,-13.5,-28.9,-10.1,45.4,0,,Energy,5253054.0,385045.71
SCLF,Suncliff Inc,0.002,6,4,10,6,3,2,2,33,-10.0,28.0,Poor,🔥 COILED: Stay away,36,0.0,0.0,-0.0,44.5,0,,Consumer Cyclical,2967547.0,693.92
TAKD,TransAKT Ltd,0.008,5,3,1,9,2,3,5,28,0.0,28.0,Poor,Stay away,41,-78.6,-78.6,-66.2,34.1,0,,Financial Services,1001299.0,4482.14
WWRL,World Wireless Communications Inc,0.009,15,6,5,5,6,1,5,43,-15.0,28.0,Poor,Stay away,59,2.2,2.2,7.9,59.9,1,,Communication Services,964776.0,2808.17
CBDY,Target Group Inc,0.001,7,8,8,4,4,0,2,33,-8.0,28.0,Poor,Stay away,30,0.0,0.0,5.4,52.2,0,,Healthcare,555323.0,157437.45
VYRE,Vyre Network,0.001,2,7,0,8,3,2,2,24,4.0,28.0,Poor,Stay away,15,-68.8,-65.5,-60.3,42.8,1,,Communication Services,521461.0,170891.19
SHGI,Sparx Holdings Group Inc,0.002,3,3,10,8,3,1,2,30,-5.0,28.0,Poor,Stay away,23,0.0,0.0,-1.1,17.5,1,,Industrials,345000.0,712.0
CNADF,CanadaBis Capital Inc.,0.002,3,7,3,9,3,1,4,30,-5.0,28.0,Poor,Stay away,23,0.0,4.8,-6.5,40.2,1,,Healthcare,310250.0,1167.5
CVVRF,Vertical Exploration Inc,0.002,8,3,10,5,3,4,2,35,-10.0,28.0,Poor,Stay away,29,0.0,0.0,-0.0,3.4,0,,Basic Materials,244646.0,10378.75
WSNAF,Wesana Health Holdings Inc,0.004,3,4,8,10,3,3,2,33,-5.0,28.0,Poor,Stay away,14,0.0,0.0,-14.1,0.1,1,,Healthcare,121549.0,1782.2
WCIG,Wee-Cig International Corp,0.002,5,3,10,7,3,3,2,33,-5.0,28.0,Poor,Stay away,23,0.0,0.0,-0.9,33.4,1,,Technology,111156.0,11483.24
IMTH,Fresh Harvest Products Inc,0.001,7,3,5,7,3,3,2,30,-5.0,28.0,Poor,Stay away,26,0.0,0.0,-0.3,22.1,1,,Technology,98913.0,1878.77
SWAGW,Software Acquisition Group Inc. III Warrant,0.007,1,7,0,8,4,2,2,24,4.0,28.0,Poor,Stay away,19,-56.3,-69.7,-71.8,43.3,1,,nan,nan,18320.03
SVREW,SaverOne 2014 Ltd. Warrant,0.008,2,6,6,11,0,2,3,30,0.0,28.0,Poor,Stay away,21,-20.8,-1.2,-15.1,44.6,1,,nan,nan,0.0
HEGLF,Peak Minerals Limited,0.014,4,7,8,6,3,3,2,33,-8.0,28.0,Poor,Stay away,40,3.6,0.0,-0.6,46.1,0,,Basic Materials,53126796.0,9137.55
VTMLF,Venture Minerals Limited,0.018,4,7,10,6,3,1,2,33,-10.0,28.0,Poor,🔥 COILED: Stay away,24,0.0,0.0,-0.4,43.8,0,,Basic Materials,55463752.0,1792.43
BNGLF,Bengal Energy Ltd,0.018,11,10,5,7,3,2,3,41,-13.0,28.0,Poor,Stay away,41,31.4,-1.1,14.7,57.9,2,,Energy,9519761.0,4601.85
MSRM,Mushrooms Inc.,0.015,8,8,6,5,1,2,5,35,-10.0,28.0,Poor,Stay away,45,-0.7,7.8,-0.3,49.5,0,,Consumer Defensive,685410.0,44543.26
RUBNF,ArborGen Holdings Limited,0.03,3,3,9,7,3,3,2,30,-5.0,28.0,Poor,Stay away,15,0.0,0.0,-3.3,3.2,1,,Basic Materials,26135916.0,266.0
GXRFF,Prospera Energy Inc,0.028,9,4,7,9,2,4,3,38,-15.0,28.0,Poor,🔥 COILED: Stay away,44,-5.2,-4.8,-0.1,50.8,1,,Energy,16747174.0,215790.51
CDTAF,Carl Data Solutions Inc,0.025,5,5,2,8,3,6,2,31,-3.0,28.0,Poor,Stay away,35,0.4,-11.8,-5.1,41.9,1,,Technology,3544316.0,11514.5
ORLCF,Oracle Commodity Holding Corp.,0.023,10,6,4,6,7,4,5,42,-15.0,28.0,Poor,Stay away,34,-3.4,0.4,2.1,51.4,2,,Financial Services,2771305.0,29330.17
STNRF,Stinger Resources Inc,0.029,14,12,10,8,3,2,5,54,-24.0,28.0,Poor,Stay away,26,25.7,32.0,16.7,59.9,4,,Basic Materials,1365152.0,14226.42
MNTR,Mentor Capital Inc.,0.03,6,9,10,4,4,4,2,39,-14.0,28.0,Poor,Stay away,24,0.3,0.3,0.0,48.4,1,,Financial Services,827678.0,19103.06
AUMMF,AuMEGA Metals Ltd,0.035,13,8,9,5,4,2,2,43,-15.0,28.0,Poor,Stay away,47,0.0,6.1,8.0,57.3,1,,Basic Materials,50942756.0,53542.69
DRJG,DRJ International Group Limited Inc.,0.035,10,3,7,5,6,2,2,35,-10.0,28.0,Poor,Stay away,46,-1.1,-1.1,-0.1,53.9,0,,Financial Services,9095185.0,1101.76
SSPLF,Safe Supply Streaming Co Ltd.,0.039,15,4,7,13,4,3,5,51,-23.0,28.0,Poor,Stay away,37,14.1,38.9,15.2,73.3,3,,Financial Services,5187900.0,10149.98
DOLHF,Dolphin Capital Investors Limited,0.047,5,3,10,8,0,2,2,30,-5.0,28.0,Poor,Stay away,28,0.0,0.0,-0.0,0.0,1,,nan,84991640.0,3025.0
JAXAF,Jaxsta Limited,0.05,12,6,11,10,0,2,2,43,-18.0,28.0,Poor,Stay away,50,0.0,0.0,0.0,100.0,1,,Technology,74158808.0,2256.48
GIGGF,Giga Metals Corporation,0.054,5,11,6,7,5,0,2,36,-6.0,28.0,Poor,Stay away,30,1.7,-2.0,-0.4,49.3,1,,Basic Materials,7738853.0,119940.56
ECXWW,ECARX Holdings Inc. Warrants,0.048,4,8,2,7,1,2,2,26,2.0,28.0,Poor,Stay away,18,-4.0,20.1,-5.7,46.6,2,,nan,nan,22637.9
SUNTD,Suncorp Technologies Limited,0.065,15,5,6,7,6,2,5,46,-18.0,28.0,Poor,Stay away,61,0.0,0.0,21.7,100.0,0,,Industrials,20000976.0,6.85
ACWRF,Acceleware Ltd,0.07,6,4,4,8,6,3,2,33,-5.0,28.0,Poor,Stay away,35,0.0,0.0,-2.5,33.8,1,,Technology,10019019.0,1115.09
NILTF,NILTF,0.062,4,4,6,8,3,3,3,31,-3.0,28.0,Poor,Stay away,34,0.7,-10.9,-2.9,46.5,0,,nan,8123376.0,136002.48
STMXF,UraniumX Discovery Corp.,0.062,13,9,2,13,2,4,5,48,-20.0,28.0,Poor,Stay away,30,-5.4,14.9,6.9,55.2,3,,Basic Materials,6013512.0,0.0
GMHLF,GAM Holding AG,0.08,3,5,4,10,3,3,5,33,-5.0,28.0,Poor,Stay away,8,0.0,0.0,-8.7,14.9,1,,Financial Services,244626736.0,29.5
AGREF,Argonaut Resources NL,0.08,7,7,11,6,3,2,2,38,-15.0,28.0,Poor,🔥 COILED: Stay away,40,0.0,0.0,0.0,51.9,1,,Basic Materials,28169712.0,400.0
ADCV,ADCapital US Inc,0.072,5,3,9,7,3,1,2,30,-5.0,28.0,Poor,Stay away,23,0.0,0.0,-0.2,9.1,1,,Financial Services,26696112.0,17.89
SRRE,Sunrise Real Estate Group Inc,0.08,3,3,10,8,3,1,2,30,-5.0,28.0,Poor,Stay away,13,0.0,0.0,-0.9,0.2,1,,Real Estate,5495354.0,1047.0
MREYF,Monterey Minerals Inc,0.08,9,6,11,8,3,4,2,43,-18.0,28.0,Poor,Stay away,51,0.0,0.0,0.0,96.5,1,,Basic Materials,1875840.0,625.0
GSGTF,GenSight Biologics S.A,0.09,7,3,9,8,0,1,2,30,-5.0,28.0,Poor,Stay away,12,0.0,0.0,-0.7,0.0,1,,Healthcare,21102640.0,41.3
LMEFF,Laurion Mineral Exploration Inc,0.099,5,15,6,3,3,6,2,40,-15.0,28.0,Poor,Stay away,7,6.2,-2.9,-3.8,42.6,1,,Basic Materials,28008306.0,7357.84
JTWOF,J2 Metals Inc.,0.098,5,7,11,6,3,4,2,38,-15.0,28.0,Poor,🔥 COILED: Stay away,0,0.0,0.0,0.2,45.6,1,,Basic Materials,4329133.0,0.0
RKHNF,Rockhaven Resources Ltd,0.114,4,6,2,8,1,4,5,30,2.0,28.0,Poor,Stay away,22,-5.0,3.6,-10.7,43.5,0,,Basic Materials,38064408.0,27511.0
CHMMF,Chimeric Therapeutics Limited,0.1,12,6,10,6,0,2,2,38,-15.0,28.0,Poor,🔥 COILED: Stay away,47,0.0,0.0,0.0,50.0,1,,Healthcare,7083520.0,450.0
CHHL,China Holdings Inc,0.107,9,10,5,3,0,2,4,33,-8.0,28.0,Poor,Stay away,36,-0.9,-2.7,-0.4,47.6,0,,Healthcare,1770799.0,4052891.0
NOPFF,Nevada Organic Phosphate Inc.,0.106,15,12,6,10,2,1,5,51,-23.0,28.0,Poor,Stay away,26,-0.2,25.1,8.0,57.2,3,,Basic Materials,nan,0.0
SSILF,Sa Sa International Holdings Limited,0.166,17,5,5,12,6,6,5,56,-28.0,28.0,Poor,Stay away,62,38.9,38.9,29.7,100.0,2,,Consumer Cyclical,514508832.0,40.0
LCGMF,Lion Copper and Gold Corp,0.176,2,6,7,9,2,2,2,30,0.0,28.0,Poor,Stay away,22,-7.5,-7.5,-5.8,41.5,0,,Basic Materials,77612608.0,146461.6
VLCJF,Velocity Minerals Ltd,0.15,13,4,1,8,1,1,2,30,-5.0,28.0,Poor,Stay away,45,-1.3,-6.8,-1.1,50.1,1,,Basic Materials,31037070.0,496.0
GRNWF,Greenlane Renewables Inc,0.15,4,7,4,7,6,0,2,30,-5.0,28.0,Poor,Stay away,34,-9.6,-2.0,-3.9,46.4,1,,Industrials,23969134.0,4617.13
VDOMF,Val-d'Or Mining Corporation,0.17,9,3,6,8,3,2,5,36,-8.0,28.0,Poor,Stay away,53,-6.1,-15.0,0.2,55.4,0,,Basic Materials,19172388.0,14792.59
ADHI,Arsenal Digital Holdings Inc.,0.152,14,10,6,5,3,0,2,40,-15.0,28.0,Poor,Stay away,17,1.5,8.8,2.0,50.7,2,,Utilities,4012572.0,3143.95
SDHIR,Siddhi Acquisition Corp Right,0.18,3,10,1,8,0,2,2,26,2.0,28.0,Poor,Stay away,19,-0.1,-5.3,-5.1,45.8,0,,nan,nan,0.0
SSACR,SPACSphere Acquisition Corp. Rights,0.17,11,6,4,9,3,2,2,37,-10.0,28.0,Poor,Stay away,0,6.1,7.4,3.4,54.9,1,,nan,nan,0.0
PXMFF,Philex Mining Corporation,0.211,18,5,7,13,6,4,5,58,-30,28,Poor,Stay away,62,31.9,31.9,26.3,86.4,2,,Basic Materials,1350351744.0,0.0
VVIVF,EarthRenew Inc,0.219,18,8,6,10,6,7,5,60,-30,28,Poor,Stay away,70,12.5,41.9,23.7,69.6,3,,Basic Materials,41365348.0,0.0
CTRNF,CHAR Technologies Ltd,0.2,8,3,3,6,6,4,5,35,-10.0,28.0,Poor,Stay away,42,0.0,-16.5,-4.6,43.9,0,,Industrials,30220722.0,3945.31
ROWKF,RenoWorks Software Inc,0.22,14,7,3,6,8,2,5,45,-16.0,28.0,Poor,Stay away,41,-15.4,37.5,5.9,55.0,2,,Technology,8990953.0,4631.91
GRRRW,Gorilla Technology Group Inc.,0.21,7,8,3,11,0,3,5,37,-9.0,28.0,Poor,Stay away,27,0.4,17.7,2.9,50.5,2,,nan,nan,26860.68
TUWLF,Tullow Oil plc,0.28,18,4,7,11,6,7,5,58,-30,28,Poor,Stay away,74,27.3,47.4,29.1,93.0,3,,Energy,424206464.0,4564.8
JNDAF,Jindalee Resources Limited,0.27,9,12,5,13,5,7,5,56,-28.0,28.0,Poor,Stay away,32,7.3,23.8,7.2,55.1,3,,Basic Materials,34061664.0,33659.55
SORNW,Soren Acquisition Corp. Warrant,0.3,16,13,4,6,3,4,5,51,-21,28,Poor,Stay away,0,64.3,47.5,24.1,56.4,3,7,nan,nan,0.0
JNNDF,Japan Display Inc,0.303,4,3,10,7,3,1,2,30,-5.0,28.0,Poor,Stay away,25,0.0,0.0,-0.3,17.3,1,,Technology,1292488320.0,1200.1
NXPGF,National Express Group PLC,0.31,8,7,10,6,3,2,2,38,-15.0,28.0,Poor,🔥 COILED: Stay away,33,0.0,0.0,-0.0,42.8,1,,Industrials,194955872.0,772.5
GXSBY,Geox SpA ADR,0.327,12,6,11,7,3,2,2,43,-18.0,28.0,Poor,Stay away,40,0.0,0.0,0.0,99.8,1,,Consumer Cyclical,119701136.0,20.0
PGEZF,Group Ten Metals Inc,0.347,16,9,7,9,6,6,5,58,-28,28,Poor,Stay away,63,33.5,51.0,34.2,74.7,3,,Basic Materials,90593504.0,692817.06
GMXDF,Grupo Mexicano de Desarrollo S.A.B,0.3,8,6,11,7,3,1,2,38,-13.0,28.0,Poor,Stay away,48,0.0,0.0,0.1,84.7,0,,Utilities,54743700.0,32.01
IDXG,Interpace Biosciences Inc,0.012,3,12,3,8,3,2,2,33,-3.0,28.0,Poor,Stay away,12,-4.8,-10.4,-61.8,13.5,0,,Healthcare,40166312.0,7785.77
PRNCF,Prince Silver Corp.,0.339,14,11,2,13,8,4,5,57,-29,28,Poor,Stay away,28,2.9,25.6,10.5,61.2,3,,Basic Materials,20012658.0,51817.98
AVIJF,AviChina Industry & Technology Co Ltd,0.37,3,3,4,7,3,3,2,25,0.0,28.0,Poor,Stay away,11,0.0,0.0,-2.0,0.0,0,,Industrials,2949956096.0,135.58
DBCAW,D. Boral Acquisition I Corp. Warrants,0.39,4,12,5,14,6,0,2,43,-13.0,28.0,Poor,Stay away,0,0.4,11.4,-0.3,49.2,3,,nan,nan,0.0
CTLHF,CleanTech Lithium Plc,0.42,10,6,11,7,3,4,2,43,-18.0,28.0,Poor,Stay away,48,0.0,0.0,0.0,84.9,1,,Basic Materials,152456512.0,588.2
PIFYF,Pine Cliff Energy Ltd,0.419,13,12,4,9,4,3,4,49,-19.0,28.0,Poor,Stay away,37,7.0,12.8,6.6,59.5,4,,Energy,143518128.0,83230.06
RLFTY,Relief Therapeutics Holding AG,0.422,5,3,10,8,0,2,2,30,-5.0,28.0,Poor,Stay away,18,0.0,0.0,-0.5,28.6,1,,Healthcare,66586868.0,542.77
ESAUF,ESGold Corp.,0.422,13,3,4,9,3,4,5,41,-13.0,28.0,Poor,Stay away,36,-1.4,-5.3,4.4,58.9,1,,Basic Materials,47290524.0,112216.72
KNRX,KNOREX LTD.,0.42,17,7,5,9,2,1,2,43,-20.0,28.0,Poor,🔥 COILED: Stay away,33,27.2,12.0,4.7,51.8,3,,Technology,13227969.0,1446053.03
LSEB,LSEB Creative Corp.,0.44,12,3,10,5,3,3,2,38,-10.0,28.0,Poor,Stay away,44,0.0,0.0,-0.2,38.0,0,,Consumer Cyclical,7398072.0,2675.48
CMIM,China Health Care Corp,0.418,15,2,4,9,6,2,5,43,-18.0,28.0,Poor,Stay away,57,-2.8,7.2,15.4,92.0,1,,Basic Materials,40835.0,86.65
WEXPF,Western Exploration Inc,0.476,12,10,6,13,3,3,5,52,-22.0,28.0,Poor,Stay away,38,-0.9,10.7,6.1,61.5,3,,Basic Materials,30067470.0,83078.39
SHGKF,Sun Hung Kai & Company. Ltd,0.515,9,4,11,6,3,2,2,37,-12.0,28.0,Poor,Stay away,48,0.0,0.0,0.0,64.1,0,,Financial Services,1007519616.0,18.0
GRPFF,Grupo Televisa S.A.B,0.55,4,3,10,7,3,1,2,30,-5.0,28.0,Poor,Stay away,32,0.0,0.0,-0.0,21.0,1,,Communication Services,1449415040.0,161.87
CYPXF,EQ Inc,0.65,7,6,11,7,3,2,2,38,-13.0,28.0,Poor,Stay away,43,0.0,0.0,0.0,95.9,0,,Communication Services,45236072.0,1.2
KDCCF,Kadestone Capital Corp,0.673,7,7,11,6,3,2,2,38,-15.0,28.0,Poor,🔥 COILED: Stay away,42,0.0,0.0,0.0,50.0,1,,Real Estate,31573326.0,105.0
STLFF,Stillfront Group AB (publ),0.7,13,2,6,11,6,3,5,46,-18.0,28.0,Poor,Stay away,59,0.0,0.0,6.2,81.4,1,,Communication Services,360490976.0,1360.0
CAMVF,Cambria Gold Mines Inc.,0.72,15,8,7,11,3,5,5,54,-26.0,28.0,Poor,Stay away,44,10.8,14.3,8.0,58.5,3,,Basic Materials,272342208.0,111577.04
ARLSF,Argo Living Soils Corp,0.713,8,9,1,7,6,4,3,38,-8.0,28.0,Poor,Stay away,53,-18.9,-6.2,-5.6,46.2,1,,Basic Materials,18271416.0,31984.96
TMDE,TMD Energy Limited,0.728,6,14,8,4,3,0,2,37,-10.0,28.0,Poor,Stay away,21,-4.0,-2.2,-3.0,45.7,0,,Energy,16660455.0,3085859.01
CCIIW,Cohen Circle Acquisition Corp. II Warrant,0.706,4,2,3,11,4,2,2,28,0.0,28.0,Poor,Stay away,34,0.0,-11.8,-4.7,38.1,0,,nan,3795000.0,9496.5
GTENW,"Gores Holdings X, Inc. Warrants",0.721,2,6,2,11,4,4,2,31,-3.0,28.0,Poor,Stay away,31,-9.9,-12.1,-8.7,46.3,0,,nan,nan,0.0
SPRQF,SPARQ Corp.,0.76,3,5,3,10,3,2,2,28,-5.0,28.0,Poor,Stay away,35,-6.1,-6.1,-4.8,36.7,2,,Industrials,88870680.0,1126.13
TGHL,The GrowHub Limited Class A Ordinary Shares,0.773,7,4,2,8,3,2,4,30,-5.0,28.0,Poor,Stay away,37,-4.3,-31.0,-7.7,47.8,1,,Technology,20576338.0,2590751.67
CMETF,Power Nickel Inc,0.899,11,5,5,15,1,2,5,44,-16.0,28.0,Poor,Stay away,53,0.6,1.9,3.8,58.2,1,,Basic Materials,31656294.0,271962.48
IDCBF,Industrial and Commercial Bank of China,0.92,12,4,2,11,6,1,2,38,-10.0,28.0,Poor,Stay away,46,-3.2,-2.1,-0.4,50.6,0,,Financial Services,429040140288.0,0.0
GEGYF,Genel Energy plc,0.91,16,5,7,9,6,8,5,56,-28.0,28.0,Poor,Stay away,51,6.9,6.9,8.0,88.2,2,,Energy,250769216.0,880.5
STGAF,Afentra PLC,0.9,6,4,2,9,3,4,4,32,-3.0,28.0,Poor,Stay away,40,-7.2,-7.2,-3.7,43.3,1,,Energy,247621408.0,1935.75
SHANF,Shandong Molong Petroleum Machinery Company Limited,0.94,7,3,10,4,3,6,2,35,-10.0,28.0,Poor,Stay away,39,0.0,0.0,-0.0,16.2,0,,Energy,224195392.0,5.5
GGRP,"The Glimpse Group, Inc.",0.932,12,3,3,13,5,4,3,43,-15.0,28.0,Poor,Stay away,54,0.2,3.6,1.2,52.5,1,,Technology,20201594.0,231815.74
TFSVF,24SevenOffice Group AB (publ),0.988,8,4,10,5,3,6,2,38,-15.0,28.0,Poor,🔥 COILED: Stay away,46,0.0,0.0,-0.0,52.2,1,,Technology,84086936.0,157.5
CGDCF,CGDCF,1.0,18,8,2,9,9,7,5,58,-30,28,Poor,Stay away,66,38.9,55.0,42.6,86.1,2,,nan,24986254.0,1911.89
LDIXX,Goldman Sachs Trust - Goldman Sachs Financial Square Government Fund,1.0,5,5,10,4,3,2,2,31,-8.0,28.0,Poor,🔥 COILED: Stay away,30,0.0,0.0,-0.0,44.1,0,,nan,nan,0.0
TSSXX,Short-Term Investment Trust - Invesco Treasury Obligations Portfolio,1.0,5,5,10,5,3,1,2,31,-8.0,28.0,Poor,🔥 COILED: Stay away,32,0.0,0.0,-0.2,44.0,0,,nan,nan,0.0
GTOFF,Gemalto N.V,0.002,1,4,2,8,3,2,2,22,0.0,27.0,Poor,🔥 COILED: Stay away,27,0.0,-76.7,-38.3,43.0,0,,Technology,1812357120.0,22006.98
PTPLF,PT Puradelta Lestari Tbk,0.007,8,3,10,6,3,2,2,34,-10.0,27.0,Poor,Stay away,30,0.0,0.0,-0.0,0.3,0,,Real Estate,332566976.0,5.5
FESTF,Hybrid Kinetic Group Limited,0.005,5,4,10,6,3,2,2,32,-10.0,27.0,Poor,🔥 COILED: Stay away,30,0.0,0.0,0.0,50.0,0,,Consumer Cyclical,101764360.0,450.0
OTTEF,Otto Energy Limited,0.006,3,3,7,13,1,2,5,34,-10.0,27.0,Poor,Stay away,51,-40.0,-34.8,-13.5,49.7,1,,Energy,28770058.0,0.0
CHNTF,China HK Power Smart Energy Group Limited,0.003,5,4,10,6,3,2,2,32,-10.0,27.0,Poor,🔥 COILED: Stay away,29,0.0,0.0,-0.0,42.4,0,,Energy,23657912.0,46.69
ARTTF,Artemis Resources Ltd,0.004,18,4,8,9,6,1,5,51,-24,27,Poor,Stay away,42,58.3,58.3,27.3,88.0,2,6,Basic Materials,22047846.0,35013.61
TNYYF,Tinybeans Group Limited,0.006,5,3,10,7,0,2,2,29,-5.0,27.0,Poor,Stay away,24,0.0,0.0,-0.0,0.0,1,,Communication Services,16317280.0,9.5
WSZWF,Wesizwe Platinum Limited,0.01,8,3,10,6,3,2,2,34,-10.0,27.0,Poor,Stay away,32,0.0,0.0,-0.0,0.0,0,,Basic Materials,16278270.0,450.0
TNPH,Tian'an Pharmaceutical Co Ltd,0.009,6,6,10,6,3,1,2,34,-10.0,27.0,Poor,Stay away,21,0.0,0.0,-0.3,35.8,0,,Healthcare,7199999.0,3728.55
TGSHF,Mercanto Holdings Inc.,0.003,8,3,10,6,3,2,2,34,-10.0,27.0,Poor,Stay away,31,0.0,0.0,-0.0,2.3,0,,Healthcare,6009208.0,1078.0
PSCO,ProtoSource Corporation,0.009,3,7,9,9,3,2,3,36,-5.0,27.0,Poor,Stay away,30,2.2,2.2,-0.0,42.5,1,,Financial Services,4690718.0,3009.71
COHLF,Contango Holdings plc,0.005,5,4,10,6,3,2,2,32,-10.0,27.0,Poor,🔥 COILED: Stay away,30,0.0,0.0,0.0,50.0,0,,Energy,3789896.0,2527.11
FNNZF,Fincanna Capital Corp,0.003,6,4,11,6,3,2,2,34,-10.0,27.0,Poor,Stay away,48,0.0,0.0,0.0,58.1,0,,Financial Services,2888416.0,2990.1
AVVH,AVVAA World Health Care Products Inc,0.002,5,5,3,9,6,2,2,32,-5.0,27.0,Poor,Stay away,21,-15.8,0.0,-13.2,45.1,1,,Financial Services,1546948.0,247508.67
LCHD,Leader Capital Holdings Corp,0.005,12,4,7,6,6,0,2,37,-15.0,27.0,Poor,🔥 COILED: Stay away,30,0.0,0.0,0.2,55.1,1,,Technology,1193717.0,124209.52
CNNN,ConneXionONE Corp.,0.01,10,6,11,7,4,2,2,42,-18.0,27.0,Poor,Stay away,47,0.0,0.0,0.1,98.9,1,,Communication Services,765716.0,227.64
KUKEY,Kuke Music Holding Limited,0.007,3,3,10,7,0,4,2,29,-5.0,27.0,Poor,Stay away,17,0.0,0.0,-5.2,29.6,1,,Communication Services,680353.0,8022.34
ODDAF,Odd Burger Corporation,0.006,3,3,10,7,3,1,2,29,-5.0,27.0,Poor,Stay away,19,0.0,0.0,-2.0,15.1,1,,Consumer Cyclical,646880.0,5861.92
TOYRF,"Toys""R""Us ANZ Limited",0.004,8,5,10,5,3,2,2,35,-13.0,27.0,Poor,🔥 COILED: Stay away,29,0.0,0.0,-0.0,41.7,1,,Consumer Cyclical,605048.0,6011.6
AMIH,American International Holdings Corp,0.003,11,9,5,13,6,4,2,50,-23.0,27.0,Poor,Stay away,51,262.5,0.0,10.2,51.9,0,7,Consumer Cyclical,565500.0,0.0
IVFZF,Invictus Financial Inc,0.01,11,6,11,6,3,1,2,40,-18.0,27.0,Poor,🔥 COILED: Stay away,35,0.0,0.0,5.2,74.3,1,,Financial Services,389925.0,24.65
UAPC,United Amern Pete Cp,0.001,1,3,2,9,4,6,2,27,0.0,27.0,Poor,Stay away,26,0.0,-16.7,-4.7,47.5,0,,Communication Services,369461.0,197818.66
SGOO,Snoogoo Corp,0.002,12,6,11,9,0,2,2,42,-18.0,27.0,Poor,Stay away,51,0.0,0.0,0.0,93.5,1,,Financial Services,302797.0,2609.99
CFAGF,Clear Gold Resources Inc.,0.01,7,6,11,6,3,2,2,37,-15.0,27.0,Poor,🔥 COILED: Stay away,40,0.0,0.0,0.0,50.0,1,,Financial Services,288768.0,27.5
VENCF,Vencanna Ventures Inc.,0.001,19,5,4,9,4,4,2,47,-20.0,27.0,Poor,Stay away,0,11.1,11.1,6.8,75.4,3,,Healthcare,222644.0,0.0
BICTF,Biocure Technology Inc,0.01,7,6,11,6,3,2,2,37,-15.0,27.0,Poor,🔥 COILED: Stay away,35,0.0,0.0,0.0,50.0,1,,Energy,202070.0,40.0
VADP,Vado Corp,0.001,8,3,10,6,3,2,2,34,-10.0,27.0,Poor,Stay away,36,0.0,0.0,-0.0,0.2,0,,Communication Services,200741.0,2591.42
WSRUF,Waseco Resources Inc,0.004,8,3,10,6,3,2,2,34,-10.0,27.0,Poor,Stay away,30,0.0,0.0,-0.0,0.0,0,,Basic Materials,170893.0,945.0
MCKRF,Jade Leader Corp,0.002,5,4,10,6,3,2,2,32,-10.0,27.0,Poor,🔥 COILED: Stay away,27,0.0,0.0,-0.0,50.0,0,,Basic Materials,164356.0,0.0
RGBPP,Regen BioPharma Inc,0.003,4,3,7,8,4,4,2,32,-5.0,27.0,Poor,Stay away,30,-6.5,-31.0,-19.1,45.6,1,,Healthcare,123184.0,202310.62
CHMN,Chester Mining Company,0.006,9,6,11,7,0,2,2,37,-13.0,27.0,Poor,Stay away,43,0.0,0.0,0.0,100.0,0,,Basic Materials,nan,70.11
CINGW,Cingulate Inc. Warrants,0.008,6,5,6,10,0,2,2,31,-5.0,27.0,Poor,Stay away,25,-33.9,-14.3,-31.5,44.5,2,,nan,nan,31967.23
MKDWW,MKDWELL Tech Inc. Warrants,0.01,5,4,1,11,3,0,2,26,0.0,27.0,Poor,Stay away,21,-9.2,-7.5,-4.6,46.8,0,,nan,nan,0.0
FMELF,Future Metals NL,0.012,1,3,5,8,3,5,2,27,0.0,27.0,Poor,Stay away,38,0.0,0.0,-2.5,25.1,0,,Basic Materials,11404970.0,10913.33
MKRO,Monkey Rock Group Inc,0.02,9,6,11,9,3,2,2,42,-18.0,27.0,Poor,Stay away,50,0.0,0.0,0.0,100.0,1,,Financial Services,6980124.0,534.44
JNOMF,Juno Minerals Ltd,0.02,8,3,10,6,3,2,2,34,-10.0,27.0,Poor,Stay away,34,0.0,0.0,-0.0,16.5,0,,Basic Materials,4184741.0,501.27
VSST,Voice Assist Inc,0.013,6,3,9,7,3,2,2,32,-5.0,27.0,Poor,Stay away,21,0.0,-3.7,-4.1,40.3,1,,Technology,3884693.0,150472.03
PVRS,Providence Resources Inc,0.014,14,5,13,5,6,7,5,55,-28,27,Poor,Stay away,56,16.0,45.0,36.0,58.1,4,,Basic Materials,3608275.0,0.0
URANF,International Prospect Ventures Ltd,0.02,6,3,10,5,3,5,2,34,-10.0,27.0,Poor,Stay away,35,0.0,0.0,-2.9,16.5,0,,Basic Materials,1451236.0,522.0
IFRTF,International Frontier Resources Corporation,0.02,9,6,11,7,3,4,2,42,-18.0,27.0,Poor,Stay away,49,0.0,0.0,0.0,84.5,1,,Energy,1106531.0,88.49
CLGMF,Cleghorn Minerals Ltd,0.02,8,3,10,6,3,2,2,34,-10.0,27.0,Poor,Stay away,31,0.0,0.0,-0.0,0.0,0,,Basic Materials,774077.0,15.58
VIVC,Vivic Corp,0.012,2,5,4,10,2,2,2,27,0.0,27.0,Poor,Stay away,12,-20.0,0.0,-25.7,25.4,0,,Consumer Cyclical,319895.0,9723.47
VINC,"Vincerx Pharma, Inc. Common Stock",0.013,4,6,3,8,4,5,2,32,-5.0,27.0,Poor,Stay away,32,0.0,0.0,-0.5,48.0,1,,Healthcare,68045.0,23765.42
COOTW,Australian Oilseeds Holdings Limited Warrant,0.018,3,11,1,8,3,2,2,30,-1.0,27.0,Poor,Stay away,28,5.4,-8.4,-2.4,47.5,0,,nan,nan,53961.09
ARAT,Arax Holdings Corp,0.021,8,4,4,8,3,3,2,32,-5.0,27.0,Poor,Stay away,44,0.0,0.0,-3.6,13.0,1,,Technology,3628544.0,288.0
CPCPF,CopperCorp Resources Inc.,0.03,13,5,6,9,0,2,5,40,-13.0,27.0,Poor,Stay away,35,3.1,6.8,4.3,57.7,1,,Basic Materials,3556818.0,82534.26
NMNZF,Nortec Minerals Corp,0.03,3,6,3,9,0,3,5,29,2.0,27.0,Poor,Stay away,18,-40.0,-40.0,-21.9,43.3,0,,Basic Materials,3537399.0,1035.5
ENTEF,ESE Entertainment Inc,0.025,7,14,6,3,3,2,5,40,-13.0,27.0,Poor,Stay away,35,24.0,3.3,16.7,56.8,2,,Communication Services,2253354.0,32762.03
PHJMF,PT Hanjaya Mandala Sampoerna Tbk,0.04,0,4,5,13,5,0,2,29,2.0,27.0,Poor,Stay away,25,-20.0,0.0,-5.5,46.7,0,,Consumer Defensive,4652723200.0,0.0
RREIF,Regal Real Estate Investment Trust,0.04,8,3,10,6,3,2,2,34,-10.0,27.0,Poor,Stay away,31,0.0,0.0,-0.0,0.0,1,,Real Estate,129320024.0,25.5
PTRRF,Pointerra Limited,0.032,5,4,10,6,3,2,2,32,-10.0,27.0,Poor,🔥 COILED: Stay away,30,0.0,0.0,0.0,50.0,0,,Technology,27148480.0,681.39
CHBOF,China Bozza Development Holdings Limited,0.033,7,3,10,5,3,4,2,34,-10.0,27.0,Poor,Stay away,31,0.0,0.0,-0.0,1.2,0,,Basic Materials,5334376.0,49658.0
ACONW,Aclarion Inc,0.032,11,18,2,6,3,7,5,52,-26.0,27.0,Poor,Stay away,32,27.8,28.9,14.7,54.7,3,,nan,nan,20904.13
RFLFF,Raffles Education Corporation Limited,0.05,10,6,11,6,0,2,2,37,-15.0,27.0,Poor,🔥 COILED: Stay away,46,0.0,0.0,0.0,50.0,1,,Consumer Defensive,81878496.0,0.0
SFIIF,Skyfii Limited,0.05,3,3,9,7,0,5,2,29,-5.0,27.0,Poor,Stay away,12,0.0,0.0,-6.5,0.0,1,,Technology,5273727.0,498.52
NGXLF,NGX Limited,0.05,5,3,10,10,0,2,2,32,-5.0,27.0,Poor,Stay away,29,0.0,0.0,-0.0,0.0,1,,Basic Materials,4530592.0,241.68
PBMFF,Pacific Bay Minerals Ltd,0.041,5,3,2,9,6,0,2,27,0.0,27.0,Poor,Stay away,32,-8.2,-1.7,-2.0,41.7,0,,Basic Materials,1461123.0,440.36
ATALF,American Tungsten and Antimony Ltd,0.056,14,5,5,9,5,7,5,50,-23.0,27.0,Poor,Stay away,40,11.1,0.7,14.9,61.6,1,,Basic Materials,102125232.0,0.0
YHEGF,YHEGF,0.06,5,4,10,6,3,2,2,32,-10.0,27.0,Poor,🔥 COILED: Stay away,29,0.0,0.0,0.0,50.0,0,,nan,49238760.0,59.36
MHTZF,Manhattan Corporation Limited,0.056,15,5,7,10,6,2,5,50,-23.0,27.0,Poor,Stay away,57,0.0,0.0,20.7,89.3,1,,Basic Materials,38320008.0,223.34
GPMTF,GPM Metals Inc,0.062,9,6,11,6,3,2,2,39,-15.0,27.0,Poor,Stay away,43,0.0,0.0,0.0,39.7,1,,Basic Materials,9972603.0,0.0
SDAD,SH Resources & Development Corp,0.068,1,1,1,12,1,4,2,22,0.0,27.0,Poor,Stay away,28,-13.1,-13.1,-12.0,0.0,0,,Financial Services,5532480.0,291.04
RVXCF,Resverlogix Corp.,0.072,6,5,3,12,3,0,3,32,-5.0,27.0,Poor,Stay away,37,-10.4,2.4,-5.1,44.8,1,,Healthcare,24100070.0,14663.14
ESXMF,Essex Minerals Inc,0.081,9,6,11,7,3,4,2,42,-18.0,27.0,Poor,Stay away,45,0.0,0.0,0.0,99.9,1,,Basic Materials,993444.0,247.76
RITR,Reitar Logtech Holdings Limited Ordinary shares,0.097,7,12,2,5,3,6,5,40,-13.0,27.0,Poor,Stay away,19,7.8,-24.2,-23.4,42.9,1,,Industrials,5420118.0,19353033.79
MNULF,Manulife US Real Estate Investment Trust,0.127,7,6,11,6,3,2,2,37,-15.0,27.0,Poor,🔥 COILED: Stay away,43,0.0,0.0,0.0,50.0,1,,Real Estate,226334416.0,1.35
HUYTF,Huayi Tencent Entertainment Company Limited,0.122,9,6,11,9,3,2,2,42,-18.0,27.0,Poor,Stay away,46,0.0,0.0,0.0,99.9,1,,Healthcare,214372848.0,500.0
PGZFF,Pan Global Resources Inc.,0.127,6,4,2,13,0,4,3,32,-5.0,27.0,Poor,Stay away,38,-11.0,-0.2,-3.9,46.9,1,,Basic Materials,54843008.0,55717.78
MSCH,MainStreetChamber Holdings Inc.,0.146,4,3,3,7,4,4,2,27,0.0,27.0,Poor,Stay away,27,0.0,-18.2,-8.5,8.8,0,,Energy,47860604.0,351.08
AGCCF,Gensource Potash Corporation,0.1,18,7,8,11,4,2,5,55,-24,27,Poor,Stay away,48,150.0,150.0,97.4,91.5,3,6,Basic Materials,37469436.0,8916.0
GSRCF,GSP Resource Corp,0.1,8,6,4,14,3,4,5,44,-20.0,27.0,Poor,Stay away,46,0.0,24.4,4.7,52.7,3,,Basic Materials,4836769.0,14298.39
ADMG,Adamant DRI Processing and Minerals Group,0.148,5,3,2,11,7,2,2,32,-5.0,27.0,Poor,Stay away,48,0.0,-35.4,-12.2,39.5,2,,Financial Services,2532280.0,1212.32
RDYFF,Ready Set Gold Corp,0.109,7,6,11,6,3,2,2,37,-15.0,27.0,Poor,🔥 COILED: Stay away,52,0.0,0.0,0.0,50.0,1,,Basic Materials,2337558.0,225.0
RFLXF,REDFLEX HOLDINGS LTD,0.13,14,12,3,10,4,4,5,52,-25,27,Poor,Stay away,40,70.4,70.4,32.2,59.0,3,3,Basic Materials,1310707.0,2485.51
KNXFF,Vault Strategic Mining Corp.,0.1,4,12,1,9,4,2,2,34,-8.0,27.0,Poor,Stay away,16,-2.4,-13.0,-18.7,39.9,1,,Basic Materials,1199270.0,6028.02
TLKMF,Telkom Indonesia (Persero) Tbk PT,0.15,4,9,8,4,3,0,2,30,-8.0,27.0,Poor,🔥 COILED: Stay away,23,0.0,-6.2,-0.7,47.2,0,,Communication Services,14787141632.0,0.0
PKKFF,Tenet Fintech Group Inc,0.18,17,4,7,14,7,3,5,57,-30,27,Poor,Stay away,62,12.3,33.0,20.4,63.4,3,,Technology,72264760.0,72341.21
ELMTF,Element 25 Limited,0.19,14,6,9,11,3,4,5,52,-25.0,27.0,Poor,Stay away,24,9.9,11.1,7.3,68.5,3,,Basic Materials,61931100.0,11074.7
GCLMF,GCM Resources Plc,0.16,20,4,6,9,6,4,5,54,-27,27,Poor,Stay away,65,300.0,300.0,83.4,100.0,3,3,Energy,60157816.0,25.0
ARRXF,Archer Materials Limited,0.169,3,10,9,8,3,0,2,35,-8.0,27.0,Poor,Stay away,15,-3.6,-2.7,-2.9,46.3,1,,Technology,48002272.0,36581.13
STSBF,South Star Battery Metals Corp,0.156,10,3,4,11,5,4,5,42,-15.0,27.0,Poor,Stay away,57,-7.9,-2.9,1.7,56.4,1,,Basic Materials,22213108.0,34258.41
AZMCF,Arizona Metals Corp,0.153,16,5,6,14,6,5,5,57,-30,27,Poor,Stay away,25,10.7,29.4,17.8,75.0,3,,Basic Materials,20663524.0,322251.96
CLMPF,Canadian Premium Sand Inc,0.2,8,4,10,6,3,2,2,35,-13.0,27.0,Poor,🔥 COILED: Stay away,34,0.0,0.0,-0.0,48.1,1,,Basic Materials,18488380.0,5.0
PEXZF,Pacific Ridge Exploration Ltd,0.165,14,7,5,14,5,7,5,57,-30.0,27.0,Poor,Stay away,55,10.0,17.9,7.5,59.8,3,,Basic Materials,15778074.0,103753.0
WBNEF,WestBond Enterprises Corporation,0.152,5,4,10,6,3,2,2,32,-10.0,27.0,Poor,🔥 COILED: Stay away,34,0.0,0.0,0.0,50.0,0,,Basic Materials,5415121.0,5.04
KRSOF,Karsan Otomotiv Sanayii ve Ticaret A.S,0.217,8,3,10,6,3,2,2,34,-10.0,27.0,Poor,Stay away,31,0.0,0.0,-0.0,0.0,0,,Industrials,195300000.0,90.0
OROXF,Orosur Mining Inc,0.21,6,3,4,9,1,6,5,34,-7.0,27.0,Poor,Stay away,28,-8.7,1.9,-1.8,49.3,1,,Basic Materials,92231168.0,44901.86
IZM,ICZOOM Group Inc. Class A Ordinary Shares,0.249,6,12,6,3,4,2,2,35,-6.0,27.0,Poor,Stay away,24,5.5,-0.4,-1.3,46.0,1,,Technology,2928813.0,1163890.42
KTWOR,K2 Capital Acquisition Corporation Rights,0.24,14,15,2,11,6,1,5,54,-25.0,27.0,Poor,Stay away,0,-7.7,21.2,8.3,55.7,3,,nan,nan,0.0
SKMPF,SKMPF,0.218,17,5,6,2,1,1,5,37,-10.0,27.0,Poor,Stay away,0,-3.1,-1.0,2.7,59.1,0,,nan,nan,0.0
MMRGF,Minaurum Gold Inc,0.289,13,7,6,15,7,5,5,58,-29.0,27.0,Poor,Stay away,66,2.8,15.1,8.8,64.5,3,,Basic Materials,149230448.0,533226.29
SGQRF,SouthGobi Resources Ltd,0.28,8,3,10,6,3,2,2,34,-10.0,27.0,Poor,Stay away,33,0.0,0.0,-0.0,0.0,0,,Energy,103642640.0,596.66
GLMFF,Glacier Media Inc,0.258,7,1,3,7,3,4,2,27,0.0,27.0,Poor,Stay away,49,0.0,-1.0,-0.4,9.5,0,,Communication Services,33766388.0,687.51
VIPRF,Silver Viper Minerals Corp,0.295,12,12,13,9,3,3,5,57,-28,27,Poor,Stay away,28,8.8,12.6,10.1,57.8,4,,Basic Materials,31262434.0,54637.28
JOB,GEE Group Inc,0.254,15,7,5,13,5,2,5,52,-25.0,27.0,Poor,Stay away,58,1.6,10.4,7.3,66.4,3,,Industrials,28049986.0,671711.63
CHBGF,China Boton Group Company Limited,0.3,5,4,10,6,3,2,2,32,-10.0,27.0,Poor,🔥 COILED: Stay away,34,0.0,0.0,0.0,50.0,0,,Basic Materials,317694656.0,1370.39
DNRGF,D3 Energy Limited,0.3,11,5,7,10,6,3,5,47,-20.0,27.0,Poor,Stay away,58,20.0,20.0,10.3,58.7,3,,Energy,45556864.0,18319.45
APCX,Apptech Corp,0.34,7,4,4,9,3,0,5,32,-5.0,27.0,Poor,Stay away,29,-6.8,-10.5,-3.1,48.6,1,,Technology,15121418.0,68767.2
PNGAF,Pangea Natural Foods Inc.,0.33,7,15,9,1,3,2,2,39,-13.0,27.0,Poor,Stay away,47,2.8,3.0,1.5,51.2,2,,Consumer Defensive,14641675.0,25644.16
CEXYF,Copper One Resources Corp.,0.328,9,8,3,15,2,2,2,41,-14.0,27.0,Poor,Stay away,45,1.2,7.7,-0.7,48.7,1,,Basic Materials,10039598.0,122849.74
ZNOG,Zion Oil & Gas Inc,0.386,4,5,7,7,2,0,2,27,-3.0,27.0,Poor,Stay away,31,-5.7,-3.4,-3.7,43.3,1,,Energy,464834400.0,3448088.51
CYPMF,Cyprium Metals Limited,0.392,18,4,6,13,6,5,5,57,-30.0,27.0,Poor,Stay away,69,11.9,32.8,16.0,97.6,3,,Basic Materials,226433840.0,1475.86
AUTR,Autris,0.395,15,4,3,17,5,2,5,51,-22,27,Poor,Stay away,35,97.4,97.4,38.0,70.3,3,8,Real Estate,137562992.0,2794.3
VLMGF,Viscount Mining Corp,0.36,14,9,6,10,6,4,5,54,-25.0,27.0,Poor,Stay away,30,-2.0,39.0,17.8,64.5,3,,Basic Materials,42078848.0,18579.81
TELIF,Telescope Innovations Corp.,0.368,15,8,3,14,2,2,5,49,-20.0,27.0,Poor,Stay away,33,9.9,19.6,5.6,53.7,3,,Healthcare,29784832.0,159317.6
CAHO,Caro Holdings Inc,0.39,8,6,11,7,6,2,2,42,-18.0,27.0,Poor,Stay away,39,0.0,0.0,0.0,86.5,1,,Industrials,23654446.0,341.25
ATMYF,Antimony Resources Corp.,0.378,6,5,3,9,2,2,5,32,-5.0,27.0,Poor,Stay away,20,-17.5,-6.9,-5.2,47.7,1,,Basic Materials,nan,35544.27
NNFTF,Nanofilm Technologies International Limited,0.426,8,3,10,6,3,2,2,34,-10.0,27.0,Poor,Stay away,31,0.0,0.0,-0.0,0.0,0,,Technology,277619360.0,7.5
PRNAF,Alterity Therapeutics Limited,0.4,14,9,7,14,6,4,5,59,-28.0,27.0,Poor,Stay away,51,14.3,14.3,14.1,73.4,4,,Healthcare,87003328.0,0.0
DMXCF,District Metals Corp.,0.436,3,4,8,7,2,6,4,34,-8.0,27.0,Poor,Stay away,26,-1.4,-5.6,-2.9,44.2,1,,Basic Materials,85272440.0,89635.27
ALPS,Alps Group Inc,0.41,11,12,4,11,4,2,2,46,-19,27,Poor,Stay away,24,51.8,25.0,10.5,53.1,3,9,nan,69854856.0,101626.22
SHEZF,Shenzhen Hepalink Pharmaceutical Group Co. Ltd,0.47,5,4,10,6,3,2,2,32,-10.0,27.0,Poor,🔥 COILED: Stay away,30,0.0,0.0,0.0,50.0,1,,Healthcare,689042304.0,0.13
STTFF,SmarTone Telecommunications Holdings Limited,0.5,8,3,10,6,3,2,2,34,-10.0,27.0,Poor,Stay away,37,0.0,0.0,-0.0,0.0,0,,Communication Services,550035392.0,3.0
SSVFF,Southern Silver Exploration Corp.,0.469,11,10,5,10,7,1,5,49,-20.0,27.0,Poor,Stay away,54,-3.5,6.6,6.1,60.9,1,,Basic Materials,189224112.0,580095.96
NDTP,NDT Pharmaceuticals Inc,0.489,6,6,7,7,1,0,2,29,-5.0,27.0,Poor,Stay away,39,-4.8,-11.1,-2.8,48.8,1,,Healthcare,101230904.0,6485.29
FANCF,First Atlantic Nickel Corp.,0.455,12,8,6,2,2,5,5,40,-13.0,27.0,Poor,Stay away,43,13.7,8.3,5.4,53.3,2,,Basic Materials,69847832.0,379629.83
TYPMF,Tyro Payments Limited,0.526,4,4,10,6,3,3,2,32,-10.0,27.0,Poor,🔥 COILED: Stay away,17,0.0,0.0,-0.1,46.2,0,,Technology,279964448.0,539.0
AZASF,Arizona Silver Exploration Inc,0.545,12,3,4,16,3,0,5,43,-16.0,27.0,Poor,Stay away,48,-11.4,6.9,1.8,55.0,1,,Basic Materials,82343904.0,78710.55
AQUEF,Aquarius Engines (A.M) Ltd,0.53,16,4,5,12,8,4,5,54,-27,27,Poor,Stay away,50,76.7,76.7,40.7,87.6,3,3,Industrials,20205766.0,22.24
SEXHF,Sichuan Expressway Company Limited,0.58,4,4,8,6,3,5,2,32,-10.0,27.0,Poor,🔥 COILED: Stay away,0,0.0,0.0,-0.2,40.6,0,,Industrials,2047985792.0,0.0
HLGVF,Hillgrove Resources Limited,0.574,17,4,8,11,6,4,5,55,-28.0,27.0,Poor,Stay away,67,0.0,1400.0,104.6,97.9,2,,Basic Materials,135554336.0,910.88
USPCY,China Strategic Technology Group Limited,0.578,4,3,8,8,3,1,2,29,-5.0,27.0,Poor,Stay away,12,0.0,0.0,-0.7,0.0,1,,Technology,47295912.0,26.0
NNOMF,Nano One Materials Corp,0.57,8,6,6,11,1,0,5,37,-13.0,27.0,Poor,Stay away,29,0.0,0.5,1.8,54.3,1,,Basic Materials,69233648.0,83692.24
SRCAF,Stria Lithium Inc,0.56,7,4,11,6,3,6,2,39,-15.0,27.0,Poor,Stay away,53,0.0,0.0,0.0,56.9,1,,Basic Materials,23292710.0,1786.83
HYLQF,HYLQ Strategy Corp.,0.562,14,5,6,5,4,0,5,39,-12.0,27.0,Poor,Stay away,39,-5.5,9.4,3.1,63.7,1,,Technology,10416064.0,612.73
INEO,INNEOVA Holdings Limited,0.558,1,5,8,12,4,0,2,32,-5.0,27.0,Poor,Stay away,38,-3.8,-11.4,-6.5,41.2,1,,Consumer Cyclical,9073337.0,196269.1
AUMBF,1911 Gold Corp,0.643,16,9,6,9,5,2,5,52,-23.0,27.0,Poor,Stay away,49,4.5,22.9,16.6,74.2,3,,Basic Materials,223311216.0,700782.23
MROPF,MicroPort CardioFlow Medtech Corporation,0.646,9,6,11,9,3,2,2,42,-18.0,27.0,Poor,Stay away,48,0.0,0.0,0.0,100.0,1,,Healthcare,164602576.0,32.0
NKGFF,Nevada King Gold Corp,0.635,11,7,7,15,0,2,5,47,-20.0,27.0,Poor,Stay away,63,5.8,6.7,3.8,56.9,1,,Basic Materials,65519524.0,47874.71
RDHL,Redhill Biopharma Ltd,0.63,3,13,6,6,3,2,2,35,-8.0,27.0,Poor,Stay away,17,0.8,5.9,0.4,47.4,0,,Healthcare,3741590.0,234299.39
PINXF,The People's Insurance Company (Group) of China Limited,0.68,12,2,6,3,6,2,5,36,-12.0,27.0,Poor,Stay away,43,0.0,-1.4,0.6,62.2,0,,Financial Services,30072313856.0,33513.73
NHLPF,NAHL Group plc,0.653,5,4,10,6,3,2,2,32,-10.0,27.0,Poor,🔥 COILED: Stay away,34,0.0,0.0,0.0,50.0,0,,Communication Services,31660946.0,1.8
KWIK,KwikClick Inc,0.695,5,8,9,12,0,3,2,39,-8.0,27.0,Poor,Stay away,14,-0.7,-0.7,-5.6,25.8,2,,Technology,2725086.0,520.42
ALPKF,ALPEK S.A.B. de C.V,0.72,4,3,3,7,3,5,2,27,0.0,27.0,Poor,Stay away,35,0.0,0.0,-1.6,36.2,0,,Basic Materials,1511217536.0,2432.29
GRPOF,Grupo Traxión S.A.B. de C.V,0.758,7,6,11,9,0,2,2,37,-13.0,27.0,Poor,Stay away,40,0.0,0.0,0.0,86.8,0,,Industrials,421488736.0,1026.98
LUCMF,Luca Mining Corp.,0.779,14,10,6,9,3,7,5,54,-25.0,27.0,Poor,Stay away,32,2.4,12.0,7.5,60.7,3,,Basic Materials,211921984.0,396863.96
YUMSF,Demaecan Co Ltd,0.76,5,3,8,9,0,2,2,29,-5.0,27.0,Poor,Stay away,26,0.0,0.0,-0.0,0.0,1,,Consumer Cyclical,152581024.0,0.5
GPHOF,Graphite One Inc,0.75,16,6,5,11,3,5,5,51,-22.0,27.0,Poor,Stay away,29,1.1,15.4,7.4,61.8,3,,Basic Materials,157561680.0,292924.0
PVFPF,Partners Value Investments Inc.,0.768,10,6,5,8,4,2,2,37,-13.0,27.0,Poor,Stay away,47,0.0,0.0,0.0,100.0,0,,Financial Services,nan,18.0
QSI,QuantumSi Inc,0.803,10,9,8,6,2,5,5,45,-16.0,27.0,Poor,Stay away,27,3.0,1.7,1.4,50.5,2,,Healthcare,173049616.0,4716363.25
MMTLF,Madison Metals Inc.,0.83,13,13,10,5,3,7,5,56,-29,27,Poor,Stay away,51,17.4,17.4,10.0,66.4,3,,Energy,56560096.0,5448.94
INTZ,Intrusion Inc,0.81,11,13,6,7,4,2,3,46,-24.0,27.0,Poor,Stay away,39,27.6,20.9,15.0,60.0,4,,Technology,16958810.0,729846.77
MTTRY,Ceconomy AG ADR,0.86,11,10,3,8,3,3,2,40,-13.0,27.0,Poor,Stay away,41,30.3,4.9,5.8,53.5,1,,Consumer Cyclical,2142511232.0,10417.48
WEBJF,Webjet Limited,0.93,5,4,10,6,3,2,2,32,-10.0,27.0,Poor,🔥 COILED: Stay away,29,0.0,0.0,0.0,50.0,0,,Consumer Cyclical,336648032.0,23.0
IMXCF,IMAX China Holding Inc,1.0,4,1,1,8,6,5,2,27,0.0,27.0,Poor,Stay away,41,-5.1,-5.1,-3.6,20.0,0,,Communication Services,339401152.0,415.72
LBCMF,Libero Copper & Gold Corporation,0.955,16,4,7,15,7,3,5,57,-30,27,Poor,Stay away,69,7.3,17.9,17.7,77.2,3,,Basic Materials,240604672.0,524657.47
HOWL,Werewolf Therapeutics Inc,0.971,17,4,7,9,5,2,5,49,-22,27,Poor,Stay away,59,125.2,151.5,59.6,85.9,3,8,Healthcare,48054752.0,2546365.51
SAGGF,Sterling Metals Corp,0.96,14,7,5,14,7,5,5,57,-30,27,Poor,Stay away,39,10.3,19.0,10.0,61.6,3,,Basic Materials,45778008.0,8646.0
AACG,ATA Creativity Global,0.951,9,4,2,9,1,2,3,30,-3.0,27.0,Poor,Stay away,21,-5.9,-14.4,-0.8,49.1,1,,Consumer Defensive,41916324.0,82774.83
ARCUF,Arcus Development Group Inc,1.0,18,5,4,10,6,6,5,54,-27,27,Poor,Stay away,55,366.0,366.0,190.4,50.0,3,3,Basic Materials,21221140.0,0.0
YQAI,YouneeqAI Technical Services Inc.,1.0,9,6,11,9,3,2,2,42,-18.0,27.0,Poor,Stay away,37,0.0,0.0,0.1,84.8,1,,Technology,14215328.0,48.2
ALDA,Atlantica Inc,1.0,15,5,5,12,6,2,5,50,-23.0,27.0,Poor,Stay away,64,0.0,0.0,26.9,100.0,1,,Financial Services,2458590.0,15.99
FPZXX,First American Funds Inc. - First American Institutional Prime Obligations Fund,1.0,5,4,10,6,3,2,2,32,-10.0,27.0,Poor,🔥 COILED: Stay away,37,0.0,0.0,-0.0,47.0,0,,nan,nan,0.0
TRSXX,Short-Term Investment Trust - Invesco Treasury Portfolio,1.0,5,4,10,5,3,1,2,30,-8.0,27.0,Poor,🔥 COILED: Stay away,25,0.0,0.0,-0.2,44.0,0,,nan,nan,0.0
TSMXX,Short-Term Investment Trust - Invesco Treasury Obligations Portfolio,1.0,5,4,10,5,3,1,2,30,-8.0,27.0,Poor,🔥 COILED: Stay away,26,0.0,0.0,-0.3,41.3,0,,nan,nan,0.0
PMTRW,Perimeter Acquisition Corp. I Warrant,0.99,10,12,6,5,8,2,2,45,-16.0,27.0,Poor,Stay away,55,32.0,9.8,16.8,59.7,2,,nan,nan,17219.2
PRZO,ParaZero Technologies Ltd. Ordinary Shares,0.778,14,6,5,15,5,5,5,55,-28.5,26.5,Poor,Stay away,46,20.1,31.9,21.4,67.1,3,,Industrials,20758414.0,2026702.24
PBMRF,PT Bumi Resources Tbk,0.01,12,5,6,5,5,0,5,38,-12.0,26.0,Poor,Stay away,49,-3.9,20.7,7.9,66.6,2,,Energy,3676220416.0,19384.65
COUTF,China Outfitters Holdings Ltd,0.01,5,4,10,5,3,2,2,31,-10.0,26.0,Poor,🔥 COILED: Stay away,28,0.0,0.0,0.0,50.0,0,,Consumer Cyclical,35454500.0,50.0
AEFI,American EcoFuels Inc.,0.001,18,7,5,14,5,2,5,56,-30,26,Poor,Stay away,58,40.0,27.3,12.9,55.1,3,,Industrials,16336338.0,234206754.17
KLXDF,Carbon Done Right Developments Inc.,0.011,7,6,11,6,3,6,2,41,-18.0,26.0,Poor,Stay away,40,0.0,0.0,0.0,73.9,1,,Technology,15513878.0,3740.0
GRGUF,Grand Gulf Energy Limited,0.002,18,7,6,10,4,3,5,53,-27,26,Poor,Stay away,42,316.7,177.8,91.1,77.2,3,3,Energy,7801062.0,46253.63
ASTTF,Australis Oil & Gas Limited,0.005,8,6,10,6,3,1,2,36,-15.0,26.0,Poor,🔥 COILED: Stay away,37,0.0,0.0,0.2,50.0,1,,Energy,6953463.0,8291.17
AHIX,ALUF Holdings Inc,0.004,12,7,11,5,7,2,4,48,-22.0,26.0,Poor,Stay away,37,0.0,16.7,7.4,66.0,2,,Technology,6456417.0,26319.92
MMMKF,Avenira Limited,0.001,8,3,10,5,3,2,2,33,-10.0,26.0,Poor,Stay away,34,0.0,0.0,-0.0,0.0,0,,Basic Materials,5430090.0,220.0
VSSSF,Visionstate Corp,0.004,8,3,10,5,3,2,2,33,-10.0,26.0,Poor,Stay away,34,0.0,0.0,-0.0,2.9,0,,Technology,3779464.0,4066.0
GRXMF,Marvel Gold Limited,0.002,5,7,9,4,3,1,2,31,-10.0,26.0,Poor,🔥 COILED: Stay away,18,0.0,0.0,-3.6,44.7,0,,Basic Materials,2275510.0,11.05
SURY,Surya Oil & Gas Corp.,0.004,3,11,4,5,4,2,5,34,-8.0,26.0,Poor,Stay away,21,16.7,-30.0,-1.2,47.6,1,,Energy,2144614.0,534312.93
ORAGF,Monarca Minerals Inc,0.007,16,6,4,6,4,4,5,45,-19,26,Poor,Stay away,23,119.4,36.0,46.9,63.8,3,10,Basic Materials,864367.0,21260.23
CHNXF,ChitogenX Inc.,0.008,9,6,11,8,3,2,2,41,-18.0,26.0,Poor,Stay away,47,0.0,0.0,0.0,96.4,1,,Healthcare,627627.0,2760.0
GMETF,GameOn Entertainment Technologies Inc,0.008,5,7,11,6,3,2,2,36,-15.0,26.0,Poor,🔥 COILED: Stay away,40,0.0,0.0,0.0,49.9,1,,Communication Services,570154.0,630.0
LVCE,Livecare Corp,0.006,7,3,10,6,3,2,2,33,-10.0,26.0,Poor,Stay away,29,0.0,0.0,-0.0,6.7,0,,Healthcare,357224.0,982.84
BDRGF,Jaeger Resources Corp,0.002,9,3,11,6,3,2,2,36,-13.0,26.0,Poor,Stay away,44,0.0,0.0,0.0,79.8,0,,Basic Materials,252500.0,93.25
TICJ,Tritent International Corp,0.007,8,6,11,9,3,2,2,41,-18.0,26.0,Poor,Stay away,43,0.0,0.0,0.0,93.0,1,,Industrials,238351.0,73.98
CATTF,CAT Strategic Metals Corporation,0.004,1,6,0,11,3,3,2,26,0.0,26.0,Poor,Stay away,26,-87.4,2.7,-77.1,37.1,0,,Basic Materials,152970.0,5589.23
SZLSF,StageZero Life Sciences Ltd,0.001,3,3,9,7,3,1,2,28,-5.0,26.0,Poor,Stay away,19,0.0,0.0,-9.2,0.6,1,,Healthcare,123532.0,31.17
MTOMF,First Growth Funds Ltd,0.001,8,3,10,5,3,2,2,33,-10.0,26.0,Poor,Stay away,31,0.0,0.0,-0.0,0.0,0,,Financial Services,77798.0,3478.39
UARI,Uranium American Resources Inc.,0.018,7,10,7,6,2,2,2,36,-8.0,26.0,Poor,Stay away,23,9.1,-8.2,-2.3,47.1,0,,Basic Materials,13452200.0,166239.68
XERI,Xeriant Inc,0.012,6,7,7,5,2,2,4,33,-8.0,26.0,Poor,Stay away,33,-4.2,-4.2,-6.4,41.4,0,,Industrials,11095338.0,2345833.77
ALTAF,Altura Mining Limited,0.012,5,5,2,12,0,0,2,26,-5.0,26.0,Poor,🔥 COILED: Stay away,25,0.0,-60.9,-35.7,46.6,1,,Basic Materials,4893648.0,0.0
ARTM,American Nortel Communications Inc,0.02,3,6,7,7,3,3,2,31,-5.0,26.0,Poor,Stay away,21,0.0,0.0,-12.0,36.4,1,,Communication Services,2206101.0,19678.57
GPLS,Geopulse Exploration Inc,0.015,16,7,8,11,4,2,5,53,-27,26,Poor,Stay away,29,81.0,46.2,22.1,62.1,2,3,Energy,1964344.0,15171.91
TBMIF,AurCrest Gold Inc,0.016,17,4,5,15,6,1,5,53,-27,26,Poor,Stay away,65,338.9,953.3,231.2,100.0,2,3,Basic Materials,1885253.0,472.5
ARIZF,Affinity Metals Corp,0.015,18,4,7,14,6,2,5,56,-30,26,Poor,Stay away,59,0.0,733.3,55.6,100.0,3,,Basic Materials,1043372.0,6362.03
ENHD,Energroup Holdings Corp,0.02,10,5,4,0,3,1,5,28,-10.0,26.0,Poor,🔥 COILED: Stay away,27,0.0,-4.8,1.0,51.9,0,,Financial Services,128948.0,2969.85
SMXWW,SMX (Security Matters) Public Limited Company Warrant,0.017,3,7,1,7,2,4,2,26,0.0,26.0,Poor,Stay away,15,-10.6,9.0,-15.5,41.4,1,,nan,nan,109611.8
AERTW,Aeries Technology Inc.,0.02,5,3,3,11,3,1,2,28,-5.0,26.0,Poor,Stay away,41,-0.5,-0.5,-1.4,48.0,0,,nan,nan,19374.44
AWMLF,American West Metals Limited,0.03,12,6,6,3,1,5,2,35,-13.0,26.0,Poor,Stay away,29,0.0,4.2,0.6,50.6,2,,Basic Materials,43034952.0,152707.77
LIMFF,Li-Metal Corp.,0.023,8,4,10,6,4,4,2,38,-15.0,26.0,Poor,Stay away,49,0.0,0.0,-0.0,58.6,1,,Financial Services,17825790.0,478.77
NGRC,National Graphite Corp,0.03,11,6,11,8,4,3,5,48,-22.0,26.0,Poor,Stay away,43,0.0,42.9,13.4,68.9,3,,Financial Services,4629252.0,1361.77
VLXC,Veltex Corporation,0.04,8,8,7,12,3,3,5,46,-20.0,26.0,Poor,Stay away,42,1.5,14.3,7.3,53.7,3,,Healthcare,4284944.0,0.0
CROOF,Cariboo Rose Resources Ltd,0.04,17,8,7,6,6,7,5,56,-30,26,Poor,Stay away,30,33.3,100.0,33.8,72.4,3,,Basic Materials,1740356.0,17125.0
LIGA,Lig Assets Inc.,0.05,10,6,3,8,3,2,2,34,-8.0,26.0,Poor,Stay away,55,-11.3,11.1,-3.4,49.9,2,,Communication Services,3636647.0,100268.23
WERDF,Boba Mint Holdings Ltd.,0.044,18,10,7,4,6,8,5,58,-28,26,Poor,Stay away,43,55.3,55.3,43.2,87.7,3,2,nan,nan,36604.3
RENXF,Renalytix Plc,0.066,13,5,4,10,6,1,5,44,-18.0,26.0,Poor,Stay away,51,0.0,0.0,13.3,99.7,1,,Healthcare,29587472.0,565.0
EWGFF,Eat Well Investment Group Inc,0.067,13,12,5,7,8,4,5,54,-26,26,Poor,Stay away,59,-36.2,59.1,9.7,52.6,4,,Consumer Defensive,7325107.0,14517.32
ATMTF,Andrada Mining Limited,0.076,18,9,4,15,6,3,5,60,-30,26,Poor,Stay away,57,7.5,39.4,18.7,93.1,4,,Basic Materials,167117520.0,5352.12
CYMHF,Cymat Technologies Ltd,0.072,4,4,1,8,6,1,2,26,-5.0,26.0,Poor,🔥 COILED: Stay away,56,0.0,0.0,-2.5,47.4,1,,Industrials,8505726.0,16497.43
INEOD,INEO Tech Corp.,0.083,16,6,1,12,5,1,5,46,-23.0,26.0,Poor,Stay away,50,21.0,15.3,9.7,54.0,4,,Communication Services,4424081.0,37202.4
ETST,Earth Science Tech Inc,0.092,4,9,2,7,2,0,2,26,0.0,26.0,Poor,Stay away,10,-24.9,-0.1,-10.2,42.1,0,,Healthcare,27321134.0,87256.85
MKRIF,Melkior Resources Inc,0.091,16,8,12,8,4,3,5,56,-30,26,Poor,Stay away,33,15.2,15.2,12.0,91.8,3,,Basic Materials,5152970.0,17317.05
ESGLF,EnviroGold Global Limited,0.144,8,9,5,5,3,4,5,39,-13.0,26.0,Poor,Stay away,60,2.9,-6.1,3.5,55.2,2,,Basic Materials,75686384.0,50198.01
RSGLF,Rocky Shore Gold Ltd.,0.115,14,16,1,7,6,5,4,53,-25.0,26.0,Poor,Stay away,41,11.6,65.3,11.2,53.1,4,,Basic Materials,22648092.0,11138.18
GPOTF,Gold Port Corporation,0.13,2,2,6,10,3,1,2,26,0.0,26.0,Poor,Stay away,40,-4.2,-4.2,-2.8,38.5,0,,Basic Materials,8922038.0,2260.28
LIBRF,Libra Energy Materials Inc.,0.1,15,5,6,5,0,7,5,43,-17.0,26.0,Poor,Stay away,24,2.5,0.1,7.8,61.5,1,,Basic Materials,6770313.0,0.0
RCTFF,Rochester Resources Ltd,0.137,14,5,6,13,4,2,5,49,-23.0,26.0,Poor,Stay away,42,15.1,28.9,12.7,71.9,3,,Basic Materials,6543015.0,1789.33
RWCRF,RIWI Corp,0.11,3,7,3,7,3,3,2,28,-5.0,26.0,Poor,Stay away,8,0.0,0.0,-4.1,5.7,1,,Technology,5961229.0,942.5
MGCV,MGC Ventures Inc,0.11,9,6,9,9,3,3,2,41,-18.0,26.0,Poor,Stay away,46,0.0,0.0,0.0,95.3,1,,Basic Materials,1642531.0,518.0
SNYR,Synergy CHC Corp. Common Stock,0.105,2,10,1,10,4,2,2,31,-3.0,26.0,Poor,Stay away,22,-9.5,-3.7,-18.8,37.5,1,,Healthcare,1594287.0,2638660.68
EVEX-WT,EVEX-WT,0.117,1,12,2,8,3,0,2,28,0.0,26.0,Poor,Stay away,23,-20.3,-26.8,-16.7,42.3,0,,nan,nan,29675.94
KSMCF,Kirkstone Metals Corp.,0.107,4,16,5,2,3,2,2,34,-8.0,26.0,Poor,Stay away,31,1.8,1.8,-3.4,45.9,1,,Energy,nan,0.0
CMCGF,Power Metallic Mines Inc.,0.12,11,7,6,9,5,1,5,44,-18.0,26.0,Poor,Stay away,0,20.0,20.0,12.4,46.7,3,,Basic Materials,nan,0.0
FRHYF,Frontier Energy Limited,0.15,17,9,11,11,4,3,5,60,-30,26,Poor,Stay away,46,16.3,16.3,14.2,86.9,3,,Utilities,143966832.0,1020.23
CYBCF,Cybeats Technologies Corp.,0.188,17,11,3,11,7,3,5,57,-29,26,Poor,Stay away,74,21.0,14.4,16.6,67.2,4,,Technology,38291892.0,127966.64
QGLDF,Q-Gold Resources Ltd,0.165,16,6,7,13,3,5,5,55,-29,26,Poor,Stay away,40,33.6,31.1,20.4,66.2,3,,Basic Materials,32947002.0,0.0
PDPTF,PUDO Inc,0.159,3,3,4,7,6,6,2,31,-5.0,26.0,Poor,Stay away,15,0.0,8.9,-10.5,30.3,2,,Industrials,5290293.0,2161.08
AUGCF,Au Gold Corp.,0.16,19,7,5,12,3,5,5,56,-30,26,Poor,Stay away,0,33.3,60.0,18.2,63.3,3,,Basic Materials,nan,0.0
CBLUF,China BlueChemical Ltd,0.22,4,3,10,6,3,5,2,33,-10.0,26.0,Poor,Stay away,0,0.0,0.0,-0.6,26.1,0,,Basic Materials,1728749952.0,0.0
MRNO,Murano Global Investments PLC Ordinary Shares,0.213,7,6,8,9,0,2,3,35,-9.0,26.0,Poor,Stay away,37,-4.1,-1.9,-3.3,45.9,2,,Real Estate,17673664.0,3465113.63
BLMH,Blum Holdings Inc,0.21,8,6,6,15,4,0,5,44,-16.0,26.0,Poor,Stay away,28,-12.5,16.7,0.5,50.3,3,,Healthcare,6621050.0,7602.74
BBCMF,Blackbird Critical Metals Corp,0.2,11,6,12,6,1,1,2,39,-18.0,26.0,Poor,🔥 COILED: Stay away,27,0.0,0.0,7.9,77.8,1,,Healthcare,5573391.0,995.82
MTNB,Matinas BioPharma Holdings Inc,0.2,4,10,3,8,2,2,2,31,-3.0,26.0,Poor,Stay away,14,9.3,-14.2,-18.2,34.9,1,,Healthcare,2885665.0,1776295.94
VPGLF,Value Partners Group Ltd,0.26,4,3,10,6,3,5,2,33,-10.0,26.0,Poor,Stay away,20,0.0,0.0,-0.2,3.1,0,,Financial Services,575413632.0,0.0
BVRXF,Bellavista Resources Limited,0.27,11,4,10,7,4,5,5,46,-25.0,26.0,Poor,🔥 COILED: Stay away,0,7.8,17.4,5.7,54.1,3,,Basic Materials,59673680.0,0.0
RYOOF,Rio Silver Inc,0.26,14,5,5,7,3,2,5,41,-15.0,26.0,Poor,Stay away,35,-3.1,1.8,7.3,57.6,1,,Basic Materials,15391791.0,80658.56
SVCCW,Stellar V Capital Corp. Warrant,0.25,15,4,3,7,7,3,5,44,-18.0,26.0,Poor,Stay away,31,31.0,31.0,6.9,52.7,2,,nan,nan,0.0
ARRRF,Ardea Resources Limited,0.344,11,5,9,6,1,4,5,41,-15.0,26.0,Poor,Stay away,36,0.3,7.5,6.2,57.1,1,,Basic Materials,75581656.0,3008.94
FCSMF,Focus Graphite Inc,0.325,10,6,4,12,5,5,5,47,-22.0,26.0,Poor,Stay away,69,1.6,20.4,7.5,61.8,3,,Basic Materials,36511772.0,42863.01
DTRK,DATATRAK International Inc,0.31,12,4,6,3,4,7,5,41,-15.0,26.0,Poor,Stay away,31,6.9,-11.4,6.3,58.0,1,,Healthcare,8583627.0,1372.74
AEAQW,Activate Energy Acquisition Corp. Warrant,0.32,1,4,2,12,5,0,2,26,2.0,26.0,Poor,Stay away,0,-15.8,-8.6,-7.4,46.7,0,,nan,3546750.0,0.0
ORRCF,Oroco Resource Corp,0.38,16,5,6,16,5,3,5,56,-30,26,Poor,Stay away,66,14.4,23.3,15.4,77.7,3,,Basic Materials,124612264.0,592972.62
EXNRF,Excellon Resources Inc,0.354,15,11,7,11,4,2,5,55,-30,26,Poor,Stay away,56,17.9,31.0,25.2,74.5,3,,Basic Materials,123155392.0,383615.54
XTRAF,Xtract One Technologies Inc.,0.38,3,11,6,13,3,2,2,40,-14.0,26.0,Poor,Stay away,38,0.0,-2.6,-1.1,46.8,1,,Technology,96693216.0,219927.5
ZTSTF,ZTEST Electronics Inc,0.31,11,6,4,7,3,0,5,36,-10.0,26.0,Poor,Stay away,53,-8.8,5.1,-4.0,49.0,0,,Technology,12774751.0,12390.18
PTORW,Praetorian Acquisition Corp. Warrant,0.369,4,12,3,6,5,2,2,34,-6.0,26.0,Poor,Stay away,0,11.9,-6.8,-7.2,44.9,0,,nan,nan,0.0
CEGHF,China Education Group Holdings Limited,0.415,5,4,10,5,3,2,2,31,-10.0,26.0,Poor,🔥 COILED: Stay away,30,0.0,0.0,0.0,50.0,0,,Consumer Defensive,1162129792.0,175.0
AEUXF,Atomic Eagle Limited,0.4,18,5,7,16,3,2,5,56,-30,26,Poor,Stay away,72,33.0,24.2,21.6,65.0,3,,Energy,164246512.0,0.0
ISCO,International Stem Cell Corp,0.49,15,5,4,15,6,4,5,54,-28,26,Poor,Stay away,63,8.9,58.1,21.8,64.3,3,,Healthcare,3922150.0,7092.76
MDAIW,Spectral AI Inc,0.49,4,6,7,7,0,0,2,26,0.0,26.0,Poor,Stay away,14,-15.5,0.0,-6.4,43.6,0,,nan,nan,14201.45
APXYY,Appen Limited,0.5,16,4,6,10,6,9,5,56,-30,26,Poor,Stay away,67,18.0,25.7,19.7,79.0,3,,Technology,268523648.0,1813.7
FALFF,Falcon Metals Limited,0.5,16,8,6,14,6,2,5,57,-27,26,Poor,Stay away,58,109.2,2824.0,201.2,90.0,3,3,Basic Materials,106895016.0,518.85
KUYAF,Kuya Silver Corporation,0.531,6,10,8,1,4,4,3,36,-11.0,26.0,Poor,Stay away,28,-2.0,-8.0,-1.3,48.0,1,,Basic Materials,99522992.0,440741.31
XTPEF,Xtep International Holdings Limited,0.591,5,6,10,5,3,2,2,33,-10.0,26.0,Poor,Stay away,0,0.0,0.0,-0.0,26.7,0,,Consumer Cyclical,1615508096.0,0.0
VMXXF,Valhalla Metals Inc.,0.571,6,10,10,5,0,6,4,41,-13.0,26.0,Poor,Stay away,53,-5.5,-0.8,1.1,49.1,2,,Basic Materials,86437480.0,7772.91
BDST,"bebe stores, inc.",0.57,11,7,4,6,6,2,2,38,-12.0,26.0,Poor,Stay away,67,0.0,3.6,5.2,65.0,0,,Industrials,7338243.0,2567.32
BJTRF,Beijing Tong Ren Tang Chinese Medicine Company Limited,0.648,4,4,10,6,3,2,2,31,-10.0,26.0,Poor,🔥 COILED: Stay away,32,0.0,0.0,0.0,50.0,0,,Healthcare,542775680.0,2.0
KTGDF,K2 Gold Corporation,0.65,18,8,6,9,7,0,5,53,-25.0,26.0,Poor,Stay away,62,1.6,12.1,8.8,69.8,3,,Basic Materials,169593440.0,28309.5
ALDSD,APPlife Digital Solutions Inc.,0.68,17,4,8,12,6,2,5,54,-28.0,26.0,Poor,Stay away,69,0.0,0.0,31.3,91.6,1,,Technology,648818.0,246.84
MWTCF,Manila Water Company Inc,0.72,8,3,11,10,0,2,2,36,-13.0,26.0,Poor,Stay away,43,0.0,0.0,0.0,96.8,0,,Utilities,2133817856.0,0.0
WSTTF,Westports Holdings Berhad,0.75,8,3,10,5,3,2,2,33,-10.0,26.0,Poor,Stay away,29,0.0,0.0,-0.0,0.0,0,,Industrials,2577350144.0,4.0
SITKF,Sitka Gold Corp,0.795,15,5,6,15,3,2,5,51,-25.0,26.0,Poor,Stay away,65,3.4,11.1,6.6,64.5,3,,Basic Materials,344167040.0,164869.45
NZAUF,Rua Gold Inc,0.873,13,5,4,11,3,0,5,41,-15.0,26.0,Poor,Stay away,48,-2.9,-3.4,1.5,53.9,1,,Basic Materials,106261680.0,92528.71
CIMEF,CIMC Enric Holdings Limited,0.93,4,7,10,4,3,1,2,31,-10.0,26.0,Poor,🔥 COILED: Stay away,21,0.0,0.0,-0.3,43.5,0,,Energy,1963224064.0,130.1
THMG,Thunder Mountain Gold Inc,0.883,7,11,2,12,5,0,5,42,-16.0,26.0,Poor,Stay away,58,2.5,-9.0,-0.3,50.9,1,,Basic Materials,100061672.0,43745.26
OMEX,Odyssey Marine Exploration Inc,0.902,12,5,6,12,3,2,5,45,-19.0,26.0,Poor,Stay away,29,2.5,-0.9,5.6,57.7,1,,Basic Materials,53010060.0,2322559.95
UVRBF,Universal Robina Corporation,1.0,5,3,10,8,3,2,2,33,-10.0,26.0,Poor,Stay away,26,0.0,0.0,-0.0,84.5,0,,Consumer Defensive,2131536256.0,0.0
BCWG,BCW Group Holding Inc,1.0,7,3,10,6,3,2,2,33,-10.0,26.0,Poor,Stay away,30,0.0,0.0,-0.0,20.1,0,,Communication Services,100000000.0,6.5
NGMC,Next Generation Management Corp,1.0,11,3,7,11,6,1,5,44,-18.0,26.0,Poor,Stay away,36,0.0,-3.8,19.9,87.1,1,,Consumer Cyclical,200000.0,122.35
ABLT,American Biltrite Inc,1.0,3,3,8,8,3,1,2,28,-5.0,26.0,Poor,Stay away,11,0.0,0.0,-60.3,0.4,1,,Industrials,32330.0,12.5
LTFXX,LeggMason Partners Institutional Trust - Western Asset Institutional Tax Free Reserves,1.0,5,4,9,6,3,2,2,31,-10.0,26.0,Poor,🔥 COILED: Stay away,29,0.0,0.0,-0.0,48.1,0,,nan,nan,0.0
VPMXX,JPMorgan Trust I - JPMorgan Prime Money Market Fund,1.0,4,4,10,6,3,2,2,31,-10.0,26.0,Poor,🔥 COILED: Stay away,35,0.0,0.0,-0.0,41.6,0,,nan,nan,0.0
VSLXX,JPMorgan Trust IV - JPMorgan Securities Lending Money Market Fund,1.0,4,4,10,6,3,2,2,31,-10.0,26.0,Poor,🔥 COILED: Stay away,32,0.0,0.0,-0.0,48.1,0,,nan,nan,0.0
BVYXX,State Street Institutional Investment Trust - State Street Institutional Treasury Plus Money Market,1.0,5,5,10,4,3,2,2,31,-10.0,26.0,Poor,🔥 COILED: Stay away,29,0.0,0.0,-0.0,42.7,0,,nan,nan,0.0
FIDXX,Goldman Sachs Trust - Goldman Sachs Financial Square Federal Instruments Fund,1.0,5,4,10,5,3,2,2,31,-10.0,26.0,Poor,🔥 COILED: Stay away,30,0.0,0.0,-0.0,43.0,0,,nan,nan,0.0
MGUFF,Magnum Mining and Exploration Limited,0.004,4,4,10,6,3,1,2,30,-10.0,25.0,Poor,🔥 COILED: Stay away,22,0.0,0.0,-0.3,46.0,0,,Basic Materials,12852149.0,3694.31
KDGLF,Kinetic Development Group Limited,0.001,5,4,10,4,3,2,2,30,-10.0,25.0,Poor,🔥 COILED: Stay away,28,0.0,0.0,0.0,50.0,0,,Energy,8599508.0,50.0
ZTLLF,Zonetail Inc,0.01,2,1,3,7,3,7,2,25,0.0,25.0,Poor,Stay away,28,0.0,-1.0,-0.7,0.0,0,,Technology,3023956.0,640.5
FTZZF,Fertoz Limited,0.007,8,4,10,6,3,2,2,35,-15.0,25.0,Poor,🔥 COILED: Stay away,34,0.0,0.0,-0.0,48.1,1,,Basic Materials,2761698.0,4000.0
CCWF,Church & Crawford Inc,0.002,2,4,6,10,6,0,2,30,-5.0,25.0,Poor,Stay away,31,0.0,-4.8,-4.2,40.6,1,,Energy,2190564.0,46138.92
CYYNF,Cynata Therapeutics Limited,0.009,3,5,4,9,3,1,5,30,-5.0,25.0,Poor,Stay away,18,0.0,0.0,-13.7,38.7,1,,Healthcare,2093707.0,112.48
NNRI,NNRF Inc,0.003,11,5,2,12,8,0,5,43,-18.0,25.0,Poor,Stay away,49,0.0,12.0,9.7,58.4,3,,Financial Services,1312420.0,93177.15
CCAJ,Coastal Capital Acq,0.001,0,4,4,8,4,0,5,25,0.0,25.0,Poor,Stay away,18,-15.4,-15.4,-11.5,40.7,0,,Industrials,1157573.0,3409798.09
PFRRF,PetroFrontier Corp,0.004,9,6,11,7,3,2,2,40,-18.0,25.0,Poor,Stay away,44,0.0,0.0,0.0,99.9,1,,Energy,958109.0,1380.0
PNDHF,Pond Technologies Holdings Inc,0.008,8,4,10,6,3,2,2,35,-15.0,25.0,Poor,🔥 COILED: Stay away,40,0.0,0.0,-0.0,48.5,1,,Consumer Defensive,684737.0,240.0
MVVYF,Moovly Media Inc,0.001,8,4,10,6,3,2,2,35,-15.0,25.0,Poor,🔥 COILED: Stay away,37,0.0,0.0,-0.0,43.3,1,,Technology,214532.0,31567.83
LECRF,Leocor Gold Inc,0.016,3,6,3,9,0,2,2,25,0.0,25.0,Poor,Stay away,14,-15.4,-6.5,-19.1,38.0,0,,Basic Materials,6210222.0,18311.78
BCII,Blockchain Industries Inc,0.012,7,11,8,2,2,2,3,35,-10.0,25.0,Poor,Stay away,34,9.5,2.7,-1.0,48.5,0,,Financial Services,769311.0,115172.08
KFFLF,KEFI Gold and Copper Plc,0.025,17,8,6,5,6,12,5,59,-30,25,Poor,Stay away,57,38.9,25.0,41.2,73.0,3,,Basic Materials,247896320.0,39136.72
GPOX,GPO Plus Inc,0.024,1,10,0,9,4,0,2,26,-6.0,25.0,Poor,Stay away,11,-19.0,-34.7,-27.3,32.7,2,,Consumer Defensive,1935475.0,185956.52
MOOOF,Bettermoo(d) Food Corporation,0.027,9,6,11,7,3,2,2,40,-18.0,25.0,Poor,Stay away,38,0.0,0.0,0.0,99.5,1,,Consumer Defensive,160943.0,0.22
TEBAF,Terra Balcanica Resources Corp.,0.029,1,10,2,7,3,6,2,31,-2.0,25.0,Poor,Stay away,30,13.1,-20.4,-1.2,47.1,1,,Basic Materials,nan,121998.91
NRSAF,Norse Atlantic ASA,0.036,3,7,4,10,4,0,2,30,-5.0,25.0,Poor,Stay away,29,-13.9,-18.2,-10.2,33.3,1,,Industrials,106493240.0,9649.12
HUIPF,Hydrogen Utopia International PLC,0.039,4,4,10,6,3,1,2,30,-10.0,25.0,Poor,🔥 COILED: Stay away,45,0.0,0.0,-0.2,42.0,0,,Industrials,17045830.0,22964.92
TRGGF,Tarachi Gold Corp,0.033,6,7,3,8,3,1,2,30,-10.0,25.0,Poor,🔥 COILED: Stay away,36,-17.5,6.5,-0.0,49.8,0,,Basic Materials,3935309.0,13861.66
HEXPF,Huntington Exploration Inc,0.031,8,6,10,6,3,2,2,37,-15.0,25.0,Poor,Stay away,36,0.0,0.0,-0.0,31.3,1,,Basic Materials,3345910.0,140.0
RAFA,Rafarma Pharmaceuticals Inc,0.036,14,6,7,10,4,1,3,45,-20.0,25.0,Poor,Stay away,32,5.9,38.5,10.8,57.1,3,,Healthcare,3159611.0,16251.5
PGOL,Patriot Gold Corp,0.048,3,7,1,7,3,2,2,25,0.0,25.0,Poor,Stay away,26,23.1,17.1,-10.4,42.5,2,,Basic Materials,4036322.0,26203.56
QUAN,Quantum Int. Corp,0.048,15,5,3,9,5,3,5,45,-18.0,25.0,Poor,Stay away,46,4.6,39.5,13.5,56.7,3,,Technology,1353850.0,88921.57
LGNYZ,Ligand Pharmaceuticals Inc General Contingent Value Rt,0.05,6,9,3,4,1,4,5,32,-10.0,25.0,Poor,Stay away,43,-7.4,-7.4,2.3,50.6,0,,nan,nan,0.0
UMCN,UMC Inc,0.06,17,10,5,9,6,5,3,55,-26,25,Poor,Stay away,60,252.9,3.4,66.3,67.2,0,3,Industrials,12028749.0,8096.13
GENRF,Generation Uranium Inc.,0.051,12,14,6,4,8,7,4,55,-28,25,Poor,Stay away,45,9.4,29.4,11.0,57.2,3,,Basic Materials,2805684.0,35881.64
CODMF,Coda Minerals Limited,0.09,9,6,11,6,0,6,2,40,-18.0,25.0,Poor,Stay away,41,0.0,0.0,0.0,77.7,1,,Basic Materials,38388156.0,595.0
BXXRF,ExGen Resources Inc,0.085,16,14,5,9,8,1,5,58,-29,25,Poor,Stay away,48,-13.8,18.3,10.2,61.7,3,,Basic Materials,8786559.0,22345.09
CPKOF,Castle Peak Mining Ltd,0.083,9,6,11,7,3,2,2,40,-18.0,25.0,Poor,Stay away,46,0.0,0.0,0.0,97.3,1,,Basic Materials,1597279.0,215.0
CHAEF,China Aerospace International Holdings Limited,0.092,3,4,3,12,3,3,2,30,-5.0,25.0,Poor,Stay away,32,0.0,0.0,-5.4,28.4,1,,Technology,282588000.0,1481.96
SNFRF,Sinofert Holdings Limited,0.141,3,3,10,6,3,5,2,32,-10.0,25.0,Poor,Stay away,0,0.0,0.0,-3.1,3.7,0,,Basic Materials,1652253056.0,0.0
CHNVF,China Youzan Ltd,0.129,17,4,6,11,6,4,5,53,-28.0,25.0,Poor,Stay away,61,0.0,0.0,40.2,100.0,0,,Technology,207404832.0,1003.0
RDEXF,Red Pine Exploration Inc,0.115,12,7,6,11,1,5,5,47,-22.0,25.0,Poor,Stay away,45,4.4,15.7,6.5,61.1,3,,Basic Materials,52582224.0,142230.74
PLNH,Planet 13 Holdings Inc.,0.13,8,6,3,9,5,0,4,35,-8.0,25.0,Poor,Stay away,29,-13.8,-9.7,-3.7,47.2,1,,Healthcare,43591528.0,641260.1
LVWD,Liveworld Inc.,0.14,16,10,5,5,9,3,5,53,-28,25,Poor,Stay away,58,16.7,16.7,9.0,59.3,4,,Technology,6388681.0,66036.92
SURMF,Surface Metals Inc.,0.112,7,12,5,4,0,7,2,37,-15.0,25.0,Poor,Stay away,27,-3.1,7.4,-0.3,49.2,1,,Basic Materials,5243528.0,29124.32
PTJSF,PT Jasa Marga (Persero) Tbk,0.17,5,6,10,4,3,2,2,32,-10.0,25.0,Poor,Stay away,0,0.0,0.0,-0.1,2.9,0,,Industrials,1314400512.0,0.0
TWNMF,29Metals Limited,0.174,3,4,4,7,0,5,2,25,0.0,25.0,Poor,Stay away,13,0.0,0.0,-4.2,1.7,0,,Basic Materials,304513312.0,16498.06
KBSUF,Prime US REIT,0.172,7,3,10,6,3,1,2,32,-10.0,25.0,Poor,Stay away,17,0.0,0.0,-0.0,0.0,0,,Real Estate,247386544.0,103.5
MMNGF,Metallic Minerals Corp,0.171,11,5,5,11,1,2,5,40,-15.0,25.0,Poor,Stay away,30,-3.4,1.2,3.5,56.4,1,,Basic Materials,37372860.0,190848.95
GOMRF,GéoMégA Resources Inc,0.187,6,8,8,4,0,3,5,34,-10.0,25.0,Poor,Stay away,44,4.0,-1.5,0.4,50.3,0,,Basic Materials,31406866.0,48643.35
MDXXF,Pharmala Biotech Holdings Inc,0.175,17,5,4,15,3,5,5,54,-29.0,25.0,Poor,Stay away,63,3.1,25.9,17.3,65.1,3,,Healthcare,20208666.0,23289.91
SLTN,Silverton Energy Inc,0.15,14,9,3,10,4,3,5,48,-23,25,Poor,Stay away,47,141.9,400.0,46.4,55.6,2,5,Financial Services,14451001.0,0.0
BUGLF,BluGlass Limited,0.2,6,4,9,6,3,5,2,35,-15.0,25.0,Poor,🔥 COILED: Stay away,40,0.0,0.0,-2.3,42.3,1,,Technology,38004584.0,1809.99
RREE,ResourceTec Corporation,0.22,11,7,9,6,3,1,5,42,-17.0,25.0,Poor,Stay away,29,0.0,8.9,2.8,67.7,2,,Basic Materials,2309410.0,1162.2
RZOLF,RZOLV Technologies Inc.,0.23,10,5,6,6,1,5,5,38,-13.0,25.0,Poor,Stay away,33,4.6,1.5,2.1,51.9,1,,Basic Materials,nan,0.0
GRSLF,GR Silver Mining Ltd,0.291,15,7,5,14,5,4,5,55,-30,25,Poor,Stay away,52,-5.8,11.1,5.6,58.3,3,,Basic Materials,146619504.0,760688.21
OCGSF,Outcrop Gold Corp,0.274,15,9,5,14,7,0,5,55,-30,25,Poor,Stay away,57,1.4,14.1,9.7,62.6,3,,Basic Materials,133236336.0,574128.82
AEON,"AEON Biopharma, Inc.",0.294,11,16,4,4,3,2,5,45,-20,25,Poor,Stay away,22,52.3,8.5,12.0,51.3,2,8,Healthcare,12545523.0,913330.92
PATRF,Panthera Resources PLC,0.27,6,3,3,7,3,0,2,24,2.0,25.0,Poor,Stay away,27,-3.4,-5.3,-2.4,46.2,0,,Basic Materials,nan,0.0
XNYIF,Xinyi Solar Holdings Limited,0.302,12,3,3,8,4,0,5,35,-10.0,25.0,Poor,Stay away,23,-6.7,0.9,2.2,54.4,0,,Technology,2864889088.0,358.83
ARSRF,AIS Corporation Limited,0.323,13,7,7,3,5,5,5,45,-16.0,25.0,Poor,Stay away,65,11.2,15.5,9.6,76.1,2,,Basic Materials,483558400.0,2884.44
AGNPF,Algernon Pharmaceuticals Inc,0.362,16,9,7,11,4,2,5,54,-25.0,25.0,Poor,Stay away,55,13.1,11.8,12.1,70.2,3,,Healthcare,1803947.0,4733.06
VTECF,Vortex Energy Corp.,0.355,10,6,4,11,0,4,5,40,-18.0,25.0,Poor,Stay away,39,-6.6,24.2,5.2,53.1,3,,Basic Materials,4301479.0,2051.44
BCBNF,Base Carbon Inc,0.454,10,11,7,2,4,4,5,43,-16.0,25.0,Poor,Stay away,27,6.8,6.0,6.6,56.4,1,,Financial Services,41976636.0,57980.61
ALUB-WT,Alussa Energy Acquisition Corp II WT,0.45,14,7,2,2,3,5,2,35,-15.0,25.0,Poor,🔥 COILED: Stay away,38,4.7,9.8,0.3,51.0,1,,nan,nan,0.0
EDMFF,EDM Resources Inc.,0.52,17,10,2,9,9,2,5,54,-29,25,Poor,Stay away,59,4.0,13.0,8.9,61.8,3,,Basic Materials,40994412.0,20465.25
SPMMF,Space-Communication Ltd,0.526,3,6,10,5,3,3,2,32,-10.0,25.0,Poor,Stay away,20,0.0,0.0,-0.9,31.2,0,,Communication Services,37148044.0,211.3
MTBLY,Moatable Inc,0.536,10,2,9,14,0,2,5,42,-13.0,25.0,Poor,Stay away,38,-2.6,9.3,6.0,73.4,2,,Technology,10067129.0,2050.17
DSS,DSS Inc,0.544,8,11,7,6,4,6,5,47,-22.0,25.0,Poor,Stay away,31,-1.1,5.5,0.2,49.7,2,,Consumer Cyclical,5422960.0,501472.19
DOTDF,dotdigital Group Plc,0.558,4,6,10,6,3,1,2,32,-10.0,25.0,Poor,Stay away,22,0.0,0.0,-0.3,35.2,0,,Technology,169104816.0,126.55
RLYGF,Riley Gold Corp,0.561,13,6,5,15,3,5,5,52,-25.0,25.0,Poor,Stay away,56,-6.6,19.9,12.4,65.7,3,,Basic Materials,30112590.0,9129.48
LQWDF,LQwD FinTech Corp,0.561,12,5,2,10,1,3,5,38,-13.0,25.0,Poor,Stay away,28,7.8,7.8,6.6,55.4,1,,Technology,18658888.0,13246.66
AIDX,"20/20 Biolabs, Inc. Common Stock",0.62,17,12,7,6,3,4,5,54,-29,25,Poor,Stay away,0,21.5,19.2,18.1,61.9,3,,Healthcare,7189681.0,0.0
TDRRF,Tudor Gold Corp,0.72,15,10,5,10,5,3,5,53,-28.0,25.0,Poor,Stay away,58,5.0,7.6,6.2,63.4,1,,Basic Materials,296034400.0,209840.23
CIGMF,CI Games S.A,0.742,10,4,6,7,3,1,4,35,-13.0,25.0,Poor,Stay away,20,0.0,0.0,1.9,83.9,0,,Communication Services,162368064.0,162.9
CEVIF,China Everbright Limited,0.78,1,3,1,8,3,7,2,25,0.0,25.0,Poor,Stay away,16,0.0,0.0,-12.4,0.0,1,,Financial Services,1314497920.0,20.5
HWKE,Hawkeye Systems Inc,0.9,14,5,6,15,7,0,5,52,-25.0,25.0,Poor,Stay away,62,2.3,20.0,18.4,71.2,3,,Financial Services,239447632.0,15641.51
HENGY,Hengdeli Holdings Ltd ADR,0.81,13,4,6,10,3,1,3,40,-18.0,25.0,Poor,Stay away,38,0.0,2.5,0.9,81.4,1,,Industrials,142690208.0,26.0
YADGF,Yadea Group Holdings Ltd,0.86,4,6,10,6,3,1,2,32,-10.0,25.0,Poor,Stay away,17,0.0,0.0,-0.8,39.0,0,,Consumer Cyclical,2611086336.0,202.44
LINRF,Liontown Resources Limited,0.84,6,6,4,11,0,3,5,35,-10.0,25.0,Poor,Stay away,15,2.2,-3.0,-3.7,45.0,1,,Basic Materials,2639615744.0,11713.59
SSLVF,Sun Silver Limited,0.928,18,8,7,5,5,6,5,54,-29,25,Poor,Stay away,41,10.5,11.0,13.0,66.2,3,,Basic Materials,158894288.0,0.0
LUCD,Lucid Diagnostics Inc,0.984,9,13,9,5,4,0,5,45,-18.0,25.0,Poor,Stay away,31,2.5,2.0,0.8,51.1,1,,Healthcare,185353936.0,1146587.03
FCCI,Fast Casual Concepts Inc,1.0,15,4,5,12,7,4,5,52,-27,25,Poor,Stay away,63,144.2,144.2,65.5,100.0,2,3,Communication Services,26124754.0,39.5
AGMH,AGM Group Holdings Inc Class A,0.954,6,6,5,9,0,2,5,33,-8.0,25.0,Poor,Stay away,30,-10.0,-2.3,-5.9,44.5,0,,Technology,5036193.0,123873.89
YYAI,Connexa Sports Technologies Inc.,0.959,13,5,3,8,4,4,5,42,-20.0,25.0,Poor,🔥 COILED: Stay away,43,-19.4,1398.4,10.9,51.3,3,,Technology,50834.0,5897569.5
BUYXX,State Street Institutional U.S. Government Money Market Fund,1.0,5,4,10,4,3,2,2,30,-10.0,25.0,Poor,🔥 COILED: Stay away,29,0.0,0.0,-0.0,42.7,0,,nan,nan,0.0
CAJXX,State Street Institutional Investment Trust - State Street Institutional Treasury Plus Money Market,1.0,5,4,10,4,3,2,2,30,-10.0,25.0,Poor,🔥 COILED: Stay away,29,0.0,0.0,-0.0,42.7,0,,nan,nan,0.0
CAHXX,State Street Institutional U.S. Government Money Market Fund,1.0,5,4,10,4,3,2,2,30,-10.0,25.0,Poor,🔥 COILED: Stay away,29,0.0,0.0,-0.0,42.7,0,,nan,nan,0.0
LEIXX,Goldman Sachs Trust - Goldman Sachs Financial Square Treasury Instruments Fund,1.0,5,4,10,4,3,2,2,30,-10.0,25.0,Poor,🔥 COILED: Stay away,31,0.0,0.0,-0.0,44.4,0,,nan,nan,0.0
OPGXX,State Street Institutional U.S. Government Money Market Fund,1.0,5,4,10,4,3,2,2,30,-10.0,25.0,Poor,🔥 COILED: Stay away,27,0.0,0.0,-0.0,42.8,0,,nan,nan,0.0
OPTXX,State Street Institutional Investment Trust - State Street Institutional Treasury Plus Money Market,1.0,5,4,10,4,3,2,2,30,-10.0,25.0,Poor,🔥 COILED: Stay away,28,0.0,0.0,-0.0,42.8,0,,nan,nan,0.0
OPRXX,State Street Institutional Investment Trust- Treasury Money Market Fund,1.0,5,4,10,4,3,2,2,30,-10.0,25.0,Poor,🔥 COILED: Stay away,29,0.0,0.0,-0.0,42.9,0,,nan,nan,0.0
VTGXX,State Street Institutional U.S. Government Money Market Fund,1.0,5,4,10,4,3,2,2,30,-10.0,25.0,Poor,🔥 COILED: Stay away,29,0.0,0.0,-0.0,42.7,0,,nan,nan,0.0
VTTXX,State Street Institutional Investment Trust- Treasury Money Market Fund,1.0,5,4,10,4,3,2,2,30,-10.0,25.0,Poor,🔥 COILED: Stay away,29,0.0,0.0,-0.0,46.2,0,,nan,nan,0.0
VTLXX,State Street Institutional Investment Trust - State Street Institutional Treasury Plus Money Market,1.0,5,4,10,4,3,2,2,30,-10.0,25.0,Poor,🔥 COILED: Stay away,26,0.0,0.0,-0.0,42.9,0,,nan,nan,0.0
WOMXX,Goldman Sachs Trust - Goldman Sachs Financial Square Treasury Instruments Fund,1.0,5,4,10,4,3,2,2,30,-10.0,25.0,Poor,🔥 COILED: Stay away,30,0.0,0.0,-0.0,43.1,0,,nan,nan,0.0
WMNXX,Goldman Sachs Trust - Goldman Sachs Financial Square Government Fund,1.0,5,4,10,4,3,2,2,30,-10.0,25.0,Poor,🔥 COILED: Stay away,30,0.0,0.0,-0.0,43.2,0,,nan,nan,0.0
ATGGF,Actinogen Medical Limited,0.035,14,6,6,9,6,2,5,48,-19.2,24.8,Broken,Avoid/exit,58,-12.5,4275.0,96.9,76.0,2,,Healthcare,102160328.0,4973.5
IVDAW,Iveda Solutions Inc. Warrant,0.036,7,12,6,11,3,0,5,44,-19.2,24.8,Broken,Avoid/exit,30,-1.4,60.6,21.0,52.7,3,,nan,nan,12052.8
OABIW,OmniAb Inc.,0.25,15,4,3,6,7,0,5,40,-15.8,24.2,Broken,Avoid/exit,60,-12.1,214.5,43.7,60.1,2,,nan,nan,0.0
PTGOF,PT. Global Mediacom Tbk,0.008,2,4,10,6,3,2,2,29,-10.0,24.0,Broken,🔥 COILED: Avoid/exit,29,0.0,0.0,0.0,50.0,0,,Communication Services,130820104.0,0.0
UNBSF,Uni-Bio Science Group Limited,0.004,2,4,10,6,3,2,2,29,-10.0,24.0,Broken,🔥 COILED: Avoid/exit,29,0.0,0.0,0.0,50.0,0,,Healthcare,23884914.0,0.0
RRLTF,Reach Resources Limited,0.01,2,4,10,6,3,2,2,29,-10.0,24.0,Broken,🔥 COILED: Avoid/exit,0,0.0,0.0,0.0,50.0,0,,Basic Materials,12752726.0,0.0
EGMMF,Eagle Mountain Mining Limited,0.007,6,4,9,4,3,1,2,29,-10.0,24.0,Broken,🔥 COILED: Avoid/exit,25,0.0,0.0,-10.5,48.1,0,,Basic Materials,10309689.0,250.5
LBTD,Lotus Bio-Technology Development Corp,0.01,2,4,10,6,3,2,2,29,-10.0,24.0,Broken,🔥 COILED: Avoid/exit,30,0.0,0.0,0.0,50.0,0,,Basic Materials,8062837.0,0.8
RCCMF,Nippon Dragon Resources Inc,0.003,7,6,10,6,3,2,2,36,-15.0,24.0,Broken,Avoid/exit,38,0.0,0.0,-0.0,10.3,1,,Basic Materials,7384851.0,93.0
ADMRF,Admiralty Resources NL,0.002,2,4,10,6,3,2,2,29,-10.0,24.0,Broken,🔥 COILED: Avoid/exit,0,0.0,0.0,0.0,50.0,0,,Basic Materials,5521906.0,0.0
BKRP,Black Rock Petroleum Co,0.01,2,4,10,6,3,2,2,29,-10.0,24.0,Broken,🔥 COILED: Avoid/exit,29,0.0,0.0,0.0,50.0,0,,Energy,2000000.0,17.5
KSRPF,KSRPF,0.01,2,4,10,6,3,2,2,29,-10.0,24.0,Broken,🔥 COILED: Avoid/exit,29,0.0,0.0,0.0,50.0,0,,nan,1568730.0,0.0
RCWDF,RightCrowd Ltd,0.005,2,4,10,6,3,2,2,29,-10.0,24.0,Broken,🔥 COILED: Avoid/exit,30,0.0,0.0,0.0,50.0,0,,Technology,1424114.0,1800.0
CSOC,Caduceus Software Systems Corp,0.003,7,8,6,5,3,0,2,31,-10.0,24.0,Broken,Avoid/exit,24,0.0,-16.7,-8.0,45.5,0,,Consumer Defensive,1132266.0,199416.99
ULIX,Ulixe Corp.,0.008,9,4,6,9,3,1,5,37,-13.0,24.0,Broken,Avoid/exit,23,0.0,0.0,5.8,89.6,0,,Technology,1049550.0,2441.79
EFVIF,EF EnergyFunders Ventures Inc.,0.001,2,4,10,6,3,2,2,29,-10.0,24.0,Broken,🔥 COILED: Avoid/exit,30,0.0,0.0,0.0,50.0,0,,Energy,685328.0,6446.0
HHGI,Hawaiian Hospitality Group Inc,0.001,2,4,10,6,3,2,2,29,-10.0,24.0,Broken,🔥 COILED: Avoid/exit,30,0.0,0.0,0.0,50.0,0,,Industrials,607362.0,350.0
AUCCF,Goldplay Mining Inc,0.002,4,3,10,4,3,5,2,31,-10.0,24.0,Broken,Avoid/exit,18,0.0,0.0,-5.1,19.7,0,,Basic Materials,200022.0,1327.78
FRMC,Formcap Corp,0.002,2,4,10,6,3,2,2,29,-10.0,24.0,Broken,🔥 COILED: Avoid/exit,30,0.0,0.0,0.0,50.0,0,,Energy,186567.0,3.5
SSGOF,Stop Sleep Go Inc,0.004,2,4,10,6,3,2,2,29,-10.0,24.0,Broken,🔥 COILED: Avoid/exit,30,0.0,0.0,0.0,50.0,0,,Consumer Cyclical,184800.0,25.5
CPQQ,China Power Equipment Inc,0.005,2,4,10,6,3,2,2,29,-10.0,24.0,Broken,🔥 COILED: Avoid/exit,30,0.0,0.0,0.0,50.0,0,,Technology,100953.0,606.81
PGTK,Pacific Green Technologies Inc,0.001,4,5,2,8,3,5,2,29,-5.0,24.0,Broken,Avoid/exit,36,0.0,0.0,-41.7,31.9,1,,Industrials,57045.0,167.18
LKCOF,Luokung Technology Corp.,0.003,15,4,8,14,6,2,5,54,-30,24,Broken,Avoid/exit,32,0.0,2600.0,54.6,98.3,3,,Communication Services,18571.0,568.19
ETAR,Entertainment Arts Inc,0.01,2,4,10,6,3,2,2,29,-10.0,24.0,Broken,🔥 COILED: Avoid/exit,30,0.0,0.0,0.0,50.0,0,,Communication Services,nan,200.0
ISVG,Integrated Services Group Inc,0.001,2,4,10,6,3,2,2,29,-10.0,24.0,Broken,🔥 COILED: Avoid/exit,30,0.0,0.0,0.0,50.0,0,,nan,nan,218.75
SDNVY,"Siderurgica Venezolana ""Sivensa"" S.A",0.001,2,4,10,6,3,2,2,29,-10.0,24.0,Broken,🔥 COILED: Avoid/exit,29,0.0,0.0,0.0,50.0,0,,Basic Materials,nan,26.56
GBNW,Global Energy Networks Corp,0.02,2,4,10,6,3,2,2,29,-10.0,24.0,Broken,🔥 COILED: Avoid/exit,30,0.0,0.0,0.0,50.0,0,,Communication Services,100274528.0,10.4
HHIGF,Huisen Shares Group Limited,0.02,2,4,10,6,3,2,2,29,-10.0,24.0,Broken,🔥 COILED: Avoid/exit,30,0.0,0.0,0.0,50.0,0,,Consumer Cyclical,76578160.0,750.0
DYNA,Dynastar Holdings Inc,0.012,13,2,3,7,5,0,2,32,-8.0,24.0,Broken,Avoid/exit,54,-3.8,25.0,3.9,52.6,2,,Financial Services,30448240.0,21156.26
CHFHF,China Foods Limited,0.012,2,4,10,6,3,2,2,29,-10.0,24.0,Broken,🔥 COILED: Avoid/exit,30,0.0,0.0,0.0,50.0,0,,Financial Services,19778850.0,5.0
AGLY,Agiliti Inc,0.017,5,3,10,6,3,2,2,31,-10.0,24.0,Broken,Avoid/exit,27,0.0,0.0,-0.0,27.5,0,,Financial Services,10267490.0,4.0
CRYBF,Cryptoblox Technologies Inc,0.02,17,6,5,7,1,2,5,43,-19,24,Broken,Avoid/exit,25,57.0,35.8,19.9,60.2,3,10,Technology,6603868.0,76972.09
AXMIF,AXMIN Inc,0.017,2,4,10,6,3,2,2,29,-10.0,24.0,Broken,🔥 COILED: Avoid/exit,29,0.0,0.0,0.0,50.0,0,,Basic Materials,3196521.0,36.0
WGNR,Wegener Corporation,0.019,18,4,7,14,4,2,5,54,-30.0,24.0,Broken,Avoid/exit,56,0.0,54.5,18.9,81.7,3,,Technology,515793.0,11576.37
RDGAD,Ridgefield Acquisition Corp.,0.015,2,4,10,6,3,2,2,29,-10.0,24.0,Broken,🔥 COILED: Avoid/exit,29,0.0,0.0,0.0,50.0,0,,Financial Services,nan,0.0
RIINF,Braveheart Resources Inc,0.022,13,6,3,6,5,4,5,42,-18.0,24.0,Broken,Avoid/exit,34,-12.6,16.8,2.0,53.1,2,,Basic Materials,7564020.0,275369.91
OVTZ,Oculus VisionTech Inc,0.03,8,6,6,4,3,4,2,33,-10.0,24.0,Broken,Avoid/exit,23,-0.3,-0.3,-0.8,45.8,0,,Technology,2596401.0,15008.77
GCFFF,Goldcliff Resource Corporation,0.021,11,6,6,2,3,2,2,32,-8.0,24.0,Broken,Avoid/exit,32,18.2,-0.5,4.7,52.7,0,,Basic Materials,1730145.0,18710.5
HWTHF,Wildsky Resources Inc,0.021,4,3,10,4,3,5,2,31,-10.0,24.0,Broken,Avoid/exit,20,0.0,0.0,-2.9,4.4,0,,Basic Materials,1181105.0,172.79
CTNMF,China Treasures New Materials Group Ltd.,0.027,2,4,10,6,3,2,2,29,-10.0,24.0,Broken,🔥 COILED: Avoid/exit,0,0.0,0.0,0.0,50.0,0,,Basic Materials,nan,0.0
HENGF,Hengdeli Holdings Limited,0.031,13,5,2,3,6,3,2,34,-10.0,24.0,Broken,Avoid/exit,42,0.0,0.0,-0.3,55.6,0,,Industrials,88080384.0,13156.0
HUAGF,Huashi Group Holdings Limited,0.035,2,4,10,6,3,2,2,29,-10.0,24.0,Broken,🔥 COILED: Avoid/exit,0,0.0,0.0,0.0,50.0,0,,Communication Services,26972750.0,0.0
BZRD,Giant Motorsports Inc,0.046,3,5,2,8,5,4,2,29,-3.0,24.0,Broken,Avoid/exit,38,2.9,-2.1,-5.9,43.8,0,,Financial Services,34285708.0,84409.61
BBLC,Blockchain Loyalty Corp,0.045,10,7,3,11,2,2,5,40,-16.0,24.0,Broken,Avoid/exit,36,39.2,-33.7,-12.9,47.0,0,,Financial Services,6030297.0,7122.65
PTBKF,PT Surya Citra Media Tbk,0.053,2,4,10,6,3,2,2,29,-10.0,24.0,Broken,🔥 COILED: Avoid/exit,29,0.0,0.0,0.0,50.0,0,,Communication Services,3356216320.0,0.5
JUTOF,Jutal Offshore Oil Services Ltd,0.058,5,3,10,6,3,2,2,31,-10.0,24.0,Broken,Avoid/exit,22,0.0,0.0,-0.0,30.0,0,,Energy,144352448.0,439.49
GUGNF,GDH Guangnan (Holdings) Limited,0.06,2,4,10,6,3,2,2,29,-10.0,24.0,Broken,🔥 COILED: Avoid/exit,29,0.0,0.0,0.0,50.0,0,,Consumer Defensive,54455596.0,0.0
LSIHF,Lai Sun Garment (International) Limited,0.06,7,6,11,8,3,2,2,39,-18.0,24.0,Broken,Avoid/exit,42,0.0,0.0,0.0,95.5,1,,Industrials,53002432.0,189.0
BBGCF,Big Bear Gold Corp.,0.059,14,4,6,11,3,3,5,46,-22,24,Broken,Avoid/exit,0,391.7,18.0,29.3,53.7,4,6,Basic Materials,2098481.0,0.0
VRCV,Varca Ventures Inc,0.06,12,5,5,7,5,3,5,42,-18.0,24.0,Broken,Avoid/exit,47,0.0,0.0,18.9,100.0,1,,Basic Materials,421490.0,558.61
PSGTF,PT Semen Indonesia (Persero) Tbk,0.07,3,3,10,5,3,5,2,31,-10.0,24.0,Broken,Avoid/exit,0,0.0,0.0,-1.2,34.9,0,,Basic Materials,795790336.0,0.0
PBIIF,PT BFI Finance Indonesia Tbk,0.07,2,4,10,6,3,2,2,29,-10.0,24.0,Broken,🔥 COILED: Avoid/exit,29,0.0,0.0,0.0,50.0,0,,Financial Services,1032456832.0,1000.0
SSGLF,SSGLF,0.07,2,4,10,6,3,2,2,29,-10.0,24.0,Broken,🔥 COILED: Avoid/exit,29,0.0,0.0,0.0,50.0,0,,nan,7628483.0,0.0
IMPZY,Implanet SA ADR,0.08,2,4,10,6,3,2,2,29,-10.0,24.0,Broken,🔥 COILED: Avoid/exit,29,0.0,0.0,0.0,50.0,0,,Healthcare,230110352.0,35.08
IDKFF,ThreeD Capital Inc,0.072,15,14,6,6,4,2,5,52,-28.0,24.0,Broken,Avoid/exit,44,-2.7,16.1,8.5,57.5,3,,Financial Services,6798380.0,50280.38
NBLXF,Noble Plains Uranium Corp.,0.076,9,6,5,7,3,4,2,36,-15.0,24.0,Broken,Avoid/exit,37,-7.5,1.6,-1.1,49.8,2,,Energy,5899954.0,75110.39
EESE,Energy and Environmental Services Inc,0.08,3,4,1,9,4,0,5,26,-3.0,24.0,Broken,Avoid/exit,33,-20.0,-20.0,-7.3,45.7,1,,Basic Materials,4315151.0,8620.55
MTTAF,Meta Critical Minerals Inc.,0.092,3,5,5,12,0,4,2,31,-5.0,24.0,Broken,Avoid/exit,0,-12.5,-16.4,-9.0,43.6,1,,Basic Materials,13455265.0,0.0
GLHRF,Golden Harp Resources Inc,0.096,2,4,10,6,3,2,2,29,-10.0,24.0,Broken,🔥 COILED: Avoid/exit,30,0.0,0.0,0.0,50.0,0,,Basic Materials,5799507.0,31.4
CCGDF,China Cinda Asset Management Co. Ltd,0.134,5,3,10,6,3,2,2,31,-10.0,24.0,Broken,Avoid/exit,30,0.0,0.0,-0.0,0.0,0,,Financial Services,5102598144.0,0.0
PTMYF,PT Mayora Indah Tbk,0.14,2,4,10,6,3,2,2,29,-10.0,24.0,Broken,🔥 COILED: Avoid/exit,29,0.0,0.0,0.0,50.0,0,,Consumer Defensive,3083735808.0,0.0
PMCGF,PT Merdeka Copper Gold Tbk,0.1,5,4,10,6,0,2,2,29,-10.0,24.0,Broken,🔥 COILED: Avoid/exit,27,0.0,0.0,0.0,50.0,0,,Basic Materials,2441690112.0,350.0
TUWOY,Tullow Oil PLC ADR,0.121,19,7,4,11,3,5,5,54,-30,24,Broken,Avoid/exit,62,20.6,50.8,22.2,69.3,3,,Energy,393905984.0,470743.23
HAVRF,Havilah Resources Limited,0.11,2,4,10,6,3,2,2,29,-10.0,24.0,Broken,🔥 COILED: Avoid/exit,29,0.0,0.0,0.0,50.0,0,,Basic Materials,38931464.0,0.0
VTXXF,Vertex Minerals Limited,0.11,3,5,5,7,3,1,5,29,-5.0,24.0,Broken,Avoid/exit,19,0.0,0.0,-7.8,14.5,1,,Basic Materials,32470732.0,121.3
CHHYF,CHARBONE Hydrogen Corporation,0.101,14,5,7,16,5,4,5,56,-30,24,Broken,Avoid/exit,51,11.4,20.8,10.0,63.3,3,,Basic Materials,28840220.0,243569.75
PASW,"Ping An Biomedical Co., Ltd.",0.139,12,5,8,2,2,2,5,36,-13.0,24.0,Broken,Avoid/exit,31,2.1,5.2,2.5,53.0,1,,Consumer Cyclical,17810650.0,1466563.26
NOWVF,NowVertical Group Inc,0.113,16,4,6,17,4,2,5,54,-30,24,Broken,Avoid/exit,36,11.5,48.5,25.7,87.2,3,,Technology,11053053.0,9165.13
HUBV,HUBB Ventures Inc,0.11,2,4,10,6,3,2,2,29,-10.0,24.0,Broken,🔥 COILED: Avoid/exit,29,0.0,0.0,0.0,50.0,0,,Technology,6886585.0,0.0
MGHCF,Minco Capital Corp,0.11,9,4,0,13,6,0,2,34,-10.0,24.0,Broken,Avoid/exit,53,-21.4,-15.4,-8.9,46.1,0,,Financial Services,4749347.0,10267.89
AISSF,A.I.S. Resources Limited,0.133,17,5,6,9,5,6,5,53,-29,24,Broken,Avoid/exit,56,30.9,81.2,25.9,61.6,3,,Basic Materials,4632724.0,6430.46
MYCB,My City Builders Inc.,0.113,3,4,2,7,3,5,2,26,-5.0,24.0,Broken,Avoid/exit,38,0.0,0.0,-1.8,44.4,1,,Real Estate,2025715.0,52.05
NEWDF,Newfoundland Discovery Corp,0.124,12,3,5,10,3,4,2,39,-18.0,24.0,Broken,Avoid/exit,40,0.7,16.9,0.7,50.9,3,,Basic Materials,1684640.0,23914.7
CNRCF,Canter Resources Corp.,0.114,6,11,4,5,5,4,2,37,-13.0,24.0,Broken,Avoid/exit,25,21.7,5.9,6.6,52.2,2,,Basic Materials,1560278.0,11494.14
TROUF,Troubadour Resources Inc,0.106,4,2,3,11,3,4,2,29,-5.0,24.0,Broken,Avoid/exit,44,3.2,-10.1,-5.0,25.5,1,,Basic Materials,745529.0,795.64
GHGH,GuanHua Corporation,0.12,2,4,10,6,3,2,2,29,-10.0,24.0,Broken,🔥 COILED: Avoid/exit,30,0.0,0.0,0.0,50.0,0,,Financial Services,36326.0,0.01
PTEXF,Pacific Textiles Holdings Limited,0.161,2,4,10,6,3,2,2,29,-10.0,24.0,Broken,🔥 COILED: Avoid/exit,29,0.0,0.0,0.0,50.0,0,,Consumer Cyclical,221446160.0,250.0
GOSS,Gossamer Bio Inc,0.17,10,6,6,2,5,3,2,34,-15.0,24.0,Broken,🔥 COILED: Avoid/exit,35,7.7,0.1,0.2,49.8,1,,Healthcare,85010440.0,16235345.3
RCGCF,Roscan Gold Corp,0.15,12,9,4,5,6,0,5,41,-15.0,24.0,Broken,Avoid/exit,60,12.8,0.0,7.8,57.5,1,,Basic Materials,63146116.0,153291.33
NSRCF,NextSource Materials Inc,0.195,0,10,9,8,3,0,2,32,-8.0,24.0,Broken,Avoid/exit,31,-7.1,-2.5,-3.8,42.1,1,,Basic Materials,46643056.0,29187.88
GHVNF,GoldHaven Resources Corp,0.158,6,7,6,12,4,4,5,44,-18.0,24.0,Broken,Avoid/exit,37,-3.5,-4.1,2.5,55.2,1,,Basic Materials,13314061.0,182335.7
LFTSF,LifeTech Scientific Corporation,0.234,2,4,10,6,3,2,2,29,-10.0,24.0,Broken,🔥 COILED: Avoid/exit,30,0.0,0.0,0.0,50.0,0,,Healthcare,1027579200.0,4.5
IARLF,Indofood Agri Resources Ltd.,0.225,2,4,10,6,3,2,2,29,-10.0,24.0,Broken,🔥 COILED: Avoid/exit,29,0.0,0.0,0.0,50.0,0,,Consumer Defensive,314078496.0,0.0
BMTHF,Best Mart 360 Holdings Limited,0.244,2,4,10,6,3,2,2,29,-10.0,24.0,Broken,🔥 COILED: Avoid/exit,29,0.0,0.0,0.0,50.0,0,,Consumer Defensive,243490000.0,500.0
CTLLF,Close the Loop Ltd,0.24,2,4,10,6,3,2,2,29,-10.0,24.0,Broken,🔥 COILED: Avoid/exit,0,0.0,0.0,0.0,50.0,0,,Industrials,142584208.0,0.0
ELVUF,Elevate Uranium Ltd,0.207,14,11,5,5,5,5,5,50,-26.0,24.0,Broken,Avoid/exit,49,11.9,8.7,7.3,56.3,2,,Energy,94496376.0,47120.82
TRRXF,TNR Gold Corp,0.235,12,2,2,15,3,0,5,39,-15.0,24.0,Broken,Avoid/exit,56,-9.6,6.8,3.4,55.8,1,,Basic Materials,57139624.0,59163.75
RNDXF,Randgold & Exploration Company Limited,0.223,18,4,5,10,6,6,5,54,-30,24,Broken,Avoid/exit,64,0.0,494.4,51.0,100.0,3,,Basic Materials,18184736.0,611.87
GRDV,GRDV,0.2,5,4,10,6,0,2,2,29,-10.0,24.0,Broken,🔥 COILED: Avoid/exit,32,0.0,0.0,0.0,50.0,0,,Basic Materials,1568310.0,2060.0
APTFF,AP (Thailand) Public Company Limited,0.235,2,4,10,6,3,2,2,29,-10.0,24.0,Broken,🔥 COILED: Avoid/exit,0,0.0,0.0,0.0,50.0,0,,Real Estate,nan,0.0
PNDFF,PT Indofood CBP Sukses Makmur Tbk,0.302,4,7,8,4,3,1,2,29,-10.0,24.0,Broken,🔥 COILED: Avoid/exit,26,0.0,0.0,-0.6,42.7,0,,Consumer Defensive,3520730112.0,87.88
CCTTF,CITIC Telecom International Holdings Limited,0.324,2,4,10,6,3,2,2,29,-10.0,24.0,Broken,🔥 COILED: Avoid/exit,29,0.0,0.0,0.0,50.0,0,,Communication Services,1198718720.0,526.32
ALVSF,"A-Living Smart City Services Co., Ltd.",0.324,2,4,10,6,3,2,2,29,-10.0,24.0,Broken,🔥 COILED: Avoid/exit,29,0.0,0.0,0.0,50.0,1,,Real Estate,460032672.0,2.5
SLVRF,Silver One Resources Inc,0.347,15,12,5,9,4,5,5,55,-29,24,Broken,Avoid/exit,55,7.4,15.6,10.9,60.3,3,,Basic Materials,115086912.0,417891.04
SPPCF,Steppe Cement Ltd.,0.31,2,4,10,6,3,2,2,29,-10.0,24.0,Broken,🔥 COILED: Avoid/exit,29,0.0,0.0,0.0,50.0,0,,Basic Materials,67890000.0,5.0
LCKYF,Golden Sky Minerals Corp,0.3,18,4,5,14,4,2,5,52,-24,24,Broken,Avoid/exit,49,864.6,864.6,96.5,78.1,3,6,Basic Materials,7171384.0,2883.82
SFPT,"Safepoint Holdings, Inc.",0.34,12,9,6,6,5,0,2,40,-16.0,24.0,Broken,Avoid/exit,0,-4.2,-4.2,-0.5,51.0,0,,nan,nan,0.0
SNZZF,Senzime AB (publ),0.39,3,4,3,8,3,3,2,26,-5.0,24.0,Broken,Avoid/exit,22,0.0,0.0,-2.9,36.1,1,,Healthcare,76802696.0,5242.45
STQN,Strategic Acquis,0.393,17,4,6,10,6,6,5,54,-30,24,Broken,Avoid/exit,63,0.0,57.1,19.5,99.9,3,,Financial Services,18368542.0,401.7
SCNX,"Scienture Holdings, Inc.",0.38,3,4,2,9,5,4,2,29,-5.0,24.0,Broken,Avoid/exit,43,-19.5,-18.3,-9.2,40.8,1,,Healthcare,15772737.0,2228037.65
TTLTF,Total Telcom Inc,0.35,5,2,7,5,6,7,2,34,-10.0,24.0,Broken,Avoid/exit,50,0.0,-1.7,-1.4,29.5,0,,Technology,9283055.0,3208.37
CAUUF,Centaur Media Plc,0.381,5,3,10,6,3,2,2,31,-10.0,24.0,Broken,Avoid/exit,27,0.0,0.0,-0.0,3.2,1,,Communication Services,5346426.0,509.9
FSTJ,First America Resources Corporation,0.42,2,3,2,12,6,0,2,27,-8.0,24.0,Broken,Avoid/exit,26,-16.0,-16.0,-11.8,19.4,1,,Technology,36944916.0,265.28
SPCOQ,The Stephan Co.,0.43,8,7,7,3,3,2,4,34,-15.0,24.0,Broken,🔥 COILED: Avoid/exit,27,4.9,-4.4,-1.0,43.2,1,,Consumer Defensive,1785383.0,7870.71
AMGDF,Aston Martin Lagonda Global Holdings plc,0.47,5,6,8,8,0,0,2,29,-8.0,24.0,Broken,Avoid/exit,24,-5.4,-4.5,-3.2,45.8,1,,Consumer Cyclical,495281024.0,27249.03
LSRBF,LaserBond Limited,0.45,2,4,10,6,3,2,2,29,-10.0,24.0,Broken,🔥 COILED: Avoid/exit,0,0.0,0.0,0.0,50.0,0,,Industrials,53359948.0,0.0
SHALF,Shangri-La Asia Limited,0.525,5,6,10,4,3,1,2,31,-10.0,24.0,Broken,Avoid/exit,0,0.0,0.0,-0.0,14.7,0,,Consumer Cyclical,1911597952.0,0.0
BTRYF,Battery Minerals Limited,0.446,9,5,5,15,3,7,5,49,-23.0,24.0,Broken,Avoid/exit,44,-4.0,10.9,4.1,57.8,3,,Basic Materials,193914944.0,11457.25
LMRXF,Laramide Resources Ltd.,0.54,16,4,6,13,5,2,5,51,-27.0,24.0,Broken,Avoid/exit,52,17.4,20.0,17.9,75.5,3,,Energy,159230272.0,61656.66
ONGRF,ONGold Resources Ltd.,0.505,16,11,6,6,4,7,5,55,-29.0,24.0,Broken,Avoid/exit,46,13.5,14.7,15.2,67.6,3,,Basic Materials,35132624.0,65764.67
FINBF,Finbar Group Limited,0.532,2,4,10,6,3,2,2,29,-10.0,24.0,Broken,🔥 COILED: Avoid/exit,0,0.0,0.0,0.0,50.0,0,,Real Estate,nan,0.0
NGELF,NGE Capital Limited,0.629,2,4,10,6,3,2,2,29,-10.0,24.0,Broken,🔥 COILED: Avoid/exit,30,0.0,0.0,0.0,50.0,0,,Financial Services,21147306.0,44.0
FFMGF,First Mining Gold Corp,0.694,18,4,7,14,7,1,5,56,-30,24,Broken,Avoid/exit,70,7.2,18.5,15.5,77.8,3,,Basic Materials,967874688.0,1339988.16
ARBE,Arbe Robotics Ltd,0.666,1,4,8,9,2,0,5,29,-5.0,24.0,Broken,Avoid/exit,15,-11.1,-13.3,-8.2,41.0,1,,Technology,85347984.0,2828060.41
GMRCF,Gelum Resources Ltd.,0.66,13,5,4,14,3,3,5,47,-23.0,24.0,Broken,Avoid/exit,60,-0.1,-10.8,4.5,56.3,1,,Basic Materials,22778624.0,22085.72
UNEH,"Universal New Energy Holding Group, Inc.",0.65,20,5,3,9,4,1,5,47,-23,24,Broken,Avoid/exit,54,649.7,47.2,24.6,57.7,3,7,Industrials,17021856.0,2455.24
WMTN,WestMountain Gold Inc,0.676,6,6,9,5,3,5,2,36,-15.0,24.0,Broken,Avoid/exit,20,0.0,0.0,-2.2,30.4,1,,Basic Materials,18022740.0,27.32
GRDLF,Grindrod Ltd. ,0.748,2,4,10,6,3,2,2,29,-10.0,24.0,Broken,🔥 COILED: Avoid/exit,29,0.0,0.0,0.0,50.0,0,,Industrials,499694848.0,6.46
YHEKF,Yeahka Limited,0.722,4,3,10,4,3,5,2,31,-10.0,24.0,Broken,Avoid/exit,21,0.0,0.0,-0.9,0.0,0,,Technology,279734208.0,44.49
DYNR,Dynaresource Inc,0.727,7,4,3,10,3,2,5,34,-10.0,24.0,Broken,Avoid/exit,33,-3.1,-12.4,-3.7,49.2,0,,Basic Materials,22008814.0,9804.34
PLAG,Planet Green Holdings Corp,0.724,4,6,1,9,2,4,5,31,-5.0,24.0,Broken,Avoid/exit,17,-0.9,-36.0,-23.4,47.0,1,,Industrials,10317295.0,1935263.66
TRCTF,Traction Uranium Corp,0.704,11,9,9,4,4,0,4,41,-17.0,24.0,Broken,Avoid/exit,36,-0.4,0.2,1.3,48.5,1,,Basic Materials,6404725.0,2557.61
YUMM,Yummies Inc,0.75,2,4,10,6,3,2,2,29,-10.0,24.0,Broken,🔥 COILED: Avoid/exit,29,0.0,0.0,0.0,50.0,0,,Consumer Defensive,337219872.0,40.0
CWLPF,The Caldwell Partners International Inc,0.74,8,3,9,6,3,3,2,34,-10.0,24.0,Broken,Avoid/exit,51,0.0,-1.3,-0.9,47.1,0,,Industrials,22111472.0,0.0
VTHPF,Vital Healthcare Property Trust,0.85,2,4,10,6,3,2,2,29,-10.0,24.0,Broken,🔥 COILED: Avoid/exit,29,0.0,0.0,0.0,50.0,1,,Real Estate,686058048.0,76.03
CGMLF,Chalice Mining Limited,0.87,8,3,3,9,0,4,5,32,-8.0,24.0,Broken,Avoid/exit,32,-8.4,-13.0,-7.8,44.0,1,,Basic Materials,339441408.0,3746.34
APRE,Aprea Therapeutics Inc,0.86,19,4,3,14,5,4,5,54,-30,24,Broken,⚠️ EXHAUSTION RISK: Avoid/exit,41,34.4,28.2,16.3,62.8,3,,Healthcare,12339314.0,839818.56
PSSMF,Press Metal Aluminium Holdings Berhad,1,2,4,10,6,3,2,2,29,-10.0,24.0,Broken,🔥 COILED: Avoid/exit,29,0.0,0.0,0.0,50.0,0,,Basic Materials,8239617536.0,10.0
LEXLF,Lexington Gold Ltd,1,2,4,10,6,3,2,2,29,-10.0,24.0,Broken,🔥 COILED: Avoid/exit,0,0.0,0.0,0.0,50.0,0,,Basic Materials,473861056.0,0.0
GLCP,GLCP,1,2,4,10,6,3,2,2,29,-10.0,24.0,Broken,🔥 COILED: Avoid/exit,30,0.0,0.0,0.0,50.0,0,,Industrials,154394752.0,40.0
SLSN,"Solesence, Inc. Common Stock",0.955,10,8,5,3,3,2,5,36,-13.0,24.0,Broken,Avoid/exit,37,-3.5,-5.5,-0.2,49.9,2,,Consumer Defensive,67107628.0,58048.62
PSPX,PSPX,1,2,4,10,6,3,2,2,29,-10.0,24.0,Broken,🔥 COILED: Avoid/exit,30,0.0,0.0,0.0,50.0,0,,Consumer Cyclical,14375000.0,4.0
BMMAX,Blackrock Multi-Manager Alt Fund Cl A,1,2,4,10,6,3,2,2,29,-10.0,24.0,Broken,🔥 COILED: Avoid/exit,29,0.0,0.0,0.0,50.0,0,,Other,0.0,0.0
IUGXX,Invesco Treasurers Series Trust - Invesco Premier U.S. Government Money Portfolio,1,2,4,10,6,3,2,2,29,-10.0,24.0,Broken,🔥 COILED: Avoid/exit,29,0.0,0.0,0.0,50.0,0,,Other,nan,0.0
BMMCX,Blackrock Multi-Manager Alt Fund Cl C,1,2,4,10,6,3,2,2,29,-10.0,24.0,Broken,🔥 COILED: Avoid/exit,29,0.0,0.0,0.0,50.0,0,,Other,0.0,0.0
CPVPX,Columbia Leg Captl Preservation Port A,1,2,4,10,6,3,2,2,29,-10.0,24.0,Broken,🔥 COILED: Avoid/exit,29,0.0,0.0,0.0,50.0,0,,Other,0.0,0.0
FDRXX,Fidelity Govt Cash Rsrvs,1,2,4,10,6,3,2,2,29,-10.0,24.0,Broken,🔥 COILED: Avoid/exit,29,0.0,0.0,0.0,50.0,0,,nan,nan,0.0
VUSXX,Vanguard Treasury Money Market Fund,1,2,4,10,6,3,2,2,29,-10.0,24.0,Broken,🔥 COILED: Avoid/exit,29,0.0,0.0,0.0,50.0,0,,nan,nan,0.0
VMFXX,Vanguard Federal Money Market Fund Investor Shares,1,2,4,10,6,3,2,2,29,-10.0,24.0,Broken,🔥 COILED: Avoid/exit,29,0.0,0.0,0.0,50.0,0,,nan,nan,0.0
SPAXX,Fidelity® Government Money Market Fund,1,2,4,10,6,3,2,2,29,-10.0,24.0,Broken,🔥 COILED: Avoid/exit,0,0.0,0.0,0.0,50.0,0,,nan,nan,0.0
TFDXX,BlackRock Liquidity Funds FedFund Institutional Shares,1,2,4,10,6,3,2,2,29,-10.0,24.0,Broken,🔥 COILED: Avoid/exit,29,0.0,0.0,0.0,50.0,0,,nan,nan,0.0
AALXX,Thrivent Money Market Fund Class S,1,2,4,10,6,3,2,2,29,-10.0,24.0,Broken,🔥 COILED: Avoid/exit,29,0.0,0.0,0.0,50.0,0,,nan,nan,0.0
AGPXX,Invesco Short-Term Investments Trust Government & Agency Portfolio Institutional,1,2,4,10,6,3,2,2,29,-10.0,24.0,Broken,🔥 COILED: Avoid/exit,29,0.0,0.0,0.0,50.0,0,,nan,nan,0.0
FTIXX,Goldman Sachs Financial Square Treasury Instruments Fund Institutional Shares,1,2,4,10,6,3,2,2,29,-10.0,24.0,Broken,🔥 COILED: Avoid/exit,29,0.0,0.0,0.0,50.0,0,,nan,nan,0.0
DAPXX,Dreyfus Government Securities Cash Management Administrative Shares,1,2,4,10,6,3,2,2,29,-10.0,24.0,Broken,🔥 COILED: Avoid/exit,29,0.0,0.0,0.0,50.0,0,,nan,nan,0.0
FGTXX,Goldman Sachs Financial Square Government Fund Institutional Shares,1,2,4,10,6,3,2,2,29,-10.0,24.0,Broken,🔥 COILED: Avoid/exit,29,0.0,0.0,0.0,50.0,0,,nan,nan,0.0
MVRXX,Morgan Stanley Institutional Liquidity Funds -  Government Portfolio,1,2,4,10,6,3,2,2,29,-10.0,24.0,Broken,🔥 COILED: Avoid/exit,29,0.0,0.0,0.0,50.0,0,,nan,nan,0.0
MISXX,Morgan Stanley Institutional Liquidity Funds - Treasury Portfolio,1,2,4,10,6,3,2,2,29,-10.0,24.0,Broken,🔥 COILED: Avoid/exit,29,0.0,0.0,0.0,50.0,0,,nan,nan,0.0
FGXXX,First American Funds Inc. - Government Obligations Fund,1,2,4,10,6,3,2,2,29,-10.0,24.0,Broken,🔥 COILED: Avoid/exit,29,0.0,0.0,0.0,50.0,0,,nan,nan,0.0
FXFXX,First American Funds Inc. - Treasury Obligations Fund,1,2,4,10,6,3,2,2,29,-10.0,24.0,Broken,🔥 COILED: Avoid/exit,29,0.0,0.0,0.0,50.0,0,,nan,nan,0.0
GVMXX,State Street Master Funds - State Street U.S. Government Money Market Portfolio,1,2,4,10,6,3,2,2,29,-10.0,24.0,Broken,🔥 COILED: Avoid/exit,29,0.0,0.0,0.0,50.0,0,,nan,nan,0.0
DTRXX,Dreyfus Treasury Obligations Cash Management,1,2,4,10,6,3,2,2,29,-10.0,24.0,Broken,🔥 COILED: Avoid/exit,29,0.0,0.0,0.0,50.0,0,,nan,nan,0.0
FSIXX,Fidelity Colchester Street Trust - Treasury Only Portfolio,1,2,4,10,6,3,2,2,29,-10.0,24.0,Broken,🔥 COILED: Avoid/exit,29,0.0,0.0,0.0,50.0,0,,nan,nan,0.0
TPIXX,State Street Institutional Investment Trust - State Street Institutional Treasury Plus Money Market,1,2,4,10,6,3,2,2,29,-10.0,24.0,Broken,🔥 COILED: Avoid/exit,29,0.0,0.0,0.0,50.0,0,,nan,nan,0.0
FRAXX,Goldman Sachs Trust - Goldman Sachs Financial Square Treasury Instruments Fund,1,2,4,10,6,3,2,2,29,-10.0,24.0,Broken,🔥 COILED: Avoid/exit,29,0.0,0.0,0.0,50.0,0,,nan,nan,0.0
TTTXX,BlackRock Liquidity Funds - Treasury Trust Fund,1,2,4,10,6,3,2,2,29,-10.0,24.0,Broken,🔥 COILED: Avoid/exit,29,0.0,0.0,0.0,50.0,0,,nan,nan,0.0
FIGXX,Fidelity Colchester Street Trust - Government Portfolio,1,2,4,10,6,3,2,2,29,-10.0,24.0,Broken,🔥 COILED: Avoid/exit,29,0.0,0.0,0.0,50.0,0,,nan,nan,0.0
FMJXX,Goldman Sachs Investor Money Market Fund Class I,1,2,4,10,6,3,2,2,29,-10.0,24.0,Broken,🔥 COILED: Avoid/exit,29,0.0,0.0,0.0,50.0,0,,nan,nan,0.0
SWGXX,Schwab Government Money Fund,1,2,4,10,6,3,2,2,29,-10.0,24.0,Broken,🔥 COILED: Avoid/exit,29,0.0,0.0,0.0,50.0,0,,nan,nan,0.0
SWVXX,Schwab Value Advantage Money Fund,1,2,4,10,6,3,2,2,29,-10.0,24.0,Broken,🔥 COILED: Avoid/exit,29,0.0,0.0,0.0,50.0,0,,nan,nan,0.0
TSCXX,T. Rowe Price Cash Reserves Fund,1,2,4,10,6,3,2,2,29,-10.0,24.0,Broken,🔥 COILED: Avoid/exit,29,0.0,0.0,0.0,50.0,0,,nan,nan,0.0
DGCXX,Dreyfus Government Cash Management Fund,1,2,4,10,6,3,2,2,29,-10.0,24.0,Broken,🔥 COILED: Avoid/exit,29,0.0,0.0,0.0,50.0,0,,nan,nan,0.0
MUSXX,MainStay U.S. Government Liquidity Fund Class I,1,2,4,10,6,3,2,2,29,-10.0,24.0,Broken,🔥 COILED: Avoid/exit,29,0.0,0.0,0.0,50.0,0,,nan,nan,0.0
SAHXX,State Street Institutional U.S. Government Money Market Fund,1,2,4,10,6,3,2,2,29,-10.0,24.0,Broken,🔥 COILED: Avoid/exit,29,0.0,0.0,0.0,50.0,0,,nan,nan,0.0
INFXX,Institutional Fiduciary Trust Money Market Fund,1,2,4,10,6,3,2,2,29,-10.0,24.0,Broken,🔥 COILED: Avoid/exit,29,0.0,0.0,0.0,50.0,0,,nan,nan,0.0
TSTXX,BlackRock Liquidity Funds - T-Fund,1,2,4,10,6,3,2,2,29,-10.0,24.0,Broken,🔥 COILED: Avoid/exit,29,0.0,0.0,0.0,50.0,0,,nan,nan,0.0
AAOXX,American Beacon U.S. Government Money Market Select Fund,1,2,4,10,6,3,2,2,29,-10.0,24.0,Broken,🔥 COILED: Avoid/exit,29,0.0,0.0,0.0,50.0,0,,nan,nan,0.0
ABZXX,American Funds U.S. Government Money Market Fund,1,2,4,10,6,3,2,2,29,-10.0,24.0,Broken,🔥 COILED: Avoid/exit,29,0.0,0.0,0.0,50.0,0,,nan,nan,0.0
ACAXX,American Century Investment Trust - Prime Money Market Fund,1,2,4,10,6,3,2,2,29,-10.0,24.0,Broken,🔥 COILED: Avoid/exit,29,0.0,0.0,0.0,50.0,0,,nan,nan,0.0
ACNXX,AIM Investment Securities Funds (Invesco Investment Securities Funds) - Government Money Market Fund,1,2,4,10,6,3,2,2,29,-10.0,24.0,Broken,🔥 COILED: Avoid/exit,29,0.0,0.0,0.0,50.0,0,,nan,nan,0.0
ACXXX,AIM Investment Securities Funds (Invesco Investment Securities Funds) - Government Money Market Fund,1,2,4,10,6,3,2,2,29,-10.0,24.0,Broken,🔥 COILED: Avoid/exit,29,0.0,0.0,0.0,50.0,0,,nan,nan,0.0
AEAXX,AB Government Exchange Reserves,1,2,4,10,6,3,2,2,29,-10.0,24.0,Broken,🔥 COILED: Avoid/exit,29,0.0,0.0,0.0,50.0,0,,nan,nan,0.0
ACZXX,AIM Investment Securities Funds (Invesco Investment Securities Funds) - Government Money Market Fund,1,2,4,10,6,3,2,2,29,-10.0,24.0,Broken,🔥 COILED: Avoid/exit,29,0.0,0.0,0.0,50.0,0,,nan,nan,0.0
AECXX,AB Fixed-Income Shares Inc. - AB Government Money Market Portfolio,1,2,4,10,6,3,2,2,29,-10.0,24.0,Broken,🔥 COILED: Avoid/exit,29,0.0,0.0,0.0,50.0,0,,nan,nan,0.0
ADAXX,AIM Investment Securities Funds (Invesco Investment Securities Funds) - Government Money Market Fund,1,2,4,10,6,3,2,2,29,-10.0,24.0,Broken,🔥 COILED: Avoid/exit,29,0.0,0.0,0.0,50.0,0,,nan,nan,0.0
AEYXX,AB Government Exchange Reserves,1,2,4,10,6,3,2,2,29,-10.0,24.0,Broken,🔥 COILED: Avoid/exit,29,0.0,0.0,0.0,50.0,0,,nan,nan,0.0
AGCXX,Short-Term Investment Trust - Invesco Government & Agency Portfolio,1,2,4,10,6,3,2,2,29,-10.0,24.0,Broken,🔥 COILED: Avoid/exit,29,0.0,0.0,0.0,50.0,0,,nan,nan,0.0
AGQXX,American Century Investment Trust - Premium Money Market Fund,1,2,4,10,6,3,2,2,29,-10.0,24.0,Broken,🔥 COILED: Avoid/exit,29,0.0,0.0,0.0,50.0,0,,nan,nan,0.0
AGHXX,American Century Investment Trust - Premium Money Market Fund,1,2,4,10,6,3,2,2,29,-10.0,24.0,Broken,🔥 COILED: Avoid/exit,29,0.0,0.0,0.0,50.0,0,,nan,nan,0.0
AGRXX,AllianceBernstein Bond Fund - Government Reserves Portfolio Fund,1,2,4,10,6,3,2,2,29,-10.0,24.0,Broken,🔥 COILED: Avoid/exit,29,0.0,0.0,0.0,50.0,0,,nan,nan,0.0
AIEXX,AB Government Exchange Reserves,1,2,4,10,6,3,2,2,29,-10.0,24.0,Broken,🔥 COILED: Avoid/exit,29,0.0,0.0,0.0,50.0,0,,nan,nan,0.0
AIMXX,AIM Investment Securities Funds (Invesco Investment Securities Funds) - Government Money Market Fund,1,2,4,10,6,3,2,2,29,-10.0,24.0,Broken,🔥 COILED: Avoid/exit,29,0.0,0.0,0.0,50.0,0,,nan,nan,0.0
AIYXX,AIM Investment Securities Funds (Invesco Investment Securities Funds) - Government Money Market Fund,1,2,4,10,6,3,2,2,29,-10.0,24.0,Broken,🔥 COILED: Avoid/exit,29,0.0,0.0,0.0,50.0,0,,nan,nan,0.0
AMAXX,PIMCO Funds - PIMCO Government Money Market Fund,1,2,4,10,6,3,2,2,29,-10.0,24.0,Broken,🔥 COILED: Avoid/exit,29,0.0,0.0,0.0,50.0,0,,nan,nan,0.0
AMMXX,Thrivent Mutual Funds - Thrivent Money Market Fund,1,2,4,10,6,3,2,2,29,-10.0,24.0,Broken,🔥 COILED: Avoid/exit,29,0.0,0.0,0.0,50.0,0,,nan,nan,0.0
AMGXX,PIMCO Funds - PIMCO Government Money Market Fund,1,2,4,10,6,3,2,2,29,-10.0,24.0,Broken,🔥 COILED: Avoid/exit,29,0.0,0.0,0.0,50.0,0,,nan,nan,0.0
APCXX,Cavanal Hill Funds - Government Securities Money Market Fund,1,2,4,10,6,3,2,2,29,-10.0,24.0,Broken,🔥 COILED: Avoid/exit,29,0.0,0.0,0.0,50.0,0,,nan,nan,0.0
APGXX,Cavanal Hill Funds - U.S. Treasury Fund,1,2,4,10,6,3,2,2,29,-10.0,24.0,Broken,🔥 COILED: Avoid/exit,29,0.0,0.0,0.0,50.0,0,,nan,nan,0.0
APHXX,Cavanal Hill Funds - Government Securities Money Market Fund,1,2,4,10,6,3,2,2,29,-10.0,24.0,Broken,🔥 COILED: Avoid/exit,29,0.0,0.0,0.0,50.0,0,,nan,nan,0.0
APKXX,Cavanal Hill Funds - U.S. Treasury Fund,1,2,4,10,6,3,2,2,29,-10.0,24.0,Broken,🔥 COILED: Avoid/exit,29,0.0,0.0,0.0,50.0,0,,nan,nan,0.0
APNXX,Cavanal Hill Funds - U.S. Treasury Fund,1,2,4,10,6,3,2,2,29,-10.0,24.0,Broken,🔥 COILED: Avoid/exit,29,0.0,0.0,0.0,50.0,0,,nan,nan,0.0
APPXX,Cavanal Hill Funds - Government Securities Money Market Fund,1,2,4,10,6,3,2,2,29,-10.0,24.0,Broken,🔥 COILED: Avoid/exit,29,0.0,0.0,0.0,50.0,0,,nan,nan,0.0
APSXX,Cavanal Hill Funds - Government Securities Money Market Fund,1,2,4,10,6,3,2,2,29,-10.0,24.0,Broken,🔥 COILED: Avoid/exit,29,0.0,0.0,0.0,50.0,0,,nan,nan,0.0
ARCXX,American Century Investment Trust - Prime Money Market Fund,1,2,4,10,6,3,2,2,29,-10.0,24.0,Broken,🔥 COILED: Avoid/exit,29,0.0,0.0,0.0,50.0,0,,nan,nan,0.0
BBSXX,BBH Trust - BBH U.S. Government Money Market Fund,1,2,4,10,6,3,2,2,29,-10.0,24.0,Broken,🔥 COILED: Avoid/exit,29,0.0,0.0,0.0,50.0,0,,nan,nan,0.0
BCHXX,BlackRock Liquidity Funds - T-Fund,1,2,4,10,6,3,2,2,29,-10.0,24.0,Broken,🔥 COILED: Avoid/exit,29,0.0,0.0,0.0,50.0,0,,nan,nan,0.0
BCTXX,American Century California Tax-Free and Municipal Funds - California Tax-Free Money Market Fund,1,2,4,10,6,3,2,2,29,-10.0,24.0,Broken,🔥 COILED: Avoid/exit,29,0.0,0.0,0.0,50.0,0,,nan,nan,0.0
BECXX,BlackRock Liquidity Funds - Federal Trust Fund,1,2,4,10,6,3,2,2,29,-10.0,24.0,Broken,🔥 COILED: Avoid/exit,29,0.0,0.0,0.0,50.0,0,,nan,nan,0.0
BFFXX,BlackRock Liquidity Funds - FedFund,1,2,4,10,6,3,2,2,29,-10.0,24.0,Broken,🔥 COILED: Avoid/exit,29,0.0,0.0,0.0,50.0,0,,nan,nan,0.0
BFRXX,BlackRock Liquidity Funds - FedFund,1,2,4,10,6,3,2,2,29,-10.0,24.0,Broken,🔥 COILED: Avoid/exit,29,0.0,0.0,0.0,50.0,0,,nan,nan,0.0
BFMXX,BlackRock Liquidity Funds - Federal Trust Fund,1,2,4,10,6,3,2,2,29,-10.0,24.0,Broken,🔥 COILED: Avoid/exit,29,0.0,0.0,0.0,50.0,0,,nan,nan,0.0
BFTXX,BlackRock Liquidity Funds - Federal Trust Fund,1,2,4,10,6,3,2,2,29,-10.0,24.0,Broken,🔥 COILED: Avoid/exit,29,0.0,0.0,0.0,50.0,0,,nan,nan,0.0
BMMIX,CollegeAdvantage 529 Savings Plan - BlackRock Money Market Option,1,2,4,10,6,3,2,2,29,-10.0,24.0,Broken,🔥 COILED: Avoid/exit,29,0.0,0.0,0.0,50.0,0,,nan,nan,0.0
BGSXX,Northern Institutional Funds - U.S. Government Select Portfolio,1,2,4,10,6,3,2,2,29,-10.0,24.0,Broken,🔥 COILED: Avoid/exit,29,0.0,0.0,0.0,50.0,0,,nan,nan,0.0
BNGXX,Northern Institutional Funds - U.S. Government Portfolio,1,2,4,10,6,3,2,2,29,-10.0,24.0,Broken,🔥 COILED: Avoid/exit,29,0.0,0.0,0.0,50.0,0,,nan,nan,0.0
BNTXX,American Century Municipal Trust - Tax-Free Money Market Fund,1,2,4,10,6,3,2,2,29,-10.0,24.0,Broken,🔥 COILED: Avoid/exit,29,0.0,0.0,0.0,50.0,0,,nan,nan,0.0
BPRXX,American Century Investment Trust - Prime Money Market Fund,1,2,4,10,6,3,2,2,29,-10.0,24.0,Broken,🔥 COILED: Avoid/exit,29,0.0,0.0,0.0,50.0,0,,nan,nan,0.0
BSCXX,Northern Institutional Funds - U.S. Government Select Portfolio,1,2,4,10,6,3,2,2,29,-10.0,24.0,Broken,🔥 COILED: Avoid/exit,29,0.0,0.0,0.0,50.0,0,,nan,nan,0.0
BRIXX,Blackrock Funds III - Treasury Money Market Fund,1,2,4,10,6,3,2,2,29,-10.0,24.0,Broken,🔥 COILED: Avoid/exit,29,0.0,0.0,0.0,50.0,0,,nan,nan,0.0
BTCXX,BlackRock Liquidity Funds - Treasury Trust Fund,1,2,4,10,6,3,2,2,29,-10.0,24.0,Broken,🔥 COILED: Avoid/exit,29,0.0,0.0,0.0,50.0,0,,nan,nan,0.0
BTRXX,BlackRock Liquidity Funds - T-Fund,1,2,4,10,6,3,2,2,29,-10.0,24.0,Broken,🔥 COILED: Avoid/exit,29,0.0,0.0,0.0,50.0,0,,nan,nan,0.0
CACPX,Future Scholar 529 College Savings Plan - Conservative Portfolio,1,2,4,10,6,3,2,2,29,-10.0,24.0,Broken,🔥 COILED: Avoid/exit,29,0.0,0.0,0.0,50.0,0,,nan,nan,0.0
CACXX,Money Market Obligations Trust - Federated Hermes California Municipal Cash Trust,1,2,4,10,6,3,2,2,29,-10.0,24.0,Broken,🔥 COILED: Avoid/exit,29,0.0,0.0,0.0,50.0,0,,nan,nan,0.0
CAGXX,Cash Account Trust - Government & Agency Securities Portfolio,1,2,4,10,6,3,2,2,29,-10.0,24.0,Broken,🔥 COILED: Avoid/exit,29,0.0,0.0,0.0,50.0,0,,nan,nan,0.0
CAIXX,Money Market Obligations Trust - Federated Hermes California Municipal Cash Trust,1,2,4,10,6,3,2,2,29,-10.0,24.0,Broken,🔥 COILED: Avoid/exit,29,0.0,0.0,0.0,50.0,0,,nan,nan,0.0
CALXX,Money Market Obligations Trust - Federated Hermes California Municipal Cash Trust,1,2,4,10,6,3,2,2,29,-10.0,24.0,Broken,🔥 COILED: Avoid/exit,29,0.0,0.0,0.0,50.0,0,,nan,nan,0.0
CBDCX,Future Scholar 529 College Savings Plan - Columbia Bank Deposit 529 Portfolio,1,2,4,10,6,3,2,2,29,-10.0,24.0,Broken,🔥 COILED: Avoid/exit,29,0.0,0.0,0.0,50.0,0,,nan,nan,0.0
CBDEX,Future Scholar 529 College Savings Plan - Columbia Bank Deposit 529 Portfolio,1,2,4,10,6,3,2,2,29,-10.0,24.0,Broken,🔥 COILED: Avoid/exit,29,0.0,0.0,0.0,50.0,0,,nan,nan,0.0
CBDAX,Future Scholar 529 College Savings Plan - Columbia Bank Deposit 529 Portfolio,1,2,4,10,6,3,2,2,29,-10.0,24.0,Broken,🔥 COILED: Avoid/exit,29,0.0,0.0,0.0,50.0,0,,nan,nan,0.0
CBDPX,Future Scholar 529 College Savings Plan - Columbia Bank Deposit 529 Portfolio,1,2,4,10,6,3,2,2,29,-10.0,24.0,Broken,🔥 COILED: Avoid/exit,29,0.0,0.0,0.0,50.0,0,,nan,nan,0.0
CCCPX,Future Scholar 529 College Savings Plan - Conservative Portfolio,1,2,4,10,6,3,2,2,29,-10.0,24.0,Broken,🔥 COILED: Avoid/exit,29,0.0,0.0,0.0,50.0,0,,nan,nan,0.0
CCSXX,Money Market Obligations Trust - Federated Hermes California Municipal Cash Trust,1,2,4,10,6,3,2,2,29,-10.0,24.0,Broken,🔥 COILED: Avoid/exit,29,0.0,0.0,0.0,50.0,0,,nan,nan,0.0
CCCXX,Money Market Obligations Trust - Federated Hermes California Municipal Cash Trust,1,2,4,10,6,3,2,2,29,-10.0,24.0,Broken,🔥 COILED: Avoid/exit,29,0.0,0.0,0.0,50.0,0,,nan,nan,0.0
CEAXX,Citizensselect Funds - Dreyfus Institutional Preferred Treasury Securities Money Market Fund,1,2,4,10,6,3,2,2,29,-10.0,24.0,Broken,🔥 COILED: Avoid/exit,29,0.0,0.0,0.0,50.0,0,,nan,nan,0.0
CECPX,Future Scholar 529 College Savings Plan - Conservative Portfolio,1,2,4,10,6,3,2,2,29,-10.0,24.0,Broken,🔥 COILED: Avoid/exit,29,0.0,0.0,0.0,50.0,0,,nan,nan,0.0
CEIXX,Citizensselect Funds - Dreyfus Institutional Preferred Treasury Securities Money Market Fund,1,2,4,10,6,3,2,2,29,-10.0,24.0,Broken,🔥 COILED: Avoid/exit,29,0.0,0.0,0.0,50.0,0,,nan,nan,0.0
CIFXX,LeggMason Partners Institutional Trust - Western Asset Institutional Tax Free Reserves,1,2,4,10,6,3,2,2,29,-10.0,24.0,Broken,🔥 COILED: Avoid/exit,29,0.0,0.0,0.0,50.0,0,,nan,nan,0.0
CIIXX,Legg Mason Partners Institutional Trust - Western Asset Institutional U.S. Treasury Reserves,1,2,4,10,6,3,2,2,29,-10.0,24.0,Broken,🔥 COILED: Avoid/exit,29,0.0,0.0,0.0,50.0,0,,nan,nan,0.0
CNGXX,City National Rochdale Funds - City National Rochdale Government Money Market Fund,1,2,4,10,6,3,2,2,29,-10.0,24.0,Broken,🔥 COILED: Avoid/exit,29,0.0,0.0,0.0,50.0,0,,nan,nan,0.0
CNFXX,City National Rochdale Funds - City National Rochdale Government Money Market Fund,1,2,4,10,6,3,2,2,29,-10.0,24.0,Broken,🔥 COILED: Avoid/exit,29,0.0,0.0,0.0,50.0,0,,nan,nan,0.0
CNIXX,City National Rochdale Funds - City National Rochdale Government Money Market Fund,1,2,4,10,6,3,2,2,29,-10.0,24.0,Broken,🔥 COILED: Avoid/exit,29,0.0,0.0,0.0,50.0,0,,nan,nan,0.0
COSXX,Morgan Stanley Institutional Liquidity Funds -  Government Portfolio,1,2,4,10,6,3,2,2,29,-10.0,24.0,Broken,🔥 COILED: Avoid/exit,29,0.0,0.0,0.0,50.0,0,,nan,nan,0.0
CRJXX,MFS Series Trust I - MFS U.S. Government Cash Reserve Fund,1,2,4,10,6,3,2,2,29,-10.0,24.0,Broken,🔥 COILED: Avoid/exit,29,0.0,0.0,0.0,50.0,0,,nan,nan,0.0
CRKXX,MFS Series Trust I - MFS U.S. Government Cash Reserve Fund,1,2,4,10,6,3,2,2,29,-10.0,24.0,Broken,🔥 COILED: Avoid/exit,29,0.0,0.0,0.0,50.0,0,,nan,nan,0.0
CPFXX,American Century Government Income Trust - Capital Preservation Fund,1,2,4,10,6,3,2,2,29,-10.0,24.0,Broken,🔥 COILED: Avoid/exit,29,0.0,0.0,0.0,50.0,0,,nan,nan,0.0
CRHXX,MFS Series Trust I - MFS U.S. Government Cash Reserve Fund,1,2,4,10,6,3,2,2,29,-10.0,24.0,Broken,🔥 COILED: Avoid/exit,29,0.0,0.0,0.0,50.0,0,,nan,nan,0.0
CRVXX,MFS Series Trust I - MFS U.S. Government Cash Reserve Fund,1,2,4,10,6,3,2,2,29,-10.0,24.0,Broken,🔥 COILED: Avoid/exit,29,0.0,0.0,0.0,50.0,0,,nan,nan,0.0
CRRXX,MFS Series Trust I - MFS U.S. Government Cash Reserve Fund,1,2,4,10,6,3,2,2,29,-10.0,24.0,Broken,🔥 COILED: Avoid/exit,29,0.0,0.0,0.0,50.0,0,,nan,nan,0.0
CVGXX,BofA Funds Series Trust - BofA Money Market Reserves,1,2,4,10,6,3,2,2,29,-10.0,24.0,Broken,🔥 COILED: Avoid/exit,29,0.0,0.0,0.0,50.0,0,,nan,nan,0.0
CRMXX,MFS Series Trust I - MFS U.S. Government Cash Reserve Fund,1,2,4,10,6,3,2,2,29,-10.0,24.0,Broken,🔥 COILED: Avoid/exit,29,0.0,0.0,0.0,50.0,0,,nan,nan,0.0
DARXX,Dreyfus Treasury Securities Cash Management,1,2,4,10,6,3,2,2,29,-10.0,24.0,Broken,🔥 COILED: Avoid/exit,29,0.0,0.0,0.0,50.0,0,,nan,nan,0.0
DBBXX,Cash Account Trust - Government & Agency Securities Portfolio,1,2,4,10,6,3,2,2,29,-10.0,24.0,Broken,🔥 COILED: Avoid/exit,29,0.0,0.0,0.0,50.0,0,,nan,nan,0.0
DAGXX,Dreyfus Government Cash Management Fund,1,2,4,10,6,3,2,2,29,-10.0,24.0,Broken,🔥 COILED: Avoid/exit,29,0.0,0.0,0.0,50.0,0,,nan,nan,0.0
CVTXX,Short-Term Investment Trust - Invesco Treasury Portfolio,1,2,4,10,6,3,2,2,29,-10.0,24.0,Broken,🔥 COILED: Avoid/exit,29,0.0,0.0,0.0,50.0,0,,nan,nan,0.0
DGEXX,Morgan Stanley U.S Government Money Market Trust Fund,1,2,4,10,6,3,2,2,29,-10.0,24.0,Broken,🔥 COILED: Avoid/exit,29,0.0,0.0,0.0,50.0,0,,nan,nan,0.0
DCMXX,Cash Account Trust - Government & Agency Securities Portfolio,1,2,4,10,6,3,2,2,29,-10.0,24.0,Broken,🔥 COILED: Avoid/exit,29,0.0,0.0,0.0,50.0,0,,nan,nan,0.0
DGQXX,Dreyfus Government Cash Management Fund,1,2,4,10,6,3,2,2,29,-10.0,24.0,Broken,🔥 COILED: Avoid/exit,29,0.0,0.0,0.0,50.0,0,,nan,nan,0.0
DGPXX,Dreyfus Government Cash Management Funds - Dreyfus Government Prime Cash Management,1,2,4,10,6,3,2,2,29,-10.0,24.0,Broken,🔥 COILED: Avoid/exit,29,0.0,0.0,0.0,50.0,0,,nan,nan,0.0
DGUXX,Dreyfus Government Cash Management Fund,1,2,4,10,6,3,2,2,29,-10.0,24.0,Broken,🔥 COILED: Avoid/exit,29,0.0,0.0,0.0,50.0,0,,nan,nan,0.0
DGVXX,Dreyfus Government Cash Management Fund,1,2,4,10,6,3,2,2,29,-10.0,24.0,Broken,🔥 COILED: Avoid/exit,29,0.0,0.0,0.0,50.0,0,,nan,nan,0.0
DIPXX,Dreyfus Government Cash Management Funds - Dreyfus Government Prime Cash Management,1,2,4,10,6,3,2,2,29,-10.0,24.0,Broken,🔥 COILED: Avoid/exit,29,0.0,0.0,0.0,50.0,0,,nan,nan,0.0
DHLXX,Dreyfus Institutional Reserves Funds - Dreyfus Institutional Treasury and Agency Cash Advantage Fund,1,2,4,10,6,3,2,2,29,-10.0,24.0,Broken,🔥 COILED: Avoid/exit,29,0.0,0.0,0.0,50.0,0,,nan,nan,0.0
DIRXX,Dreyfus Treasury Securities Cash Management,1,2,4,10,6,3,2,2,29,-10.0,24.0,Broken,🔥 COILED: Avoid/exit,29,0.0,0.0,0.0,50.0,0,,nan,nan,0.0
DNSXX,Dreyfus Institutional Reserves Funds - Dreyfus Institutional Treasury and Agency Cash Advantage Fund,1,2,4,10,6,3,2,2,29,-10.0,24.0,Broken,🔥 COILED: Avoid/exit,29,0.0,0.0,0.0,50.0,0,,nan,nan,0.0
DOAXX,DWS Money Market Prime Series - DWS Cash Investment Trust,1,2,4,10,6,3,2,2,29,-10.0,24.0,Broken,🔥 COILED: Avoid/exit,29,0.0,0.0,0.0,50.0,0,,nan,nan,0.0
DOSXX,DWS Money Market Prime Series - DWS Cash Investment Trust,1,2,4,10,6,3,2,2,29,-10.0,24.0,Broken,🔥 COILED: Avoid/exit,29,0.0,0.0,0.0,50.0,0,,nan,nan,0.0
DOCXX,DWS Money Market Prime Series - DWS Cash Investment Trust,1,2,4,10,6,3,2,2,29,-10.0,24.0,Broken,🔥 COILED: Avoid/exit,29,0.0,0.0,0.0,50.0,0,,nan,nan,0.0
DPGXX,Dreyfus Government Cash Management Fund,1,2,4,10,6,3,2,2,29,-10.0,24.0,Broken,🔥 COILED: Avoid/exit,29,0.0,0.0,0.0,50.0,0,,nan,nan,0.0
DPRXX,Dreyfus Treasury Securities Cash Management,1,2,4,10,6,3,2,2,29,-10.0,24.0,Broken,🔥 COILED: Avoid/exit,29,0.0,0.0,0.0,50.0,0,,nan,nan,0.0
DSVXX,Dreyfus Institutional Reserves Funds - Dreyfus Institutional Preferred Government Money Market Fund,1,2,4,10,6,3,2,2,29,-10.0,24.0,Broken,🔥 COILED: Avoid/exit,29,0.0,0.0,0.0,50.0,0,,nan,nan,0.0
DSHXX,Dreyfus Institutional Reserves Funds - Dreyfus Institutional Preferred Government Money Market Fund,1,2,4,10,6,3,2,2,29,-10.0,24.0,Broken,🔥 COILED: Avoid/exit,29,0.0,0.0,0.0,50.0,0,,nan,nan,0.0
DTBXX,Cash Account Trust - DWS Tax-Exempt Portfolio,1,2,4,10,6,3,2,2,29,-10.0,24.0,Broken,🔥 COILED: Avoid/exit,29,0.0,0.0,0.0,50.0,0,,nan,nan,0.0
DTAXX,Dreyfus Treasury Obligations Cash Management,1,2,4,10,6,3,2,2,29,-10.0,24.0,Broken,🔥 COILED: Avoid/exit,29,0.0,0.0,0.0,50.0,0,,nan,nan,0.0
DTCXX,Cash Account Trust - DWS Tax-Exempt Portfolio,1,2,4,10,6,3,2,2,29,-10.0,24.0,Broken,🔥 COILED: Avoid/exit,29,0.0,0.0,0.0,50.0,0,,nan,nan,0.0
DTDXX,Cash Account Trust - DWS Tax-Exempt Portfolio,1,2,4,10,6,3,2,2,29,-10.0,24.0,Broken,🔥 COILED: Avoid/exit,29,0.0,0.0,0.0,50.0,0,,nan,nan,0.0
DTGXX,Cash Account Trust - Government & Agency Securities Portfolio,1,2,4,10,6,3,2,2,29,-10.0,24.0,Broken,🔥 COILED: Avoid/exit,29,0.0,0.0,0.0,50.0,0,,nan,nan,0.0
DTHXX,Dreyfus Treasury Securities Cash Management,1,2,4,10,6,3,2,2,29,-10.0,24.0,Broken,🔥 COILED: Avoid/exit,29,0.0,0.0,0.0,50.0,0,,nan,nan,0.0
DTKXX,Dreyfus Treasury Obligations Cash Management,1,2,4,10,6,3,2,2,29,-10.0,24.0,Broken,🔥 COILED: Avoid/exit,29,0.0,0.0,0.0,50.0,0,,nan,nan,0.0
DTNXX,Dreyfus Treasury Obligations Cash Management,1,2,4,10,6,3,2,2,29,-10.0,24.0,Broken,🔥 COILED: Avoid/exit,29,0.0,0.0,0.0,50.0,0,,nan,nan,0.0
DTLXX,Dreyfus Institutional Liquidity Funds - Dreyfus Treasury and Agency Liquidity Money Market Fund,1,2,4,10,6,3,2,2,29,-10.0,24.0,Broken,🔥 COILED: Avoid/exit,29,0.0,0.0,0.0,50.0,0,,nan,nan,0.0
DTPXX,Dreyfus Treasury Obligations Cash Management,1,2,4,10,6,3,2,2,29,-10.0,24.0,Broken,🔥 COILED: Avoid/exit,29,0.0,0.0,0.0,50.0,0,,nan,nan,0.0
DTVXX,Dreyfus Treasury Obligations Cash Management,1,2,4,10,6,3,2,2,29,-10.0,24.0,Broken,🔥 COILED: Avoid/exit,29,0.0,0.0,0.0,50.0,0,,nan,nan,0.0
DVPXX,Dreyfus Government Cash Management Funds - Dreyfus Government Prime Cash Management,1,2,4,10,6,3,2,2,29,-10.0,24.0,Broken,🔥 COILED: Avoid/exit,29,0.0,0.0,0.0,50.0,0,,nan,nan,0.0
DVRXX,Dreyfus Treasury Securities Cash Management,1,2,4,10,6,3,2,2,29,-10.0,24.0,Broken,🔥 COILED: Avoid/exit,29,0.0,0.0,0.0,50.0,0,,nan,nan,0.0
DWGXX,Morgan Stanley U.S Government Money Market Trust Fund,1,2,4,10,6,3,2,2,29,-10.0,24.0,Broken,🔥 COILED: Avoid/exit,29,0.0,0.0,0.0,50.0,0,,nan,nan,0.0
ELMXX,Elfun Government Money Market Fund,1,2,4,10,6,3,2,2,29,-10.0,24.0,Broken,🔥 COILED: Avoid/exit,29,0.0,0.0,0.0,50.0,0,,nan,nan,0.0
FCEXX,Fidelity Colchester Street Trust - Treasury Portfolio,1,2,4,10,6,3,2,2,29,-10.0,24.0,Broken,🔥 COILED: Avoid/exit,29,0.0,0.0,0.0,50.0,0,,nan,nan,0.0
FAAXX,First American Funds Inc. - Government Obligations Fund,1,2,4,10,6,3,2,2,29,-10.0,24.0,Broken,🔥 COILED: Avoid/exit,29,0.0,0.0,0.0,50.0,0,,nan,nan,0.0
FAPXX,First American Funds Inc. - Retail Prime Obligations Fund,1,2,4,10,6,3,2,2,29,-10.0,24.0,Broken,🔥 COILED: Avoid/exit,29,0.0,0.0,0.0,50.0,0,,nan,nan,0.0
FCGXX,Fidelity Colchester Street Trust - Government Portfolio,1,2,4,10,6,3,2,2,29,-10.0,24.0,Broken,🔥 COILED: Avoid/exit,29,0.0,0.0,0.0,50.0,0,,nan,nan,0.0
FATXX,First American Funds Inc. - Treasury Obligations Fund,1,2,4,10,6,3,2,2,29,-10.0,24.0,Broken,🔥 COILED: Avoid/exit,29,0.0,0.0,0.0,50.0,0,,nan,nan,0.0
FCIXX,Fidelity Colchester Street Trust - Money Market Portfolio,1,2,4,10,6,3,2,2,29,-10.0,24.0,Broken,🔥 COILED: Avoid/exit,29,0.0,0.0,0.0,50.0,0,,nan,nan,0.0
FCOXX,Fidelity Colchester Street Trust - Money Market Portfolio,1,2,4,10,6,3,2,2,29,-10.0,24.0,Broken,🔥 COILED: Avoid/exit,29,0.0,0.0,0.0,50.0,0,,nan,nan,0.0
FCSXX,Fidelity Colchester Street Trust - Treasury Portfolio,1,2,4,10,6,3,2,2,29,-10.0,24.0,Broken,🔥 COILED: Avoid/exit,29,0.0,0.0,0.0,50.0,0,,nan,nan,0.0
FCVXX,Fidelity Colchester Street Trust - Government Portfolio,1,2,4,10,6,3,2,2,29,-10.0,24.0,Broken,🔥 COILED: Avoid/exit,29,0.0,0.0,0.0,50.0,0,,nan,nan,0.0
FCYXX,Goldman Sachs Trust - Investor Tax-Exempt Money Market Fund,1,2,4,10,6,3,2,2,29,-10.0,24.0,Broken,🔥 COILED: Avoid/exit,29,0.0,0.0,0.0,50.0,0,,nan,nan,0.0
FDEXX,Fidelity Newbury Street Trust - Tax-Exempt Fund,1,2,4,10,6,3,2,2,29,-10.0,24.0,Broken,🔥 COILED: Avoid/exit,29,0.0,0.0,0.0,50.0,0,,nan,nan,0.0
FDCXX,Fidelity Newbury Street Trust - Treasury Fund,1,2,4,10,6,3,2,2,29,-10.0,24.0,Broken,🔥 COILED: Avoid/exit,29,0.0,0.0,0.0,50.0,0,,nan,nan,0.0
FDUXX,Fidelity Newbury Street Trust - Treasury Fund,1,2,4,10,6,3,2,2,29,-10.0,24.0,Broken,🔥 COILED: Avoid/exit,29,0.0,0.0,0.0,50.0,0,,nan,nan,0.0
FDLXX,Fidelity Hereford Street Trust - Fidelity Treasury Only Money Market Fund,1,2,4,10,6,3,2,2,29,-10.0,24.0,Broken,🔥 COILED: Avoid/exit,29,0.0,0.0,0.0,50.0,0,,nan,nan,0.0
FEAXX,Goldman Sachs Trust - Goldman Sachs Investor Tax-Exempt Money Market Fund,1,2,4,10,6,3,2,2,29,-10.0,24.0,Broken,🔥 COILED: Avoid/exit,29,0.0,0.0,0.0,50.0,0,,nan,nan,0.0
FEDXX,Goldman Sachs Trust - Goldman Sachs Financial Square Federal Fund,1,2,4,10,6,3,2,2,29,-10.0,24.0,Broken,🔥 COILED: Avoid/exit,29,0.0,0.0,0.0,50.0,0,,nan,nan,0.0
FERXX,Fidelity Newbury Street Trust - Tax-Exempt Fund,1,2,4,10,6,3,2,2,29,-10.0,24.0,Broken,🔥 COILED: Avoid/exit,29,0.0,0.0,0.0,50.0,0,,nan,nan,0.0
FEIXX,First American Funds Inc. - Retail Prime Obligations Fund,1,2,4,10,6,3,2,2,29,-10.0,24.0,Broken,🔥 COILED: Avoid/exit,29,0.0,0.0,0.0,50.0,0,,nan,nan,0.0
FESXX,Goldman Sachs Trust - Goldman Sachs Investor Tax-Exempt Money Market Fund,1,2,4,10,6,3,2,2,29,-10.0,24.0,Broken,🔥 COILED: Avoid/exit,29,0.0,0.0,0.0,50.0,0,,nan,nan,0.0
FETXX,Fidelity Colchester Street Trust - Tax-Exempt Portfolio,1,2,4,10,6,3,2,2,29,-10.0,24.0,Broken,🔥 COILED: Avoid/exit,29,0.0,0.0,0.0,50.0,0,,nan,nan,0.0
FEXXX,Fidelity Colchester Street Trust - Tax-Exempt Portfolio,1,2,4,10,6,3,2,2,29,-10.0,24.0,Broken,🔥 COILED: Avoid/exit,29,0.0,0.0,0.0,50.0,0,,nan,nan,0.0
FFCXX,First American Funds Inc. - Retail Tax Free Obligations Fund,1,2,4,10,6,3,2,2,29,-10.0,24.0,Broken,🔥 COILED: Avoid/exit,29,0.0,0.0,0.0,50.0,0,,nan,nan,0.0
FFTXX,Money Market Obligations Trust - Federated Institutional Tax-Free Cash Trust,1,2,4,10,6,3,2,2,29,-10.0,24.0,Broken,🔥 COILED: Avoid/exit,29,0.0,0.0,0.0,50.0,0,,nan,nan,0.0
FGEXX,Fidelity Colchester Street Trust - Government Portfolio,1,2,4,10,6,3,2,2,29,-10.0,24.0,Broken,🔥 COILED: Avoid/exit,29,0.0,0.0,0.0,50.0,0,,nan,nan,0.0
FGAXX,Goldman Sachs Trust - Goldman Sachs Financial Square Treasury Obligations Fund,1,2,4,10,6,3,2,2,29,-10.0,24.0,Broken,🔥 COILED: Avoid/exit,29,0.0,0.0,0.0,50.0,0,,nan,nan,0.0
FGDXX,First American Funds Inc. - Government Obligations Fund,1,2,4,10,6,3,2,2,29,-10.0,24.0,Broken,🔥 COILED: Avoid/exit,29,0.0,0.0,0.0,50.0,0,,nan,nan,0.0
FGGXX,Goldman Sachs Trust - Goldman Sachs Financial Square Government Fund,1,2,4,10,6,3,2,2,29,-10.0,24.0,Broken,🔥 COILED: Avoid/exit,29,0.0,0.0,0.0,50.0,0,,nan,nan,0.0
FGNXX,Fidelity Salem Street Trust - Government Money Market Fund,1,2,4,10,6,3,2,2,29,-10.0,24.0,Broken,🔥 COILED: Avoid/exit,29,0.0,0.0,0.0,50.0,0,,nan,nan,0.0
FGUXX,First American Funds Inc. - Government Obligations Fund,1,2,4,10,6,3,2,2,29,-10.0,24.0,Broken,🔥 COILED: Avoid/exit,29,0.0,0.0,0.0,50.0,0,,nan,nan,0.0
FGZXX,First American Funds Inc. - Government Obligations Fund,1,2,4,10,6,3,2,2,29,-10.0,24.0,Broken,🔥 COILED: Avoid/exit,29,0.0,0.0,0.0,50.0,0,,nan,nan,0.0
FGVXX,First American Funds Inc. - Government Obligations Fund,1,2,4,10,6,3,2,2,29,-10.0,24.0,Broken,🔥 COILED: Avoid/exit,29,0.0,0.0,0.0,50.0,0,,nan,nan,0.0
FHMXX,Goldman Sachs Trust - Investor Money Market Fund,1,2,4,10,6,3,2,2,29,-10.0,24.0,Broken,🔥 COILED: Avoid/exit,29,0.0,0.0,0.0,50.0,0,,nan,nan,0.0
FHIXX,First American Funds Inc. - Retail Tax Free Obligations Fund,1,2,4,10,6,3,2,2,29,-10.0,24.0,Broken,🔥 COILED: Avoid/exit,29,0.0,0.0,0.0,50.0,0,,nan,nan,0.0
FHSXX,Goldman Sachs Trust - Investor Money Market Fund,1,2,4,10,6,3,2,2,29,-10.0,24.0,Broken,🔥 COILED: Avoid/exit,29,0.0,0.0,0.0,50.0,0,,nan,nan,0.0
FIKXX,Goldman Sachs Trust - Goldman Sachs Financial Square Federal Fund,1,2,4,10,6,3,2,2,29,-10.0,24.0,Broken,🔥 COILED: Avoid/exit,29,0.0,0.0,0.0,50.0,0,,nan,nan,0.0
FIHXX,Goldman Sachs Trust - Goldman Sachs Financial Square Federal Fund,1,2,4,10,6,3,2,2,29,-10.0,24.0,Broken,🔥 COILED: Avoid/exit,29,0.0,0.0,0.0,50.0,0,,nan,nan,0.0
FILXX,Goldman Sachs Trust - Goldman Sachs Financial Square Federal Fund,1,2,4,10,6,3,2,2,29,-10.0,24.0,Broken,🔥 COILED: Avoid/exit,29,0.0,0.0,0.0,50.0,0,,nan,nan,0.0
FIOXX,Goldman Sachs Trust - Goldman Sachs Financial Square Federal Fund,1,2,4,10,6,3,2,2,29,-10.0,24.0,Broken,🔥 COILED: Avoid/exit,29,0.0,0.0,0.0,50.0,0,,nan,nan,0.0
FIRXX,Goldman Sachs Trust - Goldman Sachs Financial Square Federal Fund,1,2,4,10,6,3,2,2,29,-10.0,24.0,Broken,🔥 COILED: Avoid/exit,29,0.0,0.0,0.0,50.0,0,,nan,nan,0.0
FIWXX,Goldman Sachs Trust - Goldman Sachs Financial Square Federal Fund,1,2,4,10,6,3,2,2,29,-10.0,24.0,Broken,🔥 COILED: Avoid/exit,29,0.0,0.0,0.0,50.0,0,,nan,nan,0.0
FLIXX,First American Funds Inc. - Treasury Obligations Fund,1,2,4,10,6,3,2,2,29,-10.0,24.0,Broken,🔥 COILED: Avoid/exit,29,0.0,0.0,0.0,50.0,0,,nan,nan,0.0
FMAXX,Fidelity Massachusetts Municipal Trust - Fidelity Massachusetts AMT Tax-Free Money Market Fund,1,2,4,10,6,3,2,2,29,-10.0,24.0,Broken,🔥 COILED: Avoid/exit,29,0.0,0.0,0.0,50.0,0,,nan,nan,0.0
FKIXX,Goldman Sachs Trust - Investor Tax-Exempt Money Market Fund,1,2,4,10,6,3,2,2,29,-10.0,24.0,Broken,🔥 COILED: Avoid/exit,29,0.0,0.0,0.0,50.0,0,,nan,nan,0.0
FLPXX,Meeder Funds - Institutional Prime Money Market Fund,1,2,4,10,6,3,2,2,29,-10.0,24.0,Broken,🔥 COILED: Avoid/exit,29,0.0,0.0,0.0,50.0,0,,nan,nan,0.0
FMEXX,Goldman Sachs Trust - Investor Money Market Fund,1,2,4,10,6,3,2,2,29,-10.0,24.0,Broken,🔥 COILED: Avoid/exit,29,0.0,0.0,0.0,50.0,0,,nan,nan,0.0
FMKXX,Goldman Sachs Trust - Investor Money Market Fund,1,2,4,10,6,3,2,2,29,-10.0,24.0,Broken,🔥 COILED: Avoid/exit,29,0.0,0.0,0.0,50.0,0,,nan,nan,0.0
FMFXX,Franklin U.S. Government Money Fund,1,2,4,10,6,3,2,2,29,-10.0,24.0,Broken,🔥 COILED: Avoid/exit,29,0.0,0.0,0.0,50.0,0,,nan,nan,0.0
FMOXX,Fidelity Newbury Street Trust - Tax-Exempt Fund,1,2,4,10,6,3,2,2,29,-10.0,24.0,Broken,🔥 COILED: Avoid/exit,29,0.0,0.0,0.0,50.0,0,,nan,nan,0.0
FMGXX,Goldman Sachs Trust - Investor Money Market Fund,1,2,4,10,6,3,2,2,29,-10.0,24.0,Broken,🔥 COILED: Avoid/exit,29,0.0,0.0,0.0,50.0,0,,nan,nan,0.0
FMQXX,Fidelity Salem Street Trust - Fidelity SAI Municipal Money Market Fund,1,2,4,10,6,3,2,2,29,-10.0,24.0,Broken,🔥 COILED: Avoid/exit,29,0.0,0.0,0.0,50.0,0,,nan,nan,0.0
FMPXX,Fidelity Colchester Street Trust - Money Market Portfolio,1,2,4,10,6,3,2,2,29,-10.0,24.0,Broken,🔥 COILED: Avoid/exit,29,0.0,0.0,0.0,50.0,0,,nan,nan,0.0
FMSXX,Fidelity Massachusetts Municipal Trust - Fidelity Massachusetts AMT Tax-Free Money Market Fund,1,2,4,10,6,3,2,2,29,-10.0,24.0,Broken,🔥 COILED: Avoid/exit,29,0.0,0.0,0.0,50.0,0,,nan,nan,0.0
FMYXX,Fidelity Colchester Street Trust - Money Market Portfolio,1,2,4,10,6,3,2,2,29,-10.0,24.0,Broken,🔥 COILED: Avoid/exit,29,0.0,0.0,0.0,50.0,0,,nan,nan,0.0
FNDXX,Federated Private Liquidity Funds-Prime Private Liquidity Fund,1,2,4,10,6,3,2,2,29,-10.0,24.0,Broken,🔥 COILED: Avoid/exit,29,0.0,0.0,0.0,50.0,0,,nan,nan,0.0
FNCXX,Money Market Obligations Trust - Federated New York Municipal Cash Trust,1,2,4,10,6,3,2,2,29,-10.0,24.0,Broken,🔥 COILED: Avoid/exit,29,0.0,0.0,0.0,50.0,0,,nan,nan,0.0
FNKXX,Fidelity New York Municipal Trust II - Fidelity New York AMT Tax-Free Money Market Fund,1,2,4,10,6,3,2,2,29,-10.0,24.0,Broken,🔥 COILED: Avoid/exit,29,0.0,0.0,0.0,50.0,0,,nan,nan,0.0
FNTXX,Money Market Obligations Trust - Federated New York Municipal Cash Trust,1,2,4,10,6,3,2,2,29,-10.0,24.0,Broken,🔥 COILED: Avoid/exit,29,0.0,0.0,0.0,50.0,0,,nan,nan,0.0
FOCXX,First American Funds Inc. - Treasury Obligations Fund,1,2,4,10,6,3,2,2,29,-10.0,24.0,Broken,🔥 COILED: Avoid/exit,29,0.0,0.0,0.0,50.0,0,,nan,nan,0.0
FOAXX,Goldman Sachs Trust - Goldman Sachs Financial Square Government Fund,1,2,4,10,6,3,2,2,29,-10.0,24.0,Broken,🔥 COILED: Avoid/exit,29,0.0,0.0,0.0,50.0,0,,nan,nan,0.0
FODXX,First American Funds Inc. - U.S. Treasury Money Market Fund,1,2,4,10,6,3,2,2,29,-10.0,24.0,Broken,🔥 COILED: Avoid/exit,29,0.0,0.0,0.0,50.0,0,,nan,nan,0.0
FOEXX,First American Funds Inc. - U.S. Treasury Money Market Fund,1,2,4,10,6,3,2,2,29,-10.0,24.0,Broken,🔥 COILED: Avoid/exit,29,0.0,0.0,0.0,50.0,0,,nan,nan,0.0
FOIXX,Fidelity Colchester Street Trust - Treasury Only Portfolio,1,2,4,10,6,3,2,2,29,-10.0,24.0,Broken,🔥 COILED: Avoid/exit,29,0.0,0.0,0.0,50.0,0,,nan,nan,0.0
FOPXX,Fidelity Colchester Street Trust - Treasury Only Portfolio,1,2,4,10,6,3,2,2,29,-10.0,24.0,Broken,🔥 COILED: Avoid/exit,29,0.0,0.0,0.0,50.0,0,,nan,nan,0.0
FOSXX,Goldman Sachs Trust - Goldman Sachs Financial Square Government Fund,1,2,4,10,6,3,2,2,29,-10.0,24.0,Broken,🔥 COILED: Avoid/exit,29,0.0,0.0,0.0,50.0,0,,nan,nan,0.0
FOXXX,Fidelity Colchester Street Trust - Treasury Only Portfolio,1,2,4,10,6,3,2,2,29,-10.0,24.0,Broken,🔥 COILED: Avoid/exit,29,0.0,0.0,0.0,50.0,0,,nan,nan,0.0
FOYXX,First American Funds Inc. - U.S. Treasury Money Market Fund,1,2,4,10,6,3,2,2,29,-10.0,24.0,Broken,🔥 COILED: Avoid/exit,29,0.0,0.0,0.0,50.0,0,,nan,nan,0.0
FPPXX,First American Funds Inc. - Government Obligations Fund,1,2,4,10,6,3,2,2,29,-10.0,24.0,Broken,🔥 COILED: Avoid/exit,29,0.0,0.0,0.0,50.0,0,,nan,nan,0.0
FOZXX,First American Funds Inc. - U.S. Treasury Money Market Fund,1,2,4,10,6,3,2,2,29,-10.0,24.0,Broken,🔥 COILED: Avoid/exit,29,0.0,0.0,0.0,50.0,0,,nan,nan,0.0
FPUXX,First American Funds Inc. - Retail Prime Obligations Fund,1,2,4,10,6,3,2,2,29,-10.0,24.0,Broken,🔥 COILED: Avoid/exit,29,0.0,0.0,0.0,50.0,0,,nan,nan,0.0
FRBXX,Fidelity Colchester Street Trust - Treasury Portfolio,1,2,4,10,6,3,2,2,29,-10.0,24.0,Broken,🔥 COILED: Avoid/exit,29,0.0,0.0,0.0,50.0,0,,nan,nan,0.0
FRFXX,Money Market Obligations Trust - Federated Hermes Capital Reserve Fund,1,2,4,10,6,3,2,2,29,-10.0,24.0,Broken,🔥 COILED: Avoid/exit,29,0.0,0.0,0.0,50.0,0,,nan,nan,0.0
FRSXX,Fidelity Colchester Street Trust - Treasury Only Portfolio,1,2,4,10,6,3,2,2,29,-10.0,24.0,Broken,🔥 COILED: Avoid/exit,29,0.0,0.0,0.0,50.0,0,,nan,nan,0.0
FRQXX,Franklin U.S. Government Money Fund,1,2,4,10,6,3,2,2,29,-10.0,24.0,Broken,🔥 COILED: Avoid/exit,29,0.0,0.0,0.0,50.0,0,,nan,nan,0.0
FRRXX,Franklin U.S. Government Money Fund,1,2,4,10,6,3,2,2,29,-10.0,24.0,Broken,🔥 COILED: Avoid/exit,29,0.0,0.0,0.0,50.0,0,,nan,nan,0.0
FSBXX,Fidelity California Municipal Trust II - Fidelity California AMT Tax-Free Money Market Fund,1,2,4,10,6,3,2,2,29,-10.0,24.0,Broken,🔥 COILED: Avoid/exit,29,0.0,0.0,0.0,50.0,0,,nan,nan,0.0
FSJXX,Fidelity Court Street Trust II - Fidelity New Jersey AMT Tax-Free Money Market Fund,1,2,4,10,6,3,2,2,29,-10.0,24.0,Broken,🔥 COILED: Avoid/exit,29,0.0,0.0,0.0,50.0,0,,nan,nan,0.0
FSGXX,Goldman Sachs Trust - Goldman Sachs Financial Square Government Fund,1,2,4,10,6,3,2,2,29,-10.0,24.0,Broken,🔥 COILED: Avoid/exit,29,0.0,0.0,0.0,50.0,0,,nan,nan,0.0
FSKXX,Fidelity Court Street Trust II - Fidelity New Jersey AMT Tax-Free Money Market Fund,1,2,4,10,6,3,2,2,29,-10.0,24.0,Broken,🔥 COILED: Avoid/exit,29,0.0,0.0,0.0,50.0,0,,nan,nan,0.0
FSOXX,Goldman Sachs Trust - Goldman Sachs Financial Square Government Fund,1,2,4,10,6,3,2,2,29,-10.0,24.0,Broken,🔥 COILED: Avoid/exit,29,0.0,0.0,0.0,50.0,0,,nan,nan,0.0
FSNXX,Fidelity New York Municipal Trust II - Fidelity New York AMT Tax-Free Money Market Fund,1,2,4,10,6,3,2,2,29,-10.0,24.0,Broken,🔥 COILED: Avoid/exit,29,0.0,0.0,0.0,50.0,0,,nan,nan,0.0
FSRXX,Fidelity Newbury Street Trust - Treasury Fund,1,2,4,10,6,3,2,2,29,-10.0,24.0,Broken,🔥 COILED: Avoid/exit,29,0.0,0.0,0.0,50.0,0,,nan,nan,0.0
FSXXX,Fidelity Colchester Street Trust - Tax-Exempt Portfolio,1,2,4,10,6,3,2,2,29,-10.0,24.0,Broken,🔥 COILED: Avoid/exit,29,0.0,0.0,0.0,50.0,0,,nan,nan,0.0
FTCXX,Fidelity Colchester Street Trust - Tax-Exempt Portfolio,1,2,4,10,6,3,2,2,29,-10.0,24.0,Broken,🔥 COILED: Avoid/exit,29,0.0,0.0,0.0,50.0,0,,nan,nan,0.0
FTAXX,First American Funds Inc. - Retail Tax Free Obligations Fund,1,2,4,10,6,3,2,2,29,-10.0,24.0,Broken,🔥 COILED: Avoid/exit,29,0.0,0.0,0.0,50.0,0,,nan,nan,0.0
FTFXX,Money Market Obligations Trust - Federated Institutional Tax-Free Cash Trust,1,2,4,10,6,3,2,2,29,-10.0,24.0,Broken,🔥 COILED: Avoid/exit,29,0.0,0.0,0.0,50.0,0,,nan,nan,0.0
FTDXX,First American Funds Inc. - Treasury Obligations Fund,1,2,4,10,6,3,2,2,29,-10.0,24.0,Broken,🔥 COILED: Avoid/exit,29,0.0,0.0,0.0,50.0,0,,nan,nan,0.0
FTJXX,First American Funds Inc. - Retail Tax Free Obligations Fund,1,2,4,10,6,3,2,2,29,-10.0,24.0,Broken,🔥 COILED: Avoid/exit,29,0.0,0.0,0.0,50.0,0,,nan,nan,0.0
FTGXX,First American Funds Inc. - Government Obligations Fund,1,2,4,10,6,3,2,2,29,-10.0,24.0,Broken,🔥 COILED: Avoid/exit,29,0.0,0.0,0.0,50.0,0,,nan,nan,0.0
FTKXX,First American Funds Inc. - U.S. Treasury Money Market Fund,1,2,4,10,6,3,2,2,29,-10.0,24.0,Broken,🔥 COILED: Avoid/exit,29,0.0,0.0,0.0,50.0,0,,nan,nan,0.0
FTOXX,Goldman Sachs Trust - Goldman Sachs Financial Square Treasury Obligations Fund,1,2,4,10,6,3,2,2,29,-10.0,24.0,Broken,🔥 COILED: Avoid/exit,29,0.0,0.0,0.0,50.0,0,,nan,nan,0.0
FTQXX,Franklin U.S. Government Money Fund,1,2,4,10,6,3,2,2,29,-10.0,24.0,Broken,🔥 COILED: Avoid/exit,29,0.0,0.0,0.0,50.0,0,,nan,nan,0.0
FTVXX,Fidelity Colchester Street Trust - Treasury Portfolio,1,2,4,10,6,3,2,2,29,-10.0,24.0,Broken,🔥 COILED: Avoid/exit,29,0.0,0.0,0.0,50.0,0,,nan,nan,0.0
FTUXX,Fidelity Colchester Street Trust - Treasury Portfolio,1,2,4,10,6,3,2,2,29,-10.0,24.0,Broken,🔥 COILED: Avoid/exit,29,0.0,0.0,0.0,50.0,0,,nan,nan,0.0
FTTXX,Fifth Third Funds - Fifth Third US Treasury Money Market Fund,1,2,4,10,6,3,2,2,29,-10.0,24.0,Broken,🔥 COILED: Avoid/exit,29,0.0,0.0,0.0,50.0,0,,nan,nan,0.0
FTYXX,Fidelity Colchester Street Trust - Treasury Only Portfolio,1,2,4,10,6,3,2,2,29,-10.0,24.0,Broken,🔥 COILED: Avoid/exit,29,0.0,0.0,0.0,50.0,0,,nan,nan,0.0
FTXXX,Goldman Sachs Trust - Goldman Sachs Investor Tax-Exempt Money Market Fund,1,2,4,10,6,3,2,2,29,-10.0,24.0,Broken,🔥 COILED: Avoid/exit,29,0.0,0.0,0.0,50.0,0,,nan,nan,0.0
FUGXX,Invesco Treasurers Series Trust - Invesco Premier U.S. Government Money Portfolio,1,2,4,10,6,3,2,2,29,-10.0,24.0,Broken,🔥 COILED: Avoid/exit,29,0.0,0.0,0.0,50.0,0,,nan,nan,0.0
FTZXX,First American Funds Inc. - Retail Tax Free Obligations Fund,1,2,4,10,6,3,2,2,29,-10.0,24.0,Broken,🔥 COILED: Avoid/exit,29,0.0,0.0,0.0,50.0,0,,nan,nan,0.0
FUIXX,First American Funds Inc. - U.S. Treasury Money Market Fund,1,2,4,10,6,3,2,2,29,-10.0,24.0,Broken,🔥 COILED: Avoid/exit,29,0.0,0.0,0.0,50.0,0,,nan,nan,0.0
FUPXX,First American Funds Inc. - Treasury Obligations Fund,1,2,4,10,6,3,2,2,29,-10.0,24.0,Broken,🔥 COILED: Avoid/exit,29,0.0,0.0,0.0,50.0,0,,nan,nan,0.0
FUZXX,First American Funds Inc. - Treasury Obligations Fund,1,2,4,10,6,3,2,2,29,-10.0,24.0,Broken,🔥 COILED: Avoid/exit,29,0.0,0.0,0.0,50.0,0,,nan,nan,0.0
FVAXX,Goldman Sachs Trust - Goldman Sachs Financial Square Federal Fund,1,2,4,10,6,3,2,2,29,-10.0,24.0,Broken,🔥 COILED: Avoid/exit,29,0.0,0.0,0.0,50.0,0,,nan,nan,0.0
FVIXX,First American Funds Inc. - Government Obligations Fund,1,2,4,10,6,3,2,2,29,-10.0,24.0,Broken,🔥 COILED: Avoid/exit,29,0.0,0.0,0.0,50.0,0,,nan,nan,0.0
FYAXX,Goldman Sachs Trust - Goldman Sachs Financial Square Treasury Obligations Fund,1,2,4,10,6,3,2,2,29,-10.0,24.0,Broken,🔥 COILED: Avoid/exit,29,0.0,0.0,0.0,50.0,0,,nan,nan,0.0
FXRXX,First American Funds Inc. - U.S. Treasury Money Market Fund,1,2,4,10,6,3,2,2,29,-10.0,24.0,Broken,🔥 COILED: Avoid/exit,29,0.0,0.0,0.0,50.0,0,,nan,nan,0.0
FVSXX,Goldman Sachs Trust - Goldman Sachs Financial Square Federal Fund,1,2,4,10,6,3,2,2,29,-10.0,24.0,Broken,🔥 COILED: Avoid/exit,29,0.0,0.0,0.0,50.0,0,,nan,nan,0.0
FYRXX,First American Funds Inc. - Retail Prime Obligations Fund,1,2,4,10,6,3,2,2,29,-10.0,24.0,Broken,🔥 COILED: Avoid/exit,29,0.0,0.0,0.0,50.0,0,,nan,nan,0.0
FYSXX,Goldman Sachs Trust - Goldman Sachs Financial Square Treasury Instruments Fund,1,2,4,10,6,3,2,2,29,-10.0,24.0,Broken,🔥 COILED: Avoid/exit,29,0.0,0.0,0.0,50.0,0,,nan,nan,0.0
FZAXX,Fidelity Hereford Street Trust - Fidelity Government Money Market Fund,1,2,4,10,6,3,2,2,29,-10.0,24.0,Broken,🔥 COILED: Avoid/exit,29,0.0,0.0,0.0,50.0,0,,nan,nan,0.0
FZBXX,Fidelity Hereford Street Trust - Fidelity Government Money Market Fund,1,2,4,10,6,3,2,2,29,-10.0,24.0,Broken,🔥 COILED: Avoid/exit,29,0.0,0.0,0.0,50.0,0,,nan,nan,0.0
FZEXX,Fidelity Newbury Street Trust - Tax-Exempt Fund,1,2,4,10,6,3,2,2,29,-10.0,24.0,Broken,🔥 COILED: Avoid/exit,29,0.0,0.0,0.0,50.0,0,,nan,nan,0.0
FZFXX,Fidelity Newbury Street Trust - Treasury Fund,1,2,4,10,6,3,2,2,29,-10.0,24.0,Broken,🔥 COILED: Avoid/exit,29,0.0,0.0,0.0,50.0,0,,nan,nan,0.0
FZGXX,Fidelity Hereford Street Trust - Fidelity Government Money Market Fund,1,2,4,10,6,3,2,2,29,-10.0,24.0,Broken,🔥 COILED: Avoid/exit,29,0.0,0.0,0.0,50.0,0,,nan,nan,0.0
FZRXX,First American Funds Inc. - Retail Prime Obligations Fund,1,2,4,10,6,3,2,2,29,-10.0,24.0,Broken,🔥 COILED: Avoid/exit,29,0.0,0.0,0.0,50.0,0,,nan,nan,0.0
GABXX,The Gabelli Money Market Funds - The Gabelli U.S. Treasury Money Market Fund,1,2,4,10,6,3,2,2,29,-10.0,24.0,Broken,🔥 COILED: Avoid/exit,29,0.0,0.0,0.0,50.0,0,,nan,nan,0.0
GBCXX,The Gabelli Money Market Funds - The Gabelli U.S. Treasury Money Market Fund,1,2,4,10,6,3,2,2,29,-10.0,24.0,Broken,🔥 COILED: Avoid/exit,29,0.0,0.0,0.0,50.0,0,,nan,nan,0.0
GBAXX,The Gabelli Money Market Funds - The Gabelli U.S. Treasury Money Market Fund,1,2,4,10,6,3,2,2,29,-10.0,24.0,Broken,🔥 COILED: Avoid/exit,29,0.0,0.0,0.0,50.0,0,,nan,nan,0.0
GCFXX,Goldman Sachs Trust - Goldman Sachs Financial Square Federal Fund,1,2,4,10,6,3,2,2,29,-10.0,24.0,Broken,🔥 COILED: Avoid/exit,29,0.0,0.0,0.0,50.0,0,,nan,nan,0.0
GCGXX,Goldman Sachs Trust - Goldman Sachs Financial Square Government Fund,1,2,4,10,6,3,2,2,29,-10.0,24.0,Broken,🔥 COILED: Avoid/exit,29,0.0,0.0,0.0,50.0,0,,nan,nan,0.0
GCTXX,Goldman Sachs Trust - Goldman Sachs Financial Square Treasury Obligations Fund,1,2,4,10,6,3,2,2,29,-10.0,24.0,Broken,🔥 COILED: Avoid/exit,29,0.0,0.0,0.0,50.0,0,,nan,nan,0.0
GCIXX,Goldman Sachs Trust - Goldman Sachs Financial Square Treasury Instruments Fund,1,2,4,10,6,3,2,2,29,-10.0,24.0,Broken,🔥 COILED: Avoid/exit,29,0.0,0.0,0.0,50.0,0,,nan,nan,0.0
GFAXX,SEI Daily Income Trust - Government Fund,1,2,4,10,6,3,2,2,29,-10.0,24.0,Broken,🔥 COILED: Avoid/exit,29,0.0,0.0,0.0,50.0,0,,nan,nan,0.0
GFCXX,Goldman Sachs Trust - Goldman Sachs Financial Square Federal Fund,1,2,4,10,6,3,2,2,29,-10.0,24.0,Broken,🔥 COILED: Avoid/exit,29,0.0,0.0,0.0,50.0,0,,nan,nan,0.0
GGPXX,Goldman Sachs Trust - Goldman Sachs Financial Square Government Fund,1,2,4,10,6,3,2,2,29,-10.0,24.0,Broken,🔥 COILED: Avoid/exit,29,0.0,0.0,0.0,50.0,0,,nan,nan,0.0
GFPXX,Goldman Sachs Trust - Goldman Sachs Financial Square Federal Fund,1,2,4,10,6,3,2,2,29,-10.0,24.0,Broken,🔥 COILED: Avoid/exit,29,0.0,0.0,0.0,50.0,0,,nan,nan,0.0
GICXX,Goldman Sachs Trust - Goldman Sachs Financial Square Treasury Instruments Fund,1,2,4,10,6,3,2,2,29,-10.0,24.0,Broken,🔥 COILED: Avoid/exit,29,0.0,0.0,0.0,50.0,0,,nan,nan,0.0
GIPXX,Goldman Sachs Trust - Goldman Sachs Financial Square Treasury Instruments Fund,1,2,4,10,6,3,2,2,29,-10.0,24.0,Broken,🔥 COILED: Avoid/exit,29,0.0,0.0,0.0,50.0,0,,nan,nan,0.0
GMCXX,AIM Investment Secs Fds (Invesco Invt Secs Fds) - Invesco U.S. Government Money Portfolio,1,2,4,10,6,3,2,2,29,-10.0,24.0,Broken,🔥 COILED: Avoid/exit,29,0.0,0.0,0.0,50.0,0,,nan,nan,0.0
GMBXX,General Money Market Fund Inc.,1,2,4,10,6,3,2,2,29,-10.0,24.0,Broken,🔥 COILED: Avoid/exit,29,0.0,0.0,0.0,50.0,0,,nan,nan,0.0
GMGXX,General Money Market Fund Inc.,1,2,4,10,6,3,2,2,29,-10.0,24.0,Broken,🔥 COILED: Avoid/exit,29,0.0,0.0,0.0,50.0,0,,nan,nan,0.0
GMLXX,AIM Investment Secs Fds (Invesco Invt Secs Fds) - Invesco U.S. Government Money Portfolio,1,2,4,10,6,3,2,2,29,-10.0,24.0,Broken,🔥 COILED: Avoid/exit,29,0.0,0.0,0.0,50.0,0,,nan,nan,0.0
GMIXX,Nationwide Mutual Funds - Nationwide Money Market Fund,1,2,4,10,6,3,2,2,29,-10.0,24.0,Broken,🔥 COILED: Avoid/exit,29,0.0,0.0,0.0,50.0,0,,nan,nan,0.0
GMMXX,General Money Market Fund Inc.,1,2,4,10,6,3,2,2,29,-10.0,24.0,Broken,🔥 COILED: Avoid/exit,29,0.0,0.0,0.0,50.0,0,,nan,nan,0.0
GMOXX,AB Fixed-Income Shares Inc. - AB Government Money Market Portfolio,1,2,4,10,6,3,2,2,29,-10.0,24.0,Broken,🔥 COILED: Avoid/exit,29,0.0,0.0,0.0,50.0,0,,nan,nan,0.0
GMRXX,AIM Investment Secs Fds (Invesco Invt Secs Fds) - Invesco U.S. Government Money Portfolio,1,2,4,10,6,3,2,2,29,-10.0,24.0,Broken,🔥 COILED: Avoid/exit,29,0.0,0.0,0.0,50.0,0,,nan,nan,0.0
GMQXX,AIM Investment Secs Fds (Invesco Invt Secs Fds) - Invesco U.S. Government Money Portfolio,1,2,4,10,6,3,2,2,29,-10.0,24.0,Broken,🔥 COILED: Avoid/exit,29,0.0,0.0,0.0,50.0,0,,nan,nan,0.0
GMYXX,GuideStone Funds - Money Market Fund,1,2,4,10,6,3,2,2,29,-10.0,24.0,Broken,🔥 COILED: Avoid/exit,29,0.0,0.0,0.0,50.0,0,,nan,nan,0.0
GOFXX,Money Market Obligations Trust - Federated Government Obligations Fund,1,2,4,10,6,3,2,2,29,-10.0,24.0,Broken,🔥 COILED: Avoid/exit,29,0.0,0.0,0.0,50.0,0,,nan,nan,0.0
GMZXX,GuideStone Funds - Money Market Fund,1,2,4,10,6,3,2,2,29,-10.0,24.0,Broken,🔥 COILED: Avoid/exit,29,0.0,0.0,0.0,50.0,0,,nan,nan,0.0
GOAXX,Money Market Obligations Trust - Federated Hermes Government Obligations Tax-Managed Fund,1,2,4,10,6,3,2,2,29,-10.0,24.0,Broken,🔥 COILED: Avoid/exit,29,0.0,0.0,0.0,50.0,0,,nan,nan,0.0
GOIXX,Federated Hermes Govt Obl IS,1,2,4,10,6,3,2,2,29,-10.0,24.0,Broken,🔥 COILED: Avoid/exit,29,0.0,0.0,0.0,50.0,0,,nan,nan,0.0
GOTXX,Money Market Obligations Trust - Federated Hermes Government Obligations Tax-Managed Fund,1,2,4,10,6,3,2,2,29,-10.0,24.0,Broken,🔥 COILED: Avoid/exit,29,0.0,0.0,0.0,50.0,0,,nan,nan,0.0
GOVXX,Money Market Obligations Trust - Federated Government Obligations Fund,1,2,4,10,6,3,2,2,29,-10.0,24.0,Broken,🔥 COILED: Avoid/exit,29,0.0,0.0,0.0,50.0,0,,nan,nan,0.0
GPGXX,Goldman Sachs Trust - Goldman Sachs Financial Square Government Fund,1,2,4,10,6,3,2,2,29,-10.0,24.0,Broken,🔥 COILED: Avoid/exit,29,0.0,0.0,0.0,50.0,0,,nan,nan,0.0
GPFXX,Goldman Sachs Trust - Goldman Sachs Financial Square Federal Fund,1,2,4,10,6,3,2,2,29,-10.0,24.0,Broken,🔥 COILED: Avoid/exit,29,0.0,0.0,0.0,50.0,0,,nan,nan,0.0
GPIXX,Goldman Sachs Trust - Goldman Sachs Financial Square Treasury Instruments Fund,1,2,4,10,6,3,2,2,29,-10.0,24.0,Broken,🔥 COILED: Avoid/exit,29,0.0,0.0,0.0,50.0,0,,nan,nan,0.0
GPOXX,Goldman Sachs Trust - Goldman Sachs Financial Square Treasury Obligations Fund,1,2,4,10,6,3,2,2,29,-10.0,24.0,Broken,🔥 COILED: Avoid/exit,29,0.0,0.0,0.0,50.0,0,,nan,nan,0.0
GPTXX,Goldman Sachs Trust - Goldman Sachs Investor Tax-Exempt Money Market Fund,1,2,4,10,6,3,2,2,29,-10.0,24.0,Broken,🔥 COILED: Avoid/exit,29,0.0,0.0,0.0,50.0,0,,nan,nan,0.0
GPVXX,Short-Term Investment Trust - Invesco Government & Agency Portfolio,1,2,4,10,6,3,2,2,29,-10.0,24.0,Broken,🔥 COILED: Avoid/exit,29,0.0,0.0,0.0,50.0,0,,nan,nan,0.0
GRAXX,Money Market Obligations Trust - Federated Hermes Government Reserves Fund,1,2,4,10,6,3,2,2,29,-10.0,24.0,Broken,🔥 COILED: Avoid/exit,29,0.0,0.0,0.0,50.0,0,,nan,nan,0.0
GRCXX,Money Market Obligations Trust - Federated Hermes Government Reserves Fund,1,2,4,10,6,3,2,2,29,-10.0,24.0,Broken,🔥 COILED: Avoid/exit,29,0.0,0.0,0.0,50.0,0,,nan,nan,0.0
GRFXX,Money Market Obligations Trust - Federated Hermes Government Reserves Fund,1,2,4,10,6,3,2,2,29,-10.0,24.0,Broken,🔥 COILED: Avoid/exit,29,0.0,0.0,0.0,50.0,0,,nan,nan,0.0
GRGXX,Money Market Obligations Trust - Federated Hermes Government Reserves Fund,1,2,4,10,6,3,2,2,29,-10.0,24.0,Broken,🔥 COILED: Avoid/exit,29,0.0,0.0,0.0,50.0,0,,nan,nan,0.0
GSGXX,Goldman Sachs Trust - Goldman Sachs Financial Square Government Fund,1,2,4,10,6,3,2,2,29,-10.0,24.0,Broken,🔥 COILED: Avoid/exit,29,0.0,0.0,0.0,50.0,0,,nan,nan,0.0
GSFXX,Goldman Sachs Trust - Goldman Sachs Financial Square Federal Fund,1,2,4,10,6,3,2,2,29,-10.0,24.0,Broken,🔥 COILED: Avoid/exit,29,0.0,0.0,0.0,50.0,0,,nan,nan,0.0
GSIXX,Goldman Sachs Trust - Goldman Sachs Financial Square Treasury Instruments Fund,1,2,4,10,6,3,2,2,29,-10.0,24.0,Broken,🔥 COILED: Avoid/exit,29,0.0,0.0,0.0,50.0,0,,nan,nan,0.0
GSOXX,Goldman Sachs Trust - Goldman Sachs Financial Square Treasury Obligations Fund,1,2,4,10,6,3,2,2,29,-10.0,24.0,Broken,🔥 COILED: Avoid/exit,29,0.0,0.0,0.0,50.0,0,,nan,nan,0.0
GTOXX,Goldman Sachs Trust - Goldman Sachs Financial Square Treasury Obligations Fund,1,2,4,10,6,3,2,2,29,-10.0,24.0,Broken,🔥 COILED: Avoid/exit,29,0.0,0.0,0.0,50.0,0,,nan,nan,0.0
GTPXX,Goldman Sachs Trust - Goldman Sachs Financial Square Treasury Obligations Fund,1,2,4,10,6,3,2,2,29,-10.0,24.0,Broken,🔥 COILED: Avoid/exit,29,0.0,0.0,0.0,50.0,0,,nan,nan,0.0
GTSXX,Money Market Obligations Trust - Federated Hermes Government Obligations Tax-Managed Fund,1,2,4,10,6,3,2,2,29,-10.0,24.0,Broken,🔥 COILED: Avoid/exit,29,0.0,0.0,0.0,50.0,0,,nan,nan,0.0
GTRXX,Goldman Sachs Trust - Goldman Sachs Financial Square Treasury Obligations Fund,1,2,4,10,6,3,2,2,29,-10.0,24.0,Broken,🔥 COILED: Avoid/exit,29,0.0,0.0,0.0,50.0,0,,nan,nan,0.0
GVIXX,Allspring Funds Trust - Allspring Government Money Market Fund,1,2,4,10,6,3,2,2,29,-10.0,24.0,Broken,🔥 COILED: Avoid/exit,29,0.0,0.0,0.0,50.0,0,,nan,nan,0.0
GVCXX,Goldman Sachs Trust - Goldman Sachs Financial Square Government Fund,1,2,4,10,6,3,2,2,29,-10.0,24.0,Broken,🔥 COILED: Avoid/exit,29,0.0,0.0,0.0,50.0,0,,nan,nan,0.0
GVSXX,State Street Insti U.S. Government Money Market Fd Service Class,1,2,4,10,6,3,2,2,29,-10.0,24.0,Broken,🔥 COILED: Avoid/exit,29,0.0,0.0,0.0,50.0,0,,nan,nan,0.0
GVRXX,Goldman Sachs Trust - Goldman Sachs Financial Square Government Fund,1,2,4,10,6,3,2,2,29,-10.0,24.0,Broken,🔥 COILED: Avoid/exit,29,0.0,0.0,0.0,50.0,0,,nan,nan,0.0
GVVXX,State Street Master Funds - State Street U.S. Government Money Market Portfolio,1,2,4,10,6,3,2,2,29,-10.0,24.0,Broken,🔥 COILED: Avoid/exit,29,0.0,0.0,0.0,50.0,0,,nan,nan,0.0
HBIXX,HSBC Funds - HSBC U.S. Treasury Money Market Fund,1,2,4,10,6,3,2,2,29,-10.0,24.0,Broken,🔥 COILED: Avoid/exit,29,0.0,0.0,0.0,50.0,0,,nan,nan,0.0
HDIXX,Homestead Funds Inc. - Daily Income Fund,1,2,4,10,6,3,2,2,29,-10.0,24.0,Broken,🔥 COILED: Avoid/exit,29,0.0,0.0,0.0,50.0,0,,nan,nan,0.0
HGDXX,HSBC Funds - HSBC U.S. Government Money Market Fund,1,2,4,10,6,3,2,2,29,-10.0,24.0,Broken,🔥 COILED: Avoid/exit,29,0.0,0.0,0.0,50.0,0,,nan,nan,0.0
HGGXX,HSBC Funds - HSBC U.S. Government Money Market Fund,1,2,4,10,6,3,2,2,29,-10.0,24.0,Broken,🔥 COILED: Avoid/exit,29,0.0,0.0,0.0,50.0,0,,nan,nan,0.0
HGFXX,HSBC Funds - HSBC U.S. Government Money Market Fund,1,2,4,10,6,3,2,2,29,-10.0,24.0,Broken,🔥 COILED: Avoid/exit,29,0.0,0.0,0.0,50.0,0,,nan,nan,0.0
HGIXX,HSBC Funds - HSBC U.S. Government Money Market Fund,1,2,4,10,6,3,2,2,29,-10.0,24.0,Broken,🔥 COILED: Avoid/exit,29,0.0,0.0,0.0,50.0,0,,nan,nan,0.0
HTDXX,HSBC Funds - HSBC U.S. Treasury Money Market Fund,1,2,4,10,6,3,2,2,29,-10.0,24.0,Broken,🔥 COILED: Avoid/exit,29,0.0,0.0,0.0,50.0,0,,nan,nan,0.0
HTFXX,HSBC Funds - HSBC U.S. Treasury Money Market Fund,1,2,4,10,6,3,2,2,29,-10.0,24.0,Broken,🔥 COILED: Avoid/exit,29,0.0,0.0,0.0,50.0,0,,nan,nan,0.0
HTGXX,HSBC Funds - HSBC U.S. Treasury Money Market Fund,1,2,4,10,6,3,2,2,29,-10.0,24.0,Broken,🔥 COILED: Avoid/exit,29,0.0,0.0,0.0,50.0,0,,nan,nan,0.0
HTYXX,HSBC Funds - HSBC U.S. Treasury Money Market Fund,1,2,4,10,6,3,2,2,29,-10.0,24.0,Broken,🔥 COILED: Avoid/exit,29,0.0,0.0,0.0,50.0,0,,nan,nan,0.0
ICAXX,DWS Government Money Market Series - Institutional,1,2,4,10,6,3,2,2,29,-10.0,24.0,Broken,🔥 COILED: Avoid/exit,29,0.0,0.0,0.0,50.0,0,,nan,nan,0.0
IATXX,Transamerica Funds - Transamerica Government Money Market,1,2,4,10,6,3,2,2,29,-10.0,24.0,Broken,🔥 COILED: Avoid/exit,29,0.0,0.0,0.0,50.0,0,,nan,nan,0.0
ICTXX,Investors Cash Trust - DWS Treasury Portfolio,1,2,4,10,6,3,2,2,29,-10.0,24.0,Broken,🔥 COILED: Avoid/exit,29,0.0,0.0,0.0,50.0,0,,nan,nan,0.0
IMRXX,AIM Treasurer's Series Trust (Invesco Treasurer's Series Trust) - Invesco Premier Portfolio,1,2,4,10,6,3,2,2,29,-10.0,24.0,Broken,🔥 COILED: Avoid/exit,29,0.0,0.0,0.0,50.0,0,,nan,nan,0.0
IMLXX,Transamerica Funds - Transamerica Government Money Market,1,2,4,10,6,3,2,2,29,-10.0,24.0,Broken,🔥 COILED: Avoid/exit,29,0.0,0.0,0.0,50.0,0,,nan,nan,0.0
INAXX,AIM Investment Securities Funds (Invesco Investment Securities Funds) - Government Money Market Fund,1,2,4,10,6,3,2,2,29,-10.0,24.0,Broken,🔥 COILED: Avoid/exit,29,0.0,0.0,0.0,50.0,0,,nan,nan,0.0
INVXX,AIM Investment Securities Funds (Invesco Investment Securities Funds) - Government Money Market Fund,1,2,4,10,6,3,2,2,29,-10.0,24.0,Broken,🔥 COILED: Avoid/exit,29,0.0,0.0,0.0,50.0,0,,nan,nan,0.0
INGXX,Legg Mason Partners Institutional Trust - Western Asset Institutional Government Reserves,1,2,4,10,6,3,2,2,29,-10.0,24.0,Broken,🔥 COILED: Avoid/exit,29,0.0,0.0,0.0,50.0,0,,nan,nan,0.0
IPPXX,AIM Treasurer's Series Trust (Invesco Treasurer's Series Trust) - Invesco Premier Portfolio,1,2,4,10,6,3,2,2,29,-10.0,24.0,Broken,🔥 COILED: Avoid/exit,29,0.0,0.0,0.0,50.0,0,,nan,nan,0.0
IPVXX,AIM Treasurer's Series Trust (Invesco Treasurer's Series Trust) - Invesco Premier Portfolio,1,2,4,10,6,3,2,2,29,-10.0,24.0,Broken,🔥 COILED: Avoid/exit,29,0.0,0.0,0.0,50.0,0,,nan,nan,0.0
IRCXX,AIM Treasurer's Series Trust (Invesco Treasurer's Series Trust) - Invesco Premier Portfolio,1,2,4,10,6,3,2,2,29,-10.0,24.0,Broken,🔥 COILED: Avoid/exit,29,0.0,0.0,0.0,50.0,0,,nan,nan,0.0
IPTXX,AIM Treasurer's Series Trust (Invesco Treasurer's Series Trust) - Invesco Premier Portfolio,1,2,4,10,6,3,2,2,29,-10.0,24.0,Broken,🔥 COILED: Avoid/exit,29,0.0,0.0,0.0,50.0,0,,nan,nan,0.0
IRVXX,AIM Treasurer's Series Trust (Invesco Treasurer's Series Trust) - Invesco Premier Portfolio,1,2,4,10,6,3,2,2,29,-10.0,24.0,Broken,🔥 COILED: Avoid/exit,29,0.0,0.0,0.0,50.0,0,,nan,nan,0.0
ISSXX,Federated Private Liquidity Funds-Prime Private Liquidity Fund,1,2,4,10,6,3,2,2,29,-10.0,24.0,Broken,🔥 COILED: Avoid/exit,29,0.0,0.0,0.0,50.0,0,,nan,nan,0.0
ITVXX,Investors Cash Trust - DWS Treasury Portfolio,1,2,4,10,6,3,2,2,29,-10.0,24.0,Broken,🔥 COILED: Avoid/exit,29,0.0,0.0,0.0,50.0,0,,nan,nan,0.0
IUSXX,Treasury Portfolio - Deutsche U.S. Treasury Money Fund,1,2,4,10,6,3,2,2,29,-10.0,24.0,Broken,🔥 COILED: Avoid/exit,29,0.0,0.0,0.0,50.0,0,,nan,nan,0.0
JAMXX,Janus Investment Fund - Janus Money Market Fund,1,2,4,10,6,3,2,2,29,-10.0,24.0,Broken,🔥 COILED: Avoid/exit,29,0.0,0.0,0.0,50.0,0,,nan,nan,0.0
IVMXX,Voya Government Money Market Portfolio,1,2,4,10,6,3,2,2,29,-10.0,24.0,Broken,🔥 COILED: Avoid/exit,29,0.0,0.0,0.0,50.0,0,,nan,nan,0.0
JNMXX,Janus Investment Fund - Janus Money Market Fund,1,2,4,10,6,3,2,2,29,-10.0,24.0,Broken,🔥 COILED: Avoid/exit,29,0.0,0.0,0.0,50.0,0,,nan,nan,0.0
JMCXX,John Hancock Money Market Fund Class C,1,2,4,10,6,3,2,2,29,-10.0,24.0,Broken,🔥 COILED: Avoid/exit,29,0.0,0.0,0.0,50.0,0,,nan,nan,0.0
JHOXX,John Hancock Variable Insurance Trust - Money Market Trust,1,2,4,10,6,3,2,2,29,-10.0,24.0,Broken,🔥 COILED: Avoid/exit,29,0.0,0.0,0.0,50.0,0,,nan,nan,0.0
JNSXX,Edward Jones Money Market Fund,1,2,4,10,6,3,2,2,29,-10.0,24.0,Broken,🔥 COILED: Avoid/exit,29,0.0,0.0,0.0,50.0,0,,nan,nan,0.0
JRSXX,ftse-kicks-2011-off-boosted-by-oil-manufacturing.aspx,1,2,4,10,6,3,2,2,29,-10.0,24.0,Broken,🔥 COILED: Avoid/exit,29,0.0,0.0,0.0,50.0,0,,nan,nan,0.0
KMMXX,DWS Money Market Prime Series - DWS Money Market Fund,1,2,4,10,6,3,2,2,29,-10.0,24.0,Broken,🔥 COILED: Avoid/exit,29,0.0,0.0,0.0,50.0,0,,nan,nan,0.0
LAIXX,Legg Mason Partners Institutional Trust - U.S. Treasury Obligations Money Market Fund,1,2,4,10,6,3,2,2,29,-10.0,24.0,Broken,🔥 COILED: Avoid/exit,29,0.0,0.0,0.0,50.0,0,,nan,nan,0.0
LACXX,Lord Abbett U.S. Govt & Govt Sponsored Enterprises Money Mkt Fd Inc.,1,2,4,10,6,3,2,2,29,-10.0,24.0,Broken,🔥 COILED: Avoid/exit,29,0.0,0.0,0.0,50.0,0,,nan,nan,0.0
LAOXX,Legg Mason Partners Institutional Trust - U.S. Treasury Obligations Money Market Fund,1,2,4,10,6,3,2,2,29,-10.0,24.0,Broken,🔥 COILED: Avoid/exit,29,0.0,0.0,0.0,50.0,0,,nan,nan,0.0
LAYXX,Lord Abbett U.S. Govt & Govt Sponsored Entpr MMkt Fd Cl I,1,2,4,10,6,3,2,2,29,-10.0,24.0,Broken,🔥 COILED: Avoid/exit,29,0.0,0.0,0.0,50.0,0,,nan,nan,0.0
LCCXX,Lord Abbett U.S. Government & Government Sponsored Enterprises Money Market Fund,1,2,4,10,6,3,2,2,29,-10.0,24.0,Broken,🔥 COILED: Avoid/exit,29,0.0,0.0,0.0,50.0,0,,nan,nan,0.0
LGRXX,Legg Mason Partners Institutional Trust - Western Asset Institutional Government Reserves,1,2,4,10,6,3,2,2,29,-10.0,24.0,Broken,🔥 COILED: Avoid/exit,29,0.0,0.0,0.0,50.0,0,,nan,nan,0.0
LTRXX,Legg Mason Partners Institutional Trust - Western Asset Institutional U.S. Treasury Reserves,1,2,4,10,6,3,2,2,29,-10.0,24.0,Broken,🔥 COILED: Avoid/exit,29,0.0,0.0,0.0,50.0,0,,nan,nan,0.0
LWPXX,Legg Mason Partners Institutional Trust - Western Asset Institutional Government Reserves,1,2,4,10,6,3,2,2,29,-10.0,24.0,Broken,🔥 COILED: Avoid/exit,29,0.0,0.0,0.0,50.0,0,,nan,nan,0.0
LUIXX,Legg Mason Partners Institutional Trust - U.S. Treasury Obligations Money Market Fund,1,2,4,10,6,3,2,2,29,-10.0,24.0,Broken,🔥 COILED: Avoid/exit,29,0.0,0.0,0.0,50.0,0,,nan,nan,0.0
MAMXX,Morgan Stanley Institutional Liquidity Funds - Treasury Securities Portfolio,1,2,4,10,6,3,2,2,29,-10.0,24.0,Broken,🔥 COILED: Avoid/exit,29,0.0,0.0,0.0,50.0,0,,nan,nan,0.0
MAAXX,Money Market Fund,1,2,4,10,6,3,2,2,29,-10.0,24.0,Broken,🔥 COILED: Avoid/exit,29,0.0,0.0,0.0,50.0,0,,nan,nan,0.0
MAOXX,Morgan Stanley Institutional Liquidity Funds - Treasury Portfolio,1,2,4,10,6,3,2,2,29,-10.0,24.0,Broken,🔥 COILED: Avoid/exit,29,0.0,0.0,0.0,50.0,0,,nan,nan,0.0
MAYXX,Morgan Stanley Institutional Liquidity Funds -  Government Portfolio,1,2,4,10,6,3,2,2,29,-10.0,24.0,Broken,🔥 COILED: Avoid/exit,29,0.0,0.0,0.0,50.0,0,,nan,nan,0.0
MCBXX,BlackRock Financial Institutions Series Trust - BlackRock Summit Cash Reserves Fund,1,2,4,10,6,3,2,2,29,-10.0,24.0,Broken,🔥 COILED: Avoid/exit,29,0.0,0.0,0.0,50.0,0,,nan,nan,0.0
MCCXX,MFS Series Trust I - MFS U.S. Government Cash Reserve Fund,1,2,4,10,6,3,2,2,29,-10.0,24.0,Broken,🔥 COILED: Avoid/exit,29,0.0,0.0,0.0,50.0,0,,nan,nan,0.0
MCDXX,BlackRock Liquidity Funds - MuniCash,1,2,4,10,6,3,2,2,29,-10.0,24.0,Broken,🔥 COILED: Avoid/exit,29,0.0,0.0,0.0,50.0,0,,nan,nan,0.0
MCPXX,BlackRock Liquidity Funds MuniCash - Capital,1,2,4,10,6,3,2,2,29,-10.0,24.0,Broken,🔥 COILED: Avoid/exit,29,0.0,0.0,0.0,50.0,0,,nan,nan,0.0
MCHXX,Morgan Stanley Institutional Liquidity Funds - Government Securities Portfolio,1,2,4,10,6,3,2,2,29,-10.0,24.0,Broken,🔥 COILED: Avoid/exit,29,0.0,0.0,0.0,50.0,0,,nan,nan,0.0
MCRXX,MFS Series Trust I - MFS U.S. Government Cash Reserve Fund,1,2,4,10,6,3,2,2,29,-10.0,24.0,Broken,🔥 COILED: Avoid/exit,29,0.0,0.0,0.0,50.0,0,,nan,nan,0.0
MCMXX,MFS Series Trust IV - MFS U.S. Government Money Market Fund,1,2,4,10,6,3,2,2,29,-10.0,24.0,Broken,🔥 COILED: Avoid/exit,29,0.0,0.0,0.0,50.0,0,,nan,nan,0.0
MFCXX,Money Market Obligations Trust - Federated Municipal Obligations Fund,1,2,4,10,6,3,2,2,29,-10.0,24.0,Broken,🔥 COILED: Avoid/exit,29,0.0,0.0,0.0,50.0,0,,nan,nan,0.0
MGAXX,Morgan Stanley Institutional Liquidity Funds - Government Securities Portfolio,1,2,4,10,6,3,2,2,29,-10.0,24.0,Broken,🔥 COILED: Avoid/exit,29,0.0,0.0,0.0,50.0,0,,nan,nan,0.0
MFSXX,Money Market Obligations Trust - Federated Municipal Obligations Fund,1,2,4,10,6,3,2,2,29,-10.0,24.0,Broken,🔥 COILED: Avoid/exit,29,0.0,0.0,0.0,50.0,0,,nan,nan,0.0
MGOXX,Morgan Stanley Institutional Liquidity Funds -  Government Portfolio,1,2,4,10,6,3,2,2,29,-10.0,24.0,Broken,🔥 COILED: Avoid/exit,29,0.0,0.0,0.0,50.0,0,,nan,nan,0.0
MGPXX,Morgan Stanley Institutional Liquidity Funds - Government Securities Portfolio,1,2,4,10,6,3,2,2,29,-10.0,24.0,Broken,🔥 COILED: Avoid/exit,29,0.0,0.0,0.0,50.0,0,,nan,nan,0.0
MGSXX,Morgan Stanley Institutional Liquidity Funds -  Government Portfolio,1,2,4,10,6,3,2,2,29,-10.0,24.0,Broken,🔥 COILED: Avoid/exit,29,0.0,0.0,0.0,50.0,0,,nan,nan,0.0
MHSXX,Morgan Stanley Institutional Liquidity Funds - Treasury Portfolio,1,2,4,10,6,3,2,2,29,-10.0,24.0,Broken,🔥 COILED: Avoid/exit,29,0.0,0.0,0.0,50.0,0,,nan,nan,0.0
MIFXX,Nationwide Mutual Funds - Nationwide Money Market Fund,1,2,4,10,6,3,2,2,29,-10.0,24.0,Broken,🔥 COILED: Avoid/exit,29,0.0,0.0,0.0,50.0,0,,nan,nan,0.0
MJAXX,Prudential Government Money Market Fund Inc.,1,2,4,10,6,3,2,2,29,-10.0,24.0,Broken,🔥 COILED: Avoid/exit,29,0.0,0.0,0.0,50.0,0,,nan,nan,0.0
MIPXX,The MainStay Funds - MainStay Money Market Fund,1,2,4,10,6,3,2,2,29,-10.0,24.0,Broken,🔥 COILED: Avoid/exit,29,0.0,0.0,0.0,50.0,0,,nan,nan,0.0
MJCXX,Prudential Government Money Market Fund Inc.,1,2,4,10,6,3,2,2,29,-10.0,24.0,Broken,🔥 COILED: Avoid/exit,29,0.0,0.0,0.0,50.0,0,,nan,nan,0.0
MJLXX,JPMorgan Trust II - JPMorgan Liquid Assets Money Market Fund,1,2,4,10,6,3,2,2,29,-10.0,24.0,Broken,🔥 COILED: Avoid/exit,29,0.0,0.0,0.0,50.0,0,,nan,nan,0.0
MMIXX,Wells Fargo Funds Trust - National Tax-Free Money Market Fund,1,2,4,10,6,3,2,2,29,-10.0,24.0,Broken,🔥 COILED: Avoid/exit,29,0.0,0.0,0.0,50.0,0,,nan,nan,0.0
MNVXX,Morgan Stanley Institutional Liquidity Funds - Treasury Securities Portfolio,1,2,4,10,6,3,2,2,29,-10.0,24.0,Broken,🔥 COILED: Avoid/exit,29,0.0,0.0,0.0,50.0,0,,nan,nan,0.0
MOFXX,Money Market Obligations Trust - Federated Municipal Obligations Fund,1,2,4,10,6,3,2,2,29,-10.0,24.0,Broken,🔥 COILED: Avoid/exit,29,0.0,0.0,0.0,50.0,0,,nan,nan,0.0
MODXX,Money Market Obligations Trust - Federated Municipal Obligations Fund,1,2,4,10,6,3,2,2,29,-10.0,24.0,Broken,🔥 COILED: Avoid/exit,29,0.0,0.0,0.0,50.0,0,,nan,nan,0.0
MOIXX,Money Market Obligations Trust - Federated Municipal Obligations Fund,1,2,4,10,6,3,2,2,29,-10.0,24.0,Broken,🔥 COILED: Avoid/exit,29,0.0,0.0,0.0,50.0,0,,nan,nan,0.0
MOSXX,Money Market Obligations Trust - Federated Municipal Obligations Fund,1,2,4,10,6,3,2,2,29,-10.0,24.0,Broken,🔥 COILED: Avoid/exit,29,0.0,0.0,0.0,50.0,0,,nan,nan,0.0
MOTXX,Money Market Obligations Trust - Federated Municipal Obligations Fund,1,2,4,10,6,3,2,2,29,-10.0,24.0,Broken,🔥 COILED: Avoid/exit,29,0.0,0.0,0.0,50.0,0,,nan,nan,0.0
MPCXX,Morgan Stanley Institutional Liquidity Funds -  Government Portfolio,1,2,4,10,6,3,2,2,29,-10.0,24.0,Broken,🔥 COILED: Avoid/exit,29,0.0,0.0,0.0,50.0,0,,nan,nan,0.0
MPMXX,Morgan Stanley Institutional Liquidity Funds - Prime Portfolio,1,2,4,10,6,3,2,2,29,-10.0,24.0,Broken,🔥 COILED: Avoid/exit,29,0.0,0.0,0.0,50.0,0,,nan,nan,0.0
MPIXX,ProFunds - Money Market ProFund,1,2,4,10,6,3,2,2,29,-10.0,24.0,Broken,🔥 COILED: Avoid/exit,29,0.0,0.0,0.0,50.0,0,,nan,nan,0.0
MPNXX,Morgan Stanley Institutional Liquidity Funds - Prime Portfolio,1,2,4,10,6,3,2,2,29,-10.0,24.0,Broken,🔥 COILED: Avoid/exit,29,0.0,0.0,0.0,50.0,0,,nan,nan,0.0
MPRXX,Morgan Stanley Institutional Liquidity Funds - Treasury Securities Portfolio,1,2,4,10,6,3,2,2,29,-10.0,24.0,Broken,🔥 COILED: Avoid/exit,29,0.0,0.0,0.0,50.0,0,,nan,nan,0.0
MPSXX,ProFunds - Money Market ProFund,1,2,4,10,6,3,2,2,29,-10.0,24.0,Broken,🔥 COILED: Avoid/exit,29,0.0,0.0,0.0,50.0,0,,nan,nan,0.0
MPVXX,Morgan Stanley Institutional Liquidity Funds - Prime Portfolio,1,2,4,10,6,3,2,2,29,-10.0,24.0,Broken,🔥 COILED: Avoid/exit,29,0.0,0.0,0.0,50.0,0,,nan,nan,0.0
MREXX,Morgan Stanley Institutional Liquidity Funds - Treasury Portfolio,1,2,4,10,6,3,2,2,29,-10.0,24.0,Broken,🔥 COILED: Avoid/exit,29,0.0,0.0,0.0,50.0,0,,nan,nan,0.0
MSAXX,BlackRock Summit Cash Reserves Fund Cl A,1,2,4,10,6,3,2,2,29,-10.0,24.0,Broken,🔥 COILED: Avoid/exit,29,0.0,0.0,0.0,50.0,0,,nan,nan,0.0
MSCXX,The MainStay Funds - MainStay Money Market Fund,1,2,4,10,6,3,2,2,29,-10.0,24.0,Broken,🔥 COILED: Avoid/exit,29,0.0,0.0,0.0,50.0,0,,nan,nan,0.0
MSDXX,Morgan Stanley Institutional Liquidity Funds -  Government Portfolio,1,2,4,10,6,3,2,2,29,-10.0,24.0,Broken,🔥 COILED: Avoid/exit,29,0.0,0.0,0.0,50.0,0,,nan,nan,0.0
MSIXX,MainStay Funds Trust - Cash Reserves Sweeps Fund,1,2,4,10,6,3,2,2,29,-10.0,24.0,Broken,🔥 COILED: Avoid/exit,29,0.0,0.0,0.0,50.0,0,,nan,nan,0.0
MSGXX,Morgan Stanley Institutional Liquidity Funds -  Government Portfolio,1,2,4,10,6,3,2,2,29,-10.0,24.0,Broken,🔥 COILED: Avoid/exit,29,0.0,0.0,0.0,50.0,0,,nan,nan,0.0
MSEXX,Morgan Stanley Institutional Liquidity Funds - Treasury Securities Portfolio,1,2,4,10,6,3,2,2,29,-10.0,24.0,Broken,🔥 COILED: Avoid/exit,29,0.0,0.0,0.0,50.0,0,,nan,nan,0.0
MSSXX,Morgan Stanley Institutional Liquidity Funds - Treasury Securities Portfolio,1,2,4,10,6,3,2,2,29,-10.0,24.0,Broken,🔥 COILED: Avoid/exit,29,0.0,0.0,0.0,50.0,0,,nan,nan,0.0
MSRXX,MFS Series Trust I - MFS U.S. Government Cash Reserve Fund,1,2,4,10,6,3,2,2,29,-10.0,24.0,Broken,🔥 COILED: Avoid/exit,29,0.0,0.0,0.0,50.0,0,,nan,nan,0.0
MSTXX,Morgan Stanley Institutional Liquidity Funds - Treasury Portfolio,1,2,4,10,6,3,2,2,29,-10.0,24.0,Broken,🔥 COILED: Avoid/exit,29,0.0,0.0,0.0,50.0,0,,nan,nan,0.0
MSUXX,Morgan Stanley Institutional Liquidity Funds - Treasury Portfolio,1,2,4,10,6,3,2,2,29,-10.0,24.0,Broken,🔥 COILED: Avoid/exit,29,0.0,0.0,0.0,50.0,0,,nan,nan,0.0
MSVXX,Morgan Stanley Institutional Liquidity Funds - Government Securities Portfolio,1,2,4,10,6,3,2,2,29,-10.0,24.0,Broken,🔥 COILED: Avoid/exit,29,0.0,0.0,0.0,50.0,0,,nan,nan,0.0
MTNXX,Morgan Stanley Institutional Liquidity Funds - Treasury Portfolio,1,2,4,10,6,3,2,2,29,-10.0,24.0,Broken,🔥 COILED: Avoid/exit,29,0.0,0.0,0.0,50.0,0,,nan,nan,0.0
MTCXX,Morgan Stanley Institutional Liquidity Funds - Treasury Portfolio,1,2,4,10,6,3,2,2,29,-10.0,24.0,Broken,🔥 COILED: Avoid/exit,29,0.0,0.0,0.0,50.0,0,,nan,nan,0.0
MTSXX,Morgan Stanley Institutional Liquidity Funds - Treasury Portfolio,1,2,4,10,6,3,2,2,29,-10.0,24.0,Broken,🔥 COILED: Avoid/exit,29,0.0,0.0,0.0,50.0,0,,nan,nan,0.0
MTTXX,Morgan Stanley Institutional Liquidity Funds - Treasury Portfolio,1,2,4,10,6,3,2,2,29,-10.0,24.0,Broken,🔥 COILED: Avoid/exit,29,0.0,0.0,0.0,50.0,0,,nan,nan,0.0
MUIXX,Morgan Stanley Institutional Liquidity Funds - Government Securities Portfolio,1,2,4,10,6,3,2,2,29,-10.0,24.0,Broken,🔥 COILED: Avoid/exit,29,0.0,0.0,0.0,50.0,0,,nan,nan,0.0
MVAXX,Morgan Stanley Institutional Liquidity Funds - Government Securities Portfolio,1,2,4,10,6,3,2,2,29,-10.0,24.0,Broken,🔥 COILED: Avoid/exit,29,0.0,0.0,0.0,50.0,0,,nan,nan,0.0
MVIXX,Morgan Stanley Institutional Liquidity Funds - Government Securities Portfolio,1,2,4,10,6,3,2,2,29,-10.0,24.0,Broken,🔥 COILED: Avoid/exit,29,0.0,0.0,0.0,50.0,0,,nan,nan,0.0
MVVXX,Morgan Stanley Institutional Liquidity Funds -  Government Portfolio,1,2,4,10,6,3,2,2,29,-10.0,24.0,Broken,🔥 COILED: Avoid/exit,29,0.0,0.0,0.0,50.0,0,,nan,nan,0.0
MYMXX,AB Fixed-Income Shares Inc. - AB Government Money Market Portfolio,1,2,4,10,6,3,2,2,29,-10.0,24.0,Broken,🔥 COILED: Avoid/exit,29,0.0,0.0,0.0,50.0,0,,nan,nan,0.0
MVYXX,Morgan Stanley Institutional Liquidity Funds - Treasury Portfolio,1,2,4,10,6,3,2,2,29,-10.0,24.0,Broken,🔥 COILED: Avoid/exit,29,0.0,0.0,0.0,50.0,0,,nan,nan,0.0
NISXX,Money Market Obligations Trust - Federated New York Municipal Cash Trust,1,2,4,10,6,3,2,2,29,-10.0,24.0,Broken,🔥 COILED: Avoid/exit,29,0.0,0.0,0.0,50.0,0,,nan,nan,0.0
NCGXX,North Capital Funds Trust - Treasury Money Market Fund,1,2,4,10,6,3,2,2,29,-10.0,24.0,Broken,🔥 COILED: Avoid/exit,29,0.0,0.0,0.0,50.0,0,,nan,nan,0.0
NITXX,Northern Institutional Funds - Treasury Portfolio,1,2,4,10,6,3,2,2,29,-10.0,24.0,Broken,🔥 COILED: Avoid/exit,29,0.0,0.0,0.0,50.0,0,,nan,nan,0.0
NOSXX,Northern Funds - U.S. Government Select Money Market Fund,1,2,4,10,6,3,2,2,29,-10.0,24.0,Broken,🔥 COILED: Avoid/exit,29,0.0,0.0,0.0,50.0,0,,nan,nan,0.0
NOGXX,Northern Funds - U.S. Government Money Market Fund,1,2,4,10,6,3,2,2,29,-10.0,24.0,Broken,🔥 COILED: Avoid/exit,29,0.0,0.0,0.0,50.0,0,,nan,nan,0.0
NWSXX,Nationwide Mutual Funds - Nationwide Money Market Fund,1,2,4,10,6,3,2,2,29,-10.0,24.0,Broken,🔥 COILED: Avoid/exit,29,0.0,0.0,0.0,50.0,0,,nan,nan,0.0
NTPXX,Northern Institutional Funds - Treasury Portfolio,1,2,4,10,6,3,2,2,29,-10.0,24.0,Broken,🔥 COILED: Avoid/exit,29,0.0,0.0,0.0,50.0,0,,nan,nan,0.0
NWGXX,Allspring Funds Trust - Allspring Government Money Market Fund,1,2,4,10,6,3,2,2,29,-10.0,24.0,Broken,🔥 COILED: Avoid/exit,29,0.0,0.0,0.0,50.0,0,,nan,nan,0.0
NYCXX,Money Market Obligations Trust - New York Cash II Fund,1,2,4,10,6,3,2,2,29,-10.0,24.0,Broken,🔥 COILED: Avoid/exit,29,0.0,0.0,0.0,50.0,0,,nan,nan,0.0
NWTXX,Wells Fargo Funds Trust - 100% Treasury Money Market Fund,1,2,4,10,6,3,2,2,29,-10.0,24.0,Broken,🔥 COILED: Avoid/exit,29,0.0,0.0,0.0,50.0,0,,nan,nan,0.0
OMBXX,AIM Investment Secs Fds (Invesco Invt Secs Fds) - Invesco U.S. Government Money Portfolio,1,2,4,10,6,3,2,2,29,-10.0,24.0,Broken,🔥 COILED: Avoid/exit,29,0.0,0.0,0.0,50.0,0,,nan,nan,0.0
PBHXX,The Payden & Rygel Investment Group - Payden Cash Reserves Money Market Fund,1,2,4,10,6,3,2,2,29,-10.0,24.0,Broken,🔥 COILED: Avoid/exit,29,0.0,0.0,0.0,50.0,0,,nan,nan,0.0
PBMXX,Prudential Government Money Market Fund Inc.,1,2,4,10,6,3,2,2,29,-10.0,24.0,Broken,🔥 COILED: Avoid/exit,29,0.0,0.0,0.0,50.0,0,,nan,nan,0.0
PCEXX,PACE Select Advisors Trust - PACE Money Market Investments,1,2,4,10,6,3,2,2,29,-10.0,24.0,Broken,🔥 COILED: Avoid/exit,29,0.0,0.0,0.0,50.0,0,,nan,nan,0.0
PCOXX,Money Market Obligations Trust - Federated Prime Cash Obligations Fund,1,2,4,10,6,3,2,2,29,-10.0,24.0,Broken,🔥 COILED: Avoid/exit,29,0.0,0.0,0.0,50.0,0,,nan,nan,0.0
PCSXX,Principal Fds Inc. Money Market Fd A Cl,1,2,4,10,6,3,2,2,29,-10.0,24.0,Broken,🔥 COILED: Avoid/exit,29,0.0,0.0,0.0,50.0,0,,nan,nan,0.0
PCVXX,Money Market Obligations Trust - Federated Prime Cash Obligations Fund,1,2,4,10,6,3,2,2,29,-10.0,24.0,Broken,🔥 COILED: Avoid/exit,29,0.0,0.0,0.0,50.0,0,,nan,nan,0.0
PCUXX,Fundvantage Trust - Pac Capital US Government Money Market Fund,1,2,4,10,6,3,2,2,29,-10.0,24.0,Broken,🔥 COILED: Avoid/exit,29,0.0,0.0,0.0,50.0,0,,nan,nan,0.0
PGDXX,Putnam Investment Funds - Government Money Market Fund,1,2,4,10,6,3,2,2,29,-10.0,24.0,Broken,🔥 COILED: Avoid/exit,29,0.0,0.0,0.0,50.0,0,,nan,nan,0.0
PFCXX,Putnam Money Market Fund,1,2,4,10,6,3,2,2,29,-10.0,24.0,Broken,🔥 COILED: Avoid/exit,29,0.0,0.0,0.0,50.0,0,,nan,nan,0.0
PGFXX,PIMCO Funds - PIMCO Government Money Market Fund,1,2,4,10,6,3,2,2,29,-10.0,24.0,Broken,🔥 COILED: Avoid/exit,29,0.0,0.0,0.0,50.0,0,,nan,nan,0.0
PGEXX,Putnam Investment Funds - Government Money Market Fund,1,2,4,10,6,3,2,2,29,-10.0,24.0,Broken,🔥 COILED: Avoid/exit,29,0.0,0.0,0.0,50.0,0,,nan,nan,0.0
PGLXX,Putnam Investment Funds - Government Money Market Fund,1,2,4,10,6,3,2,2,29,-10.0,24.0,Broken,🔥 COILED: Avoid/exit,29,0.0,0.0,0.0,50.0,0,,nan,nan,0.0
PGKXX,Putnam Investment Funds - Government Money Market Fund,1,2,4,10,6,3,2,2,29,-10.0,24.0,Broken,🔥 COILED: Avoid/exit,29,0.0,0.0,0.0,50.0,0,,nan,nan,0.0
PGRXX,Putnam Investment Funds - Government Money Market Fund,1,2,4,10,6,3,2,2,29,-10.0,24.0,Broken,🔥 COILED: Avoid/exit,29,0.0,0.0,0.0,50.0,0,,nan,nan,0.0
PGOXX,PIMCO Funds - PIMCO Government Money Market Fund,1,2,4,10,6,3,2,2,29,-10.0,24.0,Broken,🔥 COILED: Avoid/exit,29,0.0,0.0,0.0,50.0,0,,nan,nan,0.0
PGPXX,PIMCO Funds - PIMCO Government Money Market Fund,1,2,4,10,6,3,2,2,29,-10.0,24.0,Broken,🔥 COILED: Avoid/exit,29,0.0,0.0,0.0,50.0,0,,nan,nan,0.0
PGYXX,PIMCO Funds - PIMCO Government Money Market Fund,1,2,4,10,6,3,2,2,29,-10.0,24.0,Broken,🔥 COILED: Avoid/exit,29,0.0,0.0,0.0,50.0,0,,nan,nan,0.0
PIFXX,Plan Investment Fund Inc. - Government Portfolio,1,2,4,10,6,3,2,2,29,-10.0,24.0,Broken,🔥 COILED: Avoid/exit,29,0.0,0.0,0.0,50.0,0,,nan,nan,0.0
PINXX,BlackRock Funds - BlackRock Wealth Liquid Environmentally Aware Fund,1,2,4,10,6,3,2,2,29,-10.0,24.0,Broken,🔥 COILED: Avoid/exit,29,0.0,0.0,0.0,50.0,0,,nan,nan,0.0
PISXX,Wells Fargo Funds Trust - Treasury Plus Money Market Fund,1,2,4,10,6,3,2,2,29,-10.0,24.0,Broken,🔥 COILED: Avoid/exit,29,0.0,0.0,0.0,50.0,0,,nan,nan,0.0
PMJXX,Principal Fds Inc. Money Market Fd J Cl,1,2,4,10,6,3,2,2,29,-10.0,24.0,Broken,🔥 COILED: Avoid/exit,29,0.0,0.0,0.0,50.0,0,,nan,nan,0.0
PMTXX,Pioneer Money Market Trust - Pioneer U.S. Government Money Market Fund,1,2,4,10,6,3,2,2,29,-10.0,24.0,Broken,🔥 COILED: Avoid/exit,29,0.0,0.0,0.0,50.0,0,,nan,nan,0.0
PIVXX,Wells Fargo Funds Trust - Treasury Plus Money Market Fund,1,2,4,10,6,3,2,2,29,-10.0,24.0,Broken,🔥 COILED: Avoid/exit,29,0.0,0.0,0.0,50.0,0,,nan,nan,0.0
PMZXX,Prudential Government Money Market Fund Inc.,1,2,4,10,6,3,2,2,29,-10.0,24.0,Broken,🔥 COILED: Avoid/exit,29,0.0,0.0,0.0,50.0,0,,nan,nan,0.0
PRMXX,Federated Private Liquidity Funds-Prime Private Liquidity Fund,1,2,4,10,6,3,2,2,29,-10.0,24.0,Broken,🔥 COILED: Avoid/exit,29,0.0,0.0,0.0,50.0,0,,nan,nan,0.0
PRRXX,T. Rowe Price Government Money Fund Inc.,1,2,4,10,6,3,2,2,29,-10.0,24.0,Broken,🔥 COILED: Avoid/exit,29,0.0,0.0,0.0,50.0,0,,nan,nan,0.0
PRTXX,T. Rowe Price U.S. Treasury Funds Inc. - T. Rowe Price U.S. Treasury Money Fund,1,2,4,10,6,3,2,2,29,-10.0,24.0,Broken,🔥 COILED: Avoid/exit,29,0.0,0.0,0.0,50.0,0,,nan,nan,0.0
PRVXX,Wells Fargo Funds Trust - Treasury Plus Money Market Fund,1,2,4,10,6,3,2,2,29,-10.0,24.0,Broken,🔥 COILED: Avoid/exit,29,0.0,0.0,0.0,50.0,0,,nan,nan,0.0
PRYXX,Pioneer Money Market Trust - Pioneer U.S. Government Money Market Fund,1,2,4,10,6,3,2,2,29,-10.0,24.0,Broken,🔥 COILED: Avoid/exit,29,0.0,0.0,0.0,50.0,0,,nan,nan,0.0
PTEXX,T. Rowe Price Tax-Exempt Money Fund Inc.,1,2,4,10,6,3,2,2,29,-10.0,24.0,Broken,🔥 COILED: Avoid/exit,29,0.0,0.0,0.0,50.0,0,,nan,nan,0.0
PURXX,Putnam Money Market Fund,1,2,4,10,6,3,2,2,29,-10.0,24.0,Broken,🔥 COILED: Avoid/exit,29,0.0,0.0,0.0,50.0,0,,nan,nan,0.0
RGYXX,HSBC Funds - HSBC U.S. Government Money Market Fund,1,2,4,10,6,3,2,2,29,-10.0,24.0,Broken,🔥 COILED: Avoid/exit,29,0.0,0.0,0.0,50.0,0,,nan,nan,0.0
RBEXX,American Funds U.S. Government Money Market Fund,1,2,4,10,6,3,2,2,29,-10.0,24.0,Broken,🔥 COILED: Avoid/exit,29,0.0,0.0,0.0,50.0,0,,nan,nan,0.0
RMGXX,Ubs Money Series - RMA Government Money Market Fund,1,2,4,10,6,3,2,2,29,-10.0,24.0,Broken,🔥 COILED: Avoid/exit,29,0.0,0.0,0.0,50.0,0,,nan,nan,0.0
RPGXX,Davis Series Inc. - Davis Government Money Market Fund,1,2,4,10,6,3,2,2,29,-10.0,24.0,Broken,🔥 COILED: Avoid/exit,29,0.0,0.0,0.0,50.0,0,,nan,nan,0.0
SAEXX,State Street Institutional Investment Trust - State Street Institutional Treasury Plus Money Market,1,2,4,10,6,3,2,2,29,-10.0,24.0,Broken,🔥 COILED: Avoid/exit,29,0.0,0.0,0.0,50.0,0,,nan,nan,0.0
RYFXX,Rydex Series Funds - U.S. Government Money Market Fund,1,2,4,10,6,3,2,2,29,-10.0,24.0,Broken,🔥 COILED: Avoid/exit,29,0.0,0.0,0.0,50.0,0,,nan,nan,0.0
SAJXX,State Street Institutional Investment Trust - State Street Institutional Treasury Plus Money Market,1,2,4,10,6,3,2,2,29,-10.0,24.0,Broken,🔥 COILED: Avoid/exit,29,0.0,0.0,0.0,50.0,0,,nan,nan,0.0
SALXX,State Street Master Funds - State Street U.S. Government Money Market Portfolio,1,2,4,10,6,3,2,2,29,-10.0,24.0,Broken,🔥 COILED: Avoid/exit,29,0.0,0.0,0.0,50.0,0,,nan,nan,0.0
SAMXX,State Street Master Funds - State Street U.S. Government Money Market Portfolio,1,2,4,10,6,3,2,2,29,-10.0,24.0,Broken,🔥 COILED: Avoid/exit,29,0.0,0.0,0.0,50.0,0,,nan,nan,0.0
SCAXX,Schwab California Municipal Money Fund Ultra Shares,1,2,4,10,6,3,2,2,29,-10.0,24.0,Broken,🔥 COILED: Avoid/exit,29,0.0,0.0,0.0,50.0,0,,nan,nan,0.0
SCIXX,Cash Account Trust - DWS Tax-Exempt Portfolio,1,2,4,10,6,3,2,2,29,-10.0,24.0,Broken,🔥 COILED: Avoid/exit,29,0.0,0.0,0.0,50.0,0,,nan,nan,0.0
SCOXX,Schwab Treasury Obligations Money Fund Ultra Shares,1,2,4,10,6,3,2,2,29,-10.0,24.0,Broken,🔥 COILED: Avoid/exit,29,0.0,0.0,0.0,50.0,0,,nan,nan,0.0
SCPXX,SEI Daily Income Trust - Treasury II Fund,1,2,4,10,6,3,2,2,29,-10.0,24.0,Broken,🔥 COILED: Avoid/exit,29,0.0,0.0,0.0,50.0,0,,nan,nan,0.0
SCTXX,Schwab AMT Tax-Free Money Fund Ultra Shares,1,2,4,10,6,3,2,2,29,-10.0,24.0,Broken,🔥 COILED: Avoid/exit,29,0.0,0.0,0.0,50.0,0,,nan,nan,0.0
SEGXX,UBS Series Funds - UBS Select Government Preferred Fund,1,2,4,10,6,3,2,2,29,-10.0,24.0,Broken,🔥 COILED: Avoid/exit,29,0.0,0.0,0.0,50.0,0,,nan,nan,0.0
SGAXX,The Saratoga Advantage Trust - U.S. Government Money Market Portfolio,1,2,4,10,6,3,2,2,29,-10.0,24.0,Broken,🔥 COILED: Avoid/exit,29,0.0,0.0,0.0,50.0,0,,nan,nan,0.0
SEOXX,SEI Daily Income Trust - Government Fund,1,2,4,10,6,3,2,2,29,-10.0,24.0,Broken,🔥 COILED: Avoid/exit,29,0.0,0.0,0.0,50.0,0,,nan,nan,0.0
SETXX,UBS (Cayman) Select Treasury Institutional Fund,1,2,4,10,6,3,2,2,29,-10.0,24.0,Broken,🔥 COILED: Avoid/exit,29,0.0,0.0,0.0,50.0,0,,nan,nan,0.0
SGMXX,The Saratoga Advantage Trust - U.S. Government Money Market Portfolio,1,2,4,10,6,3,2,2,29,-10.0,24.0,Broken,🔥 COILED: Avoid/exit,29,0.0,0.0,0.0,50.0,0,,nan,nan,0.0
SGPXX,UBS Series Funds - UBS Select Government Preferred Fund,1,2,4,10,6,3,2,2,29,-10.0,24.0,Broken,🔥 COILED: Avoid/exit,29,0.0,0.0,0.0,50.0,0,,nan,nan,0.0
SMGXX,Legg Mason Partners Money Market Trust - Western Asset Government Reserves,1,2,4,10,6,3,2,2,29,-10.0,24.0,Broken,🔥 COILED: Avoid/exit,29,0.0,0.0,0.0,50.0,0,,nan,nan,0.0
SGUXX,Schwab Government Money Fund Ultra Shares,1,2,4,10,6,3,2,2,29,-10.0,24.0,Broken,🔥 COILED: Avoid/exit,29,0.0,0.0,0.0,50.0,0,,nan,nan,0.0
SNAXX,The Charles Schwab Family of Funds - Schwab Value Advantage Money Fund,1,2,4,10,6,3,2,2,29,-10.0,24.0,Broken,🔥 COILED: Avoid/exit,29,0.0,0.0,0.0,50.0,0,,nan,nan,0.0
SNOXX,Charles Schwab Family of Funds - Schwab Treasury Obligations Money Fund,1,2,4,10,6,3,2,2,29,-10.0,24.0,Broken,🔥 COILED: Avoid/exit,29,0.0,0.0,0.0,50.0,0,,nan,nan,0.0
SNRXX,Schwab Charles Family Funds - Retirment Government Money Fund,1,2,4,10,6,3,2,2,29,-10.0,24.0,Broken,🔥 COILED: Avoid/exit,29,0.0,0.0,0.0,50.0,0,,nan,nan,0.0
SNYXX,Schwab New York Municipal Money Fund Ultra Shares,1,2,4,10,6,3,2,2,29,-10.0,24.0,Broken,🔥 COILED: Avoid/exit,29,0.0,0.0,0.0,50.0,0,,nan,nan,0.0
SNSXX,The Charles Schwab Family of Funds - Schwab U.S. Treasury Money Fund,1,2,4,10,6,3,2,2,29,-10.0,24.0,Broken,🔥 COILED: Avoid/exit,29,0.0,0.0,0.0,50.0,0,,nan,nan,0.0
SNVXX,Schwab Government Money Fund,1,2,4,10,6,3,2,2,29,-10.0,24.0,Broken,🔥 COILED: Avoid/exit,29,0.0,0.0,0.0,50.0,0,,nan,nan,0.0
SPRXX,Fidelity Hereford Street Trust - Fidelity Money Market Fund,1,2,4,10,6,3,2,2,29,-10.0,24.0,Broken,🔥 COILED: Avoid/exit,29,0.0,0.0,0.0,50.0,0,,nan,nan,0.0
SSJXX,State Street Institutional Investment Trust- Treasury Money Market Fund,1,2,4,10,6,3,2,2,29,-10.0,24.0,Broken,🔥 COILED: Avoid/exit,29,0.0,0.0,0.0,50.0,0,,nan,nan,0.0
SSKXX,State Street Institutional Investment Trust - State Street Institutional Tax Free Money Market Fund,1,2,4,10,6,3,2,2,29,-10.0,24.0,Broken,🔥 COILED: Avoid/exit,29,0.0,0.0,0.0,50.0,0,,nan,nan,0.0
SSNXX,State Street Institutional Investment Trust - State Street Institutional Tax Free Money Market Fund,1,2,4,10,6,3,2,2,29,-10.0,24.0,Broken,🔥 COILED: Avoid/exit,29,0.0,0.0,0.0,50.0,0,,nan,nan,0.0
SSOXX,State Street Master Funds - State Street U.S. Government Money Market Portfolio,1,2,4,10,6,3,2,2,29,-10.0,24.0,Broken,🔥 COILED: Avoid/exit,29,0.0,0.0,0.0,50.0,0,,nan,nan,0.0
SSQXX,State Street Institutional Investment Trust - State Street Institutional Treasury Plus Money Market,1,2,4,10,6,3,2,2,29,-10.0,24.0,Broken,🔥 COILED: Avoid/exit,29,0.0,0.0,0.0,50.0,0,,nan,nan,0.0
SUTXX,Schwab U.S. Treasury Money Fund Ultra Shares,1,2,4,10,6,3,2,2,29,-10.0,24.0,Broken,🔥 COILED: Avoid/exit,29,0.0,0.0,0.0,50.0,0,,nan,nan,0.0
STGXX,Wells Fargo Funds Trust - Money Market Fund,1,2,4,10,6,3,2,2,29,-10.0,24.0,Broken,🔥 COILED: Avoid/exit,29,0.0,0.0,0.0,50.0,0,,nan,nan,0.0
STPXX,UBS Money Series - UBS Select Treasury Preferred Fund,1,2,4,10,6,3,2,2,29,-10.0,24.0,Broken,🔥 COILED: Avoid/exit,29,0.0,0.0,0.0,50.0,0,,nan,nan,0.0
SWKXX,The Charles Schwab Family of Funds - Schwab California Municipal Money Fund,1,2,4,10,6,3,2,2,29,-10.0,24.0,Broken,🔥 COILED: Avoid/exit,29,0.0,0.0,0.0,50.0,0,,nan,nan,0.0
SWTXX,The Charles Schwab Family of Funds - Schwab Municipal Money Fund,1,2,4,10,6,3,2,2,29,-10.0,24.0,Broken,🔥 COILED: Avoid/exit,29,0.0,0.0,0.0,50.0,0,,nan,nan,0.0
SWWXX,The Charles Schwab Family of Funds - Schwab AMT Tax-Free Money Fund,1,2,4,10,6,3,2,2,29,-10.0,24.0,Broken,🔥 COILED: Avoid/exit,29,0.0,0.0,0.0,50.0,0,,nan,nan,0.0
SWOXX,Schwab Municipal Money Fund,1,2,4,10,6,3,2,2,29,-10.0,24.0,Broken,🔥 COILED: Avoid/exit,29,0.0,0.0,0.0,50.0,0,,nan,nan,0.0
SWYXX,The Charles Schwab Family of Funds - Schwab New York Municipal Money Fund,1,2,4,10,6,3,2,2,29,-10.0,24.0,Broken,🔥 COILED: Avoid/exit,29,0.0,0.0,0.0,50.0,0,,nan,nan,0.0
TACXX,Short-Term Investment Trust - Invesco Treasury Obligations Portfolio,1,2,4,10,6,3,2,2,29,-10.0,24.0,Broken,🔥 COILED: Avoid/exit,29,0.0,0.0,0.0,50.0,0,,nan,nan,0.0
SZCXX,The Saratoga Advantage Trust - U.S. Government Money Market Portfolio,1,2,4,10,6,3,2,2,29,-10.0,24.0,Broken,🔥 COILED: Avoid/exit,29,0.0,0.0,0.0,50.0,0,,nan,nan,0.0
TAMXX,Transamerica Funds - Transamerica Government Money Market,1,2,4,10,6,3,2,2,29,-10.0,24.0,Broken,🔥 COILED: Avoid/exit,29,0.0,0.0,0.0,50.0,0,,nan,nan,0.0
TAQXX,State Street Institutional Investment Trust -Treasury Obligations Money Market Fund,1,2,4,10,6,3,2,2,29,-10.0,24.0,Broken,🔥 COILED: Avoid/exit,29,0.0,0.0,0.0,50.0,0,,nan,nan,0.0
TBIXX,Money Market Obligations Trust - Federated Tax-Free Obligations Fund,1,2,4,10,6,3,2,2,29,-10.0,24.0,Broken,🔥 COILED: Avoid/exit,29,0.0,0.0,0.0,50.0,0,,nan,nan,0.0
TBVXX,Money Market Obligations Trust - Federated Tax-Free Obligations Fund,1,2,4,10,6,3,2,2,29,-10.0,24.0,Broken,🔥 COILED: Avoid/exit,29,0.0,0.0,0.0,50.0,0,,nan,nan,0.0
TBSXX,Money Market Obligations Trust - Federated Tax-Free Obligations Fund,1,2,4,10,6,3,2,2,29,-10.0,24.0,Broken,🔥 COILED: Avoid/exit,29,0.0,0.0,0.0,50.0,0,,nan,nan,0.0
TCGXX,SEI Daily Income Trust - Government II Fund,1,2,4,10,6,3,2,2,29,-10.0,24.0,Broken,🔥 COILED: Avoid/exit,29,0.0,0.0,0.0,50.0,0,,nan,nan,0.0
TCIXX,TIAA-CREF Funds - TIAA-CREF Money Market Fund,1,2,4,10,6,3,2,2,29,-10.0,24.0,Broken,🔥 COILED: Avoid/exit,29,0.0,0.0,0.0,50.0,0,,nan,nan,0.0
TERXX,T. Rowe Price Tax-Exempt Money Fund Inc.,1,2,4,10,6,3,2,2,29,-10.0,24.0,Broken,🔥 COILED: Avoid/exit,29,0.0,0.0,0.0,50.0,0,,nan,nan,0.0
TCRXX,American Century Investment Trust - Premium Money Market Fund,1,2,4,10,6,3,2,2,29,-10.0,24.0,Broken,🔥 COILED: Avoid/exit,29,0.0,0.0,0.0,50.0,0,,nan,nan,0.0
TGRXX,Transamerica Funds - Government Money Market Fund,1,2,4,10,6,3,2,2,29,-10.0,24.0,Broken,🔥 COILED: Avoid/exit,29,0.0,0.0,0.0,50.0,0,,nan,nan,0.0
TFFXX,BlackRock Liquidity Funds - Federal Trust Fund,1,2,4,10,6,3,2,2,29,-10.0,24.0,Broken,🔥 COILED: Avoid/exit,29,0.0,0.0,0.0,50.0,0,,nan,nan,0.0
TFGXX,Transamerica Funds - Government Money Market Fund,1,2,4,10,6,3,2,2,29,-10.0,24.0,Broken,🔥 COILED: Avoid/exit,29,0.0,0.0,0.0,50.0,0,,nan,nan,0.0
TGTXX,Transamerica Funds - Government Money Market Fund,1,2,4,10,6,3,2,2,29,-10.0,24.0,Broken,🔥 COILED: Avoid/exit,29,0.0,0.0,0.0,50.0,0,,nan,nan,0.0
TIEXX,TIAA-CREF Funds - TIAA-CREF Money Market Fund,1,2,4,10,6,3,2,2,29,-10.0,24.0,Broken,🔥 COILED: Avoid/exit,29,0.0,0.0,0.0,50.0,0,,nan,nan,0.0
TIRXX,TIAA-CREF Funds - TIAA-CREF Money Market Fund,1,2,4,10,6,3,2,2,29,-10.0,24.0,Broken,🔥 COILED: Avoid/exit,29,0.0,0.0,0.0,50.0,0,,nan,nan,0.0
TIMXX,RBC Funds Trust - U.S. Government Money Market Fund,1,2,4,10,6,3,2,2,29,-10.0,24.0,Broken,🔥 COILED: Avoid/exit,29,0.0,0.0,0.0,50.0,0,,nan,nan,0.0
TISXX,Money Market Obligations Trust - Federated Hermes U.S. Treasury Cash Reserves,1,2,4,10,6,3,2,2,29,-10.0,24.0,Broken,🔥 COILED: Avoid/exit,29,0.0,0.0,0.0,50.0,0,,nan,nan,0.0
TLMXX,TIAA-CREF Life Money Market Fund,1,2,4,10,6,3,2,2,29,-10.0,24.0,Broken,🔥 COILED: Avoid/exit,29,0.0,0.0,0.0,50.0,0,,nan,nan,0.0
TMDXX,T. Rowe Price State Tax-Free Income Trust - T. Rowe Price Maryland Tax-Free Money Fund,1,2,4,10,6,3,2,2,29,-10.0,24.0,Broken,🔥 COILED: Avoid/exit,29,0.0,0.0,0.0,50.0,0,,nan,nan,0.0
TMHXX,TIAA-CREF Life Funds - Money Market Fund,1,2,4,10,6,3,2,2,29,-10.0,24.0,Broken,🔥 COILED: Avoid/exit,29,0.0,0.0,0.0,50.0,0,,nan,nan,0.0
TPFXX,Short-Term Investment Trust - Invesco Treasury Portfolio,1,2,4,10,6,3,2,2,29,-10.0,24.0,Broken,🔥 COILED: Avoid/exit,29,0.0,0.0,0.0,50.0,0,,nan,nan,0.0
TPPXX,TIAA-CREF Funds - TIAA-CREF Money Market Fund,1,2,4,10,6,3,2,2,29,-10.0,24.0,Broken,🔥 COILED: Avoid/exit,29,0.0,0.0,0.0,50.0,0,,nan,nan,0.0
TPLXX,State Street Institutional Investment Trust - International Treasure Plus Money Market Fund,1,2,4,10,6,3,2,2,29,-10.0,24.0,Broken,🔥 COILED: Avoid/exit,29,0.0,0.0,0.0,50.0,0,,nan,nan,0.0
TPVXX,State Street Institutional Investment Trust - State Street Institutional Treasury Plus Money Market,1,2,4,10,6,3,2,2,29,-10.0,24.0,Broken,🔥 COILED: Avoid/exit,29,0.0,0.0,0.0,50.0,0,,nan,nan,0.0
TRIXX,State Street Institutional Investment Trust - Treasury Fund,1,2,4,10,6,3,2,2,29,-10.0,24.0,Broken,🔥 COILED: Avoid/exit,29,0.0,0.0,0.0,50.0,0,,nan,nan,0.0
TRGXX,T. Rowe Price U.S. Treasury Funds Inc. - T. Rowe Price U.S. Treasury Money Fund,1,2,4,10,6,3,2,2,29,-10.0,24.0,Broken,🔥 COILED: Avoid/exit,29,0.0,0.0,0.0,50.0,0,,nan,nan,0.0
TRPXX,Short-Term Investment Trust - Invesco Treasury Portfolio,1,2,4,10,6,3,2,2,29,-10.0,24.0,Broken,🔥 COILED: Avoid/exit,29,0.0,0.0,0.0,50.0,0,,nan,nan,0.0
TRVXX,State Street Institutional Investment Trust - Treasury Fund,1,2,4,10,6,3,2,2,29,-10.0,24.0,Broken,🔥 COILED: Avoid/exit,29,0.0,0.0,0.0,50.0,0,,nan,nan,0.0
TTGXX,T Rowe Price Government Money Funds Inc - Government Money Fund,1,2,4,10,6,3,2,2,29,-10.0,24.0,Broken,🔥 COILED: Avoid/exit,29,0.0,0.0,0.0,50.0,0,,nan,nan,0.0
TSPXX,Short-Term Investment Trust - Invesco Treasury Obligations Portfolio,1,2,4,10,6,3,2,2,29,-10.0,24.0,Broken,🔥 COILED: Avoid/exit,29,0.0,0.0,0.0,50.0,0,,nan,nan,0.0
TRZXX,T. Rowe Price U.S. Treasury Funds Inc. - T. Rowe Price U.S. Treasury Money Fund,1,2,4,10,6,3,2,2,29,-10.0,24.0,Broken,🔥 COILED: Avoid/exit,29,0.0,0.0,0.0,50.0,0,,nan,nan,0.0
TTOXX,Money Market Obligations Trust - Federated Trust for U.S. Treasury Obligations,1,2,4,10,6,3,2,2,29,-10.0,24.0,Broken,🔥 COILED: Avoid/exit,29,0.0,0.0,0.0,50.0,0,,nan,nan,0.0
TUGXX,RBC Funds Trust - U.S. Government Money Market Fund,1,2,4,10,6,3,2,2,29,-10.0,24.0,Broken,🔥 COILED: Avoid/exit,29,0.0,0.0,0.0,50.0,0,,nan,nan,0.0
TUIXX,RBC Funds Trust - U.S. Government Money Market Fund,1,2,4,10,6,3,2,2,29,-10.0,24.0,Broken,🔥 COILED: Avoid/exit,29,0.0,0.0,0.0,50.0,0,,nan,nan,0.0
TWNXX,T. Rowe Price State Tax-Free Income Trust - T. Rowe Price Maryland Tax-Free Money Fund,1,2,4,10,6,3,2,2,29,-10.0,24.0,Broken,🔥 COILED: Avoid/exit,29,0.0,0.0,0.0,50.0,0,,nan,nan,0.0
TXMXX,Cash Account Trust - DWS Tax-Exempt Portfolio,1,2,4,10,6,3,2,2,29,-10.0,24.0,Broken,🔥 COILED: Avoid/exit,29,0.0,0.0,0.0,50.0,0,,nan,nan,0.0
TXPXX,Short-Term Investment Trust - Invesco Treasury Obligations Portfolio,1,2,4,10,6,3,2,2,29,-10.0,24.0,Broken,🔥 COILED: Avoid/exit,29,0.0,0.0,0.0,50.0,0,,nan,nan,0.0
TYCXX,Short-Term Investment Trust - Invesco Treasury Portfolio,1,2,4,10,6,3,2,2,29,-10.0,24.0,Broken,🔥 COILED: Avoid/exit,29,0.0,0.0,0.0,50.0,0,,nan,nan,0.0
UATXX,USAA Mutual Funds Trust - USAA Treasury Money Market Trust,1,2,4,10,6,3,2,2,29,-10.0,24.0,Broken,🔥 COILED: Avoid/exit,29,0.0,0.0,0.0,50.0,0,,nan,nan,0.0
UPPXX,UBS Select Prime Preferred Fund,1,2,4,10,6,3,2,2,29,-10.0,24.0,Broken,🔥 COILED: Avoid/exit,29,0.0,0.0,0.0,50.0,0,,nan,nan,0.0
UPRXX,Ubs Money Series - Prime Reserve  Fund,1,2,4,10,6,3,2,2,29,-10.0,24.0,Broken,🔥 COILED: Avoid/exit,29,0.0,0.0,0.0,50.0,0,,nan,nan,0.0
USAXX,USAA Mutual Funds Trust - USAA Money Market Fund,1,2,4,10,6,3,2,2,29,-10.0,24.0,Broken,🔥 COILED: Avoid/exit,29,0.0,0.0,0.0,50.0,0,,nan,nan,0.0
USEXX,USAA Mutual Funds Trust - USAA Tax Exempt Money Market Fund,1,2,4,10,6,3,2,2,29,-10.0,24.0,Broken,🔥 COILED: Avoid/exit,29,0.0,0.0,0.0,50.0,0,,nan,nan,0.0
UTIXX,Money Market Obligations Trust - Federated Hermes U.S. Treasury Cash Reserves,1,2,4,10,6,3,2,2,29,-10.0,24.0,Broken,🔥 COILED: Avoid/exit,29,0.0,0.0,0.0,50.0,0,,nan,nan,0.0
UTSXX,Shelton Funds - The United States Treasury Trust,1,2,4,10,6,3,2,2,29,-10.0,24.0,Broken,🔥 COILED: Avoid/exit,29,0.0,0.0,0.0,50.0,0,,nan,nan,0.0
VETXX,Goldman Sachs Trust - Goldman Sachs Financial Square Government Fund,1,2,4,10,6,3,2,2,29,-10.0,24.0,Broken,🔥 COILED: Avoid/exit,29,0.0,0.0,0.0,50.0,0,,nan,nan,0.0
VCTXX,Vanguard California Municipal Money Market Fund,1,2,4,10,6,3,2,2,29,-10.0,24.0,Broken,🔥 COILED: Avoid/exit,29,0.0,0.0,0.0,50.0,0,,nan,nan,0.0
VMSXX,Vanguard Municipal Bond Funds - Vanguard Municipal Money Market Fund,1,2,4,10,6,3,2,2,29,-10.0,24.0,Broken,🔥 COILED: Avoid/exit,29,0.0,0.0,0.0,50.0,0,,nan,nan,0.0
VMRXX,Vanguard Money Market Reserves - Vanguard Cash Reserves Federal Money Market Fund,1,2,4,10,6,3,2,2,29,-10.0,24.0,Broken,🔥 COILED: Avoid/exit,29,0.0,0.0,0.0,50.0,0,,nan,nan,0.0
VYFXX,Vanguard New York Tax-Exempt Money Market Fund,1,2,4,10,6,3,2,2,29,-10.0,24.0,Broken,🔥 COILED: Avoid/exit,29,0.0,0.0,0.0,50.0,0,,nan,nan,0.0
WABXX,Western Asset Premier Institutional Government Reserves Capital Shares,1,2,4,10,6,3,2,2,29,-10.0,24.0,Broken,🔥 COILED: Avoid/exit,29,0.0,0.0,0.0,50.0,0,,nan,nan,0.0
WACXX,Western Asset Premier Institutional Government Reserves Preferred Shares,1,2,4,10,6,3,2,2,29,-10.0,24.0,Broken,🔥 COILED: Avoid/exit,29,0.0,0.0,0.0,50.0,0,,nan,nan,0.0
WAGXX,Wilmington Funds - Wilmington U.S. Government Money Market Fund,1,2,4,10,6,3,2,2,29,-10.0,24.0,Broken,🔥 COILED: Avoid/exit,29,0.0,0.0,0.0,50.0,0,,nan,nan,0.0
WADXX,Western Asset Premier Institutional U.S. Treasury Reserves Capital Shares,1,2,4,10,6,3,2,2,29,-10.0,24.0,Broken,🔥 COILED: Avoid/exit,29,0.0,0.0,0.0,50.0,0,,nan,nan,0.0
WAEXX,Western Asset Premier Institutional U.S. Treasury Reserves Preferred Shares,1,2,4,10,6,3,2,2,29,-10.0,24.0,Broken,🔥 COILED: Avoid/exit,29,0.0,0.0,0.0,50.0,0,,nan,nan,0.0
WFFXX,Allspring Funds Trust - Allspring Government Money Market Fund,1,2,4,10,6,3,2,2,29,-10.0,24.0,Broken,🔥 COILED: Avoid/exit,29,0.0,0.0,0.0,50.0,0,,nan,nan,0.0
WCGXX,Northern Institutional Funds - U.S. Government Select Portfolio,1,2,4,10,6,3,2,2,29,-10.0,24.0,Broken,🔥 COILED: Avoid/exit,29,0.0,0.0,0.0,50.0,0,,nan,nan,0.0
WFGXX,Allspring Funds Trust - Allspring Government Money Market Fund,1,2,4,10,6,3,2,2,29,-10.0,24.0,Broken,🔥 COILED: Avoid/exit,29,0.0,0.0,0.0,50.0,0,,nan,nan,0.0
WFNXX,Wells Fargo Funds Trust - National Tax-Free Money Market Fund,1,2,4,10,6,3,2,2,29,-10.0,24.0,Broken,🔥 COILED: Avoid/exit,29,0.0,0.0,0.0,50.0,0,,nan,nan,0.0
WGAXX,Allspring Funds Trust - Allspring Government Money Market Fund,1,2,4,10,6,3,2,2,29,-10.0,24.0,Broken,🔥 COILED: Avoid/exit,29,0.0,0.0,0.0,50.0,0,,nan,nan,0.0
WGEXX,Wilmington Funds - Wilmington U.S. Government Money Market Fund,1,2,4,10,6,3,2,2,29,-10.0,24.0,Broken,🔥 COILED: Avoid/exit,29,0.0,0.0,0.0,50.0,0,,nan,nan,0.0
WGOXX,Wilmington Funds - Wilmington U.S. Government Money Market Fund,1,2,4,10,6,3,2,2,29,-10.0,24.0,Broken,🔥 COILED: Avoid/exit,29,0.0,0.0,0.0,50.0,0,,nan,nan,0.0
WGSXX,WT Mutual Fund - Wilmington U.S. Government Money Market Fund,1,2,4,10,6,3,2,2,29,-10.0,24.0,Broken,🔥 COILED: Avoid/exit,29,0.0,0.0,0.0,50.0,0,,nan,nan,0.0
WMOXX,Wells Fargo Funds Trust - Money Market Fund,1,2,4,10,6,3,2,2,29,-10.0,24.0,Broken,🔥 COILED: Avoid/exit,29,0.0,0.0,0.0,50.0,0,,nan,nan,0.0
WMPXX,Wells Fargo Funds Trust - Money Market Fund,1,2,4,10,6,3,2,2,29,-10.0,24.0,Broken,🔥 COILED: Avoid/exit,29,0.0,0.0,0.0,50.0,0,,nan,nan,0.0
WNTXX,Wells Fargo Funds Trust - National Tax-Free Money Market Fund,1,2,4,10,6,3,2,2,29,-10.0,24.0,Broken,🔥 COILED: Avoid/exit,29,0.0,0.0,0.0,50.0,0,,nan,nan,0.0
WTAXX,Wilmington Funds - Wilmington U.S. Treasury Money Market Fund,1,2,4,10,6,3,2,2,29,-10.0,24.0,Broken,🔥 COILED: Avoid/exit,29,0.0,0.0,0.0,50.0,0,,nan,nan,0.0
WTEXX,WT Mutual Fund - Wilmington Tax-Exempt Money Market Fund,1,2,4,10,6,3,2,2,29,-10.0,24.0,Broken,🔥 COILED: Avoid/exit,29,0.0,0.0,0.0,50.0,0,,nan,nan,0.0
WOTXX,Wells Fargo Funds Trust - 100% Treasury Money Market Fund,1,2,4,10,6,3,2,2,29,-10.0,24.0,Broken,🔥 COILED: Avoid/exit,29,0.0,0.0,0.0,50.0,0,,nan,nan,0.0
WTIXX,Wilmington Funds - Wilmington U.S. Treasury Money Market Fund,1,2,4,10,6,3,2,2,29,-10.0,24.0,Broken,🔥 COILED: Avoid/exit,29,0.0,0.0,0.0,50.0,0,,nan,nan,0.0
WTLXX,Wells Fargo Funds Trust - Treasury Plus Money Market Fund,1,2,4,10,6,3,2,2,29,-10.0,24.0,Broken,🔥 COILED: Avoid/exit,29,0.0,0.0,0.0,50.0,0,,nan,nan,0.0
WTPXX,Wells Fargo Funds Trust - Treasury Plus Money Market Fund,1,2,4,10,6,3,2,2,29,-10.0,24.0,Broken,🔥 COILED: Avoid/exit,29,0.0,0.0,0.0,50.0,0,,nan,nan,0.0
WTRXX,Wells Fargo Funds Trust - 100% Treasury Money Market Fund,1,2,4,10,6,3,2,2,29,-10.0,24.0,Broken,🔥 COILED: Avoid/exit,29,0.0,0.0,0.0,50.0,0,,nan,nan,0.0
WTSXX,WT Mutual Fund - Wilmington Tax-Exempt Money Market Fund,1,2,4,10,6,3,2,2,29,-10.0,24.0,Broken,🔥 COILED: Avoid/exit,29,0.0,0.0,0.0,50.0,0,,nan,nan,0.0
FOBXX,Franklin Templeton Trust - Onchain US Government Money Fund,1,2,4,10,6,3,2,2,29,-10.0,24.0,Broken,🔥 COILED: Avoid/exit,29,0.0,0.0,0.0,50.0,0,,nan,nan,0.0
FYIXX,Fidelity Treasury Only Money Market Fund,1,2,4,10,6,3,2,2,29,-10.0,24.0,Broken,🔥 COILED: Avoid/exit,29,0.0,0.0,0.0,50.0,0,,nan,nan,0.0
PCPDF,Pacific Century Premium Developments Limited,0.031,18,5,5,9,3,2,2,44,-16.8,23.2,Broken,Avoid/exit,41,-3.7,2709.1,22.9,57.5,2,,Real Estate,237755440.0,700.98
REEEF,RareX Limited,0.005,6,4,7,3,3,5,2,30,-10.0,23.0,Broken,Avoid/exit,21,0.0,0.0,-2.4,26.4,0,,Basic Materials,6082752.0,27857.09
ETBI,Eastgate Biotech Corp,0.003,15,2,3,7,1,11,2,41,-23,23,Broken,🔥 COILED: Avoid/exit,51,500.0,0.0,5.1,52.0,1,7,Healthcare,3173572.0,399520.94
DPLS,Darkpulse Inc,0.006,1,4,5,9,2,2,5,28,-5.0,23.0,Broken,Avoid/exit,22,-12.9,-9.0,-9.0,45.6,1,,Technology,1381919.0,2161800.65
VAPR,Vaporbrands Intl Inc,0.004,3,7,2,7,5,2,2,28,-3.0,23.0,Broken,Avoid/exit,34,0.0,5.0,-0.9,47.1,1,,Consumer Cyclical,1088483.0,136116.14
TRKUF,Tarku Resources Ltd,0.005,7,3,10,6,3,4,2,35,-15.0,23.0,Broken,Avoid/exit,45,0.0,0.0,-0.0,15.1,1,,Basic Materials,829529.0,8959.53
GKIT,Greenkraft Inc,0.008,6,3,10,5,0,4,2,30,-10.0,23.0,Broken,Avoid/exit,30,0.0,0.0,-0.0,33.0,0,,Consumer Cyclical,793890.0,1243.47
ACCR,Access-Power & Co. Inc,0.002,4,7,4,2,4,7,2,30,-6.0,23.0,Broken,Avoid/exit,47,7.1,7.1,0.5,49.8,1,,Communication Services,677250.0,131908.53
GGLXF,GGL Resources Corp,0.005,3,4,9,6,3,1,2,28,-10.0,23.0,Broken,🔥 COILED: Avoid/exit,29,0.0,0.0,-2.6,47.9,0,,Basic Materials,521787.0,459.0
STGDF,Stone Gold Inc.,0.003,3,4,8,5,3,1,2,26,-8.0,23.0,Broken,🔥 COILED: Avoid/exit,19,0.0,0.0,-18.2,43.1,0,,Basic Materials,345145.0,912.68
XPRCF,Xplore Resources Corp.,0.005,5,3,10,6,3,6,2,35,-15.0,23.0,Broken,Avoid/exit,25,0.0,0.0,-0.3,0.2,1,,Basic Materials,263007.0,44.67
TWSI,Tristar Wellness,0.002,8,6,10,5,3,1,2,35,-15.0,23.0,Broken,Avoid/exit,24,0.0,0.0,-1.2,22.5,1,,Healthcare,175808.0,2144.1
FLLLF,Feel Foods Ltd,0.01,14,5,7,12,3,4,5,50,-27,23,Broken,Avoid/exit,50,55.7,55.7,40.9,94.3,3,3,Consumer Defensive,175635.0,67.76
CRMK,Cermetek Microelectronics Inc,0.005,4,3,10,5,3,3,2,30,-10.0,23.0,Broken,Avoid/exit,16,0.0,0.0,-0.6,1.3,0,,Technology,119171.0,3243.53
RRRUF,R&R Real Estate Investment Trust,0.002,5,4,9,4,3,1,2,28,-10.0,23.0,Broken,🔥 COILED: Avoid/exit,30,0.0,0.0,-8.3,48.3,0,,Real Estate,100338.0,193.48
CCHMF,Central China Management Company Limited,0.015,5,3,9,6,3,2,2,30,-10.0,23.0,Broken,Avoid/exit,14,0.0,0.0,-0.5,0.0,0,,Real Estate,193280864.0,11.0
BYOGD,Bounty Oil & Gas NL,0.018,5,3,10,5,3,7,2,35,-15.0,23.0,Broken,Avoid/exit,36,0.0,0.0,-5.6,9.7,1,,Energy,47269840.0,691.7
RATHF,Rathdowney Resources Ltd,0.02,15,4,7,12,6,2,5,51,-28.0,23.0,Broken,Avoid/exit,63,0.0,0.0,45.8,99.9,0,,Basic Materials,2304274.0,1223.5
AGTX,Agentix Corp,0.02,9,7,6,6,5,0,2,35,-15.0,23.0,Broken,Avoid/exit,28,0.0,0.0,-0.2,42.0,1,,Healthcare,801339.0,7422.95
MYBUF,Meyer Burger Technology AG,0.02,5,6,9,6,3,4,2,35,-15.0,23.0,Broken,Avoid/exit,27,0.0,0.0,-12.8,37.0,1,,Technology,632770.0,0.0
MNGGF,Mongolia Growth Group Ltd.,0.02,8,8,6,13,5,3,2,45,-22,23,Broken,Avoid/exit,17,100.0,100.0,34.5,48.3,3,6,Real Estate,510305.0,0.0
SQFTW,Presidio Property Trust Inc. Series A Common Stock Purchase Warrants,0.015,7,11,9,2,3,2,2,36,-16.0,23.0,Broken,Avoid/exit,30,9.3,-1.3,4.9,52.5,2,,nan,nan,15080.66
NEXRW,Nexera Technologies Ltd,0.011,0,4,2,11,0,4,2,23,0.0,23.0,Broken,Avoid/exit,0,-20.9,10.0,-34.4,42.1,1,,nan,nan,0.0
NSHRF,Northern Shield Resources Inc,0.03,15,10,7,13,4,2,2,53,-26,23,Broken,Avoid/exit,43,50.0,20.0,27.9,67.0,3,3,Basic Materials,4603268.0,0.0
HGYN,Hong Yuan Holding Group,0.03,3,3,4,9,0,2,2,23,0.0,23.0,Broken,Avoid/exit,15,-39.2,-24.4,-26.5,39.4,0,,Industrials,3709646.0,17333.52
IONGF,Ion Energy Ltd,0.031,17,11,6,7,4,2,5,52,-29,23,Broken,Avoid/exit,42,40.0,23.2,46.2,64.7,4,,Basic Materials,3224577.0,11468.29
ITNF,Internet Infinity Inc,0.024,8,3,10,6,0,1,2,30,-10.0,23.0,Broken,Avoid/exit,39,0.0,0.0,-0.0,38.5,0,,Industrials,1732746.0,3176.4
ACGX,"Alliance Creative Group, Inc",0.026,7,8,4,2,4,3,2,30,-10.0,23.0,Broken,Avoid/exit,23,0.0,6.1,2.2,53.1,0,,Consumer Cyclical,201659.0,11081.13
RLMLF,Resolution Minerals Ltd,0.031,7,10,5,2,4,4,5,37,-15.0,23.0,Broken,Avoid/exit,25,2.3,-4.6,-0.2,49.3,1,,Basic Materials,74646760.0,1255225.08
DPNEF,Daphne International Holdings Limited,0.04,5,4,10,6,3,2,2,32,-12.0,23.0,Broken,Avoid/exit,28,0.0,0.0,-0.0,61.1,0,,Consumer Cyclical,34229764.0,0.0
VRCFF,Victory Resources Corporation,0.037,4,9,6,14,4,2,2,41,-18.0,23.0,Broken,Avoid/exit,24,4.8,11.5,0.0,46.6,3,,Basic Materials,1680496.0,14557.59
BKKT-WT,Bakkt Holdings Inc. Warrant,0.034,3,13,4,2,3,4,2,31,-6.0,23.0,Broken,Avoid/exit,22,11.3,0.6,-3.3,45.1,1,,nan,nan,20845.04
MNYWW,MoneyHero Limited Warrants,0.04,3,11,7,2,3,3,2,31,-8.0,23.0,Broken,Avoid/exit,29,5.3,5.3,0.2,48.4,0,,nan,nan,25168.4
TMRFF,Tempus Resources Limited,0.047,11,2,4,9,3,1,5,35,-12.0,23.0,Broken,Avoid/exit,58,0.0,0.0,15.4,60.5,0,,Basic Materials,75417376.0,1186.64
SPCNF,SPC Nickel Corp,0.045,3,3,10,6,3,3,2,30,-10.0,23.0,Broken,Avoid/exit,29,0.0,0.0,-2.4,30.5,0,,Basic Materials,19974366.0,9533.05
LTUM,Lithium Corp,0.046,5,11,9,6,5,0,2,38,-13.0,23.0,Broken,Avoid/exit,28,-2.3,-4.4,-0.9,47.5,1,,Basic Materials,5316949.0,189368.95
TNTMF,Transition Metals Corp,0.049,6,6,4,5,3,4,5,33,-10.0,23.0,Broken,Avoid/exit,30,-4.7,-2.0,-2.2,48.6,0,,Basic Materials,4038610.0,16238.64
BQHG,BQHG,0.05,1,3,2,9,0,3,5,23,0.0,23.0,Broken,Avoid/exit,15,-75.0,-79.0,-66.6,33.6,0,,Financial Services,1336754.0,458.86
ELST,Electronic Systems Technology Inc,0.05,8,3,11,10,0,1,2,35,-8.0,23.0,Broken,Avoid/exit,32,0.0,0.0,0.0,76.5,1,,Technology,247325.0,250.43
SPST,"Superstar Platforms, Inc.",0.059,2,3,0,11,5,0,2,23,-3.0,23.0,Broken,Avoid/exit,0,-25.4,-25.4,-15.7,42.5,1,,Financial Services,10736875.0,0.0
SLMLF,Apex Resources Inc,0.055,15,4,7,9,4,2,5,46,-23.0,23.0,Broken,Avoid/exit,52,0.0,104.5,30.5,86.4,2,,Basic Materials,4579513.0,5018.34
BMVVF,Bathurst Metals Corp,0.056,7,3,10,4,3,1,2,30,-10.0,23.0,Broken,Avoid/exit,28,0.0,0.0,-0.4,40.0,0,,Basic Materials,2797600.0,1568.1
GSFD,Global Seafood Technologies Inc,0.059,9,5,6,3,5,3,2,33,-15.0,23.0,Broken,🔥 COILED: Avoid/exit,34,0.0,0.0,-0.7,45.4,1,,Consumer Defensive,1109425.0,3619.32
AVCVF,Monitor Ventures Inc,0.055,1,9,1,7,3,3,2,26,-3.0,23.0,Broken,Avoid/exit,18,5.7,5.7,-12.3,16.1,1,,Financial Services,261185.0,41.25
BNCWZ,CEA Industries Inc. Warrant,0.06,6,11,6,4,2,0,2,31,-8.0,23.0,Broken,Avoid/exit,0,0.2,20.0,-9.2,46.9,2,,nan,nan,0.0
CAXPF,District Copper Corp,0.062,15,7,4,10,1,1,5,43,-20.0,23.0,Broken,Avoid/exit,48,12.0,32.2,10.2,58.4,3,,Basic Materials,2625853.0,0.0
BQST,BioQuest Corp,0.066,5,3,10,5,3,2,2,30,-10.0,23.0,Broken,Avoid/exit,18,0.0,0.0,-0.1,3.9,0,,Financial Services,1973085.0,22.83
ROVMF,Rover Metals Corp,0.064,8,16,3,2,3,2,2,36,-13.0,23.0,Broken,Avoid/exit,17,26.5,-0.5,5.4,51.0,2,,Basic Materials,748551.0,3931.19
FOXOD,FOXO Technologies Inc.,0.07,15,5,3,9,2,4,5,43,-20,23,Broken,Avoid/exit,41,75.0,75.0,26.6,55.9,3,10,Healthcare,99438.0,30436939.45
CLRSF,Castile Resources Limited,0.077,4,4,10,4,3,1,2,28,-10.0,23.0,Broken,🔥 COILED: Avoid/exit,32,0.0,0.0,-0.1,47.5,0,,Basic Materials,29665550.0,1013.07
INTI,Inhibitor Therapeutics Inc,0.089,13,7,3,9,1,0,5,38,-15.0,23.0,Broken,Avoid/exit,52,0.0,8.5,5.4,58.7,2,,Healthcare,15555595.0,15802.24
FDOGF,Friday's Dog Holdings Inc.,0.091,7,3,11,8,0,2,2,33,-13.0,23.0,Broken,Avoid/exit,41,0.0,0.0,0.0,93.2,0,,Consumer Defensive,7846635.0,67.9
YUXXF,Yuexiu Real Estate Investment Trust,0.1,7,3,11,8,0,2,2,33,-13.0,23.0,Broken,Avoid/exit,0,0.0,0.0,0.0,95.8,0,,Real Estate,533880832.0,0.0
AMFN,American Fusion Inc.,0.14,11,7,6,4,5,0,2,35,-15.0,23.0,Broken,Avoid/exit,0,-19.3,-0.2,-9.3,45.4,1,,Basic Materials,259045488.0,0.0
ATONF,Anton Oilfield Services Group,0.108,7,3,10,6,3,2,2,33,-13.0,23.0,Broken,Avoid/exit,35,0.0,0.0,-0.0,75.1,0,,Energy,347072992.0,0.0
SIREF,Sirios Resources Inc,0.135,12,9,5,5,3,4,5,43,-20.0,23.0,Broken,Avoid/exit,40,-4.1,6.2,3.4,57.5,0,,Basic Materials,90601136.0,285556.33
HPMCF,Africa Energy Corp,0.148,12,4,8,8,3,1,5,41,-18.0,23.0,Broken,Avoid/exit,42,0.0,0.7,9.6,88.0,1,,Energy,77872048.0,2139.73
COTXF,Coiled Therapeutics plc,0.13,8,4,8,3,4,4,2,33,-15.0,23.0,Broken,🔥 COILED: Avoid/exit,40,0.0,0.0,-0.8,46.6,1,,Healthcare,55482872.0,2568.12
CTMCF,Canterra Minerals Corporation,0.101,12,12,8,5,5,4,5,51,-28,23,Broken,Avoid/exit,30,5.2,13.9,7.7,55.8,3,,Basic Materials,37620356.0,276892.41
RMESF,Red Metal Resources Ltd,0.1,17,4,8,12,3,4,5,53,-30,23,Broken,Avoid/exit,67,0.0,56.2,27.7,96.9,3,,Basic Materials,20900916.0,1506.77
WPNDF,Wishpond Technologies Ltd,0.113,12,5,6,10,4,3,5,45,-22.0,23.0,Broken,Avoid/exit,26,0.0,33.9,8.2,63.1,3,,Technology,6211598.0,1777.81
RKVTF,Rakovina Therapeutics Inc.,0.136,18,11,5,5,6,2,5,52,-29,23,Broken,Avoid/exit,62,4.6,74.4,19.6,68.6,3,,Healthcare,3283144.0,4963.29
CETH,21shares Core Ethereum ETF,0.12,1,5,1,9,3,0,2,21,2.0,23.0,Broken,Avoid/exit,33,-4.0,0.0,-62.1,48.1,0,,nan,nan,928930.02
KOGDF,KO Gold Inc.,0.109,14,8,7,5,5,7,5,51,-28.0,23.0,Broken,Avoid/exit,0,3.0,19.7,14.2,57.8,3,,Basic Materials,nan,0.0
UMRRF,US Masters Residential Property Fund,0.194,9,6,11,8,0,2,2,38,-18.0,23.0,Broken,Avoid/exit,41,0.0,0.0,0.0,99.7,1,,Real Estate,133559552.0,550.0
GFGSF,GFG Resources Inc,0.164,16,4,2,7,5,4,3,41,-18.0,23.0,Broken,Avoid/exit,60,-0.8,7.6,0.5,51.8,0,,Basic Materials,50771860.0,133090.71
LNKLF,Linklogis Inc.,0.243,12,4,9,6,3,2,2,38,-18.0,23.0,Broken,Avoid/exit,40,0.0,0.0,0.0,71.2,1,,Technology,483657216.0,5.86
KNTPF,Kintor Pharmaceutical Limited,0.24,10,5,6,11,3,4,4,43,-20.0,23.0,Broken,Avoid/exit,18,0.0,39.5,6.0,55.1,3,,Healthcare,119628552.0,770.29
ESKYF,Eskay Mining Corp,0.24,3,14,8,3,3,0,2,33,-13.0,23.0,Broken,Avoid/exit,23,-4.0,-4.0,-0.8,47.3,1,,Basic Materials,44587140.0,61786.5
VOLMF,Volta Metals Ltd.,0.235,18,7,3,11,3,5,5,52,-29,23,Broken,Avoid/exit,0,26.9,47.5,24.2,66.1,3,,Basic Materials,37568096.0,0.0
PAXH,PreAxia Health Care Payment Systems Inc,0.22,8,3,10,5,3,4,2,35,-15.0,23.0,Broken,Avoid/exit,38,0.0,0.0,-0.0,13.0,1,,Healthcare,9837252.0,892.75
GPTRF,Grande Portage Resources Ltd,0.28,15,5,5,14,5,4,5,53,-30.0,23.0,Broken,Avoid/exit,55,-2.6,14.4,6.8,61.7,3,,Basic Materials,52544220.0,115556.61
PKSGY,PARKSON Retail Group Ltd ADR,0.28,5,3,10,8,3,2,2,33,-13.0,23.0,Broken,Avoid/exit,38,0.0,0.0,-0.0,88.6,1,,Consumer Cyclical,24588966.0,1.6
IVDA,Iveda Solutions Inc,0.297,3,10,2,9,4,0,5,33,-8.0,23.0,Broken,Avoid/exit,30,-12.6,-43.9,-8.0,46.7,1,,Industrials,3542884.0,5961214.79
PCYN,Procyon Corporation,0.25,10,6,1,7,4,2,2,32,-5.0,23.0,Broken,Avoid/exit,49,0.0,-10.7,-2.3,47.4,1,,Healthcare,2035157.0,1113.27
CHVKF,China Vanke Co. Ltd,0.3,3,8,2,7,3,3,2,28,-5.0,23.0,Broken,Avoid/exit,32,0.0,1.7,-1.5,39.9,1,,Real Estate,4944445952.0,0.0
AMGRF,AMA Group Limited,0.311,3,3,10,6,3,3,2,30,-10.0,23.0,Broken,Avoid/exit,23,0.0,0.0,-1.0,21.5,0,,Consumer Cyclical,149770304.0,1036.09
GPUS,"Hyperscale Data, Inc.",0.332,20,4,5,5,3,2,5,44,-21,23,Broken,Avoid/exit,66,1745.0,1409.5,176.2,81.6,3,9,Industrials,128718056.0,55283799.21
BWCCF,Bowen Coking Coal Limited,0.34,7,6,11,7,3,2,2,38,-18.0,23.0,Broken,Avoid/exit,37,0.0,0.0,0.0,99.6,1,,Basic Materials,36637568.0,0.0
OLB,OLB Group Inc,0.306,9,6,7,5,2,1,5,35,-12.0,23.0,Broken,Avoid/exit,29,3.4,-2.0,-0.4,47.5,1,,Technology,7734540.0,2983372.0
ITOC,iTonic Holdings Ltd.,0.325,15,13,8,6,3,3,5,53,-28,23,Broken,Avoid/exit,43,6.4,11.5,11.2,58.7,3,,Healthcare,7163276.0,0.0
MDSQF,Minsud Resources Corp,0.398,16,4,5,13,8,2,5,53,-30,23,Broken,Avoid/exit,41,3.5,13.9,7.6,85.9,3,,Basic Materials,67283800.0,1717.36
BMKDF,BioMark Diagnostics Inc,0.36,2,4,0,10,6,4,2,28,-5.0,23.0,Broken,Avoid/exit,32,-16.3,-9.0,-6.8,35.7,1,,Healthcare,37821968.0,4331.48
QSEGF,Quantum Secure Encryption Corp.,0.38,4,10,4,5,7,4,4,38,-13.0,23.0,Broken,Avoid/exit,51,-2.8,-12.7,-5.2,43.1,1,,Technology,25569792.0,0.0
OBAI,"TG-17, Inc. Common Stock",0.365,5,8,5,6,3,2,2,31,-13.0,23.0,Broken,Avoid/exit,33,7.4,-28.4,-10.9,39.0,1,,Technology,9640129.0,0.0
TPCFF,Titan Logix Corp,0.35,7,3,10,6,3,4,2,35,-15.0,23.0,Broken,Avoid/exit,32,0.0,0.0,-0.0,0.8,1,,Industrials,9378153.0,25.0
ATON,AlphaTON Capital Corp.,0.366,13,5,4,15,0,1,5,43,-20.0,23.0,Broken,Avoid/exit,35,4.9,33.1,9.0,57.0,3,,Financial Services,7499068.0,5925761.13
SNBH,Sentient Brands Holdings Inc,0.35,12,16,7,5,6,0,5,51,-28,23,Broken,Avoid/exit,61,0.0,30.6,10.2,59.2,3,,Consumer Defensive,1317818.0,2872.03
HOVRW,New Horizon Aircraft Ltd,0.365,1,7,6,6,4,0,4,28,-8.0,23.0,Broken,Avoid/exit,29,-4.1,-7.6,-3.6,47.2,0,,nan,nan,58448.16
TBVPF,Thai Beverage Public Company Limited,0.4,19,4,6,5,3,4,5,46,-23.0,23.0,Broken,Avoid/exit,54,8.1,8.1,8.1,83.0,1,,Consumer Defensive,10147237888.0,0.0
SRAMF,Sisram Medical Ltd,0.438,4,4,9,6,0,1,2,26,-8.0,23.0,Broken,🔥 COILED: Avoid/exit,22,0.0,0.0,-0.5,46.4,0,,Healthcare,205298192.0,24.43
FOSYF,Forsys Metals Corp,0.47,16,9,7,5,6,7,5,55,-30,23,Broken,Avoid/exit,57,17.5,20.5,18.8,74.5,3,,Basic Materials,102784696.0,83252.74
CAVG,ACC Aviation Holdings Ltd,0.51,4,5,8,9,0,0,2,28,-5.0,23.0,Broken,Avoid/exit,32,-16.0,-16.0,-22.0,23.3,1,,Industrials,254461472.0,2398.65
CSCHF,China Renaissance Holdings Limited,0.598,5,3,10,6,3,6,2,35,-15.0,23.0,Broken,Avoid/exit,44,0.0,0.0,-0.0,13.1,1,,Financial Services,342976640.0,38.53
AAGFF,Aftermath Silver Ltd,0.585,14,10,6,9,7,4,5,55,-30,23,Broken,Avoid/exit,40,1.6,10.4,6.9,62.1,3,,Basic Materials,204978672.0,610099.31
CLCS,Cell Source Inc,0.648,1,9,0,7,5,2,2,26,-3.0,23.0,Broken,Avoid/exit,25,0.0,-21.3,-7.0,43.4,2,,Healthcare,44022120.0,4133.35
FLUX,Flux Power Holdings Inc,0.639,7,4,1,9,2,0,5,28,-5.0,23.0,Broken,Avoid/exit,24,-22.1,7.5,-0.9,49.0,1,,Industrials,14130555.0,316097.32
WKSP,Worksport Ltd,0.63,5,9,4,6,3,2,3,32,-14.0,23.0,Broken,Avoid/exit,31,3.3,-7.5,0.0,47.8,1,,Consumer Cyclical,7802149.0,2971053.16
WYNMF,Wynn Macau Ltd,0.696,6,3,9,11,1,1,2,33,-10.0,23.0,Broken,Avoid/exit,25,-7.2,-3.4,-4.5,40.6,0,,Consumer Cyclical,3666451200.0,0.0
SAGT,SAGTEC GLOBAL LIMITED Ordinary shares,0.666,4,12,5,3,3,2,2,31,-6.0,23.0,Broken,Avoid/exit,17,5.9,-3.0,-6.0,43.0,1,,Technology,12306301.0,1308081.06
CSPHF,CStone Pharmaceuticals,0.7,7,5,5,6,6,2,2,33,-13.0,23.0,Broken,Avoid/exit,23,0.0,0.0,-0.0,49.9,1,,Healthcare,1115878656.0,1517.58
GMHS,Gamehaus Holdings Inc. Class A Ordinary Shares,0.727,3,10,3,6,4,2,2,30,-8.0,23.0,Broken,Avoid/exit,13,2.3,3.8,-3.6,43.1,1,,Communication Services,42364628.0,343756.04
FMTYF,FMTYF,0.804,9,5,3,5,6,3,2,33,-10.0,23.0,Broken,Avoid/exit,50,0.5,0.5,-0.7,34.5,1,,nan,nan,4770.75
NWGL,Nature Wood Group Limited American Depositary Shares,0.828,16,4,5,12,7,4,5,53,-30,23,Broken,Avoid/exit,43,39.8,102.8,63.6,82.2,4,,Basic Materials,14023841.0,1112564.81
SAAQW,Space Asset Acquisition Corp. Warrants,0.801,5,10,3,6,3,0,2,29,-6.0,23.0,Broken,Avoid/exit,0,-12.0,-21.5,-9.6,44.5,0,,nan,nan,0.0
PGLDF,P2 Gold Inc,0.89,16,9,6,9,7,3,5,55,-30.0,23.0,Broken,Avoid/exit,66,3.1,16.8,11.8,72.6,3,,Basic Materials,248160528.0,237167.98
IVVD,Invivyd Inc.,0.9,11,6,4,12,5,2,5,45,-20.0,23.0,Broken,Avoid/exit,31,-5.4,31.2,9.6,59.1,3,,Healthcare,265783968.0,4569346.01
CLVFA,Cloverleaf Kennel Club,0.9,5,4,9,5,3,2,2,30,-10.0,23.0,Broken,Avoid/exit,18,0.0,0.0,-0.0,0.0,0,,Consumer Cyclical,nan,464.02
FGOVF,Freegold Ventures Limited,0.96,15,6,7,10,3,7,5,53,-30,23,Broken,Avoid/exit,55,4.3,10.3,9.5,66.7,3,,Basic Materials,580708928.0,253721.12
TGE,The Generation Essentials Group,0.953,9,6,9,2,0,4,5,35,-15.0,23.0,Broken,Avoid/exit,42,3.2,4.8,1.7,52.8,1,,Financial Services,47477312.0,188496.39
SSIXX,State Street Institutional Liquid Reserves Fund,1.0,4,3,10,6,3,2,2,30,-10.0,23.0,Broken,Avoid/exit,31,0.0,0.0,-0.0,0.0,0,,nan,nan,0.0
SSHXX,State Street Institutional Liquid Reserves Fund,1.0,4,3,10,6,3,2,2,30,-10.0,23.0,Broken,Avoid/exit,31,0.0,0.0,-0.0,0.0,0,,nan,nan,0.0
SSVXX,State Street Institutional Liquid Reserves Fund,1.0,4,3,10,6,3,2,2,30,-10.0,23.0,Broken,Avoid/exit,32,0.0,0.0,-0.0,0.0,0,,nan,nan,0.0
SSYXX,State Street Institutional Liquid Reserves Fund,1.0,4,3,10,6,3,2,2,30,-10.0,23.0,Broken,Avoid/exit,32,0.0,0.0,-0.0,0.0,0,,nan,nan,0.0
SSZXX,State Street Institutional Liquid Reserves Fund,1.0,4,5,10,6,3,2,2,32,-12.0,23.0,Broken,Avoid/exit,31,0.0,0.0,-0.0,67.6,0,,nan,nan,0.0
TILXX,State Street Institutional Investment Trust - International Liquid Reserves Fund,1.0,4,3,10,6,3,2,2,30,-10.0,23.0,Broken,Avoid/exit,31,0.0,0.0,-0.0,0.0,0,,nan,nan,0.0
RMETF,Rackla Metals Inc,0.21,16,9,6,9,5,1,5,51,-26.2,22.8,Broken,Avoid/exit,52,16.7,55.6,25.9,64.6,3,,Basic Materials,33289990.0,119424.62
CCOOF,Core Assets Corp,0.346,13,5,6,14,3,5,5,51,-26.2,22.8,Broken,Avoid/exit,32,11.6,38.4,24.7,67.1,3,,Basic Materials,11719721.0,31189.69
ZNCXF,ZincX Resources Corp,0.083,15,5,2,15,5,2,5,49,-26.5,22.5,Broken,⚠️ EXHAUSTION RISK: Avoid/exit,72,38.8,66.6,26.7,70.8,2,,Basic Materials,16910654.0,28073.5
GTII,Global Tech Industries Group Inc,0.013,7,12,6,11,3,0,2,41,-21.8,22.2,Broken,Avoid/exit,40,26.0,11.5,29.8,52.3,3,,Industrials,3498524.0,19164.97
SIUDF,Shanghai Industrial Urban Development Group Limited,0.007,8,3,10,6,3,2,2,34,-15.0,22.0,Broken,Avoid/exit,33,0.0,0.0,-0.0,28.6,1,,Real Estate,33845336.0,1355.5
VHLUF,Vitasora Health Limited,0.003,9,6,10,7,0,1,2,35,-18.0,22.0,Broken,🔥 COILED: Avoid/exit,25,0.0,0.0,4.9,89.9,1,,Healthcare,7091494.0,2912.55
UNVC,Univec Inc,0.003,3,3,1,10,5,2,2,26,-5.0,22.0,Broken,Avoid/exit,44,-12.5,-15.2,-6.9,46.1,1,,Healthcare,7064670.0,1065699.29
FIRTF,Mammoth Minerals Limited,0.01,5,3,9,5,3,2,2,29,-10.0,22.0,Broken,Avoid/exit,21,0.0,0.0,-0.1,0.0,0,,Basic Materials,5589129.0,300.71
UCIX,Umbra Companies Inc,0.002,8,1,0,9,3,2,2,25,-3.0,22.0,Broken,Avoid/exit,29,-23.3,-23.3,-30.0,38.5,0,,Real Estate,2463285.0,15618.88
MGUY,Mogul Energy International Inc,0.003,10,16,8,6,7,0,2,49,-30.0,22.0,Broken,Avoid/exit,47,-5.6,13.3,4.7,53.9,3,,Industrials,1525641.0,114647.74
CDMNF,Canadian Manganese Company Inc.,0.01,8,7,11,4,3,1,2,36,-17.0,22.0,Broken,Avoid/exit,27,0.0,0.0,0.0,61.8,1,,Basic Materials,1460882.0,3244.94
BZYR,Burzynski Research,0.009,14,4,7,12,4,4,5,50,-28.0,22.0,Broken,Avoid/exit,29,0.0,80.0,26.4,76.9,3,,Healthcare,1130456.0,8874.0
BLQC,BlockQuarry Corp,0.003,8,4,7,14,0,2,2,37,-20.0,22.0,Broken,🔥 COILED: Avoid/exit,20,-10.0,35.0,3.2,50.8,3,,Financial Services,741306.0,1928915.58
PCIMF,Pacific Imperial Mines Inc,0.004,5,3,10,4,3,2,2,29,-10.0,22.0,Broken,Avoid/exit,20,0.0,0.0,-0.1,0.2,0,,Basic Materials,720012.0,10118.7
LEKOF,Lekoil Limited,0.001,4,4,9,4,3,1,2,27,-10.0,22.0,Broken,🔥 COILED: Avoid/exit,24,0.0,0.0,-5.5,45.3,0,,Energy,640838.0,2050.0
TRII,Trio Resources Inc,0.002,12,3,7,15,1,2,5,45,-23.0,22.0,Broken,Avoid/exit,47,0.0,20.0,12.8,89.9,2,,Consumer Defensive,326321.0,50002.46
OMTK,Omnitek Engineering,0.01,5,5,1,7,3,3,2,26,0.0,22.0,Broken,Avoid/exit,28,0.0,-50.0,-3.4,48.1,0,,Consumer Cyclical,239234.0,6711.75
APSI,Aqua Power Systems Inc,0.01,6,10,4,5,3,2,2,32,-10.0,22.0,Broken,Avoid/exit,24,0.0,13.6,-10.5,38.5,2,,Industrials,172041.0,0.0
ASRE,Astra Energy Inc,0.001,6,7,11,4,3,1,2,34,-15.0,22.0,Broken,Avoid/exit,34,0.0,0.0,0.3,58.6,1,,Utilities,75110.0,20982.46
HBKRF,Highbank Resources Ltd,0.001,5,4,10,6,3,2,2,32,-15.0,22.0,Broken,🔥 COILED: Avoid/exit,30,0.0,0.0,0.0,50.0,1,,Basic Materials,28101.0,0.01
RDRSF,RDARS Inc,0.001,5,4,10,6,3,2,2,32,-15.0,22.0,Broken,🔥 COILED: Avoid/exit,31,0.0,0.0,0.0,50.0,1,,Technology,17721.0,0.18
ALURW,Allurion Technologies Inc.,0.005,3,4,1,9,0,0,2,19,0.0,22.0,Broken,Avoid/exit,0,-72.1,-36.7,-57.1,46.5,0,,nan,nan,0.0
PTMLF,Pantera Minerals Limited,0.015,19,4,5,7,6,5,3,49,-27,22,Broken,Avoid/exit,24,50.0,50.0,24.5,76.4,3,3,Basic Materials,7391670.0,0.0
MXTLF,Metalex Ventures Ltd,0.015,12,6,11,6,3,2,2,42,-23.0,22.0,Broken,Avoid/exit,47,0.0,0.0,0.0,98.0,0,,Basic Materials,4146718.0,150.0
MCFNF,MCF Energy Ltd.,0.011,9,5,2,8,0,0,3,27,-3.0,22.0,Broken,Avoid/exit,19,1.8,-17.8,-1.0,49.1,1,,Energy,3592657.0,138913.53
MYLKF,The Planting Hope Company Inc,0.015,5,4,10,6,3,2,2,32,-15.0,22.0,Broken,🔥 COILED: Avoid/exit,35,0.0,0.0,0.0,50.0,1,,Consumer Defensive,1870011.0,48.0
JMBRF,James Bay Resources Limited,0.017,12,3,9,9,3,2,2,40,-18.0,22.0,Broken,Avoid/exit,54,0.0,0.0,0.0,85.7,1,,Energy,1639671.0,1472.93
TREP,Trucept Inc,0.017,4,12,6,12,3,0,5,42,-20.0,22.0,Broken,Avoid/exit,29,-10.1,16.4,4.9,51.2,3,,Industrials,950869.0,0.0
UTRX,Unitronix Corporation,0.013,4,13,2,4,4,0,2,29,-10.0,22.0,Broken,Avoid/exit,22,-23.2,17.3,3.6,50.8,2,,Technology,484076.0,59566.99
SPKTF,Spectra Products Inc,0.02,3,4,8,6,3,3,2,29,-10.0,22.0,Broken,Avoid/exit,7,0.0,0.0,-35.5,0.0,0,,Consumer Cyclical,261111.0,500.0
TRNGF,The Trendlines Group Ltd,0.029,8,3,10,6,3,2,2,34,-15.0,22.0,Broken,Avoid/exit,33,0.0,0.0,-0.0,0.0,1,,Financial Services,42413080.0,12800.0
FUUN,FutureNet Inc,0.035,2,6,0,7,3,2,2,22,-3.0,22.0,Broken,Avoid/exit,36,-41.7,65.1,-38.4,39.0,2,,Consumer Cyclical,18465212.0,5318.57
AMTY,Amerityre Corp,0.03,1,4,3,7,4,1,2,22,0.0,22.0,Broken,Avoid/exit,15,0.0,0.0,-4.5,26.8,0,,Consumer Cyclical,2148409.0,7750.83
TARGF,Taurus Gold Corp.,0.032,4,7,9,6,3,1,2,32,-15.0,22.0,Broken,🔥 COILED: Avoid/exit,29,0.0,0.0,-0.7,41.3,1,,Basic Materials,548985.0,1174.78
NSRPF,Novo Resources Corp,0.05,14,5,4,13,1,0,5,42,-20.0,22.0,Broken,Avoid/exit,39,-4.2,10.6,1.8,54.1,3,,Basic Materials,22971194.0,283997.14
TTEXF,Bullion Gold Resources Corp,0.049,17,4,5,12,4,2,5,49,-27,22,Broken,Avoid/exit,36,251.4,347.3,127.5,78.8,2,3,Basic Materials,6204564.0,550.19
CMILF,Capella Minerals Limited,0.048,14,5,4,7,4,0,5,39,-20.0,22.0,Broken,Avoid/exit,30,-0.4,22.1,3.7,52.1,3,,Basic Materials,3617420.0,14975.66
OGGNF,Origen Resources Inc,0.05,16,7,6,7,3,1,5,45,-23,22,Broken,Avoid/exit,34,316.7,316.7,117.5,69.4,2,6,Basic Materials,3496507.0,1336.72
CHKMF,Cohiba Minerals Limited,0.056,16,6,3,14,5,2,2,48,-26.0,22.0,Broken,Avoid/exit,49,41.0,39.2,13.2,53.2,3,,Basic Materials,617816576.0,24600.95
ISEYF,Wi2Wi Corporation,0.06,17,4,6,10,6,2,5,50,-28.0,22.0,Broken,Avoid/exit,62,0.0,200.0,57.7,100.0,2,,Technology,11893980.0,5187.0
ICMFF,Iconic Minerals Ltd.,0.055,15,7,2,12,7,3,5,51,-29,22,Broken,Avoid/exit,37,35.7,45.4,26.6,68.9,3,,Basic Materials,10216748.0,620003.3
AZRH,Azure Holding Group Corp,0.059,10,14,6,2,4,3,2,41,-20,22,Broken,Avoid/exit,24,71.5,18.0,19.6,53.0,3,8,Financial Services,3361508.0,32333.07
ATMH,All Things Mobile Analytic Inc,0.059,10,9,4,5,7,2,4,41,-22.0,22.0,Broken,Avoid/exit,56,-0.2,-0.2,2.0,54.8,0,,Technology,2829715.0,7052.58
SYBE,SYBLEU INC.,0.055,5,4,10,6,3,2,2,32,-15.0,22.0,Broken,🔥 COILED: Avoid/exit,35,0.0,0.0,0.0,50.0,1,,Healthcare,583742.0,205.34
FINR,Fintech Scion Limited,0.07,5,4,10,6,3,2,2,32,-15.0,22.0,Broken,🔥 COILED: Avoid/exit,31,0.0,0.0,0.0,50.0,1,,Technology,13911985.0,7.53
NETWF,Network Media Group Inc,0.062,16,4,6,11,6,4,5,52,-30,22,Broken,Avoid/exit,57,26.8,71.0,26.8,94.7,3,,Communication Services,1209110.0,1353.12
BIAFW,bioAffinity Technologies Inc. Warrant,0.075,5,5,3,8,0,4,2,27,-5.0,22.0,Broken,Avoid/exit,16,0.1,-20.1,-30.2,40.8,0,,nan,nan,0.0
AGNMF,Agronomics Limited,0.082,8,7,7,9,4,0,5,40,-16.0,22.0,Broken,Avoid/exit,37,5.1,9.3,7.4,55.4,3,,Financial Services,75945016.0,97366.15
YTOEF,YTO Express (International) Holdings Limited,0.14,8,3,10,6,3,2,2,34,-15.0,22.0,Broken,Avoid/exit,32,0.0,0.0,-0.0,0.0,1,,Industrials,58858836.0,400.0
PMNT,Perfect Moment Ltd.,0.1,10,5,3,12,0,4,5,39,-20.0,22.0,Broken,Avoid/exit,14,0.0,11.1,-4.7,48.1,3,,Consumer Cyclical,5320253.0,3682843.61
VYST,Vystar Corp,0.101,5,14,2,6,4,2,2,35,-13.0,22.0,Broken,Avoid/exit,29,-12.2,1.0,-5.8,46.2,2,,Industrials,2215898.0,24722.09
OMQS,Omniq Corp,0.12,8,14,10,3,3,2,2,42,-26,22,Broken,🔥 COILED: Avoid/exit,48,19.9,19.8,10.1,54.9,4,,Technology,1816836.0,11489.05
OKAIF,EvokAI Creative Labs Inc,0.12,5,4,10,6,3,2,2,32,-15.0,22.0,Broken,🔥 COILED: Avoid/exit,35,0.0,0.0,0.0,50.0,1,,Healthcare,908476.0,40.15
XLEFF,XXL Energy Corp,0.118,7,3,11,6,3,2,2,34,-15.0,22.0,Broken,Avoid/exit,43,0.0,0.0,0.0,72.3,1,,Energy,856572.0,7.2
TPGVF,Top Glove Corporation Bhd,0.15,1,3,5,8,3,0,2,22,0.0,22.0,Broken,Avoid/exit,19,-14.8,0.0,-6.6,39.1,0,,Healthcare,1202716032.0,993.35
METOF,Meteoric Resources NL,0.158,17,6,6,10,5,3,5,52,-30,22,Broken,Avoid/exit,63,6.8,16.1,7.9,64.6,3,,Basic Materials,473778880.0,961707.41
KTEL,KonaTel Inc,0.168,1,8,0,7,9,0,2,27,-5.0,22.0,Broken,Avoid/exit,24,-11.6,-13.4,-7.4,39.8,1,,Communication Services,8342829.0,20264.73
ABNAF,Aben Resources Ltd,0.15,10,4,1,8,3,0,5,31,-9.0,22.0,Broken,Avoid/exit,47,-14.7,-15.4,-3.3,49.3,1,,Basic Materials,5821169.0,12159.03
DGIPF,DGIPF,0.16,2,2,6,9,0,3,2,24,0.0,22.0,Broken,Avoid/exit,0,8.7,-10.7,-5.3,46.6,1,,nan,nan,0.0
AMNTF,Asia Cement (China) Holdings Corporation,0.207,3,6,8,6,3,1,2,29,-10.0,22.0,Broken,Avoid/exit,16,0.0,0.0,-1.0,34.8,1,,Basic Materials,324776864.0,9.1
LVGLF,Lake Victoria Gold Ltd,0.225,18,5,3,8,5,1,5,45,-23.0,22.0,Broken,Avoid/exit,51,3.9,5.4,4.5,59.3,1,,Basic Materials,46282924.0,225396.57
KROEF,Kr1 PLC,0.2,15,7,3,15,5,6,5,56,-30,22,Broken,Avoid/exit,51,32.5,100.0,39.8,64.4,3,,Financial Services,35517308.0,4775.63
ZVLO,zvelo Inc,0.25,4,6,8,5,6,5,2,36,-13.0,22.0,Broken,Avoid/exit,45,0.0,0.0,-6.5,41.1,1,,Technology,35811524.0,1960.81
WRRZF,Walker River Resources Corp,0.25,16,6,7,5,6,7,5,52,-30,22,Broken,Avoid/exit,52,2.0,78.6,21.8,74.3,3,,Basic Materials,27288268.0,8729.97
GLIOF,Gold Lion Resources Inc,0.294,6,3,3,7,6,0,2,27,-5.0,22.0,Broken,Avoid/exit,52,0.0,-18.8,-6.6,35.5,1,,Basic Materials,6115727.0,203.5
HUMDF,Hua Medicine (Shanghai) Ltd,0.34,11,12,7,8,3,2,5,48,-22.0,22.0,Broken,Avoid/exit,25,8.1,8.1,6.1,67.5,3,,Healthcare,319583840.0,372.17
GLFGF,Global Fashion Group S.A,0.33,8,3,10,6,3,2,2,34,-15.0,22.0,Broken,Avoid/exit,40,0.0,0.0,-0.0,0.2,1,,Consumer Cyclical,75111296.0,4753.66
WSRIF,Western Star Resources Inc.,0.337,13,9,7,9,5,3,5,51,-29.0,22.0,Broken,Avoid/exit,51,4.1,14.4,9.8,67.0,3,,Basic Materials,15425364.0,151640.97
PHBID,"NeoRich BioPharma Tech Co., Limited",0.34,7,3,1,8,3,0,5,27,-5.0,22.0,Broken,Avoid/exit,48,1.8,-66.0,-18.4,49.1,1,,Healthcare,117546.0,1022.91
GSVRF,Guanajuato Silver Company Ltd,0.365,5,4,4,11,5,3,5,37,-15.0,22.0,Broken,Avoid/exit,28,-13.9,-5.0,-5.0,46.8,1,,Basic Materials,284199968.0,1333264.1
GFAI,Guardforce AI Co Ltd,0.372,12,4,7,6,0,7,5,41,-19.0,22.0,Broken,Avoid/exit,32,7.9,6.7,2.0,51.9,1,,Industrials,12566752.0,1152295.1
FEED,ENvue Medical Inc.,0.368,3,4,8,9,2,4,5,35,-13.0,22.0,Broken,Avoid/exit,21,-8.5,-3.4,-8.3,39.7,1,,Healthcare,4189984.0,4352041.47
IDTA,Identa Corp,0.356,18,5,6,9,3,6,5,52,-30,22,Broken,Avoid/exit,63,31.9,61.8,30.5,90.8,2,,Healthcare,1555929.0,2441.76
GALKF,Galantas Gold Corporation,0.42,16,12,1,12,7,3,5,56,-30,22,Broken,Avoid/exit,54,17.5,61.5,19.2,55.9,3,,Basic Materials,290368960.0,27266.69
SOSCF,Deoleo S.A,0.48,17,2,2,5,3,3,5,37,-15.0,22.0,Broken,Avoid/exit,45,24.0,41.3,11.4,62.5,2,,Consumer Defensive,240000000.0,71.85
GAMG,Global Asset Management Group Inc.,0.465,2,3,2,10,1,2,2,22,0.0,22.0,Broken,Avoid/exit,16,-7.0,-7.0,-8.5,42.4,0,,Financial Services,204671088.0,1854.64
NIVF,NewGenIvf Group Limited Class A Ordinary Shares,0.468,3,3,5,7,2,0,2,22,0.0,22.0,Broken,Avoid/exit,14,-16.0,-14.9,-24.5,34.0,0,,Healthcare,3042112.0,734262.61
NTPR,NutraProducts Inc.,0.51,18,4,6,11,6,2,5,52,-30,22,Broken,Avoid/exit,52,0.0,44.5,12.7,87.4,3,,Consumer Defensive,10407824.0,1118.5
ORIS,Oriental Rise Holdings Limited Ordinary Shares,0.5,5,8,3,6,4,2,2,30,-8.0,22.0,Broken,Avoid/exit,31,15.8,-14.9,-0.7,47.8,1,,Consumer Defensive,2313491.0,200893.95
KRRYF,Kerry Logistics Network Limited,0.55,5,3,9,6,3,1,2,29,-10.0,22.0,Broken,Avoid/exit,13,0.0,0.0,-0.5,0.0,0,,Industrials,994086208.0,4.5
NILIF,Surge Battery Metals Inc,0.584,13,3,5,12,3,0,5,41,-19.0,22.0,Broken,Avoid/exit,49,-5.3,-7.1,0.9,54.2,1,,Basic Materials,154103536.0,239123.73
AFGVF,Agfa-Gevaert NV,0.571,8,3,10,6,3,2,2,34,-15.0,22.0,Broken,Avoid/exit,34,0.0,0.0,-0.0,0.1,1,,Industrials,88402520.0,60.0
CWAFF,China Water Affairs Group Limited,0.62,5,4,10,6,3,2,2,32,-13.0,22.0,Broken,Avoid/exit,0,0.0,0.0,-0.0,71.0,0,,Utilities,1012424704.0,0.0
HUMA,Humacyte Inc,0.693,7,13,5,8,4,4,3,44,-22.0,22.0,Broken,Avoid/exit,29,1.7,25.9,3.0,51.0,3,,Healthcare,189347184.0,7646064.55
HUBC,Hub Cyber Security Ltd. Ordinary Shares,0.78,6,15,6,3,3,2,2,37,-13.0,22.0,Broken,Avoid/exit,38,5.8,3.8,-5.7,41.8,2,,Technology,4656448.0,1475159.96
TVAGF,TVA Group Inc,0.85,5,4,10,6,3,2,2,32,-15.0,22.0,Broken,🔥 COILED: Avoid/exit,30,0.0,0.0,0.0,50.0,1,,Communication Services,36724708.0,35.0
UPYY,UPAY Inc,0.9,6,3,10,6,3,4,2,34,-15.0,22.0,Broken,Avoid/exit,35,0.0,0.0,-0.0,2.3,1,,Technology,15898690.0,190.95
MPCMF,Mapletree Commercial Trust,0.998,4,6,7,4,3,3,2,29,-10.0,22.0,Broken,Avoid/exit,28,0.0,0.0,-0.1,38.4,0,,Real Estate,5279357440.0,209.95
RDGT,"Ridgetech, Inc.",0.965,6,10,6,4,2,2,5,35,-11.0,22.0,Broken,Avoid/exit,26,19.1,9.6,5.2,50.0,2,,Healthcare,3738426.0,1478093.86
LTUS,Lotus Pharmaceuticals Inc,0.003,4,3,2,9,1,2,2,23,-5.0,21.0,Broken,Avoid/exit,28,-21.1,0.0,-11.0,42.3,1,,Financial Services,9123579.0,6798.51
CLTY,Celerity Solutions Inc,0.001,4,3,9,4,4,2,2,28,-10.0,21.0,Broken,Avoid/exit,10,0.0,0.0,-1.3,0.2,0,,Technology,8633600.0,1161.93
BUENF,Blue Energy Limited,0.003,4,11,5,0,3,2,2,27,-4.0,21.0,Broken,Avoid/exit,18,4.0,-23.5,-9.7,46.3,0,,Energy,7529934.0,282658.63
BRGX,"BioRegenx, Inc.",0.008,14,10,6,4,4,2,4,44,-19.0,21.0,Broken,Avoid/exit,40,33.3,14.3,19.0,67.4,2,,Healthcare,6315238.0,22605.5
CNNA,Cann American Corp,0.005,6,3,4,8,3,0,2,26,-5.0,21.0,Broken,Avoid/exit,53,0.0,-16.7,-11.8,42.2,2,,Healthcare,1491501.0,408752.91
GYST,Graystone Company Inc,0.002,3,4,6,10,0,3,2,28,-3.0,21.0,Broken,Avoid/exit,30,-4.5,-8.7,-5.1,43.3,1,,Financial Services,1439637.0,124025.91
LICH,LiveChain Inc,0.007,9,7,5,4,4,0,2,31,-15.0,21.0,Broken,🔥 COILED: Avoid/exit,25,0.0,-1.5,-0.8,48.8,1,,Financial Services,1270617.0,30211.22
JXMNF,Jaxon Mining Inc,0.007,2,4,10,6,0,2,2,26,-10.0,21.0,Broken,🔥 COILED: Avoid/exit,27,0.0,0.0,0.0,50.0,0,,Basic Materials,1218026.0,187.5
NUGL,Coresource Strategies Inc,0.001,6,7,9,2,3,2,5,34,-11.0,21.0,Broken,Avoid/exit,16,0.0,0.0,1.8,49.7,1,,Communication Services,1199733.0,1710047.21
DCTIF,Delta CleanTech Inc,0.008,1,5,2,7,3,6,2,26,-5.0,21.0,Broken,Avoid/exit,22,4.0,-22.0,-10.8,13.0,1,,Industrials,989685.0,3762.01
ASDZF,Arctic Star Exploration Corp,0.004,4,10,5,2,3,2,2,28,-10.0,21.0,Broken,Avoid/exit,28,0.0,150.0,-0.8,49.5,2,,Basic Materials,835486.0,0.0
GSPI,Green Star Products,0.001,1,3,6,9,3,2,2,26,-3.0,21.0,Broken,Avoid/exit,37,0.0,-8.3,-3.3,43.9,2,,Consumer Defensive,775921.0,422169.11
BRVRF,Blue River Resources Ltd,0.003,2,4,10,6,0,2,2,26,-10.0,21.0,Broken,🔥 COILED: Avoid/exit,26,0.0,0.0,0.0,50.0,0,,Basic Materials,751755.0,0.0
SCAXF,Sparta Capital Ltd,0.003,3,4,8,5,3,3,2,28,-10.0,21.0,Broken,Avoid/exit,32,0.0,0.0,-11.8,47.5,0,,Industrials,648064.0,20151.56
KITL,Kisses From Italy Inc,0.001,3,10,4,4,4,4,2,31,-10.0,21.0,Broken,Avoid/exit,14,0.0,0.0,-12.7,32.8,1,,Consumer Cyclical,564289.0,2916286.61
PPZRF,Western Atlas Resources Inc,0.002,8,3,10,5,3,2,2,33,-15.0,21.0,Broken,Avoid/exit,29,0.0,0.0,-0.0,12.6,1,,Basic Materials,336874.0,2047.48
GPIPF,WesCan Energy Corp.,0.004,8,3,10,5,3,2,2,33,-15.0,21.0,Broken,Avoid/exit,31,0.0,0.0,-0.0,24.8,1,,Energy,174029.0,514.63
SEPSF,Asep Medical Holdings Inc,0.011,8,3,10,5,3,2,2,33,-15.0,21.0,Broken,Avoid/exit,26,0.0,0.0,-0.0,0.0,1,,Healthcare,173021.0,336.22
MSTH,Mystic Holdings Inc.,0.001,6,3,8,5,3,1,2,28,-10.0,21.0,Broken,Avoid/exit,12,0.0,0.0,-7.5,0.0,0,,Healthcare,127855.0,283.76
MOMT,MoneyOnMobile Inc,0.003,6,7,9,6,0,1,2,31,-15.0,21.0,Broken,🔥 COILED: Avoid/exit,16,0.0,0.0,-3.9,43.3,1,,Financial Services,12214.0,1254.01
DHAI,"DIH Holdings US, Inc. Class A Common Stock",0.002,6,4,2,9,0,3,2,26,-5.0,21.0,Broken,Avoid/exit,18,0.0,0.0,-63.8,22.3,1,,Healthcare,3138.0,29411.81
AIFM,AIFarm Ltd,0.003,5,3,10,6,0,2,2,28,-10.0,21.0,Broken,Avoid/exit,23,0.0,0.0,-0.0,17.6,0,,Industrials,2030.0,1.77
LEHKQ,LEHMAN BROTHERS HOLDINGS CAP TS,0.001,0,4,5,7,3,0,2,21,0.0,21.0,Broken,Avoid/exit,27,-9.1,-9.1,-7.8,20.6,0,,Other,nan,316.13
LSMLF,Lodestar Minerals Limited,0.018,2,3,1,12,1,0,2,21,-5.0,21.0,Broken,Avoid/exit,23,-25.0,-25.0,-19.0,11.4,1,,Basic Materials,23305082.0,5519.49
TVTV,WhereverTV Broadcasting Corporation,0.018,9,6,10,4,3,0,4,36,-20.0,21.0,Broken,🔥 COILED: Avoid/exit,27,0.0,5.9,3.1,57.0,0,,Communication Services,5209800.0,3062.56
XCRT,Union Dental Holdings Inc,0.011,1,6,3,8,9,0,2,29,-8.0,21.0,Broken,Avoid/exit,35,11.1,-7.6,-5.6,45.2,1,,Healthcare,4765873.0,96009.25
ELMGF,Element79 Gold Corp,0.017,16,11,6,9,1,2,5,50,-29,21,Broken,Avoid/exit,51,37.7,37.7,25.2,67.4,3,,Basic Materials,2604615.0,60968.94
REOS,ReoStar Energy Corp,0.018,10,3,3,7,3,5,5,36,-15.0,21.0,Broken,Avoid/exit,36,-28.6,-5.9,-15.3,45.9,1,,Energy,2323445.0,136115.73
TRYXF,Bessor Minerals Inc,0.017,5,3,10,6,3,4,2,33,-15.0,21.0,Broken,Avoid/exit,20,0.0,0.0,-0.0,0.1,1,,Basic Materials,528727.0,188.25
CHTM,Chatham Corporation,0.02,4,3,9,5,3,2,2,28,-10.0,21.0,Broken,Avoid/exit,16,0.0,0.0,-98.2,0.0,0,,Industrials,nan,0.5
ONFOW,Onfolio Holdings Inc. Warrant,0.013,6,8,3,4,2,3,5,31,-8.0,21.0,Broken,Avoid/exit,16,-19.9,40.2,-8.7,46.5,2,,nan,nan,68744.67
DOUUF,Douugh Limited,0.023,6,4,4,6,6,3,2,31,-10.0,21.0,Broken,Avoid/exit,36,0.0,0.0,-8.9,35.3,0,,Technology,99569216.0,740.0
HLONF,Hilong Holding Limited,0.027,6,6,9,4,3,3,2,33,-15.0,21.0,Broken,Avoid/exit,28,0.0,0.0,-0.7,39.2,1,,Energy,44446900.0,953.83
TUGHF,Tungtex (Holdings) Company Limited,0.027,1,3,1,8,3,3,2,21,0.0,21.0,Broken,Avoid/exit,21,-0.7,-30.8,-10.2,26.4,0,,Consumer Cyclical,12183334.0,13.5
RNCHF,Ranchero Gold Corp.,0.024,20,6,4,10,3,3,2,48,-27,21,Broken,Avoid/exit,43,118.2,118.2,22.1,61.7,2,3,Basic Materials,4021008.0,1394.49
PGXFF,Prosper Gold Corp,0.022,4,7,8,4,3,3,2,31,-13.0,21.0,Broken,Avoid/exit,14,0.0,0.0,-1.0,43.8,1,,Basic Materials,1339359.0,7457.83
SRMMF,Sarama Resources Ltd,0.038,17,4,8,5,6,3,5,48,-27.0,21.0,Broken,Avoid/exit,48,30.1,8.6,8.3,63.5,2,,Basic Materials,19136492.0,10655.07
IDBHF,Industrias Bachoco S.A.B. de C.V,0.05,5,3,10,6,0,2,2,28,-10.0,21.0,Broken,Avoid/exit,28,0.0,0.0,-0.0,0.0,0,,Consumer Defensive,30000000.0,0.0
WMELF,Westmount Energy Limited,0.046,4,6,8,5,0,3,2,28,-10.0,21.0,Broken,Avoid/exit,28,0.0,0.0,-0.6,37.7,0,,Energy,6626368.0,5145.74
SAEC,Starlight Energy Corp,0.05,2,4,10,6,0,2,2,26,-10.0,21.0,Broken,🔥 COILED: Avoid/exit,27,0.0,0.0,0.0,50.0,0,,Energy,nan,8.6
NMEX,Northern Minerals & Exploration Ltd,0.061,3,3,8,6,3,1,4,28,-10.0,21.0,Broken,Avoid/exit,25,-2.7,-2.7,-4.0,41.9,0,,Basic Materials,7346429.0,6808.08
WGMTF,WestGold Metals Corp.,0.059,12,3,2,11,7,1,5,41,-20.0,21.0,Broken,Avoid/exit,37,-26.0,20.1,2.9,54.2,3,,Basic Materials,4912075.0,875.89
HOLOW,MicroCloud Hologram Inc.,0.059,3,14,2,7,3,2,2,33,-13.0,21.0,Broken,Avoid/exit,28,12.6,18.2,-5.6,45.7,3,,nan,nan,13919.86
UDOCF,Unidoc Health Corp,0.092,15,7,5,10,5,6,5,53,-28,21,Broken,Avoid/exit,47,25.6,17.6,21.4,58.6,3,,Healthcare,9260668.0,14998.6
ECLMF,Ecolomondo Corporation,0.077,5,4,10,6,3,1,2,31,-15.0,21.0,Broken,🔥 COILED: Avoid/exit,26,0.0,0.0,-0.2,47.0,1,,Industrials,17554294.0,2701.35
YZCFF,Sinopec Oilfield Service Corporation,0.083,3,4,8,5,3,3,2,28,-10.0,21.0,Broken,Avoid/exit,12,0.0,0.0,-3.2,0.1,0,,Energy,1579121920.0,527.0
SPODD,Freedom Gold Corp.,0.083,8,6,9,7,3,1,2,36,-18.0,21.0,Broken,Avoid/exit,27,0.0,0.0,0.1,98.7,1,,Basic Materials,521471.0,16.51
SPWRW,"Complete Solaria, Inc.",0.089,8,14,2,2,4,6,5,41,-18.0,21.0,Broken,Avoid/exit,20,37.3,78.0,19.9,52.1,2,,nan,nan,22477.73
PTITF,PT Indosat Tbk,0.112,3,3,10,4,3,3,2,28,-10.0,21.0,Broken,Avoid/exit,0,0.0,0.0,-1.2,18.9,0,,Communication Services,4892886016.0,0.0
CNVIF,Conavi Medical Corp.,0.123,2,7,3,9,3,0,2,26,-3.0,21.0,Broken,Avoid/exit,12,-7.3,-15.8,-8.5,41.7,1,,Healthcare,12677741.0,29895.07
NEXNF,NEXE Innovations Inc,0.104,13,4,5,15,1,4,5,47,-26.0,21.0,Broken,Avoid/exit,33,18.6,12.3,10.5,61.8,3,,Consumer Cyclical,10689302.0,11859.83
ALDVF,Kiplin Metals Inc,0.14,3,7,7,4,3,5,2,31,-15.0,21.0,Broken,🔥 COILED: Avoid/exit,24,0.0,0.0,-6.9,40.9,1,,Basic Materials,2061212.0,0.0
KFIIR,K&F Growth Acquisition Corp. II Rights,0.12,3,11,6,0,5,2,2,29,-8.0,21.0,Broken,Avoid/exit,18,19.7,-0.2,3.2,50.4,1,,nan,nan,0.0
NENTF,Nordic Entertainment Group AB (publ),0.166,10,3,9,7,3,2,2,36,-18.0,21.0,Broken,Avoid/exit,47,0.0,0.0,0.0,82.4,1,,Communication Services,752094784.0,272.11
PTHRF,Pantheon Resources Plc,0.155,0,3,1,13,0,2,2,21,0.0,21.0,Broken,Avoid/exit,29,-22.5,-18.4,-14.8,40.2,0,,Energy,247843424.0,641851.74
SNNGF,PPX Mining Corp,0.182,13,10,3,12,5,1,5,49,-28,21,Broken,Avoid/exit,46,12.0,15.6,16.5,54.9,3,,Basic Materials,168665536.0,29732.81
RYES,Rise Gold Corp,0.15,14,5,7,11,3,5,5,50,-29,21,Broken,Avoid/exit,23,22.9,30.3,15.9,60.4,4,,Basic Materials,19131576.0,90474.59
TRRCF,Tribeca Resources Corporation,0.165,4,6,3,9,0,2,2,26,-5.0,21.0,Broken,Avoid/exit,30,-1.0,-13.7,-3.6,42.0,1,,Basic Materials,16564422.0,8414.59
NMTLF,New Age Metals Inc,0.177,4,6,9,5,0,5,2,31,-15.0,21.0,Broken,🔥 COILED: Avoid/exit,32,1.4,-7.7,-2.5,47.4,0,,Basic Materials,13849966.0,71993.89
BBBMF,Huntsman Exploration Inc,0.158,14,6,6,16,1,6,5,54,-29,21,Broken,Avoid/exit,50,20.8,29.7,24.2,68.7,3,,Basic Materials,13073887.0,37481.38
INVRF,Inverite Insights Inc,0.198,5,3,10,6,3,4,2,33,-15.0,21.0,Broken,Avoid/exit,38,0.0,0.0,-0.0,31.6,1,,Financial Services,10919342.0,189.46
MAGE,Magellan Gold Corp,0.102,7,3,1,10,3,5,5,34,-13.0,21.0,Broken,Avoid/exit,24,-36.1,-25.3,-21.3,44.3,1,,Basic Materials,4517787.0,11586.73
FWFW,Flywheel Advanced Technology Inc,0.153,2,3,2,10,3,4,2,26,-5.0,21.0,Broken,Avoid/exit,29,-39.0,-39.0,-20.9,32.8,1,,Financial Services,4512652.0,243.59
AMZE,Amaze Holdings Inc,0.169,8,6,6,8,0,0,2,30,-9.0,21.0,Broken,Avoid/exit,31,-11.5,-18.0,-10.0,46.1,1,,Technology,1317541.0,2192177.93
BAERW,"Bridger Aerospace Group Holdings, Inc. Warrant",0.192,3,15,2,0,3,6,2,31,-8.0,21.0,Broken,Avoid/exit,24,19.6,-6.0,-5.9,46.0,1,,nan,nan,75825.75
EDCFF,Enel Generación Costanera S.A,0.2,5,3,10,6,0,2,2,28,-10.0,21.0,Broken,Avoid/exit,27,0.0,0.0,-0.0,9.9,0,,Utilities,140397680.0,12.8
WGLIF,Westward Gold Inc,0.225,17,3,3,15,5,3,5,51,-30,21,Broken,Avoid/exit,77,22.7,64.2,28.2,66.6,3,,Basic Materials,61534064.0,216716.32
RCT,RedCloud Holdings plc Ordinary Shares,0.2,4,9,8,3,2,6,4,36,-15.0,21.0,Broken,Avoid/exit,17,-1.0,-7.0,-5.4,37.8,1,,Technology,13758179.0,3226180.33
SZDEF,Dongjiang Environmental Company Limited,0.294,8,3,10,5,3,2,2,33,-15.0,21.0,Broken,Avoid/exit,33,0.0,0.0,-0.0,0.0,1,,Industrials,324613632.0,35.0
CNRSF,Canadian North Resources Inc.,0.264,8,3,10,5,3,2,2,33,-15.0,21.0,Broken,Avoid/exit,31,0.0,0.0,-0.0,10.8,1,,Basic Materials,30134836.0,361.19
TRGXF,Terra Rossa Gold Ltd.,0.256,15,5,3,3,1,2,2,31,-13.0,21.0,Broken,Avoid/exit,0,10.2,-2.5,7.8,52.7,1,,Basic Materials,18977972.0,0.0
RAFX,Rafex Gold Corp.,0.281,3,3,9,5,3,3,2,28,-10.0,21.0,Broken,Avoid/exit,11,0.0,0.0,-7.9,16.9,0,,Basic Materials,15018602.0,42.56
EKDHF,EKF Diagnostics Holdings plc,0.34,4,6,6,5,3,5,2,31,-10.0,21.0,Broken,Avoid/exit,39,0.0,0.0,-0.5,38.0,0,,Healthcare,145672368.0,2100.0
PHNMF,Phenom Resources Corp,0.303,14,4,2,6,3,2,5,36,-15.0,21.0,Broken,Avoid/exit,61,-5.2,8.4,3.0,53.9,2,,Basic Materials,39233812.0,132415.11
MDNAF,Medicenna Therapeutics Corp,0.325,14,4,6,14,3,5,5,51,-30.0,21.0,Broken,Avoid/exit,34,9.4,12.0,8.2,60.4,3,,Healthcare,32305070.0,86170.72
SBCWW,SBC Medical Group Holdings Incorporated,0.31,15,7,4,5,5,0,5,41,-18.0,21.0,Broken,Avoid/exit,59,-0.2,3.3,10.0,55.3,0,,nan,nan,31299.56
ACGCW,ACP Holdings Acquisition Corp. Warrants,0.31,1,2,3,7,6,0,2,21,0.0,21.0,Broken,Avoid/exit,0,-8.8,-8.8,-4.7,37.1,0,,nan,nan,0.0
TTTNF,Titan Minerals Limited,0.42,4,7,8,6,3,3,2,33,-15.0,21.0,Broken,Avoid/exit,30,0.0,0.0,-0.7,32.1,1,,Basic Materials,120966944.0,3062.43
MOAEY,Mongolia Energy Corp Ltd ADR,0.444,16,4,4,5,6,2,2,39,-23.0,21.0,Broken,🔥 COILED: Avoid/exit,57,0.0,0.0,0.9,92.6,0,,Basic Materials,16705575.0,11.0
AICAF,Air China Limited,0.52,4,3,10,5,3,1,2,28,-10.0,21.0,Broken,Avoid/exit,26,0.0,0.0,-0.3,20.4,0,,Industrials,10656131072.0,1848.01
SES,SES AI Corp,0.548,3,13,7,3,3,2,3,34,-11.0,21.0,Broken,Avoid/exit,14,7.7,-10.4,-2.7,44.2,1,,Consumer Cyclical,198898672.0,9885921.93
FREDF,Fredonia Mining Inc,0.5,17,4,2,14,3,4,5,49,-28.0,21.0,Broken,Avoid/exit,57,6.4,30.9,6.9,53.4,3,,Basic Materials,55123396.0,11370.13
TIANF,Tianneng Power International Limited,0.597,3,3,8,6,3,3,2,28,-10.0,21.0,Broken,Avoid/exit,12,0.0,0.0,-2.1,0.0,0,,Consumer Cyclical,671845888.0,15.0
TBXXF,Turmalina Metals Corp,0.55,6,6,8,9,0,3,3,35,-14.0,21.0,Broken,Avoid/exit,27,-2.7,-4.3,-2.4,45.7,1,,Basic Materials,185471344.0,148091.46
NVYTF,Novacyt S.A,0.571,18,4,5,9,6,4,5,51,-30,21,Broken,Avoid/exit,63,19.0,19.0,12.0,100.0,3,,Healthcare,41399612.0,4.5
TRAW,Traws Pharma Inc,0.585,8,6,9,6,2,6,5,42,-21.0,21.0,Broken,Avoid/exit,27,12.6,-2.4,3.5,50.0,1,,Healthcare,9236335.0,914709.14
GELS,Gelteq Limited Ordinary Shares,0.57,5,9,9,6,2,2,3,36,-13.0,21.0,Broken,Avoid/exit,25,2.2,-1.9,0.2,49.1,1,,Healthcare,6210272.0,1777303.03
LRKKF,Lark Distilling Co. Ltd,0.62,10,2,7,6,4,2,2,33,-15.0,21.0,Broken,Avoid/exit,38,-0.7,-0.7,-0.3,46.8,1,,Consumer Defensive,56603868.0,648.58
CTRGF,Country Garden Services Holdings Co Ltd,0.725,5,3,8,5,3,2,2,28,-10.0,21.0,Broken,Avoid/exit,28,0.0,0.0,-0.0,0.0,0,,Real Estate,2402080768.0,11.35
MOJO,Mojo Organics Inc.,0.85,4,11,5,2,2,3,4,31,-10.0,21.0,Broken,Avoid/exit,34,15.8,0.0,0.3,49.6,0,,Consumer Defensive,8134207.0,4558.0
VBX,Corgi U.S. Small-Cap 2x Daily ETF,0.88,1,6,0,10,4,2,2,25,-4.0,21.0,Broken,Avoid/exit,0,22.2,-96.7,-93.3,8.6,0,,nan,nan,0.0
TMLL,Third Millennium Industries Inc,1,5,4,10,5,3,2,2,31,-15.0,21.0,Broken,🔥 COILED: Avoid/exit,28,0.0,0.0,0.0,50.0,1,,Financial Services,62403024.0,4.0
TMCXX,BlackRock Liquidity Funds - TempCash,1.0,4,4,3,6,3,4,2,26,-10.0,21.0,Broken,🔥 COILED: Avoid/exit,29,0.0,0.0,-0.0,40.8,0,,nan,nan,0.0
TOYWF,"TOYO Co., Ltd.",1.0,3,12,6,3,3,2,2,31,-8.0,21.0,Broken,Avoid/exit,29,-20.6,-20.0,-11.7,42.3,0,,nan,nan,0.0
LIMNW,"Liminatus Pharma, Inc. Warrants",0.068,6,14,5,3,4,2,5,39,-21.8,20.2,Broken,Avoid/exit,43,34.7,2.1,21.6,53.5,1,,nan,nan,0.0
RLLCF,Rolls-Royce Holdings plc,0.002,1,11,4,2,3,2,5,28,-8.0,20.0,Broken,Avoid/exit,27,-6.2,-6.2,-0.0,49.7,0,,Industrials,63222030336.0,1471522.9
ICABF,i-CABLE Communications Limited,0.001,3,4,2,8,3,3,2,25,-5.0,20.0,Broken,Avoid/exit,19,0.0,0.0,-22.4,24.3,1,,Communication Services,149319792.0,242.59
MTTCF,MeaTech 3D Ltd,0.001,6,3,10,6,3,2,2,32,-15.0,20.0,Broken,Avoid/exit,35,0.0,0.0,-0.0,0.1,1,,Consumer Defensive,14699907.0,410.81
ECOX,Eco Innovation Group Inc,0.001,18,5,4,13,5,2,5,52,-28,20,Broken,⚠️ EXHAUSTION RISK: Avoid/exit,58,27.3,55.6,14.5,55.1,3,,Industrials,9054237.0,202061554.76
KLDI,KLDiscovery Inc,0.005,10,6,11,7,4,2,2,42,-18.0,20.0,Broken,Avoid/exit,42,0.0,0.0,0.0,97.5,1,,Technology,5665829.0,6375.16
LNMG,Linike Medical Group Ltd,0.006,4,13,5,3,3,2,2,32,-8.0,20.0,Broken,Avoid/exit,22,3.8,10.0,-1.5,43.4,1,,Healthcare,3545424.0,5422.57
TSPG,TGI Solar Power Group Inc,0.002,4,8,9,2,3,2,2,30,-10.0,20.0,Broken,Avoid/exit,41,11.1,11.1,2.4,50.5,2,,Technology,3410072.0,601335.06
NRGT,Energy Today Inc,0.006,5,4,11,6,3,3,2,34,-10.0,20.0,Broken,Avoid/exit,35,0.0,0.0,0.2,48.0,0,,Consumer Defensive,454832.0,20231.25
XTMIF,XTM Inc,0.001,3,3,10,7,3,1,2,29,-5.0,20.0,Broken,Avoid/exit,20,0.0,0.0,-1.7,0.3,1,,Technology,390918.0,11092.56
AVRTF,Avarone Metals Inc,0.003,3,4,0,11,3,2,2,25,-5.0,20.0,Broken,Avoid/exit,16,-49.0,-49.0,-74.0,44.2,1,,Basic Materials,237678.0,1187.21
GROO,GROO,0.006,6,4,6,5,4,3,2,30,-10.0,20.0,Broken,Avoid/exit,27,0.0,-1.6,-4.1,38.5,0,,Technology,45048.0,8019.64
TTOO,T2 Biosystems Inc,0.001,11,6,12,9,3,2,5,48,-28,20,Broken,Avoid/exit,39,0.0,100.0,46.7,57.3,4,,Healthcare,16827.0,20976.68
TEXG,Terax Energy Inc,0.001,10,6,10,6,4,2,2,40,-23.0,20.0,Broken,Avoid/exit,40,0.0,0.0,0.0,99.4,0,,Financial Services,3685.0,1723.85
CSGGF,CSC Holdings Limited,0.003,5,3,10,5,0,2,2,27,-10.0,20.0,Broken,Avoid/exit,0,0.0,0.0,-0.1,0.0,0,,Financial Services,nan,0.0
PRTDF,Petro Matad Limited,0.018,17,4,4,9,6,2,5,47,-27,20,Broken,Avoid/exit,46,84.0,84.0,40.1,75.7,2,3,Energy,34201928.0,5305.71
SGOZF,Sego Resources Inc.,0.02,3,3,8,5,3,3,2,27,-10.0,20.0,Broken,Avoid/exit,0,0.0,0.0,-4.4,0.0,0,,Basic Materials,4280326.0,0.0
GPLL,Benchmark Energy Corporation,0.018,4,1,2,7,3,1,2,20,0.0,20.0,Broken,Avoid/exit,24,-0.5,-0.5,-0.4,11.7,0,,Healthcare,4174761.0,1036.6
WINKF,Windfall Geotek Inc,0.013,8,7,5,5,3,2,5,35,-15.0,20.0,Broken,Avoid/exit,25,18.2,0.0,1.8,50.4,1,,Technology,2185243.0,15570.5
SRKZF,Sky Gold Corp,0.019,3,10,7,4,3,4,2,33,-11.0,20.0,Broken,Avoid/exit,21,8.5,-2.0,-8.0,42.3,2,,Basic Materials,1846271.0,0.0
RMRYF,Armory Mining Corp.,0.013,5,13,5,6,3,2,4,38,-16.0,20.0,Broken,Avoid/exit,28,26.0,-3.7,6.7,51.8,2,,Basic Materials,1061004.0,20366.63
EICCF,E Automotive Inc.,0.011,6,3,9,6,3,3,2,32,-15.0,20.0,Broken,Avoid/exit,18,0.0,0.0,-2.2,3.0,1,,Consumer Cyclical,663766.0,280.14
MSTXF,Madoro Metals Corp,0.024,9,3,11,8,0,2,2,35,-18.0,20.0,Broken,Avoid/exit,45,0.0,0.0,0.0,97.7,1,,Basic Materials,2241521.0,718.4
KSTBF,Kestrel Gold Inc,0.039,14,5,6,4,6,3,5,43,-23.0,20.0,Broken,Avoid/exit,37,0.0,0.0,4.4,97.8,0,,Basic Materials,4240120.0,5233.88
URGYF,Academy Metals Inc,0.035,3,3,10,6,3,5,2,32,-15.0,20.0,Broken,Avoid/exit,23,0.0,0.0,-1.6,18.0,1,,Basic Materials,3286424.0,341.0
SRQRF,SRQ Resources Inc.,0.04,3,4,3,7,3,3,2,25,-5.0,20.0,Broken,Avoid/exit,13,0.0,0.0,-3.2,29.3,1,,Basic Materials,2533367.0,579.43
HBUV,Hubilu Venture Corporation,0.04,6,6,10,7,3,1,2,35,-18.0,20.0,Broken,Avoid/exit,26,0.0,0.0,0.2,99.6,1,,Real Estate,1052108.0,14.9
CIRX,CirTran Corporation,0.038,14,8,3,15,4,1,5,50,-30.0,20.0,Broken,Avoid/exit,64,-9.5,62.4,11.4,59.5,3,,Industrials,187925.0,9802.3
PHRRF,Pharmather Holdings Ltd,0.041,8,6,6,11,0,0,2,33,-13.0,20.0,Broken,Avoid/exit,27,-4.7,2.5,-1.9,49.1,1,,Healthcare,3913820.0,191343.72
UNEGF,United Energy Group Limited,0.055,4,6,4,4,3,7,2,30,-10.0,20.0,Broken,Avoid/exit,28,0.0,0.0,-0.9,0.1,0,,Energy,1889469440.0,13829.0
SVTNF,Silverton Metals Corp,0.055,10,11,6,10,5,2,5,49,-30.0,20.0,Broken,Avoid/exit,34,-4.7,27.8,5.4,52.9,3,,Basic Materials,4753495.0,38323.64
GCCFF,Golden Cariboo Resources Ltd,0.062,16,8,5,6,3,2,5,45,-25.0,20.0,Broken,Avoid/exit,47,-3.3,5.5,2.1,53.0,1,,Basic Materials,10290508.0,42972.03
ZICX,Zicix Corp,0.069,3,3,10,5,3,1,2,27,-10.0,20.0,Broken,Avoid/exit,24,0.0,0.0,-10.2,37.0,0,,Technology,877342.0,0.0
IBATF,International Battery Metals Ltd,0.076,3,11,5,5,4,2,2,32,-10.0,20.0,Broken,Avoid/exit,25,3.2,0.5,-5.0,39.9,1,,Basic Materials,29183130.0,131698.5
ABRMF,Arbor Metals Corp,0.08,12,6,6,13,5,1,4,47,-27,20,Broken,Avoid/exit,57,150.0,150.0,46.1,67.8,2,3,Basic Materials,8099859.0,359.46
CRTMF,Critical Metals Plc,0.08,3,3,9,4,3,3,2,27,-10.0,20.0,Broken,Avoid/exit,29,0.0,0.0,-2.2,28.9,0,,Basic Materials,8141082.0,465.24
GDLG,Glidelogic Corp.,0.077,4,4,5,5,6,1,2,27,-10.0,20.0,Broken,Avoid/exit,21,0.0,0.0,-1.1,36.9,0,,Technology,5154790.0,3311.13
GGAMF,Good Gamer Entertainment Inc,0.078,4,6,10,6,3,1,2,32,-15.0,20.0,Broken,Avoid/exit,23,0.0,0.0,-0.5,36.1,1,,Communication Services,464447.0,1767.79
RDTCF,Rapid Dose Therapeutics Corp,0.085,16,6,6,7,6,3,5,49,-29.0,20.0,Broken,Avoid/exit,33,41.7,41.7,17.3,66.2,3,,Healthcare,11490457.0,5258.34
SUUFF,Strathmore Plus Uranium Corp.,0.081,4,12,4,6,4,2,3,35,-15.0,20.0,Broken,Avoid/exit,14,-10.3,2.4,-1.4,47.6,1,,Energy,4936255.0,65634.91
DFNSW,T3 Defense Inc.,0.082,4,11,2,5,4,2,2,30,-8.0,20.0,Broken,Avoid/exit,0,1.5,-0.6,-6.9,47.9,0,,nan,nan,0.0
FBRKF,FBR Limited,0.094,4,3,5,8,3,0,2,25,-5.0,20.0,Broken,Avoid/exit,48,-4.4,-30.4,-18.4,40.6,1,,Real Estate,13411129.0,0.0
PLCKF,Plurilock Security Inc,0.094,15,4,3,9,3,4,5,43,-23.0,20.0,Broken,Avoid/exit,31,-14.5,27.0,2.4,52.8,3,,Technology,10498011.0,69231.42
ADRGF,Mene Inc,0.119,3,5,8,6,4,2,2,30,-10.0,20.0,Broken,Avoid/exit,23,-0.8,-1.7,-2.5,44.0,0,,Other,96446488.0,23779.0
RRDMF,Royal Road Minerals Limited,0.148,16,5,6,6,1,5,2,41,-21.0,20.0,Broken,Avoid/exit,52,-3.3,-1.1,0.5,50.8,1,,Basic Materials,50249616.0,21831.46
KLGDF,Kalo Gold Holdings Corp,0.102,9,6,5,5,0,2,3,30,-13.0,20.0,Broken,Avoid/exit,31,-8.4,-2.5,1.3,50.5,1,,Basic Materials,12401670.0,29374.47
SVBL,Silver Bull Resources Inc,0.108,7,7,3,12,4,0,2,35,-11.0,20.0,Broken,Avoid/exit,28,-10.0,-1.8,-1.3,47.5,2,,Basic Materials,5427167.0,47046.56
DOSEF,Doseology Sciences Inc.,0.111,4,6,10,4,3,3,2,32,-15.0,20.0,Broken,Avoid/exit,17,0.0,0.0,-0.7,35.5,1,,Healthcare,892494.0,523.03
CRACR,Crown Reserve Acquisition Corp. I Rights,0.125,1,11,3,3,4,2,2,26,-6.0,20.0,Broken,Avoid/exit,29,-10.6,-3.8,-5.5,44.5,0,,nan,nan,0.0
NLLSF,Nel ASA,0.16,4,3,2,10,0,4,2,25,-5.0,20.0,Broken,Avoid/exit,12,-11.1,-20.0,-12.6,38.7,1,,Industrials,330847168.0,29545.17
INBP,Integrated Biopharma Inc,0.18,14,15,6,2,4,4,5,50,-30.0,20.0,Broken,Avoid/exit,31,0.0,12.5,6.4,59.8,3,,Consumer Defensive,5186954.0,11365.43
DRDBW,Roman DBDR Acquisition Corp. II Warrants,0.174,1,8,0,9,0,2,2,22,0.0,20.0,Broken,Avoid/exit,15,-12.1,-54.2,-25.7,42.9,0,,nan,4640580.0,0.0
ALP,Alpha Compute Corp,0.176,4,15,6,1,3,2,2,33,-11.0,20.0,Broken,Avoid/exit,28,13.1,3.8,-0.8,45.6,2,,Financial Services,3967897.0,10087341.93
BETRF,BetterLife Pharma Inc,0.229,14,3,2,8,5,7,5,44,-24.0,20.0,Broken,Avoid/exit,66,-7.0,10.0,0.5,52.8,3,,Healthcare,45751968.0,65604.9
XTRRF,X-Terra Resources Inc,0.24,3,3,10,4,3,7,2,32,-15.0,20.0,Broken,Avoid/exit,43,0.0,0.0,-3.4,20.3,1,,Basic Materials,7130628.0,1961.42
GSRFF,Golden Shield Resources Inc,0.249,9,8,4,5,3,2,2,33,-13.0,20.0,Broken,Avoid/exit,44,4.3,-6.4,0.9,51.0,1,,Basic Materials,5411969.0,1156.44
OPENW,Opendoor Technologies Inc.,0.219,3,14,3,0,4,4,2,30,-8.0,20.0,Broken,Avoid/exit,26,13.0,3.9,-8.1,41.6,1,,nan,nan,0.0
MTGRF,Mount Gibson Iron Ltd,0.26,5,3,10,5,3,4,2,32,-15.0,20.0,Broken,Avoid/exit,32,0.0,0.0,-0.0,0.7,1,,Basic Materials,414751712.0,154.61
PTUUF,Purepoint Uranium Group Inc,0.274,15,7,7,10,3,2,5,49,-29,20,Broken,Avoid/exit,36,9.8,14.4,9.5,63.8,3,,Energy,22225312.0,26756.36
DOCKF,Beyond Medical Technologies Inc,0.276,17,6,3,9,6,2,3,46,-26,20,Broken,Avoid/exit,47,359.2,1205.7,93.0,63.5,3,4,Industrials,9034736.0,417.61
BEAGR,Bold Eagle Acquisition Corp. Right,0.25,2,4,0,9,3,0,2,20,2.0,20.0,Broken,Avoid/exit,22,4.1,-7.4,-9.5,44.2,0,,nan,nan,0.0
ITJTY,Intrum AB (publ),0.311,3,6,7,10,3,1,5,35,-15.0,20.0,Broken,Avoid/exit,17,27.5,27.5,-17.9,32.2,3,,Financial Services,5184508928.0,0.0
MAXQF,Maritime Launch Services Inc.,0.3,3,8,6,10,2,0,4,33,-9.0,20.0,Broken,Avoid/exit,30,-9.0,-0.9,-3.5,45.1,1,,Industrials,236810224.0,161808.98
ARGYF,Avanti Energy Inc,0.34,7,5,3,7,5,2,4,33,-13.0,20.0,Broken,Avoid/exit,38,-5.6,-16.8,-6.8,45.2,1,,Energy,43776672.0,178985.0
ANEB,Anebulo Pharmaceuticals Inc,0.33,7,6,5,11,3,4,2,38,-18.0,20.0,Broken,Avoid/exit,27,-5.7,10.0,-0.8,49.2,3,,Healthcare,13458962.0,39268.39
OTGAW,OTG Acquisition Corp. I Warrants,0.34,0,3,2,10,0,2,2,19,0.0,20.0,Broken,Avoid/exit,40,0.0,-8.1,-8.3,33.5,0,,nan,nan,0.0
CHKR,Chesapeake Granite Wash Trust,0.37,7,4,1,10,5,0,5,32,-10.0,20.0,Broken,Avoid/exit,32,1.6,-7.5,-2.2,49.0,0,,Energy,17297500.0,35482.31
CIGL,Concorde International Group Ltd Class A Ordinary Shares,0.446,5,10,4,6,4,2,2,33,-11.0,20.0,Broken,Avoid/exit,28,3.7,-10.8,-6.6,44.6,2,,Industrials,96491520.0,1855564.19
BIOX,Bioceres Crop Solutions Corp,0.404,12,3,5,6,3,1,5,35,-15.0,20.0,Broken,Avoid/exit,22,-10.2,-6.0,0.8,52.6,1,,Basic Materials,26572936.0,498882.55
EONR,EON Resources Inc.,0.522,11,12,11,6,5,1,4,50,-28,20,Broken,Avoid/exit,27,9.5,11.0,5.8,56.0,4,,Energy,25683728.0,8888023.91
ASWRD,Three Crowns Critical Metals Inc.,0.545,8,3,6,12,3,0,3,35,-20.0,20.0,Broken,Avoid/exit,55,-13.4,2.8,1.0,61.4,1,,nan,3586911.0,2116.63
EPMLF,Empire Metals Limited,0.5,9,4,1,8,3,4,2,31,-11.0,20.0,Broken,Avoid/exit,39,-14.5,25.0,-7.0,48.0,2,,nan,nan,10580.87
FEOVF,Oceanic Iron Ore Corp,0.552,11,9,3,13,4,0,5,45,-23.0,20.0,Broken,Avoid/exit,32,-4.9,12.6,5.1,57.3,3,,Basic Materials,143343984.0,16828.08
HBEIF,Honey Badger Silver Inc,0.566,7,6,4,3,3,4,5,32,-13.0,20.0,Broken,Avoid/exit,56,13.3,-8.9,1.6,51.1,2,,Basic Materials,93647584.0,401574.92
AIFC,AI Financial Corporation,0.598,14,10,5,6,3,7,5,50,-30,20,Broken,Avoid/exit,26,1.3,42.4,13.0,60.4,3,,Technology,83160768.0,2654042.95
CREAF,Creative Technology Ltd,0.59,4,4,2,8,0,5,2,25,-5.0,20.0,Broken,Avoid/exit,31,-3.3,-1.7,-6.1,24.4,1,,Technology,42249996.0,184.74
WLSS,Welsis Corp.,0.6,3,3,9,5,3,7,2,32,-15.0,20.0,Broken,Avoid/exit,16,0.0,0.0,-14.8,0.1,1,,Healthcare,1651600.0,60.01
GRLVF,Group Eleven Resources Corp,0.68,14,6,7,10,5,2,5,49,-29,20,Broken,Avoid/exit,53,12.8,14.1,9.9,63.8,3,,Basic Materials,183532496.0,341167.85
IOFNF,Iofina plc,0.69,3,3,8,3,6,5,2,30,-10.0,20.0,Broken,Avoid/exit,40,-2.8,-4.2,-3.3,33.4,0,,Basic Materials,138138048.0,4719.03
HKSHF,The Hongkong and Shanghai Hotels Limited,0.8,9,6,11,6,0,6,2,40,-23.0,20.0,Broken,Avoid/exit,50,0.0,0.0,0.0,87.0,0,,Consumer Cyclical,1203197312.0,20.5
CBAT,CBAK Energy Technology Inc,0.864,15,5,4,14,3,4,5,50,-30,20,Broken,Avoid/exit,47,5.3,16.7,14.8,65.5,3,,Industrials,82360848.0,177197.09
OPMXF,Operadora de Sites Mexicanos S.A. de C.V,1.0,17,13,1,5,7,1,2,46,-26.0,20.0,Broken,Avoid/exit,49,5.8,1.3,3.3,54.2,0,,Industrials,2913042944.0,4142.2
SGTSY,Singulus Technologies AG ADR,1.0,8,3,10,4,3,2,2,32,-15.0,20.0,Broken,Avoid/exit,32,0.0,0.0,-0.0,0.0,1,,Industrials,17793054.0,2.0
XWEL,XWELL Inc.,0.99,9,8,7,5,2,2,2,35,-15.0,20.0,Broken,Avoid/exit,23,6.5,-2.0,-1.2,47.6,1,,Healthcare,8553191.0,2764993.86
EFGD,Eurobank Ergasias Services and Holdings S.A,1.0,4,3,10,4,3,1,2,27,-10.0,20.0,Broken,Avoid/exit,18,0.0,0.0,-0.2,0.8,0,,nan,nan,0.0
GCCXX,Goldman Sachs Central Govt Inst,1.0,3,3,9,4,3,3,2,27,-10.0,20.0,Broken,Avoid/exit,0,0.0,0.0,-16.9,32.5,0,,nan,nan,0.0
CZASF,China ZhengTong Auto Services Holdings Limited,0.01,2,4,10,6,3,2,2,29,-15.0,19.0,Broken,🔥 COILED: Avoid/exit,29,0.0,0.0,0.0,50.0,1,,Consumer Cyclical,799280896.0,0.0
CEBTF,Citychamp Watch & Jewellery Group Limited,0.01,5,3,10,6,3,2,2,31,-15.0,19.0,Broken,Avoid/exit,24,0.0,0.0,-0.0,2.5,1,,Consumer Cyclical,56598760.0,543.35
CSCNF,China SCE Group Holdings Limited,0.01,2,4,10,6,3,2,2,29,-15.0,19.0,Broken,🔥 COILED: Avoid/exit,29,0.0,0.0,0.0,50.0,1,,Real Estate,44341356.0,0.0
SHUNF,Shunfeng International Clean Energy Limited,0.002,5,3,10,6,3,2,2,31,-15.0,19.0,Broken,Avoid/exit,33,0.0,0.0,-0.0,2.0,1,,Utilities,36258284.0,2625.0
GTMLF,Green Technology Metals Limited,0.009,3,3,10,5,3,5,2,31,-15.0,19.0,Broken,Avoid/exit,18,0.0,0.0,-5.9,10.9,1,,Basic Materials,11289657.0,13140.65
GENLF,Genmin Limited,0.002,2,4,10,6,3,2,2,29,-15.0,19.0,Broken,🔥 COILED: Avoid/exit,0,0.0,0.0,0.0,50.0,1,,Basic Materials,6919072.0,0.0
NISLF,Antares Metals Limited,0.005,2,4,10,6,3,2,2,29,-15.0,19.0,Broken,🔥 COILED: Avoid/exit,0,0.0,0.0,0.0,50.0,1,,Basic Materials,4280514.0,0.0
NXMH,Next Meats Holdings Inc,0.007,1,3,2,9,3,2,4,24,-5.0,19.0,Broken,Avoid/exit,15,-5.1,-46.4,-23.8,38.0,1,,Consumer Defensive,3238184.0,1353.02
STOCF,Stock Trend Capital Inc.,0.004,1,9,2,5,6,2,2,27,-8.0,19.0,Broken,Avoid/exit,23,19.4,-8.5,-0.7,47.7,0,,Financial Services,2839041.0,9961.49
SOLBF,Solvbl Solutions Inc,0.01,2,4,10,6,3,2,2,29,-15.0,19.0,Broken,🔥 COILED: Avoid/exit,30,0.0,0.0,0.0,50.0,1,,Technology,2752476.0,17.33
BGRP,Bluestem Group Inc,0.01,5,3,10,6,3,2,2,31,-15.0,19.0,Broken,Avoid/exit,33,0.0,0.0,-0.0,35.6,1,,Consumer Cyclical,1340050.0,1098.5
ARCPF,ARCpoint Inc.,0.01,5,3,10,6,3,2,2,31,-15.0,19.0,Broken,Avoid/exit,0,0.0,0.0,-0.1,0.0,1,,Healthcare,1283588.0,0.0
CLRI,Cleartronic Inc,0.006,3,2,5,5,3,3,5,26,-10.0,19.0,Broken,Avoid/exit,12,0.0,-10.8,-4.2,34.8,0,,Technology,1214964.0,8061.73
TOWTF,Tower One Wireless Corp,0.005,2,4,10,6,3,2,2,29,-15.0,19.0,Broken,🔥 COILED: Avoid/exit,29,0.0,0.0,0.0,50.0,1,,Communication Services,1132590.0,1250.0
MYSL,My Screen Mobile Inc,0.008,2,4,10,6,3,2,2,29,-15.0,19.0,Broken,🔥 COILED: Avoid/exit,30,0.0,0.0,0.0,50.0,1,,Communication Services,1092295.0,1800.0
LNLHF,LeanLife Health Inc,0.005,2,4,10,6,3,2,2,29,-15.0,19.0,Broken,🔥 COILED: Avoid/exit,30,0.0,0.0,0.0,50.0,1,,Consumer Defensive,1035530.0,70.0
PWWRF,Cleantech Power Corp.,0.006,2,4,10,6,3,2,2,29,-15.0,19.0,Broken,🔥 COILED: Avoid/exit,30,0.0,0.0,0.0,50.0,1,,Industrials,1020790.0,0.8
PEMC,Pacific Energy & Mining Company,0.001,3,3,8,4,3,3,2,26,-10.0,19.0,Broken,Avoid/exit,9,0.0,0.0,-57.8,0.0,0,,Energy,966272.0,742.89
PAEGF,Peace Arch Entertainment Group Inc,0.001,2,4,10,6,3,2,2,29,-15.0,19.0,Broken,🔥 COILED: Avoid/exit,30,0.0,0.0,0.0,50.0,1,,Communication Services,958068.0,21.0
TTTSF,TruTrace Technologies Inc,0.006,2,4,10,6,3,2,2,29,-15.0,19.0,Broken,🔥 COILED: Avoid/exit,30,0.0,0.0,0.0,50.0,1,,Technology,939066.0,61.25
WAST,Wastemasters Inc,0.004,3,9,2,2,4,2,2,24,-8.0,19.0,Broken,Avoid/exit,4,-28.6,-18.4,-40.6,33.2,0,,Industrials,769304.0,553506.9
NFTFF,NFT Technologies Inc,0.007,2,4,10,6,3,2,2,29,-15.0,19.0,Broken,🔥 COILED: Avoid/exit,30,0.0,0.0,0.0,50.0,1,,Technology,695848.0,2680.1
SAKL,Sack Lunch Productions Inc,0.008,11,6,6,4,3,1,5,36,-17.0,19.0,Broken,Avoid/exit,30,0.0,0.0,2.7,64.2,1,,Consumer Cyclical,688682.0,2961.02
SPXA,SpectrumDNA Inc,0.01,2,4,10,6,3,2,2,29,-15.0,19.0,Broken,🔥 COILED: Avoid/exit,29,0.0,0.0,0.0,50.0,1,,Technology,684983.0,875.0
MOOIF,Sensor Technologies Corp,0.001,6,6,3,4,3,2,5,29,-10.0,19.0,Broken,Avoid/exit,28,10.0,10.0,-10.2,46.9,2,,Financial Services,376787.0,1261.85
MURCF,Lightspeed Discoveries Inc,0.01,5,3,10,6,3,2,2,31,-15.0,19.0,Broken,Avoid/exit,29,0.0,0.0,-0.0,0.0,1,,Basic Materials,304955.0,0.0
WGRFF,Champion Gaming Group Inc.,0.003,5,4,10,6,0,2,2,29,-15.0,19.0,Broken,🔥 COILED: Avoid/exit,27,0.0,0.0,0.0,50.0,1,,Communication Services,229862.0,5127.5
UBMRF,Urbanimmersive Inc,0.004,2,4,10,6,3,2,2,29,-15.0,19.0,Broken,🔥 COILED: Avoid/exit,29,0.0,0.0,0.0,50.0,1,,Technology,217010.0,2703.0
XMTTF,Xmet Inc,0.002,2,4,10,6,3,2,2,29,-15.0,19.0,Broken,🔥 COILED: Avoid/exit,29,0.0,0.0,0.0,50.0,1,,Basic Materials,183971.0,1213.1
THCBF,THC Biomed Intl Ltd,0.001,2,4,10,6,3,2,2,29,-15.0,19.0,Broken,🔥 COILED: Avoid/exit,29,0.0,0.0,0.0,50.0,1,,Healthcare,163938.0,11.82
EPTI,Environmental Packaging Technologies Holdings Inc,0.002,2,4,10,6,3,2,2,29,-15.0,19.0,Broken,🔥 COILED: Avoid/exit,30,0.0,0.0,0.0,50.0,1,,Consumer Cyclical,134874.0,40.0
DTEMF,Ditem Explorations Inc,0.001,2,4,10,6,3,2,2,29,-15.0,19.0,Broken,🔥 COILED: Avoid/exit,30,0.0,0.0,0.0,50.0,1,,Basic Materials,133093.0,20.0
DKLRF,Decklar Resources Inc,0.001,2,4,10,6,3,2,2,29,-15.0,19.0,Broken,🔥 COILED: Avoid/exit,29,0.0,0.0,0.0,50.0,1,,Energy,125956.0,0.0
VICFF,Vice Health and Wellness Inc.,0.003,2,4,10,6,3,2,2,29,-15.0,19.0,Broken,🔥 COILED: Avoid/exit,30,0.0,0.0,0.0,50.0,1,,Consumer Defensive,122796.0,1.61
AQQRF,Aquarius Surgical Technologies Inc,0.004,2,4,10,6,3,2,2,29,-15.0,19.0,Broken,🔥 COILED: Avoid/exit,29,0.0,0.0,0.0,50.0,1,,Healthcare,115916.0,120.0
ASNHF,Avidus Management Group Inc,0.001,2,4,10,6,3,2,2,29,-15.0,19.0,Broken,🔥 COILED: Avoid/exit,29,0.0,0.0,0.0,50.0,1,,Healthcare,115550.0,2275.0
VCLD,Verecloud Inc,0.001,2,4,10,6,3,2,2,29,-15.0,19.0,Broken,🔥 COILED: Avoid/exit,29,0.0,0.0,0.0,50.0,1,,Technology,101321.0,250.0
GRGBF,Greenrise Global Brands Inc.,0.001,2,4,10,6,3,2,2,29,-15.0,19.0,Broken,🔥 COILED: Avoid/exit,0,0.0,0.0,0.0,50.0,1,,Healthcare,67151.0,0.0
PSTRQ,PostRock Energy Corp,0.01,2,4,10,6,3,2,2,29,-15.0,19.0,Broken,🔥 COILED: Avoid/exit,30,0.0,0.0,0.0,50.0,1,,Real Estate,65809.0,17.5
LRSNF,Global Health Clinics Ltd,0.01,2,4,10,6,3,2,2,29,-15.0,19.0,Broken,🔥 COILED: Avoid/exit,29,0.0,0.0,0.0,50.0,1,,Healthcare,10331.0,0.0
RPFG,Rainier Pacific Financial Group Inc,0.002,2,4,10,6,3,2,2,29,-15.0,19.0,Broken,🔥 COILED: Avoid/exit,30,0.0,0.0,0.0,50.0,1,,Financial Services,10071.0,3.0
VTON,Vast Solutions Inc,0.001,2,4,10,6,3,2,2,29,-15.0,19.0,Broken,🔥 COILED: Avoid/exit,29,0.0,0.0,0.0,50.0,1,,Industrials,20.0,0.95
WGSK,WGSK,0.01,2,4,10,6,3,2,2,29,-15.0,19.0,Broken,🔥 COILED: Avoid/exit,30,0.0,0.0,0.0,50.0,1,,Financial Services,nan,0.42
CNLLF,Central China Real Estate Limited,0.011,2,4,10,6,3,2,2,29,-15.0,19.0,Broken,🔥 COILED: Avoid/exit,30,0.0,0.0,0.0,50.0,1,,Real Estate,34646036.0,175.0
TNGL,Tonogold Resources Inc,0.018,6,10,7,5,2,2,2,34,-13.0,19.0,Broken,Avoid/exit,23,9.1,-8.2,-2.9,46.8,1,,Basic Materials,18408118.0,202031.71
NBHEF,NBHEF,0.02,3,3,6,2,3,7,2,26,-10.0,19.0,Broken,Avoid/exit,16,0.0,0.0,-5.4,37.8,0,,nan,14749121.0,20834.17
GDPHF,Godolphin Resources Limited,0.013,12,3,2,4,3,0,5,29,-10.0,19.0,Broken,Avoid/exit,46,-35.0,30.0,-1.7,51.5,2,,Basic Materials,11031568.0,20970.99
TGLTY,TGLT S.A,0.02,2,4,10,6,3,2,2,29,-15.0,19.0,Broken,🔥 COILED: Avoid/exit,29,0.0,0.0,0.0,50.0,1,,Real Estate,9603795.0,0.0
GALOF,Galore Resources Inc,0.011,2,1,3,11,3,2,2,24,-5.0,19.0,Broken,Avoid/exit,29,0.0,-14.7,-13.7,34.2,1,,Basic Materials,1950307.0,12789.35
PWRLF,POWR Lithium Corp.,0.014,3,4,5,6,3,6,2,29,-10.0,19.0,Broken,Avoid/exit,16,0.0,-12.5,-5.2,41.2,0,,Basic Materials,913220.0,6987.94
MMMRF,Mammoth Resources Corp,0.02,16,9,5,9,4,2,5,50,-27,19,Broken,Avoid/exit,34,146.9,146.9,94.8,82.3,3,3,Basic Materials,863111.0,4539.41
MDRA,Medra Corporation,0.02,2,4,10,6,3,2,2,29,-15.0,19.0,Broken,🔥 COILED: Avoid/exit,30,0.0,0.0,0.0,50.0,1,,Technology,686926.0,0.03
MGWFF,Maple Leaf Green World Inc,0.015,1,4,2,7,3,2,2,21,-5.0,19.0,Broken,Avoid/exit,16,0.0,-51.6,-27.3,40.1,1,,Healthcare,581886.0,1461.52
TNBI,Tanke Biosciences Corporation,0.02,5,3,10,6,3,2,2,31,-15.0,19.0,Broken,Avoid/exit,20,0.0,0.0,-0.1,7.2,1,,Financial Services,381964.0,3743.18
EMYSF,Easy Technologies Inc,0.015,2,4,10,6,3,2,2,29,-15.0,19.0,Broken,🔥 COILED: Avoid/exit,30,0.0,0.0,0.0,50.0,1,,Healthcare,142219.0,158.63
AWAW,White Fox Ventures Inc,0.021,5,3,10,4,3,4,2,31,-15.0,19.0,Broken,Avoid/exit,28,0.0,0.0,-0.0,32.6,1,,Industrials,24546266.0,2874.58
UBYH,UBuyHoldings Inc,0.024,3,8,2,3,5,2,2,25,-6.0,19.0,Broken,Avoid/exit,42,0.0,-21.0,-18.5,44.6,0,,Financial Services,14218391.0,0.0
SNIPF,Snipp Interactive Inc,0.028,6,6,5,6,0,4,2,29,-13.0,19.0,Broken,Avoid/exit,24,-3.8,-0.7,-0.3,49.3,1,,Communication Services,8653599.0,59698.31
ACBM,ACRO Biomedical Co Ltd,0.026,9,6,11,6,3,2,2,39,-23.0,19.0,Broken,Avoid/exit,40,0.0,0.0,0.0,100.0,0,,Financial Services,1561092.0,23.61
TMRR,Temir Corp,0.03,2,4,10,6,3,2,2,29,-15.0,19.0,Broken,🔥 COILED: Avoid/exit,30,0.0,0.0,0.0,50.0,1,,Industrials,200765.0,225.0
MEDE,MEDecision Inc,0.03,2,4,10,6,3,2,2,29,-15.0,19.0,Broken,🔥 COILED: Avoid/exit,30,0.0,0.0,0.0,50.0,1,,Communication Services,200661.0,40.0
GZUHF,Guangzhou R&F Properties Co. Ltd,0.04,5,3,10,6,3,2,2,31,-15.0,19.0,Broken,Avoid/exit,30,0.0,0.0,-0.0,0.0,1,,Real Estate,150094688.0,294.9
MCREF,Metals Creek Resources Corp,0.035,4,6,0,7,0,2,2,21,2.0,19.0,Broken,Avoid/exit,46,16.0,-13.0,-6.1,45.4,1,,Basic Materials,10408050.0,55770.79
RVLWF,Revitalist Lifestyle and Wellness Ltd,0.039,2,4,10,6,3,2,2,29,-15.0,19.0,Broken,🔥 COILED: Avoid/exit,30,0.0,0.0,0.0,50.0,1,,Healthcare,5364280.0,1112.4
HRFEF,Harfang Exploration Inc,0.038,16,7,9,9,0,2,2,45,-26.0,19.0,Broken,Avoid/exit,34,25.3,25.3,13.3,71.2,3,,Basic Materials,4340383.0,7430.91
KICK,HPN Holdings Inc,0.035,9,5,7,9,3,2,5,40,-21.0,19.0,Broken,Avoid/exit,24,27.3,27.3,14.5,53.4,3,,Industrials,2685419.0,2433.68
IDIG,International Digital Holding Inc,0.043,3,4,8,1,3,5,2,26,-10.0,19.0,Broken,Avoid/exit,16,0.0,0.0,-2.5,36.4,0,,Technology,30143630.0,1467.67
MMXLF,Mustang Minerals Limited,0.048,8,9,4,13,5,0,2,41,-20.0,19.0,Broken,Avoid/exit,0,-13.6,15.9,-2.6,47.9,3,,Basic Materials,3543793.0,0.0
ABMBF,Abcourt Mines Inc,0.057,10,5,4,12,3,0,5,39,-20.0,19.0,Broken,Avoid/exit,36,-4.3,14.8,1.6,53.3,3,,Basic Materials,71600920.0,227568.67
PABAF,Patrys Limited,0.06,2,4,10,6,3,2,2,29,-15.0,19.0,Broken,🔥 COILED: Avoid/exit,0,0.0,0.0,0.0,50.0,1,,Healthcare,40490716.0,0.0
CRVAF,CurveBeam AI Limited,0.054,2,4,10,6,3,2,2,29,-15.0,19.0,Broken,🔥 COILED: Avoid/exit,29,0.0,0.0,0.0,50.0,1,,Healthcare,26127696.0,0.0
PMCCF,Peloton Minerals Corporation,0.06,1,3,6,7,4,1,2,24,-5.0,19.0,Broken,Avoid/exit,21,-6.4,-6.4,-4.4,34.3,1,,Basic Materials,9873826.0,17367.58
CRSTF,Crest Resources Inc,0.06,17,4,6,8,4,2,5,46,-27,19,Broken,Avoid/exit,43,61.3,61.3,31.9,84.7,2,3,Basic Materials,2279993.0,164.97
PLVFF,Plant Veda Foods Ltd,0.06,2,4,10,6,3,2,2,29,-15.0,19.0,Broken,🔥 COILED: Avoid/exit,30,0.0,0.0,0.0,50.0,1,,Consumer Defensive,2103643.0,81.56
CNBMF,Coniagas Battery Metals Inc.,0.06,2,4,10,6,3,2,2,29,-15.0,19.0,Broken,🔥 COILED: Avoid/exit,0,0.0,0.0,0.0,50.0,1,,Basic Materials,2082257.0,0.0
BRLSW,Borealis Foods Inc,0.052,9,12,2,5,4,2,5,39,-18,19,Broken,Avoid/exit,29,102.7,15.6,13.9,51.9,2,10,nan,nan,29613.91
PHYOF,IXICO plc,0.07,2,4,10,6,3,2,2,29,-15.0,19.0,Broken,🔥 COILED: Avoid/exit,29,0.0,0.0,0.0,50.0,1,,Healthcare,168610192.0,0.0
DECXF,Decade Resources Ltd,0.07,14,7,6,14,3,0,5,49,-30,19,Broken,Avoid/exit,52,-6.5,45.7,7.9,55.7,3,,Basic Materials,16292902.0,221174.9
CRLEF,Corcel Exploration Inc.,0.065,1,5,3,8,0,0,2,19,0.0,19.0,Broken,Avoid/exit,12,-11.8,-30.9,-17.5,41.9,0,,nan,nan,19188.02
BEIJF,Beijing North Star Company Limited,0.08,2,4,10,6,3,2,2,29,-15.0,19.0,Broken,🔥 COILED: Avoid/exit,29,0.0,0.0,0.0,50.0,1,,Real Estate,416163680.0,0.0
GRARF,Great Atlantic Resources Corp.,0.073,2,4,10,6,3,2,2,29,-15.0,19.0,Broken,🔥 COILED: Avoid/exit,0,0.0,0.0,0.0,50.0,1,,Basic Materials,4865485.0,0.0
SHTGF,Shun Tak Holdings Limited,0.085,5,3,10,6,3,2,2,31,-15.0,19.0,Broken,Avoid/exit,34,0.0,0.0,-0.0,25.1,1,,Real Estate,422472640.0,0.0
PMDRF,Prime Meridian Resources Corp,0.082,17,3,6,10,6,2,5,49,-30,19,Broken,Avoid/exit,43,26.2,22.4,22.6,81.2,3,,Basic Materials,4900745.0,3217.5
RMTG,Regenerative Medical Technology Group Inc.,0.09,19,8,1,6,5,5,5,49,-30,19,Broken,Avoid/exit,62,28.6,59.3,17.7,57.0,4,,Healthcare,1305202.0,33346.63
GBXXY,Grand Baoxin Auto Group Limited,0.092,2,4,10,6,3,2,2,29,-15.0,19.0,Broken,🔥 COILED: Avoid/exit,30,0.0,0.0,0.0,50.0,1,,Consumer Cyclical,26218604.0,7.7
ADCOF,Adcore Inc,0.098,8,11,7,9,3,2,2,42,-23.0,19.0,Broken,Avoid/exit,22,8.4,10.7,3.8,53.4,4,,Technology,5795331.0,10674.42
SSRSF,Silver Sands Resources Corp,0.092,16,7,6,9,3,3,5,49,-30,19,Broken,Avoid/exit,51,46.0,64.3,28.0,70.9,3,,Basic Materials,2525854.0,4518.64
LMPX,Lmp Automotive Holdings Inc,0.095,13,4,7,5,9,6,5,49,-30,19,Broken,Avoid/exit,53,11.8,17.3,14.1,92.3,3,,Consumer Cyclical,1036332.0,0.0
MRMNF,Mercado Minerals Ltd.,0.095,16,6,6,11,3,2,5,49,-30,19,Broken,Avoid/exit,0,40.5,45.5,25.8,63.8,3,,Basic Materials,nan,0.0
QCCUF,QC Copper and Gold Inc,0.124,12,6,3,15,6,0,5,47,-28.0,19.0,Broken,Avoid/exit,63,-0.5,2.0,6.3,60.7,1,,Basic Materials,49382828.0,130235.27
SCYYF,Scandium International Mining Corp,0.107,11,4,6,6,5,0,2,34,-13.0,19.0,Broken,Avoid/exit,64,-11.0,-2.9,-1.2,49.8,0,,Basic Materials,35732748.0,77083.04
GNSMF,Genius Metals Inc,0.129,13,6,4,9,7,4,5,48,-29,19,Broken,Avoid/exit,55,21.4,11.0,14.2,62.7,3,,Basic Materials,24347826.0,19485.66
CGMXF,Canadian Goldfields Discovery Corp.,0.16,6,15,2,0,3,4,2,32,-11.0,19.0,Broken,Avoid/exit,21,11.1,5.7,-0.0,48.0,1,,Basic Materials,16267841.0,28420.28
IAALF,IBC Advanced Alloys Corp,0.12,2,3,2,10,1,4,2,24,-5.0,19.0,Broken,Avoid/exit,25,-14.3,-14.3,-10.3,38.2,1,,Industrials,14635066.0,55500.5
SNTW,Summit Networks Inc,0.131,5,4,8,6,3,1,2,29,-15.0,19.0,Broken,🔥 COILED: Avoid/exit,23,0.0,0.0,-0.1,43.0,1,,Consumer Cyclical,9027427.0,423.8
PXCLY,Phoenix Copper Limited,0.111,3,3,3,7,0,3,2,21,-5.0,19.0,Broken,Avoid/exit,8,0.0,0.0,-5.7,1.8,1,,Basic Materials,3199913.0,537.51
MTEKW,Maris-Tech Ltd. Warrants,0.103,3,11,1,8,0,2,2,27,-8.0,19.0,Broken,Avoid/exit,17,-8.7,-28.9,-24.0,42.5,2,,nan,nan,6579.89
FUFUW,BitFuFu Inc. Warrant,0.133,3,7,1,7,0,2,2,22,-3.0,19.0,Broken,Avoid/exit,21,-5.0,6.4,-10.7,46.3,0,,nan,nan,19364.3
CESTF,Chinese Estates Holdings Limited,0.15,2,4,10,6,3,2,2,29,-15.0,19.0,Broken,🔥 COILED: Avoid/exit,29,0.0,0.0,0.0,50.0,1,,Real Estate,247418208.0,0.0
SIIGF,SIG plc,0.16,2,4,10,6,3,2,2,29,-15.0,19.0,Broken,🔥 COILED: Avoid/exit,0,0.0,0.0,0.0,50.0,1,,Industrials,184923248.0,0.0
MTRSF,Matsa Resources Limited,0.15,2,4,10,6,3,2,2,29,-15.0,19.0,Broken,🔥 COILED: Avoid/exit,0,0.0,0.0,0.0,50.0,1,,Basic Materials,145775936.0,0.0
SNGCF,Sanu Gold Corp.,0.18,0,7,4,8,4,0,2,25,-11.0,19.0,Broken,Avoid/exit,23,-4.8,-5.0,-4.9,41.3,1,,Basic Materials,78816736.0,103830.96
PEIMF,PepinNini Minerals Limited,0.16,17,5,6,8,6,2,5,49,-30,19,Broken,Avoid/exit,54,0.0,111.8,18.3,66.7,3,,Basic Materials,69815392.0,10522.69
IPCIQ,Intellipharmaceutics International Inc.,0.15,2,4,10,6,3,2,2,29,-15.0,19.0,Broken,🔥 COILED: Avoid/exit,29,0.0,0.0,0.0,50.0,1,,Healthcare,4963900.0,0.0
CHMJF,Chemistree Technology Inc,0.152,16,4,6,10,6,2,5,49,-30,19,Broken,Avoid/exit,54,0.0,375.0,78.4,99.5,3,,Financial Services,1498956.0,217.5
VCBDD,"Vitalibis, Inc.",0.15,6,4,3,11,3,4,5,36,-20.0,19.0,Broken,Avoid/exit,37,0.0,23.9,-21.9,45.9,3,,Financial Services,42862.0,515.11
LRRLF,Gorilla Gold Mines Ltd,0.2,4,6,9,4,0,1,2,26,-10.0,19.0,Broken,Avoid/exit,25,0.0,0.0,-0.5,35.4,0,,Basic Materials,146530608.0,723.41
KRLTF,Karnalyte Resources Inc,0.23,18,7,6,6,4,3,5,49,-30,19,Broken,Avoid/exit,47,24.9,24.9,12.4,67.6,3,,Basic Materials,12249988.0,2603.7
CMBMF,Cambium Networks Corporation,0.219,8,14,4,7,4,4,2,43,-22,19,Broken,Avoid/exit,34,56.2,10.2,8.1,50.4,4,8,Technology,6358204.0,604897.36
CULTF,Cult Food Science Corp,0.214,7,7,8,4,3,0,2,31,-15.0,19.0,Broken,Avoid/exit,41,-14.7,6.2,-0.4,47.3,1,,Consumer Defensive,434824.0,2362.91
APULF,Appulse Corporation,0.22,2,4,10,6,3,2,2,29,-15.0,19.0,Broken,🔥 COILED: Avoid/exit,0,0.0,0.0,0.0,50.0,1,,Industrials,nan,0.0
ANZFF,Air New Zealand Limited,0.256,9,3,6,6,3,2,3,32,-13.0,19.0,Broken,Avoid/exit,35,-1.7,-0.7,-0.2,52.5,0,,Industrials,826498496.0,1208.05
GWSO,Global Warming Solut,0.26,6,4,2,11,5,2,2,32,-13.0,19.0,Broken,Avoid/exit,45,-13.3,-44.7,-24.5,42.4,1,,Technology,4646993.0,6325.27
JALC,Adams (JOHN) Life Corp,0.25,2,4,10,6,3,2,2,29,-15.0,19.0,Broken,🔥 COILED: Avoid/exit,30,0.0,0.0,0.0,50.0,1,,Financial Services,652925.0,878.55
ATPMF,Antipa Minerals Limited,0.32,2,4,10,6,3,2,2,29,-15.0,19.0,Broken,🔥 COILED: Avoid/exit,29,0.0,0.0,0.0,50.0,1,,Basic Materials,214094160.0,0.0
NFE,New Fortress Energy LLC,0.305,3,10,4,6,3,2,2,30,-11.0,19.0,Broken,Avoid/exit,20,1.7,-6.4,-2.1,43.8,2,,Energy,82548416.0,9217304.71
GTBP,GT Biopharma Inc,0.302,3,12,8,1,3,2,2,31,-10.0,19.0,Broken,Avoid/exit,26,7.0,1.6,-1.5,45.4,1,,Healthcare,13086265.0,1259892.38
FEEXF,Ferrexpo PLC,0.389,7,3,10,4,3,2,2,31,-15.0,19.0,Broken,Avoid/exit,22,0.0,0.0,-0.0,25.7,1,,Basic Materials,228650672.0,3166.54
TVBCF,Television Broadcasts Limited,0.39,2,4,10,6,3,2,2,29,-15.0,19.0,Broken,🔥 COILED: Avoid/exit,29,0.0,0.0,0.0,50.0,1,,Communication Services,186784736.0,0.0
EXHI,Exlites Holdings International Inc,0.35,1,1,2,7,3,3,2,19,0.0,19.0,Broken,Avoid/exit,27,-2.8,-2.8,-1.9,6.2,0,,Healthcare,15414977.0,180.5
AILQF,AirIQ Inc,0.36,6,4,3,6,3,5,2,29,-10.0,19.0,Broken,Avoid/exit,41,0.0,0.0,-1.0,12.6,0,,Technology,10641127.0,823.93
SNGX,Soligenix Inc.,0.38,8,7,8,5,2,2,2,34,-15.0,19.0,Broken,Avoid/exit,28,0.0,0.0,-1.8,47.1,1,,Healthcare,8357944.0,2537714.7
HHEXF,Helix Exploration PLC,0.383,10,6,4,0,0,4,5,29,-10.0,19.0,Broken,Avoid/exit,26,-8.9,-7.9,-2.2,48.0,0,,nan,nan,26586.72
VEEMF,VEEM Ltd,0.414,8,3,10,6,0,2,2,31,-15.0,19.0,Broken,Avoid/exit,25,0.0,0.0,-0.0,0.0,1,,Industrials,63948080.0,37.69
GEBRF,Greenbriar Capital Corp,0.4,4,3,3,7,3,2,2,24,-5.0,19.0,Broken,Avoid/exit,43,0.0,-16.7,-9.2,34.1,1,,Utilities,17509994.0,6628.54
REFR,Research Frontiers Incorporated,0.485,7,13,5,10,4,4,5,48,-25.0,19.0,Broken,Avoid/exit,33,7.8,12.8,3.9,52.8,3,,Technology,16736536.0,54012.11
ATGN,Altigen Communications Inc,0.48,2,3,1,13,2,0,2,23,0.0,19.0,Broken,Avoid/exit,38,-2.0,-2.0,-3.6,44.9,0,,Communication Services,12419718.0,20694.51
ROYE,Royal Energy Resources Inc,0.5,2,4,10,6,3,2,2,29,-15.0,19.0,Broken,🔥 COILED: Avoid/exit,30,0.0,0.0,0.0,50.0,1,,Energy,9039646.0,245.25
MGNC,Mag Magna Corp.,0.545,12,11,8,3,3,3,2,42,-26,19,Broken,Avoid/exit,32,2.8,31.3,5.8,54.8,4,,Consumer Defensive,8172161.0,24597.22
TERS,Tersis Technologies Inc.,0.55,15,3,3,15,3,5,5,49,-30,19,Broken,Avoid/exit,62,-26.7,19.0,5.0,55.6,3,,Industrials,56700812.0,10435.85
BRBMF,Big Rock Brewery Inc,0.59,5,3,10,6,3,2,2,31,-15.0,19.0,Broken,Avoid/exit,27,0.0,0.0,-0.0,15.4,1,,Consumer Defensive,18275172.0,7.0
RYDE,Ryde Group Ltd.,0.643,2,6,4,8,5,4,5,34,-15.0,19.0,Broken,Avoid/exit,30,-23.9,-29.1,-17.1,38.4,1,,Technology,118084272.0,994012.31
SPMEF,South Pacific Metals Corp,0.64,15,3,6,5,5,3,5,42,-23.0,19.0,Broken,Avoid/exit,57,5.6,0.0,4.9,56.9,1,,Basic Materials,45924308.0,25149.68
FRLOF,Frasers Logistics & Commercial Trust,0.744,4,3,8,6,0,3,2,26,-10.0,19.0,Broken,Avoid/exit,35,0.0,0.0,-0.7,21.9,0,,Real Estate,2832081664.0,80.65
HAIN,The Hain Celestial Group Inc,0.71,15,7,4,14,3,1,5,49,-30,19,Broken,Avoid/exit,32,14.5,18.4,8.0,56.2,3,,Consumer Defensive,69919368.0,1463027.08
LFT,Lument Finance Trust Inc,0.729,9,10,3,2,2,2,3,31,-12.0,19.0,Broken,Avoid/exit,17,17.5,4.1,4.1,51.2,1,,Real Estate,38493324.0,221206.71
NTNOF,Northern Ocean Ltd,0.793,7,1,2,7,2,3,2,24,-5.0,19.0,Broken,Avoid/exit,34,0.0,-3.3,-1.5,22.4,1,,Energy,344224512.0,614.0
BDWBF,Budweiser Brewing Company APAC Limited,0.822,2,4,9,5,3,1,2,26,-10.0,19.0,Broken,Avoid/exit,30,0.0,-0.6,-0.4,44.7,0,,Consumer Defensive,10874869760.0,12116.0
USYNF,Unisync Corp,0.882,2,4,10,6,3,2,2,29,-15.0,19.0,Broken,🔥 COILED: Avoid/exit,29,0.0,0.0,0.0,50.0,1,,Consumer Cyclical,16768786.0,4.52
NEON,Neonode Inc,0.88,4,6,5,6,0,7,5,33,-14.0,19.0,Broken,Avoid/exit,17,3.5,0.0,-2.0,46.5,0,,Technology,15118058.0,173277.01
QSCGF,q.beyond AG,0.922,5,3,10,6,3,2,2,31,-15.0,19.0,Broken,Avoid/exit,30,0.0,0.0,-0.0,0.0,1,,Technology,19932718.0,4.87
FIRRF,First Tractor Company Limited,0.95,10,3,11,6,3,4,2,39,-23.0,19.0,Broken,Avoid/exit,49,0.0,0.0,0.0,96.0,0,,Industrials,2053637632.0,0.0
CHND,China Media Inc,1,2,4,10,6,3,2,2,29,-15.0,19.0,Broken,🔥 COILED: Avoid/exit,30,0.0,0.0,0.0,50.0,1,,Communication Services,39750000.0,6.15
BLIN,Bridgeline Digital Inc,0.988,6,11,3,1,4,2,2,29,-11.0,19.0,Broken,Avoid/exit,31,2.5,-10.2,-5.2,38.5,1,,Technology,12257162.0,68212.38
MBHCF,MBH Corporation PLC,1,2,4,10,6,3,2,2,29,-15.0,19.0,Broken,🔥 COILED: Avoid/exit,30,0.0,0.0,0.0,50.0,1,,Real Estate,6667460.0,4.0
KGLLF,KGL Resources Limited,0.093,13,5,4,5,3,3,5,38,-19.5,18.5,Broken,Avoid/exit,24,0.0,8336.4,37.9,63.2,2,,Basic Materials,210830496.0,1809.86
SDSTW,Stardust Power Inc.,0.15,6,15,3,5,4,2,5,40,-24.8,18.2,Broken,🔥 COILED: Avoid/exit,35,30.3,61.9,20.2,52.2,2,,nan,nan,16345.9
SEHLF,Solargiga Energy Holdings Limited,0.01,5,3,6,5,3,6,2,30,-15.0,18.0,Broken,Avoid/exit,26,0.0,0.0,-0.0,1.3,1,,Technology,31908204.0,648.72
PLIXF,Prairie Lithium Limited,0.006,4,7,8,3,0,2,2,26,-8.0,18.0,Broken,Avoid/exit,38,20.0,1.7,0.9,49.7,1,,Basic Materials,28901572.0,255514.69
VPLM,Voip-Pal.Com Inc,0.005,2,2,1,12,1,2,2,22,-4.0,18.0,Broken,Avoid/exit,8,-13.8,-10.7,-20.0,39.1,0,,Communication Services,21582934.0,3542443.86
LUVSF,Lithium Universe Limited,0.008,4,3,9,6,3,3,2,30,-15.0,18.0,Broken,Avoid/exit,18,0.0,0.0,-0.4,0.1,1,,Basic Materials,14868202.0,1425.0
BKUH,Bakhu Holdings Corp,0.001,5,3,10,5,3,2,2,30,-15.0,18.0,Broken,Avoid/exit,29,0.0,0.0,-0.1,0.0,1,,Healthcare,6026059.0,3.0
JAMGF,Jasper Mining Corporation,0.009,3,4,9,6,3,1,2,28,-15.0,18.0,Broken,🔥 COILED: Avoid/exit,24,0.0,0.0,-1.2,46.4,1,,Energy,2390071.0,18876.09
AECX,CurrentC Power Corporation,0.005,1,4,9,1,5,3,2,25,-10.0,18.0,Broken,Avoid/exit,37,0.0,-1.9,-4.6,44.5,0,,Technology,2158154.0,26367.85
CPMD,CannaPharmaRx Inc,0.002,12,6,5,12,1,2,4,42,-30,18,Broken,Avoid/exit,33,37.5,15.8,5.8,53.8,4,,Healthcare,1700855.0,169158.69
APLIF,Appili Therapeutics Inc,0.009,4,7,6,5,3,3,2,30,-15.0,18.0,Broken,Avoid/exit,30,0.0,0.0,-1.2,45.0,1,,Healthcare,1191295.0,15204.22
CERO,"CERo Therapeutics Holdings, Inc. Common Stock",0.01,1,14,3,3,5,0,2,28,-8.0,18.0,Broken,Avoid/exit,21,-9.1,0.0,-1.7,47.8,0,,Healthcare,644678.0,600643.55
BKLIF,Blockmint Technologies Inc,0.01,16,5,4,9,6,1,5,46,-28.0,18.0,Broken,Avoid/exit,40,0.0,400.0,86.6,98.2,2,,Financial Services,482426.0,93.12
TZPC,ThermaFreeze Products Corporation,0.005,0,2,5,9,3,2,2,23,-5.0,18.0,Broken,Avoid/exit,16,-37.5,-28.6,-28.0,34.9,1,,Consumer Cyclical,223084.0,53864.73
CPTAF,Captivision Inc.,0.007,12,8,6,4,5,2,2,39,-21,18,Broken,Avoid/exit,38,70.0,74.4,40.5,54.1,3,7,Basic Materials,222159.0,1138002.74
GRLF,Green Leaf Innovations Inc,0.009,4,4,8,0,3,4,5,28,-10.0,18.0,Broken,Avoid/exit,17,-28.0,-28.0,-11.0,47.0,0,,Consumer Defensive,67203.0,7623598.05
FTIDF,FTI Foodtech International Inc.,0.003,14,4,8,9,6,2,5,48,-30,18,Broken,Avoid/exit,37,0.0,107.7,26.7,99.6,3,,Consumer Cyclical,62859.0,506.08
SSYRF,Sassy Resources Corporation,0.003,1,3,7,8,0,2,2,23,-5.0,18.0,Broken,Avoid/exit,18,0.0,-40.0,-17.1,36.9,1,,Basic Materials,49911.0,7760.44
XTXXF,Phyto Extractions Inc,0.007,5,3,10,5,3,2,2,30,-15.0,18.0,Broken,Avoid/exit,26,0.0,0.0,-0.0,0.4,1,,Healthcare,39179.0,6.55
JSPRW,Jasper Therapeutics Inc,0.009,0,8,0,11,4,0,2,25,-5.0,18.0,Broken,Avoid/exit,25,-25.6,-9.1,-28.7,38.5,2,,nan,nan,15147.97
AURMF,Auris Minerals Limited,0.019,5,3,10,5,3,2,2,30,-15.0,18.0,Broken,Avoid/exit,30,0.0,0.0,-0.0,3.0,1,,Basic Materials,24445892.0,0.0
ECDP,Eco Depot Inc,0.018,3,13,4,3,4,2,2,31,-11.0,18.0,Broken,Avoid/exit,20,11.8,3.4,-3.0,44.7,2,,Real Estate,4412774.0,25607.35
ILHMF,International Lithium Corp,0.014,10,10,7,6,9,2,2,46,-28.0,18.0,Broken,Avoid/exit,45,0.7,16.9,6.6,53.0,3,,Basic Materials,4227159.0,75981.57
INNI,Innovaro Inc,0.018,4,6,8,10,4,2,2,36,-18.0,18.0,Broken,Avoid/exit,36,1.6,22.5,-1.0,48.4,3,,Financial Services,3933376.0,74101.73
SODE,Social Detention Inc,0.012,17,5,4,5,1,3,5,40,-22.0,18.0,Broken,Avoid/exit,39,52.4,52.4,16.9,60.7,2,7,Industrials,2496916.0,27314.36
MKGP,Maverick Energy Group Ltd,0.015,8,9,2,8,6,6,2,41,-21.0,18.0,Broken,Avoid/exit,64,0.0,48.0,6.3,53.0,3,,Energy,1846513.0,122794.38
FZMD,Fuse Medical Inc,0.02,6,3,7,3,3,1,2,25,-10.0,18.0,Broken,Avoid/exit,30,0.0,0.0,-1.2,38.0,0,,Healthcare,1477915.0,6849.39
BSTK,Brite-Strike Tactical Illumination Products Inc,0.015,7,4,2,4,3,3,2,25,-10.0,18.0,Broken,Avoid/exit,37,0.0,0.0,-5.5,27.4,0,,Industrials,1088252.0,6625.68
BCDS,Maxwell Resource,0.023,14,9,4,10,5,4,2,48,-30,18,Broken,Avoid/exit,50,-11.3,11.2,0.4,51.2,3,,Real Estate,21384220.0,6716767.31
KMSWF,Kingmaker Footwear Holdings Limited,0.04,5,3,9,6,3,2,2,30,-15.0,18.0,Broken,Avoid/exit,19,0.0,0.0,-0.0,0.0,1,,Consumer Cyclical,65639744.0,25.0
UNRG,United Energy Corp,0.039,8,10,8,5,0,2,2,35,-17.0,18.0,Broken,Avoid/exit,36,3.2,-7.1,-2.1,46.9,1,,Energy,22667196.0,623924.01
EGLXF,Enthusiast Gaming Holdings Inc.,0.032,5,10,6,3,0,2,3,29,-11.0,18.0,Broken,Avoid/exit,27,1.6,-7.1,-4.5,46.1,2,,Communication Services,5991102.0,57990.32
PFFOF,Portofino Resources Inc,0.035,10,4,4,6,3,1,2,30,-8.0,18.0,Broken,Avoid/exit,41,13.5,13.5,3.6,52.0,2,,Basic Materials,763531.0,1354.87
VRDR,Verde Resources Inc,0.046,0,1,4,9,2,0,2,18,0.0,18.0,Broken,Avoid/exit,16,-23.0,-24.0,-20.0,29.4,0,,Basic Materials,62606032.0,72850.92
MCRXF,Micro-X Limited,0.05,13,4,9,15,0,2,5,48,-30,18,Broken,Avoid/exit,56,35.1,66.7,38.9,86.3,3,,Healthcare,37616288.0,7119.13
EDBLW,Edible Garden AG Incorporated,0.042,5,15,5,7,3,6,2,43,-23.0,18.0,Broken,Avoid/exit,26,4.5,87.8,3.5,49.4,4,,nan,nan,12313.8
NKLXF,Nickelex Resource Corporation,0.054,4,6,10,4,3,1,2,30,-15.0,18.0,Broken,Avoid/exit,15,0.0,0.0,-0.5,38.7,1,,Basic Materials,949403.0,2849.67
AITLF,Airtificial Intelligence Structures S.A,0.07,5,3,10,5,3,2,2,30,-15.0,18.0,Broken,Avoid/exit,18,0.0,0.0,-0.0,3.7,1,,Industrials,108286544.0,293.0
DYFSF,dynaCERT Inc,0.07,3,5,2,8,3,0,2,23,-5.0,18.0,Broken,Avoid/exit,14,-12.5,0.0,-9.2,33.3,1,,Industrials,37670056.0,17018.28
NRSNW,NeuroSense Therapeutics Ltd. Warrant,0.07,1,15,0,6,3,2,2,29,-11.0,18.0,Broken,Avoid/exit,17,-6.7,-30.0,-25.5,44.4,2,,nan,nan,0.0
FSHPR,Flag Ship Acquisition Corp. Right,0.067,5,7,5,6,4,0,2,29,-11.0,18.0,Broken,Avoid/exit,12,-1.6,-16.8,-11.2,45.1,0,,nan,nan,0.0
PCQRF,Petrolympic Ltd,0.08,5,5,3,6,6,3,2,30,-15.0,18.0,Broken,Avoid/exit,38,0.0,0.0,-2.5,45.0,1,,Energy,11351193.0,4593.0
SABOF,Sabio Holdings Inc.,0.077,3,3,5,4,3,5,2,25,-10.0,18.0,Broken,Avoid/exit,16,0.0,0.0,-3.8,0.1,0,,Communication Services,4220727.0,1392.59
SVGAF,Silver Grail Resources Ltd,0.08,3,4,6,4,3,3,2,25,-10.0,18.0,Broken,Avoid/exit,26,0.0,0.0,-3.4,34.8,0,,Basic Materials,3885206.0,11594.16
ESLAW,Estrella Immunopharma Inc.,0.078,1,12,2,3,5,4,2,29,-9.0,18.0,Broken,Avoid/exit,41,27.9,-3.1,-11.3,45.8,0,,Healthcare,nan,0.0
LKSGF,Luks Group (Vietnam Holdings) Company Limited,0.09,3,3,10,4,0,3,2,25,-10.0,18.0,Broken,Avoid/exit,0,0.0,0.0,-1.0,5.5,0,,Basic Materials,49757144.0,0.0
SRHYY,Syrah Resources Limited,0.096,5,4,2,7,0,2,5,25,-5.0,18.0,Broken,Avoid/exit,20,-15.9,6.1,-6.4,47.9,1,,Basic Materials,232192752.0,10392.81
OBTEF,Orbital Corporation Limited,0.094,6,4,9,4,0,3,2,28,-15.0,18.0,Broken,🔥 COILED: Avoid/exit,25,0.0,0.0,-11.8,47.2,1,,Industrials,16859824.0,0.0
TWRFF,Tower Resources Ltd,0.098,8,7,5,6,3,0,4,33,-15.0,18.0,Broken,Avoid/exit,19,-4.5,4.6,1.0,50.4,1,,Basic Materials,18135986.0,9578.95
GCPEF,GCL-Poly Energy Holdings Limited,0.11,10,7,4,10,5,2,5,43,-25.0,18.0,Broken,Avoid/exit,31,10.0,10.0,10.0,89.7,2,,Technology,3480774144.0,9107.75
BRRN,Born Inc,0.132,3,7,2,4,3,2,5,26,-8.0,18.0,Broken,Avoid/exit,33,0.2,-63.5,-21.3,42.6,1,,Financial Services,59624996.0,278.2
MAHN,Mid-Atlantic Home Health Network Inc,0.112,3,3,9,4,3,1,2,25,-10.0,18.0,Broken,Avoid/exit,23,0.0,0.0,-7.8,1.3,0,,Healthcare,30504660.0,152.89
CLOQ,Advanced Credit Technologies Inc,0.146,4,4,3,5,3,2,2,23,-10.0,18.0,Broken,Avoid/exit,34,-2.7,0.0,-6.5,46.0,0,,Technology,23383400.0,3749.51
HWAL,Hollywall Entertainment Inc,0.118,9,6,5,11,3,2,2,38,-20.0,18.0,Broken,Avoid/exit,52,-21.3,18.0,-4.3,49.4,3,,Communication Services,17151742.0,114592.5
NRIS,Norris Industries Inc,0.148,12,4,7,13,3,4,5,48,-30,18,Broken,Avoid/exit,50,0.0,12.7,4.5,81.8,3,,Energy,15985723.0,502.41
ARJNF,Trinity One Metals Ltd.,0.118,5,8,4,7,6,6,2,38,-20.0,18.0,Broken,Avoid/exit,34,0.0,30.1,-0.9,46.1,3,,Basic Materials,9749057.0,7607.71
STXPF,Stuhini Exploration Ltd,0.124,9,4,6,12,3,4,3,41,-23.0,18.0,Broken,Avoid/exit,51,-2.7,-6.1,-2.4,45.5,1,,Basic Materials,7176729.0,15587.72
BOTY,Lingerie Fighting Championships Inc,0.1,7,11,13,5,4,2,5,47,-27,18,Broken,Avoid/exit,30,33.3,40.6,27.3,60.6,3,,Communication Services,191293.0,2617.33
SBNY,Signature Bank,0.16,1,7,0,8,3,2,2,23,-5.0,18.0,Broken,Avoid/exit,14,14.3,-50.0,-39.2,32.6,1,,Financial Services,59825336.0,121242.14
NLIBF,NOA Lithium Brines Inc.,0.15,3,11,2,5,3,4,2,30,-8.0,18.0,Broken,Avoid/exit,32,0.0,-10.7,-4.9,26.7,0,,Basic Materials,41137052.0,8224.48
APMCF,Morien Resources Corp,0.15,15,5,3,10,6,4,5,48,-30,18,Broken,Avoid/exit,42,0.0,15.4,6.8,85.9,3,,Energy,9027134.0,10560.6
LTFD,Littlefield Corporation,0.15,3,3,9,5,3,5,2,30,-15.0,18.0,Broken,Avoid/exit,24,0.0,0.0,-1.0,1.6,1,,Consumer Cyclical,2609959.0,96.96
BYMAF,Bolsas y Mercados Argentinos S.A.,0.22,8,6,11,6,3,2,2,38,-23.0,18.0,Broken,Avoid/exit,42,0.0,0.0,0.0,90.7,0,,Financial Services,1675543808.0,2.0
ECGFF,EcoGraf Limited,0.2,7,3,10,6,0,2,2,30,-15.0,18.0,Broken,Avoid/exit,39,0.0,0.0,-0.0,29.5,1,,Basic Materials,92310240.0,79.47
NCAUF,Newcore Gold Ltd,0.244,5,6,6,7,2,4,5,35,-15.0,18.0,Broken,Avoid/exit,17,-3.2,-0.9,1.1,50.7,1,,Basic Materials,76579168.0,99276.62
CHUC,Charlie's Holdings Inc.,0.22,11,10,3,1,3,0,5,33,-13.0,18.0,Broken,Avoid/exit,25,0.1,-11.9,1.5,51.7,0,,Consumer Defensive,61721716.0,98336.0
CANOF,California Nanotechnologies Corp,0.215,4,4,2,8,3,0,2,23,-5.0,18.0,Broken,Avoid/exit,34,-2.3,-2.3,-5.3,43.0,1,,Basic Materials,10054402.0,19786.81
AMCOF,Americore Resources Corp,0.248,10,8,6,7,3,2,5,41,-23.0,18.0,Broken,Avoid/exit,29,-1.2,-0.6,6.7,59.3,1,,Basic Materials,5737422.0,108984.69
CRANR,Crane Harbor Acquisition Corp. II Rights,0.205,2,7,1,8,6,0,2,26,-8.0,18.0,Broken,Avoid/exit,32,-10.8,-18.0,-6.8,43.1,1,,nan,nan,0.0
CXXIF,C21 Investments Inc,0.265,12,6,4,10,3,0,5,40,-20.0,18.0,Broken,Avoid/exit,36,-2.3,9.4,5.6,57.1,3,,Healthcare,31414356.0,111970.91
RSASF,RESAAS Services Inc,0.28,5,7,3,3,3,2,2,25,-10.0,18.0,Broken,Avoid/exit,20,-3.4,-3.4,-3.6,45.7,0,,Technology,26051470.0,12687.54
GCAN,Greater Cannabis Company Inc,0.25,3,11,1,4,3,2,2,26,-8.0,18.0,Broken,Avoid/exit,51,-0.1,8.6,-2.4,49.1,1,,Healthcare,200864.0,3565.21
FFLO,Free Flow Inc,0.348,17,5,4,9,3,2,5,45,-27,18,Broken,Avoid/exit,58,330.7,330.7,114.4,100.0,2,3,Consumer Cyclical,10788000.0,146.9
DLXY,Delixy Holdings Limited Ordinary Shares,0.375,1,3,8,7,2,0,2,23,-5.0,18.0,Broken,Avoid/exit,25,-10.7,-8.3,-6.4,41.6,1,,Energy,6131250.0,1177069.31
SAGMF,Saga Metals Corp.,0.35,7,8,8,5,3,3,5,39,-21.0,18.0,Broken,Avoid/exit,22,-2.5,3.4,-0.3,49.7,1,,nan,nan,204730.82
CHKIF,China Southern Airlines Company Limited,0.42,5,9,3,0,5,2,2,26,-8.0,18.0,Broken,Avoid/exit,25,2.4,2.4,0.1,45.0,1,,Industrials,6779055104.0,34827.06
IGCRF,Integrated Quantum Technologies Inc.,0.433,8,6,8,4,0,4,3,33,-15.0,18.0,Broken,Avoid/exit,29,-6.4,2.1,-4.5,44.9,1,,Technology,36316008.0,11249.97
CNQQF,Clean Teq Water Ltd,0.55,8,10,3,6,6,0,5,38,-18.0,18.0,Broken,Avoid/exit,58,-12.7,-5.2,8.9,55.8,1,,Utilities,48862160.0,6132.05
APEUF,Atlas Engineered Products Ltd,0.474,12,2,3,4,6,1,5,33,-15.0,18.0,Broken,Avoid/exit,35,-5.2,-6.9,0.4,53.6,1,,Industrials,33417354.0,14577.85
LFACW,Leapfrog Acquisition Corporation Warrants,0.494,4,9,2,5,4,2,2,28,-8.0,18.0,Broken,Avoid/exit,21,20.5,7.2,-9.5,48.8,0,,nan,1930174.0,0.0
MANOF,Manolete Partners Plc,0.526,1,6,6,3,6,1,2,25,-10.0,18.0,Broken,Avoid/exit,27,0.0,0.0,-1.6,31.2,0,,Industrials,23114626.0,979.25
EVGN,Evogene,0.538,3,5,2,6,7,0,5,28,-15.0,18.0,Broken,🔥 COILED: Avoid/exit,24,-3.9,-17.2,-5.5,46.0,1,,Healthcare,8682873.0,761217.34
GPRO,GoPro Inc,0.605,3,12,4,0,4,4,2,29,-11.0,18.0,Broken,Avoid/exit,12,-1.6,-4.3,-5.6,41.9,1,,Technology,110130680.0,5541411.91
ACCFF,Accord Financial Corp,0.607,7,3,8,6,3,1,2,30,-15.0,18.0,Broken,Avoid/exit,21,0.0,0.0,-0.1,4.1,1,,Financial Services,5194404.0,148.5
RBLK,"Related Blocks, Inc.",0.6,6,4,8,2,3,0,2,25,-10.0,18.0,Broken,Avoid/exit,30,0.0,0.0,-1.0,38.5,0,,Financial Services,357961.0,374.23
OFSTF,Carbon Streaming Corp,0.649,9,3,0,11,3,0,2,28,-10.0,18.0,Broken,Avoid/exit,45,6.2,2.6,-1.2,49.3,1,,Financial Services,32869566.0,9106.25
FGRMAX,FGRMAX,0.697,4,8,5,6,0,3,2,28,-10.0,18.0,Broken,Avoid/exit,20,-0.1,-0.1,-0.8,14.6,0,,nan,nan,0.0
VRME,VerifyMe Inc,0.705,12,6,8,4,5,3,2,40,-25.0,18.0,Broken,🔥 COILED: Avoid/exit,42,0.7,2.1,0.9,52.6,1,,Industrials,9498689.0,1340211.53
BGOPF,Bango plc,0.83,5,3,10,5,3,2,2,30,-15.0,18.0,Broken,Avoid/exit,30,0.0,0.0,-0.0,0.0,1,,Technology,63953844.0,142.67
SEED,Origin Agritech Ltd,0.987,2,4,7,11,5,0,2,31,-13.0,18.0,Broken,Avoid/exit,34,-3.2,-6.0,-2.9,42.8,1,,Basic Materials,12037576.0,91568.06
CJPXX,JPMorgan Trust I - JPMorgan Prime Money Market Fund,1.0,3,6,3,6,3,2,2,25,-10.0,18.0,Broken,Avoid/exit,34,0.0,0.0,-0.0,42.6,0,,nan,nan,0.0
PRSXX,Money Market Obligations Trust - Federated Institutional Prime Obligations Fund,1.0,4,4,3,6,4,2,2,25,-10.0,18.0,Broken,Avoid/exit,32,-0.0,-0.0,-0.0,42.3,0,,nan,nan,0.0
HLOGF,Helium One Global Ltd,0.006,11,6,4,6,1,0,5,33,-16.0,17.0,Broken,Avoid/exit,28,-6.0,-4.5,3.7,51.1,0,,Energy,79860768.0,420107.48
CKDXF,Opthea Ltd,0.01,6,3,9,5,3,1,2,29,-15.0,17.0,Broken,Avoid/exit,15,0.0,0.0,-12.5,0.0,1,,Healthcare,13679781.0,256.5
APGI,American Pwr Group,0.008,3,9,2,2,8,2,2,28,-11.0,17.0,Broken,Avoid/exit,25,2.5,2.5,-11.0,42.4,2,,Industrials,9183824.0,44044.67
IRNRF,Iron Road Limited,0.01,5,3,10,4,3,2,2,29,-15.0,17.0,Broken,Avoid/exit,22,0.0,0.0,-0.0,0.0,1,,Basic Materials,8653986.0,986.23
MMTIF,Micromem Technologies Inc,0.011,1,9,2,6,3,2,2,25,-8.0,17.0,Broken,Avoid/exit,23,6.0,6.0,-19.7,29.9,0,,Technology,6490996.0,485833.95
MBAK,MBAK Energy Solutions Inc.,0.002,4,9,1,5,4,2,2,27,-8.0,17.0,Broken,Avoid/exit,26,5.3,-9.1,-7.6,41.6,1,,Consumer Cyclical,5809163.0,3268781.45
BLIS,Treasure & Shipwreck Recovery Inc,0.009,4,7,7,10,0,0,2,30,-13.0,17.0,Broken,Avoid/exit,19,-35.0,1.1,-13.0,43.9,1,,Industrials,4666922.0,759243.2
PIHLF,Pihlajalinna Oyj,0.01,3,5,7,6,3,3,2,29,-15.0,17.0,Broken,Avoid/exit,8,0.0,0.0,-87.1,0.0,1,,Consumer Cyclical,4442941.0,3501.0
OATN,O.A.T. Inc,0.004,7,6,7,4,3,2,3,32,-15.0,17.0,Broken,Avoid/exit,21,0.0,2.8,0.4,43.5,1,,Industrials,3646682.0,2683.87
BLIAQ,BB Liquidating Inc.,0.01,12,5,5,5,3,5,2,37,-23,17,Broken,Avoid/exit,49,809.1,809.1,41.9,53.9,3,7,Communication Services,2413075.0,16745.72
ATHHF,Athene Holding Ltd,0.009,12,5,5,2,1,1,5,31,-17.0,17.0,Broken,Avoid/exit,23,-5.5,-5.5,3.9,52.9,1,,Consumer Cyclical,880609.0,44170.85
NFEI,New Frontier Energy Inc,0.007,13,5,7,0,4,1,5,35,-18.0,17.0,Broken,Avoid/exit,43,0.0,0.0,8.9,71.6,1,,Financial Services,670506.0,16022.52
SKPO,Skye Petroleum Inc,0.002,3,14,2,2,3,4,2,30,-13.0,17.0,Broken,Avoid/exit,20,21.1,-4.2,-5.1,43.4,1,,Energy,499919.0,44685.0
MEHA,"Functional Brands, Inc. Common Stock",0.005,9,8,9,2,4,5,5,42,-28.0,17.0,Broken,Avoid/exit,28,19.0,8.7,0.5,41.4,3,,Consumer Defensive,324605.0,15453220.13
GXXM,Gex Management Inc,0.01,6,10,4,2,3,0,2,27,-10.0,17.0,Broken,Avoid/exit,26,-9.1,42.9,-4.9,46.8,2,,Industrials,1402.0,23735.65
ANGHW,Anghami Inc. Warrants,0.009,11,7,2,11,2,2,2,37,-18.0,17.0,Broken,Avoid/exit,34,17.6,27.9,0.4,49.2,3,,nan,nan,26056.08
CHDHF,Ev Dynamics (Holdings) Limited,0.021,4,6,8,5,3,1,2,29,-15.0,17.0,Broken,Avoid/exit,18,0.0,0.0,-5.6,21.0,1,,Consumer Cyclical,7433066.0,266.0
ARXRF,Infinite Ore Corp,0.012,6,9,5,2,1,2,2,27,-10.0,17.0,Broken,Avoid/exit,33,13.2,20.0,-0.2,49.8,2,,Basic Materials,3610657.0,357511.71
BPAIF,BrandPilot AI Inc.,0.017,9,12,5,6,4,2,5,43,-26,17,Broken,Avoid/exit,67,14.8,14.8,15.6,57.8,4,,Technology,2731414.0,17401.06
PDYNW,Palladyne AI Corp,0.012,8,14,4,4,3,2,2,37,-20.0,17.0,Broken,Avoid/exit,23,60.0,21.2,4.1,47.5,2,8,nan,nan,101731.13
LBSR,Liberty Star Uranium & Metals Corp,0.027,11,4,5,9,3,0,5,37,-20.0,17.0,Broken,Avoid/exit,34,-10.0,17.4,5.4,57.6,3,,Basic Materials,3390474.0,602660.08
DCHRF,Discovery Harbour Resources Corp,0.03,11,6,8,7,6,4,5,47,-30,17,Broken,Avoid/exit,45,0.0,10.7,6.6,93.7,3,,Basic Materials,3185750.0,757.28
LGVT,LGVT,0.024,4,8,1,0,6,2,2,23,-6.0,17.0,Broken,Avoid/exit,50,0.0,-21.0,-17.3,45.1,0,,Financial Services,nan,708.35
BLSTF,Blackstone Minerals Ltd,0.031,6,5,8,6,3,2,2,32,-15.0,17.0,Broken,Avoid/exit,37,0.0,0.0,-3.9,32.6,1,,Basic Materials,53371456.0,21089.59
BKUCF,Blue Sky Uranium Corp,0.038,12,6,3,2,1,3,5,32,-13.0,17.0,Broken,Avoid/exit,33,-5.0,-5.0,5.4,52.5,1,,Energy,15632321.0,288506.55
TBRIF,Therma Bright Inc,0.04,15,6,5,10,6,2,3,47,-30,17,Broken,Avoid/exit,53,11.1,14.3,6.1,65.6,3,,Healthcare,2449865.0,2068.31
ONMDW,OneMedNet Corp.,0.035,3,10,5,2,4,4,2,30,-11.0,17.0,Broken,Avoid/exit,24,10.4,-16.1,-2.7,48.3,1,,nan,nan,18520.41
GGCPF,Generic Gold Corporation,0.051,15,4,5,6,4,5,5,44,-30.0,17.0,Broken,Avoid/exit,37,0.0,14.1,3.0,56.6,3,,Basic Materials,3808979.0,8230.51
IHLDF,Immutable Holdings Inc.,0.044,14,9,8,5,4,2,5,47,-30,17,Broken,Avoid/exit,31,29.4,29.4,23.6,70.8,4,,Financial Services,3080059.0,2853.34
HCNWF,Hypercharge Networks Corp.,0.055,4,6,1,7,2,0,2,22,-5.0,17.0,Broken,Avoid/exit,26,-8.5,-10.0,-8.8,42.3,1,,Consumer Cyclical,7434034.0,40244.19
HEPA,Hepion Pharmaceuticals Inc,0.053,4,4,2,13,0,2,5,30,-13.0,17.0,Broken,Avoid/exit,25,-29.3,-24.3,-18.2,44.4,1,,Healthcare,5864255.0,21016.24
ENRT,Enertopia Corporatio,0.06,11,5,9,13,4,3,5,50,-29.0,17.0,Broken,Avoid/exit,29,32.9,65.2,20.5,60.6,3,,Basic Materials,618295.0,8163.43
NOUMF,Noumi Limited,0.07,12,6,11,6,3,2,2,42,-28.0,17.0,Broken,Avoid/exit,48,0.0,0.0,0.0,100.0,1,,Consumer Defensive,19397652.0,5.0
TEKCF,Tekcapital plc,0.066,5,3,5,5,3,1,2,24,-10.0,17.0,Broken,Avoid/exit,17,0.0,0.0,-0.2,0.0,0,,Financial Services,17025220.0,867.12
BTOW,GTFN Holdings Inc,0.07,12,6,11,6,3,2,2,42,-28.0,17.0,Broken,Avoid/exit,35,0.0,0.0,0.0,99.9,1,,Industrials,14935187.0,97.5
CELV,Preferred Commerce Inc,0.061,4,9,7,8,3,2,2,35,-18.0,17.0,Broken,Avoid/exit,29,-8.7,0.3,-7.7,45.6,1,,Consumer Defensive,8314825.0,36861.59
VYCO,Vycor Medical Inc,0.064,7,6,2,4,4,4,2,29,-10.0,17.0,Broken,Avoid/exit,33,-6.0,-7.4,-1.5,48.1,0,,Healthcare,1835504.0,7684.08
EGMLF,Engineer Gold Mines Ltd,0.064,3,3,10,5,3,3,2,29,-15.0,17.0,Broken,Avoid/exit,13,0.0,0.0,-1.8,2.1,1,,Basic Materials,1875790.0,1504.42
ALGLF,Alma Gold Inc,0.08,12,6,11,6,3,2,2,42,-28.0,17.0,Broken,Avoid/exit,51,0.0,0.0,0.0,100.0,1,,Basic Materials,4619623.0,719.04
UNLRF,PT Unilever Indonesia Tbk,0.106,15,6,6,7,4,2,2,42,-25.0,17.0,Broken,Avoid/exit,41,92.7,46.8,16.5,55.4,2,5,Consumer Defensive,3885480192.0,0.0
KBSR,KBS Real Estate Investment Trust III Inc,0.1,5,6,3,12,0,4,2,32,-15.0,17.0,Broken,Avoid/exit,27,53.8,-17.4,-10.3,35.5,1,10,nan,133664400.0,1220.0
ATVVF,Australian Vanadium Limited,0.136,15,6,6,7,4,4,5,47,-30.0,17.0,Broken,Avoid/exit,49,18.3,13.3,17.8,71.9,3,,Basic Materials,51078136.0,2271.64
NICLF,Class 1 Nickel and Technologies Limited,0.1,2,2,3,8,3,2,2,22,-5.0,17.0,Broken,Avoid/exit,31,-1.9,4.3,-5.7,39.1,1,,Basic Materials,20319326.0,13939.5
MILIF,Military Metals Corp.,0.135,1,3,3,7,4,2,2,22,-5.0,17.0,Broken,Avoid/exit,12,2.0,-9.7,-6.2,41.0,1,,Basic Materials,11222225.0,140833.22
ALHDF,Alco Holdings Limited,0.126,5,3,9,5,3,2,2,29,-15.0,17.0,Broken,Avoid/exit,24,0.0,0.0,-0.1,0.0,1,,Technology,7227965.0,0.0
SZZLR,Sizzle Acquisition Corp. II,0.14,2,2,1,8,2,0,2,17,0.0,17.0,Broken,Avoid/exit,12,-6.6,-22.2,-15.2,39.8,0,,nan,nan,0.0
NZERF,New Zealand Energy Corp,0.198,3,3,10,5,3,3,2,29,-15.0,17.0,Broken,Avoid/exit,22,0.0,0.0,-3.4,27.0,1,,Energy,11090232.0,988.14
FMHS,Farmhouse Inc,0.15,3,5,1,10,3,0,2,24,-3.0,17.0,Broken,Avoid/exit,25,-16.7,-18.9,-12.9,37.1,1,,Communication Services,2862213.0,2895.7
SKVI,Skinvisible Inc,0.18,4,5,8,4,0,4,2,27,-15.0,17.0,Broken,🔥 COILED: Avoid/exit,24,0.0,0.0,-2.8,41.7,1,,Consumer Defensive,972691.0,730.82
IXRRF,Ionic Rare Earths Limited,0.215,7,11,9,1,0,2,5,35,-18.0,17.0,Broken,Avoid/exit,44,5.9,7.3,1.5,49.4,2,,Basic Materials,58458468.0,24167.2
GRLMF,GreenLight Metals Inc.,0.229,9,10,5,9,3,4,5,45,-28,17,Broken,Avoid/exit,40,6.4,22.1,8.4,58.5,3,,Basic Materials,22327964.0,31677.48
SCAG,Scage Future American Depositary Shares,0.295,3,10,4,2,4,2,2,27,-11.0,17.0,Broken,Avoid/exit,23,5.6,-13.9,-6.0,42.7,2,,Industrials,20592100.0,1485647.57
STRPF,Starr Peak Exploration Ltd,0.263,4,8,4,10,3,0,5,34,-20.0,17.0,Broken,Avoid/exit,21,-7.8,16.5,-1.8,47.5,3,,Basic Materials,15831111.0,12647.5
CLSKW,"CleanSpark, Inc. Warrant",0.274,6,13,2,4,4,2,2,33,-12.0,17.0,Broken,Avoid/exit,28,-5.2,1.5,-2.6,47.4,0,,nan,nan,135476.7
IESVF,Invinity Energy Systems plc,0.325,9,7,6,5,2,0,3,32,-15.0,17.0,Broken,Avoid/exit,23,-4.8,-1.3,-2.0,45.3,1,,Industrials,185082320.0,20885.28
MGROF,Mustgrow Biologics Corp,0.337,15,4,5,15,1,4,5,49,-30,17,Broken,Avoid/exit,38,8.7,10.9,10.3,61.9,3,,Basic Materials,23724800.0,3149.82
INVLW,"Innventure, Inc.",0.35,1,10,0,5,3,4,2,25,-8.0,17.0,Broken,Avoid/exit,19,16.7,-65.0,-34.8,38.3,1,,nan,nan,14919.49
SFES,Safeguard Scientifics Inc,0.39,3,11,5,3,3,2,2,29,-13.0,17.0,Broken,Avoid/exit,18,2.6,2.6,-0.6,47.1,1,,Financial Services,6521968.0,22114.51
NGCRF,Nagacorp Ltd,0.44,5,6,6,6,0,3,3,29,-8.0,17.0,Broken,Avoid/exit,26,0.0,-4.3,-2.8,44.3,0,,Consumer Cyclical,2221225728.0,0.0
ASWRF,Gungnir Resources Inc,0.545,12,3,5,12,3,2,5,42,-30.0,17.0,Broken,Avoid/exit,53,-13.4,11.6,-0.0,54.2,3,,Basic Materials,3213741.0,0.0
ZHSHF,Zhongsheng Group Holdings Limited,0.56,3,3,9,6,3,3,2,29,-15.0,17.0,Broken,Avoid/exit,19,0.0,0.0,-3.6,38.7,1,,Consumer Cyclical,1325516544.0,31.0
DYNDF,Dye & Durham Limited,0.55,3,9,6,4,4,2,2,30,-13.0,17.0,Broken,Avoid/exit,11,-3.5,-11.3,-11.9,32.1,1,,Technology,36950300.0,28827.87
FITGF,FIT Hon Teng Limited,0.633,3,9,5,1,2,2,3,25,-8.0,17.0,Broken,Avoid/exit,16,-4.8,-8.1,-5.5,41.7,0,,Technology,4501467648.0,5128.44
TABCF,Tabcorp Holdings Limited,0.63,3,4,3,5,3,7,2,27,-10.0,17.0,Broken,Avoid/exit,26,0.0,0.0,-4.3,0.6,0,,Consumer Cyclical,1544279040.0,0.0
CYSNF,C-Com Satellite Systems Inc,0.605,3,12,2,3,5,0,2,27,-10.0,17.0,Broken,Avoid/exit,23,-3.7,-3.9,-2.4,45.3,1,,Technology,25579974.0,5802.63
VNTG,Vantage Corp,0.618,4,9,4,5,2,6,2,32,-15.0,17.0,Broken,Avoid/exit,20,-0.4,-8.1,-3.5,42.1,1,,Industrials,19091798.0,260714.07
PCWLF,PCCW Limited,0.68,3,9,3,0,3,6,2,26,-8.0,17.0,Broken,Avoid/exit,20,0.0,-3.4,-1.9,46.2,0,,Communication Services,5191001088.0,1727.37
GCL,GCL Global Holdings Ltd Ordinary Shares,0.675,15,10,4,6,7,2,5,49,-30,17,Broken,Avoid/exit,47,-10.0,39.8,12.0,58.2,3,,Communication Services,77509272.0,1290423.23
AKBIF,Akebono Brake Industry Co. Ltd,0.724,12,6,11,6,3,2,2,42,-28.0,17.0,Broken,Avoid/exit,49,0.0,0.0,0.0,100.0,1,,Consumer Cyclical,215922576.0,22.0
ACHFF,Arch Biopartners Inc,0.73,13,5,3,12,5,0,5,43,-26.0,17.0,Broken,Avoid/exit,54,2.8,-5.8,0.0,52.3,1,,Healthcare,48572300.0,28877.9
ESLA,Estrella Immunopharma Inc.,0.722,6,8,8,4,2,6,2,36,-19.0,17.0,Broken,Avoid/exit,14,-3.1,-0.4,-3.0,41.0,1,,Healthcare,31753442.0,117230.25
RZLVW,Rezolve AI Limited Warrants,0.806,12,12,4,4,3,2,3,40,-23.0,17.0,Broken,Avoid/exit,33,13.5,11.2,7.4,55.9,3,,nan,nan,31620.54
HYFM,Hydrofarm Holdings Group Inc,0.89,5,12,1,3,4,2,5,32,-13.0,17.0,Broken,Avoid/exit,27,-15.2,-50.6,-21.8,42.7,1,,Industrials,4222691.0,859393.18
BADEF,Bald Eagle Gold Corp.,0.915,13,3,3,14,3,4,5,45,-28.0,17.0,Broken,Avoid/exit,61,-2.4,4.9,10.0,63.3,1,,Basic Materials,336177632.0,227184.44
MRM,Medirom Healthcare Technologies Inc,0.94,0,4,1,8,2,0,2,17,0.0,17.0,Broken,Avoid/exit,28,-6.5,-7.8,-4.4,42.3,0,,Consumer Cyclical,7428624.0,253536.07
JUGRF,Juggernaut Exploration Ltd,1.0,15,6,7,9,3,2,5,47,-30,17,Broken,Avoid/exit,61,1.0,14.9,6.6,62.4,3,,Basic Materials,51045492.0,27610.0
MAMO,Massimo Group Common Stock,1.0,6,6,3,1,3,4,2,25,-8.0,17.0,Broken,Avoid/exit,27,-2.0,-3.0,-1.9,46.7,0,,Consumer Cyclical,41640952.0,715779.25
ZCMD,Zhongchao Inc,0.97,4,8,4,6,3,2,2,29,-13.0,17.0,Broken,Avoid/exit,29,1.0,-5.8,-7.1,46.7,2,,Healthcare,4957584.0,2046209.24
SBNYL,Signature Bank,1.0,2,5,2,8,0,0,2,19,0.0,17.0,Broken,Avoid/exit,23,-16.7,-16.7,-17.0,43.3,0,,Financial Services,nan,40901.2
CHMX,NEXT-ChemX Corporation,0.001,10,8,6,8,3,1,5,41,-24.5,16.5,Broken,Avoid/exit,22,16.7,16.7,24.2,69.3,3,,Industrials,39965.0,95.24
ABCFF,Abacus Mining & Exploration Corporation,0.02,9,10,4,11,4,2,2,42,-25.5,16.5,Broken,Avoid/exit,32,0.0,100.0,29.9,53.9,4,,Basic Materials,3749125.0,49635.0
APCXW,AppTech Payments Corp. Warrant,0.1,8,4,4,14,1,6,5,42,-25.5,16.5,Broken,Avoid/exit,35,17.6,562.3,25.4,51.7,3,,nan,nan,0.0
DGTHF,DGTL Holdings Inc,0.006,3,3,9,4,0,7,2,28,-15.0,16.0,Broken,Avoid/exit,9,0.0,0.0,-23.1,0.0,1,,Communication Services,14369180.0,10.0
DGGXF,DigitalX Limited,0.008,0,2,1,8,3,0,2,16,0.0,16.0,Broken,Avoid/exit,28,-64.3,-65.9,-49.0,28.9,0,,Technology,10471935.0,17850.91
OXBOF,Oxford BioDynamics Plc,0.002,3,6,3,6,3,3,2,26,-10.0,16.0,Broken,Avoid/exit,29,6.7,6.7,-7.8,25.3,0,,Healthcare,6865457.0,15534.52
CIMG,CIMG Inc.,0.003,5,8,3,4,2,2,2,26,-8.0,16.0,Broken,Avoid/exit,14,-22.5,-22.5,-26.0,34.0,0,,Consumer Defensive,5880903.0,727526.81
NSBBF,NorthStar Gaming Holdings Inc.,0.01,16,5,5,5,4,3,5,43,-27,16,Broken,Avoid/exit,33,225.8,225.8,43.3,65.1,3,3,Consumer Cyclical,2088323.0,10434.84
RLLVF,Relevium Technologies Inc,0.006,2,4,10,6,0,2,2,26,-15.0,16.0,Broken,🔥 COILED: Avoid/exit,27,0.0,0.0,0.0,50.0,1,,Healthcare,1976954.0,1.72
DAZD,"Dazed, Inc.",0.002,8,7,1,11,1,6,2,36,-20.0,16.0,Broken,Avoid/exit,50,25.0,50.0,-2.1,49.0,3,,Consumer Defensive,1242898.0,668201.63
RIHT,Rightscorp Inc,0.003,5,4,8,0,3,1,5,26,-15.0,16.0,Broken,🔥 COILED: Avoid/exit,27,0.0,0.0,-0.9,44.4,1,,Technology,789891.0,61021.55
SMPP,Strategic Management and Opportunity Corporation,0.004,3,4,3,6,3,5,2,26,-15.0,16.0,Broken,🔥 COILED: Avoid/exit,35,0.0,0.0,-38.6,48.3,1,,Financial Services,663443.0,108.14
CDSG,China Dongsheng International Inc,0.002,7,4,5,6,7,2,5,36,-20.0,16.0,Broken,Avoid/exit,38,0.0,-17.9,1.1,52.1,0,,Financial Services,492635.0,363662.71
NIHK,Video River Networks,0.002,6,7,0,4,0,7,2,26,-10.0,16.0,Broken,Avoid/exit,18,0.0,0.0,-12.6,46.0,0,,Financial Services,382978.0,77323.31
MONGF,Montego Resources Inc,0.008,4,3,9,5,3,2,2,28,-15.0,16.0,Broken,Avoid/exit,13,0.0,0.0,-1.0,0.0,1,,Basic Materials,290834.0,7.5
SLMFF,Solis Minerals Ltd,0.002,6,3,10,5,0,2,2,28,-15.0,16.0,Broken,Avoid/exit,24,0.0,0.0,-0.1,19.7,1,,Basic Materials,277922.0,2054.22
FCHS,First Choice Healthc,0.008,11,5,1,6,3,0,2,28,-15.0,16.0,Broken,Avoid/exit,32,-11.1,0.0,-6.1,48.1,1,,Healthcare,263667.0,20317.59
WWTIF,Water Ways Technologies Inc,0.01,3,3,9,5,3,3,2,28,-15.0,16.0,Broken,Avoid/exit,16,0.0,0.0,-9.9,0.0,1,,Industrials,148785.0,146.62
REEAF,REE Automotive Ltd.,0.004,7,8,7,6,3,6,2,39,-23.0,16.0,Broken,Avoid/exit,10,0.0,-2.4,-70.1,18.5,1,,Consumer Cyclical,116497.0,158669.64
AFFU,Affluence Corporation,0.006,0,3,5,10,0,4,3,25,-5.0,16.0,Broken,Avoid/exit,17,-45.5,-45.5,-33.1,40.8,1,,Technology,85357.0,33190471.69
CNMVF,Canoe Mining Ventures Corp,0.002,4,3,9,5,3,2,2,28,-15.0,16.0,Broken,Avoid/exit,18,0.0,0.0,-9.7,21.1,1,,Basic Materials,57024.0,2553.7
PKBFF,PeakBirch Logic Inc,0.003,2,4,10,6,0,2,2,26,-15.0,16.0,Broken,🔥 COILED: Avoid/exit,26,0.0,0.0,0.0,50.0,1,,Healthcare,24976.0,0.0
GGROW,Gogoro Equity Warrant Exp 4th April 2027,0.005,2,3,0,9,0,2,2,18,0.0,16.0,Broken,Avoid/exit,22,-18.0,-28.6,-24.5,42.3,0,,nan,nan,19800.02
NEWH,Newhydrogen Inc,0.016,1,6,7,9,4,2,2,31,-13.0,16.0,Broken,Avoid/exit,16,-7.7,-1.9,-3.6,46.2,0,,Industrials,13197676.0,1753226.68
SUNYF,Sunshine Oilsands Ltd,0.012,3,3,8,5,0,7,2,28,-15.0,16.0,Broken,Avoid/exit,12,0.0,0.0,-8.3,1.0,1,,Energy,8180576.0,3848.62
SNBR,Sleep Number Corp,0.02,6,7,4,5,2,7,2,33,-15.0,16.0,Broken,Avoid/exit,16,19.3,2.5,-27.2,35.0,1,,Consumer Cyclical,2881125.0,8644450.01
YOOIF,YANGAROO Inc,0.015,3,4,0,8,0,2,2,19,-3.0,16.0,Broken,Avoid/exit,18,-25.0,-25.0,-47.0,43.7,0,,Communication Services,2543058.0,2013.2
AOECF,Aferian Plc,0.012,5,3,10,6,0,2,2,28,-15.0,16.0,Broken,Avoid/exit,24,0.0,0.0,-0.0,0.0,1,,Communication Services,1390151.0,0.0
DCNNF,Canadian Palladium Resources Inc,0.017,10,6,6,7,2,3,4,38,-25.0,16.0,Broken,Avoid/exit,26,20.6,11.1,1.1,50.1,3,,Basic Materials,846137.0,32531.97
GENPF,Genix Pharmaceuticals Corporation,0.014,4,3,9,4,3,3,2,28,-15.0,16.0,Broken,Avoid/exit,29,0.0,0.0,-0.2,29.8,1,,Healthcare,844893.0,66.95
TYPTF,Entropy Neurodynamics Limited,0.025,17,7,4,5,5,2,2,42,-26,16,Broken,Avoid/exit,52,233.3,-28.2,48.7,55.8,0,2,Healthcare,40839844.0,41414.42
NAUH,National American University Holdings Inc,0.03,0,3,2,8,3,0,2,18,2.0,16.0,Broken,Avoid/exit,18,-25.0,-25.0,-9.7,35.2,0,,Consumer Defensive,741452.0,883.17
BFRIW,Biofrontera Inc. Warrants,0.028,3,9,3,5,3,4,2,29,-13.0,16.0,Broken,Avoid/exit,20,-3.4,-4.1,-6.4,45.9,2,,nan,nan,0.0
UBYHD,Longevity Diversified Holdings Inc,0.024,3,8,1,0,6,2,2,22,-6.0,16.0,Broken,Avoid/exit,46,0.0,-21.0,-18.2,44.5,0,,Financial Services,nan,708.35
MITI,Mitesco Inc,0.04,4,10,6,12,3,2,2,39,-23.0,16.0,Broken,Avoid/exit,22,0.0,33.3,1.0,47.3,4,,Technology,1935711.0,114359.0
MRIRF,BMEX Gold Inc,0.034,3,6,9,4,3,1,2,28,-15.0,16.0,Broken,Avoid/exit,21,0.0,0.0,-2.2,33.3,1,,Basic Materials,569836.0,164.82
FRTCF,Far East Consortium International Limited,0.049,5,3,10,6,0,2,2,28,-15.0,16.0,Broken,Avoid/exit,25,0.0,0.0,-0.0,0.0,1,,Real Estate,189354608.0,0.0
TMPPF,Times China Holdings Limited,0.05,2,4,10,6,0,2,2,26,-15.0,16.0,Broken,🔥 COILED: Avoid/exit,26,0.0,0.0,0.0,50.0,1,,Real Estate,149634624.0,300.0
RSNUF,Renascor Resources Limited,0.045,6,1,2,5,6,4,2,26,-10.0,16.0,Broken,Avoid/exit,36,-12.5,-12.5,-7.3,32.5,0,,Basic Materials,115344568.0,2845.48
NUZTF,Neurizon Therapeutics Limited,0.045,3,6,8,5,3,1,2,28,-15.0,16.0,Broken,Avoid/exit,25,0.0,0.0,-2.4,35.5,1,,Healthcare,35603388.0,496.5
TORVF,Saint Jean Carbon Inc,0.044,2,6,6,4,3,2,5,28,-13.0,16.0,Broken,Avoid/exit,35,1.4,-10.8,-9.2,43.5,0,,Basic Materials,13245784.0,159052.38
KDAGF,KDAGF,0.048,7,3,3,4,4,0,2,23,-10.0,16.0,Broken,Avoid/exit,15,0.0,-9.7,-3.3,46.3,0,,nan,11352881.0,1395.61
AMYZF,American Manganese Inc,0.043,0,6,5,10,4,0,2,27,-11.0,16.0,Broken,Avoid/exit,23,-3.6,-9.6,-3.0,45.6,0,,Basic Materials,11136748.0,145549.57
CYNXF,Cyon Exploration Ltd,0.042,3,6,9,4,3,1,2,28,-15.0,16.0,Broken,Avoid/exit,21,0.0,0.0,-2.7,38.0,1,,Basic Materials,953648.0,1557.31
IRIG,Integrated Drilling Equipment Holdings Corp,0.05,2,4,10,6,0,2,2,26,-15.0,16.0,Broken,🔥 COILED: Avoid/exit,27,0.0,0.0,0.0,50.0,1,,Energy,440495.0,207.6
IMCI,"Infinite Group, Inc. Common Stock",0.045,5,3,10,6,0,2,2,28,-15.0,16.0,Broken,Avoid/exit,24,0.0,0.0,-0.0,36.6,1,,Technology,23452.0,478.22
TAOIF,TAG Oil Ltd.,0.07,17,6,4,5,6,3,5,46,-30,16,Broken,Avoid/exit,50,16.7,40.0,12.4,64.1,3,,Energy,23509942.0,56773.44
RLBY,Reliability Incorporated,0.062,2,3,3,4,3,4,2,21,-10.0,16.0,Broken,Avoid/exit,44,-29.8,-7.9,-20.8,40.5,0,,Industrials,18600000.0,15620.93
SCLTF,Searchlight Resources Inc,0.07,6,4,5,4,1,3,5,28,-12.0,16.0,Broken,Avoid/exit,23,6.1,0.1,-2.8,47.5,0,,Basic Materials,3341540.0,31629.57
FVTI,Fortune Valley Treasures Inc,0.063,3,3,1,7,5,0,2,21,-5.0,16.0,Broken,Avoid/exit,40,0.0,-10.7,-3.8,24.0,1,,Consumer Defensive,981570.0,102.08
GSNC,Global eScience Corp,0.09,2,4,10,6,0,2,2,26,-15.0,16.0,Broken,🔥 COILED: Avoid/exit,27,0.0,0.0,0.0,50.0,1,,Communication Services,2878200.0,40.5
TSGO,"Trade School Go, Inc.",0.09,4,12,4,2,0,2,2,26,-13.0,16.0,Broken,Avoid/exit,19,11.1,0.0,-3.6,43.2,1,,Consumer Defensive,245289.0,2729.38
FBRKD,FBRKD,0.094,4,3,1,8,3,0,2,21,-5.0,16.0,Broken,Avoid/exit,48,-4.4,-30.4,-18.4,40.6,1,,Real Estate,16391698.0,5136.22
THURF,Thunderstruck Resources Ltd,0.091,5,7,2,4,5,4,2,29,-13.0,16.0,Broken,Avoid/exit,43,13.9,-8.9,-1.7,45.0,1,,Basic Materials,6473876.0,1969.33
STIFF,Plaid Technologies Inc.,0.091,3,4,10,6,0,1,2,26,-15.0,16.0,Broken,🔥 COILED: Avoid/exit,25,0.0,0.0,-2.0,46.0,1,,Consumer Defensive,6156867.0,157.83
MAPPF,ProStar Holdings Inc,0.131,6,6,8,6,4,4,4,38,-25.0,16.0,Broken,Avoid/exit,53,-8.3,-8.5,-4.7,41.9,1,,Technology,21134296.0,62950.57
DMEHF,Desert Mountain Energy Corp,0.137,3,14,6,0,4,2,2,31,-13.0,16.0,Broken,Avoid/exit,21,4.6,-2.8,-0.8,45.4,2,,Energy,13688874.0,180459.22
APHP,American Picture House Corp,0.1,0,3,3,8,0,0,2,16,0.0,16.0,Broken,Avoid/exit,27,-16.7,-16.7,-9.3,32.7,0,,Communication Services,11469193.0,6991.27
OECPF,Oracle Energy Corp,0.1,5,3,10,6,0,2,2,28,-15.0,16.0,Broken,Avoid/exit,22,0.0,0.0,-0.0,4.3,1,,Energy,4730068.0,46.85
SGNI,StemGen Inc,0.1,2,4,10,6,0,2,2,26,-15.0,16.0,Broken,🔥 COILED: Avoid/exit,27,0.0,0.0,0.0,50.0,1,,Communication Services,4567106.0,0.12
NXSGF,Nexus Gold Corp.,0.1,11,11,6,9,3,2,5,47,-27,16,Broken,Avoid/exit,48,222.6,222.6,131.1,73.0,4,3,Basic Materials,2400512.0,474.05
LINMD,Linear Minerals Corp.,0.114,8,4,2,12,3,2,2,33,-15.0,16.0,Broken,Avoid/exit,47,-4.8,-10.9,-5.5,49.4,2,,Basic Materials,1580702.0,6579.08
FLYX-WT,"flyExclusive, Inc. WT",0.125,1,10,1,5,3,0,2,22,-6.0,16.0,Broken,Avoid/exit,22,-16.3,-50.0,-41.8,40.3,0,,nan,nan,0.0
OPENL,OPENDOOR TECHNOLOGIES INC SERIES A,0.125,6,10,2,0,2,2,2,24,-8.0,16.0,Broken,Avoid/exit,18,-2.3,-19.3,-15.7,35.0,1,,nan,nan,0.0
TPSRF,Topsports International Holdings Limited,0.155,3,2,5,5,3,2,3,23,-10.0,16.0,Broken,Avoid/exit,9,0.0,-8.8,-7.0,31.4,0,,Consumer Cyclical,961189440.0,16154.67
LTCH,Latch Inc,0.151,3,3,1,8,2,0,2,19,-3.0,16.0,Broken,Avoid/exit,24,-9.8,-0.2,-7.9,47.0,1,,Technology,26504992.0,46882.65
LPKGF,Lupaka Gold Corp,0.199,11,5,3,5,6,3,5,38,-27,16,Broken,🔥 COILED: Avoid/exit,19,386.1,386.1,24.5,52.3,3,3,Basic Materials,4848527.0,1110.1
GXPLF,GXPLF,0.154,0,2,1,9,0,0,2,14,2.0,16.0,Broken,Avoid/exit,8,-10.4,-29.7,-14.9,34.8,0,,Real Estate,nan,4564.93
NXXT,NextNRG Inc.,0.236,4,8,5,4,2,2,2,27,-11.0,16.0,Broken,Avoid/exit,25,3.9,-26.7,-8.6,41.6,2,,Utilities,40019952.0,7516765.5
IMUC,ImmunoCellular Therapeutics Ltd,0.2,8,5,5,5,3,3,5,34,-23.0,16.0,Broken,🔥 COILED: Avoid/exit,47,51.5,-16.0,4.5,51.2,0,7,Healthcare,25300574.0,4371.43
BDLNF,Badlands Resources Inc,0.204,3,7,3,3,3,3,2,24,-8.0,16.0,Broken,Avoid/exit,43,1.7,-11.3,-10.4,20.7,1,,Basic Materials,659051.0,1902.5
GIWWR,GigCapital8 Corp. Rights,0.267,5,5,3,6,0,6,3,28,-10.0,16.0,Broken,Avoid/exit,24,11.6,-2.9,-4.7,45.7,1,,nan,nan,0.0
BCCOY,BICO Group AB (publ),0.369,3,3,10,4,3,3,2,28,-15.0,16.0,Broken,Avoid/exit,23,0.0,0.0,-1.9,31.5,1,,Healthcare,104112088.0,563.63
HMRFF,Homerun Resources Inc.,0.35,3,15,4,1,4,2,2,31,-15.0,16.0,Broken,Avoid/exit,11,1.2,-4.4,-3.0,42.5,1,,Basic Materials,26220090.0,35866.0
TRJNF,Trajan Group Holdings Limited,0.4,5,3,10,6,0,2,2,28,-15.0,16.0,Broken,Avoid/exit,29,0.0,0.0,-0.0,0.0,1,,Healthcare,61145452.0,450.0
MGRX,"Mangoceuticals, Inc. Common Stock",0.4,4,12,2,3,3,0,5,29,-11.0,16.0,Broken,Avoid/exit,38,3.7,-24.9,-10.3,45.1,1,,Healthcare,8036021.0,8795374.02
AZMTF,Azimut Exploration Inc,0.445,10,5,3,12,1,2,5,38,-18.0,16.0,Broken,Avoid/exit,33,1.1,3.5,0.1,50.7,0,,Basic Materials,49734588.0,24718.77
IMTE,Integrated Media Technology Ltd,0.484,5,11,6,4,3,4,5,38,-22.0,16.0,Broken,Avoid/exit,30,-2.4,-9.4,-0.9,48.7,1,,Technology,1623270.0,886559.07
ZTEK,ZEN Graphene Solutions Ltd,0.56,8,5,4,3,5,0,3,28,-15.0,16.0,Broken,Avoid/exit,37,-6.7,-11.1,-5.5,43.3,1,,Healthcare,70906944.0,175909.94
AAQL,Antiaging Quantum Living Inc.,0.551,1,4,0,9,3,2,2,21,-5.0,16.0,Broken,Avoid/exit,25,0.0,-44.3,-20.0,34.0,1,,Consumer Cyclical,18885712.0,142.82
KBONW,Karbon Capital Partners Corp. Warrant,0.6,11,2,2,0,2,7,2,26,-10.0,16.0,Broken,Avoid/exit,0,-7.7,-1.6,-8.9,45.4,0,,nan,nan,0.0
ABGSF,ABG Sundal Collier Holding ASA,0.65,1,4,4,5,3,7,2,26,-10.0,16.0,Broken,Avoid/exit,15,0.0,0.0,-2.9,15.5,0,,Financial Services,338882624.0,0.0
GLNS,Golden Star Resource Corp ,0.802,4,3,9,4,3,3,2,28,-15.0,16.0,Broken,Avoid/exit,18,0.0,0.0,-0.7,0.3,1,,Basic Materials,5670140.0,26.51
MCRPF,MicroPort Scientific Corporation,0.852,4,3,10,5,3,1,2,28,-15.0,16.0,Broken,Avoid/exit,15,0.0,0.0,-0.2,0.1,1,,Healthcare,3003057920.0,208.5
BQ,Boqii Holding Limited,0.92,8,6,2,4,4,4,5,33,-15.0,16.0,Broken,Avoid/exit,41,-8.0,-25.8,-2.4,49.1,1,,Consumer Cyclical,6820977.0,1392784.14
XELB,Xcel Brands Inc,0.938,6,10,2,3,2,4,2,29,-13.0,16.0,Broken,Avoid/exit,13,22.2,-11.5,-6.0,42.9,2,,Consumer Cyclical,6352969.0,144249.39
WDH,Waterdrop Inc ADR,0.995,6,8,5,2,2,3,2,28,-10.0,16.0,Broken,Avoid/exit,10,-0.5,-0.5,-3.1,23.1,0,,Financial Services,357325792.0,256162.91
WTSYX,Wisdomtree Digital Trust - Digital Short-Term Treasury Fund,0.993,5,4,1,6,3,2,2,23,-10.0,16.0,Broken,Avoid/exit,26,-0.7,-0.7,-0.3,44.0,0,,nan,nan,0.0
IPTK,AS-IP Tech Inc,0.048,18,0,4,9,3,4,5,43,-27.5,15.5,Broken,Avoid/exit,64,-2.0,60.0,45.5,72.1,3,,Technology,13752410.0,5643.29
RDPTF,Radiopharm Theranostics Limited,0.01,3,6,8,4,3,1,2,27,-15.0,15.0,Broken,Avoid/exit,19,0.0,0.0,-1.7,35.5,1,,Healthcare,23649494.0,1425.0
FPTE,FPTE,0.001,1,1,0,9,0,5,2,18,-3.0,15.0,Broken,Avoid/exit,22,-99.9,-99.7,-99.8,34.8,0,,Industrials,13331835.0,1066.91
RMXFF,Red Mountain Mining Limited,0.009,8,8,7,4,3,2,5,37,-28,15,Broken,🔥 COILED: Avoid/exit,35,17.9,17.9,6.0,51.4,4,,Basic Materials,6459296.0,467538.35
ALTHF,Altech Batteries Limited,0.002,3,9,1,10,3,2,2,30,-15.0,15.0,Broken,Avoid/exit,13,10.5,10.5,-28.4,23.4,3,,Basic Materials,5605018.0,15251.79
TMMI,T M M Inc New,0.005,1,11,5,6,3,0,2,28,-16.0,15.0,Broken,Avoid/exit,26,0.0,-9.1,-3.5,44.3,2,,Technology,3962359.0,136128.24
PUBC,PureBase Corp,0.01,3,8,6,8,3,2,2,32,-20.0,15.0,Broken,Avoid/exit,24,0.0,42.9,-7.3,41.5,3,,Basic Materials,3508059.0,66651.55
BDCM,Broadcast Marketing Group Inc,0.01,3,3,8,3,3,3,2,25,-10.0,15.0,Broken,Avoid/exit,26,-1.0,-1.0,-8.1,16.9,0,,Industrials,3159960.0,8476.98
ELLXF,Elixinol Global Ltd,0.004,2,8,8,5,3,0,2,28,-13.0,15.0,Broken,Avoid/exit,33,12.5,-48.9,-20.1,47.2,1,,Healthcare,1862944.0,0.0
SPNRF,Sparton Resources Inc,0.01,2,7,2,6,3,0,2,22,-10.0,15.0,Broken,Avoid/exit,24,-33.3,0.0,-11.5,42.7,0,,Basic Materials,1817272.0,6677.18
PTOP,Peer To Peer Network,0.01,4,2,9,2,3,0,2,22,-10.0,15.0,Broken,Avoid/exit,25,0.0,-6.5,-4.6,42.4,0,,Technology,1330637.0,39193.13
SSHT,Wireless Data Solutions Inc,0.007,3,3,4,5,3,5,2,25,-10.0,15.0,Broken,Avoid/exit,22,0.0,0.0,-5.8,39.9,0,,Industrials,1312814.0,55446.49
WLRMF,Aloro Mining Corp,0.005,4,3,9,5,3,1,2,27,-15.0,15.0,Broken,Avoid/exit,16,0.0,0.0,-0.5,0.1,1,,Basic Materials,1154585.0,1149.5
CNMTF,Canadian Metals Inc,0.001,3,3,8,5,3,3,2,27,-15.0,15.0,Broken,Avoid/exit,11,0.0,0.0,-90.2,22.2,1,,Basic Materials,89484.0,553.16
FCIC,FCCC Inc,0.001,5,3,8,4,3,2,2,27,-15.0,15.0,Broken,Avoid/exit,18,0.0,0.0,-0.3,1.7,1,,Financial Services,6922.0,117.5
VHMLF,VHM Limited,0.02,3,4,5,5,3,5,2,27,-15.0,15.0,Broken,Avoid/exit,29,0.0,0.0,-9.9,41.0,1,,Basic Materials,6235438.0,789.06
ELXMF,Nova Eye Medical Limited,0.014,10,6,11,6,3,2,2,40,-28.0,15.0,Broken,Avoid/exit,39,0.0,0.0,0.0,98.3,1,,Healthcare,4076565.0,65.0
GYSLF,Eco Oro Minerals Corp,0.02,1,1,0,9,2,3,2,18,-3.0,15.0,Broken,Avoid/exit,27,-16.9,-12.6,-18.4,39.7,0,,Basic Materials,2136890.0,5540.11
NDEV,Novus Acquisition and Development Corp,0.014,6,5,8,0,0,4,2,25,-10.0,15.0,Broken,Avoid/exit,29,-0.7,-11.5,-2.4,46.5,0,,Financial Services,1790370.0,22851.03
FGLDF,Falcon Gold Corp,0.021,5,8,4,12,4,0,5,38,-23.0,15.0,Broken,Avoid/exit,47,-3.7,14.4,-2.2,48.7,3,,Basic Materials,1304257.0,27321.4
ZEOWW,Zeo Energy Corp.,0.02,1,10,0,7,3,0,2,23,-8.0,15.0,Broken,Avoid/exit,19,-13.1,-35.6,-25.8,33.3,0,,nan,nan,11966.84
SCVFF,Scotch Creek Ventures Inc,0.021,7,4,3,9,0,0,5,28,-13.0,15.0,Broken,Avoid/exit,16,-17.6,-17.6,-9.9,46.6,1,,Basic Materials,705712.0,8626.71
GLDFF,Chalice Brands Ltd,0.033,5,6,4,4,2,2,2,25,-8.0,15.0,Broken,Avoid/exit,17,-4.4,-5.5,-5.6,46.9,0,,Basic Materials,2503417.0,63922.1
TKCI,TurnKey Capital Inc,0.05,5,7,5,10,0,4,2,33,-18.0,15.0,Broken,Avoid/exit,25,0.0,12.6,-0.2,47.2,3,,Technology,21181536.0,33412.93
ZHCLF,Zenith Capital Corp,0.05,10,7,4,4,3,0,2,30,-15.0,15.0,Broken,Avoid/exit,33,-50.0,0.0,2.6,50.2,1,,Healthcare,7986591.0,7281.21
NWXPF,Newport Exploration Ltd,0.05,2,4,5,4,0,0,5,20,-8.0,15.0,Broken,Avoid/exit,19,0.0,-37.5,-23.6,46.5,0,,Basic Materials,5278993.0,0.0
XCPT,XCana Petroleum Corporation,0.041,5,10,12,6,3,6,5,47,-28,15,Broken,Avoid/exit,30,2.5,17.1,2.1,48.4,4,,Basic Materials,4573280.0,7287.83
ROYIF,Royalties Inc.,0.069,1,4,3,6,3,3,2,22,-10.0,15.0,Broken,Avoid/exit,44,0.0,0.0,-1.7,43.0,0,,Basic Materials,19824178.0,31317.8
TSDRF,Tsodilo Resources Limited,0.07,0,1,3,9,0,5,2,20,-5.0,15.0,Broken,Avoid/exit,11,-12.5,-22.2,-14.1,38.1,1,,Basic Materials,4667527.0,7284.05
AASZF,Atlantic Sapphire ASA,0.086,3,8,3,5,3,6,2,30,-15.0,15.0,Broken,Avoid/exit,14,-4.3,-1.0,-38.4,37.9,1,,Consumer Defensive,3088825.0,0.0
WGELF,Western Gold Exploration Ltd.,0.096,10,6,11,6,3,2,2,40,-28.0,15.0,Broken,Avoid/exit,50,0.0,0.0,0.0,98.7,1,,Basic Materials,4088851.0,0.0
MRPMF,Marco Polo Marine Ltd.,0.1,5,8,6,2,0,0,2,23,-8.0,15.0,Broken,Avoid/exit,47,0.0,0.0,0.1,47.6,0,,Industrials,391414816.0,3916.22
SCDCF,Scandium Canada Ltd,0.138,12,3,2,12,3,0,5,37,-22.0,15.0,Broken,Avoid/exit,54,-4.4,-13.4,-3.9,48.6,0,,Basic Materials,74781928.0,160652.79
TSGZF,Tristar Gold,0.148,10,7,2,2,1,3,5,30,-15.0,15.0,Broken,Avoid/exit,31,5.7,-1.3,5.1,56.7,1,,Basic Materials,52825988.0,63052.06
DFMTF,Defense Metals Corp,0.112,15,10,4,5,5,2,5,46,-29,15,Broken,Avoid/exit,26,10.5,17.5,11.9,63.3,4,,Basic Materials,43606136.0,133837.26
TTGXF,Trans Canada Gold Corp.,0.11,18,5,4,10,3,4,5,49,-30,15,Broken,Avoid/exit,61,21.0,26.0,20.3,75.8,3,,Energy,6264393.0,11553.13
ZUUZF,Zeus North America Mining Corp,0.124,7,7,7,5,0,2,2,30,-15.0,15.0,Broken,Avoid/exit,25,-3.8,-8.5,-9.1,42.5,1,,Basic Materials,6165676.0,12121.6
RENI,Resilient Energy Inc.,0.101,1,10,3,5,3,0,3,25,-6.0,15.0,Broken,Avoid/exit,22,-13.1,-27.9,-14.2,29.4,0,,Financial Services,5174159.0,2320.45
AWLIF,Ameriwest Lithium Inc,0.125,13,11,6,4,4,2,5,45,-28,15,Broken,Avoid/exit,22,36.6,31.6,15.4,59.3,3,,Basic Materials,5110458.0,69103.4
CRTTF,Cortus Metals Inc,0.11,4,7,3,5,3,0,5,27,-15.0,15.0,Broken,Avoid/exit,27,-8.3,4.8,-2.6,44.8,1,,Basic Materials,3392235.0,2208.54
ESVNF,E79 Resources Corp,0.1,13,4,8,10,0,2,5,42,-27,15,Broken,Avoid/exit,41,144.1,144.1,62.2,74.6,3,3,Healthcare,651436.0,117.21
AFJKR,"Aimei Health Technology Co., Ltd Right",0.12,3,7,3,6,0,1,5,25,-10.0,15.0,Broken,Avoid/exit,11,-20.5,-0.1,-9.3,45.2,0,,nan,nan,0.0
QTIWW,QT Imaging Holdings Inc,0.14,3,8,5,7,3,2,2,30,-13.0,15.0,Broken,Avoid/exit,26,3.7,15.7,2.5,48.5,3,,nan,nan,71694.58
ASPCR,A SPAC III Acquisition Corp. Right,0.13,11,5,5,2,3,3,5,34,-22,15,Broken,Avoid/exit,28,61.5,30.0,24.3,57.1,3,6,nan,nan,0.0
CHECW,Chenghe Acquisition III Co. Warrants,0.13,1,10,2,3,3,2,2,23,-8.0,15.0,Broken,Avoid/exit,16,25.7,-19.6,-19.2,36.1,1,,nan,nan,0.0
JLMKF,Jolimark Holdings Limited,0.19,4,4,3,5,3,4,2,25,-15.0,15.0,Broken,🔥 COILED: Avoid/exit,46,0.0,-7.6,-4.2,41.0,1,,Technology,139793984.0,214114.38
TBIIF,Tobii AB,0.192,13,4,7,8,0,0,3,35,-20.0,15.0,Broken,Avoid/exit,24,-1.5,10.3,2.2,56.9,3,,Technology,49811780.0,2173.7
LMSQF,Latin Metals Inc,0.186,13,11,2,5,7,4,5,47,-30,15,Broken,Avoid/exit,44,-0.4,11.7,5.2,56.8,3,,Basic Materials,24826522.0,67123.29
POWMF,POWMF,0.15,3,4,3,5,3,5,2,25,-10.0,15.0,Broken,Avoid/exit,19,0.0,0.0,-3.0,5.2,0,,nan,16937442.0,979.49
NTMFF,Neotech Metals Corp.,0.182,4,6,4,0,1,0,5,20,-8.0,15.0,Broken,Avoid/exit,23,0.4,1.1,-2.5,47.8,1,,Basic Materials,16245188.0,29943.67
PAANF,Pan American Energy Corp,0.178,5,15,5,1,3,2,2,33,-16.0,15.0,Broken,Avoid/exit,17,1.1,0.2,-3.0,45.2,2,,Basic Materials,5075732.0,28712.86
AAMTF,Armada Mercantile Ltd,0.162,3,8,4,2,0,4,2,23,-8.0,15.0,Broken,Avoid/exit,19,-2.5,13.6,-6.5,40.7,2,,Financial Services,3396968.0,4201.75
ZYLMD,Central Asia Lumeichun Biotechnology Inc.,0.798,14,10,5,5,6,0,5,45,-30,15,Broken,Avoid/exit,60,0.0,343.3,49.9,58.0,3,,Consumer Defensive,95652.0,0.0
SMLKF,Synlait Milk Limited,0.24,3,3,8,5,3,3,2,27,-15.0,15.0,Broken,Avoid/exit,9,0.0,0.0,-20.0,0.0,1,,Consumer Defensive,585705344.0,12.0
AUSI,Aura Systems Inc,0.181,7,5,7,7,3,0,5,34,-19.0,15.0,Broken,Avoid/exit,61,6.5,-15.8,-2.4,50.0,1,,Industrials,24603092.0,10298.5
PNTZF,Trigon Metals Inc,0.238,10,8,1,6,7,4,5,41,-26.0,15.0,Broken,Avoid/exit,21,-6.9,-2.5,-1.8,47.3,1,,Basic Materials,13098289.0,15342.07
MESHW,Meshflow Acquisition Corp. Warrants,0.227,4,11,0,5,3,0,2,25,-10.0,15.0,Broken,Avoid/exit,19,-14.4,-29.1,-18.3,41.6,1,,nan,nan,0.0
BJWTF,Beijing Enterprises Water Group Limited,0.25,0,4,2,7,0,0,2,15,0.0,15.0,Broken,Avoid/exit,9,-10.7,-13.8,-11.1,16.2,0,,Utilities,2507027712.0,0.0
MTMCF,Metallium Limited,0.283,12,5,2,6,1,3,5,34,-19.0,15.0,Broken,Avoid/exit,28,1.1,-5.7,1.5,51.1,1,,Basic Materials,233178048.0,678512.01
RGCCF,Relevant Gold Corp,0.253,10,5,8,9,0,3,3,38,-23.0,15.0,Broken,Avoid/exit,20,-4.0,3.1,-0.4,49.5,1,,Basic Materials,35929580.0,46842.66
AIM,AIM ImmunoTech Inc,0.25,3,10,6,3,2,2,4,30,-15.0,15.0,Broken,Avoid/exit,28,-1.2,-3.3,-1.9,45.9,1,,Healthcare,7610535.0,10246234.24
WENNW,Wen Acquisition Corp Warrant,0.291,1,11,2,0,3,2,2,21,-6.0,15.0,Broken,Avoid/exit,24,5.7,-25.4,-10.0,42.3,0,,nan,nan,17755.16
CSRIF,Copper Standard Resources Inc.,0.35,16,7,3,7,4,3,2,42,-27,15,Broken,Avoid/exit,37,133.0,133.0,20.0,60.4,3,3,Basic Materials,20330362.0,342.86
CTTZF,Centaurus Metals Limited,0.388,13,8,5,9,3,2,5,45,-28.0,15.0,Broken,Avoid/exit,46,10.7,14.1,8.6,59.3,3,,Basic Materials,224024896.0,159799.37
SBMJF,Dimerix Ltd,0.35,10,6,11,6,3,2,2,40,-28.0,15.0,Broken,Avoid/exit,41,0.0,0.0,0.0,99.6,1,,Healthcare,210138880.0,10.7
SNTI,Senti Biosciences Inc,0.378,3,6,3,6,2,6,4,30,-15.0,15.0,Broken,Avoid/exit,9,-13.4,-1.7,-10.4,37.3,1,,Healthcare,12034333.0,648841.7
ADSEW,ADS-TEC ENERGY PLC Warrant,0.352,0,7,0,9,2,2,2,22,-7.0,15.0,Broken,Avoid/exit,15,-39.2,-37.1,-34.6,39.1,1,,nan,nan,13152.6
HXHX,Haoxin Holdings Limited Class A Ordinary Shares,0.49,5,3,5,4,0,0,5,22,-10.0,15.0,Broken,Avoid/exit,32,-6.6,-15.4,-4.2,46.8,0,,Industrials,7038625.0,3179363.88
OBSJF,Obrascón Huarte Lain S.A,0.51,3,6,3,5,3,3,2,25,-10.0,15.0,Broken,Avoid/exit,31,0.0,0.0,-2.8,0.3,0,,Industrials,705048448.0,516.28
APHD,Verde Bio Holdings Inc,0.53,0,2,1,10,3,2,2,20,-5.0,15.0,Broken,Avoid/exit,17,-51.8,-47.0,-49.9,22.6,1,,Consumer Defensive,9595166.0,512.77
TNMG,TNL Mediagene Ordinary Shares,0.52,16,5,6,6,0,5,5,43,-28,15,Broken,Avoid/exit,32,25.3,28.7,13.8,56.5,3,,Communication Services,1698957.0,4793208.64
SAC-WT,Safeguard Acquisition Corp. WT,0.528,7,4,1,6,3,2,4,27,-10.0,15.0,Broken,Avoid/exit,0,-12.0,-12.0,-3.3,49.8,0,,nan,nan,0.0
TIGXF,Team Internet Group plc,0.556,2,1,1,7,3,4,2,20,-5.0,15.0,Broken,Avoid/exit,41,0.0,-1.6,-0.7,11.1,1,,Communication Services,134228016.0,603.38
ERDLF,EROAD Limited,0.571,5,3,8,4,3,2,2,27,-15.0,15.0,Broken,Avoid/exit,26,0.0,0.0,-0.0,0.0,1,,Technology,107332296.0,24.5
TELA,Tela Bio Inc,0.65,2,4,2,10,0,2,2,22,-7.0,15.0,Broken,Avoid/exit,26,1.7,-4.1,-7.6,41.9,1,,Healthcare,31026766.0,188875.54
DCX,Digital Currency X Technology Inc.,0.745,1,3,4,9,0,0,2,19,-4.0,15.0,Broken,Avoid/exit,17,-23.4,-27.7,-22.2,35.0,0,,Consumer Cyclical,305872160.0,559989.13
GUTS,"Fractyl Health, Inc. Common Stock",0.742,9,8,6,7,2,3,5,40,-23.0,15.0,Broken,Avoid/exit,42,8.3,12.1,2.3,51.9,3,,Healthcare,117331464.0,3257810.2
ALYAF,Alithya Group Inc,0.758,4,8,1,5,6,2,2,28,-13.0,15.0,Broken,Avoid/exit,22,-1.5,-2.8,-2.8,45.4,1,,Technology,71606512.0,5891.72
MIRA,"MIRA Pharmaceuticals, Inc. Common Stock",0.77,5,10,2,6,3,4,2,32,-15.0,15.0,Broken,Avoid/exit,19,8.5,2.7,-0.6,47.4,1,,Healthcare,31516566.0,149098.72
TRLC,TriLinc Global Impact Fund LLC,0.8,7,3,9,5,0,1,2,27,-15.0,15.0,Broken,Avoid/exit,13,0.0,0.0,-0.2,0.0,1,,Financial Services,38221928.0,439.34
DFSLY,Defeng Solife Holdings Limited,0.85,7,13,3,0,3,2,2,30,-15.0,15.0,Broken,Avoid/exit,32,-8.1,-7.4,-11.5,47.0,1,,Communication Services,65450000.0,19129.88
FOFA,Family Office of America Inc.,0.9,4,4,6,5,3,3,2,27,-15.0,15.0,Broken,Avoid/exit,30,-1.1,-5.3,-3.3,43.4,1,,Industrials,27743402.0,608.5
VIVK,Vivakor Inc,0.914,6,12,3,0,4,0,2,27,-13.0,15.0,Broken,Avoid/exit,22,-16.1,-28.6,-23.0,41.6,1,,Energy,2386408.0,2154360.12
CTHCF,Cathay Real Estate Development Co Ltd,0.982,4,7,8,5,5,0,4,33,-18.0,15.0,Broken,Avoid/exit,30,-3.0,-1.7,-1.3,47.3,0,,Other,119201144.0,15198.85
KUST,"Kustom Entertainment, Inc.",0.967,4,12,2,3,3,0,2,26,-11.0,15.0,Broken,Avoid/exit,20,-4.2,-29.4,-11.6,43.2,1,,Communication Services,6098880.0,2289319.66
QNTPF,XtalPi Holdings Limited,0.973,3,5,4,5,0,0,5,22,-10.0,15.0,Broken,Avoid/exit,27,-7.3,-11.2,-3.2,47.7,0,,nan,nan,8660.63
LTCP,Life's Time Capsule Services Inc,0.007,15,11,6,2,4,3,5,46,-28,14,Broken,Avoid/exit,49,75.0,75.0,61.3,83.5,3,2,Communication Services,3159267.0,8680.85
FUNI,"Hypha Labs, Inc.",0.009,1,7,2,6,4,2,2,24,-13.0,14.0,Broken,Avoid/exit,18,-9.1,-33.8,-29.1,26.7,1,,Healthcare,1458674.0,133761.57
LQWC,LifeQuest World Corporation,0.01,9,5,1,8,6,0,2,31,-13.0,14.0,Broken,Avoid/exit,38,-35.6,-13.9,-4.9,49.2,1,,Industrials,1331233.0,33458.22
CPWR,Ocean Thermal Energy Corp,0.006,1,13,1,0,3,2,2,22,-8.0,14.0,Broken,Avoid/exit,38,17.3,-23.7,-2.4,48.3,0,,Utilities,1159074.0,72041.24
FUAPF,Global Cannabis Applications Corp,0.002,1,6,5,5,3,2,2,24,-10.0,14.0,Broken,Avoid/exit,20,0.0,-16.7,-17.5,40.6,0,,Technology,1139972.0,53216.61
GIFX,Gifa Inc,0.01,6,11,5,2,4,2,2,32,-18.0,14.0,Broken,Avoid/exit,34,49.2,-3.0,13.1,53.7,1,,Industrials,1135597.0,10249.04
SVUHF,SRIVARU Holding Limited,0.004,3,16,3,0,3,2,2,29,-15.0,14.0,Broken,Avoid/exit,14,2.5,2.5,-27.4,42.9,2,,Consumer Cyclical,1021439.0,18261.82
DBLR,"Pet Ecology Brands, Inc.",0.01,1,6,2,4,3,1,2,19,-10.0,14.0,Broken,🔥 COILED: Avoid/exit,21,0.0,0.0,-12.9,40.8,0,,Financial Services,739360.0,2055.66
CXCQ,CardXX Inc,0.01,18,3,6,5,4,3,5,44,-30,14,Broken,Avoid/exit,55,0.0,72.7,23.0,73.7,3,,Financial Services,712500.0,34656.7
FAASF,DigiAsia Corp.,0.01,3,8,2,6,4,4,2,29,-15.0,14.0,Broken,Avoid/exit,0,-48.2,-39.0,-39.9,40.7,1,,Technology,606918.0,0.0
CWLK,"Starstream Entertainment, Inc.",0.002,3,3,10,5,3,3,2,29,-15.0,14.0,Broken,Avoid/exit,29,0.0,0.0,-2.6,36.8,1,,Industrials,570020.0,152174.06
AAGR,African Agriculture Holdings Inc.,0.004,0,1,6,7,3,0,2,19,-5.0,14.0,Broken,Avoid/exit,18,-42.9,-42.9,-41.1,27.2,1,,Consumer Defensive,405067.0,4182.75
OCEA,Ocean Biomedical Inc.,0.001,11,8,4,8,6,2,5,44,-30,14,Broken,Avoid/exit,52,-22.2,75.0,35.1,58.8,3,,Healthcare,395020.0,96319.12
IPRC,Imperial Res Inc,0.006,7,4,2,11,1,4,2,31,-20.0,14.0,Broken,Avoid/exit,42,-22.7,45.0,-13.1,46.4,3,,Financial Services,364695.0,20040.95
NUVM,NuVim Inc,0.003,3,7,7,10,3,2,2,34,-20.0,14.0,Broken,Avoid/exit,25,20.0,20.0,0.7,47.9,3,,Consumer Defensive,357344.0,13897.95
FGNV,Forge Innovation Development Corp,0.001,3,3,8,4,3,3,2,26,-15.0,14.0,Broken,Avoid/exit,14,0.0,0.0,-52.8,0.9,1,,Real Estate,55427.0,3384.2
LADX,LadRx Corporation,0.01,3,3,10,4,3,1,2,26,-15.0,14.0,Broken,Avoid/exit,21,0.0,0.0,-7.2,28.9,1,,Healthcare,49509.0,0.0
MPHYF,McPhy Energy S.A,0.001,9,6,11,6,3,2,2,39,-28.0,14.0,Broken,Avoid/exit,35,0.0,0.0,0.0,84.5,1,,Industrials,34327.0,473.09
RCKTW,"Rocket Pharmaceuticals, Inc. Warrant",0.001,7,7,1,1,2,4,2,24,-10.0,14.0,Broken,Avoid/exit,8,-54.5,11.1,-51.1,40.7,2,,Healthcare,nan,36874.83
AABB,Asia Broadband Inc,0.012,4,8,3,4,4,2,2,27,-11.0,14.0,Broken,Avoid/exit,25,0.0,-0.8,-2.4,44.8,1,,Basic Materials,56121344.0,9603363.25
IMMVF,Immunovia AB (publ),0.02,9,6,11,6,3,2,2,39,-28.0,14.0,Broken,Avoid/exit,43,0.0,0.0,0.0,99.7,1,,Healthcare,13453337.0,15.5
DTZZF,Dotz Nano Limited,0.018,1,11,3,6,3,0,5,29,-15.0,14.0,Broken,Avoid/exit,17,-10.5,-6.8,-2.6,48.1,2,,Basic Materials,11452740.0,503909.96
GWTR,Global Water Technologies Inc,0.017,3,3,3,6,4,3,2,24,-10.0,14.0,Broken,Avoid/exit,13,0.0,0.0,-7.7,22.9,0,,Industrials,546107.0,7194.14
DZCA,DrazCanna Inc.,0.013,9,6,11,6,3,2,2,39,-28.0,14.0,Broken,Avoid/exit,48,0.0,0.0,0.0,99.2,1,,Financial Services,129345.0,22.75
IPGGF,Imperium Group Global Holdings Limited,0.028,3,8,2,9,3,2,2,29,-15.0,14.0,Broken,Avoid/exit,7,40.0,-31.7,-16.3,46.3,1,,Consumer Cyclical,16040773.0,4434.13
FHELF,First Helium Inc,0.021,4,7,3,10,2,2,2,30,-16.0,14.0,Broken,Avoid/exit,21,-9.9,1.4,-5.3,46.5,1,,Basic Materials,5787661.0,125621.15
USHAF,Usha Resources Ltd,0.033,2,4,7,6,3,0,2,24,-10.0,14.0,Broken,Avoid/exit,33,-1.5,-1.8,-2.7,37.6,0,,Basic Materials,3072184.0,5130.35
DOMWF,Dominion Water Reserves Corp,0.043,14,4,7,9,5,0,5,44,-30,14,Broken,Avoid/exit,47,10.0,168.1,39.0,90.2,3,,Utilities,16000434.0,3121.48
XONI,"Xtreme One Entertainment, Inc.",0.043,3,11,4,5,2,2,2,29,-15.0,14.0,Broken,Avoid/exit,28,7.5,7.5,-6.4,47.1,1,,Communication Services,5780937.0,155676.02
XIGMF,Xigem Technologies Corporation,0.05,9,6,11,6,3,2,2,39,-28.0,14.0,Broken,Avoid/exit,46,0.0,0.0,0.0,99.7,1,,Technology,3749799.0,1456.6
RTON,Right On Brands Inc,0.048,11,3,1,0,4,7,5,31,-15.0,14.0,Broken,Avoid/exit,42,-47.1,-5.2,-18.8,48.3,1,,Consumer Defensive,2054917.0,35171.24
ASNS,Actelis Networks Inc.,0.042,5,5,5,6,4,2,2,29,-15.0,14.0,Broken,Avoid/exit,22,-1.2,-3.4,-10.4,33.0,1,,Technology,1225597.0,9999821.76
CATPF,Giyani Metals Corp,0.06,4,7,6,4,3,0,2,26,-15.0,14.0,Broken,Avoid/exit,24,-14.3,0.0,-0.3,48.9,1,,Basic Materials,16691851.0,30806.63
BVLDF,Bold Ventures Inc,0.051,10,10,4,10,4,0,3,41,-23.0,14.0,Broken,Avoid/exit,39,-6.5,40.4,-0.1,50.0,3,,Basic Materials,5220596.0,7455.49
GAMXF,Gamma Resources Ltd.,0.054,3,8,6,1,3,2,4,27,-13.0,14.0,Broken,Avoid/exit,26,-2.3,-5.7,-0.6,47.5,1,,Basic Materials,2130481.0,31847.52
BVAXF,Biovaxys Technology Corp,0.07,2,3,2,8,2,0,2,19,-5.0,14.0,Broken,Avoid/exit,31,-21.8,1.2,-21.1,36.7,1,,Healthcare,2837661.0,71181.47
VRXAW,Veraxa Biotech AG Warrants,0.1,4,9,6,4,4,2,2,31,-17.0,14.0,Broken,Avoid/exit,0,14.1,4.5,-1.1,48.2,0,,nan,nan,0.0
ELMSQ,"Electric Last Mile Solutions, Inc.",0.11,7,7,1,6,3,0,2,26,-10.0,14.0,Broken,Avoid/exit,30,9.9,-14.1,-3.7,49.0,0,,Consumer Cyclical,12774844.0,6396.07
MMCP,Morningstar US Mid Cap PR USD,0.1,0,5,2,7,0,0,2,16,0.0,14.0,Broken,Avoid/exit,11,-50.0,-50.0,-37.5,24.1,0,,Financial Services,10005594.0,4341.36
CDNMF,Gambier Gold Corp,0.1,12,6,11,6,0,2,2,39,-28.0,14.0,Broken,Avoid/exit,52,0.0,0.0,0.1,95.2,1,,Basic Materials,4169920.0,3199.4
CASIF,"CASI Pharmaceuticals, Inc.",0.13,4,8,8,0,3,2,2,27,-13.0,14.0,Broken,Avoid/exit,21,0.0,0.0,-4.0,46.8,1,,Healthcare,2672263.0,76929.72
CSTWF,Constellation Acquisition Corp I,0.123,3,3,1,13,0,4,5,29,-11.0,14.0,Broken,Avoid/exit,27,-48.3,-38.5,-48.3,43.7,0,,nan,nan,0.0
OYSER,Oyster Enterprises II Acquisition Corp Rights,0.111,1,2,3,6,3,7,2,24,-10.0,14.0,Broken,Avoid/exit,30,0.0,-14.6,-3.1,38.2,0,,nan,nan,9915.03
YARRF,Pirate Gold Corp.,0.154,4,10,7,4,4,2,2,33,-19.0,14.0,Broken,Avoid/exit,43,1.7,-4.8,-1.1,47.5,2,,Basic Materials,77887704.0,182434.63
LEEEF,Leef Brands Inc.,0.194,8,6,9,9,3,0,2,37,-23.0,14.0,Broken,Avoid/exit,53,-3.7,-2.7,-3.3,46.4,1,,Healthcare,62639076.0,276474.65
ATCH,"AtlasClear Holdings, Inc.",0.191,8,5,8,5,0,7,4,37,-23.0,14.0,Broken,Avoid/exit,26,0.1,-3.0,-0.2,49.8,1,,Financial Services,29811982.0,3538257.98
VIZND,Visionary Metals Corp.,0.158,4,4,2,3,6,3,2,24,-10.0,14.0,Broken,Avoid/exit,47,0.0,-6.4,-11.7,23.2,0,,Basic Materials,10540721.0,215.24
POAS,Phaos Technology Holdings (Cayman) Limited,0.166,6,8,8,3,0,2,2,29,-15.0,14.0,Broken,Avoid/exit,21,3.7,3.7,-9.9,34.2,2,,Healthcare,5443012.0,0.0
JWCTF,JW (Cayman) Therapeutics Co. Ltd,0.202,4,3,9,5,0,3,2,26,-15.0,14.0,Broken,Avoid/exit,15,0.0,0.0,-0.7,33.6,1,,Healthcare,84223336.0,7631.67
KRFG,King Resources Inc,0.23,3,7,6,5,3,3,2,29,-15.0,14.0,Broken,Avoid/exit,20,0.0,-2.1,-6.0,35.0,1,,Industrials,2502664.0,7993.44
ARSMF,Ares Strategic Mining Inc,0.26,9,4,2,4,3,2,5,29,-15.0,14.0,Broken,Avoid/exit,32,-7.8,-10.3,-2.5,49.6,1,,Basic Materials,72574072.0,501262.9
GIXXR,GigCapital9 Corp. Rights,0.28,6,11,4,5,4,0,2,32,-18.0,14.0,Broken,Avoid/exit,0,-1.9,-3.4,-2.6,46.8,0,,nan,nan,0.0
KCKSF,Keck Seng Investments (Hong Kong) Limited,0.3,7,3,11,6,3,2,2,34,-23.0,14.0,Broken,Avoid/exit,30,0.0,0.0,0.0,90.7,0,,Consumer Cyclical,102060008.0,0.0
BLRKW,Bluerock Acquisition Corp. Warrants,0.32,2,6,2,9,3,2,2,26,-10.0,14.0,Broken,Avoid/exit,0,-20.0,-53.7,-24.0,44.2,0,,nan,nan,0.0
WCHNF,West China Cement Limited,0.35,7,3,11,6,3,2,2,34,-23.0,14.0,Broken,Avoid/exit,40,0.0,0.0,0.0,96.1,0,,Basic Materials,1258567552.0,0.0
OTCFF,Ocumetics Technology Corp,0.38,15,8,4,8,1,2,5,43,-29,14,Broken,Avoid/exit,48,22.6,22.6,14.4,66.6,4,,Healthcare,49414100.0,5704.93
SBEV,Splash Beverage Group Inc,0.365,10,3,8,8,3,1,5,38,-24.0,14.0,Broken,Avoid/exit,38,-11.0,-11.0,-1.9,51.7,1,,Consumer Defensive,3023503.0,2943258.84
CRWOF,China Railway Group Limited,0.439,6,2,4,5,3,2,2,24,-10.0,14.0,Broken,Avoid/exit,18,-0.7,-0.7,-0.4,38.9,0,,Industrials,10769245184.0,867.46
AAWH,Ascend Wellness Holdings Inc,0.42,6,5,2,9,0,1,4,27,-13.0,14.0,Broken,Avoid/exit,26,-11.9,-3.4,-3.5,47.4,1,,Healthcare,87584712.0,122449.9
BEAT,Heartbeam Inc,0.486,4,9,5,3,2,2,2,27,-13.0,14.0,Broken,Avoid/exit,15,1.6,-17.7,-5.4,41.3,1,,Healthcare,27126492.0,4771570.38
CYAN,Cyanotech Corporation,0.45,6,5,6,3,5,2,2,29,-15.0,14.0,Broken,Avoid/exit,47,0.0,-2.2,-5.4,37.7,1,,Consumer Defensive,3262375.0,4297.01
CUEN,Cuentas Inc.,0.513,11,4,2,3,5,0,2,27,-13.0,14.0,Broken,Avoid/exit,59,-16.2,-19.2,-9.0,46.8,1,,Technology,4423266.0,5559.39
EIHDF,888 Holdings,0.56,4,4,6,0,6,7,2,29,-15.0,14.0,Broken,Avoid/exit,41,0.0,0.0,-1.7,31.4,1,,Consumer Cyclical,270075776.0,4286.13
SMAGF,Soma Gold Corp,0.579,12,6,6,10,1,4,5,44,-30,14,Broken,Avoid/exit,26,6.0,10.3,6.0,57.1,3,,Basic Materials,72867696.0,64333.4
KTTA,Pasithea Therapeutics Corp,0.554,15,5,4,5,3,5,5,42,-28,14,Broken,Avoid/exit,33,18.0,16.0,9.7,59.6,3,,Healthcare,19046236.0,2602173.14
FPAFF,First Pacific Company Limited,0.645,2,1,8,5,5,1,2,24,-10.0,14.0,Broken,Avoid/exit,27,-2.3,-3.7,-2.2,39.8,0,,Consumer Defensive,2855620352.0,0.0
HANNF,Hannan Metals Ltd,0.63,15,3,6,5,5,5,5,44,-30,14,Broken,Avoid/exit,51,6.6,2.4,4.3,57.9,1,,Basic Materials,91814208.0,66557.2
CNUCF,Canuc Resources Corporation,0.6,4,4,7,6,3,0,2,26,-15.0,14.0,Broken,Avoid/exit,34,-4.8,0.1,-5.0,46.9,1,,Energy,17925484.0,0.0
CDROW,Codere Online Luxembourg S.A. Warrants,0.698,0,4,0,8,7,0,2,21,-5.0,14.0,Broken,Avoid/exit,32,-15.9,-22.4,-10.6,44.0,2,,nan,nan,14915.67
SRFM,Surf Air Mobility Inc.,0.725,3,13,5,1,3,2,2,29,-13.0,14.0,Broken,Avoid/exit,30,2.4,-8.3,-2.0,45.2,2,,Industrials,85376352.0,4319135.91
RNTX,Rein Therapeutics Inc,0.783,3,5,8,4,2,4,3,29,-15.0,14.0,Broken,Avoid/exit,16,-1.4,-0.7,-2.6,44.7,1,,Healthcare,69013624.0,408065.82
MLMC,"Mike Lindell Media, Corp.",0.769,1,5,0,9,0,2,2,19,-3.0,14.0,Broken,Avoid/exit,23,2.2,-15.4,-8.5,44.2,1,,Communication Services,30151142.0,3869.82
FMTOF,Femto Technologies Inc.,0.75,11,3,7,14,4,0,5,44,-30,14,Broken,Avoid/exit,40,4.9,73.2,23.3,85.3,3,,Technology,778330.0,826.41
KUNUF,Kunlun Energy Company Limited,0.87,3,3,3,5,3,5,2,24,-10.0,14.0,Broken,Avoid/exit,0,0.0,-4.4,-2.0,9.2,0,,Energy,7500995072.0,0.0
JAGX,Jaguar Animal Health Inc,0.865,5,8,7,6,0,4,2,32,-18.0,14.0,Broken,Avoid/exit,20,-1.0,10.5,-12.5,35.7,2,,Healthcare,4751735.0,90486.58
HIHO,Highway Holdings Limited,0.89,5,5,2,6,0,4,2,24,-10.0,14.0,Broken,Avoid/exit,34,-2.6,-18.3,-8.3,42.1,1,,Industrials,4209350.0,1427233.02
SPPJY,Sappi Ltd ADR,0.92,11,4,4,0,3,2,5,29,-15.0,14.0,Broken,Avoid/exit,41,-1.1,-1.1,1.3,53.2,1,,Basic Materials,582799104.0,12344.11
RMHI,Retrieve Medical Holdings Inc,0.981,7,3,8,5,1,4,2,30,-15.0,14.0,Broken,Avoid/exit,38,-1.9,-1.9,-1.3,44.3,1,,Healthcare,29308578.0,895.83
IQST,iQSTEL Inc.,0.954,1,9,4,6,3,0,2,25,-11.0,14.0,Broken,Avoid/exit,29,-2.8,-19.2,-8.3,42.2,1,,Communication Services,10042590.0,1813981.9
ICON,Icon Energy Corp.,0.97,5,5,9,4,2,2,2,29,-15.0,14.0,Broken,Avoid/exit,32,-4.9,-6.7,-4.0,43.1,1,,Industrials,3567505.0,479376.52
STBEF,Starbreeze AB (publ),0.005,3,3,9,4,3,1,2,25,-15.0,13.0,Broken,Avoid/exit,11,0.0,0.0,-3.9,0.0,1,,Communication Services,8122191.0,5.75
FNQQF,Fineqia International Inc,0.002,0,2,1,8,0,2,2,15,2.0,13.0,Broken,Avoid/exit,25,-19.2,-34.4,-25.9,31.9,0,,Financial Services,3466728.0,9643.84
BMTM,Bright Mountain Media Inc,0.008,3,9,3,6,3,0,2,26,-13.0,13.0,Broken,Avoid/exit,27,-3.8,-14.8,-9.4,41.3,1,,Communication Services,1392676.0,98019.17
PRKV,ParkVida Group Inc,0.006,4,4,4,5,3,6,2,28,-15.0,13.0,Broken,Avoid/exit,21,0.0,0.0,-0.3,0.6,1,,Industrials,480898.0,2827.25
TESI,Tangram Enterprise Solutions Inc,0.001,6,3,3,5,3,3,2,25,-15.0,13.0,Broken,Avoid/exit,18,0.0,0.0,-31.0,0.0,1,,Industrials,41247.0,3019.56
CREVF,Carbon Revolution Limited,0.001,4,3,10,2,3,1,2,25,-15.0,13.0,Broken,Avoid/exit,25,0.0,0.0,-8.6,22.1,1,,Consumer Cyclical,1927.0,179894.31
BNZIW,Banzai International Inc,0.007,2,6,0,9,0,3,2,22,-9.0,13.0,Broken,Avoid/exit,16,2.9,-42.7,-27.9,43.6,0,,nan,nan,32815.22
TOGI,"TurnOnGreen, Inc",0.018,5,9,2,6,2,4,2,30,-15.0,13.0,Broken,Avoid/exit,18,-8.3,-3.3,-9.5,42.0,2,,Industrials,3495679.0,145848.0
NWPG,Newport Gold Inc,0.013,3,5,3,11,5,0,2,29,-16.0,13.0,Broken,Avoid/exit,52,0.0,3.1,-13.6,46.2,1,,Basic Materials,3352019.0,671419.68
UAHC,United American Healthcare Corp,0.017,3,7,2,5,5,0,4,26,-13.0,13.0,Broken,Avoid/exit,35,-32.0,0.0,-16.1,41.0,0,,Real Estate,1990037.0,4822.66
GBLEF,Global Energy Metals Corp,0.015,3,3,8,6,3,3,2,28,-15.0,13.0,Broken,Avoid/exit,15,0.0,-2.0,-2.4,32.6,1,,Basic Materials,1139266.0,3203.91
GBBGF,Global Li-Ion Graphite Corp,0.012,4,6,4,0,0,2,5,21,-8.0,13.0,Broken,Avoid/exit,24,20.0,-0.8,-1.0,48.3,0,,Basic Materials,1085822.0,6322.47
NEVIF,Nevis Brands Inc.,0.015,4,6,6,9,1,0,2,28,-15.0,13.0,Broken,Avoid/exit,27,-19.5,6.4,-13.2,39.6,1,,Consumer Defensive,590974.0,0.0
DTII,Defense Technologies International Corp,0.014,5,4,8,0,3,3,2,25,-15.0,13.0,Broken,Avoid/exit,30,0.0,-6.7,-5.2,46.8,1,,Industrials,525444.0,0.0
MLECW,Moolec Science SA Warrant,0.016,3,4,8,6,0,2,2,25,-10.0,13.0,Broken,Avoid/exit,25,-0.6,-2.5,-4.4,46.6,0,,nan,nan,367379.5
VENZF,Venzee Technologies Inc,0.026,3,3,9,4,3,1,2,25,-15.0,13.0,Broken,Avoid/exit,17,0.0,0.0,-4.7,38.9,1,,Technology,3167704.0,557.74
GGXXF,GGX Gold Corp,0.025,2,8,3,6,0,2,2,23,-10.0,13.0,Broken,Avoid/exit,27,-42.1,-23.4,-29.4,45.2,0,,Basic Materials,1721987.0,0.0
SABSW,SAB Biotherapeutics Inc,0.025,9,4,2,4,2,5,5,31,-18.0,13.0,Broken,Avoid/exit,23,-11.8,27.0,12.6,53.5,2,,nan,nan,53595.85
FOBIF,Fobi AI Inc,0.035,7,7,2,4,2,4,2,28,-15.0,13.0,Broken,Avoid/exit,14,-30.0,6.1,-22.8,43.1,1,,Technology,8563869.0,90286.26
WLMTF,Wuling Motors Holdings Limited,0.047,2,2,6,4,2,4,3,23,-10.0,13.0,Broken,Avoid/exit,22,-7.5,-13.5,-6.5,39.3,0,,Consumer Cyclical,165539072.0,38875.22
APETF,Alpha Esports Tech Inc,0.042,3,5,2,6,3,4,5,28,-15.0,13.0,Broken,Avoid/exit,17,-55.3,-55.3,-29.9,41.8,1,,Communication Services,917685.0,2976.6
ISPNF,Inspiration Mining Corp.,0.043,6,7,9,6,3,2,5,38,-28.0,13.0,Broken,Avoid/exit,29,8.1,8.1,0.9,48.2,3,,Basic Materials,nan,12066.85
INIS,International Isotopes Inc,0.06,3,6,2,6,2,2,2,23,-10.0,13.0,Broken,Avoid/exit,23,0.0,-14.3,-5.8,45.5,0,,Healthcare,31749252.0,50943.21
AMIN,American International Industries Inc,0.053,5,3,1,4,3,7,2,25,-15.0,13.0,Broken,Avoid/exit,28,0.0,-0.9,-9.3,44.5,1,,Financial Services,639854.0,430.8
GTERR,Globa Terra Acquisition Corporation Rights,0.061,0,2,1,8,0,0,2,13,0.0,13.0,Broken,Avoid/exit,11,-28.7,-28.4,-28.7,36.8,0,,nan,nan,0.0
CVUEF,ClearVue Technologies Limited,0.07,15,5,4,5,4,4,5,42,-29.0,13.0,Broken,Avoid/exit,24,11.3,29.4,12.1,62.2,3,,Technology,25443990.0,3760.65
GWAYF,Greenway Greenhouse Cannabis Corporation,0.068,3,8,3,6,2,4,2,28,-15.0,13.0,Broken,Avoid/exit,11,3.0,2.2,-9.7,41.1,1,,Healthcare,9134087.0,922.52
CTVFF,CleanTech Vanadium Mining Corp,0.087,14,8,3,4,1,5,5,40,-30,13,Broken,Avoid/exit,36,10.0,15.8,4.5,53.6,4,,Basic Materials,14870035.0,175646.14
URAIF,Inturai Ventures Corp.,0.09,4,8,5,0,5,2,2,26,-13.0,13.0,Broken,Avoid/exit,29,-24.7,-11.4,-17.0,44.6,1,,Technology,12484323.0,0.0
SRGZ,Star Gold Corp,0.13,9,6,7,5,0,4,2,33,-16.0,13.0,Broken,Avoid/exit,35,-3.6,-3.6,-6.0,38.1,1,,Basic Materials,26843188.0,35039.78
AUCUF,Inflection Resources Ltd,0.135,5,7,4,6,3,2,4,31,-18.0,13.0,Broken,Avoid/exit,25,-8.2,-8.2,-3.3,45.9,1,,Basic Materials,16674802.0,78585.14
HEWA,Healthwarehouse.Com,0.1,2,4,2,8,0,0,2,18,-5.0,13.0,Broken,Avoid/exit,23,-9.1,0.0,-10.5,25.5,1,,Healthcare,6290943.0,2872.5
RCHN,Rouchon Industries Inc,0.113,1,7,3,6,4,0,2,23,-8.0,13.0,Broken,Avoid/exit,9,-5.8,-46.7,-28.9,25.4,0,,Industrials,2410350.0,56457.22
MACIW,Melar Acquisition Corp. I Warrant,0.123,1,9,2,8,3,0,3,26,-13.0,13.0,Broken,Avoid/exit,42,-7.9,-12.4,-3.7,47.7,0,,nan,2070000.0,0.0
SUIC,AJ Greentech Holdings Ltd,0.1,3,7,3,4,0,4,2,23,-10.0,13.0,Broken,Avoid/exit,17,-16.7,-18.9,-36.3,39.7,0,,Technology,1139666.0,5074.27
INUMF,Infinitum Copper Corp,0.114,1,3,2,8,3,4,2,23,-10.0,13.0,Broken,Avoid/exit,26,-10.6,-12.4,-8.9,31.8,0,,Basic Materials,697468.0,2410.31
NOEMW,CO2 Energy Transition Corp. Warrant,0.142,6,4,1,9,1,0,5,26,-13.0,13.0,Broken,Avoid/exit,37,-5.0,-19.3,-8.9,48.0,0,,nan,nan,14029.53
OPTT,Ocean Power Technologies Inc,0.179,3,6,5,2,4,0,5,25,-15.0,13.0,Broken,Avoid/exit,13,-5.1,-12.7,-5.3,41.6,1,,Industrials,48976168.0,7317081.03
OODH,Orion Diversified Holding Co. Inc,0.157,5,6,5,0,3,2,2,23,-10.0,13.0,Broken,Avoid/exit,16,20.8,-17.4,-7.4,39.0,0,,Energy,1865160.0,3832.96
LPAAW,Launch One Acquisition Corp. Warrant,0.15,6,5,2,5,3,0,2,23,-10.0,13.0,Broken,Avoid/exit,25,-0.1,-9.1,-8.4,44.5,0,,nan,nan,17587.22
CYDY,Cytodyn Inc,0.225,15,6,3,12,0,2,5,43,-30,13,Broken,Avoid/exit,21,7.1,12.5,6.1,56.7,3,,Healthcare,342433408.0,1829731.9
CAFZF,Canaf Investments Inc,0.225,6,2,3,2,3,5,2,23,-10.0,13.0,Broken,Avoid/exit,37,0.0,-1.3,-1.0,1.9,0,,Basic Materials,10670894.0,3687.5
FMFC,Kandal M Venture Limited Class A Ordinary Shares,0.232,4,3,2,0,2,6,4,21,-8.0,13.0,Broken,Avoid/exit,28,3.3,-1.9,-6.7,44.9,0,,Consumer Cyclical,4401150.0,2913870.68
QCXGF,QcX Gold Corp,0.2,16,4,6,9,1,2,5,43,-30.0,13.0,Broken,Avoid/exit,47,13.5,13.5,16.5,81.9,3,,Basic Materials,4523365.0,2032.77
BKTH,"Breakthrough Chemistry, Inc.",0.208,6,5,4,5,4,2,2,28,-15.0,13.0,Broken,Avoid/exit,30,7.8,-1.0,-5.7,40.8,1,,Industrials,2023695.0,6644.64
GLNLF,Galan Lithium Limited,0.272,12,5,5,5,1,3,5,36,-23.0,13.0,Broken,Avoid/exit,39,-3.2,3.6,4.6,53.8,1,,Basic Materials,316884160.0,41853.91
YMMCF,YUKON METALS CORP.,0.297,6,11,2,6,6,2,2,35,-22.0,13.0,Broken,Avoid/exit,35,5.4,2.7,-0.2,49.5,1,,Basic Materials,41135552.0,15772.77
FNAUF,Four Nines Gold Inc,0.318,0,3,3,7,3,2,2,20,-5.0,13.0,Broken,Avoid/exit,35,-20.5,-14.6,-17.2,43.1,1,,Basic Materials,26494260.0,0.0
WTXR,West Texas Resources Inc,0.337,4,9,1,5,2,0,5,26,-11.0,13.0,Broken,Avoid/exit,52,-32.6,-37.3,-20.2,44.4,1,,Energy,27605500.0,11298.58
GCTS-WT,"GCT Semiconductor Holding, Inc. WT",0.304,4,5,2,4,2,2,4,23,-10.0,13.0,Broken,Avoid/exit,34,-0.3,-21.5,-10.3,42.3,1,,nan,nan,90947.51
CHEAF,China Eastern Airlines Corporation Limited,0.37,3,3,4,3,3,5,2,23,-10.0,13.0,Broken,Avoid/exit,16,0.0,0.0,-2.9,2.4,0,,Industrials,8179088896.0,3990.5
AENTW,Alliance Entertainment Holding Corporation Warrants,0.362,3,8,2,4,0,2,2,21,-8.0,13.0,Broken,Avoid/exit,28,9.9,-15.7,-8.1,46.0,1,,nan,nan,16645.47
COGNY,Cogna Educacao SA ADR,0.4,8,9,2,0,0,2,2,23,-10.0,13.0,Broken,Avoid/exit,20,11.1,-4.8,-0.8,47.1,0,,Consumer Defensive,800774528.0,20746.5
PBK,PowerBank Corporation,0.448,3,11,8,3,2,2,2,31,-16.0,13.0,Broken,Avoid/exit,0,-5.5,-0.2,-5.8,38.7,1,,Utilities,24010770.0,0.0
AUID,authID Inc.,0.502,6,11,0,1,3,4,2,27,-15.0,13.0,Broken,Avoid/exit,23,3.1,6.2,-9.7,39.7,2,,Technology,7875279.0,2320920.04
LTRE,Learning Tree International Inc,0.5,1,5,1,6,3,7,2,25,-15.0,13.0,Broken,Avoid/exit,36,0.0,0.0,-2.3,41.0,1,,Consumer Defensive,6612174.0,480.78
AISPW,Airship AI Holdings Inc,0.54,7,14,6,2,3,4,5,41,-26.0,13.0,Broken,Avoid/exit,30,5.9,17.1,6.2,52.5,3,,nan,nan,28348.84
EXYNW,"Exyn Technologies, Inc. Warrant",0.58,3,6,7,1,2,2,2,23,-10.0,13.0,Broken,Avoid/exit,0,11.5,-10.8,-9.6,29.3,0,,nan,nan,0.0
TRXA,Trex Acquisition Corp,0.65,1,1,1,8,5,0,2,18,-5.0,13.0,Broken,Avoid/exit,19,-34.3,-34.3,-23.0,15.0,1,,Financial Services,19597460.0,85.98
WCT,Wellchange Holdings Company Limited,0.749,5,5,6,4,0,4,2,26,-13.0,13.0,Broken,Avoid/exit,14,-20.4,-21.9,-16.9,36.9,1,,Technology,3910616.0,1142825.77
DBOXF,D-BOX Technologies Inc,0.8,4,5,2,1,5,4,2,23,-10.0,13.0,Broken,Avoid/exit,49,-1.2,-8.0,-4.0,42.8,0,,Technology,177749264.0,184555.93
CHGG,Chegg Inc,0.802,3,13,4,0,4,2,2,28,-13.0,13.0,Broken,Avoid/exit,20,6.9,0.2,-4.1,42.4,1,,Consumer Defensive,87711712.0,1563107.86
TANAF,Tian'an Technology Group Ltd.,0.81,0,2,1,9,2,0,2,16,-3.0,13.0,Broken,Avoid/exit,15,-38.2,-26.4,-27.4,35.4,0,,Healthcare,35959220.0,6191.27
GROV,"Grove Collaborative Holdings, Inc.",0.995,4,10,0,3,4,0,2,23,-13.0,13.0,Broken,Avoid/exit,25,-4.3,-3.4,-3.3,41.0,2,,Consumer Defensive,41603632.0,59586.24
LITS,"Lite Strategy, Inc.",1.0,15,8,3,7,5,2,3,43,-30,13,Broken,Avoid/exit,37,6.4,11.1,4.1,56.0,3,,Healthcare,33790424.0,390260.45
BRN,Barnwell Industries Inc,0.955,5,6,7,2,0,3,2,25,-15.0,13.0,Broken,Avoid/exit,18,-1.5,-0.5,-2.3,42.4,1,,Energy,13972412.0,301946.88
MTGH,"Mettitech Group Holdings, Inc.",0.003,13,4,4,3,3,3,2,32,-20.0,12.0,Broken,Avoid/exit,50,-9.1,-16.7,-5.7,49.0,0,,Technology,3500000.0,276366.59
ABEPF,Vision Lithium Inc,0.009,7,5,3,6,1,4,5,31,-15.0,12.0,Broken,Avoid/exit,30,-10.4,-2.3,-3.4,49.1,1,,Basic Materials,3106002.0,53975.19
IPSI,Innovative Payment Solutions Inc,0.002,6,3,5,4,0,2,2,22,-10.0,12.0,Broken,Avoid/exit,18,-5.0,-5.0,-11.5,38.9,0,,Technology,1988350.0,1155546.1
PDIV,Premier Development & Investment Inc,0.005,4,8,8,3,0,2,2,27,-15.0,12.0,Broken,Avoid/exit,23,-34.7,-21.7,-32.0,34.4,1,,Basic Materials,1488004.0,138804.77
DOGP,"Dogecoin Cash, Inc.",0.007,3,6,3,6,2,0,2,22,-10.0,12.0,Broken,Avoid/exit,14,-16.5,-1.4,-6.3,42.2,0,,Healthcare,1170785.0,368314.54
TAAG,Awareness Group,0.009,1,7,3,3,4,2,2,22,-10.0,12.0,Broken,Avoid/exit,33,12.5,-15.1,-14.9,39.5,1,,Communication Services,536479.0,30256.46
MAJI,Marijuana Inc.,0.008,3,8,7,3,4,0,2,27,-13.0,12.0,Broken,Avoid/exit,19,-6.2,-6.2,-6.8,44.8,2,,Healthcare,482026.0,586748.5
GYGC,Guyana Gold Corp,0.004,10,4,3,2,3,3,2,27,-15.0,12.0,Broken,Avoid/exit,48,0.0,-4.8,-1.9,47.7,1,,Financial Services,437156.0,28129.84
ADRLF,Adavale Resources Limited,0.02,6,6,4,2,4,3,2,27,-15.0,12.0,Broken,Avoid/exit,16,0.0,0.0,-6.2,30.6,1,,Energy,7880423.0,125.95
ACMB,Agro Capital Management Corp,0.011,3,5,8,0,2,2,2,22,-10.0,12.0,Broken,Avoid/exit,18,-9.8,0.0,-11.0,38.2,0,,Industrials,4695466.0,106350.97
PMEDF,Predictmedix Inc,0.02,3,4,5,5,3,2,2,24,-8.0,12.0,Broken,Avoid/exit,10,-9.1,0.0,-7.7,41.0,0,,Healthcare,4381750.0,19960.19
BNCWW,CEA Industries Inc.,0.015,1,9,0,6,2,0,2,20,-8.0,12.0,Broken,Avoid/exit,16,-1.3,-62.8,-33.3,40.9,0,,nan,nan,14691.5
NVNIW,Nvni Group Limited Warrants,0.028,1,7,2,6,4,0,2,22,-10.0,12.0,Broken,Avoid/exit,33,-29.6,1.8,-8.0,48.4,0,,nan,nan,11682.05
SPARF,Spark Energy Minerals Inc.,0.033,4,4,8,7,3,4,5,35,-23.0,12.0,Broken,Avoid/exit,40,-9.6,-17.1,-5.3,46.6,1,,Basic Materials,7255515.0,16367.92
AIGFF,Genesis AI Corp.,0.04,1,10,3,2,3,4,2,25,-13.0,12.0,Broken,Avoid/exit,29,-0.5,-0.5,-9.3,41.8,1,,Technology,286929.0,8688.14
CXAIW,CXApp Inc.,0.035,1,7,1,5,4,2,2,22,-10.0,12.0,Broken,Avoid/exit,21,-3.3,-30.2,-17.6,36.6,1,,Technology,nan,66394.53
NLPXF,Noble Mineral Exploration Inc,0.043,6,3,5,3,0,0,2,19,-10.0,12.0,Broken,Avoid/exit,24,-2.0,-8.1,-7.0,45.2,0,,Basic Materials,11864083.0,74938.45
BTKRF,Black Tusk Resources Inc,0.038,10,4,2,12,5,2,5,40,-28.0,12.0,Broken,Avoid/exit,26,-14.4,11.9,-1.0,50.4,3,,Basic Materials,7651961.0,46793.36
STTDF,Standard Uranium Ltd.,0.058,4,7,4,2,4,2,2,25,-13.0,12.0,Broken,Avoid/exit,18,16.4,-3.0,2.1,50.6,2,,Energy,9453310.0,79974.02
IMIMF,Interra Copper Corp,0.058,16,9,2,2,4,4,5,42,-30,12,Broken,Avoid/exit,32,24.3,21.7,6.0,52.0,3,,Basic Materials,5659884.0,52820.36
CRACW,Crown Reserve Acquisition Corp. I Warrant,0.055,1,7,0,6,4,4,2,24,-8.0,12.0,Broken,Avoid/exit,17,-8.2,-52.1,-18.1,45.1,1,,nan,nan,0.0
FASLF,First Andes Silver Ltd.,0.067,14,11,5,2,1,3,4,40,-28,12,Broken,Avoid/exit,39,3.5,12.7,4.7,54.9,3,,Basic Materials,5850192.0,71804.69
QGAI,Quantum Genesis AI Corp.,0.07,7,5,8,3,0,2,2,27,-15.0,12.0,Broken,Avoid/exit,0,-6.7,-21.3,-15.7,44.3,1,,Basic Materials,3277763.0,0.0
DTREF,Dateline Resources Limited,0.075,3,10,4,2,4,2,2,27,-13.0,12.0,Broken,Avoid/exit,18,2.6,7.1,-6.9,41.8,1,,Basic Materials,285017824.0,4231448.88
VSBGF,VSBLTY Groupe Technologies Corp,0.052,5,4,6,10,0,0,2,27,-11.0,12.0,Broken,Avoid/exit,21,-48.0,-5.5,-21.6,45.8,1,,Technology,8614626.0,14891.06
USCUF,US Copper Corp,0.096,3,7,4,5,3,4,3,29,-15.0,12.0,Broken,Avoid/exit,25,-7.1,-19.5,-5.3,43.1,1,,Basic Materials,14754196.0,425193.16
TCEFF,Tisdale Clean Energy Corp.,0.096,16,2,6,5,6,2,5,42,-30,12,Broken,Avoid/exit,54,1.6,11.8,10.8,60.9,3,,Energy,5772619.0,7129.77
RIGMF,Ridgestone Mining Inc,0.096,2,12,1,0,8,0,2,25,-13.0,12.0,Broken,Avoid/exit,12,12.7,-36.6,-12.8,44.9,2,,Basic Materials,1489808.0,2074.15
BMCLF,BAIC Motor Corporation Limited,0.108,3,4,3,4,3,3,2,22,-10.0,12.0,Broken,Avoid/exit,11,0.0,0.0,-4.6,0.0,0,,Consumer Cyclical,1198292992.0,398.0
SIOLY,Sino-Ocean Group Holding Ltd ADR,0.1,3,1,7,5,0,4,2,22,-10.0,12.0,Broken,Avoid/exit,23,-13.8,-27.8,-14.0,34.8,0,,Real Estate,63325000.0,2558.3
ICABY,I-Cable Communications Ltd ADR,0.11,3,7,4,6,3,2,2,27,-15.0,12.0,Broken,Avoid/exit,18,0.0,0.0,-4.2,36.0,1,,Communication Services,39240428.0,131.23
BRWXF,Brunswick Exploration Inc.,0.11,4,8,3,2,4,4,5,30,-18.0,12.0,Broken,Avoid/exit,20,-8.3,-7.0,-2.8,48.4,1,,Basic Materials,30780742.0,91118.33
BTCY,Biotricity Inc,0.12,7,12,6,6,3,4,4,42,-30,12,Broken,Avoid/exit,23,-0.7,10.5,3.9,52.2,3,,Healthcare,2428241.0,56659.97
SRAFF,Sandfire Resources America Inc,0.16,7,8,2,2,3,0,2,24,-15.0,12.0,Broken,Avoid/exit,22,-0.2,-0.2,-2.8,47.9,1,,Basic Materials,154628592.0,69342.56
PBIGF,Paradigm Biopharmaceuticals Limited,0.165,17,4,5,5,3,2,5,41,-29,12,Broken,Avoid/exit,42,16.5,65.2,21.3,63.2,3,,Healthcare,109232768.0,9954.55
TGLO,theglobe.com Inc,0.159,0,3,5,6,4,0,2,20,-8.0,12.0,Broken,Avoid/exit,16,-11.3,-20.3,-12.6,42.4,0,,Financial Services,75051680.0,38143.0
SMOFF,Sonoro Gold Corp,0.151,2,4,3,7,3,2,5,26,-15.0,12.0,Broken,Avoid/exit,28,0.6,-1.4,-1.6,48.3,1,,Basic Materials,49288124.0,213868.18
KARX,KARX,0.161,2,11,4,0,4,2,2,25,-13.0,12.0,Broken,Avoid/exit,21,12.9,-15.3,-7.8,42.1,2,,Industrials,14266903.0,25797.48
ASPSZ,Altisource Portfolio Solutions S.A.,0.185,3,9,4,0,2,0,2,20,-6.0,12.0,Broken,Avoid/exit,25,-15.9,-7.5,-11.1,41.0,0,,nan,nan,16998.44
CRAQR,Cal Redwood Acquisition Corp. Right,0.16,3,9,1,3,4,0,2,22,-6.0,12.0,Broken,Avoid/exit,22,-23.8,-30.4,-17.4,42.0,0,,nan,nan,0.0
ADYRF,Adyton Resources Corporation,0.238,18,3,4,2,4,6,5,42,-30,12,Broken,Avoid/exit,51,32.6,24.3,16.0,72.0,3,,Basic Materials,74916960.0,3226.1
GTHP,Guided Therapeutics Inc,0.235,0,2,1,10,0,2,2,17,-5.0,12.0,Broken,Avoid/exit,36,-13.0,-19.0,-10.3,41.7,1,,Healthcare,24134338.0,13763.28
XAGE,"Longevity Health Holdings, Inc.",0.21,3,6,2,9,0,3,2,25,-13.0,12.0,Broken,Avoid/exit,22,-5.4,-5.4,-14.8,42.3,1,,Consumer Defensive,685663.0,2089.6
PACHW,Pioneer Acquisition I Corp Warrants,0.21,3,3,1,8,1,0,2,18,-6.0,12.0,Broken,Avoid/exit,24,-12.5,-8.7,-8.2,42.5,0,,nan,nan,0.0
ICGSF,ICG Silver & Gold Ltd.,0.221,3,6,7,1,2,0,3,22,-10.0,12.0,Broken,Avoid/exit,0,-8.0,-5.4,-9.6,46.1,0,,Basic Materials,nan,0.0
SPHXF,SM Prime Holdings Inc,0.267,1,4,6,3,3,3,2,22,-10.0,12.0,Broken,Avoid/exit,30,0.0,0.0,-2.9,28.5,0,,Real Estate,7620299776.0,0.0
SRCGF,Spruce Ridge Resources Ltd,0.282,4,7,6,6,3,4,4,34,-20.0,12.0,Broken,Avoid/exit,36,-5.9,-10.8,-3.6,45.9,0,,Basic Materials,66882708.0,99036.8
AHNRF,Athena Gold Corp,0.26,13,14,2,2,6,0,5,42,-30,12,Broken,Avoid/exit,44,-16.1,23.8,6.4,52.9,3,,Basic Materials,8608015.0,18144.82
BLSRF,Blast Resources Inc.,0.25,7,5,3,2,0,6,2,25,-13.0,12.0,Broken,Avoid/exit,0,0.0,0.0,6.2,50.2,1,,Basic Materials,nan,0.0
NXGL,Nexgel Inc,0.35,0,4,0,11,2,0,2,19,-5.0,12.0,Broken,Avoid/exit,23,-9.6,-28.4,-12.1,42.9,1,,Healthcare,3470168.0,384411.49
ENSC,Ensysce Biosciences Inc,0.399,10,8,4,4,4,5,5,40,-28.0,12.0,Broken,Avoid/exit,42,5.6,14.3,6.2,55.6,3,,Healthcare,8016199.0,7092577.49
NIKA,Nika BioTechnology Inc,0.41,4,3,5,5,2,5,2,26,-10.0,12.0,Broken,Avoid/exit,26,-2.4,-2.4,-14.0,35.4,0,,Healthcare,440380192.0,707.07
NEXUF,Nexus Uranium Corp.,0.483,9,6,2,3,5,0,5,30,-18.0,12.0,Broken,Avoid/exit,31,-10.6,-13.8,-3.6,48.2,1,,Basic Materials,8738743.0,2293.09
BTTC,Black Titan Corporation,0.47,0,2,0,8,0,0,2,12,0.0,12.0,Broken,Avoid/exit,18,-23.0,-26.0,-25.7,23.3,0,,nan,5269867.0,1100042.52
RBRS,RBRS,0.45,12,4,1,9,0,5,2,33,-20.0,12.0,Broken,Avoid/exit,33,-52.6,328.6,-14.3,48.7,3,,Financial Services,738625.0,119.92
PMCB,PharmaCyte Biotech Inc,0.54,6,10,6,1,4,2,2,31,-19.0,12.0,Broken,Avoid/exit,23,5.0,-1.8,-3.0,39.4,2,,Healthcare,5802618.0,1198688.91
BBOE,Black Box Entertainment Ltd,0.59,3,5,3,3,3,3,2,22,-10.0,12.0,Broken,Avoid/exit,23,1.7,-3.3,-2.3,16.6,0,,Financial Services,8155248.0,385.81
TNYA,Tenaya Therapeutics Inc,0.695,1,7,9,2,2,2,2,25,-13.0,12.0,Broken,Avoid/exit,23,0.7,-5.2,-3.5,41.9,1,,Healthcare,156108944.0,3912132.08
GWLL,Goldenwell Biotech Inc,0.7,1,3,3,5,6,2,2,22,-10.0,12.0,Broken,Avoid/exit,33,-9.1,-9.1,-8.6,22.5,0,,Consumer Defensive,69300000.0,155.51
DTSS,Datasea Inc,0.72,4,10,4,0,3,2,2,25,-11.0,12.0,Broken,Avoid/exit,22,-2.4,-2.7,-3.2,44.5,2,,Technology,7313007.0,191672.58
NASO,The GNS Group Inc,0.784,3,4,3,5,3,7,2,27,-15.0,12.0,Broken,Avoid/exit,40,0.0,0.0,-23.1,14.9,1,,Consumer Defensive,1763246.0,1071.48
LNGPF,Longfor Group Holdings Limited,0.817,3,3,1,4,3,3,2,19,-10.0,12.0,Broken,Avoid/exit,11,0.0,-7.4,-5.1,21.8,0,,Real Estate,5604543488.0,619.11
ETS,Elite Express Holding Inc. Class A Common Stock,0.85,4,9,0,6,7,0,2,28,-16.0,12.0,Broken,Avoid/exit,47,-21.3,-20.6,-15.3,40.3,1,,Industrials,39382556.0,98730.03
TOLUF,Tolu Minerals Limited,0.885,7,3,1,4,3,1,5,24,-15.0,12.0,Broken,Avoid/exit,27,-4.9,0.0,-0.2,49.7,1,,Basic Materials,248672544.0,1017.41
DDCCF,DIC Asset AG,0.921,3,3,7,6,3,3,2,27,-15.0,12.0,Broken,Avoid/exit,9,-1.9,-6.7,-5.5,36.1,1,,Real Estate,76963840.0,1091.5
SDEV,Stablecoin Development Corporation,0.979,3,11,7,3,4,0,2,30,-18.0,12.0,Broken,Avoid/exit,23,-12.6,-2.1,-7.0,42.6,1,,Financial Services,49096976.0,595648.75
VYCXX,Voya Funds Trust - Government Money Market Fund Series II,1.0,3,4,2,6,3,2,2,22,-10.0,12.0,Broken,Avoid/exit,35,0.0,-0.0,-0.0,38.8,0,,nan,nan,0.0
SWSXX,Northern Institutional Funds - Treasury Portfolio,1.0,2,5,1,4,3,0,2,17,-8.0,12.0,Broken,Avoid/exit,26,0.0,-72.1,-31.5,41.0,0,,nan,nan,0.0
FRQN,"Frequency Holdings, Inc.",0.006,4,4,1,3,0,2,5,19,-8.0,11.0,Broken,Avoid/exit,43,-21.4,-85.9,-42.3,46.1,0,,Technology,15934070.0,36889.04
PTEL,Pegasus Tel Inc,0.004,4,7,5,5,2,2,4,29,-18.0,11.0,Broken,Avoid/exit,22,-11.1,-4.8,-7.4,46.3,1,,Financial Services,12521428.0,862958.87
BWMG,Brownie's Marine Group Inc,0.003,0,2,1,9,2,0,2,16,-1.0,11.0,Broken,Avoid/exit,15,-58.1,-58.1,-50.6,36.4,0,,Consumer Cyclical,3446374.0,0.0
VVWT,VIVA World Trade Inc,0.004,0,2,1,9,0,2,2,16,-5.0,11.0,Broken,Avoid/exit,10,-57.0,-60.9,-50.4,36.1,1,,nan,1781999.0,87689.84
PTOS,P2 Solar Inc,0.009,4,4,3,5,5,0,2,23,-10.0,11.0,Broken,Avoid/exit,24,-17.4,-17.4,-14.0,42.0,0,,Technology,1285715.0,19054.45
IPNFF,ImagineAR Inc,0.003,2,5,0,7,0,0,2,16,-5.0,11.0,Broken,Avoid/exit,17,-27.8,-25.7,-29.5,44.9,2,,Technology,1190482.0,60520.06
AIMN,"Lee Pharmaceuticals, Inc.",0.001,4,8,8,0,2,2,2,26,-15.0,11.0,Broken,Avoid/exit,21,0.0,-22.2,-28.7,41.1,0,,Financial Services,396163.0,664903.45
BRUZF,Canada Carbon Inc.,0.002,3,4,7,4,0,3,2,23,-15.0,11.0,Broken,Avoid/exit,13,0.0,0.0,-24.0,13.5,1,,Basic Materials,363422.0,4831.5
VITFF,Victoria Gold Corp,0.0,6,7,2,0,2,2,2,21,-6.0,11.0,Broken,Avoid/exit,24,0.0,-87.5,-87.0,43.1,0,,Basic Materials,213336.0,73788.26
ADNH,"Advent Technologies Holdings, Inc.",0.001,3,3,3,10,3,4,5,31,-20.0,11.0,Broken,Avoid/exit,19,175.0,-47.6,-97.0,23.0,0,10,Industrials,4167.0,10322.4
SWVLW,Swvl Holdings Corp Warrant,0.008,13,4,0,3,2,5,2,29,-18.0,11.0,Broken,Avoid/exit,44,-3.5,0.0,-3.9,48.9,0,,Technology,nan,46535.4
FRQND,"Frequency Holdings, Inc.",0.006,4,4,1,3,0,2,5,19,-8.0,11.0,Broken,Avoid/exit,43,-21.4,-85.9,-42.3,46.1,0,,Technology,nan,36889.04
EWPMF,East West Petroleum Corp,0.02,0,1,0,8,3,2,2,16,-5.0,11.0,Broken,Avoid/exit,29,-83.3,-80.0,-77.0,23.7,1,,Energy,1988439.0,2829.0
BTMCQ,Bitcoin Depot Inc.,0.02,3,5,7,4,3,2,2,26,-15.0,11.0,Broken,Avoid/exit,12,0.0,0.0,-42.1,26.3,1,,Financial Services,226971.0,277877.18
RDCT,"Redacted Industries, Inc.",0.011,16,5,4,2,5,2,5,39,-28,11,Broken,Avoid/exit,28,39.0,62.9,7.0,51.4,2,,Communication Services,74647.0,51602.59
ICUCW,SeaStar Medical Holding Corporation,0.017,1,9,4,6,2,2,2,26,-13.0,11.0,Broken,Avoid/exit,18,-17.6,-12.2,-14.0,43.4,0,,nan,nan,74742.55
SLXNW,Biomotion Sciences Warrant,0.014,4,11,1,0,3,2,2,23,-10.0,11.0,Broken,Avoid/exit,14,8.5,-36.1,-25.7,44.2,0,,nan,nan,54456.19
CFCI,CIPHER-CORE Inc.,0.021,1,5,0,4,3,4,2,19,-8.0,11.0,Broken,Avoid/exit,14,-47.0,-47.0,-36.0,12.1,0,,Technology,21128650.0,136.63
MDXHF,MedX Health Corp,0.025,3,4,3,4,3,7,2,26,-15.0,11.0,Broken,Avoid/exit,22,0.0,0.0,-9.4,34.7,1,,Healthcare,8198308.0,5657.26
SWISF,Sekur Private Data Ltd,0.028,5,9,1,8,3,2,2,30,-20.0,11.0,Broken,Avoid/exit,10,-16.1,11.3,-7.2,46.2,3,,Technology,7581110.0,127165.28
BUDZ,Weed Inc,0.03,12,5,6,5,1,7,5,41,-28,11,Broken,Avoid/exit,40,-0.3,12.4,6.8,57.7,3,,Healthcare,4449380.0,69013.83
GDLNF,Greenland Minerals And Energy Ltd,0.04,16,5,4,6,3,2,5,41,-30,11,Broken,Avoid/exit,39,33.3,9.9,7.1,53.4,2,,Basic Materials,110625024.0,608896.48
LKYRF,Locksley Resources Limited,0.037,2,11,1,3,3,2,2,24,-13.0,11.0,Broken,Avoid/exit,20,-7.8,-32.9,-9.2,45.5,1,,Basic Materials,15029031.0,231232.77
TGCB,Tego Cyber Inc,0.033,1,10,5,0,3,2,5,26,-13.0,11.0,Broken,Avoid/exit,22,-3.3,-11.7,1.1,49.2,2,,Technology,2637248.0,41368.65
SBFMW,Sunshine Biopharma Inc. Warrant,0.04,5,7,2,8,0,2,2,26,-13.0,11.0,Broken,Avoid/exit,27,30.6,-33.7,-16.5,47.1,1,,nan,nan,0.0
BHSIF,Bayhorse Silver Inc,0.047,15,5,6,5,3,2,5,41,-30,11,Broken,Avoid/exit,40,-5.6,18.0,10.3,60.9,3,,Basic Materials,19504484.0,239999.76
TMKEF,TMK Energy Limited,0.06,1,1,1,8,2,3,5,21,-6.0,11.0,Broken,Avoid/exit,32,-77.8,-77.8,-72.2,24.2,1,,Energy,16183747.0,89.43
RNVT,Renovate Neighborhoods Inc,0.051,8,4,7,4,4,1,2,30,-15.0,11.0,Broken,Avoid/exit,37,0.0,-15.7,-1.9,50.1,1,,Financial Services,13508040.0,1007.83
UMGP,Universal Media Group Inc,0.055,5,3,9,4,3,0,2,26,-15.0,11.0,Broken,Avoid/exit,21,-12.7,0.0,-5.8,43.9,1,,Communication Services,2023770.0,29936.78
EBZT,Everything Blockchain Inc.,0.07,1,4,8,5,0,6,2,26,-15.0,11.0,Broken,Avoid/exit,30,0.0,-6.7,-13.0,41.2,0,,Technology,2147006.0,59016.39
DDOSF,Corero Network Security plc,0.079,0,4,0,7,0,0,2,13,2.0,11.0,Broken,Avoid/exit,10,-20.8,-27.2,-28.4,16.9,0,,Technology,40563476.0,7128.94
BGTTF,Billy Goat Brands Ltd,0.072,8,5,1,9,5,2,5,35,-24.0,11.0,Broken,Avoid/exit,19,-20.6,78.7,-4.1,49.5,3,,Financial Services,11083213.0,25175.94
CHKKF,Chakana Copper Corp,0.075,5,5,1,1,3,4,2,21,-10.0,11.0,Broken,Avoid/exit,19,-14.8,-6.2,-8.3,44.7,0,,Basic Materials,3799888.0,23407.8
AGRTF,Bullfrog Gold Corporation,0.09,4,4,2,5,4,5,2,26,-15.0,11.0,Broken,Avoid/exit,40,0.0,0.0,-6.5,35.4,1,,Basic Materials,7565738.0,2119.29
ROIUF,Route1 Inc,0.083,3,4,2,6,3,6,2,26,-15.0,11.0,Broken,Avoid/exit,41,0.0,-12.8,-9.0,34.3,1,,Technology,3890527.0,3247.0
AUEEF,Aura Energy Limited,0.1,5,14,6,2,3,4,2,36,-28,11,Broken,Avoid/exit,38,17.5,11.0,6.6,51.5,4,,Energy,94502240.0,0.0
GRRLF,Grange Resources Ltd,0.104,3,5,5,1,0,5,2,21,-10.0,11.0,Broken,Avoid/exit,22,4.0,4.0,-1.5,47.1,0,,Basic Materials,151801776.0,48776.84
AVAI,Avant Technologies Inc.,0.114,2,8,8,3,2,4,2,29,-18.0,11.0,Broken,Avoid/exit,9,-3.6,-9.0,-9.6,41.5,1,,Technology,17392570.0,118527.88
AUIAF,Aurania Resources Ltd,0.126,2,6,6,1,5,2,2,24,-13.0,11.0,Broken,Avoid/exit,35,5.2,-4.4,-4.2,43.1,2,,Basic Materials,16664500.0,18814.0
STKXF,StrikePoint Gold Inc,0.11,3,8,4,0,6,0,2,23,-15.0,11.0,Broken,Avoid/exit,29,0.0,7.6,-2.3,45.4,1,,Basic Materials,6905337.0,81286.92
CMAUF,Chibougamau Independent Mines Inc,0.11,3,4,2,3,3,1,2,18,-10.0,11.0,Broken,Avoid/exit,15,0.0,0.0,-8.8,29.3,0,,Basic Materials,6793071.0,2021.14
SMRVF,Smooth Rock Ventures Corp,0.139,3,6,4,0,3,3,2,21,-10.0,11.0,Broken,Avoid/exit,24,3.0,3.0,-7.4,34.0,0,,Basic Materials,2717819.0,4525.19
NRHI,Natural Resource Holdings Inc.,0.106,3,3,6,0,5,7,2,26,-15.0,11.0,Broken,Avoid/exit,45,0.0,0.0,-5.5,25.4,1,,Basic Materials,592528.0,938.32
QTEYF,Questerre Energy Corporation,0.18,8,3,3,3,1,1,2,21,-15.0,11.0,Broken,🔥 COILED: Avoid/exit,21,0.0,0.0,-1.6,42.3,1,,Energy,81497344.0,2160.0
EMCHF,EML Payments Limited,0.199,3,4,2,5,3,7,2,26,-15.0,11.0,Broken,Avoid/exit,13,0.0,0.0,-6.1,0.0,1,,Technology,77583280.0,989.59
SRKE,Strake Inc.,0.16,4,1,3,6,6,4,2,26,-15.0,11.0,Broken,Avoid/exit,39,0.0,-8.6,-4.3,17.9,1,,Consumer Defensive,615558.0,811.41
NCFFF,Northcliff Resources Ltd,0.212,6,4,6,0,1,0,4,21,-10.0,11.0,Broken,Avoid/exit,34,-7.0,-7.7,-4.2,42.6,0,,Basic Materials,133963824.0,11442.39
ARAI,Arrive AI Inc.,0.231,3,6,9,0,2,4,2,26,-15.0,11.0,Broken,Avoid/exit,15,-3.9,-3.9,-10.0,34.2,1,,Technology,12222034.0,3505380.53
SIMEF,Sime Darby Property Berhad,0.291,1,3,2,3,3,7,2,21,-10.0,11.0,Broken,Avoid/exit,26,0.0,0.0,-5.6,0.0,0,,Real Estate,1981084416.0,28.37
ELTP,Elite Pharma Inc,0.29,1,3,1,6,4,4,2,21,-10.0,11.0,Broken,Avoid/exit,10,-3.4,-19.5,-10.0,20.0,0,,Healthcare,312369536.0,684002.0
EMOTF,Emerita Resources Corp,0.262,6,4,4,12,3,0,5,34,-23.0,11.0,Broken,Avoid/exit,32,-14.8,-14.6,-6.7,43.8,1,,Basic Materials,85724328.0,124441.28
GAMB,Gambling.com Group Ltd,0.252,3,6,1,3,4,6,3,26,-13.0,11.0,Broken,Avoid/exit,16,1.6,-0.8,-63.3,30.9,2,,Consumer Cyclical,64852964.0,693044.36
SPWR,"Complete Solaria, Inc",0.296,7,9,3,13,2,2,2,38,-27.0,11.0,Broken,Avoid/exit,18,16.7,22.4,-2.6,41.7,4,,Technology,62513804.0,2669311.24
CAMZF,Camino Minerals Corporation,0.296,1,5,6,3,3,4,2,24,-13.0,11.0,Broken,Avoid/exit,18,-13.2,-16.1,-8.7,39.5,0,,Basic Materials,25440914.0,14465.84
ABCP,Ambase Corp,0.285,17,5,6,5,3,0,5,41,-30,11,Broken,Avoid/exit,54,-1.0,18.8,5.2,62.0,3,,Real Estate,24207388.0,16273.03
EDVA,"Splash Beverage Group, Inc.",0.32,10,3,8,7,3,1,2,34,-23.0,11.0,Broken,Avoid/exit,36,-24.7,-18.8,-12.9,46.8,1,,Healthcare,2340570.0,2949315.12
EVIIF,Eastport Critical Metals Corp.,0.348,8,6,3,9,2,3,2,33,-20.0,11.0,Broken,Avoid/exit,0,-6.3,33.6,-1.9,46.9,3,,Basic Materials,nan,0.0
VTLSF,Vitalist Inc.,0.408,1,10,5,0,4,2,2,24,-13.0,11.0,Broken,Avoid/exit,24,4.4,-13.1,-5.3,42.2,1,,Technology,26244744.0,3846.18
GIPR,Generation Income Properties Inc,0.449,6,6,0,10,2,2,2,28,-17.0,11.0,Broken,Avoid/exit,35,53.8,-36.3,-18.0,44.9,1,8,Real Estate,899567.0,2108647.33
SVAQW,Silicon Valley Acquisition Corp. Warrants,0.431,6,9,1,6,2,2,2,28,-17.0,11.0,Broken,Avoid/exit,0,7.8,-7.4,-9.8,45.9,1,,nan,nan,0.0
GAUZ,Gauzy Ltd. Ordinary Shares,0.451,13,7,4,4,4,2,5,39,-28,11,Broken,Avoid/exit,37,36.7,-5.5,11.9,55.4,1,,Technology,11482322.0,1696969.18
SLGB,Smart Logistics Global Limited Ordinary Shares,0.502,4,5,7,3,0,2,2,23,-13.0,11.0,Broken,Avoid/exit,31,0.8,-16.7,-7.6,44.5,1,,Industrials,23265000.0,3273953.5
HMBAF,Humble Group AB (publ),0.59,3,5,2,5,3,3,2,23,-15.0,11.0,Broken,Avoid/exit,0,0.0,0.0,-2.7,0.0,1,,Consumer Defensive,265237104.0,0.0
JSPR,Jasper Therapeutics Inc,0.699,8,4,4,0,3,2,5,26,-15.0,11.0,Broken,Avoid/exit,30,1.2,-19.0,-3.7,48.2,1,,Healthcare,23891134.0,1182103.74
MATH,Metalpha Technology Holding Limited,0.834,7,8,2,0,2,2,2,23,-12.0,11.0,Broken,Avoid/exit,26,11.9,1.9,-0.2,48.1,0,,Financial Services,40771796.0,67717.27
OFAL,OFAL,0.865,9,5,2,5,0,5,5,31,-23.0,11.0,Broken,Avoid/exit,55,0.6,-46.9,3.1,52.7,1,,Industrials,2470917.0,1510139.8
BONL,Bonal International Inc,0.89,5,1,3,5,4,1,2,21,-10.0,11.0,Broken,Avoid/exit,25,-6.3,-6.3,-5.9,7.6,0,,Industrials,1555650.0,201.64
EZGO,EZGO Technologies Ltd,0.956,4,4,4,7,0,2,3,24,-13.0,11.0,Broken,Avoid/exit,20,-16.9,-22.3,-8.9,42.5,1,,Consumer Cyclical,2268082.0,413367.32
GVDI,Golden Valley Development Inc,0.005,0,7,0,8,3,0,2,20,-6.0,10.0,Broken,Avoid/exit,18,-30.9,-30.9,-26.1,21.1,2,,Financial Services,3215313.0,13980.2
PLGNF,Playgon Games Inc,0.004,4,8,3,7,3,3,2,30,-20.0,10.0,Broken,Avoid/exit,23,0.0,33.3,-2.0,43.6,3,,Consumer Cyclical,2205136.0,14811.0
PSYCF,Psyched Wellness Ltd,0.005,8,5,2,6,2,0,2,25,-15.0,10.0,Broken,Avoid/exit,19,-4.0,-20.0,-14.8,41.4,1,,Consumer Defensive,2038579.0,68393.87
TNMD,Tianrong Medical Group Inc,0.003,1,3,3,4,3,0,3,17,-10.0,10.0,Broken,Avoid/exit,32,0.0,-36.0,-13.9,35.0,0,,Real Estate,1600000.0,4618.33
CMFO,China Marine Food Gr,0.003,4,4,6,0,0,4,2,20,-10.0,10.0,Broken,Avoid/exit,21,0.0,-14.3,-7.4,38.6,0,,Financial Services,929168.0,574.03
SGTB,Kuboo Inc,0.005,12,6,10,4,3,0,5,40,-30.0,10.0,Broken,Avoid/exit,15,-4.0,26.3,3.2,50.3,3,,Financial Services,883080.0,40218.34
JSHG,Joshua Gold Resources Inc,0.002,1,2,4,9,0,0,2,18,-8.0,10.0,Broken,Avoid/exit,34,-25.9,-13.0,-20.0,35.9,0,,Basic Materials,743434.0,221453.55
JFTH,"Japan Food Tech Holdings, Inc.",0.006,8,7,4,0,0,2,2,23,-13.0,10.0,Broken,Avoid/exit,26,18.2,-11.0,-22.7,46.9,2,,Industrials,622106.0,4328.08
CGUD,Com-Guard.Com Inc,0.001,3,4,5,3,3,5,2,25,-15.0,10.0,Broken,Avoid/exit,34,0.0,0.0,-1.8,29.1,1,,Technology,592289.0,251820.01
TRWD,TRWD,0.008,6,9,4,0,2,6,2,29,-19.0,10.0,Broken,Avoid/exit,18,-25.0,4.0,-17.6,41.8,1,,Consumer Defensive,360010.0,248368.24
ELEK,China Xuefeng Environmental Engineering Inc,0.004,1,10,1,6,0,0,2,20,-10.0,10.0,Broken,Avoid/exit,23,-4.5,-8.7,-28.6,26.0,0,,Consumer Cyclical,299343.0,947931.99
MLYCF,American CuMo Mining Corporation,0.001,4,3,1,4,3,3,2,20,-10.0,10.0,Broken,Avoid/exit,24,0.0,-23.1,-13.7,18.8,0,,Basic Materials,251281.0,12975.76
LNBY,Lanbay Inc,0.003,4,6,3,5,0,1,2,21,-10.0,10.0,Broken,Avoid/exit,19,0.0,0.0,-17.7,40.9,0,,Consumer Cyclical,90000.0,827.0
BHATF,Blue Hat Interactive Entertainment Technology,0.001,5,4,2,3,2,2,2,20,-13.0,10.0,Broken,Avoid/exit,18,0.0,-83.3,-79.8,40.2,1,,Communication Services,3098.0,348454.58
TNONW,"Tenon Medical, Inc. Warrant",0.01,10,7,0,4,2,0,2,25,-13.0,10.0,Broken,Avoid/exit,30,-6.5,26.6,-1.0,50.1,2,,Healthcare,nan,56733.93
VMTG,Victor Mining Industry Group Inc,0.019,6,8,3,0,4,0,2,23,-13.0,10.0,Broken,Avoid/exit,12,0.0,-24.0,-33.9,35.9,1,,Industrials,33495288.0,78842.96
BSTO,Blue Star Opportunities Corp,0.017,0,5,5,2,2,2,2,18,-8.0,10.0,Broken,Avoid/exit,13,-32.0,-32.0,-24.5,30.7,0,,Basic Materials,2111786.0,9711.67
BLEGD,BLEGD,0.014,13,6,5,4,0,2,2,32,-18,10,Broken,Avoid/exit,29,90.3,90.3,8.0,50.6,3,10,nan,18529.0,16687.18
LNZAW,LanzaTech Global Inc.,0.014,0,2,0,8,0,0,2,12,0.0,10.0,Broken,Avoid/exit,34,-22.3,-33.0,-18.1,39.8,0,,Industrials,nan,45472.8
DSYWW,Big Tree Cloud Holdings Limited Warrants,0.015,5,5,3,0,0,2,2,17,-10.0,10.0,Broken,Avoid/exit,24,-12.4,1.4,-14.4,45.9,0,,nan,nan,22211.67
AMODW,"Alpha Modus Holdings, Inc.",0.018,2,8,3,0,0,2,2,17,-10.0,10.0,Broken,Avoid/exit,10,-35.9,-18.8,-33.9,42.6,0,,nan,nan,10937.12
MTDTF,MTDTF,0.02,8,10,5,4,2,4,2,35,-21.0,10.0,Broken,Avoid/exit,25,-7.8,10.5,-0.2,49.0,2,,nan,nan,56692.63
GCEI,Global Clean Energy Inc,0.029,0,3,8,5,4,0,2,22,-10.0,10.0,Broken,Avoid/exit,22,-3.3,-8.5,-5.0,46.1,0,,Industrials,17360430.0,274516.97
BHLIF,Bradda Head Lithium Limited,0.026,4,4,0,5,3,2,2,20,-10.0,10.0,Broken,Avoid/exit,34,0.0,-29.8,-15.8,23.0,0,,Basic Materials,14536211.0,8005.99
KAVL,Kaival Brands Innovations Group Inc,0.023,1,9,6,8,3,4,5,36,-26.0,10.0,Broken,Avoid/exit,28,-6.6,-29.9,-11.1,45.2,1,,Consumer Defensive,429778.0,766273.15
ARBEW,Arbe Robotics Ltd. Warrant,0.026,1,8,6,4,4,0,2,25,-13.0,10.0,Broken,Avoid/exit,22,-4.3,-12.0,-8.9,45.6,1,,nan,nan,25690.78
LVWR-WT,LVWR-WT,0.028,4,6,3,0,3,2,2,20,-10.0,10.0,Broken,Avoid/exit,34,7.7,-16.7,-7.3,48.0,0,,nan,nan,73579.9
BESAF,Besra Gold Inc.,0.04,6,4,4,3,3,3,2,25,-15.0,10.0,Broken,Avoid/exit,37,0.0,0.0,-10.7,9.4,1,,Basic Materials,16724035.0,19.44
NBBTF,Natural Beauty Bio-Technology Limited,0.05,0,1,0,7,0,0,2,10,0.0,10.0,Broken,Avoid/exit,14,-18.0,-18.0,-12.8,0.9,0,,Consumer Defensive,100105048.0,978.0
PCLOF,Pharmacielo Ltd,0.048,5,13,6,4,3,2,2,35,-28.0,10.0,Broken,Avoid/exit,37,9.1,41.2,3.3,50.5,3,,Healthcare,8806056.0,52911.07
NKWFF,Oceanic Wind Energy Inc,0.045,3,1,2,6,6,0,2,20,-10.0,10.0,Broken,Avoid/exit,39,0.0,-39.8,-25.9,17.0,0,,Utilities,5148270.0,596.89
PRMO,Prom Resources Inc,0.06,11,13,3,2,3,2,2,36,-26,10,Broken,Avoid/exit,45,64.4,64.4,24.8,52.7,3,2,Consumer Cyclical,846561.0,2064.79
TGGCF,Toogood Gold Corp.,0.072,4,8,9,3,2,0,2,28,-18.0,10.0,Broken,Avoid/exit,37,-2.9,-6.3,-6.9,44.2,1,,Basic Materials,6120131.0,0.0
POGS,Pioneer Oil & Gas,0.078,1,2,2,4,3,3,2,17,-10.0,10.0,Broken,Avoid/exit,12,0.0,-19.6,-6.9,26.9,0,,Energy,561862.0,1066.92
APACR,StoneBridge Acquisition II Corporation Rights,0.09,1,2,0,9,0,2,2,16,-6.0,10.0,Broken,Avoid/exit,22,-25.5,-37.8,-29.4,40.5,0,,nan,nan,0.0
TGMGF,Theta Gold Mines Limited,0.127,2,1,0,5,6,4,2,20,-10.0,10.0,Broken,Avoid/exit,37,-49.2,-49.2,-43.5,7.3,0,,Basic Materials,169816320.0,184.0
SGPTF,Sage Potash Corp.,0.105,13,5,4,3,5,0,5,35,-25.0,10.0,Broken,Avoid/exit,31,-5.0,-0.1,2.1,53.2,1,,Basic Materials,19134206.0,133391.43
FSTTF,First Tellurium Corp,0.148,8,13,4,3,3,7,2,40,-30,10,Broken,Avoid/exit,41,3.7,11.9,0.9,49.1,4,,Basic Materials,19019598.0,108446.95
CITLF,Critical Infrastructure Technologies Ltd.,0.113,6,5,1,4,0,3,5,24,-14.0,10.0,Broken,Avoid/exit,23,-5.0,-15.9,-7.2,48.6,0,,Technology,15543631.0,14211.92
AIEV,"Thunder Power Holdings, Inc.",0.122,4,3,2,7,0,2,5,23,-13.0,10.0,Broken,Avoid/exit,26,-39.0,3.4,-18.2,43.8,1,,Consumer Cyclical,15697407.0,16931.53
SBMCF,Silver Bullet Mines Corp.,0.1,12,5,4,3,1,0,5,30,-16.0,10.0,Broken,Avoid/exit,27,-2.9,0.0,-0.1,50.4,1,,Basic Materials,15200101.0,89896.98
MTPY,MTPY,0.11,7,4,3,5,6,3,5,33,-26,10,Broken,Avoid/exit,31,265.4,-20.2,0.9,50.5,1,4,Financial Services,11557463.0,803.15
GMGZ,Genuine Marketing Group Inc.,0.102,4,6,4,0,2,2,2,20,-10.0,10.0,Broken,Avoid/exit,12,-0.1,1.0,-5.7,26.9,0,,Communication Services,9982304.0,974.68
CMTNF,Cullinan Metals Corp.,0.133,1,8,2,5,3,2,2,23,-13.0,10.0,Broken,Avoid/exit,38,5.7,-39.5,-24.0,26.8,2,,Basic Materials,1117051.0,1799.14
BSAAR,BEST SPAC I Acquisition Corp. Rights,0.125,1,7,0,2,4,2,2,18,-8.0,10.0,Broken,Avoid/exit,15,0.0,-34.2,-10.1,44.7,1,,nan,nan,0.0
ALOD,Allied Resources Inc,0.16,3,4,1,2,3,5,2,20,-10.0,10.0,Broken,Avoid/exit,12,0.0,0.0,-7.6,28.2,0,,Energy,904481.0,116.56
CAPNR,Cayson Acquisition Corp Right,0.19,4,8,1,1,0,0,2,16,-6.0,10.0,Broken,Avoid/exit,21,0.0,5.6,-7.9,45.2,0,,nan,nan,0.0
BOYAF,Boyaa Interactive International Limited,0.252,3,4,2,4,3,7,2,25,-15.0,10.0,Broken,Avoid/exit,16,0.0,0.0,-11.9,0.1,1,,Communication Services,182678960.0,0.0
FRGGF,Forge Resources Corp.,0.26,3,2,3,8,0,2,5,23,-13.0,10.0,Broken,Avoid/exit,20,-11.3,-0.1,-2.5,49.4,1,,Basic Materials,30816780.0,8050.2
CDIX,Cardiff Lexington Corp,0.25,3,9,2,2,3,2,2,23,-13.0,10.0,Broken,Avoid/exit,14,-0.0,-39.0,-40.6,28.4,2,,Healthcare,3910903.0,2810.37
IACOW,Idea Acquisition Corp. Warrants,0.28,1,7,3,2,3,0,2,18,-8.0,10.0,Broken,Avoid/exit,0,-6.7,-17.6,-12.4,40.0,1,,nan,nan,0.0
MDEVF,Melco International Development Limited,0.38,3,3,7,0,0,2,2,17,-10.0,10.0,Broken,Avoid/exit,14,0.0,-7.5,-9.9,36.1,0,,Consumer Cyclical,864466752.0,0.0
NDVLY,New World Development Co Ltd ADR,0.35,4,5,7,2,3,2,2,25,-15.0,10.0,Broken,Avoid/exit,21,-7.9,-2.8,-6.4,44.1,1,,Real Estate,1988909184.0,4431.95
GDSRF,Gold Strike Resources Corp.,0.359,12,10,2,6,0,3,5,38,-28,10,Broken,Avoid/exit,25,31.3,15.7,12.0,55.8,3,,Basic Materials,62418568.0,7756.54
IMMP,Immutep Ltd ADR,0.381,4,9,8,0,5,0,2,28,-18.0,10.0,Broken,Avoid/exit,25,-2.6,-5.6,-1.9,44.5,1,,Healthcare,56001408.0,4838108.43
LVXFF,Leviathan Gold Ltd,0.371,0,3,8,2,2,4,5,24,-15.0,10.0,Broken,Avoid/exit,16,-0.6,-3.0,-4.4,43.8,1,,Basic Materials,43015188.0,66863.94
GLUC,Glucose Health Inc,0.34,6,16,5,3,4,2,2,38,-28.0,10.0,Broken,Avoid/exit,36,7.6,9.7,6.6,52.8,3,,Consumer Defensive,8054541.0,19861.3
CPOP,Pop Culture Group Co Ltd,0.352,11,8,5,3,2,0,2,31,-21.0,10.0,Broken,Avoid/exit,32,-2.0,-10.2,-2.2,49.5,1,,Communication Services,4560029.0,1779907.57
USSHF,Uniserve Communications Corporation,0.45,8,3,11,6,3,2,2,35,-28.0,10.0,Broken,Avoid/exit,44,0.0,0.0,0.0,87.4,1,,Communication Services,17970306.0,7.5
GLE,Global Engine Group Holding Limited Ordinary Shares,0.524,11,11,4,4,4,2,5,41,-29,10,Broken,Avoid/exit,49,32.7,38.3,24.1,65.8,3,,Technology,9210390.0,3148001.34
VNRX,Volitionrx Ltd,0.501,9,9,1,5,3,2,2,31,-17.0,10.0,Broken,Avoid/exit,30,12.7,-20.6,-15.8,36.1,1,,Healthcare,4892195.0,2471790.43
ONMD,OneMedNet Corp.,0.585,2,12,2,0,5,2,2,25,-13.0,10.0,Broken,Avoid/exit,29,-1.5,-24.7,-7.9,42.1,1,,Healthcare,33704344.0,2004889.44
IPEXR,Inflection Point Acquisition Corp. V,0.57,5,13,4,6,4,0,2,34,-25.0,10.0,Broken,Avoid/exit,44,-5.0,11.8,-0.2,49.1,3,,nan,nan,0.0
HSTC,HST Global Inc,0.65,1,3,3,5,3,3,2,20,-10.0,10.0,Broken,Avoid/exit,29,0.0,-7.1,-2.7,15.6,0,,Healthcare,91930816.0,163.55
SCKT,Socket Mobile Inc,0.723,7,3,1,6,2,3,5,27,-17.0,10.0,Broken,Avoid/exit,28,11.2,-46.9,-7.2,48.8,1,,Technology,6453415.0,1468877.29
VTSYF,Vitasoy International Holdings Limited,0.79,2,4,3,3,3,3,2,20,-10.0,10.0,Broken,Avoid/exit,23,0.0,0.0,-1.0,0.2,0,,Consumer Defensive,803658432.0,0.0
PRSNF,Personas Social Inc,0.764,3,4,4,3,3,3,2,22,-15.0,10.0,Broken,Avoid/exit,16,0.0,0.0,-9.9,0.7,1,,Communication Services,5308016.0,82.79
GLAI,Global AI Inc,0.9,6,6,9,3,5,2,2,33,-23.0,10.0,Broken,Avoid/exit,32,-1.1,5.9,-5.2,46.7,1,,Industrials,155148032.0,5607.54
JYD,Jayud Global Logistics Limited Class A Ordinary Shares,0.926,9,9,4,5,6,0,2,35,-23.0,10.0,Broken,Avoid/exit,21,-2.5,-8.8,-0.9,48.8,1,,Industrials,7143693.0,255868.29
MGLD,Marygold Companies Inc,1.0,3,11,2,3,4,2,2,27,-13.0,10.0,Broken,Avoid/exit,20,-2.0,-6.5,-4.2,41.6,1,,Financial Services,42047328.0,102340.99
REED,"Reed's, Inc.",0.975,7,4,3,4,2,2,5,27,-15.0,10.0,Broken,Avoid/exit,18,-2.5,6.0,-2.0,47.2,1,,Consumer Defensive,12212798.0,39784.35
NUWE,Nuwellis Inc,0.989,3,6,2,3,2,2,2,20,-8.0,10.0,Broken,Avoid/exit,10,-11.7,-23.9,-28.7,39.1,0,,Healthcare,3206885.0,1091123.31
BBUZ,Bebuzee Inc.,0.01,1,7,1,6,0,2,2,19,-8.0,9.0,Broken,Avoid/exit,24,10.0,-1.0,-17.3,43.0,0,,Communication Services,8821052.0,85955.96
MPIR,Empire Diversified Energy Inc,0.004,4,3,6,4,3,2,2,24,-15.0,9.0,Broken,Avoid/exit,15,0.0,-33.3,-21.2,18.7,1,,Energy,2114846.0,2095.0
AWON,A1 Group Inc,0.002,1,9,0,0,3,2,2,17,-8.0,9.0,Broken,Avoid/exit,15,0.0,-45.5,-19.3,42.2,0,,Consumer Defensive,1493926.0,521867.23
CSTXF,CryptoStar Corp,0.003,4,10,2,8,3,2,2,31,-22,9,Broken,Avoid/exit,30,68.4,68.4,8.8,50.3,3,6,Financial Services,1490871.0,37951.11
RMHB,Rocky Mountain High Brands Inc,0.001,3,10,2,0,3,2,2,22,-13.0,9.0,Broken,Avoid/exit,11,0.0,-26.7,-15.5,44.3,1,,Consumer Defensive,1000445.0,260388.87
AOXG,Aoxing Pharmaceutical Company Inc,0.002,3,6,1,2,3,2,2,19,-10.0,9.0,Broken,Avoid/exit,16,0.0,-40.0,-21.3,35.5,0,,Financial Services,800539.0,24505.56
EGOC,Energy 1 Corp,0.005,6,3,3,6,4,0,2,24,-15.0,9.0,Broken,Avoid/exit,38,0.0,-18.0,-6.2,38.6,1,,Industrials,262054.0,1215.61
VSTD,Vestand Inc.,0.001,3,9,3,10,3,2,2,32,-23,9,Broken,Avoid/exit,15,266.7,0.0,-94.9,16.3,2,7,Consumer Cyclical,15977.0,226502.3
EVHO,"Evercore Holdings, Inc.",0.003,3,7,8,3,4,0,2,27,-18.0,9.0,Broken,Avoid/exit,14,-27.8,4.0,-31.8,37.9,1,,Consumer Defensive,8941.0,194289.96
COMS,COMSovereign Holding Corp,0.001,12,5,2,7,1,2,2,31,-22.0,9.0,Broken,Avoid/exit,32,0.0,366.7,4.5,51.1,3,,Technology,4042.0,1362.01
ARQQW,Arqit Quantum Inc. Warrants,0.005,3,7,2,1,2,0,2,17,-13.0,9.0,Broken,Avoid/exit,11,1.9,-46.5,-63.8,30.6,1,,nan,nan,87402.32
CORZR,"Core Scientific, Inc.",0.01,3,9,2,6,3,0,2,25,-16.0,9.0,Broken,Avoid/exit,18,-60.0,-60.0,-54.3,42.9,0,,nan,nan,0.0
APLMW,Apollomics Inc. Warrant,0.014,2,6,2,1,4,0,2,17,-8.0,9.0,Broken,Avoid/exit,28,10.9,-21.0,-5.7,47.2,0,,Healthcare,40978720.0,49725.59
CCLX,Cableclix USA Inc,0.015,3,6,1,4,3,0,2,19,-10.0,9.0,Broken,Avoid/exit,41,1.4,-16.7,-23.4,44.4,0,,Communication Services,14994592.0,200323.91
GAWK,Gawk Inc,0.012,4,6,5,3,3,1,2,24,-15.0,9.0,Broken,Avoid/exit,24,0.0,0.0,-12.1,34.8,1,,Technology,32889.0,613.6
SCAGW,Scage Future Warrants,0.02,1,6,0,6,4,2,2,21,-10.0,9.0,Broken,Avoid/exit,17,-24.4,-27.5,-31.6,36.4,1,,nan,nan,0.0
EVTWF,Vertical Aerospace Ltd.,0.014,5,7,4,1,2,0,2,21,-8.0,9.0,Broken,Avoid/exit,0,-30.5,-4.8,-32.7,45.1,0,,nan,nan,0.0
HAWRF,Hawk Resources Limited,0.025,12,3,6,6,3,2,2,34,-28.0,9.0,Broken,Avoid/exit,51,0.0,0.0,0.0,93.9,1,,Basic Materials,16973584.0,500.0
BPTH,Bio Path Holdings Inc,0.03,4,8,2,0,6,0,2,22,-13.0,9.0,Broken,Avoid/exit,16,-25.0,-25.0,-15.2,39.2,1,,Healthcare,1508923.0,23629.82
WESMF,West Mining Corp,0.025,2,3,9,3,3,2,2,24,-15.0,9.0,Broken,Avoid/exit,24,-7.8,-7.8,-6.0,33.7,1,,Basic Materials,1105459.0,4973.71
JFIL,Jubilant Flame International Ltd,0.024,2,4,3,5,3,0,2,19,-10.0,9.0,Broken,Avoid/exit,23,0.0,18.0,-7.3,42.8,2,,Industrials,471663.0,11534.81
IDYLF,Imaging Dynamics Company Ltd,0.024,7,6,11,6,0,2,2,34,-28.0,9.0,Broken,Avoid/exit,48,0.0,0.0,0.0,100.0,1,,Healthcare,242861.0,41.29
JPOTF,Jackpot Digital Inc,0.034,6,14,1,2,7,0,5,35,-26.0,9.0,Broken,Avoid/exit,26,-16.0,-7.4,-0.5,50.3,1,,Consumer Cyclical,8290694.0,69655.26
EREPF,Zonte Metals Inc,0.04,6,11,1,7,3,2,2,32,-23.0,9.0,Broken,Avoid/exit,23,100.0,100.0,-6.9,44.2,2,7,Basic Materials,3404164.0,3563.0
NNVUF,Nanoveu Limited,0.05,10,15,2,6,5,0,5,43,-30,9,Broken,Avoid/exit,32,0.0,66.7,24.6,55.9,3,,Technology,32619444.0,12210.35
IGTA,Inception Growth Acquisition Ltd,0.05,3,7,3,2,0,1,5,21,-15.0,9.0,Broken,Avoid/exit,16,0.0,0.0,-78.3,26.2,1,,Financial Services,140010.0,0.0
CUPIF,Cupani Metals Corp.,0.058,4,14,4,3,3,4,5,37,-28,9,Broken,Avoid/exit,28,15.2,8.4,5.6,51.7,3,,Financial Services,9733193.0,24704.84
NRPI,NRP Stone Inc,0.069,2,7,3,0,6,4,2,24,-15.0,9.0,Broken,Avoid/exit,38,-14.3,-7.3,-12.0,44.6,1,,Industrials,26673534.0,0.0
GBMCF,Green Bridge Metals Corporation,0.062,4,10,5,4,2,4,2,31,-22.0,9.0,Broken,Avoid/exit,13,16.1,-1.6,-6.0,45.6,1,,Basic Materials,16887850.0,127804.25
VRBFF,Vanadiumcorp Resource Inc,0.064,7,12,3,0,4,2,2,30,-21.0,9.0,Broken,Avoid/exit,33,6.8,6.8,1.7,50.3,2,,Basic Materials,1584892.0,28999.87
TUTH,Standard Dental Labs Inc.,0.078,1,6,6,3,3,6,2,27,-18.0,9.0,Broken,Avoid/exit,20,27.2,-8.8,-18.5,45.2,0,,Healthcare,2105166.0,36653.77
AOXY,Advanced Oxygen Technologies Inc,0.076,1,4,3,3,3,3,2,19,-10.0,9.0,Broken,Avoid/exit,46,1.1,-6.2,-5.5,39.5,0,,Real Estate,250263.0,1260.16
BRQSF,Borqs Technologies Inc.,0.09,3,8,5,0,0,0,5,21,-10.0,9.0,Broken,Avoid/exit,8,-18.2,-10.0,-10.0,46.5,0,,Technology,5257002.0,13982.0
CFXTF,Conifex Timber Inc,0.09,2,3,4,5,3,5,2,24,-15.0,9.0,Broken,Avoid/exit,30,0.0,-2.8,-1.3,33.5,1,,Basic Materials,3680101.0,1531.29
NBVAF,Nubeva Technologies Ltd,0.091,1,3,7,4,3,4,2,24,-15.0,9.0,Broken,Avoid/exit,18,0.0,-9.9,-3.6,27.0,1,,Technology,7719116.0,3888.23
TITMF,Titomic Limited,0.125,9,7,4,6,8,2,2,38,-29,9,Broken,Avoid/exit,25,39.1,39.1,12.8,60.3,3,,Industrials,201262800.0,12479.5
KOREF,KORE Mining Ltd,0.118,6,4,5,6,0,1,4,26,-13.0,9.0,Broken,Avoid/exit,17,-6.9,-14.3,-3.6,45.2,1,,Basic Materials,9693929.0,8777.5
TRLEF,Trillion Energy International Inc.,0.114,4,8,5,3,3,4,2,29,-18.0,9.0,Broken,Avoid/exit,44,-1.6,-7.9,-3.2,46.1,1,,Energy,7133199.0,60602.83
BNBX,"Applied DNA Sciences, Inc.",0.13,3,8,3,0,2,3,5,24,-13.0,9.0,Broken,Avoid/exit,16,-13.2,-7.0,-9.6,40.3,0,,Financial Services,805638.0,386400.02
EGFFX,EDGEWOOD GROWTH FUND RETAIL CLASS SHARES,0.1,5,6,2,4,0,0,2,19,-10.0,9.0,Broken,Avoid/exit,18,-9.1,-9.1,-12.7,18.1,0,,nan,0.0,0.0
TMET,iShares Transition-Enabling Metals ETF,0.125,3,6,4,9,0,0,5,27,-18.0,9.0,Broken,Avoid/exit,24,-16.7,38.9,-59.0,45.0,2,,nan,nan,67466.42
TDWDR,Tailwind 2.0 Acquisition Corp. Rights,0.125,4,4,1,4,0,4,2,19,-10.0,9.0,Broken,Avoid/exit,20,-24.9,0.1,-13.0,44.2,0,,nan,nan,0.0
SJMHF,SJM Holdings Ltd,0.19,4,3,6,5,0,1,2,21,-15.0,9.0,Broken,Avoid/exit,15,0.0,-5.0,-1.2,35.2,1,,Consumer Cyclical,1349343104.0,2614.0
TSPH,Tusimple Holdings Inc,0.18,5,6,2,5,0,6,2,26,-15.0,9.0,Broken,Avoid/exit,17,0.1,4.3,-5.0,45.0,1,,Technology,44364968.0,165965.91
HSRMF,Hastings Technology Metals Limited,0.18,3,4,6,6,0,3,2,24,-15.0,9.0,Broken,Avoid/exit,11,0.0,0.0,-3.6,23.6,1,,Basic Materials,41481584.0,13563.9
OHCFF,Light AI Inc.,0.135,8,7,3,9,0,2,5,34,-25.0,9.0,Broken,Avoid/exit,43,-9.9,26.6,-9.8,45.7,3,,Healthcare,19051912.0,57847.88
GECSF,Global Education Communities Corp.,0.19,1,13,0,1,3,0,2,20,-11.0,9.0,Broken,Avoid/exit,24,-5.0,-13.6,-3.1,46.3,1,,Consumer Defensive,13044131.0,3136.98
GTREF,Live Energy Minerals Corp.,0.158,14,4,5,7,4,0,5,39,-30,9,Broken,Avoid/exit,38,0.0,89.8,29.8,93.1,3,,Basic Materials,2873373.0,838.41
PYNKF,Perimeter Medical Imaging AI Inc,0.207,1,10,2,2,5,0,2,22,-11.0,9.0,Broken,Avoid/exit,27,-20.3,-23.3,-8.9,43.5,2,,Healthcare,30130822.0,107369.6
NWVCF,EnWave Corporation,0.198,17,5,5,6,1,2,5,41,-30,9,Broken,Avoid/exit,46,16.7,24.0,11.4,61.2,3,,Industrials,24930510.0,25246.43
SOAR,Volato Group Inc.,0.205,16,5,4,6,2,2,5,40,-29,9,Broken,Avoid/exit,38,37.6,24.2,24.0,61.2,3,,Industrials,13027516.0,15817366.1
RROYF,RE Royalties Ltd,0.267,7,3,6,5,6,3,2,32,-23.0,9.0,Broken,Avoid/exit,37,-4.3,-2.8,-2.4,36.6,1,,Utilities,11639515.0,1598.18
AMPGZ,"Amplitech Group, Inc. Series B Right",0.261,1,7,0,4,3,2,2,19,-8.0,9.0,Broken,Avoid/exit,25,11.0,-75.4,-50.6,36.5,1,,nan,nan,0.0
XTNT,Xtant Medical Holdings Inc,0.33,2,13,1,3,3,2,2,26,-15.0,9.0,Broken,Avoid/exit,13,0.0,6.5,-6.7,33.2,1,,Healthcare,45032440.0,172240.34
NRXBF,NurExone Biologic Inc.,0.382,6,5,1,9,5,0,5,31,-20.0,9.0,Broken,Avoid/exit,29,-18.5,12.5,-1.4,49.7,3,,Healthcare,35207536.0,6054.04
FULO,FullNet Communications Inc,0.35,0,7,4,0,3,0,2,16,-10.0,9.0,Broken,Avoid/exit,18,-5.4,-7.9,-5.2,41.1,0,,Communication Services,6892389.0,0.0
DGTCF,DIGITAL CORE REIT,0.47,1,3,2,4,3,4,2,19,-10.0,9.0,Broken,Avoid/exit,20,-13.4,-2.1,-5.6,36.5,0,,Real Estate,609132160.0,11020.69
MMA,Mixed Martial Arts Group Limited,0.46,11,15,2,4,4,0,5,41,-30,9,Broken,Avoid/exit,34,-18.7,13.6,2.7,51.1,3,,Consumer Cyclical,11917593.0,2318947.09
CUAUF,C3 Metals Inc,0.51,1,4,5,5,0,2,2,19,-10.0,9.0,Broken,Avoid/exit,17,-14.9,-2.9,-6.1,42.1,0,,Basic Materials,68824080.0,6235.75
PMEC,Primech Holdings Ltd. Ordinary Shares,0.53,9,10,3,2,5,5,5,39,-28,9,Broken,Avoid/exit,29,6.2,18.0,7.7,55.0,3,,Industrials,20127182.0,309601.82
VLTLF,Volt Lithium Corp.,0.556,3,9,8,2,2,2,2,28,-19.0,9.0,Broken,Avoid/exit,23,2.9,1.0,-1.1,46.0,2,,Basic Materials,118610136.0,533629.62
QETAR,Quetta Acquisition Corporation Right,0.55,5,3,3,1,0,0,2,14,-8.0,9.0,Broken,Avoid/exit,19,-15.3,-15.3,-16.2,35.2,0,,nan,nan,0.0
AIXI,XIAO-I Corporation American Depositary Shares,0.59,11,5,1,5,0,0,2,24,-15.0,9.0,Broken,Avoid/exit,28,5.4,-33.4,-37.7,38.0,1,,Technology,740705.0,2735709.23
CTM,Castellum Inc.,0.608,1,12,3,0,4,2,2,24,-13.0,9.0,Broken,Avoid/exit,22,-1.6,-7.6,-4.7,41.7,1,,Technology,57807108.0,2387669.22
UCAR,U Power Limited Ordinary Shares,0.638,3,10,3,0,4,4,2,26,-15.0,9.0,Broken,Avoid/exit,21,-0.8,-19.2,-13.5,35.3,2,,Consumer Cyclical,16333713.0,4393076.71
HELFY,HelloFresh SE,0.784,1,7,3,4,3,2,2,22,-11.0,9.0,Broken,Avoid/exit,13,-0.6,-15.7,-8.5,31.1,2,,Consumer Defensive,446468800.0,7996.01
CLGOF,CleanGo Innovations Inc,0.79,7,2,3,4,6,0,2,24,-15.0,9.0,Broken,Avoid/exit,55,-16.3,-16.4,-9.0,40.0,1,,Consumer Defensive,6427699.0,711.41
ELUT,Elutia Inc.,0.88,5,5,1,8,0,5,2,26,-13.0,9.0,Broken,Avoid/exit,15,-2.4,2.3,-4.5,45.5,1,,Healthcare,44289232.0,196199.63
EHSI,Elite Health Systems Inc.,0.9,3,4,3,3,3,3,2,21,-15.0,9.0,Broken,Avoid/exit,25,0.0,0.0,-1.3,36.1,1,,Healthcare,25669458.0,1355.05
TOPXX,Federated Hermes Treasury Obl Premier,1.0,1,6,0,4,3,0,2,16,-10.0,9.0,Broken,Avoid/exit,16,-72.0,0.0,-44.4,46.2,0,,nan,nan,0.0
HYTLF,Hyterra Ltd,0.006,6,6,2,3,0,3,2,22,-14.0,8.0,Broken,Avoid/exit,7,12.0,0.0,-23.6,43.5,0,,Energy,18081066.0,576613.09
MGTI,MGT Capital Investments Inc,0.002,3,3,1,1,4,2,2,16,-8.0,8.0,Broken,Avoid/exit,44,-5.6,-5.6,-13.4,43.3,1,,Financial Services,10694364.0,983572.17
BKTPF,Cruz Cobalt Corp,0.006,0,2,3,9,2,0,2,18,-8.0,8.0,Broken,Avoid/exit,19,-35.0,-56.7,-38.7,39.8,1,,Basic Materials,1161826.0,75147.71
TMCWW,TMC the metals company Inc Warrants,0.01,6,9,2,0,2,2,2,23,-13.0,8.0,Broken,Avoid/exit,11,2.0,-80.0,-66.2,35.7,1,,nan,nan,234142.19
MRNOW,Murano Global Investments PLC Warrants,0.006,3,4,3,3,0,0,2,15,-10.0,8.0,Broken,Avoid/exit,9,-34.3,-18.8,-35.9,41.1,0,,nan,nan,49273.92
STGZ,Stargaze Entertainment Group Inc,0.014,1,8,2,5,8,0,2,26,-18.0,8.0,Broken,Avoid/exit,29,36.3,-26.1,-12.5,41.4,1,,Communication Services,6977943.0,73293.73
CISCF,Ciscom Corp.,0.014,1,1,2,5,3,4,2,18,-10.0,8.0,Broken,Avoid/exit,32,-34.7,-34.7,-26.0,4.0,0,,Technology,863033.0,13461.71
PCLI,Protocall Technologs,0.013,3,4,6,0,3,4,3,23,-15.0,8.0,Broken,Avoid/exit,27,0.0,-10.6,-1.9,43.1,1,,Real Estate,192055.0,1625.81
DTMXF,Datametrex AI Limited,0.025,11,8,8,2,2,3,2,36,-28.0,8.0,Broken,Avoid/exit,24,11.1,16.3,7.8,58.8,3,,Technology,3814650.0,2257.32
LUVU,Luvu Brands Inc,0.03,4,7,1,3,4,2,2,23,-15.0,8.0,Broken,Avoid/exit,25,0.0,0.0,-1.5,47.6,1,,Consumer Cyclical,2305021.0,35306.67
BRVO,Bravo Multinational Inc,0.025,4,9,2,5,5,4,2,31,-23.0,8.0,Broken,Avoid/exit,29,31.6,-13.8,-0.1,48.9,1,,Communication Services,1260489.0,20695.25
FGPHF,First Graphene Ltd,0.04,2,9,7,0,3,0,2,23,-15.0,8.0,Broken,Avoid/exit,25,-11.1,-11.1,-7.1,42.9,1,,Basic Materials,33620884.0,443967.53
BURU,Nuburu Inc.,0.039,3,9,3,0,2,2,2,21,-13.0,8.0,Broken,Avoid/exit,10,-7.4,-2.8,-19.1,34.2,1,,Industrials,15005000.0,20571292.02
ULTXF,Ultra Resources Inc,0.04,5,3,7,3,3,0,2,23,-15.0,8.0,Broken,Avoid/exit,48,0.0,-20.0,-10.3,35.2,1,,Basic Materials,9373545.0,15845.15
AKEMF,Alaska Energy Metals Corporation,0.04,7,7,7,4,4,0,2,31,-23.0,8.0,Broken,Avoid/exit,17,0.0,0.0,-0.1,30.0,1,,Basic Materials,8957215.0,408296.5
PRRVF,Providence Gold Mines Inc,0.031,9,6,4,4,3,2,2,30,-22,8,Broken,Avoid/exit,27,55.7,55.7,15.3,58.9,2,6,Basic Materials,2213231.0,7464.49
EFRMF,East Africa Metals Inc,0.05,16,4,3,6,3,3,2,37,-28,8,Broken,Avoid/exit,40,-16.7,300.0,9.5,54.4,3,,Basic Materials,13448679.0,466.68
LIANY,LianBio,0.042,5,8,4,2,0,2,2,23,-11.0,8.0,Broken,Avoid/exit,14,5.0,2.4,-8.2,43.9,2,,Healthcare,5347184.0,35919.34
VINS,Vindicator Silver-Lead Mining Co,0.05,3,4,3,5,1,0,2,18,-10.0,8.0,Broken,Avoid/exit,24,0.0,-16.7,-4.6,45.6,0,,Basic Materials,598648.0,3633.28
MGTEW,Marblegate Capital Corporation,0.05,3,6,1,0,0,6,2,18,-10.0,8.0,Broken,Avoid/exit,7,0.0,25.0,-29.8,41.6,2,,nan,nan,10251.61
FHGDF,Founder Holdings Limited,0.06,4,4,2,0,3,3,2,18,-10.0,8.0,Broken,Avoid/exit,16,0.0,0.0,-5.4,32.3,0,,Technology,69143336.0,467.0
BJBJ,BJ Bio-Tech Development Management Group Holding Corp.,0.07,2,2,1,5,0,5,5,20,-8.0,8.0,Broken,Avoid/exit,25,-85.9,-86.3,-78.9,38.8,0,,Financial Services,70766088.0,303.19
AMLM,American Lithium Minerals Inc,0.07,3,10,4,5,5,2,2,31,-23.0,8.0,Broken,Avoid/exit,20,-2.6,-7.2,-6.6,46.5,1,,Basic Materials,7517131.0,120294.98
ECGS,Eco-Growth Strategies Inc,0.064,12,4,3,7,0,2,4,32,-24,8,Broken,Avoid/exit,38,58.7,41.1,5.6,51.9,3,6,Consumer Defensive,5133007.0,122055.39
UPERF,Union Power Metals Corporation,0.068,3,4,5,3,3,3,2,23,-15.0,8.0,Broken,Avoid/exit,0,0.0,0.0,-8.4,19.0,1,,Basic Materials,nan,0.0
MHIVF,Invesque Inc,0.08,3,5,1,3,5,0,2,19,-11.0,8.0,Broken,Avoid/exit,22,-5.9,-11.1,-4.5,43.3,1,,Real Estate,73081504.0,12703.75
INTWF,Sharc International Systems Inc,0.08,0,5,6,5,3,2,2,23,-15.0,8.0,Broken,Avoid/exit,31,-13.0,-11.1,-9.7,38.5,1,,Industrials,13212852.0,4880.46
HLRTF,Hillcrest Energy Technologies Ltd,0.102,0,8,9,0,2,2,2,23,-15.0,8.0,Broken,Avoid/exit,20,-4.8,-8.2,-5.1,40.6,1,,Technology,20455078.0,124619.42
HNDI,Handeni Gold Inc,0.11,7,4,2,6,7,0,2,28,-19,8,Broken,Avoid/exit,39,214.3,-20.2,1.2,50.6,1,7,Real Estate,11557463.0,1082.07
DEMCF,Discovery Energy Metals Corp.,0.123,5,10,5,3,0,4,2,29,-21.0,8.0,Broken,Avoid/exit,25,-6.0,6.6,-6.9,43.3,1,,Basic Materials,9322399.0,42306.54
UZX,Linkage Global Inc,0.122,3,8,3,0,3,2,2,21,-11.0,8.0,Broken,Avoid/exit,22,1.0,2.7,-21.9,25.9,2,,Consumer Cyclical,7824147.0,2948855.08
KLYG,Kelyniam Global Inc,0.13,2,4,6,4,3,0,2,21,-13.0,8.0,Broken,Avoid/exit,33,-13.3,-7.1,-5.3,40.5,1,,Healthcare,7340397.0,12116.52
SVMFF,Silver Valley Metals Corp,0.105,7,9,2,0,3,0,5,26,-18.0,8.0,Broken,Avoid/exit,29,-9.8,-16.7,-3.0,47.3,0,,Basic Materials,3761148.0,11009.14
SDAWW,SunCar Technology Group Inc.,0.1,2,7,1,3,6,0,2,21,-13.0,8.0,Broken,Avoid/exit,26,-16.7,36.2,-18.1,46.1,2,,Consumer Cyclical,nan,9507.51
BETRW,Better Home & Finance Holding Company,0.106,3,11,1,0,3,0,2,20,-10.0,8.0,Broken,Avoid/exit,21,-26.4,6.0,-20.6,43.4,0,,nan,nan,27785.06
TVAIR,Thayer Ventures Acquisition Corporation II Rights,0.14,1,4,1,4,3,0,2,15,-10.0,8.0,Broken,Avoid/exit,23,-26.3,-26.3,-16.8,39.7,1,,nan,nan,0.0
TNGZF,TNG Limited,0.171,2,3,7,2,0,4,2,20,-10.0,8.0,Broken,Avoid/exit,23,-8.2,-5.1,-8.5,37.1,0,,Basic Materials,433346368.0,29016.42
XTPT,Xtra Energy Corp,0.161,2,6,4,0,2,2,2,18,-10.0,8.0,Broken,Avoid/exit,13,-5.3,-21.5,-12.9,38.0,0,,Basic Materials,35412336.0,75752.63
GXUSF,Guardian Exploration Inc,0.15,3,2,6,4,3,3,2,23,-15.0,8.0,Broken,Avoid/exit,16,-3.8,-3.8,-5.9,10.0,1,,Energy,17111918.0,1049.8
AREB,American Rebel Holdings Inc,0.155,0,5,6,3,5,2,2,23,-15.0,8.0,Broken,Avoid/exit,32,-8.8,-6.0,-11.6,40.7,1,,Consumer Cyclical,4814784.0,1362549.19
DAAQW,Digital Asset Acquisition Corp.,0.165,1,9,0,1,3,0,2,16,-8.0,8.0,Broken,Avoid/exit,12,3.3,-44.9,-34.0,34.5,1,,nan,nan,0.0
MBQIF,MindBio Therapeutics Corp.,0.168,2,6,2,6,0,0,2,18,-10.0,8.0,Broken,Avoid/exit,0,-47.6,44.1,-40.1,38.5,2,,Healthcare,nan,0.0
SUND,Sundance Strategies Inc,0.201,4,6,2,2,3,1,2,20,-15.0,8.0,Broken,Avoid/exit,23,0.0,0.0,-1.3,45.8,1,,Financial Services,8655752.0,0.0
AERA,AERA,0.212,3,8,2,3,3,2,2,23,-15.0,8.0,Broken,Avoid/exit,17,-15.9,-39.5,-35.6,30.3,1,,Communication Services,1197746.0,6881.51
MIDLF,Midland Exploration Inc,0.27,5,4,4,1,0,4,3,21,-13.0,8.0,Broken,Avoid/exit,26,0.0,-3.6,-2.6,46.5,1,,Basic Materials,34320800.0,11056.5
MDCX,Medicus Pharma Ltd. Common Stock,0.268,1,11,5,3,4,2,3,29,-21.0,8.0,Broken,Avoid/exit,25,-1.5,-24.4,-7.8,41.5,1,,Healthcare,16963994.0,2818145.46
ZKPW,Lafayette Digital Acquisition Corp. I Warrant,0.29,4,9,4,3,4,2,2,28,-20.0,8.0,Broken,Avoid/exit,44,-26.6,3.6,-5.5,49.3,0,,nan,nan,0.0
LUOYF,Luoyang Glass Company Limited,0.341,0,1,0,7,3,0,2,13,-5.0,8.0,Broken,Avoid/exit,16,-25.4,-25.4,-20.3,9.5,1,,Basic Materials,220239728.0,63.25
EMGDF,Eminent Gold Corp,0.364,7,4,9,4,5,0,2,31,-23.0,8.0,Broken,Avoid/exit,27,-2.9,-1.1,-1.1,49.2,1,,Basic Materials,32053788.0,54116.57
TANH,Tantech Holdings Ltd,0.373,3,5,6,5,2,0,2,23,-13.0,8.0,Broken,Avoid/exit,31,-2.6,2.2,-4.4,44.5,1,,Consumer Defensive,5466877.0,271491.76
ZDPY,Zoned Properties Inc,0.438,2,4,2,8,3,2,2,23,-15.0,8.0,Broken,Avoid/exit,35,-6.6,-3.5,-3.4,40.0,1,,Real Estate,5773203.0,8940.63
SMEBF,Sime Darby Bhd,0.5,1,1,1,4,3,6,2,18,-10.0,8.0,Broken,Avoid/exit,17,0.0,-10.7,-5.6,0.1,0,,Consumer Cyclical,3407798784.0,0.0
MYPS,Playstudios Inc,0.502,1,7,2,3,2,4,2,21,-13.0,8.0,Broken,Avoid/exit,32,-3.2,-8.9,-10.4,35.8,1,,Communication Services,59820448.0,507387.61
BLNK,Blink Charging Co,0.576,7,5,6,1,0,7,5,31,-23.0,8.0,Broken,Avoid/exit,24,1.2,-4.1,-0.3,49.3,1,,Industrials,85948664.0,2794329.62
MISVF,Minco Silver Corporation,0.57,7,4,6,6,3,0,2,28,-20.0,8.0,Broken,Avoid/exit,54,-6.6,-9.5,-4.4,46.7,0,,Basic Materials,34701084.0,7983.71
OTLK,OUTLOOK THERAPEUTICS INC,0.641,1,7,1,4,4,2,2,21,-13.0,8.0,Broken,Avoid/exit,27,-5.2,-27.9,-22.5,34.0,2,,Healthcare,151257808.0,12218662.16
SLAIY,SOLAI Limited,0.6,3,4,1,9,0,4,2,23,-15.0,8.0,Broken,Avoid/exit,18,-50.0,-40.6,-95.0,42.7,1,,Technology,2702954.0,49207.79
LAB,Standard Biotools Inc,0.653,1,9,3,0,4,2,2,21,-13.0,8.0,Broken,Avoid/exit,6,0.5,-12.9,-9.1,33.8,1,,Healthcare,255882864.0,2485369.15
PRSO,Peraso Inc,0.65,3,7,6,0,4,2,3,25,-15.0,8.0,Broken,Avoid/exit,18,-0.7,-5.2,-4.4,40.0,1,,Technology,9677095.0,3066043.14
MDXH,MDxHealth SA ADR,0.722,13,4,4,4,3,5,5,38,-30,8,Broken,Avoid/exit,29,0.2,56.2,11.9,60.2,3,,Healthcare,72145080.0,2119098.9
RKTO,Rocket One Inc.,0.722,2,6,7,6,2,0,2,25,-15.0,8.0,Broken,Avoid/exit,23,-4.2,-6.7,-6.1,36.7,1,,Technology,18050746.0,4122429.24
EEMMF,E3 Metals Corp,0.753,7,5,8,2,1,5,3,31,-23.0,8.0,Broken,Avoid/exit,23,-1.3,0.4,-1.2,47.2,2,,Basic Materials,67619168.0,23751.61
LHAI,Linkhome Holdings Inc. Common stock,0.891,9,8,6,5,2,1,5,36,-28,8,Broken,Avoid/exit,37,17.4,11.4,5.0,51.9,4,,Real Estate,15351411.0,2826580.17
FLNA,"Filana Therapeutics, Inc.",0.923,3,9,9,1,2,2,2,28,-18.0,8.0,Broken,Avoid/exit,19,-1.8,-2.8,-3.2,43.6,1,,Healthcare,44655816.0,591140.38
BJDX,Bluejay Diagnostics Inc,0.91,4,9,2,3,2,4,2,26,-16.0,8.0,Broken,Avoid/exit,16,-3.1,-14.2,-11.2,37.7,1,,Healthcare,924414.0,1941405.41
SVNNF,Savannah Energy PLC,0.005,3,2,2,2,3,3,2,17,-10.0,7.0,Broken,Avoid/exit,14,0.0,0.0,-41.9,30.1,0,,Energy,10442953.0,21480.59
KOSK,One Step Vending Corp,0.004,3,4,2,8,0,2,5,24,-13.0,7.0,Broken,Avoid/exit,19,-18.2,-25.0,-19.3,43.2,1,,Energy,2935581.0,98422.84
NGMDF,NuGen Medical Devices Inc,0.01,3,4,4,3,3,3,2,22,-15.0,7.0,Broken,Avoid/exit,11,0.0,0.0,-9.7,6.9,1,,Healthcare,2156839.0,3871.79
BAKPF,Global Oil & Gas Limited,0.002,1,1,1,5,3,4,2,17,-10.0,7.0,Broken,Avoid/exit,23,0.0,-58.0,-36.9,31.3,0,,Energy,1814034.0,160.24
GMER,Good Gaming Inc,0.005,7,6,2,3,0,2,2,22,-15.0,7.0,Broken,Avoid/exit,26,16.3,-9.1,0.7,48.9,0,,Communication Services,645586.0,125212.41
CBMJ,Canna Consumer Goods Inc,0.01,3,6,5,2,0,2,2,20,-11.0,7.0,Broken,Avoid/exit,22,-1.0,-1.0,-5.5,41.9,2,,Communication Services,620029.0,47698.15
HAWWF,Hawthorn Resources Limited,0.001,1,3,0,5,3,3,2,17,-10.0,7.0,Broken,Avoid/exit,6,0.0,0.0,-93.9,0.0,0,,Basic Materials,402018.0,364.97
JNHMF,Jack Nathan Medical Corp,0.001,3,4,2,5,3,3,2,22,-15.0,7.0,Broken,Avoid/exit,12,0.0,0.0,-52.1,12.9,1,,Healthcare,87099.0,97.5
CDTTW,Conduit Pharmaceuticals Inc.,0.009,1,3,1,8,0,0,2,15,-8.0,7.0,Broken,Avoid/exit,32,-18.3,-20.3,-16.4,46.1,0,,nan,nan,32077.25
BKTSF,Beckett's Inc.,0.008,7,5,5,2,0,2,4,25,-18.0,7.0,Broken,Avoid/exit,27,50.0,-6.2,-1.7,48.2,0,10,nan,nan,0.0
ROSN,Rosinbomb,0.015,2,2,7,6,1,2,2,22,-15.0,7.0,Broken,Avoid/exit,32,-6.2,-14.3,-7.5,36.5,1,,Industrials,7381783.0,273054.51
GDDFF,Goodfood Market Corp,0.015,5,4,3,2,3,3,2,22,-15.0,7.0,Broken,Avoid/exit,21,0.0,0.0,-38.8,5.5,1,,Consumer Cyclical,1521867.0,32738.1
NUVOQ,Holdco Nuvo Group D.G Ltd,0.02,8,9,3,4,3,2,2,31,-24,7,Broken,Avoid/exit,26,90.5,30.7,-0.8,43.5,4,4,Healthcare,665230.0,114.75
MXLGF,MX Gold Corp,0.012,11,4,7,10,0,0,5,37,-30,7,Broken,Avoid/exit,34,0.0,29.0,10.8,86.9,3,,Financial Services,291268.0,704.02
TASEF,Tasman Resources Ltd,0.027,1,3,2,0,3,6,2,17,-10.0,7.0,Broken,Avoid/exit,14,0.0,-26.2,-15.5,0.0,0,,Basic Materials,15107306.0,2305.0
CHYI,Chykingyoung Investment Development Holdings Inc,0.021,6,8,6,7,3,2,5,37,-30.0,7.0,Broken,Avoid/exit,22,0.0,90.9,-3.9,43.2,3,,Basic Materials,8015868.0,74602.83
ATMMF,Atomic Minerals Corporation,0.018,4,5,7,6,0,2,2,26,-15.0,7.0,Broken,Avoid/exit,24,-2.8,-11.1,-9.8,42.0,1,,Basic Materials,1835259.0,79429.51
BIDCF,BlockchainK2 Corp,0.021,6,4,5,0,3,2,2,22,-15.0,7.0,Broken,Avoid/exit,21,0.0,-8.7,-6.9,29.1,1,,Technology,823065.0,50211.31
DTLAP,Brookfield DTLA Fund Office Trust Investor Inc.,0.028,7,3,3,2,0,2,2,19,-12.0,7.0,Broken,Avoid/exit,10,-6.7,40.0,-4.1,39.7,2,,Real Estate,nan,6776.5
SIKI,SIKI,0.021,1,5,0,4,3,0,2,15,-8.0,7.0,Broken,Avoid/exit,10,-47.0,-47.0,-36.0,11.7,0,,Technology,nan,133.13
FEERF,Freeport Resources Inc,0.036,2,5,5,1,3,0,4,20,-13.0,7.0,Broken,Avoid/exit,19,-9.6,-9.6,-5.0,41.9,1,,Basic Materials,13594883.0,75251.37
NICOF,NICO Resources Limited,0.05,3,4,2,4,0,7,2,22,-15.0,7.0,Broken,Avoid/exit,17,0.0,0.0,-12.0,0.0,1,,Basic Materials,6839715.0,32.81
CTTH,CTT Pharmaceutical Holdings Inc,0.05,3,3,0,5,4,0,2,17,-10.0,7.0,Broken,Avoid/exit,26,-9.1,-24.2,-16.5,29.9,0,,Healthcare,2933111.0,38077.74
SMPEF,Southern Empire Resources Corp,0.054,0,1,1,8,0,0,2,12,-1.0,7.0,Broken,Avoid/exit,22,-23.2,-23.2,-21.5,0.1,0,,Basic Materials,5454000.0,6442.45
FRTN,Fortran Corp,0.07,1,8,2,6,3,2,2,24,-13.0,7.0,Broken,Avoid/exit,24,0.0,-36.4,-9.5,43.3,2,,Communication Services,1734912.0,10756.82
RDACR,Rising Dragon Acquisition Corp. Rights,0.07,3,6,2,0,0,4,2,17,-10.0,7.0,Broken,Avoid/exit,19,25.9,-17.3,-15.6,45.1,0,,nan,nan,0.0
TMASF,Temas Resources Corp,0.078,4,6,5,6,2,2,5,30,-23.0,7.0,Broken,Avoid/exit,26,-12.2,-7.0,-8.0,44.9,1,,Basic Materials,9743416.0,29015.44
DGDCF,Dynasty Gold Corp,0.075,1,3,3,5,3,0,2,17,-10.0,7.0,Broken,Avoid/exit,16,0.0,-10.2,-9.9,30.0,0,,Basic Materials,5561093.0,13528.37
KZR,Kezar Life Sciences Inc,0.145,8,5,4,4,1,3,5,30,-23.0,7.0,Broken,Avoid/exit,10,-3.3,-9.4,-6.4,37.2,1,,Healthcare,53856340.0,244525.05
CLPMF,Clip Money Inc.,0.113,7,3,0,4,3,3,2,22,-15.0,7.0,Broken,Avoid/exit,16,-5.5,-8.9,-6.4,42.3,1,,Technology,16194366.0,1740.73
PHGE,Biomx Inc,0.132,3,4,6,6,4,2,2,27,-18.0,7.0,Broken,Avoid/exit,14,-5.6,-14.7,-16.9,26.8,1,,Industrials,3500827.0,2998567.41
MANVF,Manning Ventures Inc,0.109,5,3,2,4,3,3,2,22,-15.0,7.0,Broken,Avoid/exit,28,0.0,0.0,-7.3,0.1,1,,Basic Materials,621220.0,117.53
CDBMF,Cordoba Minerals Corp,0.194,4,4,3,11,0,3,2,27,-20.0,7.0,Broken,Avoid/exit,20,-7.6,11.4,-5.4,37.8,3,,Basic Materials,18924428.0,0.0
ZBAO,Zhibao Technology Inc. Class A Ordinary Shares,0.175,3,2,6,6,2,0,3,22,-15.0,7.0,Broken,Avoid/exit,8,-10.9,-16.8,-15.8,38.0,1,,Financial Services,6062981.0,8627720.4
MEDAF,Medaro Mining Corp,0.163,7,6,2,2,1,2,2,22,-15.0,7.0,Broken,Avoid/exit,16,-5.0,-6.5,-2.4,48.2,1,,Basic Materials,2642768.0,9919.83
EBRCZ,EBR Systems Inc.,0.21,5,2,6,0,3,2,4,22,-15.0,7.0,Broken,Avoid/exit,23,0.0,-11.0,-7.2,31.9,1,,Healthcare,158204672.0,5291.56
HZRGF,Hazer Group Limited,0.21,3,4,3,4,3,3,2,22,-15.0,7.0,Broken,Avoid/exit,16,0.0,0.0,-2.8,19.9,1,,Basic Materials,56248044.0,362.93
TPET,Trio Petroleum Corp.,0.216,1,9,5,3,3,2,2,25,-16.0,7.0,Broken,Avoid/exit,19,5.4,-11.4,-8.8,37.2,2,,Energy,9030605.0,13048825.2
GETY,Getty Images Holdings Inc.,0.278,3,10,1,0,4,2,2,22,-13.0,7.0,Broken,Avoid/exit,16,1.8,-12.4,-17.5,33.6,2,,Communication Services,117885168.0,4145016.68
NXL,Nexalin Technology Inc.,0.255,0,5,5,1,0,2,2,15,-13.0,7.0,Broken,Avoid/exit,14,-23.0,-27.2,-24.1,27.2,1,,Healthcare,7571302.0,437062.31
ZLDAF,Zelira Therapeutics Limited,0.26,3,3,3,3,3,5,2,22,-15.0,7.0,Broken,Avoid/exit,19,0.0,0.0,-4.9,0.2,1,,Healthcare,3418260.0,232.21
HRTX,Heron Therapeuti,0.332,1,12,2,0,3,2,2,22,-13.0,7.0,Broken,Avoid/exit,21,7.5,-0.7,-8.1,37.3,2,,Healthcare,59271892.0,2455057.17
MDDVF,Medical Developments International Limited,0.334,1,3,2,3,3,3,2,17,-10.0,7.0,Broken,Avoid/exit,13,0.0,0.0,-3.1,0.0,0,,Healthcare,37679700.0,161.06
QZMRF,Quartz Mountain Resources Ltd,0.31,4,5,5,0,0,0,5,19,-15.0,7.0,Broken,Avoid/exit,24,3.2,-8.2,-1.2,48.7,1,,Basic Materials,23849582.0,46514.06
SAFX,"XCF Global, Inc. Class A Common Stock",0.369,2,5,4,3,2,2,2,20,-13.0,7.0,Broken,Avoid/exit,28,7.6,-18.0,-5.4,45.5,1,,Utilities,158575328.0,12552096.7
INVZ,Innoviz Technologies,0.355,3,9,3,0,3,2,2,22,-13.0,7.0,Broken,Avoid/exit,16,6.6,-10.6,-9.1,35.4,2,,Consumer Cyclical,98792696.0,3621028.22
SKKY,Skkynet Cloud Systems Inc,0.428,6,6,1,3,0,4,2,22,-15.0,7.0,Broken,Avoid/exit,39,-4.9,-4.9,-9.9,45.5,1,,Technology,22745556.0,3724.5
HPAI,Helport AI Limited Ordinary Shares,0.418,4,2,7,3,2,4,2,24,-15.0,7.0,Broken,Avoid/exit,14,-8.1,-13.3,-9.6,36.8,1,,Technology,15815468.0,426810.06
BCARW,D. Boral ARC Acquisition I Corp. Warrant,0.48,6,10,1,0,2,0,2,21,-14.0,7.0,Broken,Avoid/exit,15,-15.7,2.0,-22.5,39.8,0,,nan,nan,174815.14
BEWFF,BeWhere Holdings Inc,0.531,2,5,2,3,3,0,2,17,-10.0,7.0,Broken,Avoid/exit,15,-6.2,-1.7,-2.4,43.2,0,,Technology,51564616.0,17116.01
GLNDW,Greenland Energy Company Warrant,0.515,3,7,1,0,2,2,2,17,-10.0,7.0,Broken,Avoid/exit,0,4.0,71.6,-11.3,43.0,2,,nan,nan,0.0
PWM,Prestige Wealth Inc. Ordinary Shares,0.58,1,3,9,3,4,0,2,22,-15.0,7.0,Broken,Avoid/exit,32,-4.9,-7.9,-4.5,39.6,1,,Financial Services,92138264.0,171344.91
REKR,Rekor Systems Inc,0.574,1,7,3,3,2,4,2,22,-15.0,7.0,Broken,Avoid/exit,21,-2.2,-19.0,-7.4,38.9,1,,Technology,78865712.0,2679001.71
CSPKF,COSCO SHIPPING Ports Limited,0.641,1,1,2,4,3,4,2,17,-10.0,7.0,Broken,Avoid/exit,20,0.0,-8.3,-4.1,19.5,0,,Industrials,2575635200.0,0.0
ECAOF,Eco (Atlantic) Oil & Gas Ltd,0.645,2,2,8,5,1,2,2,22,-15.0,7.0,Broken,Avoid/exit,30,-7.9,-5.1,-6.6,35.2,1,,Energy,237802144.0,39963.95
BGDFF,Barton Gold Holdings Limited,0.7,4,4,3,3,3,0,5,22,-15.0,7.0,Broken,Avoid/exit,30,-3.8,-18.0,-2.0,49.7,1,,Basic Materials,189700912.0,6402.72
LNKS,Linkers Industries Limited Class A Ordinary Shares,0.84,2,8,4,3,3,0,2,22,-13.0,7.0,Broken,Avoid/exit,21,-9.6,-22.9,-16.1,33.8,1,,Industrials,1335256.0,980896.54
OACCW,Oaktree Acquisition Corp. III Life Sciences Warrant,0.9,9,8,1,3,1,7,2,31,-20.0,7.0,Broken,Avoid/exit,49,-11.8,-8.2,-0.9,50.4,0,,nan,nan,0.0
LUCY,Innovative Eyewear Inc.,0.941,15,4,2,9,0,2,5,37,-30,7,Broken,Avoid/exit,36,37.4,24.8,12.6,56.6,3,,Healthcare,9728391.0,3564979.48
BLNE,"Beeline Holdings, Inc.",0.983,0,6,6,3,4,0,5,24,-17.0,7.0,Broken,Avoid/exit,23,-2.7,-11.4,-2.8,44.7,1,,Financial Services,32460570.0,704028.75
CLSZF,China Oil And Gas Group Limited,0.011,0,1,1,5,3,4,2,16,-10.0,6.0,Broken,Avoid/exit,21,-47.0,-47.0,-40.4,4.2,0,,Energy,59750116.0,2756.72
IPDQF,ImpediMed Limited,0.005,3,10,7,5,3,4,2,34,-28.0,6.0,Broken,Avoid/exit,29,20.0,63.6,-15.7,48.5,3,,Healthcare,14649975.0,0.0
FSHRF,Feishang Anthracite Resources Limited,0.005,3,3,0,5,3,5,2,21,-15.0,6.0,Broken,Avoid/exit,13,0.0,-1.9,-58.2,16.9,1,,Energy,7040784.0,7791.68
VERTF,Vertiqal Studios Corp.,0.005,11,5,6,5,3,1,5,36,-30,6,Broken,Avoid/exit,33,2.2,170.6,27.2,71.1,3,,Communication Services,3983392.0,3767.9
HUMT,Humatech Inc,0.005,1,3,2,2,3,3,2,16,-10.0,6.0,Broken,Avoid/exit,36,0.0,0.0,-18.7,3.4,0,,Basic Materials,475000.0,3966.8
OVATF,Ovation Science Inc,0.008,3,6,1,3,3,3,2,21,-15.0,6.0,Broken,Avoid/exit,9,0.0,0.0,-42.1,34.5,1,,Healthcare,288312.0,728.54
TSEOQ,Trinseo PLC,0.003,7,5,6,8,0,2,5,33,-27,6,Broken,Avoid/exit,0,50.0,50.0,17.0,47.8,3,3,Basic Materials,109679.0,0.0
HWNI,High Wire Networks Inc,0.002,1,5,0,6,3,2,2,19,-13.0,6.0,Broken,Avoid/exit,13,-98.6,-98.6,-97.9,3.7,1,,Technology,47717.0,2405.16
RFHRF,Renforth Resources Inc,0.017,7,10,3,3,4,0,2,29,-23.0,6.0,Broken,Avoid/exit,36,-13.3,-13.7,-4.7,47.2,0,,Basic Materials,7437326.0,54322.31
TTNN,AgriSolar Solutions Inc,0.011,3,4,5,4,0,3,2,21,-15.0,6.0,Broken,Avoid/exit,26,0.0,0.0,-3.2,3.3,1,,Energy,1204749.0,1472.02
ZLSCF,ZYUS Life Sciences Corporation,0.011,3,4,2,5,3,2,2,21,-15.0,6.0,Broken,Avoid/exit,19,0.0,-19.0,-39.6,42.8,1,,Healthcare,893803.0,674.41
ITRX,inTerra Resources Corp,0.022,3,3,3,2,0,5,2,18,-15.0,6.0,Broken,Avoid/exit,14,-7.3,-7.3,-25.5,0.0,1,,Healthcare,6645751.0,1143.21
SOHOF,SOHO China Limited,0.04,3,3,2,5,3,3,2,21,-15.0,6.0,Broken,Avoid/exit,9,0.0,0.0,-5.9,0.0,1,,Real Estate,217860064.0,76.77
NUMIF,Numinus Wellness Inc,0.035,9,4,7,3,5,0,5,33,-30.0,6.0,Broken,Avoid/exit,49,-7.9,16.7,-3.9,48.6,3,,Healthcare,11219307.0,111583.6
TGRP,TRON Group Inc,0.031,1,3,4,0,3,3,2,16,-10.0,6.0,Broken,Avoid/exit,26,0.0,0.0,-7.4,13.8,0,,Healthcare,7176000.0,5657.0
NKOSF,Labrador Gold Corp,0.038,4,5,3,5,2,0,2,21,-15.0,6.0,Broken,Avoid/exit,20,-20.8,-20.8,-5.6,47.0,1,,Basic Materials,6490779.0,39351.27
EOXFF,Euromax Resources Ltd,0.049,3,1,7,7,3,0,2,23,-13.0,6.0,Broken,Avoid/exit,47,-14.0,-14.0,-13.8,26.6,1,,Basic Materials,54551880.0,8681.5
NATQF,North Atlantic Titanium Corp.,0.05,3,10,2,0,3,2,4,24,-18.0,6.0,Broken,Avoid/exit,0,-14.4,-35.4,-11.7,46.7,1,,Basic Materials,3505116.0,0.0
SUME,Summer Energy Holdings Inc,0.05,1,3,5,3,2,5,2,21,-15.0,6.0,Broken,Avoid/exit,17,0.0,0.0,-4.6,28.5,1,,Utilities,1862933.0,2002.5
LGCL,Lucas GC Limited Ordinary Shares,0.053,1,5,0,2,2,2,2,14,-8.0,6.0,Broken,Avoid/exit,14,-35.8,-96.7,-91.9,26.3,1,,Technology,2451890.0,8651478.72
BKIRF,Black Iron Inc,0.069,3,11,1,2,3,2,2,24,-18.0,6.0,Broken,Avoid/exit,24,0.0,9.5,-4.7,45.6,1,,Basic Materials,22598216.0,54108.98
LAFAR,LaFayette Acquisition Corp. Rights,0.08,1,3,5,0,3,2,2,16,-10.0,6.0,Broken,Avoid/exit,28,0.0,-11.1,-6.9,32.5,0,,nan,nan,0.0
KBLB,Kraig Biocraft Labs,0.084,2,3,7,2,0,0,2,16,-10.0,6.0,Broken,Avoid/exit,12,-6.3,-6.3,-7.4,29.1,0,,Basic Materials,95361064.0,1264799.08
PLMNF,Palamina Corp,0.097,5,6,2,1,5,0,2,21,-15.0,6.0,Broken,Avoid/exit,13,-10.0,7.9,-2.3,45.9,1,,Basic Materials,9069885.0,7163.4
HCIL,Hongchang International Co. Ltd.,0.117,1,3,3,2,3,2,2,16,-10.0,6.0,Broken,Avoid/exit,34,0.0,-15.0,-4.7,35.6,0,,Consumer Defensive,60703268.0,2884.4
ZONE,CleanCore Solutions Inc.,0.146,3,8,0,2,4,2,2,21,-15.0,6.0,Broken,Avoid/exit,5,-9.2,-8.4,-40.4,27.6,1,,Industrials,32292104.0,4183583.34
MENEF,Mene Inc,0.11,0,2,7,5,0,0,2,16,-10.0,6.0,Broken,Avoid/exit,14,-12.0,-9.1,-9.0,34.1,0,,Consumer Cyclical,31544510.0,37026.52
KBRIF,Kobo Resources Inc.,0.14,2,3,2,3,6,3,2,21,-15.0,6.0,Broken,Avoid/exit,24,0.0,0.0,-11.6,32.3,1,,Basic Materials,18945620.0,605.26
FAMI,Farmmi Inc,0.103,3,8,2,3,2,4,2,24,-16.0,6.0,Broken,Avoid/exit,10,3.1,-20.7,-26.5,24.0,2,,Consumer Defensive,3867340.0,1121551.98
TRAC,Track Data Corporation Inc,0.1,1,3,2,5,0,3,2,16,-10.0,6.0,Broken,Avoid/exit,24,0.0,-75.6,-52.6,7.8,0,,Financial Services,1658400.0,9.5
FDXTF,FendX Technologies Inc.,0.123,2,8,3,0,2,2,2,19,-13.0,6.0,Broken,Avoid/exit,25,11.9,-9.6,-3.6,45.3,1,,Basic Materials,1149960.0,2596.53
GSTRF,Glenstar Minerals Inc.,0.1,4,8,8,5,0,0,2,27,-21.0,6.0,Broken,Avoid/exit,17,-7.7,-8.2,-5.0,42.0,1,,Basic Materials,nan,72889.64
BGL,Blue Gold Limited Class A Ordinary Shares,0.199,4,6,8,5,2,2,2,29,-23.0,6.0,Broken,Avoid/exit,15,-1.5,-1.5,-3.0,41.7,1,,Basic Materials,8755608.0,814233.7
ALTX,Altex Industries Inc,0.17,3,5,2,4,3,2,2,21,-15.0,6.0,Broken,Avoid/exit,12,0.0,-19.0,-8.6,38.0,1,,Energy,1901898.0,3274.0
WALRF,MegaWatt Lithium and Battery Metals Corp,0.175,3,3,5,3,3,2,2,21,-15.0,6.0,Broken,Avoid/exit,33,-1.2,-16.0,-14.8,32.9,1,,Basic Materials,1079212.0,1171.08
GPATW,GP-Act III Acquisition Corp. Warrants,0.174,9,3,1,6,0,3,2,24,-18.0,6.0,Broken,Avoid/exit,26,-12.7,-11.2,-9.3,44.1,0,,nan,nan,19240.57
NAMMW,Namib Minerals Warrants,0.19,3,7,9,0,3,0,2,24,-18.0,6.0,Broken,Avoid/exit,44,-16.7,-14.8,-14.1,42.1,0,,nan,nan,49625.76
GELNF,Gelion plc,0.2,3,6,3,2,0,5,2,21,-15.0,6.0,Broken,Avoid/exit,14,0.0,0.0,-5.6,3.2,1,,Industrials,45884292.0,681.0
QESSF,Aegis Critical Energy Defence Corp.,0.23,4,9,3,6,4,4,4,34,-28,6,Broken,Avoid/exit,29,-3.7,-4.2,-2.7,46.4,1,,Industrials,33984904.0,99691.54
QIMGF,Quimbaya Gold Inc.,0.206,0,1,7,3,6,2,2,21,-15.0,6.0,Broken,Avoid/exit,25,-11.5,-11.0,-7.2,37.9,1,,Basic Materials,18364948.0,34520.37
BRTX,BioRestorative Therapies Inc,0.206,3,6,8,4,0,2,2,25,-19.0,6.0,Broken,Avoid/exit,24,-6.6,-6.4,-9.2,34.9,1,,Healthcare,5526215.0,6236668.71
DVLT,Datavault AI Inc.,0.297,2,8,4,3,2,0,2,21,-13.0,6.0,Broken,Avoid/exit,19,-7.1,-7.1,-7.6,43.4,0,,Technology,249672224.0,48707555.52
GPACW,Global Partner Acquisition Corp II Warrant,0.251,3,4,0,3,2,2,2,16,-10.0,6.0,Broken,Avoid/exit,18,22.0,11.4,-32.4,45.9,2,,nan,nan,0.0
EPFCF,EPFCF,0.328,1,7,2,0,2,2,2,16,-10.0,6.0,Broken,Avoid/exit,20,6.9,-13.0,-6.2,36.8,0,,nan,42752408.0,7586.78
BGI,Birks Group Inc,0.35,8,5,1,3,2,0,2,21,-15.0,6.0,Broken,Avoid/exit,18,-7.9,6.1,-11.7,38.3,1,,Consumer Cyclical,7373714.0,190736.28
SDST,Stardust Power Inc.,0.37,3,7,2,3,2,0,2,19,-13.0,6.0,Broken,Avoid/exit,10,-36.9,-45.6,-45.9,21.3,1,,Industrials,5415974.0,394502.73
NRSN,Neurosense Therapeutics Ltd,0.439,3,12,1,1,3,2,2,24,-16.0,6.0,Broken,Avoid/exit,14,25.3,-0.9,-2.7,42.7,2,,Healthcare,15446334.0,244200.82
YCBD,cbdMD Inc,0.497,3,9,5,0,0,2,4,23,-17.0,6.0,Broken,Avoid/exit,20,-1.6,-12.0,-5.9,41.4,1,,Healthcare,5827744.0,4094218.41
LGHL,Lion Group Holding Ltd,0.544,4,7,0,3,2,0,2,18,-10.0,6.0,Broken,Avoid/exit,20,-16.1,-32.6,-26.5,37.2,0,,Financial Services,4624727.0,1463999.39
RKDA,Arcadia Biosciences Inc,0.513,1,10,2,3,4,2,2,24,-16.0,6.0,Broken,Avoid/exit,18,11.0,-10.0,-7.4,41.8,2,,Consumer Defensive,1239539.0,999783.46
JETMF,Global Crossing Airlines Inc,0.575,1,10,5,1,3,2,2,24,-16.0,6.0,Broken,Avoid/exit,26,7.1,-2.2,-0.7,47.5,2,,Industrials,37790260.0,71582.9
UFG,Uni-Fuels Holdings Limited Class A Ordinary Shares,0.551,5,7,4,3,2,2,2,25,-19.0,6.0,Broken,Avoid/exit,20,-5.0,1.7,-6.2,40.8,1,,Industrials,17897954.0,459242.99
BFRG,"Bullfrog AI Holdings, Inc. Common Stock",0.565,5,7,9,0,2,2,2,27,-21.0,6.0,Broken,Avoid/exit,19,2.8,-4.3,-2.4,45.3,1,,Healthcare,10590992.0,3804737.91
CPTLF,The Blockchain Group,0.636,15,5,6,2,3,2,5,38,-28,6,Broken,Avoid/exit,34,15.6,11.7,7.7,60.0,3,,Technology,221247648.0,4535.44
BBLG,Bone Biologics Corp,0.615,3,8,0,0,4,2,2,19,-11.0,6.0,Broken,Avoid/exit,7,1.7,-8.7,-17.2,26.3,1,,Healthcare,1697731.0,204889.49
KREVF,Keppel REIT,0.658,4,6,5,3,2,2,2,24,-18.0,6.0,Broken,Avoid/exit,25,1.3,2.0,-2.9,46.2,0,,Real Estate,3276808704.0,0.0
CCTG,CCSC Technology International Holdings Limited Ordinary Shares,0.68,8,4,6,3,2,4,2,29,-23.0,6.0,Broken,Avoid/exit,33,4.6,-13.7,-3.0,46.2,1,,Industrials,9512920.0,2124321.02
MVST,Microvast Holdings Inc,0.769,3,9,6,0,2,2,2,24,-18.0,6.0,Broken,Avoid/exit,15,-1.9,-13.4,-6.6,40.3,1,,Consumer Cyclical,294745696.0,4804136.97
ABVC,ABVC Biopharma Inc,0.796,1,10,2,1,3,0,2,19,-13.0,6.0,Broken,Avoid/exit,15,-10.6,-17.0,-14.2,36.3,1,,Healthcare,18951254.0,98680.46
CONXF,Nickel 28 Capital Corp,0.804,5,4,8,3,0,3,2,25,-18.0,6.0,Broken,Avoid/exit,33,-3.7,-2.9,-2.2,42.5,0,,Basic Materials,69233032.0,7033.71
DSEAF,Deep Sea Minerals Corp.,0.75,1,4,8,6,0,2,2,23,-20.0,6.0,Broken,Avoid/exit,29,-3.9,-6.2,-8.2,42.3,1,,Basic Materials,39664708.0,0.0
NAUT,Nautilus Biotechnology Inc,0.904,6,9,7,2,0,4,2,30,-24.0,6.0,Broken,Avoid/exit,11,0.2,1.6,-9.7,34.1,1,,Healthcare,119123720.0,478969.03
CDBDF,Cloudbreak Discovery Plc,0.006,1,3,1,5,0,3,2,15,-10.0,5.0,Broken,Avoid/exit,8,0.0,0.0,-14.6,1.7,0,,Basic Materials,12187283.0,2165.03
KWGBF,KWG Resources Inc,0.003,1,3,1,2,3,3,2,15,-10.0,5.0,Broken,Avoid/exit,8,-3.7,-52.7,-28.5,34.2,0,,Basic Materials,5007842.0,52446.1
PHCLF,Pure Hydrogen Corporation Limited,0.01,3,3,1,5,3,3,2,20,-15.0,5.0,Broken,Avoid/exit,13,0.0,0.0,-33.0,13.1,1,,Energy,4065353.0,3227.64
QGSI,Quantgate Systems Inc,0.009,1,2,3,5,0,2,2,15,-10.0,5.0,Broken,Avoid/exit,19,8.2,-16.4,-9.5,37.6,0,,Technology,3083134.0,94075.42
CGRA,Cgrowth Capital Inc,0.001,2,10,1,0,3,0,5,21,-16.0,5.0,Broken,Avoid/exit,32,-40.0,-40.0,-13.6,45.0,0,,Financial Services,896116.0,1252373.21
PIFR,Premier information Management Inc,0.002,4,3,2,3,6,0,2,20,-15.0,5.0,Broken,Avoid/exit,27,-11.1,-11.1,-5.2,30.1,1,,Industrials,204621.0,12818.57
PTPI,Petros Pharmaceuticals Inc,0.004,9,4,3,6,0,2,2,26,-21.0,5.0,Broken,Avoid/exit,24,-10.0,20.0,-3.9,46.9,2,,Healthcare,169489.0,133599.79
XELA,Exela Technologies Inc,0.001,6,5,2,8,2,2,2,27,-18.0,5.0,Broken,Avoid/exit,30,0.0,266.7,-35.7,44.7,3,,Technology,30526.0,2818.51
TBIO,Telesis Bio Inc.,0.001,3,2,4,6,3,4,2,24,-15.0,5.0,Broken,Avoid/exit,19,0.0,-9.1,-47.1,38.6,1,,Healthcare,1775.0,372.7
OSRHW,"OSR Holdings, Inc.",0.01,0,3,0,8,0,0,2,13,-4.0,5.0,Broken,Avoid/exit,6,-79.3,-79.2,-74.4,34.7,0,,nan,nan,32227.25
GOEVQ,Canoo Inc.,0.001,3,3,2,5,0,0,2,15,-10.0,5.0,Broken,Avoid/exit,28,-89.0,266.7,-37.3,48.4,2,,Real Estate,nan,10239.46
ALRTF,ALR Technologies Inc.,0.017,3,4,7,1,2,4,2,23,-18.0,5.0,Broken,Avoid/exit,39,-10.5,-5.6,-5.5,45.1,1,,Healthcare,10650202.0,38714.51
IBXXF,Imagion Biosystems Limited,0.012,3,4,3,5,0,3,2,20,-15.0,5.0,Broken,Avoid/exit,13,0.0,0.0,-19.3,21.7,1,,Healthcare,9612083.0,5168.89
MTWO,M2i Global Inc.,0.012,1,8,3,5,3,0,2,22,-15.0,5.0,Broken,Avoid/exit,13,-5.6,-24.0,-19.1,37.2,1,,Basic Materials,9396892.0,493830.1
VMNT,Vemanti Group Inc,0.019,5,6,5,3,1,2,5,27,-23.0,5.0,Broken,Avoid/exit,22,38.6,-4.4,3.2,50.5,2,,Technology,4545447.0,53631.34
WRXLF,Western Ridge Resources Limited,0.015,11,6,4,6,0,2,2,31,-26.0,5.0,Broken,Avoid/exit,0,53.1,-6.2,4.8,48.9,0,2,Basic Materials,2878561.0,0.0
NRGYF,New Energy Metals Corp.,0.02,1,3,0,5,3,6,2,20,-15.0,5.0,Broken,Avoid/exit,23,0.0,-93.4,-77.4,33.3,1,,Basic Materials,118151.0,129.63
PIIIW,P3 Health Partners Inc,0.012,2,4,2,6,4,0,2,20,-15.0,5.0,Broken,Avoid/exit,31,-8.4,-24.5,-16.6,43.2,2,,nan,nan,291240.65
SHFSW,SHF Holdings Inc,0.016,3,10,0,3,3,0,2,21,-16.0,5.0,Broken,Avoid/exit,16,-22.0,-52.6,-36.4,34.9,1,,nan,nan,25187.43
GFASY,Gafisa SA ADR,0.029,3,10,3,3,3,2,2,26,-21,5,Broken,Avoid/exit,26,141.7,-6.5,-16.3,43.3,2,5,Consumer Cyclical,45636520.0,0.0
BIXT,Bioxytran Inc,0.023,3,9,4,2,0,6,2,26,-21.0,5.0,Broken,Avoid/exit,29,5.1,-8.1,-2.0,47.8,1,,Healthcare,2523294.0,193471.25
DFLIW,Dragonfly Energy Holdings Corp.,0.025,1,3,3,3,2,0,2,14,-10.0,5.0,Broken,Avoid/exit,10,-13.1,-13.4,-21.6,41.1,0,,nan,nan,42044.7
MMJJF,MMJ Group Holdings Limited,0.033,1,3,1,3,3,2,2,15,-10.0,5.0,Broken,Avoid/exit,16,0.0,-19.1,-8.4,24.2,0,,Financial Services,6603290.0,1092.74
CAPC,Capstone Companies Inc,0.036,1,8,1,2,0,4,2,18,-13.0,5.0,Broken,Avoid/exit,24,19.7,-22.0,-27.7,36.5,2,,Technology,1806594.0,31459.45
MMJ,MMJ Group Holdings Limited  Ordinary Shares,0.033,1,1,1,5,3,2,2,15,-10.0,5.0,Broken,Avoid/exit,14,0.0,-19.1,-8.4,21.4,0,,Other,nan,187.74
BINI,"Bollinger Innovations, Inc.",0.06,4,5,3,0,4,0,2,18,-13.0,5.0,Broken,Avoid/exit,29,-14.3,-14.3,-6.7,47.8,1,,Consumer Cyclical,30365.0,120247.0
NALG,North America Lithium Corp.,0.075,2,8,1,4,3,0,5,23,-18.0,5.0,Broken,Avoid/exit,26,-2.9,-30.6,-3.9,48.8,0,,Basic Materials,18745110.0,31574.98
NGPHF,Northern Graphite Corporation,0.076,4,10,3,0,3,2,2,24,-19.0,5.0,Broken,Avoid/exit,19,2.0,-15.0,-5.5,41.8,1,,Basic Materials,12451025.0,113111.89
CANSF,Willow Biosciences Inc,0.086,4,4,1,6,0,0,2,17,-10.0,5.0,Broken,Avoid/exit,15,-1.2,-29.6,-14.3,41.1,1,,Energy,54131788.0,0.0
DHBUF,Delivra Health Brands Inc,0.069,3,4,0,9,0,0,2,18,-13.0,5.0,Broken,Avoid/exit,30,-20.1,-5.8,-10.2,47.6,1,,Healthcare,2213334.0,14477.62
SEDA,SDCL EDGE Acquisition Corporation,0.095,10,6,5,6,3,0,2,32,-30.0,5.0,Broken,Avoid/exit,42,-9.5,11.8,1.5,52.3,3,,Financial Services,115041912.0,2316374.0
BERLF,Rockland Resources Ltd.,0.087,1,1,7,6,0,2,2,19,-10.0,5.0,Broken,Avoid/exit,15,-10.4,-14.1,-11.0,37.5,0,,nan,nan,47572.7
VWAVW,"VisionWave Holdings, Inc. Warrant",0.1,3,7,1,4,0,2,2,19,-10.0,5.0,Broken,Avoid/exit,8,-34.7,-41.2,-54.1,32.9,0,,nan,nan,36191.32
QSEP,QS Energy Inc,0.119,2,3,1,6,6,2,2,22,-15.0,5.0,Broken,Avoid/exit,30,-0.6,-20.5,-10.0,38.6,1,,Energy,67836704.0,239283.33
BRKCF,Barksdale Resources Corp,0.13,8,5,3,4,2,6,2,30,-23.0,5.0,Broken,Avoid/exit,31,36.6,5.5,1.3,47.5,2,,Basic Materials,32540400.0,156530.58
ENDMF,Enduro Metals Corporation,0.101,1,6,1,5,3,0,2,18,-13.0,5.0,Broken,Avoid/exit,12,-19.4,-15.7,-10.4,39.3,1,,Basic Materials,11557033.0,33559.31
TRGEF,Targa Exploration Corp.,0.126,5,7,2,0,0,2,2,18,-13.0,5.0,Broken,Avoid/exit,23,-2.1,-4.8,-7.4,43.3,1,,Basic Materials,10502192.0,11579.02
SIGL,Signal Advance Inc,0.12,1,7,0,0,3,2,2,15,-8.0,5.0,Broken,Avoid/exit,24,-8.4,-14.9,-4.3,46.9,1,,Technology,7126026.0,10524.71
BZAIW,"Blaize Holdings, Inc. Warrants",0.12,1,8,0,0,2,2,2,15,-10.0,5.0,Broken,Avoid/exit,11,0.0,-41.8,-28.3,39.1,0,,nan,6519961.0,42727.3
LEEN,"Leopard Energy, Inc.",0.133,1,3,3,6,3,2,2,20,-15.0,5.0,Broken,Avoid/exit,27,-11.2,-11.2,-4.2,38.7,1,,Energy,169552.0,475.26
YNGFF,Veris Gold Corp,0.161,3,6,0,4,3,0,2,18,-13.0,5.0,Broken,Avoid/exit,38,-6.7,-4.2,-3.1,42.1,1,,Financial Services,558960384.0,3720.05
VEFFF,VEF AB (Publ),0.186,1,3,1,5,0,3,2,15,-10.0,5.0,Broken,Avoid/exit,5,0.0,-11.6,-4.6,0.0,0,,Financial Services,206431216.0,136.06
PNGZF,Paringa Resources Limited,0.16,3,3,6,6,0,2,2,22,-13.0,5.0,Broken,Avoid/exit,11,-5.9,-5.9,-7.4,34.2,1,,Basic Materials,164941792.0,244.95
CTXDF,Cantex Mine Development Corp,0.177,10,3,6,0,1,4,5,29,-29.0,5.0,Broken,🔥 COILED: Avoid/exit,34,-1.3,0.9,-0.0,50.7,1,,Basic Materials,28120252.0,17203.75
DMCUF,Domestic Metals Corp.,0.175,8,5,1,6,1,2,5,28,-23.0,5.0,Broken,Avoid/exit,18,1.5,-2.8,-1.7,49.2,1,,Basic Materials,13781961.0,77274.13
SCIIR,SC II Acquisition Corp. Rights,0.18,3,12,4,0,0,2,2,23,-18.0,5.0,Broken,Avoid/exit,24,-5.2,0.0,-5.3,42.5,0,,nan,nan,0.0
XBOTF,Realbotix Corp,0.21,10,8,7,2,2,4,2,35,-30,5,Broken,Avoid/exit,22,-0.1,2.3,-2.9,46.0,1,,Technology,46714924.0,300610.8
CHAI,Core AI Holdings,0.255,4,4,4,0,2,4,2,20,-15.0,5.0,Broken,Avoid/exit,16,-2.8,-12.8,-18.9,28.5,1,,Communication Services,6606392.0,2934459.77
AEBZY,Anadolu Efes Biracilik ve Malt Sanayii AS ADR,0.34,5,6,0,0,0,2,2,15,-10.0,5.0,Broken,Avoid/exit,25,0.0,3.0,-5.1,45.0,0,,Consumer Defensive,2013157888.0,57125.5
UCL,Ucloudlink Group Inc,0.389,1,6,0,0,4,2,2,15,-8.0,5.0,Broken,Avoid/exit,10,-0.3,-46.9,-32.7,20.9,1,,Communication Services,14943589.0,530183.32
RECAF,Reconnaissance Energy Africa Ltd,0.53,1,12,0,0,3,2,2,20,-13.0,5.0,Broken,Avoid/exit,19,9.3,-15.9,-3.9,42.9,2,,Energy,194945376.0,935908.58
DDC,DDC Enterprise Limited,0.542,10,7,2,4,2,5,5,35,-26.0,5.0,Broken,Avoid/exit,21,-8.6,-22.1,-5.6,46.5,1,,Consumer Defensive,27603906.0,179515.93
ECTM,ECA Marcellus Trust I Unit,0.513,3,7,1,0,2,0,2,15,-10.0,5.0,Broken,Avoid/exit,18,-5.0,-3.2,-9.1,39.0,0,,Energy,8978550.0,30382.5
PEFDF,Delfi Limited,0.639,2,7,1,5,2,4,2,23,-18.0,5.0,Broken,Avoid/exit,23,-7.4,-13.7,-10.7,40.0,0,,Consumer Defensive,397252032.0,0.0
ARTL,Artelo Biosciences Inc,0.661,3,7,8,0,0,0,2,20,-15.0,5.0,Broken,Avoid/exit,18,-7.2,-12.9,-13.0,30.6,1,,Healthcare,3295582.0,1519698.1
CPHI,China Pharma Holdings Inc,0.886,4,6,1,3,2,0,2,18,-13.0,5.0,Broken,Avoid/exit,21,-16.4,-18.7,-18.0,45.5,1,,Healthcare,38681080.0,1506724.25
LTRBF,Latrobe Magnesium Limited,0.006,0,5,0,5,2,0,2,14,-10.0,4.0,Broken,Avoid/exit,9,-40.0,-36.2,-33.1,43.6,0,,Basic Materials,20489106.0,229073.93
SAENF,Solar Alliance Energy Inc,0.007,1,3,2,12,0,2,2,22,-18.0,4.0,Broken,Avoid/exit,35,-11.4,-23.1,-14.0,41.3,0,,Technology,2066357.0,20283.1
MBPG,Marelius Inc.,0.009,0,2,7,6,4,0,2,21,-17.0,4.0,Broken,Avoid/exit,24,0.0,-4.2,-3.5,39.7,1,,Consumer Defensive,1862215.0,6992.0
KALMF,Kalgoorlie Gold Mining Limited,0.002,3,3,0,2,3,5,2,18,-10.0,4.0,Broken,Avoid/exit,7,0.0,-88.5,-76.5,9.2,0,,Basic Materials,1048501.0,1068.56
EPWKF,EPWK Holdings Ltd. Class A,0.004,3,2,7,5,0,0,2,19,-15.0,4.0,Broken,Avoid/exit,18,-12.5,-41.7,-37.1,35.2,1,,Technology,900314.0,1899373.23
PRPI,Perpetual Industries Inc,0.007,1,3,2,5,3,3,2,19,-15.0,4.0,Broken,Avoid/exit,17,0.0,0.0,-19.9,16.3,1,,Industrials,817400.0,2405.79
BTZI,Mcig Inc,0.001,6,6,1,0,0,2,2,17,-13.0,4.0,Broken,Avoid/exit,12,-23.1,0.0,-12.6,46.1,2,,Technology,780375.0,339303.89
LMLLF,Pharmadrug Inc,0.005,2,3,5,0,0,2,2,14,-10.0,4.0,Broken,Avoid/exit,15,-9.1,42.9,-12.2,45.3,2,,Healthcare,719389.0,17226.63
PUSOF,Pushfor Investments Inc,0.006,1,4,1,5,3,3,2,19,-15.0,4.0,Broken,Avoid/exit,20,0.0,-45.8,-17.0,40.4,1,,Basic Materials,512596.0,481.86
AERS,Aerius International Inc,0.002,1,3,7,0,3,3,2,19,-15.0,4.0,Broken,Avoid/exit,20,0.0,-5.0,-4.6,11.2,1,,Financial Services,427122.0,30898.66
DGTEF,Digital Asset Technologies Inc.,0.005,4,4,6,0,3,0,2,19,-15.0,4.0,Broken,Avoid/exit,23,-16.7,-16.7,-16.2,39.5,1,,Financial Services,373164.0,11816.53
SOPAQ,Society Pass Incorporated,0.01,6,8,4,0,3,6,5,32,-28.0,4.0,Broken,Avoid/exit,21,0.0,4900.0,2.2,47.8,3,,Communication Services,128673.0,2597243.45
OWPC,One World Pharma Inc,0.001,6,7,4,5,3,2,2,29,-25,4,Broken,Avoid/exit,23,900.0,900.0,23.2,47.9,2,3,Healthcare,120108.0,765378.43
EGTYF,Eguana Technologies Inc,0.002,3,2,7,4,0,3,2,21,-13.0,4.0,Broken,Avoid/exit,15,-4.8,-4.8,-66.8,22.5,1,,Industrials,90391.0,3588.76
MAXNQ,"Maxeon Solar Technologies, Ltd.",0.001,6,6,2,0,0,0,2,16,-8.0,4.0,Broken,Avoid/exit,9,-95.0,-98.0,-97.6,41.5,0,,Technology,16932.0,689060.87
VLDXW,"Velo3D, Inc.",0.002,3,5,2,0,2,0,2,14,-10.0,4.0,Broken,Avoid/exit,17,-67.6,57.1,-65.5,39.1,2,,nan,nan,97102.22
BXPHF,Botanix Pharmaceuticals Limited,0.017,4,4,4,5,3,2,5,27,-28.0,4.0,Broken,🔥 COILED: Avoid/exit,20,0.0,12.0,-6.0,47.9,3,,Healthcare,45975096.0,12898.82
HENI,Hinto Energy Inc,0.018,1,1,1,6,6,2,2,19,-15.0,4.0,Broken,Avoid/exit,15,25.0,-27.1,-17.3,35.9,1,,Financial Services,774719.0,7028.05
TRDX,Trend Exploration I,0.02,3,1,3,4,3,3,2,19,-15.0,4.0,Broken,Avoid/exit,24,0.0,-4.8,-3.6,31.8,1,,Basic Materials,674364.0,1260.38
GMBLP,Esports Entertainment Group Inc Preferred Series A,0.02,3,3,2,5,4,0,2,19,-15.0,4.0,Broken,Avoid/exit,26,0.0,-31.0,-13.4,35.1,1,,Consumer Cyclical,nan,1869.56
SLND-WT,SLND-WT,0.016,0,2,2,3,3,2,2,14,-10.0,4.0,Broken,Avoid/exit,23,-44.7,-45.6,-37.3,40.7,0,,nan,nan,49355.52
ADAPY,Adaptimmune Therapeutics plc,0.023,1,3,7,5,1,0,2,19,-15.0,4.0,Broken,Avoid/exit,28,-15.6,-15.6,-17.8,38.8,1,,Healthcare,6891341.0,962119.63
CEIN,"Camber Energy, Inc.",0.023,1,8,1,6,3,0,2,21,-15.0,4.0,Broken,Avoid/exit,20,-22.0,-22.0,-12.2,35.2,1,,Industrials,5635730.0,516812.43
OWRDF,One World Lithium Inc,0.024,7,5,5,6,4,4,3,34,-30.0,4.0,Broken,Avoid/exit,41,-7.8,11.2,-0.0,49.1,3,,Basic Materials,5098121.0,18429.56
UCLE,US Nuclear Corp,0.028,2,4,9,6,3,0,2,26,-25.0,4.0,Broken,Avoid/exit,23,-6.7,-22.2,-7.0,43.0,1,,Technology,1759023.0,42196.8
KASHF,Intellabridge Technology Corp,0.023,9,13,0,3,3,0,2,30,-26,4,Broken,Avoid/exit,48,-25.9,13.0,-3.0,48.4,4,,Technology,1640024.0,10729.7
PRPH,ProPhase Labs Inc,0.025,1,6,2,0,4,2,2,17,-13.0,4.0,Broken,Avoid/exit,11,-14.1,-44.1,-34.0,32.3,2,,Healthcare,389813.0,2548217.89
RMSGW,Real Messenger Corporation Warrants,0.025,6,5,4,5,0,0,2,22,-18.0,4.0,Broken,Avoid/exit,15,-27.4,-28.0,-23.9,44.9,0,,nan,nan,24235.66
CYCUW,"Cycurion, Inc. Warrant",0.021,7,4,1,4,2,2,2,22,-18.0,4.0,Broken,Avoid/exit,28,-36.1,-9.4,-20.3,44.5,0,,nan,nan,51714.58
ZPHRF,Zephyr Energy plc,0.04,3,3,3,0,3,5,2,19,-15.0,4.0,Broken,Avoid/exit,29,0.0,0.0,-4.2,26.8,1,,Energy,85079120.0,18140.09
AIMLF,AI/ML Innovations Inc,0.033,6,5,4,4,3,2,3,27,-23.0,4.0,Broken,Avoid/exit,33,-4.7,-15.9,-5.4,46.1,1,,Healthcare,8594946.0,117424.05
HPSIF,Hybrid Power Solutions Inc.,0.035,1,3,4,4,3,2,2,19,-15.0,4.0,Broken,Avoid/exit,31,0.0,-16.7,-8.8,19.5,1,,Industrials,3641048.0,28112.79
SIERF,Sierra Grande Minerals Inc,0.039,1,3,3,4,3,3,2,19,-15.0,4.0,Broken,Avoid/exit,21,0.0,0.0,-5.8,19.6,1,,Basic Materials,1152223.0,297.27
RDGL,Vivos Inc,0.05,1,5,2,5,4,0,2,19,-15.0,4.0,Broken,Avoid/exit,12,-6.0,-6.8,-8.3,39.0,1,,Healthcare,26045098.0,1193526.05
JGLDF,Japan Gold Corp,0.047,1,11,0,0,3,2,2,19,-15.0,4.0,Broken,Avoid/exit,9,4.4,0.0,-7.6,37.7,1,,Basic Materials,13834870.0,23897.65
GNYPF,Masivo Silver Corp,0.05,3,9,2,1,0,2,2,19,-15.0,4.0,Broken,Avoid/exit,20,-0.2,-0.2,-7.2,38.2,1,,Basic Materials,3941793.0,80233.12
FOXXW,Foxx Development Holdings Inc.,0.044,3,6,1,0,2,0,2,14,-10.0,4.0,Broken,Avoid/exit,10,25.2,-36.9,-37.2,43.1,0,,nan,nan,0.0
NOTE,FiscalNote Holdings Inc.,0.06,1,9,1,0,2,2,2,17,-13.0,4.0,Broken,Avoid/exit,11,-14.4,-19.1,-24.3,34.0,1,,Technology,1736662.0,403013.16
PNXPF,Planet Ventures Inc,0.062,6,4,0,0,2,2,2,16,-10.0,4.0,Broken,Avoid/exit,11,-0.5,-5.4,-22.6,38.8,1,,Financial Services,18653104.0,75673.71
ZOMDF,Zomedica Corp.,0.081,1,2,7,5,2,0,2,19,-15.0,4.0,Broken,Avoid/exit,30,-5.8,-8.0,-5.7,38.9,1,,Healthcare,84275680.0,1278716.73
SNHO,Shonghoya Intl Group Inc,0.142,0,1,3,6,3,4,2,19,-15.0,4.0,Broken,Avoid/exit,13,-66.6,-66.6,-55.5,12.9,1,,Financial Services,11965468.0,196.99
IONI,I-On Digital Corp,0.14,7,9,6,0,3,0,2,27,-23.0,4.0,Broken,Avoid/exit,15,-4.1,7.7,-9.0,38.2,1,,Technology,5115935.0,18114.99
HZLIF,Hertz Lithium Inc.,0.136,9,6,6,3,5,0,2,31,-30.0,4.0,Broken,Avoid/exit,32,-11.8,17.4,-1.1,49.0,3,,Basic Materials,2566595.0,3609.62
ARCLR,ARC Group Acquisition I Corp Right,0.195,4,4,2,0,0,2,2,14,-10.0,4.0,Broken,Avoid/exit,0,-2.5,-2.5,-7.0,39.9,1,,nan,nan,0.0
TDMMF,Mach7 Technologies Limited,0.2,4,1,3,5,0,4,2,19,-15.0,4.0,Broken,Avoid/exit,19,0.0,-8.0,-3.7,3.9,1,,Healthcare,47001944.0,634.08
PRPRF,Prairie Provident Resources Inc,0.248,4,4,3,3,3,0,2,19,-15.0,4.0,Broken,Avoid/exit,31,-17.4,-4.7,-7.9,39.6,1,,Energy,11584075.0,0.0
PCMC,Public Company Management Corp,0.25,1,1,1,4,3,2,2,14,-10.0,4.0,Broken,Avoid/exit,14,0.0,-24.2,-20.5,15.0,0,,Financial Services,8569204.0,641.68
VVOS,Vivos Therapeutics Inc,0.258,1,7,4,1,4,2,2,21,-15.0,4.0,Broken,Avoid/exit,15,-7.4,-15.3,-17.5,33.8,1,,Healthcare,5105954.0,995877.12
OTMCF,Oreterra Metals Corp.,0.3,7,7,1,0,2,5,5,27,-23.0,4.0,Broken,Avoid/exit,32,3.4,-9.1,-5.2,48.3,1,,Basic Materials,15508488.0,8369.0
BMTLF,BeMetals Corp,0.349,7,3,5,3,1,0,2,21,-13.0,4.0,Broken,Avoid/exit,43,-11.9,-11.9,-6.3,40.7,1,,Basic Materials,10404931.0,1506.21
SLXN,Biomotion Sciences Ordinary Shares,0.36,3,7,0,1,4,2,2,19,-13.0,4.0,Broken,Avoid/exit,9,-9.7,-21.7,-58.8,20.8,1,,Healthcare,1973334.0,268647.55
CSCMY,COSCO SHIPPING International (Singapore) Co. Ltd,0.4,3,4,1,4,0,0,2,14,-10.0,4.0,Broken,Avoid/exit,15,-13.0,0.0,-6.9,42.5,0,,Industrials,394107104.0,0.0
VXRT,Vaxart Inc,0.5,1,4,3,0,2,0,2,12,-8.0,4.0,Broken,Avoid/exit,16,-3.8,-10.7,-4.2,42.4,0,,Healthcare,121617792.0,530848.21
NXTN,Next10 Inc,0.765,1,7,1,4,2,0,2,17,-13.0,4.0,Broken,Avoid/exit,6,-23.5,-58.2,-38.0,38.5,1,,Industrials,162980416.0,0.0
BYSI,BeyondSpring Inc,0.64,3,8,1,3,0,0,2,17,-13.0,4.0,Broken,Avoid/exit,8,-11.1,-35.7,-23.4,28.9,1,,Healthcare,28372676.0,299826.3
SVMB,SavMobi Technology Inc.,0.66,3,3,5,0,3,3,2,19,-15.0,4.0,Broken,Avoid/exit,14,0.0,0.0,-9.4,12.9,1,,Technology,366508160.0,102.7
IRIX,IRIDEX Corporation,0.712,1,10,0,0,2,4,2,19,-15.0,4.0,Broken,Avoid/exit,11,-6.5,-13.6,-12.2,30.5,1,,Healthcare,12313371.0,139366.24
FEBO,Fenbo Holdings Limited Ordinary Shares,0.72,1,6,3,1,2,2,2,17,-13.0,4.0,Broken,Avoid/exit,18,-5.9,-5.3,-5.3,42.8,2,,Technology,7965000.0,46777.55
TCRX,Tscan Therapeutics Inc,0.75,2,6,9,4,0,4,2,27,-23.0,4.0,Broken,Avoid/exit,15,-3.3,-2.8,-5.1,41.5,1,,Healthcare,52691596.0,693758.99
GIFT,"RDE, Inc.",0.816,3,6,3,1,6,4,2,25,-21.0,4.0,Broken,Avoid/exit,22,-4.6,-6.3,-5.7,39.4,1,,Communication Services,29154920.0,71631.65
CEOS,CeCors Inc,0.005,6,4,3,6,5,0,2,26,-23.0,3.0,Broken,Avoid/exit,36,3.9,-13.1,-11.6,42.6,1,,Consumer Defensive,1659323.0,135917.1
WDGNF,Widgie Nickel Limited,0.001,1,1,1,3,3,2,2,13,-10.0,3.0,Broken,Avoid/exit,10,0.0,-89.0,-78.5,14.1,0,,Basic Materials,1363143.0,380.52
ROYL,Royale Energy Inc,0.01,3,6,1,0,3,3,2,18,-15.0,3.0,Broken,Avoid/exit,17,0.0,0.0,-37.7,39.7,1,,Energy,966003.0,39156.5
LBRG,Ladybug Resource Group Inc,0.003,1,6,2,0,2,0,2,13,-10.0,3.0,Broken,Avoid/exit,10,-10.3,-42.2,-38.5,38.7,0,,Industrials,926234.0,506781.64
SNAX,Stryve Foods Inc,0.001,1,5,3,3,3,1,2,18,-15.0,3.0,Broken,Avoid/exit,30,0.0,0.0,-72.2,43.3,1,,Consumer Defensive,4792.0,1719.12
VSEE,"VSee Health, Inc.",0.02,3,6,0,3,0,4,2,18,-15.0,3.0,Broken,Avoid/exit,12,-20.0,-31.0,-47.7,29.2,1,,Healthcare,1303635.0,3534237.45
GCRIF,Rogue Resources Inc,0.016,1,3,1,5,3,3,2,18,-15.0,3.0,Broken,Avoid/exit,27,0.0,0.0,-19.0,0.1,1,,Basic Materials,688773.0,637.39
GIBOW,GIBO Holdings Limited,0.018,0,2,1,6,0,2,2,13,-10.0,3.0,Broken,Avoid/exit,17,-39.7,-29.4,-31.2,39.5,0,,nan,nan,8106.99
GLWLF,Glow Lifetech Corp,0.031,1,3,1,6,2,0,2,15,-8.0,3.0,Broken,Avoid/exit,18,-13.8,-16.6,-10.1,33.5,0,,Healthcare,5907771.0,14314.49
KSEZ,Kinetic Seas Incorporated,0.03,2,8,5,0,3,0,2,20,-15.0,3.0,Broken,Avoid/exit,27,-14.3,-23.1,-13.4,34.8,1,,Technology,1529318.0,60494.27
HSTA,Hestia Insight Inc,0.03,0,2,6,5,3,0,2,18,-15.0,3.0,Broken,Avoid/exit,27,-9.1,-9.1,-8.5,11.1,1,,Technology,837898.0,3594.29
BGLWW,Blue Gold Limited Warrant,0.027,2,4,1,0,2,0,2,11,-8.0,3.0,Broken,Avoid/exit,10,-30.7,-54.8,-42.9,41.0,0,,nan,nan,39423.77
GULTU,Gulf Coast,0.04,1,3,1,0,4,2,2,13,-10.0,3.0,Broken,Avoid/exit,25,0.0,-20.0,-9.0,44.0,0,,Energy,9897427.0,331821.52
RMTO,RM2 International Inc.,0.04,12,6,2,5,4,2,2,33,-30,3,Broken,Avoid/exit,34,0.0,100.0,10.7,52.6,3,,Industrials,4328793.0,9470.51
OKMN,"Okmin Resources, Inc.",0.04,0,12,0,0,3,0,2,17,-14.0,3.0,Broken,Avoid/exit,19,-42.9,0.0,-26.0,40.7,1,,Energy,3854678.0,2749.29
DFTC,Defentect Group Inc,0.05,2,3,0,11,0,0,2,18,-15.0,3.0,Broken,Avoid/exit,38,0.0,-37.5,-26.6,40.2,1,,Technology,4158370.0,118346.63
YMAIF,Yoma Strategic Holdings Ltd,0.052,1,1,0,5,3,1,2,13,-10.0,3.0,Broken,Avoid/exit,12,-6.6,-6.6,-4.1,0.0,0,,Industrials,124918776.0,0.0
BABYF,Else Nutrition Holdings Inc,0.08,12,8,0,3,0,6,2,31,-28.0,3.0,Broken,Avoid/exit,45,2.6,-14.9,-12.2,48.9,1,,Consumer Defensive,1355615.0,141955.08
CHVKY,China Vanke Co. Ltd,0.092,1,5,1,4,3,2,2,18,-15.0,3.0,Broken,Avoid/exit,13,-1.3,-33.1,-16.5,17.7,1,,Real Estate,4264704256.0,288.75
ZVSA,ZyVersa Therapeutics Inc.,0.099,7,9,4,0,2,2,2,26,-23.0,3.0,Broken,Avoid/exit,13,0.0,-3.4,-6.6,42.4,1,,Healthcare,801496.0,35073.09
SURRF,Sun Art Retail Group Limited,0.131,1,1,1,3,3,2,2,13,-10.0,3.0,Broken,Avoid/exit,12,0.0,-33.5,-17.0,0.2,0,,Consumer Cyclical,2949923840.0,0.0
CUGCF,China Oriental Group Company Limited,0.134,1,1,0,6,3,0,2,13,-10.0,3.0,Broken,Avoid/exit,6,-29.7,-29.7,-20.4,0.0,0,,Basic Materials,498079712.0,25.0
TOUBF,Toubani Resources Limited,0.142,2,1,3,6,0,4,2,18,-15.0,3.0,Broken,Avoid/exit,10,-36.5,-24.6,-27.9,27.9,1,,Basic Materials,152051568.0,3692.27
GSTMF,Goldstorm Metals Corp,0.126,2,4,2,6,2,2,2,20,-13.0,3.0,Broken,Avoid/exit,33,-17.4,-16.9,-7.5,44.6,1,,Basic Materials,18780380.0,100563.3
QMCI,Quotemedia Inc,0.14,3,2,0,8,3,0,2,18,-15.0,3.0,Broken,Avoid/exit,16,-12.5,-6.7,-6.8,36.7,1,,Financial Services,12666892.0,23017.13
ANICF,Anonymous Intelligence Company Inc.,0.105,5,6,1,2,5,0,2,21,-18.0,3.0,Broken,Avoid/exit,32,-20.9,-11.5,-11.6,47.6,1,,Technology,3241364.0,11906.85
FTRK,FAST TRACK GROUP,0.15,1,8,0,0,3,2,2,16,-11.0,3.0,Broken,Avoid/exit,18,25.3,-50.7,-34.9,32.4,2,,Communication Services,3490000.0,1207078.24
FRECF,FRECF,0.184,0,2,2,3,2,2,2,13,-10.0,3.0,Broken,Avoid/exit,17,-12.5,-7.0,-11.1,40.1,0,,nan,12378685.0,5745.7
SHCMF,Search Minerals Inc,0.202,5,10,7,2,3,2,2,31,-28.0,3.0,Broken,Avoid/exit,29,19.6,23.3,9.2,52.2,3,,Basic Materials,9105098.0,0.0
DAJL,Dajialai Digital Technology Group Corp.,0.239,3,6,2,6,4,2,2,25,-20.0,3.0,Broken,Avoid/exit,0,36.6,-20.3,-20.4,35.1,0,,Technology,8174655.0,0.0
AGRZ,Agroz Inc. Ordinary Shares,0.239,3,6,0,3,4,0,2,18,-13.0,3.0,Broken,Avoid/exit,31,-27.7,1.1,-15.1,40.5,0,,Consumer Defensive,4863530.0,3392962.29
RBLAF,Robinsons Land Corporation,0.28,1,1,1,4,3,1,2,13,-10.0,3.0,Broken,Avoid/exit,22,0.0,-5.7,-2.9,0.8,0,,Real Estate,1345429504.0,108.9
ATER,Aterian Inc,0.392,3,5,3,3,0,6,2,22,-19.0,3.0,Broken,Avoid/exit,10,-8.8,-18.9,-20.9,30.0,1,,Consumer Cyclical,7458064.0,1543494.01
SOBR,Sobr Safe Inc,0.472,3,4,8,5,0,4,2,26,-23.0,3.0,Broken,Avoid/exit,18,-14.8,-18.6,-15.4,40.5,1,,Technology,2648891.0,5507643.15
BZAI,"Blaize Holdings, Inc.",0.512,1,9,0,0,4,2,2,18,-13.0,3.0,Broken,Avoid/exit,14,3.4,-56.3,-26.9,33.8,2,,Technology,71865656.0,5672030.02
TWG,Top Wealth Group Holding Limited Ordinary Shares,0.549,1,7,1,0,4,0,2,15,-10.0,3.0,Broken,Avoid/exit,9,-31.4,-56.4,-51.3,14.9,0,,Consumer Defensive,35916112.0,561842.89
SLND,"Southland Holdings, Inc.",0.645,7,5,5,7,0,2,5,31,-28.0,3.0,Broken,Avoid/exit,29,0.2,20.3,-3.6,47.6,3,,Industrials,39193384.0,1387152.36
RAFLF,Raffles Medical Group Ltd,0.67,1,1,1,5,3,0,2,13,-10.0,3.0,Broken,Avoid/exit,10,0.0,-10.7,-6.2,0.1,0,,Healthcare,1232927872.0,0.0
INUV,Inuvo Inc,0.729,1,9,1,0,3,2,2,18,-13.0,3.0,Broken,Avoid/exit,15,1.2,-15.2,-12.5,33.1,1,,Technology,11371676.0,247292.07
NUCLW,Eagle Nuclear Energy Corp. Warrants,0.73,0,2,2,3,2,2,2,13,-10.0,3.0,Broken,Avoid/exit,0,-23.2,-33.6,-22.6,31.7,0,,nan,nan,0.0
PANHF,Ping An Healthcare and Technology Company Limited,0.849,0,1,1,4,3,2,2,13,-10.0,3.0,Broken,Avoid/exit,6,-11.5,-11.5,-8.7,13.8,0,,Healthcare,1805505408.0,65.0
WZRD,ETF Opportunities Trust Opportunistic Trader ETF,0.85,5,5,2,5,0,2,2,21,-18.0,3.0,Broken,Avoid/exit,12,-15.8,2.3,-26.2,36.0,0,,nan,nan,10961.46
AIRXX,AIM Investment Securities Funds (Invesco Investment Securities Funds) - Government Money Market Fund,1.0,1,4,3,5,3,0,2,18,-20.0,3.0,Broken,🔥 COILED: Avoid/exit,23,0.0,0.0,-34.7,46.3,0,,nan,nan,0.0
ATTGF,Auto Italia Holdings Limited,0.002,1,1,0,3,3,2,2,12,-10.0,2.0,Broken,Avoid/exit,6,0.0,-95.4,-89.4,0.0,0,,Real Estate,14009760.0,3.5
ASLRF,Alien Metals Ltd,0.001,0,1,4,0,2,0,5,12,-10.0,2.0,Broken,Avoid/exit,25,-33.3,-40.0,-27.7,33.1,0,,Basic Materials,13585312.0,72878.51
FRDSF,4DS Memory Limited,0.001,0,1,1,5,3,0,2,12,-10.0,2.0,Broken,Avoid/exit,11,-88.0,-88.0,-82.7,8.8,0,,Technology,3765006.0,8689.82
CSDX,CS Diagnostics Corp.,0.01,1,1,0,5,3,0,2,12,-10.0,2.0,Broken,Avoid/exit,12,-4.5,-85.0,-74.7,15.8,0,,Healthcare,2624918.0,63733.96
AITX,Artificial Intelligence Technology Solutions Inc,0.005,6,6,2,1,2,2,2,21,-19.0,2.0,Broken,Avoid/exit,23,16.3,-24.2,-18.3,38.0,1,,Industrials,2138796.0,3741009.3
ARUXF,Acrux Limited,0.003,1,3,0,0,3,3,2,12,-10.0,2.0,Broken,Avoid/exit,21,0.0,0.0,-57.8,0.9,0,,Healthcare,1946596.0,3605.53
MDXL,Medixall Group Inc,0.004,6,1,1,3,4,0,2,17,-15.0,2.0,Broken,Avoid/exit,28,0.0,-37.5,-24.8,0.2,1,,Healthcare,719271.0,119.65
TUGAF,TUGA Innovations Inc,0.005,1,3,0,5,3,3,2,17,-15.0,2.0,Broken,Avoid/exit,13,0.0,-81.2,-60.9,16.7,1,,Consumer Cyclical,495917.0,155.13
RIVF,RIVF,0.002,4,2,3,3,3,0,2,17,-15.0,2.0,Broken,Avoid/exit,25,-33.3,-33.3,-22.6,9.4,1,,Technology,244630.0,341.5
LTESF,LEET Inc.,0.001,0,1,0,4,3,2,2,12,-10.0,2.0,Broken,Avoid/exit,17,-96.0,-96.0,-94.9,16.5,0,,Communication Services,181315.0,756.3
CODV,Compliance Advocates Corporation,0.003,1,3,1,0,3,2,2,12,-10.0,2.0,Broken,Avoid/exit,0,12.0,-67.1,-53.5,10.8,0,,Technology,112713.0,0.0
MFMLF,Marifil Mines Limited,0.004,3,3,2,5,0,2,2,17,-15.0,2.0,Broken,Avoid/exit,12,0.0,-75.0,-65.4,31.4,1,,Basic Materials,54297.0,1782.02
HYSR,SunHydrogen Inc.,0.019,0,8,4,0,2,0,2,16,-14.0,2.0,Broken,Avoid/exit,4,0.0,-9.5,-4.4,42.5,0,,Technology,107112840.0,8692242.01
VMHG,Victory Marine Holdings Corp,0.02,9,8,7,0,2,4,2,32,-30.0,2.0,Broken,Avoid/exit,34,-7.6,14.0,-4.5,45.8,3,,Consumer Cyclical,7075275.0,3245117.32
LANRF,Lancaster Resources Inc.,0.016,13,10,3,2,0,3,5,36,-30,2,Broken,Avoid/exit,23,39.0,39.0,10.7,57.8,3,,Basic Materials,1828173.0,6020.01
MECPF,Mustang Energy Corp.,0.011,4,6,4,5,0,2,2,23,-21.0,2.0,Broken,Avoid/exit,16,-25.8,-24.3,-15.2,44.0,2,,Energy,1205738.0,25542.49
CCPUF,Canada Computational Unlimited Corp,0.013,1,3,0,5,3,3,2,17,-15.0,2.0,Broken,Avoid/exit,14,0.0,0.0,-68.5,8.7,1,,Financial Services,1170660.0,2075.25
GV,Visionary Education Technology Holdings Group Inc.,0.02,3,4,3,0,3,2,2,17,-15.0,2.0,Broken,Avoid/exit,14,0.0,-33.3,-58.0,20.9,1,,Consumer Defensive,785028.0,5589981.07
GVHGF,Visionary Holdings Inc.,0.02,3,5,3,0,2,2,2,17,-15.0,2.0,Broken,Avoid/exit,14,0.0,-33.3,-55.5,20.9,1,,Consumer Defensive,112146.0,5586458.89
BTUMF,BTU Metals Corp,0.029,2,4,0,7,0,0,2,15,-13.0,2.0,Broken,Avoid/exit,12,-14.6,-14.6,-10.3,40.2,1,,Basic Materials,5218696.0,6518.07
AVPMF,Avrupa Minerals Ltd,0.021,3,3,1,3,0,0,2,12,-10.0,2.0,Broken,Avoid/exit,21,0.0,-30.0,-13.3,38.4,0,,Basic Materials,1811769.0,3881.39
SILS,Silver Scott Mines Inc,0.034,0,3,4,2,3,4,3,19,-20.0,2.0,Broken,Avoid/exit,19,-29.2,-4.5,-15.9,41.3,0,,Basic Materials,5816067.0,10402.74
SBUM,Silver Buckle Mines Inc,0.028,2,8,4,6,1,2,2,25,-23.0,2.0,Broken,Avoid/exit,22,12.0,12.0,-10.1,46.2,3,,Basic Materials,562706.0,11229.59
ZBNIF,ZEB Nickel Corp,0.042,1,2,1,1,3,2,2,12,-10.0,2.0,Broken,Avoid/exit,15,0.0,-28.8,-17.0,28.8,0,,Basic Materials,2354161.0,983.32
JLRRF,South Atlantic Gold Inc,0.06,2,1,2,5,3,2,2,17,-15.0,2.0,Broken,Avoid/exit,37,-14.3,-14.3,-11.2,5.2,1,,Basic Materials,12544390.0,8356.9
CPMV,Mosaic Immunoengineering Inc,0.061,1,3,0,6,3,2,2,17,-15.0,2.0,Broken,Avoid/exit,7,0.0,-87.8,-72.7,30.7,1,,Healthcare,441770.0,458.87
WYGC,WYGC,0.091,3,9,1,5,3,2,2,25,-23,2,Broken,Avoid/exit,18,64.6,-60.8,-17.7,41.5,1,3,Consumer Defensive,7492761.0,1635.02
FNCJF,Fancamp Exploration Ltd.,0.104,4,8,3,3,0,0,2,20,-14.0,2.0,Broken,Avoid/exit,55,-5.8,-5.8,-3.9,43.1,0,,Basic Materials,24045210.0,42777.54
ASFH,AsiaFIN Holdings Corp.,0.136,2,1,1,3,3,0,2,12,-10.0,2.0,Broken,Avoid/exit,9,-22.0,-22.0,-19.7,0.0,0,,Technology,11140555.0,337.37
KMFG,KMFG,0.115,1,3,0,0,3,3,2,12,-10.0,2.0,Broken,Avoid/exit,6,0.0,0.0,-70.4,0.0,0,,Consumer Cyclical,6325000.0,738.12
NSURF,North Shore Uranium Ltd.,0.135,5,4,7,5,0,2,2,25,-23.0,2.0,Broken,Avoid/exit,19,-13.6,-14.4,-8.9,43.4,1,,Energy,nan,47219.04
PWMXF,Powermax Minerals Inc.,0.106,3,8,3,0,2,2,2,20,-18.0,2.0,Broken,Avoid/exit,20,6.7,-18.8,-11.9,40.2,1,,Basic Materials,nan,160452.73
MAANF,Maanshan Iron & Steel Company Limited,0.183,0,2,0,5,3,0,2,12,-10.0,2.0,Broken,Avoid/exit,8,-23.1,-23.1,-14.1,19.5,0,,Basic Materials,1409224704.0,419.22
LKTEF,L.K. Technology Holdings Limited,0.19,3,2,2,0,3,0,2,12,-10.0,2.0,Broken,Avoid/exit,0,-53.0,-53.0,-45.5,0.0,0,,Industrials,258688640.0,0.0
ATCMF,Atico Mining Corporation,0.164,5,7,3,0,1,4,2,22,-23.0,2.0,Broken,Avoid/exit,35,0.0,-6.3,-2.0,48.6,2,,Basic Materials,29746444.0,111209.73
NIOMF,First American Uranium Inc.,0.193,10,6,4,6,0,1,5,32,-30,2,Broken,Avoid/exit,22,9.3,35.9,1.8,48.4,3,,Basic Materials,5878467.0,53081.63
CAPS,Capstone Holding Corp. Common Stock,0.185,1,6,2,0,2,2,2,15,-13.0,2.0,Broken,Avoid/exit,22,-2.6,-15.9,-14.9,31.7,2,,Basic Materials,3842015.0,1555099.53
HYDI,Hydromer Inc,0.17,1,1,2,4,3,4,2,17,-15.0,2.0,Broken,Avoid/exit,20,0.0,-22.7,-10.7,0.3,1,,Basic Materials,715847.0,585.0
WEIFX,Wildermuth Endowment Strategy Fund Cl I,0.17,0,2,1,4,3,0,2,12,-10.0,2.0,Broken,Avoid/exit,15,-48.5,-48.5,-39.7,0.0,0,,Other,0.0,0.0
RSGOF,Resouro Strategic Metals Inc.,0.2,1,1,9,0,2,0,2,15,-13.0,2.0,Broken,Avoid/exit,30,-5.1,-6.7,-4.2,28.0,1,,Basic Materials,23661014.0,16754.45
AWHL,Aspira Women's Health Inc.,0.263,1,4,2,6,2,0,2,17,-15.0,2.0,Broken,Avoid/exit,26,-4.5,-25.0,-17.6,32.4,1,,Healthcare,12124773.0,48681.47
ZEO,Zeo Energy Corp.,0.317,4,5,0,0,4,0,2,15,-13.0,2.0,Broken,Avoid/exit,5,-29.1,-49.1,-32.9,27.6,1,,Technology,28630360.0,367197.2
PLMKW,Plum Acquisition Corp. IV Warrants,0.355,0,6,1,3,3,0,2,15,-13.0,2.0,Broken,Avoid/exit,22,-22.8,-19.3,-18.6,35.3,0,,nan,nan,35668.53
FBGL,FBS Global Limited Ordinary Shares,0.439,6,13,3,3,3,2,2,32,-28.0,2.0,Broken,Avoid/exit,26,9.5,10.9,-0.8,46.5,3,,Industrials,5670000.0,1038116.42
LMED,LataMed AI Corp.,0.471,3,11,3,0,2,2,2,23,-21.0,2.0,Broken,Avoid/exit,23,17.8,-22.8,-24.1,37.5,0,,Technology,86723504.0,332057.77
LRHC,La Rosa Holdings Corp. Common Stock,0.475,1,6,3,5,0,0,2,17,-15.0,2.0,Broken,Avoid/exit,16,-15.9,-24.5,-28.7,27.8,1,,Real Estate,1668870.0,539646.32
MEIUF,Meitu Inc,0.536,0,1,1,5,3,0,2,12,-10.0,2.0,Broken,Avoid/exit,12,-12.2,-12.2,-9.3,0.0,0,,Communication Services,2426232320.0,18.36
ETCMY,Eutelsat Communications SA ADR,0.57,0,4,3,5,2,0,2,16,-14.0,2.0,Broken,Avoid/exit,12,-7.8,-15.9,-8.4,36.5,1,,Communication Services,2708986368.0,32040.47
JETBF,JETBF,0.6,0,1,1,5,3,0,2,12,-10.0,2.0,Broken,Avoid/exit,28,-14.9,-14.9,-12.5,1.8,0,,Industrials,40780860.0,16.41
NIXX,"Nixxy, Inc.",0.649,3,5,5,5,0,2,5,25,-23.0,2.0,Broken,Avoid/exit,21,-6.9,-6.4,-8.0,41.1,1,,Communication Services,20583094.0,1636219.9
FTHM,Fathom Holdings Inc,0.666,0,3,9,3,2,0,2,19,-15.0,2.0,Broken,Avoid/exit,25,-6.5,-9.6,-9.2,37.5,1,,Real Estate,23144618.0,663134.3
FDCT,FDCTech Inc,0.7,5,4,0,3,0,0,2,14,-10.0,2.0,Broken,Avoid/exit,35,-65.0,-77.3,-69.2,30.6,0,,Financial Services,153528832.0,3955.39
NDGPF,Nine Dragons Paper (Holdings) Limited,0.84,1,1,1,4,3,0,2,12,-10.0,2.0,Broken,Avoid/exit,25,-11.6,-11.6,-7.0,9.8,0,,Basic Materials,4222998784.0,2453.5
GDTC,CytoMed Therapeutics Limited Ordinary Shares,0.95,11,6,3,4,3,3,2,32,-30,2,Broken,Avoid/exit,25,5.7,12.4,2.1,51.4,3,,Healthcare,11793787.0,216230.85
FAYXX,Fidelity New Jersey Municipal M,1.0,0,2,0,6,0,2,2,12,-10.0,2.0,Broken,Avoid/exit,13,-47.9,-21.3,-39.9,30.0,0,,nan,nan,0.0
XITO,Xenous Holdings Inc,0.006,0,1,1,5,0,4,2,13,-8.0,1.0,Broken,Avoid/exit,31,-56.4,-56.4,-53.5,8.7,0,,Financial Services,10643500.0,3807.4
LMMFF,Lithium Australia NL,0.004,3,1,0,5,0,0,2,11,-10.0,1.0,Broken,Avoid/exit,15,-29.3,-35.9,-32.2,37.2,0,,Industrials,8873905.0,6842.99
NKGN,"NKGen Biotech, Inc. Common Stock",0.002,3,3,2,3,3,0,2,16,-15.0,1.0,Broken,Avoid/exit,12,-60.0,-60.0,-83.6,11.0,1,,Healthcare,7836133.0,4550.01
DGCMF,Digital Commodities Capital Corp.,0.01,0,3,3,0,3,0,2,11,-10.0,1.0,Broken,Avoid/exit,8,-18.6,-25.5,-12.5,34.8,0,,Financial Services,1771039.0,37476.6
LUDG,Ludwig Enterprises Inc,0.01,1,1,2,0,3,2,2,11,-10.0,1.0,Broken,Avoid/exit,9,0.0,-47.4,-30.5,17.1,0,,Healthcare,1671668.0,8528.51
RVLCF,Rivalry Corp,0.003,2,1,7,0,2,2,2,16,-15.0,1.0,Broken,Avoid/exit,27,-10.0,-10.0,-7.9,18.4,1,,Consumer Cyclical,235626.0,34152.96
SPOWF,Strata Power Corp,0.009,6,5,2,5,0,2,2,22,-21.0,1.0,Broken,Avoid/exit,17,0.0,0.0,-21.2,44.9,0,,Energy,182774.0,6406.17
VGMIF,Visible Gold Mines Inc,0.004,1,1,0,2,3,2,2,11,-10.0,1.0,Broken,Avoid/exit,10,0.0,-95.6,-91.6,2.9,0,,Basic Materials,148620.0,426.98
CARM,Carisma Therapeutics Inc.,0.001,5,5,4,0,3,0,2,19,-18.0,1.0,Broken,Avoid/exit,18,-45.5,-52.0,-50.9,36.3,0,,Healthcare,50214.0,124875.93
TRVN,Trevena Inc,0.001,6,4,0,0,3,5,2,20,-15.0,1.0,Broken,Avoid/exit,19,0.0,0.0,-64.5,22.4,1,,Healthcare,9501.0,308.7
SANW,S&W Seed Company,0.001,2,5,1,3,3,0,2,16,-15.0,1.0,Broken,Avoid/exit,26,-97.0,0.0,-91.8,44.1,1,,Basic Materials,2361.0,0.0
SUIFF,Superior Mining International Corporation,0.012,0,1,0,5,3,0,2,11,-10.0,1.0,Broken,Avoid/exit,6,-62.3,-62.3,-52.6,1.6,0,,Basic Materials,971825.0,697.16
OZSC,Ozop Surgical Corp,0.016,3,7,2,0,2,2,2,18,-15.0,1.0,Broken,Avoid/exit,14,-33.3,-49.8,-54.8,30.0,1,,Industrials,88881.0,93206.78
SMIT,Schmitt Industries Inc,0.015,1,3,2,6,3,3,2,20,-15.0,1.0,Broken,Avoid/exit,23,0.0,0.0,-21.6,12.3,1,,Technology,58082.0,773.4
ZOOZW,ZOOZ Power Ltd. Warrant,0.016,0,7,2,1,2,0,2,14,-13.0,1.0,Broken,Avoid/exit,22,-25.9,-18.9,-19.7,44.6,0,,nan,nan,13471.72
PCIVF,Predictiv AI Inc.,0.026,5,3,4,4,0,0,2,18,-13.0,1.0,Broken,Avoid/exit,10,-22.8,-22.8,-27.0,32.9,1,,Technology,3100462.0,576.54
VVCHF,Viva China Holdings Limited,0.034,0,1,0,5,3,0,2,11,-10.0,1.0,Broken,Avoid/exit,5,-52.0,-52.0,-44.6,4.4,0,,Consumer Cyclical,334608096.0,190.01
PRRUF,Immutep Limited,0.04,1,1,2,6,4,0,2,16,-15.0,1.0,Broken,Avoid/exit,17,0.0,-20.0,-12.1,0.5,1,,Healthcare,55854040.0,16767.0
OTLC,Oncotelic Therapeutics Inc,0.032,2,10,0,0,2,0,2,16,-13.0,1.0,Broken,Avoid/exit,14,-20.0,-36.0,-13.5,43.7,0,,Healthcare,13725384.0,262237.13
CBLO,Archer Entertainment Media Communications Inc.,0.036,7,7,5,0,0,1,2,22,-21.0,1.0,Broken,Avoid/exit,20,-10.0,-2.7,-12.0,43.4,1,,Financial Services,11637305.0,136721.54
SUNXF,Stardust Solar Energy Inc.,0.032,6,6,5,2,0,2,2,23,-18.0,1.0,Broken,Avoid/exit,16,-0.3,2.5,-4.5,34.6,0,,nan,nan,28680.85
BELDF,Batero Gold Corp,0.05,1,3,1,4,2,0,5,16,-15.0,1.0,Broken,Avoid/exit,20,-61.5,-61.5,-45.6,30.6,1,,Basic Materials,4008347.0,16800.95
CVONF,Carnarvon Petroleum Limited,0.06,1,1,0,0,3,4,2,11,-10.0,1.0,Broken,Avoid/exit,21,0.0,-14.3,-12.5,3.1,0,,Energy,107345208.0,2801.0
MDWK,MDwerks Inc,0.054,2,3,3,0,3,3,2,16,-15.0,1.0,Broken,Avoid/exit,22,0.0,-32.6,-7.0,39.4,1,,Consumer Defensive,12979233.0,22092.25
FRFLF,FRNT Financial Inc.,0.053,1,2,1,5,3,2,2,16,-15.0,1.0,Broken,Avoid/exit,27,-1.1,-18.8,-16.2,20.6,1,,Financial Services,2246423.0,3150.16
VPTDF,VentriPoint Diagnostics Ltd,0.07,2,3,6,0,0,0,2,13,-15.0,1.0,Broken,Avoid/exit,17,-4.7,-4.5,-5.9,41.7,1,,Healthcare,13811716.0,103011.38
GRWC,Grow Capital Inc,0.066,2,6,0,0,2,4,2,16,-15.0,1.0,Broken,Avoid/exit,20,-78.0,-17.6,-41.6,43.0,1,,Technology,10048804.0,1406.47
SRCO,Sparta Commercial Services Inc,0.06,0,2,2,6,2,2,2,16,-15.0,1.0,Broken,Avoid/exit,17,-20.0,-29.4,-21.5,9.9,1,,Technology,3278215.0,18586.82
OMH,Ohmyhome Limited Ordinary Shares,0.076,6,4,3,3,2,0,2,20,-19.0,1.0,Broken,Avoid/exit,11,-27.0,-20.1,-41.4,37.7,1,,Real Estate,8274575.0,10863636.11
FBDS,Fuss Brands Corp.,0.08,0,1,2,4,3,4,2,16,-15.0,1.0,Broken,Avoid/exit,19,-20.8,-20.8,-15.0,0.1,1,,Financial Services,1716246.0,124.13
FLDDW,"Fold Holdings, Inc. Warrant",0.078,4,6,2,0,0,4,2,18,-17.0,1.0,Broken,Avoid/exit,20,1.8,0.6,-9.6,45.7,0,,nan,nan,21517.23
ECRO,Ecc Cap. Corp.,0.082,6,12,1,4,3,2,3,31,-28,1,Broken,Avoid/exit,33,2.5,17.1,5.2,52.3,3,,nan,15241840.0,48587.5
SPTCF,Sparc Technologies Limited,0.139,0,7,4,0,3,0,2,16,-15.0,1.0,Broken,Avoid/exit,0,-18.2,-19.7,-13.9,42.2,1,,Basic Materials,16584893.0,0.0
FFFNF,55 North Gold Inc.,0.135,1,3,1,3,3,3,2,16,-15.0,1.0,Broken,Avoid/exit,0,0.0,0.0,-22.8,0.5,1,,Basic Materials,4767497.0,0.0
GRDZF,Giordano International Limited,0.155,0,1,1,4,3,0,2,11,-10.0,1.0,Broken,Avoid/exit,0,-11.1,-11.1,-8.4,1.7,0,,Consumer Cyclical,250698768.0,0.0
DRYGF,Dryden Gold Corp.,0.195,5,8,4,0,3,2,4,26,-25.0,1.0,Broken,Avoid/exit,21,-4.6,-10.6,-4.2,45.8,1,,Basic Materials,47391628.0,208662.97
FARYF,FAR Limited,0.176,0,1,4,2,3,4,2,16,-15.0,1.0,Broken,Avoid/exit,10,-10.0,-10.0,-8.5,1.8,1,,Energy,16273339.0,413.13
PCOFF,Pico Far East Holdings Limited,0.246,0,1,0,5,3,0,2,11,-10.0,1.0,Broken,Avoid/exit,14,-25.4,-25.4,-20.1,0.0,0,,Communication Services,314589856.0,3.29
LTSRF,Lotus Resources Limited,0.202,3,6,4,5,0,6,5,29,-28,1,Broken,Avoid/exit,19,8.3,22.0,-6.4,40.1,4,,Basic Materials,119745792.0,84089.82
SDRC,Sidney Resources Corp,0.2,5,5,0,5,5,2,2,24,-23.0,1.0,Broken,Avoid/exit,30,-17.3,-23.0,-10.1,43.6,1,,Basic Materials,77131760.0,199322.09
TXRP,"TX Rail Products, Inc",0.2,0,4,3,0,0,0,2,9,-8.0,1.0,Broken,Avoid/exit,21,-9.1,-9.7,-11.7,38.1,0,,Industrials,9900000.0,40342.84
QPRC,Quest Products Corp,0.201,1,4,1,5,3,0,2,16,-15.0,1.0,Broken,Avoid/exit,29,-19.7,-11.0,-28.8,39.4,1,,Industrials,1070127.0,703.66
VTAK,Catheter Precision Inc.,0.203,3,2,3,6,2,2,2,20,-15.0,1.0,Broken,Avoid/exit,14,-3.5,-30.1,-25.9,31.2,2,,Healthcare,754379.0,3729843.84
LATAW,Galata Acquisition Corp. II Warrant,0.212,3,5,1,0,0,0,2,11,-10.0,1.0,Broken,Avoid/exit,8,-31.9,-31.5,-24.9,34.5,0,,nan,nan,0.0
SINC,Sincerity Applied Materials Holdings Corp,0.27,2,7,0,2,3,2,2,18,-13.0,1.0,Broken,Avoid/exit,15,-72.7,-87.9,-85.4,38.9,2,,Basic Materials,21824442.0,0.0
CLGN,Collplant Biotechnologies Ltd,0.29,0,4,6,1,0,0,2,13,-15.0,1.0,Broken,Avoid/exit,24,-8.9,-9.2,-7.2,42.5,1,,Healthcare,5814274.0,70842.29
DNDT,Dnd Technologies,0.302,6,4,1,0,0,0,5,16,-15.0,1.0,Broken,Avoid/exit,39,-80.3,-71.2,-54.8,42.3,1,,Consumer Defensive,1793069.0,2001.5
CPWIF,China Power International Development Limited,0.35,0,1,0,5,3,0,2,11,-10.0,1.0,Broken,Avoid/exit,5,-20.5,-20.5,-14.7,0.0,0,,Utilities,4329552896.0,2.5
CYCU,"Cycurion, Inc.",0.484,5,6,1,0,2,0,2,16,-13.0,1.0,Broken,Avoid/exit,25,-29.5,-30.9,-22.5,43.0,0,,Technology,11850378.0,6696969.55
EAXR,Flint Telecom Group,0.598,1,8,0,6,3,0,2,20,-15.0,1.0,Broken,Avoid/exit,14,-14.6,-28.3,-24.5,28.6,1,,Technology,35952676.0,2024.99
FTFT,Future Fintech Group Inc,0.582,0,3,1,5,0,0,2,11,-10.0,1.0,Broken,Avoid/exit,10,-15.7,-28.2,-26.3,34.4,0,,Technology,21892110.0,60377.66
NXLLF,Nuix Limited,0.61,1,1,1,3,3,0,2,11,-10.0,1.0,Broken,Avoid/exit,11,-24.7,-24.7,-17.1,14.4,0,,Technology,209649504.0,72.98
VNTXF,Vanta Holdings Inc.,0.6,0,1,0,6,3,4,2,16,-15.0,1.0,Broken,Avoid/exit,19,-60.0,-60.0,-52.6,0.0,1,,Consumer Defensive,3401967.0,129.18
DRMMF,Dream International Limited,0.836,0,1,1,4,3,0,2,11,-10.0,1.0,Broken,Avoid/exit,19,-8.0,-8.0,-6.1,0.0,0,,Consumer Cyclical,565656064.0,92.5
NWINF,Naked Wines plc,0.93,1,1,3,6,3,0,2,16,-15.0,1.0,Broken,Avoid/exit,30,-4.1,-7.0,-3.2,33.8,1,,Consumer Defensive,61497864.0,1947.0
RYET,Ruanyun Edai Technology Inc. Ordinary shares,0.97,4,4,6,3,2,4,2,25,-20.0,1.0,Broken,Avoid/exit,27,-5.7,-7.6,-5.2,40.6,1,,Consumer Defensive,35416004.0,402463.65
FABXX,Fidelity California Municipal M,1.0,0,2,0,5,0,2,2,11,-10.0,1.0,Broken,Avoid/exit,14,-48.2,-22.5,-40.6,29.1,0,,nan,nan,0.0
FAUXX,Fidelity Massachusetts Municipal Trust - Fidelity Massachusetts Municipal Money Market Fund,1.0,0,2,0,5,0,2,2,11,-10.0,1.0,Broken,Avoid/exit,12,-49.2,-29.6,-41.9,27.4,0,,nan,nan,0.0
FAWXX,Fidelity New York Municipal Mon,1.0,0,2,0,5,0,2,2,11,-10.0,1.0,Broken,Avoid/exit,14,-52.8,-29.6,-45.2,28.1,0,,nan,nan,0.0
