code,name,price,trend,momentum,volatility,volume,sr,pattern,sentiment,raw,adj,final,zone,action,weekly_raw,g5,g10,ext,rsi,dist_flags,mct,sector,mcap,avgvol
ZTSTF,ZTEST Electronics Inc,0.29,18,11,6,17,6,8,5,71,2.5,78.5,Strong,Enter w/ confidence,73,24.6,31.8,23.5,62.4,2,,Technology,10896111.0,13741.87
KRTL,KRTL Holding Group Inc,0.068,14,13,6,16,4,11,5,69,4.0,76.0,Strong,Enter w/ confidence,53,13.4,17.4,18.5,59.7,2,,Industrials,6108801.0,48283.05
MACIW,Melar Acquisition Corp. I Warrant,0.15,15,8,7,15,6,12,5,68,-3.0,70.0,Strong,Enter w/ confidence,44,15.4,25.0,19.1,72.3,2,,nan,2070000.0,0.0
CPIVF,Captiva Verde Land Corp,0.033,15,11,10,14,8,2,5,65,2.0,67.0,Moderate,Enter w/ caution,65,15.8,26.4,14.3,57.4,2,,Healthcare,10069325.0,33687.16
CUEN,Cuentas Inc.,0.324,19,14,12,18,6,10,5,84,-22,67,Moderate,Enter w/ caution,71,16.7,15.9,15.1,63.6,3,,Technology,2580682.0,3804.34
MSRM,Mushrooms Inc.,0.017,13,16,10,14,4,1,5,63,2.0,65.0,Moderate,Enter w/ caution,46,-5.6,17.2,8.9,56.1,2,,Consumer Defensive,761816.0,49846.53
NMGC,NeoMagic Corporation,0.015,18,10,12,18,6,9,5,78,-20.0,63.0,Moderate,Enter w/ caution,66,16.7,16.7,18.1,67.2,3,,Technology,959518.0,6884.34
IRHOR,Iron Horse Acquisitions Corp. II Rights,0.221,18,10,7,15,6,6,5,67,-2.0,63.0,Moderate,Enter w/ caution,0,5.2,30.0,18.8,67.1,2,,nan,nan,0.0
ILDO,International Daleco Corp,0.009,13,6,11,13,4,4,3,54,0.0,62.0,Moderate,🔥 COILED: Enter w/ caution,42,0.0,0.0,1.1,53.9,0,,Basic Materials,414106.0,6529.65
AFFY,Affymax Inc.,0.001,20,5,5,15,6,5,5,61,1.0,62.0,Moderate,Enter w/ caution,71,30.0,8.3,16.7,66.0,2,,Healthcare,48737.0,5847.06
FGIWW,FGI Industries Ltd. Warrant,0.04,15,10,12,13,3,7,5,65,-3.0,62.0,Moderate,Enter w/ caution,46,14.5,14.5,12.6,71.6,2,,nan,nan,0.0
CCFLU,Community Choice Financial Holdings LLC,0.035,17,6,9,15,8,0,5,60,2.0,62.0,Moderate,Enter w/ caution,65,0.0,16.7,12.8,58.1,2,,Financial Services,nan,41846.05
COSG,Cosmos Group Holdings Inc,0.072,14,10,8,12,3,3,5,55,2.0,62.0,Moderate,🔥 COILED: Enter w/ caution,46,16.0,28.4,10.7,52.8,2,,Financial Services,46001.0,1751.05
TGGCF,TGGCF,0.085,14,16,8,11,6,0,4,59,0.0,62.0,Moderate,🔥 COILED: Enter w/ caution,38,3.6,9.9,4.0,52.3,1,,Basic Materials,nan,0.0
IBACR,IB Acquisition Corp. Right,0.117,13,14,11,14,6,2,5,65,-1.0,62.0,Moderate,Enter w/ caution,55,2.0,6.7,3.9,59.3,0,,nan,nan,0.0
SUIC,AJ Greentech Holdings Ltd,0.86,16,9,4,16,7,4,4,60,2.0,62.0,Moderate,Enter w/ caution,62,0.0,5.5,3.6,58.7,1,,Technology,9801134.0,861.51
RFHRF,Renforth Resources Inc,0.018,15,8,8,12,7,6,2,58,0.0,61.0,Moderate,Enter w/ caution,55,-4.3,0.0,1.4,51.0,0,,Basic Materials,8355943.0,51041.03
MHIVF,Invesque Inc,0.095,17,7,9,14,1,3,5,56,-3.0,61.0,Moderate,🔥 COILED: Enter w/ caution,43,5.6,-5.0,1.7,52.9,2,,Real Estate,86784288.0,9764.5
CBWTF,Auxly Cannabis Group Inc,0.124,17,8,7,16,7,8,5,68,-5.0,61.0,Moderate,Enter w/ caution,70,12.5,4.0,10.3,67.8,0,,Healthcare,173461472.0,752383.07
CMPNF,Champion Real Estate Investment Trust,0.34,17,7,7,14,6,4,5,60,1.0,61.0,Moderate,Enter w/ caution,58,0.0,0.0,2.5,68.7,1,,Real Estate,1907400832.0,0.0
ATGN,Altigen Communications Inc,0.51,13,7,7,15,7,9,3,61,-1.0,61.0,Moderate,Enter w/ caution,52,4.1,4.1,3.5,59.7,1,,Communication Services,13198700.0,26019.63
ACNDF,Ascendas India Trust,0.83,11,12,4,14,8,0,5,54,2.0,61.0,Moderate,🔥 COILED: Enter w/ caution,36,3.7,9.2,4.1,54.5,1,,Real Estate,1159794816.0,7513.05
NRGT,Energy Today Inc,0.01,16,6,7,16,6,8,5,64,-4.0,60.0,Moderate,Enter w/ caution,40,16.5,16.5,18.0,69.7,2,,Consumer Defensive,692745.0,81328.59
PMTYF,Playmates Toys Ltd,0.06,13,7,12,12,4,6,3,57,-2.0,60.0,Moderate,🔥 COILED: Enter w/ caution,53,0.0,7.1,4.3,64.8,0,,Consumer Cyclical,68883360.0,31320.14
RMDFF,Richmond Minerals Inc,0.083,15,6,11,9,6,2,3,52,0.0,60.0,Moderate,🔥 COILED: Enter w/ caution,56,0.0,0.0,3.0,50.0,0,,Basic Materials,6735049.0,3006.62
AGCCF,Gensource Potash Corporation,0.13,17,5,13,11,6,7,5,64,-7.0,60.0,Moderate,Enter w/ caution,60,8.3,0.0,10.5,62.6,1,,Basic Materials,60887828.0,10388.5
ELMSQ,"Electric Last Mile Solutions, Inc.",0.13,13,11,5,15,9,2,3,58,-1.0,60.0,Moderate,Enter w/ caution,55,18.2,0.9,9.1,52.1,0,,Consumer Cyclical,12774844.0,9987.19
STXPF,Stuhini Exploration Ltd,0.127,11,11,13,17,6,3,3,64,-7.0,60.0,Moderate,Enter w/ caution,44,3.9,6.4,5.1,62.4,1,,Basic Materials,6510453.0,14438.35
BCMRF,BCM Resources Corporation,0.23,16,16,4,9,6,4,5,60,0.0,60.0,Moderate,Enter w/ caution,60,21.1,0.8,9.0,55.4,0,,Basic Materials,55915788.0,30283.87
STCUF,Star Copper Corp.,0.816,13,14,9,12,4,7,5,64,-5.0,60.0,Moderate,Enter w/ caution,44,10.3,4.6,10.7,63.4,1,,Basic Materials,50151148.0,167036.07
ALISR,Calisa Acquisition Corp Right,0.81,18,8,6,10,6,7,5,60,-3.0,60.0,Moderate,Enter w/ caution,57,11.0,46.6,23.9,73.1,2,,nan,nan,0.0
HKBNF,HKBN Ltd,0.914,16,7,10,11,6,2,3,55,0.0,60.0,Moderate,🔥 COILED: Enter w/ caution,57,0.0,0.0,4.3,50.0,0,,Communication Services,1350994944.0,10.1
SIPC,Sipp Industries New,0.001,15,10,6,12,6,11,5,65,-5.8,59.2,Moderate,Enter w/ caution,62,30.0,8.3,24.9,69.5,1,,Consumer Defensive,592208.0,190868.06
PRMD,Primemd Inc,0.001,15,6,12,7,6,2,3,51,0.0,59.0,Moderate,🔥 COILED: Enter w/ caution,53,0.0,0.0,0.5,50.0,0,,Healthcare,20348.0,135.6
VSMR,Verify Smart Corp,0.035,12,14,6,7,4,4,5,52,2.0,59.0,Moderate,🔥 COILED: Enter w/ caution,38,4.8,4.8,12.7,53.3,0,,Technology,20343026.0,11695.16
BYNOW,byNordic Acquisition Corporation Warrant,0.09,13,11,9,14,6,8,5,66,-7.0,59.0,Moderate,Enter w/ caution,44,2.3,1.2,7.0,61.3,1,,nan,nan,0.0
RKHNF,Rockhaven Resources Ltd,0.18,15,7,13,11,3,7,5,61,-2.0,59.0,Moderate,Enter w/ caution,50,5.9,5.9,5.6,67.3,0,,Basic Materials,52704568.0,38008.0
OTGAW,OTG Acquisition Corp. I Warrants,0.39,18,5,13,12,6,6,5,65,-9.0,59.0,Moderate,Enter w/ caution,55,5.4,9.9,8.4,66.7,1,,nan,nan,0.0
CDPMF,Cerro de Pasco Resources Inc.,0.505,14,12,4,14,4,2,5,55,1.0,59.0,Moderate,Enter w/ caution,0,18.3,15.0,11.6,61.5,2,,Basic Materials,307020768.0,0.0
GTENW,"Gores Holdings X, Inc. Warrants",0.9,16,12,6,13,6,5,5,63,0.0,59.0,Moderate,Enter w/ caution,56,25.0,25.0,19.4,64.1,2,,nan,nan,0.0
SPOWF,Strata Power Corp,0.013,8,14,5,16,3,2,5,53,-0.5,58.5,Moderate,Enter w/ caution,21,-14.3,-34.0,21.0,53.3,0,,Energy,252670.0,8422.8
EVLLF,EnviroLeach Technologies Inc,0.007,11,7,11,14,8,2,3,56,2.0,58.0,Moderate,Enter w/ caution,54,0.0,0.0,5.3,52.7,0,,Basic Materials,795251.0,114961.16
BZRD,Giant Motorsports Inc,0.056,8,4,9,16,7,2,5,51,4.0,58.0,Moderate,Enter w/ caution,47,1.6,-3.5,1.4,52.3,0,,Financial Services,40705156.0,131141.39
NBBTF,Natural Beauty Bio-Technology Limited,0.061,13,8,10,11,6,2,5,55,-2.0,58.0,Moderate,🔥 COILED: Enter w/ caution,38,0.0,0.0,1.6,68.3,0,,Consumer Defensive,102107152.0,1430.0
ALEEF,Alerio Gold Corp,0.176,18,11,5,14,6,12,5,71,-18,58,Moderate,Enter w/ caution,64,101.6,100.9,56.9,73.7,3,10,Basic Materials,28425024.0,8898.84
NCL,Northann Corp.,0.174,14,12,9,13,6,2,5,61,-3.0,58.0,Moderate,Enter w/ caution,46,5.2,6.6,5.8,57.0,1,,Consumer Cyclical,9349556.0,4790739.63
NAMMW,Namib Minerals Warrants,0.247,17,12,4,9,5,7,5,59,-6.0,58.0,Moderate,Enter w/ caution,55,18.8,0.8,31.1,59.0,0,,nan,nan,56437.07
GTBP,GT Biopharma Inc,0.514,17,12,10,15,6,8,5,73,-15.0,58.0,Moderate,Enter w/ caution,47,18.2,7.8,16.6,62.3,1,,Healthcare,17129880.0,1608268.49
GNVR,GNVR,0.5,15,9,6,13,4,3,5,55,0.0,58.0,Moderate,Enter w/ caution,26,25.0,53.3,9.1,55.7,2,,Basic Materials,9811768.0,1277.8
IPEXR,Inflection Point Acquisition Corp. V,0.69,14,14,6,10,4,3,5,56,2.0,58.0,Moderate,Enter w/ caution,57,25.5,15.0,12.6,55.5,2,,nan,nan,0.0
BCLI,Brainstorm Cell Therapeutics Inc,0.864,19,12,5,14,5,2,5,62,-2.0,58.0,Moderate,Enter w/ caution,58,12.3,9.0,10.7,61.5,2,,Healthcare,9489907.0,18600.2
BFRI,Biofrontera Inc,0.987,13,12,4,16,5,5,5,60,-5.0,58.0,Moderate,Enter w/ caution,54,11.4,-0.8,5.2,54.9,1,,Healthcare,12636900.0,252357.29
GMPW,GiveMePower Corp,0.01,13,7,8,16,5,6,5,60,-3.0,57.0,Moderate,Enter w/ caution,40,25.0,25.0,17.8,70.0,2,,Real Estate,437928.0,11409.49
FLRLF,FluroTech Ltd.,0.005,15,6,10,7,6,2,3,49,0.0,57.0,Moderate,🔥 COILED: Enter w/ caution,53,0.0,0.0,1.8,50.0,0,,Healthcare,116027.0,3.05
SNTX,Suntex Enterprises Inc,0.014,13,5,5,16,7,4,5,55,2.0,57.0,Moderate,Enter w/ caution,46,-3.4,-6.0,8.1,56.0,0,,Financial Services,4781700.0,2687594.15
WSRRF,Harrys Manufacturing Inc,0.055,16,2,8,13,8,4,4,55,2.0,57.0,Moderate,Enter w/ caution,56,-1.8,-1.8,3.3,57.7,0,,Consumer Defensive,6337876.0,1067.87
AEMLF,AEMLF,0.08,15,6,10,7,6,2,3,49,0.0,57.0,Moderate,🔥 COILED: Enter w/ caution,50,0.0,0.0,1.7,50.0,0,,Energy,14325099.0,9309.47
NMEX,Northern Minerals & Exploration Ltd,0.074,11,7,7,14,4,7,5,55,2.0,57.0,Moderate,Enter w/ caution,39,28.0,12.3,15.1,56.3,2,,Basic Materials,8250181.0,6760.77
QSEP,QS Energy Inc,0.119,13,14,12,14,6,8,5,72,-20.0,57.0,Moderate,Enter w/ caution,56,8.2,8.2,10.0,63.8,3,,Energy,61218292.0,179916.23
TBNRL,Tamboran Resources Corporation,0.185,15,4,11,14,6,8,4,62,-8.0,57.0,Moderate,Enter w/ caution,63,2.8,2.8,1.8,74.8,1,,Energy,1289687296.0,7217.67
PNGZF,Paringa Resources Limited,0.26,13,6,7,15,3,5,5,54,-5.0,57.0,Moderate,🔥 COILED: Enter w/ caution,43,0.0,0.0,0.1,51.0,1,,Basic Materials,262326976.0,198.09
PPCLY,PPC Ltd ADR,0.82,15,6,12,7,6,6,3,55,-3.0,57.0,Moderate,🔥 COILED: Enter w/ caution,53,0.0,0.0,1.0,76.1,0,,Basic Materials,542786560.0,0.0
DBOXF,D-BOX Technologies Inc,0.825,18,7,6,15,5,9,5,65,-8.0,57.0,Moderate,Enter w/ caution,73,3.1,23.1,13.6,70.4,2,,Technology,184414848.0,183265.28
PKBAF,PT Bakrie & Brothers Tbk,0.008,15,6,6,8,4,11,3,53,0.0,56.0,Moderate,Enter w/ caution,50,0.0,0.0,2.0,57.4,0,,Industrials,1387403264.0,3.58
IMVIF,IMVIF,0.002,15,6,12,9,6,2,3,53,-5.0,56.0,Moderate,🔥 COILED: Enter w/ caution,43,0.0,0.0,1.0,50.0,1,,Healthcare,23423.0,48.08
CTLDF,Controladora Axtel S.A.B. de C.V.,0.04,12,7,9,12,6,2,3,51,0.0,56.0,Moderate,🔥 COILED: Enter w/ caution,53,0.0,0.0,0.7,50.0,0,,nan,192752928.0,17157.01
OPUS,Opus Magnum Ameris Inc,0.28,15,5,10,9,6,5,3,53,-2.0,56.0,Moderate,🔥 COILED: Enter w/ caution,53,0.0,0.0,3.1,65.2,0,,Financial Services,57099960.0,119.39
TBVPF,Thai Beverage Public Company Limited,0.346,11,6,11,11,4,1,5,49,2.0,56.0,Moderate,🔥 COILED: Enter w/ caution,39,0.0,0.0,0.8,52.8,0,,Consumer Defensive,8777360384.0,0.0
FTZFF,Fitzroy Minerals Inc,0.326,8,14,4,15,4,2,5,52,-1.0,56.0,Moderate,🔥 COILED: Enter w/ caution,43,14.0,-3.6,5.2,54.4,1,,Basic Materials,107322248.0,59639.83
TDSA,Cabana Target Drawdown 5 ETF,0.475,17,8,5,16,5,2,5,58,-2.0,56.0,Moderate,Enter w/ caution,52,10.1,15.0,7.8,64.1,2,,nan,nan,4767303.88
GLATF,Global Atomic Corp,0.544,13,12,5,13,4,2,5,54,-3.0,56.0,Moderate,Enter w/ caution,37,18.3,2.7,7.9,56.4,2,,Basic Materials,264752384.0,512991.13
CLGOF,CleanGo Innovations Inc,0.504,12,6,9,14,5,5,5,56,-3.0,56.0,Moderate,Enter w/ caution,48,0.0,0.0,1.7,57.0,1,,Consumer Defensive,4032443.0,638.14
EZES,"Easy Environmental Solutions, Inc.",0.722,8,10,8,13,6,0,4,49,2.0,56.0,Moderate,🔥 COILED: Enter w/ caution,52,-3.8,-3.8,1.8,51.0,1,,Industrials,36078212.0,9810.62
THMG,Thunder Mountain Gold Inc,0.78,13,13,8,16,4,0,4,58,-5.0,56.0,Moderate,Enter w/ caution,47,2.6,5.4,3.3,58.7,1,,Basic Materials,70129184.0,62229.1
KJFI,Comjoyful International Company,0.99,12,6,10,12,4,6,3,53,-5.0,56.0,Moderate,🔥 COILED: Enter w/ caution,48,0.0,0.0,1.3,51.8,1,,Healthcare,214989280.0,226.55
CNPTF,Central Petroleum Limited,0.045,12,8,9,13,3,6,3,54,-2.0,55.0,Moderate,Enter w/ caution,56,0.0,0.0,1.6,61.8,0,,Energy,33838404.0,804.88
PBMFF,Pacific Bay Minerals Ltd,0.042,15,6,7,9,6,4,5,52,-2.0,55.0,Moderate,🔥 COILED: Enter w/ caution,30,0.0,0.0,2.0,61.3,0,,Basic Materials,1485888.0,233.86
GRCAF,Gold Springs Resource Corp,0.065,9,9,7,10,5,4,4,48,2.0,55.0,Moderate,🔥 COILED: Enter w/ caution,28,1.6,0.0,2.6,52.5,1,,Basic Materials,18395878.0,22697.07
FDVXF,FenixOro Gold Corp,0.08,12,8,11,13,4,4,3,55,-5.0,55.0,Moderate,🔥 COILED: Enter w/ caution,39,0.0,0.0,1.3,52.5,1,,Basic Materials,8662842.0,7094.1
MRPMF,Marco Polo Marine Ltd.,0.13,15,6,12,8,6,3,3,53,-3.0,55.0,Moderate,🔥 COILED: Enter w/ caution,59,0.0,0.0,1.1,77.7,0,,Industrials,508839232.0,4443.09
TROUF,Troubadour Resources Inc,0.127,15,4,11,10,6,5,3,54,-4.0,55.0,Moderate,🔥 COILED: Enter w/ caution,50,0.0,0.0,4.8,63.2,1,,Basic Materials,889170.0,797.53
CYTOF,Altamira Therapeutics Ltd.,0.128,19,10,7,14,6,8,5,69,-19,55,Moderate,Enter w/ caution,63,80.3,66.2,54.2,67.6,3,8,Healthcare,731580.0,5178.73
DDOSF,Corero Network Security plc,0.166,14,5,6,13,6,1,5,50,0.0,55.0,Moderate,🔥 COILED: Enter w/ caution,47,0.0,0.0,1.3,56.2,0,,Technology,84763328.0,7478.5
CAIB,California International Bank N.A,0.16,15,7,11,9,6,1,3,52,-2.0,55.0,Moderate,🔥 COILED: Enter w/ caution,44,0.0,0.0,0.4,64.7,0,,Financial Services,27272558.0,368.0
IGACR,Invest Green Acquisition Corporation Rights,0.185,17,6,5,12,4,1,5,50,0.0,55.0,Moderate,🔥 COILED: Enter w/ caution,0,0.0,0.0,1.6,59.4,0,,nan,nan,0.0
SKVI,Skinvisible Inc,0.213,10,13,5,9,3,8,5,53,-3.0,55.0,Moderate,🔥 COILED: Enter w/ caution,31,0.0,0.0,-0.3,48.7,1,,Consumer Defensive,1148857.0,3182.22
WNDW,SolarWindow Technologies Inc,0.32,7,12,4,17,4,4,5,53,-3.0,55.0,Moderate,Enter w/ caution,32,-3.0,-3.0,6.3,51.8,2,,Utilities,17760342.0,20520.44
RNGE,RING ENERGY INC,0.4,12,11,2,10,8,5,5,53,4.0,55.0,Moderate,Enter w/ caution,69,21.2,0.0,12.7,57.5,0,,Basic Materials,45437656.0,28937.0
PCMC,Public Company Management Corp,0.41,14,8,10,11,4,1,2,50,0.0,55.0,Moderate,🔥 COILED: Enter w/ caution,54,0.0,0.0,1.3,58.3,0,,Financial Services,14053494.0,2349.5
ADVNF,Advance ZincTek Limited,0.53,17,5,5,12,6,2,5,52,0.0,55.0,Moderate,Enter w/ caution,60,0.0,17.5,8.9,50.0,2,,Basic Materials,33202436.0,401.81
SASKF,Atha Energy Corp.,0.86,18,13,4,10,6,3,5,59,-2.0,55.0,Moderate,Enter w/ caution,60,20.8,5.5,13.0,62.5,1,,Energy,301192288.0,128799.92
NROM,Noble Romans Inc,0.55,16,11,3,13,7,4,5,59,-4.5,54.5,Weak,Watchlist only,58,-14.1,57.1,22.5,64.9,2,,Consumer Cyclical,12218532.0,21215.52
EGRAF,Energy Resources of Australia Ltd,0.009,13,7,11,10,4,1,3,49,0.0,54.0,Weak,🔥 COILED: Watchlist only,49,0.0,0.0,0.4,59.3,0,,Energy,3810724352.0,29381.74
VSOLF,Three Sixty Solar Ltd.,0.01,16,7,10,7,6,2,3,51,-5.0,54.0,Weak,🔥 COILED: Watchlist only,58,0.0,0.0,8.8,50.0,1,,Technology,460711.0,716.8
VICA,Rafina Innovations Inc,0.001,12,7,11,9,4,3,3,49,0.0,54.0,Weak,🔥 COILED: Watchlist only,44,0.0,0.0,1.1,56.8,0,,Healthcare,122022.0,50935.92
PLSH,Panacea Life Sciences Holdings Inc,0.035,12,6,10,14,4,7,5,58,-4.0,54.0,Weak,Watchlist only,39,4.5,4.5,5.3,61.3,1,,Healthcare,742832.0,10405.98
MNXXF,Manganese X Energy Corp,0.085,8,11,6,14,8,2,5,54,-3.0,54.0,Weak,🔥 COILED: Watchlist only,44,1.2,-3.4,2.2,52.4,1,,Basic Materials,20722478.0,114470.58
BMVVF,Bathurst Metals Corp,0.082,12,6,8,11,6,5,5,53,-2.0,54.0,Weak,Watchlist only,57,0.0,0.0,4.9,68.9,0,,Basic Materials,4070595.0,2035.87
NRHI,Natural Resource Holdings Inc.,0.125,17,11,8,15,6,11,5,73,-24,54,Weak,Watchlist only,67,56.2,52.1,45.3,71.3,3,6,Basic Materials,698736.0,981.6
GNGXF,Inventus Mining Corp,0.225,12,10,10,10,5,7,5,59,-5.0,54.0,Weak,Watchlist only,56,7.3,4.8,5.9,58.7,1,,Basic Materials,49514616.0,33334.55
ASHXF,Progressive Planet Solutions Inc,0.257,11,10,6,14,6,2,2,51,0.0,54.0,Weak,Watchlist only,59,0.4,0.8,0.9,51.6,0,,Basic Materials,30456726.0,0.0
UUUFD,Uranium One Mining Corp,0.256,12,11,4,11,7,6,5,56,-5.0,54.0,Weak,Watchlist only,48,24.4,-11.8,4.8,53.9,1,,Energy,7510913.0,163802.92
AUDYF,Ausnutria Dairy Corporation Ltd,0.36,15,6,10,7,3,2,3,46,0.0,54.0,Weak,🔥 COILED: Watchlist only,50,0.0,0.0,0.3,50.0,0,,Consumer Defensive,639220288.0,3.43
AHOTF,American Hotel Income Properties REIT LP,0.371,14,17,2,11,6,2,2,54,-5.0,54.0,Weak,🔥 COILED: Watchlist only,56,2.8,6.9,0.2,50.1,1,,Real Estate,25829102.0,0.0
PCRCF,Bolt Metals Corp,0.382,13,16,4,8,6,4,5,56,-7.0,54.0,Weak,🔥 COILED: Watchlist only,61,5.4,4.2,5.3,52.3,1,,Basic Materials,7923435.0,0.0
OTCFF,Ocumetics Technology Corp,0.41,15,6,10,15,5,2,5,58,-4.0,54.0,Weak,Watchlist only,56,5.1,1.1,2.8,60.8,1,,Healthcare,53458252.0,7208.82
SKKY,Skkynet Cloud Systems Inc,0.535,15,4,4,13,6,5,5,52,2.0,54.0,Weak,Watchlist only,58,-5.5,-5.8,16.5,58.9,0,,Technology,28431948.0,3637.52
WARAF,Waraba Gold Limited,0.5,15,8,11,9,6,4,3,56,-7.0,54.0,Weak,🔥 COILED: Watchlist only,48,0.0,0.0,0.3,66.7,1,,Basic Materials,27892188.0,112.48
NKGFF,Nevada King Gold Corp,0.624,13,13,1,11,8,4,2,52,-3.0,54.0,Weak,Watchlist only,58,7.1,-5.1,-4.0,47.7,2,,Basic Materials,62631964.0,54530.46
LINIF,LINIF,0.636,14,7,5,12,5,6,5,54,0.0,54.0,Weak,Watchlist only,54,-1.2,-1.2,2.7,55.7,0,,nan,nan,8458.72
CPMV,Mosaic Immunoengineering Inc,0.674,14,10,5,14,6,3,2,54,-5.0,54.0,Weak,🔥 COILED: Watchlist only,59,0.0,0.0,3.2,52.4,1,,Healthcare,4881201.0,632.91
KGFMF,Kingfisher Metals Corp,0.911,18,11,7,15,7,2,5,65,-9.0,54.0,Weak,Watchlist only,61,9.1,9.8,9.4,60.9,2,,Basic Materials,127754208.0,88503.84
VAPR,Vaporbrands Intl Inc,0.005,3,9,9,15,4,4,2,46,4.0,53.0,Weak,Watchlist only,28,0.0,-1.8,0.7,49.9,0,,Consumer Cyclical,1599538.0,150822.64
LBRG,Ladybug Resource Group Inc,0.006,6,16,3,17,3,2,5,52,2.0,53,Weak,Watchlist only,34,22.4,-17.8,7.5,50.1,1,,Healthcare,1535890.0,175285.77
JSHG,Joshua Gold Resources Inc,0.002,6,9,10,15,8,4,5,57,4.0,53,Weak,Watchlist only,35,8.7,8.7,3.2,52.5,2,,Basic Materials,643055.0,215281.08
RBZHF,Reebonz Holding Ltd,0.001,15,7,7,11,6,6,5,57,-7.0,53.0,Weak,Watchlist only,62,0.0,0.0,14.5,67.2,1,,Consumer Cyclical,6221.0,1357.95
SSHT,Wireless Data Solutions Inc,0.014,15,8,5,11,4,7,5,55,-2.0,53.0,Weak,Watchlist only,30,22.8,-3.4,15.7,61.2,0,,Industrials,2588649.0,118248.83
CGNO,"CognoGroup, Inc.",0.025,16,6,8,9,5,2,5,51,2.0,53.0,Weak,Watchlist only,62,-9.7,56.2,15.8,54.6,2,,Technology,2168879.0,50450.6
DTWOF,D2 Lithium Corp.,0.031,11,12,10,10,3,4,4,54,-1.0,53.0,Weak,Watchlist only,36,2.0,2.0,1.6,57.2,0,,Basic Materials,1086954.0,7694.2
YRLLF,Global UAV Technologies Ltd,0.021,8,6,11,12,6,2,3,48,0.0,53.0,Weak,🔥 COILED: Watchlist only,36,0.0,0.0,0.0,48.2,0,,Technology,917674.0,60.67
ENHD,Energroup Holdings Corp,0.031,12,7,11,8,3,1,3,45,0.0,53.0,Weak,🔥 COILED: Watchlist only,33,0.0,0.0,0.4,49.0,0,,Financial Services,199870.0,4630.24
PLYFF,Playfair Mining Ltd,0.051,12,4,10,10,6,3,5,50,0.0,53.0,Weak,Watchlist only,53,0.0,0.0,2.7,57.7,0,,Basic Materials,4513673.0,0.0
NIMU,Non-Invasive Monitoring Systems Inc,0.062,14,6,3,9,6,7,5,50,0.0,53.0,Weak,Watchlist only,50,0.0,4.2,-5.9,48.8,0,,Financial Services,9738166.0,47320.47
CVONF,Carnarvon Petroleum Limited,0.09,18,4,4,10,3,11,5,55,-2.0,53.0,Weak,Watchlist only,60,12.5,0.0,5.8,68.3,0,,Energy,161017824.0,2483.5
SCYYF,Scandium International Mining Corp,0.1,9,8,7,15,5,2,5,51,2.0,53.0,Weak,Watchlist only,59,25.0,0.0,4.4,51.3,1,,Basic Materials,35732748.0,95993.47
CELG-RI,Bristol-Myers Squibb Company Ce,0.11,9,9,10,15,5,4,3,55,-3.0,53.0,Weak,Watchlist only,48,-8.1,-8.0,0.7,50.7,1,,nan,nan,42520.48
TRRFF,Trifecta Gold Ltd,0.153,14,11,8,9,4,2,3,51,2.0,53.0,Weak,Watchlist only,34,17.0,5.2,6.2,57.9,1,,Basic Materials,7012153.0,50700.86
LVWD,Liveworld Inc.,0.15,18,13,5,15,6,0,5,62,-7.0,53.0,Weak,Watchlist only,60,0.0,7.1,11.7,60.2,1,,Technology,6845016.0,66259.5
JROOF,Jericho Oil Corp,0.203,15,7,8,17,6,10,5,68,-20,53,Weak,Watchlist only,74,125.7,188.1,102.6,87.2,3,10,Energy,68432720.0,98151.12
BYLTF,Baylin Technologies Inc,0.22,16,15,5,16,7,6,5,70,-17.0,53.0,Weak,Watchlist only,62,11.5,10.0,9.8,68.1,2,,Technology,53723924.0,7330.82
RSAU,Rooshine Inc,0.229,8,6,11,10,4,3,3,45,0.0,53.0,Weak,🔥 COILED: Watchlist only,28,0.0,0.0,0.1,53.7,0,,Consumer Defensive,5129669.0,90.6
RAINW,"Rain Enhancement Technologies Holdco, Inc. Warrants",0.21,16,11,9,17,4,8,5,70,-13.0,53.0,Weak,Watchlist only,65,7.6,7.6,6.9,92.7,0,,nan,nan,12644.36
RZOLF,RZOLF,0.29,6,12,8,12,4,4,3,49,2.0,53,Weak,Watchlist only,0,16.5,5.5,7.1,53.9,1,,nan,nan,0.0
BACCR,Blue Acquisition Corp. Right,0.41,18,7,7,13,6,6,5,62,-9.0,53.0,Weak,Watchlist only,59,10.8,17.1,11.9,61.7,2,,nan,nan,0.0
MSGY,Masonglory Limited Ordinary Shares,0.58,13,7,4,8,7,7,5,51,2.0,53.0,Weak,Watchlist only,42,3.2,20.8,8.8,58.0,2,,Industrials,8250500.0,868410.06
OACCW,Oaktree Acquisition Corp. III Life Sciences Warrant,0.82,18,9,7,14,4,9,5,66,-11.0,53.0,Weak,Watchlist only,53,5.1,5.1,4.6,95.8,0,,nan,nan,0.0
CSUI,Cannabis Suisse Corp,0.009,16,12,7,14,4,2,3,58,-5.5,52.5,Weak,Watchlist only,39,9.5,91.7,38.2,59.0,2,,Real Estate,650264.0,19378.05
TVGNW,Tevogen Bio Holdings Inc.,0.053,17,11,2,16,7,3,5,61,-11.5,52.5,Weak,Watchlist only,66,7.0,57.5,21.7,63.9,2,,nan,nan,129296.16
VDTAF,Vendetta Mining Corp,0.01,18,6,8,9,6,6,5,58,-5.8,52.2,Weak,Watchlist only,45,0.0,216.1,24.9,67.8,2,,Basic Materials,3554352.0,33979.08
SURY,Surya Oil & Gas Corp.,0.009,12,7,6,9,4,0,2,40,4.0,52.0,Weak,Watchlist only,16,0.0,200.0,6.9,52.0,2,,Energy,4836343.0,449263.05
FUNN,Amfil Technologies,0.002,12,9,4,10,5,4,3,47,2.0,52.0,Weak,Watchlist only,52,25.0,5.3,11.8,54.2,0,,Industrials,1582319.0,1664421.83
PYMOD,Hydrocarbon Dynamics Limited,0.007,15,6,10,7,6,2,3,49,-5.0,52.0,Weak,🔥 COILED: Watchlist only,46,0.0,0.0,2.8,50.0,1,,Basic Materials,1006237.0,1.4
ALRTF,ALR Technologies Inc.,0.015,6,8,8,15,5,4,4,50,-1.0,52.0,Weak,Watchlist only,45,-14.7,-14.7,-7.4,42.5,1,,Healthcare,9746549.0,41771.58
AISXF,Aisix Solutions Inc.,0.012,13,7,11,8,6,3,3,51,-4.0,52.0,Weak,🔥 COILED: Watchlist only,45,0.0,0.0,0.3,60.4,1,,Technology,2154710.0,43189.49
XBPEW,XBP Europe Holdings Inc,0.057,17,9,8,13,6,7,5,65,-13.0,52.0,Weak,Watchlist only,46,13.0,13.0,11.6,96.5,2,,nan,nan,9830.68
BKALF,PT Bank Aladin Syariah Tbk,0.078,15,4,5,14,4,2,5,49,0.0,52.0,Weak,Watchlist only,57,0.0,0.0,3.9,50.0,0,,Financial Services,1153867648.0,47.74
RENI,Resilient Energy Inc.,0.122,11,6,10,11,3,3,5,49,0.0,52.0,Weak,Watchlist only,33,0.0,0.0,-0.3,45.6,0,,Financial Services,6327997.0,2120.87
LQMT,Liquidmetal Technologies Inc,0.191,12,10,3,15,7,4,5,56,-2.0,52.0,Weak,Watchlist only,63,6.2,12.5,10.7,65.8,2,,Industrials,174284176.0,647291.3
ESIFF,ESG Global Impact Capital Inc,0.183,11,8,4,9,3,7,3,45,2.0,52.0,Weak,🔥 COILED: Watchlist only,27,8.4,14.0,2.9,52.9,2,,Financial Services,5857455.0,1896.49
CNGA,Conair Corporation,0.34,9,7,10,10,3,5,3,47,0.0,52.0,Weak,🔥 COILED: Watchlist only,37,0.0,0.0,-0.0,44.6,0,,Industrials,2126255.0,493.14
LRKKF,Lark Distilling Co. Ltd,0.624,17,4,7,14,6,4,5,57,-8.0,52.0,Weak,Watchlist only,57,0.0,9.9,3.3,73.2,2,,Consumer Defensive,67020440.0,493.58
PDIYF,Predictive Discovery Limited,0.65,18,5,6,13,7,3,2,54,-3.0,52.0,Weak,Watchlist only,45,25.7,18.2,10.1,59.6,2,,Basic Materials,3208827392.0,96898.66
YHC,LQR House Inc,0.888,7,13,3,11,5,4,2,45,4.0,52.0,Weak,🔥 COILED: Watchlist only,29,9.7,9.4,5.4,53.4,2,,Consumer Defensive,18981742.0,364300.78
CUBWW,Lionheart Holdings Warrant,0.452,16,11,5,13,8,0,5,58,-6.5,51.5,Weak,Watchlist only,71,16.0,-11.3,38.5,64.8,0,,nan,nan,35726.83
PFSF,Pacific Software Inc,0.055,15,11,11,14,4,4,5,64,-12.8,51.2,Weak,Watchlist only,45,10.0,37.5,27.7,59.5,2,,Healthcare,33258204.0,0.0
SRCH,Searchlight Minerals Corp,0.006,15,9,4,11,6,3,5,53,-5.0,51.0,Weak,Watchlist only,60,0.0,3.3,2.3,54.0,1,,Basic Materials,2283383.0,27652.89
IFBC,Blast Applications,0.002,10,14,4,12,6,0,2,48,2.0,51.0,Weak,Watchlist only,66,-16.7,5.3,4.6,53.3,0,,Consumer Defensive,2210381.0,467787.1
NFEI,New Frontier Energy Inc,0.008,18,4,8,14,6,4,5,59,-8.0,51.0,Weak,Watchlist only,51,0.0,0.0,15.6,76.3,1,,Financial Services,766292.0,16951.63
ETUGF,E2Gold Inc,0.002,11,6,9,11,6,3,5,51,-5.0,51.0,Weak,🔥 COILED: Watchlist only,22,0.0,0.0,2.3,54.6,1,,Basic Materials,447533.0,31644.08
SGRB,SigmaBroadband Co,0.012,15,6,10,9,3,2,3,48,-5.0,51.0,Weak,🔥 COILED: Watchlist only,55,0.0,0.0,0.7,50.0,1,,Communication Services,8096687.0,35.74
HUBCZ,Hub Cyber Security Ltd. Warrant 8/22/23,0.014,12,10,2,12,6,3,5,50,1.0,51.0,Weak,Watchlist only,58,0.7,20.7,0.5,50.5,2,,nan,nan,81453.08
ACIXF,Acarix AB (publ),0.029,14,8,9,8,3,3,5,50,1.0,51.0,Weak,Watchlist only,31,7.4,7.4,5.1,61.5,0,,Healthcare,34437448.0,39779.99
VLDXW,"Velo3D, Inc.",0.029,9,15,2,14,3,2,5,50,1.0,51.0,Weak,Watchlist only,26,-3.3,50.8,6.7,47.8,2,,nan,nan,70462.8
NGTF,NightFood Holdings Inc,0.032,15,16,5,9,6,7,5,63,-15.0,51.0,Weak,Watchlist only,38,15.4,-4.8,4.0,52.2,1,,Industrials,16188506.0,953193.18
AWCA,Awaysis Capital Inc,0.034,6,10,7,15,3,5,2,48,0.0,51.0,Weak,Watchlist only,22,12.3,34.8,6.6,50.9,2,,Real Estate,13796314.0,21919.93
KKOBF,Kinetiko Energy Limited,0.049,15,6,10,7,6,2,3,49,-3.0,51.0,Weak,🔥 COILED: Watchlist only,0,0.0,0.0,0.3,78.4,0,,Energy,75579432.0,0.0
MNYWW,MoneyHero Limited Warrants,0.05,7,10,9,14,2,0,5,47,-1.0,51.0,Weak,Watchlist only,33,0.2,4.4,3.3,50.5,1,,nan,nan,38938.98
ROYIF,ROYIF,0.078,11,5,8,13,6,1,2,46,0.0,51.0,Weak,🔥 COILED: Watchlist only,52,0.0,0.0,-0.1,50.7,0,,Basic Materials,22399716.0,33465.55
HYOR,HyOrc Corporation,0.085,11,6,9,11,5,3,5,50,0.0,51.0,Weak,Watchlist only,47,12.1,30.8,8.1,53.3,2,,Industrials,64284648.0,77621.4
HDRSF,Highland Copper Company Inc,0.122,17,9,8,8,7,3,5,57,-6.0,51.0,Weak,Watchlist only,60,7.5,1.2,3.5,55.1,0,,Basic Materials,87844384.0,322468.13
RDUFF,Radius Gold Inc,0.11,12,10,7,13,5,4,3,54,-3.0,51.0,Weak,Watchlist only,40,0.0,0.0,6.7,52.5,1,,Basic Materials,12727467.0,37948.21
BMNDF,Biomind Labs Inc.,0.12,15,6,11,8,6,5,3,54,-8.0,51.0,Weak,🔥 COILED: Watchlist only,50,0.0,0.0,1.0,72.2,1,,Healthcare,9308613.0,240.85
WECFF,White Energy Company Limited,0.15,15,5,8,9,6,5,5,53,-2.0,51.0,Weak,Watchlist only,52,0.0,4.7,18.4,63.4,0,,Energy,66219116.0,0.0
SCLXW,Scilex Holding Company,0.171,14,10,5,15,5,2,5,56,-3.0,51.0,Weak,Watchlist only,54,0.8,26.0,10.1,57.1,2,,nan,nan,18420.07
CHPGR,ChampionsGate Acquisition Corporation Rights,0.16,9,13,10,8,4,2,5,51,-1.0,51.0,Weak,Watchlist only,48,14.3,0.0,4.7,52.7,1,,nan,nan,0.0
CXXMF,CMX Gold & Silver Corp,0.215,9,8,11,12,3,5,3,51,-5.0,51.0,Weak,🔥 COILED: Watchlist only,49,0.0,0.0,0.6,58.1,1,,Basic Materials,18619606.0,1101.12
OBIMF,OBIMF,0.25,15,5,5,10,6,2,5,48,0.0,51.0,Weak,Watchlist only,58,0.0,0.0,7.7,50.0,0,,nan,129887864.0,1802.5
OSHDF,Oshidori International Holdings Limited,0.31,15,5,6,9,6,2,5,48,0.0,51.0,Weak,Watchlist only,61,0.0,0.0,19.2,50.0,0,,Financial Services,2152479744.0,51.04
WENNW,Wen Acquisition Corp Warrant,0.39,9,7,11,9,3,6,3,48,0.0,51.0,Weak,Watchlist only,31,0.0,0.0,0.0,50.8,0,,nan,nan,20311.72
AWHL,Aspira Women's Health Inc.,0.49,14,8,5,14,7,3,5,56,-5.0,51.0,Weak,Watchlist only,72,12.4,3.3,5.9,55.9,1,,Healthcare,22932202.0,65569.01
TSNDF,TerrAscend Corp.,0.69,4,13,8,13,8,0,5,51,-1.0,51.0,Weak,Watchlist only,52,1.6,-4.0,-0.3,49.8,1,,Healthcare,257406784.0,498908.08
ZICX,Zicix Corp,0.68,5,8,4,15,3,8,5,48,0.0,51.0,Weak,Watchlist only,22,0.0,0.0,-2.4,47.2,0,,Technology,8646276.0,0.0
FGMCR,FG Merger II Corp. Rights,0.99,14,7,7,15,6,6,5,60,-7.0,51.0,Weak,Watchlist only,62,0.0,17.7,13.6,66.2,2,,nan,nan,64902.39
OABIW,OmniAb Inc.,0.117,15,8,7,15,6,9,5,65,-14.8,50.2,Weak,Watchlist only,54,29.8,29.8,24.4,72.0,2,,nan,nan,0.0
SMEV,Simulated Environmen,0.009,16,5,4,16,7,5,5,58,-8.0,50.0,Weak,Watchlist only,72,11.3,15.6,10.4,71.7,2,,Financial Services,5488588.0,230085.78
GPLL,Benchmark Energy Corporation,0.018,12,6,7,9,6,2,3,45,0.0,50.0,Weak,🔥 COILED: Watchlist only,27,0.0,0.0,0.1,46.6,0,,Healthcare,4197450.0,1192.1
ZPHRF,Zephyr Energy plc,0.045,13,12,9,11,8,3,5,61,-7.0,50.0,Weak,Watchlist only,56,7.6,7.6,5.4,64.9,2,,Energy,94952504.0,18101.26
FUUN,FutureNet Inc,0.046,11,7,5,15,7,2,5,52,-2.0,50.0,Weak,Watchlist only,65,0.0,53.3,12.8,65.4,2,,Consumer Cyclical,32669220.0,4491.54
BETRF,BetterLife Pharma Inc,0.048,9,14,7,10,7,0,3,50,-3.0,50.0,Weak,Watchlist only,36,-4.0,6.7,2.1,52.6,2,,Healthcare,7765777.0,32777.57
BLSIF,BLSIF,0.06,10,7,11,9,3,2,3,45,0.0,50.0,Weak,🔥 COILED: Watchlist only,47,0.0,0.0,0.0,52.2,0,,Healthcare,9735260.0,148.24
ACWRF,Acceleware Ltd,0.058,16,5,7,13,6,6,5,58,-8.0,50.0,Weak,Watchlist only,46,0.0,5.5,4.0,70.9,1,,Technology,8294317.0,940.6
TVIPF,TVI Pacific Inc,0.069,15,5,4,14,4,0,5,47,0.0,50.0,Weak,Watchlist only,55,0.0,6.2,8.1,57.2,0,,Basic Materials,50272504.0,14113.67
UJOGF,UJOGF,0.07,15,7,10,12,4,1,5,54,-7.0,50.0,Weak,Watchlist only,56,0.0,0.0,2.5,66.2,1,,Energy,11414487.0,1249.58
FLMCF,First Lithium Minerals Corp.,0.083,11,16,7,14,4,2,4,58,-18.0,50.0,Weak,🔥 COILED: Watchlist only,46,16.4,16.2,6.6,52.5,3,,Basic Materials,8000528.0,24453.42
AIGFF,Genesis AI Corp.,0.086,19,8,7,18,6,4,5,67,-22,50,Weak,Watchlist only,44,99.5,133.2,78.6,85.7,3,6,Technology,667169.0,5255.38
AMNP,American Sierra Gold Corp,0.14,11,10,7,11,4,5,5,53,-1.0,50.0,Weak,Watchlist only,60,11.6,23.5,8.4,56.8,2,,Basic Materials,122127024.0,28809.13
TMGEF,Thermal Energy International Inc,0.11,6,12,5,8,8,2,2,43,2.0,50.0,Weak,Watchlist only,45,-0.7,-5.0,-1.4,46.2,0,,Industrials,18258848.0,30376.81
LABZF,LABZF,0.174,14,7,11,8,3,1,3,47,-5.0,50.0,Weak,🔥 COILED: Watchlist only,54,0.0,0.0,0.5,54.4,1,,Technology,5155069.0,4826.96
PACHW,Pioneer Acquisition I Corp Warrants,0.24,13,10,5,10,6,5,5,54,-4.0,50.0,Weak,Watchlist only,42,4.3,4.3,3.8,60.0,0,,nan,nan,0.0
CMAUF,Chibougamau Independent Mines Inc,0.25,16,4,7,13,4,4,5,53,-3.0,50.0,Weak,Watchlist only,65,0.0,13.6,4.9,75.7,2,,Basic Materials,15438798.0,2810.05
DNMXW,Dynamix Corporation III Warrants,0.328,11,3,9,11,3,0,3,40,2.0,50.0,Weak,Watchlist only,34,-0.6,-0.6,-0.1,53.3,0,,nan,nan,0.0
NAKAW,Nakamoto Inc.,0.465,15,3,8,14,6,2,5,53,-3.0,50.0,Weak,Watchlist only,32,0.0,3.3,14.6,72.2,0,,nan,nan,355.13
TCLIF,Theraclion SA,0.532,13,7,11,9,6,1,3,50,-5.0,50.0,Weak,🔥 COILED: Watchlist only,55,0.0,0.0,0.6,50.0,1,,Healthcare,38887412.0,6.5
SRRRF,SRRRF,0.721,7,4,7,11,6,7,3,45,0.0,50.0,Weak,🔥 COILED: Watchlist only,45,0.0,0.0,-0.4,41.5,0,,Energy,32856030.0,1112.28
ARLSF,Argo Living Soils Corp,0.71,15,12,6,17,6,12,5,73,-28,50,Weak,Watchlist only,65,16.4,14.5,17.5,71.0,3,,Basic Materials,17145752.0,38135.47
CTM,Castellum Inc.,0.828,13,12,2,8,9,7,5,56,-4.0,50.0,Weak,Watchlist only,47,18.3,8.8,11.3,63.2,2,,Technology,78391776.0,3174910.08
TINFF,Tincorp Metals Inc.,0.92,16,14,2,18,6,7,5,68,-22.0,50.0,Weak,Watchlist only,50,9.6,13.6,7.5,54.7,3,,Basic Materials,61945628.0,16560.76
ECHQF,ECHQF,1.0,10,6,1,12,8,4,5,46,4.0,50.0,Weak,Watchlist only,64,17.6,-20.0,-1.2,51.1,0,,nan,660862720.0,6726.98
AVEFF,Avecho Biotechnology Limited,0.004,9,7,10,7,4,4,3,44,0.0,49.0,Weak,🔥 COILED: Watchlist only,39,0.0,0.0,0.0,49.4,0,,Healthcare,17237016.0,10500.0
EELFF,ENRG Elements Limited,0.001,8,9,11,8,3,2,3,44,2.0,49.0,Weak,Watchlist only,37,0.0,0.0,0.0,56.5,0,,Basic Materials,7392934.0,7295.22
ARVY,Alliance Recovery Corporation,0.004,13,7,11,10,6,1,3,51,-7.0,49.0,Weak,🔥 COILED: Watchlist only,40,0.0,0.0,0.2,61.2,1,,Industrials,5602478.0,3472.51
TLDE,Tld3 Entertainment Group Inc,0.004,11,4,10,7,3,6,3,44,0.0,49.0,Weak,🔥 COILED: Watchlist only,39,0.0,0.0,-0.0,48.5,0,,Communication Services,1956402.0,1023.82
EVFM,Evofem Biosciences Inc,0.009,14,7,5,16,5,3,5,55,-6.0,49.0,Weak,Watchlist only,44,28.6,0.0,15.4,59.6,1,,Healthcare,1192770.0,357317.5
HSCC,Homeland Security Cp,0.006,15,5,7,8,3,1,5,44,2.0,49.0,Weak,Watchlist only,36,0.0,-5.2,4.8,54.0,0,,Consumer Cyclical,1052012.0,19213.9
RFXRF,Running Fox Resource Corp,0.002,8,5,8,13,4,3,3,44,0.0,49.0,Weak,🔥 COILED: Watchlist only,41,0.0,0.0,-0.6,42.2,0,,Basic Materials,363241.0,267.5
GRRP,Granite Broadcasting Corporation,0.001,12,6,11,7,3,2,3,44,0.0,49.0,Weak,🔥 COILED: Watchlist only,54,0.0,0.0,0.0,50.0,0,,Communication Services,nan,3.02
TBLAW,Taboola.com Ltd. Warrant,0.009,8,10,3,14,6,2,2,45,-1.0,49.0,Weak,Watchlist only,25,-18.2,-18.2,5.2,49.6,0,,nan,nan,22232.01
ALRDF,Defence Holdings Plc,0.02,16,4,7,14,4,6,5,56,-7.0,49.0,Weak,Watchlist only,50,0.5,5.3,14.2,62.9,1,,Industrials,49469720.0,93727.32
AGSS,Ameriguard Security Services Inc.,0.02,10,4,10,11,3,5,4,47,-3.0,49.0,Weak,🔥 COILED: Watchlist only,34,-2.5,4.3,0.4,50.6,1,,Industrials,1913040.0,18586.8
PUBC,PureBase Corp,0.021,12,7,10,11,4,3,2,49,-5.0,49.0,Weak,🔥 COILED: Watchlist only,48,16.7,-4.5,2.3,51.9,1,,Basic Materials,7366925.0,77283.17
WHLT,Chase Packaging Corp,0.05,8,7,11,8,1,4,3,42,2.0,49.0,Weak,🔥 COILED: Watchlist only,24,0.0,0.0,0.0,47.0,0,,Financial Services,3094108.0,979.16
WLMTF,Wuling Motors Holdings Limited,0.055,13,6,9,8,4,7,5,52,-8.0,49.0,Weak,🔥 COILED: Watchlist only,34,9.4,2.0,3.5,54.5,0,,Consumer Cyclical,194526192.0,51239.75
KTRIF,KTRIF,0.056,16,6,5,10,6,1,5,49,0.0,49.0,Weak,Watchlist only,40,0.0,0.0,9.1,55.7,0,,Basic Materials,2441681.0,408.63
EMCMF,Emerge Commerce Ltd,0.065,11,7,9,7,3,1,3,41,0.0,49.0,Weak,🔥 COILED: Watchlist only,28,0.0,0.0,0.0,52.2,0,,Consumer Cyclical,11470847.0,11770.39
SAVNF,Savannah Resources Plc,0.085,14,4,4,9,6,4,5,46,0.0,49.0,Weak,Watchlist only,53,1.7,-13.6,-3.6,45.9,0,,Basic Materials,218398112.0,12514.58
GSTX,Graphene & Solar Technologies Limited,0.094,12,5,7,17,5,0,5,51,-2.0,49.0,Weak,Watchlist only,63,-5.9,-6.0,7.5,55.1,0,,Technology,66483188.0,10306.33
QQFSF,Qinqin Foodstuffs Group (Cayman) Company Limited,0.142,9,6,11,9,4,2,3,44,0.0,49.0,Weak,🔥 COILED: Watchlist only,51,0.0,0.0,0.0,50.0,0,,Consumer Defensive,113500288.0,13.25
CGDNF,Conroy Gold and Natural Resources plc,0.14,12,6,11,7,3,2,3,44,0.0,49.0,Weak,🔥 COILED: Watchlist only,53,0.0,0.0,0.0,50.0,0,,Basic Materials,10772921.0,3800.0
CHMMD,CHMMD,0.1,15,6,10,7,3,2,3,46,-5.0,49.0,Weak,🔥 COILED: Watchlist only,44,0.0,0.0,1.4,50.0,1,,Healthcare,5182228.0,0.0
SSACW,SPACSphere Acquisition Corp. Warrant,0.135,15,4,3,15,7,2,5,51,0.0,49.0,Weak,Watchlist only,0,-0.3,-7.2,12.0,57.0,0,,nan,nan,0.0
ETST,Earth Science Tech Inc,0.176,12,5,9,8,5,2,3,44,2.0,49.0,Weak,Watchlist only,48,-1.7,-2.2,1.0,53.5,0,,Healthcare,51285448.0,71017.58
AMMX,AmeraMex International Inc,0.168,6,4,6,13,3,2,3,37,4.0,49.0,Weak,Watchlist only,56,1.2,-6.1,-1.0,48.0,1,,Industrials,2520956.0,13350.18
GSHRW,Gesher Acquisition Corp. II,0.24,16,8,5,10,5,2,5,51,-2.0,49.0,Weak,Watchlist only,27,19.0,19.0,12.2,65.3,2,,nan,nan,0.0
OBAWW,Oxley Bridge Acquisition Limited Warrants,0.22,17,13,4,10,6,3,4,57,-8.0,49.0,Weak,Watchlist only,41,3.7,3.7,2.4,57.9,0,,nan,nan,0.0
EXDW,Exceed World Inc,0.292,15,6,10,10,6,2,3,52,-8.0,49.0,Weak,🔥 COILED: Watchlist only,42,0.0,0.0,0.8,76.7,1,,Consumer Defensive,9564750.0,246.83
AREB,American Rebel Holdings Inc,0.255,16,9,8,15,4,6,5,63,-19,49,Weak,Watchlist only,38,226.9,142.9,88.2,62.1,3,10,Consumer Cyclical,2754265.0,1178718.48
SDHIR,Siddhi Acquisition Corp Right,0.25,16,11,5,10,4,2,2,50,-1.0,49.0,Weak,Watchlist only,37,25.0,38.9,16.9,57.9,2,,nan,nan,0.0
MREO,Mereo BioPharma Group PLC ADR,0.309,10,9,6,8,9,0,5,47,-3.0,49.0,Weak,🔥 COILED: Watchlist only,36,-0.8,-2.7,1.8,52.3,1,,Healthcare,49385996.0,6228105.65
CMBMF,Cambium Networks Corporation,0.34,10,8,5,11,4,2,2,42,-1.0,49.0,Weak,Watchlist only,33,0.0,9.7,4.4,51.6,2,,Technology,9871185.0,5354417.86
STME,STME,0.35,10,9,9,17,6,0,5,56,-5.0,49.0,Weak,Watchlist only,58,0.3,0.3,3.2,67.0,1,,Healthcare,7399445.0,1730.52
PAUIF,Premier American Uranium Inc,0.435,6,12,3,14,4,2,4,45,-1.0,49.0,Weak,Watchlist only,27,19.2,1.4,5.8,53.5,2,,Energy,41589584.0,64699.56
FCCI,Fast Casual Concepts Inc,0.41,9,8,11,7,4,2,3,44,0.0,49.0,Weak,🔥 COILED: Watchlist only,29,0.0,0.0,0.0,48.3,0,,Communication Services,10698087.0,22.25
IAUFF,AIC Mines Limited,0.52,19,3,7,14,6,8,5,62,-13.0,49.0,Weak,Watchlist only,66,18.2,15.6,12.2,84.0,2,,Basic Materials,414762304.0,3721.25
FPNUF,FP Newspapers Inc,0.59,12,6,11,7,3,2,3,44,0.0,49.0,Weak,🔥 COILED: Watchlist only,50,0.0,0.0,0.0,50.0,0,,Communication Services,2761036.0,24.0
PGUUF,Prosegur Cash S.A,0.72,15,6,5,10,3,2,5,46,0.0,49.0,Weak,Watchlist only,56,0.0,0.0,3.1,50.0,0,,Industrials,1053033536.0,3888.5
SENGF,SINOPEC Engineering (Group) Co. Ltd.,0.784,12,7,5,11,4,4,3,46,0.0,49.0,Weak,Watchlist only,32,0.0,3.1,0.4,50.8,0,,Industrials,3444475392.0,32.28
FGRMAX,FGRMAX,0.762,9,11,7,8,3,3,3,44,2.0,49.0,Weak,Watchlist only,32,0.8,0.7,0.3,49.1,0,,nan,nan,0.0
SFGRF,SFGRF,0.811,8,7,8,7,8,4,2,44,2.0,49.0,Weak,Watchlist only,32,1.3,1.3,-1.5,46.8,1,,Financial Services,5438134784.0,0.0
VNTG,Vantage Corp,0.855,15,5,6,15,5,2,5,53,-2.0,49.0,Weak,Watchlist only,37,14.0,20.4,10.6,66.3,2,,Industrials,27135564.0,335711.21
ISGIF,InsuraGuest Technologies Inc,0.011,18,3,6,15,6,8,5,61,-13.0,48.0,Weak,Watchlist only,58,22.7,17.4,14.2,86.3,2,,Technology,1841765.0,2353.44
ASDZF,Arctic Star Exploration Corp,0.005,8,7,11,7,3,1,3,40,0.0,48.0,Weak,🔥 COILED: Watchlist only,39,0.0,0.0,1.5,50.8,0,,Basic Materials,1241293.0,0.0
MLYCF,American CuMo Mining Corporation,0.001,7,5,10,9,3,4,3,41,2.0,48.0,Weak,🔥 COILED: Watchlist only,39,0.0,0.0,-0.0,41.9,0,,Basic Materials,251281.0,14599.33
CYCA,Cytta Corp,0.02,15,4,8,14,4,0,5,50,-2.0,48.0,Weak,Watchlist only,50,0.0,9900.0,18.7,60.9,2,,Technology,9604756.0,118181.06
HPAGF,China High Precision Automation Group Limited,0.029,7,8,11,8,3,3,3,43,0.0,48.0,Weak,🔥 COILED: Watchlist only,15,0.0,0.0,0.5,46.9,0,,Technology,30077126.0,368.38
GWTI,Greenway Technologies Inc,0.035,16,11,5,14,7,1,5,59,-11.0,48.0,Weak,Watchlist only,49,13.3,112.1,38.6,71.8,2,,Energy,15805282.0,75034.12
BGFGF,Beauce Gold Fields Inc,0.039,12,5,10,8,6,1,3,45,-2.0,48.0,Weak,🔥 COILED: Watchlist only,45,0.0,0.0,1.8,65.6,0,,Basic Materials,5367078.0,1194.43
ETFLF,Eastfield Resources Ltd,0.036,10,11,5,15,4,0,5,50,-5.0,48.0,Weak,Watchlist only,55,-8.6,-1.6,1.4,51.3,1,,Basic Materials,3023319.0,5842.11
PFFED,Pool Safe Inc.,0.038,13,6,11,7,6,2,3,48,-5.0,48.0,Weak,🔥 COILED: Watchlist only,47,0.0,0.0,0.5,50.0,1,,Consumer Cyclical,524731.0,0.0
UMCN,UMC Inc,0.05,12,7,11,8,3,4,3,48,-5.0,48.0,Weak,🔥 COILED: Watchlist only,48,0.0,0.0,0.6,52.6,1,,Industrials,33193344.0,9392.6
RSCF,Reflect Scientific Inc,0.05,14,7,6,14,3,1,5,50,-2.0,48.0,Weak,Watchlist only,31,0.0,0.0,4.1,69.4,0,,Healthcare,4283204.0,46953.5
NLRCF,Northern Lights Resources Corp,0.09,14,12,2,9,6,5,5,53,-5.0,48.0,Weak,Watchlist only,58,20.0,-8.6,7.9,56.2,1,,Basic Materials,6118983.0,12307.11
IHAI,Innovative Holdings Alliance Inc,0.087,10,4,9,16,3,0,3,45,0.0,48.0,Weak,Watchlist only,59,-2.1,1.2,0.5,56.5,1,,Financial Services,5226221.0,11149.01
LRDJF,St. James Gold Corp,0.1,18,8,6,17,6,12,5,72,-24,48,Weak,Watchlist only,51,53.0,69.3,32.2,72.5,3,6,Basic Materials,3782504.0,8040.64
YZCFF,Sinopec Oilfield Service Corporation,0.126,12,6,10,7,3,2,3,43,0.0,48.0,Weak,🔥 COILED: Watchlist only,52,0.0,0.0,0.0,50.0,0,,Energy,2386692096.0,375.0
APHP,American Picture House Corp,0.13,10,8,10,14,4,0,3,49,0.0,48.0,Weak,Watchlist only,47,0.0,4.8,0.6,50.6,0,,Communication Services,14789050.0,11157.8
ROBOF,RoboGroup T.E.K. Ltd,0.11,11,4,11,10,6,3,3,48,-5.0,48.0,Weak,🔥 COILED: Watchlist only,42,0.0,0.0,0.2,59.2,1,,Technology,6520335.0,21.3
XYLB,Xy Labs Inc.,0.12,8,7,11,10,3,3,3,45,0.0,48.0,Weak,Watchlist only,40,0.0,0.0,0.1,59.8,0,,Technology,1439695.0,474.34
HCIL,Hongchang International Co. Ltd.,0.156,11,11,4,7,8,2,2,45,-2.0,48.0,Weak,Watchlist only,58,12.7,24.7,18.0,61.4,2,,Consumer Defensive,80911744.0,2814.41
ALLIF,Alpha Lithium Corporation,0.21,7,10,9,11,9,0,2,48,-3.0,48.0,Weak,Watchlist only,50,-2.3,-2.3,-0.5,49.3,2,,Basic Materials,168315680.0,42110.61
LONKF,Lonking Holdings Limited,0.36,8,7,11,8,0,6,3,43,0.0,48.0,Weak,🔥 COILED: Watchlist only,0,0.0,0.0,0.0,40.4,0,,Industrials,1425273344.0,0.0
CNQQF,Clean Teq Water Ltd,0.42,15,7,5,7,8,4,5,51,-3.0,48.0,Weak,Watchlist only,59,-4.5,2.4,8.2,58.0,1,,Utilities,37155420.0,6032.89
SKYH-WT,Sky Harbour Group Corporation WT,0.442,3,17,4,13,3,4,3,47,0.0,48.0,Weak,Watchlist only,17,4.0,-13.3,-7.8,41.7,1,,nan,nan,19626.07
ZTMUF,Zimtu Capital Corp,0.497,10,7,11,8,0,6,3,45,0.0,48.0,Weak,Watchlist only,51,0.0,0.0,0.0,56.2,0,,Financial Services,6824355.0,53.0
VARXF,BOE Varitronix Limited,0.634,13,5,7,10,6,2,5,48,-3.0,48.0,Weak,Watchlist only,34,0.0,0.0,2.4,78.2,0,,Technology,488867200.0,146.55
PWM,Prestige Wealth Inc. Ordinary Shares,0.69,17,13,8,13,6,12,5,74,-27,48,Weak,Watchlist only,53,27.8,11.3,19.6,68.7,3,,Financial Services,92138264.0,495059.83
FRLOF,Frasers Logistics & Commercial Trust,0.75,16,5,9,15,9,3,4,61,-13.0,48.0,Weak,Watchlist only,45,0.8,0.8,0.7,83.4,0,,Real Estate,2852086528.0,414.25
IGPYF,Argosy Property Limited,0.75,9,6,11,8,4,2,3,43,0.0,48.0,Weak,🔥 COILED: Watchlist only,48,0.0,0.0,0.0,50.0,0,,Real Estate,655477760.0,51.25
MGNC,Mag Magna Corp.,0.791,13,6,8,10,3,5,5,50,-5.0,48.0,Weak,Watchlist only,28,-1.2,1.4,-4.1,47.4,1,,Consumer Defensive,12279283.0,26979.32
DGIX,Dyna Group International Inc,0.82,18,4,5,12,6,8,5,58,-10.0,48.0,Weak,Watchlist only,75,2.5,9.3,4.4,99.9,1,,Consumer Cyclical,12207975.0,406.0
YTRA,Yatra Online Inc,0.949,7,11,10,15,5,2,5,55,-1.0,48,Weak,Watchlist only,24,6.2,3.7,3.5,53.5,2,,Consumer Cyclical,58966408.0,125298.82
MNDO,MIND CTI Ltd,0.958,4,12,3,9,4,4,5,41,4.0,48.0,Weak,Watchlist only,17,1.9,-2.3,0.2,48.8,1,,Technology,19327296.0,38734.04
PUMXF,Puma Exploration Inc,0.12,14,11,7,13,4,2,5,56,-13.8,47.2,Weak,Watchlist only,45,33.3,33.3,20.5,65.1,2,,Basic Materials,23938202.0,29219.44
VPLM,Voip-Pal.Com Inc,0.01,18,11,6,12,7,2,5,61,-15.0,47.0,Weak,Watchlist only,58,20.9,15.6,13.2,66.9,2,,Communication Services,40084492.0,2797381.53
NOKPF,Nok Airlines Public Company Limited,0.01,11,10,9,9,3,5,5,52,-8.0,47.0,Weak,Watchlist only,69,66.7,0.0,19.5,54.4,0,12,Industrials,26104308.0,60365.72
SMKG,Smart Card Marketing Systems Inc,0.004,13,5,6,10,4,3,3,44,0.0,47.0,Weak,Watchlist only,41,0.0,0.0,2.0,51.0,0,,Technology,2610242.0,17110.97
ELIQQ,"Electriq Power Holdings, Inc.",0.01,10,7,11,9,3,4,3,47,-5.0,47.0,Weak,🔥 COILED: Watchlist only,47,0.0,0.0,0.0,54.8,1,,Industrials,417372.0,1520.15
EGOC,Energy 1 Corp,0.006,11,6,9,10,6,6,3,51,-7.0,47.0,Weak,Watchlist only,53,0.0,0.0,3.4,68.4,1,,Industrials,319706.0,1242.72
BBIG,Vinco Ventures Inc,0.006,15,10,8,17,8,3,5,66,-22,47,Weak,Watchlist only,60,50.0,172.7,60.2,71.8,2,6,Consumer Cyclical,78000.0,4814.14
SWVLW,Swvl Holdings Corp Warrant,0.008,14,3,4,10,5,3,5,44,0.0,47.0,Weak,Watchlist only,42,14.5,6.8,0.2,50.8,0,,Technology,nan,28708.49
BBUZ,Bebuzee Inc.,0.016,9,7,3,12,7,2,5,45,2.0,47.0,Weak,Watchlist only,29,-15.8,-11.1,-3.5,48.8,0,,Communication Services,11761403.0,76815.46
BSTK,Brite-Strike Tactical Illumination Products Inc,0.017,14,3,5,15,6,1,5,49,-2.0,47.0,Weak,Watchlist only,61,0.0,-5.6,2.2,68.4,0,,Industrials,1233352.0,15968.53
WSNAF,Wesana Health Holdings Inc,0.016,10,9,11,9,3,2,3,47,-5.0,47.0,Weak,🔥 COILED: Watchlist only,48,0.0,0.0,0.0,54.7,1,,Healthcare,566072.0,3927.15
LNZAW,LanzaTech Global Inc.,0.015,12,8,4,15,7,1,5,52,-3.0,47.0,Weak,Watchlist only,47,15.0,15.0,8.5,58.1,2,,Industrials,nan,60783.79
AERTW,Aeries Technology Inc.,0.02,12,8,3,8,7,1,3,42,2.0,47.0,Weak,Watchlist only,34,0.5,0.5,0.9,52.1,1,,nan,nan,0.0
RMTG,Regenerative Medical Technology Group Inc.,0.044,14,13,4,16,6,11,5,69,-20.0,47.0,Weak,Watchlist only,55,6.5,29.7,19.1,58.9,3,,Healthcare,579428.0,12127.74
ITRX,inTerra Resources Corp,0.077,11,4,10,7,4,8,3,47,-5.0,47.0,Weak,🔥 COILED: Watchlist only,46,0.0,0.0,-0.0,41.2,1,,Healthcare,23739242.0,1301.26
DFTC,Defentect Group Inc,0.09,12,12,4,10,7,2,2,49,-3.0,47.0,Weak,Watchlist only,59,7.3,3.2,2.2,51.3,2,,Technology,7001865.0,161542.84
GRRLF,Grange Resources Ltd,0.13,5,12,1,12,5,4,3,42,2.0,47.0,Weak,Watchlist only,41,8.3,0.0,4.1,52.5,0,,Basic Materials,179402096.0,33491.32
MENEF,Mene Inc,0.146,16,11,8,7,6,4,5,57,-6.0,47.0,Weak,Watchlist only,59,2.8,9.8,5.7,55.9,1,,Consumer Cyclical,38701664.0,50439.53
CHARR,Charlton Aria Acquisition Corporation Rights,0.11,11,13,3,9,4,5,5,50,-8.0,47.0,Weak,🔥 COILED: Watchlist only,28,36.1,-8.6,12.3,52.3,0,,nan,nan,0.0
MSCH,MainStreetChamber Holdings Inc.,0.188,9,6,9,10,1,5,2,42,0.0,47.0,Weak,🔥 COILED: Watchlist only,45,0.0,0.0,3.6,54.8,0,,Energy,64310076.0,363.2
NLIBF,NOA Lithium Brines Inc.,0.191,9,9,5,10,8,2,2,45,2.0,47.0,Weak,Watchlist only,39,9.3,9.3,3.0,55.6,2,,Basic Materials,54123232.0,7911.3
GFGSF,GFG Resources Inc,0.16,18,5,4,16,5,6,5,59,-12.0,47.0,Weak,Watchlist only,67,4.6,9.4,6.5,60.5,1,,Basic Materials,49737564.0,165176.66
LEEEF,Leef Brands Inc.,0.175,10,10,7,11,5,4,5,52,-3.0,47.0,Weak,Watchlist only,63,7.4,9.4,5.7,58.3,2,,Healthcare,49062712.0,233952.29
TRRXF,TNR Gold Corp,0.19,16,5,6,15,3,3,4,52,-3.0,47.0,Weak,Watchlist only,55,2.7,5.6,4.3,56.3,1,,Basic Materials,44045128.0,69091.45
TDWDR,Tailwind 2.0 Acquisition Corp. Rights,0.17,12,9,3,8,4,6,3,45,2.0,47.0,Weak,Watchlist only,0,13.3,6.2,18.5,55.5,0,,nan,nan,0.0
GXUSF,Guardian Exploration Inc,0.255,16,7,12,12,6,6,3,62,-18.0,47.0,Weak,Watchlist only,59,0.0,0.0,1.3,96.9,1,,Energy,28982174.0,1056.55
FCSMF,Focus Graphite Inc,0.33,9,11,5,9,8,3,5,50,-1.0,47.0,Weak,Watchlist only,67,10.0,0.0,6.2,57.2,2,,Basic Materials,36511772.0,53332.73
CMTNF,Cullinan Metals Corp.,0.317,12,3,5,14,6,4,5,49,-5.0,47.0,Weak,Watchlist only,63,-16.3,-16.3,-0.8,51.7,1,,Basic Materials,1042301.0,1501.06
CRCUF,Canagold Resources Ltd,0.381,9,11,9,12,4,2,4,51,-7.0,47.0,Weak,Watchlist only,43,5.0,-2.3,0.1,49.5,1,,Basic Materials,87828448.0,16647.59
MLSS,Milestone Scientific,0.371,5,13,4,12,8,0,2,44,-3.0,47.0,Weak,Watchlist only,47,3.4,-14.4,0.7,51.1,1,,Healthcare,32702310.0,1129128.77
LMPMF,Lee and Man Paper Manufacturing Limited,0.42,10,6,11,7,3,2,3,42,0.0,47.0,Weak,🔥 COILED: Watchlist only,0,0.0,0.0,0.0,50.0,0,,Basic Materials,1202600064.0,0.0
GRUSF,Grown Rogue International Inc,0.43,11,2,5,15,5,2,5,45,2.0,47.0,Weak,Watchlist only,53,-8.5,2.4,1.3,54.0,0,,Healthcare,107473760.0,202327.0
SPTY,Specificity Inc.,0.42,13,5,5,17,7,2,5,54,-5.0,47.0,Weak,Watchlist only,60,-6.7,-14.3,8.5,58.2,1,,Communication Services,7379122.0,33966.24
TTTNF,Titan Minerals Limited,0.51,10,6,8,12,3,3,5,47,-5.0,47.0,Weak,🔥 COILED: Watchlist only,27,0.0,0.0,-0.5,41.0,1,,Basic Materials,169608672.0,3119.35
SMEBF,Sime Darby Bhd,0.56,7,6,11,11,3,6,3,47,0.0,47.0,Weak,Watchlist only,0,0.0,0.0,0.0,38.5,0,,Consumer Cyclical,3816734720.0,0.0
IQEPF,IQE PLC,0.69,18,6,5,7,5,3,5,49,-5.0,47.0,Weak,Watchlist only,50,14.0,6.1,5.2,52.8,1,,Technology,941624960.0,1089315.25
JETBF,JETBF,0.705,13,7,11,13,6,2,3,55,-13.0,47.0,Weak,🔥 COILED: Watchlist only,55,0.0,0.0,3.1,92.0,0,,Industrials,47121664.0,11.34
SRGGF,SRG Global Limited,0.818,7,6,10,10,4,2,3,42,0.0,47.0,Weak,🔥 COILED: Watchlist only,44,0.0,0.0,0.0,50.0,0,,Industrials,512301792.0,12.5
HENGY,Hengdeli Holdings Ltd ADR,0.89,15,5,5,11,6,2,5,49,-5.0,47.0,Weak,Watchlist only,58,0.0,0.0,13.5,50.0,1,,Industrials,156783072.0,5.5
SGDH,Sgd Holdings Ltd,1.0,13,4,7,14,4,2,3,47,-5.0,47.0,Weak,🔥 COILED: Watchlist only,54,0.0,0.0,0.0,52.9,1,,Industrials,5000248320.0,105.41
OLVI,Oliveda International Inc,0.38,14,9,3,10,7,4,5,52,-3.8,46.2,Weak,Watchlist only,48,-20.0,53.2,25.1,59.2,2,,Consumer Defensive,244534608.0,23016.56
STOCF,Stock Trend Capital Inc.,0.006,13,14,6,10,4,2,5,54,-8.0,46.0,Weak,Watchlist only,26,31.0,0.0,19.5,59.5,0,,Financial Services,3604921.0,9435.01
RJDG,Rjd Green Inc,0.006,9,6,6,10,4,3,5,43,0.0,46.0,Weak,Watchlist only,36,3.6,1.8,2.5,55.0,0,,Industrials,2084276.0,137266.48
DRKOF,Martello Technologies Group Inc,0.002,15,8,9,8,4,1,3,48,-7.0,46.0,Weak,🔥 COILED: Watchlist only,35,0.0,0.0,0.9,69.6,1,,Technology,1167415.0,0.0
WRIT,WRIT Media Group Inc,0.002,8,9,2,9,5,4,5,42,4.0,46.0,Weak,Watchlist only,34,-6.2,-28.6,-8.1,44.8,0,,Communication Services,640395.0,129634.07
CAGU,The Castle Group Inc,0.001,9,6,10,7,4,2,3,41,0.0,46.0,Weak,🔥 COILED: Watchlist only,54,0.0,0.0,0.1,50.0,0,,Consumer Cyclical,10056.0,1010.0
ETER,Enterra Corporation,0.03,7,6,11,7,3,2,3,39,2.0,46.0,Weak,🔥 COILED: Watchlist only,35,0.0,0.0,0.0,51.6,0,,Financial Services,3219767.0,204.4
DRJG,DRJ International Group Limited Inc.,0.033,4,3,10,10,6,7,3,43,0.0,46.0,Weak,Watchlist only,50,0.0,0.0,-1.3,37.7,0,,Financial Services,8517058.0,1149.6
GPKUF,Grand Peak Capital Corp,0.059,7,7,10,8,4,2,3,41,0.0,46.0,Weak,🔥 COILED: Watchlist only,40,0.0,0.0,0.0,51.9,0,,Financial Services,9354918.0,0.3
GANDF,Gander Gold Corporation,0.06,12,9,7,13,5,5,3,54,-4.0,46.0,Weak,Watchlist only,31,0.2,0.0,16.1,61.2,1,,Basic Materials,570739.0,4431.42
SCAGW,Scage Future Warrants,0.059,14,8,2,10,8,2,5,49,-1.0,46.0,Weak,Watchlist only,53,-2.2,17.5,7.9,53.7,2,,nan,nan,0.0
VMSXF,Nine Mile Metals Ltd,0.067,15,7,9,13,7,2,5,58,-12.0,46.0,Weak,Watchlist only,37,29.8,5.7,17.2,60.2,1,,Basic Materials,12995071.0,229852.47
SEATW,Vivid Seats Inc. Warrant,0.067,14,13,11,10,6,5,2,61,-15.0,46.0,Weak,Watchlist only,44,14.1,20.2,12.2,60.9,3,,nan,nan,5207.64
HAWWF,HAWWF,0.076,9,4,10,9,4,2,3,41,0.0,46.0,Weak,🔥 COILED: Watchlist only,42,0.0,0.0,-0.0,52.2,0,,Basic Materials,25461186.0,528.3
BTCWF,Bluesky Digital Assets Corp,0.08,12,6,11,10,3,6,3,51,-8.0,46.0,Weak,Watchlist only,50,0.0,0.0,0.0,75.0,1,,Financial Services,5707521.0,66267.0
SCFR,Security First Intl,0.138,9,10,3,14,4,4,3,47,-6.0,46.0,Weak,Watchlist only,42,6.6,7.2,6.6,59.0,1,,Communication Services,230724000.0,27393.11
KLYG,Kelyniam Global Inc,0.14,11,6,8,12,3,3,5,48,-5.0,46.0,Weak,Watchlist only,53,0.0,7.7,1.9,53.1,1,,Healthcare,7017280.0,21075.02
NVRVF,Novra Technologies Inc,0.12,14,6,3,7,6,5,5,46,0.0,46.0,Weak,Watchlist only,50,0.0,0.0,2.9,58.3,0,,Technology,4250435.0,8197.73
CFXTF,Conifex Timber Inc,0.101,15,6,8,14,8,3,5,59,-18.0,46.0,Weak,Watchlist only,43,0.7,0.7,4.1,95.4,1,,Basic Materials,4076771.0,1439.05
PFGTF,Pacific Edge Limited,0.171,15,9,7,9,6,2,2,50,-7.0,46.0,Weak,Watchlist only,57,-2.9,6.9,3.9,63.8,1,,Healthcare,200367872.0,691.67
ZVSA,ZyVersa Therapeutics Inc.,0.189,6,14,3,11,7,2,5,48,-5.0,46.0,Weak,Watchlist only,40,8.1,8.0,1.7,50.6,2,,Healthcare,1530129.0,41731.95
CNYGF,CNYGF,0.155,14,5,5,10,3,3,5,45,-2.0,46.0,Weak,Watchlist only,33,10.7,28.1,10.8,62.6,2,,Basic Materials,nan,3156.84
ANZFF,Air New Zealand Limited,0.245,5,6,12,7,6,3,4,43,0.0,46.0,Weak,Watchlist only,23,0.0,4.0,0.4,47.2,0,,Industrials,792222720.0,1134.91
SHHGF,SHHGF,0.26,10,6,10,9,3,2,3,43,0.0,46.0,Weak,Watchlist only,41,0.0,0.0,-0.0,30.3,0,,Financial Services,6510385152.0,225.0
SMNRF,S2 Minerals Inc,0.251,15,4,6,10,6,2,5,48,-5.0,46.0,Weak,Watchlist only,60,0.0,0.0,6.4,50.0,1,,Basic Materials,6017381.0,5.6
IPTNF,Credissential Inc.,0.264,15,6,12,10,6,2,3,54,-13.0,46.0,Weak,🔥 COILED: Watchlist only,55,0.0,0.0,3.8,99.6,0,,Technology,957087.0,1180.33
IPTND,IPTND,0.264,15,6,12,10,6,2,3,54,-13.0,46.0,Weak,🔥 COILED: Watchlist only,55,0.0,0.0,4.2,99.6,0,,Technology,338811.0,133.53
ENQUF,EnQuest PLC,0.34,16,8,4,8,6,1,5,48,-2.0,46.0,Weak,Watchlist only,58,0.0,36.0,14.0,67.9,2,,Energy,694012928.0,0.0
ATXI,Avenue Therapeutics Inc,0.326,3,14,5,14,6,2,5,49,-3.0,46.0,Weak,Watchlist only,38,8.5,-7.9,-1.0,48.1,1,,Healthcare,889641.0,4421.03
TTLTF,Total Telcom Inc,0.35,18,4,6,14,6,6,5,59,-13.0,46.0,Weak,Watchlist only,62,12.9,12.9,11.0,95.7,2,,Technology,9283055.0,3243.29
CHFLF,China Feihe Limited,0.43,15,5,4,11,4,3,3,45,-2.0,46.0,Weak,Watchlist only,25,0.0,19.4,4.3,63.4,2,,Consumer Defensive,3787295744.0,2366.71
MYRUF,Myriad Uranium Corp.,0.416,19,12,8,14,4,7,5,69,-28,46,Weak,Watchlist only,51,48.6,37.6,27.6,70.6,3,,Basic Materials,45434316.0,307542.17
MYND,"Mynd.ai, Inc.",0.424,13,8,3,10,9,3,5,51,-3.0,46.0,Weak,Watchlist only,47,10.9,-6.1,6.5,54.0,1,,Consumer Defensive,20159032.0,223240.77
CRYYF,China Railway Signal & Communication Corporation Limited,0.464,9,6,10,7,4,2,3,41,0.0,46.0,Weak,🔥 COILED: Watchlist only,47,0.0,0.0,0.0,50.0,0,,Industrials,4912616960.0,15.0
UVPOF,Univanich Palm Oil PCL ADR,0.529,15,6,10,6,6,2,3,48,-10.0,46.0,Weak,🔥 COILED: Watchlist only,53,0.0,0.0,0.6,50.0,0,,Consumer Defensive,297792000.0,0.5
NILIF,Surge Battery Metals Inc,0.539,10,10,4,15,7,5,5,56,-8.0,46.0,Weak,Watchlist only,58,-0.2,-11.1,2.1,53.2,1,,Basic Materials,135404144.0,269623.21
LBCMF,Libero Copper & Gold Corporation,0.579,16,16,7,6,6,5,5,61,-15.0,46.0,Weak,Watchlist only,57,13.4,-1.7,9.0,57.4,1,,Basic Materials,113529176.0,520370.68
SPCOQ,The Stephan Co.,0.57,10,4,7,12,6,5,2,46,-5.0,46.0,Weak,🔥 COILED: Watchlist only,58,0.0,0.0,-1.6,47.6,1,,Consumer Defensive,2366670.0,7704.71
CFRLF,China Aircraft Leasing Group Holdings Limited,0.644,9,6,11,7,3,2,3,41,0.0,46.0,Weak,🔥 COILED: Watchlist only,51,0.0,0.0,0.0,50.0,0,,Industrials,481920256.0,13.5
RGFC,"The Real Good Food Company, Inc.",0.64,10,10,9,9,6,0,2,46,-1.0,46.0,Weak,Watchlist only,48,0.0,1.6,0.7,51.8,1,,Consumer Defensive,9897238.0,2412.83
EGRX,Eagle Pharmaceuticals Inc,0.615,11,1,7,14,6,4,5,48,-2.0,46.0,Weak,Watchlist only,48,0.8,17.1,7.6,62.4,2,,Healthcare,3289388.0,2167.12
TSORF,Tesoro Resources Limited,0.737,17,9,11,9,6,7,5,64,-18.0,46.0,Weak,Watchlist only,48,8.4,8.4,6.8,81.7,2,,nan,nan,1804.09
WINSF,Wins Finance Holdings Inc,0.75,15,6,12,10,6,2,3,54,-13.0,46.0,Weak,🔥 COILED: Watchlist only,52,0.0,0.0,4.2,100.0,0,,Financial Services,25892.0,9.0
BCCLF,Becle SA de CV,0.82,8,7,9,7,3,4,5,43,0.0,46.0,Weak,Watchlist only,26,2.5,2.5,0.9,50.8,0,,Consumer Defensive,2944764416.0,0.0
GGDVF,Guangdong Investment Limited,0.88,10,7,11,7,3,2,3,43,0.0,46.0,Weak,Watchlist only,48,0.0,0.0,0.0,59.0,0,,Utilities,6265193984.0,12.5
SPMMF,Space-Communication Ltd,0.89,9,6,10,7,4,2,3,41,0.0,46.0,Weak,🔥 COILED: Watchlist only,46,0.0,0.0,0.0,50.0,0,,Communication Services,62914860.0,112.8
OLGPF,Olam Group Limited,0.997,18,4,6,16,6,4,5,59,-13.0,46.0,Weak,Watchlist only,71,11.2,11.2,9.5,97.2,2,,Consumer Defensive,3833401600.0,817.57
PLMKW,Plum Acquisition Corp. IV Warrants,0.64,19,9,7,10,6,6,5,62,-16.8,45.2,Weak,Watchlist only,65,36.4,36.4,25.2,75.4,2,,nan,nan,39489.04
PLLWF,Polarean Imaging plc,0.007,9,8,11,7,4,2,3,44,-2.0,45.0,Weak,Watchlist only,48,0.0,0.0,0.0,69.6,0,,Healthcare,7966416.0,78175.47
NWPG,Newport Gold Inc,0.01,9,7,5,8,6,2,3,40,0.0,45.0,Weak,🔥 COILED: Watchlist only,57,10.2,7.8,6.5,52.6,0,,Basic Materials,2544037.0,660296.4
CAMG,CAM Group Inc,0.001,8,6,10,9,4,2,3,42,0.0,45.0,Weak,Watchlist only,33,0.0,0.0,-0.0,3.1,0,,Industrials,25295.0,585.75
DRRLF,DRRLF,0.014,15,6,12,7,6,4,3,53,-13.0,45.0,Weak,🔥 COILED: Watchlist only,58,0.0,0.0,2.1,95.3,0,,nan,67611800.0,947.54
VKALF,VKALF,0.019,19,9,7,10,7,9,5,66,-21,45,Weak,Watchlist only,0,144.7,37.8,58.8,68.6,2,8,Basic Materials,45116964.0,0.0
EMRH,Emerging Holdings Inc,0.017,15,6,6,12,6,5,5,55,-13.0,45.0,Weak,Watchlist only,50,0.0,6.2,7.8,78.5,0,,Basic Materials,2083903.0,1341.08
DAAT,DAC Technologies Group International Inc,0.02,7,6,11,10,3,2,3,42,0.0,45.0,Weak,Watchlist only,47,0.0,0.0,0.0,50.0,0,,Consumer Cyclical,115315.0,905.06
FITSF,Koios Beverage Corp,0.011,15,6,11,10,6,2,3,53,-13.0,45.0,Weak,🔥 COILED: Watchlist only,43,0.0,0.0,1.2,95.1,0,,Consumer Defensive,21029.0,77.27
MEOAF,Melbana Energy Limited,0.024,10,6,10,9,3,1,3,42,0.0,45.0,Weak,Watchlist only,30,0.0,0.0,-0.0,18.1,0,,Energy,91712752.0,2282.0
BCDS,Maxwell Resource,0.022,18,8,8,18,6,4,5,67,-25,45,Weak,Watchlist only,64,119.6,148.9,87.9,89.5,2,5,Real Estate,20514198.0,15355453.95
NOSUF,Nerds on Site Inc,0.026,8,4,11,8,6,5,3,45,0.0,45.0,Weak,Watchlist only,45,-0.4,-0.4,0.4,53.4,0,,Technology,2418956.0,3616.67
JORFF,Jourdan Resources Inc,0.04,10,9,5,10,0,4,5,43,2.0,45.0,Weak,Watchlist only,29,-6.6,4.7,3.1,52.0,0,,Basic Materials,21818210.0,77644.66
AIMH,AimRite Holdings Corp,0.032,13,10,3,7,5,0,5,43,2.0,45.0,Weak,Watchlist only,61,-0.3,6.3,16.1,54.9,1,,Financial Services,4256917.0,47201.78
ABRMF,Arbor Metals Corp,0.032,6,11,10,11,3,5,4,50,-1.0,45.0,Weak,Watchlist only,36,3.2,3.2,1.6,47.0,0,,Basic Materials,3138695.0,451.99
QDROF,Quadro Resources Ltd,0.04,9,6,3,13,3,1,5,40,2.0,45.0,Weak,Watchlist only,48,0.0,0.0,1.9,51.6,0,,Basic Materials,1672587.0,1497.03
FGPHF,First Graphene Ltd,0.044,8,8,8,12,2,7,2,47,-5.0,45.0,Weak,Watchlist only,29,-2.2,-2.2,-2.1,47.7,2,,Basic Materials,38891788.0,562427.72
TASEF,Tasman Resources Ltd,0.047,9,3,10,8,3,6,3,42,0.0,45.0,Weak,Watchlist only,42,0.0,0.0,-0.0,20.6,0,,Basic Materials,25842902.0,1009.5
APCFF,Atlas Pearls Ltd,0.054,13,4,4,11,6,5,5,48,-3.0,45.0,Weak,Watchlist only,54,0.0,8.8,7.7,74.0,1,,Consumer Cyclical,23883918.0,210.0
BKKT-WT,Bakkt Holdings Inc. Warrant,0.08,11,12,2,11,4,0,5,45,0.0,45.0,Weak,Watchlist only,21,-15.8,39.8,7.1,51.5,2,,nan,nan,43512.6
DTXMF,Deltex Medical Group plc,0.095,7,7,10,7,4,2,3,40,0.0,45.0,Weak,🔥 COILED: Watchlist only,43,0.0,0.0,0.0,51.9,0,,Healthcare,180577488.0,1925.0
JLRRF,South Atlantic Gold Inc,0.093,13,5,10,14,3,5,5,55,-13.0,45.0,Weak,Watchlist only,53,0.0,0.0,3.2,87.7,0,,Basic Materials,17011936.0,12284.0
JGRRF,Jinchuan Group International Resources Co. Ltd,0.102,7,7,10,7,4,2,3,40,0.0,45.0,Weak,🔥 COILED: Watchlist only,44,0.0,0.0,0.0,51.9,0,,Basic Materials,1334219520.0,1.93
ADRGF,Mene Inc,0.146,16,11,8,7,4,4,5,55,-6.0,45.0,Weak,Watchlist only,59,2.8,9.8,5.7,56.1,1,,Other,96446488.0,35889.5
RCGCF,Roscan Gold Corp,0.129,9,6,8,14,2,2,4,45,0.0,45.0,Weak,Watchlist only,37,0.0,-3.0,0.1,48.5,0,,Basic Materials,56568396.0,203504.38
CLPMF,Clip Money Inc.,0.13,9,6,11,12,6,2,4,50,-5.0,45.0,Weak,Watchlist only,37,4.6,4.6,1.7,57.3,1,,Technology,14593456.0,504.94
VEFFF,VEF AB (Publ),0.21,9,6,10,8,3,1,3,40,0.0,45.0,Weak,🔥 COILED: Watchlist only,36,0.0,0.0,0.0,50.0,0,,Financial Services,236972592.0,133.56
UREKF,Eureka Lithium Corp.,0.328,14,4,8,7,4,5,5,47,-5.0,45.0,Weak,Watchlist only,44,7.2,3.4,2.3,54.3,1,,Basic Materials,15372317.0,2296.85
FERAR,Fifth Era Acquisition Corp I Rights,0.317,12,5,8,13,1,2,4,45,0.0,45.0,Weak,Watchlist only,46,-0.9,5.7,2.7,52.9,0,,nan,nan,0.0
PBCRF,PT Bank Central Asia Tbk,0.353,8,13,5,13,3,2,2,46,-6.0,45.0,Weak,Watchlist only,29,30.6,17.5,8.7,52.2,2,,Financial Services,43375312896.0,0.0
GFASY,Gafisa SA ADR,0.39,13,5,10,9,6,2,5,50,-8.0,45.0,Weak,Watchlist only,47,0.0,0.0,12.0,79.0,1,,Consumer Cyclical,95605816.0,0.0
STRM,Streamline Health Solutions Inc,0.4,14,14,5,14,6,2,5,60,-13.0,45.0,Weak,Watchlist only,45,8.1,5.3,11.3,59.5,1,,Healthcare,23231740.0,60950.0
SSCCX,Saratoga Small Capitalization C,0.43,18,10,5,7,6,3,5,54,-12.0,45.0,Weak,Watchlist only,54,2.4,2.4,3.4,64.0,0,,nan,0.0,0.0
MGAFF,Mega Uranium Ltd.,0.45,5,12,4,11,8,2,3,45,2.0,45.0,Weak,Watchlist only,54,12.5,-6.2,0.6,48.9,0,,Energy,172755280.0,171608.86
VCCTF,Victoria plc,0.561,10,7,11,12,6,4,3,53,-13.0,45.0,Weak,🔥 COILED: Watchlist only,37,0.0,0.0,0.7,90.6,0,,Consumer Cyclical,64725036.0,14698.16
CLEV,Concrete Leveling Systems Inc,0.551,10,3,6,12,4,5,5,45,0.0,45.0,Weak,Watchlist only,33,-7.1,-4.8,2.0,55.3,0,,Industrials,7729336.0,327.62
FPAFF,First Pacific Company Limited,0.67,8,15,6,9,3,2,2,45,0.0,45.0,Weak,Watchlist only,23,6.3,0.0,-1.3,45.4,0,,Consumer Defensive,2898241536.0,0.0
ISRMF,iShares MSCI,0.66,7,6,10,8,4,2,3,40,0.0,45.0,Weak,🔥 COILED: Watchlist only,43,0.0,0.0,0.0,50.0,0,,Energy,1718087552.0,175.0
SENT,AdvisorShares Trust - AdvisorShares Alpha DNA Equity Sentiment ETF,0.705,3,6,9,11,4,4,3,40,2.0,45.0,Weak,Watchlist only,15,0.0,0.0,-0.3,45.0,0,,nan,nan,712455.5
FMTYF,FMTYF,0.766,9,6,10,9,1,2,3,40,0.0,45.0,Weak,🔥 COILED: Watchlist only,47,0.0,0.0,0.0,50.0,0,,nan,nan,1440.0
TABCF,Tabcorp Holdings Limited,0.8,15,6,12,10,3,6,3,55,-13.0,45.0,Weak,Watchlist only,61,0.0,0.0,0.3,83.6,0,,Consumer Cyclical,1960989312.0,0.0
ACBD,Annabidiol Corp,0.84,12,6,11,8,3,2,3,45,-3.0,45.0,Weak,Watchlist only,60,0.0,0.0,0.0,78.5,0,,Financial Services,33759856.0,21.56
IPZYF,IP Group Plc,0.862,16,8,9,6,4,6,3,52,-12.0,45.0,Weak,🔥 COILED: Watchlist only,55,0.0,0.0,0.4,68.2,0,,Financial Services,761072960.0,5593.52
HUNGF,Huaneng Power International Inc,0.951,15,4,8,14,6,6,5,58,-13.0,45.0,Weak,Watchlist only,62,0.0,0.0,3.2,96.8,0,,Utilities,19323375616.0,3405.93
NWSZF,NWS Holdings Limited,1.0,8,4,10,9,4,2,3,40,0.0,45.0,Weak,🔥 COILED: Watchlist only,40,0.0,0.0,-0.0,48.2,0,,Industrials,4565157376.0,6.32
RAFX,Rafex Gold Corp.,1.0,9,9,11,6,4,6,3,48,-8.0,45.0,Weak,🔥 COILED: Watchlist only,45,0.0,0.0,0.0,52.1,0,,Financial Services,53427968.0,45.75
DOUUF,Douugh Limited,0.035,17,4,8,11,6,2,5,53,-11.2,44.8,Weak,Watchlist only,63,0.0,35200.0,120.7,50.0,2,,Technology,110317744.0,620.0
VULMF,Vulcan Minerals Inc,0.305,18,8,10,14,6,9,5,70,-25.5,44.5,Weak,Watchlist only,66,27.1,27.1,20.5,78.6,3,,Basic Materials,36372672.0,14304.02
LUVSF,Lithium Universe Limited,0.01,10,7,11,8,3,4,3,46,-5.0,44.0,Weak,Watchlist only,47,0.0,0.0,0.0,58.5,1,,Basic Materials,16161102.0,1489.47
CCCFF,Carlyle Commodities Corp.,0.01,14,8,10,7,4,1,5,49,-5.0,44.0,Weak,Watchlist only,42,8.8,8.8,4.4,56.7,2,,Basic Materials,984292.0,42742.27
POTRF,SOPerior Fertilizer Corp,0.001,7,6,11,7,3,2,3,39,0.0,44.0,Weak,🔥 COILED: Watchlist only,36,0.0,0.0,0.0,50.0,0,,Basic Materials,948950.0,1400.0
PSPW,3Power Energy Group Inc,0.002,13,7,11,12,6,2,3,54,-13.0,44.0,Weak,Watchlist only,49,0.0,0.0,4.6,96.4,0,,Utilities,685737.0,5372.89
SLDC,SmartSet Automation LLC,0.001,6,4,7,12,7,2,5,43,0.0,44.0,Weak,Watchlist only,44,10.0,-8.3,-2.6,46.3,0,,Communication Services,498498.0,1301764.2
CMHZ,Banny Cosmic International Holdings Inc,0.002,8,3,9,11,4,1,3,39,0.0,44.0,Weak,🔥 COILED: Watchlist only,39,0.0,0.0,-0.0,51.4,0,,Consumer Cyclical,225819.0,554.4
SOFE,Carepay Holdings Inc,0.002,9,7,11,8,4,2,3,44,0.0,44.0,Weak,Watchlist only,52,0.0,0.0,0.0,59.5,0,,Healthcare,45302.0,1018.41
FRSAF,First Au Limited,0.012,7,6,10,7,4,2,3,39,0.0,44.0,Weak,🔥 COILED: Watchlist only,43,0.0,0.0,0.0,50.0,0,,Basic Materials,41540612.0,32.0
SSOK,Sunstock Inc,0.018,14,4,9,12,4,4,5,52,-13.0,44.0,Weak,🔥 COILED: Watchlist only,45,0.0,0.0,1.9,81.7,0,,Consumer Cyclical,110534.0,131.79
ADXRF,ADX Energy Ltd,0.024,8,8,8,13,0,5,2,44,-3.0,44.0,Weak,Watchlist only,21,0.0,2.1,-0.5,49.7,1,,Energy,22018836.0,0.0
INNI,Innovaro Inc,0.022,8,9,9,11,7,4,5,53,-13.0,44.0,Weak,Watchlist only,43,31.1,4.8,3.5,51.8,1,,Financial Services,4635005.0,69784.3
HSTA,Hestia Insight Inc,0.038,12,7,11,7,4,2,3,46,-7.0,44.0,Weak,🔥 COILED: Watchlist only,48,0.0,0.0,0.8,60.5,1,,Technology,1061691.0,3367.29
SIMTF,SIM Technology Group Limited,0.046,15,6,12,9,3,4,3,52,-13.0,44.0,Weak,🔥 COILED: Watchlist only,56,0.0,0.0,0.3,99.5,0,,Technology,343983616.0,165.0
CNGFF,Change Financial Limited,0.047,8,7,9,8,3,1,3,39,0.0,44.0,Weak,🔥 COILED: Watchlist only,31,0.0,0.0,-0.0,41.5,0,,Technology,32347722.0,7.5
NAUH,National American University Holdings Inc,0.05,15,6,12,11,3,4,3,54,-13.0,44.0,Weak,Watchlist only,49,0.0,0.0,0.9,94.8,0,,Consumer Defensive,1235753.0,1310.72
TMKEF,TMK Energy Limited,0.072,9,4,10,8,4,6,3,44,-5.0,44.0,Weak,🔥 COILED: Watchlist only,49,0.0,0.0,-0.1,47.5,1,,Energy,19291778.0,111.13
SJRNF,ArcWest Exploration Inc,0.08,15,3,6,10,4,1,5,44,-3.0,44.0,Weak,Watchlist only,34,0.0,35.6,14.7,73.5,2,,Basic Materials,6680536.0,3960.09
SDAD,SH Resources & Development Corp,0.078,9,3,10,7,4,5,3,41,0.0,44.0,Weak,Watchlist only,37,0.0,0.0,-0.3,0.3,0,,Financial Services,6364800.0,2745.27
APGP,AmpliPay Group Inc.,0.075,12,5,2,12,3,0,5,39,2.0,44.0,Weak,Watchlist only,45,-35.5,23.2,1.8,50.7,2,,Technology,853048.0,936.6
STKKF,Strike Energy Limited,0.087,7,5,7,10,3,4,5,41,-5.0,44.0,Weak,🔥 COILED: Watchlist only,38,0.0,0.0,0.4,53.4,1,,Energy,351683232.0,3981.6
SPODD,Freedom Gold Corp.,0.083,16,5,12,12,6,2,4,57,-18.0,44.0,Weak,🔥 COILED: Watchlist only,46,0.0,0.0,5.3,98.7,1,,Basic Materials,521471.0,74.11
QGLHF,Qingling Motors Co. Ltd,0.11,7,6,10,7,4,2,3,39,0.0,44.0,Weak,🔥 COILED: Watchlist only,51,0.0,0.0,0.0,50.0,0,,Consumer Cyclical,273049504.0,70.0
INTWF,Sharc International Systems Inc,0.117,13,12,3,8,6,0,4,46,-5.0,44.0,Weak,Watchlist only,62,-3.3,-3.3,2.7,53.3,1,,Industrials,16785510.0,3811.82
WPNDF,Wishpond Technologies Ltd,0.129,7,8,11,14,3,3,4,50,-6.0,44.0,Weak,Watchlist only,55,3.3,3.3,-0.0,40.3,1,,Technology,7085620.0,3290.9
RSVRW,Reservoir Media Management Inc,0.145,3,12,6,11,3,2,5,42,2.0,44.0,Weak,Watchlist only,36,20.8,20.8,7.1,51.8,2,,nan,nan,5937.12
GDIGF,Nuclear Vision Limited,0.176,12,7,8,8,3,1,2,41,-5.0,44.0,Weak,🔥 COILED: Watchlist only,35,0.0,0.0,0.6,50.3,1,,Basic Materials,13230637.0,2258.91
TXWHF,Texwinca Holdings Limited,0.208,10,6,11,7,0,2,3,39,0.0,44.0,Weak,🔥 COILED: Watchlist only,0,0.0,0.0,0.0,50.0,0,,Consumer Cyclical,287669120.0,0.0
ARRXF,Archer Materials Limited,0.273,11,10,5,10,6,2,5,49,-5.0,44.0,Weak,Watchlist only,70,6.4,-7.0,2.7,53.3,1,,Technology,68808696.0,49024.74
QPRC,Quest Products Corp,0.28,15,6,10,14,6,6,5,62,-18.0,44.0,Weak,Watchlist only,73,0.0,13.7,15.1,58.0,3,,Industrials,1492952.0,1211.21
ALOD,Allied Resources Inc,0.25,15,6,10,6,6,6,3,52,-13.0,44.0,Weak,🔥 COILED: Watchlist only,58,0.0,0.0,0.3,74.0,0,,Energy,1413252.0,579.56
SEHKF,Seahawk Gold Corp,0.3,12,8,11,9,3,2,3,48,-7.0,44.0,Weak,Watchlist only,49,0.0,0.0,0.0,65.2,1,,Basic Materials,10296977.0,16.0
CGNWF,CGN Power Co. Ltd,0.355,7,6,10,7,4,2,3,39,0.0,44.0,Weak,🔥 COILED: Watchlist only,48,0.0,0.0,0.0,50.0,0,,Utilities,17927006208.0,5.0
JDSEF,Jadestone Energy plc,0.385,13,5,9,9,3,4,3,46,-7.0,44.0,Weak,🔥 COILED: Watchlist only,62,0.0,0.0,0.0,65.6,1,,Energy,209797712.0,7157.25
CSTPF,Arrow Exploration Corp,0.37,13,7,5,12,6,4,5,52,-8.0,44.0,Weak,Watchlist only,55,-2.6,-9.8,0.9,54.8,0,,Energy,105769808.0,43669.09
AILQF,AirIQ Inc,0.37,13,5,8,12,6,6,4,54,-13.0,44.0,Weak,Watchlist only,48,0.0,0.0,0.5,80.3,0,,Technology,10928718.0,769.3
PWRMF,Power Metals Corp,0.466,12,14,4,15,6,7,5,63,-17.0,44.0,Weak,Watchlist only,42,19.5,6.9,13.4,64.9,1,,Basic Materials,75214688.0,181338.02
LTRE,Learning Tree International Inc,0.51,12,7,11,8,3,4,3,48,-7.0,44.0,Weak,Watchlist only,53,0.0,0.0,0.0,64.4,1,,Consumer Defensive,6744418.0,393.87
WMWWF,West Wits Mining Limited,0.55,15,6,12,9,6,6,3,57,-18.0,44.0,Weak,🔥 COILED: Watchlist only,48,0.0,0.0,0.7,91.4,1,,Basic Materials,239085280.0,4881.18
TVBCY,Television Broadcasts Ltd,0.65,10,6,10,7,3,5,3,44,0.0,44.0,Weak,Watchlist only,31,0.0,0.0,-0.0,27.7,0,,Communication Services,151762592.0,2.68
ABGSF,ABG Sundal Collier Holding ASA,0.735,5,3,10,10,3,7,3,41,0.0,44.0,Weak,Watchlist only,42,0.0,0.0,-0.4,25.9,0,,Financial Services,383342656.0,0.0
GRPRF,Grupo Rotoplas S.A.B. de C.V,0.78,15,5,7,10,6,6,5,54,-13.0,44.0,Weak,Watchlist only,59,0.0,0.0,1.8,97.4,0,,Industrials,374394336.0,934.5
CETY,"Clean Energy Technologies, Inc. Common Stock",0.875,12,16,4,17,4,4,5,62,-18.0,44.0,Weak,Watchlist only,49,-7.2,20.4,7.1,55.1,3,,Industrials,9974990.0,2134603.03
DHSBF,Dah Sing Banking Group Ltd,1.0,7,6,10,7,4,2,3,39,0.0,44.0,Weak,🔥 COILED: Watchlist only,42,0.0,0.0,0.0,50.0,0,,Financial Services,1405752192.0,0.4
ZTLLF,Zonetail Inc,0.01,7,3,10,9,3,5,3,40,0.0,43.0,Weak,Watchlist only,32,0.0,0.0,-0.0,2.1,0,,Technology,3175154.0,627.57
CSTXF,CryptoStar Corp,0.006,10,2,9,10,2,2,5,40,0.0,43.0,Weak,Watchlist only,48,1.6,6.7,3.1,54.1,0,,Financial Services,2981743.0,40332.95
MDRM,Modern Mobility Aids,0.006,16,5,7,7,3,2,3,43,0.0,43.0,Weak,Watchlist only,44,0.0,0.0,8.4,59.7,0,,Healthcare,1830075.0,14069.0
PWCO,PwrCor Inc,0.004,6,7,10,10,3,4,3,43,0.0,43.0,Weak,Watchlist only,23,0.0,0.0,-1.4,39.0,0,,Utilities,884779.0,13905.13
WWRL,World Wireless Communications Inc,0.008,11,3,10,9,4,5,3,45,-5.0,43.0,Weak,Watchlist only,43,0.0,0.0,-0.2,23.0,1,,Communication Services,796989.0,2820.61
JNSH,JNS Holdings Corp,0.002,11,9,4,11,4,2,5,46,-1.0,43.0,Weak,Watchlist only,62,23.5,-8.7,9.6,55.1,1,,Industrials,539306.0,207434.4
NSHSF,Nanosphere Health Sciences Inc,0.01,9,7,10,10,3,1,3,43,-3.0,43.0,Weak,Watchlist only,33,0.0,0.0,2.9,72.4,0,,Healthcare,98641.0,514.95
WTRV,White River Energy Corp.,0.001,7,6,11,8,6,2,3,43,-5.0,43.0,Weak,🔥 COILED: Watchlist only,42,0.0,0.0,0.3,50.0,1,,Energy,61976.0,823.07
ZMMH,ZhongMin Mei-Hao Holding Co Ltd.,0.013,9,3,8,7,4,4,3,38,0.0,43.0,Weak,🔥 COILED: Watchlist only,24,0.0,-0.8,-0.1,48.1,0,,Financial Services,5865925.0,58661.63
STHI,Sprout Tiny Homes Inc,0.016,11,10,4,15,9,7,5,61,-18,43,Weak,Watchlist only,67,60.0,25.0,23.0,56.2,3,10,Consumer Cyclical,1862437.0,0.0
WGNR,Wegener Corporation,0.019,14,7,7,16,9,1,4,58,-15.0,43.0,Weak,Watchlist only,63,2.7,2.7,4.8,56.1,1,,Technology,515793.0,9839.44
ADGL,AllDigital Holdings Inc,0.018,15,2,4,8,6,3,5,43,-3.0,43.0,Weak,Watchlist only,47,0.0,0.0,15.8,70.2,0,,Technology,7850.0,4616.24
AHFI,Absolute Health and Fitness Inc,0.03,20,4,8,17,6,7,5,67,-24,43,Weak,Watchlist only,59,114.3,114.3,66.6,92.2,2,6,Financial Services,2523330.0,3834.48
GDLNF,Greenland Minerals And Energy Ltd,0.048,12,14,8,4,4,2,4,48,-8.0,43.0,Weak,Watchlist only,23,19.5,3.2,5.2,52.9,1,,Basic Materials,109905024.0,630109.7
NVTQF,Trench Metals Corp,0.041,13,6,11,10,6,4,3,53,-15.0,43.0,Weak,🔥 COILED: Watchlist only,44,0.0,0.0,0.1,98.0,1,,Energy,291539.0,19.99
DTLAP,Brookfield DTLA Fund Office Trust Investor Inc.,0.05,7,4,9,10,0,5,3,38,0.0,43.0,Weak,🔥 COILED: Watchlist only,28,0.0,0.0,-0.8,42.4,0,,Real Estate,nan,6339.5
LMRMF,Lomiko Metals Inc,0.057,8,4,5,11,3,7,5,43,-3.0,43.0,Weak,Watchlist only,22,1.8,-13.6,1.6,51.7,1,,Basic Materials,4226003.0,22845.43
HCNWF,Hypercharge Networks Corp.,0.071,16,12,7,14,6,5,5,65,-27,43,Weak,Watchlist only,71,31.5,31.5,21.5,64.5,3,,Consumer Cyclical,9838144.0,49554.81
IDKFF,ThreeD Capital Inc,0.079,15,10,7,6,4,7,2,51,-13.0,43.0,Weak,🔥 COILED: Watchlist only,51,5.3,2.6,1.8,53.6,2,,Financial Services,7459334.0,64536.79
BKIRF,Black Iron Inc,0.089,15,6,2,16,5,2,5,51,-8.0,43.0,Weak,Watchlist only,55,12.7,11.2,7.1,57.2,2,,Basic Materials,32235690.0,35736.25
AGTEF,AGTech Holdings Limited,0.103,9,3,9,11,6,0,2,40,0.0,43.0,Weak,Watchlist only,59,0.0,-0.7,2.1,59.5,0,,Consumer Cyclical,1181961344.0,4848.49
BBIXF,Bonus BioGroup Ltd,0.13,12,3,10,11,6,3,3,48,-8.0,43.0,Weak,Watchlist only,42,0.0,0.0,1.2,70.4,1,,Healthcare,151830272.0,1263.79
TKLS,Trutankless Inc,0.12,9,7,10,10,3,1,3,43,-5.0,43.0,Weak,🔥 COILED: Watchlist only,20,0.0,0.0,-0.1,41.9,1,,Technology,19550664.0,488.24
HEWA,Healthwarehouse.Com,0.15,18,4,13,15,6,5,5,66,-23.0,43.0,Weak,Watchlist only,66,7.1,15.4,7.4,72.3,3,,Healthcare,8542560.0,3003.5
URZEF,URZ3 Energy Corp.,0.158,6,15,8,9,4,4,2,48,-3.0,43.0,Weak,Watchlist only,29,12.3,-0.3,1.5,49.2,1,,Energy,8246860.0,97132.36
CRTTF,Cortus Metals Inc,0.154,14,6,4,11,6,1,5,47,-7.0,43.0,Weak,Watchlist only,54,0.0,0.0,4.1,62.0,1,,Basic Materials,4749129.0,979.84
AXVEF,CDN Maverick Capital Corp,0.157,10,9,4,10,8,2,2,45,-3.0,43.0,Weak,🔥 COILED: Watchlist only,46,0.6,-3.7,1.3,54.9,1,,Basic Materials,3085264.0,699.89
CRKN,Crown Electrokinetics Corp.,0.159,8,5,5,14,5,0,2,39,4.0,43.0,Weak,Watchlist only,43,6.0,6.0,2.6,51.1,1,,Basic Materials,434556.0,2513.0
CBIPF,Crypto Blockchain Industries,0.162,9,13,5,8,4,2,5,46,-1.0,43.0,Weak,Watchlist only,40,2.9,1.2,13.4,52.4,1,,nan,nan,0.0
GARPF,Golden Agri-Resources Ltd,0.23,11,9,7,6,8,0,5,46,-8.0,43.0,Weak,🔥 COILED: Watchlist only,41,-8.0,9.5,0.8,50.8,1,,Consumer Defensive,2916784896.0,0.0
PFSMF,Perfect Medical Health Management Limited,0.24,8,6,9,8,4,2,3,40,0.0,43.0,Weak,Watchlist only,31,0.0,0.0,-0.0,38.2,0,,Healthcare,301613088.0,4.5
TSPH,Tusimple Holdings Inc,0.25,8,11,8,8,5,2,4,46,-3.0,43.0,Weak,Watchlist only,30,3.3,8.2,1.9,51.5,2,,Technology,61618008.0,208991.22
GLMFF,Glacier Media Inc,0.26,15,5,8,12,6,2,5,53,-13.0,43.0,Weak,Watchlist only,58,0.0,0.0,1.2,100.0,0,,Communication Services,34094216.0,735.11
NPWR-WT,NET Power Inc. WT,0.285,5,7,4,12,5,2,5,40,0.0,43.0,Weak,Watchlist only,31,-10.9,-25.0,-9.7,45.4,1,,nan,nan,18418.88
ROMJF,Rubicon Organics Inc,0.34,8,12,3,7,4,4,5,43,-3.0,43.0,Weak,Watchlist only,33,-0.3,8.2,3.6,53.8,2,,Healthcare,23301356.0,34666.31
PRPL,Purple Innovation Inc,0.428,5,15,8,9,4,1,4,46,-3.0,43.0,Weak,Watchlist only,18,0.9,4.6,1.0,47.8,2,,Consumer Cyclical,46544724.0,357897.12
HAFG,Holistic Asset Finance Group Co. Ltd,0.412,8,2,8,12,4,3,3,40,0.0,43.0,Weak,Watchlist only,26,0.0,0.0,-0.1,36.0,0,,Communication Services,30574590.0,336.14
THGPF,THG Plc,0.469,10,6,11,9,3,6,3,48,-8.0,43.0,Weak,Watchlist only,51,0.0,0.0,0.0,72.2,1,,Consumer Cyclical,743758592.0,75.0
TNJIF,Tianjin Capital Environmental Protection Group Company Limited,0.465,9,6,10,7,1,2,3,38,0.0,43.0,Weak,🔥 COILED: Watchlist only,44,0.0,0.0,0.0,50.0,0,,Industrials,729616192.0,55.0
CUCSF,China Communications Services Corporation Limited,0.54,5,6,10,7,3,6,3,40,0.0,43.0,Weak,Watchlist only,0,0.0,0.0,-0.0,31.3,0,,Communication Services,3740050176.0,0.0
MCHHF,Macmahon Holdings Limited,0.65,18,4,7,10,6,6,5,56,-13.0,43.0,Weak,Watchlist only,68,3.2,12.1,6.2,92.9,2,,Basic Materials,1431633664.0,0.0
AOTUF,Precinct Properties New Zealand Limited,0.695,8,6,10,8,3,2,3,40,0.0,43.0,Weak,Watchlist only,33,0.0,0.0,-0.0,36.0,0,,Real Estate,1223992320.0,17.5
RYGYF,Reysas Gayrimenkul Yatirim Ortakligi A.S.,0.721,17,4,8,11,4,5,4,53,-13.0,43.0,Weak,Watchlist only,54,0.0,0.0,0.8,84.1,0,,Real Estate,1441400064.0,2457.23
ALPS,Alps Group Inc,0.72,6,13,5,12,3,4,5,48,-3.0,43.0,Weak,Watchlist only,28,0.0,2.9,-2.7,44.7,0,,nan,119808232.0,0.0
SYBX,Synlogic Inc,0.71,10,7,2,15,7,4,5,50,-5.0,43.0,Weak,Watchlist only,50,-10.1,4.4,2.1,55.7,1,,Healthcare,8304615.0,50742.1
MINOF,Minor International Public Company Limited,0.783,7,6,10,7,3,4,3,40,0.0,43.0,Weak,Watchlist only,33,0.0,0.0,-0.0,26.1,0,,Consumer Cyclical,4406291456.0,4.85
JBPHF,Jacobio Pharmaceuticals Group Co. Ltd.,0.868,12,6,11,7,3,6,3,48,-8.0,43.0,Weak,Watchlist only,51,0.0,0.0,0.0,78.0,1,,Healthcare,679858496.0,48.45
RNXT,RenovoRx Inc,0.92,11,16,9,6,3,3,5,53,-13.0,43.0,Weak,🔥 COILED: Watchlist only,38,6.4,-5.6,3.6,54.2,2,,Healthcare,41491204.0,392707.98
OMLAF,oOh!media Limited,1.0,18,7,5,9,6,6,4,55,-12.0,43.0,Weak,Watchlist only,59,12.4,3.1,5.4,67.8,0,,Communication Services,528211776.0,3146.0
GWIN,Glorywin Entertainment Group Inc,0.963,15,4,7,12,3,5,5,51,-8.0,43.0,Weak,Watchlist only,45,0.0,0.0,18.3,77.5,1,,Healthcare,343015552.0,201.04
VLTLF,Volt Lithium Corp.,0.99,18,15,5,8,6,10,5,67,-29,43,Weak,Watchlist only,59,33.8,30.3,27.3,68.1,3,,Basic Materials,213498240.0,509293.45
KITAF,Kitanotatsujin Corporation,0.97,7,6,10,8,3,1,3,38,0.0,43.0,Weak,🔥 COILED: Watchlist only,39,0.0,0.0,0.0,50.0,0,,Consumer Defensive,135308688.0,1.5
DPNEY,Daphne International Holdings Ltd ADR,0.98,8,6,11,7,3,2,3,40,0.0,43.0,Weak,Watchlist only,0,0.0,0.0,0.0,6.7,0,,Consumer Cyclical,92420360.0,0.0
ETOLF,Enterprise Group Inc,0.95,6,6,8,14,3,2,4,43,-3.0,43.0,Weak,Watchlist only,37,5.6,0.0,0.6,50.3,0,,Energy,77151280.0,16622.06
GNOLF,Genoil Inc,0.01,5,3,10,9,3,6,3,39,0.0,42.0,Weak,Watchlist only,38,0.0,0.0,-0.0,10.7,0,,Energy,19981640.0,26635.68
GRGUF,Grand Gulf Energy Limited,0.002,5,3,10,10,3,5,3,39,0.0,42.0,Weak,Watchlist only,37,0.0,0.0,-2.1,34.1,0,,Energy,6396871.0,41082.68
XITO,Xenous Holdings Inc,0.007,3,4,9,8,5,5,3,37,0.0,42.0,Weak,🔥 COILED: Watchlist only,15,0.0,0.0,-2.5,44.8,0,,Financial Services,5321750.0,2981.01
CSRVF,Cross River Ventures Corp,0.01,9,4,11,7,3,5,3,42,-3.0,42.0,Weak,Watchlist only,51,0.0,0.0,0.0,72.0,0,,Basic Materials,2724671.0,4613.43
BWNAF,SI6 Metals Limited,0.005,7,7,11,8,4,2,3,42,-3.0,42.0,Weak,Watchlist only,36,0.0,0.0,0.0,70.6,0,,Basic Materials,2454814.0,202.5
RQHTF,Reliq Health Technologies Inc,0.01,13,5,11,7,4,1,3,44,-7.0,42.0,Weak,🔥 COILED: Watchlist only,51,0.0,0.0,0.4,69.8,1,,Healthcare,1973087.0,0.0
PTOP,Peer To Peer Network,0.01,6,10,5,8,4,2,2,37,2.0,42.0,Weak,Watchlist only,21,3.1,1.0,-2.8,45.6,1,,Technology,1302137.0,37900.3
EKGGF,CardioComm Solutions Inc,0.005,8,3,10,7,3,5,3,39,0.0,42.0,Weak,Watchlist only,27,0.0,0.0,-0.0,0.3,0,,Healthcare,908877.0,385.0
TAKD,TransAKT Ltd,0.003,7,3,10,10,3,3,3,39,0.0,42.0,Weak,Watchlist only,27,0.0,0.0,-0.7,36.0,0,,Financial Services,360467.0,1701.15
RVTI,Rival Technologies Inc,0.005,7,8,11,11,3,1,3,44,-2.0,42.0,Weak,Watchlist only,35,0.0,0.0,0.2,66.0,0,,Basic Materials,243947.0,1830.28
DVNCF,Danavation Technologies Corp,0.002,10,6,11,7,3,2,3,42,-5.0,42.0,Weak,🔥 COILED: Watchlist only,43,0.0,0.0,0.0,50.0,1,,Technology,241649.0,110.25
JNHMF,Jack Nathan Medical Corp,0.009,12,6,11,7,6,2,3,47,-8.0,42.0,Weak,Watchlist only,43,0.0,0.0,0.3,73.7,1,,Healthcare,69679.0,436.5
PBIO,Pressure Biosciences Inc,0.001,8,6,6,11,3,5,5,44,-5.0,42.0,Weak,Watchlist only,37,0.0,0.0,-1.4,49.0,1,,Healthcare,49160.0,4271.59
MKSEF,Marksmen Energy Inc,0.008,4,4,10,10,3,6,3,40,-3.0,42.0,Weak,🔥 COILED: Watchlist only,50,0.0,0.0,-1.1,43.7,1,,Energy,42279.0,0.0
SVUHF,SRIVARU Holding Limited,0.016,5,11,7,12,3,2,2,42,-1.0,42.0,Weak,Watchlist only,30,6.7,6.7,16.7,53.6,1,,Consumer Cyclical,4085758.0,16706.14
ISEYF,Wi2Wi Corporation,0.02,15,6,11,7,6,2,3,50,-13.0,42.0,Weak,🔥 COILED: Watchlist only,55,0.0,0.0,0.4,100.0,0,,Technology,3964660.0,4946.65
ARSEF,Altai Resources Inc,0.015,13,7,12,12,6,4,3,57,-18.0,42.0,Weak,Watchlist only,49,0.0,0.0,6.6,97.7,1,,Energy,840503.0,1019.68
NIVFW,NewGenIvf Group Limited Warrants,0.03,18,6,4,17,9,7,5,66,-24,42,Weak,Watchlist only,59,82.8,82.8,46.8,66.3,2,5,nan,nan,0.0
LANZ,Lancer Orthodontics Inc,0.04,13,7,9,12,6,2,3,52,-13.0,42.0,Weak,Watchlist only,56,0.0,0.0,2.7,100.0,0,,Healthcare,42824428.0,566.42
STAOF,Sing Tao News Corporation Limited,0.035,7,7,11,9,3,2,3,42,-5.0,42.0,Weak,🔥 COILED: Watchlist only,45,0.0,0.0,0.0,51.9,1,,Communication Services,30819006.0,214.79
MSOVF,Greatbanks Resources Ltd,0.04,15,6,11,7,6,2,3,50,-13.0,42.0,Weak,🔥 COILED: Watchlist only,51,0.0,0.0,0.4,100.0,0,,Other,nan,52.0
OTLC,Oncotelic Therapeutics Inc,0.048,8,11,2,9,8,0,2,40,2.0,42.0,Weak,Watchlist only,31,-3.0,-3.0,-0.5,49.7,0,,Healthcare,22224866.0,279579.4
GULTU,Gulf Coast,0.048,14,13,4,16,3,3,5,58,-16.0,42.0,Weak,Watchlist only,51,25.0,25.0,12.7,57.7,3,,Energy,11048290.0,436280.19
CYCL,Centennial Communications Corp,0.06,15,9,6,16,7,4,5,62,-20,42,Weak,Watchlist only,60,71.4,69.0,40.3,68.4,3,10,Financial Services,2458560.0,0.0
GRCMF,Green Shift Commodities Ltd.,0.062,20,4,6,13,7,9,5,64,-22,42,Weak,Watchlist only,65,56.1,57.7,48.9,84.1,2,8,Basic Materials,8681195.0,8025.28
TALN,Talon International Inc,0.07,17,8,7,11,4,3,5,55,-13.0,42.0,Weak,Watchlist only,65,16.7,16.7,18.9,84.3,2,,Consumer Cyclical,6463679.0,3055.5
CRUCF,Colibri Resource Corporation,0.07,10,5,9,12,4,3,4,47,-5.0,42.0,Weak,Watchlist only,27,-1.4,1.4,1.1,49.8,1,,Basic Materials,2581355.0,9888.88
NDATF,nDatalyze Corp,0.08,12,7,10,12,6,2,3,52,-13.0,42.0,Weak,Watchlist only,53,0.0,0.0,0.9,100.0,0,,Healthcare,6083376.0,1937.5
FFLO,Free Flow Inc,0.081,13,6,11,9,6,2,3,50,-13.0,42.0,Weak,🔥 COILED: Watchlist only,45,0.0,0.0,1.8,99.9,0,,Consumer Cyclical,2504800.0,48.27
CHAEF,China Aerospace International Holdings Limited,0.09,16,9,7,9,4,7,5,57,-15.0,42.0,Weak,Watchlist only,47,3.7,3.7,6.2,72.3,1,,Technology,276726464.0,2424.72
UNHLF,Union Medical Healthcare Limited,0.086,10,7,11,9,0,2,3,42,-5.0,42.0,Weak,🔥 COILED: Watchlist only,38,0.0,0.0,0.0,53.3,1,,Healthcare,101071224.0,250.0
SPODF,Spod Lithium Corp.,0.083,16,5,12,12,6,2,4,57,-18.0,42.0,Weak,Watchlist only,47,0.0,0.0,5.3,98.7,1,,Basic Materials,521471.0,74.91
MAPPF,ProStar Holdings Inc,0.13,16,9,7,14,5,9,5,65,-23.0,42.0,Weak,Watchlist only,62,8.4,2.4,6.1,56.9,1,,Technology,21011554.0,70384.09
PJXRF,PJX Resources Inc,0.112,12,11,3,17,4,4,3,54,-17.0,42.0,Weak,Watchlist only,53,20.3,25.0,12.0,60.7,3,,Basic Materials,20990006.0,17784.14
AUIAF,Aurania Resources Ltd,0.137,10,7,9,9,4,4,2,45,-3.0,42.0,Weak,Watchlist only,46,0.7,5.4,0.0,48.7,1,,Basic Materials,18119336.0,23430.55
AQIA,AQIA,0.138,8,7,10,12,3,4,4,48,-6.0,42.0,Weak,Watchlist only,46,2.2,2.2,0.6,45.8,1,,Technology,8090859.0,71.0
LADX,LadRx Corporation,0.11,14,5,9,8,4,2,5,47,-5.0,42.0,Weak,Watchlist only,36,0.0,0.0,15.6,56.6,1,,Healthcare,49509.0,0.0
CUGCF,China Oriental Group Company Limited,0.19,8,4,9,9,3,1,3,37,0.0,42.0,Weak,🔥 COILED: Watchlist only,37,0.0,0.0,-0.0,47.8,0,,Basic Materials,708032640.0,0.0
TWNMF,29Metals Limited,0.22,10,6,4,11,1,5,5,42,0.0,42.0,Weak,Watchlist only,34,0.0,6.9,-1.4,31.2,0,,Basic Materials,385541856.0,16420.58
ESLGF,Logistics Development Group plc,0.228,9,6,10,8,4,2,3,42,-5.0,42.0,Weak,🔥 COILED: Watchlist only,48,0.0,0.0,0.0,50.0,1,,Industrials,94144976.0,210.0
XTPT,Xtra Energy Corp,0.239,3,14,5,8,3,2,2,37,2.0,42.0,Weak,Watchlist only,11,-7.3,-4.2,-8.6,40.6,1,,Basic Materials,52073120.0,113704.5
CAMNF,Cascadia Minerals Ltd.,0.243,10,10,5,12,6,2,3,48,-6.0,42.0,Weak,Watchlist only,57,12.9,-4.4,5.9,55.9,2,,Basic Materials,50735192.0,121768.8
SHIHF,Shenzhen Investment Holdings Bay Area Development Company Limited,0.28,15,6,11,7,6,2,3,50,-13.0,42.0,Weak,🔥 COILED: Watchlist only,52,0.0,0.0,0.4,100.0,0,,Industrials,896750400.0,212.01
KARX,KARX,0.26,16,10,5,15,4,7,5,62,-18,42,Weak,Watchlist only,39,62.4,-1.0,20.6,56.9,1,12,Industrials,23183716.0,17938.5
WALRF,MegaWatt Lithium and Battery Metals Corp,0.25,5,6,5,10,8,6,2,42,-3.0,42.0,Weak,Watchlist only,56,9.4,-3.8,-0.0,49.9,2,,Basic Materials,1542613.0,1517.35
AEUXF,AEUXF,0.348,17,12,8,16,6,7,5,71,-29,42,Weak,Watchlist only,0,39.2,22.0,23.8,66.3,3,,Energy,136325344.0,0.0
FOSYF,Forsys Metals Corp,0.373,18,7,8,17,6,5,5,66,-25,42,Weak,Watchlist only,60,62.3,49.4,34.7,75.6,3,5,Basic Materials,90548424.0,80447.84
EDMFF,EDMFF,0.39,16,7,2,15,5,5,5,55,-13.0,42.0,Weak,Watchlist only,61,18.2,5.4,7.9,55.0,1,,Basic Materials,28216708.0,15592.75
KAIFD,Kairos Minerals Limited,0.412,11,3,8,10,5,4,3,44,-5.0,42.0,Weak,Watchlist only,46,6.9,3.7,1.9,54.1,2,,Basic Materials,53720879104.0,4425.78
EUBG,Entrepreneur Universe Bright Group,0.45,16,5,8,10,6,3,3,51,-9.0,42.0,Weak,Watchlist only,51,5.3,3.2,2.2,60.0,1,,Industrials,76502192.0,3820.21
GMALF,Genting Malaysia Berhad,0.492,5,3,10,8,6,4,3,39,0.0,42.0,Weak,Watchlist only,0,0.0,0.0,-0.0,35.8,0,,Consumer Cyclical,2788528896.0,0.0
ACHFF,Arch Biopartners Inc,0.481,15,11,7,13,6,12,5,69,-28,42,Weak,Watchlist only,31,47.5,35.5,36.6,77.3,3,,Healthcare,23776650.0,33435.4
SEHCF,Sweet Earth Holdings Corporation,0.499,7,7,10,7,1,2,3,37,0.0,42.0,Weak,🔥 COILED: Watchlist only,39,0.0,0.0,0.0,50.2,0,,Healthcare,6443306.0,0.76
ALPKF,ALPEK S.A.B. de C.V,0.68,13,7,11,13,6,2,3,55,-18.0,42.0,Weak,🔥 COILED: Watchlist only,56,0.0,0.0,0.4,96.1,1,,Basic Materials,1417461888.0,2357.23
RMGGF,Resolute Mining Limited,0.792,1,9,4,12,3,2,2,33,4.0,42.0,Weak,Watchlist only,40,14.8,-10.0,0.3,47.8,1,,Basic Materials,1517566464.0,10112.13
MAOFF,Maoyan Entertainment,0.904,8,6,10,8,3,1,3,39,0.0,42.0,Weak,Watchlist only,30,0.0,0.0,-0.0,5.4,0,,Communication Services,1016238592.0,388.0
CRFCF,Card Factory plc,0.913,9,7,6,9,3,3,3,40,-3.0,42.0,Weak,🔥 COILED: Watchlist only,28,0.0,0.0,0.0,70.9,0,,Consumer Cyclical,313648096.0,1585.58
ELRE,Yinfu Gold Corporation,1.0,16,4,8,13,6,3,5,55,-13.8,41.2,Weak,Watchlist only,47,5.3,5.3,21.8,80.4,0,,Communication Services,121983992.0,0.0
JPTE,"JP 3E Holdings, Inc.",0.01,2,9,8,12,2,0,5,38,0.0,41.0,Weak,Watchlist only,42,0.0,2.2,-5.2,46.4,0,,Technology,6576160.0,679747.15
VYRE,Vyre Network,0.003,12,13,4,11,5,3,5,53,-12.0,41.0,Weak,Watchlist only,30,35.0,42.1,15.8,58.1,2,,Communication Services,1564383.0,174060.54
KITL,Kisses From Italy Inc,0.003,6,10,5,9,7,2,2,41,0.0,41.0,Weak,Watchlist only,50,-3.2,15.4,-7.2,44.8,2,,Consumer Cyclical,1538972.0,4140309.29
LLLI,Lamperd Less Lethal,0.004,3,10,3,11,8,2,2,39,2.0,41.0,Weak,Watchlist only,34,-7.0,0.0,-4.0,47.9,1,,Industrials,1076226.0,57228.66
AMIH,American International Holdings Corp,0.004,10,5,8,16,7,4,5,55,-12.0,41.0,Weak,Watchlist only,55,-2.5,25.8,17.9,62.2,2,,Consumer Cyclical,760500.0,0.0
BRZV,Fitvia Corp,0.002,12,5,11,12,6,2,3,51,-13.0,41.0,Weak,Watchlist only,49,0.0,0.0,0.7,99.1,0,,Consumer Defensive,467685.0,10826.14
TGTMF,Targeted Microwave Solutions Inc,0.001,8,4,9,8,3,1,3,36,0.0,41.0,Weak,🔥 COILED: Watchlist only,29,0.0,0.0,-0.0,48.1,0,,Industrials,128024.0,1455.84
CHNSF,China Starch Holdings Limited,0.02,5,4,9,9,4,2,3,36,0.0,41.0,Weak,🔥 COILED: Watchlist only,37,0.0,0.0,0.0,50.0,0,,Consumer Defensive,118060544.0,200.0
RDPTF,Radiopharm Theranostics Limited,0.02,9,6,11,7,3,2,3,41,-5.0,41.0,Weak,🔥 COILED: Watchlist only,40,0.0,0.0,0.0,50.0,1,,Healthcare,47298988.0,1250.0
FNINF,49 North Resources Inc,0.015,10,7,10,6,4,3,3,43,-10.0,41.0,Weak,🔥 COILED: Watchlist only,33,0.0,0.0,0.5,53.2,0,,Financial Services,2494653.0,10046.5
ASBPW,"Aspire Biopharma Holdings, Inc.",0.02,15,13,4,2,9,1,5,49,-8.0,41.0,Weak,Watchlist only,42,-16.7,9.3,7.9,53.1,1,,nan,nan,36449.25
CLSZF,China Oil And Gas Group Limited,0.03,10,4,3,8,6,5,5,41,0.0,41.0,Weak,Watchlist only,54,0.0,-9.4,4.3,55.9,0,,Energy,169104096.0,1871.9
RHCO,Readen Holding Corp,0.027,15,11,7,11,4,2,5,55,-19,41,Weak,Watchlist only,41,50.0,42.1,35.7,64.7,3,8,Financial Services,5862465.0,17147.5
OVTZ,Oculus VisionTech Inc,0.03,11,6,2,10,4,2,3,38,0.0,41.0,Weak,Watchlist only,39,0.0,0.0,0.3,50.2,0,,Technology,2742677.0,17973.3
NVNIW,Nvni Group Limited Warrants,0.029,9,12,8,7,3,2,3,44,-1.0,41.0,Weak,Watchlist only,25,0.7,0.7,0.3,49.0,0,,nan,nan,16015.39
SLND-WT,SLND-WT,0.03,7,7,9,8,4,4,2,41,0.0,41.0,Weak,Watchlist only,33,8.0,-16.8,1.4,49.9,0,,nan,nan,47162.89
GFKRF,Opus One Gold Corporation,0.04,10,6,11,8,3,2,3,43,-5.0,41.0,Weak,Watchlist only,53,0.0,0.0,0.0,50.0,1,,Basic Materials,10874032.0,200.0
ERVFF,Erin Ventures Inc,0.034,11,3,4,12,6,0,5,41,0.0,41.0,Weak,Watchlist only,59,0.0,-10.5,-0.4,52.2,0,,Basic Materials,9474175.0,25074.16
KSTBF,Kestrel Gold Inc,0.033,8,3,10,7,4,3,3,38,0.0,41.0,Weak,Watchlist only,25,0.0,0.0,-2.0,16.6,0,,Basic Materials,3587793.0,11515.66
EQTXF,Lake Winn Resources Corp,0.04,9,6,10,7,4,2,3,41,-5.0,41.0,Weak,🔥 COILED: Watchlist only,50,0.0,0.0,0.0,50.0,1,,Basic Materials,1102338.0,1178.79
PMDKF,PT. Mitra Adiperkasa Tbk,0.06,15,6,10,7,6,2,3,49,-13.0,41.0,Weak,🔥 COILED: Watchlist only,51,0.0,0.0,0.5,100.0,0,,Consumer Cyclical,874820032.0,94.5
RSNUF,Renascor Resources Limited,0.051,12,7,10,10,6,3,3,51,-13.0,41.0,Weak,Watchlist only,53,0.0,0.0,2.4,100.0,0,,Basic Materials,129858120.0,3651.86
RVXCF,Resverlogix Corp.,0.07,5,5,10,13,4,3,3,43,-5.0,41.0,Weak,Watchlist only,34,0.0,0.0,-0.4,41.3,1,,Healthcare,22188430.0,14437.79
PCLOF,Pharmacielo Ltd,0.067,9,6,7,13,5,0,5,45,-3.0,41.0,Weak,Watchlist only,62,-10.7,6.3,2.3,52.5,2,,Healthcare,12594908.0,44599.21
SMPEF,Southern Empire Resources Corp,0.07,12,6,11,9,3,2,3,46,-8.0,41.0,Weak,Watchlist only,51,0.0,0.0,0.1,77.9,1,,Basic Materials,5261800.0,6749.91
TAPP,Tap Resources Inc,0.08,5,4,10,9,3,2,3,36,0.0,41.0,Weak,🔥 COILED: Watchlist only,33,0.0,0.0,-0.0,46.3,0,,Communication Services,2993312.0,4495.07
BKSY-WT,BKSY-WT,0.076,7,10,3,13,9,2,5,49,-6.0,41.0,Weak,Watchlist only,36,-12.0,-22.8,-3.9,49.2,0,,nan,nan,83986.08
NIROF,SportsHero Limited,0.088,17,4,6,9,6,2,5,49,-8.0,41.0,Weak,Watchlist only,50,0.0,0.0,26.5,76.7,0,,Communication Services,270006784.0,1688.3
PSBAF,PT Sumber Alfaria Trijaya Tbk,0.121,8,3,9,9,4,2,3,38,0.0,41.0,Weak,Watchlist only,38,0.0,0.0,-0.0,10.8,0,,Consumer Defensive,4972111872.0,93.5
HDVTY,Henderson Investment Ltd ADR,0.162,12,6,5,8,6,6,3,46,-8.0,41.0,Weak,Watchlist only,50,0.0,0.0,0.0,74.9,1,,Consumer Cyclical,98733408.0,449.97
SNPW,Sun Pacific Holding Corp,0.16,12,9,11,13,6,3,5,59,-18.0,41.0,Weak,Watchlist only,36,6.7,6.7,7.8,85.8,1,,Technology,41880.0,116.73
MIMDF,MIMDF,0.155,14,14,5,9,3,4,5,54,-13.0,41.0,Weak,Watchlist only,32,1.3,46.8,10.0,59.2,3,,nan,nan,12507.57
KBRIF,KBRIF,0.22,8,7,10,9,3,1,3,41,-5.0,41.0,Weak,🔥 COILED: Watchlist only,42,0.0,0.0,-0.0,44.8,1,,Basic Materials,29771688.0,645.26
RIBBR,Ribbon Acquisition Corp Rights,0.23,16,10,2,9,3,3,5,48,-7.0,41.0,Weak,Watchlist only,55,16.6,0.0,8.7,54.1,0,,nan,1017899.0,0.0
MNII,Manati Industries Inc,0.2,12,7,11,12,1,5,3,51,-13.0,41.0,Weak,Watchlist only,51,0.0,0.0,6.9,85.0,0,,Industrials,nan,1883.01
THGHY,THG Plc,0.281,10,6,10,9,3,2,3,43,-5.0,41.0,Weak,Watchlist only,36,0.0,0.0,-0.0,5.2,1,,Consumer Cyclical,445588704.0,7.7
FNTTF,Fantasy 360 Technologies Inc,0.257,7,7,10,10,4,4,3,45,-7.0,41.0,Weak,Watchlist only,54,0.0,0.0,0.0,60.6,1,,Technology,4879971.0,51.8
ENSC,Ensysce Biosciences Inc,0.271,4,14,8,10,4,2,2,44,-3.0,41.0,Weak,Watchlist only,28,2.8,-9.0,-4.0,42.8,2,,Healthcare,4168668.0,2600155.41
ANNAW,"AleAnna, Inc. Warrant",0.285,7,6,4,15,0,7,2,41,0.0,41.0,Weak,Watchlist only,52,-12.1,15.3,-5.2,48.4,2,,nan,nan,80708.68
WORX,Scworx Corp,0.32,7,12,3,11,4,2,5,44,-3.0,41.0,Weak,Watchlist only,29,6.0,-8.6,-4.2,47.5,1,,Healthcare,337146.0,624334.43
CVWLF,CVWLF,0.369,10,3,10,8,3,1,3,38,0.0,41.0,Weak,Watchlist only,40,0.0,0.0,-0.0,20.9,0,,Financial Services,231694848.0,11.5
TSMCF,Tesmec S.p.A.,0.429,19,11,8,11,6,9,5,69,-28.0,41.0,Weak,Watchlist only,75,35.0,44.6,32.2,75.2,2,,Industrials,258210224.0,24999.41
GBCMY,Global Bio-chem Technology Group Company Limited,0.414,13,6,11,11,4,1,3,49,-13.0,41.0,Weak,🔥 COILED: Watchlist only,34,0.0,0.0,0.8,80.4,0,,Consumer Defensive,138905664.0,24.63
FEHTF,FEHTF,0.45,8,4,9,7,3,2,3,36,0.0,41.0,Weak,🔥 COILED: Watchlist only,34,0.0,0.0,-0.0,48.1,0,,Real Estate,923921856.0,12.5
CRYIF,CRYIF,0.547,7,4,10,10,4,2,3,40,-2.0,41.0,Weak,Watchlist only,45,0.0,0.0,0.0,63.9,0,,Consumer Cyclical,1559923072.0,0.03
ALSA,Alpha Star Acquisition Corp,0.52,14,12,5,12,6,4,5,58,-17.0,41.0,Weak,Watchlist only,31,4.0,4.0,5.1,62.2,1,,Financial Services,49542480.0,39519.0
CDHSF,CDL Hospitality Trusts,0.64,6,6,11,7,3,2,3,38,0.0,41.0,Weak,Watchlist only,0,0.0,0.0,0.0,14.3,1,,Real Estate,747257664.0,0.0
IVREF,Inovalis Real Estate Investment Trust,0.601,4,4,10,7,6,7,3,41,-5.0,41.0,Weak,🔥 COILED: Watchlist only,33,0.0,0.0,-0.4,45.8,1,,Real Estate,20368700.0,0.0
MRAI,Marpai Inc,0.659,11,14,6,15,6,3,5,60,-17.0,41.0,Weak,Watchlist only,53,27.3,17.7,19.9,63.3,3,,Healthcare,16667868.0,44318.23
DXLG,Destination XL Group Inc,0.7,6,8,9,8,7,2,3,43,-3.0,41.0,Weak,Watchlist only,43,-2.8,-4.1,-0.5,50.8,1,,Consumer Cyclical,38691164.0,160399.21
NETLF,NetLink NBN Trust,0.769,7,4,4,11,6,3,3,38,0.0,41.0,Weak,Watchlist only,36,0.0,0.0,-0.3,34.6,0,,Communication Services,2996770560.0,145.41
CBUMF,China National Building Material Company Limited,0.802,17,12,5,14,6,11,5,70,-29,41,Weak,Watchlist only,56,38.5,30.1,21.2,61.8,3,,Basic Materials,6085807104.0,0.0
GLVT,Greenlit Ventures Inc,0.8,10,8,11,9,3,1,3,45,-7.0,41.0,Weak,Watchlist only,25,0.0,0.0,0.3,69.9,1,,Industrials,3265986.0,320.38
PAGFF,Pacifica Silver Corp.,0.86,8,12,9,3,9,2,3,46,-8.0,41.0,Weak,Watchlist only,37,8.8,4.9,2.2,51.7,0,,nan,nan,0.0
BOPCF,BioPharma Credit PLC,0.98,15,10,3,4,6,7,5,50,-9.0,41.0,Weak,Watchlist only,62,8.0,2.1,5.3,66.1,1,,nan,1161350784.0,67807.46
DOCMF,Dr. Martens plc,0.97,13,3,5,10,3,4,5,43,-2.0,41.0,Weak,Watchlist only,59,0.4,0.4,1.8,64.7,0,,Consumer Cyclical,928373952.0,9582.0
ZONE,CleanCore Solutions Inc.,0.984,17,9,7,17,6,7,5,68,-28,41,Weak,Watchlist only,62,40.4,44.0,34.0,72.5,3,,Industrials,218476592.0,3216460.77
BBOE,Black Box Entertainment Ltd,1.0,13,6,12,9,6,2,3,51,-13.0,41.0,Weak,Watchlist only,53,0.0,0.0,0.2,95.1,0,,Financial Services,13822455.0,332.81
LLRXX,Western Asset Institutional Liquid Reserves Ltd.,1.0,13,8,10,6,6,2,3,48,-12.0,41.0,Weak,🔥 COILED: Watchlist only,45,0.0,0.0,0.0,66.8,0,,nan,nan,0.0
IPNFF,ImagineAR Inc,0.005,16,14,3,12,4,3,5,57,-14.8,40.2,Weak,Watchlist only,24,47.2,51.4,24.2,54.1,2,,Technology,892861.0,81409.52
GRGG,Green For Energy Inc,0.19,15,5,5,9,4,3,5,46,-5.8,40.2,Weak,Watchlist only,49,0.0,90.3,24.3,64.6,2,,Financial Services,1157926.0,783.09
FFTTF,Fatfish Group Limited,0.004,8,3,9,9,3,2,3,37,0.0,40.0,Weak,Watchlist only,27,0.0,0.0,-0.0,0.0,0,,Financial Services,6991078.0,5.0
NSVGF,Nass Valley Gateway Ltd,0.01,5,4,10,8,3,2,3,35,0.0,40.0,Weak,🔥 COILED: Watchlist only,34,0.0,0.0,0.0,50.0,0,,Healthcare,3287327.0,1380.0
CSPUF,Canadian Spirit Resources Inc,0.01,15,6,12,7,6,4,3,53,-18.0,40.0,Weak,🔥 COILED: Watchlist only,55,0.0,0.0,3.3,93.3,1,,Energy,2881775.0,540.48
SVLT,Sunvault Energy Inc,0.005,13,4,7,10,4,2,5,45,-5.0,40.0,Weak,Watchlist only,41,0.0,0.0,6.1,58.2,1,,Industrials,761902.0,3473.5
MKSED,Marksmen Energy Inc.,0.008,15,6,11,10,6,2,3,53,-18.0,40.0,Weak,🔥 COILED: Watchlist only,51,0.0,0.0,0.7,81.3,1,,Energy,761845.0,70.25
ATXMF,Advantex Marketing International Inc,0.003,7,6,10,8,4,2,3,40,-5.0,40.0,Weak,🔥 COILED: Watchlist only,42,0.0,0.0,0.0,50.0,1,,Communication Services,743092.0,12.49
DDDX,3Dx Industries Inc,0.005,3,9,9,9,6,4,5,45,-5.0,40.0,Weak,Watchlist only,19,-8.0,-4.2,-3.3,47.0,1,,Technology,512086.0,110887.85
PVMCF,Pine Valley Mining Corp,0.005,9,8,8,8,3,1,3,40,-5.0,40.0,Weak,🔥 COILED: Watchlist only,33,0.0,0.0,0.0,54.3,1,,Basic Materials,393810.0,4798.94
AURWF,Aurwest Resources Corporation,0.003,7,7,11,7,3,1,3,39,-2.0,40.0,Weak,Watchlist only,32,0.0,0.0,0.0,60.4,0,,Basic Materials,325513.0,700.5
CTVEF,Certive Solutions Inc,0.002,7,7,11,7,3,2,3,40,-5.0,40.0,Weak,🔥 COILED: Watchlist only,45,0.0,0.0,0.0,54.0,1,,Healthcare,270632.0,900.0
BRST,Broad Street Realty Inc,0.006,6,5,10,10,0,3,3,37,0.0,40.0,Weak,Watchlist only,23,0.0,0.0,-0.1,55.3,0,,Real Estate,208329.0,10637.94
MMVVF,Multimetaverse Holdings Ltd,0.005,12,4,8,12,4,2,5,47,-7.0,40.0,Weak,Watchlist only,37,0.0,0.0,9.6,64.2,1,,Communication Services,188694.0,0.0
EPYFF,ePlay Digital Inc,0.002,5,4,10,8,3,2,3,35,0.0,40.0,Weak,🔥 COILED: Watchlist only,35,0.0,0.0,0.0,50.0,0,,Communication Services,188035.0,1380.58
MBGNF,Med BioGene Inc,0.006,8,4,9,9,3,1,3,37,0.0,40.0,Weak,Watchlist only,27,0.0,0.0,-0.0,0.0,0,,Healthcare,101821.0,50.0
COMS,COMSovereign Holding Corp,0.002,7,3,9,10,6,2,3,40,-5.0,40.0,Weak,🔥 COILED: Watchlist only,38,0.0,0.0,0.0,50.6,1,,Technology,4312.0,1456.19
WBXWF,WBXWF,0.003,7,7,7,10,3,0,4,38,2.0,40.0,Weak,Watchlist only,31,-66.7,0.0,-23.1,48.1,0,,nan,nan,0.0
PBMRF,PT Bumi Resources Tbk,0.012,13,9,11,6,1,1,3,44,-9.0,40.0,Weak,🔥 COILED: Watchlist only,35,0.0,0.0,0.8,63.1,0,,Energy,4251790336.0,28992.03
MHTZF,Manhattan Corporation Limited,0.018,7,7,11,8,3,1,3,40,-3.0,40.0,Weak,Watchlist only,38,0.0,0.0,0.0,56.5,1,,Basic Materials,11600170.0,266.34
ARUXF,Acrux Limited,0.017,13,3,8,14,6,2,4,50,-13.0,40.0,Weak,Watchlist only,47,0.0,0.0,6.0,95.2,0,,Healthcare,8826605.0,6835.13
NGMDF,NuGen Medical Devices Inc,0.016,8,10,6,10,4,2,2,42,-5.0,40.0,Weak,Watchlist only,28,0.0,7.5,1.6,57.4,1,,Healthcare,3553108.0,3886.98
NDEV,Novus Acquisition and Development Corp,0.016,10,4,3,12,5,2,4,40,0.0,40.0,Weak,Watchlist only,38,-11.3,6.5,-1.6,50.0,0,,Financial Services,2125259.0,29120.69
UAHC,United American Healthcare Corp,0.017,13,4,3,9,6,0,5,40,0.0,40.0,Weak,Watchlist only,41,0.0,-15.0,5.7,56.7,0,,Real Estate,1990037.0,7994.14
REOS,ReoStar Energy Corp,0.017,5,7,3,12,7,6,5,45,-5.0,40.0,Weak,Watchlist only,44,19.1,-21.9,-3.2,47.5,1,,Energy,1581356.0,134457.86
GBBGF,Global Li-Ion Graphite Corp,0.015,6,7,5,7,3,0,5,33,2.0,40.0,Weak,Watchlist only,38,-10.8,-10.8,-5.6,43.8,0,,Basic Materials,1348229.0,6789.69
SRNW,Stratos Renewables Corp,0.02,5,8,5,9,2,6,3,38,2.0,40.0,Weak,Watchlist only,24,0.0,0.0,-22.4,47.0,0,,Financial Services,980117.0,11431.0
CDTTW,Conduit Pharmaceuticals Inc.,0.013,15,6,2,7,5,3,2,40,4.0,40.0,Weak,Watchlist only,62,-24.9,35.1,17.5,53.2,2,,nan,nan,32725.95
RTRFF,Rumble Resources Limited,0.022,9,6,11,8,1,2,3,40,-5.0,40.0,Weak,🔥 COILED: Watchlist only,40,0.0,0.0,0.0,50.0,1,,Basic Materials,29192644.0,33.38
LIMFF,Li-Metal Corp.,0.023,15,6,12,9,6,2,3,53,-18.0,40.0,Weak,🔥 COILED: Watchlist only,51,0.0,0.0,0.9,95.4,1,,Financial Services,17981474.0,450.5
NHHHF,FuelPositive Corp,0.03,9,5,9,9,4,3,3,42,-5.0,40.0,Weak,Watchlist only,36,0.0,0.0,0.6,50.7,1,,Industrials,16520279.0,337755.28
MALDF,Macau Legend Development Limited,0.021,8,6,10,7,4,4,3,42,-5.0,40.0,Weak,Watchlist only,36,0.0,0.0,-0.0,19.3,1,,Consumer Cyclical,14567534.0,84.64
EUDAW,EUDA Health Holdings Limited,0.035,8,12,5,9,3,2,3,42,-6.0,40.0,Weak,Watchlist only,25,31.6,-23.9,7.3,50.9,0,,nan,nan,36872.47
NRCD,Nashville Records Inc,0.052,7,3,10,9,3,2,3,37,0.0,40.0,Weak,Watchlist only,38,0.0,0.0,-0.0,5.7,0,,Communication Services,5216641.0,4.94
ESWW,Environmental Solutions Worldwide Inc,0.055,12,6,11,8,6,2,3,48,-13.0,40.0,Weak,🔥 COILED: Watchlist only,48,0.0,0.0,0.4,100.0,0,,Consumer Cyclical,7460.0,18.27
LSBCF,"LakeShore Biopharma Co., Ltd",0.067,9,4,4,12,3,5,5,42,-5.0,40.0,Weak,Watchlist only,27,-4.3,-4.3,0.8,52.2,1,,Healthcare,2761250.0,14470.63
CTTH,CTT Pharmaceutical Holdings Inc,0.08,13,8,9,5,6,2,3,46,-6.0,40.0,Weak,Watchlist only,64,5.3,2.7,4.8,56.0,0,,Healthcare,4692978.0,41518.82
HALL,Hallmark Financial Services Inc,0.08,14,5,6,8,6,4,5,48,-8.0,40.0,Weak,Watchlist only,45,0.0,0.0,2.0,72.9,1,,Financial Services,145478.0,328.32
HALLQ,HALLQ,0.08,12,5,6,8,3,4,5,43,-3.0,40.0,Weak,Watchlist only,44,0.0,0.0,2.0,73.0,0,,nan,nan,405.74
BBLC,Blockchain Loyalty Corp,0.09,16,12,7,13,4,7,5,64,-27,40,Weak,Watchlist only,61,30.6,28.6,40.3,62.5,2,,Financial Services,9153991.0,5542.77
ZAIRF,Zinc8 Energy Solutions Inc,0.086,17,4,7,17,6,4,5,60,-20,40,Weak,Watchlist only,64,186.3,243.6,88.1,85.1,3,10,nan,4490745.0,7174.02
TCSG,"The Container Store Group, Inc.",0.09,8,11,2,8,4,2,3,38,4.0,40.0,Weak,Watchlist only,35,12.5,0.0,5.7,55.5,1,,Consumer Cyclical,nan,209216.0
TPBTF,Betmakers Technology Group Ltd,0.127,10,4,9,9,4,3,3,42,-5.0,40.0,Weak,Watchlist only,33,0.0,0.0,-0.7,1.2,1,,Consumer Cyclical,141771728.0,34.48
SIOLY,Sino-Ocean Group Holding Ltd ADR,0.142,3,8,4,10,4,4,5,38,2.0,40.0,Weak,Watchlist only,32,14.0,-14.0,1.8,49.9,1,,Real Estate,89921504.0,2606.62
EEGUF,Empire Energy Group Limited,0.193,9,7,7,8,3,3,5,42,-5.0,40.0,Weak,Watchlist only,43,7.1,7.1,1.8,52.9,1,,Energy,290328672.0,4368.7
SRGZ,Star Gold Corp,0.19,14,8,5,11,5,4,5,52,-12.0,40.0,Weak,Watchlist only,68,3.9,-7.1,8.4,64.5,0,,Basic Materials,36420456.0,29690.07
FTRCF,The FUTR Corporation,0.156,7,13,4,7,8,2,2,43,-3.0,40.0,Weak,Watchlist only,29,28.2,0.4,3.3,51.4,2,,Technology,23289012.0,12096.87
HGTXU,Hugoton Royalty Trust,0.19,2,13,5,10,3,0,2,35,4.0,40.0,Weak,Watchlist only,21,-5.0,-9.5,-6.3,42.3,0,,Energy,7600000.0,42237.87
CANOF,California Nanotechnologies Corp,0.192,10,16,2,7,6,2,5,48,-11.0,40.0,Weak,🔥 COILED: Watchlist only,36,14.4,-3.4,5.2,53.5,1,,Basic Materials,8210694.0,27911.38
PHKIF,Poly Property Group Co. Limited,0.24,6,3,10,9,1,5,3,37,0.0,40.0,Weak,Watchlist only,21,0.0,0.0,-0.1,0.2,0,,Real Estate,919185600.0,350.24
LEMIF,Leading Edge Materials Corp,0.202,6,17,4,10,4,2,5,48,-6.0,40.0,Weak,Watchlist only,43,11.6,2.0,5.6,53.8,1,,Basic Materials,45459084.0,52017.83
GECSF,Global Education Communities Corp.,0.22,5,9,6,9,3,3,5,40,-3.0,40.0,Weak,Watchlist only,24,4.8,4.8,1.3,51.3,1,,Consumer Defensive,15103730.0,3787.48
DMCUF,Domestic Metals Corp.,0.21,12,12,9,12,4,4,5,58,-18.0,40.0,Weak,Watchlist only,42,10.5,16.4,6.4,54.6,3,,Basic Materials,15102336.0,77044.28
JUNS,"Jupiter Neurosciences, Inc. Common Stock",0.238,6,15,5,9,3,2,5,45,-3.0,40.0,Weak,Watchlist only,16,3.9,-6.7,-6.3,41.8,1,,Healthcare,10334939.0,2076117.22
CGUIF,Casino Guichard-Perrachon Société Anonyme,0.291,15,5,6,16,5,6,5,58,-18.0,40.0,Weak,Watchlist only,46,5.8,5.8,4.7,99.7,1,,Consumer Defensive,91019008.0,41.01
INXSF,Intouch Insight Ltd,0.25,12,4,2,10,6,6,3,43,-3.0,40.0,Weak,Watchlist only,53,4.2,-10.7,-0.9,50.0,2,,Technology,6395754.0,5595.37
RCHN,Rouchon Industries Inc,0.27,3,15,5,8,3,2,2,38,2.0,40.0,Weak,Watchlist only,31,1.9,1.9,-2.1,45.2,1,,Industrials,6152132.0,56128.22
BDLND,Badlands Resources Inc.,0.26,11,5,2,14,6,2,5,45,-5.0,40.0,Weak,Watchlist only,48,-4.2,-33.4,0.7,53.0,1,,Basic Materials,838676.0,2284.5
CLSKW,"CleanSpark, Inc. Warrant",0.34,11,14,4,6,7,5,5,52,-10.0,40.0,Weak,Watchlist only,47,7.9,14.6,5.4,53.8,2,,nan,nan,218780.44
BMTLF,BeMetals Corp,0.38,10,9,5,8,6,2,2,42,-5.0,40.0,Weak,Watchlist only,62,4.2,-6.9,-0.5,53.2,2,,Basic Materials,11185154.0,1197.28
FLOD,Flowery Gold Mines Co,0.37,7,3,10,7,3,4,3,37,0.0,40.0,Weak,Watchlist only,42,0.0,0.0,-0.0,30.2,0,,Basic Materials,2808830.0,299.72
AMGRF,AMA Group Limited,0.449,15,6,7,9,4,1,5,47,-7.0,40.0,Weak,Watchlist only,42,0.0,0.0,4.6,65.9,1,,Consumer Cyclical,216186176.0,830.43
KAIFF,Kairos Minerals Limited,0.412,9,3,8,10,5,4,3,42,-5.0,40.0,Weak,Watchlist only,43,6.9,3.7,1.5,53.7,2,,Basic Materials,96189768.0,4711.15
BZAIW,"Blaize Holdings, Inc. Warrants",0.4,10,6,4,7,5,2,5,39,0.0,40.0,Weak,Watchlist only,43,0.0,37.9,5.8,52.7,2,,nan,6519961.0,70970.96
SBNY,Signature Bank,0.49,5,10,3,13,5,2,2,40,2.0,40.0,Weak,Watchlist only,29,4.2,8.9,-0.1,48.0,1,,Financial Services,59825336.0,90028.88
PEBBF,PEBBF,0.546,8,3,10,9,3,1,3,37,0.0,40.0,Weak,Watchlist only,28,0.0,0.0,-0.0,5.3,0,,nan,76090248.0,31.75
OBSJF,Obrascón Huarte Lain S.A,0.576,12,6,10,9,6,2,3,48,-13.0,40.0,Weak,🔥 COILED: Watchlist only,52,0.0,0.0,0.1,100.0,0,,Industrials,796704832.0,809.49
PSBKF,Postal Savings Bank of China Co. Ltd,0.669,9,6,11,9,6,6,3,50,-13.0,40.0,Weak,Watchlist only,59,0.0,0.0,0.0,94.7,0,,Financial Services,88100069376.0,859.96
HNATF,Primary Hydrogen Corp,0.743,15,12,8,6,5,4,5,55,-13.0,40.0,Weak,Watchlist only,53,19.1,9.7,13.2,55.8,2,,Basic Materials,3655020.0,6190.35
LGMK,LogicMark Inc,0.75,8,6,4,12,6,2,5,43,-3.0,40.0,Weak,Watchlist only,50,-28.6,-16.7,-11.7,46.4,0,,Healthcare,657453.0,4244.95
RECAF,Reconnaissance Energy Africa Ltd,0.817,7,8,5,8,7,2,5,42,-5.0,40.0,Weak,Watchlist only,48,-2.2,-6.3,-0.5,49.7,1,,Energy,314495136.0,910485.43
BKFCF,Bank of Communications Co. Ltd,0.92,15,5,7,10,6,2,5,50,-13.0,40.0,Weak,Watchlist only,63,0.0,0.0,1.0,99.7,0,,Financial Services,74958995456.0,0.0
GURNF,"Gurunavi, Inc.",0.932,8,3,10,9,3,1,3,37,0.0,40.0,Weak,Watchlist only,30,0.0,0.0,-0.0,6.3,0,,Communication Services,52568884.0,27.07
NXLLF,Nuix Limited,1.0,7,3,10,7,3,4,3,37,0.0,40.0,Weak,Watchlist only,35,0.0,0.0,-0.0,10.8,0,,Technology,338752096.0,345.73
DLTI,DLT Resolution Inc,0.96,8,7,5,10,7,4,2,43,-3.0,40.0,Weak,Watchlist only,51,-1.0,6.7,-0.1,49.7,2,,Technology,79792528.0,0.0
PLTXF,Plantx Life Inc.,0.011,13,7,5,11,1,5,5,47,-10.5,39.5,Poor,Stay away,41,37.5,37.5,23.8,56.6,2,,Consumer Cyclical,114580.0,5136.0
AMSLF,Australian Mines Limited,0.026,18,8,14,11,6,2,5,64,-20.5,39.5,Poor,Stay away,71,37.6,37.6,32.4,74.6,2,,Basic Materials,37746936.0,50652.72
STTX,Stratex Oil & Gas,0.004,16,7,6,16,7,9,5,66,-26.8,39.2,Poor,Stay away,58,21.2,60.0,22.4,57.5,4,,Energy,517220.0,0.0
GBXI,GBX International Group Inc,0.001,16,5,6,7,4,4,3,45,-5.8,39.2,Poor,Stay away,44,0.0,175.0,26.2,61.1,2,,Communication Services,154948.0,2284.22
PTLKF,PT Lippo Karawaci Tbk,0.01,5,4,10,7,3,2,3,34,0.0,39.0,Poor,🔥 COILED: Stay away,37,0.0,0.0,-0.0,44.7,0,,Healthcare,35438660.0,971.5
TNPH,Tian'an Pharmaceutical Co Ltd,0.01,5,3,10,9,3,3,3,36,0.0,39.0,Poor,Stay away,34,0.0,0.0,-1.0,34.2,0,,Healthcare,8400000.0,3471.55
FNNZF,Fincanna Capital Corp,0.003,6,4,11,7,3,2,3,36,0.0,39.0,Poor,Stay away,50,0.0,0.0,0.0,58.1,0,,Financial Services,2888416.0,3561.14
SRBCF,Sirona Biochem Corp,0.005,8,6,10,9,3,2,3,41,-5.0,39.0,Poor,Stay away,40,0.0,0.0,-0.0,38.7,1,,Healthcare,1634865.0,2928.0
BMSPF,Biomass Secure Power Inc,0.002,9,4,10,10,3,1,3,40,0.0,39.0,Poor,Stay away,40,0.0,0.0,-0.1,44.7,0,,Basic Materials,1375836.0,9947.19
MEDH,MedX Holdings Inc,0.002,13,11,7,15,6,2,5,59,-16.0,39.0,Poor,Stay away,63,12.5,12.5,14.8,57.1,3,,Consumer Defensive,1035748.0,707721.98
EMPHF,Empatho Holdings Inc.,0.004,7,7,11,9,0,2,3,39,-5.0,39.0,Poor,🔥 COILED: Stay away,42,0.0,0.0,0.0,51.9,1,,Technology,362379.0,40.0
HERF,Red Oak Hereford Farms Inc,0.008,7,12,11,13,3,8,5,59,-16.0,39.0,Poor,Stay away,44,5.0,5.0,3.8,58.9,2,,Consumer Defensive,306860.0,843.51
FCHS,First Choice Healthc,0.004,7,7,11,8,3,2,3,41,-5.0,39.0,Poor,Stay away,30,0.0,0.0,0.0,50.0,1,,Healthcare,131833.0,2477.05
MTST,MetaStat Inc,0.001,12,7,10,12,6,4,3,54,-18.0,39.0,Poor,Stay away,57,0.0,0.0,4.1,100.0,1,,Healthcare,5877.0,231.38
LHUAF,Lianhua Supermarket Holdings Co. Ltd,0.018,8,3,10,8,3,1,3,36,0.0,39.0,Poor,Stay away,26,0.0,0.0,-0.0,9.3,0,,Consumer Cyclical,60308460.0,75.85
FGRTF,FingerTango Inc.,0.012,8,4,10,9,3,2,3,39,-5.0,39.0,Poor,🔥 COILED: Stay away,36,0.0,0.0,-0.0,48.1,1,,Communication Services,23208864.0,150.0
CPIHF,Champion Technology Holdings Ltd,0.016,5,4,9,7,4,2,3,34,0.0,39.0,Poor,🔥 COILED: Stay away,36,0.0,0.0,0.0,50.0,0,,Energy,17561838.0,0.43
PSUD,Petrosun Inc,0.016,13,6,5,14,3,0,3,44,-5.0,39.0,Poor,Stay away,61,-7.1,-9.2,-4.4,49.4,1,,Energy,11970975.0,49443.31
VZTCF,Vaultz Capital Plc,0.02,5,6,10,7,3,2,3,36,0.0,39.0,Poor,Stay away,32,0.0,0.0,-0.0,4.3,0,,Financial Services,4259819.0,0.0
PRPI,Perpetual Industries Inc,0.012,10,7,11,13,6,4,3,54,-18.0,39.0,Poor,Stay away,38,0.0,0.0,5.1,86.6,1,,Industrials,1439120.0,2427.06
YOOIF,YANGAROO Inc,0.02,4,4,10,7,3,5,3,36,0.0,39.0,Poor,Stay away,38,0.0,0.0,-0.6,42.2,0,,Communication Services,1271529.0,2355.0
VLTMF,Voltage Metals Corp,0.011,8,3,10,8,3,1,3,36,0.0,39.0,Poor,Stay away,33,0.0,0.0,-0.0,0.8,0,,Basic Materials,1228158.0,2842.82
INSSF,Inspire Semiconductor Holdings Inc.,0.011,11,6,7,9,3,1,5,42,-8.0,39.0,Poor,🔥 COILED: Stay away,22,0.0,0.0,1.3,71.1,1,,Technology,794173.0,1600.9
BLFR,Bluefire,0.012,5,8,10,9,3,1,3,39,-3.0,39.0,Poor,Stay away,18,0.0,0.0,-1.3,44.0,1,,Financial Services,299098.0,2442.33
ANGHW,Anghami Inc. Warrants,0.012,11,5,2,9,5,6,5,43,-5.0,39.0,Poor,Stay away,34,-2.3,-2.3,-5.6,46.9,1,,nan,nan,32595.45
BLGVF,Belgravia Hartford Capital Inc,0.022,3,9,10,12,4,2,2,42,-3.0,39.0,Poor,Stay away,33,0.0,2.4,0.6,49.2,1,,Financial Services,2534063.0,147537.75
BZFDW,BuzzFeed,0.028,11,6,3,7,4,3,2,36,0.0,39.0,Poor,Stay away,41,7.8,87.8,19.9,54.7,2,,nan,nan,39790.83
AZURF,Azincourt Uranium Inc,0.04,8,12,5,7,4,4,2,42,-3.0,39.0,Poor,Stay away,48,11.4,1.0,1.2,49.6,2,,Energy,5614244.0,32551.39
SCDA,B-Scada Inc,0.031,13,4,11,4,6,5,3,46,-12.0,39.0,Poor,🔥 COILED: Stay away,48,0.0,0.0,0.4,60.5,0,,Technology,16257.0,335.5
TRRE,Terra Energy Res,0.044,16,3,6,8,3,5,5,46,-7.0,39.0,Poor,Stay away,56,9.7,1.9,12.2,61.9,0,,Real Estate,16344678.0,4978.8
XTCYF,Xtacy Therapeutics Corp.,0.046,7,7,11,9,4,2,3,43,-7.0,39.0,Poor,Stay away,43,0.0,0.0,0.0,62.1,1,,Financial Services,617674.0,2884.93
ARCXF,ArcelorMittal South Africa Ltd,0.059,8,3,10,9,3,5,3,41,-5.0,39.0,Poor,Stay away,26,0.0,0.0,-0.0,34.2,1,,Basic Materials,73618504.0,23.56
CKALF,CKALF,0.06,15,4,6,12,6,4,5,52,-13.0,39.0,Poor,Stay away,66,0.0,71.4,18.1,100.0,2,,Basic Materials,64736940.0,1112.5
UEEC,United Health Products Inc,0.06,2,14,3,10,5,0,5,39,2.0,39.0,Poor,Stay away,30,0.0,9.1,0.6,49.6,1,,Healthcare,15623135.0,139469.35
SRQRF,SRQ Resources Inc.,0.056,13,7,10,13,6,2,3,54,-18.0,39.0,Poor,Stay away,47,0.0,0.0,1.0,99.8,1,,Basic Materials,3546714.0,779.53
INIS,International Isotopes Inc,0.07,6,5,8,11,4,0,2,36,0.0,39.0,Poor,Stay away,32,-12.5,-12.5,-5.9,44.6,0,,Healthcare,37039124.0,75030.81
COLRF,China Medical & HealthCare Group Limited,0.08,8,3,9,7,4,2,3,36,0.0,39.0,Poor,Stay away,38,0.0,0.0,-0.0,0.0,0,,Healthcare,80842432.0,12.0
BRNHF,Broncus Holding Corporation,0.08,8,4,10,9,3,2,3,39,-5.0,39.0,Poor,🔥 COILED: Stay away,36,0.0,0.0,-0.0,48.1,1,,Healthcare,42126324.0,300.0
GWBK,Gateway Bank F.S.B.,0.071,12,9,11,4,8,3,5,52,-13.0,39.0,Poor,Stay away,49,1.6,1.6,1.1,55.7,2,,Financial Services,19190786.0,109400.38
TORVF,Saint Jean Carbon Inc,0.09,18,7,7,16,6,9,5,68,-30,39,Poor,Stay away,63,47.3,47.3,46.5,78.0,2,,Basic Materials,24919244.0,214065.94
CBVTF,Cobra Venture Corporation,0.09,10,6,11,7,0,2,3,39,-5.0,39.0,Poor,🔥 COILED: Stay away,47,0.0,0.0,0.0,50.0,1,,Energy,216671.0,0.0
PDSSF,Paradise Entertainment Limited,0.092,17,6,5,8,6,2,5,49,-10.0,39.0,Poor,Stay away,0,32.9,32.9,19.6,49.4,2,,Consumer Cyclical,96390696.0,0.0
ORFDF,Orefinders Resources Inc,0.092,4,6,5,9,8,3,2,37,2.0,39.0,Poor,Stay away,56,2.1,-1.6,-1.2,46.8,1,,Basic Materials,22747468.0,78913.76
HLRTF,Hillcrest Energy Technologies Ltd,0.122,16,12,10,5,9,3,5,60,-19.0,39.0,Poor,Stay away,54,8.9,4.3,5.2,56.3,1,,Technology,23581498.0,135712.72
OPTBF,Oriental Petroleum and Minerals Corporation,0.11,7,3,9,9,4,1,3,36,0.0,39.0,Poor,Stay away,32,0.0,0.0,-0.0,0.0,0,,Healthcare,11363033.0,14041.5
VUVAF,Texton Property Fund Ltd Accum.Units ZAR,0.136,8,3,9,8,3,2,3,36,0.0,39.0,Poor,Stay away,31,0.0,0.0,-0.0,0.0,0,,Real Estate,nan,7145.05
SHPHF,Sihuan Pharmaceutical Holdings Group Ltd,0.186,12,6,11,8,3,6,3,49,-13.0,39.0,Poor,Stay away,59,0.0,0.0,0.0,85.6,0,,Healthcare,1897284608.0,508.25
RRDMF,Royal Road Minerals Limited,0.15,7,12,2,7,4,2,2,36,-1.0,39.0,Poor,Stay away,37,25.0,-6.1,0.8,50.3,2,,Basic Materials,44207752.0,32713.64
CLDI,Calidi Biotherapeutics Inc.,0.169,6,12,6,9,3,2,3,41,-3.0,39.0,Poor,Stay away,23,-0.1,-2.9,-2.8,43.7,2,,Healthcare,3261733.0,1765664.51
FUFUW,BitFuFu Inc. Warrant,0.159,1,13,3,8,8,2,2,37,4.0,39.0,Poor,Stay away,33,6.3,-26.7,-10.3,40.4,0,,nan,nan,19938.97
IMUC,ImmunoCellular Therapeutics Ltd,0.21,15,2,4,9,5,3,5,43,-4.0,39.0,Poor,Stay away,68,-1.9,1.0,10.1,55.1,0,,Healthcare,26565600.0,6785.43
CAFZF,Canaf Investments Inc,0.239,15,3,7,9,6,4,3,47,-13.0,39.0,Poor,🔥 COILED: Stay away,55,0.0,0.0,0.1,84.4,0,,Basic Materials,11334860.0,3512.5
PCYN,Procyon Corporation,0.201,6,3,10,11,3,5,3,41,-5.0,39.0,Poor,Stay away,54,0.0,0.0,-0.6,20.5,1,,Healthcare,1636266.0,662.53
CNRFF,Consorcio ARA S. A. B. de C. V.,0.25,12,6,11,7,6,2,3,47,-13.0,39.0,Poor,🔥 COILED: Stay away,49,0.0,0.0,0.2,99.2,0,,Consumer Cyclical,303795712.0,1649.49
VLAI,VLAI,0.29,8,3,9,9,3,1,3,36,0.0,39.0,Poor,Stay away,25,0.0,0.0,-0.0,0.0,0,,Technology,1116694.0,23.44
ALFUW,Centurion Acquisition Corp. Warrant,0.28,18,8,5,14,3,6,5,59,-20,39,Poor,Stay away,62,115.4,45.7,26.8,67.3,2,10,nan,nan,21518.22
WLTNF,Wilton Resources Inc,0.305,13,2,6,13,6,1,5,46,-7.0,39.0,Poor,Stay away,56,0.0,-4.7,3.6,63.9,1,,Energy,24940058.0,1476.38
SBBSF,Sabana Shariah Compliant Industrial Real Estate Investment Trust,0.364,20,4,6,7,1,6,5,49,-13.0,39.0,Poor,Stay away,49,7.7,7.7,4.2,87.2,0,,Real Estate,445850272.0,0.0
SRCGF,Spruce Ridge Resources Ltd,0.353,20,11,8,10,4,3,5,61,-27,39,Poor,Stay away,54,45.7,25.7,26.1,69.6,3,,Basic Materials,61705880.0,122663.55
BMTLD,BeMetals Corp.,0.38,10,9,4,8,6,2,2,41,-5.0,39.0,Poor,Stay away,58,4.2,-6.9,-0.5,53.2,2,,Basic Materials,10733214.0,1187.28
ZLDAF,Zelira Therapeutics Limited,0.35,11,7,11,5,6,6,3,49,-15.0,39.0,Poor,🔥 COILED: Stay away,44,0.0,0.0,0.1,57.5,1,,Healthcare,4834861.0,231.01
RNGTW,Range Capital Acquisition Corp II Warrants,0.36,14,4,8,14,3,4,5,52,-13.0,39.0,Poor,Stay away,28,0.0,0.0,2.7,84.2,0,,nan,nan,0.0
DHAWF,DHAWF,0.41,5,4,9,7,4,2,3,34,0.0,39.0,Poor,🔥 COILED: Stay away,35,0.0,0.0,0.0,50.0,0,,Real Estate,287475872.0,0.54
FULO,FullNet Communications Inc,0.4,10,4,3,12,3,2,5,39,0.0,39.0,Poor,Stay away,46,-11.1,-2.4,-2.9,48.5,0,,Communication Services,8426000.0,0.0
YOUL,Youlife Group Inc. American Depositary Shares,0.464,4,12,1,9,3,6,2,37,4.0,39.0,Poor,Stay away,15,-5.0,-13.6,-19.4,44.2,1,,Consumer Defensive,37575368.0,878982.73
SFES,Safeguard Scientifics Inc,0.489,6,8,4,12,4,3,5,42,-3.0,39.0,Poor,Stay away,23,-0.2,-0.2,1.1,47.3,1,,Financial Services,8194267.0,25010.14
UNHRF,UNHRF,0.51,6,4,9,8,3,1,3,34,0.0,39.0,Poor,🔥 COILED: Stay away,36,0.0,0.0,-0.0,50.8,0,,Real Estate,316253824.0,605.0
AROAF,AROAF,0.52,15,5,6,11,4,6,5,52,-13.0,39.0,Poor,Stay away,58,0.0,0.0,5.9,90.7,0,,Healthcare,180311808.0,1996.03
BECVY,BEC World PCL ADR,0.53,6,3,10,9,3,2,3,36,0.0,39.0,Poor,Stay away,32,0.0,0.0,-0.0,0.0,0,,Communication Services,119393552.0,0.0
NFGRF,BeijingWest Industries International Limited,0.561,10,3,10,9,4,2,3,41,-5.0,39.0,Poor,Stay away,38,0.0,0.0,-0.0,34.5,1,,Consumer Cyclical,605371584.0,301.25
PBSV,Pharma-Bio Serv Inc,0.57,17,5,5,4,6,7,5,49,-10.0,39.0,Poor,Stay away,43,16.3,7.5,3.8,59.4,0,,Healthcare,13053964.0,0.0
SBDCF,SBD Capital Corp,0.591,7,6,10,7,4,2,3,39,-5.0,39.0,Poor,🔥 COILED: Stay away,41,0.0,0.0,0.0,50.0,1,,Consumer Defensive,1437016.0,1126.04
AINHF,Ai-Media Technologies Limited,0.6,7,6,10,7,4,2,3,39,-5.0,39.0,Poor,🔥 COILED: Stay away,38,0.0,0.0,0.0,50.0,1,,Communication Services,126196912.0,0.0
HGHAF,High Arctic Energy Services Inc,0.641,4,3,10,9,5,5,3,39,0.0,39.0,Poor,Stay away,44,0.2,-1.2,-0.8,34.5,1,,Energy,8138750.0,2171.0
IPDN,Professional Diversity Network Inc,0.636,3,13,8,9,4,2,5,44,-3.0,39.0,Poor,Stay away,19,3.7,-0.9,-3.2,44.0,2,,Industrials,6697494.0,581575.36
CSPKF,COSCO SHIPPING Ports Limited,0.69,4,7,4,7,3,8,3,36,0.0,39.0,Poor,Stay away,20,0.0,0.0,-0.4,18.1,0,,Industrials,2774944768.0,0.0
ATTRF,Ascott Residence Trust,0.739,10,4,10,5,4,6,3,42,-8.0,39.0,Poor,🔥 COILED: Stay away,41,0.0,0.0,-0.0,42.4,0,,Real Estate,2840918784.0,35.33
YSASF,YesAsia Holdings Limited,0.768,7,4,11,8,3,2,3,38,-2.0,39.0,Poor,Stay away,47,0.0,0.0,0.0,63.8,0,,Consumer Cyclical,320639680.0,163.75
CJIMF,Gunpoint Exploration Ltd,0.75,12,6,11,10,6,6,3,54,-18.0,39.0,Poor,Stay away,58,0.0,0.0,0.0,93.6,1,,Basic Materials,44827448.0,290.0
NNRRF,NRC Group ASA,0.839,15,5,7,10,6,4,5,52,-13.0,39.0,Poor,Stay away,56,0.0,0.0,2.4,100.0,0,,Industrials,192700192.0,117.0
XPL,Solitario Exploration & Royalty Corp,0.809,5,10,8,10,2,2,2,39,-3.0,39.0,Poor,Stay away,58,2.4,-5.9,-0.5,47.7,2,,Basic Materials,75319728.0,333884.64
CCDSF,Carrier Connect Data Solutions Inc.,0.873,9,5,8,8,0,5,4,39,0.0,39.0,Poor,Stay away,32,-0.3,3.9,0.0,50.1,0,,nan,nan,0.0
IDCBF,Industrial and Commercial Bank of China,0.91,17,5,6,6,6,8,3,51,-12.0,39.0,Poor,Stay away,60,2.2,3.4,2.3,61.8,0,,Financial Services,424376664064.0,0.0
GGNPF,PT Gudang Garam Tbk,0.96,15,6,6,9,6,2,3,47,-13.0,39.0,Poor,🔥 COILED: Stay away,53,0.0,0.0,0.4,99.8,0,,Consumer Defensive,1616233984.0,0.0
ITGDF,Integral Diagnostics Limited,1.0,8,4,9,8,3,1,3,36,0.0,39.0,Poor,Stay away,26,0.0,0.0,-0.0,0.0,0,,Healthcare,373066528.0,6.58
BBOP,Bebop Channel Corp,1.0,8,3,10,7,3,2,3,36,0.0,39.0,Poor,Stay away,36,0.0,0.0,-0.0,0.0,0,,Communication Services,8733041.0,4.5
RWGI,Rodedawg International Industries Inc,0.019,15,6,3,15,9,2,5,55,-14.5,38.5,Poor,Stay away,56,26.7,-16.7,33.4,61.0,1,,Consumer Cyclical,2563442.0,83860.05
ACMNF,ACMNF,0.01,8,3,9,7,3,2,3,35,0.0,38.0,Poor,Stay away,32,0.0,0.0,-0.0,0.0,0,,Basic Materials,24349914.0,8.0
MLMN,Millennium Prime Inc,0.003,8,4,10,9,3,1,3,38,-5.0,38.0,Poor,🔥 COILED: Stay away,42,0.0,0.0,-0.2,47.2,1,,Consumer Defensive,16196193.0,0.0
KRCLF,King River Resources Ltd,0.01,12,6,11,6,3,2,3,43,-10.0,38.0,Poor,🔥 COILED: Stay away,51,0.0,0.0,0.0,50.0,0,,Basic Materials,14735870.0,270.0
MDBIF,Medibio Limited,0.003,10,6,6,7,3,1,3,36,-3.0,38.0,Poor,🔥 COILED: Stay away,32,0.0,0.0,0.2,78.8,0,,Healthcare,2999603.0,86.9
MKGP,Maverick Energy Group Ltd,0.009,12,6,8,14,5,0,3,48,-8.0,38.0,Poor,Stay away,59,0.0,2.3,9.2,59.3,1,,Energy,1384884.0,93168.61
GBBLF,Global Energy Ventures Ltd,0.001,8,3,9,8,3,1,3,35,0.0,38.0,Poor,Stay away,27,0.0,0.0,-0.0,0.0,0,,Energy,1353939.0,27000.0
ECWDF,ECWDF,0.002,9,6,10,7,1,2,3,38,-5.0,38.0,Poor,🔥 COILED: Stay away,45,0.0,0.0,0.0,50.0,1,,Real Estate,1214757.0,95.0
SLGWQ,SLGWQ,0.003,8,4,10,8,3,2,3,38,-5.0,38.0,Poor,🔥 COILED: Stay away,38,0.0,0.0,0.0,50.0,1,,Healthcare,1038227.0,329.32
HUMT,Humatech Inc,0.009,13,4,12,14,4,1,5,53,-15.0,38.0,Poor,Stay away,63,1.1,1.1,7.8,81.5,2,,Basic Materials,841700.0,5987.66
INNX,Infinite Networks Corporation,0.001,13,7,10,12,6,2,3,53,-18.0,38.0,Poor,Stay away,50,0.0,0.0,1.5,99.6,1,,Financial Services,738811.0,7622.53
WEGOF,Wescan Goldfields Inc,0.004,9,4,10,7,3,1,3,37,-2.0,38.0,Poor,Stay away,37,0.0,0.0,0.0,60.3,0,,Basic Materials,269305.0,64.0
AJOY,Ayujoy Herbals Ltd,0.002,5,3,10,9,3,2,3,35,0.0,38.0,Poor,Stay away,20,0.0,0.0,-0.0,6.6,0,,Consumer Defensive,136730.0,12097.27
RGBPP,Regen BioPharma Inc,0.004,14,12,4,11,7,2,5,55,-18.0,38.0,Poor,Stay away,29,-23.6,44.8,5.5,50.9,3,,Healthcare,123184.0,169684.43
LNNTF,Linius Technologies Limited,0.001,8,5,9,7,4,2,3,38,-5.0,38.0,Poor,🔥 COILED: Stay away,32,0.0,0.0,-0.0,45.0,1,,Technology,101111.0,160107.44
FLWBF,Flow Beverage Corp,0.001,7,6,10,9,3,2,3,40,-5.0,38.0,Poor,Stay away,33,0.0,0.0,-0.0,9.4,1,,Consumer Defensive,95383.0,4296.64
NOURF,Northern Minerals Limited,0.02,14,8,1,11,9,0,3,46,-8.0,38.0,Poor,Stay away,41,-10.9,-11.3,-1.6,49.9,0,,Basic Materials,261866816.0,1304334.5
XERI,Xeriant Inc,0.018,14,6,1,7,5,0,5,38,0.0,38.0,Poor,Stay away,55,-21.7,-10.0,-6.1,49.3,0,,Industrials,16643005.0,1948752.5
DROR,Dror Ortho-Design Inc.,0.011,16,7,6,15,3,11,5,63,-25.0,38.0,Poor,Stay away,54,46.7,52.8,31.6,64.3,2,,Consumer Cyclical,10746968.0,34448.74
CANN,General Cannabis Corp,0.018,6,10,2,12,5,3,5,43,-5.0,38.0,Poor,Stay away,13,11.8,-17.8,-3.0,48.7,2,,Healthcare,2071696.0,146981.77
SNNC,Sibannac Inc,0.014,10,12,4,13,8,4,2,53,-18.0,38.0,Poor,Stay away,56,27.3,27.3,11.0,51.9,3,,Healthcare,1220054.0,136207.52
CMMMF,Comstock Metals Ltd,0.017,3,4,10,10,3,5,3,38,0.0,38.0,Poor,Stay away,21,0.0,0.0,-4.4,3.2,0,,Basic Materials,501456.0,0.0
GGROW,Gogoro Equity Warrant Exp 4th April 2027,0.012,15,9,7,15,6,11,5,68,-28,38,Poor,Stay away,48,43.9,66.2,53.7,83.5,2,,nan,nan,19136.44
ATCHW,Calculator New Pubco Inc,0.015,6,5,7,11,5,0,5,39,-2.0,38.0,Poor,Stay away,37,0.7,-6.2,3.7,53.8,1,,nan,nan,0.0
INVU,Investview Inc,0.021,5,9,2,13,5,2,5,41,-3.0,38.0,Poor,Stay away,21,2.4,0.0,-1.3,41.6,2,,Technology,39497428.0,1164151.76
LTESF,LEET Inc.,0.03,17,4,6,12,6,6,5,56,-18.0,38.0,Poor,Stay away,54,0.0,0.0,23.2,100.0,0,,Communication Services,4532887.0,255.75
RGTLF,Argent BioPharma Limited,0.025,10,7,5,9,1,4,2,38,-3.0,38.0,Poor,Stay away,22,0.0,0.0,6.0,53.7,1,,Healthcare,2777739.0,1372.57
BRVO,Bravo Multinational Inc,0.03,9,5,4,13,4,3,5,43,-5.0,38.0,Poor,Stay away,42,20.0,-11.8,2.1,51.4,1,,Communication Services,1429230.0,19306.35
GGXXF,GGX Gold Corp,0.028,1,7,8,9,3,3,2,33,0.0,38.0,Poor,🔥 COILED: Stay away,22,0.0,-25.9,-16.5,42.3,0,,Basic Materials,1075042.0,0.0
EDNSF,Eden Research plc,0.035,5,4,9,8,3,1,3,33,0.0,38.0,Poor,🔥 COILED: Stay away,27,0.0,0.0,0.0,50.0,0,,Basic Materials,28117706.0,1000.0
GOGR,Go Green Global Tech,0.04,12,14,7,11,6,4,3,57,-15,38,Poor,Stay away,57,100.0,0.0,25.7,58.8,0,11,Industrials,3599251.0,46236.98
ELIXF,Elixxer Ltd,0.034,7,8,11,9,3,1,3,42,-7.0,38.0,Poor,Stay away,37,0.0,0.0,0.0,66.5,1,,Healthcare,3191312.0,576.68
GNRGF,General Copper Gold Corp.,0.038,13,6,11,10,6,2,3,51,-18.0,38.0,Poor,🔥 COILED: Stay away,47,0.0,0.0,1.6,100.0,1,,Basic Materials,2010688.0,306.0
ARYMF,Argosy Minerals Limited,0.043,3,7,5,8,3,2,5,33,2.0,38.0,Poor,Stay away,31,0.0,-9.5,-7.5,44.6,0,,Basic Materials,67474120.0,29841.6
JMPHF,Leveljump Healthcare Corp,0.043,8,3,10,7,3,1,3,35,0.0,38.0,Poor,Stay away,35,0.0,0.0,-0.3,6.7,0,,Healthcare,34705796.0,15.0
FEERF,Freeport Resources Inc,0.05,6,5,7,12,1,2,5,38,-5.0,38.0,Poor,🔥 COILED: Stay away,39,6.2,2.7,-0.4,49.1,1,,Basic Materials,18987268.0,89999.26
VPRB,VPR Brands LP,0.044,11,4,3,10,5,0,5,38,0.0,38.0,Poor,Stay away,56,-2.2,-26.7,-6.9,48.9,0,,Consumer Defensive,4036859.0,34551.01
UNRG,United Energy Corp,0.065,14,7,5,15,6,2,5,54,-14.0,38.0,Poor,Stay away,53,7.3,-9.2,9.5,60.4,1,,Energy,36223724.0,599632.22
WBSR,Webstar Technology Group Inc,0.065,7,5,9,10,4,0,2,37,-2.0,38.0,Poor,Stay away,29,-2.8,-2.8,-1.5,47.8,0,,Technology,26361308.0,46542.03
SNYXF,Vital Energy Inc,0.07,8,3,9,8,3,1,3,35,0.0,38.0,Poor,Stay away,30,0.0,0.0,-0.0,0.0,0,,Energy,5788998.0,337.5
BTGRF,BTS Group Holdings Public Company Limited,0.074,8,3,10,7,3,1,3,35,0.0,38.0,Poor,Stay away,28,0.0,0.0,-0.0,0.0,0,,Industrials,1193323008.0,326.38
MNNGF,Affluent Partners Holdings Limited,0.075,8,7,11,5,3,6,3,43,-10.0,38.0,Poor,🔥 COILED: Stay away,0,0.0,0.0,0.0,50.6,0,,Consumer Cyclical,69919056.0,0.0
TGOLF,Thunder Gold Corp.,0.085,6,4,4,12,5,2,5,38,2.0,38.0,Poor,Stay away,49,-3.6,-23.6,-3.9,48.1,0,,Basic Materials,23999832.0,96581.13
IVRO,Invitro International,0.086,12,10,9,15,5,2,4,57,-19.0,38.0,Poor,Stay away,40,14.1,14.1,6.2,60.9,3,,Healthcare,1905440.0,18837.36
ANORF,ANORF,0.1,17,7,2,17,7,5,5,60,-20,38,Poor,Stay away,75,65.8,65.8,58.0,73.9,3,10,Basic Materials,18164254.0,23393.65
SWLFF,Silver Wolf Exploration Ltd,0.092,5,12,3,9,5,2,2,38,2.0,38.0,Poor,Stay away,27,6.1,1.4,-0.3,48.2,1,,Basic Materials,5701657.0,50679.08
DMIIR,Drugs Made In America Acquisition II Corp. Right,0.091,14,8,3,6,1,7,4,43,-8.0,38.0,Poor,Stay away,0,3.4,12.6,4.2,51.7,2,,nan,nan,0.0
CCGDF,China Cinda Asset Management Co. Ltd,0.134,8,3,9,8,3,1,3,35,0.0,38.0,Poor,Stay away,29,0.0,0.0,-0.0,0.0,0,,Financial Services,5102598144.0,99.15
MNDDF,Monde Nissin Corporation,0.12,5,3,10,9,3,2,3,35,0.0,38.0,Poor,Stay away,33,0.0,0.0,-0.0,0.0,0,,Consumer Defensive,2156233216.0,155.0
DALQF,D&L Industries Inc,0.106,5,4,9,8,3,1,3,33,0.0,38.0,Poor,🔥 COILED: Stay away,26,0.0,0.0,0.0,50.0,0,,Basic Materials,757142976.0,2.04
GTCDF,Getty Copper Inc,0.132,14,15,4,6,3,2,3,47,-14.0,38.0,Poor,Stay away,49,13.0,1.8,6.2,61.5,1,,Basic Materials,42643712.0,5584.87
CHMMF,Chimeric Therapeutics Limited,0.1,15,6,10,6,3,2,3,45,-15.0,38.0,Poor,🔥 COILED: Stay away,48,0.0,0.0,1.4,50.0,1,,Healthcare,5472807.0,450.0
SPKTF,Spectra Products Inc,0.13,5,4,9,8,3,1,3,33,0.0,38.0,Poor,🔥 COILED: Stay away,27,0.0,0.0,0.0,50.0,0,,Consumer Cyclical,1697223.0,400.0
CCCP,Crona Corp.,0.1,10,4,10,8,1,2,3,38,-5.0,38.0,Poor,🔥 COILED: Stay away,44,0.0,0.0,-0.0,43.0,1,,Communication Services,708760.0,127.15
ESLAW,Estrella Immunopharma Inc.,0.122,12,8,7,11,1,2,3,44,-6.0,38.0,Poor,Stay away,59,-6.2,10.9,6.3,52.4,2,,Healthcare,nan,0.0
PTHRF,Pantheon Resources Plc,0.19,10,7,2,11,3,2,2,37,0.0,38.0,Poor,Stay away,51,-13.7,-21.7,-5.0,48.1,0,,Energy,284290976.0,711905.34
HOFBF,Hofseth BioCare ASA,0.167,7,6,10,8,3,1,3,38,-5.0,38.0,Poor,🔥 COILED: Stay away,39,0.0,0.0,0.0,50.0,1,,Consumer Defensive,65819620.0,3037.5
POWMF,POWMF,0.19,16,6,3,7,0,5,3,40,-2.0,38.0,Poor,Stay away,49,10.0,10.0,4.4,65.5,2,,nan,21454092.0,805.99
TFLM,TFLM,0.17,12,9,11,6,3,4,3,48,-13.0,38.0,Poor,Stay away,35,0.0,0.0,0.0,59.5,1,,Technology,1005130.0,582.46
QSJC,"Tancheng Group Co., Ltd.",0.165,11,6,9,9,6,6,3,50,-15.0,38.0,Poor,Stay away,40,0.0,0.0,0.1,86.6,1,,Consumer Cyclical,723394.0,21.13
AKOBF,AKOBF,0.203,5,7,11,7,3,2,3,38,-5.0,38.0,Poor,🔥 COILED: Stay away,51,0.0,0.0,0.0,51.8,1,,Basic Materials,46546248.0,40.0
CITLF,Critical Infrastructure Technologies Ltd.,0.24,14,7,3,6,6,7,5,48,-10.0,38.0,Poor,Stay away,28,27.1,17.8,14.2,54.3,2,,Technology,29171654.0,11475.58
ACITF,Asian Citrus Holdings Limited,0.2,8,7,9,8,1,2,3,38,-5.0,38.0,Poor,🔥 COILED: Stay away,38,0.0,0.0,-0.0,45.0,1,,Consumer Defensive,2980105.0,1950.0
CSTWF,Constellation Acquisition Corp I,0.2,16,5,5,5,5,3,2,41,-8.0,38.0,Poor,🔥 COILED: Stay away,43,11.2,100.0,0.1,50.2,2,,nan,nan,0.0
QSEAR,Quartzsea Acquisition Corporation,0.209,7,10,3,10,8,0,5,43,-6.0,38.0,Poor,Stay away,42,4.4,-22.7,-1.8,49.3,0,,nan,nan,0.0
CMWCF,Cromwell Property Group,0.252,8,3,10,7,3,1,3,35,0.0,38.0,Poor,Stay away,28,0.0,0.0,-0.0,0.0,0,,Real Estate,661001984.0,51.9
LRRLF,Gorilla Gold Mines Ltd,0.255,3,3,9,7,3,7,3,35,0.0,38.0,Poor,Stay away,32,0.0,0.0,-2.1,2.0,0,,Basic Materials,186826528.0,770.95
WHYRF,West High Yield (W.H.Y.) Resources Ltd,0.27,16,11,5,11,4,5,5,57,-20.0,38.0,Poor,Stay away,30,22.7,22.7,19.3,68.2,3,,Basic Materials,32626476.0,9721.87
QNICF,Québec Nickel Corp,0.25,17,4,8,12,4,6,5,56,-18.0,38.0,Poor,Stay away,60,0.0,0.0,7.8,92.9,1,,Basic Materials,4383605.0,1195.97
MDIYF,Mr D.I.Y. Group (M) Berhad,0.355,8,3,10,7,3,1,3,35,0.0,38.0,Poor,Stay away,30,0.0,0.0,-0.0,21.4,0,,Consumer Cyclical,3363556352.0,98.17
NZMEF,NZME Limited,0.35,5,4,9,8,3,1,3,33,0.0,38.0,Poor,🔥 COILED: Stay away,0,0.0,0.0,0.0,50.0,1,,Communication Services,65863564.0,0.0
MDDVF,Medical Developments International Limited,0.37,9,3,5,7,4,4,3,35,0.0,38.0,Poor,Stay away,37,0.0,0.0,-0.0,21.2,0,,Healthcare,41683580.0,148.56
JGSHF,JG Summit Holdings Inc,0.441,17,4,5,10,6,4,5,51,-13.0,38.0,Poor,Stay away,0,1.8,1.8,3.8,100.0,0,,Industrials,6727519744.0,0.0
TGDLF,Tongdao Liepin Group,0.483,8,3,10,7,3,1,3,35,0.0,38.0,Poor,Stay away,27,0.0,0.0,-0.0,0.0,0,,Industrials,221970384.0,33.25
MDCX,Medicus Pharma Ltd. Common Stock,0.458,14,13,9,14,4,3,5,62,-27,38,Poor,Stay away,33,37.4,22.3,32.5,68.4,3,,Healthcare,22555614.0,2522984.44
GEBRF,Greenbriar Capital Corp,0.466,18,10,6,16,5,6,5,66,-24,38,Poor,Stay away,67,79.2,16.5,36.4,61.7,3,5,Utilities,20399142.0,6579.01
SUPCF,Supalai Public Company Limited,0.549,7,4,11,7,3,2,3,37,-2.0,38.0,Poor,Stay away,38,0.0,0.0,0.0,60.9,0,,Real Estate,1036651264.0,0.84
SRCAF,Stria Lithium Inc,0.56,7,4,11,7,3,5,3,40,-5.0,38.0,Poor,Stay away,52,0.0,0.0,0.0,56.9,1,,Basic Materials,23292710.0,2134.92
GLKFF,Raise Production Inc,0.58,9,3,9,8,3,3,3,38,-3.0,38.0,Poor,Stay away,45,0.0,0.0,0.0,80.0,0,,Industrials,18394208.0,1071.45
GCTS-WT,"GCT Semiconductor Holding, Inc. WT",0.584,17,11,4,6,8,3,5,54,-19,38,Poor,Stay away,60,66.8,24.2,36.4,68.0,2,8,nan,nan,91255.32
FRWDF,Fairwood Holdings Limited,0.638,8,3,10,7,3,1,3,35,0.0,38.0,Poor,Stay away,28,0.0,0.0,-0.0,0.1,0,,Consumer Cyclical,82654680.0,137.5
HNRDF,Hansard Global Plc,0.61,11,6,11,9,6,2,3,48,-13.0,38.0,Poor,Stay away,54,0.0,0.0,0.1,99.7,0,,Financial Services,83292488.0,0.0
CWLPF,The Caldwell Partners International Inc,0.63,3,8,8,10,4,3,2,38,0.0,38.0,Poor,Stay away,37,-4.5,-3.1,-2.5,40.1,0,,Industrials,18584266.0,0.0
IOFNF,Iofina plc,0.69,20,5,6,15,6,5,5,62,-24.0,38.0,Poor,Stay away,66,7.8,16.9,8.5,69.8,3,,Basic Materials,132382296.0,4267.53
ITRE,IntriEnergy Inc,0.65,5,4,9,8,3,1,3,33,0.0,38.0,Poor,🔥 COILED: Stay away,27,0.0,0.0,0.0,50.0,0,,Utilities,nan,7.85
PVFPF,Partners Value Investments Inc.,0.768,17,4,6,10,6,4,4,51,-13.0,38.0,Poor,Stay away,65,3.7,3.7,2.5,100.0,0,,Financial Services,nan,14.25
GGRP,"The Glimpse Group, Inc.",0.831,14,5,9,11,5,3,3,50,-13.0,38.0,Poor,Stay away,51,-2.6,1.4,6.4,57.3,1,,Technology,18023034.0,252023.01
FABFF,FABFF,0.83,7,6,9,9,3,1,3,38,-3.0,38.0,Poor,Stay away,37,0.0,0.0,0.0,77.0,0,,Basic Materials,7768400.0,79.18
TIANF,Tianneng Power International Limited,0.915,12,6,11,6,3,2,3,43,-10.0,38.0,Poor,🔥 COILED: Stay away,52,0.0,0.0,0.0,50.0,0,,Consumer Cyclical,1030291328.0,10.0
IMXCF,IMAX China Holding Inc,0.917,7,3,10,8,3,1,3,35,0.0,38.0,Poor,Stay away,30,0.0,0.0,-0.0,0.1,0,,Communication Services,310397376.0,403.22
YDKG,Yueda Digital Holding,0.924,10,4,4,14,3,2,5,42,-5.0,38.0,Poor,Stay away,52,0.4,2.6,1.4,52.0,2,,Communication Services,5107311.0,477015.3
ESPT,"Espre Technologies, Inc.",0.9,8,3,9,8,3,1,3,35,0.0,38.0,Poor,Stay away,31,0.0,0.0,-0.0,0.0,0,,Technology,4768201.0,32.91
AVCTF,Avacta Group Plc,1.0,4,5,8,8,6,5,2,38,-5.0,38.0,Poor,🔥 COILED: Stay away,43,0.0,0.0,-1.0,44.8,1,,Healthcare,468548192.0,5219.28
CONC,ConectiSys Corporation,1.0,9,6,10,9,4,2,3,43,-8.0,38.0,Poor,Stay away,34,0.0,0.0,0.0,79.1,1,,Financial Services,888579.0,4.51
WTSYX,Wisdomtree Digital Trust - Digital Short-Term Treasury Fund,1.0,13,12,3,6,4,2,3,43,-10.0,38.0,Poor,🔥 COILED: Stay away,32,0.0,0.0,0.2,52.5,0,,nan,nan,0.0
HUBCW,Hub Cyber Security Ltd. Warrant 2/27/28,0.02,16,10,6,9,9,7,5,62,-24.2,37.8,Poor,Stay away,46,43.6,107.2,47.3,79.2,2,,Technology,nan,308178.93
FBGI,First Shares Bancorp Inc,0.001,5,3,10,8,3,2,3,34,0.0,37.0,Poor,Stay away,29,0.0,0.0,-0.0,0.0,0,,Consumer Cyclical,30703528.0,437.5
MRLLF,Minera IRL Limited,0.009,15,4,7,14,6,4,5,55,-18.0,37.0,Poor,Stay away,56,0.0,0.0,19.9,99.9,1,,Basic Materials,2057101.0,38171.82
ENCC,Encompass Compliance Corp,0.007,2,13,8,9,3,2,5,42,-3.0,37.0,Poor,Stay away,30,4.3,-2.7,-4.3,47.6,1,,Financial Services,974516.0,699492.31
ABSOF,ABS-CBN Holdings Corporation,0.01,5,6,9,7,3,1,3,34,0.0,37.0,Poor,Stay away,20,0.0,0.0,-3.0,21.7,0,,Financial Services,922826.0,8183.34
CNNA,Cann American Corp,0.003,17,9,2,16,7,5,5,61,-20,37,Poor,Stay away,64,57.9,76.5,36.1,54.7,3,10,Healthcare,628000.0,268442.05
VGGIF,Boosh Plant-Based Brands Inc,0.002,5,5,10,9,3,2,3,37,-5.0,37.0,Poor,🔥 COILED: Stay away,42,0.0,0.0,-0.0,42.0,1,,Consumer Defensive,507368.0,450.0
DMIFF,Diamcor Mining Inc,0.002,3,3,10,7,3,5,3,34,0.0,37.0,Poor,Stay away,14,0.0,0.0,-10.5,21.6,0,,Basic Materials,421597.0,22669.7
SMGI,SMG Industries Inc,0.001,6,5,10,7,4,6,3,41,-7.0,37.0,Poor,Stay away,40,0.0,0.0,-0.0,69.9,1,,Energy,348471.0,0.0
SGOO,Snoogoo Corp,0.002,15,6,12,9,3,2,3,50,-18.0,37.0,Poor,🔥 COILED: Stay away,51,0.0,0.0,1.5,93.5,1,,Financial Services,302797.0,2609.99
TRII,Trio Resources Inc,0.001,4,6,11,8,3,2,3,37,0.0,37.0,Poor,Stay away,21,0.0,18.2,1.2,47.5,2,,Consumer Defensive,235676.0,45093.42
GOOLF,Aquarius AI Inc,0.001,8,6,9,7,4,2,3,39,-5.0,37.0,Poor,Stay away,41,0.0,0.0,-0.0,20.2,1,,Financial Services,131937.0,1000.0
ZCARW,Zoomcar Holdings Inc,0.006,4,7,8,11,4,2,4,40,-1.0,37.0,Poor,Stay away,30,25.5,-13.2,-1.6,48.9,1,,nan,nan,0.0
DGGXF,DigitalX Limited,0.015,12,7,6,5,8,2,2,42,-8.0,37.0,Poor,Stay away,25,0.0,42.9,5.3,51.5,2,,Technology,22327662.0,45503.6
ROSN,Rosinbomb,0.014,3,10,0,13,5,6,2,39,-5.0,37.0,Poor,Stay away,31,1.5,5.4,-10.9,44.1,2,,Industrials,5890385.0,385026.51
RLTR,Reeltime Rentals Inc,0.015,15,8,8,14,7,3,5,60,-23.0,37.0,Poor,Stay away,56,19.5,15.9,12.8,57.4,3,,Communication Services,1911471.0,189914.4
PTEFF,Pioneering Technology Corp,0.02,17,4,8,14,6,6,5,60,-23.0,37.0,Poor,Stay away,60,0.0,0.0,20.8,98.4,1,,Industrials,1120834.0,3018.94
CUBXF,CubicFarm Systems Corp,0.02,7,7,11,9,3,1,3,41,-7.0,37.0,Poor,Stay away,43,0.0,0.0,0.0,61.7,1,,Industrials,789791.0,2506.93
ABLVW,Able View Global Inc. Warrant,0.019,2,3,6,11,3,2,5,32,2.0,37.0,Poor,Stay away,28,-3.0,-3.0,-0.5,49.1,0,,nan,nan,41007.85
CLCFF,Christina Lake Cannabis Corp,0.023,1,5,4,13,3,2,2,30,2.0,37.0,Poor,Stay away,31,-11.5,-14.8,-4.9,45.7,0,,Healthcare,5706152.0,36543.0
AMNC,Amincor Inc,0.026,13,6,12,11,6,1,3,52,-18.0,37.0,Poor,Stay away,43,0.0,0.0,2.2,99.8,1,,Consumer Defensive,885373.0,650.47
OARFF,Fort St. James Nickel Corp,0.023,7,6,10,7,3,1,3,37,-5.0,37.0,Poor,🔥 COILED: Stay away,31,0.0,0.0,0.0,50.0,1,,Basic Materials,598460.0,89.8
BCCEF,BacTech Environmental Corporation,0.036,6,10,4,13,5,2,2,42,-5.0,37.0,Poor,Stay away,50,13.4,-9.0,-5.9,42.7,2,,Industrials,8634686.0,61031.01
ALRGF,Antler Gold Inc,0.031,7,6,10,7,3,1,3,37,-5.0,37.0,Poor,🔥 COILED: Stay away,35,0.0,0.0,0.0,50.0,1,,Basic Materials,2843008.0,52.5
GODZF,Goldhills Holding Ltd,0.04,15,6,10,9,6,1,3,50,-18.0,37.0,Poor,🔥 COILED: Stay away,46,0.0,0.0,0.4,100.0,1,,Basic Materials,1258079.0,62.83
JAXAF,Jaxsta Limited,0.05,15,6,11,10,3,2,3,50,-18.0,37.0,Poor,🔥 COILED: Stay away,46,0.0,0.0,0.7,100.0,1,,Technology,74096312.0,2256.48
BYOGD,BYOGD,0.048,15,6,11,8,3,4,3,50,-18.0,37.0,Poor,🔥 COILED: Stay away,58,0.0,0.0,10.7,99.8,1,,Energy,47269840.0,342.1
BYOGF,Bounty Oil & Gas NL,0.048,15,6,11,8,3,4,3,50,-18.0,37.0,Poor,🔥 COILED: Stay away,58,0.0,0.0,13.4,99.8,1,,Energy,2498561.0,342.1
YMAIF,Yoma Strategic Holdings Ltd,0.056,6,3,10,7,3,2,3,34,0.0,37.0,Poor,Stay away,30,0.0,0.0,-0.0,0.0,0,,Industrials,133756248.0,0.0
ARTM,American Nortel Communications Inc,0.054,15,10,8,18,6,4,5,66,-30,37,Poor,Stay away,65,28.4,54.4,31.1,71.7,3,,Communication Services,4963729.0,9663.5
ATMH,All Things Mobile Analytic Inc,0.058,3,4,3,10,6,6,2,34,0.0,37.0,Poor,Stay away,38,0.0,-0.2,-2.4,45.1,0,,Technology,2767576.0,6659.5
MYSEW,"Myseum, Inc.",0.07,14,10,8,13,3,3,5,56,-24,37,Poor,Stay away,39,55.6,89.2,47.5,67.5,3,5,nan,nan,4589.69
MMMPF,Mermaid Maritime Public Company Limited,0.078,5,3,10,8,3,2,3,34,0.0,37.0,Poor,Stay away,36,0.0,0.0,-0.0,38.5,0,,Energy,147477968.0,75.0
MRIRF,BMEX Gold Inc,0.08,6,3,10,7,4,6,3,39,-5.0,37.0,Poor,Stay away,35,0.0,0.0,-0.0,31.1,1,,Basic Materials,1340791.0,162.32
HWAL,Hollywall Entertainment Inc,0.09,10,11,1,8,6,4,5,45,-6.0,37.0,Poor,Stay away,51,-25.6,-28.0,-13.8,47.2,1,,Communication Services,12791129.0,127047.5
ENRT,Enertopia Corporatio,0.09,3,10,5,10,3,2,2,35,2.0,37.0,Poor,Stay away,35,19.1,-4.4,-0.7,48.8,0,,Basic Materials,929511.0,8441.12
EONR-WT,EON Resources Inc. WT,0.095,5,10,5,11,4,2,2,39,0.0,37.0,Poor,Stay away,42,-5.2,-5.0,-1.7,49.0,1,,nan,nan,0.0
PVLTF,Beijing Energy International Holding Co. Ltd,0.11,8,3,9,7,3,1,3,34,0.0,37.0,Poor,Stay away,28,0.0,0.0,-0.0,0.0,1,,Utilities,241875088.0,13.5
ROQAF,Roquefort Therapeutics plc,0.134,10,6,3,8,6,2,2,37,-5.0,37.0,Poor,🔥 COILED: Stay away,52,0.0,-7.4,-1.0,50.9,1,,Healthcare,61940832.0,1105.05
COTXF,Coiled Therapeutics plc,0.134,11,6,2,8,6,2,2,37,-5.0,37.0,Poor,🔥 COILED: Stay away,51,0.0,-7.4,-1.0,51.0,1,,Healthcare,57296736.0,1103.05
CYNXF,Cyon Exploration Ltd,0.12,15,6,10,8,6,2,3,50,-18.0,37.0,Poor,🔥 COILED: Stay away,63,0.0,0.0,6.9,100.0,1,,Basic Materials,2699005.0,910.44
BERLF,BERLF,0.139,10,7,5,9,0,2,2,35,2.0,37.0,Poor,Stay away,44,13.0,-12.3,-5.7,42.8,1,,nan,nan,46030.63
SPTJF,Sinopec Shanghai Petrochemical Company Limited,0.155,9,12,9,6,3,3,5,47,-13.0,37.0,Poor,Stay away,22,3.3,3.3,1.6,51.8,2,,Energy,3432020224.0,10486.04
MLMLF,McFarlane Lake Mining Limited,0.157,13,6,4,12,5,0,5,45,-8.0,37.0,Poor,Stay away,60,-3.7,-5.9,4.1,54.9,1,,Basic Materials,66738416.0,403018.4
IREHF,Integrated Research Limited,0.18,8,3,9,10,0,1,3,34,0.0,37.0,Poor,Stay away,19,0.0,0.0,-0.0,0.0,0,,Technology,32506526.0,246.93
NLGCF,Northern Lion Gold Corp,0.178,8,6,11,7,0,2,3,37,-5.0,37.0,Poor,🔥 COILED: Stay away,0,0.0,0.0,0.0,50.0,1,,Basic Materials,3031680.0,0.0
EBYH,Strainsforpains Inc,0.163,4,7,6,11,6,2,3,39,-5.0,37.0,Poor,Stay away,27,0.0,0.0,-0.1,46.5,1,,Healthcare,2408862.0,210.01
CHHL,China Holdings Inc,0.153,12,4,1,12,3,4,5,41,-4.0,37.0,Poor,Stay away,54,-4.4,-17.3,-3.1,50.0,0,,Healthcare,1770799.0,2309969.0
RDZNW,Roadzen Inc,0.18,13,12,6,16,8,2,5,62,-21,37,Poor,Stay away,57,50.0,50.0,36.6,62.7,2,8,nan,nan,25057.22
LODFF,LODFF,0.222,7,16,8,5,5,4,2,47,-13.0,37.0,Poor,Stay away,43,15.0,7.2,6.0,54.9,1,,Basic Materials,13756815.0,50224.35
MTLK,Metalink Ltd,0.21,5,3,10,11,3,2,3,37,0.0,37.0,Poor,Stay away,24,0.0,0.0,-0.3,16.1,0,,Financial Services,263684.0,356.55
ZVLO,zvelo Inc,0.25,18,9,7,16,4,6,5,65,-24,37,Poor,Stay away,63,66.7,66.7,52.6,94.7,3,6,Technology,28649220.0,1400.2
CLMHF,Calgro M3 Holdings Limited,0.28,5,3,10,8,3,2,3,34,0.0,37.0,Poor,Stay away,38,0.0,0.0,-0.0,0.0,0,,Consumer Cyclical,26706568.0,963.0
SIMEF,Sime Darby Property Berhad,0.348,9,6,11,8,4,6,3,47,-13.0,37.0,Poor,Stay away,56,0.0,0.0,0.0,99.8,0,,Real Estate,2370092544.0,50.42
HPDHF,Hopson Development Holdings Limited,0.33,5,4,9,7,3,1,3,32,0.0,37.0,Poor,🔥 COILED: Stay away,26,0.0,0.0,0.0,50.0,0,,Real Estate,1251538560.0,6.6
ORRCF,Oroco Resource Corp,0.302,6,14,8,5,4,2,4,43,-11.0,37.0,Poor,🔥 COILED: Stay away,33,7.9,1.9,6.6,54.3,1,,Basic Materials,98438144.0,616990.49
ARAY,Accuray Incorporated,0.348,4,11,4,11,5,2,5,42,-3.0,37.0,Poor,Stay away,30,2.3,-6.0,-0.4,48.5,1,,Healthcare,41387472.0,1746253.68
KIMO,KIMO,0.33,5,4,9,7,3,1,3,32,0.0,37.0,Poor,🔥 COILED: Stay away,26,0.0,0.0,0.0,50.0,0,,Consumer Defensive,5765972.0,40.0
BEAGR,Bold Eagle Acquisition Corp. Right,0.3,15,8,3,11,5,0,5,47,-10.0,37.0,Poor,Stay away,36,0.0,9.1,7.4,62.4,1,,nan,nan,64330.16
FSHUF,Fu Shou Yuan International Group Limited,0.38,8,3,10,9,0,1,3,34,0.0,37.0,Poor,Stay away,26,0.0,0.0,-0.0,0.0,1,,Consumer Cyclical,863004032.0,130.0
ALXPF,ALXPF,0.394,12,6,11,9,3,1,3,45,-13.0,37.0,Poor,🔥 COILED: Stay away,50,0.0,0.0,0.1,81.1,0,,Basic Materials,41666400.0,737.05
EURKR,Eureka Acquisition Corp Right,0.35,8,15,5,2,8,2,2,42,-6.0,37.0,Poor,Stay away,46,13.7,8.6,3.9,51.1,1,,nan,nan,0.0
EGHAR,EGH Acquisition Corp. Rights,0.39,11,6,8,8,6,0,5,44,-10.0,37.0,Poor,Stay away,51,-7.1,-4.9,0.3,52.0,0,,nan,nan,0.0
GAME,GameSquare Holdings Inc.,0.425,8,7,7,8,5,7,5,47,-8.0,37.0,Poor,Stay away,58,-4.9,1.3,-0.5,49.7,2,,Communication Services,39849216.0,3702951.11
OTMCF,OTMCF,0.42,12,12,3,7,4,2,4,44,-3.0,37.0,Poor,Stay away,49,16.7,-2.3,5.1,54.0,1,,Basic Materials,22460570.0,6820.95
CYDX,Cyduct Diagnostics Inc,0.403,3,3,10,7,3,5,3,34,0.0,37.0,Poor,Stay away,20,0.0,0.0,-6.0,6.1,0,,Healthcare,2112065.0,786.44
BOYAF,Boyaa Interactive International Limited,0.45,8,3,9,8,3,5,3,39,-5.0,37.0,Poor,Stay away,34,0.0,0.0,-0.0,0.8,1,,Communication Services,327673120.0,10.41
HAATF,Haad Thip Public Company Limited,0.484,8,3,9,7,3,1,3,34,0.0,37.0,Poor,Stay away,28,0.0,0.0,-0.0,0.0,0,,Consumer Defensive,194449376.0,155.0
TPTJF,Topps Tiles Plc,0.508,10,3,5,9,3,1,3,34,0.0,37.0,Poor,Stay away,38,0.0,0.0,-0.0,1.7,0,,Consumer Cyclical,99525880.0,16.63
FTBYF,Fortune Bay Corp,0.507,10,12,3,7,7,7,5,51,-14.0,37.0,Poor,Stay away,42,9.5,-8.9,3.7,54.0,1,,Basic Materials,34725916.0,19201.88
AVDWF,Advent-AWI Holdings Inc,0.53,5,4,10,7,3,2,3,34,0.0,37.0,Poor,Stay away,32,0.0,0.0,-0.0,0.0,0,,Consumer Cyclical,14919391.0,0.0
SNOTF,Sinotrans Limited,0.648,10,7,11,6,3,2,3,42,-10.0,37.0,Poor,🔥 COILED: Stay away,50,0.0,0.0,0.0,52.8,0,,Industrials,3207384320.0,0.0
FEZHF,Far East Horizon Limited,0.629,5,4,9,7,3,1,3,32,0.0,37.0,Poor,🔥 COILED: Stay away,26,0.0,0.0,0.0,50.0,0,,Financial Services,2981531648.0,445.0
HKCVF,HK Electric Investments and HK Electric Investments Limited,0.67,10,7,11,6,3,2,3,42,-10.0,37.0,Poor,🔥 COILED: Stay away,42,0.0,0.0,0.0,50.0,0,,Utilities,5920254464.0,32.07
ADCNF,ADCNF,0.65,5,4,9,7,3,1,3,32,0.0,37.0,Poor,🔥 COILED: Stay away,28,0.0,0.0,0.0,50.0,0,,Healthcare,466598304.0,5535.4
PRWYF,Prodways Group SA,0.68,10,3,9,8,3,3,3,39,-5.0,37.0,Poor,Stay away,37,0.0,0.0,-0.0,38.6,1,,Technology,34395424.0,48.0
NCPL,Netcapital Inc,0.694,8,11,2,8,6,2,5,42,-3.0,37.0,Poor,Stay away,41,-15.7,-31.9,-13.8,46.0,1,,Financial Services,5448796.0,3092119.15
SITKF,Sitka Gold Corp,0.749,11,10,3,8,7,2,3,44,-7.0,37.0,Poor,Stay away,62,8.3,-2.4,1.4,51.9,2,,Basic Materials,317031584.0,199733.63
BLMWF,BluMetric Environmental Inc.,0.7,16,11,6,14,4,3,5,59,-22.0,37.0,Poor,Stay away,29,15.9,16.7,9.4,64.1,3,,Industrials,38521308.0,15961.72
CCIIW,Cohen Circle Acquisition Corp. II Warrant,0.75,10,3,9,10,6,2,5,45,-8.0,37.0,Poor,Stay away,53,-1.8,-1.8,0.9,52.9,0,,nan,3795000.0,13886.71
PMTRW,Perimeter Acquisition Corp. I Warrant,0.811,15,6,2,10,5,3,5,46,-9.0,37.0,Poor,Stay away,53,21.0,-9.9,5.9,53.4,0,,nan,nan,0.0
VCUFF,Vizsla Copper Corp,0.88,10,13,9,6,3,4,5,50,-16.0,37.0,Poor,🔥 COILED: Stay away,40,10.8,-2.2,5.0,53.4,1,,Basic Materials,78734872.0,130746.89
SZIHF,Shenzhen International Holdings Limited,0.9,10,7,11,6,3,2,3,42,-10.0,37.0,Poor,🔥 COILED: Stay away,49,0.0,0.0,0.0,50.0,0,,Industrials,2199362048.0,0.0
LGBOF,Lingbao Gold Group Company Ltd.,1.0,10,7,11,6,3,2,3,42,-10.0,37.0,Poor,🔥 COILED: Stay away,50,0.0,0.0,0.0,50.0,0,,Basic Materials,1378772096.0,0.0
TRSNF,TRSNF,1.0,5,4,10,7,3,2,3,34,0.0,37.0,Poor,Stay away,32,0.0,0.0,-0.0,0.0,0,,Utilities,444673792.0,5.0
CPADF,Cookpad Inc,0.977,8,3,9,7,3,1,3,34,0.0,37.0,Poor,Stay away,30,0.0,0.0,-0.0,0.0,0,,Communication Services,70231256.0,177.04
NWINF,Naked Wines plc,0.961,4,5,6,10,6,4,4,39,-5.0,37.0,Poor,Stay away,46,0.1,0.0,-1.5,47.1,1,,Consumer Defensive,63547796.0,3458.77
TRAGF,TeraGo Inc,0.96,15,3,4,7,6,1,3,39,-5.0,37.0,Poor,Stay away,53,0.0,-2.6,3.5,76.8,1,,Communication Services,37454676.0,154.41
FIUXX,First American Funds Inc. - First American Institutional Prime Obligations Fund,1.0,10,7,11,6,3,2,3,42,-10.0,37.0,Poor,🔥 COILED: Stay away,37,0.0,0.0,0.0,54.9,0,,nan,nan,0.0
VYAXX,Voya Funds Trust - Government Money Market Fund Series II,1.0,17,9,5,8,4,4,3,50,-13.0,37.0,Poor,Stay away,41,0.0,0.0,0.0,86.4,0,,nan,nan,0.0
NWMH,National Waste Management Holdings Inc,0.01,17,4,6,10,6,2,5,50,-16.2,36.8,Poor,Stay away,60,0.0,0.0,49.1,50.0,1,,Industrials,689190.0,5759.04
VTLSF,Vitalist Inc.,0.645,17,16,3,14,6,4,5,65,-24.5,36.5,Poor,Stay away,43,7.5,43.7,20.3,60.9,3,,Technology,nan,0.0
RHEPA,RHEPA,0.25,14,4,7,13,6,4,5,53,-16.8,36.2,Poor,Stay away,49,6.4,56.2,21.4,91.9,2,,Healthcare,nan,354.7
GBCMF,Global Bio-chem Technology Group Company Limited,0.005,5,3,10,7,3,2,3,33,0.0,36.0,Poor,Stay away,29,0.0,0.0,-0.0,0.0,0,,Consumer Defensive,83941056.0,0.0
PBLJF,PBLJF,0.001,5,3,10,7,3,2,3,33,0.0,36.0,Poor,Stay away,30,0.0,0.0,-0.0,0.0,0,,Industrials,25909162.0,0.0
BRNGF,Buru Energy Limited,0.01,7,3,10,9,3,1,3,36,0.0,36.0,Poor,Stay away,19,0.0,0.0,-0.4,14.5,0,,Energy,13573054.0,28612.5
CABB,California Business Bank,0.009,10,6,11,6,3,2,3,41,-10.0,36.0,Poor,🔥 COILED: Stay away,48,0.0,0.0,0.0,50.0,0,,Financial Services,7640500.0,170.0
CNGGF,Cann Group Limited,0.003,12,5,4,7,4,0,2,34,2.0,36.0,Poor,Stay away,31,-12.8,126.7,10.6,55.3,2,,Healthcare,5526343.0,1171.1
EZOO,Ezagoo Limited,0.002,5,3,10,7,3,2,3,33,0.0,36.0,Poor,Stay away,31,0.0,0.0,-0.0,0.0,0,,Communication Services,2663041.0,19.06
WFLDF,Wellfield Technologies Inc.,0.007,8,3,9,9,4,2,3,38,-5.0,36.0,Poor,Stay away,37,0.0,0.0,-0.0,3.8,1,,Technology,1472762.0,134.39
ANTCF,Aion Therapeutic Inc,0.002,7,6,11,10,3,1,3,41,-8.0,36.0,Poor,Stay away,42,0.0,0.0,0.0,74.2,1,,Healthcare,1256125.0,2274.63
CBDY,Target Group Inc,0.002,5,4,6,8,1,5,5,34,2.0,36.0,Poor,Stay away,31,0.0,0.0,-0.8,48.0,0,,Healthcare,925539.0,154500.83
GSPRF,Golden Spike Resources Corp.,0.01,3,3,10,8,3,3,3,33,0.0,36.0,Poor,Stay away,19,0.0,0.0,-5.5,24.0,0,,Basic Materials,594351.0,35338.03
FRPMF,Forty Pillars Mining Corp,0.01,7,7,10,8,4,2,3,41,-8.0,36.0,Poor,Stay away,38,0.0,0.0,0.0,71.6,1,,Basic Materials,536007.0,0.01
WOLV,Wolverine Technologies Corp,0.003,7,3,10,8,0,2,3,33,0.0,36.0,Poor,Stay away,31,0.0,0.0,-0.0,27.9,0,,Basic Materials,375673.0,999.0
PMBY,Postd Merchant Banque,0.001,17,4,6,14,6,2,5,54,-18.0,36.0,Poor,Stay away,60,0.0,0.0,21.9,100.0,0,,Industrials,354427.0,3663.38
BVCLF,BATM Advanced Communications Ltd.,0.001,8,6,10,7,3,1,3,38,-5.0,36.0,Poor,Stay away,29,0.0,0.0,-0.1,2.7,1,,Healthcare,340079.0,417.65
TICJ,Tritent International Corp,0.007,11,6,12,9,6,2,3,49,-18.0,36.0,Poor,🔥 COILED: Stay away,44,0.0,0.0,1.1,93.0,1,,Industrials,238351.0,124.78
UPDC,UPD Holding Corp,0.001,15,6,10,7,6,2,3,49,-18.0,36.0,Poor,🔥 COILED: Stay away,45,0.0,0.0,5.0,95.0,1,,Consumer Defensive,194982.0,3603.84
FTIDF,FTIDF,0.001,8,6,10,7,3,1,3,38,-5.0,36.0,Poor,Stay away,23,0.0,0.0,-0.4,3.0,1,,Consumer Cyclical,30265.0,500.5
BFHJ,Beneficial Holdings Inc,0.001,3,3,9,7,3,5,3,33,0.0,36.0,Poor,Stay away,30,0.0,0.0,-15.1,16.4,0,,Financial Services,9408.0,24.95
HENGF,Hengdeli Holdings Limited,0.02,5,3,10,7,3,2,3,33,0.0,36.0,Poor,Stay away,31,0.0,0.0,-0.0,0.0,0,,Industrials,88080384.0,1050.0
PXXXF,PolarX Limited,0.016,12,3,10,9,6,2,4,46,-13.0,36.0,Poor,Stay away,48,0.0,2.5,3.2,83.1,0,,Basic Materials,44145312.0,16183.97
ELXMF,Nova Eye Medical Limited,0.014,13,6,12,7,6,2,3,49,-18.0,36.0,Poor,🔥 COILED: Stay away,38,0.0,0.0,0.9,98.3,1,,Healthcare,4076465.0,65.5
MSTH,Mystic Holdings Inc.,0.011,7,3,10,8,0,2,3,33,0.0,36.0,Poor,Stay away,29,0.0,0.0,-0.0,27.0,0,,Healthcare,1278555.0,577.35
CMLGF,CaNickel Mining Limited,0.02,10,6,11,6,3,2,3,41,-10.0,36.0,Poor,🔥 COILED: Stay away,45,0.0,0.0,0.0,50.0,0,,Basic Materials,750407.0,1330.0
PHCG,Pure Harvest Cannabis Group Inc,0.024,10,10,1,9,6,0,5,41,-3.0,36.0,Poor,Stay away,49,-27.3,-48.9,-21.3,45.7,1,,Healthcare,4308294.0,628702.5
HENI,Hinto Energy Inc,0.024,7,5,5,13,3,5,3,41,-5.0,36.0,Poor,Stay away,29,0.0,0.4,-3.7,20.9,1,,Financial Services,1028704.0,6108.85
BPCP,Bishop Capital Corp,0.03,5,3,10,7,3,2,3,33,0.0,36.0,Poor,Stay away,29,0.0,0.0,-0.0,0.0,0,,Real Estate,245.0,0.0
DYFWF,Dynasty Fine Wines Group Limited,0.038,5,3,10,7,3,2,3,33,0.0,36.0,Poor,Stay away,31,0.0,0.0,-0.0,0.0,0,,Consumer Defensive,54223628.0,0.0
BKUCF,Blue Sky Uranium Corp,0.04,11,7,6,8,3,0,3,38,-5.0,36.0,Poor,Stay away,26,0.0,0.0,-0.4,48.3,1,,Energy,17369246.0,389510.59
MYRLF,Meryllion Resources Corp,0.031,9,6,11,6,4,2,3,41,-10.0,36.0,Poor,🔥 COILED: Stay away,53,0.0,0.0,0.0,50.0,0,,Basic Materials,2733646.0,20.49
PEMC,Pacific Energy & Mining Company,0.04,9,6,11,6,4,2,3,41,-10.0,36.0,Poor,🔥 COILED: Stay away,49,0.0,0.0,0.0,50.0,0,,Energy,966272.0,733.89
ALTNF,Alternus Energy Group plc,0.035,8,3,10,9,3,2,3,38,-5.0,36.0,Poor,Stay away,35,0.0,0.0,-0.0,0.0,1,,Utilities,921400.0,27.72
DGMDF,Digital Domain Holdings Limited,0.044,12,6,11,8,0,6,3,46,-13.0,36.0,Poor,Stay away,28,0.0,0.0,0.0,80.9,0,,Communication Services,351086944.0,2366.05
PRRUF,Immutep Limited,0.05,6,6,8,11,3,1,3,38,-5.0,36.0,Poor,Stay away,13,0.0,0.0,-0.3,33.4,1,,Healthcare,73686072.0,16585.5
BHLIF,Bradda Head Lithium Limited,0.043,12,4,5,9,3,1,2,36,-3.0,36.0,Poor,Stay away,48,0.0,0.0,2.8,74.8,0,,Basic Materials,16796206.0,8002.75
DQWS,DSwiss Inc,0.042,5,3,10,9,3,3,3,36,0.0,36.0,Poor,Stay away,25,0.0,0.0,-2.6,20.0,0,,Consumer Defensive,8689993.0,360.68
AKOM,Aerkomm Inc,0.041,8,6,10,7,3,1,3,38,-5.0,36.0,Poor,Stay away,30,0.0,0.0,-0.2,0.0,1,,Technology,807774.0,52.45
BNTRF,Benton Resources Inc,0.055,10,4,3,8,3,3,5,36,0.0,36.0,Poor,Stay away,31,12.5,7.6,-1.9,49.3,0,,Basic Materials,14322898.0,30949.29
GARWF,Golden Arrow Resources Corp,0.06,11,3,4,10,3,3,4,38,-5.0,36.0,Poor,Stay away,46,0.0,-14.3,-4.4,48.5,1,,Basic Materials,11859161.0,66089.0
NILTF,NILTF,0.065,8,7,5,10,0,2,2,34,2.0,36.0,Poor,Stay away,52,13.0,-7.1,-6.1,44.6,0,,nan,8497768.0,128813.78
NRPI,NRP Stone Inc,0.072,9,11,4,10,8,2,5,49,-13.0,36.0,Poor,Stay away,51,7.1,-23.4,1.3,51.1,1,,Industrials,27995546.0,68289.01
SCYRF,Scryb Inc,0.078,13,5,8,10,6,2,5,49,-13.0,36.0,Poor,Stay away,46,0.0,0.0,1.7,98.9,0,,Financial Services,4405114.0,953.75
TCRI,TechCom Inc,0.087,5,1,10,11,1,0,3,31,0.0,36.0,Poor,Stay away,26,-1.1,-1.1,-0.9,46.6,0,,Financial Services,5654152.0,6911.1
AOXY,Advanced Oxygen Technologies Inc,0.082,9,5,2,8,4,4,2,34,2.0,36.0,Poor,Stay away,45,2.5,-15.5,-5.2,42.3,0,,Real Estate,269988.0,1289.06
ALGGF,Alliance Global Group Inc,0.124,10,6,11,6,3,2,3,41,-10.0,36.0,Poor,🔥 COILED: Stay away,52,0.0,0.0,0.0,50.0,0,,Industrials,1011523904.0,0.0
HPYCF,Happy Creek Minerals Ltd,0.13,8,5,3,7,4,2,5,34,2.0,36.0,Poor,Stay away,35,4.0,4.0,4.5,50.6,1,,nan,35735244.0,34154.25
TRLEF,Trillion Energy International Inc.,0.13,11,4,7,9,3,7,2,43,-5.0,36.0,Poor,Stay away,51,-3.1,-5.7,-0.6,52.4,1,,Energy,8286607.0,80058.2
AATV,Adaptive Ad Systems Inc,0.11,11,3,9,5,4,3,3,38,-10.0,36.0,Poor,🔥 COILED: Stay away,39,0.0,0.0,0.1,52.0,0,,Communication Services,4488894.0,8237.96
CDNMF,Gambier Gold Corp,0.1,15,6,12,8,3,2,3,49,-18.0,36.0,Poor,🔥 COILED: Stay away,48,0.0,0.0,6.9,95.2,1,,Basic Materials,4169920.0,2973.9
MYCB,My City Builders Inc.,0.122,11,6,12,9,6,2,3,49,-18.0,36.0,Poor,🔥 COILED: Stay away,38,0.0,0.0,1.0,94.1,1,,Real Estate,717067.0,39.51
INUMF,Infinitum Copper Corp,0.143,5,11,3,7,3,2,3,34,2.0,36.0,Poor,Stay away,34,-1.4,-1.4,-0.0,47.3,0,,Basic Materials,718306.0,2426.29
AIMDW,Ainos Inc.,0.138,14,13,4,15,6,1,5,58,-20.0,36.0,Poor,Stay away,46,36.4,36.4,18.0,57.6,2,,nan,nan,4381.01
VOLMF,VOLMF,0.136,4,14,3,7,3,0,2,33,0.0,36.0,Poor,Stay away,0,1.8,8.1,4.6,51.3,1,,nan,nan,0.0
CJNHF,China Jinmao Holdings Group Limited,0.152,5,3,10,7,3,2,3,33,0.0,36.0,Poor,Stay away,41,0.0,0.0,-0.0,37.0,0,,Real Estate,2048489984.0,9.79
CJRCF,China Resources Cement Holdings Limited,0.187,5,3,10,7,3,2,3,33,0.0,36.0,Poor,Stay away,28,0.0,0.0,-0.0,11.1,0,,Basic Materials,1418234624.0,83.0
DUSXF,Dustin Group AB (publ),0.17,5,3,10,7,3,2,3,33,0.0,36.0,Poor,Stay away,24,0.0,0.0,-0.0,31.3,0,,Technology,230908064.0,725.5
RPDL,Rapid-Line Inc.,0.195,15,4,8,13,4,5,5,54,-18.0,36.0,Poor,Stay away,43,0.0,0.0,9.8,81.4,1,,Consumer Defensive,708386.0,2774.77
STAI,ScanTech AI Systems Inc. Common stock,0.15,13,3,4,9,5,2,5,41,-5.0,36.0,Poor,Stay away,20,-27.5,0.0,3.1,51.8,1,,Industrials,568232.0,2210432.88
TJSCF,Tianjin Development Holdings Limited,0.232,5,3,10,7,3,2,3,33,0.0,36.0,Poor,Stay away,34,0.0,0.0,-0.0,0.0,0,,Industrials,249419056.0,10.0
SNGCF,Sanu Gold Corp.,0.236,15,13,4,5,6,3,5,51,-13.0,36.0,Poor,Stay away,65,14.8,0.6,9.2,59.9,2,,Basic Materials,100215904.0,105746.95
CYYNF,Cynata Therapeutics Limited,0.222,13,5,9,11,6,2,3,49,-18.0,36.0,Poor,🔥 COILED: Stay away,51,0.0,0.0,0.0,100.0,1,,Healthcare,54168596.0,33.3
BTRAF,Brightstar Resources Limited,0.26,8,8,4,10,3,2,4,39,-3.0,36.0,Poor,Stay away,29,1.7,-3.5,1.1,49.9,1,,Basic Materials,285353984.0,9640.65
FXGDF,FXGDF,0.27,6,3,6,10,4,0,5,34,2.0,36.0,Poor,Stay away,39,-12.9,-12.9,-3.3,49.6,0,,nan,135018352.0,21063.47
GELNF,Gelion plc,0.27,15,4,7,10,4,4,5,49,-18.0,36.0,Poor,🔥 COILED: Stay away,52,3.8,3.8,4.7,84.4,1,,Industrials,61943796.0,529.5
JSDA,Jones Soda Co,0.274,4,11,6,8,3,0,2,34,2.0,36.0,Poor,Stay away,52,-1.4,-2.1,-0.5,48.9,1,,Consumer Defensive,30883038.0,164964.34
RANGR,Range Capital Acquisition Corp. Rights,0.288,8,7,7,7,3,0,3,35,-2.0,36.0,Poor,Stay away,32,-0.7,2.9,0.4,49.7,0,,nan,nan,8943.33
FIGXW,FIGX Capital Acquisition Corp. Warrant,0.3,18,9,7,9,6,8,5,62,-26.0,36.0,Poor,Stay away,57,24.9,24.9,22.0,99.3,2,,nan,nan,0.0
TWOSF,TWOSF,0.312,10,7,9,8,3,2,2,41,-5.0,36.0,Poor,Stay away,38,4.8,6.0,0.9,49.4,1,,Basic Materials,18797998.0,12784.5
JPPSF,Jinmao Property Services Co. Limited,0.373,5,3,10,7,3,2,3,33,0.0,36.0,Poor,Stay away,33,0.0,0.0,-0.0,0.0,0,,Real Estate,336991232.0,13.4
BHCCF,Benchmark Holdings plc,0.366,8,3,10,9,3,2,3,38,-5.0,36.0,Poor,Stay away,37,0.0,0.0,-0.0,0.0,1,,Consumer Defensive,225105232.0,28.0
PCRBF,Pricer AB (publ),0.356,11,5,8,12,3,2,5,46,-13.0,36.0,Poor,Stay away,25,0.0,0.0,0.8,82.6,0,,Industrials,58171952.0,223.0
CAHO,Caro Holdings Inc,0.39,13,4,8,13,6,2,5,51,-18.0,36.0,Poor,Stay away,35,0.0,4.0,2.5,86.5,1,,Industrials,14498565.0,424.85
THFRF,Thai Union Group Public Company Limited,0.43,5,3,10,7,3,2,3,33,0.0,36.0,Poor,Stay away,35,0.0,0.0,-0.0,0.0,0,,Consumer Defensive,1900604288.0,1.56
MNIVF,MNIVF,0.4,8,3,9,9,0,1,3,33,0.0,36.0,Poor,Stay away,26,0.0,0.0,-0.0,0.0,0,,Healthcare,155853936.0,200.0
GENMF,Generation Mining Limited,0.497,20,6,5,14,7,2,5,59,-19.0,36.0,Poor,Stay away,59,19.8,10.7,11.0,60.5,3,,Basic Materials,160393120.0,204613.71
AZASF,Arizona Silver Exploration Inc,0.462,11,11,1,12,5,2,5,47,-11.0,36.0,Poor,Stay away,41,20.9,1.8,8.9,56.4,2,,Basic Materials,52502720.0,94956.71
GIGNF,Genting Singapore Limited,0.52,12,7,11,6,4,1,5,46,-10.0,36.0,Poor,Stay away,22,18.2,4.0,3.6,55.4,0,,Consumer Cyclical,6285797376.0,0.0
YLDGF,Yanlord Land Group Limited,0.525,10,6,11,6,3,2,3,41,-10.0,36.0,Poor,🔥 COILED: Stay away,49,0.0,0.0,0.0,50.0,1,,Real Estate,1013669760.0,1.8
COSAF,Cosa Resources Corp.,0.508,13,14,5,12,8,2,3,57,-22.0,36.0,Poor,Stay away,51,21.1,13.8,12.2,60.1,4,,Basic Materials,60147832.0,51639.5
WDBG,Woodbrook Group Holdings Inc,0.5,15,6,10,7,6,2,3,49,-18.0,36.0,Poor,🔥 COILED: Stay away,56,0.0,0.0,1.9,100.0,1,,Financial Services,70265.0,89.03
WMWWD,West Wits Mining Limited,0.55,13,6,12,9,6,2,3,51,-18.0,36.0,Poor,Stay away,53,0.0,0.0,0.6,95.2,1,,Basic Materials,239085280.0,4817.18
PTZH,Photozou Holdings Inc,0.59,8,3,9,9,4,2,3,38,-5.0,36.0,Poor,Stay away,35,0.0,0.0,-0.0,0.0,1,,Consumer Cyclical,4774329.0,0.44
BDUUF,Bangkok Dusit Medical Services Public Company Limited,0.64,6,3,10,7,3,4,3,36,0.0,36.0,Poor,Stay away,0,0.0,0.0,-0.1,12.9,0,,Healthcare,10170881024.0,0.0
ITHR,"Intelithrive, Inc.",0.618,4,6,4,12,3,2,5,36,0.0,36.0,Poor,Stay away,13,0.0,21.1,-5.8,25.0,2,,Industrials,6321497.0,69.32
CHFFF,China Everbright Environment Group Ltd,0.67,10,3,11,9,6,4,3,46,-13.0,36.0,Poor,Stay away,0,0.0,0.0,0.0,96.7,0,,Industrials,4115793664.0,0.0
NNMTF,Nine Entertainment Co. Holdings Limited,0.67,3,3,9,9,3,3,3,33,0.0,36.0,Poor,Stay away,12,0.0,0.0,-0.9,0.0,0,,Communication Services,1061810496.0,184.5
CCEGF,Carclo plc,0.67,5,3,10,7,3,2,3,33,0.0,36.0,Poor,Stay away,40,0.0,0.0,-0.0,1.0,0,,Consumer Cyclical,48456668.0,90.0
TACHW,Titan Acquisition Corp,0.689,18,4,6,16,5,2,5,56,-20,36,Poor,Stay away,66,145.8,145.8,67.3,92.4,2,10,nan,nan,28317.01
MIPCF,Minor International Public Company Limited,0.7,5,3,10,7,3,2,3,33,0.0,36.0,Poor,Stay away,31,0.0,0.0,-0.0,0.0,0,,Consumer Cyclical,3937202176.0,10.0
GEGYY,Genel Energy PLC ADR,0.7,5,3,10,9,3,5,3,38,-5.0,36.0,Poor,Stay away,28,0.0,0.0,-0.0,17.0,1,,Energy,192899392.0,83.0
VTSYF,Vitasoy International Holdings Limited,0.82,8,7,10,5,6,2,3,41,-8.0,36.0,Poor,Stay away,30,0.0,0.0,-0.0,45.1,0,,Consumer Defensive,834621504.0,0.0
XRPNW,Armada Acquisition Corp. II,0.886,14,5,6,15,7,2,5,54,-16.0,36.0,Poor,Stay away,68,0.1,36.4,17.4,91.9,2,,nan,nan,55941.07
TPHIF,Top Frontier Investment Holdings Inc,0.935,5,3,10,7,3,2,3,33,0.0,36.0,Poor,Stay away,32,0.0,0.0,-0.0,0.0,0,,Industrials,394891040.0,238.5
CGXYF,China Galaxy Securities Co. Ltd,1.0,10,6,11,6,3,2,3,41,-10.0,36.0,Poor,🔥 COILED: Stay away,34,0.0,0.0,0.0,50.0,0,,Financial Services,10934402048.0,0.0
NPACY,Quadient SA ADR,0.95,16,4,5,8,4,7,5,49,-13.0,36.0,Poor,Stay away,29,0.0,6.7,2.3,81.3,1,,Technology,482494944.0,295.59
LNTO,ProConcept Marketing Group Inc.,0.025,16,8,6,16,9,0,5,60,-27.5,35.5,Poor,Stay away,51,47.1,49.7,49.1,70.5,2,,Utilities,4468413.0,338299.15
UNVC,Univec Inc,0.004,18,7,5,12,7,2,5,56,-21,35,Poor,Stay away,61,160.0,105.3,79.0,79.5,4,9,Healthcare,10092387.0,1187471.35
SGCSF,Sacgasco Limited,0.002,5,3,9,7,3,2,3,32,0.0,35.0,Poor,Stay away,19,0.0,0.0,-0.0,0.0,0,,Energy,3786656.0,11250.0
ISDSF,iSIGN Media Solutions Inc,0.01,8,3,10,7,4,2,3,37,-5.0,35.0,Poor,Stay away,37,0.0,0.0,-0.0,0.0,1,,Technology,2319762.0,8859.12
SRVTF,Star Vault AB (publ),0.003,8,3,10,7,0,1,3,32,0.0,35.0,Poor,Stay away,22,0.0,0.0,-0.0,0.0,0,,Communication Services,2135848.0,5185.37
TRKUF,Tarku Resources Ltd,0.005,6,3,10,9,3,3,3,37,-5.0,35.0,Poor,Stay away,43,0.0,0.0,-0.6,15.1,1,,Basic Materials,829529.0,17733.75
VGFCQ,The Very Good Food Company Inc.,0.005,5,4,10,8,3,2,3,35,-5.0,35.0,Poor,🔥 COILED: Stay away,33,0.0,0.0,0.0,50.0,1,,Consumer Defensive,661566.0,1381.44
SCAXF,Sparta Capital Ltd,0.003,17,5,7,14,6,8,5,62,-23.0,35.0,Poor,Stay away,53,30.0,30.0,31.2,92.3,2,,Industrials,648064.0,18819.4
NUVM,NuVim Inc,0.004,8,7,5,8,4,4,2,38,-3.0,35.0,Poor,Stay away,33,0.0,0.0,0.7,49.7,1,,Consumer Defensive,500282.0,10938.65
SCRSF,ScreenPro Security Inc,0.002,7,3,10,9,3,2,3,37,-5.0,35.0,Poor,Stay away,40,0.0,0.0,-0.0,26.2,1,,Healthcare,495833.0,7564.45
CDELF,Candelaria Mining Corp,0.003,5,3,10,9,0,2,3,32,0.0,35.0,Poor,Stay away,32,0.0,0.0,-0.0,0.3,0,,Basic Materials,449618.0,1719.0
DIOSF,Dios Exploration Inc,0.001,8,3,10,7,4,2,3,37,-5.0,35.0,Poor,Stay away,31,0.0,0.0,-0.0,1.6,1,,Basic Materials,142757.0,2999.99
GBHPF,Global Hemp Group Inc,0.005,9,3,10,7,3,2,3,37,-5.0,35.0,Poor,Stay away,36,0.0,0.0,-0.0,35.1,1,,Healthcare,123886.0,2092.5
HAUP,Hauppauge Digital OTC,0.01,8,3,10,9,3,1,3,37,-5.0,35.0,Poor,Stay away,30,0.0,0.0,-0.0,35.9,1,,Technology,104260.0,695.69
CLRD,Clearday Inc,0.003,6,11,6,16,3,3,5,50,-20,35,Poor,Stay away,40,116.7,116.7,65.5,52.6,3,6,Healthcare,68051.0,1158.83
HTHL,Humitech International Group Inc,0.002,13,6,11,5,6,6,3,50,-18.0,35.0,Poor,Stay away,52,0.0,0.0,0.2,77.8,1,,Industrials,9678.0,10.62
BENFW,Beneficient Warrant,0.011,4,3,9,8,4,0,2,30,2.0,35.0,Poor,Stay away,27,0.0,0.0,-0.3,48.9,0,,nan,nan,236146.94
RNWEF,REC Silicon ASA,0.02,13,5,9,7,3,1,5,43,-8.0,35.0,Poor,Stay away,28,0.0,0.0,10.5,73.1,1,,Technology,955509888.0,507.0
NENTY,Nordic Entertainment Group AB (publ),0.012,8,3,9,10,3,1,3,37,-5.0,35.0,Poor,Stay away,23,0.0,0.0,-0.4,33.1,1,,Communication Services,587508544.0,339.78
HLEGF,Helios Energy Limited,0.02,12,6,11,8,3,2,3,45,-13.0,35.0,Poor,Stay away,50,0.0,0.0,0.0,99.9,0,,Energy,77686104.0,600.0
MMTIF,Micromem Technologies Inc,0.016,6,13,1,7,2,2,2,33,2.0,35.0,Poor,Stay away,23,-18.5,-18.5,-0.5,49.0,1,,Technology,12793993.0,433096.18
FMELF,Future Metals NL,0.013,9,6,10,3,4,5,3,40,-10.0,35.0,Poor,🔥 COILED: Stay away,39,0.0,0.0,1.3,73.8,0,,Basic Materials,12267530.0,16820.5
CBULF,Gratomic Inc,0.018,4,5,9,8,3,3,3,35,-5.0,35.0,Poor,🔥 COILED: Stay away,27,0.0,0.0,-5.3,44.4,1,,Basic Materials,3504564.0,0.0
AABVF,Aberdeen International Inc,0.02,3,3,10,7,3,3,3,32,0.0,35.0,Poor,Stay away,24,0.0,0.0,-1.4,30.8,0,,Financial Services,3213925.0,6528.22
BKTPF,Cruz Cobalt Corp,0.018,11,11,7,12,3,2,5,51,-16,35,Poor,Stay away,38,62.7,62.7,54.2,59.6,4,10,Basic Materials,1549101.0,124726.54
TRVN,Trevena Inc,0.011,16,6,5,12,1,0,3,43,-8.0,35.0,Poor,Stay away,34,0.0,0.0,33.6,55.4,1,,Healthcare,9501.0,391.72
JASUF,Jasmine International Public Company Limited,0.025,5,3,10,9,0,2,3,32,0.0,35.0,Poor,Stay away,32,0.0,0.0,-0.0,30.8,0,,Communication Services,207301872.0,10.0
MCRXF,Micro-X Limited,0.03,10,5,5,9,3,0,5,37,-5.0,35.0,Poor,Stay away,27,-3.2,0.0,9.3,53.2,1,,Healthcare,21876988.0,5935.96
RWMI,RegalWorks Media Inc,0.03,2,4,7,12,5,3,2,35,-3.0,35.0,Poor,Stay away,35,0.0,0.0,-14.3,46.2,1,,Consumer Defensive,9089994.0,0.0
CEIN,"Camber Energy, Inc.",0.03,7,4,10,7,3,1,3,35,-3.0,35.0,Poor,Stay away,31,0.0,0.0,-0.1,44.1,1,,Industrials,8453596.0,716230.0
VINZF,VINZF,0.022,1,3,3,8,3,7,5,30,2.0,35.0,Poor,Stay away,32,0.0,0.0,-7.1,46.4,0,,nan,6704384.0,14936.86
FGNV,Forge Innovation Development Corp,0.023,15,6,11,7,4,2,3,48,-18.0,35.0,Poor,🔥 COILED: Stay away,42,0.0,0.0,1.3,100.0,1,,Real Estate,1137280.0,3688.95
MOBNF,M.O.B.A. Network AB (publ),0.025,5,3,10,9,0,2,3,32,0.0,35.0,Poor,Stay away,29,0.0,0.0,-0.0,0.0,0,,Technology,567070.0,455.0
NVSGF,Nevada Sunrise Gold Corporation,0.034,17,5,5,16,5,4,5,57,-22,35,Poor,Stay away,63,68.5,68.5,38.1,71.3,3,8,Basic Materials,5050275.0,163554.55
BWLKF,Boardwalktech Software Corp,0.04,17,6,12,7,8,3,5,58,-23.0,35.0,Poor,Stay away,55,5.3,14.3,6.4,56.8,4,,Technology,2812850.0,30684.69
ATTGF,Auto Italia Holdings Limited,0.044,9,6,10,6,4,2,3,40,-10.0,35.0,Poor,🔥 COILED: Stay away,48,0.0,0.0,0.1,50.0,0,,Real Estate,306113248.0,0.63
IDBHF,Industrias Bachoco S.A.B. de C.V,0.05,6,3,10,7,1,2,3,32,0.0,35.0,Poor,Stay away,30,0.0,0.0,-0.0,0.0,0,,Consumer Defensive,30000000.0,47.64
XTERF,Norvista Capital Corporation,0.042,9,6,10,6,4,2,3,40,-10.0,35.0,Poor,🔥 COILED: Stay away,49,0.0,0.0,0.0,50.0,0,,Basic Materials,4334702.0,16.53
RVBR,Markray Corp,0.06,1,11,3,9,3,4,2,33,4.0,35.0,Poor,Stay away,35,0.0,-16.8,-1.2,48.1,0,,Consumer Defensive,18286062.0,38162.84
MANZF,Manz AG,0.056,8,3,10,9,3,1,3,37,-5.0,35.0,Poor,Stay away,27,0.0,0.0,-0.0,0.0,1,,Technology,578366.0,650.16
NETX,Tradr 2X Long NET Daily ETF,0.06,8,8,4,7,6,0,5,38,-1.0,35.0,Poor,Stay away,27,9.1,9.1,-33.1,30.7,1,,nan,nan,0.0
VRDR,Verde Resources Inc,0.07,8,7,1,7,5,2,3,33,2.0,35.0,Poor,Stay away,47,-6.7,-17.6,-6.5,46.3,0,,Basic Materials,91205976.0,85659.96
HKRHF,3DG Holdings (International) Limited,0.07,8,3,10,9,3,1,3,37,-5.0,35.0,Poor,Stay away,29,0.0,0.0,-0.0,0.0,1,,Consumer Cyclical,18877014.0,5.78
VNTA,Ventana Biotech Inc,0.063,18,3,5,17,6,5,5,59,-22,35,Poor,Stay away,71,70.3,70.3,34.4,97.5,3,6,Financial Services,3388363.0,1850.8
GTGEF,G2 Technologies Corp,0.07,5,4,9,8,4,2,3,35,-5.0,35.0,Poor,🔥 COILED: Stay away,35,0.0,0.0,0.0,50.0,1,,Energy,347281.0,450.0
OGGIF,Orthogonal Global Group Inc,0.074,11,12,2,5,9,2,5,46,-11.0,35.0,Poor,Stay away,56,27.4,-25.9,8.1,53.6,0,,Financial Services,nan,3866.34
UDOCF,Unidoc Health Corp,0.094,13,13,3,12,8,2,2,53,-21.0,35.0,Poor,Stay away,38,27.0,16.0,13.0,54.0,4,,Healthcare,8285861.0,16735.1
AITTF,Trenchant Technologies Capital Corp.,0.098,8,3,9,8,3,3,3,37,-5.0,35.0,Poor,Stay away,34,0.0,0.0,-0.0,35.8,1,,Financial Services,7454910.0,200.0
PMCGF,PT Merdeka Copper Gold Tbk,0.1,5,4,9,8,0,1,3,30,0.0,35.0,Poor,🔥 COILED: Stay away,24,0.0,0.0,0.0,50.0,0,,Basic Materials,2441690112.0,3150.0
ESGLF,EnviroGold Global Limited,0.135,12,7,1,14,0,1,5,40,-3.0,35.0,Poor,Stay away,51,-26.7,8.0,-2.1,50.0,2,,Basic Materials,72934144.0,64993.5
LFHLF,Lai Fung Holdings Limited,0.11,8,4,9,9,3,1,3,37,-5.0,35.0,Poor,Stay away,31,0.0,0.0,-0.0,0.0,1,,Real Estate,36413680.0,2075.0
AGRTF,Bullfrog Gold Corporation,0.12,17,4,6,11,6,1,5,50,-15.0,35.0,Poor,Stay away,67,3.3,9.1,18.5,100.0,2,,Basic Materials,4952388.0,1215.24
TTHG,Titanium Holdings Group Inc,0.13,13,6,11,7,6,2,3,48,-18.0,35.0,Poor,🔥 COILED: Stay away,52,0.0,0.0,0.1,87.2,1,,Industrials,1100407.0,291.5
SSKN,STRATA Skin Sciences Inc,0.14,6,6,5,9,2,2,5,35,-3.0,35.0,Poor,Stay away,22,7.7,-6.7,2.9,50.0,1,,Healthcare,824348.0,1494853.5
SDAWW,SunCar Technology Group Inc.,0.117,17,13,5,11,4,1,5,56,-21,35,Poor,Stay away,62,59.8,59.8,41.5,61.1,3,8,Consumer Cyclical,nan,10058.2
LAFAR,LaFayette Acquisition Corp. Rights,0.1,3,4,3,8,2,7,5,32,0.0,35.0,Poor,Stay away,20,0.0,0.0,-4.6,44.1,0,,nan,nan,0.0
SSHLF,Sunac Services Holdings Limited,0.186,5,3,10,9,0,2,3,32,0.0,35.0,Poor,Stay away,36,0.0,0.0,-0.0,0.2,0,,Real Estate,560780928.0,50.0
GBBYF,Goodbaby International Holdings Limited,0.17,7,4,10,7,3,1,3,35,-3.0,35.0,Poor,Stay away,29,0.0,0.0,0.0,70.7,0,,Consumer Cyclical,284343200.0,30.0
ELVUF,Elevate Uranium Ltd,0.19,7,12,10,5,4,2,5,45,-11.0,35.0,Poor,Stay away,26,18.1,6.1,8.3,54.6,2,,Energy,88557248.0,55963.56
DGNOF,DIAGNOS Inc,0.15,6,6,3,8,4,6,5,38,-3.0,35.0,Poor,Stay away,24,7.1,-6.2,0.3,48.4,1,,Healthcare,18061884.0,115660.58
BDRSF,Borders & Southern Petroleum plc,0.218,18,4,6,15,6,8,5,62,-27,35,Poor,Stay away,65,67.5,67.5,40.3,94.2,3,3,Energy,191803072.0,11971.88
CHHGF,Chen Hsong Holdings Limited,0.231,9,6,10,6,4,2,3,40,-10.0,35.0,Poor,🔥 COILED: Stay away,49,0.0,0.0,0.0,50.0,0,,Industrials,145589744.0,1019.5
MBXBF,Microbix Biosystems Inc.,0.219,18,4,5,13,7,6,5,58,-23.0,35.0,Poor,Stay away,62,17.1,17.1,14.1,74.9,3,,Healthcare,30112752.0,20928.0
SCNLF,Scancell Holdings plc,0.276,13,4,0,7,8,4,2,38,-3.0,35.0,Poor,Stay away,53,12.7,-17.5,-3.4,48.6,1,,Healthcare,311903616.0,2788.48
MNLXF,MiniLuxe Holding Corp,0.258,15,5,6,12,6,1,5,50,-18.0,35.0,Poor,Stay away,53,0.0,0.0,1.8,90.1,1,,Consumer Cyclical,43225716.0,125.0
CLYYF,Celyad Oncology SA,0.25,5,3,10,7,3,1,3,32,0.0,35.0,Poor,Stay away,20,0.0,0.0,-0.7,13.9,0,,Healthcare,11190476.0,55.58
CWVWF,Lithoquest Resources Inc,0.28,13,4,8,12,6,4,5,52,-17.0,35.0,Poor,Stay away,52,0.0,-6.7,8.2,63.0,1,,Basic Materials,5786550.0,7866.54
AAMTF,Armada Mercantile Ltd,0.25,14,6,6,15,6,7,5,59,-24.0,35.0,Poor,Stay away,52,13.6,13.6,11.8,65.4,3,,Financial Services,5251961.0,4107.4
XAGE,"Longevity Health Holdings, Inc.",0.293,2,11,5,8,4,6,2,38,-3.0,35.0,Poor,Stay away,31,12.7,-13.8,-1.0,48.2,1,,Consumer Defensive,725269.0,6673.88
GPATW,GP-Act III Acquisition Corp. Warrants,0.286,18,7,5,15,7,2,5,59,-24,35,Poor,Stay away,60,54.6,54.6,37.8,98.2,2,6,nan,nan,19008.28
BIXIW,Bitcoin Infrastructure Acquisition Corp Ltd. Warrant,0.28,9,8,6,12,6,2,2,45,-13.0,35.0,Poor,Stay away,0,1.8,12.0,0.7,50.2,3,,nan,nan,0.0
GLNLF,Galan Lithium Limited,0.3,10,7,4,7,5,2,5,40,-3.0,35.0,Poor,Stay away,51,13.4,-3.2,-2.9,47.5,2,,Basic Materials,378571488.0,62827.23
PENMF,Peninsula Energy Ltd,0.318,9,6,4,12,0,6,5,42,-5.0,35.0,Poor,Stay away,32,23.3,5.8,3.4,50.5,1,,Energy,174724928.0,0.0
FCLIF,Full Circle Lithium Corp.,0.342,14,11,6,14,5,6,5,61,-24.0,35.0,Poor,Stay away,49,7.9,11.4,9.3,59.5,3,,Basic Materials,33811136.0,53699.35
ALBT,Avalon GloboCare Corp.,0.34,5,9,8,7,2,2,5,38,-3.0,35.0,Poor,Stay away,33,2.1,-3.4,-2.8,46.0,1,,Real Estate,4096201.0,2450543.83
PCAPW,ProCap Acquisition Corp Warrant,0.32,9,6,4,8,3,5,3,38,-3.0,35.0,Poor,Stay away,33,0.0,0.0,-0.2,48.0,0,,nan,nan,16947.27
GRYRF,Geo Energy Resources Limited,0.365,6,2,2,7,5,5,5,32,0.0,35.0,Poor,Stay away,33,0.0,0.0,-3.5,34.2,0,,Energy,649603392.0,1212.79
AMGXF,AnGes Inc,0.36,5,4,9,8,4,2,3,35,-5.0,35.0,Poor,🔥 COILED: Stay away,30,0.0,0.0,0.0,50.0,1,,Healthcare,142504592.0,21.63
BRVVF,Quantum Battery Metals Corp,0.374,4,7,1,9,8,2,5,36,-1.0,35.0,Poor,Stay away,32,25.1,-37.4,-11.0,42.8,2,,Basic Materials,3572973.0,25.75
DMGGF,Dmg Blockchain Solutions Inc,0.442,18,9,6,17,6,3,5,64,-30,35,Poor,Stay away,66,17.6,26.3,29.4,77.2,3,,Financial Services,81922632.0,454701.67
XTRRF,X-Terra Resources Inc,0.4,20,4,3,16,7,4,5,59,-24,35,Poor,Stay away,72,66.7,67.0,40.8,89.4,3,6,Basic Materials,11884381.0,2483.48
BANL,CBL International Limited Ordinary Shares,0.409,6,8,8,7,4,2,3,38,-3.0,35.0,Poor,Stay away,28,3.8,5.2,0.7,48.1,2,,Energy,11229039.0,618238.1
TACOW,Berto Acquisition Corp. Warrant,0.63,11,9,6,13,8,4,5,56,-21.0,35.0,Poor,Stay away,64,-3.1,-8.7,2.2,57.0,1,,nan,1626949.0,42186.27
KBSR,KBS Real Estate Investment Trust III Inc,0.696,9,5,7,10,3,3,2,39,-7.0,35.0,Poor,Stay away,38,0.0,0.0,0.6,61.7,1,,nan,133664400.0,1168.5
TRCK,Track Group Inc,0.74,19,7,4,14,7,2,5,58,-23,35,Poor,Stay away,57,100.0,15.6,29.7,61.2,2,6,Technology,30588040.0,4552.03
ZHEXF,Zhejiang Expressway Co. Ltd,0.86,5,5,8,7,3,1,3,32,0.0,35.0,Poor,Stay away,27,-2.3,-4.4,-1.1,45.6,0,,Industrials,5311571456.0,0.0
SWDHF,Skyworth Group Limited,0.87,10,3,10,8,3,1,3,38,-3.0,35.0,Poor,Stay away,49,0.0,0.0,0.1,79.5,0,,Technology,1927423744.0,40.0
ABVN,ABV Consulting Inc,1.0,10,4,8,8,6,1,3,40,-5.0,35.0,Poor,Stay away,46,0.0,0.0,0.2,56.8,1,,Financial Services,100783000.0,76.46
MONI,World Oil Group,0.004,17,5,5,17,7,4,5,60,-23.5,34.5,Poor,Stay away,70,55.2,45.2,30.8,71.1,2,5,Industrials,3350304.0,1194214.94
ANDMF,Andromeda Metals Limited,0.009,12,4,5,11,4,1,5,42,-8.0,34.0,Poor,Stay away,46,0.0,0.0,10.1,70.7,1,,Basic Materials,42537408.0,7413.86
ITHUF,iAnthus Capital Holdings Inc,0.005,2,6,9,11,4,0,4,36,-3.0,34.0,Poor,Stay away,36,-8.0,-8.0,-2.7,47.5,1,,Healthcare,34862756.0,317090.83
ENZC,Enzolytics Inc,0.001,14,4,5,15,7,3,5,53,-17.0,34.0,Poor,Stay away,62,25.0,11.1,18.7,60.1,3,,Healthcare,4831063.0,10222599.96
PWDY,Powerdyne International Inc,0.002,4,11,4,12,3,4,2,40,-6.0,34.0,Poor,Stay away,22,33.3,0.0,1.5,47.9,1,,Industrials,3595470.0,3368554.52
CCWF,Church & Crawford Inc,0.002,14,5,13,7,8,4,5,56,-22.0,34.0,Poor,Stay away,45,27.8,35.3,18.8,65.4,3,,Energy,2519148.0,45254.09
TVCCF,Three Valley Copper Corp,0.007,2,4,6,8,3,5,3,31,0.0,34.0,Poor,Stay away,25,0.0,-29.0,-10.4,45.7,0,,Basic Materials,798493.0,21025.33
UAPC,United Amern Pete Cp,0.001,10,6,2,11,1,3,3,36,0.0,34.0,Poor,Stay away,47,0.0,9.1,-2.4,49.2,1,,Communication Services,492615.0,205550.35
MYNDF,MYND Lifesciencs Inc,0.008,8,3,9,7,3,3,3,36,-5.0,34.0,Poor,Stay away,30,0.0,0.0,-0.0,24.8,1,,Healthcare,387319.0,466.43
BNIGF,Beroni Group Limited,0.006,8,3,9,7,4,2,3,36,-5.0,34.0,Poor,Stay away,33,0.0,0.0,-0.0,0.0,1,,Healthcare,179982.0,1.08
LGNXZ,Ligand Pharms Glucagon,0.002,17,5,5,6,3,3,2,41,-10.0,34.0,Poor,Stay away,49,0.0,-9.1,-0.3,50.6,0,,nan,nan,0.0
KWGPF,KWG Group Holdings Limited,0.019,5,6,10,7,3,2,3,36,-5.0,34.0,Poor,Stay away,0,0.0,0.0,-0.0,9.2,1,,Real Estate,64958792.0,0.0
REEEF,RareX Limited,0.02,15,5,6,14,6,1,5,52,-18.0,34.0,Poor,Stay away,36,0.0,0.0,22.2,84.6,0,,Basic Materials,24195368.0,32939.54
MRGE,Mirage Energy Corp,0.014,10,3,8,14,6,6,5,52,-18.0,34.0,Poor,Stay away,49,0.0,0.0,2.1,97.6,1,,Energy,4061714.0,32689.5
RRMLF,Ross River Minerals Inc,0.013,8,3,9,9,3,1,3,36,-5.0,34.0,Poor,Stay away,27,0.0,0.0,-0.0,0.0,1,,Financial Services,109232.0,29.0
CWPWF,Concord New Energy Group Limited,0.03,4,3,10,7,3,1,3,31,0.0,34.0,Poor,Stay away,16,0.0,0.0,-0.4,0.2,0,,Utilities,327818368.0,2782.5
SPCNF,SPC Nickel Corp,0.04,12,6,12,7,6,1,3,47,-18.0,34.0,Poor,🔥 COILED: Stay away,48,0.0,0.0,2.9,83.9,1,,Basic Materials,14802153.0,9165.05
CATTF,CAT Strategic Metals Corporation,0.032,19,9,7,9,6,7,5,62,-28,34,Poor,Stay away,55,900.0,900.0,399.8,95.9,2,2,Basic Materials,12881718.0,75056.96
BARUF,Baru Gold Corp,0.034,14,9,2,10,3,2,5,45,-11.0,34.0,Poor,Stay away,39,-1.5,-4.8,7.5,55.9,1,,Basic Materials,12851262.0,88275.94
IVIXF,Invion Limited,0.037,8,3,9,7,4,2,3,36,-5.0,34.0,Poor,Stay away,35,0.0,0.0,-0.0,0.0,1,,Healthcare,4029503.0,0.11
AGSVF,Argentum Silver Corp,0.031,11,5,8,10,6,2,5,47,-13.0,34.0,Poor,Stay away,33,0.0,0.0,5.5,87.0,0,,Basic Materials,1599554.0,821.71
PFFEF,Pool Safe Inc,0.038,13,6,11,8,6,2,3,49,-18.0,34.0,Poor,Stay away,54,0.0,0.0,0.6,93.2,1,,Consumer Cyclical,524731.0,1.0
NNOCF,Nanoco Group plc,0.042,5,11,1,8,3,2,2,32,2.0,34.0,Poor,Stay away,21,-6.0,40.0,-5.8,46.1,2,,Technology,5829000.0,5607.89
TGCB,Tego Cyber Inc,0.043,1,10,5,8,4,4,5,37,-3.0,34.0,Poor,Stay away,29,18.2,-25.6,2.0,49.9,2,,Technology,4430106.0,42923.41
GLABF,Gemina Laboratories Ltd,0.05,8,6,10,7,1,1,3,36,-5.0,34.0,Poor,Stay away,27,0.0,0.0,-0.0,25.7,1,,Healthcare,3828545.0,19271.53
CIRX,CirTran Corporation,0.05,10,2,4,10,3,5,5,39,-5.0,34.0,Poor,Stay away,67,-4.8,-9.1,10.1,57.3,1,,Industrials,247270.0,9354.81
PHJMF,PT Hanjaya Mandala Sampoerna Tbk,0.053,6,5,5,13,3,0,2,34,0.0,34.0,Poor,Stay away,41,-12.0,-12.0,-1.8,49.8,0,,Consumer Defensive,5815903744.0,0.0
CRVW,Careview Comm Inc,0.06,15,3,3,17,7,5,5,55,-21.0,34.0,Poor,Stay away,65,9.3,14.3,10.4,58.5,3,,Healthcare,35032844.0,140697.4
WMLLF,Wealth Minerals Ltd,0.051,6,17,10,5,8,2,4,52,-16.0,34.0,Poor,Stay away,35,2.0,2.0,1.7,50.4,1,,Basic Materials,19096910.0,233457.03
CXAIW,CXApp Inc.,0.056,4,11,8,9,6,0,5,43,-10.0,34.0,Poor,Stay away,49,-10.2,-10.7,-4.5,47.4,1,,Technology,nan,76564.57
IEGCF,Independence Gold Corp,0.07,7,15,5,5,8,2,2,44,-13.0,34.0,Poor,Stay away,31,12.3,-3.3,1.4,50.3,2,,Basic Materials,18568732.0,343336.95
VYCO,Vycor Medical Inc,0.066,1,9,7,11,4,0,2,34,0.0,34.0,Poor,Stay away,23,-5.7,-4.3,-3.2,42.8,0,,Healthcare,2336096.0,7111.69
MGHCF,Minco Capital Corp,0.08,6,2,2,13,3,0,3,29,0.0,34.0,Poor,Stay away,41,-11.1,-11.1,-6.8,39.4,0,,Financial Services,3885829.0,7216.29
FOBIF,Fobi AI Inc,0.095,9,6,4,14,7,0,5,45,-9.0,34.0,Poor,Stay away,60,-4.9,-4.9,9.6,69.9,1,,Technology,23244788.0,43667.37
AMFN,American Fusion Inc.,0.114,10,12,6,5,9,2,2,46,-13.0,34.0,Poor,Stay away,0,20.5,-10.1,7.3,53.9,2,,Basic Materials,338324736.0,0.0
NORSF,Norsk Titanium AS,0.13,15,13,6,14,6,2,5,61,-23.0,34.0,Poor,Stay away,48,-3.7,21.5,9.0,62.0,3,,Industrials,130825096.0,9351.2
THOXF,BioPorto A/S,0.149,8,3,10,8,3,1,3,36,-5.0,34.0,Poor,Stay away,29,0.0,0.0,-0.0,0.0,1,,Healthcare,73769288.0,1205.0
SCDCF,Scandium Canada Ltd,0.14,12,10,7,9,6,0,5,49,-13.0,34.0,Poor,Stay away,56,-2.6,-5.7,5.4,58.2,0,,Basic Materials,65291944.0,150200.41
HHEGF,Huahui Education Group Limited,0.1,8,3,9,7,0,1,3,31,0.0,34.0,Poor,Stay away,29,0.0,0.0,-0.0,18.1,0,,Consumer Defensive,30303766.0,200.0
GBMCF,GBMCF,0.129,8,7,7,9,2,2,2,37,-3.0,34.0,Poor,Stay away,36,8.0,-4.9,-3.3,45.5,2,,Basic Materials,29761592.0,104111.56
BSENF,Baselode Energy Corp,0.149,6,13,7,8,3,2,3,42,-8.0,34.0,Poor,Stay away,36,8.0,5.7,2.4,52.1,2,,Energy,13128458.0,52157.18
TERS,Tersis Technologies Inc.,0.12,18,5,4,11,5,6,5,54,-20,34,Poor,Stay away,67,71.4,140.0,64.8,74.3,3,10,Industrials,9207666.0,5782.12
SYDRF,Delota Corp,0.1,12,6,11,8,0,4,3,44,-13.0,34.0,Poor,Stay away,47,0.0,0.0,0.0,99.5,0,,Healthcare,2911033.0,45.0
ZZZOF,Zinc One Resources Inc,0.12,11,6,3,8,3,3,5,39,-8.0,34.0,Poor,Stay away,42,0.0,0.0,1.8,71.0,1,,Basic Materials,232748.0,8.09
ZDGGF,ZOO Digital Group plc,0.171,15,5,7,12,6,2,5,52,-18.0,34.0,Poor,Stay away,54,0.0,0.0,10.4,100.0,1,,Technology,16812416.0,1475.66
GDDFF,Goodfood Market Corp,0.153,1,8,5,11,6,1,2,34,-3.0,34.0,Poor,Stay away,40,0.0,-3.5,-2.8,43.8,1,,Consumer Cyclical,15216215.0,28078.92
CTTMF,Catena Media plc,0.195,8,3,10,8,3,1,3,36,-5.0,34.0,Poor,Stay away,28,0.0,0.0,-0.0,0.0,1,,Communication Services,14751776.0,157.13
ECORF,Elcora Advanced Materials Corp,0.19,5,2,10,12,0,3,4,36,-5.0,34.0,Poor,Stay away,28,0.0,0.0,-2.0,29.1,1,,Basic Materials,6799662.0,2410.16
SRKE,Strake Inc.,0.153,3,3,8,9,5,3,3,34,-5.0,34.0,Poor,🔥 COILED: Stay away,30,0.0,0.0,-2.2,43.4,1,,Consumer Defensive,588260.0,3326.5
CHIZF,China Traditional Chinese Medicine Holdings Co. Limited,0.219,3,3,8,9,3,7,3,36,-5.0,34.0,Poor,Stay away,19,0.0,0.0,-0.9,0.0,1,,Healthcare,1102588672.0,59.51
VLQCF,Quantum Graphite Limited,0.22,8,3,9,9,3,1,3,36,-5.0,34.0,Poor,Stay away,28,0.0,0.0,-0.0,0.0,1,,Basic Materials,77572000.0,11.23
NTMFF,Neotech Metals Corp.,0.21,6,10,5,4,7,6,3,41,-10.0,34.0,Poor,Stay away,38,5.0,1.8,-2.1,47.9,0,,Basic Materials,18645074.0,33266.99
BETRW,Better Home & Finance Holding Company,0.201,1,11,3,7,3,4,5,34,0.0,34.0,Poor,Stay away,30,29.6,-34.1,-18.5,44.7,0,,nan,nan,102927.07
LCCCR,Lakeshore Acquisition III Corp. Rights,0.2,4,8,3,11,4,4,5,39,-3.0,34.0,Poor,Stay away,25,-4.8,-9.1,-0.3,49.9,0,,nan,nan,0.0
PDLMF,Petra Diamonds Limited,0.269,8,3,9,9,3,1,3,36,-5.0,34.0,Poor,Stay away,31,0.0,0.0,-0.0,0.0,1,,Basic Materials,90110800.0,375.96
CAIHF,Chia Tai Enterprises International Limited,0.28,7,7,10,6,4,2,3,39,-10.0,34.0,Poor,🔥 COILED: Stay away,42,0.0,0.0,0.0,50.0,0,,Healthcare,67401128.0,0.4
PLPKF,PPK Group Limited,0.262,10,4,4,11,3,1,5,38,-4.0,34.0,Poor,Stay away,38,0.0,-6.2,2.7,66.5,1,,Industrials,27373722.0,297.0
NVLPF,Nova Leap Health Corp,0.255,5,3,2,12,4,0,5,31,0.0,34.0,Poor,Stay away,31,-7.1,-8.4,-3.8,43.5,0,,Healthcare,22273868.0,7608.57
EULIF,European Lithium Limited,0.3,8,7,3,8,5,2,3,36,0.0,34.0,Poor,Stay away,59,9.8,-6.1,-0.2,50.8,0,,Basic Materials,517551968.0,3822923.7
SEGYY,SPT Energy Group Inc ADR,0.346,8,3,10,8,3,1,3,36,-5.0,34.0,Poor,Stay away,33,0.0,0.0,-0.0,2.0,1,,Energy,33826092.0,11.05
PHNMF,Phenom Resources Corp,0.309,7,10,2,12,6,0,5,42,-8.0,34.0,Poor,Stay away,53,3.0,-18.7,-3.9,47.7,1,,Basic Materials,38007756.0,139631.0
LRGR,Luminar Media Group Inc,0.33,15,13,9,12,4,2,5,60,-29,34,Poor,Stay away,30,32.0,57.1,40.1,62.3,4,,Consumer Defensive,12033585.0,42068.39
GRRRW,Gorilla Technology Group Inc.,0.33,9,6,4,12,3,3,5,42,-8.0,34.0,Poor,Stay away,48,4.7,-19.3,0.2,50.6,1,,nan,nan,47548.79
FRTU,FRTU,0.33,15,13,9,12,4,2,5,60,-29,34,Poor,Stay away,30,32.0,57.1,40.1,62.3,3,,nan,nan,41816.5
BKLRF,Berkeley Energy Ltd,0.36,11,9,11,4,1,2,3,41,-15.0,34.0,Poor,🔥 COILED: Stay away,31,0.0,0.0,0.0,51.4,1,,Energy,160665536.0,878.5
SSHLY,Sunac Services Holdings Limited,0.424,5,3,9,7,3,1,3,31,0.0,34.0,Poor,Stay away,13,0.0,0.0,-0.3,0.0,0,,Real Estate,319832160.0,20.0
CTLHF,CleanTech Lithium Plc,0.42,13,6,11,7,6,3,3,49,-18.0,34.0,Poor,Stay away,52,0.0,0.0,0.4,84.9,1,,Basic Materials,129353208.0,588.2
ABOIF,Aboitiz Equity Ventures Inc,0.489,5,3,10,9,0,1,3,31,0.0,34.0,Poor,Stay away,22,0.0,0.0,-0.0,31.6,0,,Utilities,2714211072.0,24.04
CPFXF,Copper Fox Metals Inc,0.45,4,10,2,8,8,2,2,36,-2.0,34.0,Poor,Stay away,43,2.3,-6.7,-0.2,49.2,1,,Basic Materials,246224992.0,27360.4
SOMNF,SomnoMed Limited,0.45,4,3,9,7,3,7,3,36,-5.0,34.0,Poor,Stay away,25,0.0,0.0,-0.4,0.2,1,,Healthcare,93329464.0,9.5
AIRDF,Rocket Doctor AI Inc.,0.464,12,7,5,15,3,4,5,51,-20.0,34.0,Poor,Stay away,38,-8.9,10.6,0.6,51.8,3,,Healthcare,45007628.0,78019.19
FCUL,Food Culture Inc.,0.45,7,4,6,9,3,1,4,34,0.0,34.0,Poor,Stay away,31,0.0,0.0,-0.8,40.0,0,,Consumer Cyclical,20290334.0,6589.69
WHGPF,Warehouse Group Ltd,0.535,8,3,9,9,3,1,3,36,-5.0,34.0,Poor,Stay away,29,0.0,0.0,-0.0,0.0,1,,Consumer Cyclical,185561088.0,36.5
ORIS,Oriental Rise Holdings Limited Ordinary Shares,0.51,9,3,7,7,0,0,5,31,0.0,34.0,Poor,Stay away,33,-10.2,-2.7,-3.8,47.3,0,,Consumer Defensive,2578975.0,859913.37
ECTM,ECA Marcellus Trust I Unit,0.63,8,10,3,3,9,4,2,39,-6.0,34.0,Poor,Stay away,62,1.6,-6.0,0.7,51.1,1,,Energy,11091150.0,29781.73
RVP,Retractable Technologies Inc,0.67,3,13,5,10,7,2,4,44,-8.0,34.0,Poor,Stay away,34,-4.3,1.5,-1.6,47.0,1,,Healthcare,20057898.0,84653.46
IRCKF,Inter-Rock Minerals Inc,0.74,9,7,8,6,3,1,3,37,-8.0,34.0,Poor,🔥 COILED: Stay away,35,0.0,0.0,0.0,53.8,0,,Consumer Defensive,16056233.0,153.0
GAMG,Global Asset Management Group Inc.,0.75,5,4,6,10,4,3,2,34,0.0,34.0,Poor,Stay away,40,0.0,-11.6,-4.9,29.6,0,,Financial Services,255114656.0,0.0
PHCRF,Healius Limited,0.84,8,3,9,9,3,1,3,36,-5.0,34.0,Poor,Stay away,31,0.0,0.0,-0.0,0.0,1,,Healthcare,609970880.0,91.35
SGRP,SPAR Group Inc,0.818,15,12,3,15,7,4,5,61,-25.0,34.0,Poor,Stay away,37,-2.7,10.5,6.6,64.7,3,,Industrials,23152058.0,57507.6
PEBC,Peoples Bancorp Inc,0.8,3,6,9,7,0,3,3,31,0.0,34.0,Poor,Stay away,15,0.0,0.0,-8.8,10.4,0,,Financial Services,583134.0,0.0
QNDPF,Qingdao Port International Co. Ltd,0.874,7,7,10,6,4,2,3,39,-10.0,34.0,Poor,🔥 COILED: Stay away,48,0.0,0.0,0.0,50.0,0,,Industrials,5671923200.0,0.28
HBGRY,Heidelberger Druckmaschinen AG ADR,0.88,13,5,7,12,6,2,5,50,-16.0,34.0,Poor,Stay away,47,20.5,20.5,14.0,75.1,2,,Industrials,596394432.0,1314.39
GUTS,"Fractyl Health, Inc. Common Stock",0.858,15,14,4,7,7,5,2,54,-20.0,34.0,Poor,Stay away,50,18.5,16.9,8.6,57.3,3,,Healthcare,136168400.0,3799366.37
CTHCF,Cathay Real Estate Development Co Ltd,0.99,2,6,7,7,5,2,2,31,0.0,34.0,Poor,Stay away,18,-0.8,0.2,-4.6,44.0,0,,Other,116247176.0,16150.53
HOJI,House of Jane Inc,1.0,5,3,9,7,3,1,3,31,0.0,34.0,Poor,Stay away,16,0.0,0.0,-0.3,0.0,0,,Consumer Defensive,11031895.0,11.5
LPMDF,Lippo Malls Indonesia Retail Trust,0.006,5,3,10,7,0,2,3,30,0.0,33.0,Poor,Stay away,28,0.0,0.0,-0.0,0.0,0,,Real Estate,102146336.0,250.32
ARCNF,Arcane Crypto AB,0.002,15,5,7,8,4,2,5,46,-13.0,33.0,Poor,Stay away,38,0.0,0.0,13.7,94.4,0,,Financial Services,29841384.0,14240.86
SAHRF,Sahara Energy Ltd,0.006,9,6,11,6,1,2,3,38,-10.0,33.0,Poor,🔥 COILED: Stay away,49,0.0,0.0,0.0,50.0,0,,Energy,18586170.0,73.33
VERTF,Vertiqal Studios Corp.,0.007,9,5,8,9,3,1,5,40,-7.0,33.0,Poor,Stay away,14,0.0,0.0,4.4,62.6,1,,Communication Services,5749939.0,2584.41
MONTF,Montfort Capital Corp,0.004,8,3,10,7,3,1,3,35,-5.0,33.0,Poor,Stay away,26,0.0,0.0,-0.0,25.1,1,,Financial Services,2209526.0,270.73
CAPT,Captivision Inc,0.005,5,5,3,11,0,7,2,33,-5.0,33.0,Poor,Stay away,13,-41.1,-25.4,-46.8,32.5,1,,Basic Materials,2009240.0,1605172.78
BRUZF,Canada Carbon Inc.,0.005,11,5,8,7,4,1,5,41,-8.0,33.0,Poor,Stay away,34,0.0,0.0,18.3,76.4,1,,Basic Materials,1211407.0,5423.83
ISOL,1mage Software Inc,0.001,15,5,5,13,6,2,5,51,-18.0,33.0,Poor,Stay away,65,0.0,0.0,19.8,100.0,1,,Technology,908215.0,536.46
RSLT,Resilient Healthcare Corp,0.003,3,6,4,8,3,3,3,30,0.0,33.0,Poor,Stay away,0,0.0,0.0,-13.1,2.7,0,,Healthcare,347524.0,0.0
GDXRF,Goldex Resources Corporation,0.01,5,3,10,9,3,2,3,35,-5.0,33.0,Poor,Stay away,39,0.0,0.0,-0.0,32.8,1,,Basic Materials,331027.0,273.0
IRNS,Ironstone Group Inc,0.002,8,4,9,7,3,1,3,35,-5.0,33.0,Poor,Stay away,27,0.0,0.0,-0.0,0.0,1,,Financial Services,5453.0,10.0
HISNF,Hi Sun Technology (China) Limited,0.02,8,4,9,7,3,1,3,35,-5.0,33.0,Poor,Stay away,24,0.0,0.0,-0.0,0.0,1,,Technology,52895072.0,3450.0
CSSXF,China Shuifa Singyes Energy Holdings Limited,0.02,3,3,8,10,3,3,3,33,0.0,33.0,Poor,Stay away,9,0.0,0.0,-4.3,0.0,0,,Technology,52030068.0,27.2
ANPCF,ANGLE plc,0.02,10,7,10,13,4,1,3,48,-18.0,33.0,Poor,Stay away,37,0.0,0.0,6.2,96.8,1,,Healthcare,38744512.0,1847.35
SHGDF,Star Diamond Corporation,0.02,7,4,10,7,3,1,3,35,-5.0,33.0,Poor,Stay away,20,0.0,0.0,-0.1,44.1,1,,Basic Materials,15478282.0,17096.37
AVRTF,Avarone Metals Inc,0.02,3,3,10,9,4,3,3,35,-5.0,33.0,Poor,Stay away,36,0.0,0.0,-4.3,10.6,1,,Basic Materials,1878571.0,1232.21
LAAI,LAAI,0.014,10,6,11,8,3,2,3,43,-13.0,33.0,Poor,Stay away,44,0.0,0.0,0.0,98.5,0,,Consumer Cyclical,1022321.0,0.0
BLRZF,Blackhawk Growth Corp,0.011,9,6,11,11,1,2,3,43,-13.0,33.0,Poor,Stay away,53,0.0,0.0,0.0,100.0,0,,Financial Services,97077.0,3.9
VINC,"Vincerx Pharma, Inc. Common Stock",0.013,4,6,3,12,4,4,2,35,-5.0,33.0,Poor,Stay away,22,-3.1,4.1,-1.5,47.2,1,,Healthcare,68045.0,36565.25
KMGLF,Asiamet Resources Ltd,0.022,10,7,11,5,0,2,3,38,-10.0,33.0,Poor,🔥 COILED: Stay away,35,0.0,0.0,0.0,53.9,0,,Basic Materials,76360872.0,22781.09
ZHIXF,Zhixin Group Holding Limited,0.026,8,3,9,8,3,1,3,35,-5.0,33.0,Poor,Stay away,26,0.0,0.0,-0.0,0.0,1,,Basic Materials,23696640.0,1215.0
VMHG,Victory Marine Holdings Corp,0.03,15,6,3,16,5,4,5,54,-21,33,Poor,⚠️ EXHAUSTION RISK: Stay away,65,55.4,87.5,23.8,56.4,3,9,Consumer Cyclical,8876794.0,3154367.92
SCGY,Scientific Energy Inc,0.027,5,3,10,9,3,2,3,35,-5.0,33.0,Poor,Stay away,32,0.0,0.0,-0.0,0.0,1,,Communication Services,7110113.0,8.5
DFIFF,Diamond Fields Resources Inc,0.027,12,5,10,9,3,5,5,49,-21,33,Poor,🔥 COILED: Stay away,56,109.2,126.7,29.7,53.0,3,9,Basic Materials,5525400.0,0.0
DRDNF,Dreadnought Resources Ltd,0.04,9,6,10,9,4,2,3,43,-13.0,33.0,Poor,Stay away,51,0.0,0.0,0.0,100.0,0,,nan,81101431.0,3022.5
GLIIF,Glacier Lake Resources Inc,0.036,6,4,9,7,3,1,3,33,-5.0,33.0,Poor,🔥 COILED: Stay away,31,0.0,0.0,-0.0,50.1,1,,Basic Materials,381713.0,100.0
SES-WT,SES AI Corporation WT,0.038,15,8,6,11,0,3,5,48,-15.0,33.0,Poor,Stay away,22,70.1,17.9,10.9,52.5,2,11,nan,nan,33208.76
BLSTF,Blackstone Minerals Ltd,0.043,11,4,5,11,6,4,2,43,-15.0,33.0,Poor,🔥 COILED: Stay away,61,0.0,4.9,1.1,54.6,1,,Basic Materials,103634208.0,23600.99
IVHI,Invech Holdings Inc,0.049,5,5,8,8,3,4,5,38,-5.0,33.0,Poor,Stay away,23,0.0,9.8,-6.7,43.4,2,,nan,32515.0,49423.27
SHMSF,Shimao Services Holdings Limited,0.058,5,3,10,9,3,2,3,35,-5.0,33.0,Poor,Stay away,32,0.0,0.0,-0.0,14.3,1,,Real Estate,141919952.0,3.54
PHSE,Pharmhouse Corp,0.06,9,10,5,11,4,7,5,51,-18.0,33.0,Poor,Stay away,28,8.9,34.6,15.3,53.6,3,,Consumer Cyclical,138027600.0,114291.44
SOUTF,Southern Cross Media Group Limited,0.053,2,12,6,9,3,2,2,36,-1.0,33.0,Poor,Stay away,29,6.9,0.2,-0.4,49.2,2,,Energy,18459250.0,139083.87
ZNCXF,ZincX Resources Corp,0.06,4,3,10,7,3,3,3,33,0.0,33.0,Poor,Stay away,32,0.0,0.0,-0.6,37.6,0,,Basic Materials,11273768.0,19741.0
GLDFF,Chalice Brands Ltd,0.054,3,11,5,7,3,2,2,33,0.0,33.0,Poor,Stay away,25,-0.7,3.5,-1.8,46.1,0,,Basic Materials,3686350.0,61578.43
EGMCF,Emgold Mining Corporation,0.056,8,8,5,9,0,1,4,35,0.0,33.0,Poor,Stay away,34,11.8,11.1,5.2,51.3,2,,Basic Materials,3893751.0,135248.72
CATPF,Giyani Metals Corp,0.07,2,9,6,11,4,2,2,36,-3.0,33.0,Poor,Stay away,26,16.7,-22.2,-1.9,48.1,2,,Basic Materials,23368592.0,27327.38
TTEXF,Bullion Gold Resources Corp,0.071,6,3,10,6,5,7,3,40,-10.0,33.0,Poor,Stay away,44,0.0,0.0,-2.2,21.0,0,,Basic Materials,7172373.0,663.15
IMRFF,iMetal Resources Inc.,0.07,10,9,6,2,7,4,2,40,-13.0,33.0,Poor,🔥 COILED: Stay away,36,2.2,7.7,1.8,51.9,1,,Basic Materials,2825274.0,63090.49
MSEZ,Media Sentiment Inc,0.076,9,4,8,2,5,7,3,38,-10.0,33.0,Poor,🔥 COILED: Stay away,41,0.0,0.0,-0.5,40.7,0,,Communication Services,68801128.0,2565.95
FSHPR,Flag Ship Acquisition Corp. Right,0.081,6,13,1,9,2,2,3,36,-3.0,33.0,Poor,Stay away,11,-1.8,-38.6,-13.1,45.8,0,,nan,nan,0.0
HKGEF,Hong Kong Economic Times Holdings Limited,0.093,5,3,10,7,0,2,3,30,0.0,33.0,Poor,Stay away,0,0.0,0.0,-0.0,0.0,1,,Communication Services,40138800.0,0.0
PTFRF,PT Tower Bersama Infrastructure TBK,0.1,5,3,10,7,0,2,3,30,0.0,33.0,Poor,Stay away,28,0.0,0.0,-0.0,0.0,0,,Communication Services,2259248128.0,0.0
CCLHF,C C Land Holdings Limited,0.14,5,4,9,8,3,1,3,33,-5.0,33.0,Poor,🔥 COILED: Stay away,28,0.0,0.0,0.0,50.0,1,,Real Estate,543526848.0,4.0
SSILF,Sa Sa International Holdings Limited,0.119,10,6,11,8,3,2,3,43,-13.0,33.0,Poor,Stay away,47,0.0,0.0,0.0,97.8,0,,Consumer Cyclical,370520832.0,35.0
SRHYY,Syrah Resources Limited,0.11,8,6,2,14,3,0,5,38,-5.0,33.0,Poor,Stay away,11,-23.3,-11.3,-7.9,47.3,1,,Basic Materials,253564896.0,13284.25
ZENAF,Zenith Energy Ltd.,0.124,14,6,7,7,1,1,5,41,-8.0,33.0,Poor,Stay away,48,0.0,0.0,5.3,70.6,1,,Energy,88772752.0,6945.97
SABOF,Sabio Holdings Inc.,0.104,3,6,2,9,0,4,2,26,2.0,33.0,Poor,Stay away,9,-5.7,-5.7,-15.3,0.7,0,,Communication Services,5980882.0,1226.79
MTLI,Metaline Contact Mines,0.12,15,5,5,7,6,3,5,46,-13.0,33.0,Poor,Stay away,59,0.0,0.0,12.1,86.9,0,,Basic Materials,1375033.0,118.5
CRSXQ,CRSXQ,0.152,12,6,11,6,3,2,3,43,-15.0,33.0,Poor,🔥 COILED: Stay away,50,0.0,0.0,0.0,50.0,1,,Basic Materials,16068531.0,51.15
ABPO,"Abpro Holdings, Inc.",0.196,10,8,8,6,5,4,2,43,-10.0,33.0,Poor,Stay away,24,-6.0,-4.7,-3.5,48.3,0,,Healthcare,1295951.0,579896.71
ESSID,"Eco Science Solutions, Inc.",0.175,9,9,7,14,6,2,5,52,-24,33,Poor,Stay away,58,578.3,20.1,81.7,61.2,3,5,Healthcare,308636.0,794.99
KWHAF,K. Wah International Holdings Limited,0.24,7,6,10,6,4,2,3,38,-10.0,33.0,Poor,🔥 COILED: Stay away,37,0.0,0.0,0.0,50.0,0,,Real Estate,756024320.0,4.0
LNKLF,Linklogis Inc.,0.243,10,4,5,7,3,1,3,33,-3.0,33.0,Poor,Stay away,36,0.0,0.0,0.1,71.2,1,,Technology,489720064.0,11.02
THAFF,Thoresen Thai Agencies Public Company Limited,0.2,10,6,11,6,0,2,3,38,-10.0,33.0,Poor,🔥 COILED: Stay away,47,0.0,0.0,0.0,50.0,0,,Other,314385184.0,0.0
GMHLF,GAM Holding AG,0.22,12,6,11,6,3,2,3,43,-15.0,33.0,Poor,🔥 COILED: Stay away,50,0.0,0.0,0.0,50.0,1,,Financial Services,243588512.0,0.5
RECEF,Recce Pharmaceuticals Ltd,0.22,8,3,9,8,3,1,3,35,-5.0,33.0,Poor,Stay away,29,0.0,0.0,-0.0,0.8,1,,Healthcare,63620352.0,21.5
EMAUF,Emperor Metals Inc.,0.212,18,9,4,7,7,5,5,55,-22,33,Poor,Stay away,66,66.7,32.5,34.6,68.3,4,7,Basic Materials,41308200.0,385373.47
RBLAF,Robinsons Land Corporation,0.296,9,6,11,8,4,2,3,43,-13.0,33.0,Poor,Stay away,49,0.0,0.0,0.0,99.8,0,,Real Estate,1419908608.0,4.9
QESSF,Aegis Critical Energy Defence Corp.,0.293,13,13,2,4,8,0,5,45,-13.0,33.0,Poor,Stay away,65,5.2,8.0,6.6,55.6,1,,Industrials,43316124.0,184150.05
STQN,Strategic Acquis,0.25,8,7,11,4,6,6,3,45,-15.0,33.0,Poor,Stay away,46,0.0,0.0,0.1,56.7,1,,Financial Services,11668750.0,413.35
CCOOF,Core Assets Corp,0.292,3,10,4,9,4,4,2,36,-3.0,33.0,Poor,Stay away,29,-1.5,-0.8,-4.4,44.8,1,,Basic Materials,9629265.0,33224.81
AMNTF,Asia Cement (China) Holdings Corporation,0.32,8,4,5,7,3,2,3,32,-2.0,33.0,Poor,Stay away,42,0.0,0.0,0.0,61.5,0,,Basic Materials,501235616.0,6.1
EKDHF,EKF Diagnostics Holdings plc,0.347,13,4,8,5,6,2,3,41,-13.0,33.0,Poor,🔥 COILED: Stay away,43,0.0,0.0,0.3,72.6,0,,Healthcare,149261744.0,2000.75
NSFDF,NXT Energy Solutions Inc,0.32,18,10,7,7,9,3,2,56,-23.0,33.0,Poor,Stay away,50,18.5,14.3,9.5,57.8,3,,Energy,38243716.0,13099.75
ACDXF,American Copper Development Corporation,0.306,6,3,4,10,6,4,5,38,-5.0,33.0,Poor,Stay away,42,-16.3,-6.0,-3.8,46.2,1,,Basic Materials,7685462.0,971.68
ASFT,AppSoft Technologies Inc,0.327,12,7,9,7,6,4,3,48,-18.0,33.0,Poor,Stay away,43,0.0,0.0,0.1,98.6,1,,Technology,1469929.0,86.5
TODM,Tonopah Divide Mining Co,0.35,7,6,10,6,4,2,3,38,-10.0,33.0,Poor,🔥 COILED: Stay away,41,0.0,0.0,0.0,50.0,0,,Basic Materials,799339.0,638.46
AAMCF,Altisource Asset Management Corporation,0.37,5,3,10,9,3,2,3,35,-5.0,33.0,Poor,Stay away,32,0.0,0.0,-0.2,13.0,1,,Consumer Cyclical,94.0,0.0
CULTF,Cult Food Science Corp,0.371,9,5,9,8,6,4,4,45,-15.0,33.0,Poor,Stay away,59,-2.9,-15.1,1.1,52.2,1,,Consumer Defensive,913920.0,2517.0
HHSSF,Huishang Bank Corporation Limited,0.416,7,6,10,6,4,2,3,38,-10.0,33.0,Poor,🔥 COILED: Stay away,43,0.0,0.0,0.0,50.0,0,,Financial Services,5785102336.0,990.0
PIFMF,PT Indofood Sukses Makmur Tbk,0.42,3,3,8,7,3,3,3,30,0.0,33.0,Poor,Stay away,7,0.0,0.0,-2.1,0.0,0,,Consumer Defensive,3443683072.0,12.5
XTRAF,Xtract One Technologies Inc.,0.442,16,10,1,15,7,4,5,58,-25.0,33.0,Poor,Stay away,54,-12.1,27.6,11.1,61.2,3,,Technology,114628248.0,342874.49
PLLMF,Plata Latina Minerals Corporation,0.44,5,11,3,10,3,2,2,36,-1.0,33.0,Poor,Stay away,37,10.0,4.8,-0.8,46.3,1,,Basic Materials,56193892.0,31589.48
DAAQW,Digital Asset Acquisition Corp.,0.44,12,12,2,10,8,0,5,49,-16.0,33.0,Poor,Stay away,42,-13.7,-15.4,10.9,53.7,0,,nan,nan,0.0
IPCXR,Inflection Point Acquisition Corp. III Rights,0.43,17,7,4,4,6,0,5,43,-10.0,33.0,Poor,Stay away,59,0.0,10.3,4.8,58.3,2,,nan,nan,0.0
ALGRF,ALGRF,0.46,8,7,5,11,0,2,3,36,-8.0,33.0,Poor,Stay away,33,4.5,-1.7,-1.9,44.5,1,,Basic Materials,19476282.0,1249.7
ITGMF,Biomedico Hadarim Ltd,0.475,5,4,9,8,3,1,3,33,-5.0,33.0,Poor,🔥 COILED: Stay away,29,0.0,0.0,0.0,50.0,1,,Industrials,13109534.0,35.78
GMRCF,Gelum Resources Ltd.,0.47,12,9,3,10,7,7,5,53,-20.0,33.0,Poor,Stay away,63,13.2,-8.8,8.1,55.6,2,,Basic Materials,10341999.0,10332.85
MAHN,Mid-Atlantic Home Health Network Inc,0.5,12,3,11,7,6,1,3,43,-13.0,33.0,Poor,Stay away,51,0.0,0.0,0.4,81.0,0,,Healthcare,92235680.0,152.98
RDRIF,Red Rock Energy Inc,0.505,5,7,6,13,6,2,2,41,-8.0,33.0,Poor,Stay away,51,0.6,-8.2,-4.4,45.4,1,,Energy,68407720.0,112361.95
PGFF,PGFF,0.51,7,6,10,6,4,2,3,38,-10.0,33.0,Poor,🔥 COILED: Stay away,36,0.0,0.0,0.0,50.0,0,,nan,14744763.0,75.0
BOCN,Blue Ocean Acquisition Corp,0.59,11,8,3,11,6,3,4,46,-11.0,33.0,Poor,Stay away,61,-0.6,2.2,0.7,55.5,1,,Financial Services,70565776.0,362.34
SYMQY,SymBio Pharmaceuticals Limited,0.558,8,3,10,7,3,1,3,35,-5.0,33.0,Poor,Stay away,29,0.0,0.0,-0.0,0.0,1,,Healthcare,40251228.0,193.53
DXF,Eason Technology Limited,0.62,5,15,3,8,3,0,2,36,-3.0,33.0,Poor,Stay away,39,8.8,-25.3,-4.6,47.9,2,,Financial Services,2006292.0,1586282.16
DOTDF,dotdigital Group Plc,0.65,11,6,10,6,3,1,3,40,-10.0,33.0,Poor,Stay away,24,0.0,0.0,-0.0,34.5,0,,Technology,204627584.0,126.8
TOFB,Tofutti Brands,0.66,9,7,13,6,3,3,5,46,-13.0,33.0,Poor,Stay away,35,3.1,3.1,2.5,59.0,1,,Consumer Defensive,3401446.0,1093.91
ODMUF,Old Mutual Limited,0.78,9,6,11,8,4,2,3,43,-13.0,33.0,Poor,Stay away,54,0.0,0.0,0.0,100.0,0,,Financial Services,3109104640.0,2.87
CSSPF,Circassia Group Plc,0.8,4,3,9,7,3,1,3,30,0.0,33.0,Poor,Stay away,19,0.0,0.0,-0.2,0.0,0,,Healthcare,336545760.0,96.48
ZUUS,Zeuus Inc,0.83,4,3,10,7,3,5,3,35,-5.0,33.0,Poor,Stay away,29,0.0,0.0,-0.1,0.0,1,,Industrials,87577824.0,654.86
GEDUF,GEDUF,0.885,10,6,11,6,0,2,3,38,-10.0,33.0,Poor,🔥 COILED: Stay away,42,0.0,0.0,0.0,50.0,0,,Consumer Defensive,682829504.0,5.0
SPRQF,SPARQ Corp.,0.892,13,11,3,4,6,2,5,44,-11.0,33.0,Poor,Stay away,49,1.9,-4.1,1.7,57.2,1,,Industrials,104271032.0,944.77
RMHI,Retrieve Medical Holdings Inc,0.86,3,8,7,7,4,4,5,38,-5.0,33.0,Poor,Stay away,23,-1.1,-1.0,-3.7,45.5,1,,Healthcare,24041172.0,942.43
YAAS,Youxin Technology Ltd Class A Ordinary shares,0.909,8,6,3,10,0,6,5,38,-3.0,33.0,Poor,Stay away,30,-4.3,-3.3,-3.0,47.7,1,,Technology,20713328.0,1211878.1
TOLUF,TOLUF,0.95,11,7,11,6,3,6,3,47,-17.0,33.0,Poor,Stay away,53,0.0,0.0,0.0,64.7,1,,Basic Materials,263990624.0,1311.15
AZREF,Azure Power Global Limited,1.0,7,8,3,11,4,2,3,38,-6.0,33.0,Poor,Stay away,49,0.0,0.0,3.6,51.5,1,,Utilities,64166360.0,10087.91
ONAR,ONAR Holding Corporation,0.002,12,10,8,14,4,2,5,55,-27.5,32.5,Poor,Stay away,30,19.0,13.6,21.5,62.4,3,,Communication Services,455445.0,684087.06
KYBWF,Guangdong Land Holdings Limited,0.011,15,5,7,10,6,2,5,50,-18.0,32.0,Poor,Stay away,47,0.0,0.0,1.5,100.0,1,,Real Estate,18655752.0,62.12
FYIRF,FYI Resources Limited,0.009,5,3,10,8,3,2,3,34,-5.0,32.0,Poor,Stay away,29,0.0,0.0,-0.0,0.0,1,,Basic Materials,3375350.0,450.0
DGNG,Diguang Intl Dev Co,0.007,10,6,11,8,3,6,3,47,-18.0,32.0,Poor,Stay away,45,0.0,0.0,0.0,88.4,1,,Technology,2258151.0,676.95
GRSFF,Greencastle Resources Ltd,0.007,1,4,9,10,0,5,3,32,-5.0,32.0,Poor,🔥 COILED: Stay away,25,0.0,0.0,-2.1,48.8,1,,Energy,1442766.0,327.5
SFWJ,Software Effective Solutions Corp,0.004,3,3,3,11,6,2,4,32,0.0,32.0,Poor,Stay away,49,0.0,-17.0,-4.6,44.7,0,,Healthcare,1404329.0,283523.19
GSPI,Green Star Products,0.001,8,7,0,10,7,0,3,35,-3.0,32.0,Poor,Stay away,56,-7.1,-23.5,-5.4,48.7,1,,Financial Services,916997.0,387148.15
CNNN,ConneXionONE Corp.,0.01,15,5,7,10,6,2,5,50,-18.0,32.0,Poor,Stay away,54,0.0,0.0,19.0,98.9,1,,Communication Services,765716.0,289.64
GGLXF,GGL Resources Corp,0.005,3,3,8,8,3,1,3,29,0.0,32.0,Poor,Stay away,11,0.0,0.0,-6.1,0.0,0,,Basic Materials,521787.0,398.98
NUGS,Cannabis Strategic Ventures,0.001,12,3,4,15,3,0,5,42,-10.0,32.0,Poor,Stay away,0,0.0,0.0,3.9,58.7,0,,Healthcare,478961.0,0.0
AMPDF,AMPD Ventures Inc,0.003,5,4,10,8,0,2,3,32,-5.0,32.0,Poor,🔥 COILED: Stay away,31,0.0,0.0,0.0,50.0,1,,Technology,361000.0,84.0
CPTAF,Captivision Inc.,0.005,6,5,3,11,0,7,2,34,-5.0,32.0,Poor,Stay away,13,-41.1,-25.4,-45.3,32.7,2,,Basic Materials,290768.0,1602026.48
PXFG,Phoenix Footwear Group Inc,0.01,7,4,9,9,3,3,3,38,-5.0,32.0,Poor,Stay away,19,0.0,0.0,-0.3,48.1,1,,Consumer Cyclical,146707.0,8287.39
TOBAF,TAAT Global Alternatives Inc,0.005,6,6,6,13,3,0,3,37,-5.0,32.0,Poor,Stay away,26,-1.9,0.0,-1.6,38.0,1,,Consumer Defensive,117859.0,1202.57
PNNEF,Pennine Petroleum Corporation,0.002,8,3,10,7,1,2,3,34,-5.0,32.0,Poor,Stay away,32,0.0,0.0,-0.0,0.0,1,,Energy,90864.0,2641.5
TEXG,Terax Energy Inc,0.001,9,6,11,7,4,2,3,42,-13.0,32.0,Poor,Stay away,40,0.0,0.0,0.0,99.4,0,,Financial Services,3685.0,1674.19
IWAL,iWallet Corporation,0.017,9,2,7,9,4,3,3,37,-5.0,32.0,Poor,Stay away,29,0.0,0.0,-0.6,1.4,1,,Industrials,1766562.0,15502.66
PWRLF,POWR Lithium Corp.,0.022,17,10,1,10,3,6,5,52,-20,32,Poor,Stay away,39,64.1,18.1,15.1,55.2,3,10,Basic Materials,1402446.0,3119.73
VETIF,VIP Entertainment Technologies Inc.,0.03,5,4,9,7,3,1,3,32,-5.0,32.0,Poor,🔥 COILED: Stay away,27,0.0,0.0,0.0,50.0,1,,Consumer Cyclical,1167937.0,41.75
AGXTF,Argentex Group PLC,0.038,8,3,9,7,3,1,3,34,-5.0,32.0,Poor,Stay away,27,0.0,0.0,-0.0,0.0,1,,Financial Services,4510068.0,3.5
OMID,Omid Holdings Inc,0.037,9,5,8,5,4,4,5,40,-8.0,32.0,Poor,Stay away,51,1.4,1.4,1.8,50.3,0,,Healthcare,3562916.0,25027.27
EWISF,EWISF,0.04,14,12,3,10,4,2,5,50,-18.0,32.0,Poor,Stay away,59,-1.7,11.1,11.9,55.0,3,,Basic Materials,2063401.0,19087.55
XELAP,Exela Technologies Inc Preferred Series B,0.039,14,7,6,10,6,4,2,49,-20.0,32.0,Poor,Stay away,47,0.0,670.6,14.1,54.9,3,,Technology,nan,688.63
PRYNF,Backstageplay Inc,0.049,8,3,9,10,0,1,3,34,-5.0,32.0,Poor,Stay away,29,0.0,0.0,-0.0,0.0,1,,Communication Services,1203578.0,218.75
QUAN,Quantum Int. Corp,0.041,6,8,8,5,5,5,5,42,-13.0,32.0,Poor,Stay away,45,7.0,-7.4,-0.1,50.2,2,,Technology,1155540.0,153187.44
OMMSF,Omineca Mining and Metals Ltd,0.051,8,4,8,6,6,7,5,44,-15.0,32.0,Poor,Stay away,32,3.6,-4.6,-0.6,49.5,1,,Basic Materials,13762050.0,55442.96
PHCLF,Pure Hydrogen Corporation Limited,0.068,19,3,6,13,6,7,5,59,-27,32,Poor,Stay away,60,68.8,101.5,40.7,89.6,3,3,Energy,27441136.0,2492.05
AQUI,Aquagold International Inc,0.061,9,2,4,8,3,5,3,34,-5.0,32.0,Poor,Stay away,37,0.0,0.0,-2.5,28.1,1,,Financial Services,3457747.0,294.46
GNCNF,Gencan Capital Inc,0.065,9,6,10,10,3,1,3,42,-13.0,32.0,Poor,Stay away,49,0.0,0.0,0.1,100.0,0,,Financial Services,1163927.0,100.87
BUBSF,Bubs Australia Limited,0.077,15,4,7,8,6,0,5,45,-13.0,32.0,Poor,Stay away,39,0.0,14.3,12.4,98.1,2,,Consumer Defensive,69205664.0,462.85
AMLM,American Lithium Minerals Inc,0.074,8,9,6,9,4,3,2,41,-7.0,32.0,Poor,Stay away,25,6.4,-0.7,1.3,50.1,2,,Basic Materials,7262826.0,157200.58
SKKFF,Strikewell Energy Corp,0.08,12,6,10,6,3,2,3,42,-15.0,32.0,Poor,🔥 COILED: Stay away,54,0.0,0.0,0.0,50.0,1,,Energy,690148.0,0.0
CFSU,Complete Fin Solu,0.118,10,12,3,7,4,2,2,40,-11.0,32.0,Poor,Stay away,56,68.6,-1.7,11.3,53.1,1,7,Financial Services,118906232.0,22300.88
ANICF,Anonymous Intelligence Company Inc.,0.112,1,11,3,11,3,2,2,33,-6.0,32.0,Poor,Stay away,25,11.6,-19.7,-0.4,49.1,1,,Technology,3770663.0,4971.02
RDYFF,Ready Set Gold Corp,0.109,9,7,11,6,4,2,3,42,-15.0,32.0,Poor,🔥 COILED: Stay away,54,0.0,0.0,0.0,50.0,1,,Basic Materials,2337558.0,305.0
FCRM,Franklin Credit Management Corporation,0.12,20,9,5,8,6,10,5,63,-27,32,Poor,Stay away,69,96.7,96.7,72.3,90.2,3,3,Financial Services,1202585.0,1716.0
KENYF,KENYF,0.125,10,4,5,12,3,0,2,36,-4.0,32.0,Poor,Stay away,52,-5.3,-9.4,-5.0,47.7,0,,nan,nan,16519.37
LEIC,Lead Innovation Corp,0.151,6,3,10,7,3,2,3,34,-5.0,32.0,Poor,Stay away,32,0.0,0.0,-0.0,0.0,1,,Industrials,79492544.0,0.0
ADIA,Adia Nutrition Inc,0.15,4,2,8,12,3,0,2,31,0.0,32.0,Poor,Stay away,41,-11.8,0.0,-6.5,43.8,0,,Financial Services,14160705.0,48733.32
MANVF,Manning Ventures Inc,0.15,12,6,11,10,3,2,3,47,-18.0,32.0,Poor,Stay away,52,0.0,0.0,0.0,99.8,1,,Basic Materials,857249.0,41.5
UYSCR,UY Scuti Acquisition Corp.,0.17,7,13,6,2,3,4,5,40,-8.0,32.0,Poor,Stay away,37,14.7,13.3,10.7,52.4,2,,nan,nan,0.0
AUHIF,Advance United Holdings Inc,0.202,5,4,9,8,0,5,3,34,-5.0,32.0,Poor,Stay away,22,0.0,0.0,-2.1,7.1,1,,Basic Materials,4747810.0,703.89
VPGLF,Value Partners Group Ltd,0.29,8,3,11,8,3,6,3,42,-13.0,32.0,Poor,Stay away,0,0.0,0.0,0.0,82.1,0,,Financial Services,575413632.0,0.0
PXCLY,Phoenix Copper Limited,0.252,13,4,8,12,6,2,5,50,-18.0,32.0,Poor,Stay away,37,0.0,0.0,2.4,98.4,1,,Basic Materials,7519415.0,406.31
GXSBY,Geox SpA ADR,0.327,10,6,11,7,3,2,3,42,-13.0,32.0,Poor,Stay away,38,0.0,0.0,0.0,99.8,1,,Consumer Cyclical,119701136.0,35.0
TGMR,Troy Gold & Mineral Corp,0.345,15,2,8,8,4,2,3,42,-13.0,32.0,Poor,Stay away,51,0.0,0.0,4.7,91.6,0,,Basic Materials,216061.0,160.71
GHYLF,GHYLF,0.35,14,4,6,5,5,3,5,42,-10.0,32.0,Poor,Stay away,50,6.1,-10.3,4.3,55.4,0,,nan,63159000.0,2254.34
EVGUF,Evergold Corp,0.39,14,4,12,12,6,2,5,55,-23.0,32.0,Poor,Stay away,54,11.4,11.4,6.8,77.6,3,,Basic Materials,8884220.0,1715.89
PSDMF,Gaming Realms plc,0.42,5,4,9,8,3,1,2,32,0.0,32.0,Poor,Stay away,35,0.0,0.0,-0.8,33.8,0,,Communication Services,114629256.0,4158.0
EBQLF,EBQLF,0.4,5,4,9,8,1,2,3,32,-5.0,32.0,Poor,🔥 COILED: Stay away,32,0.0,0.0,0.0,50.0,1,,Communication Services,55581076.0,52000.0
MIVOF,Miivo Holdings Corp.,0.413,8,3,9,7,3,1,3,34,-5.0,32.0,Poor,Stay away,15,0.0,0.0,-0.0,0.0,1,,Financial Services,15949688.0,0.0
PCPJ,PaperClip Incorporated,0.47,6,7,10,5,3,3,3,37,-10.0,32.0,Poor,🔥 COILED: Stay away,30,0.0,0.0,0.1,47.7,0,,Technology,nan,2062.5
WWNTF,Want Want China Holdings Limited,0.54,5,3,5,9,3,1,3,29,0.0,32.0,Poor,Stay away,26,0.0,0.0,-0.0,0.0,0,,Consumer Defensive,8023763456.0,288.0
IESVF,Invinity Energy Systems plc,0.525,18,11,3,5,7,7,5,56,-24.0,32.0,Poor,Stay away,67,31.2,0.9,15.9,65.3,1,,Industrials,298516864.0,19251.83
DRTTF,DIRTT Environmental Solutions Ltd,0.525,3,13,5,7,6,0,2,36,-5.0,32.0,Poor,Stay away,30,0.2,-4.5,-2.0,45.3,1,,Industrials,101682488.0,50271.2
TRXA,Trex Acquisition Corp,0.51,3,3,10,7,3,5,3,34,-5.0,32.0,Poor,Stay away,19,0.0,0.0,-4.7,7.1,1,,Financial Services,15376469.0,77.4
NTRX,"Entrex Carbon Market, Inc",0.502,5,5,7,7,5,3,2,34,-5.0,32.0,Poor,Stay away,36,0.0,0.0,-7.4,40.2,1,,Financial Services,7975769.0,1227.42
CEIEF,Coelacanth Energy Inc.,0.593,1,12,2,10,3,3,2,33,-4.0,32.0,Poor,Stay away,28,-0.9,-5.4,-1.8,41.3,1,,Energy,376016864.0,20427.21
TIGXF,TIGXF,0.56,9,6,10,10,3,1,3,42,-13.0,32.0,Poor,Stay away,44,0.0,0.0,0.0,100.0,0,,Communication Services,140076224.0,590.68
MEIUF,Meitu Inc,0.611,4,3,4,9,3,3,3,29,0.0,32.0,Poor,Stay away,21,0.0,0.0,-0.8,0.0,0,,Communication Services,2777629440.0,22.54
RVPH,Reviva Pharmaceuticals Holdings Inc.,0.61,9,9,2,8,5,4,5,42,-8.0,32.0,Poor,Stay away,27,-19.7,-0.4,-2.9,47.9,1,,Healthcare,7997330.0,497653.7
VTGN,VistaGen Therapeutics Inc,0.67,17,8,3,11,5,2,5,51,-19.0,32.0,Poor,Stay away,48,17.6,15.6,9.8,60.2,3,,Healthcare,27499948.0,1358155.09
HKSHF,The Hongkong and Shanghai Hotels Limited,0.8,9,6,11,7,0,6,3,42,-13.0,32.0,Poor,Stay away,54,0.0,0.0,0.0,87.0,0,,Consumer Cyclical,1203197312.0,41.5
FGOVF,Freegold Ventures Limited,0.802,8,10,5,7,3,2,4,39,-7.0,32.0,Poor,Stay away,23,12.6,-2.2,2.1,50.9,1,,Basic Materials,463316800.0,272870.43
AIJTY,Jianpu Technology Inc.,0.89,1,4,3,8,6,3,4,29,0.0,32.0,Poor,Stay away,30,-5.6,-5.6,-2.7,43.1,0,,Financial Services,17823300.0,7012.25
PTMGF,Platinum Investment Management Limited,0.9,9,6,11,7,4,2,3,42,-13.0,32.0,Poor,Stay away,54,0.0,0.0,0.0,98.4,0,,Financial Services,2309896448.0,178.25
PMMCF,Pampa Metals Corporation,0.925,14,12,3,4,7,3,4,47,-13.0,32.0,Poor,Stay away,64,14.2,-3.9,5.9,56.8,2,,Basic Materials,252885936.0,85009.73
XAARF,Xaar plc,0.92,5,4,9,7,3,1,3,32,-5.0,32.0,Poor,🔥 COILED: Stay away,25,0.0,0.0,0.0,50.0,1,,Technology,72195440.0,180.0
CGMXX,Columbia Funds Series Trust II  - Columbia Government Money Market Fund,1.0,12,6,4,6,4,2,3,37,-10.0,32.0,Poor,🔥 COILED: Stay away,37,0.0,0.0,0.0,51.9,0,,nan,nan,0.0
IDYXX,Columbia Funds Series Trust II  - Columbia Government Money Market Fund,1.0,12,6,4,6,4,2,3,37,-10.0,32.0,Poor,🔥 COILED: Stay away,37,0.0,0.0,0.0,51.0,0,,nan,nan,0.0
ATWT,ATWEC Technologies Inc,0.003,19,7,2,9,5,3,5,50,-16.5,31.5,Poor,Stay away,62,9.7,-2.9,30.2,60.6,1,,Industrials,2915910.0,1338985.9
UOKAF,MDJM Ltd,0.42,9,6,7,16,6,0,5,49,-15.5,31.5,Poor,Stay away,40,25.0,-0.7,22.2,56.6,1,,Consumer Cyclical,605870.0,199042.56
LVCLF,Living Cell Technologies Limited,0.008,15,2,3,5,6,1,4,36,-10.0,31.0,Poor,🔥 COILED: Stay away,41,0.0,-3.6,0.6,51.4,0,,Healthcare,16386869.0,15369.26
PRVCF,PreveCeutical Medical Inc,0.009,7,7,0,9,0,6,2,31,0.0,31.0,Poor,Stay away,13,-12.5,-17.3,-23.2,45.1,0,,Healthcare,10498181.0,50236.16
BAKPF,Global Oil & Gas Limited,0.005,4,6,3,9,3,4,2,31,0.0,31.0,Poor,Stay away,30,0.0,51.5,-5.0,36.7,2,,Energy,4245631.0,61.63
IPSI,Innovative Payment Solutions Inc,0.004,3,2,8,8,3,2,3,29,2.0,31.0,Poor,Stay away,19,0.0,0.0,-3.3,41.3,0,,Technology,3801451.0,1650871.0
USDC,USDATA Corp,0.001,9,6,11,6,4,2,3,41,-15.0,31.0,Poor,🔥 COILED: Stay away,51,0.0,0.0,0.0,50.0,1,,Communication Services,3115152.0,415.5
BGRP,Bluestem Group Inc,0.01,5,3,10,7,3,2,3,33,-5.0,31.0,Poor,Stay away,33,0.0,0.0,-0.0,35.6,1,,Consumer Cyclical,1340050.0,1093.5
LSLCF,Lachlan Star Limited,0.003,8,6,10,9,3,1,3,40,-5.0,31.0,Poor,Stay away,26,0.0,0.0,-0.0,23.1,1,,Basic Materials,1003202.0,24.77
GXXY,Galexxy Holdings Inc,0.001,3,3,10,8,3,3,3,33,-5.0,31.0,Poor,Stay away,9,0.0,0.0,-4.0,27.1,1,,Healthcare,369605.0,15894.94
BGACF,BioNeutra Global Corporation,0.006,5,3,10,7,3,2,3,33,-5.0,31.0,Poor,Stay away,30,0.0,0.0,-0.0,0.0,1,,Consumer Defensive,260113.0,14.09
CRSQ,Corporate Restaurant Concepts Inc,0.006,5,3,10,7,3,2,3,33,-5.0,31.0,Poor,Stay away,30,0.0,0.0,-0.0,0.2,1,,Financial Services,258763.0,22.5
AMNCB,Amincor Inc,0.004,5,3,10,7,3,2,3,33,-5.0,31.0,Poor,Stay away,33,0.0,0.0,-0.0,0.0,1,,Consumer Defensive,136211.0,944.0
WTCRF,Western Troy Capital Resources Inc,0.002,10,6,11,6,3,2,3,41,-15.0,31.0,Poor,🔥 COILED: Stay away,50,0.0,0.0,0.0,50.0,1,,Basic Materials,104242.0,0.0
ZTTO,Zitto Inc,0.009,9,7,11,6,3,2,3,41,-15.0,31.0,Poor,🔥 COILED: Stay away,31,0.0,0.0,0.0,46.0,1,,Financial Services,59854.0,12.51
PGPGF,Power Group Projects Corp,0.002,5,3,10,7,3,2,3,33,-5.0,31.0,Poor,Stay away,34,0.0,0.0,-0.0,0.0,1,,Basic Materials,35607.0,4.0
BOTH,Bioethics Ltd,0.005,5,3,10,7,3,2,3,33,-5.0,31.0,Poor,Stay away,32,0.0,0.0,-0.0,0.0,1,,Financial Services,18360.0,23.69
TOGIW,TOGIW,0.002,1,7,7,10,4,0,5,34,-1.0,31.0,Poor,Stay away,43,0.0,8.7,2.2,50.2,2,,nan,nan,495530.55
SSTPW,"System1, Inc.",0.001,3,5,7,9,3,0,2,29,2.0,31.0,Poor,Stay away,33,7.7,40.0,-31.7,46.9,2,,nan,nan,0.0
SUNTF,Suncorp Technologies Limited,0.013,14,4,6,12,3,0,5,44,-13.0,31.0,Poor,Stay away,51,0.0,36.8,13.8,100.0,2,,Industrials,20000976.0,129.85
VMST,"VeeMost Technologies Holdings, Inc.",0.019,9,12,5,12,2,6,2,48,-15.0,31.0,Poor,Stay away,52,8.4,20.6,1.9,50.1,3,,Technology,7127255.0,665156.77
AUVGF,Australian Vintage Ltd,0.014,7,3,9,7,3,1,3,33,-5.0,31.0,Poor,Stay away,17,0.0,0.0,-2.3,0.0,1,,Consumer Defensive,4546588.0,8.4
VSBC,VitaSpring Biomedical Co. Ltd,0.011,7,3,9,7,3,1,3,33,-5.0,31.0,Poor,Stay away,16,0.0,0.0,-1.2,0.0,1,,Healthcare,2298033.0,51.88
GNTOF,Gentor Resources Inc,0.02,5,3,10,7,3,2,3,33,-5.0,31.0,Poor,Stay away,33,0.0,0.0,-0.0,0.0,1,,Basic Materials,778134.0,30.0
CHMP,Champion Industries Inc,0.02,9,6,11,6,4,2,3,41,-15.0,31.0,Poor,🔥 COILED: Stay away,51,0.0,0.0,0.0,50.0,1,,Industrials,1129.0,4.01
BLBRF,Bloomberry Resorts Corporation,0.021,3,4,8,12,3,3,3,36,-5.0,31.0,Poor,Stay away,12,0.0,0.0,-7.8,0.2,1,,Consumer Cyclical,242031024.0,5162.5
HYSR,SunHydrogen Inc.,0.024,1,10,3,10,5,0,2,31,2.0,31.0,Poor,Stay away,27,-1.7,-5.6,-3.3,44.4,1,,Technology,126015112.0,8992037.9
BXPHF,Botanix Pharmaceuticals Limited,0.024,5,8,4,11,3,3,2,36,-5.0,31.0,Poor,Stay away,22,8.1,7.1,0.8,49.8,1,,Healthcare,65612740.0,14002.66
ASASF,Asia Standard International Group Limited,0.03,5,3,10,7,3,2,3,33,-5.0,31.0,Poor,Stay away,31,0.0,0.0,-0.0,0.0,1,,Financial Services,42619056.0,2420.0
IBXXF,Imagion Biosystems Limited,0.03,17,4,6,14,6,2,5,54,-23.0,31.0,Poor,Stay away,50,0.0,0.0,28.4,99.0,1,,Healthcare,21386976.0,3760.14
ARAT,Arax Holdings Corp,0.026,13,5,6,12,6,2,5,49,-18.0,31.0,Poor,Stay away,51,0.0,0.0,19.4,99.0,1,,Technology,3628544.0,285.5
CISCF,Ciscom Corp.,0.03,10,2,5,9,3,4,5,38,-7.0,31.0,Poor,Stay away,43,-1.3,4.9,5.1,60.3,1,,Technology,1788563.0,13257.1
TAAG,Awareness Group,0.023,17,3,10,14,6,6,5,61,-30,31,Poor,Stay away,47,30.3,26.7,19.8,84.8,3,,Communication Services,1359081.0,30583.99
SQZB,SQZ Biotechnologies Company,0.024,6,3,9,9,1,2,3,33,-5.0,31.0,Poor,Stay away,38,0.0,0.0,-0.0,45.3,1,,Healthcare,707787.0,3020.29
ACGX,"Alliance Creative Group, Inc",0.029,4,12,8,3,3,1,3,34,-6.0,31.0,Poor,Stay away,26,-3.6,-3.6,-1.8,42.7,1,,Consumer Cyclical,202477.0,23304.78
SHRG,Sharing Services Global Corp,0.022,7,3,8,8,0,4,3,33,-5.0,31.0,Poor,Stay away,24,0.0,0.0,-0.0,30.0,1,,Consumer Defensive,7121.0,16.6
AGPYF,Agile Group Holdings Limited,0.04,5,3,10,7,3,2,3,33,-5.0,31.0,Poor,Stay away,31,0.0,0.0,-0.0,0.0,1,,Real Estate,797275584.0,61.5
IFUS,Impact Fusion International Inc,0.038,5,9,1,10,7,4,2,38,-5.0,31.0,Poor,Stay away,48,17.3,0.0,-1.6,48.9,1,,Communication Services,20521088.0,375659.94
ARHLF,archTIS Limited,0.039,3,3,10,8,3,3,3,33,-5.0,31.0,Poor,Stay away,19,0.0,0.0,-2.1,2.2,1,,Technology,19177716.0,1896.13
GCLMF,GCM Resources Plc,0.04,5,3,10,7,3,2,3,33,-5.0,31.0,Poor,Stay away,36,0.0,0.0,-0.0,26.7,1,,Energy,9941475.0,0.0
MATEF,Blockmate Ventures Inc.,0.039,15,6,3,11,5,5,5,50,-19.0,31.0,Poor,Stay away,51,13.8,18.7,16.4,61.6,3,,Financial Services,5885486.0,16211.89
PITEF,Heramba Electric plc,0.038,10,6,11,8,3,2,3,43,-15.0,31.0,Poor,Stay away,51,0.0,0.0,0.0,84.7,1,,Industrials,475494.0,5931.83
MMIRF,MedMira Inc,0.049,17,9,7,10,6,8,5,62,-27,31,Poor,Stay away,46,302.5,302.5,189.2,91.4,2,3,Healthcare,34174280.0,2207.67
MIRXF,Serrano Resources Ltd,0.05,3,3,9,7,0,3,3,28,0.0,31.0,Poor,Stay away,10,0.0,0.0,-1.8,0.0,0,,Energy,3696784.0,31.4
KOGMF,KGL Resources Ltd,0.05,8,3,9,7,1,2,3,33,-5.0,31.0,Poor,Stay away,40,0.0,0.0,-0.0,0.7,1,,Basic Materials,1125331.0,189.75
MRPT,MacReport.Net Inc,0.045,7,3,5,9,3,3,3,33,-5.0,31.0,Poor,Stay away,32,0.0,0.0,-0.0,0.8,1,,Communication Services,811820.0,160.9
HPSIF,HPSIF,0.057,17,9,7,15,4,4,5,61,-30,31,Poor,Stay away,67,9.2,29.9,16.7,71.0,3,,Industrials,5919304.0,67593.29
BMPA,BMP AI Technologies Inc.,0.051,1,6,6,11,0,0,2,26,2.0,31.0,Poor,Stay away,25,-15.0,-48.9,-20.6,46.0,1,,Technology,10195.0,48677.57
SEEMF,Seeing Machines Limited,0.062,11,12,4,8,6,6,2,49,-16.0,31.0,Poor,Stay away,58,21.4,14.8,6.4,53.8,3,,Technology,269737536.0,132075.48
AULSF,AULSF,0.07,8,4,9,6,4,2,3,36,-10.0,31.0,Poor,🔥 COILED: Stay away,37,0.0,0.0,-0.0,48.1,0,,Healthcare,35880740.0,8.75
ZCTSF,Zacatecas Silver Corp,0.062,14,5,4,9,3,4,5,44,-13.0,31.0,Poor,Stay away,43,3.3,6.9,6.2,56.7,1,,Basic Materials,13155198.0,206690.81
ADMT,Adm Tronics Unltd,0.07,5,3,5,10,4,2,2,31,0.0,31.0,Poor,Stay away,25,0.0,0.0,-2.4,40.4,0,,Healthcare,4731194.0,17606.99
CRSTF,Crest Resources Inc,0.07,11,5,8,7,3,3,4,41,-13.0,31.0,Poor,Stay away,50,0.0,0.0,0.5,99.9,0,,Basic Materials,2589992.0,106.01
RKGXF,Road King Infrastructure Limited,0.08,5,3,10,7,3,2,3,33,-5.0,31.0,Poor,Stay away,32,0.0,0.0,-0.0,0.2,1,,Real Estate,171040736.0,95.0
PHRZF,Pharol SGPS S.A,0.08,18,9,5,8,6,8,5,59,-28.0,31.0,Poor,Stay away,50,14.3,14.3,11.4,80.7,3,,Communication Services,57527608.0,16054.33
OPWEF,Opawica Explorations Inc,0.075,3,3,8,11,5,1,2,33,-5.0,31.0,Poor,Stay away,38,-6.2,-3.5,-6.8,43.9,1,,Basic Materials,2950408.0,0.0
SOLCF,SOL Global Investments Corp,0.073,18,14,5,8,7,2,5,59,-28,31,Poor,Stay away,53,46.0,17.6,52.8,57.5,4,,Financial Services,1942695.0,17717.55
AGNMF,Agronomics Limited,0.09,3,5,8,8,1,4,2,31,-3.0,31.0,Poor,Stay away,44,4.0,0.0,-0.3,49.6,1,,Financial Services,97504304.0,61933.94
INTI,Inhibitor Therapeutics Inc,0.085,10,7,9,4,3,3,5,41,-15.0,31.0,Poor,🔥 COILED: Stay away,45,0.0,1.2,0.6,50.8,1,,Healthcare,14668752.0,16064.81
CPKOF,Castle Peak Mining Ltd,0.083,9,6,11,8,4,2,3,43,-15.0,31.0,Poor,Stay away,53,0.0,0.0,0.1,97.3,1,,Basic Materials,1597279.0,231.16
PLCKF,Plurilock Security Inc,0.093,10,5,5,14,1,0,5,40,-9.0,31.0,Poor,Stay away,33,0.0,4.5,5.9,60.3,1,,Technology,10386331.0,72569.17
AGYTF,Allergy Therapeutics plc,0.13,17,4,5,10,6,2,5,49,-18.0,31.0,Poor,Stay away,60,0.0,0.0,4.4,100.0,1,,Healthcare,823228800.0,900.0
MGPRF,Cover Technologies Inc,0.14,14,3,8,14,4,1,5,49,-18.0,31.0,Poor,Stay away,45,0.0,0.0,5.3,81.7,1,,Industrials,18666270.0,4858.66
NICOF,NICO Resources Limited,0.13,10,3,10,6,4,7,3,43,-15.0,31.0,Poor,Stay away,38,0.0,0.0,-0.7,3.1,1,,Basic Materials,17783258.0,49.97
CVVIF,Sociedad Comercial del Plata S.A,0.14,10,6,11,6,3,2,3,41,-15.0,31.0,Poor,🔥 COILED: Stay away,34,0.0,0.0,0.0,50.0,1,,Industrials,11900000.0,0.0
EDWZF,Edgewater Exploration Ltd,0.1,9,5,10,11,1,2,3,41,-13.0,31.0,Poor,Stay away,46,0.0,0.0,0.0,100.0,0,,Basic Materials,3892360.0,369.0
ARCUF,Arcus Development Group Inc,0.1,7,6,11,6,1,2,3,36,-10.0,31.0,Poor,🔥 COILED: Stay away,46,0.0,0.0,0.0,50.0,0,,Basic Materials,2122114.0,0.0
MGCV,MGC Ventures Inc,0.11,10,6,11,9,3,4,3,46,-18.0,31.0,Poor,Stay away,56,0.0,0.0,0.0,95.3,1,,Basic Materials,1642531.0,344.0
CSBI,Carroll Shelby International Inc,0.181,12,5,5,14,6,3,5,50,-19.0,31.0,Poor,Stay away,62,0.0,0.0,17.9,66.9,1,,Consumer Cyclical,860482752.0,2599.82
FLNCF,Freelancer Limited,0.18,2,3,7,10,3,4,2,31,0.0,31.0,Poor,Stay away,32,0.0,-18.2,-7.0,19.5,0,,Communication Services,81164680.0,3572.02
SGMO,Sangamo Therapeutics Inc,0.174,2,7,3,8,2,7,5,34,-3.0,31.0,Poor,Stay away,22,16.3,-16.9,-0.5,48.4,1,,Healthcare,70429104.0,7086675.61
DEMCF,Discovery Energy Metals Corp.,0.192,17,10,4,17,6,4,5,63,-30,31,Poor,Stay away,67,16.6,58.6,21.8,60.8,3,,Basic Materials,14900300.0,29973.16
VRAX,Virax Biolabs Group Limited Ordinary Shares,0.173,5,10,2,8,4,0,2,31,-1.0,31.0,Poor,Stay away,26,-4.9,-12.6,-8.4,46.0,1,,Healthcare,3446753.0,11370295.92
JNCCF,JNC Resources Inc,0.152,12,6,11,10,3,4,3,49,-18.0,31.0,Poor,Stay away,63,0.0,0.0,0.0,93.5,1,,Basic Materials,1574181.0,35.01
CHSTF,China High Speed Transmission Equipment Group Co. Ltd,0.206,9,6,11,6,4,2,3,41,-15.0,31.0,Poor,🔥 COILED: Stay away,51,0.0,0.0,0.0,50.0,1,,Industrials,337360640.0,19.63
SPAUF,Spanish Mountain Gold Ltd.,0.23,8,4,5,9,3,2,2,33,-5.0,31.0,Poor,Stay away,51,4.5,-8.0,-3.0,46.6,1,,Basic Materials,120824568.0,248514.74
DAZSF,Da Ai Zhi Shui International Holding Group Ltd,0.24,19,5,5,14,3,1,5,52,-21,31,Poor,Stay away,0,140.0,34.2,20.8,63.1,2,9,Consumer Cyclical,41760000.0,0.0
JZRIF,Jazz Resources Inc,0.21,13,5,11,14,4,2,5,54,-23.0,31.0,Poor,Stay away,33,28.0,28.0,14.1,58.8,4,,Basic Materials,16642093.0,43004.71
HGGCF,Highway 50 Gold Corp,0.2,8,3,10,8,0,1,3,33,-5.0,31.0,Poor,Stay away,22,0.0,0.0,-0.0,0.8,1,,Basic Materials,8906459.0,476.72
LTFD,Littlefield Corporation,0.2,12,6,9,7,1,6,3,44,-18.0,31.0,Poor,🔥 COILED: Stay away,45,0.0,0.0,0.4,100.0,1,,Consumer Cyclical,3479945.0,232.56
IWINQ,"Irwin Naturals, Inc.",0.21,9,7,10,6,4,2,3,41,-15.0,31.0,Poor,🔥 COILED: Stay away,39,0.0,0.0,0.0,42.5,1,,Healthcare,736487.0,1.18
ASPSZ,Altisource Portfolio Solutions S.A.,0.21,3,6,6,12,3,0,3,33,0.0,31.0,Poor,Stay away,35,-8.3,18.3,-1.3,49.2,2,,nan,nan,15412.59
DIPGF,Datang International Power Generation Co. Ltd,0.27,7,3,11,8,3,6,3,41,-13.0,31.0,Poor,Stay away,50,0.0,0.0,0.0,90.4,0,,Utilities,4466448384.0,0.0
PTAIF,PT Astra International Tbk,0.275,3,9,4,7,3,3,2,31,0.0,31.0,Poor,Stay away,0,3.2,3.2,-3.3,35.4,0,,Industrials,11005530112.0,0.0
BIRNF,BCI Minerals Limited,0.25,10,6,11,6,3,2,3,41,-15.0,31.0,Poor,🔥 COILED: Stay away,50,0.0,0.0,0.0,50.0,1,,Basic Materials,528764384.0,0.0
HZRGF,Hazer Group Limited,0.251,13,6,7,4,6,2,5,43,-15.0,31.0,Poor,Stay away,30,0.0,0.0,0.9,58.0,1,,Basic Materials,67229808.0,308.0
GSRFF,Golden Shield Resources Inc,0.261,17,4,8,16,4,2,5,56,-25.0,31.0,Poor,Stay away,63,12.3,11.4,6.8,78.9,3,,Basic Materials,3444458.0,1965.43
BMLQF,Boab Metals Ltd,0.319,16,6,7,11,4,1,5,50,-19.0,31.0,Poor,Stay away,44,29.7,7.1,11.5,61.8,2,,Basic Materials,183684096.0,18483.47
SNLKF,Sinolink Worldwide Holdings Limited,0.326,7,6,10,9,4,2,3,41,-13.0,31.0,Poor,Stay away,42,0.0,0.0,0.0,95.8,0,,Real Estate,142249184.0,277.78
NMTAY,Neometals Ltd,0.3,11,7,8,14,4,2,2,48,-20.0,31.0,Poor,Stay away,31,0.0,20.0,5.6,58.2,3,,Industrials,25270998.0,502.15
CXDEF,CXDEF,0.327,9,6,11,7,4,6,3,46,-18.0,31.0,Poor,Stay away,51,0.0,0.0,0.0,84.9,1,,Financial Services,1896799.0,34.62
GPUS,"Hyperscale Data, Inc.",0.359,17,6,2,15,7,2,5,54,-19,31,Poor,🛑 HIGH EXHAUSTION: Stay away,61,111.2,79.5,62.9,69.5,2,10,Industrials,165716912.0,62558813.98
HOVRW,New Horizon Aircraft Ltd,0.39,6,5,3,9,5,5,5,38,-7.0,31.0,Poor,Stay away,47,-5.3,6.1,-2.6,49.1,0,,nan,nan,97313.56
CEBCF,China Everbright Bank Company Ltd,0.425,13,7,5,6,4,1,2,38,-12.0,31.0,Poor,🔥 COILED: Stay away,26,0.0,6.2,1.6,58.1,0,,Financial Services,25111359488.0,8949.02
FOSUF,Fosun International Ltd,0.43,5,3,10,7,3,2,3,33,-5.0,31.0,Poor,Stay away,31,0.0,0.0,-0.0,0.8,1,,Industrials,3471033344.0,12.5
HUABF,Huabao International Holdings Limited,0.501,10,6,11,6,3,2,3,41,-15.0,31.0,Poor,🔥 COILED: Stay away,0,0.0,0.0,0.0,50.0,1,,Basic Materials,822277056.0,0.0
LDDD,Longduoduo Company Limited,0.51,5,4,6,9,3,1,3,31,-5.0,31.0,Poor,🔥 COILED: Stay away,30,0.0,0.0,-0.0,47.6,1,,Healthcare,15307668.0,45.83
GPACW,Global Partner Acquisition Corp II Warrant,0.534,11,14,3,9,3,6,5,51,-21,31,Poor,Stay away,0,100.0,16.7,28.8,53.4,2,9,nan,nan,0.0
FRIVF,Fortune Real Estate Investment Trust,0.663,7,3,11,10,3,4,3,41,-13.0,31.0,Poor,Stay away,47,0.0,0.0,0.0,90.4,1,,Real Estate,1367221760.0,0.0
CFOO,China Foods Holdings Ltd,0.664,5,3,10,7,3,2,3,33,-5.0,31.0,Poor,Stay away,34,0.0,0.0,-0.0,0.0,1,,Consumer Defensive,13445508.0,0.12
SPPJY,Sappi Ltd ADR,0.74,6,7,3,9,2,2,2,31,-5.0,31.0,Poor,Stay away,23,1.4,-5.1,-7.1,38.0,1,,Basic Materials,449240992.0,8536.37
GBR,New Concept Energy Inc,0.754,6,8,6,12,2,0,2,36,-3.0,31.0,Poor,Stay away,30,0.5,0.5,-0.2,48.7,1,,Real Estate,3869478.0,394781.42
LNDNF,Lundin Energy AB,0.88,10,6,11,10,3,6,3,49,-18.0,31.0,Poor,Stay away,51,0.0,0.0,0.0,98.9,1,,Utilities,251596560.0,177.8
NPPXF,Nippon Telegraph & Telephone Corp,0.92,2,4,5,10,4,1,2,28,0.0,31.0,Poor,Stay away,22,-2.1,-4.2,-1.4,44.1,1,,Communication Services,74909736960.0,153493.5
FEBO,Fenbo Holdings Limited Ordinary Shares,0.953,7,7,1,15,2,2,2,36,-3.0,31.0,Poor,Stay away,28,-9.3,7.2,-2.2,47.9,1,,Technology,10538138.0,54171.38
OXBR,Oxbridge Re Holdings Ltd,0.955,12,5,3,7,1,7,3,38,-7.0,31.0,Poor,Stay away,31,9.1,3.8,1.7,51.3,1,,Financial Services,7735192.0,234517.88
BONL,Bonal International Inc,0.99,7,5,1,10,4,2,2,31,0.0,31.0,Poor,Stay away,31,-1.0,-1.0,-1.9,44.9,0,,Industrials,1730442.0,263.63
TMCXX,BlackRock Liquidity Funds - TempCash,1.0,5,5,10,6,3,2,3,34,-8.0,31.0,Poor,🔥 COILED: Stay away,35,0.0,0.0,-0.0,42.6,0,,nan,nan,0.0
ICABF,i-CABLE Communications Limited,0.003,15,4,6,10,6,2,5,48,-18.0,30.0,Poor,Stay away,48,0.0,0.0,10.7,100.0,1,,Communication Services,418095360.0,188.12
DVNHF,Frontier Services Group Limited,0.009,5,3,8,7,3,3,3,32,-5.0,30.0,Poor,Stay away,40,0.0,0.0,-0.1,33.5,1,,Industrials,22231320.0,0.0
MGTI,MGT Capital Investments Inc,0.002,4,7,1,8,4,2,2,28,2.0,30.0,Poor,Stay away,36,13.3,-26.1,-12.7,43.0,0,,Financial Services,8781641.0,957997.27
CWLK,"Starstream Entertainment, Inc.",0.005,13,14,5,9,5,2,5,53,-23.0,30.0,Poor,Stay away,56,20.0,60.0,19.7,58.5,4,,Industrials,1375051.0,164883.0
BTZI,Mcig Inc,0.002,8,6,2,9,3,0,2,30,-3.0,30.0,Poor,Stay away,24,-39.3,-15.0,-10.3,48.8,1,,Technology,1326638.0,300676.63
TBIXF,TrustBIX Inc,0.009,3,3,9,8,3,3,3,32,-5.0,30.0,Poor,Stay away,17,0.0,0.0,-2.5,0.0,1,,Technology,1258111.0,2651.03
EMBYF,Nexera Energy Inc,0.003,7,7,10,6,3,4,3,40,-15.0,30.0,Poor,🔥 COILED: Stay away,38,0.0,0.0,-0.0,41.3,1,,Energy,560617.0,267.13
CYIO,CYIOS Corporation,0.001,0,6,7,8,4,0,5,30,0.0,30.0,Poor,Stay away,22,-12.5,-17.6,-13.0,41.8,0,,Healthcare,455751.0,1744392.07
FMPR,Fame Productions Inc,0.005,10,6,11,10,3,2,3,45,-18.0,30.0,Poor,Stay away,49,0.0,0.0,0.1,99.2,1,,Communication Services,204000.0,1164.5
RIVF,RIVF,0.001,9,5,5,7,3,1,5,35,-5.0,30.0,Poor,Stay away,23,0.0,0.0,-2.2,11.5,1,,Technology,122315.0,808.31
WLGSF,"WANG & LEE GROUP, Inc.",0.007,8,6,7,8,9,2,5,45,-16.0,30.0,Poor,Stay away,33,40.0,0.0,10.5,53.4,2,,Industrials,4891.0,637858.5
SLROF,Stellar Resources Limited,0.015,9,6,10,8,3,1,3,40,-13.0,30.0,Poor,Stay away,42,0.0,0.0,0.0,98.8,0,,Basic Materials,50722384.0,167.5
GVLMF,Greenvale Mining Limited,0.02,7,6,11,9,3,1,3,40,-13.0,30.0,Poor,Stay away,39,0.0,0.0,0.0,82.3,0,,Energy,15511294.0,31.96
ABCFF,Abacus Mining & Exploration Corporation,0.02,7,3,10,8,3,1,3,35,-5.0,30.0,Poor,Stay away,41,0.0,0.0,-0.8,39.9,1,,Basic Materials,3749125.0,52264.5
BSFAF,BSF Enterprise Plc,0.016,7,4,10,6,6,4,3,40,-15.0,30.0,Poor,🔥 COILED: Stay away,38,0.0,0.0,-0.0,48.4,1,,Healthcare,3099991.0,6963.48
SODE,Social Detention Inc,0.014,17,6,7,2,4,2,5,43,-13.0,30.0,Poor,Stay away,39,0.0,44.2,16.4,74.1,2,,Industrials,2736620.0,47617.32
ANAS,Alternaturals Inc,0.015,5,3,10,5,6,5,3,37,-10.0,30.0,Poor,Stay away,43,0.0,0.0,-1.0,35.5,0,,Financial Services,1563708.0,14460.02
TTNN,AgriSolar Solutions Inc,0.013,4,4,10,9,3,3,3,36,-5.0,30.0,Poor,Stay away,32,0.0,0.0,-0.6,44.5,1,,Energy,1423794.0,2449.0
CBMJ,Canna Consumer Goods Inc,0.014,6,15,5,10,3,2,2,43,-16.0,30.0,Poor,Stay away,27,27.3,16.7,6.9,50.5,3,,Communication Services,645598.0,60350.46
RMIAF,Automotive Finco Corp,0.011,8,3,10,5,3,5,3,37,-10.0,30.0,Poor,Stay away,25,0.0,0.0,-0.0,0.4,0,,Financial Services,219995.0,206.76
HSEEF,Hill Street Beverage Company Inc,0.011,5,3,10,9,0,2,3,32,-5.0,30.0,Poor,Stay away,30,0.0,0.0,-0.0,0.1,1,,Consumer Defensive,45774.0,321.45
CMMCF,OXE Marine AB (publ),0.03,3,3,9,8,3,3,3,32,-5.0,30.0,Poor,Stay away,20,0.0,0.0,-2.6,1.0,1,,Industrials,20791214.0,539.7
SARMF,Southern Arc Minerals Inc,0.03,9,6,11,8,4,4,3,45,-18.0,30.0,Poor,Stay away,56,0.0,0.0,0.0,99.4,1,,Basic Materials,1218038.0,88.02
PTEEF,Plaintree Systems Inc,0.03,4,3,10,8,3,1,3,32,-5.0,30.0,Poor,Stay away,17,0.0,0.0,-0.2,2.9,1,,Industrials,383880.0,1146.11
BCNWF,Bitcoin Well Inc.,0.036,9,8,5,5,2,6,5,40,-10.0,30.0,Poor,Stay away,21,-4.8,32.0,1.8,49.0,2,,Financial Services,12762826.0,56289.68
CHBOF,China Bozza Development Holdings Limited,0.033,7,3,10,5,4,5,3,37,-10.0,30.0,Poor,Stay away,23,0.0,0.0,-0.7,1.2,0,,Basic Materials,4009179.0,49714.0
MRRYF,Murray Income Trust Plc,0.037,7,6,11,7,4,2,3,40,-13.0,30.0,Poor,Stay away,45,0.0,0.0,0.0,89.3,0,,Technology,1582874.0,383.5
GSDT,Gsdt Fintech Group Inc,0.047,9,7,10,9,1,1,3,40,-13.0,30.0,Poor,Stay away,28,0.0,0.0,2.1,81.0,0,,Technology,70715848.0,1129.17
CCCHF,City Chic Collective Limited,0.05,8,3,10,7,0,1,3,32,-5.0,30.0,Poor,Stay away,18,0.0,0.0,-0.1,14.5,1,,Consumer Cyclical,19257890.0,201.0
GIPRW,Generation Income Properties Inc Warrant,0.048,14,16,5,3,8,5,4,55,-21.0,30.0,Poor,Stay away,40,5.5,0.8,8.2,52.1,2,,nan,nan,0.0
GRABW,Grab Holdings Limited Warrant,0.05,4,11,4,14,4,2,5,44,-14.0,30.0,Poor,Stay away,21,-9.1,-9.1,-2.4,46.2,1,,nan,nan,38215.74
BCUFF,Bell Copper Corporation,0.058,4,9,2,8,6,2,2,33,-6.0,30.0,Poor,Stay away,52,8.9,0.3,0.3,49.8,1,,Basic Materials,8323721.0,46875.24
COSRF,Cosigo Resources Ltd.,0.052,6,3,6,7,3,3,4,32,-5.0,30.0,Poor,Stay away,35,0.0,0.0,-2.3,38.9,1,,Basic Materials,7150551.0,3212.84
SIERF,Sierra Grande Minerals Inc,0.052,13,5,10,10,4,1,5,48,-18.0,30.0,Poor,Stay away,34,0.0,0.0,4.9,90.5,1,,Basic Materials,1538838.0,521.16
ENMHF,ENM Holdings Limited,0.061,20,11,4,7,6,4,5,57,-27,30,Poor,Stay away,63,104.0,22.4,58.9,72.7,2,3,Consumer Cyclical,49519760.0,870.38
WGLIF,Westward Gold Inc,0.074,6,7,3,7,5,2,2,32,-5.0,30.0,Poor,Stay away,39,9.1,-4.2,-1.6,48.2,2,,Basic Materials,17417840.0,209404.09
EREPF,Zonte Metals Inc,0.079,12,5,8,6,3,1,5,40,-10.0,30.0,Poor,Stay away,40,0.0,5.3,2.9,59.1,0,,Basic Materials,6723224.0,3552.0
MREYF,Monterey Minerals Inc,0.08,9,6,11,8,4,4,3,45,-18.0,30.0,Poor,Stay away,54,0.0,0.0,0.0,96.5,1,,Basic Materials,1295617.0,625.0
BINI,"Bollinger Innovations, Inc.",0.079,7,12,4,14,5,0,5,47,-20.0,30.0,Poor,Stay away,34,5.3,31.7,9.1,51.8,3,,Consumer Cyclical,40487.0,2235083.96
LPSIF,Legend Power Systems Inc,0.096,10,11,3,12,6,0,5,47,-13.0,30.0,Poor,Stay away,70,6.4,8.1,8.8,58.2,2,,Industrials,13001195.0,7270.22
MNULF,MNULF,0.127,9,6,10,6,4,2,3,40,-15.0,30.0,Poor,🔥 COILED: Stay away,49,0.0,0.0,0.0,50.0,1,,Real Estate,226334416.0,11.35
XIAXF,Xiabuxiabu Catering Management (China) Holdings Co. Ltd,0.138,7,6,10,9,4,2,3,41,-11.0,30.0,Poor,Stay away,45,0.0,0.0,0.0,78.2,1,,Consumer Cyclical,144595056.0,1.12
REXHF,Rex International Holding Limited,0.101,5,4,9,8,0,1,3,30,-5.0,30.0,Poor,🔥 COILED: Stay away,25,0.0,0.0,0.0,50.0,1,,Energy,137101536.0,24.5
GBRRF,Gabriel Resources Ltd,0.127,7,4,3,9,6,4,2,35,-5.0,30.0,Poor,Stay away,58,-12.7,-12.7,-7.5,39.2,1,,Basic Materials,35096488.0,3806.78
ISRJF,ReGen III Corp,0.129,5,3,10,7,3,1,3,32,-5.0,30.0,Poor,Stay away,30,0.0,0.0,-0.0,7.6,1,,Energy,19928282.0,731.0
VTXGF,VTXGF,0.13,14,4,6,9,6,2,4,45,-18.0,30.0,Poor,Stay away,35,0.0,3.0,1.3,95.8,1,,Industrials,16800378.0,9.34
GSTMF,Goldstorm Metals Corp,0.127,5,6,8,9,2,2,2,34,-5.0,30.0,Poor,Stay away,30,2.2,-4.3,-3.5,45.2,1,,Basic Materials,14537406.0,118342.47
LIANY,LianBio,0.111,4,4,1,12,3,2,4,30,0.0,30.0,Poor,Stay away,34,0.0,-20.1,-11.3,46.1,1,,Healthcare,12113009.0,51955.76
SNHO,Shonghoya Intl Group Inc,0.142,3,4,9,12,3,1,3,35,-5.0,30.0,Poor,Stay away,12,0.0,0.0,-9.5,38.3,1,,Financial Services,11965468.0,178.59
AMZE,Amaze Holdings Inc,0.146,7,14,8,2,6,2,3,42,-13.0,30.0,Poor,Stay away,29,10.4,-2.2,0.7,49.0,2,,Technology,6557578.0,8622028.88
MGN,Megan Holdings Limited Ordinary Shares,0.139,3,8,7,8,2,0,2,30,0.0,30.0,Poor,Stay away,18,-7.5,-5.6,-12.4,34.7,0,,Industrials,5135600.0,0.0
SVMFF,Silver Valley Metals Corp,0.134,4,13,2,11,2,2,2,36,-6.0,30.0,Poor,Stay away,33,39.4,-15.5,2.1,49.8,0,,Basic Materials,4681658.0,10829.54
SHMIF,SHMIF,0.104,9,6,11,10,3,3,3,45,-18.0,30.0,Poor,Stay away,36,0.0,0.0,0.0,92.8,1,,Basic Materials,3718157.0,301.48
RDACR,Rising Dragon Acquisition Corp. Rights,0.12,4,11,3,8,3,2,2,33,-1.0,30.0,Poor,Stay away,22,14.1,9.1,11.7,50.7,2,,nan,nan,0.0
ICABY,I-Cable Communications Ltd ADR,0.15,7,4,2,7,6,1,5,32,-5.0,30.0,Poor,Stay away,20,0.0,0.0,-1.3,48.0,1,,Communication Services,124606192.0,55.5
APMRF,Amper S.A.,0.226,9,6,11,8,1,2,3,40,-13.0,30.0,Poor,Stay away,51,0.0,0.0,0.0,96.6,0,,Technology,515314528.0,410.51
ECGFF,EcoGraf Limited,0.2,7,3,9,9,0,1,3,32,-5.0,30.0,Poor,Stay away,40,0.0,0.0,-0.2,29.5,1,,Basic Materials,92310240.0,79.47
ARGHF,Argo Group International Holdings Ltd,0.216,6,8,2,7,4,4,2,33,-3.0,30.0,Poor,Stay away,27,2.8,-0.0,0.6,49.2,2,,Technology,59406892.0,10565.47
WTCZF,Copper Lake Resources Ltd,0.249,10,10,5,6,6,2,2,41,-15.0,30.0,Poor,Stay away,51,-12.3,-12.3,7.2,54.3,1,,Basic Materials,2684292.0,0.0
PMIR,The PMI Group Inc,0.24,5,3,9,7,3,2,3,32,-5.0,30.0,Poor,Stay away,25,0.0,0.0,-0.0,0.0,1,,Financial Services,518610.0,18.0
JXFGF,Jinxin Fertility Group Limited,0.29,9,6,10,6,4,2,3,40,-15.0,30.0,Poor,🔥 COILED: Stay away,50,0.0,0.0,0.0,50.0,1,,Healthcare,744931328.0,54.69
GTHP,Guided Therapeutics Inc,0.29,16,6,8,16,7,5,5,63,-29,30,Poor,Stay away,50,42.9,27.2,28.7,69.4,3,,Healthcare,27995832.0,13762.55
RENGF,RENGF,0.29,7,7,5,9,3,2,2,35,-5.0,30.0,Poor,Stay away,33,3.6,-9.4,-4.4,41.9,1,,Basic Materials,11620076.0,2468.18
BPTSY,Biophytis S.A.,0.25,3,3,10,9,3,1,3,32,-5.0,30.0,Poor,Stay away,14,0.0,0.0,-0.9,3.0,1,,Healthcare,5988224.0,65.0
GCUMF,Gunnison Copper Corp,0.31,11,13,3,2,4,2,3,38,-8.0,30.0,Poor,Stay away,38,6.9,-1.0,1.1,50.5,1,,Basic Materials,156710544.0,461976.34
AGRZ,Agroz Inc. Ordinary Shares,0.348,7,11,8,8,3,2,4,43,-11.0,30.0,Poor,Stay away,32,15.2,16.0,8.5,55.2,3,,Consumer Defensive,7542372.0,0.0
PSSR,Passur Aerospace Inc,0.33,18,4,7,14,6,6,5,60,-30,30,Poor,Stay away,75,10.0,10.0,8.5,99.9,3,,Industrials,2544990.0,649.28
VMTHF,Venus Medtech (Hangzhou) Inc,0.422,12,6,11,8,3,2,3,45,-18.0,30.0,Poor,Stay away,59,0.0,0.0,0.0,98.1,1,,Healthcare,186062736.0,114.85
WAMFF,Western Alaska Minerals Corp,0.499,3,10,7,7,4,2,2,35,-3.0,30.0,Poor,Stay away,32,4.5,-4.0,-1.6,46.3,2,,Basic Materials,49448224.0,83410.3
TIGCF,Triumph Gold Corp,0.49,19,7,5,11,5,3,5,55,-25.0,30.0,Poor,Stay away,58,22.5,25.6,17.6,67.3,3,,Basic Materials,29869792.0,205670.37
PTPIF,PT. Chandra Asri Petrochemical Tbk,0.527,7,6,10,8,4,2,3,40,-13.0,30.0,Poor,Stay away,44,0.0,0.0,0.0,94.3,0,,Basic Materials,45555482624.0,37.5
TVACW,Thayer Ventures Acquisition Corporation,0.542,6,12,3,2,5,4,3,35,-8.0,30.0,Poor,🔥 COILED: Stay away,28,7.8,3.7,4.1,51.6,1,,nan,215625000.0,81770.32
DMXCF,District Metals Corp.,0.526,6,5,9,7,3,2,2,34,-5.0,30.0,Poor,Stay away,33,-4.5,-1.4,-2.9,46.7,1,,Basic Materials,100258792.0,97974.55
AWLRF,AWLRF,0.538,5,17,7,6,3,2,2,42,-15.0,30.0,Poor,Stay away,38,5.4,-7.4,-2.5,44.9,1,,Basic Materials,63978696.0,79775.98
VGES,Vanguard Green Investment Limited,0.56,9,6,11,7,3,1,3,40,-13.0,30.0,Poor,Stay away,47,0.0,0.0,0.0,100.0,0,,Consumer Cyclical,33282916.0,51.95
PINXF,The People's Insurance Company (Group) of China Limited,0.66,5,11,3,7,3,3,2,34,0.0,30.0,Poor,Stay away,30,1.5,1.5,-0.2,40.0,0,,Financial Services,29187835904.0,33602.97
KDCCF,Kadestone Capital Corp,0.673,9,6,10,6,4,2,3,40,-15.0,30.0,Poor,🔥 COILED: Stay away,47,0.0,0.0,0.0,50.0,1,,Real Estate,31573326.0,110.0
BFRG,"Bullfrog AI Holdings, Inc. Common Stock",0.723,7,12,7,3,4,2,5,40,-13.0,30.0,Poor,Stay away,42,15.0,-6.1,5.1,53.3,1,,Healthcare,13398197.0,3839731.23
VMXXF,Valhalla Metals Inc.,0.788,11,3,3,13,6,4,5,45,-15.0,30.0,Poor,Stay away,56,-12.8,-18.0,-6.6,47.4,1,,Basic Materials,119139776.0,17144.28
MAMO,Massimo Group Common Stock,0.94,5,4,6,8,0,3,2,28,2.0,30.0,Poor,Stay away,29,-4.1,-7.8,-4.5,44.2,0,,Consumer Cyclical,39142496.0,710958.98
AISPW,Airship AI Holdings Inc,0.9,12,10,5,11,6,0,5,49,-19.0,30.0,Poor,Stay away,38,-11.8,-15.1,1.5,52.2,0,,nan,nan,44346.17
IRLTF,Intralot S.A. Integrated Lottery Systems and Services,1.0,4,3,8,8,3,3,3,32,-5.0,30.0,Poor,Stay away,7,0.0,0.0,-0.7,0.0,1,,Consumer Cyclical,1846765056.0,13.28
QSI,QuantumSi Inc,0.999,6,10,1,7,8,6,5,43,-11.0,30.0,Poor,Stay away,40,2.7,-22.0,-1.7,48.9,1,,Healthcare,211074912.0,7169275.36
CLNXX,Columbia Funds Series Trust II - Columbia Money Market Fund,1.0,12,6,4,6,4,2,3,37,-10.0,30.0,Poor,Stay away,38,0.0,0.0,0.0,50.8,0,,nan,nan,0.0
IDSXX,Columbia Funds Series Trust II  - Columbia Government Money Market Fund,1.0,12,6,4,6,4,2,3,37,-10.0,30.0,Poor,Stay away,39,0.0,0.0,0.0,50.8,0,,nan,nan,0.0
SNAVF,Star Navigation Systems Group Ltd,0.006,15,9,8,10,6,6,5,59,-30,29,Poor,Stay away,59,39.1,39.1,33.4,78.3,2,,Industrials,9782980.0,14367.03
GDPHF,Godolphin Resources Limited,0.01,7,6,10,6,3,1,3,36,-10.0,29.0,Poor,Stay away,31,0.0,0.0,-0.2,26.4,0,,Basic Materials,8473821.0,42303.28
VRCDF,Verici Dx plc,0.003,8,3,9,7,0,1,3,31,-5.0,29.0,Poor,Stay away,25,0.0,0.0,-0.0,0.0,1,,Healthcare,6640182.0,50.57
NWIFF,Nuinsco Resources Limited,0.007,4,8,2,7,4,0,2,27,2.0,29.0,Poor,Stay away,51,-10.7,-4.3,-6.2,47.8,1,,Basic Materials,5631889.0,60796.52
CBGH,China YiBai United Guarantee International Holding Inc,0.004,3,4,10,4,3,7,3,34,-10.0,29.0,Poor,🔥 COILED: Stay away,34,0.0,0.0,-3.5,45.2,0,,Technology,3282218.0,0.0
SCLF,Suncliff Inc,0.002,6,4,10,6,3,2,3,34,-10.0,29.0,Poor,🔥 COILED: Stay away,36,0.0,0.0,-0.0,44.5,0,,Consumer Cyclical,2967547.0,693.92
BLIAQ,BB Liquidating Inc.,0.01,11,15,4,7,8,4,5,54,-25,29,Poor,Stay away,43,230.0,395.0,78.0,52.4,3,3,Communication Services,2171768.0,17232.4
EAWD,Energy and Water Development Corp,0.005,12,5,8,15,3,1,5,49,-23.0,29.0,Poor,Stay away,54,0.0,0.0,21.7,85.4,1,,Industrials,2049269.0,0.0
MDXL,Medixall Group Inc,0.006,9,3,9,12,6,2,3,44,-18.0,29.0,Poor,Stay away,52,0.0,0.0,0.5,100.0,1,,Healthcare,1150833.0,137.68
OWUV,One World Universe Inc,0.004,14,11,4,9,4,0,5,47,-16.0,29.0,Poor,Stay away,36,0.0,25.8,14.3,57.7,3,,Industrials,779256.0,101450.61
PNDHF,Pond Technologies Holdings Inc,0.008,10,4,10,6,4,2,3,39,-15.0,29.0,Poor,🔥 COILED: Stay away,41,0.0,0.0,-0.0,48.5,1,,Consumer Defensive,684737.0,1391.96
MCOM,Micromobility.com Inc.,0.007,3,11,4,6,9,2,3,38,-13.0,29.0,Poor,Stay away,40,16.7,-12.5,6.2,51.5,2,,Consumer Cyclical,645502.0,136101.04
FMBV,Full Motion Beverage Inc,0.003,3,3,10,8,3,1,3,31,-5.0,29.0,Poor,Stay away,14,0.0,0.0,-1.3,26.2,1,,Consumer Defensive,623067.0,6530.21
TMXN,Trimax Corp,0.002,4,4,5,10,4,0,2,29,0.0,29.0,Poor,Stay away,29,-9.5,-29.6,-14.0,36.4,1,,Financial Services,504335.0,135837.44
MVVYF,Moovly Media Inc,0.001,8,5,10,6,3,2,3,37,-13.0,29.0,Poor,🔥 COILED: Stay away,35,0.0,0.0,-0.0,43.3,1,,Technology,214532.0,31072.08
SHGI,Sparx Holdings Group Inc,0.004,4,4,6,9,3,3,5,34,-5.0,29.0,Poor,Stay away,19,0.0,0.0,-10.1,30.7,1,,Industrials,115000.0,1518.5
CGFEF,CF Energy Corp,0.001,8,4,9,6,3,1,3,34,-10.0,29.0,Poor,🔥 COILED: Stay away,27,0.0,0.0,-0.0,47.2,0,,Utilities,79062.0,360.0
CHNVF,China Youzan Ltd,0.019,7,3,10,6,3,4,3,36,-10.0,29.0,Poor,Stay away,37,0.0,0.0,-0.0,32.1,0,,Technology,609804032.0,1318.5
SIOLF,Sino-Ocean Group Holding Limited,0.011,5,3,10,8,0,2,3,31,-5.0,29.0,Poor,Stay away,30,0.0,0.0,-0.0,1.1,1,,Real Estate,139314992.0,30.5
APLMW,Apollomics Inc. Warrant,0.013,6,5,0,10,5,0,2,28,0.0,29.0,Poor,Stay away,11,-26.6,-8.6,-7.8,45.6,0,,Healthcare,35403384.0,54497.79
AUNXF,AXP Energy Ltd,0.012,17,6,5,14,7,2,5,56,-28,29,Poor,Stay away,56,30.8,67.6,43.5,58.7,3,,Energy,5846536.0,69922.64
IFRTF,International Frontier Resources Corporation,0.02,9,6,11,7,4,4,3,44,-18.0,29.0,Poor,Stay away,43,0.0,0.0,0.0,84.5,1,,Energy,1106531.0,128.74
LSMLF,Lodestar Minerals Limited,0.024,14,4,7,10,3,2,4,44,-18.0,29.0,Poor,Stay away,42,0.0,3.4,2.1,96.1,1,,Basic Materials,34957288.0,5169.49
BITTF,Bitterroot Resources Ltd,0.027,5,11,7,9,2,4,2,40,-11.0,29.0,Poor,Stay away,19,1.5,8.5,-3.0,44.9,1,,Basic Materials,3389657.0,47968.66
FGLDF,Falcon Gold Corp,0.026,12,14,8,3,8,4,5,54,-28.0,29.0,Poor,Stay away,70,5.2,10.5,8.2,54.2,3,,Basic Materials,1559889.0,38714.57
GCRIF,Rogue Resources Inc,0.029,9,6,11,11,3,1,3,44,-18.0,29.0,Poor,Stay away,47,0.0,0.0,0.1,99.9,1,,Basic Materials,1227269.0,636.39
TSTTF,TripSitter Clinic Ltd.,0.022,8,3,10,4,3,5,3,36,-10.0,29.0,Poor,Stay away,32,0.0,0.0,-0.0,27.7,0,,Healthcare,380979.0,204.42
MSAIW,Infrared Cameras Holdings Inc,0.03,1,9,2,7,4,2,2,27,2.0,29.0,Poor,Stay away,20,-1.0,-36.7,-24.6,40.8,0,,nan,nan,47490.73
HYHDF,Sixty Six Capital Inc,0.031,3,6,5,7,3,5,2,31,-5.0,29.0,Poor,Stay away,22,0.0,0.0,-2.8,42.0,1,,Financial Services,7315179.0,9125.15
ADMQ,ADM Endeavors Inc,0.033,6,7,1,10,1,2,2,29,0.0,29.0,Poor,Stay away,26,-5.7,1.5,-5.3,45.1,0,,Industrials,5231173.0,119496.75
OVATF,Ovation Science Inc,0.035,6,4,9,5,5,5,3,37,-13.0,29.0,Poor,🔥 COILED: Stay away,32,0.0,0.0,-0.7,42.3,1,,Healthcare,1344408.0,457.16
SIGY,Sigyn Therapeutics Inc,0.035,4,5,9,9,3,2,2,34,-5.0,29.0,Poor,Stay away,22,-10.3,-7.9,-9.4,40.7,1,,Healthcare,56188.0,42785.5
FSTF,First State Financial Corporation,0.039,18,11,5,7,6,4,5,56,-27,29,Poor,Stay away,50,848.8,848.8,218.9,83.5,3,3,Industrials,46178.0,1195.47
EPRJF,Emperor Watch & Jewellery Limited,0.042,5,6,11,6,3,2,3,36,-10.0,29.0,Poor,Stay away,46,0.0,0.0,0.0,16.3,0,,Consumer Cyclical,307684416.0,0.0
RFLFF,Raffles Education Corporation Limited,0.05,10,7,11,6,0,2,3,39,-15.0,29.0,Poor,🔥 COILED: Stay away,47,0.0,0.0,0.0,50.0,1,,Consumer Defensive,81785024.0,0.0
DOLHF,Dolphin Capital Investors Limited,0.047,5,3,10,8,0,2,3,31,-5.0,29.0,Poor,Stay away,14,0.0,0.0,-0.0,0.0,1,,nan,84991640.0,3025.0
BBKCF,BIG Blockchain Intelligence Group Inc,0.05,3,7,4,9,7,2,2,34,-3.0,29.0,Poor,Stay away,35,-2.9,-8.0,-5.4,43.1,1,,Financial Services,17922646.0,229015.82
YUKA,Yuka Group Inc,0.047,7,14,5,11,4,2,2,45,-21.0,29.0,Poor,Stay away,36,24.2,18.3,7.3,51.8,4,,Consumer Cyclical,2228121.0,118663.88
DPAT,Dental Patient Care America Inc,0.046,8,3,6,9,3,3,2,34,-5.0,29.0,Poor,Stay away,40,0.0,0.0,-2.3,36.7,1,,Healthcare,1120915.0,7802.66
TKMOD,"Tekumo, Inc.",0.049,17,6,4,5,5,4,5,46,-15,29,Poor,Stay away,59,86.7,146.5,86.0,63.1,2,12,Technology,260286.0,16424.69
NKOSF,Labrador Gold Corp,0.051,9,8,3,5,9,3,5,42,-13.0,29.0,Poor,Stay away,32,10.9,6.2,11.6,56.5,2,,Basic Materials,9065165.0,49325.45
BSLK,"Bolt Projects Holdings, Inc.",0.058,4,13,6,4,3,2,5,37,-8.0,29.0,Poor,Stay away,21,-1.7,-15.8,-1.4,47.3,0,,Basic Materials,253235.0,524261.87
AGREF,Argonaut Resources NL,0.08,7,7,10,6,4,2,3,39,-15.0,29.0,Poor,🔥 COILED: Stay away,42,0.0,0.0,0.0,51.9,1,,Basic Materials,28169712.0,400.0
GRTX,Galera Therapeutics Inc,0.086,7,11,3,3,6,2,2,34,-8.0,29.0,Poor,Stay away,42,0.8,-14.3,-6.9,40.6,1,,Healthcare,17481124.0,156564.16
EBZT,Everything Blockchain Inc.,0.086,9,3,6,9,5,0,5,37,-8.0,29.0,Poor,Stay away,40,-7.5,0.0,-1.7,50.0,1,,Technology,2308031.0,64427.89
ESXMF,Essex Minerals Inc,0.081,9,6,10,10,3,3,3,44,-18.0,29.0,Poor,Stay away,41,0.0,0.0,0.0,99.9,1,,Basic Materials,993444.0,260.21
MXTRF,Montero Mining and Exploration Ltd,0.081,3,3,8,8,3,3,3,31,-5.0,29.0,Poor,Stay away,14,0.0,0.0,-29.7,34.5,1,,Basic Materials,685605.0,2211.13
HUYTF,Huayi Tencent Entertainment Company Limited,0.122,9,6,11,9,4,2,3,44,-18.0,29.0,Poor,Stay away,50,0.0,0.0,0.0,99.9,1,,Healthcare,180822832.0,500.0
NUZTF,Neurizon Therapeutics Limited,0.11,10,6,11,7,3,4,3,44,-18.0,29.0,Poor,Stay away,57,0.0,0.0,0.0,96.7,1,,Healthcare,82938088.0,0.0
HPMCF,Africa Energy Corp,0.142,7,6,4,9,3,3,2,34,-5.0,29.0,Poor,Stay away,44,5.2,-5.3,-1.1,38.3,2,,Energy,70646808.0,2163.0
CVUEF,ClearVue Technologies Limited,0.103,13,4,7,10,6,2,5,47,-18.0,29.0,Poor,Stay away,43,0.0,0.0,5.4,81.5,1,,Technology,31588468.0,4092.16
EVNIF,EV Nickel Inc,0.136,4,3,8,7,3,3,3,31,-5.0,29.0,Poor,Stay away,14,0.0,0.0,-0.5,0.0,1,,Basic Materials,21566756.0,650.0
EGPLF,Eagle Plains Resources Ltd,0.145,10,7,7,5,0,3,4,36,-10.0,29.0,Poor,Stay away,45,3.5,-3.4,-0.5,49.6,0,,Basic Materials,17280334.0,70256.56
CNMTF,Canadian Metals Inc,0.14,12,3,3,10,6,1,2,37,-8.0,29.0,Poor,Stay away,45,0.0,-6.7,1.7,71.8,1,,Basic Materials,10257858.0,412.16
SRRE,Sunrise Real Estate Group Inc,0.12,7,3,9,8,3,1,3,34,-5.0,29.0,Poor,Stay away,23,0.0,0.0,-0.1,18.9,1,,Real Estate,8243031.0,603.25
DGDCF,Dynasty Gold Corp,0.1,2,8,6,10,3,0,3,32,-3.0,29.0,Poor,Stay away,17,-7.4,-8.5,-4.0,38.4,0,,Basic Materials,7155470.0,22410.79
WEMXF,Weimob Inc,0.2,4,3,9,8,3,1,3,31,-5.0,29.0,Poor,Stay away,13,0.0,0.0,-0.8,0.1,1,,Technology,825294592.0,25.5
CGDXF,Xali Gold Corp,0.19,15,5,3,5,0,3,5,36,-10.0,29.0,Poor,Stay away,37,26.7,18.8,8.3,55.7,2,,Basic Materials,30474450.0,15424.99
HYTNF,HYTNF,0.162,13,5,6,10,6,2,5,47,-18.0,29.0,Poor,Stay away,55,0.0,0.0,6.1,100.0,1,,Consumer Defensive,15567124.0,73.47
VGMIF,Visible Gold Mines Inc,0.15,15,5,7,9,4,2,5,47,-18.0,29.0,Poor,Stay away,59,0.0,0.0,28.6,92.3,0,,Basic Materials,5573275.0,881.48
SBCWW,SBC Medical Group Holdings Incorporated,0.187,5,8,2,10,2,2,5,34,-3.0,29.0,Poor,Stay away,23,-10.9,-10.9,-4.9,47.4,0,,nan,nan,27589.42
SMDZF,Strategic Metals Ltd,0.24,14,8,4,6,4,3,2,41,-15.0,29.0,Poor,Stay away,40,20.0,0.0,2.9,52.7,2,,Basic Materials,26653432.0,47076.62
SKKRF,SKRR Exploration Inc,0.24,8,8,11,6,3,4,3,43,-17.0,29.0,Poor,Stay away,51,0.0,0.0,0.0,68.8,1,,Basic Materials,3139537.0,0.0
IGESF,IGas Energy plc,0.295,18,4,5,14,6,7,5,59,-30,29,Poor,Stay away,62,16.5,65.7,25.1,90.8,3,,Energy,56868200.0,826.01
ABCP,Ambase Corp,0.26,16,8,3,10,7,3,5,52,-23.0,29.0,Poor,Stay away,59,2.0,4.0,9.0,63.9,2,,Real Estate,22083934.0,17751.04
BXNS,BXNS,0.25,18,4,6,12,6,5,5,56,-27,29,Poor,Stay away,65,400.0,400.0,145.4,100.0,2,3,Consumer Defensive,nan,262.55
NXPGF,National Express Group PLC,0.31,8,7,10,6,3,2,3,39,-15.0,29.0,Poor,🔥 COILED: Stay away,33,0.0,0.0,-0.0,42.8,1,,Industrials,195309904.0,773.0
GMXDF,Grupo Mexicano de Desarrollo S.A.B,0.3,12,5,8,10,6,1,5,47,-18.0,29.0,Poor,Stay away,50,0.0,0.0,21.8,84.7,0,,Utilities,54743700.0,31.77
HWNI,High Wire Networks Inc,0.32,2,5,8,9,3,2,2,31,-5.0,29.0,Poor,Stay away,33,0.0,3.2,-3.3,43.2,1,,Technology,6638941.0,3214.4
LMTI,Laser Master International Inc,0.33,10,4,1,8,4,5,2,34,-5.0,29.0,Poor,Stay away,54,0.0,3.1,-0.4,50.5,1,,Industrials,2710095.0,1795.5
CGNMF,CGN Mining Company Limited,0.365,3,3,4,8,3,3,2,26,0.0,29.0,Poor,Stay away,14,0.0,-17.0,-7.6,27.5,0,,Energy,2774249216.0,22358.71
CBRF,Cyberfuels Holding Company Inc.,0.49,17,12,2,6,9,3,5,54,-23.0,29.0,Poor,Stay away,42,22.5,19.5,8.4,58.3,3,,Industrials,51387292.0,32712.9
TANH,Tantech Holdings Ltd,0.466,14,4,3,14,2,0,5,42,-13.0,29.0,Poor,Stay away,33,-2.7,9.6,0.9,50.9,2,,Consumer Defensive,6723581.0,342103.88
CFTLF,ChinaSoft International Ltd,0.531,5,6,10,5,3,4,3,36,-10.0,29.0,Poor,Stay away,0,0.0,0.0,-0.0,13.3,0,,Technology,1333096320.0,0.0
GBAT,Grayscale Basic Attention Token Trust,0.563,1,9,2,9,2,2,2,27,2.0,29.0,Poor,Stay away,27,8.3,-23.9,-10.3,41.1,0,,nan,nan,26477.31
RCKTF,Rock Tech Lithium Inc,0.624,10,8,2,7,5,2,2,36,-7.0,29.0,Poor,Stay away,40,7.6,-5.5,-2.2,44.3,2,,Basic Materials,77607504.0,3113.98
HWKE,Hawkeye Systems Inc,0.645,6,7,2,9,3,4,2,33,-5.0,29.0,Poor,Stay away,50,-18.4,-14.0,-11.0,45.8,2,,Industrials,30379670.0,11849.6
AIDX,"20/20 Biolabs, Inc. Common Stock",0.657,3,10,4,9,4,2,2,34,-3.0,29.0,Poor,Stay away,0,-23.6,-24.5,-26.2,25.9,1,,Healthcare,6969651.0,0.0
JUGRF,Juggernaut Exploration Ltd,0.762,6,12,4,7,4,2,2,37,-6.0,29.0,Poor,Stay away,20,10.4,-3.5,-0.6,46.4,2,,Basic Materials,28749826.0,30135.96
CPHI,China Pharma Holdings Inc,0.771,10,3,3,7,5,3,5,36,-7.0,29.0,Poor,Stay away,42,0.1,-6.0,0.5,51.0,2,,Healthcare,31246514.0,116085.06
OBAI,"TG-17, Inc. Common Stock",0.826,18,5,4,11,0,5,5,48,-19,29,Poor,Stay away,0,50.1,47.4,26.0,48.1,3,9,Technology,20198332.0,0.0
CGHOF,China Gas Holdings Limited,0.95,10,5,3,5,6,3,2,34,-10.0,29.0,Poor,🔥 COILED: Stay away,41,0.0,0.0,-0.1,47.0,0,,Utilities,6319856640.0,0.0
SLQT,Selectquote Inc,0.988,11,8,6,3,7,2,2,39,-13.0,29.0,Poor,Stay away,38,7.8,-0.9,2.9,52.5,2,,Financial Services,174302144.0,1405497.99
ONCY,Oncolytics Biotech Inc,0.96,12,15,3,7,5,7,5,54,-23.0,29.0,Poor,Stay away,41,17.1,10.3,8.5,57.5,4,,Healthcare,114579896.0,1184696.77
BFDXX,BlackRock Liquidity Funds - Federal Trust Fund,1.0,16,9,5,9,6,7,5,57,-28,29,Poor,Stay away,61,290.9,290.9,206.1,100.0,2,2,nan,nan,0.0
CWGYF,Carnegie Clean Energy Limited,0.145,14,3,7,14,5,2,5,50,-19.2,28.8,Poor,Stay away,67,3.6,25.0,22.2,71.5,2,,Utilities,59449952.0,323623.25
RMBHF,RMB Holdings Limited,0.01,9,6,10,6,3,1,3,38,-15.0,28.0,Poor,🔥 COILED: Stay away,32,0.0,0.0,0.0,50.0,1,,Financial Services,40957648.0,17.8
CHNTF,China HK Power Smart Energy Group Limited,0.003,5,4,10,6,3,2,3,33,-10.0,28.0,Poor,🔥 COILED: Stay away,33,0.0,0.0,-0.0,42.4,0,,Energy,23657912.0,86.69
TNYYF,Tinybeans Group Limited,0.006,5,3,10,7,0,2,3,30,-5.0,28.0,Poor,Stay away,27,0.0,0.0,-0.0,0.0,1,,Communication Services,16317280.0,13.0
ABTI,Alterola Biotech Inc,0.005,9,5,10,6,3,1,3,37,-12.0,28.0,Poor,Stay away,33,0.0,0.0,0.0,69.1,0,,Healthcare,7443461.0,1134.1
ETBI,Eastgate Biotech Corp,0.003,13,5,8,10,3,2,5,46,-18.0,28.0,Poor,Stay away,53,0.0,0.0,11.1,99.3,1,,Healthcare,3173572.0,322273.94
ENEVF,Enerev5 Metals Inc,0.006,0,7,1,12,4,0,2,26,2.0,28.0,Poor,Stay away,34,-9.7,0.0,-9.1,47.0,0,,Industrials,2101995.0,16995.11
SZLSF,StageZero Life Sciences Ltd,0.005,9,6,11,10,3,1,3,43,-18.0,28.0,Poor,Stay away,41,0.0,0.0,0.2,99.1,1,,Healthcare,630018.0,102.03
CHNXF,ChitogenX Inc.,0.008,9,6,11,8,4,2,3,43,-18.0,28.0,Poor,Stay away,47,0.0,0.0,0.0,96.4,1,,Healthcare,627627.0,3010.0
AYURF,Ayurcann Holdings Corp,0.002,3,3,10,7,3,1,3,30,-5.0,28.0,Poor,Stay away,17,0.0,0.0,-3.1,27.1,1,,Healthcare,389407.0,3327.33
LVCE,Livecare Corp,0.006,7,3,10,6,3,3,3,35,-10.0,28.0,Poor,Stay away,25,0.0,0.0,-0.3,6.7,0,,Healthcare,357224.0,1039.13
CFAGF,CFAGF,0.01,7,6,10,6,4,2,3,38,-15.0,28.0,Poor,🔥 COILED: Stay away,43,0.0,0.0,0.0,50.0,1,,Financial Services,288768.0,27.5
BDRGF,Jaeger Resources Corp,0.002,9,3,11,6,4,2,3,38,-13.0,28.0,Poor,Stay away,50,0.0,0.0,0.0,79.8,0,,Basic Materials,252500.0,93.75
DVRNF,Deveron Corp,0.001,9,6,10,6,3,1,3,38,-15.0,28.0,Poor,🔥 COILED: Stay away,35,0.0,0.0,0.0,50.0,1,,Technology,207730.0,82.46
TBMIF,AurCrest Gold Inc,0.002,7,7,10,5,0,1,3,33,-10.0,28.0,Poor,🔥 COILED: Stay away,29,0.0,0.0,0.0,54.5,0,,Basic Materials,178979.0,858.68
MSET,Madison Sports & Entertainment Inc,0.007,3,15,1,7,3,2,5,36,-8.0,28.0,Poor,Stay away,38,4.6,-34.6,-6.9,44.8,0,,Financial Services,147081.0,13424.08
IMTH,Fresh Harvest Products Inc,0.002,7,8,4,9,0,3,2,33,-5.0,28.0,Poor,Stay away,23,0.0,0.0,-1.8,41.9,1,,Technology,105979.0,5464.46
CLHI,CLST Holdings Inc,0.001,3,3,10,7,3,1,3,30,-5.0,28.0,Poor,Stay away,23,0.0,0.0,-3.4,10.3,1,,Financial Services,23949.0,21649.94
KMFI,The Keller Manufacturing Company Inc,0.001,3,3,8,7,3,3,3,30,-5.0,28.0,Poor,Stay away,18,0.0,0.0,-54.2,6.5,1,,Consumer Cyclical,6575.0,541.0
CLEUF,China Liberal Education Holdings Limited,0.001,5,4,5,10,0,2,2,28,-5.0,28.0,Poor,Stay away,22,-14.3,9.1,-78.0,45.4,2,,Consumer Defensive,4039.0,3454.94
THORF,Thor Mining PLC,0.011,15,6,8,16,5,2,5,57,-29,28,Poor,Stay away,55,37.5,37.5,26.7,63.2,3,,Basic Materials,12714890.0,95246.41
BLIS,Treasure & Shipwreck Recovery Inc,0.02,11,10,2,13,5,0,5,46,-18.0,28.0,Poor,Stay away,56,-13.0,-20.0,-4.0,50.0,1,,Industrials,7949481.0,644452.21
MKRO,Monkey Rock Group Inc,0.02,9,6,11,8,4,2,3,43,-18.0,28.0,Poor,Stay away,52,0.0,0.0,0.0,100.0,1,,Financial Services,6980124.0,483.66
DTPKF,Directa Plus Plc,0.02,3,3,10,7,3,1,3,30,-5.0,28.0,Poor,Stay away,16,0.0,0.0,-2.5,39.0,1,,Basic Materials,2088375.0,3225.47
YWRLF,Dixie Gold Inc,0.013,3,3,10,7,3,1,3,30,-5.0,28.0,Poor,Stay away,19,0.0,0.0,-8.4,35.3,1,,Basic Materials,412583.0,1560.5
QPTFF,Quest PharmaTech Inc,0.03,7,1,2,8,6,1,3,28,0.0,28.0,Poor,Stay away,48,-3.2,-3.2,-1.5,34.0,0,,Healthcare,5073877.0,10653.88
OLVRF,Olivut Resources Ltd,0.03,5,3,10,8,3,1,3,33,-5.0,28.0,Poor,Stay away,18,0.0,0.0,-0.1,20.9,1,,Basic Materials,2472093.0,5193.5
ACBM,ACRO Biomedical Co Ltd,0.026,9,6,11,7,3,2,3,41,-13.0,28.0,Poor,Stay away,33,0.0,0.0,0.0,100.0,0,,Financial Services,1561092.0,22.95
VXLLF,Vaxil Bio Ltd,0.022,4,3,10,5,3,7,3,35,-10.0,28.0,Poor,Stay away,30,0.0,0.0,-14.8,32.1,0,,Healthcare,88046.0,1164.53
KACLF,KACLF,0.021,4,3,9,7,3,1,3,30,-5.0,28.0,Poor,Stay away,28,0.0,0.0,-9.0,28.2,1,,Financial Services,66463.0,910.5
ALGEF,Alligator Energy Limited,0.032,17,10,5,4,3,2,5,46,-18.0,28.0,Poor,Stay away,53,24.1,20.4,14.3,56.1,2,,Energy,141541376.0,258304.61
PTRRF,Pointerra Limited,0.032,5,4,10,6,3,2,3,33,-10.0,28.0,Poor,🔥 COILED: Stay away,31,0.0,0.0,0.0,50.0,0,,Technology,27148480.0,681.39
HERB,Yasheng Group,0.031,8,10,6,8,4,0,3,39,-11.0,28.0,Poor,Stay away,40,1.0,4.3,-4.2,48.8,0,,Consumer Defensive,4917717.0,9135.98
TKMO,Tekumo Inc,0.049,14,6,8,5,5,3,5,46,-16,28,Poor,Stay away,54,86.7,146.5,102.9,71.1,2,12,Technology,64411588.0,17176.31
AVCRF,Avricore Health Inc,0.046,9,14,4,8,4,4,5,48,-18.0,28.0,Poor,Stay away,40,-2.1,45.1,15.4,53.7,3,,Healthcare,4626912.0,68895.36
ALDA,Atlantica Inc,0.05,12,6,11,9,0,2,3,43,-18.0,28.0,Poor,Stay away,37,0.0,0.0,0.0,95.9,1,,Financial Services,122929.0,15.66
ABMBF,Abcourt Mines Inc,0.06,3,11,4,12,3,0,3,36,-6.0,28.0,Poor,Stay away,25,0.0,0.0,0.2,48.6,1,,Basic Materials,59667436.0,284997.64
CBLO,Archer Entertainment Media Communications Inc.,0.068,9,6,6,12,4,3,5,45,-20.0,28.0,Poor,Stay away,33,-3.4,35.0,8.9,53.1,3,,Financial Services,15169674.0,142897.56
GGIFF,Garibaldi Resources Corp,0.08,9,5,9,14,3,0,3,43,-20.0,28.0,Poor,🔥 COILED: Stay away,35,0.0,60.0,2.7,52.0,3,,Basic Materials,12163245.0,10737.5
PSGCF,Pinnacle Silver and Gold Corp.,0.074,7,5,6,8,0,2,5,33,-3.0,28.0,Poor,Stay away,31,0.1,-7.3,-2.1,47.7,1,,Basic Materials,11909608.0,22531.59
CGLD,Buscar Co,0.084,6,8,2,7,8,0,2,33,-3.0,28.0,Poor,Stay away,58,-0.2,-7.0,-0.5,49.8,2,,Basic Materials,28683286.0,69371.5
EUUNF,Azarga Metals Corp,0.088,4,6,2,8,5,6,2,33,-5.0,28.0,Poor,Stay away,37,4.1,-23.7,-7.0,39.3,1,,Basic Materials,8008671.0,0.0
IUGNF,Imugene Limited,0.095,7,11,5,5,5,3,2,38,-13.0,28.0,Poor,Stay away,32,16.0,-10.7,4.6,51.1,2,,Healthcare,40346948.0,15132.34
PGXPF,Pelangio Exploration Inc,0.12,15,6,2,11,3,1,5,43,-18.0,28.0,Poor,Stay away,31,20.0,33.3,8.5,54.4,3,,Basic Materials,32696694.0,75491.5
ROYTL,Pacific Coast Oil Trust,0.13,8,9,5,10,7,2,2,43,-18.0,28.0,Poor,Stay away,34,8.3,85.7,8.0,51.9,3,,Energy,5787474.0,10111.37
TBRDF,TBRDF,0.101,18,4,6,14,3,5,5,55,-27,28,Poor,Stay away,57,818.2,818.2,182.9,95.5,3,3,Basic Materials,5241912.0,145.1
AGRDF,Minnova Corp,0.158,2,4,6,9,3,6,3,33,-5.0,28.0,Poor,Stay away,31,-1.2,-7.1,-7.5,45.0,1,,Basic Materials,19232360.0,75379.0
LUXFF,Luxxfolio Holdings Inc,0.172,11,16,4,9,4,7,2,53,-28,28,Poor,Stay away,47,35.4,23.9,13.0,54.4,4,,Financial Services,5716361.0,17607.54
WBNEF,WestBond Enterprises Corporation,0.152,5,4,9,6,4,2,3,33,-10.0,28.0,Poor,🔥 COILED: Stay away,36,0.0,0.0,0.0,50.0,0,,Basic Materials,5415121.0,5.04
BYMAF,BYMAF,0.22,11,6,12,6,6,2,3,46,-23.0,28.0,Poor,🔥 COILED: Stay away,39,0.0,0.0,0.6,90.7,0,,Financial Services,1675543808.0,2.0
GLBKF,Goldbank Mining Corporation,0.249,7,6,10,6,4,2,3,38,-15.0,28.0,Poor,🔥 COILED: Stay away,48,0.0,0.0,0.0,50.0,1,,Basic Materials,47958848.0,10.5
LRRIF,Lion Rock Resources Inc.,0.2,15,5,3,15,5,1,5,49,-21.0,28.0,Poor,Stay away,37,-9.9,5.4,10.2,60.4,1,,Basic Materials,23173354.0,138983.06
ANSCW,Agriculture & Natural Solutions Acquisition Corporation Warrant,0.219,6,1,3,8,3,4,3,28,0.0,28.0,Poor,Stay away,28,-0.3,-0.3,-0.2,21.2,1,,nan,nan,0.0
NLLSF,Nel ASA,0.271,3,9,0,8,6,0,2,28,-1.0,28.0,Poor,Stay away,49,-3.3,-24.8,-12.0,40.2,1,,Industrials,498108800.0,38251.22
MMRGF,Minaurum Gold Inc,0.258,3,14,3,4,4,6,4,38,-13.0,28.0,Poor,Stay away,30,13.7,5.4,5.3,52.7,1,,Basic Materials,131854288.0,597533.85
CHBGF,China Boton Group Company Limited,0.3,5,4,9,6,4,2,3,33,-10.0,28.0,Poor,🔥 COILED: Stay away,36,0.0,0.0,0.0,50.0,0,,Basic Materials,323823072.0,1370.39
CTXXF,CEMATRIX Corporation,0.347,6,10,0,6,5,4,2,33,-6.0,28.0,Poor,Stay away,36,-0.1,-6.5,-3.4,40.2,0,,Basic Materials,51077488.0,61205.06
CAMZF,Camino Minerals Corporation,0.363,0,7,4,8,3,4,2,28,0.0,28.0,Poor,Stay away,31,-6.4,-11.0,-4.5,41.3,0,,Basic Materials,32403692.0,13133.61
BRTX,BioRestorative Therapies Inc,0.41,11,11,4,4,9,2,5,46,-16.0,28.0,Poor,Stay away,48,8.9,-1.1,14.8,58.8,1,,Healthcare,10435859.0,6193897.0
MBAVW,M3-Brigade Acquisition V Corp. Warrant,0.4,1,5,3,10,4,2,5,30,0.0,28.0,Poor,Stay away,28,29.0,-33.3,-17.1,39.3,0,,nan,10062500.0,34605.48
GRAF-WT,Graf Industrial Corp. Warrants (each warrant exercisable for one-half of one share of common stock each at an exercise price of $11.50 per share),0.4,19,10,5,4,7,3,5,53,-23,28,Poor,Stay away,52,166.7,239.0,61.6,69.7,2,7,nan,nan,0.0
STTFF,SmarTone Telecommunications Holdings Limited,0.5,8,3,9,6,4,2,3,35,-10.0,28.0,Poor,Stay away,38,0.0,0.0,-0.0,0.0,0,,Communication Services,550035392.0,3.0
VYND,Vynleads Inc,0.498,18,4,6,15,6,4,5,58,-30,28,Poor,Stay away,63,15.8,15.8,9.2,99.7,3,,Healthcare,9127028.0,192.5
MYSZ,My Size Inc,0.46,1,10,0,14,4,2,2,33,-3.0,28.0,Poor,Stay away,31,-2.1,-16.1,-6.4,43.1,1,,Technology,2216355.0,186367.48
GRMHF,Greentown Management Holdings Company Limited,0.5,5,4,9,6,4,2,3,33,-10.0,28.0,Poor,🔥 COILED: Stay away,35,0.0,0.0,0.0,50.0,0,,Real Estate,980919168.0,25.0
SHGKF,Sun Hung Kai & Company. Ltd,0.515,9,4,11,6,3,1,3,37,-12.0,28.0,Poor,Stay away,47,0.0,0.0,0.0,64.1,0,,Financial Services,1009588928.0,20.5
AAWH,Ascend Wellness Holdings Inc,0.522,3,3,9,10,5,0,2,32,-5.0,28.0,Poor,Stay away,38,-1.5,-8.4,-3.1,46.3,1,,Healthcare,105985992.0,153510.32
RCLFF,RCL Foods Limited,0.571,8,4,9,5,3,1,3,33,-10.0,28.0,Poor,🔥 COILED: Stay away,33,0.0,0.0,-0.0,45.6,0,,Consumer Defensive,513823072.0,0.75
AUTR,Autris,0.578,10,7,5,13,4,2,3,44,-19,28,Poor,Stay away,44,80.6,-2.0,2.0,51.0,2,9,Real Estate,192614848.0,2488.83
MROPF,MicroPort CardioFlow Medtech Corporation,0.646,9,6,10,9,4,2,3,43,-18.0,28.0,Poor,Stay away,52,0.0,0.0,0.0,100.0,1,,Healthcare,823012928.0,32.0
BJTRF,Beijing Tong Ren Tang Chinese Medicine Company Limited,0.648,5,4,10,6,3,2,3,33,-10.0,28.0,Poor,🔥 COILED: Stay away,35,0.0,0.0,0.0,50.0,0,,Healthcare,542775680.0,2.0
TELIF,Telescope Innovations Corp.,0.62,14,12,2,9,5,7,4,53,-25.0,28.0,Poor,Stay away,61,8.8,-3.4,9.2,60.6,1,,Healthcare,50099284.0,137693.97
SONX,Sonendo Inc,0.6,14,7,7,9,6,0,3,46,-18.0,28.0,Poor,Stay away,49,0.0,76.5,8.3,59.4,3,,Healthcare,2858987.0,715.25
NHLPF,NAHL Group plc,0.653,5,4,9,6,4,2,3,33,-10.0,28.0,Poor,🔥 COILED: Stay away,34,0.0,0.0,0.0,50.0,0,,Communication Services,31660946.0,1.8
DTEAF,DAVIDsTEA Inc.,0.673,9,6,2,7,7,0,2,33,-3.0,28.0,Poor,Stay away,48,-5.1,4.2,-1.9,47.5,0,,Consumer Defensive,20570918.0,24965.24
LGPS,LogProstyle Inc.,0.68,6,9,1,4,7,4,5,36,-8.0,28.0,Poor,Stay away,32,-7.8,7.2,-0.7,49.1,0,,Industrials,16064836.0,111809.28
HRZMF,Horizon Minerals Limited,0.75,15,7,8,2,4,1,3,40,-17.0,28.0,Poor,🔥 COILED: Stay away,43,0.0,0.0,3.8,60.3,1,,Basic Materials,278850784.0,463.15
DBGI,"Digital Brands Group, Inc. Common Stock",0.746,4,10,3,11,4,4,2,38,-8.0,28.0,Poor,Stay away,19,-23.4,-1.4,-15.5,43.3,1,,Consumer Cyclical,17135734.0,1871438.74
RPMT,Rego Payment Architectures Inc,0.75,6,9,1,9,7,4,2,38,-8.0,28.0,Poor,Stay away,57,-13.8,-21.1,-7.6,45.6,1,,Technology,101620288.0,47836.52
STEAF,Stream Media Corporation,0.757,7,7,10,4,3,1,3,35,-10.0,28.0,Poor,Stay away,30,0.0,0.0,0.0,55.1,0,,Communication Services,87709264.0,0.1
LGVN,Longeveron LLC,0.82,11,12,9,2,4,2,5,45,-17.0,28.0,Poor,Stay away,46,6.4,2.5,3.8,53.7,1,,Healthcare,25913480.0,1997783.97
WPGCF,West Point Gold Corp.,0.873,8,6,2,10,3,2,2,33,-5.0,28.0,Poor,Stay away,35,6.7,-1.1,-1.8,47.1,2,,Basic Materials,118343632.0,205188.14
TMRC,Texas Rare Earth Resources Corp,0.887,2,9,3,7,7,6,2,36,-6.0,28.0,Poor,Stay away,42,-1.4,-16.3,-6.4,43.5,2,,Basic Materials,79505728.0,497069.64
SHANF,Shandong Molong Petroleum Machinery Company Limited,0.94,6,3,9,4,3,7,3,35,-10.0,28.0,Poor,Stay away,43,0.0,0.0,-1.8,16.2,0,,Energy,224195392.0,21.5
TFSVF,24SevenOffice Group AB (publ),0.988,8,4,10,5,3,5,3,38,-15.0,28.0,Poor,🔥 COILED: Stay away,47,0.0,0.0,-0.0,52.2,1,,Technology,84086936.0,590.63
XHG,XChange TEC.INC,0.993,7,9,5,10,4,0,4,39,-11.0,28.0,Poor,Stay away,37,-14.4,-3.6,-1.8,48.4,0,,Financial Services,51181940.0,256264.37
SAGT,SAGTEC GLOBAL LIMITED Ordinary shares,0.99,5,8,5,9,0,4,5,36,-8.0,28.0,Poor,Stay away,12,-9.2,4.3,-7.5,41.5,0,,Technology,18859500.0,812454.13
CJPXX,JPMorgan Trust I - JPMorgan Prime Money Market Fund,1.0,5,4,10,6,3,2,3,33,-10.0,28.0,Poor,🔥 COILED: Stay away,37,0.0,0.0,-0.0,42.6,0,,nan,nan,0.0
MPFXX,Morgan Stanley Institutional Liquidity Funds - Prime Portfolio,1.0,4,5,5,6,6,2,3,31,-8.0,28.0,Poor,🔥 COILED: Stay away,36,0.0,0.0,-0.0,45.7,0,,nan,nan,0.0
VSLXX,JPMorgan Trust IV - JPMorgan Securities Lending Money Market Fund,1.0,5,4,10,6,3,2,3,33,-10.0,28.0,Poor,🔥 COILED: Stay away,33,0.0,0.0,-0.0,48.1,0,,nan,nan,0.0
AMFL,American Films Inc,0.025,10,13,10,13,4,2,5,57,-27.5,27.5,Poor,Stay away,24,26.2,35.2,21.7,63.1,3,,Communication Services,1145477.0,24095.38
HZNFF,Horizon Oil Limited,0.19,17,5,7,9,1,1,5,45,-17.5,27.5,Poor,Stay away,46,58.3,35.7,21.3,64.2,2,7,Energy,309241792.0,0.0
CAULF,Cauldron Energy Limited,0.044,17,6,3,9,5,2,4,46,-14.8,27.2,Poor,Stay away,63,10.0,144.4,22.2,57.4,2,,Basic Materials,89626992.0,73676.5
PTPLF,PT Puradelta Lestari Tbk,0.007,8,3,10,6,3,1,3,34,-10.0,27.0,Poor,Stay away,26,0.0,0.0,-0.0,0.3,0,,Real Estate,332566976.0,6.5
VULC,Vulcan International Corporation,0.01,8,3,10,6,3,1,3,34,-10.0,27.0,Poor,Stay away,26,0.0,0.0,-0.0,8.9,0,,Basic Materials,56462576.0,416.92
KLXDF,KLXDF,0.011,7,6,10,6,4,6,3,42,-18.0,27.0,Poor,Stay away,43,0.0,0.0,0.0,73.9,1,,Technology,15513878.0,3740.0
HYPPF,Hypebeast Limited,0.005,5,3,10,6,3,4,3,34,-10.0,27.0,Poor,Stay away,35,0.0,0.0,-0.0,10.5,0,,Communication Services,10066652.0,197.46
PRFUF,Prosperous Future Holdings Limited,0.002,8,4,9,4,3,1,3,32,-10.0,27.0,Poor,🔥 COILED: Stay away,29,0.0,0.0,-0.0,48.1,0,,Consumer Defensive,6456035.0,200.0
TGSHF,Mercanto Holdings Inc.,0.003,8,3,10,6,3,1,3,34,-10.0,27.0,Poor,Stay away,26,0.0,0.0,-0.2,2.3,0,,Healthcare,6009208.0,1078.0
SEII,Sharing Economy International Inc,0.001,7,6,1,8,3,0,2,27,0.0,27.0,Poor,Stay away,44,-33.3,-36.8,-24.3,44.4,0,,Technology,1954780.0,779503.56
RNGC,Ranger Gold Corp,0.006,2,3,4,11,3,1,3,27,0.0,27.0,Poor,Stay away,24,0.0,-4.8,-1.3,38.6,0,,Financial Services,1456015.0,6518.24
BLQC,BlockQuarry Corp,0.004,1,12,2,7,4,2,2,30,-1.0,27.0,Poor,Stay away,19,-16.0,-16.0,-18.5,40.6,1,,Financial Services,1037829.0,1580465.64
TNLX,Trans Lux Cp,0.01,3,3,9,7,3,1,3,29,-5.0,27.0,Poor,Stay away,14,0.0,0.0,-12.2,14.7,1,,Technology,809777.0,846.5
GMETF,GameOn Entertainment Technologies Inc,0.008,5,7,11,6,3,2,3,37,-15.0,27.0,Poor,🔥 COILED: Stay away,40,0.0,0.0,0.0,49.9,1,,Communication Services,570154.0,1991.48
OMTK,Omnitek Engineering,0.01,6,4,10,6,3,2,3,34,-10.0,27.0,Poor,Stay away,30,0.0,0.0,-0.0,42.6,0,,Consumer Cyclical,219480.0,10387.25
VADP,Vado Corp,0.001,8,3,10,6,3,1,3,34,-10.0,27.0,Poor,Stay away,30,0.0,0.0,-0.0,0.2,0,,Communication Services,200741.0,3341.92
PTPKF,PT Pakuwon Jati Tbk,0.019,8,3,10,6,3,1,3,34,-10.0,27.0,Poor,Stay away,24,0.0,0.0,-0.0,34.7,0,,Real Estate,919848320.0,200.5
CCEDF,Cascadero Copper Corporation,0.018,7,4,7,13,4,2,2,39,-8.0,27.0,Poor,Stay away,54,-10.0,-10.0,-4.1,45.7,0,,Basic Materials,5402337.0,31406.12
JNOMF,Juno Minerals Ltd,0.02,8,3,10,6,3,1,3,34,-10.0,27.0,Poor,Stay away,23,0.0,0.0,-0.0,16.5,0,,Basic Materials,4184741.0,501.27
NIOVF,Plato Gold Corp,0.017,8,10,5,4,3,1,4,35,-8.0,27.0,Poor,Stay away,28,2.4,-3.9,-2.8,46.6,0,,Basic Materials,4013583.0,13580.62
CJREF,Corus Entertainment Inc,0.02,3,6,5,9,3,0,3,29,-5.0,27.0,Poor,Stay away,25,0.0,0.0,-3.7,46.9,1,,Communication Services,3988803.0,5734.4
DZCA,DrazCanna Inc.,0.013,9,6,11,7,4,2,3,42,-18.0,27.0,Poor,Stay away,50,0.0,0.0,0.1,99.2,1,,Financial Services,129345.0,20.25
LANV-WT,LANV-WT,0.014,6,15,3,3,4,2,2,35,-8.0,27.0,Poor,Stay away,33,8.5,28.2,9.5,51.1,2,,nan,nan,0.0
GXRFF,Prospera Energy Inc,0.028,2,4,2,13,7,0,2,30,-3.0,27.0,Poor,Stay away,43,-9.2,-5.1,-3.9,46.5,1,,Energy,15347445.0,232194.1
FHELF,First Helium Inc,0.026,3,12,3,9,3,0,2,32,-3.0,27.0,Poor,Stay away,29,-5.2,-8.9,-4.4,43.9,1,,Basic Materials,5452286.0,146568.38
GSSRF,Gossan Resources Limited,0.022,4,4,6,7,3,3,2,29,-5.0,27.0,Poor,Stay away,36,0.0,0.0,-1.8,38.8,1,,Basic Materials,4342683.0,4739.29
JFIL,Jubilant Flame International Ltd,0.023,8,4,2,6,3,7,2,32,-10.0,27.0,Poor,🔥 COILED: Stay away,24,0.0,-32.2,-2.9,48.4,0,,Industrials,459671.0,10734.35
NUVI,Emo Capital Corp,0.021,3,5,1,8,3,0,5,25,2.0,27.0,Poor,Stay away,33,-99.5,320.0,-97.4,42.8,2,,Financial Services,63105.0,0.0
CENQW,CENAQ Energy Corp. Warrant,0.03,7,13,4,8,3,2,3,40,-13.0,27.0,Poor,Stay away,34,14.4,27.4,3.4,50.7,3,,Financial Services,nan,87458.9
RENXF,RENXF,0.036,17,4,5,14,4,5,5,54,-27,27,Poor,Stay away,30,56.5,56.5,35.0,91.5,3,3,Healthcare,16138621.0,484.0
ADAPY,Adaptimmune Therapeutics plc,0.04,16,6,6,16,7,0,5,56,-29.0,27.0,Poor,Stay away,51,33.3,42.9,42.7,69.0,3,,Healthcare,10602064.0,27800178.61
USHAF,Usha Resources Ltd,0.035,1,7,3,7,3,2,2,25,2.0,27.0,Poor,Stay away,42,0.9,-6.1,-7.0,35.4,1,,Basic Materials,3228553.0,16323.01
RNDXF,Randgold & Exploration Company Limited,0.038,10,4,10,6,3,1,3,37,-15.0,27.0,Poor,🔥 COILED: Stay away,44,0.0,0.0,-0.0,46.5,1,,Basic Materials,3059343.0,571.87
PRRVF,Providence Gold Mines Inc,0.035,5,5,8,5,4,3,2,32,-10.0,27.0,Poor,🔥 COILED: Stay away,30,0.0,0.0,-3.1,41.0,0,,Basic Materials,2478025.0,9660.68
ULTXF,Ultra Resources Inc,0.05,14,3,4,14,3,4,5,47,-20.0,27.0,Poor,Stay away,55,-37.5,25.0,2.1,54.5,3,,Basic Materials,11716932.0,18786.15
GZDIF,Grizzly Discoveries Inc,0.041,6,3,0,11,5,0,2,27,0.0,27.0,Poor,Stay away,51,-18.0,-31.7,-15.0,43.3,0,,Basic Materials,9105609.0,81529.5
BTUMF,BTU Metals Corp,0.041,11,14,8,4,4,2,5,48,-17.0,27.0,Poor,Stay away,38,20.5,5.4,12.0,62.7,2,,Basic Materials,7301208.0,8570.44
LSIHF,Lai Sun Garment (International) Limited,0.06,9,6,10,8,4,2,3,42,-18.0,27.0,Poor,Stay away,45,0.0,0.0,0.0,95.5,1,,Industrials,53002432.0,1581.68
TAOIF,TAG Oil Ltd.,0.06,5,4,3,13,4,0,3,32,-5.0,27.0,Poor,Stay away,28,0.0,0.0,2.1,50.9,1,,Energy,20532700.0,57150.43
MYIDF,Killi Ltd,0.055,15,6,6,14,7,4,5,57,-30,27,Poor,Stay away,59,-3.2,26.0,12.4,70.2,3,,Technology,7132729.0,22748.16
PIAC,Princeton Capital Corporation,0.051,4,3,10,8,3,1,3,32,-5.0,27.0,Poor,Stay away,19,0.0,0.0,-0.4,0.1,1,,Financial Services,6144789.0,580.53
GPMTF,GPM Metals Inc,0.062,9,6,11,6,3,1,3,39,-15.0,27.0,Poor,Stay away,46,0.0,0.0,0.0,39.7,1,,Basic Materials,9878831.0,0.0
CLDVF,CLDVF,0.074,12,12,1,5,9,2,2,43,-16.0,27.0,Poor,Stay away,56,27.4,-25.9,7.1,53.3,1,,Financial Services,997814.0,4122.04
CODMF,Coda Minerals Limited,0.09,9,6,11,6,1,6,3,42,-18.0,27.0,Poor,Stay away,53,0.0,0.0,0.0,77.7,1,,Basic Materials,33677580.0,844.01
QQREF,Quebec Rare Earth Elements Corp,0.082,6,2,3,13,3,0,5,32,-5.0,27.0,Poor,Stay away,23,-15.5,-15.5,-2.8,47.8,1,,Basic Materials,4159943.0,2360.03
SKFG,Stark Focus Group Inc,0.081,1,10,0,9,3,2,2,27,2.0,27.0,Poor,Stay away,29,-8.8,-4.4,-14.7,40.2,0,,Consumer Cyclical,808999.0,8898.24
MRMNF,MRMNF,0.085,1,8,2,9,3,2,2,27,-1.0,27.0,Poor,Stay away,0,-3.0,-29.1,-13.3,37.5,1,,nan,nan,0.0
SEQP,Santana Equestrian Private Financial LLC,0.099,9,6,8,4,3,1,3,34,-10.0,27.0,Poor,Stay away,15,0.0,0.0,-0.2,19.2,0,,Industrials,6509476.0,495.49
TGMGF,Theta Gold Mines Limited,0.138,18,4,5,12,6,4,5,54,-27,27,Poor,Stay away,73,91.7,91.7,39.5,94.3,2,3,Basic Materials,303708000.0,223.5
AUEEF,Aura Energy Limited,0.135,14,12,4,7,4,2,5,48,-21,27,Poor,Stay away,48,54.3,35.0,35.7,58.5,4,7,Energy,137624624.0,0.0
BONXF,Bonterra Resources Inc,0.13,7,15,3,4,4,2,2,37,-11.0,27.0,Poor,Stay away,29,13.0,6.6,3.1,52.9,2,,Basic Materials,27650088.0,120630.01
BRQSF,Borqs Technologies Inc.,0.146,10,7,1,9,3,3,2,35,-8.0,27.0,Poor,Stay away,49,-16.1,4.3,-2.5,49.6,0,,Technology,6560019.0,16176.52
FBDS,Fuss Brands Corp.,0.101,9,4,11,5,0,5,3,37,-13.0,27.0,Poor,Stay away,36,0.0,0.0,0.0,55.6,1,,Financial Services,2166761.0,47.07
AMTFF,AmeriTrust Financial Technologies Inc.,0.155,18,5,6,15,7,3,5,59,-30,27,Poor,Stay away,70,10.5,54.7,43.0,84.2,3,,Technology,157660752.0,155471.13
ASAPF,Aurora Spine Corporation,0.158,3,10,2,9,4,0,2,30,-3.0,27.0,Poor,Stay away,12,-6.8,-1.9,-4.6,42.7,1,,Healthcare,12080863.0,27764.69
MURMF,Murchison Minerals Ltd,0.18,5,8,9,4,0,2,4,32,-10.0,27.0,Poor,🔥 COILED: Stay away,26,0.0,0.0,-0.9,42.1,0,,Basic Materials,3739454.0,12058.82
RMCOW,Royalty Management Holding Corporation,0.19,2,6,1,11,4,0,5,29,-3.0,27.0,Poor,Stay away,40,-31.7,-31.7,-18.1,46.9,1,,nan,nan,34791.41
ITGLF,ITGLF,0.175,6,7,2,8,0,2,2,27,2.0,27.0,Poor,Stay away,17,4.5,-15.9,-8.3,41.1,1,,nan,nan,14572.57
WTCZD,Copper Lake Resources Ltd.,0.249,10,10,5,6,6,2,2,41,-15.0,27.0,Poor,Stay away,51,-12.3,-12.3,8.4,55.6,1,,Basic Materials,3848253.0,3217.78
MWAI,MedWellAI Inc.,0.263,5,12,1,11,4,0,2,35,-6.0,27.0,Poor,Stay away,29,1.2,9.6,-8.8,44.2,2,,Financial Services,1719120.0,3469.5
JDNRD,Jayden Resources Inc.,0.253,19,4,6,11,6,4,5,55,-28,27,Poor,Stay away,66,900.8,900.8,151.9,99.6,3,2,Basic Materials,1481671.0,57.82
VIBEF,Vibe Growth Corporation,0.282,8,6,1,11,3,3,5,37,-6.0,27.0,Poor,Stay away,57,-42.4,-17.5,-24.3,41.8,1,,Healthcare,304475.0,164.77
ARLYD,Argyle Resources Corp.,0.255,13,4,4,10,5,4,5,45,-18.0,27.0,Poor,Stay away,54,0.0,-6.5,9.1,58.7,0,,nan,nan,10458.36
PCOFF,Pico Far East Holdings Limited,0.33,7,3,10,8,4,2,3,37,-13.0,27.0,Poor,Stay away,46,0.0,0.0,0.0,98.1,0,,Communication Services,421496800.0,0.0
GXSBF,Geox S.p.A,0.34,4,3,8,7,3,1,3,29,-5.0,27.0,Poor,Stay away,12,0.0,0.0,-0.4,0.0,1,,Consumer Cyclical,347495808.0,0.0
TKRFF,Tinka Resources Limited,0.34,3,8,4,9,7,2,2,35,-8.0,27.0,Poor,Stay away,44,-2.9,-8.1,-4.7,41.3,1,,Basic Materials,45482668.0,28239.56
HWAUF,Headwater Gold Inc,0.328,10,6,7,10,3,2,2,40,-13.0,27.0,Poor,Stay away,32,11.7,2.3,0.7,49.9,1,,Basic Materials,28352400.0,86682.56
ASPU,Aspen Group Inc,0.32,12,11,4,3,5,2,2,39,-15.0,27.0,Poor,Stay away,56,0.0,1.4,-1.5,49.3,1,,Consumer Defensive,10072976.0,66325.35
EMSKF,Musk Metals Corp,0.39,15,7,3,11,7,6,5,54,-23,27,Poor,Stay away,63,290.0,25.8,111.1,64.9,3,6,Basic Materials,5754632.0,2972.67
LBUYD,DATZ World Holdings Corp.,0.36,3,4,1,12,0,0,5,25,2.0,27.0,Poor,Stay away,42,-64.0,-70.0,-39.3,46.5,0,,Communication Services,5630933.0,478.18
AUROW,Aurora Innovation Inc,0.383,7,11,3,6,6,2,2,37,-11.0,27.0,Poor,Stay away,48,27.6,-14.9,0.3,49.8,2,,nan,nan,55270.52
FFMGF,First Mining Gold Corp,0.401,19,6,1,15,7,2,5,55,-28.0,27.0,Poor,Stay away,51,32.4,8.8,12.0,59.4,3,,Basic Materials,546757632.0,1504319.56
IZM,ICZOOM Group Inc. Class A Ordinary Shares,0.411,8,3,2,10,0,4,4,31,-4.0,27.0,Poor,Stay away,32,-14.2,-2.6,-6.9,48.0,0,,Technology,4939444.0,835960.09
COLAR,Columbus Acquisition Corp Rights,0.4,9,3,2,11,3,1,5,34,-10.0,27.0,Poor,Stay away,45,-33.4,-21.6,-19.6,41.1,0,,nan,nan,0.0
AZMTF,Azimut Exploration Inc,0.48,6,5,2,9,4,2,2,30,-3.0,27.0,Poor,Stay away,27,4.3,-11.2,-2.2,45.4,1,,Basic Materials,49381864.0,22367.36
CAWW,CCA Industries Inc,0.48,3,3,3,7,4,0,4,24,0.0,27.0,Poor,Stay away,30,-4.0,-7.7,-0.6,48.2,0,,Consumer Defensive,3629608.0,3459.0
NIKA,Nika BioTechnology Inc,0.51,18,6,6,14,4,3,3,54,-27,27,Poor,Stay away,32,152.4,152.4,42.6,69.1,2,3,Healthcare,534550432.0,912.64
RITR,Reitar Logtech Holdings Limited Ordinary shares,0.52,10,5,1,9,0,2,5,32,-5.0,27.0,Poor,Stay away,26,-30.3,7.2,-6.1,47.7,1,,Industrials,32464508.0,1039080.92
GLUC,Glucose Health Inc,0.517,16,7,5,9,6,4,5,52,-25.0,27.0,Poor,Stay away,59,-0.2,24.0,16.9,63.7,3,,Consumer Defensive,14182413.0,35665.96
TCVNF,Tocvan Ventures Corp,0.568,17,8,2,11,5,2,5,50,-23,27,Poor,Stay away,38,57.4,47.4,28.3,71.7,3,7,Basic Materials,44697872.0,1183.5
CYPXF,EQ Inc,0.65,7,6,10,7,3,1,3,37,-13.0,27.0,Poor,Stay away,44,0.0,0.0,0.0,95.9,0,,Communication Services,45236072.0,1.2
OFSTF,Carbon Streaming Corp,0.65,3,9,4,6,6,5,2,35,-8.0,27.0,Poor,Stay away,60,3.2,-0.9,-1.6,43.5,1,,Financial Services,31903102.0,11579.96
RYDE,Ryde Group Ltd.,0.734,3,11,1,8,5,2,2,32,-3.0,27.0,Poor,Stay away,43,-5.9,-20.2,-11.4,40.6,2,,Technology,124579112.0,1623116.38
FXRVF,Fox River Resources Corporation,0.791,16,5,7,12,6,2,4,52,-28.0,27.0,Poor,Stay away,56,0.0,0.0,1.3,91.9,1,,Basic Materials,63062936.0,680.8
UGODF,UGODF,0.801,6,5,4,10,2,2,2,31,-4.0,27.0,Poor,Stay away,0,-2.3,-0.6,-7.6,35.9,0,,nan,nan,0.0
NZAUF,Rua Gold Inc,0.88,8,12,5,4,4,2,3,38,-11.0,27.0,Poor,Stay away,39,7.9,-3.3,0.8,49.2,1,,Basic Materials,105417376.0,119153.46
HLLK,Hallmark Venture Group Inc,0.85,19,4,5,11,5,5,5,54,-23,27,Poor,Stay away,62,240.0,240.0,124.6,99.1,2,5,Financial Services,56250468.0,1603.08
NDGPF,Nine Dragons Paper (Holdings) Limited,0.9,19,3,7,6,6,4,5,50,-23.0,27.0,Poor,Stay away,46,7.1,7.1,4.3,83.6,0,,Basic Materials,4222998784.0,2598.0
VTXXF,Vertex Minerals Limited,1.0,9,6,10,8,4,2,3,42,-18.0,27.0,Poor,Stay away,49,0.0,0.0,0.0,100.0,1,,Basic Materials,286577472.0,118.12
BCDA,Biocardia Inc,0.967,6,15,1,3,4,4,5,38,-11.0,27.0,Poor,Stay away,18,20.9,5.2,5.1,52.2,1,,Healthcare,14399099.0,1089260.3
CMRXX,Columbia Funds Series Trust II - Columbia Money Market Fund,1.0,9,6,4,6,4,2,3,34,-10.0,27.0,Poor,Stay away,37,0.0,0.0,0.0,51.3,0,,nan,nan,0.0
DSYWW,Big Tree Cloud Holdings Limited Warrants,0.03,15,6,5,10,5,1,5,47,-18.5,26.5,Poor,Stay away,53,75.9,75.9,26.2,61.0,2,9,nan,nan,36556.92
WNFT,Goff Corp,0.194,17,13,1,11,6,0,5,53,-24.5,26.5,Poor,Stay away,61,21.5,10.9,21.7,62.5,3,,Financial Services,18860786.0,58339.77
CXAI,CXApp Inc.,0.255,15,14,5,6,8,0,5,53,-24.5,26.5,Poor,Stay away,43,11.4,0.0,21.3,60.2,1,,Technology,27828006.0,10744314.51
FVNNR,Future Vision II Acquisition Corporation Right,0.145,18,8,6,9,4,3,5,53,-24.8,26.2,Poor,Stay away,36,31.7,31.7,24.9,91.7,2,,nan,nan,5240.71
FESTF,Hybrid Kinetic Group Limited,0.005,5,4,9,6,3,1,3,31,-10.0,26.0,Poor,🔥 COILED: Stay away,25,0.0,0.0,0.0,50.0,0,,Consumer Cyclical,101764360.0,450.0
WSZWF,Wesizwe Platinum Limited,0.01,8,3,9,6,3,1,3,33,-10.0,26.0,Poor,Stay away,29,0.0,0.0,-0.0,0.0,0,,Basic Materials,16278270.0,450.0
MTBMF,Mount Burgess Mining N.L,0.001,8,3,9,6,3,1,3,33,-10.0,26.0,Poor,Stay away,20,0.0,0.0,-0.0,0.0,0,,Basic Materials,7739178.0,367.85
COHLF,Contango Holdings plc,0.005,5,4,9,6,3,1,3,31,-10.0,26.0,Poor,🔥 COILED: Stay away,25,0.0,0.0,0.0,50.0,0,,Energy,3789896.0,2527.11
FTZZF,Fertoz Limited,0.007,8,4,9,6,3,1,3,34,-13.0,26.0,Poor,🔥 COILED: Stay away,28,0.0,0.0,-0.0,48.1,1,,Basic Materials,2427323.0,4000.0
GSCHF,GS Chain plc,0.004,5,4,9,6,3,1,3,31,-10.0,26.0,Poor,🔥 COILED: Stay away,25,0.0,0.0,0.0,50.0,0,,Financial Services,2015936.0,607.85
BIEI,Premier Biomedical Inc,0.001,12,14,6,6,8,0,2,48,-28,26,Poor,Stay away,63,0.0,18.2,8.1,53.6,4,,Healthcare,1819975.0,13431178.89
CHELF,Champion Electric Metals Inc.,0.006,9,9,2,3,5,4,2,34,-8.0,26.0,Poor,Stay away,56,-16.7,-13.0,-2.7,49.7,0,,Basic Materials,1757503.0,90948.58
STSN,Stemsation International Inc,0.003,3,8,0,10,3,0,2,26,0.0,26.0,Poor,Stay away,30,-13.3,8.3,-12.8,44.1,1,,Healthcare,1613173.0,164620.47
IENT,iEntertainment Network Inc,0.008,8,5,10,6,3,1,3,36,-15.0,26.0,Poor,🔥 COILED: Stay away,33,0.0,0.0,-0.0,44.0,1,,Communication Services,1060047.0,3526.5
SPFYF,Spacefy Inc,0.01,10,4,4,3,6,4,2,33,-10.0,26.0,Poor,Stay away,50,0.0,-35.7,-11.4,43.3,0,,Communication Services,808110.0,2967.57
ACCR,Access-Power & Co. Inc,0.002,5,11,6,0,3,4,2,31,-8.0,26.0,Poor,Stay away,32,0.0,6.7,-2.5,48.2,0,,Communication Services,722400.0,152328.52
DRCR,Dear Cashmere Holding Company,0.011,1,3,2,12,4,4,2,28,0.0,26.0,Poor,Stay away,25,0.0,-24.8,-7.0,46.2,0,,Technology,690399.0,121865.03
TLGN,Totally Green Inc,0.002,17,4,5,11,6,5,5,53,-27,26,Poor,Stay away,57,600.0,600.0,227.0,50.0,3,3,Financial Services,623171.0,2324.09
NSTM,Hollywood Media Co,0.01,4,5,1,10,3,0,3,26,0.0,26.0,Poor,Stay away,20,0.0,0.0,-11.1,47.2,0,,Healthcare,493324.0,14421.7
IPRC,Imperial Res Inc,0.006,10,2,3,7,6,0,5,33,-3.0,26.0,Poor,Stay away,59,-10.0,-31.5,3.3,53.3,1,,Energy,382930.0,10241.96
ZPAS,Zoompass Holdings Inc,0.002,18,3,8,14,6,2,5,56,-30,26,Poor,Stay away,61,0.0,850.0,61.3,78.5,3,,Technology,210854.0,1885.55
BICTF,Biocure Technology Inc,0.01,7,6,10,6,3,1,3,36,-15.0,26.0,Poor,🔥 COILED: Stay away,32,0.0,0.0,0.0,50.0,1,,Healthcare,202070.0,40.0
WSRUF,Waseco Resources Inc,0.004,8,3,9,6,3,1,3,33,-10.0,26.0,Poor,Stay away,26,0.0,0.0,-0.0,0.0,0,,Basic Materials,170893.0,970.0
MCKRF,Jade Leader Corp,0.002,5,4,10,4,3,2,3,31,-10.0,26.0,Poor,🔥 COILED: Stay away,0,0.0,0.0,-0.0,50.0,0,,Basic Materials,164356.0,0.0
SMFL,"Smart for Life, Inc. Common Stock",0.002,9,10,14,11,3,1,5,53,-25,26,Poor,Stay away,53,100.0,100.0,89.1,77.5,4,5,Consumer Defensive,6381.0,4903.95
CRVH,Chilco River Holdings Inc,0.014,10,14,9,6,5,4,4,52,-26,26,Poor,Stay away,39,16.7,40.0,16.0,55.5,4,,Financial Services,5182879.0,104959.9
BPAIF,BrandPilot AI Inc.,0.013,4,7,1,9,3,0,2,26,0.0,26.0,Poor,Stay away,28,-8.7,-29.2,-11.6,46.2,0,,Technology,2397150.0,16166.13
HSCT,Hoops Scouting USA,0.02,8,3,9,6,3,1,3,33,-10.0,26.0,Poor,Stay away,28,0.0,0.0,-0.0,0.6,0,,Communication Services,2025000.0,100.08
ODYY,Odyssey Group International Inc,0.017,6,12,4,12,3,2,2,41,-16,26,Poor,Stay away,20,181.7,30.0,8.6,45.1,4,10,Healthcare,1716467.0,154141.06
CLGMF,Cleghorn Minerals Ltd,0.02,8,3,9,6,3,1,3,33,-10.0,26.0,Poor,Stay away,24,0.0,0.0,-0.0,0.0,0,,Basic Materials,774077.0,40.58
GROO,GROO,0.011,4,14,5,7,3,2,2,37,-11.0,26.0,Poor,Stay away,27,79.0,52.1,7.0,47.8,2,7,Technology,81973.0,8981.51
TOGI,"TurnOnGreen, Inc",0.027,9,7,3,15,5,2,5,46,-18.0,26.0,Poor,Stay away,32,-2.5,-8.5,2.7,52.3,1,,Industrials,4949146.0,543627.18
LIGA,Lig Assets Inc.,0.022,5,8,2,13,5,6,2,41,-13.0,26.0,Poor,Stay away,37,17.6,18.3,2.1,49.2,3,,Communication Services,1264107.0,79516.85
NRBT,Novus Robotics Inc,0.023,6,10,7,1,4,4,2,34,-8.0,26.0,Poor,Stay away,23,-6.2,1.3,-5.6,45.6,0,,Industrials,685932.0,0.0
SMIT,Schmitt Industries Inc,0.028,19,4,6,8,8,3,5,53,-27,26,Poor,Stay away,55,84.7,84.7,40.9,75.5,4,3,Technology,107258.0,3584.08
ZOOZW,ZOOZ Power Ltd. Warrant,0.022,9,6,5,6,0,5,5,36,-10.0,26.0,Poor,Stay away,27,23.8,4.2,-5.9,48.7,0,,nan,nan,17296.52
AAM,AA Mission Acquisition Corp.,0.038,8,7,6,9,7,2,2,41,-15.0,26.0,Poor,Stay away,27,11.8,15.2,2.8,32.4,3,,Financial Services,468762848.0,450674.45
RREIF,Regal Real Estate Investment Trust,0.04,8,3,9,6,3,1,3,33,-10.0,26.0,Poor,Stay away,26,0.0,0.0,-0.0,0.0,1,,Real Estate,129320024.0,25.5
HLGVF,Hillgrove Resources Limited,0.039,14,9,4,9,8,5,5,54,-28.0,26.0,Poor,Stay away,41,30.7,30.7,26.9,95.2,2,,Basic Materials,138390560.0,3578.2
CSRNF,Canstar Resources Inc,0.036,9,8,5,12,2,6,2,44,-18.0,26.0,Poor,Stay away,27,13.0,24.4,7.9,54.2,3,,Basic Materials,6635843.0,40284.53
ASWRF,Gungnir Resources Inc,0.032,1,10,1,7,4,2,2,27,-1.0,26.0,Poor,Stay away,36,6.7,-21.6,-11.2,41.7,1,,Basic Materials,4212153.0,0.0
LVRLF,CordovaCann Corp,0.033,1,6,2,8,8,2,2,29,-3.0,26.0,Poor,Stay away,35,-5.7,-26.7,-16.5,44.1,2,,Healthcare,3623514.0,16156.38
HEXPF,Huntington Exploration Inc,0.031,8,6,10,6,3,2,3,38,-15.0,26.0,Poor,Stay away,34,0.0,0.0,-0.0,31.3,1,,Basic Materials,3345910.0,1516.5
STJO,St. Joseph Inc,0.035,18,6,3,9,6,0,3,45,-22.0,26.0,Poor,Stay away,56,0.0,45.4,14.2,61.5,3,,Healthcare,1905162.0,4905.94
EOXFF,Euromax Resources Ltd,0.049,19,6,5,9,5,4,5,53,-23,26,Poor,Stay away,70,58.1,250.0,47.2,69.7,4,7,Basic Materials,45928556.0,8525.0
NXSGF,Nexus Gold Corp.,0.041,4,4,3,9,3,3,5,31,-5.0,26.0,Poor,Stay away,36,0.0,-62.7,-8.1,46.1,1,,Basic Materials,984210.0,449.59
LLKKF,Lake Resources NL,0.06,7,11,6,2,7,2,3,38,-13.0,26.0,Poor,Stay away,51,0.7,-2.6,-0.5,49.5,2,,Basic Materials,145596160.0,435696.28
YHEGF,YHEGF,0.06,5,4,9,6,3,1,3,31,-10.0,26.0,Poor,🔥 COILED: Stay away,24,0.0,0.0,0.0,50.0,0,,nan,49238760.0,59.36
SFCX,SUPA Consolidated Inc.,0.06,3,7,5,9,0,0,2,26,0.0,26.0,Poor,Stay away,0,-6.4,-14.3,-12.1,42.3,0,,Technology,17421046.0,0.0
POSAF,POSaBIT Systems Corp,0.052,5,6,1,13,5,2,4,36,-10.0,26.0,Poor,Stay away,44,-25.7,13.0,-7.9,46.8,2,,Technology,8432534.0,35647.05
FVTI,Fortune Valley Treasures Inc,0.06,9,6,10,9,3,1,3,41,-18.0,26.0,Poor,Stay away,43,0.0,0.0,0.0,100.0,1,,Consumer Defensive,947129.0,54.25
FGCO,Pacific Oil Co,0.07,8,6,2,6,4,0,5,31,-8.0,26.0,Poor,Stay away,36,-12.5,-22.2,-5.4,47.7,0,,Financial Services,6606255.0,12248.53
SVROF,Silver Predator Corp,0.075,1,3,3,10,3,4,2,26,0.0,26.0,Poor,Stay away,21,0.0,-25.3,-13.2,24.4,0,,Basic Materials,2941796.0,3378.5
SFIIF,Skyfii Limited,0.09,6,4,3,7,4,5,2,31,-5.0,26.0,Poor,Stay away,34,0.0,0.0,-3.6,1.3,1,,Technology,6382538.0,481.27
GSCCF,ioneer Ltd,0.097,3,14,3,3,7,4,2,36,-8.0,26.0,Poor,Stay away,39,6.6,-11.8,-1.2,49.0,1,,Basic Materials,298239520.0,122054.29
URGYF,Academy Metals Inc,0.099,11,3,10,3,3,5,3,38,-15.0,26.0,Poor,Stay away,30,-2.0,-2.0,0.1,52.8,1,,Basic Materials,9295887.0,445.5
FDOGF,Friday's Dog Holdings Inc.,0.091,9,3,10,8,1,2,3,36,-13.0,26.0,Poor,Stay away,42,0.0,0.0,0.0,93.2,0,,Consumer Defensive,7846635.0,78.98
MEXGF,Mexican Gold Mining Corp,0.091,4,3,5,8,0,4,5,29,-3.0,26.0,Poor,Stay away,39,-1.0,-9.0,-0.3,49.3,2,,Basic Materials,3752775.0,14783.84
RKVTF,RKVTF,0.098,7,4,3,12,3,5,5,39,-13.0,26.0,Poor,Stay away,40,-2.3,-2.3,-2.5,49.2,1,,Healthcare,2385211.0,5932.69
BRCHF,BrainChip Holdings Ltd,0.119,4,4,3,11,3,2,4,31,-5.0,26.0,Poor,Stay away,46,-5.6,-14.8,-4.7,46.5,1,,Technology,287956416.0,383538.79
SNNGF,PPX Mining Corp,0.13,5,12,2,3,4,6,5,37,-11.0,26.0,Poor,Stay away,28,4.0,-45.4,-5.9,46.9,2,,Basic Materials,113023296.0,45751.32
AAPI,Apple iSports Group Inc,0.13,9,13,7,14,5,2,3,53,-28,26,Poor,Stay away,29,36.1,21.5,14.6,56.0,4,,Consumer Cyclical,28571982.0,5952.8
RDGMF,Ridgeline Minerals Corp,0.126,4,7,8,6,0,6,2,33,-10.0,26.0,Poor,Stay away,29,1.6,-3.8,-0.9,46.8,0,,Basic Materials,18169738.0,139570.53
COCCF,Coast Copper Corp,0.14,8,5,6,5,4,1,2,31,-10.0,26.0,Poor,🔥 COILED: Stay away,33,0.0,0.0,-0.8,46.7,0,,Basic Materials,10724236.0,2155.91
DMAAR,Drugs Made In America Acquisition Corp. Rights,0.1,3,6,3,9,5,0,2,28,0.0,26.0,Poor,Stay away,29,-1.0,-16.6,-7.6,43.5,0,,nan,1833960.0,82047.96
CLMPF,Canadian Premium Sand Inc,0.2,8,4,9,6,3,1,3,34,-13.0,26.0,Poor,🔥 COILED: Stay away,32,0.0,0.0,-0.0,48.1,1,,Basic Materials,18488380.0,5.0
IZOZF,Izotropic Corporation,0.18,3,10,1,9,5,4,2,34,-8.0,26.0,Poor,Stay away,35,5.9,-13.9,-2.6,47.4,1,,Healthcare,12417243.0,35213.74
ZCAR,Zoomcar Holdings Inc.,0.195,13,5,4,14,5,2,2,45,-19.0,26.0,Poor,Stay away,53,12.8,-6.2,12.3,55.1,0,,Industrials,1542227.0,37606.12
KRSOF,Karsan Otomotiv Sanayii ve Ticaret A.S,0.217,8,3,9,6,3,1,3,33,-10.0,26.0,Poor,Stay away,14,0.0,0.0,-0.3,0.0,0,,Industrials,195300000.0,90.0
HYPRF,HydrogenPro AS,0.233,4,4,2,10,3,0,5,28,-5.0,26.0,Poor,Stay away,33,0.0,-19.2,-7.6,41.2,1,,Industrials,22202150.0,64.2
QYOUF,QYOU Media Inc,0.225,3,11,2,8,3,0,2,29,-8.0,26.0,Poor,Stay away,31,-8.0,2.4,-3.9,42.3,1,,Communication Services,11699097.0,24393.81
NVGLF,NV Gold Corporation,0.21,4,8,0,13,9,0,2,36,-13.0,26.0,Poor,Stay away,46,-14.3,-10.3,-4.8,47.8,1,,Basic Materials,6196305.0,20282.53
SGQRF,SouthGobi Resources Ltd,0.28,8,3,9,6,3,1,3,33,-10.0,26.0,Poor,Stay away,29,0.0,0.0,-0.0,0.0,0,,Energy,83066616.0,598.66
CHKR,Chesapeake Granite Wash Trust,0.349,1,6,4,7,4,2,2,26,0.0,26.0,Poor,Stay away,20,-0.3,-3.9,-3.2,37.4,0,,Energy,16315750.0,34425.63
TPSRF,Topsports International Holdings Limited,0.357,4,8,1,7,6,0,2,28,2.0,26.0,Poor,Stay away,16,-0.8,-0.8,-0.7,47.5,0,,Consumer Cyclical,2211975936.0,5987.04
BOCOF,Bougainville Copper Limited,0.35,6,1,6,10,6,0,5,34,-8.0,26.0,Poor,Stay away,47,0.0,-16.7,16.3,73.5,1,,Basic Materials,140371872.0,120.0
TOEYF,Toro Energy Limited,0.358,3,4,9,9,3,1,2,31,-5.0,26.0,Poor,Stay away,45,-1.7,-5.3,-4.3,28.1,1,,Basic Materials,43012788.0,2806.03
LBUY,Leafbuyer Technologies Inc,0.36,0,6,1,12,0,0,5,24,2.0,26.0,Poor,Stay away,7,-64.0,-70.0,-49.8,42.2,0,,Communication Services,20014222.0,552.78
KPEA,Kun Peng International Ltd.,0.376,17,3,7,10,6,6,5,54,-28.0,26.0,Poor,Stay away,58,0.0,0.0,33.3,88.8,1,,Consumer Cyclical,15020000.0,521.95
FMHS,Farmhouse Inc,0.39,15,7,5,10,7,1,5,50,-24,26,Poor,Stay away,66,289.2,129.4,48.1,70.9,3,6,Communication Services,7451320.0,3517.79
NNFTF,Nanofilm Technologies International Limited,0.426,8,3,9,6,3,1,3,33,-10.0,26.0,Poor,Stay away,27,0.0,0.0,-0.0,0.0,0,,Technology,278062880.0,7.5
HLP,Hongli Group Inc. Ordinary Shares,0.439,3,7,2,9,4,4,2,31,-3.0,26.0,Poor,Stay away,10,-16.7,-16.2,-20.8,35.4,0,,Basic Materials,32810312.0,354753.53
KRMCF,KRM22 Plc,0.44,7,6,10,9,4,2,3,41,-18.0,26.0,Poor,Stay away,44,0.0,0.0,0.0,97.4,1,,Financial Services,26099136.0,200.0
SHEZF,Shenzhen Hepalink Pharmaceutical Group Co. Ltd,0.47,5,4,9,6,3,1,3,31,-10.0,26.0,Poor,🔥 COILED: Stay away,25,0.0,0.0,0.0,50.0,1,,Healthcare,689042304.0,0.13
XTAIF,XTAIF,0.45,6,12,4,6,2,2,2,34,-8.0,26.0,Poor,Stay away,35,0.0,12.5,-3.0,46.7,2,,nan,nan,26602.84
MYPS,Playstudios Inc,0.537,10,5,2,8,9,0,5,39,-13.0,26.0,Poor,Stay away,40,-9.0,3.2,0.5,51.9,1,,Communication Services,69110856.0,387422.48
GAUZ,Gauzy Ltd. Ordinary Shares,0.64,7,7,8,3,5,6,2,38,-15.0,26.0,Poor,Stay away,33,-0.8,-3.8,-1.8,48.3,1,,Technology,11995607.0,225493.47
PGCMF,Puregold Price Club Inc,0.67,5,4,11,6,3,1,3,33,-10.0,26.0,Poor,Stay away,0,0.0,0.0,0.0,59.1,0,,Consumer Cyclical,1919942912.0,0.0
GRPOF,Grupo Traxión S.A.B. de C.V,0.758,7,6,10,9,0,1,3,36,-13.0,26.0,Poor,Stay away,33,0.0,0.0,0.0,86.8,0,,Industrials,421488736.0,1143.26
DCOHF,Dickson Concepts (International) Limited,0.75,4,4,3,7,3,3,2,26,0.0,26.0,Poor,Stay away,20,0.0,0.0,-0.8,0.2,0,,Consumer Cyclical,250938528.0,0.0
NIVF,NewGenIvf Group Limited Class A Ordinary Shares,0.758,7,8,3,8,2,2,4,34,-8.0,26.0,Poor,Stay away,27,31.8,10.6,-3.6,44.7,2,,Healthcare,2104604.0,1773136.11
YHEKF,Yeahka Limited,0.8,4,3,10,5,3,5,3,33,-10.0,26.0,Poor,Stay away,25,0.0,0.0,-0.5,1.6,0,,Technology,310251584.0,43.99
PETV,PetVivo Holdings Inc,0.8,17,14,4,12,8,0,3,58,-30,26,Poor,Stay away,47,0.0,11.7,1.9,52.3,4,,Healthcare,29319936.0,16960.53
CDROW,Codere Online Luxembourg S.A. Warrants,0.85,15,10,5,15,6,0,5,56,-30,26,Poor,Stay away,61,6.2,39.3,22.5,62.3,3,,nan,nan,17086.07
WEBJF,Webjet Limited,0.93,5,4,9,6,3,1,3,31,-10.0,26.0,Poor,🔥 COILED: Stay away,24,0.0,0.0,0.0,50.0,0,,Consumer Cyclical,336574560.0,23.0
GZUHY,Guangzhou R&F Properties Co Ltd ADR,0.92,5,3,9,7,3,1,3,31,-5.0,26.0,Poor,Stay away,16,0.0,0.0,-0.1,0.0,1,,Real Estate,172608896.0,7.45
SOBR,Sobr Safe Inc,0.9,3,12,2,8,4,0,2,31,-5.0,26.0,Poor,Stay away,35,-9.9,-19.6,-12.1,43.9,1,,Technology,2588905.0,2974589.69
TIAJF,Telecom Italia S.p.A,0.961,15,6,6,6,6,2,3,44,-23.0,26.0,Poor,🔥 COILED: Stay away,53,0.0,0.0,0.4,98.6,0,,Communication Services,20455303168.0,654.0
SHZNF,Shenzhen Expressway Company Limited,0.95,9,3,10,6,3,2,3,36,-13.0,26.0,Poor,Stay away,51,0.0,0.0,0.0,72.1,0,,Industrials,2929030656.0,9.0
CNET,ZW Data Action Technologies Inc,1.0,15,12,2,9,6,4,5,53,-25.0,26.0,Poor,Stay away,38,-3.8,38.9,14.9,62.0,3,,Communication Services,3668429.0,233777.69
BUYXX,BUYXX,1.0,3,5,10,4,3,1,3,29,-8.0,26.0,Poor,🔥 COILED: Stay away,26,0.0,0.0,-5.4,42.7,0,,nan,nan,0.0
WNFTD,WNFTD,0.194,17,13,1,10,6,0,5,52,-24.5,25.5,Poor,Stay away,64,21.5,10.9,22.6,62.7,3,,Financial Services,nan,54207.1
NICLF,Class 1 Nickel and Technologies Limited,0.123,18,7,5,10,4,2,4,50,-24.8,25.2,Poor,Stay away,56,51.9,5.1,22.6,65.2,2,3,Basic Materials,24972000.0,16183.0
PTGOF,PT. Global Mediacom Tbk,0.008,2,4,10,6,3,2,3,30,-10.0,25.0,Poor,🔥 COILED: Stay away,30,0.0,0.0,0.0,50.0,0,,Communication Services,130820104.0,0.0
HAOTF,HAOTF,0.004,4,3,9,5,3,5,3,32,-10.0,25.0,Poor,Stay away,19,0.0,0.0,-0.6,15.2,0,,Industrials,49929192.0,433.39
KVGOF,Kavango Resources Plc,0.01,6,3,4,6,5,3,5,32,-10.0,25.0,Poor,Stay away,15,0.0,0.0,-5.2,42.2,0,,Basic Materials,43660396.0,37626.85
COUTF,China Outfitters Holdings Ltd,0.01,5,4,9,5,3,1,3,30,-10.0,25.0,Poor,🔥 COILED: Stay away,25,0.0,0.0,0.0,50.0,0,,Consumer Cyclical,34454500.0,50.0
UNBSF,UNBSF,0.004,2,4,10,6,3,2,3,30,-10.0,25.0,Poor,🔥 COILED: Stay away,30,0.0,0.0,0.0,50.0,0,,Healthcare,23884914.0,0.0
GBMRF,GBM Resources Limited,0.002,2,4,10,6,3,2,3,30,-10.0,25.0,Poor,🔥 COILED: Stay away,31,0.0,0.0,0.0,50.0,0,,Basic Materials,12270999.0,3333.33
HHSE,Hanover House Inc.,0.008,2,4,1,11,1,4,2,25,0.0,25.0,Poor,Stay away,45,-20.8,-23.2,-11.9,41.4,0,,Communication Services,9439440.0,531456.03
KDGLF,KDGLF,0.001,5,4,9,5,3,1,3,30,-10.0,25.0,Poor,🔥 COILED: Stay away,25,0.0,0.0,0.0,50.0,0,,Energy,8599508.0,50.0
LBTD,Lotus Bio-Technology Development Corp,0.01,2,4,10,6,3,2,3,30,-10.0,25.0,Poor,🔥 COILED: Stay away,31,0.0,0.0,0.0,50.0,0,,Basic Materials,8062837.0,0.8
RCCMF,Nippon Dragon Resources Inc,0.003,7,6,10,6,3,2,3,37,-15.0,25.0,Poor,Stay away,39,0.0,0.0,-0.0,10.3,1,,Basic Materials,7384851.0,93.0
KLDI,KLDiscovery Inc,0.005,9,6,9,7,4,2,3,40,-18.0,25.0,Poor,Stay away,41,0.0,0.0,0.0,97.5,1,,Technology,5665829.0,5786.89
MMMKF,Avenira Limited,0.001,8,3,9,5,3,1,3,32,-10.0,25.0,Poor,Stay away,27,0.0,0.0,-0.0,0.0,0,,Basic Materials,4258644.0,220.0
VSSSF,Visionstate Corp,0.004,8,3,9,5,3,1,3,32,-10.0,25.0,Poor,Stay away,28,0.0,0.0,-0.0,2.9,0,,Technology,3779464.0,4093.33
EATR,Eastern Asteria Inc,0.001,6,4,0,12,5,0,3,30,-3.0,25.0,Poor,Stay away,42,-28.6,0.0,-10.8,46.7,2,,Financial Services,2783251.0,4562854.58
YWGRF,Yowie Group Limited,0.01,2,4,10,6,3,2,3,30,-10.0,25.0,Poor,🔥 COILED: Stay away,31,0.0,0.0,0.0,50.0,0,,Consumer Defensive,2637730.0,782.1
LIOEF,Lion Energy Limited,0.005,2,4,10,6,3,2,3,30,-10.0,25.0,Poor,🔥 COILED: Stay away,31,0.0,0.0,0.0,50.0,0,,Energy,2260883.0,3.5
SAENF,Solar Alliance Energy Inc,0.008,3,8,8,3,4,2,2,30,-8.0,25.0,Poor,Stay away,19,5.6,-5.1,-2.3,46.2,1,,Technology,2213954.0,21730.94
BKRP,Black Rock Petroleum Co,0.01,2,4,10,6,3,2,3,30,-10.0,25.0,Poor,🔥 COILED: Stay away,31,0.0,0.0,0.0,50.0,0,,Energy,2000000.0,17.5
RECX,Recreatives Industries Inc.,0.007,1,10,1,8,4,2,2,28,-6.0,25.0,Poor,Stay away,37,46.0,-3.9,-25.6,36.5,1,,Consumer Cyclical,1822730.0,1088285.43
KSRPF,KSRPF,0.01,2,4,10,6,3,2,3,30,-10.0,25.0,Poor,🔥 COILED: Stay away,0,0.0,0.0,0.0,50.0,0,,nan,1568730.0,0.0
RCWDF,RightCrowd Ltd,0.005,2,4,10,6,3,2,3,30,-10.0,25.0,Poor,🔥 COILED: Stay away,31,0.0,0.0,0.0,50.0,0,,Technology,1424114.0,1800.0
SFIO,Starfleet Innotech Inc,0.001,0,6,4,9,4,0,2,25,0.0,25.0,Poor,Stay away,23,-8.3,-8.3,-8.5,37.1,0,,Financial Services,1413880.0,728633.44
LCHD,Leader Capital Holdings Corp,0.005,16,4,9,12,6,3,5,55,-30,25,Poor,Stay away,31,33.3,33.3,19.4,88.0,3,,Technology,1155518.0,122425.64
VGGOF,Greenhawk Resources Inc,0.01,16,4,8,12,6,4,5,55,-30,25,Poor,Stay away,42,0.0,150.0,48.7,96.6,3,,Basic Materials,925479.0,56.0
HALB,Tykhe Corp,0.001,4,8,0,8,0,2,2,24,0.0,25.0,Poor,Stay away,31,-16.7,11.1,-5.9,46.5,2,,Healthcare,778033.0,1201752.89
EFVIF,EF EnergyFunders Ventures Inc.,0.001,2,4,10,6,3,2,3,30,-10.0,25.0,Poor,🔥 COILED: Stay away,31,0.0,0.0,0.0,50.0,0,,Energy,685328.0,6446.0
HHGI,Hawaiian Hospitality Group Inc,0.001,2,4,10,6,3,2,3,30,-10.0,25.0,Poor,🔥 COILED: Stay away,31,0.0,0.0,0.0,50.0,0,,Industrials,607362.0,350.0
CVVRF,Vertical Exploration Inc,0.002,7,3,9,4,3,3,3,32,-10.0,25.0,Poor,Stay away,18,0.0,0.0,-2.0,3.4,0,,Basic Materials,244646.0,9933.75
CRMK,Cermetek Microelectronics Inc,0.009,5,3,10,4,4,3,3,32,-10.0,25.0,Poor,Stay away,25,0.0,0.0,-0.1,39.9,0,,Technology,189791.0,3007.98
SSGOF,Stop Sleep Go Inc,0.004,2,4,10,6,3,2,3,30,-10.0,25.0,Poor,🔥 COILED: Stay away,31,0.0,0.0,0.0,50.0,0,,Consumer Cyclical,184800.0,25.5
FRMC,Formcap Corp,0.002,2,4,10,6,3,2,3,30,-10.0,25.0,Poor,🔥 COILED: Stay away,31,0.0,0.0,0.0,50.0,0,,Energy,186567.0,3.5
EMDF,XL Rent Inc,0.004,4,4,6,3,6,7,2,32,-10.0,25.0,Poor,Stay away,49,0.0,0.0,-0.6,38.2,0,,Communication Services,170242.0,12998.99
AOGC,Australian Oil & Gas Corporation,0.002,2,4,10,6,3,2,3,30,-10.0,25.0,Poor,🔥 COILED: Stay away,31,0.0,0.0,0.0,50.0,0,,Energy,103846.0,31.8
CPQQ,China Power Equipment Inc,0.005,2,4,10,6,3,2,3,30,-10.0,25.0,Poor,🔥 COILED: Stay away,31,0.0,0.0,0.0,50.0,0,,Technology,100953.0,606.81
MTOMF,First Growth Funds Ltd,0.001,8,3,9,5,3,1,3,32,-10.0,25.0,Poor,Stay away,20,0.0,0.0,-0.1,0.0,0,,Financial Services,77798.0,3478.39
VRCV,Varca Ventures Inc,0.001,8,5,9,4,3,1,3,33,-13.0,25.0,Poor,🔥 COILED: Stay away,36,0.0,0.0,-0.0,47.1,1,,Basic Materials,7024.0,511.79
FRPC,First Republic Corp. of America,0.001,2,4,10,6,3,2,3,30,-10.0,25.0,Poor,🔥 COILED: Stay away,31,0.0,0.0,0.0,50.0,0,,Industrials,666.0,4.55
ETAR,Entertainment Arts Inc,0.01,2,4,10,6,3,2,3,30,-10.0,25.0,Poor,🔥 COILED: Stay away,31,0.0,0.0,0.0,50.0,0,,Communication Services,nan,200.0
ISVG,Integrated Services Group Inc,0.001,2,4,10,6,3,2,3,30,-10.0,25.0,Poor,🔥 COILED: Stay away,31,0.0,0.0,0.0,50.0,0,,Technology,nan,0.0
SDNVY,"Siderurgica Venezolana ""Sivensa"" S.A",0.001,2,4,10,6,3,2,3,30,-10.0,25.0,Poor,🔥 COILED: Stay away,31,0.0,0.0,0.0,50.0,0,,Basic Materials,nan,26.56
GBNW,Global Energy Networks Corp,0.02,2,4,10,6,3,2,3,30,-10.0,25.0,Poor,🔥 COILED: Stay away,31,0.0,0.0,0.0,50.0,0,,Communication Services,100274528.0,10.4
HHIGF,Huisen Shares Group Limited,0.02,2,4,10,6,3,2,3,30,-10.0,25.0,Poor,🔥 COILED: Stay away,31,0.0,0.0,0.0,50.0,0,,Consumer Cyclical,76578160.0,750.0
OIGLF,Chariot Oil & Gas Limited,0.019,8,4,0,8,3,3,2,28,-3.0,25.0,Poor,Stay away,26,-3.5,-3.5,-9.3,48.5,2,,Energy,57347312.0,128282.65
DUBRF,Dubber Corporation Limited,0.011,12,5,8,10,0,3,5,43,-18.0,25.0,Poor,Stay away,45,0.0,0.0,4.1,91.8,1,,Technology,29817278.0,485.2
CHFHF,China Foods Limited,0.012,2,4,10,6,3,2,3,30,-10.0,25.0,Poor,🔥 COILED: Stay away,31,0.0,0.0,0.0,50.0,0,,Financial Services,19778850.0,5.0
AGLY,Agiliti Inc,0.017,5,3,10,6,3,2,3,32,-10.0,25.0,Poor,Stay away,32,0.0,0.0,-0.0,27.5,0,,Financial Services,10267490.0,15.37
PLTYF,Plastec Technologies Ltd,0.02,2,4,10,6,3,2,3,30,-10.0,25.0,Poor,🔥 COILED: Stay away,30,0.0,0.0,0.0,50.0,0,,Financial Services,3234532.0,0.0
AXMIF,AXMIN Inc,0.017,2,4,10,6,3,2,3,30,-10.0,25.0,Poor,🔥 COILED: Stay away,31,0.0,0.0,0.0,50.0,0,,Basic Materials,3196521.0,36.0
UTRX,Unitronix Corporation,0.017,13,8,5,8,4,1,5,44,-19,25,Poor,Stay away,31,112.5,24.1,27.8,61.7,3,10,Technology,914367.0,112955.44
STBEF,Starbreeze AB (publ),0.025,5,4,9,6,1,2,3,30,-10.0,25.0,Poor,🔥 COILED: Stay away,34,0.0,0.0,0.0,50.0,0,,Communication Services,40610956.0,4.5
KRMMF,Kingsrose Mining Limited,0.03,6,3,10,6,3,1,3,32,-10.0,25.0,Poor,Stay away,20,0.0,0.0,-0.1,13.6,0,,Basic Materials,22605796.0,6608.33
MTDTF,MTDTF,0.025,3,11,5,5,2,4,5,35,-8.0,25.0,Poor,Stay away,21,12.7,-0.8,-3.5,45.0,0,,nan,nan,56627.02
MATAF,Matador Technologies Inc.,0.025,3,11,5,5,2,4,5,35,-8.0,25.0,Poor,Stay away,21,12.7,-0.8,-3.5,45.0,0,,nan,nan,56627.02
CTNMF,CTNMF,0.027,2,4,10,6,3,2,3,30,-10.0,25.0,Poor,🔥 COILED: Stay away,0,0.0,0.0,0.0,50.0,0,,Basic Materials,nan,0.0
SENR,Strategic Env & Egy,0.04,17,7,8,15,6,3,3,59,-30,25,Poor,Stay away,56,33.3,33.3,16.3,71.4,4,,Industrials,2755544.0,9250.32
BPTH,Bio Path Holdings Inc,0.04,8,10,1,14,5,2,5,45,-20.0,25.0,Poor,Stay away,17,0.0,33.3,-0.0,49.2,3,,Healthcare,2011898.0,36735.77
BACK,IMAC Holdings Inc,0.04,4,7,6,9,3,4,5,38,-13.0,25.0,Poor,Stay away,23,0.0,-33.3,-7.8,45.1,1,,Healthcare,151398.0,20618.27
HUIPF,Hydrogen Utopia International PLC,0.042,7,5,6,6,6,3,2,35,-10.0,25.0,Poor,Stay away,45,1.2,1.2,-0.3,46.8,0,,Industrials,18170680.0,22988.36
NGXLF,NGX Limited,0.05,4,3,9,7,0,1,3,27,-5.0,25.0,Poor,Stay away,10,0.0,0.0,-0.2,0.0,1,,Basic Materials,4530592.0,168.62
EGTYF,Eguana Technologies Inc,0.046,0,6,2,8,5,4,5,30,-5.0,25.0,Poor,Stay away,12,-18.8,-33.5,-20.9,33.1,1,,Industrials,2056399.0,7983.19
PFFOD,Latam Lithium Corp.,0.042,7,4,5,6,6,2,2,32,-10.0,25.0,Poor,Stay away,53,-0.5,-1.2,-3.0,50.1,0,,Basic Materials,743882.0,1581.92
PFFOF,Portofino Resources Inc,0.042,7,4,5,6,6,2,2,32,-10.0,25.0,Poor,Stay away,53,-0.5,-1.2,-3.0,50.1,0,,Basic Materials,735109.0,1581.92
PTBKF,PTBKF,0.053,2,4,10,6,3,2,3,30,-10.0,25.0,Poor,🔥 COILED: Stay away,31,0.0,0.0,0.0,50.0,0,,Communication Services,3353048320.0,0.5
TEAH,Worry Free Tea House Holdings Company,0.052,5,2,3,9,3,5,5,32,-10.0,25.0,Poor,Stay away,31,0.0,0.0,-29.8,40.8,0,,Industrials,958375040.0,734.38
CMILF,Capella Minerals Limited,0.057,3,8,3,7,3,2,2,28,-3.0,25.0,Poor,Stay away,28,8.3,-7.9,-2.6,46.7,1,,Basic Materials,4362183.0,20749.09
PBIIF,PBIIF,0.07,2,4,10,6,3,2,3,30,-10.0,25.0,Poor,🔥 COILED: Stay away,31,0.0,0.0,0.0,50.0,0,,Financial Services,1032456832.0,1000.0
WLBMF,Wallbridge Mining Company Limited,0.069,7,5,2,9,2,3,2,30,-5.0,25.0,Poor,Stay away,55,-1.1,-13.5,-1.1,49.9,2,,Basic Materials,131271936.0,450116.56
SSGLF,SSGLF,0.07,2,4,10,6,3,2,3,30,-10.0,25.0,Poor,🔥 COILED: Stay away,30,0.0,0.0,0.0,50.0,0,,nan,7628483.0,0.0
IMPZY,Implanet SA ADR,0.08,2,4,10,6,3,2,3,30,-10.0,25.0,Poor,🔥 COILED: Stay away,31,0.0,0.0,0.0,50.0,0,,Healthcare,230110352.0,55.28
CUPIF,Cupani Metals Corp.,0.075,7,10,0,9,3,2,2,33,-8.0,25.0,Poor,Stay away,16,0.9,-6.4,-6.1,46.4,0,,Financial Services,13015924.0,20015.99
PCIVF,PCIVF,0.084,6,12,3,5,8,2,2,38,-13.0,25.0,Poor,Stay away,34,2.2,2.2,4.4,49.5,2,,Technology,9907153.0,479.37
AVCNF,Avicanna Inc,0.092,7,10,2,7,0,2,2,30,-5.0,25.0,Poor,Stay away,20,14.4,-1.1,-0.3,48.1,1,,Healthcare,11572852.0,60396.89
GLHRF,Golden Harp Resources Inc,0.096,2,4,10,6,3,2,3,30,-10.0,25.0,Poor,🔥 COILED: Stay away,31,0.0,0.0,0.0,50.0,0,,Basic Materials,5799507.0,31.4
PTMYF,PTMYF,0.14,2,4,10,6,3,2,3,30,-10.0,25.0,Poor,🔥 COILED: Stay away,30,0.0,0.0,0.0,50.0,0,,Consumer Defensive,3097870848.0,0.0
EVGPF,Evergrande Property Services Group Limited,0.146,6,3,10,6,3,1,3,32,-10.0,25.0,Poor,Stay away,38,0.0,0.0,-0.1,2.9,0,,Real Estate,1572973056.0,908.16
YGTFF,Gold Terra Resource Corp,0.133,5,4,7,8,0,2,2,28,-3.0,25.0,Poor,Stay away,32,0.5,-8.8,-4.5,40.5,1,,Basic Materials,62262944.0,176539.16
HAVRF,HAVRF,0.11,2,4,10,6,3,2,3,30,-10.0,25.0,Poor,🔥 COILED: Stay away,30,0.0,0.0,0.0,50.0,0,,Basic Materials,38931464.0,0.0
VTMXF,Vital Metals Limited,0.12,13,11,7,6,4,7,5,53,-26,25,Poor,Stay away,33,20.0,41.2,27.0,56.1,3,,Basic Materials,29745558.0,33102.06
AUSI,Aura Systems Inc,0.11,8,6,3,13,2,5,5,42,-13.0,25.0,Poor,Stay away,38,-9.1,-8.3,-9.4,47.3,1,,Industrials,20253376.0,11220.37
HUBV,HUBB Ventures Inc,0.11,2,4,10,6,3,2,3,30,-10.0,25.0,Poor,🔥 COILED: Stay away,30,0.0,0.0,0.0,50.0,0,,Technology,6886585.0,0.0
TUTH,Standard Dental Labs Inc.,0.15,11,3,2,12,3,2,2,35,-10.0,25.0,Poor,Stay away,47,-34.6,33.9,-10.4,48.7,2,,Healthcare,4842853.0,28345.65
GHGH,GuanHua Corporation,0.12,2,4,10,6,3,2,3,30,-10.0,25.0,Poor,🔥 COILED: Stay away,31,0.0,0.0,0.0,50.0,0,,Financial Services,36326.0,0.01
NUEPF,NUEPF,0.112,10,5,8,12,5,0,3,43,-18.0,25.0,Poor,Stay away,36,4.1,-5.8,-1.1,50.1,0,,nan,nan,10107.87
SURRF,Sun Art Retail Group Limited,0.197,4,6,10,5,3,1,3,32,-10.0,25.0,Poor,Stay away,0,0.0,0.0,-0.4,15.0,0,,Consumer Cyclical,2949923840.0,0.0
CESTF,Chinese Estates Holdings Limited,0.15,2,4,10,6,3,2,3,30,-10.0,25.0,Poor,🔥 COILED: Stay away,30,0.0,0.0,0.0,50.0,1,,Real Estate,247418208.0,0.0
PTEXF,Pacific Textiles Holdings Limited,0.161,2,4,10,6,3,2,3,30,-10.0,25.0,Poor,🔥 COILED: Stay away,31,0.0,0.0,0.0,50.0,0,,Consumer Cyclical,223205408.0,2250.0
UMRRF,US Masters Residential Property Fund,0.194,9,6,11,8,1,2,3,40,-18.0,25.0,Poor,Stay away,52,0.0,0.0,0.0,99.7,1,,Real Estate,133559552.0,567.43
SILLF,Sarine Technologies Ltd,0.166,5,4,10,6,3,2,3,33,-13.0,25.0,Poor,🔥 COILED: Stay away,26,0.0,0.0,-0.0,46.9,1,,Technology,56539936.0,16619.5
MTQCF,MTQCF,0.166,7,3,7,4,3,5,3,32,-10.0,25.0,Poor,Stay away,35,0.0,0.0,-0.3,0.1,0,,nan,36792352.0,199.5
FSTTF,First Tellurium Corp,0.186,8,11,3,3,7,4,2,38,-13.0,25.0,Poor,Stay away,54,8.7,-2.5,-0.9,50.6,1,,Basic Materials,22069558.0,124727.88
BSAAR,BEST SPAC I Acquisition Corp. Rights,0.16,9,5,1,8,3,2,5,33,-8.0,25.0,Poor,Stay away,50,-11.0,10.3,-2.9,49.2,2,,nan,nan,0.0
LFTSF,LifeTech Scientific Corporation,0.234,2,4,10,6,3,2,3,30,-10.0,25.0,Poor,🔥 COILED: Stay away,31,0.0,0.0,0.0,50.0,0,,Healthcare,1027579200.0,4.5
IARLF,IARLF,0.225,2,4,10,6,3,2,3,30,-10.0,25.0,Poor,🔥 COILED: Stay away,30,0.0,0.0,0.0,50.0,0,,Consumer Defensive,314078496.0,0.0
BMTHF,BMTHF,0.244,2,4,10,6,3,2,3,30,-10.0,25.0,Poor,🔥 COILED: Stay away,31,0.0,0.0,0.0,50.0,0,,Consumer Defensive,243490000.0,500.0
OROXF,Orosur Mining Inc,0.23,0,3,8,8,0,4,2,25,-3.0,25.0,Poor,Stay away,27,2.2,-14.8,-10.1,42.9,1,,Basic Materials,103058304.0,75860.6
CNRIF,Condor Resources Inc,0.21,17,5,7,9,6,6,5,55,-30,25,Poor,Stay away,62,50.0,110.0,66.1,75.2,3,,Basic Materials,31769458.0,22275.94
TRRCF,Tribeca Resources Corporation,0.216,15,6,8,12,6,3,5,55,-30,25,Poor,Stay away,53,1.4,11.4,5.0,68.4,3,,Basic Materials,21015758.0,9939.72
GRDV,GRDV,0.2,5,4,9,6,1,2,3,30,-10.0,25.0,Poor,🔥 COILED: Stay away,34,0.0,0.0,0.0,50.0,0,,Basic Materials,1568310.0,2060.0
OZSC,Ozop Surgical Corp,0.2,8,13,5,11,6,2,2,47,-20,25,Poor,Stay away,39,53.8,8.1,-1.3,47.3,3,8,Industrials,896832.0,28350.59
EMETF,Canamera Energy Metals Corp.,0.241,7,16,7,1,4,6,2,43,-18.0,25.0,Poor,Stay away,28,0.9,7.2,-1.8,45.6,1,,nan,nan,0.0
APTFF,APTFF,0.235,2,4,10,6,3,2,3,30,-10.0,25.0,Poor,🔥 COILED: Stay away,0,0.0,0.0,0.0,50.0,0,,Real Estate,nan,0.0
AYAAF,Ayala Land Inc,0.25,5,6,11,4,3,3,3,35,-10.0,25.0,Poor,Stay away,0,8.7,4.2,1.5,57.7,0,,Real Estate,3572701184.0,0.0
MMCP,Morningstar US Mid Cap PR USD,0.25,0,7,1,8,4,0,3,23,2.0,25.0,Poor,Stay away,32,-43.9,-43.9,-29.9,34.6,0,,Financial Services,25013984.0,4138.81
MWCAF,Matachewan Consolidated Mines Limited,0.272,6,4,5,4,3,3,3,28,-8.0,25.0,Poor,🔥 COILED: Stay away,25,0.0,0.0,-0.2,47.4,0,,Energy,3705989.0,158.81
MNIZ,Gen 2 Technologies Inc,0.272,3,5,1,9,3,2,2,25,0.0,25.0,Poor,Stay away,27,0.0,-2.2,-18.1,38.6,0,,Communication Services,1078029.0,2361.0
CCTTF,CITIC Telecom International Holdings Limited,0.324,2,4,10,6,3,2,3,30,-10.0,25.0,Poor,🔥 COILED: Stay away,31,0.0,0.0,0.0,50.0,0,,Communication Services,1198718720.0,526.32
ALVSF,ALVSF,0.324,2,4,10,6,3,2,3,30,-10.0,25.0,Poor,🔥 COILED: Stay away,31,0.0,0.0,0.0,50.0,1,,Real Estate,460032672.0,2.5
SPPCF,Steppe Cement Ltd.,0.31,2,4,10,6,3,2,3,30,-10.0,25.0,Poor,🔥 COILED: Stay away,31,0.0,0.0,0.0,50.0,0,,Basic Materials,67890000.0,5.0
SUNPF,Sun Peak Metals Corp,0.325,14,12,3,4,7,4,2,46,-21.0,25.0,Poor,Stay away,49,-6.6,4.8,0.3,50.5,1,,Basic Materials,53370588.0,16499.64
MOAEY,Mongolia Energy Corp Ltd ADR,0.309,2,4,10,6,3,2,3,30,-10.0,25.0,Poor,🔥 COILED: Stay away,30,0.0,0.0,0.0,50.0,0,,Basic Materials,12837707.0,0.15
XRXDW,Xerox Holdings Corporation Warrants,0.304,7,4,6,8,5,2,3,35,-10.0,25.0,Poor,Stay away,0,-24.0,-34.0,-17.2,41.6,0,,nan,nan,0.0
VOBIF,Vobile Group Limited,0.39,3,3,9,6,3,5,3,32,-10.0,25.0,Poor,Stay away,15,0.0,0.0,-1.4,0.0,0,,Technology,991351680.0,998.83
SGLMF,Starhill Global Real Estate Investment Trust,0.384,4,3,4,7,0,5,2,25,0.0,25.0,Poor,Stay away,0,0.0,-0.3,-0.7,24.2,0,,Real Estate,891268608.0,0.0
NATBF,NatBridge Resources Ltd.,0.36,8,12,8,5,3,0,2,38,-9.0,25.0,Poor,Stay away,26,-7.6,-5.2,-9.4,40.2,1,,Basic Materials,21947104.0,82067.8
KGLDF,King Global Ventures Inc,0.389,6,11,0,10,4,2,2,35,-8.0,25.0,Poor,Stay away,26,3.2,-3.0,-4.9,41.9,1,,Basic Materials,20632166.0,10454.33
DTRK,DATATRAK International Inc,0.39,16,4,8,14,4,1,5,52,-30,25,Poor,Stay away,32,30.0,30.0,21.2,74.8,3,,Healthcare,10798756.0,1457.93
AXINR,Axiom Intelligence Acquisition Corp 1 Right,0.399,15,2,4,5,5,3,5,39,-14.0,25.0,Poor,Stay away,59,8.2,-7.0,10.3,62.1,0,,nan,nan,0.0
CEGHF,China Education Group Holdings Limited,0.415,5,4,9,5,3,1,3,30,-10.0,25.0,Poor,🔥 COILED: Stay away,27,0.0,0.0,0.0,50.0,0,,Consumer Defensive,1162129792.0,175.0
SAFX,"XCF Global, Inc. Class A Common Stock",0.416,2,11,6,3,4,2,5,33,-8.0,25.0,Poor,Stay away,38,-0.2,-5.4,1.7,50.2,1,,Utilities,151237152.0,11770599.23
BKBMF,Black Bear Minerals Limited,0.421,5,12,2,11,4,2,2,38,-13.0,25.0,Poor,Stay away,0,-12.3,-8.5,-7.6,44.0,1,,Basic Materials,64175152.0,0.0
PIHLF,Pihlajalinna Oyj,0.51,2,4,10,6,3,2,3,30,-10.0,25.0,Poor,🔥 COILED: Stay away,31,0.0,0.0,0.0,50.0,0,,Consumer Cyclical,226590032.0,3500.0
SIELF,Shanghai Electric Group Company Limited,0.57,8,5,2,6,6,1,2,30,-10.0,25.0,Poor,🔥 COILED: Stay away,32,0.0,0.0,-0.8,45.5,0,,Industrials,19182405632.0,142.46
CRPGF,Integrated Cannabis Company Inc,0.56,2,4,10,6,3,2,3,30,-10.0,25.0,Poor,🔥 COILED: Stay away,31,0.0,0.0,0.0,50.0,0,,Healthcare,3518205696.0,1.5
LZM-WT,Lifezone Metals Limited WT,0.572,5,12,3,3,8,2,2,35,-8.0,25.0,Poor,Stay away,50,26.1,-19.3,-4.0,47.7,1,,nan,nan,0.0
NGELF,NGE Capital Limited,0.629,2,4,10,6,3,2,3,30,-10.0,25.0,Poor,🔥 COILED: Stay away,31,0.0,0.0,0.0,50.0,0,,Financial Services,21560434.0,44.0
BMGL,Basel Medical Group Ltd Ordinary Shares,0.617,4,13,4,14,4,4,2,45,-21.0,25.0,Poor,Stay away,34,6.8,27.2,2.1,51.1,4,,Healthcare,11592686.0,238631.07
MTTRY,Ceconomy AG ADR,0.68,3,6,4,9,3,3,2,30,-5.0,25.0,Poor,Stay away,21,0.0,0.0,-4.4,25.6,1,,Consumer Cyclical,1694078720.0,817.79
GRDLF,Grindrod Ltd. ,0.748,2,4,10,6,3,2,3,30,-10.0,25.0,Poor,🔥 COILED: Stay away,31,0.0,0.0,0.0,50.0,0,,Industrials,499449024.0,6.46
PAASF,Pan American Silver Corp.,0.7,5,8,2,5,5,6,2,33,-8.0,25.0,Poor,Stay away,57,0.7,-13.2,-3.6,43.6,0,,nan,nan,239016.32
WSTTF,Westports Holdings Berhad,0.75,8,3,9,5,3,1,3,32,-10.0,25.0,Poor,Stay away,27,0.0,0.0,-0.0,0.0,0,,Industrials,2577350144.0,4.0
YUMM,Yummies Inc,0.75,2,4,10,6,3,2,3,30,-10.0,25.0,Poor,🔥 COILED: Stay away,31,0.0,0.0,0.0,50.0,0,,Consumer Defensive,337219872.0,40.0
AMEGF,American Eagle Gold Corp,0.752,2,8,4,8,4,2,2,30,-5.0,25.0,Poor,Stay away,51,-3.5,-6.3,-5.1,43.9,1,,Basic Materials,154101808.0,66157.45
VTHPF,Vital Healthcare Property Trust,0.85,2,4,10,6,3,2,3,30,-10.0,25.0,Poor,🔥 COILED: Stay away,31,0.0,0.0,0.0,50.0,1,,Real Estate,681501376.0,76.03
SFWL,Shengfeng Development Limited Class A Ordinary Shares,0.851,5,7,0,8,3,2,2,27,0.0,25.0,Poor,Stay away,23,-6.6,-3.5,-4.9,44.5,0,,Industrials,70188880.0,21296.88
UNPSF,Uni-President China Holdings Ltd,0.9,9,4,1,8,0,1,4,27,2.0,25.0,Poor,Stay away,38,-7.3,1.6,-1.9,45.2,0,,Consumer Defensive,3887400448.0,25.0
ELOG,Eastern International Ltd.,0.914,6,3,2,9,0,4,5,29,-4.0,25.0,Poor,Stay away,32,-6.8,4.4,-5.4,47.3,0,,Industrials,11727165.0,308629.26
LKSPR,Lake Superior Acquisition Corp. Rights,0.938,5,4,5,7,2,0,2,25,0.0,25.0,Poor,Stay away,22,-9.9,9.0,-2.6,47.4,1,,nan,nan,0.0
PSSMF,PSSMF,1,2,4,10,6,3,2,3,30,-10.0,25.0,Poor,🔥 COILED: Stay away,31,0.0,0.0,0.0,50.0,0,,Basic Materials,8239617536.0,10.0
LEXLF,Lexington Gold Ltd,1,2,4,10,6,3,2,3,30,-10.0,25.0,Poor,🔥 COILED: Stay away,0,0.0,0.0,0.0,50.0,0,,Basic Materials,473861056.0,0.0
AINSF,Ainsworth Game Technology Limited,1.0,15,7,5,7,6,4,4,48,-23.0,25.0,Poor,Stay away,54,-2.9,3.1,1.5,57.4,1,,Consumer Cyclical,336793984.0,21139.12
GLCP,GLCP,1,2,4,10,6,3,2,3,30,-10.0,25.0,Poor,🔥 COILED: Stay away,31,0.0,0.0,0.0,50.0,0,,Industrials,154394752.0,40.0
BCWG,BCW Group Holding Inc,1.0,7,3,8,6,3,2,3,32,-10.0,25.0,Poor,Stay away,35,0.0,0.0,-0.0,20.1,0,,Communication Services,100000000.0,16.0
PSPX,PSPX,1,2,4,10,6,3,2,3,30,-10.0,25.0,Poor,🔥 COILED: Stay away,31,0.0,0.0,0.0,50.0,0,,Consumer Cyclical,14375000.0,4.0
BMMCX,Blackrock Multi-Manager Alt Fund Cl C,1,2,4,10,6,3,2,3,30,-10.0,25.0,Poor,🔥 COILED: Stay away,30,0.0,0.0,0.0,50.0,0,,Other,0.0,0.0
BMMAX,Blackrock Multi-Manager Alt Fund Cl A,1,2,4,10,6,3,2,3,30,-10.0,25.0,Poor,🔥 COILED: Stay away,30,0.0,0.0,0.0,50.0,0,,Other,0.0,0.0
IUGXX,Invesco Treasurers Series Trust - Invesco Premier U.S. Government Money Portfolio,1,2,4,10,6,3,2,3,30,-10.0,25.0,Poor,🔥 COILED: Stay away,30,0.0,0.0,0.0,50.0,0,,Other,nan,0.0
CPVPX,Columbia Leg Captl Preservation Port A,1,2,4,10,6,3,2,3,30,-10.0,25.0,Poor,🔥 COILED: Stay away,30,0.0,0.0,0.0,50.0,0,,Other,0.0,0.0
FDRXX,Fidelity Govt Cash Rsrvs,1,2,4,10,6,3,2,3,30,-10.0,25.0,Poor,🔥 COILED: Stay away,30,0.0,0.0,0.0,50.0,0,,nan,nan,0.0
VUSXX,Vanguard Treasury Money Market Fund,1,2,4,10,6,3,2,3,30,-10.0,25.0,Poor,🔥 COILED: Stay away,30,0.0,0.0,0.0,50.0,0,,nan,nan,0.0
VMFXX,Vanguard Federal Money Market Fund Investor Shares,1,2,4,10,6,3,2,3,30,-10.0,25.0,Poor,🔥 COILED: Stay away,30,0.0,0.0,0.0,50.0,0,,nan,nan,0.0
FGTXX,Goldman Sachs Financial Square Government Fund Institutional Shares,1,2,4,10,6,3,2,3,30,-10.0,25.0,Poor,🔥 COILED: Stay away,30,0.0,0.0,0.0,50.0,0,,nan,nan,0.0
TFDXX,BlackRock Liquidity Funds FedFund Institutional Shares,1,2,4,10,6,3,2,3,30,-10.0,25.0,Poor,🔥 COILED: Stay away,30,0.0,0.0,0.0,50.0,0,,nan,nan,0.0
FTIXX,Goldman Sachs Financial Square Treasury Instruments Fund Institutional Shares,1,2,4,10,6,3,2,3,30,-10.0,25.0,Poor,🔥 COILED: Stay away,30,0.0,0.0,0.0,50.0,0,,nan,nan,0.0
AALXX,Thrivent Money Market Fund Class S,1,2,4,10,6,3,2,3,30,-10.0,25.0,Poor,🔥 COILED: Stay away,30,0.0,0.0,0.0,50.0,0,,nan,nan,0.0
DAPXX,Dreyfus Government Securities Cash Management Administrative Shares,1,2,4,10,6,3,2,3,30,-10.0,25.0,Poor,🔥 COILED: Stay away,30,0.0,0.0,0.0,50.0,0,,nan,nan,0.0
AGPXX,Invesco Short-Term Investments Trust Government & Agency Portfolio Institutional,1,2,4,10,6,3,2,3,30,-10.0,25.0,Poor,🔥 COILED: Stay away,30,0.0,0.0,0.0,50.0,0,,nan,nan,0.0
MISXX,Morgan Stanley Institutional Liquidity Funds - Treasury Portfolio,1,2,4,10,6,3,2,3,30,-10.0,25.0,Poor,🔥 COILED: Stay away,30,0.0,0.0,0.0,50.0,0,,nan,nan,0.0
MVRXX,Morgan Stanley Institutional Liquidity Funds -  Government Portfolio,1,2,4,10,6,3,2,3,30,-10.0,25.0,Poor,🔥 COILED: Stay away,30,0.0,0.0,0.0,50.0,0,,nan,nan,0.0
FGXXX,First American Funds Inc. - Government Obligations Fund,1,2,4,10,6,3,2,3,30,-10.0,25.0,Poor,🔥 COILED: Stay away,30,0.0,0.0,0.0,50.0,0,,nan,nan,0.0
FXFXX,First American Funds Inc. - Treasury Obligations Fund,1,2,4,10,6,3,2,3,30,-10.0,25.0,Poor,🔥 COILED: Stay away,30,0.0,0.0,0.0,50.0,0,,nan,nan,0.0
DTRXX,Dreyfus Treasury Obligations Cash Management,1,2,4,10,6,3,2,3,30,-10.0,25.0,Poor,🔥 COILED: Stay away,30,0.0,0.0,0.0,50.0,0,,nan,nan,0.0
GVMXX,State Street Master Funds - State Street U.S. Government Money Market Portfolio,1,2,4,10,6,3,2,3,30,-10.0,25.0,Poor,🔥 COILED: Stay away,30,0.0,0.0,0.0,50.0,0,,nan,nan,0.0
FSIXX,Fidelity Colchester Street Trust - Treasury Only Portfolio,1,2,4,10,6,3,2,3,30,-10.0,25.0,Poor,🔥 COILED: Stay away,30,0.0,0.0,0.0,50.0,0,,nan,nan,0.0
TPIXX,State Street Institutional Investment Trust - State Street Institutional Treasury Plus Money Market,1,2,4,10,6,3,2,3,30,-10.0,25.0,Poor,🔥 COILED: Stay away,30,0.0,0.0,0.0,50.0,0,,nan,nan,0.0
TTTXX,BlackRock Liquidity Funds - Treasury Trust Fund,1,2,4,10,6,3,2,3,30,-10.0,25.0,Poor,🔥 COILED: Stay away,30,0.0,0.0,0.0,50.0,0,,nan,nan,0.0
FRAXX,Goldman Sachs Trust - Goldman Sachs Financial Square Treasury Instruments Fund,1,2,4,10,6,3,2,3,30,-10.0,25.0,Poor,🔥 COILED: Stay away,30,0.0,0.0,0.0,50.0,0,,nan,nan,0.0
FIGXX,Fidelity Colchester Street Trust - Government Portfolio,1,2,4,10,6,3,2,3,30,-10.0,25.0,Poor,🔥 COILED: Stay away,30,0.0,0.0,0.0,50.0,0,,nan,nan,0.0
SSIXX,State Street Institutional Liquid Reserves Fund,1.0,5,3,10,6,3,2,3,32,-10.0,25.0,Poor,Stay away,32,0.0,0.0,-0.0,0.0,0,,nan,nan,0.0
FMJXX,Goldman Sachs Investor Money Market Fund Class I,1,2,4,10,6,3,2,3,30,-10.0,25.0,Poor,🔥 COILED: Stay away,30,0.0,0.0,0.0,50.0,0,,nan,nan,0.0
FZDXX,Fidelity Money Market Fund,1,2,4,10,6,3,2,3,30,-10.0,25.0,Poor,🔥 COILED: Stay away,30,0.0,0.0,0.0,50.0,0,,nan,nan,0.0
SWGXX,Schwab Government Money Fund,1,2,4,10,6,3,2,3,30,-10.0,25.0,Poor,🔥 COILED: Stay away,30,0.0,0.0,0.0,50.0,0,,nan,nan,0.0
PDDXX,Putnam Money Market Fund Class A,1,2,4,10,6,3,2,3,30,-10.0,25.0,Poor,🔥 COILED: Stay away,30,0.0,0.0,0.0,50.0,0,,nan,nan,0.0
SWVXX,Schwab Value Advantage Money Fund,1,2,4,10,6,3,2,3,30,-10.0,25.0,Poor,🔥 COILED: Stay away,30,0.0,0.0,0.0,50.0,0,,nan,nan,0.0
TSCXX,T. Rowe Price Cash Reserves Fund,1,2,4,10,6,3,2,3,30,-10.0,25.0,Poor,🔥 COILED: Stay away,30,0.0,0.0,0.0,50.0,0,,nan,nan,0.0
DGCXX,Dreyfus Government Cash Management Fund,1,2,4,10,6,3,2,3,30,-10.0,25.0,Poor,🔥 COILED: Stay away,30,0.0,0.0,0.0,50.0,0,,nan,nan,0.0
SAHXX,State Street Institutional U.S. Government Money Market Fund,1,2,4,10,6,3,2,3,30,-10.0,25.0,Poor,🔥 COILED: Stay away,30,0.0,0.0,0.0,50.0,0,,nan,nan,0.0
MUSXX,MainStay U.S. Government Liquidity Fund Class I,1,2,4,10,6,3,2,3,30,-10.0,25.0,Poor,🔥 COILED: Stay away,30,0.0,0.0,0.0,50.0,0,,nan,nan,0.0
TSTXX,BlackRock Liquidity Funds - T-Fund,1,2,4,10,6,3,2,3,30,-10.0,25.0,Poor,🔥 COILED: Stay away,30,0.0,0.0,0.0,50.0,0,,nan,nan,0.0
INFXX,Institutional Fiduciary Trust Money Market Fund,1,2,4,10,6,3,2,3,30,-10.0,25.0,Poor,🔥 COILED: Stay away,30,0.0,0.0,0.0,50.0,0,,nan,nan,0.0
AAOXX,American Beacon U.S. Government Money Market Select Fund,1,2,4,10,6,3,2,3,30,-10.0,25.0,Poor,🔥 COILED: Stay away,30,0.0,0.0,0.0,50.0,0,,nan,nan,0.0
ABZXX,American Funds U.S. Government Money Market Fund,1,2,4,10,6,3,2,3,30,-10.0,25.0,Poor,🔥 COILED: Stay away,30,0.0,0.0,0.0,50.0,0,,nan,nan,0.0
ACAXX,American Century Investment Trust - Prime Money Market Fund,1,2,4,10,6,3,2,3,30,-10.0,25.0,Poor,🔥 COILED: Stay away,30,0.0,0.0,0.0,50.0,0,,nan,nan,0.0
ACNXX,AIM Investment Securities Funds (Invesco Investment Securities Funds) - Government Money Market Fund,1,2,4,10,6,3,2,3,30,-10.0,25.0,Poor,🔥 COILED: Stay away,30,0.0,0.0,0.0,50.0,0,,nan,nan,0.0
ACZXX,AIM Investment Securities Funds (Invesco Investment Securities Funds) - Government Money Market Fund,1,2,4,10,6,3,2,3,30,-10.0,25.0,Poor,🔥 COILED: Stay away,30,0.0,0.0,0.0,50.0,0,,nan,nan,0.0
ACXXX,AIM Investment Securities Funds (Invesco Investment Securities Funds) - Government Money Market Fund,1,2,4,10,6,3,2,3,30,-10.0,25.0,Poor,🔥 COILED: Stay away,30,0.0,0.0,0.0,50.0,0,,nan,nan,0.0
ADAXX,AIM Investment Securities Funds (Invesco Investment Securities Funds) - Government Money Market Fund,1,2,4,10,6,3,2,3,30,-10.0,25.0,Poor,🔥 COILED: Stay away,30,0.0,0.0,0.0,50.0,0,,nan,nan,0.0
AEAXX,AB Government Exchange Reserves,1,2,4,10,6,3,2,3,30,-10.0,25.0,Poor,🔥 COILED: Stay away,30,0.0,0.0,0.0,50.0,0,,nan,nan,0.0
AEYXX,AB Government Exchange Reserves,1,2,4,10,6,3,2,3,30,-10.0,25.0,Poor,🔥 COILED: Stay away,30,0.0,0.0,0.0,50.0,0,,nan,nan,0.0
AECXX,AB Fixed-Income Shares Inc. - AB Government Money Market Portfolio,1,2,4,10,6,3,2,3,30,-10.0,25.0,Poor,🔥 COILED: Stay away,30,0.0,0.0,0.0,50.0,0,,nan,nan,0.0
AGHXX,American Century Investment Trust - Premium Money Market Fund,1,2,4,10,6,3,2,3,30,-10.0,25.0,Poor,🔥 COILED: Stay away,30,0.0,0.0,0.0,50.0,0,,nan,nan,0.0
AGCXX,Short-Term Investment Trust - Invesco Government & Agency Portfolio,1,2,4,10,6,3,2,3,30,-10.0,25.0,Poor,🔥 COILED: Stay away,30,0.0,0.0,0.0,50.0,0,,nan,nan,0.0
AGQXX,American Century Investment Trust - Premium Money Market Fund,1,2,4,10,6,3,2,3,30,-10.0,25.0,Poor,🔥 COILED: Stay away,30,0.0,0.0,0.0,50.0,0,,nan,nan,0.0
AGRXX,AllianceBernstein Bond Fund - Government Reserves Portfolio Fund,1,2,4,10,6,3,2,3,30,-10.0,25.0,Poor,🔥 COILED: Stay away,30,0.0,0.0,0.0,50.0,0,,nan,nan,0.0
AIMXX,AIM Investment Securities Funds (Invesco Investment Securities Funds) - Government Money Market Fund,1,2,4,10,6,3,2,3,30,-10.0,25.0,Poor,🔥 COILED: Stay away,30,0.0,0.0,0.0,50.0,0,,nan,nan,0.0
AIEXX,AB Government Exchange Reserves,1,2,4,10,6,3,2,3,30,-10.0,25.0,Poor,🔥 COILED: Stay away,30,0.0,0.0,0.0,50.0,0,,nan,nan,0.0
AIYXX,AIM Investment Securities Funds (Invesco Investment Securities Funds) - Government Money Market Fund,1,2,4,10,6,3,2,3,30,-10.0,25.0,Poor,🔥 COILED: Stay away,30,0.0,0.0,0.0,50.0,0,,nan,nan,0.0
AMAXX,PIMCO Funds - PIMCO Government Money Market Fund,1,2,4,10,6,3,2,3,30,-10.0,25.0,Poor,🔥 COILED: Stay away,30,0.0,0.0,0.0,50.0,0,,nan,nan,0.0
APCXX,Cavanal Hill Funds - Government Securities Money Market Fund,1,2,4,10,6,3,2,3,30,-10.0,25.0,Poor,🔥 COILED: Stay away,30,0.0,0.0,0.0,50.0,0,,nan,nan,0.0
AMGXX,PIMCO Funds - PIMCO Government Money Market Fund,1,2,4,10,6,3,2,3,30,-10.0,25.0,Poor,🔥 COILED: Stay away,30,0.0,0.0,0.0,50.0,0,,nan,nan,0.0
AMMXX,Thrivent Mutual Funds - Thrivent Money Market Fund,1,2,4,10,6,3,2,3,30,-10.0,25.0,Poor,🔥 COILED: Stay away,30,0.0,0.0,0.0,50.0,0,,nan,nan,0.0
APHXX,Cavanal Hill Funds - Government Securities Money Market Fund,1,2,4,10,6,3,2,3,30,-10.0,25.0,Poor,🔥 COILED: Stay away,30,0.0,0.0,0.0,50.0,0,,nan,nan,0.0
APGXX,Cavanal Hill Funds - U.S. Treasury Fund,1,2,4,10,6,3,2,3,30,-10.0,25.0,Poor,🔥 COILED: Stay away,30,0.0,0.0,0.0,50.0,0,,nan,nan,0.0
APNXX,Cavanal Hill Funds - U.S. Treasury Fund,1,2,4,10,6,3,2,3,30,-10.0,25.0,Poor,🔥 COILED: Stay away,30,0.0,0.0,0.0,50.0,0,,nan,nan,0.0
APKXX,Cavanal Hill Funds - U.S. Treasury Fund,1,2,4,10,6,3,2,3,30,-10.0,25.0,Poor,🔥 COILED: Stay away,30,0.0,0.0,0.0,50.0,0,,nan,nan,0.0
APPXX,Cavanal Hill Funds - Government Securities Money Market Fund,1,2,4,10,6,3,2,3,30,-10.0,25.0,Poor,🔥 COILED: Stay away,30,0.0,0.0,0.0,50.0,0,,nan,nan,0.0
APSXX,Cavanal Hill Funds - Government Securities Money Market Fund,1,2,4,10,6,3,2,3,30,-10.0,25.0,Poor,🔥 COILED: Stay away,30,0.0,0.0,0.0,50.0,0,,nan,nan,0.0
ARCXX,American Century Investment Trust - Prime Money Market Fund,1,2,4,10,6,3,2,3,30,-10.0,25.0,Poor,🔥 COILED: Stay away,30,0.0,0.0,0.0,50.0,0,,nan,nan,0.0
BBSXX,BBH Trust - BBH U.S. Government Money Market Fund,1,2,4,10,6,3,2,3,30,-10.0,25.0,Poor,🔥 COILED: Stay away,30,0.0,0.0,0.0,50.0,0,,nan,nan,0.0
BCHXX,BlackRock Liquidity Funds - T-Fund,1,2,4,10,6,3,2,3,30,-10.0,25.0,Poor,🔥 COILED: Stay away,30,0.0,0.0,0.0,50.0,0,,nan,nan,0.0
BCTXX,American Century California Tax-Free and Municipal Funds - California Tax-Free Money Market Fund,1,2,4,10,6,3,2,3,30,-10.0,25.0,Poor,🔥 COILED: Stay away,30,0.0,0.0,0.0,50.0,0,,nan,nan,0.0
BEMXX,BlackRock Liquidity Funds - T-Fund,1,2,4,10,6,3,2,3,30,-10.0,25.0,Poor,🔥 COILED: Stay away,30,0.0,0.0,0.0,50.0,0,,nan,nan,0.0
BECXX,BlackRock Liquidity Funds - Federal Trust Fund,1,2,4,10,6,3,2,3,30,-10.0,25.0,Poor,🔥 COILED: Stay away,30,0.0,0.0,0.0,50.0,0,,nan,nan,0.0
BFFXX,BlackRock Liquidity Funds - FedFund,1,2,4,10,6,3,2,3,30,-10.0,25.0,Poor,🔥 COILED: Stay away,30,0.0,0.0,0.0,50.0,0,,nan,nan,0.0
BFMXX,BlackRock Liquidity Funds - Federal Trust Fund,1,2,4,10,6,3,2,3,30,-10.0,25.0,Poor,🔥 COILED: Stay away,30,0.0,0.0,0.0,50.0,0,,nan,nan,0.0
BFTXX,BlackRock Liquidity Funds - Federal Trust Fund,1,2,4,10,6,3,2,3,30,-10.0,25.0,Poor,🔥 COILED: Stay away,30,0.0,0.0,0.0,50.0,0,,nan,nan,0.0
BFRXX,BlackRock Liquidity Funds - FedFund,1,2,4,10,6,3,2,3,30,-10.0,25.0,Poor,🔥 COILED: Stay away,30,0.0,0.0,0.0,50.0,0,,nan,nan,0.0
BGSXX,Northern Institutional Funds - U.S. Government Select Portfolio,1,2,4,10,6,3,2,3,30,-10.0,25.0,Poor,🔥 COILED: Stay away,30,0.0,0.0,0.0,50.0,0,,nan,nan,0.0
BMMIX,CollegeAdvantage 529 Savings Plan - BlackRock Money Market Option,1,2,4,10,6,3,2,3,30,-10.0,25.0,Poor,🔥 COILED: Stay away,30,0.0,0.0,0.0,50.0,0,,nan,nan,0.0
BNGXX,Northern Institutional Funds - U.S. Government Portfolio,1,2,4,10,6,3,2,3,30,-10.0,25.0,Poor,🔥 COILED: Stay away,30,0.0,0.0,0.0,50.0,0,,nan,nan,0.0
BNTXX,American Century Municipal Trust - Tax-Free Money Market Fund,1,2,4,10,6,3,2,3,30,-10.0,25.0,Poor,🔥 COILED: Stay away,30,0.0,0.0,0.0,50.0,0,,nan,nan,0.0
BRIXX,Blackrock Funds III - Treasury Money Market Fund,1,2,4,10,6,3,2,3,30,-10.0,25.0,Poor,🔥 COILED: Stay away,30,0.0,0.0,0.0,50.0,0,,nan,nan,0.0
BSCXX,Northern Institutional Funds - U.S. Government Select Portfolio,1,2,4,10,6,3,2,3,30,-10.0,25.0,Poor,🔥 COILED: Stay away,30,0.0,0.0,0.0,50.0,0,,nan,nan,0.0
BPRXX,American Century Investment Trust - Prime Money Market Fund,1,2,4,10,6,3,2,3,30,-10.0,25.0,Poor,🔥 COILED: Stay away,30,0.0,0.0,0.0,50.0,0,,nan,nan,0.0
BTCXX,BlackRock Liquidity Funds - Treasury Trust Fund,1,2,4,10,6,3,2,3,30,-10.0,25.0,Poor,🔥 COILED: Stay away,30,0.0,0.0,0.0,50.0,0,,nan,nan,0.0
BTFXX,BlackRock Liquidity Funds - Treasury Trust Fund,1,2,4,10,6,3,2,3,30,-10.0,25.0,Poor,🔥 COILED: Stay away,30,0.0,0.0,0.0,50.0,0,,nan,nan,0.0
BTRXX,BlackRock Liquidity Funds - T-Fund,1,2,4,10,6,3,2,3,30,-10.0,25.0,Poor,🔥 COILED: Stay away,30,0.0,0.0,0.0,50.0,0,,nan,nan,0.0
CACPX,Future Scholar 529 College Savings Plan - Conservative Portfolio,1,2,4,10,6,3,2,3,30,-10.0,25.0,Poor,🔥 COILED: Stay away,30,0.0,0.0,0.0,50.0,0,,nan,nan,0.0
CACXX,Money Market Obligations Trust - Federated Hermes California Municipal Cash Trust,1,2,4,10,6,3,2,3,30,-10.0,25.0,Poor,🔥 COILED: Stay away,30,0.0,0.0,0.0,50.0,0,,nan,nan,0.0
CAIXX,Money Market Obligations Trust - Federated Hermes California Municipal Cash Trust,1,2,4,10,6,3,2,3,30,-10.0,25.0,Poor,🔥 COILED: Stay away,30,0.0,0.0,0.0,50.0,0,,nan,nan,0.0
CAGXX,Cash Account Trust - Government & Agency Securities Portfolio,1,2,4,10,6,3,2,3,30,-10.0,25.0,Poor,🔥 COILED: Stay away,30,0.0,0.0,0.0,50.0,0,,nan,nan,0.0
CALXX,Money Market Obligations Trust - Federated Hermes California Municipal Cash Trust,1,2,4,10,6,3,2,3,30,-10.0,25.0,Poor,🔥 COILED: Stay away,30,0.0,0.0,0.0,50.0,0,,nan,nan,0.0
CBDAX,Future Scholar 529 College Savings Plan - Columbia Bank Deposit 529 Portfolio,1,2,4,10,6,3,2,3,30,-10.0,25.0,Poor,🔥 COILED: Stay away,30,0.0,0.0,0.0,50.0,0,,nan,nan,0.0
CBDCX,Future Scholar 529 College Savings Plan - Columbia Bank Deposit 529 Portfolio,1,2,4,10,6,3,2,3,30,-10.0,25.0,Poor,🔥 COILED: Stay away,30,0.0,0.0,0.0,50.0,0,,nan,nan,0.0
CBDEX,Future Scholar 529 College Savings Plan - Columbia Bank Deposit 529 Portfolio,1,2,4,10,6,3,2,3,30,-10.0,25.0,Poor,🔥 COILED: Stay away,30,0.0,0.0,0.0,50.0,0,,nan,nan,0.0
CCCPX,Future Scholar 529 College Savings Plan - Conservative Portfolio,1,2,4,10,6,3,2,3,30,-10.0,25.0,Poor,🔥 COILED: Stay away,30,0.0,0.0,0.0,50.0,0,,nan,nan,0.0
CBDPX,Future Scholar 529 College Savings Plan - Columbia Bank Deposit 529 Portfolio,1,2,4,10,6,3,2,3,30,-10.0,25.0,Poor,🔥 COILED: Stay away,30,0.0,0.0,0.0,50.0,0,,nan,nan,0.0
CCCXX,Money Market Obligations Trust - Federated Hermes California Municipal Cash Trust,1,2,4,10,6,3,2,3,30,-10.0,25.0,Poor,🔥 COILED: Stay away,30,0.0,0.0,0.0,50.0,0,,nan,nan,0.0
CCSXX,Money Market Obligations Trust - Federated Hermes California Municipal Cash Trust,1,2,4,10,6,3,2,3,30,-10.0,25.0,Poor,🔥 COILED: Stay away,30,0.0,0.0,0.0,50.0,0,,nan,nan,0.0
CEIXX,Citizensselect Funds - Dreyfus Institutional Preferred Treasury Securities Money Market Fund,1,2,4,10,6,3,2,3,30,-10.0,25.0,Poor,🔥 COILED: Stay away,30,0.0,0.0,0.0,50.0,0,,nan,nan,0.0
CEAXX,Citizensselect Funds - Dreyfus Institutional Preferred Treasury Securities Money Market Fund,1,2,4,10,6,3,2,3,30,-10.0,25.0,Poor,🔥 COILED: Stay away,30,0.0,0.0,0.0,50.0,0,,nan,nan,0.0
CECPX,Future Scholar 529 College Savings Plan - Conservative Portfolio,1,2,4,10,6,3,2,3,30,-10.0,25.0,Poor,🔥 COILED: Stay away,30,0.0,0.0,0.0,50.0,0,,nan,nan,0.0
CIIXX,Legg Mason Partners Institutional Trust - Western Asset Institutional U.S. Treasury Reserves,1,2,4,10,6,3,2,3,30,-10.0,25.0,Poor,🔥 COILED: Stay away,30,0.0,0.0,0.0,50.0,0,,nan,nan,0.0
CIFXX,LeggMason Partners Institutional Trust - Western Asset Institutional Tax Free Reserves,1,2,4,10,6,3,2,3,30,-10.0,25.0,Poor,🔥 COILED: Stay away,30,0.0,0.0,0.0,50.0,0,,nan,nan,0.0
CNFXX,City National Rochdale Funds - City National Rochdale Government Money Market Fund,1,2,4,10,6,3,2,3,30,-10.0,25.0,Poor,🔥 COILED: Stay away,30,0.0,0.0,0.0,50.0,0,,nan,nan,0.0
CNGXX,City National Rochdale Funds - City National Rochdale Government Money Market Fund,1,2,4,10,6,3,2,3,30,-10.0,25.0,Poor,🔥 COILED: Stay away,30,0.0,0.0,0.0,50.0,0,,nan,nan,0.0
CNIXX,City National Rochdale Funds - City National Rochdale Government Money Market Fund,1,2,4,10,6,3,2,3,30,-10.0,25.0,Poor,🔥 COILED: Stay away,30,0.0,0.0,0.0,50.0,0,,nan,nan,0.0
CRHXX,MFS Series Trust I - MFS U.S. Government Cash Reserve Fund,1,2,4,10,6,3,2,3,30,-10.0,25.0,Poor,🔥 COILED: Stay away,30,0.0,0.0,0.0,50.0,0,,nan,nan,0.0
COSXX,Morgan Stanley Institutional Liquidity Funds -  Government Portfolio,1,2,4,10,6,3,2,3,30,-10.0,25.0,Poor,🔥 COILED: Stay away,30,0.0,0.0,0.0,50.0,0,,nan,nan,0.0
CRJXX,MFS Series Trust I - MFS U.S. Government Cash Reserve Fund,1,2,4,10,6,3,2,3,30,-10.0,25.0,Poor,🔥 COILED: Stay away,30,0.0,0.0,0.0,50.0,0,,nan,nan,0.0
CPFXX,American Century Government Income Trust - Capital Preservation Fund,1,2,4,10,6,3,2,3,30,-10.0,25.0,Poor,🔥 COILED: Stay away,30,0.0,0.0,0.0,50.0,0,,nan,nan,0.0
CRKXX,MFS Series Trust I - MFS U.S. Government Cash Reserve Fund,1,2,4,10,6,3,2,3,30,-10.0,25.0,Poor,🔥 COILED: Stay away,30,0.0,0.0,0.0,50.0,0,,nan,nan,0.0
CRMXX,MFS Series Trust I - MFS U.S. Government Cash Reserve Fund,1,2,4,10,6,3,2,3,30,-10.0,25.0,Poor,🔥 COILED: Stay away,30,0.0,0.0,0.0,50.0,0,,nan,nan,0.0
CRRXX,MFS Series Trust I - MFS U.S. Government Cash Reserve Fund,1,2,4,10,6,3,2,3,30,-10.0,25.0,Poor,🔥 COILED: Stay away,30,0.0,0.0,0.0,50.0,0,,nan,nan,0.0
CRVXX,MFS Series Trust I - MFS U.S. Government Cash Reserve Fund,1,2,4,10,6,3,2,3,30,-10.0,25.0,Poor,🔥 COILED: Stay away,30,0.0,0.0,0.0,50.0,0,,nan,nan,0.0
CVTXX,Short-Term Investment Trust - Invesco Treasury Portfolio,1,2,4,10,6,3,2,3,30,-10.0,25.0,Poor,🔥 COILED: Stay away,30,0.0,0.0,0.0,50.0,0,,nan,nan,0.0
DAGXX,Dreyfus Government Cash Management Fund,1,2,4,10,6,3,2,3,30,-10.0,25.0,Poor,🔥 COILED: Stay away,30,0.0,0.0,0.0,50.0,0,,nan,nan,0.0
CVGXX,BofA Funds Series Trust - BofA Money Market Reserves,1,2,4,10,6,3,2,3,30,-10.0,25.0,Poor,🔥 COILED: Stay away,30,0.0,0.0,0.0,50.0,0,,nan,nan,0.0
DARXX,Dreyfus Treasury Securities Cash Management,1,2,4,10,6,3,2,3,30,-10.0,25.0,Poor,🔥 COILED: Stay away,30,0.0,0.0,0.0,50.0,0,,nan,nan,0.0
DBBXX,Cash Account Trust - Government & Agency Securities Portfolio,1,2,4,10,6,3,2,3,30,-10.0,25.0,Poor,🔥 COILED: Stay away,30,0.0,0.0,0.0,50.0,0,,nan,nan,0.0
DCMXX,Cash Account Trust - Government & Agency Securities Portfolio,1,2,4,10,6,3,2,3,30,-10.0,25.0,Poor,🔥 COILED: Stay away,30,0.0,0.0,0.0,50.0,0,,nan,nan,0.0
DGEXX,Morgan Stanley U.S Government Money Market Trust Fund,1,2,4,10,6,3,2,3,30,-10.0,25.0,Poor,🔥 COILED: Stay away,30,0.0,0.0,0.0,50.0,0,,nan,nan,0.0
DGPXX,Dreyfus Government Cash Management Funds - Dreyfus Government Prime Cash Management,1,2,4,10,6,3,2,3,30,-10.0,25.0,Poor,🔥 COILED: Stay away,30,0.0,0.0,0.0,50.0,0,,nan,nan,0.0
DGQXX,Dreyfus Government Cash Management Fund,1,2,4,10,6,3,2,3,30,-10.0,25.0,Poor,🔥 COILED: Stay away,30,0.0,0.0,0.0,50.0,0,,nan,nan,0.0
DGUXX,Dreyfus Government Cash Management Fund,1,2,4,10,6,3,2,3,30,-10.0,25.0,Poor,🔥 COILED: Stay away,30,0.0,0.0,0.0,50.0,0,,nan,nan,0.0
DGVXX,Dreyfus Government Cash Management Fund,1,2,4,10,6,3,2,3,30,-10.0,25.0,Poor,🔥 COILED: Stay away,30,0.0,0.0,0.0,50.0,0,,nan,nan,0.0
DIPXX,Dreyfus Government Cash Management Funds - Dreyfus Government Prime Cash Management,1,2,4,10,6,3,2,3,30,-10.0,25.0,Poor,🔥 COILED: Stay away,30,0.0,0.0,0.0,50.0,0,,nan,nan,0.0
DIRXX,Dreyfus Treasury Securities Cash Management,1,2,4,10,6,3,2,3,30,-10.0,25.0,Poor,🔥 COILED: Stay away,30,0.0,0.0,0.0,50.0,0,,nan,nan,0.0
DHLXX,Dreyfus Institutional Reserves Funds - Dreyfus Institutional Treasury and Agency Cash Advantage Fund,1,2,4,10,6,3,2,3,30,-10.0,25.0,Poor,🔥 COILED: Stay away,30,0.0,0.0,0.0,50.0,0,,nan,nan,0.0
DNSXX,Dreyfus Institutional Reserves Funds - Dreyfus Institutional Treasury and Agency Cash Advantage Fund,1,2,4,10,6,3,2,3,30,-10.0,25.0,Poor,🔥 COILED: Stay away,30,0.0,0.0,0.0,50.0,0,,nan,nan,0.0
DOAXX,DWS Money Market Prime Series - DWS Cash Investment Trust,1,2,4,10,6,3,2,3,30,-10.0,25.0,Poor,🔥 COILED: Stay away,30,0.0,0.0,0.0,50.0,0,,nan,nan,0.0
DOCXX,DWS Money Market Prime Series - DWS Cash Investment Trust,1,2,4,10,6,3,2,3,30,-10.0,25.0,Poor,🔥 COILED: Stay away,30,0.0,0.0,0.0,50.0,0,,nan,nan,0.0
DOSXX,DWS Money Market Prime Series - DWS Cash Investment Trust,1,2,4,10,6,3,2,3,30,-10.0,25.0,Poor,🔥 COILED: Stay away,30,0.0,0.0,0.0,50.0,0,,nan,nan,0.0
DPGXX,Dreyfus Government Cash Management Fund,1,2,4,10,6,3,2,3,30,-10.0,25.0,Poor,🔥 COILED: Stay away,30,0.0,0.0,0.0,50.0,0,,nan,nan,0.0
DPRXX,Dreyfus Treasury Securities Cash Management,1,2,4,10,6,3,2,3,30,-10.0,25.0,Poor,🔥 COILED: Stay away,30,0.0,0.0,0.0,50.0,0,,nan,nan,0.0
DSHXX,Dreyfus Institutional Reserves Funds - Dreyfus Institutional Preferred Government Money Market Fund,1,2,4,10,6,3,2,3,30,-10.0,25.0,Poor,🔥 COILED: Stay away,30,0.0,0.0,0.0,50.0,0,,nan,nan,0.0
DSVXX,Dreyfus Institutional Reserves Funds - Dreyfus Institutional Preferred Government Money Market Fund,1,2,4,10,6,3,2,3,30,-10.0,25.0,Poor,🔥 COILED: Stay away,30,0.0,0.0,0.0,50.0,0,,nan,nan,0.0
DTCXX,Cash Account Trust - DWS Tax-Exempt Portfolio,1,2,4,10,6,3,2,3,30,-10.0,25.0,Poor,🔥 COILED: Stay away,30,0.0,0.0,0.0,50.0,0,,nan,nan,0.0
DTAXX,Dreyfus Treasury Obligations Cash Management,1,2,4,10,6,3,2,3,30,-10.0,25.0,Poor,🔥 COILED: Stay away,30,0.0,0.0,0.0,50.0,0,,nan,nan,0.0
DTBXX,Cash Account Trust - DWS Tax-Exempt Portfolio,1,2,4,10,6,3,2,3,30,-10.0,25.0,Poor,🔥 COILED: Stay away,30,0.0,0.0,0.0,50.0,0,,nan,nan,0.0
DTDXX,Cash Account Trust - DWS Tax-Exempt Portfolio,1,2,4,10,6,3,2,3,30,-10.0,25.0,Poor,🔥 COILED: Stay away,30,0.0,0.0,0.0,50.0,0,,nan,nan,0.0
DTGXX,Cash Account Trust - Government & Agency Securities Portfolio,1,2,4,10,6,3,2,3,30,-10.0,25.0,Poor,🔥 COILED: Stay away,30,0.0,0.0,0.0,50.0,0,,nan,nan,0.0
DTHXX,Dreyfus Treasury Securities Cash Management,1,2,4,10,6,3,2,3,30,-10.0,25.0,Poor,🔥 COILED: Stay away,30,0.0,0.0,0.0,50.0,0,,nan,nan,0.0
DTKXX,Dreyfus Treasury Obligations Cash Management,1,2,4,10,6,3,2,3,30,-10.0,25.0,Poor,🔥 COILED: Stay away,30,0.0,0.0,0.0,50.0,0,,nan,nan,0.0
DTLXX,Dreyfus Institutional Liquidity Funds - Dreyfus Treasury and Agency Liquidity Money Market Fund,1,2,4,10,6,3,2,3,30,-10.0,25.0,Poor,🔥 COILED: Stay away,30,0.0,0.0,0.0,50.0,0,,nan,nan,0.0
DTNXX,Dreyfus Treasury Obligations Cash Management,1,2,4,10,6,3,2,3,30,-10.0,25.0,Poor,🔥 COILED: Stay away,30,0.0,0.0,0.0,50.0,0,,nan,nan,0.0
DTPXX,Dreyfus Treasury Obligations Cash Management,1,2,4,10,6,3,2,3,30,-10.0,25.0,Poor,🔥 COILED: Stay away,30,0.0,0.0,0.0,50.0,0,,nan,nan,0.0
DTVXX,Dreyfus Treasury Obligations Cash Management,1,2,4,10,6,3,2,3,30,-10.0,25.0,Poor,🔥 COILED: Stay away,30,0.0,0.0,0.0,50.0,0,,nan,nan,0.0
DVRXX,Dreyfus Treasury Securities Cash Management,1,2,4,10,6,3,2,3,30,-10.0,25.0,Poor,🔥 COILED: Stay away,30,0.0,0.0,0.0,50.0,0,,nan,nan,0.0
DVPXX,Dreyfus Government Cash Management Funds - Dreyfus Government Prime Cash Management,1,2,4,10,6,3,2,3,30,-10.0,25.0,Poor,🔥 COILED: Stay away,30,0.0,0.0,0.0,50.0,0,,nan,nan,0.0
DWGXX,Morgan Stanley U.S Government Money Market Trust Fund,1,2,4,10,6,3,2,3,30,-10.0,25.0,Poor,🔥 COILED: Stay away,30,0.0,0.0,0.0,50.0,0,,nan,nan,0.0
FAAXX,First American Funds Inc. - Government Obligations Fund,1,2,4,10,6,3,2,3,30,-10.0,25.0,Poor,🔥 COILED: Stay away,30,0.0,0.0,0.0,50.0,0,,nan,nan,0.0
ELMXX,Elfun Government Money Market Fund,1,2,4,10,6,3,2,3,30,-10.0,25.0,Poor,🔥 COILED: Stay away,30,0.0,0.0,0.0,50.0,0,,nan,nan,0.0
FAPXX,First American Funds Inc. - Retail Prime Obligations Fund,1,2,4,10,6,3,2,3,30,-10.0,25.0,Poor,🔥 COILED: Stay away,30,0.0,0.0,0.0,50.0,0,,nan,nan,0.0
FATXX,First American Funds Inc. - Treasury Obligations Fund,1,2,4,10,6,3,2,3,30,-10.0,25.0,Poor,🔥 COILED: Stay away,30,0.0,0.0,0.0,50.0,0,,nan,nan,0.0
FCEXX,Fidelity Colchester Street Trust - Treasury Portfolio,1,2,4,10,6,3,2,3,30,-10.0,25.0,Poor,🔥 COILED: Stay away,30,0.0,0.0,0.0,50.0,0,,nan,nan,0.0
FCGXX,Fidelity Colchester Street Trust - Government Portfolio,1,2,4,10,6,3,2,3,30,-10.0,25.0,Poor,🔥 COILED: Stay away,30,0.0,0.0,0.0,50.0,0,,nan,nan,0.0
FCIXX,Fidelity Colchester Street Trust - Money Market Portfolio,1,2,4,10,6,3,2,3,30,-10.0,25.0,Poor,🔥 COILED: Stay away,30,0.0,0.0,0.0,50.0,0,,nan,nan,0.0
FCOXX,Fidelity Colchester Street Trust - Money Market Portfolio,1,2,4,10,6,3,2,3,30,-10.0,25.0,Poor,🔥 COILED: Stay away,30,0.0,0.0,0.0,50.0,0,,nan,nan,0.0
FCSXX,Fidelity Colchester Street Trust - Treasury Portfolio,1,2,4,10,6,3,2,3,30,-10.0,25.0,Poor,🔥 COILED: Stay away,30,0.0,0.0,0.0,50.0,0,,nan,nan,0.0
FCVXX,Fidelity Colchester Street Trust - Government Portfolio,1,2,4,10,6,3,2,3,30,-10.0,25.0,Poor,🔥 COILED: Stay away,30,0.0,0.0,0.0,50.0,0,,nan,nan,0.0
FCYXX,Goldman Sachs Trust - Investor Tax-Exempt Money Market Fund,1,2,4,10,6,3,2,3,30,-10.0,25.0,Poor,🔥 COILED: Stay away,30,0.0,0.0,0.0,50.0,0,,nan,nan,0.0
FDCXX,Fidelity Newbury Street Trust - Treasury Fund,1,2,4,10,6,3,2,3,30,-10.0,25.0,Poor,🔥 COILED: Stay away,30,0.0,0.0,0.0,50.0,0,,nan,nan,0.0
FDEXX,Fidelity Newbury Street Trust - Tax-Exempt Fund,1,2,4,10,6,3,2,3,30,-10.0,25.0,Poor,🔥 COILED: Stay away,30,0.0,0.0,0.0,50.0,0,,nan,nan,0.0
FDUXX,Fidelity Newbury Street Trust - Treasury Fund,1,2,4,10,6,3,2,3,30,-10.0,25.0,Poor,🔥 COILED: Stay away,30,0.0,0.0,0.0,50.0,0,,nan,nan,0.0
FDLXX,Fidelity Hereford Street Trust - Fidelity Treasury Only Money Market Fund,1,2,4,10,6,3,2,3,30,-10.0,25.0,Poor,🔥 COILED: Stay away,30,0.0,0.0,0.0,50.0,0,,nan,nan,0.0
FEDXX,Goldman Sachs Trust - Goldman Sachs Financial Square Federal Fund,1,2,4,10,6,3,2,3,30,-10.0,25.0,Poor,🔥 COILED: Stay away,30,0.0,0.0,0.0,50.0,0,,nan,nan,0.0
FEAXX,Goldman Sachs Trust - Goldman Sachs Investor Tax-Exempt Money Market Fund,1,2,4,10,6,3,2,3,30,-10.0,25.0,Poor,🔥 COILED: Stay away,30,0.0,0.0,0.0,50.0,0,,nan,nan,0.0
FERXX,Fidelity Newbury Street Trust - Tax-Exempt Fund,1,2,4,10,6,3,2,3,30,-10.0,25.0,Poor,🔥 COILED: Stay away,30,0.0,0.0,0.0,50.0,0,,nan,nan,0.0
FEIXX,First American Funds Inc. - Retail Prime Obligations Fund,1,2,4,10,6,3,2,3,30,-10.0,25.0,Poor,🔥 COILED: Stay away,30,0.0,0.0,0.0,50.0,0,,nan,nan,0.0
FESXX,Goldman Sachs Trust - Goldman Sachs Investor Tax-Exempt Money Market Fund,1,2,4,10,6,3,2,3,30,-10.0,25.0,Poor,🔥 COILED: Stay away,30,0.0,0.0,0.0,50.0,0,,nan,nan,0.0
FEXXX,Fidelity Colchester Street Trust - Tax-Exempt Portfolio,1,2,4,10,6,3,2,3,30,-10.0,25.0,Poor,🔥 COILED: Stay away,30,0.0,0.0,0.0,50.0,0,,nan,nan,0.0
FFCXX,First American Funds Inc. - Retail Tax Free Obligations Fund,1,2,4,10,6,3,2,3,30,-10.0,25.0,Poor,🔥 COILED: Stay away,30,0.0,0.0,0.0,50.0,0,,nan,nan,0.0
FETXX,Fidelity Colchester Street Trust - Tax-Exempt Portfolio,1,2,4,10,6,3,2,3,30,-10.0,25.0,Poor,🔥 COILED: Stay away,30,0.0,0.0,0.0,50.0,0,,nan,nan,0.0
FGAXX,Goldman Sachs Trust - Goldman Sachs Financial Square Treasury Obligations Fund,1,2,4,10,6,3,2,3,30,-10.0,25.0,Poor,🔥 COILED: Stay away,30,0.0,0.0,0.0,50.0,0,,nan,nan,0.0
FGDXX,First American Funds Inc. - Government Obligations Fund,1,2,4,10,6,3,2,3,30,-10.0,25.0,Poor,🔥 COILED: Stay away,30,0.0,0.0,0.0,50.0,0,,nan,nan,0.0
FGEXX,Fidelity Colchester Street Trust - Government Portfolio,1,2,4,10,6,3,2,3,30,-10.0,25.0,Poor,🔥 COILED: Stay away,30,0.0,0.0,0.0,50.0,0,,nan,nan,0.0
FFTXX,Money Market Obligations Trust - Federated Institutional Tax-Free Cash Trust,1,2,4,10,6,3,2,3,30,-10.0,25.0,Poor,🔥 COILED: Stay away,30,0.0,0.0,0.0,50.0,0,,nan,nan,0.0
FGGXX,Goldman Sachs Trust - Goldman Sachs Financial Square Government Fund,1,2,4,10,6,3,2,3,30,-10.0,25.0,Poor,🔥 COILED: Stay away,30,0.0,0.0,0.0,50.0,0,,nan,nan,0.0
FGNXX,Fidelity Salem Street Trust - Government Money Market Fund,1,2,4,10,6,3,2,3,30,-10.0,25.0,Poor,🔥 COILED: Stay away,30,0.0,0.0,0.0,50.0,0,,nan,nan,0.0
FGUXX,First American Funds Inc. - Government Obligations Fund,1,2,4,10,6,3,2,3,30,-10.0,25.0,Poor,🔥 COILED: Stay away,30,0.0,0.0,0.0,50.0,0,,nan,nan,0.0
FGVXX,First American Funds Inc. - Government Obligations Fund,1,2,4,10,6,3,2,3,30,-10.0,25.0,Poor,🔥 COILED: Stay away,30,0.0,0.0,0.0,50.0,0,,nan,nan,0.0
FGZXX,First American Funds Inc. - Government Obligations Fund,1,2,4,10,6,3,2,3,30,-10.0,25.0,Poor,🔥 COILED: Stay away,30,0.0,0.0,0.0,50.0,0,,nan,nan,0.0
FHSXX,Goldman Sachs Trust - Investor Money Market Fund,1,2,4,10,6,3,2,3,30,-10.0,25.0,Poor,🔥 COILED: Stay away,30,0.0,0.0,0.0,50.0,0,,nan,nan,0.0
FHMXX,Goldman Sachs Trust - Investor Money Market Fund,1,2,4,10,6,3,2,3,30,-10.0,25.0,Poor,🔥 COILED: Stay away,30,0.0,0.0,0.0,50.0,0,,nan,nan,0.0
FHIXX,First American Funds Inc. - Retail Tax Free Obligations Fund,1,2,4,10,6,3,2,3,30,-10.0,25.0,Poor,🔥 COILED: Stay away,30,0.0,0.0,0.0,50.0,0,,nan,nan,0.0
FIKXX,Goldman Sachs Trust - Goldman Sachs Financial Square Federal Fund,1,2,4,10,6,3,2,3,30,-10.0,25.0,Poor,🔥 COILED: Stay away,30,0.0,0.0,0.0,50.0,0,,nan,nan,0.0
FIHXX,Goldman Sachs Trust - Goldman Sachs Financial Square Federal Fund,1,2,4,10,6,3,2,3,30,-10.0,25.0,Poor,🔥 COILED: Stay away,30,0.0,0.0,0.0,50.0,0,,nan,nan,0.0
FILXX,Goldman Sachs Trust - Goldman Sachs Financial Square Federal Fund,1,2,4,10,6,3,2,3,30,-10.0,25.0,Poor,🔥 COILED: Stay away,30,0.0,0.0,0.0,50.0,0,,nan,nan,0.0
FIRXX,Goldman Sachs Trust - Goldman Sachs Financial Square Federal Fund,1,2,4,10,6,3,2,3,30,-10.0,25.0,Poor,🔥 COILED: Stay away,30,0.0,0.0,0.0,50.0,0,,nan,nan,0.0
FIOXX,Goldman Sachs Trust - Goldman Sachs Financial Square Federal Fund,1,2,4,10,6,3,2,3,30,-10.0,25.0,Poor,🔥 COILED: Stay away,30,0.0,0.0,0.0,50.0,0,,nan,nan,0.0
FISXX,Fidelity Colchester Street Trust - Treasury Portfolio,1,2,4,10,6,3,2,3,30,-10.0,25.0,Poor,🔥 COILED: Stay away,30,0.0,0.0,0.0,50.0,0,,nan,nan,0.0
FIWXX,Goldman Sachs Trust - Goldman Sachs Financial Square Federal Fund,1,2,4,10,6,3,2,3,30,-10.0,25.0,Poor,🔥 COILED: Stay away,30,0.0,0.0,0.0,50.0,0,,nan,nan,0.0
FLGXX,Fidelity Hereford Street Trust-Flexible Government Money Market Fund,1,2,4,10,6,3,2,3,30,-10.0,25.0,Poor,🔥 COILED: Stay away,30,0.0,0.0,0.0,50.0,0,,nan,nan,0.0
FKIXX,Goldman Sachs Trust - Investor Tax-Exempt Money Market Fund,1,2,4,10,6,3,2,3,30,-10.0,25.0,Poor,🔥 COILED: Stay away,30,0.0,0.0,0.0,50.0,0,,nan,nan,0.0
FLIXX,First American Funds Inc. - Treasury Obligations Fund,1,2,4,10,6,3,2,3,30,-10.0,25.0,Poor,🔥 COILED: Stay away,30,0.0,0.0,0.0,50.0,0,,nan,nan,0.0
FMAXX,Fidelity Massachusetts Municipal Trust - Fidelity Massachusetts AMT Tax-Free Money Market Fund,1,2,4,10,6,3,2,3,30,-10.0,25.0,Poor,🔥 COILED: Stay away,30,0.0,0.0,0.0,50.0,0,,nan,nan,0.0
FLPXX,Meeder Funds - Institutional Prime Money Market Fund,1,2,4,10,6,3,2,3,30,-10.0,25.0,Poor,🔥 COILED: Stay away,30,0.0,0.0,0.0,50.0,0,,nan,nan,0.0
FMEXX,Goldman Sachs Trust - Investor Money Market Fund,1,2,4,10,6,3,2,3,30,-10.0,25.0,Poor,🔥 COILED: Stay away,30,0.0,0.0,0.0,50.0,0,,nan,nan,0.0
FMFXX,Franklin U.S. Government Money Fund,1,2,4,10,6,3,2,3,30,-10.0,25.0,Poor,🔥 COILED: Stay away,30,0.0,0.0,0.0,50.0,0,,nan,nan,0.0
FMGXX,Goldman Sachs Trust - Investor Money Market Fund,1,2,4,10,6,3,2,3,30,-10.0,25.0,Poor,🔥 COILED: Stay away,30,0.0,0.0,0.0,50.0,0,,nan,nan,0.0
FMKXX,Goldman Sachs Trust - Investor Money Market Fund,1,2,4,10,6,3,2,3,30,-10.0,25.0,Poor,🔥 COILED: Stay away,30,0.0,0.0,0.0,50.0,0,,nan,nan,0.0
FMOXX,Fidelity Newbury Street Trust - Tax-Exempt Fund,1,2,4,10,6,3,2,3,30,-10.0,25.0,Poor,🔥 COILED: Stay away,30,0.0,0.0,0.0,50.0,0,,nan,nan,0.0
FMPXX,Fidelity Colchester Street Trust - Money Market Portfolio,1,2,4,10,6,3,2,3,30,-10.0,25.0,Poor,🔥 COILED: Stay away,30,0.0,0.0,0.0,50.0,0,,nan,nan,0.0
FMQXX,Fidelity Salem Street Trust - Fidelity SAI Municipal Money Market Fund,1,2,4,10,6,3,2,3,30,-10.0,25.0,Poor,🔥 COILED: Stay away,30,0.0,0.0,0.0,50.0,0,,nan,nan,0.0
FMSXX,Fidelity Massachusetts Municipal Trust - Fidelity Massachusetts AMT Tax-Free Money Market Fund,1,2,4,10,6,3,2,3,30,-10.0,25.0,Poor,🔥 COILED: Stay away,30,0.0,0.0,0.0,50.0,0,,nan,nan,0.0
FMYXX,Fidelity Colchester Street Trust - Money Market Portfolio,1,2,4,10,6,3,2,3,30,-10.0,25.0,Poor,🔥 COILED: Stay away,30,0.0,0.0,0.0,50.0,0,,nan,nan,0.0
FNBXX,Fidelity Hereford Street Trust - Fidelity Government Money Market Fund,1,2,4,10,6,3,2,3,30,-10.0,25.0,Poor,🔥 COILED: Stay away,30,0.0,0.0,0.0,50.0,0,,nan,nan,0.0
FNCXX,Money Market Obligations Trust - Federated New York Municipal Cash Trust,1,2,4,10,6,3,2,3,30,-10.0,25.0,Poor,🔥 COILED: Stay away,30,0.0,0.0,0.0,50.0,0,,nan,nan,0.0
FNDXX,Federated Private Liquidity Funds-Prime Private Liquidity Fund,1,2,4,10,6,3,2,3,30,-10.0,25.0,Poor,🔥 COILED: Stay away,30,0.0,0.0,0.0,50.0,0,,nan,nan,0.0
FNTXX,Money Market Obligations Trust - Federated New York Municipal Cash Trust,1,2,4,10,6,3,2,3,30,-10.0,25.0,Poor,🔥 COILED: Stay away,30,0.0,0.0,0.0,50.0,0,,nan,nan,0.0
FNKXX,Fidelity New York Municipal Trust II - Fidelity New York AMT Tax-Free Money Market Fund,1,2,4,10,6,3,2,3,30,-10.0,25.0,Poor,🔥 COILED: Stay away,30,0.0,0.0,0.0,50.0,0,,nan,nan,0.0
FODXX,First American Funds Inc. - U.S. Treasury Money Market Fund,1,2,4,10,6,3,2,3,30,-10.0,25.0,Poor,🔥 COILED: Stay away,30,0.0,0.0,0.0,50.0,0,,nan,nan,0.0
FOCXX,First American Funds Inc. - Treasury Obligations Fund,1,2,4,10,6,3,2,3,30,-10.0,25.0,Poor,🔥 COILED: Stay away,30,0.0,0.0,0.0,50.0,0,,nan,nan,0.0
FOAXX,Goldman Sachs Trust - Goldman Sachs Financial Square Government Fund,1,2,4,10,6,3,2,3,30,-10.0,25.0,Poor,🔥 COILED: Stay away,30,0.0,0.0,0.0,50.0,0,,nan,nan,0.0
FOEXX,First American Funds Inc. - U.S. Treasury Money Market Fund,1,2,4,10,6,3,2,3,30,-10.0,25.0,Poor,🔥 COILED: Stay away,30,0.0,0.0,0.0,50.0,0,,nan,nan,0.0
FOIXX,Fidelity Colchester Street Trust - Treasury Only Portfolio,1,2,4,10,6,3,2,3,30,-10.0,25.0,Poor,🔥 COILED: Stay away,30,0.0,0.0,0.0,50.0,0,,nan,nan,0.0
FOPXX,Fidelity Colchester Street Trust - Treasury Only Portfolio,1,2,4,10,6,3,2,3,30,-10.0,25.0,Poor,🔥 COILED: Stay away,30,0.0,0.0,0.0,50.0,0,,nan,nan,0.0
FOSXX,Goldman Sachs Trust - Goldman Sachs Financial Square Government Fund,1,2,4,10,6,3,2,3,30,-10.0,25.0,Poor,🔥 COILED: Stay away,30,0.0,0.0,0.0,50.0,0,,nan,nan,0.0
FOXXX,Fidelity Colchester Street Trust - Treasury Only Portfolio,1,2,4,10,6,3,2,3,30,-10.0,25.0,Poor,🔥 COILED: Stay away,30,0.0,0.0,0.0,50.0,0,,nan,nan,0.0
FOYXX,First American Funds Inc. - U.S. Treasury Money Market Fund,1,2,4,10,6,3,2,3,30,-10.0,25.0,Poor,🔥 COILED: Stay away,30,0.0,0.0,0.0,50.0,0,,nan,nan,0.0
FOZXX,First American Funds Inc. - U.S. Treasury Money Market Fund,1,2,4,10,6,3,2,3,30,-10.0,25.0,Poor,🔥 COILED: Stay away,30,0.0,0.0,0.0,50.0,0,,nan,nan,0.0
FPPXX,First American Funds Inc. - Government Obligations Fund,1,2,4,10,6,3,2,3,30,-10.0,25.0,Poor,🔥 COILED: Stay away,30,0.0,0.0,0.0,50.0,0,,nan,nan,0.0
FPUXX,First American Funds Inc. - Retail Prime Obligations Fund,1,2,4,10,6,3,2,3,30,-10.0,25.0,Poor,🔥 COILED: Stay away,30,0.0,0.0,0.0,50.0,0,,nan,nan,0.0
FRBXX,Fidelity Colchester Street Trust - Treasury Portfolio,1,2,4,10,6,3,2,3,30,-10.0,25.0,Poor,🔥 COILED: Stay away,30,0.0,0.0,0.0,50.0,0,,nan,nan,0.0
FRFXX,Money Market Obligations Trust - Federated Hermes Capital Reserve Fund,1,2,4,10,6,3,2,3,30,-10.0,25.0,Poor,🔥 COILED: Stay away,30,0.0,0.0,0.0,50.0,0,,nan,nan,0.0
FRRXX,Franklin U.S. Government Money Fund,1,2,4,10,6,3,2,3,30,-10.0,25.0,Poor,🔥 COILED: Stay away,30,0.0,0.0,0.0,50.0,0,,nan,nan,0.0
FRQXX,Franklin U.S. Government Money Fund,1,2,4,10,6,3,2,3,30,-10.0,25.0,Poor,🔥 COILED: Stay away,30,0.0,0.0,0.0,50.0,0,,nan,nan,0.0
FSBXX,Fidelity California Municipal Trust II - Fidelity California AMT Tax-Free Money Market Fund,1,2,4,10,6,3,2,3,30,-10.0,25.0,Poor,🔥 COILED: Stay away,30,0.0,0.0,0.0,50.0,0,,nan,nan,0.0
FRSXX,Fidelity Colchester Street Trust - Treasury Only Portfolio,1,2,4,10,6,3,2,3,30,-10.0,25.0,Poor,🔥 COILED: Stay away,30,0.0,0.0,0.0,50.0,0,,nan,nan,0.0
FSJXX,Fidelity Court Street Trust II - Fidelity New Jersey AMT Tax-Free Money Market Fund,1,2,4,10,6,3,2,3,30,-10.0,25.0,Poor,🔥 COILED: Stay away,30,0.0,0.0,0.0,50.0,0,,nan,nan,0.0
FSGXX,Goldman Sachs Trust - Goldman Sachs Financial Square Government Fund,1,2,4,10,6,3,2,3,30,-10.0,25.0,Poor,🔥 COILED: Stay away,30,0.0,0.0,0.0,50.0,0,,nan,nan,0.0
FSKXX,Fidelity Court Street Trust II - Fidelity New Jersey AMT Tax-Free Money Market Fund,1,2,4,10,6,3,2,3,30,-10.0,25.0,Poor,🔥 COILED: Stay away,30,0.0,0.0,0.0,50.0,0,,nan,nan,0.0
FSNXX,Fidelity New York Municipal Trust II - Fidelity New York AMT Tax-Free Money Market Fund,1,2,4,10,6,3,2,3,30,-10.0,25.0,Poor,🔥 COILED: Stay away,30,0.0,0.0,0.0,50.0,0,,nan,nan,0.0
FSOXX,Goldman Sachs Trust - Goldman Sachs Financial Square Government Fund,1,2,4,10,6,3,2,3,30,-10.0,25.0,Poor,🔥 COILED: Stay away,30,0.0,0.0,0.0,50.0,0,,nan,nan,0.0
FSPXX,Fidelity California Municipal Trust II - Fidelity California AMT Tax-Free Money Market Fund,1,2,4,10,6,3,2,3,30,-10.0,25.0,Poor,🔥 COILED: Stay away,30,0.0,0.0,0.0,50.0,0,,nan,nan,0.0
FSXXX,Fidelity Colchester Street Trust - Tax-Exempt Portfolio,1,2,4,10,6,3,2,3,30,-10.0,25.0,Poor,🔥 COILED: Stay away,30,0.0,0.0,0.0,50.0,0,,nan,nan,0.0
FSRXX,Fidelity Newbury Street Trust - Treasury Fund,1,2,4,10,6,3,2,3,30,-10.0,25.0,Poor,🔥 COILED: Stay away,30,0.0,0.0,0.0,50.0,0,,nan,nan,0.0
FTAXX,First American Funds Inc. - Retail Tax Free Obligations Fund,1,2,4,10,6,3,2,3,30,-10.0,25.0,Poor,🔥 COILED: Stay away,30,0.0,0.0,0.0,50.0,0,,nan,nan,0.0
FTCXX,Fidelity Colchester Street Trust - Tax-Exempt Portfolio,1,2,4,10,6,3,2,3,30,-10.0,25.0,Poor,🔥 COILED: Stay away,30,0.0,0.0,0.0,50.0,0,,nan,nan,0.0
FTDXX,First American Funds Inc. - Treasury Obligations Fund,1,2,4,10,6,3,2,3,30,-10.0,25.0,Poor,🔥 COILED: Stay away,30,0.0,0.0,0.0,50.0,0,,nan,nan,0.0
FTFXX,Money Market Obligations Trust - Federated Institutional Tax-Free Cash Trust,1,2,4,10,6,3,2,3,30,-10.0,25.0,Poor,🔥 COILED: Stay away,30,0.0,0.0,0.0,50.0,0,,nan,nan,0.0
FTJXX,First American Funds Inc. - Retail Tax Free Obligations Fund,1,2,4,10,6,3,2,3,30,-10.0,25.0,Poor,🔥 COILED: Stay away,30,0.0,0.0,0.0,50.0,0,,nan,nan,0.0
FTGXX,First American Funds Inc. - Government Obligations Fund,1,2,4,10,6,3,2,3,30,-10.0,25.0,Poor,🔥 COILED: Stay away,30,0.0,0.0,0.0,50.0,0,,nan,nan,0.0
FTOXX,Goldman Sachs Trust - Goldman Sachs Financial Square Treasury Obligations Fund,1,2,4,10,6,3,2,3,30,-10.0,25.0,Poor,🔥 COILED: Stay away,30,0.0,0.0,0.0,50.0,0,,nan,nan,0.0
FTKXX,First American Funds Inc. - U.S. Treasury Money Market Fund,1,2,4,10,6,3,2,3,30,-10.0,25.0,Poor,🔥 COILED: Stay away,30,0.0,0.0,0.0,50.0,0,,nan,nan,0.0
FTQXX,Franklin U.S. Government Money Fund,1,2,4,10,6,3,2,3,30,-10.0,25.0,Poor,🔥 COILED: Stay away,30,0.0,0.0,0.0,50.0,0,,nan,nan,0.0
FTTXX,Fifth Third Funds - Fifth Third US Treasury Money Market Fund,1,2,4,10,6,3,2,3,30,-10.0,25.0,Poor,🔥 COILED: Stay away,30,0.0,0.0,0.0,50.0,0,,nan,nan,0.0
FTVXX,Fidelity Colchester Street Trust - Treasury Portfolio,1,2,4,10,6,3,2,3,30,-10.0,25.0,Poor,🔥 COILED: Stay away,30,0.0,0.0,0.0,50.0,0,,nan,nan,0.0
FTUXX,Fidelity Colchester Street Trust - Treasury Portfolio,1,2,4,10,6,3,2,3,30,-10.0,25.0,Poor,🔥 COILED: Stay away,30,0.0,0.0,0.0,50.0,0,,nan,nan,0.0
FTXXX,Goldman Sachs Trust - Goldman Sachs Investor Tax-Exempt Money Market Fund,1,2,4,10,6,3,2,3,30,-10.0,25.0,Poor,🔥 COILED: Stay away,30,0.0,0.0,0.0,50.0,0,,nan,nan,0.0
FTYXX,Fidelity Colchester Street Trust - Treasury Only Portfolio,1,2,4,10,6,3,2,3,30,-10.0,25.0,Poor,🔥 COILED: Stay away,30,0.0,0.0,0.0,50.0,0,,nan,nan,0.0
FTZXX,First American Funds Inc. - Retail Tax Free Obligations Fund,1,2,4,10,6,3,2,3,30,-10.0,25.0,Poor,🔥 COILED: Stay away,30,0.0,0.0,0.0,50.0,0,,nan,nan,0.0
FUGXX,Invesco Treasurers Series Trust - Invesco Premier U.S. Government Money Portfolio,1,2,4,10,6,3,2,3,30,-10.0,25.0,Poor,🔥 COILED: Stay away,30,0.0,0.0,0.0,50.0,0,,nan,nan,0.0
FUIXX,First American Funds Inc. - U.S. Treasury Money Market Fund,1,2,4,10,6,3,2,3,30,-10.0,25.0,Poor,🔥 COILED: Stay away,30,0.0,0.0,0.0,50.0,0,,nan,nan,0.0
FUPXX,First American Funds Inc. - Treasury Obligations Fund,1,2,4,10,6,3,2,3,30,-10.0,25.0,Poor,🔥 COILED: Stay away,30,0.0,0.0,0.0,50.0,0,,nan,nan,0.0
FVAXX,Goldman Sachs Trust - Goldman Sachs Financial Square Federal Fund,1,2,4,10,6,3,2,3,30,-10.0,25.0,Poor,🔥 COILED: Stay away,30,0.0,0.0,0.0,50.0,0,,nan,nan,0.0
FUZXX,First American Funds Inc. - Treasury Obligations Fund,1,2,4,10,6,3,2,3,30,-10.0,25.0,Poor,🔥 COILED: Stay away,30,0.0,0.0,0.0,50.0,0,,nan,nan,0.0
FVIXX,First American Funds Inc. - Government Obligations Fund,1,2,4,10,6,3,2,3,30,-10.0,25.0,Poor,🔥 COILED: Stay away,30,0.0,0.0,0.0,50.0,0,,nan,nan,0.0
FXRXX,First American Funds Inc. - U.S. Treasury Money Market Fund,1,2,4,10,6,3,2,3,30,-10.0,25.0,Poor,🔥 COILED: Stay away,30,0.0,0.0,0.0,50.0,0,,nan,nan,0.0
FVSXX,Goldman Sachs Trust - Goldman Sachs Financial Square Federal Fund,1,2,4,10,6,3,2,3,30,-10.0,25.0,Poor,🔥 COILED: Stay away,30,0.0,0.0,0.0,50.0,0,,nan,nan,0.0
FYAXX,Goldman Sachs Trust - Goldman Sachs Financial Square Treasury Obligations Fund,1,2,4,10,6,3,2,3,30,-10.0,25.0,Poor,🔥 COILED: Stay away,30,0.0,0.0,0.0,50.0,0,,nan,nan,0.0
FYRXX,First American Funds Inc. - Retail Prime Obligations Fund,1,2,4,10,6,3,2,3,30,-10.0,25.0,Poor,🔥 COILED: Stay away,30,0.0,0.0,0.0,50.0,0,,nan,nan,0.0
FYSXX,Goldman Sachs Trust - Goldman Sachs Financial Square Treasury Instruments Fund,1,2,4,10,6,3,2,3,30,-10.0,25.0,Poor,🔥 COILED: Stay away,30,0.0,0.0,0.0,50.0,0,,nan,nan,0.0
FZAXX,Fidelity Hereford Street Trust - Fidelity Government Money Market Fund,1,2,4,10,6,3,2,3,30,-10.0,25.0,Poor,🔥 COILED: Stay away,30,0.0,0.0,0.0,50.0,0,,nan,nan,0.0
FZBXX,Fidelity Hereford Street Trust - Fidelity Government Money Market Fund,1,2,4,10,6,3,2,3,30,-10.0,25.0,Poor,🔥 COILED: Stay away,30,0.0,0.0,0.0,50.0,0,,nan,nan,0.0
FZEXX,Fidelity Newbury Street Trust - Tax-Exempt Fund,1,2,4,10,6,3,2,3,30,-10.0,25.0,Poor,🔥 COILED: Stay away,30,0.0,0.0,0.0,50.0,0,,nan,nan,0.0
FZFXX,Fidelity Newbury Street Trust - Treasury Fund,1,2,4,10,6,3,2,3,30,-10.0,25.0,Poor,🔥 COILED: Stay away,30,0.0,0.0,0.0,50.0,0,,nan,nan,0.0
FZGXX,Fidelity Hereford Street Trust - Fidelity Government Money Market Fund,1,2,4,10,6,3,2,3,30,-10.0,25.0,Poor,🔥 COILED: Stay away,30,0.0,0.0,0.0,50.0,0,,nan,nan,0.0
FZRXX,First American Funds Inc. - Retail Prime Obligations Fund,1,2,4,10,6,3,2,3,30,-10.0,25.0,Poor,🔥 COILED: Stay away,30,0.0,0.0,0.0,50.0,0,,nan,nan,0.0
GBAXX,The Gabelli Money Market Funds - The Gabelli U.S. Treasury Money Market Fund,1,2,4,10,6,3,2,3,30,-10.0,25.0,Poor,🔥 COILED: Stay away,30,0.0,0.0,0.0,50.0,0,,nan,nan,0.0
GABXX,The Gabelli Money Market Funds - The Gabelli U.S. Treasury Money Market Fund,1,2,4,10,6,3,2,3,30,-10.0,25.0,Poor,🔥 COILED: Stay away,30,0.0,0.0,0.0,50.0,0,,nan,nan,0.0
GBCXX,The Gabelli Money Market Funds - The Gabelli U.S. Treasury Money Market Fund,1,2,4,10,6,3,2,3,30,-10.0,25.0,Poor,🔥 COILED: Stay away,30,0.0,0.0,0.0,50.0,0,,nan,nan,0.0
GCFXX,Goldman Sachs Trust - Goldman Sachs Financial Square Federal Fund,1,2,4,10,6,3,2,3,30,-10.0,25.0,Poor,🔥 COILED: Stay away,30,0.0,0.0,0.0,50.0,0,,nan,nan,0.0
GCGXX,Goldman Sachs Trust - Goldman Sachs Financial Square Government Fund,1,2,4,10,6,3,2,3,30,-10.0,25.0,Poor,🔥 COILED: Stay away,30,0.0,0.0,0.0,50.0,0,,nan,nan,0.0
GCIXX,Goldman Sachs Trust - Goldman Sachs Financial Square Treasury Instruments Fund,1,2,4,10,6,3,2,3,30,-10.0,25.0,Poor,🔥 COILED: Stay away,30,0.0,0.0,0.0,50.0,0,,nan,nan,0.0
GCTXX,Goldman Sachs Trust - Goldman Sachs Financial Square Treasury Obligations Fund,1,2,4,10,6,3,2,3,30,-10.0,25.0,Poor,🔥 COILED: Stay away,30,0.0,0.0,0.0,50.0,0,,nan,nan,0.0
GFAXX,SEI Daily Income Trust - Government Fund,1,2,4,10,6,3,2,3,30,-10.0,25.0,Poor,🔥 COILED: Stay away,30,0.0,0.0,0.0,50.0,0,,nan,nan,0.0
GFCXX,Goldman Sachs Trust - Goldman Sachs Financial Square Federal Fund,1,2,4,10,6,3,2,3,30,-10.0,25.0,Poor,🔥 COILED: Stay away,30,0.0,0.0,0.0,50.0,0,,nan,nan,0.0
GFPXX,Goldman Sachs Trust - Goldman Sachs Financial Square Federal Fund,1,2,4,10,6,3,2,3,30,-10.0,25.0,Poor,🔥 COILED: Stay away,30,0.0,0.0,0.0,50.0,0,,nan,nan,0.0
GICXX,Goldman Sachs Trust - Goldman Sachs Financial Square Treasury Instruments Fund,1,2,4,10,6,3,2,3,30,-10.0,25.0,Poor,🔥 COILED: Stay away,30,0.0,0.0,0.0,50.0,0,,nan,nan,0.0
GGPXX,Goldman Sachs Trust - Goldman Sachs Financial Square Government Fund,1,2,4,10,6,3,2,3,30,-10.0,25.0,Poor,🔥 COILED: Stay away,30,0.0,0.0,0.0,50.0,0,,nan,nan,0.0
GIPXX,Goldman Sachs Trust - Goldman Sachs Financial Square Treasury Instruments Fund,1,2,4,10,6,3,2,3,30,-10.0,25.0,Poor,🔥 COILED: Stay away,30,0.0,0.0,0.0,50.0,0,,nan,nan,0.0
GMBXX,General Money Market Fund Inc.,1,2,4,10,6,3,2,3,30,-10.0,25.0,Poor,🔥 COILED: Stay away,30,0.0,0.0,0.0,50.0,0,,nan,nan,0.0
GMGXX,General Money Market Fund Inc.,1,2,4,10,6,3,2,3,30,-10.0,25.0,Poor,🔥 COILED: Stay away,30,0.0,0.0,0.0,50.0,0,,nan,nan,0.0
GMCXX,AIM Investment Secs Fds (Invesco Invt Secs Fds) - Invesco U.S. Government Money Portfolio,1,2,4,10,6,3,2,3,30,-10.0,25.0,Poor,🔥 COILED: Stay away,30,0.0,0.0,0.0,50.0,0,,nan,nan,0.0
GMIXX,Nationwide Mutual Funds - Nationwide Money Market Fund,1,2,4,10,6,3,2,3,30,-10.0,25.0,Poor,🔥 COILED: Stay away,30,0.0,0.0,0.0,50.0,0,,nan,nan,0.0
GMLXX,AIM Investment Secs Fds (Invesco Invt Secs Fds) - Invesco U.S. Government Money Portfolio,1,2,4,10,6,3,2,3,30,-10.0,25.0,Poor,🔥 COILED: Stay away,30,0.0,0.0,0.0,50.0,0,,nan,nan,0.0
GMOXX,AB Fixed-Income Shares Inc. - AB Government Money Market Portfolio,1,2,4,10,6,3,2,3,30,-10.0,25.0,Poor,🔥 COILED: Stay away,30,0.0,0.0,0.0,50.0,0,,nan,nan,0.0
GMMXX,General Money Market Fund Inc.,1,2,4,10,6,3,2,3,30,-10.0,25.0,Poor,🔥 COILED: Stay away,30,0.0,0.0,0.0,50.0,0,,nan,nan,0.0
GMQXX,AIM Investment Secs Fds (Invesco Invt Secs Fds) - Invesco U.S. Government Money Portfolio,1,2,4,10,6,3,2,3,30,-10.0,25.0,Poor,🔥 COILED: Stay away,30,0.0,0.0,0.0,50.0,0,,nan,nan,0.0
GMRXX,AIM Investment Secs Fds (Invesco Invt Secs Fds) - Invesco U.S. Government Money Portfolio,1,2,4,10,6,3,2,3,30,-10.0,25.0,Poor,🔥 COILED: Stay away,30,0.0,0.0,0.0,50.0,0,,nan,nan,0.0
GMZXX,GuideStone Funds - Money Market Fund,1,2,4,10,6,3,2,3,30,-10.0,25.0,Poor,🔥 COILED: Stay away,30,0.0,0.0,0.0,50.0,0,,nan,nan,0.0
GMYXX,GuideStone Funds - Money Market Fund,1,2,4,10,6,3,2,3,30,-10.0,25.0,Poor,🔥 COILED: Stay away,30,0.0,0.0,0.0,50.0,0,,nan,nan,0.0
GOFXX,Money Market Obligations Trust - Federated Government Obligations Fund,1,2,4,10,6,3,2,3,30,-10.0,25.0,Poor,🔥 COILED: Stay away,30,0.0,0.0,0.0,50.0,0,,nan,nan,0.0
GOAXX,Money Market Obligations Trust - Federated Hermes Government Obligations Tax-Managed Fund,1,2,4,10,6,3,2,3,30,-10.0,25.0,Poor,🔥 COILED: Stay away,30,0.0,0.0,0.0,50.0,0,,nan,nan,0.0
GOIXX,Federated Hermes Govt Obl IS,1,2,4,10,6,3,2,3,30,-10.0,25.0,Poor,🔥 COILED: Stay away,30,0.0,0.0,0.0,50.0,0,,nan,nan,0.0
GOTXX,Money Market Obligations Trust - Federated Hermes Government Obligations Tax-Managed Fund,1,2,4,10,6,3,2,3,30,-10.0,25.0,Poor,🔥 COILED: Stay away,30,0.0,0.0,0.0,50.0,0,,nan,nan,0.0
GPFXX,Goldman Sachs Trust - Goldman Sachs Financial Square Federal Fund,1,2,4,10,6,3,2,3,30,-10.0,25.0,Poor,🔥 COILED: Stay away,30,0.0,0.0,0.0,50.0,0,,nan,nan,0.0
GOVXX,Money Market Obligations Trust - Federated Government Obligations Fund,1,2,4,10,6,3,2,3,30,-10.0,25.0,Poor,🔥 COILED: Stay away,30,0.0,0.0,0.0,50.0,0,,nan,nan,0.0
GPGXX,Goldman Sachs Trust - Goldman Sachs Financial Square Government Fund,1,2,4,10,6,3,2,3,30,-10.0,25.0,Poor,🔥 COILED: Stay away,30,0.0,0.0,0.0,50.0,0,,nan,nan,0.0
GPIXX,Goldman Sachs Trust - Goldman Sachs Financial Square Treasury Instruments Fund,1,2,4,10,6,3,2,3,30,-10.0,25.0,Poor,🔥 COILED: Stay away,30,0.0,0.0,0.0,50.0,0,,nan,nan,0.0
GPOXX,Goldman Sachs Trust - Goldman Sachs Financial Square Treasury Obligations Fund,1,2,4,10,6,3,2,3,30,-10.0,25.0,Poor,🔥 COILED: Stay away,30,0.0,0.0,0.0,50.0,0,,nan,nan,0.0
GPVXX,Short-Term Investment Trust - Invesco Government & Agency Portfolio,1,2,4,10,6,3,2,3,30,-10.0,25.0,Poor,🔥 COILED: Stay away,30,0.0,0.0,0.0,50.0,0,,nan,nan,0.0
GPTXX,Goldman Sachs Trust - Goldman Sachs Investor Tax-Exempt Money Market Fund,1,2,4,10,6,3,2,3,30,-10.0,25.0,Poor,🔥 COILED: Stay away,30,0.0,0.0,0.0,50.0,0,,nan,nan,0.0
GRAXX,Money Market Obligations Trust - Federated Hermes Government Reserves Fund,1,2,4,10,6,3,2,3,30,-10.0,25.0,Poor,🔥 COILED: Stay away,30,0.0,0.0,0.0,50.0,0,,nan,nan,0.0
GRFXX,Money Market Obligations Trust - Federated Hermes Government Reserves Fund,1,2,4,10,6,3,2,3,30,-10.0,25.0,Poor,🔥 COILED: Stay away,30,0.0,0.0,0.0,50.0,0,,nan,nan,0.0
GRCXX,Money Market Obligations Trust - Federated Hermes Government Reserves Fund,1,2,4,10,6,3,2,3,30,-10.0,25.0,Poor,🔥 COILED: Stay away,30,0.0,0.0,0.0,50.0,0,,nan,nan,0.0
GRGXX,Money Market Obligations Trust - Federated Hermes Government Reserves Fund,1,2,4,10,6,3,2,3,30,-10.0,25.0,Poor,🔥 COILED: Stay away,30,0.0,0.0,0.0,50.0,0,,nan,nan,0.0
GSFXX,Goldman Sachs Trust - Goldman Sachs Financial Square Federal Fund,1,2,4,10,6,3,2,3,30,-10.0,25.0,Poor,🔥 COILED: Stay away,30,0.0,0.0,0.0,50.0,0,,nan,nan,0.0
GSGXX,Goldman Sachs Trust - Goldman Sachs Financial Square Government Fund,1,2,4,10,6,3,2,3,30,-10.0,25.0,Poor,🔥 COILED: Stay away,30,0.0,0.0,0.0,50.0,0,,nan,nan,0.0
GSOXX,Goldman Sachs Trust - Goldman Sachs Financial Square Treasury Obligations Fund,1,2,4,10,6,3,2,3,30,-10.0,25.0,Poor,🔥 COILED: Stay away,30,0.0,0.0,0.0,50.0,0,,nan,nan,0.0
GSIXX,Goldman Sachs Trust - Goldman Sachs Financial Square Treasury Instruments Fund,1,2,4,10,6,3,2,3,30,-10.0,25.0,Poor,🔥 COILED: Stay away,30,0.0,0.0,0.0,50.0,0,,nan,nan,0.0
GTOXX,Goldman Sachs Trust - Goldman Sachs Financial Square Treasury Obligations Fund,1,2,4,10,6,3,2,3,30,-10.0,25.0,Poor,🔥 COILED: Stay away,30,0.0,0.0,0.0,50.0,0,,nan,nan,0.0
GTPXX,Goldman Sachs Trust - Goldman Sachs Financial Square Treasury Obligations Fund,1,2,4,10,6,3,2,3,30,-10.0,25.0,Poor,🔥 COILED: Stay away,30,0.0,0.0,0.0,50.0,0,,nan,nan,0.0
GTSXX,Money Market Obligations Trust - Federated Hermes Government Obligations Tax-Managed Fund,1,2,4,10,6,3,2,3,30,-10.0,25.0,Poor,🔥 COILED: Stay away,30,0.0,0.0,0.0,50.0,0,,nan,nan,0.0
GTRXX,Goldman Sachs Trust - Goldman Sachs Financial Square Treasury Obligations Fund,1,2,4,10,6,3,2,3,30,-10.0,25.0,Poor,🔥 COILED: Stay away,30,0.0,0.0,0.0,50.0,0,,nan,nan,0.0
GVCXX,Goldman Sachs Trust - Goldman Sachs Financial Square Government Fund,1,2,4,10,6,3,2,3,30,-10.0,25.0,Poor,🔥 COILED: Stay away,30,0.0,0.0,0.0,50.0,0,,nan,nan,0.0
GVIXX,Allspring Funds Trust - Allspring Government Money Market Fund,1,2,4,10,6,3,2,3,30,-10.0,25.0,Poor,🔥 COILED: Stay away,30,0.0,0.0,0.0,50.0,0,,nan,nan,0.0
GVRXX,Goldman Sachs Trust - Goldman Sachs Financial Square Government Fund,1,2,4,10,6,3,2,3,30,-10.0,25.0,Poor,🔥 COILED: Stay away,30,0.0,0.0,0.0,50.0,0,,nan,nan,0.0
GVSXX,State Street Insti U.S. Government Money Market Fd Service Class,1,2,4,10,6,3,2,3,30,-10.0,25.0,Poor,🔥 COILED: Stay away,30,0.0,0.0,0.0,50.0,0,,nan,nan,0.0
GVVXX,State Street Master Funds - State Street U.S. Government Money Market Portfolio,1,2,4,10,6,3,2,3,30,-10.0,25.0,Poor,🔥 COILED: Stay away,30,0.0,0.0,0.0,50.0,0,,nan,nan,0.0
HBIXX,HSBC Funds - HSBC U.S. Treasury Money Market Fund,1,2,4,10,6,3,2,3,30,-10.0,25.0,Poor,🔥 COILED: Stay away,30,0.0,0.0,0.0,50.0,0,,nan,nan,0.0
HGDXX,HSBC Funds - HSBC U.S. Government Money Market Fund,1,2,4,10,6,3,2,3,30,-10.0,25.0,Poor,🔥 COILED: Stay away,30,0.0,0.0,0.0,50.0,0,,nan,nan,0.0
HDIXX,Homestead Funds Inc. - Daily Income Fund,1,2,4,10,6,3,2,3,30,-10.0,25.0,Poor,🔥 COILED: Stay away,30,0.0,0.0,0.0,50.0,0,,nan,nan,0.0
HGFXX,HSBC Funds - HSBC U.S. Government Money Market Fund,1,2,4,10,6,3,2,3,30,-10.0,25.0,Poor,🔥 COILED: Stay away,30,0.0,0.0,0.0,50.0,0,,nan,nan,0.0
HGGXX,HSBC Funds - HSBC U.S. Government Money Market Fund,1,2,4,10,6,3,2,3,30,-10.0,25.0,Poor,🔥 COILED: Stay away,30,0.0,0.0,0.0,50.0,0,,nan,nan,0.0
HGIXX,HSBC Funds - HSBC U.S. Government Money Market Fund,1,2,4,10,6,3,2,3,30,-10.0,25.0,Poor,🔥 COILED: Stay away,30,0.0,0.0,0.0,50.0,0,,nan,nan,0.0
HTDXX,HSBC Funds - HSBC U.S. Treasury Money Market Fund,1,2,4,10,6,3,2,3,30,-10.0,25.0,Poor,🔥 COILED: Stay away,30,0.0,0.0,0.0,50.0,0,,nan,nan,0.0
HTFXX,HSBC Funds - HSBC U.S. Treasury Money Market Fund,1,2,4,10,6,3,2,3,30,-10.0,25.0,Poor,🔥 COILED: Stay away,30,0.0,0.0,0.0,50.0,0,,nan,nan,0.0
HTGXX,HSBC Funds - HSBC U.S. Treasury Money Market Fund,1,2,4,10,6,3,2,3,30,-10.0,25.0,Poor,🔥 COILED: Stay away,30,0.0,0.0,0.0,50.0,0,,nan,nan,0.0
HTYXX,HSBC Funds - HSBC U.S. Treasury Money Market Fund,1,2,4,10,6,3,2,3,30,-10.0,25.0,Poor,🔥 COILED: Stay away,30,0.0,0.0,0.0,50.0,0,,nan,nan,0.0
IATXX,Transamerica Funds - Transamerica Government Money Market,1,2,4,10,6,3,2,3,30,-10.0,25.0,Poor,🔥 COILED: Stay away,30,0.0,0.0,0.0,50.0,0,,nan,nan,0.0
ICAXX,DWS Government Money Market Series - Institutional,1,2,4,10,6,3,2,3,30,-10.0,25.0,Poor,🔥 COILED: Stay away,30,0.0,0.0,0.0,50.0,0,,nan,nan,0.0
ICTXX,Investors Cash Trust - DWS Treasury Portfolio,1,2,4,10,6,3,2,3,30,-10.0,25.0,Poor,🔥 COILED: Stay away,30,0.0,0.0,0.0,50.0,0,,nan,nan,0.0
IMLXX,Transamerica Funds - Transamerica Government Money Market,1,2,4,10,6,3,2,3,30,-10.0,25.0,Poor,🔥 COILED: Stay away,30,0.0,0.0,0.0,50.0,0,,nan,nan,0.0
INAXX,AIM Investment Securities Funds (Invesco Investment Securities Funds) - Government Money Market Fund,1,2,4,10,6,3,2,3,30,-10.0,25.0,Poor,🔥 COILED: Stay away,30,0.0,0.0,0.0,50.0,0,,nan,nan,0.0
IMRXX,AIM Treasurer's Series Trust (Invesco Treasurer's Series Trust) - Invesco Premier Portfolio,1,2,4,10,6,3,2,3,30,-10.0,25.0,Poor,🔥 COILED: Stay away,30,0.0,0.0,0.0,50.0,0,,nan,nan,0.0
INGXX,Legg Mason Partners Institutional Trust - Western Asset Institutional Government Reserves,1,2,4,10,6,3,2,3,30,-10.0,25.0,Poor,🔥 COILED: Stay away,30,0.0,0.0,0.0,50.0,0,,nan,nan,0.0
INVXX,AIM Investment Securities Funds (Invesco Investment Securities Funds) - Government Money Market Fund,1,2,4,10,6,3,2,3,30,-10.0,25.0,Poor,🔥 COILED: Stay away,30,0.0,0.0,0.0,50.0,0,,nan,nan,0.0
IPPXX,AIM Treasurer's Series Trust (Invesco Treasurer's Series Trust) - Invesco Premier Portfolio,1,2,4,10,6,3,2,3,30,-10.0,25.0,Poor,🔥 COILED: Stay away,30,0.0,0.0,0.0,50.0,0,,nan,nan,0.0
IPVXX,AIM Treasurer's Series Trust (Invesco Treasurer's Series Trust) - Invesco Premier Portfolio,1,2,4,10,6,3,2,3,30,-10.0,25.0,Poor,🔥 COILED: Stay away,30,0.0,0.0,0.0,50.0,0,,nan,nan,0.0
IPTXX,AIM Treasurer's Series Trust (Invesco Treasurer's Series Trust) - Invesco Premier Portfolio,1,2,4,10,6,3,2,3,30,-10.0,25.0,Poor,🔥 COILED: Stay away,30,0.0,0.0,0.0,50.0,0,,nan,nan,0.0
IRCXX,AIM Treasurer's Series Trust (Invesco Treasurer's Series Trust) - Invesco Premier Portfolio,1,2,4,10,6,3,2,3,30,-10.0,25.0,Poor,🔥 COILED: Stay away,30,0.0,0.0,0.0,50.0,0,,nan,nan,0.0
IRVXX,AIM Treasurer's Series Trust (Invesco Treasurer's Series Trust) - Invesco Premier Portfolio,1,2,4,10,6,3,2,3,30,-10.0,25.0,Poor,🔥 COILED: Stay away,30,0.0,0.0,0.0,50.0,0,,nan,nan,0.0
ISSXX,Federated Private Liquidity Funds-Prime Private Liquidity Fund,1,2,4,10,6,3,2,3,30,-10.0,25.0,Poor,🔥 COILED: Stay away,30,0.0,0.0,0.0,50.0,0,,nan,nan,0.0
ITVXX,Investors Cash Trust - DWS Treasury Portfolio,1,2,4,10,6,3,2,3,30,-10.0,25.0,Poor,🔥 COILED: Stay away,30,0.0,0.0,0.0,50.0,0,,nan,nan,0.0
IUSXX,Treasury Portfolio - Deutsche U.S. Treasury Money Fund,1,2,4,10,6,3,2,3,30,-10.0,25.0,Poor,🔥 COILED: Stay away,30,0.0,0.0,0.0,50.0,0,,nan,nan,0.0
IVMXX,Voya Government Money Market Portfolio,1,2,4,10,6,3,2,3,30,-10.0,25.0,Poor,🔥 COILED: Stay away,30,0.0,0.0,0.0,50.0,0,,nan,nan,0.0
JHMXX,John Hancock Money Market Fund Class A,1,2,4,10,6,3,2,3,30,-10.0,25.0,Poor,🔥 COILED: Stay away,30,0.0,0.0,0.0,50.0,0,,nan,nan,0.0
JAMXX,Janus Investment Fund - Janus Money Market Fund,1,2,4,10,6,3,2,3,30,-10.0,25.0,Poor,🔥 COILED: Stay away,30,0.0,0.0,0.0,50.0,0,,nan,nan,0.0
JHOXX,John Hancock Variable Insurance Trust - Money Market Trust,1,2,4,10,6,3,2,3,30,-10.0,25.0,Poor,🔥 COILED: Stay away,30,0.0,0.0,0.0,50.0,0,,nan,nan,0.0
JNMXX,Janus Investment Fund - Janus Money Market Fund,1,2,4,10,6,3,2,3,30,-10.0,25.0,Poor,🔥 COILED: Stay away,30,0.0,0.0,0.0,50.0,0,,nan,nan,0.0
JMCXX,John Hancock Money Market Fund Class C,1,2,4,10,6,3,2,3,30,-10.0,25.0,Poor,🔥 COILED: Stay away,30,0.0,0.0,0.0,50.0,0,,nan,nan,0.0
JNSXX,Edward Jones Money Market Fund,1,2,4,10,6,3,2,3,30,-10.0,25.0,Poor,🔥 COILED: Stay away,30,0.0,0.0,0.0,50.0,0,,nan,nan,0.0
JRSXX,ftse-kicks-2011-off-boosted-by-oil-manufacturing.aspx,1,2,4,10,6,3,2,3,30,-10.0,25.0,Poor,🔥 COILED: Stay away,30,0.0,0.0,0.0,50.0,0,,nan,nan,0.0
KMMXX,DWS Money Market Prime Series - DWS Money Market Fund,1,2,4,10,6,3,2,3,30,-10.0,25.0,Poor,🔥 COILED: Stay away,30,0.0,0.0,0.0,50.0,0,,nan,nan,0.0
LACXX,Lord Abbett U.S. Govt & Govt Sponsored Enterprises Money Mkt Fd Inc.,1,2,4,10,6,3,2,3,30,-10.0,25.0,Poor,🔥 COILED: Stay away,30,0.0,0.0,0.0,50.0,0,,nan,nan,0.0
LAIXX,Legg Mason Partners Institutional Trust - U.S. Treasury Obligations Money Market Fund,1,2,4,10,6,3,2,3,30,-10.0,25.0,Poor,🔥 COILED: Stay away,30,0.0,0.0,0.0,50.0,0,,nan,nan,0.0
LAOXX,Legg Mason Partners Institutional Trust - U.S. Treasury Obligations Money Market Fund,1,2,4,10,6,3,2,3,30,-10.0,25.0,Poor,🔥 COILED: Stay away,30,0.0,0.0,0.0,50.0,0,,nan,nan,0.0
LAYXX,Lord Abbett U.S. Govt & Govt Sponsored Entpr MMkt Fd Cl I,1,2,4,10,6,3,2,3,30,-10.0,25.0,Poor,🔥 COILED: Stay away,30,0.0,0.0,0.0,50.0,0,,nan,nan,0.0
LCCXX,Lord Abbett U.S. Government & Government Sponsored Enterprises Money Market Fund,1,2,4,10,6,3,2,3,30,-10.0,25.0,Poor,🔥 COILED: Stay away,30,0.0,0.0,0.0,50.0,0,,nan,nan,0.0
LGRXX,Legg Mason Partners Institutional Trust - Western Asset Institutional Government Reserves,1,2,4,10,6,3,2,3,30,-10.0,25.0,Poor,🔥 COILED: Stay away,30,0.0,0.0,0.0,50.0,0,,nan,nan,0.0
LTRXX,Legg Mason Partners Institutional Trust - Western Asset Institutional U.S. Treasury Reserves,1,2,4,10,6,3,2,3,30,-10.0,25.0,Poor,🔥 COILED: Stay away,30,0.0,0.0,0.0,50.0,0,,nan,nan,0.0
LUIXX,Legg Mason Partners Institutional Trust - U.S. Treasury Obligations Money Market Fund,1,2,4,10,6,3,2,3,30,-10.0,25.0,Poor,🔥 COILED: Stay away,30,0.0,0.0,0.0,50.0,0,,nan,nan,0.0
LWPXX,Legg Mason Partners Institutional Trust - Western Asset Institutional Government Reserves,1,2,4,10,6,3,2,3,30,-10.0,25.0,Poor,🔥 COILED: Stay away,30,0.0,0.0,0.0,50.0,0,,nan,nan,0.0
MAMXX,Morgan Stanley Institutional Liquidity Funds - Treasury Securities Portfolio,1,2,4,10,6,3,2,3,30,-10.0,25.0,Poor,🔥 COILED: Stay away,30,0.0,0.0,0.0,50.0,0,,nan,nan,0.0
MAAXX,Money Market Fund,1,2,4,10,6,3,2,3,30,-10.0,25.0,Poor,🔥 COILED: Stay away,30,0.0,0.0,0.0,50.0,0,,nan,nan,0.0
MAOXX,Morgan Stanley Institutional Liquidity Funds - Treasury Portfolio,1,2,4,10,6,3,2,3,30,-10.0,25.0,Poor,🔥 COILED: Stay away,30,0.0,0.0,0.0,50.0,0,,nan,nan,0.0
MAYXX,Morgan Stanley Institutional Liquidity Funds -  Government Portfolio,1,2,4,10,6,3,2,3,30,-10.0,25.0,Poor,🔥 COILED: Stay away,30,0.0,0.0,0.0,50.0,0,,nan,nan,0.0
MCBXX,BlackRock Financial Institutions Series Trust - BlackRock Summit Cash Reserves Fund,1,2,4,10,6,3,2,3,30,-10.0,25.0,Poor,🔥 COILED: Stay away,30,0.0,0.0,0.0,50.0,0,,nan,nan,0.0
MCCXX,MFS Series Trust I - MFS U.S. Government Cash Reserve Fund,1,2,4,10,6,3,2,3,30,-10.0,25.0,Poor,🔥 COILED: Stay away,30,0.0,0.0,0.0,50.0,0,,nan,nan,0.0
MCDXX,BlackRock Liquidity Funds - MuniCash,1,2,4,10,6,3,2,3,30,-10.0,25.0,Poor,🔥 COILED: Stay away,30,0.0,0.0,0.0,50.0,0,,nan,nan,0.0
MCHXX,Morgan Stanley Institutional Liquidity Funds - Government Securities Portfolio,1,2,4,10,6,3,2,3,30,-10.0,25.0,Poor,🔥 COILED: Stay away,30,0.0,0.0,0.0,50.0,0,,nan,nan,0.0
MCMXX,MFS Series Trust IV - MFS U.S. Government Money Market Fund,1,2,4,10,6,3,2,3,30,-10.0,25.0,Poor,🔥 COILED: Stay away,30,0.0,0.0,0.0,50.0,0,,nan,nan,0.0
MCPXX,BlackRock Liquidity Funds MuniCash - Capital,1,2,4,10,6,3,2,3,30,-10.0,25.0,Poor,🔥 COILED: Stay away,30,0.0,0.0,0.0,50.0,0,,nan,nan,0.0
MCRXX,MFS Series Trust I - MFS U.S. Government Cash Reserve Fund,1,2,4,10,6,3,2,3,30,-10.0,25.0,Poor,🔥 COILED: Stay away,30,0.0,0.0,0.0,50.0,0,,nan,nan,0.0
MFCXX,Money Market Obligations Trust - Federated Municipal Obligations Fund,1,2,4,10,6,3,2,3,30,-10.0,25.0,Poor,🔥 COILED: Stay away,30,0.0,0.0,0.0,50.0,0,,nan,nan,0.0
MFSXX,Money Market Obligations Trust - Federated Municipal Obligations Fund,1,2,4,10,6,3,2,3,30,-10.0,25.0,Poor,🔥 COILED: Stay away,30,0.0,0.0,0.0,50.0,0,,nan,nan,0.0
MGAXX,Morgan Stanley Institutional Liquidity Funds - Government Securities Portfolio,1,2,4,10,6,3,2,3,30,-10.0,25.0,Poor,🔥 COILED: Stay away,30,0.0,0.0,0.0,50.0,0,,nan,nan,0.0
MGMXX,JPMorgan Trust II - JPMorgan U.S. Government Money Market Fund,1,2,4,10,6,3,2,3,30,-10.0,25.0,Poor,🔥 COILED: Stay away,30,0.0,0.0,0.0,50.0,0,,nan,nan,0.0
MGOXX,Morgan Stanley Institutional Liquidity Funds -  Government Portfolio,1,2,4,10,6,3,2,3,30,-10.0,25.0,Poor,🔥 COILED: Stay away,30,0.0,0.0,0.0,50.0,0,,nan,nan,0.0
MGSXX,Morgan Stanley Institutional Liquidity Funds -  Government Portfolio,1,2,4,10,6,3,2,3,30,-10.0,25.0,Poor,🔥 COILED: Stay away,30,0.0,0.0,0.0,50.0,0,,nan,nan,0.0
MHSXX,Morgan Stanley Institutional Liquidity Funds - Treasury Portfolio,1,2,4,10,6,3,2,3,30,-10.0,25.0,Poor,🔥 COILED: Stay away,30,0.0,0.0,0.0,50.0,0,,nan,nan,0.0
MGPXX,Morgan Stanley Institutional Liquidity Funds - Government Securities Portfolio,1,2,4,10,6,3,2,3,30,-10.0,25.0,Poor,🔥 COILED: Stay away,30,0.0,0.0,0.0,50.0,0,,nan,nan,0.0
MIFXX,Nationwide Mutual Funds - Nationwide Money Market Fund,1,2,4,10,6,3,2,3,30,-10.0,25.0,Poor,🔥 COILED: Stay away,30,0.0,0.0,0.0,50.0,0,,nan,nan,0.0
MIPXX,The MainStay Funds - MainStay Money Market Fund,1,2,4,10,6,3,2,3,30,-10.0,25.0,Poor,🔥 COILED: Stay away,30,0.0,0.0,0.0,50.0,0,,nan,nan,0.0
MJCXX,Prudential Government Money Market Fund Inc.,1,2,4,10,6,3,2,3,30,-10.0,25.0,Poor,🔥 COILED: Stay away,30,0.0,0.0,0.0,50.0,0,,nan,nan,0.0
MJAXX,Prudential Government Money Market Fund Inc.,1,2,4,10,6,3,2,3,30,-10.0,25.0,Poor,🔥 COILED: Stay away,30,0.0,0.0,0.0,50.0,0,,nan,nan,0.0
MJLXX,JPMorgan Trust II - JPMorgan Liquid Assets Money Market Fund,1,2,4,10,6,3,2,3,30,-10.0,25.0,Poor,🔥 COILED: Stay away,30,0.0,0.0,0.0,50.0,0,,nan,nan,0.0
MMIXX,Wells Fargo Funds Trust - National Tax-Free Money Market Fund,1,2,4,10,6,3,2,3,30,-10.0,25.0,Poor,🔥 COILED: Stay away,30,0.0,0.0,0.0,50.0,0,,nan,nan,0.0
MODXX,Money Market Obligations Trust - Federated Municipal Obligations Fund,1,2,4,10,6,3,2,3,30,-10.0,25.0,Poor,🔥 COILED: Stay away,30,0.0,0.0,0.0,50.0,0,,nan,nan,0.0
MNVXX,Morgan Stanley Institutional Liquidity Funds - Treasury Securities Portfolio,1,2,4,10,6,3,2,3,30,-10.0,25.0,Poor,🔥 COILED: Stay away,30,0.0,0.0,0.0,50.0,0,,nan,nan,0.0
MOFXX,Money Market Obligations Trust - Federated Municipal Obligations Fund,1,2,4,10,6,3,2,3,30,-10.0,25.0,Poor,🔥 COILED: Stay away,30,0.0,0.0,0.0,50.0,0,,nan,nan,0.0
MOIXX,Money Market Obligations Trust - Federated Municipal Obligations Fund,1,2,4,10,6,3,2,3,30,-10.0,25.0,Poor,🔥 COILED: Stay away,30,0.0,0.0,0.0,50.0,0,,nan,nan,0.0
MOSXX,Money Market Obligations Trust - Federated Municipal Obligations Fund,1,2,4,10,6,3,2,3,30,-10.0,25.0,Poor,🔥 COILED: Stay away,30,0.0,0.0,0.0,50.0,0,,nan,nan,0.0
MOTXX,Money Market Obligations Trust - Federated Municipal Obligations Fund,1,2,4,10,6,3,2,3,30,-10.0,25.0,Poor,🔥 COILED: Stay away,30,0.0,0.0,0.0,50.0,0,,nan,nan,0.0
MPCXX,Morgan Stanley Institutional Liquidity Funds -  Government Portfolio,1,2,4,10,6,3,2,3,30,-10.0,25.0,Poor,🔥 COILED: Stay away,30,0.0,0.0,0.0,50.0,0,,nan,nan,0.0
MPIXX,ProFunds - Money Market ProFund,1,2,4,10,6,3,2,3,30,-10.0,25.0,Poor,🔥 COILED: Stay away,30,0.0,0.0,0.0,50.0,0,,nan,nan,0.0
MPNXX,Morgan Stanley Institutional Liquidity Funds - Prime Portfolio,1,2,4,10,6,3,2,3,30,-10.0,25.0,Poor,🔥 COILED: Stay away,30,0.0,0.0,0.0,50.0,0,,nan,nan,0.0
MPMXX,Morgan Stanley Institutional Liquidity Funds - Prime Portfolio,1,2,4,10,6,3,2,3,30,-10.0,25.0,Poor,🔥 COILED: Stay away,30,0.0,0.0,0.0,50.0,0,,nan,nan,0.0
MPRXX,Morgan Stanley Institutional Liquidity Funds - Treasury Securities Portfolio,1,2,4,10,6,3,2,3,30,-10.0,25.0,Poor,🔥 COILED: Stay away,30,0.0,0.0,0.0,50.0,0,,nan,nan,0.0
MPSXX,ProFunds - Money Market ProFund,1,2,4,10,6,3,2,3,30,-10.0,25.0,Poor,🔥 COILED: Stay away,30,0.0,0.0,0.0,50.0,0,,nan,nan,0.0
MPVXX,Morgan Stanley Institutional Liquidity Funds - Prime Portfolio,1,2,4,10,6,3,2,3,30,-10.0,25.0,Poor,🔥 COILED: Stay away,30,0.0,0.0,0.0,50.0,0,,nan,nan,0.0
MREXX,Morgan Stanley Institutional Liquidity Funds - Treasury Portfolio,1,2,4,10,6,3,2,3,30,-10.0,25.0,Poor,🔥 COILED: Stay away,30,0.0,0.0,0.0,50.0,0,,nan,nan,0.0
MSAXX,BlackRock Summit Cash Reserves Fund Cl A,1,2,4,10,6,3,2,3,30,-10.0,25.0,Poor,🔥 COILED: Stay away,30,0.0,0.0,0.0,50.0,0,,nan,nan,0.0
MSCXX,The MainStay Funds - MainStay Money Market Fund,1,2,4,10,6,3,2,3,30,-10.0,25.0,Poor,🔥 COILED: Stay away,30,0.0,0.0,0.0,50.0,0,,nan,nan,0.0
MSDXX,Morgan Stanley Institutional Liquidity Funds -  Government Portfolio,1,2,4,10,6,3,2,3,30,-10.0,25.0,Poor,🔥 COILED: Stay away,30,0.0,0.0,0.0,50.0,0,,nan,nan,0.0
MSEXX,Morgan Stanley Institutional Liquidity Funds - Treasury Securities Portfolio,1,2,4,10,6,3,2,3,30,-10.0,25.0,Poor,🔥 COILED: Stay away,30,0.0,0.0,0.0,50.0,0,,nan,nan,0.0
MSGXX,Morgan Stanley Institutional Liquidity Funds -  Government Portfolio,1,2,4,10,6,3,2,3,30,-10.0,25.0,Poor,🔥 COILED: Stay away,30,0.0,0.0,0.0,50.0,0,,nan,nan,0.0
MSIXX,MainStay Funds Trust - Cash Reserves Sweeps Fund,1,2,4,10,6,3,2,3,30,-10.0,25.0,Poor,🔥 COILED: Stay away,30,0.0,0.0,0.0,50.0,0,,nan,nan,0.0
MSRXX,MFS Series Trust I - MFS U.S. Government Cash Reserve Fund,1,2,4,10,6,3,2,3,30,-10.0,25.0,Poor,🔥 COILED: Stay away,30,0.0,0.0,0.0,50.0,0,,nan,nan,0.0
MSSXX,Morgan Stanley Institutional Liquidity Funds - Treasury Securities Portfolio,1,2,4,10,6,3,2,3,30,-10.0,25.0,Poor,🔥 COILED: Stay away,30,0.0,0.0,0.0,50.0,0,,nan,nan,0.0
MSTXX,Morgan Stanley Institutional Liquidity Funds - Treasury Portfolio,1,2,4,10,6,3,2,3,30,-10.0,25.0,Poor,🔥 COILED: Stay away,30,0.0,0.0,0.0,50.0,0,,nan,nan,0.0
MSUXX,Morgan Stanley Institutional Liquidity Funds - Treasury Portfolio,1,2,4,10,6,3,2,3,30,-10.0,25.0,Poor,🔥 COILED: Stay away,30,0.0,0.0,0.0,50.0,0,,nan,nan,0.0
MSVXX,Morgan Stanley Institutional Liquidity Funds - Government Securities Portfolio,1,2,4,10,6,3,2,3,30,-10.0,25.0,Poor,🔥 COILED: Stay away,30,0.0,0.0,0.0,50.0,0,,nan,nan,0.0
MTNXX,Morgan Stanley Institutional Liquidity Funds - Treasury Portfolio,1,2,4,10,6,3,2,3,30,-10.0,25.0,Poor,🔥 COILED: Stay away,30,0.0,0.0,0.0,50.0,0,,nan,nan,0.0
MTCXX,Morgan Stanley Institutional Liquidity Funds - Treasury Portfolio,1,2,4,10,6,3,2,3,30,-10.0,25.0,Poor,🔥 COILED: Stay away,30,0.0,0.0,0.0,50.0,0,,nan,nan,0.0
MTSXX,Morgan Stanley Institutional Liquidity Funds - Treasury Portfolio,1,2,4,10,6,3,2,3,30,-10.0,25.0,Poor,🔥 COILED: Stay away,30,0.0,0.0,0.0,50.0,0,,nan,nan,0.0
MUIXX,Morgan Stanley Institutional Liquidity Funds - Government Securities Portfolio,1,2,4,10,6,3,2,3,30,-10.0,25.0,Poor,🔥 COILED: Stay away,30,0.0,0.0,0.0,50.0,0,,nan,nan,0.0
MTTXX,Morgan Stanley Institutional Liquidity Funds - Treasury Portfolio,1,2,4,10,6,3,2,3,30,-10.0,25.0,Poor,🔥 COILED: Stay away,30,0.0,0.0,0.0,50.0,0,,nan,nan,0.0
MVAXX,Morgan Stanley Institutional Liquidity Funds - Government Securities Portfolio,1,2,4,10,6,3,2,3,30,-10.0,25.0,Poor,🔥 COILED: Stay away,30,0.0,0.0,0.0,50.0,0,,nan,nan,0.0
MVIXX,Morgan Stanley Institutional Liquidity Funds - Government Securities Portfolio,1,2,4,10,6,3,2,3,30,-10.0,25.0,Poor,🔥 COILED: Stay away,30,0.0,0.0,0.0,50.0,0,,nan,nan,0.0
MVVXX,Morgan Stanley Institutional Liquidity Funds -  Government Portfolio,1,2,4,10,6,3,2,3,30,-10.0,25.0,Poor,🔥 COILED: Stay away,30,0.0,0.0,0.0,50.0,0,,nan,nan,0.0
MVYXX,Morgan Stanley Institutional Liquidity Funds - Treasury Portfolio,1,2,4,10,6,3,2,3,30,-10.0,25.0,Poor,🔥 COILED: Stay away,30,0.0,0.0,0.0,50.0,0,,nan,nan,0.0
MYMXX,AB Fixed-Income Shares Inc. - AB Government Money Market Portfolio,1,2,4,10,6,3,2,3,30,-10.0,25.0,Poor,🔥 COILED: Stay away,30,0.0,0.0,0.0,50.0,0,,nan,nan,0.0
NCGXX,North Capital Funds Trust - Treasury Money Market Fund,1,2,4,10,6,3,2,3,30,-10.0,25.0,Poor,🔥 COILED: Stay away,30,0.0,0.0,0.0,50.0,0,,nan,nan,0.0
NISXX,Money Market Obligations Trust - Federated New York Municipal Cash Trust,1,2,4,10,6,3,2,3,30,-10.0,25.0,Poor,🔥 COILED: Stay away,30,0.0,0.0,0.0,50.0,0,,nan,nan,0.0
NITXX,Northern Institutional Funds - Treasury Portfolio,1,2,4,10,6,3,2,3,30,-10.0,25.0,Poor,🔥 COILED: Stay away,30,0.0,0.0,0.0,50.0,0,,nan,nan,0.0
NOGXX,Northern Funds - U.S. Government Money Market Fund,1,2,4,10,6,3,2,3,30,-10.0,25.0,Poor,🔥 COILED: Stay away,30,0.0,0.0,0.0,50.0,0,,nan,nan,0.0
NOSXX,Northern Funds - U.S. Government Select Money Market Fund,1,2,4,10,6,3,2,3,30,-10.0,25.0,Poor,🔥 COILED: Stay away,30,0.0,0.0,0.0,50.0,0,,nan,nan,0.0
NTPXX,Northern Institutional Funds - Treasury Portfolio,1,2,4,10,6,3,2,3,30,-10.0,25.0,Poor,🔥 COILED: Stay away,30,0.0,0.0,0.0,50.0,0,,nan,nan,0.0
NWGXX,Allspring Funds Trust - Allspring Government Money Market Fund,1,2,4,10,6,3,2,3,30,-10.0,25.0,Poor,🔥 COILED: Stay away,30,0.0,0.0,0.0,50.0,0,,nan,nan,0.0
NWSXX,Nationwide Mutual Funds - Nationwide Money Market Fund,1,2,4,10,6,3,2,3,30,-10.0,25.0,Poor,🔥 COILED: Stay away,30,0.0,0.0,0.0,50.0,0,,nan,nan,0.0
NWTXX,Wells Fargo Funds Trust - 100% Treasury Money Market Fund,1,2,4,10,6,3,2,3,30,-10.0,25.0,Poor,🔥 COILED: Stay away,30,0.0,0.0,0.0,50.0,0,,nan,nan,0.0
NYCXX,Money Market Obligations Trust - New York Cash II Fund,1,2,4,10,6,3,2,3,30,-10.0,25.0,Poor,🔥 COILED: Stay away,30,0.0,0.0,0.0,50.0,0,,nan,nan,0.0
OMBXX,AIM Investment Secs Fds (Invesco Invt Secs Fds) - Invesco U.S. Government Money Portfolio,1,2,4,10,6,3,2,3,30,-10.0,25.0,Poor,🔥 COILED: Stay away,30,0.0,0.0,0.0,50.0,0,,nan,nan,0.0
PBHXX,The Payden & Rygel Investment Group - Payden Cash Reserves Money Market Fund,1,2,4,10,6,3,2,3,30,-10.0,25.0,Poor,🔥 COILED: Stay away,30,0.0,0.0,0.0,50.0,0,,nan,nan,0.0
PCEXX,PACE Select Advisors Trust - PACE Money Market Investments,1,2,4,10,6,3,2,3,30,-10.0,25.0,Poor,🔥 COILED: Stay away,30,0.0,0.0,0.0,50.0,0,,nan,nan,0.0
PBMXX,Prudential Government Money Market Fund Inc.,1,2,4,10,6,3,2,3,30,-10.0,25.0,Poor,🔥 COILED: Stay away,30,0.0,0.0,0.0,50.0,0,,nan,nan,0.0
PCOXX,Money Market Obligations Trust - Federated Prime Cash Obligations Fund,1,2,4,10,6,3,2,3,30,-10.0,25.0,Poor,🔥 COILED: Stay away,30,0.0,0.0,0.0,50.0,0,,nan,nan,0.0
PCUXX,Fundvantage Trust - Pac Capital US Government Money Market Fund,1,2,4,10,6,3,2,3,30,-10.0,25.0,Poor,🔥 COILED: Stay away,30,0.0,0.0,0.0,50.0,0,,nan,nan,0.0
PCSXX,Principal Fds Inc. Money Market Fd A Cl,1,2,4,10,6,3,2,3,30,-10.0,25.0,Poor,🔥 COILED: Stay away,30,0.0,0.0,0.0,50.0,0,,nan,nan,0.0
PCVXX,Money Market Obligations Trust - Federated Prime Cash Obligations Fund,1,2,4,10,6,3,2,3,30,-10.0,25.0,Poor,🔥 COILED: Stay away,30,0.0,0.0,0.0,50.0,0,,nan,nan,0.0
PFCXX,Putnam Money Market Fund,1,2,4,10,6,3,2,3,30,-10.0,25.0,Poor,🔥 COILED: Stay away,30,0.0,0.0,0.0,50.0,0,,nan,nan,0.0
PGDXX,Putnam Investment Funds - Government Money Market Fund,1,2,4,10,6,3,2,3,30,-10.0,25.0,Poor,🔥 COILED: Stay away,30,0.0,0.0,0.0,50.0,0,,nan,nan,0.0
PGEXX,Putnam Investment Funds - Government Money Market Fund,1,2,4,10,6,3,2,3,30,-10.0,25.0,Poor,🔥 COILED: Stay away,30,0.0,0.0,0.0,50.0,0,,nan,nan,0.0
PGFXX,PIMCO Funds - PIMCO Government Money Market Fund,1,2,4,10,6,3,2,3,30,-10.0,25.0,Poor,🔥 COILED: Stay away,30,0.0,0.0,0.0,50.0,0,,nan,nan,0.0
PGKXX,Putnam Investment Funds - Government Money Market Fund,1,2,4,10,6,3,2,3,30,-10.0,25.0,Poor,🔥 COILED: Stay away,30,0.0,0.0,0.0,50.0,0,,nan,nan,0.0
PGLXX,Putnam Investment Funds - Government Money Market Fund,1,2,4,10,6,3,2,3,30,-10.0,25.0,Poor,🔥 COILED: Stay away,30,0.0,0.0,0.0,50.0,0,,nan,nan,0.0
PGOXX,PIMCO Funds - PIMCO Government Money Market Fund,1,2,4,10,6,3,2,3,30,-10.0,25.0,Poor,🔥 COILED: Stay away,30,0.0,0.0,0.0,50.0,0,,nan,nan,0.0
PGPXX,PIMCO Funds - PIMCO Government Money Market Fund,1,2,4,10,6,3,2,3,30,-10.0,25.0,Poor,🔥 COILED: Stay away,30,0.0,0.0,0.0,50.0,0,,nan,nan,0.0
PGRXX,Putnam Investment Funds - Government Money Market Fund,1,2,4,10,6,3,2,3,30,-10.0,25.0,Poor,🔥 COILED: Stay away,30,0.0,0.0,0.0,50.0,0,,nan,nan,0.0
PGYXX,PIMCO Funds - PIMCO Government Money Market Fund,1,2,4,10,6,3,2,3,30,-10.0,25.0,Poor,🔥 COILED: Stay away,30,0.0,0.0,0.0,50.0,0,,nan,nan,0.0
PIFXX,Plan Investment Fund Inc. - Government Portfolio,1,2,4,10,6,3,2,3,30,-10.0,25.0,Poor,🔥 COILED: Stay away,30,0.0,0.0,0.0,50.0,0,,nan,nan,0.0
PINXX,BlackRock Funds - BlackRock Wealth Liquid Environmentally Aware Fund,1,2,4,10,6,3,2,3,30,-10.0,25.0,Poor,🔥 COILED: Stay away,30,0.0,0.0,0.0,50.0,0,,nan,nan,0.0
PISXX,Wells Fargo Funds Trust - Treasury Plus Money Market Fund,1,2,4,10,6,3,2,3,30,-10.0,25.0,Poor,🔥 COILED: Stay away,30,0.0,0.0,0.0,50.0,0,,nan,nan,0.0
PIVXX,Wells Fargo Funds Trust - Treasury Plus Money Market Fund,1,2,4,10,6,3,2,3,30,-10.0,25.0,Poor,🔥 COILED: Stay away,30,0.0,0.0,0.0,50.0,0,,nan,nan,0.0
PMJXX,Principal Fds Inc. Money Market Fd J Cl,1,2,4,10,6,3,2,3,30,-10.0,25.0,Poor,🔥 COILED: Stay away,30,0.0,0.0,0.0,50.0,0,,nan,nan,0.0
PMTXX,Pioneer Money Market Trust - Pioneer U.S. Government Money Market Fund,1,2,4,10,6,3,2,3,30,-10.0,25.0,Poor,🔥 COILED: Stay away,30,0.0,0.0,0.0,50.0,0,,nan,nan,0.0
PMZXX,Prudential Government Money Market Fund Inc.,1,2,4,10,6,3,2,3,30,-10.0,25.0,Poor,🔥 COILED: Stay away,30,0.0,0.0,0.0,50.0,0,,nan,nan,0.0
PRMXX,Federated Private Liquidity Funds-Prime Private Liquidity Fund,1,2,4,10,6,3,2,3,30,-10.0,25.0,Poor,🔥 COILED: Stay away,30,0.0,0.0,0.0,50.0,0,,nan,nan,0.0
PRRXX,T. Rowe Price Government Money Fund Inc.,1,2,4,10,6,3,2,3,30,-10.0,25.0,Poor,🔥 COILED: Stay away,30,0.0,0.0,0.0,50.0,0,,nan,nan,0.0
PRTXX,T. Rowe Price U.S. Treasury Funds Inc. - T. Rowe Price U.S. Treasury Money Fund,1,2,4,10,6,3,2,3,30,-10.0,25.0,Poor,🔥 COILED: Stay away,30,0.0,0.0,0.0,50.0,0,,nan,nan,0.0
PRVXX,Wells Fargo Funds Trust - Treasury Plus Money Market Fund,1,2,4,10,6,3,2,3,30,-10.0,25.0,Poor,🔥 COILED: Stay away,30,0.0,0.0,0.0,50.0,0,,nan,nan,0.0
PRYXX,Pioneer Money Market Trust - Pioneer U.S. Government Money Market Fund,1,2,4,10,6,3,2,3,30,-10.0,25.0,Poor,🔥 COILED: Stay away,30,0.0,0.0,0.0,50.0,0,,nan,nan,0.0
RBEXX,American Funds U.S. Government Money Market Fund,1,2,4,10,6,3,2,3,30,-10.0,25.0,Poor,🔥 COILED: Stay away,30,0.0,0.0,0.0,50.0,0,,nan,nan,0.0
PTEXX,T. Rowe Price Tax-Exempt Money Fund Inc.,1,2,4,10,6,3,2,3,30,-10.0,25.0,Poor,🔥 COILED: Stay away,30,0.0,0.0,0.0,50.0,0,,nan,nan,0.0
PURXX,Putnam Money Market Fund,1,2,4,10,6,3,2,3,30,-10.0,25.0,Poor,🔥 COILED: Stay away,30,0.0,0.0,0.0,50.0,0,,nan,nan,0.0
RGYXX,HSBC Funds - HSBC U.S. Government Money Market Fund,1,2,4,10,6,3,2,3,30,-10.0,25.0,Poor,🔥 COILED: Stay away,30,0.0,0.0,0.0,50.0,0,,nan,nan,0.0
RPGXX,Davis Series Inc. - Davis Government Money Market Fund,1,2,4,10,6,3,2,3,30,-10.0,25.0,Poor,🔥 COILED: Stay away,30,0.0,0.0,0.0,50.0,0,,nan,nan,0.0
RMGXX,Ubs Money Series - RMA Government Money Market Fund,1,2,4,10,6,3,2,3,30,-10.0,25.0,Poor,🔥 COILED: Stay away,30,0.0,0.0,0.0,50.0,0,,nan,nan,0.0
SAEXX,State Street Institutional Investment Trust - State Street Institutional Treasury Plus Money Market,1,2,4,10,6,3,2,3,30,-10.0,25.0,Poor,🔥 COILED: Stay away,30,0.0,0.0,0.0,50.0,0,,nan,nan,0.0
RYFXX,Rydex Series Funds - U.S. Government Money Market Fund,1,2,4,10,6,3,2,3,30,-10.0,25.0,Poor,🔥 COILED: Stay away,30,0.0,0.0,0.0,50.0,0,,nan,nan,0.0
SAJXX,State Street Institutional Investment Trust - State Street Institutional Treasury Plus Money Market,1,2,4,10,6,3,2,3,30,-10.0,25.0,Poor,🔥 COILED: Stay away,30,0.0,0.0,0.0,50.0,0,,nan,nan,0.0
SALXX,State Street Master Funds - State Street U.S. Government Money Market Portfolio,1,2,4,10,6,3,2,3,30,-10.0,25.0,Poor,🔥 COILED: Stay away,30,0.0,0.0,0.0,50.0,0,,nan,nan,0.0
SAMXX,State Street Master Funds - State Street U.S. Government Money Market Portfolio,1,2,4,10,6,3,2,3,30,-10.0,25.0,Poor,🔥 COILED: Stay away,30,0.0,0.0,0.0,50.0,0,,nan,nan,0.0
SCAXX,Schwab California Municipal Money Fund Ultra Shares,1,2,4,10,6,3,2,3,30,-10.0,25.0,Poor,🔥 COILED: Stay away,30,0.0,0.0,0.0,50.0,0,,nan,nan,0.0
SCIXX,Cash Account Trust - DWS Tax-Exempt Portfolio,1,2,4,10,6,3,2,3,30,-10.0,25.0,Poor,🔥 COILED: Stay away,30,0.0,0.0,0.0,50.0,0,,nan,nan,0.0
SCOXX,Schwab Treasury Obligations Money Fund Ultra Shares,1,2,4,10,6,3,2,3,30,-10.0,25.0,Poor,🔥 COILED: Stay away,30,0.0,0.0,0.0,50.0,0,,nan,nan,0.0
SCTXX,Schwab AMT Tax-Free Money Fund Ultra Shares,1,2,4,10,6,3,2,3,30,-10.0,25.0,Poor,🔥 COILED: Stay away,30,0.0,0.0,0.0,50.0,0,,nan,nan,0.0
SCPXX,SEI Daily Income Trust - Treasury II Fund,1,2,4,10,6,3,2,3,30,-10.0,25.0,Poor,🔥 COILED: Stay away,30,0.0,0.0,0.0,50.0,0,,nan,nan,0.0
SEGXX,UBS Series Funds - UBS Select Government Preferred Fund,1,2,4,10,6,3,2,3,30,-10.0,25.0,Poor,🔥 COILED: Stay away,30,0.0,0.0,0.0,50.0,0,,nan,nan,0.0
SEOXX,SEI Daily Income Trust - Government Fund,1,2,4,10,6,3,2,3,30,-10.0,25.0,Poor,🔥 COILED: Stay away,30,0.0,0.0,0.0,50.0,0,,nan,nan,0.0
SETXX,UBS (Cayman) Select Treasury Institutional Fund,1,2,4,10,6,3,2,3,30,-10.0,25.0,Poor,🔥 COILED: Stay away,30,0.0,0.0,0.0,50.0,0,,nan,nan,0.0
SGAXX,The Saratoga Advantage Trust - U.S. Government Money Market Portfolio,1,2,4,10,6,3,2,3,30,-10.0,25.0,Poor,🔥 COILED: Stay away,30,0.0,0.0,0.0,50.0,0,,nan,nan,0.0
SGMXX,The Saratoga Advantage Trust - U.S. Government Money Market Portfolio,1,2,4,10,6,3,2,3,30,-10.0,25.0,Poor,🔥 COILED: Stay away,30,0.0,0.0,0.0,50.0,0,,nan,nan,0.0
SGPXX,UBS Series Funds - UBS Select Government Preferred Fund,1,2,4,10,6,3,2,3,30,-10.0,25.0,Poor,🔥 COILED: Stay away,30,0.0,0.0,0.0,50.0,0,,nan,nan,0.0
SGUXX,Schwab Government Money Fund Ultra Shares,1,2,4,10,6,3,2,3,30,-10.0,25.0,Poor,🔥 COILED: Stay away,30,0.0,0.0,0.0,50.0,0,,nan,nan,0.0
SMGXX,Legg Mason Partners Money Market Trust - Western Asset Government Reserves,1,2,4,10,6,3,2,3,30,-10.0,25.0,Poor,🔥 COILED: Stay away,30,0.0,0.0,0.0,50.0,0,,nan,nan,0.0
SNOXX,Charles Schwab Family of Funds - Schwab Treasury Obligations Money Fund,1,2,4,10,6,3,2,3,30,-10.0,25.0,Poor,🔥 COILED: Stay away,30,0.0,0.0,0.0,50.0,0,,nan,nan,0.0
SNAXX,The Charles Schwab Family of Funds - Schwab Value Advantage Money Fund,1,2,4,10,6,3,2,3,30,-10.0,25.0,Poor,🔥 COILED: Stay away,30,0.0,0.0,0.0,50.0,0,,nan,nan,0.0
SNRXX,Schwab Charles Family Funds - Retirment Government Money Fund,1,2,4,10,6,3,2,3,30,-10.0,25.0,Poor,🔥 COILED: Stay away,30,0.0,0.0,0.0,50.0,0,,nan,nan,0.0
SNSXX,The Charles Schwab Family of Funds - Schwab U.S. Treasury Money Fund,1,2,4,10,6,3,2,3,30,-10.0,25.0,Poor,🔥 COILED: Stay away,30,0.0,0.0,0.0,50.0,0,,nan,nan,0.0
SNVXX,Schwab Government Money Fund,1,2,4,10,6,3,2,3,30,-10.0,25.0,Poor,🔥 COILED: Stay away,30,0.0,0.0,0.0,50.0,0,,nan,nan,0.0
SNYXX,Schwab New York Municipal Money Fund Ultra Shares,1,2,4,10,6,3,2,3,30,-10.0,25.0,Poor,🔥 COILED: Stay away,30,0.0,0.0,0.0,50.0,0,,nan,nan,0.0
SPRXX,Fidelity Hereford Street Trust - Fidelity Money Market Fund,1,2,4,10,6,3,2,3,30,-10.0,25.0,Poor,🔥 COILED: Stay away,30,0.0,0.0,0.0,50.0,0,,nan,nan,0.0
SSHXX,State Street Institutional Liquid Reserves Fund,1.0,5,3,10,6,3,2,3,32,-10.0,25.0,Poor,Stay away,32,0.0,0.0,-0.0,0.0,0,,nan,nan,0.0
SSJXX,State Street Institutional Investment Trust- Treasury Money Market Fund,1,2,4,10,6,3,2,3,30,-10.0,25.0,Poor,🔥 COILED: Stay away,30,0.0,0.0,0.0,50.0,0,,nan,nan,0.0
SSKXX,State Street Institutional Investment Trust - State Street Institutional Tax Free Money Market Fund,1,2,4,10,6,3,2,3,30,-10.0,25.0,Poor,🔥 COILED: Stay away,30,0.0,0.0,0.0,50.0,0,,nan,nan,0.0
SSOXX,State Street Master Funds - State Street U.S. Government Money Market Portfolio,1,2,4,10,6,3,2,3,30,-10.0,25.0,Poor,🔥 COILED: Stay away,30,0.0,0.0,0.0,50.0,0,,nan,nan,0.0
SSNXX,State Street Institutional Investment Trust - State Street Institutional Tax Free Money Market Fund,1,2,4,10,6,3,2,3,30,-10.0,25.0,Poor,🔥 COILED: Stay away,30,0.0,0.0,0.0,50.0,0,,nan,nan,0.0
SSVXX,State Street Institutional Liquid Reserves Fund,1.0,5,3,10,6,3,2,3,32,-10.0,25.0,Poor,Stay away,32,0.0,0.0,-0.0,0.0,0,,nan,nan,0.0
SSQXX,State Street Institutional Investment Trust - State Street Institutional Treasury Plus Money Market,1,2,4,10,6,3,2,3,30,-10.0,25.0,Poor,🔥 COILED: Stay away,30,0.0,0.0,0.0,50.0,0,,nan,nan,0.0
SSYXX,State Street Institutional Liquid Reserves Fund,1.0,5,3,10,6,3,2,3,32,-10.0,25.0,Poor,Stay away,32,0.0,0.0,-0.0,0.0,0,,nan,nan,0.0
SSZXX,State Street Institutional Liquid Reserves Fund,1.0,5,5,10,6,3,2,3,34,-12.0,25.0,Poor,Stay away,32,0.0,0.0,-0.0,67.6,0,,nan,nan,0.0
STGXX,Wells Fargo Funds Trust - Money Market Fund,1,2,4,10,6,3,2,3,30,-10.0,25.0,Poor,🔥 COILED: Stay away,30,0.0,0.0,0.0,50.0,0,,nan,nan,0.0
STPXX,UBS Money Series - UBS Select Treasury Preferred Fund,1,2,4,10,6,3,2,3,30,-10.0,25.0,Poor,🔥 COILED: Stay away,30,0.0,0.0,0.0,50.0,0,,nan,nan,0.0
SWKXX,The Charles Schwab Family of Funds - Schwab California Municipal Money Fund,1,2,4,10,6,3,2,3,30,-10.0,25.0,Poor,🔥 COILED: Stay away,30,0.0,0.0,0.0,50.0,0,,nan,nan,0.0
SUTXX,Schwab U.S. Treasury Money Fund Ultra Shares,1,2,4,10,6,3,2,3,30,-10.0,25.0,Poor,🔥 COILED: Stay away,30,0.0,0.0,0.0,50.0,0,,nan,nan,0.0
SWTXX,The Charles Schwab Family of Funds - Schwab Municipal Money Fund,1,2,4,10,6,3,2,3,30,-10.0,25.0,Poor,🔥 COILED: Stay away,30,0.0,0.0,0.0,50.0,0,,nan,nan,0.0
SWOXX,Schwab Municipal Money Fund,1,2,4,10,6,3,2,3,30,-10.0,25.0,Poor,🔥 COILED: Stay away,30,0.0,0.0,0.0,50.0,0,,nan,nan,0.0
SWYXX,The Charles Schwab Family of Funds - Schwab New York Municipal Money Fund,1,2,4,10,6,3,2,3,30,-10.0,25.0,Poor,🔥 COILED: Stay away,30,0.0,0.0,0.0,50.0,0,,nan,nan,0.0
SWWXX,The Charles Schwab Family of Funds - Schwab AMT Tax-Free Money Fund,1,2,4,10,6,3,2,3,30,-10.0,25.0,Poor,🔥 COILED: Stay away,30,0.0,0.0,0.0,50.0,0,,nan,nan,0.0
SZCXX,The Saratoga Advantage Trust - U.S. Government Money Market Portfolio,1,2,4,10,6,3,2,3,30,-10.0,25.0,Poor,🔥 COILED: Stay away,30,0.0,0.0,0.0,50.0,0,,nan,nan,0.0
TACXX,Short-Term Investment Trust - Invesco Treasury Obligations Portfolio,1,2,4,10,6,3,2,3,30,-10.0,25.0,Poor,🔥 COILED: Stay away,30,0.0,0.0,0.0,50.0,0,,nan,nan,0.0
TAMXX,Transamerica Funds - Transamerica Government Money Market,1,2,4,10,6,3,2,3,30,-10.0,25.0,Poor,🔥 COILED: Stay away,30,0.0,0.0,0.0,50.0,0,,nan,nan,0.0
TBIXX,Money Market Obligations Trust - Federated Tax-Free Obligations Fund,1,2,4,10,6,3,2,3,30,-10.0,25.0,Poor,🔥 COILED: Stay away,30,0.0,0.0,0.0,50.0,0,,nan,nan,0.0
TAQXX,State Street Institutional Investment Trust -Treasury Obligations Money Market Fund,1,2,4,10,6,3,2,3,30,-10.0,25.0,Poor,🔥 COILED: Stay away,30,0.0,0.0,0.0,50.0,0,,nan,nan,0.0
TBSXX,Money Market Obligations Trust - Federated Tax-Free Obligations Fund,1,2,4,10,6,3,2,3,30,-10.0,25.0,Poor,🔥 COILED: Stay away,30,0.0,0.0,0.0,50.0,0,,nan,nan,0.0
TBVXX,Money Market Obligations Trust - Federated Tax-Free Obligations Fund,1,2,4,10,6,3,2,3,30,-10.0,25.0,Poor,🔥 COILED: Stay away,30,0.0,0.0,0.0,50.0,0,,nan,nan,0.0
TCGXX,SEI Daily Income Trust - Government II Fund,1,2,4,10,6,3,2,3,30,-10.0,25.0,Poor,🔥 COILED: Stay away,30,0.0,0.0,0.0,50.0,0,,nan,nan,0.0
TCIXX,TIAA-CREF Funds - TIAA-CREF Money Market Fund,1,2,4,10,6,3,2,3,30,-10.0,25.0,Poor,🔥 COILED: Stay away,30,0.0,0.0,0.0,50.0,0,,nan,nan,0.0
TCRXX,American Century Investment Trust - Premium Money Market Fund,1,2,4,10,6,3,2,3,30,-10.0,25.0,Poor,🔥 COILED: Stay away,30,0.0,0.0,0.0,50.0,0,,nan,nan,0.0
TERXX,T. Rowe Price Tax-Exempt Money Fund Inc.,1,2,4,10,6,3,2,3,30,-10.0,25.0,Poor,🔥 COILED: Stay away,30,0.0,0.0,0.0,50.0,0,,nan,nan,0.0
TFFXX,BlackRock Liquidity Funds - Federal Trust Fund,1,2,4,10,6,3,2,3,30,-10.0,25.0,Poor,🔥 COILED: Stay away,30,0.0,0.0,0.0,50.0,0,,nan,nan,0.0
TFGXX,Transamerica Funds - Government Money Market Fund,1,2,4,10,6,3,2,3,30,-10.0,25.0,Poor,🔥 COILED: Stay away,30,0.0,0.0,0.0,50.0,0,,nan,nan,0.0
TGRXX,Transamerica Funds - Government Money Market Fund,1,2,4,10,6,3,2,3,30,-10.0,25.0,Poor,🔥 COILED: Stay away,30,0.0,0.0,0.0,50.0,0,,nan,nan,0.0
TGTXX,Transamerica Funds - Government Money Market Fund,1,2,4,10,6,3,2,3,30,-10.0,25.0,Poor,🔥 COILED: Stay away,30,0.0,0.0,0.0,50.0,0,,nan,nan,0.0
TIEXX,TIAA-CREF Funds - TIAA-CREF Money Market Fund,1,2,4,10,6,3,2,3,30,-10.0,25.0,Poor,🔥 COILED: Stay away,30,0.0,0.0,0.0,50.0,0,,nan,nan,0.0
TIMXX,RBC Funds Trust - U.S. Government Money Market Fund,1,2,4,10,6,3,2,3,30,-10.0,25.0,Poor,🔥 COILED: Stay away,30,0.0,0.0,0.0,50.0,0,,nan,nan,0.0
TILXX,State Street Institutional Investment Trust - International Liquid Reserves Fund,1.0,5,3,10,6,3,2,3,32,-10.0,25.0,Poor,Stay away,32,0.0,0.0,-0.0,0.0,0,,nan,nan,0.0
TIRXX,TIAA-CREF Funds - TIAA-CREF Money Market Fund,1,2,4,10,6,3,2,3,30,-10.0,25.0,Poor,🔥 COILED: Stay away,30,0.0,0.0,0.0,50.0,0,,nan,nan,0.0
TISXX,Money Market Obligations Trust - Federated Hermes U.S. Treasury Cash Reserves,1,2,4,10,6,3,2,3,30,-10.0,25.0,Poor,🔥 COILED: Stay away,30,0.0,0.0,0.0,50.0,0,,nan,nan,0.0
TLMXX,TIAA-CREF Life Money Market Fund,1,2,4,10,6,3,2,3,30,-10.0,25.0,Poor,🔥 COILED: Stay away,30,0.0,0.0,0.0,50.0,0,,nan,nan,0.0
TMDXX,T. Rowe Price State Tax-Free Income Trust - T. Rowe Price Maryland Tax-Free Money Fund,1,2,4,10,6,3,2,3,30,-10.0,25.0,Poor,🔥 COILED: Stay away,30,0.0,0.0,0.0,50.0,0,,nan,nan,0.0
TMHXX,TIAA-CREF Life Funds - Money Market Fund,1,2,4,10,6,3,2,3,30,-10.0,25.0,Poor,🔥 COILED: Stay away,30,0.0,0.0,0.0,50.0,0,,nan,nan,0.0
TPFXX,Short-Term Investment Trust - Invesco Treasury Portfolio,1,2,4,10,6,3,2,3,30,-10.0,25.0,Poor,🔥 COILED: Stay away,30,0.0,0.0,0.0,50.0,0,,nan,nan,0.0
TPLXX,State Street Institutional Investment Trust - International Treasure Plus Money Market Fund,1,2,4,10,6,3,2,3,30,-10.0,25.0,Poor,🔥 COILED: Stay away,30,0.0,0.0,0.0,50.0,0,,nan,nan,0.0
TPPXX,TIAA-CREF Funds - TIAA-CREF Money Market Fund,1,2,4,10,6,3,2,3,30,-10.0,25.0,Poor,🔥 COILED: Stay away,30,0.0,0.0,0.0,50.0,0,,nan,nan,0.0
TPVXX,State Street Institutional Investment Trust - State Street Institutional Treasury Plus Money Market,1,2,4,10,6,3,2,3,30,-10.0,25.0,Poor,🔥 COILED: Stay away,30,0.0,0.0,0.0,50.0,0,,nan,nan,0.0
TRGXX,T. Rowe Price U.S. Treasury Funds Inc. - T. Rowe Price U.S. Treasury Money Fund,1,2,4,10,6,3,2,3,30,-10.0,25.0,Poor,🔥 COILED: Stay away,30,0.0,0.0,0.0,50.0,0,,nan,nan,0.0
TRIXX,State Street Institutional Investment Trust - Treasury Fund,1,2,4,10,6,3,2,3,30,-10.0,25.0,Poor,🔥 COILED: Stay away,30,0.0,0.0,0.0,50.0,0,,nan,nan,0.0
TRVXX,State Street Institutional Investment Trust - Treasury Fund,1,2,4,10,6,3,2,3,30,-10.0,25.0,Poor,🔥 COILED: Stay away,30,0.0,0.0,0.0,50.0,0,,nan,nan,0.0
TRPXX,Short-Term Investment Trust - Invesco Treasury Portfolio,1,2,4,10,6,3,2,3,30,-10.0,25.0,Poor,🔥 COILED: Stay away,30,0.0,0.0,0.0,50.0,0,,nan,nan,0.0
TSPXX,Short-Term Investment Trust - Invesco Treasury Obligations Portfolio,1,2,4,10,6,3,2,3,30,-10.0,25.0,Poor,🔥 COILED: Stay away,30,0.0,0.0,0.0,50.0,0,,nan,nan,0.0
TRZXX,T. Rowe Price U.S. Treasury Funds Inc. - T. Rowe Price U.S. Treasury Money Fund,1,2,4,10,6,3,2,3,30,-10.0,25.0,Poor,🔥 COILED: Stay away,30,0.0,0.0,0.0,50.0,0,,nan,nan,0.0
TTGXX,T Rowe Price Government Money Funds Inc - Government Money Fund,1,2,4,10,6,3,2,3,30,-10.0,25.0,Poor,🔥 COILED: Stay away,30,0.0,0.0,0.0,50.0,0,,nan,nan,0.0
TUIXX,RBC Funds Trust - U.S. Government Money Market Fund,1,2,4,10,6,3,2,3,30,-10.0,25.0,Poor,🔥 COILED: Stay away,30,0.0,0.0,0.0,50.0,0,,nan,nan,0.0
TTOXX,Money Market Obligations Trust - Federated Trust for U.S. Treasury Obligations,1,2,4,10,6,3,2,3,30,-10.0,25.0,Poor,🔥 COILED: Stay away,30,0.0,0.0,0.0,50.0,0,,nan,nan,0.0
TUGXX,RBC Funds Trust - U.S. Government Money Market Fund,1,2,4,10,6,3,2,3,30,-10.0,25.0,Poor,🔥 COILED: Stay away,30,0.0,0.0,0.0,50.0,0,,nan,nan,0.0
TWNXX,T. Rowe Price State Tax-Free Income Trust - T. Rowe Price Maryland Tax-Free Money Fund,1,2,4,10,6,3,2,3,30,-10.0,25.0,Poor,🔥 COILED: Stay away,30,0.0,0.0,0.0,50.0,0,,nan,nan,0.0
TXMXX,Cash Account Trust - DWS Tax-Exempt Portfolio,1,2,4,10,6,3,2,3,30,-10.0,25.0,Poor,🔥 COILED: Stay away,30,0.0,0.0,0.0,50.0,0,,nan,nan,0.0
TXPXX,Short-Term Investment Trust - Invesco Treasury Obligations Portfolio,1,2,4,10,6,3,2,3,30,-10.0,25.0,Poor,🔥 COILED: Stay away,30,0.0,0.0,0.0,50.0,0,,nan,nan,0.0
UATXX,USAA Mutual Funds Trust - USAA Treasury Money Market Trust,1,2,4,10,6,3,2,3,30,-10.0,25.0,Poor,🔥 COILED: Stay away,30,0.0,0.0,0.0,50.0,0,,nan,nan,0.0
TYCXX,Short-Term Investment Trust - Invesco Treasury Portfolio,1,2,4,10,6,3,2,3,30,-10.0,25.0,Poor,🔥 COILED: Stay away,30,0.0,0.0,0.0,50.0,0,,nan,nan,0.0
UPRXX,Ubs Money Series - Prime Reserve  Fund,1,2,4,10,6,3,2,3,30,-10.0,25.0,Poor,🔥 COILED: Stay away,30,0.0,0.0,0.0,50.0,0,,nan,nan,0.0
UPPXX,UBS Select Prime Preferred Fund,1,2,4,10,6,3,2,3,30,-10.0,25.0,Poor,🔥 COILED: Stay away,30,0.0,0.0,0.0,50.0,0,,nan,nan,0.0
USAXX,USAA Mutual Funds Trust - USAA Money Market Fund,1,2,4,10,6,3,2,3,30,-10.0,25.0,Poor,🔥 COILED: Stay away,30,0.0,0.0,0.0,50.0,0,,nan,nan,0.0
USEXX,USAA Mutual Funds Trust - USAA Tax Exempt Money Market Fund,1,2,4,10,6,3,2,3,30,-10.0,25.0,Poor,🔥 COILED: Stay away,30,0.0,0.0,0.0,50.0,0,,nan,nan,0.0
UTIXX,Money Market Obligations Trust - Federated Hermes U.S. Treasury Cash Reserves,1,2,4,10,6,3,2,3,30,-10.0,25.0,Poor,🔥 COILED: Stay away,30,0.0,0.0,0.0,50.0,0,,nan,nan,0.0
UTSXX,Shelton Funds - The United States Treasury Trust,1,2,4,10,6,3,2,3,30,-10.0,25.0,Poor,🔥 COILED: Stay away,30,0.0,0.0,0.0,50.0,0,,nan,nan,0.0
VETXX,Goldman Sachs Trust - Goldman Sachs Financial Square Government Fund,1,2,4,10,6,3,2,3,30,-10.0,25.0,Poor,🔥 COILED: Stay away,30,0.0,0.0,0.0,50.0,0,,nan,nan,0.0
VCTXX,Vanguard California Municipal Money Market Fund,1,2,4,10,6,3,2,3,30,-10.0,25.0,Poor,🔥 COILED: Stay away,30,0.0,0.0,0.0,50.0,0,,nan,nan,0.0
VMRXX,Vanguard Money Market Reserves - Vanguard Cash Reserves Federal Money Market Fund,1,2,4,10,6,3,2,3,30,-10.0,25.0,Poor,🔥 COILED: Stay away,30,0.0,0.0,0.0,50.0,0,,nan,nan,0.0
VMSXX,Vanguard Municipal Bond Funds - Vanguard Municipal Money Market Fund,1,2,4,10,6,3,2,3,30,-10.0,25.0,Poor,🔥 COILED: Stay away,30,0.0,0.0,0.0,50.0,0,,nan,nan,0.0
VYFXX,Vanguard New York Tax-Exempt Money Market Fund,1,2,4,10,6,3,2,3,30,-10.0,25.0,Poor,🔥 COILED: Stay away,30,0.0,0.0,0.0,50.0,0,,nan,nan,0.0
WABXX,Western Asset Premier Institutional Government Reserves Capital Shares,1,2,4,10,6,3,2,3,30,-10.0,25.0,Poor,🔥 COILED: Stay away,30,0.0,0.0,0.0,50.0,0,,nan,nan,0.0
WACXX,Western Asset Premier Institutional Government Reserves Preferred Shares,1,2,4,10,6,3,2,3,30,-10.0,25.0,Poor,🔥 COILED: Stay away,30,0.0,0.0,0.0,50.0,0,,nan,nan,0.0
WADXX,Western Asset Premier Institutional U.S. Treasury Reserves Capital Shares,1,2,4,10,6,3,2,3,30,-10.0,25.0,Poor,🔥 COILED: Stay away,30,0.0,0.0,0.0,50.0,0,,nan,nan,0.0
WAEXX,Western Asset Premier Institutional U.S. Treasury Reserves Preferred Shares,1,2,4,10,6,3,2,3,30,-10.0,25.0,Poor,🔥 COILED: Stay away,30,0.0,0.0,0.0,50.0,0,,nan,nan,0.0
WAGXX,Wilmington Funds - Wilmington U.S. Government Money Market Fund,1,2,4,10,6,3,2,3,30,-10.0,25.0,Poor,🔥 COILED: Stay away,30,0.0,0.0,0.0,50.0,0,,nan,nan,0.0
WCGXX,Northern Institutional Funds - U.S. Government Select Portfolio,1,2,4,10,6,3,2,3,30,-10.0,25.0,Poor,🔥 COILED: Stay away,30,0.0,0.0,0.0,50.0,0,,nan,nan,0.0
WFFXX,Allspring Funds Trust - Allspring Government Money Market Fund,1,2,4,10,6,3,2,3,30,-10.0,25.0,Poor,🔥 COILED: Stay away,30,0.0,0.0,0.0,50.0,0,,nan,nan,0.0
WFGXX,Allspring Funds Trust - Allspring Government Money Market Fund,1,2,4,10,6,3,2,3,30,-10.0,25.0,Poor,🔥 COILED: Stay away,30,0.0,0.0,0.0,50.0,0,,nan,nan,0.0
WFNXX,Wells Fargo Funds Trust - National Tax-Free Money Market Fund,1,2,4,10,6,3,2,3,30,-10.0,25.0,Poor,🔥 COILED: Stay away,30,0.0,0.0,0.0,50.0,0,,nan,nan,0.0
WGAXX,Allspring Funds Trust - Allspring Government Money Market Fund,1,2,4,10,6,3,2,3,30,-10.0,25.0,Poor,🔥 COILED: Stay away,30,0.0,0.0,0.0,50.0,0,,nan,nan,0.0
WGEXX,Wilmington Funds - Wilmington U.S. Government Money Market Fund,1,2,4,10,6,3,2,3,30,-10.0,25.0,Poor,🔥 COILED: Stay away,30,0.0,0.0,0.0,50.0,0,,nan,nan,0.0
WGOXX,Wilmington Funds - Wilmington U.S. Government Money Market Fund,1,2,4,10,6,3,2,3,30,-10.0,25.0,Poor,🔥 COILED: Stay away,30,0.0,0.0,0.0,50.0,0,,nan,nan,0.0
WMOXX,Wells Fargo Funds Trust - Money Market Fund,1,2,4,10,6,3,2,3,30,-10.0,25.0,Poor,🔥 COILED: Stay away,30,0.0,0.0,0.0,50.0,0,,nan,nan,0.0
WGSXX,WT Mutual Fund - Wilmington U.S. Government Money Market Fund,1,2,4,10,6,3,2,3,30,-10.0,25.0,Poor,🔥 COILED: Stay away,30,0.0,0.0,0.0,50.0,0,,nan,nan,0.0
WNTXX,Wells Fargo Funds Trust - National Tax-Free Money Market Fund,1,2,4,10,6,3,2,3,30,-10.0,25.0,Poor,🔥 COILED: Stay away,30,0.0,0.0,0.0,50.0,0,,nan,nan,0.0
WMPXX,Wells Fargo Funds Trust - Money Market Fund,1,2,4,10,6,3,2,3,30,-10.0,25.0,Poor,🔥 COILED: Stay away,30,0.0,0.0,0.0,50.0,0,,nan,nan,0.0
WOTXX,Wells Fargo Funds Trust - 100% Treasury Money Market Fund,1,2,4,10,6,3,2,3,30,-10.0,25.0,Poor,🔥 COILED: Stay away,30,0.0,0.0,0.0,50.0,0,,nan,nan,0.0
WTAXX,Wilmington Funds - Wilmington U.S. Treasury Money Market Fund,1,2,4,10,6,3,2,3,30,-10.0,25.0,Poor,🔥 COILED: Stay away,30,0.0,0.0,0.0,50.0,0,,nan,nan,0.0
WTIXX,Wilmington Funds - Wilmington U.S. Treasury Money Market Fund,1,2,4,10,6,3,2,3,30,-10.0,25.0,Poor,🔥 COILED: Stay away,30,0.0,0.0,0.0,50.0,0,,nan,nan,0.0
WTEXX,WT Mutual Fund - Wilmington Tax-Exempt Money Market Fund,1,2,4,10,6,3,2,3,30,-10.0,25.0,Poor,🔥 COILED: Stay away,30,0.0,0.0,0.0,50.0,0,,nan,nan,0.0
WTLXX,Wells Fargo Funds Trust - Treasury Plus Money Market Fund,1,2,4,10,6,3,2,3,30,-10.0,25.0,Poor,🔥 COILED: Stay away,30,0.0,0.0,0.0,50.0,0,,nan,nan,0.0
WTPXX,Wells Fargo Funds Trust - Treasury Plus Money Market Fund,1,2,4,10,6,3,2,3,30,-10.0,25.0,Poor,🔥 COILED: Stay away,30,0.0,0.0,0.0,50.0,0,,nan,nan,0.0
WTRXX,Wells Fargo Funds Trust - 100% Treasury Money Market Fund,1,2,4,10,6,3,2,3,30,-10.0,25.0,Poor,🔥 COILED: Stay away,30,0.0,0.0,0.0,50.0,0,,nan,nan,0.0
WTSXX,WT Mutual Fund - Wilmington Tax-Exempt Money Market Fund,1,2,4,10,6,3,2,3,30,-10.0,25.0,Poor,🔥 COILED: Stay away,30,0.0,0.0,0.0,50.0,0,,nan,nan,0.0
FOBXX,Franklin Templeton Trust - Onchain US Government Money Fund,1,2,4,10,6,3,2,3,30,-10.0,25.0,Poor,🔥 COILED: Stay away,30,0.0,0.0,0.0,50.0,0,,nan,nan,0.0
FIDXX,FIDXX,1.0,3,4,10,4,3,1,3,28,-8.0,25.0,Poor,🔥 COILED: Stay away,27,0.0,0.0,-5.9,43.0,0,,nan,nan,0.0
LDIXX,LDIXX,1.0,3,4,10,4,3,1,3,28,-8.0,25.0,Poor,🔥 COILED: Stay away,27,0.0,0.0,-5.6,44.1,0,,nan,nan,0.0
FYIXX,Fidelity Treasury Only Money Market Fund,1,2,4,10,6,3,2,3,30,-10.0,25.0,Poor,🔥 COILED: Stay away,30,0.0,0.0,0.0,50.0,0,,nan,nan,0.0
SRMMF,Sarama Resources Ltd,0.038,16,5,5,14,5,2,5,52,-27.5,24.5,Broken,Avoid/exit,51,26.7,442.9,47.8,73.9,3,,Basic Materials,20212274.0,12373.4
XONI,"Xtreme One Entertainment, Inc.",0.068,16,3,6,15,7,2,5,54,-29.5,24.5,Broken,Avoid/exit,60,13.3,36.0,35.3,64.6,3,,Communication Services,10116641.0,168019.33
HLOGF,Helium One Global Ltd,0.008,9,8,6,2,2,0,2,29,-8.0,24.0,Broken,Avoid/exit,35,-1.2,-1.2,1.0,50.1,1,,Energy,77888888.0,409972.68
RITE,Mineralrite Corporat,0.004,2,12,3,2,9,2,2,32,-8.0,24.0,Broken,Avoid/exit,29,5.7,2.8,-3.5,45.7,0,,Basic Materials,22427196.0,15042326.59
MTTCF,MeaTech 3D Ltd,0.001,6,3,10,7,3,1,3,33,-5.0,24.0,Broken,Avoid/exit,20,0.0,0.0,-0.2,0.1,1,,Consumer Defensive,7810295.0,432.56
LNGNF,LNG Energy Group Corp.,0.009,1,5,4,7,5,0,2,24,-5.0,24.0,Broken,🔥 COILED: Avoid/exit,21,0.0,-10.0,-11.7,47.4,1,,Energy,1401766.0,77799.42
PFRRF,PetroFrontier Corp,0.004,9,6,10,7,3,1,3,39,-18.0,24.0,Broken,Avoid/exit,37,0.0,0.0,0.0,99.9,1,,Energy,958109.0,1380.0
GMNI,Gemini Group Global Corp,0.001,3,4,7,9,4,0,2,29,-5.0,24.0,Broken,Avoid/exit,30,-7.7,-7.7,-5.8,44.9,1,,Financial Services,882918.0,1898502.86
GFMH,Goliath Film and Media Holdings,0.006,20,4,6,11,3,2,5,51,-27,24,Broken,Avoid/exit,56,81.8,81.8,36.2,74.5,2,3,Communication Services,833789.0,4973.73
CXCQ,CardXX Inc,0.007,12,5,2,6,6,1,2,34,-15.0,24.0,Broken,🔥 COILED: Avoid/exit,58,0.0,0.0,-0.5,50.4,1,,Financial Services,532500.0,33673.43
JETR,Star Jets International Inc,0.004,6,4,8,3,3,2,3,29,-10.0,24.0,Broken,🔥 COILED: Avoid/exit,22,0.0,0.0,-1.5,43.3,0,,Industrials,414672.0,50550.75
ARIZF,Affinity Metals Corp,0.002,7,7,10,6,0,1,3,34,-15.0,24.0,Broken,🔥 COILED: Avoid/exit,28,0.0,0.0,0.0,53.6,1,,Basic Materials,125204.0,7536.77
LGCP,Legion Capital Corporation,0.001,6,4,6,6,3,3,3,31,-10.0,24.0,Broken,Avoid/exit,31,0.0,0.0,-0.9,7.9,0,,Financial Services,23192.0,564.09
PSCO,ProtoSource Corporation,0.016,1,3,6,11,3,2,3,29,-5.0,24.0,Broken,Avoid/exit,29,0.0,-20.2,-7.9,38.4,1,,Financial Services,8259743.0,8271.93
RDCT,"Redacted Industries, Inc.",0.011,5,7,9,9,0,0,2,32,-8.0,24.0,Broken,Avoid/exit,17,-13.8,1.8,-7.7,44.2,0,,Communication Services,85995.0,62844.95
MKDWW,MKDWELL Tech Inc. Warrants,0.013,18,11,7,5,4,3,5,53,-29,24,Broken,Avoid/exit,53,26.5,26.5,23.2,62.5,3,,nan,nan,0.0
URANF,International Prospect Ventures Ltd,0.03,12,7,2,6,3,3,3,36,-12.0,24.0,Broken,Avoid/exit,49,0.0,0.0,9.4,62.5,0,,Basic Materials,2187793.0,986.0
MOOOF,Bettermoo(d) Food Corporation,0.027,9,6,10,7,3,1,3,39,-18.0,24.0,Broken,Avoid/exit,33,0.0,0.0,0.0,99.5,1,,Consumer Defensive,160943.0,0.22
DPNEF,Daphne International Holdings Limited,0.04,5,4,10,6,3,2,3,33,-12.0,24.0,Broken,Avoid/exit,28,0.0,0.0,-0.0,61.1,0,,Consumer Cyclical,34229764.0,0.0
EVLI,Everlert Inc,0.04,7,11,2,3,9,0,2,34,-8.0,24.0,Broken,Avoid/exit,52,-5.9,-18.4,-6.0,48.8,0,,Communication Services,28648690.0,1055333.99
SLMLF,Apex Resources Inc,0.041,12,3,2,4,6,2,5,34,-10.0,24.0,Broken,Avoid/exit,33,-25.8,-18.4,2.4,53.5,0,,Basic Materials,3397166.0,4226.84
EWCLF,Energy World Corporation Ltd,0.05,16,9,3,11,6,2,5,52,-24,24,Broken,Avoid/exit,62,100.0,-3.8,38.2,63.8,0,5,Utilities,96334744.0,87217.94
RAFA,Rafarma Pharmaceuticals Inc,0.047,5,5,2,8,1,6,2,29,-5.0,24.0,Broken,Avoid/exit,29,-3.3,-5.2,-6.6,44.4,1,,Healthcare,4125048.0,20625.88
HYEG,Hydrogen Engine Center Inc,0.06,11,6,4,9,6,0,5,41,-20.0,24.0,Broken,🔥 COILED: Avoid/exit,50,1.9,18.1,1.3,50.6,3,,Industrials,6588188.0,12747.05
CAXPF,District Copper Corp,0.053,3,5,8,9,2,0,2,29,-5.0,24.0,Broken,Avoid/exit,30,-7.0,-8.8,-9.1,38.7,1,,Basic Materials,2206326.0,0.0
BLPG,Blue Line Protection Group Inc,0.052,7,11,6,3,2,3,5,37,-13.0,24.0,Broken,Avoid/exit,56,4.0,-4.6,-0.9,49.4,0,,Industrials,428842.0,11273.94
TOIIW,The Oncology Institute Inc,0.06,11,9,10,10,4,3,5,52,-28,24,Broken,Avoid/exit,36,26.1,8.9,16.2,55.5,3,,nan,nan,13073.29
CLRSF,Castile Resources Limited,0.077,8,3,7,2,3,5,3,31,-10.0,24.0,Broken,Avoid/exit,39,0.0,0.0,-2.0,30.2,0,,Basic Materials,29665550.0,1221.6
IMIMF,Interra Copper Corp,0.08,16,8,4,5,1,2,5,41,-17,24,Broken,Avoid/exit,26,54.2,33.7,22.7,60.9,4,12,Basic Materials,9438964.0,48255.5
ALGLF,Alma Gold Inc,0.08,15,5,7,9,6,2,5,49,-21.0,24.0,Broken,Avoid/exit,53,0.0,0.0,2.3,100.0,1,,Basic Materials,4619623.0,674.04
SRWRF,SolarWorld Aktiengesellschaft,0.08,17,4,8,10,6,4,5,54,-30,24,Broken,Avoid/exit,68,0.0,700.0,76.7,99.5,3,,Technology,1191680.0,80.71
KALMF,Kalgoorlie Gold Mining Limited,0.088,18,4,8,9,6,2,5,52,-28.0,24.0,Broken,Avoid/exit,52,0.0,337.5,45.3,97.2,2,,Basic Materials,39888640.0,956.87
ROYL,Royale Energy Inc,0.09,4,12,3,5,8,2,3,37,-13.0,24.0,Broken,Avoid/exit,42,0.0,-10.0,-0.0,49.3,1,,Energy,7728024.0,41094.7
YUXXF,Yuexiu Real Estate Investment Trust,0.1,7,3,11,8,3,2,3,37,-13.0,24.0,Broken,Avoid/exit,0,0.0,0.0,0.0,95.8,0,,Real Estate,525896928.0,0.0
SEOVF,Sernova Corp,0.11,10,5,3,10,2,2,3,35,-11.0,24.0,Broken,Avoid/exit,26,0.0,0.0,-3.7,47.1,1,,Healthcare,46993568.0,33010.75
EQTRF,Altamira Gold Corp,0.125,1,4,4,10,3,2,2,26,0.0,24.0,Broken,Avoid/exit,29,7.6,-11.9,-7.1,42.0,0,,Basic Materials,40265204.0,147735.59
STGDF,Stone Gold Inc.,0.1,19,4,6,7,3,7,5,51,-27,24,Broken,Avoid/exit,57,160.4,160.4,77.8,94.1,3,3,Basic Materials,10151327.0,926.18
SURMF,Surface Metals Inc.,0.135,6,13,5,4,6,2,2,38,-19.0,24.0,Broken,🔥 COILED: Avoid/exit,36,3.4,2.9,2.3,50.7,1,,Basic Materials,6113519.0,26894.64
CAPC,Capstone Companies Inc,0.12,3,4,3,9,6,2,2,29,-5.0,24.0,Broken,Avoid/exit,51,-11.1,-11.1,-7.8,45.9,2,,Technology,5859223.0,51820.33
HCTPF,Hutchison Port Holdings Trust,0.17,1,3,3,8,3,4,2,24,0.0,24.0,Broken,Avoid/exit,35,0.0,-10.5,-3.6,27.1,0,,Industrials,1791920000.0,0.0
ARAFF,Arafura Resources Ltd,0.184,3,9,1,7,2,2,2,26,0.0,24.0,Broken,Avoid/exit,31,-3.2,-8.0,-7.7,41.1,0,,Basic Materials,1017483200.0,1022542.86
RFLXF,REDFLEX HOLDINGS LTD,0.157,3,5,0,11,5,2,3,29,-5.0,24.0,Broken,Avoid/exit,43,0.0,-13.3,-8.5,35.3,1,,Basic Materials,1620322.0,2121.11
CTRNF,CHAR Technologies Ltd,0.2,7,12,3,8,4,0,2,36,-8.0,24.0,Broken,Avoid/exit,38,33.3,-3.6,8.5,51.5,0,,Industrials,30145360.0,3329.8
SCUPF,Aegis Brands Inc,0.2,9,3,10,6,1,2,3,34,-10.0,24.0,Broken,Avoid/exit,32,0.0,0.0,-0.0,30.8,0,,Consumer Cyclical,17057434.0,65.13
QUTIF,Questor Technology Inc,0.28,17,4,5,12,6,5,5,54,-30,24,Broken,Avoid/exit,37,40.0,40.0,25.1,88.8,4,,Industrials,7776475.0,714.0
JDNRF,Jayden Resources Inc.,0.253,18,4,6,9,6,4,5,52,-28,24,Broken,Avoid/exit,59,900.8,900.8,152.9,96.0,3,2,Basic Materials,1481671.0,256.97
GLFGF,Global Fashion Group S.A,0.33,8,3,10,6,4,2,3,36,-15.0,24.0,Broken,Avoid/exit,43,0.0,0.0,-0.0,0.2,1,,Consumer Cyclical,77898240.0,4753.66
BWCCF,BWCCF,0.34,7,6,11,7,3,2,3,39,-18.0,24.0,Broken,Avoid/exit,38,0.0,0.0,0.0,99.6,1,,Basic Materials,36637568.0,0.0
MTBLY,Moatable Inc,0.3,9,8,4,7,3,0,5,36,-15.0,24.0,Broken,Avoid/exit,28,-9.1,-3.2,-1.4,44.3,1,,Technology,5491161.0,4776.53
BGM,Qilian International Holding Group Limited,0.365,13,4,5,13,0,4,5,44,-20.0,24.0,Broken,Avoid/exit,25,6.9,12.3,2.3,51.0,3,,Healthcare,73227528.0,188765.64
BMKDF,BioMark Diagnostics Inc,0.398,3,5,2,8,6,0,2,26,-5.0,24.0,Broken,Avoid/exit,43,-6.2,-6.2,-4.0,40.7,1,,Healthcare,41804888.0,4571.0
APCX,Apptech Corp,0.395,4,6,3,13,3,0,5,34,-8.0,24.0,Broken,Avoid/exit,37,-17.7,-19.4,-6.9,43.1,1,,Technology,16171515.0,62395.5
FWFW,Flywheel Advanced Technology Inc,0.399,15,6,5,13,6,4,5,54,-30,24,Broken,Avoid/exit,59,0.0,241.0,50.9,78.0,3,,Financial Services,11806874.0,261.61
TPCFF,Titan Logix Corp,0.35,7,3,10,6,3,4,3,36,-15.0,24.0,Broken,Avoid/exit,33,0.0,0.0,-0.0,0.8,1,,Industrials,9378153.0,251.5
EPFCF,EPFCF,0.419,2,4,9,1,8,2,3,29,-8.0,24.0,Broken,Avoid/exit,34,-0.2,-4.0,-2.1,44.9,0,,nan,54333576.0,10150.82
IVDA,Iveda Solutions Inc,0.43,18,7,3,6,5,2,5,46,-22,24,Broken,Avoid/exit,47,53.6,26.5,21.9,60.7,3,7,Industrials,4985431.0,5014819.5
LTMCF,Lithium Chile Inc,0.452,4,4,2,9,3,4,2,28,-5.0,24.0,Broken,Avoid/exit,50,0.2,-7.8,-4.6,39.1,2,,Basic Materials,100896552.0,23055.5
NDTP,NDT Pharmaceuticals Inc,0.479,2,6,2,10,0,2,2,24,-5.0,24.0,Broken,Avoid/exit,24,-8.8,-22.4,-8.1,46.7,1,,Healthcare,94387920.0,9941.96
ZDPY,Zoned Properties Inc,0.478,8,2,8,13,3,4,3,41,-15.0,24.0,Broken,Avoid/exit,54,-4.4,-1.0,-2.5,43.9,1,,Real Estate,6300436.0,8561.63
LMRXF,Laramide Resources Ltd.,0.5,10,10,3,6,4,4,5,42,-16.0,24.0,Broken,Avoid/exit,36,22.0,-3.8,6.0,53.7,2,,Energy,141951648.0,85137.71
RLYGF,Riley Gold Corp,0.513,12,4,2,6,5,5,5,39,-15.0,24.0,Broken,Avoid/exit,57,5.1,-9.6,0.0,51.6,1,,Basic Materials,25084868.0,5378.29
CSCHF,China Renaissance Holdings Limited,0.598,5,3,10,6,3,6,3,36,-15.0,24.0,Broken,Avoid/exit,46,0.0,0.0,-0.0,13.1,1,,Financial Services,342976640.0,69.68
HBEIF,Honey Badger Silver Inc,0.567,13,11,0,2,7,2,2,37,-13.0,24.0,Broken,Avoid/exit,58,2.2,-9.4,-1.7,50.1,1,,Basic Materials,93647584.0,301151.19
VYNE,Vyne Therapeutics Inc,0.635,4,12,1,4,9,4,2,36,-13.0,24.0,Broken,Avoid/exit,55,-4.5,-4.5,-2.8,41.4,1,,Healthcare,21212864.0,2312495.87
OMH,Ohmyhome Limited Ordinary Shares,0.679,3,10,2,7,4,4,2,32,-6.0,24.0,Broken,Avoid/exit,19,-1.6,-7.0,-6.8,41.8,2,,Real Estate,15685669.0,252396.12
MWTCF,Manila Water Company Inc,0.72,8,3,11,10,0,2,3,37,-13.0,24.0,Broken,Avoid/exit,0,0.0,0.0,0.0,96.8,0,,Utilities,2134642304.0,0.0
DYNR,Dynaresource Inc,0.7,1,5,0,12,4,0,2,24,0.0,24.0,Broken,Avoid/exit,12,-18.6,-24.7,-16.6,29.1,1,,Basic Materials,20521008.0,7519.47
TOMZ,TOMI Environmental Solutions Inc,0.756,7,10,1,7,8,0,4,37,-11.0,24.0,Broken,Avoid/exit,40,-4.3,-30.0,-7.7,44.4,1,,Industrials,17457020.0,309425.84
MOJO,Mojo Organics Inc.,0.85,0,10,7,6,7,2,2,34,-10.0,24.0,Broken,Avoid/exit,33,-4.6,0.0,-6.2,42.7,0,,Consumer Defensive,8032207.0,5060.53
ORRAF,Orora Limited,0.901,3,3,9,6,0,7,3,31,-10.0,24.0,Broken,Avoid/exit,12,0.0,0.0,-4.8,0.1,0,,Consumer Cyclical,1617452672.0,0.0
FPZXX,First American Funds Inc. - First American Institutional Prime Obligations Fund,1.0,2,5,8,6,3,2,3,29,-10.0,24.0,Broken,🔥 COILED: Avoid/exit,34,0.0,0.0,-0.0,47.0,0,,nan,nan,0.0
IPLXX,Voya Investors Trust - Voya Liquid Assets Portfolio,1.0,4,3,8,6,3,4,3,31,-10.0,24.0,Broken,Avoid/exit,27,0.0,0.0,-0.0,20.2,0,,nan,nan,0.0
ISPXX,Voya Investors Trust - Voya Liquid Assets Portfolio,1.0,4,3,8,6,3,4,3,31,-10.0,24.0,Broken,Avoid/exit,26,0.0,0.0,-0.0,20.6,0,,nan,nan,0.0
ITLXX,Voya Investors Trust - Voya Liquid Assets Portfolio,1.0,4,3,8,6,3,4,3,31,-10.0,24.0,Broken,Avoid/exit,27,0.0,0.0,-0.0,20.2,0,,nan,nan,0.0
CAHXX,CAHXX,1.0,3,5,10,4,3,1,3,29,-10.0,24.0,Broken,🔥 COILED: Avoid/exit,26,0.0,0.0,-5.4,42.7,0,,nan,nan,0.0
LEJUY,Leju Holdings Limited,0.005,14,3,5,8,4,2,5,41,-17.5,23.5,Broken,Avoid/exit,33,-2.0,-2.0,31.5,73.2,1,,Real Estate,68919.0,863.12
ASTTF,Australis Oil & Gas Limited,0.005,14,4,6,12,3,0,5,44,-23.8,23.2,Broken,Avoid/exit,48,0.0,66.7,24.8,50.0,3,,Energy,6953463.0,6791.17
YTRGF,Y. T. Realty Group Limited,0.01,5,4,10,4,6,1,3,33,-15.0,23.0,Broken,🔥 COILED: Avoid/exit,40,0.0,0.0,-0.2,49.8,1,,Real Estate,11993361.0,28.5
PSYCF,Psyched Wellness Ltd,0.009,3,5,0,12,5,2,3,30,-5.0,23.0,Broken,Avoid/exit,30,-18.2,0.0,-5.7,46.8,1,,Consumer Defensive,4071934.0,67296.17
RATHF,Rathdowney Resources Ltd,0.001,5,3,9,6,3,1,3,30,-10.0,23.0,Broken,Avoid/exit,14,0.0,0.0,-3.0,12.9,0,,Basic Materials,2304274.0,1266.0
CEOS,CeCors Inc,0.005,6,3,2,8,7,0,2,28,-5.0,23.0,Broken,Avoid/exit,32,-20.0,-29.7,-15.6,39.2,1,,Healthcare,1674977.0,149205.81
CPWR,Ocean Thermal Energy Corp,0.006,5,5,3,7,6,0,2,28,-5.0,23.0,Broken,Avoid/exit,34,-10.0,-30.0,-14.8,41.6,1,,Utilities,1197076.0,64003.12
SBLCF,SBLCF,0.007,2,12,5,6,5,2,3,35,-11.0,23.0,Broken,Avoid/exit,32,2.8,-6.3,-6.4,43.4,2,,Financial Services,1169062.0,53445.07
LHGI,Lighthouse Global Holdings Inc,0.002,3,3,10,5,3,3,3,30,-10.0,23.0,Broken,Avoid/exit,34,0.0,0.0,-2.1,37.8,0,,Communication Services,1138693.0,14000.4
TOYRF,"Toys""R""Us ANZ Limited",0.004,8,4,9,5,3,1,3,33,-15.0,23.0,Broken,🔥 COILED: Avoid/exit,27,0.0,0.0,-0.0,41.7,1,,Consumer Cyclical,605048.0,6011.6
CYLC,County Line Energy Corp,0.002,5,4,10,6,3,2,3,33,-15.0,23.0,Broken,🔥 COILED: Avoid/exit,38,0.0,0.0,-0.0,42.9,1,,Industrials,162855.0,0.0
VTMLF,Venture Minerals Limited,0.018,3,3,6,5,3,7,3,30,-10.0,23.0,Broken,Avoid/exit,23,0.0,0.0,-17.7,29.3,0,,Basic Materials,55463752.0,2843.41
GTMLF,Green Technology Metals Limited,0.017,3,11,6,6,3,5,2,36,-13.0,23.0,Broken,Avoid/exit,30,7.5,-3.4,-1.8,43.4,1,,Basic Materials,16106744.0,16495.73
CGTRF,GT Resources Inc.,0.02,3,9,5,6,4,2,2,31,-8.0,23.0,Broken,Avoid/exit,27,0.0,-4.8,0.2,48.4,0,,Basic Materials,7778854.0,133727.48
MXTLF,Metalex Ventures Ltd,0.015,12,6,11,6,3,2,3,43,-23.0,23.0,Broken,Avoid/exit,51,0.0,0.0,0.0,98.0,0,,Basic Materials,4146718.0,213.5
ARXRF,Infinite Ore Corp,0.013,4,10,6,2,3,0,5,30,-10.0,23.0,Broken,🔥 COILED: Avoid/exit,35,0.0,14.0,2.3,50.3,2,,Basic Materials,3746908.0,0.0
SETO,Seto Holdings Inc,0.016,11,6,7,2,8,2,5,41,-18.0,23.0,Broken,Avoid/exit,53,47.6,-6.1,16.2,55.8,0,,Financial Services,2188604.0,10400.87
VIZNF,Visionary Gold Corp,0.011,9,5,7,9,0,1,5,36,-13.0,23.0,Broken,Avoid/exit,36,0.0,0.0,1.4,100.0,0,,Basic Materials,1932465.0,280.68
MYLKF,The Planting Hope Company Inc,0.015,5,4,9,6,4,2,3,33,-15.0,23.0,Broken,🔥 COILED: Avoid/exit,37,0.0,0.0,0.0,50.0,1,,Consumer Defensive,1870011.0,48.0
GBLEF,Global Energy Metals Corp,0.02,11,5,9,5,0,3,4,37,-15.0,23.0,Broken,🔥 COILED: Avoid/exit,24,-0.5,-0.5,0.3,52.1,1,,Basic Materials,1359551.0,6661.17
TWELF,Tokenwell Platforms Inc.,0.013,3,2,4,12,0,0,2,23,-5.0,23.0,Broken,Avoid/exit,21,-5.3,-31.9,-25.0,38.5,2,,Technology,773471.0,26691.0
CNTMF,Cansortium Inc,0.024,7,10,9,9,4,2,3,44,-21.0,23.0,Broken,Avoid/exit,17,-5.6,-1.7,-3.9,44.0,2,,Healthcare,15306312.0,481144.04
OWRDF,One World Lithium Inc,0.031,5,7,8,5,1,5,2,33,-15.0,23.0,Broken,🔥 COILED: Avoid/exit,51,7.7,-3.7,-0.4,49.3,1,,Basic Materials,6585874.0,15825.29
ENTEF,ESE Entertainment Inc,0.026,5,7,3,9,6,2,3,35,-15.0,23.0,Broken,Avoid/exit,31,4.0,-3.7,-4.4,48.6,1,,Communication Services,3254845.0,99058.53
ILXP,International Luxury Products Inc,0.03,3,3,9,6,3,3,3,30,-10.0,23.0,Broken,Avoid/exit,13,0.0,0.0,-6.5,28.1,0,,Technology,3230125.0,2769.18
NCPLW,Netcapital Inc,0.03,17,5,5,12,4,5,5,53,-30,23,Broken,Avoid/exit,49,30.4,30.4,20.8,94.9,2,,nan,nan,7330.94
PBMWW,Psyence Biomedical Ltd. Warrant,0.029,12,5,3,11,6,3,5,45,-20.0,23.0,Broken,Avoid/exit,57,47.0,47.0,5.6,51.8,2,,nan,nan,41209.53
NSGCF,Northstar Gold Corp,0.035,3,5,9,4,6,4,2,33,-13.0,23.0,Broken,Avoid/exit,37,-2.8,-7.9,-3.6,42.2,1,,Basic Materials,5327031.0,67380.02
UCLE,US Nuclear Corp,0.04,11,5,5,6,3,3,5,38,-15.0,23.0,Broken,Avoid/exit,23,29.0,0.0,4.2,50.9,1,,Technology,2455290.0,75891.67
STNRF,Stinger Resources Inc,0.04,1,5,3,12,3,2,2,28,-5.0,23.0,Broken,Avoid/exit,30,2.6,-7.0,-12.9,36.1,2,,Basic Materials,2113909.0,12162.96
FCHDF,FCHDF,0.042,3,16,6,11,4,4,4,48,-28,23,Broken,Avoid/exit,27,45.5,31.1,12.6,52.2,3,,Basic Materials,7579729.0,0.0
SXLXF,SXLXF,0.043,0,1,7,8,3,2,2,23,0.0,23.0,Broken,Avoid/exit,13,-35.6,-35.6,-24.5,38.7,0,,Basic Materials,6896424.0,0.0
CRBAF,CRBAF,0.043,5,6,8,5,3,1,2,30,-10.0,23.0,Broken,Avoid/exit,28,0.0,0.0,-3.2,36.5,0,,nan,4915856.0,870.14
NKWFF,Oceanic Wind Energy Inc,0.042,15,4,7,12,6,2,5,51,-28.0,23.0,Broken,Avoid/exit,64,0.0,20700.0,79.3,97.0,2,,Utilities,4727771.0,536.71
MFMLF,Marifil Mines Limited,0.042,6,5,1,8,3,3,2,28,-5.0,23.0,Broken,Avoid/exit,22,0.0,0.0,-14.9,23.5,1,,Basic Materials,641008.0,9407.64
PGYWW,Pagaya Technologies Ltd. Warrants,0.05,1,11,7,4,5,0,3,31,-8.0,23.0,Broken,Avoid/exit,15,-14.5,-34.1,-17.4,42.9,0,,nan,nan,79395.24
DFLIW,Dragonfly Energy Holdings Corp.,0.042,2,10,5,5,3,4,2,31,-8.0,23.0,Broken,Avoid/exit,36,4.7,19.7,1.5,50.0,2,,nan,nan,106297.34
SAIHW,SAIHEAT Limited,0.049,14,6,6,7,5,7,5,50,-25,23,Broken,Avoid/exit,52,64.7,64.7,40.9,97.1,2,5,nan,nan,0.0
JUTOF,Jutal Offshore Oil Services Ltd,0.058,3,3,9,6,3,3,3,30,-10.0,23.0,Broken,Avoid/exit,21,0.0,0.0,-1.0,30.0,0,,Energy,144352448.0,544.49
VIAOY,VIA optronics AG,0.06,16,9,5,7,4,2,2,45,-18,23,Broken,Avoid/exit,43,488.2,0.0,23.3,56.1,2,10,Technology,1359210.0,3303.51
SYBE,SYBLEU INC.,0.055,5,4,9,6,4,2,3,33,-15.0,23.0,Broken,🔥 COILED: Avoid/exit,36,0.0,0.0,0.0,50.0,1,,Healthcare,583742.0,205.34
DSAIF,DeepSpatial Inc.,0.068,5,4,9,6,4,2,3,33,-15.0,23.0,Broken,🔥 COILED: Avoid/exit,36,0.0,0.0,0.0,50.0,1,,Technology,6964708.0,71.75
ARJNF,Trinity One Metals Ltd.,0.07,6,4,2,9,0,5,5,31,-8.0,23.0,Broken,Avoid/exit,17,-46.6,0.0,-28.2,38.6,1,,Basic Materials,4706441.0,7504.85
GBLP,Global Pharmatech Inc,0.08,17,4,5,14,6,2,5,53,-30,23,Broken,Avoid/exit,55,0.0,60.2,16.0,100.0,3,,Consumer Defensive,33254312.0,243.65
BCTXZ,BriaCell Therapeutics Corp. Warrant,0.08,5,4,9,11,4,2,3,38,-13.0,23.0,Broken,Avoid/exit,27,-0.3,0.0,-2.6,37.4,1,,nan,nan,32846.44
DDNFF,Adamera Minerals Corp,0.09,6,8,2,8,0,2,2,28,-5.0,23.0,Broken,Avoid/exit,34,28.6,0.0,-0.6,49.1,1,,Basic Materials,4880841.0,0.0
SMTLF,GCL New Energy Holdings Limited,0.117,17,4,5,10,6,6,5,53,-30,23,Broken,Avoid/exit,70,0.0,26.1,10.3,100.0,3,,Utilities,208068928.0,35.62
AUSTF,Austin Engineering Limited,0.125,3,8,5,5,3,2,2,28,-8.0,23.0,Broken,Avoid/exit,25,3.3,-12.2,-2.3,44.9,1,,Industrials,77888856.0,2666.24
DLPRF,DLP Resources Inc,0.145,7,9,7,2,4,4,2,35,-15.0,23.0,Broken,Avoid/exit,18,-0.6,3.8,-1.6,45.9,1,,Basic Materials,22315390.0,11007.36
TWRFF,Tower Resources Ltd,0.109,3,3,2,9,4,2,5,28,-5.0,23.0,Broken,Avoid/exit,16,0.0,-14.8,-2.9,44.4,1,,Basic Materials,18870312.0,12800.4
STSBF,South Star Battery Metals Corp,0.11,3,9,7,3,8,2,4,36,-13.0,23.0,Broken,Avoid/exit,42,6.0,-2.8,0.7,50.1,2,,Basic Materials,13637181.0,35442.16
BRIOF,Magna Terra Minerals Inc,0.115,1,4,2,8,4,2,2,23,2.0,23.0,Broken,Avoid/exit,35,13.1,-11.8,-5.8,46.8,1,,Basic Materials,12905368.0,35406.99
BVAXF,Biovaxys Technology Corp,0.141,7,3,2,12,7,4,5,40,-15.0,23.0,Broken,Avoid/exit,51,-12.0,-21.3,-7.1,47.7,2,,Healthcare,5724107.0,78060.78
TRAC,Track Data Corporation Inc,0.1,3,6,3,8,0,4,3,27,0.0,23.0,Broken,Avoid/exit,10,0.0,0.0,-66.9,1.6,0,,Financial Services,1658400.0,9.0
GRXXF,Oz Lithium Corp,0.1,17,6,6,14,3,2,5,53,-30,23,Broken,Avoid/exit,47,0.0,354.5,44.8,71.1,3,,Basic Materials,1053229.0,56.7
OKAIF,EvokAI Creative Labs Inc,0.12,5,4,9,6,4,2,3,33,-15.0,23.0,Broken,🔥 COILED: Avoid/exit,35,0.0,0.0,0.0,50.0,1,,Healthcare,908476.0,40.15
NENTF,Nordic Entertainment Group AB (publ),0.166,10,3,6,8,6,2,3,38,-18.0,23.0,Broken,Avoid/exit,54,0.0,0.0,0.1,82.4,1,,Communication Services,754783936.0,272.11
CXOXF,Core Lithium Ltd,0.196,5,10,6,6,7,2,2,38,-15.0,23.0,Broken,Avoid/exit,52,9.2,1.3,-3.7,45.5,1,,Basic Materials,636193344.0,32986.79
BRRN,Born Inc,0.18,8,4,2,4,0,3,5,26,-8.0,23.0,Broken,🔥 COILED: Avoid/exit,38,0.0,0.0,-2.3,48.0,0,,Financial Services,81000000.0,315.77
VASO,Vaso Corp,0.18,4,3,2,8,4,0,2,23,0.0,23.0,Broken,Avoid/exit,36,-5.3,-5.3,-7.5,39.8,0,,Healthcare,31679648.0,146843.47
ILLR,Triller Group Inc. Common Stock,0.157,1,8,3,9,4,2,2,29,-6.0,23.0,Broken,Avoid/exit,23,-33.9,-26.9,-26.1,41.2,1,,Technology,27804890.0,1601399.36
PASW,"Ping An Biomedical Co., Ltd.",0.177,12,3,5,6,5,4,5,40,-15.0,23.0,Broken,Avoid/exit,39,-0.9,-0.4,3.5,54.7,1,,Consumer Cyclical,22082716.0,1599844.85
SMRVF,Smooth Rock Ventures Corp,0.2,3,3,6,7,0,2,2,23,0.0,23.0,Broken,Avoid/exit,34,0.0,-5.2,-6.0,29.1,0,,Basic Materials,3921817.0,5233.79
AACBR,Artius II Acquisition Inc. Rights,0.205,1,7,1,7,4,4,2,26,-3.0,23.0,Broken,Avoid/exit,22,17.5,-18.0,-14.9,40.1,0,,nan,nan,0.0
RGPMF,Enwell Energy plc,0.25,12,6,11,6,3,2,3,43,-23.0,23.0,Broken,Avoid/exit,56,0.0,0.0,0.0,84.6,0,,Energy,144287024.0,15.5
BRKCF,Barksdale Resources Corp,0.296,10,11,4,3,6,2,2,38,-13.0,23.0,Broken,Avoid/exit,63,9.6,-4.2,1.3,51.5,2,,Basic Materials,56676696.0,193033.85
PKSGY,PARKSON Retail Group Ltd ADR,0.28,5,3,10,7,3,2,3,33,-13.0,23.0,Broken,Avoid/exit,36,0.0,0.0,-0.0,88.6,1,,Consumer Cyclical,24588966.0,0.4
SPMEF,South Pacific Metals Corp,0.252,1,8,0,7,3,0,2,21,2.0,23.0,Broken,Avoid/exit,8,-0.3,-20.9,-12.5,32.2,0,,Basic Materials,17457854.0,8249.51
UCASU,UC Asset LP,0.262,3,3,9,6,3,3,3,30,-10.0,23.0,Broken,Avoid/exit,14,0.0,0.0,-3.3,13.0,0,,Real Estate,1437076.0,207.04
IVFH,Innovative Food Hldg,0.3,9,14,5,2,4,2,3,39,-16.0,23.0,Broken,Avoid/exit,26,9.1,-1.3,3.6,52.7,0,,Consumer Defensive,16394845.0,106577.05
MTMCF,Metallium Limited,0.364,7,6,1,7,2,2,3,28,-5.0,23.0,Broken,Avoid/exit,25,13.6,1.6,-1.2,47.0,1,,Basic Materials,268579136.0,642423.91
CAUUF,Centaur Media Plc,0.381,5,3,10,4,3,2,3,30,-10.0,23.0,Broken,Avoid/exit,15,0.0,0.0,-0.2,3.2,1,,Communication Services,5346426.0,509.9
HVIIR,Hennessy Capital Investment Corp. VII Rights,0.36,8,10,2,3,6,0,2,31,-8.0,23.0,Broken,Avoid/exit,40,0.0,-8.9,-2.7,48.7,0,,nan,545248.0,55910.44
CSRIF,CSRIF,0.405,10,3,11,5,4,2,3,38,-18.0,23.0,Broken,Avoid/exit,44,0.0,0.0,0.0,76.0,1,,Basic Materials,23558788.0,347.06
ANLBF,Aton Resources Inc,0.48,18,4,6,13,4,3,5,53,-30,23,Broken,Avoid/exit,61,45.5,12.3,23.0,62.8,3,,Basic Materials,61178120.0,0.0
BBBXF,Brixton Metals Corporation,0.492,11,12,3,4,2,2,2,36,-13.0,23.0,Broken,Avoid/exit,42,13.6,-4.5,-2.8,41.2,2,,Basic Materials,36508692.0,85667.74
MANOF,Manolete Partners Plc,0.502,3,4,8,5,3,3,4,30,-10.0,23.0,Broken,Avoid/exit,15,0.0,0.0,-1.3,14.7,0,,Industrials,22001868.0,934.64
SLVTF,Silver Tiger Metals Inc,0.642,18,14,3,4,4,3,5,51,-28,23,Broken,Avoid/exit,49,16.2,16.4,11.2,59.5,3,,Basic Materials,363332448.0,702656.98
CALZF,PolyNovo Limited,0.679,2,1,0,8,6,4,2,23,0.0,23.0,Broken,Avoid/exit,33,0.0,-14.7,-8.8,33.7,0,,Healthcare,468806080.0,2035.68
CREAF,Creative Technology Ltd,0.69,9,5,1,5,8,6,2,36,-13.0,23.0,Broken,Avoid/exit,56,16.9,-16.9,-0.8,48.5,2,,Technology,49411016.0,286.81
GEDC,GEDC,0.73,12,3,6,5,3,3,4,36,-13.0,23.0,Broken,Avoid/exit,63,10.6,-2.7,8.5,54.2,2,,Technology,18783294.0,2807.53
NRSN,Neurosense Therapeutics Ltd,0.805,4,13,4,5,4,2,3,35,-16.0,23.0,Broken,Avoid/exit,39,8.9,3.1,5.2,54.6,2,,Healthcare,29045908.0,338798.01
CYBHF,CYBHF,0.826,7,6,8,6,3,3,5,38,-15.0,23.0,Broken,Avoid/exit,32,0.7,0.7,-1.2,45.4,1,,Technology,23326336.0,9908.07
EDEYF,Eden Innovations Ltd,0.88,15,5,6,7,6,2,5,46,-23.0,23.0,Broken,Avoid/exit,64,0.0,0.0,28.6,99.8,1,,Industrials,537184128.0,51.78
SDWHF,Soundwill Holdings Limited,0.872,7,7,3,3,4,4,3,31,-8.0,23.0,Broken,Avoid/exit,44,0.0,0.0,-0.5,7.1,1,,Real Estate,246917648.0,15.32
DRMMF,Dream International Limited,0.908,5,3,9,6,3,1,3,30,-10.0,23.0,Broken,Avoid/exit,20,0.0,0.0,-0.3,0.0,0,,Consumer Cyclical,614931904.0,10.0
HIIDQ,Hidili Industry International Development Limited,0.9,5,3,9,5,3,2,3,30,-10.0,23.0,Broken,Avoid/exit,17,0.0,0.0,-0.1,0.0,0,,Energy,316035968.0,11.11
INCR,InterCure Ltd.,0.929,8,5,2,6,5,7,5,38,-15.0,23.0,Broken,Avoid/exit,49,6.6,-11.6,-1.0,50.0,2,,Healthcare,53077428.0,62436.16
ORIO,Orion Digital Corp.,0.903,7,15,5,1,4,2,2,36,-13.0,23.0,Broken,Avoid/exit,23,1.6,-0.8,-1.0,46.3,1,,Technology,21409900.0,111996.98
PYCXF,PYCXF,0.973,5,7,2,7,3,3,4,31,-8.0,23.0,Broken,Avoid/exit,41,1.5,1.5,-0.0,36.9,1,,Healthcare,956857280.0,292.56
MLMC,"Mike Lindell Media, Corp.",1.0,7,10,3,6,4,0,3,33,-13.0,23.0,Broken,Avoid/exit,38,0.0,-9.1,1.9,50.9,1,,Communication Services,39208248.0,3656.27
ESHSF,Eddy Smart Home Solutions Ltd.,1,5,4,9,6,4,2,3,33,-15.0,23.0,Broken,🔥 COILED: Avoid/exit,37,0.0,0.0,0.0,50.0,1,,Technology,6128623.0,350.0
BVYXX,BVYXX,1.0,3,4,10,4,3,1,3,28,-10.0,23.0,Broken,🔥 COILED: Avoid/exit,26,0.0,0.0,-5.4,42.7,0,,nan,nan,0.0
CAJXX,CAJXX,1.0,3,4,10,4,3,1,3,28,-10.0,23.0,Broken,🔥 COILED: Avoid/exit,26,0.0,0.0,-5.4,42.7,0,,nan,nan,0.0
LEIXX,LEIXX,1.0,3,4,10,4,3,1,3,28,-10.0,23.0,Broken,🔥 COILED: Avoid/exit,27,0.0,0.0,-4.9,44.4,0,,nan,nan,0.0
OPGXX,OPGXX,1.0,3,4,10,4,3,1,3,28,-10.0,23.0,Broken,🔥 COILED: Avoid/exit,24,0.0,0.0,-5.4,42.8,0,,nan,nan,0.0
OPRXX,OPRXX,1.0,3,4,10,4,3,1,3,28,-10.0,23.0,Broken,🔥 COILED: Avoid/exit,26,0.0,0.0,-5.4,42.9,0,,nan,nan,0.0
OPTXX,OPTXX,1.0,3,4,10,4,3,1,3,28,-10.0,23.0,Broken,🔥 COILED: Avoid/exit,27,0.0,0.0,-5.3,42.8,0,,nan,nan,0.0
VTGXX,VTGXX,1.0,3,4,10,4,3,1,3,28,-10.0,23.0,Broken,🔥 COILED: Avoid/exit,26,0.0,0.0,-5.4,42.7,0,,nan,nan,0.0
VTTXX,VTTXX,1.0,3,4,10,4,3,1,3,28,-10.0,23.0,Broken,🔥 COILED: Avoid/exit,26,0.0,0.0,-2.5,46.2,0,,nan,nan,0.0
VTLXX,VTLXX,1.0,3,4,10,4,3,1,3,28,-10.0,23.0,Broken,🔥 COILED: Avoid/exit,24,0.0,0.0,-5.3,42.9,0,,nan,nan,0.0
WMNXX,WMNXX,1.0,3,4,10,4,3,1,3,28,-10.0,23.0,Broken,🔥 COILED: Avoid/exit,27,0.0,0.0,-5.9,43.2,0,,nan,nan,0.0
WOMXX,WOMXX,1.0,3,4,10,4,3,1,3,28,-10.0,23.0,Broken,🔥 COILED: Avoid/exit,27,0.0,0.0,-5.9,43.1,0,,nan,nan,0.0
GMELF,GOME Retail Holdings Limited,0.002,2,1,0,7,6,4,2,22,0.0,22.0,Broken,Avoid/exit,8,0.0,-36.0,-24.2,27.4,0,,Consumer Cyclical,114388616.0,400.0
PLIXF,Prairie Lithium Limited,0.006,0,7,1,12,7,0,3,30,-8.0,22.0,Broken,Avoid/exit,51,-22.6,-16.7,-12.9,44.1,0,,Basic Materials,36272044.0,223846.83
SIUDF,Shanghai Industrial Urban Development Group Limited,0.007,8,3,10,6,3,1,3,34,-15.0,22.0,Broken,Avoid/exit,27,0.0,0.0,-0.0,28.6,1,,Real Estate,33845336.0,1655.5
ARTTF,Artemis Resources Ltd,0.002,6,6,8,4,3,2,3,32,-10.0,22.0,Broken,Avoid/exit,18,-4.0,0.0,-4.1,32.4,0,,Basic Materials,13847762.0,36313.2
LMMFF,Lithium Australia NL,0.007,9,8,6,1,6,0,2,32,-10.0,22.0,Broken,Avoid/exit,31,-2.9,10.0,0.1,49.6,1,,Industrials,13623107.0,8652.39
OXBOF,Oxford BioDynamics Plc,0.003,1,4,4,8,3,5,2,27,-5.0,22.0,Broken,Avoid/exit,40,0.0,0.0,-2.7,18.2,1,,Healthcare,12872733.0,26825.52
TMRFF,Tempus Resources Limited,0.01,7,6,11,4,6,2,3,39,-20.0,22.0,Broken,Avoid/exit,47,0.0,0.0,0.3,84.0,0,,Basic Materials,12068796.0,7309.91
MRES,Institute of Biomedical Research Corp,0.001,2,4,5,8,2,2,2,25,-3.0,22.0,Broken,Avoid/exit,28,-8.3,-31.2,-21.3,39.3,1,,Healthcare,3515833.0,833268.72
PKTX,Protokinetix Inc,0.006,4,15,9,2,8,2,2,42,-16.0,22.0,Broken,Avoid/exit,35,7.7,1.8,3.2,54.0,1,,Healthcare,2036216.0,123524.98
EMMRF,Emmerson Resources Limited,0.003,2,4,10,6,0,2,3,27,-10.0,22.0,Broken,🔥 COILED: Avoid/exit,28,0.0,0.0,0.0,50.0,0,,Basic Materials,2028076.0,100.0
SGTB,Kuboo Inc,0.01,16,5,3,11,6,3,5,49,-27,22,Broken,Avoid/exit,56,80.4,-8.2,13.6,56.3,1,3,Financial Services,1783822.0,31760.73
JXMNF,Jaxon Mining Inc,0.007,2,4,10,6,0,2,3,27,-10.0,22.0,Broken,🔥 COILED: Avoid/exit,28,0.0,0.0,0.0,50.0,0,,Basic Materials,1218026.0,187.5
IRME,International Display Advertising Inc,0.007,8,6,11,5,3,1,3,37,-18.0,22.0,Broken,Avoid/exit,29,0.0,0.0,0.3,78.5,1,,Healthcare,770419.0,8514.45
BRVRF,Blue River Resources Ltd,0.003,2,4,10,6,0,2,3,27,-10.0,22.0,Broken,🔥 COILED: Avoid/exit,27,0.0,0.0,0.0,50.0,0,,Basic Materials,751755.0,0.0
AUXIF,Auxico Resources Canada Inc,0.006,2,4,10,6,0,2,3,27,-10.0,22.0,Broken,🔥 COILED: Avoid/exit,28,0.0,0.0,0.0,50.0,0,,Basic Materials,600991.0,200.0
SYIN,"Synbio International, Inc.",0.001,3,2,4,11,0,0,2,22,0.0,22.0,Broken,Avoid/exit,25,-7.1,-7.1,-9.2,34.5,0,,Healthcare,443967.0,665853.97
MVES,Movie Studio Inc,0.002,11,13,11,2,8,2,2,49,-27.0,22.0,Broken,Avoid/exit,53,25.0,25.0,14.7,61.2,3,,Communication Services,382472.0,60844.76
DGTEF,DGTEF,0.005,6,3,0,8,2,4,2,25,-3.0,22.0,Broken,Avoid/exit,24,-50.0,-50.0,-34.0,40.1,2,,Financial Services,363574.0,13932.8
CNHC,China Health Management Corp,0.004,5,5,4,6,5,5,2,32,-15.0,22.0,Broken,🔥 COILED: Avoid/exit,48,0.0,0.0,-1.3,44.7,1,,Real Estate,284011.0,4860.14
RVLCF,Rivalry Corp,0.003,1,3,4,8,3,3,5,27,-5.0,22.0,Broken,Avoid/exit,23,0.0,0.0,-20.6,34.9,1,,Consumer Cyclical,235626.0,33710.96
BSFC,Blue Star Foods Corp,0.001,14,4,6,10,9,4,5,52,-30,22,Broken,Avoid/exit,34,30.0,30.0,22.5,78.6,3,,Consumer Defensive,163880.0,2482250.46
FLLLF,Feel Foods Ltd,0.006,4,3,1,7,5,2,5,27,-5.0,22.0,Broken,Avoid/exit,30,0.0,-63.5,-34.8,33.3,1,,Consumer Defensive,112776.0,156.81
WYPH,WayPoint Biomedical Holdings Inc,0.001,17,4,6,10,6,4,5,52,-30,22,Broken,Avoid/exit,61,0.0,225.0,59.0,95.8,3,,Financial Services,72283.0,6800.7
AIFM,AIFarm Ltd,0.003,5,3,10,6,0,2,3,29,-10.0,22.0,Broken,Avoid/exit,24,0.0,0.0,-0.0,17.6,0,,Industrials,2030.0,1.77
GENPF,Genix Pharmaceuticals Corporation,0.014,6,3,10,6,4,2,3,34,-15.0,22.0,Broken,Avoid/exit,32,0.0,0.0,-0.0,2.5,1,,Healthcare,863260.0,361.95
CHTM,Chatham Corporation,0.02,3,4,8,5,3,3,3,29,-10.0,22.0,Broken,Avoid/exit,7,0.0,0.0,-100.0,0.0,0,,Industrials,nan,0.5
GWH-WT,"ESS Tech, Inc. WT",0.02,7,13,6,3,3,4,2,38,-14,22,Broken,Avoid/exit,34,65.3,17.6,21.7,53.6,2,12,nan,nan,45200.52
TRNGF,The Trendlines Group Ltd,0.029,8,3,9,6,3,2,3,34,-15.0,22.0,Broken,Avoid/exit,31,0.0,0.0,-0.0,0.0,1,,Financial Services,42413080.0,12800.0
NBHEF,NBHEF,0.025,5,3,10,6,0,2,3,29,-10.0,22.0,Broken,Avoid/exit,36,0.0,0.0,-0.0,0.0,0,,nan,31175680.0,908.0
CPCPF,CopperCorp Resources Inc.,0.028,6,14,4,1,3,2,2,32,-11.0,22.0,Broken,Avoid/exit,21,-2.8,-2.1,-6.3,41.9,2,,Basic Materials,3223738.0,107122.51
LUVU,Luvu Brands Inc,0.03,5,4,2,10,6,1,3,31,-5.0,22.0,Broken,Avoid/exit,42,0.0,-25.0,-1.9,47.9,1,,Consumer Cyclical,2305021.0,35737.17
MSTXF,Madoro Metals Corp,0.024,9,3,11,8,1,2,3,37,-18.0,22.0,Broken,Avoid/exit,50,0.0,0.0,0.0,97.7,1,,Basic Materials,2241521.0,938.4
DCNNF,Canadian Palladium Resources Inc,0.022,6,14,6,3,0,2,2,33,-11.0,22.0,Broken,Avoid/exit,21,10.8,7.5,-0.0,48.5,2,,Basic Materials,1010664.0,37334.59
TGGLF,Toggle3D.ai Inc.,0.025,15,4,6,10,1,4,5,45,-23,22,Broken,Avoid/exit,53,53.4,53.4,30.7,64.6,3,6,Technology,954667.0,19752.58
ECDP,Eco Depot Inc,0.039,5,7,10,5,4,0,3,34,-13.0,22.0,Broken,Avoid/exit,55,0.8,7.8,2.4,52.0,2,,Real Estate,13238324.0,22574.51
WAST,Wastemasters Inc,0.036,6,11,5,13,7,6,2,50,-28,22,Broken,Avoid/exit,29,2.0,15.2,-2.0,47.0,4,,Industrials,4969325.0,218421.82
VITFF,Victoria Gold Corp,0.04,16,8,9,5,7,1,5,51,-29,22,Broken,Avoid/exit,34,33.3,300.0,56.6,63.2,2,,Basic Materials,2709033.0,81679.29
TBRIF,Therma Bright Inc,0.034,3,3,4,7,3,0,2,22,-5.0,22.0,Broken,🔥 COILED: Avoid/exit,31,0.0,-15.0,-4.4,41.2,1,,Healthcare,2082385.0,2331.81
BDVB,Bagger Dave's Burger Tavern Inc,0.035,14,3,8,7,6,2,5,45,-23.0,22.0,Broken,Avoid/exit,35,-0.3,17.1,7.3,73.9,3,,Consumer Cyclical,950907.0,10166.8
BHATF,Blue Hat Interactive Entertainment Technology,0.034,6,14,6,6,3,2,4,41,-19.0,22.0,Broken,Avoid/exit,20,13.3,-12.8,-3.1,45.9,2,,Communication Services,105340.0,350516.2
IVCTF,Invictus Energy Limited,0.049,1,5,2,9,0,0,5,22,0.0,22.0,Broken,Avoid/exit,29,-8.1,-2.4,-8.7,46.7,0,,Energy,87138528.0,163906.02
SVTPF,S-Ventures Plc,0.05,2,4,10,6,0,2,3,27,-10.0,22.0,Broken,🔥 COILED: Avoid/exit,28,0.0,0.0,0.0,50.0,0,,Financial Services,18829012.0,300.0
INIKF,PopReach Corporation,0.043,16,7,6,7,6,0,2,44,-22.0,22.0,Broken,Avoid/exit,43,0.0,13.3,7.6,63.5,3,,Communication Services,15665481.0,20183.23
DWAY,DriveItAway Inc,0.045,1,11,0,8,3,2,2,27,-5.0,22.0,Broken,Avoid/exit,33,-17.1,-29.8,-19.6,44.0,2,,Industrials,5679834.0,23694.28
LGNYZ,Ligand Pharmaceuticals Inc General Contingent Value Rt,0.042,1,5,1,8,3,2,2,22,0.0,22.0,Broken,Avoid/exit,28,-9.2,-8.2,-16.9,45.9,0,,nan,nan,0.0
SAEC,Starlight Energy Corp,0.05,2,4,10,6,0,2,3,27,-10.0,22.0,Broken,🔥 COILED: Avoid/exit,28,0.0,0.0,0.0,50.0,0,,Energy,nan,44.6
DECXF,Decade Resources Ltd,0.06,16,5,5,2,1,6,5,40,-18.0,22.0,Broken,Avoid/exit,37,25.0,0.0,7.7,51.8,2,,Basic Materials,21413528.0,0.0
MEDIF,Medipharm Labs Corp,0.052,8,3,1,7,4,2,2,27,-5.0,22.0,Broken,Avoid/exit,28,-1.9,-6.5,-5.9,39.4,1,,Healthcare,22092942.0,122846.29
MITI,Mitesco Inc,0.06,1,5,4,9,3,0,5,27,-5.0,22.0,Broken,Avoid/exit,28,-33.3,-33.3,-18.4,42.5,1,,Healthcare,1256435.0,95258.0
PRMO,Prom Resources Inc,0.052,15,3,2,5,3,2,5,35,-13.0,22.0,Broken,Avoid/exit,45,-37.0,98.5,8.2,53.4,2,,Consumer Cyclical,1240849.0,1338.07
AZRH,Azure Holding Group Corp,0.07,3,8,8,10,0,6,2,37,-15.0,22.0,Broken,Avoid/exit,19,0.0,16.1,-15.7,38.1,3,,Financial Services,4264558.0,60846.38
PGOL,Patriot Gold Corp,0.074,15,9,4,12,6,0,5,51,-27.0,22.0,Broken,Avoid/exit,54,-7.9,47.0,16.3,61.9,3,,Basic Materials,4712457.0,32711.15
OSCI,Osceola Gold Inc,0.081,2,2,6,10,0,0,2,22,0.0,22.0,Broken,Avoid/exit,36,-14.7,-19.0,-16.2,34.1,1,,Basic Materials,25262906.0,132620.75
EESE,Energy and Environmental Services Inc,0.09,4,5,2,9,3,2,2,27,-5.0,22.0,Broken,Avoid/exit,41,0.0,0.0,-2.8,45.1,2,,Basic Materials,4854545.0,10407.01
ATONF,Anton Oilfield Services Group,0.108,7,3,10,4,3,2,3,32,-13.0,22.0,Broken,Avoid/exit,33,0.0,0.0,-0.0,75.1,0,,Energy,349699296.0,0.0
ADXDF,Adex Mining Inc,0.11,15,4,6,5,4,3,5,42,-20,22,Broken,Avoid/exit,60,233.3,-7.9,38.4,58.6,0,10,Basic Materials,74493256.0,14128.78
IDGAF,5th Planet Games A/S,0.145,4,1,0,9,6,0,2,22,0.0,22.0,Broken,Avoid/exit,41,0.0,-31.1,-18.6,5.9,0,,Communication Services,39084192.0,663.03
IBATF,International Battery Metals Ltd,0.106,13,12,4,10,3,2,5,49,-27.0,22.0,Broken,Avoid/exit,43,5.0,21.8,7.0,56.1,3,,Basic Materials,33274250.0,132710.9
VLCJF,Velocity Minerals Ltd,0.144,6,4,2,7,6,7,2,34,-15.0,22.0,Broken,Avoid/exit,31,0.0,0.7,-1.6,41.1,1,,Basic Materials,31674966.0,131.0
AUCUF,Inflection Resources Ltd,0.147,1,9,3,7,3,2,2,27,-3.0,22.0,Broken,Avoid/exit,26,5.0,-5.8,-2.8,43.8,2,,Basic Materials,18711420.0,96408.99
OECPF,Oracle Energy Corp,0.1,8,3,10,6,1,3,3,34,-15.0,22.0,Broken,Avoid/exit,26,0.0,0.0,-1.1,4.3,1,,Energy,4703868.0,47.86
ABNAF,Aben Resources Ltd,0.127,8,8,7,5,3,2,2,35,-13.0,22.0,Broken,Avoid/exit,48,8.7,-2.2,0.7,49.3,2,,Basic Materials,3604087.0,10035.86
INACR,Indigo Acquisition Corp. Right,0.14,4,14,3,5,4,2,3,35,-13.0,22.0,Broken,Avoid/exit,43,15.6,3.6,0.7,49.8,0,,nan,nan,0.0
INVRF,Inverite Insights Inc,0.198,5,3,10,6,3,4,3,34,-15.0,22.0,Broken,Avoid/exit,30,0.0,0.0,-0.0,31.6,1,,Financial Services,11322273.0,204.82
VYST,Vystar Corp,0.166,7,9,8,10,7,2,2,45,-23.0,22.0,Broken,Avoid/exit,63,-2.3,10.8,2.9,50.3,4,,Basic Materials,4090548.0,25898.09
IDTA,Identa Corp,0.16,4,8,6,6,3,3,2,32,-10.0,22.0,Broken,Avoid/exit,21,0.0,6.0,-1.5,38.3,0,,Healthcare,647294.0,2546.01
KGLLF,KGL Resources Limited,0.24,8,1,3,5,6,7,2,32,-10.0,22.0,Broken,Avoid/exit,56,0.0,-4.0,-1.3,38.6,0,,Basic Materials,185133472.0,1876.86
EDCFF,Enel Generación Costanera S.A,0.2,5,3,10,6,0,2,3,29,-10.0,22.0,Broken,Avoid/exit,27,0.0,0.0,-0.0,9.9,0,,Utilities,140397680.0,12.8
NHAWF,North Arrow Minerals Inc,0.215,1,2,4,9,3,4,4,27,-5.0,22.0,Broken,Avoid/exit,19,0.0,-12.0,-4.0,32.8,1,,Basic Materials,9888677.0,2140.39
PAXH,PreAxia Health Care Payment Systems Inc,0.22,8,3,9,5,3,3,3,34,-15.0,22.0,Broken,Avoid/exit,34,0.0,0.0,-0.0,13.0,1,,Healthcare,9837252.0,897.75
IDXMF,IDEX Metals Corp.,0.241,4,14,0,3,4,2,3,30,-6.0,22.0,Broken,Avoid/exit,26,5.1,2.6,-1.5,45.7,1,,nan,nan,28907.85
SSHPF,Vow ASA,0.264,12,6,12,4,6,2,3,45,-28.0,22.0,Broken,🔥 COILED: Avoid/exit,35,0.0,0.0,0.5,82.0,1,,Industrials,76755936.0,1776.0
TRGXF,Terra Rossa Gold Ltd.,0.264,7,9,3,0,6,6,2,33,-11.0,22.0,Broken,Avoid/exit,0,3.2,-8.0,-6.0,41.0,2,,Basic Materials,19284540.0,0.0
RBWRF,Rainbow Rare Earths Limited,0.3,6,9,2,4,3,4,2,30,-9.0,22.0,Broken,Avoid/exit,33,2.6,-11.9,-6.6,46.3,2,,Basic Materials,209907680.0,20257.99
SYHBF,Skyharbour Resources Ltd,0.31,1,12,2,5,3,2,2,27,-6.0,22.0,Broken,Avoid/exit,38,8.8,-6.1,-0.7,47.3,1,,Basic Materials,65134624.0,151109.86
BKTH,"Breakthrough Chemistry, Inc.",0.301,12,5,4,9,7,0,5,42,-18.0,22.0,Broken,Avoid/exit,61,-14.0,12.2,7.7,56.7,3,,Industrials,2929493.0,4309.82
ELTP,Elite Pharma Inc,0.36,3,6,2,6,4,3,5,29,-10.0,22.0,Broken,Avoid/exit,29,2.9,-10.0,-1.1,48.8,0,,Healthcare,387718752.0,716011.23
AQUEF,Aquarius Engines (A.M) Ltd,0.38,18,4,5,12,3,5,5,52,-30,22,Broken,Avoid/exit,61,40.7,40.7,27.3,100.0,3,,Industrials,14487153.0,118.48
OODH,Orion Diversified Holding Co. Inc,0.358,5,8,3,10,5,2,2,35,-13.0,22.0,Broken,Avoid/exit,43,-8.2,16.2,3.8,50.4,3,,Energy,4253040.0,3652.46
SNBH,Sentient Brands Holdings Inc,0.36,15,2,7,14,5,4,5,52,-30,22,Broken,Avoid/exit,64,0.0,148.3,45.3,83.8,3,,Consumer Defensive,1597597.0,2703.5
CUPPF,CUPPF,0.373,4,14,5,2,7,0,2,34,-10.0,22.0,Broken,Avoid/exit,21,-4.1,0.0,-4.8,44.1,0,,nan,nan,35635.6
NGCRF,Nagacorp Ltd,0.49,1,3,2,7,3,3,3,22,0.0,22.0,Broken,Avoid/exit,25,0.0,-5.8,-1.8,38.5,0,,Consumer Cyclical,2167265280.0,6943.77
OILRF,Oil Refineries Ltd,0.47,3,4,1,11,1,2,2,24,2.0,22.0,Broken,Avoid/exit,46,-0.6,16.9,-5.5,47.8,2,,Energy,1466911104.0,0.0
SPHRF,Starpharma Holdings Limited,0.49,12,4,2,4,6,4,5,37,-15.0,22.0,Broken,Avoid/exit,44,-9.3,-9.3,-1.7,51.1,1,,Healthcare,210584848.0,2124.38
JUSHF,Jushi Holdings Inc,0.48,2,7,8,6,4,4,3,34,-13.0,22.0,Broken,Avoid/exit,35,-3.0,-3.8,-2.1,47.5,1,,Healthcare,95854360.0,336907.97
SNZZF,Senzime AB (publ),0.478,8,6,5,6,3,3,3,34,-15.0,22.0,Broken,Avoid/exit,30,0.0,0.0,-0.1,48.3,1,,Healthcare,94240848.0,4738.77
GSUN,Golden Sun Education Group Ltd,0.483,11,6,7,8,2,6,5,45,-23.0,22.0,Broken,Avoid/exit,29,5.1,12.4,6.2,52.8,4,,Consumer Defensive,4846953.0,758978.82
BRWC,Birdie Win Corporation,0.45,5,9,3,13,4,1,5,40,-18,22,Broken,Avoid/exit,38,64.8,80.0,16.0,50.6,2,10,Consumer Defensive,3024000.0,15805.25
VNPKF,Verde Agritech Ltd.,0.52,5,7,1,8,0,4,2,27,-5.0,22.0,Broken,Avoid/exit,21,4.0,-5.8,-9.1,44.8,1,,Basic Materials,29350736.0,33704.78
AFGVF,Agfa-Gevaert NV,0.571,8,3,10,6,3,1,3,34,-15.0,22.0,Broken,Avoid/exit,28,0.0,0.0,-0.0,0.1,1,,Industrials,88402520.0,65.0
CUAUF,C3 Metals Inc,0.555,5,8,5,5,3,2,2,30,-8.0,22.0,Broken,Avoid/exit,17,8.8,-3.5,-3.1,41.6,1,,Basic Materials,69522224.0,6897.49
FANCF,First Atlantic Nickel Corp.,0.63,9,10,1,6,6,0,5,37,-13.0,22.0,Broken,Avoid/exit,55,-13.6,-21.7,-4.1,49.5,1,,Basic Materials,96001608.0,419140.05
JBDI,JBDI Holdings Limited Ordinary Shares,0.637,9,13,2,11,6,1,5,47,-23.0,22.0,Broken,Avoid/exit,28,-10.4,35.5,8.3,54.9,3,,Consumer Cyclical,12121514.0,620798.18
FACTW,FACT II Acquisition Corp. Warrant,0.619,15,5,3,5,5,3,2,38,-16.0,22.0,Broken,Avoid/exit,51,-0.1,51.0,4.6,51.2,2,,nan,nan,21414.12
SNOXF,SulNOx Group PLC,0.687,8,3,10,6,3,1,3,34,-15.0,22.0,Broken,Avoid/exit,23,0.0,0.0,-0.0,1.6,1,,Utilities,90849880.0,772.58
HSTC,HST Global Inc,0.7,10,5,5,2,6,3,2,33,-10.0,22.0,Broken,Avoid/exit,41,0.0,0.0,-0.4,49.9,0,,Healthcare,99002424.0,158.06
RIME,"Algorhythm Holdings, Inc.",0.733,4,10,9,3,2,2,5,35,-13.0,22.0,Broken,Avoid/exit,26,7.7,0.4,0.7,48.3,1,,Technology,11302599.0,2605810.13
YCBD,cbdMD Inc,0.72,2,12,6,3,3,2,2,30,-6.0,22.0,Broken,Avoid/exit,36,3.2,-4.0,-0.9,46.6,1,,Healthcare,7558502.0,5191853.12
YUMSF,Demaecan Co Ltd,0.76,4,3,4,9,0,1,3,24,-5.0,22.0,Broken,Avoid/exit,12,0.0,0.0,-0.3,0.0,1,,Consumer Cyclical,152581024.0,8.5
RAFLF,Raffles Medical Group Ltd,0.8,8,3,11,8,0,2,3,35,-13.0,22.0,Broken,Avoid/exit,0,0.0,0.0,0.0,87.9,0,,Healthcare,1472152704.0,0.0
RMLFF,Rusoro Mining Ltd,0.805,1,7,8,8,5,2,2,33,-11.0,22.0,Broken,Avoid/exit,40,-2.5,-2.5,-2.0,43.4,1,,Basic Materials,489730848.0,298697.92
NTNOF,Northern Ocean Ltd,0.82,15,4,6,14,6,2,5,52,-30,22,Broken,Avoid/exit,53,36.7,36.7,24.8,100.0,3,,Energy,356034432.0,548.85
DUO,Fangdd Network Group Ltd,0.86,3,6,1,11,4,2,2,29,-5.0,22.0,Broken,Avoid/exit,14,-8.5,-20.4,-14.1,32.1,1,,Real Estate,33151634.0,486197.0
QNCX,"Quince Therapeutics, Inc.",0.945,3,10,3,3,8,4,2,33,-11.0,22.0,Broken,Avoid/exit,36,-0.2,-14.1,-5.8,43.3,2,,Healthcare,18485454.0,3556525.7
CHKMF,Cohiba Minerals Limited,0.07,12,12,5,5,8,4,2,48,-26.8,21.2,Broken,Avoid/exit,60,28.4,18.6,40.9,58.8,3,,Basic Materials,226158736.0,16021.42
NWFAF,New Focus Auto Tech Holdings Limited,0.002,1,4,0,8,3,3,2,21,0.0,21.0,Broken,Avoid/exit,17,0.0,0.0,-30.8,36.3,0,,Consumer Cyclical,41320676.0,1383.36
AJLGF,AJ Lucas Group Limited,0.009,12,3,11,6,4,2,3,41,-23.0,21.0,Broken,Avoid/exit,59,0.0,0.0,0.0,87.2,0,,Basic Materials,12106421.0,16483.15
LTUS,Lotus Pharmaceuticals Inc,0.004,15,11,4,6,4,3,5,48,-28,21,Broken,Avoid/exit,42,22.2,22.2,19.2,70.2,4,,Financial Services,10578063.0,16791.37
CLNV,Clean Vision Corp,0.007,1,5,4,7,7,0,2,26,-5.0,21.0,Broken,Avoid/exit,35,-9.8,-7.5,-9.6,40.9,2,,Utilities,8530485.0,8051900.56
BRGX,"BioRegenx, Inc.",0.008,4,5,6,5,3,6,2,31,-10.0,21.0,Broken,Avoid/exit,19,0.0,-10.8,-2.4,44.7,0,,Healthcare,8064074.0,36358.53
AGDY,Agri-Dynamics Inc,0.003,6,10,2,10,4,2,2,36,-15.0,21.0,Broken,Avoid/exit,27,20.0,57.9,-19.2,39.8,3,,Energy,6162236.0,236729.9
CROTD,CROTD,0.007,5,4,0,7,3,5,2,26,-5.0,21.0,Broken,Avoid/exit,32,0.0,-80.6,-53.7,26.5,1,,nan,5343047.0,30.17
ZHUD,Zhuding International Ltd,0.007,5,11,2,3,4,2,2,29,-8.0,21.0,Broken,Avoid/exit,42,-6.5,1.4,-2.0,47.7,1,,Financial Services,1169729.0,110647.41
PCIMF,Pacific Imperial Mines Inc,0.004,3,3,9,4,3,3,3,28,-10.0,21.0,Broken,Avoid/exit,13,0.0,0.0,-9.3,0.2,0,,Basic Materials,720012.0,10118.7
OWPC,One World Pharma Inc,0.005,2,10,3,4,3,0,2,24,-6.0,21.0,Broken,Avoid/exit,23,-23.3,-19.3,-11.9,43.8,0,,Healthcare,551299.0,891040.06
PPZRF,Western Atlas Resources Inc,0.002,8,3,10,5,3,1,3,33,-15.0,21.0,Broken,Avoid/exit,22,0.0,0.0,-0.1,12.6,1,,Basic Materials,336874.0,2047.48
CCRRF,Green River Gold Corp,0.002,8,3,9,6,3,1,3,33,-15.0,21.0,Broken,Avoid/exit,25,0.0,0.0,-0.0,0.1,1,,Consumer Cyclical,273779.0,501.53
GYGC,Guyana Gold Corp,0.002,5,5,0,10,3,0,3,26,-5.0,21.0,Broken,Avoid/exit,23,-44.4,0.0,-8.9,46.3,1,,Financial Services,273222.0,17560.04
XPRCF,Xplore Resources Corp.,0.005,3,3,8,6,3,7,3,33,-15.0,21.0,Broken,Avoid/exit,15,0.0,0.0,-23.3,0.2,1,,Basic Materials,263007.0,94.67
TIGE,Tigrent Inc,0.01,17,4,5,12,6,2,5,51,-30,21,Broken,Avoid/exit,60,0.0,4900.0,94.7,100.0,3,,Consumer Defensive,130885.0,228.5
SEPSF,Asep Medical Holdings Inc,0.011,8,3,10,5,3,1,3,33,-15.0,21.0,Broken,Avoid/exit,24,0.0,0.0,-0.0,0.0,1,,Healthcare,121248.0,336.22
VPRIF,Vitality Products Inc,0.002,3,6,8,5,0,3,3,28,-10.0,21.0,Broken,Avoid/exit,12,0.0,0.0,-48.3,2.7,0,,Consumer Defensive,62116.0,393.75
PPMT,Profit Planners Management Inc,0.01,9,6,11,6,4,2,3,41,-23.0,21.0,Broken,Avoid/exit,51,0.0,0.0,0.0,100.0,0,,Industrials,54302.0,13.98
HBKRF,Highbank Resources Ltd,0.001,5,4,9,6,3,1,3,31,-15.0,21.0,Broken,🔥 COILED: Avoid/exit,25,0.0,0.0,0.0,50.0,1,,Basic Materials,28101.0,0.01
ANTH,Anthera Pharmaceuticals Inc,0.001,17,4,6,11,6,2,5,51,-30,21,Broken,Avoid/exit,63,0.0,0.0,41.8,96.3,1,,Healthcare,26179.0,4604.49
FUGI,Fuego Enterprises Inc,0.001,8,4,6,3,3,1,3,28,-10.0,21.0,Broken,Avoid/exit,25,0.0,0.0,-0.0,0.0,0,,Industrials,24326.0,1827.24
RDRSF,RDARS Inc,0.001,5,4,9,6,3,1,3,31,-15.0,21.0,Broken,🔥 COILED: Avoid/exit,25,0.0,0.0,0.0,50.0,1,,Technology,17721.0,0.18
RNGG,Reno Gold Corporation,0.004,3,3,1,12,3,0,4,26,-5.0,21.0,Broken,Avoid/exit,17,-26.7,2.3,-11.4,39.0,1,,Basic Materials,2426.0,2286.73
HEGLF,Peak Minerals Limited,0.018,7,7,4,11,3,2,2,36,-15.0,21.0,Broken,Avoid/exit,39,59.1,-12.5,10.6,53.3,0,3,Basic Materials,64118548.0,7410.46
WDGNF,Widgie Nickel Limited,0.014,5,5,3,6,6,1,2,28,-10.0,21.0,Broken,Avoid/exit,40,0.0,0.0,-5.0,44.8,0,,Basic Materials,17720868.0,302.22
BCII,Blockchain Industries Inc,0.015,17,8,2,5,3,3,5,43,-20.0,21.0,Broken,Avoid/exit,65,36.4,36.4,12.3,57.6,2,,Financial Services,1070347.0,108728.0
PBLA,Panbela Therapeutics Inc,0.011,11,4,9,6,6,5,5,46,-25.0,21.0,Broken,Avoid/exit,35,0.0,0.0,22.0,75.7,1,,Healthcare,53888.0,2449.8
EESH,Eestech Inc,0.03,4,7,5,6,3,2,2,29,-8.0,21.0,Broken,Avoid/exit,30,0.0,0.0,-3.4,47.5,1,,Industrials,9610185.0,4325.45
DTMXF,Datametrex AI Limited,0.03,3,7,8,5,3,3,2,31,-13.0,21.0,Broken,Avoid/exit,11,0.0,-3.3,-4.7,28.1,1,,Technology,4501287.0,2661.96
TUGAF,TUGA Innovations Inc,0.027,15,4,7,12,6,2,5,51,-30,21,Broken,Avoid/exit,62,0.0,432.0,80.3,100.0,3,,Consumer Cyclical,2636298.0,128.53
GCFFF,Goldcliff Resource Corporation,0.022,1,4,4,7,3,0,2,21,0.0,21.0,Broken,Avoid/exit,8,-19.2,-11.7,-15.9,27.6,0,,Basic Materials,1770569.0,30050.85
MNGGF,Mongolia Growth Group Ltd.,0.03,3,4,0,11,3,3,2,26,-5.0,21.0,Broken,Avoid/exit,12,0.0,0.0,-84.9,15.0,1,,Real Estate,765457.0,0.0
SMAYF,SIMEC Atlantis Energy Limited,0.039,17,4,7,11,4,3,5,51,-30,21,Broken,Avoid/exit,38,14.5,14.5,9.1,85.6,3,,Utilities,49820716.0,19613.17
TRUIF,TRU Precious Metals Corp,0.036,4,7,8,0,8,0,2,29,-8.0,21.0,Broken,Avoid/exit,36,-6.3,-6.3,-4.9,46.1,0,,Basic Materials,6697502.0,37106.87
EGLXF,Enthusiast Gaming Holdings Inc.,0.039,10,4,0,13,3,4,2,36,-15.0,21.0,Broken,Avoid/exit,38,-25.0,-25.0,-14.1,44.9,1,,Communication Services,6207591.0,78923.91
LTHIF,InZinc Mining Ltd,0.038,11,5,4,0,6,3,2,31,-15.0,21.0,Broken,🔥 COILED: Avoid/exit,30,0.0,0.0,-3.5,45.0,1,,Basic Materials,5405360.0,15113.5
NSHRF,Northern Shield Resources Inc,0.034,13,6,10,4,5,3,5,46,-25,21,Broken,Avoid/exit,30,70.0,0.0,11.8,57.9,1,5,Basic Materials,5217037.0,0.0
AVPMF,Avrupa Minerals Ltd,0.033,5,6,5,5,3,5,2,31,-10.0,21.0,Broken,Avoid/exit,39,0.0,0.0,-6.9,21.0,0,,Basic Materials,3672905.0,4902.89
MMMRF,Mammoth Resources Corp,0.034,6,3,10,5,3,3,3,33,-15.0,21.0,Broken,Avoid/exit,39,0.0,0.0,-0.3,10.4,1,,Basic Materials,3569657.0,4485.41
AFFL,Affiliated Resources Corp,0.039,3,4,4,8,4,1,2,26,-5.0,21.0,Broken,Avoid/exit,30,0.0,0.0,-2.6,32.4,1,,Financial Services,2915065.0,11422.9
DNDDF,Dundee Sustainable Technologies Inc,0.04,3,3,8,5,3,3,3,28,-10.0,21.0,Broken,Avoid/exit,10,0.0,0.0,-8.7,0.0,0,,Industrials,2667831.0,367.68
KSEZ,Kinetic Seas Incorporated,0.039,1,4,3,8,6,0,2,24,-3.0,21.0,Broken,Avoid/exit,21,-30.4,-30.4,-22.2,39.1,1,,Technology,2369091.0,92878.55
CBBLF,CBLT Inc,0.032,3,3,9,6,3,1,3,28,-10.0,21.0,Broken,Avoid/exit,27,0.0,0.0,-2.2,2.5,0,,Basic Materials,2438795.0,1718.82
WESMF,West Mining Corp,0.035,3,11,7,5,3,0,2,31,-15.0,21.0,Broken,Avoid/exit,35,-9.1,-16.7,-14.4,40.5,1,,Basic Materials,1278867.0,0.0
BIDCF,BlockchainK2 Corp,0.032,1,5,5,8,3,2,2,26,-5.0,21.0,Broken,Avoid/exit,17,-5.9,-20.0,-20.6,36.2,1,,Technology,1248250.0,63473.31
MVMDF,Mountain Valley MD Holdings Inc,0.049,6,4,7,7,3,4,2,33,-12.0,21.0,Broken,Avoid/exit,53,3.6,-8.5,-4.8,45.8,2,,Healthcare,17406336.0,143727.82
CNTRF,Centr Brands Corp,0.043,17,6,7,13,3,0,5,51,-30,21,Broken,Avoid/exit,60,0.0,21.1,14.8,99.5,3,,Consumer Defensive,498470.0,683.55
SUME,Summer Energy Holdings Inc,0.056,9,7,3,9,3,3,5,39,-18.0,21.0,Broken,Avoid/exit,18,0.7,115.3,11.8,50.3,3,,Utilities,2101389.0,1540.5
BESAF,Besra Gold Inc.,0.07,15,4,7,12,6,2,5,51,-30,21,Broken,Avoid/exit,57,0.0,0.0,42.9,99.8,1,,Basic Materials,29267062.0,13.77
MRMD,Marimed Inc,0.07,2,9,4,6,3,2,3,29,-11.0,21.0,Broken,🔥 COILED: Avoid/exit,26,2.9,-11.4,-4.2,42.9,2,,Healthcare,27150094.0,988719.24
FINR,Fintech Scion Limited,0.07,5,4,9,6,3,1,3,31,-15.0,21.0,Broken,🔥 COILED: Avoid/exit,26,0.0,0.0,0.0,50.0,1,,Technology,13911985.0,7.53
AMIN,American International Industries Inc,0.062,12,3,1,9,6,0,5,36,-15.0,21.0,Broken,Avoid/exit,44,-38.1,-58.7,-0.2,53.5,1,,Industrials,747302.0,133.78
MCLE,Medicale Corp,0.071,6,4,7,3,3,5,3,31,-15.0,21.0,Broken,🔥 COILED: Avoid/exit,31,0.0,0.0,-2.0,47.2,1,,Consumer Defensive,420911.0,2906.43
ROVMF,Rover Metals Corp,0.099,13,12,4,5,8,7,5,54,-29,21,Broken,Avoid/exit,54,10.0,10.0,9.2,63.3,4,,Basic Materials,1476227.0,2923.46
GCPEF,GCL-Poly Energy Holdings Limited,0.11,5,10,4,8,5,2,5,39,-18.0,21.0,Broken,Avoid/exit,21,10.0,10.0,3.5,52.3,3,,Technology,3574997248.0,8089.76
CRKT,Cirmaker Technology Corporation,0.148,11,4,4,11,6,0,5,41,-20.0,21.0,Broken,Avoid/exit,66,-0.3,48.0,12.2,57.6,3,,Financial Services,83393784.0,4272.39
YTOEF,YTO Express (International) Holdings Limited,0.14,8,3,9,6,3,1,3,33,-15.0,21.0,Broken,Avoid/exit,28,0.0,0.0,-0.0,0.0,1,,Industrials,58858836.0,475.0
GNSMF,Genius Metals Inc,0.116,5,6,1,9,2,3,2,28,-5.0,21.0,Broken,Avoid/exit,39,9.4,-0.3,-4.2,48.1,1,,Basic Materials,15983215.0,13279.74
OAMCF,OverActive Media Corp,0.13,1,12,4,0,3,7,5,32,-11.0,21.0,Broken,Avoid/exit,42,5.3,5.3,0.4,49.2,1,,Communication Services,16903770.0,3790.29
NYMXF,Nymox Pharmaceutical Corporation,0.12,12,9,3,6,9,7,5,51,-28,21,Broken,Avoid/exit,71,25.4,85.8,20.6,57.3,4,,Healthcare,11344817.0,26853.18
CRTMF,CRTMF,0.1,3,6,9,4,0,3,3,28,-10.0,21.0,Broken,Avoid/exit,28,0.0,0.0,-3.5,14.5,0,,Basic Materials,10176353.0,1251.97
KIQSF,Kelso Technologies Inc.,0.1,11,6,3,9,1,3,5,38,-20.0,21.0,Broken,Avoid/exit,17,11.1,11.1,3.0,52.1,3,,Industrials,5753345.0,40444.58
TAWNF,Thai Airways International Public Company Limited,0.19,2,4,2,12,3,2,5,30,-9.0,21.0,Broken,Avoid/exit,38,-5.5,-5.9,-4.3,45.5,0,,Industrials,6258625024.0,364852.17
BUGLF,BluGlass Limited,0.183,17,4,5,12,6,2,5,51,-30,21,Broken,Avoid/exit,58,0.0,815.0,48.7,100.0,3,,Technology,34773536.0,139.17
CLIFF,Cordlife Group Limited,0.15,15,4,6,13,6,2,5,51,-30,21,Broken,Avoid/exit,55,0.0,47.0,23.6,100.0,3,,Healthcare,38569188.0,204.22
LTCH,Latch Inc,0.19,13,10,2,9,5,2,5,46,-23.0,21.0,Broken,Avoid/exit,50,0.0,18.8,4.3,51.6,3,,Technology,31208984.0,66026.19
STPDF,STPDF,0.15,8,4,3,2,4,3,2,26,-10.0,21.0,Broken,🔥 COILED: Avoid/exit,40,0.0,0.0,-2.1,40.7,0,,Energy,29428976.0,4335.27
AAUAF,Almaden Minerals Ltd.,0.18,6,10,2,3,6,2,2,31,-8.0,21.0,Broken,Avoid/exit,54,6.1,-18.0,-4.5,46.2,0,,Basic Materials,24725374.0,76892.17
CECAF,CanAsia Energy Corp.,0.179,10,8,1,10,5,2,2,38,-20,21,Broken,Avoid/exit,48,752.9,-14.7,11.3,52.0,2,8,Energy,20201388.0,21929.68
TRSO,Transuite.Org Inc.,0.174,13,6,6,14,1,0,5,45,-24.0,21.0,Broken,Avoid/exit,35,0.0,29.9,8.3,66.0,3,,Technology,12490299.0,15521.1
CFTN,Clifton Mining Co,0.18,14,5,4,5,3,3,5,39,-23.0,21.0,Broken,🔥 COILED: Avoid/exit,49,-5.3,12.5,2.5,51.3,3,,Basic Materials,9949661.0,30648.43
RBOHF,Humanoid Global Holdings Corp.,0.189,1,8,2,9,4,2,2,28,-5.0,21.0,Broken,Avoid/exit,11,-14.5,-16.8,-12.5,37.2,2,,Financial Services,8079426.0,94115.37
ISCO,International Stem Cell Corp,0.17,9,5,8,3,6,0,2,33,-15.0,21.0,Broken,Avoid/exit,49,0.0,-5.6,-1.4,46.2,1,,Healthcare,1360746.0,3711.72
PMNT,Perfect Moment Ltd.,0.2,1,7,3,9,4,0,2,26,-3.0,21.0,Broken,Avoid/exit,27,-19.4,-12.3,-6.6,44.6,1,,Consumer Cyclical,9315963.0,3675025.71
POLEW,Andretti Acquisition Corp. II Warrant,0.21,15,5,4,8,3,3,5,43,-22,21,Broken,Avoid/exit,36,89.1,89.1,29.0,60.9,2,8,nan,nan,22130.1
OPENZ,OPENDOOR TECHNOLOGIES INC SERIES Z,0.244,9,10,6,3,2,2,3,35,-14.0,21.0,Broken,Avoid/exit,37,-1.7,-18.2,-6.4,44.4,0,,nan,nan,0.0
SZDEF,Dongjiang Environmental Company Limited,0.294,8,4,9,5,3,1,3,33,-15.0,21.0,Broken,Avoid/exit,27,0.0,0.0,-0.0,0.0,1,,Industrials,324613632.0,35.0
BRYFF,Bri-Chem Corp,0.27,11,3,4,4,5,2,2,31,-10.0,21.0,Broken,Avoid/exit,50,-3.6,-6.9,-4.0,43.8,0,,Energy,7136905.0,2242.5
KSRBF,Kossan Rubber Industries Bhd,0.333,10,6,11,6,3,2,3,41,-23.0,21.0,Broken,Avoid/exit,52,0.0,0.0,0.0,93.9,0,,Healthcare,839589056.0,5.0
THH,TryHard Holdings Limited Ordinary Shares,0.3,8,9,4,2,2,0,4,29,-4.0,21.0,Broken,Avoid/exit,34,-8.5,-8.5,-6.2,44.1,0,,Industrials,15013875.0,1389764.47
SMTK,"SmartKem, Inc. Common Stock",0.313,10,11,1,4,3,0,5,34,-11.0,21.0,Broken,Avoid/exit,26,-24.0,-2.1,-7.0,48.9,1,,Technology,6719098.0,3606918.36
ASLM,American Silver Mining Co,0.315,8,10,2,3,2,2,2,29,-8.0,21.0,Broken,Avoid/exit,50,10.5,6.8,-0.3,47.2,1,,Basic Materials,nan,1675972.0
ALVOW,Alvotech Warrant,0.33,9,6,4,4,1,5,5,34,-13.0,21.0,Broken,Avoid/exit,46,-0.0,99.5,9.5,52.4,2,,nan,nan,5549.39
VFSWW,VinFast Auto Ltd. Warrant,0.34,7,5,9,0,5,1,2,29,-8.0,21.0,Broken,Avoid/exit,51,-2.8,-2.8,-4.7,44.0,1,,nan,nan,10972.31
SCAG,Scage Future American Depositary Shares,0.376,7,12,2,9,3,4,2,39,-16.0,21.0,Broken,Avoid/exit,25,6.5,31.4,-18.4,42.4,3,,Industrials,27293972.0,764728.08
KPEAD,Kun Peng International Ltd.,0.376,17,3,7,9,6,2,5,49,-28.0,21.0,Broken,Avoid/exit,58,0.0,0.0,33.0,94.2,1,,Consumer Cyclical,15020000.0,380.89
BFGFD,Copper One Resources Corp.,0.392,13,9,5,4,5,0,2,38,-15.0,21.0,Broken,Avoid/exit,55,1.0,-8.3,-1.7,50.9,2,,Basic Materials,10180172.0,116982.31
CEXYF,Copper One Resources Corp.,0.392,13,9,5,4,5,0,2,38,-15.0,21.0,Broken,Avoid/exit,55,1.0,-8.3,-1.7,50.9,2,,Basic Materials,9295456.0,116982.31
NTPR,NutraProducts Inc.,0.395,5,6,4,6,3,5,4,33,-15.0,21.0,Broken,Avoid/exit,33,0.0,1.2,-1.6,41.3,1,,Consumer Defensive,8063002.0,1153.5
BLOZF,Cannabix Technologies Inc,0.432,4,8,0,7,3,2,2,26,-3.0,21.0,Broken,Avoid/exit,29,2.9,-5.1,-4.1,41.1,2,,Healthcare,48420724.0,121090.79
APEUF,Atlas Engineered Products Ltd,0.42,0,5,2,9,5,3,2,26,-5.0,21.0,Broken,Avoid/exit,24,-3.7,-4.5,-5.4,39.1,1,,Industrials,29610312.0,18925.85
RYSKF,Reysas Tasimacilik ve Lojistik Ticaret A.S,0.496,8,4,2,9,3,0,5,31,-10.0,21.0,Broken,Avoid/exit,48,-8.1,-9.7,-4.3,46.5,0,,Industrials,993000000.0,17065.16
EMCHF,EML Payments Limited,0.491,8,3,8,6,0,5,3,33,-15.0,21.0,Broken,Avoid/exit,22,0.0,0.0,-0.0,1.9,1,,Technology,190823024.0,342.59
CCHH,CCH Holdings Ltd Ordinary Shares,0.491,17,12,4,4,6,5,5,53,-30,21,Broken,Avoid/exit,31,-5.6,28.1,8.1,53.5,3,,Consumer Cyclical,14833861.0,0.0
BACHF,Bank of China Ltd H,0.644,10,3,3,6,3,0,3,28,-10.0,21.0,Broken,Avoid/exit,45,-8.0,-3.1,-3.2,46.7,0,,Financial Services,206215921664.0,0.0
GTEC,Greenland Acquisition Corp,0.604,3,12,4,5,5,2,5,36,-13.0,21.0,Broken,Avoid/exit,21,-8.3,-8.6,-3.2,45.5,0,,Consumer Cyclical,16019438.0,266264.29
GCDT,Green Circle Decarbonize Technology Limited,0.691,6,12,2,3,4,4,3,34,-11.0,21.0,Broken,Avoid/exit,0,4.7,-2.7,-5.2,46.0,1,,Industrials,8637500.0,0.0
JYD,Jayud Global Logistics Limited Class A Ordinary Shares,0.676,3,5,3,9,0,4,2,26,-5.0,21.0,Broken,Avoid/exit,7,-7.6,-14.5,-43.6,30.9,1,,Industrials,5606737.0,232123.22
GEGYF,Genel Energy plc,0.72,13,8,2,2,1,2,5,33,-15.0,21.0,Broken,Avoid/exit,17,1.4,-3.0,0.3,50.1,1,,Energy,198410816.0,2206.5
SDA,SunCar Technology Group Inc.,0.77,0,4,1,13,2,2,5,27,-6.0,21.0,Broken,Avoid/exit,21,-1.3,-42.6,-15.7,40.5,0,,Consumer Cyclical,78496208.0,445205.13
KNGRF,Kingsmen Resources Ltd,0.78,7,13,4,3,3,4,2,36,-13.0,21.0,Broken,Avoid/exit,19,9.9,-2.5,-0.7,47.3,2,,Basic Materials,24511392.0,39617.1
TVAGF,TVA Group Inc,0.85,5,4,9,6,3,1,3,31,-15.0,21.0,Broken,🔥 COILED: Avoid/exit,29,0.0,0.0,0.0,50.0,1,,Communication Services,36724708.0,35.0
NWRLY,New World Department Store China Ltd ADR,0.922,12,6,6,6,6,2,3,41,-23.0,21.0,Broken,Avoid/exit,45,0.0,0.0,0.0,99.1,0,,Consumer Cyclical,62198520.0,48.38
ONCO,Onconetix Inc,0.944,9,6,5,3,0,2,5,30,-10.0,21.0,Broken,Avoid/exit,25,-13.4,-9.2,-3.5,49.7,0,,Healthcare,3387682.0,426832.76
UVRBF,Universal Robina Corporation,1.0,4,3,10,8,3,3,3,34,-13.0,21.0,Broken,Avoid/exit,0,0.0,0.0,-0.2,84.5,0,,Consumer Defensive,2135318144.0,0.0
CZASF,China ZhengTong Auto Services Holdings Limited,0.01,2,4,10,6,3,2,3,30,-15.0,20.0,Broken,🔥 COILED: Avoid/exit,30,0.0,0.0,0.0,50.0,1,,Consumer Cyclical,799280896.0,0.0
GRFXF,Graphex Group Limited,0.01,6,4,8,3,3,3,3,30,-15.0,20.0,Broken,🔥 COILED: Avoid/exit,34,0.0,0.0,-6.6,41.8,1,,Basic Materials,255365952.0,2283.35
CSCNF,CSCNF,0.01,2,4,10,6,3,2,3,30,-15.0,20.0,Broken,🔥 COILED: Avoid/exit,30,0.0,0.0,0.0,50.0,1,,Real Estate,44341356.0,0.0
SHUNF,Shunfeng International Clean Energy Limited,0.002,5,3,10,6,3,2,3,32,-15.0,20.0,Broken,Avoid/exit,33,0.0,0.0,-0.0,2.0,1,,Utilities,36258284.0,2780.0
ANTMF,Antilles Gold Limited,0.01,0,3,4,10,3,0,2,22,2.0,20.0,Broken,Avoid/exit,23,-18.9,-16.8,-10.4,38.7,0,,Basic Materials,32463022.0,164434.24
FBRKF,FBR Limited,0.003,8,3,8,4,4,2,5,34,-13.0,20.0,Broken,Avoid/exit,35,0.0,-20.0,-4.6,47.0,1,,Real Estate,19502560.0,316405.19
FIRTF,Mammoth Minerals Limited,0.01,3,3,8,6,3,1,3,27,-10.0,20.0,Broken,Avoid/exit,14,0.0,0.0,-7.0,0.0,0,,Basic Materials,5589129.0,0.0
SOLBF,Solvbl Solutions Inc,0.01,2,4,10,6,3,2,3,30,-15.0,20.0,Broken,🔥 COILED: Avoid/exit,31,0.0,0.0,0.0,50.0,1,,Technology,2752476.0,17.33
FUAPF,Global Cannabis Applications Corp,0.005,5,11,5,1,2,2,2,28,-8.0,20.0,Broken,Avoid/exit,41,-18.6,-14.3,-8.8,46.6,1,,Technology,2188747.0,49553.0
LOBEF,Lobe Sciences Ltd,0.006,0,7,1,10,0,4,2,24,-5.0,20.0,Broken,Avoid/exit,39,-20.0,-22.9,-60.0,46.5,1,,Healthcare,1818256.0,88266.27
TOWTF,Tower One Wireless Corp,0.005,2,4,10,6,3,2,3,30,-15.0,20.0,Broken,🔥 COILED: Avoid/exit,31,0.0,0.0,0.0,50.0,1,,Communication Services,1132590.0,1250.0
MYSL,My Screen Mobile Inc,0.008,2,4,10,6,3,2,3,30,-15.0,20.0,Broken,🔥 COILED: Avoid/exit,31,0.0,0.0,0.0,50.0,1,,Communication Services,1092295.0,1800.0
LNLHF,LeanLife Health Inc,0.005,2,4,10,6,3,2,3,30,-15.0,20.0,Broken,🔥 COILED: Avoid/exit,31,0.0,0.0,0.0,50.0,1,,Consumer Defensive,1035530.0,70.0
PWWRF,Cleantech Power Corp.,0.006,2,4,10,6,3,2,3,30,-15.0,20.0,Broken,🔥 COILED: Avoid/exit,31,0.0,0.0,0.0,50.0,1,,Industrials,1020790.0,0.8
PAEGF,Peace Arch Entertainment Group Inc,0.001,2,4,10,6,3,2,3,30,-15.0,20.0,Broken,🔥 COILED: Avoid/exit,31,0.0,0.0,0.0,50.0,1,,Communication Services,958068.0,21.0
TTTSF,TruTrace Technologies Inc,0.006,2,4,10,6,3,2,3,30,-15.0,20.0,Broken,🔥 COILED: Avoid/exit,31,0.0,0.0,0.0,50.0,1,,Technology,939066.0,61.25
FAGI,Full Alliance Group Inc,0.006,3,12,6,0,0,2,2,25,-8.0,20.0,Broken,Avoid/exit,16,0.0,0.0,-4.8,42.3,1,,Healthcare,814731.0,145689.0
CMFO,China Marine Food Gr,0.003,6,10,7,5,3,5,5,41,-20.0,20.0,Broken,Avoid/exit,34,4.0,4.0,1.8,48.9,0,,Financial Services,774307.0,1792.45
WLDPF,Wildpack Beverage Inc,0.007,11,3,2,0,6,4,4,30,-15.0,20.0,Broken,🔥 COILED: Avoid/exit,56,0.0,-7.5,-0.6,51.3,1,,Industrials,741359.0,10323.02
CGUD,Com-Guard.Com Inc,0.001,14,5,5,9,5,2,5,45,-25.0,20.0,Broken,Avoid/exit,56,22.2,22.2,12.4,68.4,3,,Technology,740362.0,279091.67
NFTFF,NFT Technologies Inc,0.007,2,4,10,6,3,2,3,30,-15.0,20.0,Broken,🔥 COILED: Avoid/exit,31,0.0,0.0,0.0,50.0,1,,Technology,695848.0,2680.1
SPXA,SpectrumDNA Inc,0.01,2,4,10,6,3,2,3,30,-15.0,20.0,Broken,🔥 COILED: Avoid/exit,31,0.0,0.0,0.0,50.0,1,,Technology,684983.0,875.0
HDRPF,Epsilon Healthcare Limited,0.001,2,4,10,6,3,2,3,30,-15.0,20.0,Broken,🔥 COILED: Avoid/exit,31,0.0,0.0,0.0,50.0,1,,Healthcare,544745.0,400.0
XESP,CannAssist International Corp,0.01,2,4,10,6,3,2,3,30,-15.0,20.0,Broken,🔥 COILED: Avoid/exit,30,0.0,0.0,0.0,50.0,1,,Communication Services,535280.0,9.5
PRKV,ParkVida Group Inc,0.006,3,3,9,6,3,5,3,32,-15.0,20.0,Broken,Avoid/exit,12,0.0,0.0,-3.3,2.0,1,,Industrials,488655.0,3541.36
PTRVF,Petro Viking Energy Inc,0.004,2,3,0,8,3,7,2,25,-5.0,20.0,Broken,Avoid/exit,34,-97.8,-75.3,-95.1,36.7,1,,Energy,424981.0,2970.38
MOOIF,Sensor Technologies Corp,0.001,0,3,0,8,3,4,2,20,0.0,20.0,Broken,Avoid/exit,25,-95.0,-95.0,-89.2,27.4,0,,Financial Services,342534.0,2399.58
MURCF,Lightspeed Discoveries Inc,0.01,5,3,10,6,3,2,3,32,-15.0,20.0,Broken,Avoid/exit,29,0.0,0.0,-0.0,0.0,1,,Basic Materials,304955.0,0.0
UBMRF,Urbanimmersive Inc,0.004,2,4,10,6,3,2,3,30,-15.0,20.0,Broken,🔥 COILED: Avoid/exit,31,0.0,0.0,0.0,50.0,1,,Technology,217010.0,2703.0
XMTTF,Xmet Inc,0.002,2,4,10,6,3,2,3,30,-15.0,20.0,Broken,🔥 COILED: Avoid/exit,31,0.0,0.0,0.0,50.0,1,,Basic Materials,183971.0,1213.1
WCIG,Wee-Cig International Corp,0.003,3,1,3,8,6,2,2,25,-5.0,20.0,Broken,Avoid/exit,41,0.0,-29.5,-14.6,12.9,1,,Technology,172293.0,9436.06
THCBF,THC Biomed Intl Ltd,0.001,2,4,10,6,3,2,3,30,-15.0,20.0,Broken,🔥 COILED: Avoid/exit,31,0.0,0.0,0.0,50.0,1,,Healthcare,163938.0,11.82
VSTTF,Vast Renewables Limited,0.005,11,5,5,8,3,7,5,44,-24,20,Broken,Avoid/exit,36,363.6,628.6,52.2,58.4,2,6,Technology,152865.0,13062.47
DTEMF,Ditem Explorations Inc,0.001,2,4,10,6,3,2,3,30,-15.0,20.0,Broken,🔥 COILED: Avoid/exit,31,0.0,0.0,0.0,50.0,1,,Basic Materials,133093.0,20.0
EPTI,Environmental Packaging Technologies Holdings Inc,0.002,2,4,10,6,3,2,3,30,-15.0,20.0,Broken,🔥 COILED: Avoid/exit,31,0.0,0.0,0.0,50.0,1,,Consumer Cyclical,134874.0,40.0
DKLRF,Decklar Resources Inc,0.001,2,4,10,6,3,2,3,30,-15.0,20.0,Broken,🔥 COILED: Avoid/exit,30,0.0,0.0,0.0,50.0,1,,Energy,125956.0,0.0
QCAAF,Quinsam Capital Corp,0.001,3,3,9,5,3,1,3,27,-10.0,20.0,Broken,Avoid/exit,13,0.0,0.0,-13.3,1.8,0,,Financial Services,131063.0,1860.33
VICFF,Vice Health and Wellness Inc.,0.003,2,4,10,6,3,2,3,30,-15.0,20.0,Broken,🔥 COILED: Avoid/exit,31,0.0,0.0,0.0,50.0,1,,Consumer Defensive,122796.0,1.61
AQQRF,Aquarius Surgical Technologies Inc,0.004,2,4,10,6,3,2,3,30,-15.0,20.0,Broken,🔥 COILED: Avoid/exit,31,0.0,0.0,0.0,50.0,1,,Healthcare,115916.0,120.0
ASNHF,Avidus Management Group Inc,0.001,2,4,10,6,3,2,3,30,-15.0,20.0,Broken,🔥 COILED: Avoid/exit,31,0.0,0.0,0.0,50.0,1,,Healthcare,115550.0,2275.0
LVVEF,Yooma Wellness Inc,0.001,2,4,10,6,3,2,3,30,-15.0,20.0,Broken,🔥 COILED: Avoid/exit,31,0.0,0.0,0.0,50.0,1,,Healthcare,110945.0,3.89
VCLD,Verecloud Inc,0.001,2,4,10,6,3,2,3,30,-15.0,20.0,Broken,🔥 COILED: Avoid/exit,31,0.0,0.0,0.0,50.0,1,,Technology,101321.0,250.0
VRSEF,Verisante Technology Inc,0.002,9,7,6,0,3,3,2,30,-10.0,20.0,Broken,Avoid/exit,22,0.0,0.0,-1.2,37.4,0,,Healthcare,92269.0,1480.86
PSTRQ,PostRock Energy Corp,0.01,2,4,10,6,3,2,3,30,-15.0,20.0,Broken,🔥 COILED: Avoid/exit,31,0.0,0.0,0.0,50.0,1,,nan,65809.0,17.5
WIBFF,West Island Brands Inc,0.004,2,4,10,6,3,2,3,30,-15.0,20.0,Broken,🔥 COILED: Avoid/exit,31,0.0,0.0,0.0,50.0,1,,Healthcare,60061.0,4.5
RRRUF,R&R Real Estate Investment Trust,0.001,8,3,9,5,3,1,3,32,-15.0,20.0,Broken,Avoid/exit,26,0.0,0.0,-0.0,0.3,1,,Real Estate,50169.0,333.8
LRSNF,Global Health Clinics Ltd,0.001,2,4,10,6,3,2,3,30,-15.0,20.0,Broken,🔥 COILED: Avoid/exit,31,0.0,0.0,0.0,50.0,1,,Healthcare,10331.0,9.0
RPFG,Rainier Pacific Financial Group Inc,0.002,2,4,10,6,3,2,3,30,-15.0,20.0,Broken,🔥 COILED: Avoid/exit,31,0.0,0.0,0.0,50.0,1,,Financial Services,10071.0,3.0
VTON,Vast Solutions Inc,0.001,2,4,10,6,3,2,3,30,-15.0,20.0,Broken,🔥 COILED: Avoid/exit,31,0.0,0.0,0.0,50.0,1,,Industrials,20.0,0.95
LEHNQ,Lehman Brothers Holdings Capital Trust VI,0.001,3,4,4,5,3,5,3,27,-10.0,20.0,Broken,Avoid/exit,28,0.0,0.0,-1.0,40.4,0,,Financial Services,nan,427.33
WGSK,WGSK,0.01,2,4,10,6,3,2,3,30,-15.0,20.0,Broken,🔥 COILED: Avoid/exit,30,0.0,0.0,0.0,50.0,1,,Financial Services,nan,0.0
KFFLF,KEFI Gold and Copper Plc,0.014,1,3,4,8,0,2,2,20,0.0,20.0,Broken,Avoid/exit,20,0.0,-28.4,-12.5,34.8,0,,Basic Materials,191431056.0,80423.58
CNLLF,Central China Real Estate Limited,0.011,2,4,10,6,3,2,3,30,-15.0,20.0,Broken,🔥 COILED: Avoid/exit,31,0.0,0.0,0.0,50.0,1,,Real Estate,34646036.0,175.0
TGLTY,TGLT S.A,0.02,2,4,10,6,3,2,3,30,-15.0,20.0,Broken,🔥 COILED: Avoid/exit,30,0.0,0.0,0.0,50.0,1,,Real Estate,9603795.0,0.0
KAMRF,Kalamazoo Resources Limited,0.02,13,5,8,10,3,3,5,47,-27,20,Broken,Avoid/exit,37,100.0,100.0,40.9,70.8,2,3,Basic Materials,6282494.0,2230.5
MSBM,MSB Global Capital Corp,0.011,6,3,4,3,3,5,3,27,-10.0,20.0,Broken,Avoid/exit,14,0.0,0.0,-20.5,1.5,0,,Financial Services,1066902.0,451.83
MDRA,Medra Corporation,0.02,2,4,10,6,3,2,3,30,-15.0,20.0,Broken,🔥 COILED: Avoid/exit,31,0.0,0.0,0.0,50.0,1,,Technology,686926.0,0.03
TRYXF,Bessor Minerals Inc,0.017,3,3,9,6,3,5,3,32,-15.0,20.0,Broken,Avoid/exit,13,0.0,0.0,-1.2,0.1,1,,Basic Materials,528727.0,188.25
MDNWF,Mednow Inc,0.02,2,4,10,6,3,2,3,30,-15.0,20.0,Broken,🔥 COILED: Avoid/exit,31,0.0,0.0,0.0,50.0,1,,Healthcare,517287.0,337.5
CWPE,CW Petroleum Corp,0.017,0,3,3,9,3,0,2,20,0.0,20.0,Broken,Avoid/exit,23,-15.0,-15.0,-12.1,37.3,0,,Energy,381580.0,22479.97
EMYSF,Easy Technologies Inc,0.015,2,4,10,6,3,2,3,30,-15.0,20.0,Broken,🔥 COILED: Avoid/exit,31,0.0,0.0,0.0,50.0,1,,Healthcare,142219.0,158.63
PRLEQ,PRLEQ,0.02,2,4,10,6,3,2,3,30,-15.0,20.0,Broken,🔥 COILED: Avoid/exit,31,0.0,0.0,0.0,50.0,1,,nan,13141.0,149.0
TTLXF,Tantalex Resources Corporation,0.025,7,4,10,5,0,1,3,30,-15.0,20.0,Broken,🔥 COILED: Avoid/exit,47,0.0,0.0,-0.1,40.0,1,,Basic Materials,22675286.0,3714.78
CVAT,Cavitation Techs Inc,0.03,8,13,5,3,6,2,3,40,-20.0,20.0,Broken,Avoid/exit,39,50.0,50.0,13.5,53.4,2,10,Industrials,9291622.0,570703.44
ORLCF,Oracle Commodity Holding Corp.,0.025,5,9,6,15,4,2,2,43,-23.0,20.0,Broken,Avoid/exit,28,-5.7,12.3,-0.8,48.3,4,,Financial Services,2827941.0,46182.98
AITVF,Asian Television Network International Limited,0.027,2,4,10,6,3,2,3,30,-15.0,20.0,Broken,🔥 COILED: Avoid/exit,31,0.0,0.0,0.0,50.0,1,,Communication Services,658878.0,5183.92
MEDE,MEDecision Inc,0.03,2,4,10,6,3,2,3,30,-15.0,20.0,Broken,🔥 COILED: Avoid/exit,31,0.0,0.0,0.0,50.0,1,,Communication Services,200661.0,40.0
TMRR,Temir Corp,0.03,2,4,10,6,3,2,3,30,-15.0,20.0,Broken,🔥 COILED: Avoid/exit,31,0.0,0.0,0.0,50.0,1,,Industrials,200765.0,225.0
VGASW,Verde Clean Fuels Inc.,0.03,5,12,5,6,8,0,2,38,-18.0,20.0,Broken,Avoid/exit,38,10.2,-7.6,-2.2,49.0,1,,Utilities,nan,87407.99
TUGHF,Tungtex (Holdings) Company Limited,0.033,9,6,10,6,4,2,3,40,-23.0,20.0,Broken,Avoid/exit,51,0.0,0.0,0.0,100.0,0,,Consumer Cyclical,14736376.0,11.5
RVLWF,Revitalist Lifestyle and Wellness Ltd,0.039,2,4,10,6,3,2,3,30,-15.0,20.0,Broken,🔥 COILED: Avoid/exit,31,0.0,0.0,0.0,50.0,1,,Healthcare,5364280.0,1112.4
SRKZF,Sky Gold Corp,0.034,3,10,8,2,3,4,2,32,-15.0,20.0,Broken,Avoid/exit,33,8.9,-5.2,-1.8,46.4,1,,Basic Materials,3345638.0,0.0
IBKKF,iMining Blockchain and Cryptocurrency Inc,0.04,2,4,10,6,3,2,3,30,-15.0,20.0,Broken,🔥 COILED: Avoid/exit,31,0.0,0.0,0.0,50.0,1,,Financial Services,1884405.0,33.32
EPAZ,Epazz Inc,0.032,11,8,9,4,3,5,5,45,-30,20,Broken,🔥 COILED: Avoid/exit,38,0.0,10.5,0.5,50.6,3,,Technology,520463.0,18399.16
RTMFD,RT Minerals Corp,0.035,5,3,10,6,3,2,3,32,-15.0,20.0,Broken,Avoid/exit,30,0.0,0.0,-0.0,4.1,1,,Basic Materials,480356.0,365.0
WHWRF,World Houseware (Holdings) Limited,0.05,5,4,9,6,1,2,3,30,-15.0,20.0,Broken,🔥 COILED: Avoid/exit,34,0.0,0.0,0.0,50.0,1,,Industrials,39605872.0,55.44
NEXD,Next Dynamics Inc,0.05,7,9,1,6,0,6,2,31,-11.0,20.0,Broken,Avoid/exit,33,13.6,-25.4,-1.7,47.9,1,,Industrials,9395000.0,1535.5
HAYAF,HAYAF,0.048,5,9,1,6,5,2,2,30,-10.0,20.0,Broken,Avoid/exit,34,4.6,-23.4,-7.5,43.0,0,,Basic Materials,3585485.0,44650.64
COMCF,Canada One Mining Corp.,0.049,6,4,7,3,5,5,2,32,-15.0,20.0,Broken,Avoid/exit,37,0.0,0.0,-4.7,21.3,1,,Basic Materials,2219589.0,4890.99
CBBHF,Cobalt Blue Holdings Ltd,0.06,6,14,4,13,4,2,2,45,-26.0,20.0,Broken,Avoid/exit,43,20.0,15.2,4.3,51.6,4,,Basic Materials,32663044.0,748884.45
CRVAF,CRVAF,0.054,2,4,10,6,3,2,3,30,-15.0,20.0,Broken,🔥 COILED: Avoid/exit,30,0.0,0.0,0.0,50.0,1,,Healthcare,25797654.0,0.0
PLVFF,Plant Veda Foods Ltd,0.06,2,4,10,6,3,2,3,30,-15.0,20.0,Broken,🔥 COILED: Avoid/exit,31,0.0,0.0,0.0,50.0,1,,Consumer Defensive,2103643.0,81.56
GNCLF,Gencell Ltd,0.06,5,3,10,6,3,2,3,32,-15.0,20.0,Broken,Avoid/exit,30,0.0,0.0,-0.0,24.8,1,,Industrials,1338568.0,0.0
MDRNF,Modern Plant Based Foods Inc,0.052,2,4,0,10,3,4,2,25,-5.0,20.0,Broken,Avoid/exit,23,-33.3,-29.7,-15.5,43.7,1,,Consumer Defensive,1176290.0,426.0
RADLD,Radial Research Corp.,0.059,6,2,8,5,3,4,2,30,-10.0,20.0,Broken,Avoid/exit,35,-15.3,-15.3,-16.3,18.1,0,,Technology,283531.0,391.35
PHYOF,IXICO plc,0.07,2,4,10,6,3,2,3,30,-15.0,20.0,Broken,🔥 COILED: Avoid/exit,30,0.0,0.0,0.0,50.0,1,,Healthcare,167896640.0,0.0
CCPUF,Canada Computational Unlimited Corp,0.07,1,4,0,8,3,4,2,22,-5.0,20.0,Broken,Avoid/exit,23,0.0,-14.3,-14.2,42.7,1,,Financial Services,6321565.0,777.8
VQSSF,VIQ Solutions Inc.,0.068,8,7,6,6,6,5,5,43,-28,20,Broken,🔥 COILED: Avoid/exit,37,3.6,23.2,2.7,52.1,4,,Technology,4819611.0,4684.56
FASLF,First Andes Silver Ltd.,0.065,3,3,3,9,3,2,2,25,-5.0,20.0,Broken,Avoid/exit,19,1.1,-18.5,-7.3,37.6,1,,Basic Materials,4417239.0,77592.53
BEIJF,Beijing North Star Company Limited,0.08,2,4,10,6,3,2,3,30,-15.0,20.0,Broken,🔥 COILED: Avoid/exit,30,0.0,0.0,0.0,50.0,1,,Real Estate,416163680.0,0.0
SPLTF,SpotLite360 Technologies Inc,0.078,2,4,10,6,3,2,3,30,-15.0,20.0,Broken,🔥 COILED: Avoid/exit,31,0.0,0.0,0.0,50.0,1,,Healthcare,14652034.0,420.0
THURF,Thunderstruck Resources Ltd,0.078,3,3,2,11,3,1,2,25,-5.0,20.0,Broken,Avoid/exit,49,0.0,0.0,-7.6,36.3,1,,Basic Materials,5550661.0,2478.31
LIPO,Lipella Pharmaceuticals Inc. Common Stock,0.08,7,12,3,5,6,0,2,35,-15.0,20.0,Broken,Avoid/exit,35,0.0,0.0,-6.3,49.0,1,,Healthcare,369666.0,17498.2
SHTGF,Shun Tak Holdings Limited,0.085,5,3,10,6,3,2,3,32,-15.0,20.0,Broken,Avoid/exit,38,0.0,0.0,-0.0,25.1,1,,Real Estate,422472640.0,15.0
GBXXY,Grand Baoxin Auto Group Limited,0.092,2,4,10,6,3,2,3,30,-15.0,20.0,Broken,🔥 COILED: Avoid/exit,31,0.0,0.0,0.0,50.0,1,,Consumer Cyclical,26218604.0,7.7
PXSTF,Phoenix Media Investment (Holdings) Limited,0.1,5,4,9,6,1,2,3,30,-15.0,20.0,Broken,🔥 COILED: Avoid/exit,33,0.0,0.0,0.0,50.0,1,,Communication Services,49936596.0,80.0
OMQS,Omniq Corp,0.129,14,9,5,3,9,3,5,48,-28.0,20.0,Broken,Avoid/exit,68,26.2,14.9,14.3,57.5,3,,Technology,1950182.0,14368.03
XLEFF,XXL Energy Corp,0.118,9,3,10,6,3,1,3,35,-18.0,20.0,Broken,Avoid/exit,37,0.0,0.0,0.0,72.3,1,,Energy,856572.0,9.2
GMBL,Esports Entertainment Group Inc,0.138,3,10,3,10,5,0,2,33,-13.0,20.0,Broken,Avoid/exit,27,-8.0,15.0,3.8,50.3,3,,Consumer Cyclical,158145.0,2674.22
HOGPF,HOGPF,0.122,12,10,5,4,3,6,2,42,-20.0,20.0,Broken,Avoid/exit,28,33.3,1.7,1.9,50.0,0,,nan,nan,96220.88
CRACR,Crown Reserve Acquisition Corp. I Rights,0.13,0,3,4,8,3,0,2,20,0.0,20.0,Broken,Avoid/exit,0,-13.3,1.6,-8.7,41.7,0,,nan,nan,0.0
TNGZF,TNG Limited,0.186,3,7,7,5,3,0,3,28,-8.0,20.0,Broken,Avoid/exit,26,0.4,-11.4,-6.2,31.6,1,,Basic Materials,422356128.0,42951.37
TITMF,Titomic Limited,0.156,14,5,4,9,6,3,5,46,-26,20,Broken,Avoid/exit,25,108.1,4.7,30.9,64.9,2,3,Industrials,250935504.0,9947.01
UGDIF,Unigold Inc,0.18,3,8,4,8,0,2,2,27,-3.0,20.0,Broken,Avoid/exit,33,5.9,-10.0,-5.8,42.1,1,,Basic Materials,60984688.0,107223.91
IPCIQ,Intellipharmaceutics International Inc.,0.15,2,4,10,6,3,2,3,30,-15.0,20.0,Broken,🔥 COILED: Avoid/exit,30,0.0,0.0,0.0,50.0,1,,Healthcare,4963900.0,0.0
CASIF,"CASI Pharmaceuticals, Inc.",0.175,17,15,2,2,6,1,5,48,-28,20,Broken,Avoid/exit,27,25.0,59.1,25.7,57.0,4,,Healthcare,3700057.0,111993.99
BIAFW,bioAffinity Technologies Inc. Warrant,0.19,4,11,2,4,3,2,2,28,-8.0,20.0,Broken,Avoid/exit,28,21.5,-4.9,-10.3,44.8,1,,nan,nan,0.0
PWMXF,PWMXF,0.18,0,2,5,7,2,2,2,20,0.0,20.0,Broken,Avoid/exit,20,-20.9,-17.7,-15.0,37.4,0,,nan,nan,0.0
AUMTF,Aurelia Metals Limited,0.203,9,6,4,4,8,4,2,37,-13.0,20.0,Broken,Avoid/exit,48,6.1,-10.3,-3.8,46.9,0,,Basic Materials,344268608.0,8062.17
KCCFF,Kutcho Copper Corp,0.24,4,9,8,1,7,2,2,33,-13.0,20.0,Broken,Avoid/exit,38,2.1,-0.8,-2.2,45.9,1,,Basic Materials,44295596.0,76271.8
MLTNF,Molten Metals Corp,0.2,5,4,9,6,1,2,3,30,-15.0,20.0,Broken,🔥 COILED: Avoid/exit,33,0.0,0.0,0.0,50.0,1,,Basic Materials,2600480.0,530.0
ARRNF,American Rare Earths Limited,0.27,3,9,3,2,7,6,2,32,-15.0,20.0,Broken,Avoid/exit,30,2.7,-8.5,-3.7,45.0,1,,Basic Materials,156834352.0,1610372.44
SOSCF,Deoleo S.A,0.25,2,4,10,6,3,2,3,30,-15.0,20.0,Broken,🔥 COILED: Avoid/exit,31,0.0,0.0,0.0,50.0,1,,Consumer Defensive,125000000.0,4.5
JALC,Adams (JOHN) Life Corp,0.25,2,4,10,6,3,2,3,30,-15.0,20.0,Broken,🔥 COILED: Avoid/exit,31,0.0,0.0,0.0,50.0,1,,Financial Services,652925.0,878.55
ATPMF,Antipa Minerals Limited,0.32,2,4,10,6,3,2,3,30,-15.0,20.0,Broken,🔥 COILED: Avoid/exit,30,0.0,0.0,0.0,50.0,1,,Basic Materials,212059280.0,0.0
HOCXF,Hoteles City Express S.A.B. de C.V,0.3,2,4,10,6,3,2,3,30,-15.0,20.0,Broken,🔥 COILED: Avoid/exit,31,0.0,0.0,0.0,50.0,1,,Consumer Cyclical,123698184.0,2625.0
ZMDTF,Zoomd Technologies Ltd,0.346,6,11,5,8,4,2,2,38,-18.0,20.0,Broken,Avoid/exit,16,18.4,10.1,4.5,48.9,3,,Communication Services,34844608.0,91673.68
TPET,Trio Petroleum Corp.,0.304,1,7,4,9,2,0,2,25,-3.0,20.0,Broken,Avoid/exit,24,-11.8,-20.1,-14.7,37.2,2,,Energy,13470653.0,12524896.04
BICX,BioCorRx Inc,0.33,5,2,8,8,0,2,2,27,-3.0,20.0,Broken,Avoid/exit,24,-13.2,-12.7,-10.0,38.3,1,,Healthcare,9791720.0,2222.5
FEEXF,Ferrexpo PLC,0.389,6,3,10,4,3,3,3,32,-15.0,20.0,Broken,Avoid/exit,18,0.0,0.0,-1.3,25.7,1,,Basic Materials,228650672.0,4787.07
TVBCF,Television Broadcasts Limited,0.39,2,4,10,6,3,2,3,30,-15.0,20.0,Broken,🔥 COILED: Avoid/exit,30,0.0,0.0,0.0,50.0,1,,Communication Services,186784736.0,0.0
CLDHF,CapitaLand China Trust,0.495,3,3,6,2,3,7,3,27,-10.0,20.0,Broken,Avoid/exit,11,0.0,0.0,-2.6,0.0,0,,Real Estate,869859648.0,69.7
NXXT,NextNRG Inc.,0.496,7,12,0,0,5,2,2,28,-6.0,20.0,Broken,Avoid/exit,40,5.7,-28.2,-2.2,49.0,0,,Utilities,78198048.0,6692013.32
NVYTF,Novacyt S.A,0.48,5,3,10,6,3,2,3,32,-15.0,20.0,Broken,Avoid/exit,30,0.0,0.0,-0.0,1.1,1,,Healthcare,34772652.0,12.5
TYPMF,Tyro Payments Limited,0.53,4,3,7,4,3,3,3,27,-10.0,20.0,Broken,Avoid/exit,11,0.0,0.0,-0.9,1.2,0,,Technology,281444480.0,400.0
ASFH,AsiaFIN Holdings Corp.,0.5,4,3,8,5,3,1,3,27,-10.0,20.0,Broken,Avoid/exit,22,0.0,0.0,-0.1,6.9,0,,Technology,40957920.0,195.47
ETS,Elite Express Holding Inc. Class A Common Stock,0.548,8,6,1,7,2,0,4,28,-8.0,20.0,Broken,Avoid/exit,36,-13.0,3.4,-5.2,44.7,1,,Industrials,9160736.0,138868.13
ROYE,Royal Energy Resources Inc,0.5,2,4,10,6,3,2,3,30,-15.0,20.0,Broken,🔥 COILED: Avoid/exit,31,0.0,0.0,0.0,50.0,1,,Energy,9039646.0,245.25
AICAF,Air China Limited,0.58,5,8,3,5,3,2,2,28,-8.0,20.0,Broken,Avoid/exit,25,9.4,0.0,0.1,44.6,1,,Industrials,11885684736.0,1759.5
BRBMF,Big Rock Brewery Inc,0.59,5,3,10,6,3,2,3,32,-15.0,20.0,Broken,Avoid/exit,22,0.0,0.0,-0.0,15.4,1,,Consumer Defensive,18258830.0,11.0
TRNR,Interactive Strength Inc. Common Stock,0.58,4,6,3,12,2,0,2,29,-9.0,20.0,Broken,Avoid/exit,21,0.0,-26.6,-19.9,37.1,1,,Consumer Cyclical,1351942.0,621204.42
SEAN,Saean Group Inc.,0.63,1,3,0,7,3,4,2,20,0.0,20.0,Broken,Avoid/exit,17,26.0,-66.8,-43.7,14.4,0,,Consumer Cyclical,236648624.0,30.95
COOT,Australian Oilseeds Holdings Limited Ordinary Shares,0.608,5,4,6,8,3,1,3,30,-10.0,20.0,Broken,Avoid/exit,32,-9.5,-2.3,-3.1,45.1,0,,Consumer Defensive,16959522.0,1708679.85
SZENF,Seazen Group Limited,0.7,2,4,10,6,3,2,3,30,-15.0,20.0,Broken,🔥 COILED: Avoid/exit,31,0.0,0.0,0.0,50.0,1,,Real Estate,5069108224.0,45.0
CJMB,Callan JMB Inc. Common Stock,0.718,4,6,7,9,2,0,3,31,-11.0,20.0,Broken,Avoid/exit,17,-8.0,-13.7,-10.1,40.7,1,,Industrials,4053348.0,1216415.77
THRC,Havana Roasters Coffee Companies Inc.,0.7,8,3,10,5,3,3,3,35,-15.0,20.0,Broken,Avoid/exit,37,0.0,0.0,-0.2,33.0,1,,Consumer Defensive,68519.0,364.28
USYNF,Unisync Corp,0.882,2,4,10,6,3,2,3,30,-15.0,20.0,Broken,🔥 COILED: Avoid/exit,31,0.0,0.0,0.0,50.0,1,,Consumer Cyclical,16768786.0,4.52
SALM,Salem Media Group Inc,0.949,16,9,10,6,5,1,3,50,-30,20,Broken,Avoid/exit,58,-0.1,-0.9,4.1,70.7,1,,Communication Services,30099280.0,61147.49
UPYY,UPAY Inc,0.9,6,3,10,4,3,3,3,32,-15.0,20.0,Broken,Avoid/exit,31,0.0,0.0,-0.0,2.3,1,,Technology,15853690.0,197.95
IVVD,Invivyd Inc.,0.97,3,14,1,5,3,2,2,30,-13.0,20.0,Broken,Avoid/exit,25,19.3,-12.6,-5.0,42.2,2,,Healthcare,285739776.0,4752946.31
CORBF,Global Cord Blood Corporation,0.95,9,5,6,3,3,1,3,30,-10.0,20.0,Broken,Avoid/exit,39,0.0,0.0,-0.3,44.1,0,,Healthcare,140610448.0,6467.63
TMLL,Third Millennium Industries Inc,1,5,4,9,5,3,1,3,30,-15.0,20.0,Broken,🔥 COILED: Avoid/exit,26,0.0,0.0,0.0,50.0,1,,Financial Services,62403024.0,4.0
CHND,China Media Inc,1,2,4,10,6,3,2,3,30,-15.0,20.0,Broken,🔥 COILED: Avoid/exit,31,0.0,0.0,0.0,50.0,1,,Communication Services,39750000.0,6.15
CLPS,CLPS Inc,0.993,13,5,2,8,3,2,5,38,-18.0,20.0,Broken,Avoid/exit,45,-2.6,10.4,3.6,56.1,3,,Technology,29638904.0,49611.53
MBHCF,MBH Corporation PLC,1,2,4,10,6,3,2,3,30,-15.0,20.0,Broken,🔥 COILED: Avoid/exit,31,0.0,0.0,0.0,50.0,1,,Real Estate,6667460.0,4.0
VYBXX,Voya Funds Trust - Government Money Market Fund Series II,1.0,4,3,4,6,3,4,3,27,-10.0,20.0,Broken,Avoid/exit,23,0.0,0.0,-0.0,0.1,0,,nan,nan,0.0
VYCXX,Voya Funds Trust - Government Money Market Fund Series II,1.0,4,3,4,6,3,4,3,27,-10.0,20.0,Broken,Avoid/exit,23,0.0,0.0,-0.0,0.1,0,,nan,nan,0.0
VYGXX,Voya Funds Trust - Government Money Market Fund Series II,1.0,4,3,4,6,3,4,3,27,-10.0,20.0,Broken,Avoid/exit,23,0.0,0.0,-0.0,0.1,0,,nan,nan,0.0
INEOF,INEO Tech Corp,0.082,17,2,7,9,6,2,5,48,-24.2,19.8,Broken,Avoid/exit,60,-3.4,2.6,40.3,74.9,1,,Communication Services,2759876.0,24369.74
LBRMF,Labrador Iron Mines Holdings Limited,0.012,9,6,7,6,5,0,5,38,-21.8,19.2,Broken,Avoid/exit,36,0.0,0.0,47.0,54.4,0,,Basic Materials,1948373.0,8291.88
AEUSF,Active Energy Group Plc,0.002,15,4,6,9,6,4,5,49,-30,19,Broken,Avoid/exit,43,0.0,58.3,19.8,98.7,3,,Industrials,12717332.0,51555.13
EGMMF,Eagle Mountain Mining Limited,0.007,6,3,6,2,3,3,3,26,-10.0,19.0,Broken,Avoid/exit,12,0.0,0.0,-8.2,0.0,0,,Basic Materials,10309689.0,200.5
AHIX,ALUF Holdings Inc,0.003,1,3,9,6,3,2,2,26,-10.0,19.0,Broken,Avoid/exit,13,-3.4,-17.6,-12.5,31.1,0,,Technology,5164738.0,36315.11
VVCVF,VVC Exploration Corporation,0.008,5,8,4,5,3,2,2,29,-10.0,19.0,Broken,Avoid/exit,16,0.0,45.5,-4.3,42.6,2,,Energy,4977972.0,54212.65
TSPG,TGI Solar Power Group Inc,0.002,1,13,3,3,5,0,2,27,-6.0,19.0,Broken,Avoid/exit,48,-7.7,-11.1,-8.3,43.4,1,,Technology,3921583.0,779545.96
DTGI,Digerati Technologies Inc,0.005,6,12,4,3,2,2,2,31,-10.0,19.0,Broken,Avoid/exit,15,-8.5,-12.9,-12.9,43.2,0,,Communication Services,2149201.0,766242.15
AACTF,Aurora Solar Technologies Inc,0.007,14,10,5,4,7,4,5,49,-30,19,Broken,Avoid/exit,43,0.0,40.0,14.9,65.1,3,,Technology,1555358.0,45925.57
BMTM,Bright Mountain Media Inc,0.006,8,3,1,7,0,0,5,24,-5.0,19.0,Broken,Avoid/exit,33,-15.1,-38.0,-12.8,48.0,1,,Communication Services,1140524.0,125231.47
BSEG,Big Screen Entertainment Group Inc,0.01,3,3,9,5,3,3,3,29,-10.0,19.0,Broken,Avoid/exit,16,0.0,0.0,-9.1,0.8,0,,Communication Services,1244184.0,14295.25
PTOS,P2 Solar Inc,0.008,0,4,1,9,3,0,2,19,0.0,19.0,Broken,Avoid/exit,28,-5.6,-30.3,-21.0,39.1,0,,Technology,1092858.0,15829.62
MSGNF,Man Sang International Limited,0.002,4,3,10,6,0,5,3,31,-15.0,19.0,Broken,Avoid/exit,16,0.0,0.0,-8.3,26.0,1,,Real Estate,970797.0,54.72
QIND,Quality Industrial Corp.,0.008,7,9,2,3,4,0,2,27,-8.0,19.0,Broken,Avoid/exit,25,8.7,-19.4,-7.5,45.5,1,,Industrials,861577.0,197230.42
GPIPF,WesCan Energy Corp.,0.004,7,3,9,5,3,1,3,31,-15.0,19.0,Broken,Avoid/exit,21,0.0,0.0,-1.0,24.8,1,,Energy,174029.0,564.63
RNWWW,ReNew Energy Global plc Warrant,0.006,5,12,7,5,4,4,2,39,-26,19,Broken,🔥 COILED: Avoid/exit,41,16.0,16.0,9.4,51.6,4,,nan,nan,47874.41
REVBW,Revelation Biosciences Inc,0.009,5,4,0,9,2,2,2,24,-5.0,19.0,Broken,Avoid/exit,37,1.1,-32.8,-15.5,47.2,1,,nan,nan,47294.54
CTOHF,Citigold Corporation Limited,0.011,7,3,10,6,0,2,3,31,-15.0,19.0,Broken,Avoid/exit,34,0.0,0.0,-0.0,35.8,1,,Basic Materials,33000000.0,20709.84
PMSNF,Proteome Sciences plc,0.02,5,3,10,5,3,2,3,31,-15.0,19.0,Broken,Avoid/exit,15,0.0,0.0,-0.2,1.5,1,,Healthcare,8768123.0,365.0
ALTAF,Altura Mining Limited,0.012,4,4,1,13,0,0,2,24,-5.0,19.0,Broken,Avoid/exit,27,-46.4,0.0,-41.3,48.0,1,,Basic Materials,4893648.0,0.0
ITMIF,iTech Minerals Ltd,0.02,6,3,6,2,3,3,3,26,-10.0,19.0,Broken,Avoid/exit,25,0.0,0.0,-1.8,1.7,0,,Basic Materials,4777707.0,342.23
BMXI,Brookmount Explorations Inc,0.014,5,16,5,0,3,2,2,33,-15.0,19.0,Broken,Avoid/exit,21,0.0,0.0,-4.3,45.1,1,,Basic Materials,4599208.0,3453280.5
NVLIF,Nova Lithium Corp.,0.02,7,7,7,3,3,5,2,34,-15.0,19.0,Broken,Avoid/exit,26,-1.5,-1.0,1.2,49.0,1,,Basic Materials,4158594.0,61751.65
QGSI,Quantgate Systems Inc,0.012,5,11,6,0,3,0,2,27,-8.0,19.0,Broken,Avoid/exit,26,-2.5,-14.5,-5.5,43.2,0,,Technology,3839251.0,144634.67
NVPCF,NVPCF,0.02,7,7,7,3,3,5,2,34,-15.0,19.0,Broken,Avoid/exit,26,-1.5,-1.0,1.2,49.1,1,,Basic Materials,938511.0,61503.9
WINT,Windtree Therapeutics Inc,0.02,10,12,4,5,6,3,3,43,-24,19,Broken,Avoid/exit,35,100.0,100.0,24.0,53.2,2,4,Healthcare,674175.0,328654.5
PCLI,Protocall Technologs,0.013,3,10,8,5,3,3,2,34,-15.0,19.0,Broken,Avoid/exit,20,3.3,3.3,-2.2,39.4,1,,Real Estate,189007.0,1716.89
CCGWW,Cheche Group Inc. Warrant,0.014,1,1,1,9,3,2,2,19,0.0,19.0,Broken,Avoid/exit,18,-30.0,-36.4,-25.2,23.4,0,,nan,nan,3704.76
HAWRF,Hawk Resources Limited,0.025,15,3,5,6,6,4,3,42,-28.0,19.0,Broken,🔥 COILED: Avoid/exit,50,0.0,0.0,1.5,93.9,1,,Basic Materials,12991181.0,500.0
CNSUF,Canasil Resources Inc,0.025,10,5,11,12,0,2,5,45,-26,19,Broken,Avoid/exit,39,66.7,66.7,30.9,60.1,2,3,Basic Materials,3895356.0,18774.03
GWTR,Global Water Technologies Inc,0.026,5,6,5,0,4,2,2,24,-10.0,19.0,Broken,🔥 COILED: Avoid/exit,42,12.6,-10.3,0.1,50.0,0,,Industrials,830022.0,10253.64
DLPX,Delphax Technologies Inc,0.025,6,6,5,6,0,3,5,31,-15.0,19.0,Broken,Avoid/exit,13,0.0,0.0,-1.4,41.6,1,,Industrials,172986.0,3757.35
CLRMF,Clean Air Metals Inc,0.048,17,8,6,8,3,1,5,48,-29.0,19.0,Broken,Avoid/exit,38,20.0,20.0,9.6,60.9,4,,Basic Materials,12026726.0,237202.24
BVLDF,Bold Ventures Inc,0.049,6,2,0,8,6,0,2,24,-5.0,19.0,Broken,Avoid/exit,44,-14.8,-19.0,-12.9,39.6,1,,Basic Materials,5136704.0,5637.25
TERCF,TerraCom Limited,0.054,1,4,2,9,4,2,2,24,-5.0,19.0,Broken,Avoid/exit,25,-10.2,6.7,-5.7,46.1,1,,Energy,103259448.0,0.0
EMFGF,Fluence Corporation Limited,0.055,2,5,0,10,4,1,2,24,-5.0,19.0,Broken,Avoid/exit,34,-31.1,-21.3,-15.6,40.4,1,,Industrials,63049792.0,5849.23
NKGN,"NKGen Biotech, Inc. Common Stock",0.06,6,3,1,8,3,0,3,24,-5.0,19.0,Broken,Avoid/exit,28,0.0,0.0,-10.1,47.9,1,,Healthcare,7836133.0,4765.15
AAIRF,American Aires Inc,0.06,10,11,2,15,4,2,5,49,-30,19,Broken,Avoid/exit,59,27.7,29.6,11.7,53.0,3,,Technology,6276420.0,51537.37
EFRMF,East Africa Metals Inc,0.059,16,9,5,5,4,2,5,46,-27,19,Broken,Avoid/exit,40,368.8,368.8,145.6,75.5,4,3,Basic Materials,3362169.0,483.51
ISPNF,Inspiration Mining Corp.,0.056,2,5,0,8,2,0,2,19,4.0,19.0,Broken,Avoid/exit,26,-21.7,-26.7,-20.9,37.3,0,,nan,nan,20439.42
RDGL,Vivos Inc,0.063,6,13,1,6,2,4,2,34,-15.0,19.0,Broken,Avoid/exit,16,-1.7,3.6,-2.3,45.2,1,,Healthcare,31065720.0,944395.68
MDTC,Media Technologies Inc,0.07,7,4,8,0,3,7,2,31,-15.0,19.0,Broken,Avoid/exit,33,0.0,-6.7,-9.4,44.4,1,,Technology,5654827.0,0.0
HOLOW,MicroCloud Hologram Inc.,0.08,4,4,3,4,4,0,5,24,-8.0,19.0,Broken,Avoid/exit,24,-11.2,-11.2,-5.6,45.6,0,,nan,nan,24568.08
HHDS,Highlands REIT Inc,0.085,8,13,5,5,8,2,5,46,-28,19,Broken,Avoid/exit,46,13.7,342.0,66.3,54.4,3,,nan,43191768.0,14033.99
ERWWF,ERWWF,0.085,3,3,1,9,3,3,2,24,-5.0,19.0,Broken,Avoid/exit,0,0.0,0.0,-15.1,1.0,1,,Basic Materials,30806242.0,0.0
FFUCF,FFUCF,0.096,5,9,0,8,3,0,2,27,-8.0,19.0,Broken,Avoid/exit,34,-10.4,-21.2,-14.0,35.3,0,,nan,nan,143666.09
SYAAF,Syrah Resources Limited,0.102,12,6,3,12,5,4,5,47,-28.0,19.0,Broken,Avoid/exit,36,39.7,13.3,14.0,58.9,3,,Basic Materials,235123808.0,196059.74
VMTG,Victor Mining Industry Group Inc,0.101,3,1,2,9,3,2,2,22,-3.0,19.0,Broken,Avoid/exit,48,-27.9,-27.9,-22.5,29.7,1,,Industrials,199001408.0,2656.13
FUUFF,F3 Uranium Corp.,0.11,6,10,3,6,5,2,2,34,-13.0,19.0,Broken,Avoid/exit,22,8.0,-3.9,-1.8,44.2,2,,Energy,69251376.0,594751.39
SSGC,SafeSpace Global Corporation,0.12,2,10,1,6,9,0,2,30,-11.0,19.0,Broken,Avoid/exit,24,0.8,-14.3,-6.8,44.2,2,,Technology,22731492.0,183860.0
TAGP,Tristar Acquisition Group,0.1,3,2,3,7,0,2,2,19,0.0,19.0,Broken,Avoid/exit,32,0.0,-16.7,-15.0,39.3,0,,Energy,18910752.0,11736.5
GWAYF,Greenway Greenhouse Cannabis Corporation,0.101,0,6,2,7,4,0,2,21,-3.0,19.0,Broken,Avoid/exit,20,-4.0,-8.4,-7.6,37.6,0,,Healthcare,13393385.0,933.66
WINH,WINHA INTERNATIONAL GROUP LTD,0.12,6,7,6,0,3,2,5,29,-10.0,19.0,Broken,Avoid/exit,23,0.0,-21.1,-2.5,46.3,0,,Other,7498425.0,3236.18
TRPTF,Tribe Property Technologies Inc,0.142,5,8,3,5,3,5,2,31,-15.0,19.0,Broken,Avoid/exit,19,0.0,0.0,-4.3,41.6,1,,Technology,7087939.0,3873.4
RCTFF,Rochester Resources Ltd,0.12,3,4,6,4,5,7,2,31,-15.0,19.0,Broken,Avoid/exit,37,0.0,0.0,-3.5,34.7,1,,Basic Materials,5725736.0,1703.82
OMGPF,Omega Pacific Resources Inc.,0.127,9,3,8,2,3,3,3,31,-15.0,19.0,Broken,Avoid/exit,30,0.0,0.0,-1.7,10.5,1,,Basic Materials,5313312.0,1879.0
HPTO,hopTo Inc,0.12,3,4,4,5,3,5,2,26,-10.0,19.0,Broken,Avoid/exit,20,0.0,0.0,-2.7,0.9,0,,Technology,3225948.0,293.0
KBSUF,Prime US REIT,0.172,6,3,6,2,3,3,3,26,-10.0,19.0,Broken,Avoid/exit,13,0.0,0.0,-1.7,0.0,0,,Real Estate,247386544.0,397.25
OHCFF,OHCFF,0.191,13,3,5,7,5,2,5,40,-21.0,19.0,Broken,Avoid/exit,60,-12.3,1.5,3.7,54.0,1,,Healthcare,23357138.0,71756.24
SJMHF,SJM Holdings Ltd,0.23,1,6,1,9,3,2,2,24,-5.0,19.0,Broken,Avoid/exit,8,0.0,-4.2,-3.6,32.1,1,,Consumer Cyclical,1633415296.0,2402.51
MTGRF,Mount Gibson Iron Ltd,0.26,4,3,10,5,3,3,3,31,-15.0,19.0,Broken,Avoid/exit,22,0.0,0.0,-0.2,0.7,1,,Basic Materials,414751712.0,246.61
EMOTF,Emerita Resources Corp,0.262,14,5,9,6,1,2,5,42,-19.0,19.0,Broken,Avoid/exit,28,-0.9,7.0,2.4,53.0,1,,Basic Materials,77745144.0,131299.18
IXRRF,Ionic Rare Earths Limited,0.252,7,11,3,8,8,0,3,40,-21.0,19.0,Broken,Avoid/exit,39,-5.1,4.8,-0.8,50.0,2,,Basic Materials,57014664.0,33658.64
CNRSF,Canadian North Resources Inc.,0.264,7,3,10,4,3,1,3,31,-15.0,19.0,Broken,Avoid/exit,24,0.0,0.0,-0.0,10.8,1,,Basic Materials,30134836.0,387.66
OZBKF,Outback Goldfields Corp,0.291,9,9,5,3,4,2,2,34,-15.0,19.0,Broken,Avoid/exit,40,4.3,-7.7,-5.1,44.3,1,,Basic Materials,18699272.0,38843.39
SBDG,Small Business Development Group Inc,0.336,3,3,10,4,3,5,3,31,-15.0,19.0,Broken,Avoid/exit,21,0.0,0.0,-4.2,13.0,1,,Industrials,3733518.0,587.0
AMIX,"Autonomix Medical, Inc. Common Stock",0.364,4,4,7,9,1,2,5,32,-13.0,19.0,Broken,Avoid/exit,37,-6.4,-10.3,-6.0,43.1,1,,Healthcare,4155283.0,2953267.59
NVVE,Nuvve Holding Corp,0.365,4,13,8,3,2,4,5,39,-18.0,19.0,Broken,Avoid/exit,30,-2.7,-2.7,-1.5,46.8,1,,Consumer Cyclical,1938845.0,1366257.56
SAGMF,SAGMF,0.381,2,11,3,1,6,0,2,25,-6.0,19.0,Broken,Avoid/exit,42,-3.5,-15.2,-8.3,40.0,1,,nan,nan,197068.46
IMTE,Integrated Media Technology Ltd,0.512,5,3,5,9,2,1,3,28,-9.0,19.0,Broken,Avoid/exit,21,-18.5,-1.5,-4.9,46.1,1,,Technology,1788354.0,937079.23
PBTHF,PointsBet Holdings Limited,0.6,12,7,8,9,6,5,2,49,-30.0,19.0,Broken,Avoid/exit,31,33.3,33.3,13.5,59.4,3,,Consumer Cyclical,208552208.0,962.5
QURT,Quarta-Rad Inc,0.6,4,3,8,5,3,5,3,31,-15.0,19.0,Broken,Avoid/exit,17,0.0,0.0,-0.2,28.8,1,,Technology,9539690.0,149.58
SKYI,Sky Century Investment Inc,0.6,5,8,1,6,6,2,2,30,-11.0,19.0,Broken,Avoid/exit,45,-1.0,-33.0,-12.1,46.4,1,,Healthcare,1341286.0,65580.56
AXREF,Amarc Resources Ltd,0.69,6,9,5,2,7,2,2,33,-13.0,19.0,Broken,Avoid/exit,34,3.0,-6.8,-0.6,48.0,2,,Basic Materials,157729152.0,84335.15
NRRSF,Norsemont Mining Inc,0.686,9,12,3,2,4,2,2,34,-13.0,19.0,Broken,Avoid/exit,32,12.5,-2.7,-0.9,46.2,2,,Basic Materials,61090444.0,113129.66
JETMF,Global Crossing Airlines Inc,0.73,8,6,1,13,5,0,2,35,-16.0,19.0,Broken,Avoid/exit,50,-8.2,-12.0,-4.5,46.4,1,,Industrials,48110604.0,76918.66
DYAI,Dyadic International Inc,0.782,13,8,2,5,3,2,5,38,-19.0,19.0,Broken,Avoid/exit,39,15.0,8.6,4.4,53.2,2,,Healthcare,28495066.0,185278.28
LOBO,LOBO EV TECHNOLOGIES LTD. Ordinary shares,0.788,10,2,3,4,5,2,5,31,-15.0,19.0,Broken,Avoid/exit,55,-6.6,-2.7,1.9,54.0,2,,Consumer Cyclical,10907447.0,2533827.72
SJMHY,SJM Holdings Ltd ADR,0.849,3,2,1,9,3,4,2,24,-5.0,19.0,Broken,Avoid/exit,11,0.0,-7.7,-6.6,4.3,1,,Consumer Cyclical,1507358208.0,120.25
EEMMF,E3 Metals Corp,0.846,11,7,7,1,3,2,2,33,-15.0,19.0,Broken,Avoid/exit,52,3.9,-0.2,-0.7,48.2,1,,Basic Materials,75758168.0,27264.29
GMHS,Gamehaus Holdings Inc. Class A Ordinary Shares,0.893,3,13,0,3,6,4,2,31,-10.0,19.0,Broken,Avoid/exit,18,5.6,-9.8,-3.4,45.7,1,,Communication Services,51203252.0,479255.26
LIQT,LiqTech International Inc,0.9,6,12,1,5,4,2,2,32,-13.0,19.0,Broken,Avoid/exit,17,-1.1,-25.6,-20.3,33.0,2,,Industrials,29653056.0,89594.59
CLVFA,Cloverleaf Kennel Club,0.9,3,3,8,5,3,1,3,26,-10.0,19.0,Broken,Avoid/exit,12,0.0,0.0,-4.5,0.0,0,,Consumer Cyclical,nan,464.02
SGTSY,Singulus Technologies AG ADR,1.0,8,3,9,4,3,1,3,31,-15.0,19.0,Broken,Avoid/exit,29,0.0,0.0,-0.0,0.0,1,,Industrials,17793054.0,2.0
GTOFF,Gemalto N.V,0.002,11,6,9,9,0,2,5,42,-24.0,18.0,Broken,Avoid/exit,24,66.7,66.7,32.4,68.2,2,3,Technology,1593015296.0,31181.13
SEHLF,Solargiga Energy Holdings Limited,0.01,6,3,5,5,3,5,3,30,-15.0,18.0,Broken,Avoid/exit,21,0.0,0.0,-0.2,1.3,1,,Technology,31908204.0,698.72
CROTF,Cirralto Limited,0.007,5,4,0,8,3,1,2,23,-5.0,18.0,Broken,Avoid/exit,27,0.0,-80.6,-53.7,26.6,1,,Technology,10608407.0,665.83
TGIFF,1933 Industries Inc,0.006,7,13,4,2,4,2,2,34,-16.0,18.0,Broken,Avoid/exit,31,10.0,-1.8,-0.5,48.9,0,,Healthcare,2603816.0,115603.4
GYST,Graystone Company Inc,0.002,10,6,0,12,3,2,3,36,-18.0,18.0,Broken,Avoid/exit,51,-26.7,-29.0,-17.7,43.3,1,,Financial Services,1748130.0,154564.77
CIMG,CIMG Inc.,0.011,7,14,3,0,3,6,2,35,-15.0,18.0,Broken,Avoid/exit,18,17.8,6.0,-33.3,27.7,2,,Consumer Defensive,1345313.0,604071.62
NNRI,NNRF Inc,0.002,4,3,5,5,4,4,5,30,-15.0,18.0,Broken,Avoid/exit,26,0.0,-14.3,-4.8,44.2,1,,Financial Services,1113177.0,67737.21
GIFX,Gifa Inc,0.008,4,5,2,3,3,6,2,25,-10.0,18.0,Broken,Avoid/exit,36,5.2,5.2,-5.6,44.0,0,,Industrials,948282.0,15319.29
WNLV,Winvest Group Ltd,0.002,8,7,6,9,3,2,3,38,-23,18,Broken,Avoid/exit,27,100.0,100.0,6.5,49.7,3,7,Communication Services,232988.0,108092.0
WGRFF,Champion Gaming Group Inc.,0.003,5,4,9,6,0,1,3,28,-15.0,18.0,Broken,🔥 COILED: Avoid/exit,22,0.0,0.0,0.0,50.0,1,,Communication Services,229862.0,5127.5
AURMF,Auris Minerals Limited,0.019,5,3,10,5,3,1,3,30,-15.0,18.0,Broken,Avoid/exit,0,0.0,0.0,-0.2,3.0,1,,Basic Materials,24445892.0,0.0
MVNT,Visual Healthcare Corp,0.014,3,9,4,10,6,2,2,36,-18.0,18.0,Broken,Avoid/exit,29,22.2,14.4,-3.8,47.1,3,,Financial Services,4871051.0,156130.27
DCHRF,Discovery Harbour Resources Corp,0.014,3,3,9,4,3,5,3,30,-15.0,18.0,Broken,Avoid/exit,24,0.0,0.0,-18.5,2.8,1,,Basic Materials,1444207.0,767.43
RAKR,Rainmaker Worldwide Inc,0.018,9,15,7,5,6,2,2,46,-28,18,Broken,Avoid/exit,35,9.4,10.8,10.6,53.4,4,,Industrials,1275733.0,155537.1
CARM,Carisma Therapeutics Inc.,0.019,14,7,4,2,5,5,5,42,-22,18,Broken,Avoid/exit,25,233.3,18900.0,122.1,60.7,2,7,Healthcare,795056.0,555864.39
KIDZW,"Classover Holdings, Inc. Warrants",0.012,4,9,2,3,4,2,2,26,-6.0,18.0,Broken,Avoid/exit,28,7.2,-15.6,-9.5,45.7,0,,nan,nan,74002.31
DAICW,"CID HoldCo, Inc. Warrants",0.019,1,9,3,0,4,6,5,28,-8.0,18.0,Broken,Avoid/exit,19,18.3,-35.5,-12.8,44.7,1,,nan,nan,17802.88
AWAW,White Fox Ventures Inc,0.021,4,3,10,4,3,3,3,30,-15.0,18.0,Broken,Avoid/exit,22,0.0,0.0,-0.6,32.6,1,,Industrials,24546266.0,8372.06
SNEGF,Sound Energy plc,0.028,3,3,2,7,3,3,2,23,-5.0,18.0,Broken,Avoid/exit,0,0.0,0.0,-30.8,20.5,1,,Energy,7291971.0,0.0
VLXC,Veltex Corporation,0.03,3,12,3,6,3,2,2,31,-13.0,18.0,Broken,Avoid/exit,18,2.4,-7.7,-13.3,42.7,2,,Healthcare,2876262.0,0.0
GWRRF,EnGold Mines Ltd,0.03,9,4,2,6,6,1,2,30,-15.0,18.0,Broken,Avoid/exit,54,0.0,0.0,-7.0,44.4,1,,Basic Materials,1241446.0,584.92
GCLWW,GCL Global Holdings Ltd Warrants,0.025,0,7,0,11,0,0,2,20,0.0,18.0,Broken,Avoid/exit,27,-20.4,-14.8,-10.0,47.3,0,,nan,476850.0,28648.65
CORZR,CORZR,0.025,4,13,4,3,3,2,2,31,-11.0,18.0,Broken,Avoid/exit,30,25.0,0.0,-1.6,47.6,1,,nan,nan,0.0
OILFF,Nextleaf Solutions Ltd,0.036,1,4,0,10,0,6,2,23,-5.0,18.0,Broken,Avoid/exit,30,-6.0,-9.4,-9.3,43.7,1,,Healthcare,6083924.0,91686.67
HBUV,Hubilu Venture Corporation,0.04,14,5,8,11,3,2,5,48,-30,18,Broken,Avoid/exit,40,45.8,45.8,34.6,99.6,3,,Real Estate,1052108.0,13.81
SBMSF,Danakali Ltd,0.053,5,6,7,5,4,2,2,31,-13.0,18.0,Broken,Avoid/exit,33,6.0,-11.7,-12.5,46.2,0,,Basic Materials,19521720.0,0.0
PREM,Premier Community Bankshares Inc,0.059,8,11,3,4,5,2,2,35,-13.0,18.0,Broken,Avoid/exit,48,9.3,-15.7,0.0,49.1,1,,Industrials,1935408.0,48250.31
AITLF,Airtificial Intelligence Structures S.A,0.07,3,3,9,6,3,3,3,30,-15.0,18.0,Broken,Avoid/exit,13,0.0,0.0,-5.1,3.7,1,,Industrials,108286544.0,303.0
FHGDF,Founder Holdings Limited,0.07,2,5,5,5,3,1,2,23,-10.0,18.0,Broken,🔥 COILED: Avoid/exit,21,0.0,0.0,-1.2,43.7,0,,Technology,80719728.0,457.0
BTOW,GTFN Holdings Inc,0.07,12,6,11,6,3,2,3,43,-28.0,18.0,Broken,Avoid/exit,38,0.0,0.0,0.0,99.9,1,,Industrials,14935187.0,103.71
PURE,Pure Bioscience Inc,0.07,5,9,2,5,5,2,3,31,-13.0,18.0,Broken,Avoid/exit,43,0.0,0.0,0.5,50.0,1,,Consumer Defensive,9101230.0,42217.54
PRTT,Protect Pharmaceutical Corporation,0.068,4,5,2,12,3,3,2,31,-13.0,18.0,Broken,Avoid/exit,28,-31.3,15.3,-20.2,41.6,2,,Industrials,6319651.0,12112.93
RSMXF,Regency Silver Corp.,0.083,3,6,8,0,3,5,5,30,-15.0,18.0,Broken,Avoid/exit,25,0.5,1.8,-0.9,47.1,2,,Basic Materials,11511377.0,107916.47
VRRCF,VR Resources Ltd,0.089,3,13,3,4,3,4,2,32,-10.0,18.0,Broken,Avoid/exit,27,6.7,-12.4,-15.2,35.7,0,,Basic Materials,3096572.0,69894.88
POLBF,Poolbeg Pharma PLC,0.092,14,2,2,4,6,0,5,33,-15.0,18.0,Broken,Avoid/exit,57,-20.4,-12.5,1.8,57.3,1,,Healthcare,64799040.0,453.05
ROIUF,Route1 Inc,0.094,13,5,3,5,6,4,5,41,-23.0,18.0,Broken,Avoid/exit,55,-4.4,4.2,6.3,57.6,1,,Technology,4424889.0,2919.0
WGELF,WGELF,0.096,12,6,11,6,3,2,3,43,-28.0,18.0,Broken,Avoid/exit,51,0.0,0.0,0.0,98.7,1,,Basic Materials,4088851.0,0.0
CHDHF,Ev Dynamics (Holdings) Limited,0.1,9,6,11,6,4,4,3,43,-28.0,18.0,Broken,Avoid/exit,54,0.0,0.0,0.0,99.9,1,,Consumer Cyclical,32529840.0,58.0
APAAF,Appia Energy Corp,0.126,8,9,7,1,7,2,4,38,-23.0,18.0,Broken,Avoid/exit,36,5.9,-5.3,0.2,50.1,1,,Energy,25333060.0,237833.31
HNOI,HNO International Inc,0.13,12,10,2,9,8,0,5,46,-28,18,Broken,Avoid/exit,40,32.1,-12.0,8.2,52.0,2,,Industrials,13236858.0,9600.94
AISSF,A.I.S. Resources Limited,0.135,16,6,7,8,3,5,5,50,-30,18,Broken,Avoid/exit,57,41.9,42.4,29.3,69.7,3,,Basic Materials,4750458.0,6507.45
BOTY,Lingerie Fighting Championships Inc,0.15,8,6,8,9,4,4,2,41,-28.0,18.0,Broken,🔥 COILED: Avoid/exit,42,36.1,14.3,9.6,50.9,3,,Communication Services,274340.0,1999.95
GCAN,Greater Cannabis Company Inc,0.148,9,9,8,0,3,0,2,31,-13.0,18.0,Broken,Avoid/exit,35,-10.4,2.1,-10.0,44.1,0,,Healthcare,139850.0,245425.45
LUXMF,LUXMF,0.116,4,10,5,0,3,2,2,26,-8.0,18.0,Broken,Avoid/exit,33,-16.9,-2.5,-7.6,45.9,0,,nan,nan,0.0
HLUCF,HLUCF,0.105,9,10,3,6,2,6,5,41,-23.0,18.0,Broken,Avoid/exit,19,27.7,21.0,11.2,52.2,3,,nan,nan,390039.82
PBIGF,Paradigm Biopharmaceuticals Limited,0.175,16,12,4,5,5,2,5,49,-29,18,Broken,Avoid/exit,35,26.6,59.5,24.7,62.8,3,,Healthcare,101117976.0,11630.97
KZR,Kezar Life Sciences Inc,0.16,3,11,3,5,3,4,5,34,-16.0,18.0,Broken,Avoid/exit,17,28.0,-3.0,-66.3,10.4,2,,Healthcare,53856340.0,153480.13
AZZTF,Aztec Minerals Corp,0.158,7,12,5,3,4,2,2,35,-17.0,18.0,Broken,Avoid/exit,20,13.7,0.6,1.7,49.1,2,,Basic Materials,30032164.0,181693.43
GRNWF,Greenlane Renewables Inc,0.156,7,6,3,5,4,0,5,30,-15.0,18.0,Broken,Avoid/exit,42,2.6,-1.3,-0.2,48.9,1,,Industrials,24901120.0,6183.0
NCFFF,Northcliff Resources Ltd,0.208,0,7,3,8,0,0,2,20,2.0,18.0,Broken,Avoid/exit,34,-6.5,-11.0,-10.6,33.5,0,,Basic Materials,133900928.0,13459.69
FMANF,Freeman Gold Corp,0.225,6,11,5,5,4,2,3,36,-18.0,18.0,Broken,Avoid/exit,45,7.1,1.4,1.2,51.1,2,,Basic Materials,69215960.0,115549.14
PYNKF,Perimeter Medical Imaging AI Inc,0.21,4,8,7,6,0,2,2,29,-11.0,18.0,Broken,Avoid/exit,26,0.0,-8.7,-5.9,41.4,1,,Healthcare,31637362.0,95547.78
QIMGF,QIMGF,0.206,4,6,3,10,0,2,4,29,-11.0,18.0,Broken,Avoid/exit,32,6.9,-8.2,-4.1,46.4,1,,Basic Materials,17162958.0,34858.07
KTEL,KonaTel Inc,0.238,14,7,5,12,4,2,3,47,-27,18,Broken,Avoid/exit,34,48.7,19.0,16.8,60.3,4,,Communication Services,10467017.0,21650.03
EBRCZ,EBR Systems Inc.,0.278,6,8,2,8,3,2,2,31,-13.0,18.0,Broken,Avoid/exit,19,48.5,-19.9,-1.8,44.4,1,,Healthcare,125234360.0,3276.99
KRLCF,Kainantu Resources Ltd.,0.252,1,8,0,7,3,0,2,21,-3.0,18.0,Broken,Avoid/exit,8,-0.3,-20.9,-12.7,32.2,1,,Basic Materials,12474579.0,8616.24
MTMV,Motomova Inc.,0.3,5,3,9,5,3,2,3,30,-15.0,18.0,Broken,Avoid/exit,17,0.0,0.0,-0.1,0.0,1,,Technology,84153968.0,5.03
ORGS,Orgenesis Inc,0.32,0,4,2,10,3,2,2,23,-5.0,18.0,Broken,Avoid/exit,29,-36.0,-34.7,-20.8,47.1,1,,Healthcare,5683732.0,1154.0
HANNF,Hannan Metals Ltd,0.447,15,6,3,14,3,2,5,48,-30,18,Broken,Avoid/exit,33,30.7,12.0,6.2,55.2,3,,Basic Materials,70670872.0,75988.0
VEEMF,VEEMF,0.414,7,3,10,6,0,1,3,30,-15.0,18.0,Broken,Avoid/exit,14,0.0,0.0,-0.2,0.0,1,,Industrials,63948080.0,75.38
IMTCF,Intrepid Metals Corp.,0.56,4,11,2,5,8,2,2,34,-14.0,18.0,Broken,Avoid/exit,55,5.4,-17.9,-4.2,44.5,2,,Basic Materials,69185488.0,83826.26
YMAT,"J-Star Holding Co., Ltd. Ordinary Shares",0.62,6,7,0,6,2,2,3,26,-11.0,18.0,Broken,Avoid/exit,37,-13.9,-38.0,-17.2,47.4,1,,Basic Materials,12425305.0,4642776.47
SKIN,Beauty Health Co,0.663,4,13,1,2,2,6,3,31,-13.0,18.0,Broken,Avoid/exit,29,3.2,8.7,-1.9,45.5,2,,Consumer Defensive,85898912.0,873978.25
XCH,XCHG Limited American Depositary Share,0.68,4,10,5,9,4,6,3,41,-23.0,18.0,Broken,Avoid/exit,15,11.5,11.3,-0.2,46.8,4,,Industrials,55431356.0,255469.34
AKBIF,Akebono Brake Industry Co. Ltd,0.724,12,6,11,6,3,2,3,43,-28.0,18.0,Broken,Avoid/exit,50,0.0,0.0,0.0,100.0,1,,Consumer Cyclical,215922848.0,22.0
REKR,Rekor Systems Inc,0.706,1,12,5,2,4,2,2,28,-13.0,18.0,Broken,Avoid/exit,27,-0.1,-13.4,-5.2,42.2,1,,Technology,97206368.0,3816231.9
SAGGF,Sterling Metals Corp,0.752,0,6,0,10,4,2,2,24,-11.0,18.0,Broken,Avoid/exit,17,-4.0,-21.3,-10.0,42.9,1,,Basic Materials,34749672.0,13394.94
ASMMF,Australian Strategic Materials Ltd,0.891,6,3,2,8,0,2,2,23,-5.0,18.0,Broken,Avoid/exit,33,4.8,-17.1,-8.0,39.7,2,,Basic Materials,242144656.0,99266.09
HIIDY,Hidili Industry International Development Ltd ADR,0.9,5,3,9,5,3,2,3,30,-15.0,18.0,Broken,Avoid/exit,17,0.0,0.0,-0.1,0.0,1,,Energy,41447332.0,66.37
SOS,SOS Limited,1.0,5,10,6,0,6,4,2,33,-13.0,18.0,Broken,Avoid/exit,29,1.5,-6.5,-2.3,42.8,2,,Financial Services,16170320.0,155085.05
SHMN,Sohm Inc.,0.001,4,6,0,12,5,0,3,30,-13.0,17.0,Broken,Avoid/exit,44,-21.4,-8.3,-7.8,46.6,1,,Healthcare,3474733.0,1232359.97
RLLVF,Relevium Technologies Inc,0.006,2,4,10,6,0,2,3,27,-15.0,17.0,Broken,🔥 COILED: Avoid/exit,32,0.0,0.0,0.0,50.0,1,,Healthcare,1976954.0,1.72
CPMD,CannaPharmaRx Inc,0.002,6,6,1,8,1,0,2,24,-5.0,17.0,Broken,Avoid/exit,25,-11.5,-11.5,-12.6,44.6,1,,Healthcare,1696253.0,181827.95
CDMNF,Canadian Manganese Company Inc.,0.01,7,8,7,2,3,1,3,31,-17.0,17.0,Broken,Avoid/exit,29,0.0,0.0,0.0,61.8,1,,Basic Materials,1460882.0,3222.04
CSOC,Caduceus Software Systems Corp,0.002,0,4,2,8,4,0,2,20,-3.0,17.0,Broken,Avoid/exit,11,-35.9,-34.2,-27.5,36.1,0,,Consumer Defensive,814171.0,174311.43
NUMD,Nu-Med Plus Inc,0.01,3,2,9,5,3,3,2,27,-10.0,17.0,Broken,Avoid/exit,22,-6.9,-6.9,-8.2,23.6,0,,Healthcare,793710.0,8400.58
GKIT,Greenkraft Inc,0.008,4,3,9,5,0,3,3,27,-10.0,17.0,Broken,Avoid/exit,29,0.0,0.0,-2.2,33.0,0,,Consumer Cyclical,793890.0,1376.44
PREC,Prestige Cars International Inc,0.007,7,4,2,0,5,4,2,24,-10.0,17.0,Broken,Avoid/exit,43,0.0,-7.9,-9.0,40.4,0,,Consumer Cyclical,290525.0,24181.0
ARSLF,Altima Resources Ltd,0.001,3,3,8,6,3,3,3,29,-15.0,17.0,Broken,Avoid/exit,17,0.0,0.0,-78.6,25.3,1,,Energy,56974.0,77840.23
TMPOQ,"Tempo Automation Holdings, Inc.",0.001,8,5,4,8,3,2,5,35,-18,17,Broken,Avoid/exit,24,900.0,0.0,-27.8,49.1,1,10,Technology,30758.0,963.68
PKBFF,PeakBirch Logic Inc,0.003,2,4,10,6,0,2,3,27,-15.0,17.0,Broken,🔥 COILED: Avoid/exit,27,0.0,0.0,0.0,50.0,1,,Healthcare,24976.0,0.0
CHMN,Chester Mining Company,0.006,9,6,10,6,1,2,3,37,-23.0,17.0,Broken,Avoid/exit,47,0.0,0.0,0.0,100.0,0,,Basic Materials,nan,69.61
OPADW,Offerpad Solutions Inc.,0.003,3,13,3,8,3,0,2,32,-13.0,17.0,Broken,Avoid/exit,29,72.2,-38.0,-16.1,47.4,1,5,nan,nan,0.0
LTRBF,Latrobe Magnesium Limited,0.02,12,6,3,7,3,4,4,39,-22.0,17.0,Broken,Avoid/exit,44,72.6,8.3,20.0,56.9,2,6,Basic Materials,61018172.0,199612.63
AIMN,"Lee Pharmaceuticals, Inc.",0.014,6,13,5,6,3,0,5,38,-19,17,Broken,Avoid/exit,35,58.8,3.8,11.7,46.7,1,9,Technology,4456844.0,61844.5
DREM,Dream Homes & Development Corporation,0.013,3,4,6,3,3,3,2,24,-10.0,17.0,Broken,Avoid/exit,20,0.0,0.0,-1.1,24.2,0,,Consumer Cyclical,645907.0,5088.34
MLECW,Moolec Science SA Warrant,0.015,2,4,1,8,0,0,2,17,0.0,17.0,Broken,Avoid/exit,29,-53.9,-53.9,-31.2,44.5,0,,nan,nan,366969.58
CDTAF,Carl Data Solutions Inc,0.025,3,2,5,10,5,0,2,27,-8.0,17.0,Broken,Avoid/exit,25,-13.9,-14.8,-9.6,38.3,1,,Technology,3446638.0,11356.74
IONGF,Ion Energy Ltd,0.024,5,4,0,8,1,2,2,22,-5.0,17.0,Broken,Avoid/exit,20,0.0,-20.0,-5.8,47.5,1,,Basic Materials,2496447.0,19677.24
LFLS,Loans4Less.Com Inc,0.03,3,3,9,5,3,1,3,27,-10.0,17.0,Broken,Avoid/exit,15,0.0,0.0,-1.5,0.0,0,,Financial Services,1800000.0,415.0
ITNF,Internet Infinity Inc,0.024,7,3,7,2,0,2,3,24,-10.0,17.0,Broken,Avoid/exit,34,0.0,0.0,-1.9,38.5,0,,Industrials,1732746.0,3805.36
SCVFF,Scotch Creek Ventures Inc,0.024,1,4,2,9,0,2,2,20,-3.0,17.0,Broken,Avoid/exit,12,-1.6,-18.4,-17.4,44.5,1,,Basic Materials,816084.0,9990.97
GZUHF,Guangzhou R&F Properties Co. Ltd,0.04,3,4,9,6,3,1,3,29,-15.0,17.0,Broken,Avoid/exit,13,0.0,0.0,-2.1,0.0,1,,Real Estate,150094688.0,144.9
SUNYF,Sunshine Oilsands Ltd,0.04,3,6,3,3,3,7,2,27,-10.0,17.0,Broken,Avoid/exit,16,0.0,0.0,-2.3,27.8,0,,Energy,28311906.0,3811.31
SBLRF,Sable Resources Ltd,0.035,9,7,4,1,0,2,2,25,-8.0,17.0,Broken,Avoid/exit,34,9.4,-12.5,-1.7,46.2,1,,Basic Materials,11208104.0,76319.74
GOCOF,Go Metals Corp,0.035,11,6,4,5,5,6,2,39,-22,17,Broken,Avoid/exit,52,191.7,191.7,31.1,55.5,3,6,Basic Materials,159963.0,3513.95
OCEEF,OCEEF,0.04,6,12,2,5,3,2,2,32,-15.0,17.0,Broken,Avoid/exit,0,-7.8,-10.7,-5.9,42.9,1,,Basic Materials,nan,0.0
FRTCF,Far East Consortium International Limited,0.049,5,3,10,6,0,2,3,29,-15.0,17.0,Broken,Avoid/exit,0,0.0,0.0,-0.0,0.0,1,,Real Estate,189354608.0,0.0
TMPPF,Times China Holdings Limited,0.05,2,4,10,6,0,2,3,27,-15.0,17.0,Broken,🔥 COILED: Avoid/exit,28,0.0,0.0,0.0,50.0,1,,Real Estate,149191632.0,300.0
FSHRF,Feishang Anthracite Resources Limited,0.046,17,5,4,7,3,2,5,43,-22,17,Broken,Avoid/exit,70,866.7,81.2,45.8,58.4,3,4,Energy,66818416.0,8252.0
NSRPF,Novo Resources Corp,0.049,1,10,4,5,4,2,2,28,-11.0,17.0,Broken,Avoid/exit,24,1.0,-11.6,-5.5,41.4,1,,Basic Materials,20270216.0,342446.26
ZOONF,Zoono Group Limited,0.044,18,6,5,9,3,2,4,47,-30,17,Broken,Avoid/exit,54,0.0,48.3,11.5,68.2,3,,Consumer Defensive,18151084.0,57.38
SEAV,SEATech Ventures Corp,0.046,3,4,3,6,2,4,5,27,-10.0,17.0,Broken,Avoid/exit,39,-9.8,-47.7,-21.4,40.8,0,,Technology,4257868.0,1129.98
AGNY,Agavenny Corporation,0.048,2,4,10,6,0,2,3,27,-15.0,17.0,Broken,🔥 COILED: Avoid/exit,28,0.0,0.0,0.0,50.0,1,,Consumer Cyclical,978000.0,42.48
CHME,China Medicine Corporation,0.041,18,4,5,9,6,0,5,47,-30,17,Broken,Avoid/exit,55,0.0,106.0,28.2,95.9,3,,Healthcare,976936.0,11495.55
IRIG,Integrated Drilling Equipment Holdings Corp,0.05,2,4,10,6,0,2,3,27,-15.0,17.0,Broken,🔥 COILED: Avoid/exit,28,0.0,0.0,0.0,50.0,1,,Energy,440495.0,207.6
PVCT,Provectus Biopharmaceuticals Inc,0.062,7,5,8,3,6,0,2,31,-15.0,17.0,Broken,Avoid/exit,42,-8.8,1.6,-2.7,47.3,1,,Healthcare,26057352.0,257119.13
NOUMF,Noumi Limited,0.07,12,6,10,6,3,2,3,42,-28.0,17.0,Broken,Avoid/exit,53,0.0,0.0,0.0,100.0,1,,Consumer Defensive,19397652.0,5.0
LMPX,Lmp Automotive Holdings Inc,0.07,11,4,9,2,2,4,3,35,-19.0,17.0,Broken,🔥 COILED: Avoid/exit,42,0.0,-0.6,0.2,54.1,1,,Consumer Cyclical,763613.0,0.0
TTGXF,TTGXF,0.075,3,4,0,8,3,2,2,22,-5.0,17.0,Broken,Avoid/exit,31,0.0,-26.3,-11.5,37.1,1,,Energy,4247238.0,10537.67
GAMN,Great American Food Chain Inc. (The),0.08,7,10,2,5,5,4,2,35,-18,17,Broken,Avoid/exit,52,87.8,114.5,11.9,51.7,3,10,Consumer Cyclical,610459.0,2796.45
GSNC,Global eScience Corp,0.09,2,4,10,6,0,2,3,27,-15.0,17.0,Broken,🔥 COILED: Avoid/exit,28,0.0,0.0,0.0,50.0,1,,Communication Services,2878200.0,40.5
EHGRF,The Star Entertainment Group Limited,0.11,16,4,5,7,4,3,5,44,-27,17,Broken,Avoid/exit,35,175.0,175.0,54.7,78.1,3,3,Consumer Cyclical,729982336.0,581.5
NMREF,Namibia Critical Metals Inc,0.144,8,9,5,3,4,1,5,35,-18.0,17.0,Broken,Avoid/exit,33,34.6,9.9,6.2,51.9,2,,Basic Materials,33636496.0,72718.26
AIMV,AI Maverick Intel Inc.,0.1,12,3,3,11,3,3,5,40,-23,17,Broken,Avoid/exit,56,94.2,0.0,4.3,52.6,1,5,Healthcare,13049461.0,11896.68
GOGAF,GOGAF,0.11,7,4,6,3,0,0,2,22,-8.0,17.0,Broken,Avoid/exit,34,-8.2,0.1,-5.6,43.1,1,,Financial Services,12371888.0,37953.41
GPOTF,Gold Port Corporation,0.147,13,3,1,3,3,0,2,25,-8.0,17.0,Broken,Avoid/exit,52,-7.2,-8.0,-3.6,49.3,0,,Basic Materials,10081903.0,2547.82
SGNI,StemGen Inc,0.1,2,4,10,6,0,2,3,27,-15.0,17.0,Broken,🔥 COILED: Avoid/exit,28,0.0,0.0,0.0,50.0,1,,Communication Services,4567106.0,0.0
GBEI,Great Basin Energies Inc,0.12,3,1,6,3,6,6,2,27,-10.0,17.0,Broken,Avoid/exit,51,0.0,-7.6,-3.6,26.4,0,,Basic Materials,2298888.0,3860.87
BFRGW,"Bullfrog AI Holdings, Inc. Warrants",0.142,6,8,7,3,0,2,2,28,-11.0,17.0,Broken,Avoid/exit,36,-2.4,-2.4,-1.1,47.8,0,,Healthcare,nan,13300.87
TPGVF,Top Glove Corporation Bhd,0.192,4,4,3,6,3,5,2,27,-10.0,17.0,Broken,Avoid/exit,51,0.0,0.0,-5.8,29.9,0,,Healthcare,1537044224.0,1079.59
NMAKF,Nemak S. A. B. de C. V,0.198,5,1,3,8,3,6,3,29,-8.0,17.0,Broken,Avoid/exit,37,-1.6,-1.6,-1.3,19.3,1,,Consumer Cyclical,566354112.0,1296.15
INBP,Integrated Biopharma Inc,0.19,6,8,6,5,0,2,5,32,-15.0,17.0,Broken,Avoid/exit,12,5.6,5.6,-1.0,42.5,2,,Consumer Defensive,5901326.0,12121.23
LCKYF,Golden Sky Minerals Corp,0.18,12,4,6,10,1,4,5,42,-25,17,Broken,Avoid/exit,29,195.1,20.0,34.2,59.3,3,3,Basic Materials,4302830.0,3578.31
ZAUIF,ZAUIF,0.236,5,7,1,4,7,2,2,28,-11.0,17.0,Broken,Avoid/exit,54,2.7,-11.4,-3.8,40.2,2,,Basic Materials,57754024.0,10360.83
TBIIF,Tobii AB,0.212,0,1,2,8,5,4,2,22,-5.0,17.0,Broken,Avoid/exit,35,-16.2,-24.6,-16.7,18.6,1,,Technology,49818980.0,2953.38
IRVRF,Irving Resources Inc,0.226,5,6,3,4,3,5,2,28,-15.0,17.0,Broken,Avoid/exit,45,9.2,-13.1,-6.7,45.2,1,,Basic Materials,18901292.0,79867.52
SNYR,Synergy CHC Corp. Common Stock,0.239,3,13,4,3,3,4,2,32,-13.0,17.0,Broken,Avoid/exit,18,18.3,2.6,-0.3,42.6,1,,Healthcare,3561072.0,1210453.39
NSRCF,NextSource Materials Inc,0.27,11,4,4,4,3,3,3,32,-15.0,17.0,Broken,Avoid/exit,46,17.4,-3.6,2.7,52.7,1,,Basic Materials,66282244.0,47142.5
DNRGF,DNRGF,0.25,1,7,6,4,3,4,2,27,-13.0,17.0,Broken,Avoid/exit,30,0.0,-11.0,-5.6,39.4,1,,Energy,37775000.0,26205.95
AFJKR,"Aimei Health Technology Co., Ltd Right",0.28,1,10,6,1,3,2,2,25,-8.0,17.0,Broken,Avoid/exit,22,-1.1,-1.4,1.6,50.0,1,,nan,nan,0.0
MIDLF,Midland Exploration Inc,0.3,3,10,4,5,4,2,2,30,-13.0,17.0,Broken,Avoid/exit,31,3.4,-3.2,-0.8,47.4,2,,Basic Materials,33892040.0,15090.68
ULTHF,United Lithium Corp,0.3,12,10,3,8,4,0,2,39,-20.0,17.0,Broken,Avoid/exit,52,7.9,22.4,9.8,56.9,3,,Basic Materials,9933664.0,15246.5
AVIJF,AviChina Industry & Technology Co Ltd,0.445,4,3,6,5,0,3,3,24,-10.0,17.0,Broken,Avoid/exit,14,0.0,0.0,-0.4,0.5,0,,Industrials,3546724096.0,1547.64
AVTGF,AVTGF,0.419,3,3,6,3,3,7,2,27,-10.0,17.0,Broken,Avoid/exit,24,-3.8,-3.8,-5.0,12.7,0,,nan,88573776.0,7269.46
CHEAF,China Eastern Airlines Corporation Limited,0.47,5,6,2,2,3,7,2,27,-10.0,17.0,Broken,Avoid/exit,23,5.4,5.4,-3.9,25.3,0,,Industrials,10387862528.0,4048.01
CHKIF,China Southern Airlines Company Limited,0.47,4,6,3,6,3,3,2,27,-10.0,17.0,Broken,Avoid/exit,24,0.0,6.8,-1.1,39.1,0,,Industrials,8516854784.0,35439.5
VSQTF,Victory Square Technologies Inc,0.477,1,4,2,11,3,2,2,25,-8.0,17.0,Broken,Avoid/exit,40,3.7,-10.2,-4.3,46.0,0,,Healthcare,52194016.0,117835.64
WSTRF,Western Uranium & Vanadium Corp,0.454,6,12,6,1,4,4,2,35,-16.0,17.0,Broken,Avoid/exit,25,-0.7,-5.4,-2.3,44.9,2,,Energy,32340214.0,167480.58
ACGBF,Agricultural Bank Of China,0.74,3,4,7,3,6,1,3,27,-10.0,17.0,Broken,Avoid/exit,46,-3.9,-3.9,-2.0,42.3,0,,Financial Services,258987458560.0,0.0
CTRGF,Country Garden Services Holdings Co Ltd,0.725,5,3,4,5,3,1,3,24,-10.0,17.0,Broken,Avoid/exit,15,0.0,0.0,-0.1,0.0,0,,Real Estate,2361506560.0,11.35
BYND,Beyond Meat Inc,0.711,2,12,8,0,4,2,2,30,-13.0,17.0,Broken,Avoid/exit,41,1.0,-9.6,-3.3,45.3,2,,Consumer Defensive,366356928.0,94759319.82
BCTXL,BriaCell Therapeutics Corp. Warrant expiring 2031,0.72,1,12,2,1,3,2,2,23,-6.0,17.0,Broken,Avoid/exit,0,2.9,-12.2,-8.3,40.0,1,,nan,nan,0.0
LRDC,Laredo Oil Inc,0.83,12,4,1,6,7,2,2,34,-17.0,17.0,Broken,Avoid/exit,54,1.2,-6.7,-1.5,48.0,1,,Energy,65466800.0,62278.73
BGOPF,Bango plc,0.83,5,3,9,5,3,1,3,29,-15.0,17.0,Broken,Avoid/exit,17,0.0,0.0,-0.1,0.0,1,,Technology,63953844.0,147.67
TRGNF,Transgene SA,0.85,4,3,9,6,3,1,3,29,-15.0,17.0,Broken,Avoid/exit,17,0.0,0.0,-0.4,0.2,1,,Healthcare,277228064.0,13.0
CEBTF,Citychamp Watch & Jewellery Group Limited,0.01,4,3,9,5,3,1,3,28,-15.0,16.0,Broken,Avoid/exit,21,0.0,0.0,-0.4,2.5,1,,Consumer Cyclical,43518884.0,441.07
RBRI,RBR Global Inc,0.009,3,3,3,5,3,3,3,23,-10.0,16.0,Broken,Avoid/exit,9,0.0,0.0,-80.3,0.0,0,,Financial Services,27933454.0,42.0
ECOX,Eco Innovation Group Inc,0.001,2,4,2,9,2,0,2,21,-5.0,16.0,Broken,Avoid/exit,43,-15.4,-31.2,-26.6,35.3,1,,Industrials,9054237.0,178781161.51
IRNRF,Iron Road Limited,0.01,3,3,9,4,3,3,3,28,-15.0,16.0,Broken,Avoid/exit,11,0.0,0.0,-3.4,0.0,1,,Basic Materials,8653986.0,1086.23
BKUH,Bakhu Holdings Corp,0.001,4,3,9,5,3,1,3,28,-15.0,16.0,Broken,Avoid/exit,14,0.0,0.0,-5.4,0.0,1,,Healthcare,6026059.0,3.0
RPNRF,Rapid Nutrition PLC,0.01,4,3,9,4,3,2,3,28,-15.0,16.0,Broken,Avoid/exit,20,0.0,0.0,-99.5,19.6,1,,Consumer Defensive,4749340.0,0.0
EMBR,Embarr Downs Inc,0.003,15,3,2,14,5,2,5,46,-30.0,16.0,Broken,Avoid/exit,65,-27.9,24.0,16.2,56.5,3,,Financial Services,3214540.0,764668.21
BDCM,Broadcast Marketing Group Inc,0.01,1,1,0,7,3,2,2,16,0.0,16.0,Broken,Avoid/exit,36,0.0,-38.6,-22.9,19.0,0,,Industrials,3159960.0,12597.9
VISM,Visium Technologies Inc,0.002,3,8,5,2,0,4,2,24,-8.0,16.0,Broken,Avoid/exit,26,-9.1,17.6,-0.5,48.5,2,,Technology,2133455.0,2341423.2
ELLXF,Elixinol Global Ltd,0.004,1,4,5,9,0,0,2,21,-5.0,16.0,Broken,Avoid/exit,30,-55.6,-11.1,-46.1,45.0,1,,Healthcare,1655951.0,0.0
MGUY,Mogul Energy International Inc,0.002,1,4,1,8,3,2,2,21,-5.0,16.0,Broken,Avoid/exit,18,-15.4,-35.3,-16.3,43.6,2,,Industrials,1118803.0,90958.02
ULIX,Ulixe Corp.,0.006,7,5,4,4,0,1,5,26,-10.0,16.0,Broken,Avoid/exit,13,0.0,0.0,-7.0,24.9,0,,Technology,769670.0,6336.65
XTXXF,Phyto Extractions Inc,0.007,3,3,10,5,3,1,3,28,-15.0,16.0,Broken,Avoid/exit,21,0.0,0.0,-1.0,0.4,1,,Healthcare,39179.0,10.14
WNBDD,Winning Brands Corporation,0.005,10,9,2,3,4,2,5,35,-19.0,16.0,Broken,Avoid/exit,48,6.0,-11.7,-9.7,49.9,0,,Consumer Defensive,38843.0,19003.13
PTMLF,PTMLF,0.014,3,3,8,5,3,3,3,28,-15.0,16.0,Broken,Avoid/exit,0,0.0,0.0,-5.2,0.2,1,,Basic Materials,7145281.0,0.0
RIINF,Braveheart Resources Inc,0.02,1,7,2,5,4,0,2,21,-6.0,16.0,Broken,Avoid/exit,13,-0.5,-23.5,-10.1,42.2,0,,Basic Materials,6415910.0,307402.66
GTII,Global Tech Industries Group Inc,0.018,12,6,5,5,4,2,5,39,-21,16,Broken,Avoid/exit,41,752.4,214.0,99.1,56.5,4,7,Industrials,3498524.0,18657.61
EVKRF,Grid Battery Metals Inc.,0.015,3,12,2,5,4,6,2,34,-16.0,16.0,Broken,Avoid/exit,23,15.4,0.0,3.6,49.9,2,,Basic Materials,2900712.0,224872.57
ELMGF,Element79 Gold Corp,0.014,0,3,4,9,3,0,2,21,-5.0,16.0,Broken,Avoid/exit,28,-13.8,-22.9,-12.6,40.7,1,,Basic Materials,2861759.0,93986.68
RVRVF,Pathfinder Ventures Inc,0.02,3,3,7,4,3,5,3,28,-15.0,16.0,Broken,Avoid/exit,13,0.0,0.0,-9.2,0.8,1,,Consumer Cyclical,1208457.0,2480.13
SVREW,SaverOne 2014 Ltd. Warrant,0.012,6,11,4,0,3,2,5,31,-18.0,16.0,Broken,Avoid/exit,33,37.6,6.4,9.7,51.4,1,,nan,nan,0.0
BURUW,Nuburu Inc,0.016,4,6,3,6,0,5,2,26,-10.0,16.0,Broken,Avoid/exit,27,22.3,5.3,-28.9,46.1,0,,nan,nan,108950.77
SITS,Southern ITS International Inc,0.029,14,11,6,5,4,2,2,44,-26,16,Broken,Avoid/exit,31,42.2,45.0,25.3,57.6,4,,Industrials,9487973.0,120467.19
HNTRF,Gold Hunter Resources Inc.,0.03,3,13,5,3,3,2,2,31,-15.0,16.0,Broken,Avoid/exit,25,11.1,-6.2,-4.1,41.3,1,,Basic Materials,8688176.0,46242.2
SAMMF,Sama Resources Inc,0.03,6,5,3,6,1,3,2,26,-6.0,16.0,Broken,Avoid/exit,22,-3.8,-3.8,5.6,51.1,1,,Basic Materials,6957904.0,4402.15
LBSR,Liberty Star Uranium & Metals Corp,0.025,1,10,3,5,3,2,2,26,-11.0,16.0,Broken,Avoid/exit,33,2.5,-14.1,-6.0,44.9,2,,Basic Materials,2469435.0,650156.5
SLZNF,Slave Lake Zinc Corp,0.027,3,3,2,6,3,7,2,26,-10.0,16.0,Broken,Avoid/exit,38,0.0,-0.7,-5.4,9.2,0,,Basic Materials,1555227.0,5399.2
CHMJF,Chemistree Technology Inc,0.023,3,6,8,5,0,3,3,28,-15.0,16.0,Broken,Avoid/exit,13,0.0,0.0,-16.8,20.4,1,,Financial Services,226815.0,225.5
KMSWF,Kingmaker Footwear Holdings Limited,0.04,4,3,8,6,3,1,3,28,-15.0,16.0,Broken,Avoid/exit,12,0.0,0.0,-0.4,0.0,1,,Consumer Cyclical,66119144.0,25.0
FDCT,FDCTech Inc,0.04,5,2,3,12,4,2,2,30,-14.0,16.0,Broken,Avoid/exit,43,-40.1,-40.1,-29.0,37.2,0,,Financial Services,16965698.0,139297.79
ATOXF,Durango Resources Inc,0.038,14,10,5,2,3,7,5,46,-28,16,Broken,Avoid/exit,20,34.6,46.7,15.8,56.7,4,,Basic Materials,4466196.0,335231.94
CLLMF,Collective Metals Inc.,0.04,12,3,1,4,2,4,2,28,-15.0,16.0,Broken,Avoid/exit,25,-4.7,-4.7,-8.7,43.6,1,,Basic Materials,2769893.0,1566.25
WWTIF,Water Ways Technologies Inc,0.034,3,3,10,4,4,1,3,28,-15.0,16.0,Broken,Avoid/exit,27,0.0,0.0,-0.9,1.3,1,,Industrials,510333.0,305.9
ACONW,Aclarion Inc,0.04,13,11,3,8,3,7,4,49,-29,16,Broken,Avoid/exit,55,38.0,16.8,23.9,61.4,3,,nan,nan,19385.04
SGCPF,Solstice Gold Corp,0.042,10,6,2,3,0,6,2,29,-13.0,16.0,Broken,Avoid/exit,27,9.2,-5.5,-12.7,46.4,1,,Basic Materials,10893009.0,111689.21
AKEMF,Alaska Energy Metals Corporation,0.044,6,13,5,0,3,2,2,31,-13.0,16.0,Broken,Avoid/exit,16,11.0,-11.2,-4.1,41.5,2,,Basic Materials,8957215.0,511659.77
ZPHYF,Zephyr Minerals Ltd,0.045,7,5,2,5,1,6,2,28,-8.0,16.0,Broken,Avoid/exit,41,22.3,12.5,1.0,49.1,2,,Basic Materials,5163929.0,23073.26
PHRRF,Pharmather Holdings Ltd,0.044,3,13,4,1,3,2,2,28,-13.0,16.0,Broken,Avoid/exit,35,2.3,-2.2,-1.3,46.2,2,,Healthcare,4004838.0,274482.82
XIGMF,Xigem Technologies Corporation,0.05,9,6,11,6,4,2,3,41,-28.0,16.0,Broken,Avoid/exit,48,0.0,0.0,0.0,99.7,1,,Technology,3749799.0,1456.6
SYGCF,Sylla Gold Corp.,0.046,3,13,3,0,4,4,2,29,-13.0,16.0,Broken,Avoid/exit,35,12.9,-9.2,0.7,49.2,1,,Basic Materials,2549038.0,34313.25
ESVNF,E79 Resources Corp,0.041,1,3,1,8,3,3,2,21,-5.0,16.0,Broken,Avoid/exit,16,0.0,-82.2,-66.2,13.7,1,,Healthcare,266955.0,99.43
RMSGW,Real Messenger Corporation Warrants,0.049,4,7,3,4,4,6,2,30,-14.0,16.0,Broken,Avoid/exit,35,-6.9,18.7,-0.6,49.8,2,,nan,nan,24074.66
RADLF,Radial Research Corp.,0.059,6,2,6,3,3,4,2,26,-10.0,16.0,Broken,Avoid/exit,34,-15.3,-15.3,-16.0,17.5,0,,Technology,192640.0,325.73
CBRSF,Champion Bear Resources Ltd,0.07,11,7,3,7,3,0,5,36,-20.0,16.0,Broken,Avoid/exit,48,0.0,16.7,4.7,50.2,3,,Basic Materials,5267134.0,11992.13
IPGGF,Imperium Group Global Holdings Limited,0.076,3,12,1,5,4,4,2,31,-15.0,16.0,Broken,Avoid/exit,15,8.6,-5.0,-9.4,44.4,1,,Consumer Cyclical,34039768.0,4776.4
ECLMF,Ecolomondo Corporation,0.077,6,3,6,2,3,5,3,28,-15.0,16.0,Broken,Avoid/exit,12,0.0,0.0,-4.7,5.0,1,,Industrials,17554294.0,3610.15
MKRIF,Melkior Resources Inc,0.09,6,4,5,9,0,0,4,28,-15.0,16.0,Broken,Avoid/exit,21,0.0,-15.1,-3.3,42.9,1,,Basic Materials,4684519.0,21504.4
INEOD,INEO Tech Corp.,0.082,17,2,7,9,6,2,5,48,-28.0,16.0,Broken,Avoid/exit,49,-3.4,2.6,40.3,75.1,1,,Communication Services,2665716.0,21833.74
PGZFF,Pan Global Resources Inc.,0.15,9,8,3,4,5,5,5,39,-23.0,16.0,Broken,Avoid/exit,54,7.0,-2.3,0.6,52.1,1,,Basic Materials,54459284.0,81798.6
BTRMF,Battery Mineral Resources Corp,0.123,14,12,4,5,4,2,4,45,-27,16,Broken,Avoid/exit,56,28.8,25.3,19.1,61.3,4,,Basic Materials,51279808.0,31173.31
CNOBF,Hemlo Explorers Inc,0.11,3,4,5,3,3,3,2,23,-10.0,16.0,Broken,Avoid/exit,34,0.0,0.0,-5.0,40.0,0,,Basic Materials,24966734.0,7550.02
ALHDF,ALHDF,0.126,3,3,8,5,3,3,3,28,-15.0,16.0,Broken,Avoid/exit,17,0.0,0.0,-15.1,0.0,1,,Technology,7227965.0,0.0
SILEF,Silver Elephant Mining Corp,0.1,8,9,1,2,2,2,2,26,-10.0,16.0,Broken,Avoid/exit,19,25.0,11.1,-0.4,47.4,2,,Basic Materials,5714797.0,70901.5
NUVOQ,Holdco Nuvo Group D.G Ltd,0.1,13,4,3,5,0,1,5,31,-15.0,16.0,Broken,Avoid/exit,42,0.0,0.0,5.0,53.9,1,,Healthcare,3326154.0,122.48
EGFFX,EDGEWOOD GROWTH FUND RETAIL CLASS SHARES,0.102,3,8,4,4,3,3,4,29,-13.0,16.0,Broken,Avoid/exit,20,1.7,1.7,-92.2,5.6,0,,nan,0.0,0.0
CODQL,Coronado Global Resources Inc,0.182,7,5,8,0,3,4,4,31,-15.0,16.0,Broken,Avoid/exit,30,0.0,1.2,-0.1,39.7,1,,Basic Materials,310206304.0,5222.7
SRLZF,Salazar Resources Limited,0.18,10,4,1,4,5,3,3,30,-15.0,16.0,Broken,Avoid/exit,48,0.0,-3.3,1.7,52.6,1,,Basic Materials,47952840.0,38627.77
NFLDD,Epic Gold Corp.,0.17,17,7,5,5,6,2,5,47,-29.0,16.0,Broken,Avoid/exit,59,6.1,-9.7,35.8,71.3,2,,Basic Materials,7299865.0,40166.34
ZSPC,"zSpace, Inc. Common stock",0.179,5,5,2,12,0,0,5,29,-13.0,16.0,Broken,Avoid/exit,28,-50.2,-12.9,-15.1,47.3,1,,Technology,858919.0,445601.98
FMZNF,Family Zone Cyber Safety Limited,0.2,4,3,10,5,0,3,3,28,-15.0,16.0,Broken,Avoid/exit,20,0.0,0.0,-0.4,3.8,1,,Technology,274845888.0,2306.51
SNANF,Sona Nanotech Inc,0.222,8,9,4,4,5,2,2,34,-18.0,16.0,Broken,Avoid/exit,25,12.7,4.7,3.5,54.3,2,,Healthcare,25391308.0,6427.76
ALTX,Altex Industries Inc,0.244,5,5,5,5,4,0,5,29,-13.0,16.0,Broken,Avoid/exit,33,-9.0,3.4,1.1,50.8,2,,Energy,2729784.0,4389.34
EDBL,Edible Garden AG Inc,0.218,6,11,7,5,3,2,2,36,-18.0,16.0,Broken,Avoid/exit,15,-18.7,1.3,-17.6,34.8,1,,Consumer Defensive,1968554.0,1634190.07
CHECW,Chenghe Acquisition III Co. Warrants,0.21,0,1,2,7,0,4,2,16,0.0,16.0,Broken,Avoid/exit,27,-12.5,-12.5,-11.4,1.5,0,,nan,nan,0.0
AHNRD,Athena Gold Corporation,0.21,6,4,3,6,3,2,2,26,-10.0,16.0,Broken,Avoid/exit,30,-4.5,-8.7,-16.9,40.0,0,,nan,nan,18454.53
WTXR,West Texas Resources Inc,0.28,10,8,4,14,5,0,2,43,-25.0,16.0,Broken,Avoid/exit,65,4.7,18.7,8.1,56.8,4,,Energy,23926000.0,16238.59
MRZLF,Mirasol Resources Ltd,0.25,1,10,6,5,3,2,2,29,-13.0,16.0,Broken,Avoid/exit,19,4.2,-7.4,-2.1,42.0,2,,Basic Materials,22149298.0,8836.95
PNTZF,Trigon Metals Inc,0.278,7,7,4,1,3,2,2,26,-10.0,16.0,Broken,Avoid/exit,35,3.9,-4.0,-0.5,48.2,0,,Basic Materials,15255973.0,15956.21
LFACW,Leapfrog Acquisition Corporation Warrants,0.28,6,3,0,5,0,7,2,23,-10.0,16.0,Broken,Avoid/exit,0,-56.3,53.1,-46.3,45.0,2,,nan,1930174.0,0.0
MDNAF,Medicenna Therapeutics Corp,0.3,6,10,5,6,2,2,2,33,-15.0,16.0,Broken,Avoid/exit,9,-3.2,-10.2,-7.2,36.2,2,,Healthcare,25026060.0,89052.34
AEBZY,Anadolu Efes Biracilik ve Malt Sanayii AS ADR,0.39,10,13,6,4,6,0,2,41,-21.0,16.0,Broken,Avoid/exit,47,5.4,5.4,2.6,53.1,0,,Consumer Defensive,2131579008.0,57717.5
SBMJF,Dimerix Ltd,0.35,10,6,11,6,3,2,3,41,-28.0,16.0,Broken,Avoid/exit,45,0.0,0.0,0.0,99.6,1,,Healthcare,210138880.0,10.7
OSRH,OSR Holdings Inc,0.392,3,10,5,0,4,2,2,26,-8.0,16.0,Broken,Avoid/exit,25,-6.5,-5.8,-8.8,39.7,1,,Healthcare,13754137.0,4048566.85
SGLY,Singularity Future Technology Ltd,0.365,1,13,5,1,3,2,2,27,-9.0,16.0,Broken,Avoid/exit,28,1.4,-8.8,-2.3,42.9,2,,Industrials,2479787.0,328308.93
CRWOF,China Railway Group Limited,0.409,3,6,2,3,3,7,2,26,-10.0,16.0,Broken,Avoid/exit,12,0.0,0.0,-6.8,0.7,0,,Industrials,10096664576.0,1484.86
DVLT,Datavault AI Inc.,0.406,3,11,5,0,4,2,2,27,-11.0,16.0,Broken,Avoid/exit,26,4.2,-13.5,-7.8,40.5,2,,Technology,347785952.0,62629739.05
USBC,"USBC, Inc.",0.418,10,16,5,3,3,4,3,44,-28,16,Broken,Avoid/exit,41,16.3,35.0,12.1,56.9,4,,Technology,162438448.0,1329124.52
TRJNF,TRJNF,0.4,5,3,9,6,0,2,3,28,-15.0,16.0,Broken,Avoid/exit,18,0.0,0.0,-0.0,0.0,1,,Healthcare,61145452.0,450.0
XTNT,Xtant Medical Holdings Inc,0.441,6,5,7,4,2,2,2,28,-10.0,16.0,Broken,Avoid/exit,15,2.5,-4.2,-3.5,38.8,1,,Healthcare,61799860.0,191409.68
DGTCF,DIGITAL CORE REIT,0.484,1,7,4,1,3,3,2,21,-8.0,16.0,Broken,Avoid/exit,38,0.9,-3.1,-1.6,42.8,0,,Real Estate,631531968.0,12528.07
LTSRF,Lotus Resources Limited,0.475,8,13,8,6,3,2,4,44,-28,16,Broken,Avoid/exit,23,24.3,8.0,2.7,46.2,3,,Basic Materials,129778704.0,89961.1
BGAVF,Bravada Gold Corporation,0.462,3,2,4,8,3,2,2,24,-8.0,16.0,Broken,Avoid/exit,45,-11.9,-19.3,-14.3,37.7,0,,Basic Materials,17213534.0,169313.71
GIPL,Global Innovative Platforms Inc,0.5,6,2,5,5,3,7,3,31,-15.0,16.0,Broken,Avoid/exit,34,-0.0,-0.0,-0.2,19.1,1,,Financial Services,170905.0,54.78
GDQMF,GoldQuest Mining Corp.,0.53,2,6,2,9,0,5,5,29,-13.0,16.0,Broken,Avoid/exit,6,-13.1,-33.8,-18.1,40.0,1,,Basic Materials,202884704.0,121910.1
UMEW,UMeWorld Inc.,0.54,7,6,0,3,3,4,3,26,-10.0,16.0,Broken,Avoid/exit,35,0.0,-1.8,-1.4,39.7,0,,Consumer Defensive,62693784.0,862.5
MMA,Mixed Martial Arts Group Limited,0.502,1,4,0,11,2,0,3,21,-5.0,16.0,Broken,Avoid/exit,24,16.8,-3.4,-10.3,45.6,2,,Consumer Cyclical,13298710.0,1633748.82
TCGDF,TCGDF,0.55,9,6,11,6,4,2,3,41,-28.0,16.0,Broken,Avoid/exit,47,0.0,0.0,0.0,99.7,1,,Basic Materials,580010368.0,280.62
LCDL,GraniteShares 2x Long LCID Daily ETF,0.595,3,11,2,0,4,4,2,26,-8.0,16.0,Broken,Avoid/exit,19,5.7,-16.5,-11.9,39.5,1,,nan,nan,425154.68
CNFN,Cfn Enterprises Inc,0.6,1,3,2,7,3,3,2,21,-5.0,16.0,Broken,Avoid/exit,22,0.0,0.0,-13.3,30.7,1,,Communication Services,5367814.0,270.0
EVOL,Evolving Systems Inc,0.6,11,5,1,4,3,5,3,32,-15.0,16.0,Broken,Avoid/exit,49,0.0,0.0,-1.3,49.5,1,,Technology,4374286.0,807.43
PEFDF,Delfi Limited,0.67,1,3,3,6,5,6,2,26,-10.0,16.0,Broken,Avoid/exit,29,0.0,-10.7,-6.7,22.9,0,,Consumer Defensive,409475200.0,0.0
AAQL,Antiaging Quantum Living Inc.,0.668,14,3,7,11,3,3,5,46,-30,16,Broken,Avoid/exit,50,10.7,10.7,5.4,80.1,3,,Consumer Cyclical,22911350.0,305.24
TLSIW,TriSalus Life Sciences Inc.,0.65,3,9,3,0,3,2,4,24,-8.0,16.0,Broken,Avoid/exit,12,-13.3,7.3,-2.9,46.1,0,,nan,nan,3380.07
TGLVY,Top Glove Corporation Bhd ADR,0.74,11,5,2,3,6,4,5,36,-20.0,16.0,Broken,Avoid/exit,39,-9.7,-14.0,-2.4,49.7,0,,Healthcare,1484326016.0,0.0
TMDE,TMD Energy Limited,0.727,3,10,4,3,4,1,4,29,-11.0,16.0,Broken,Avoid/exit,23,-32.7,-0.7,-11.2,43.3,0,,Energy,17134112.0,3036934.97
WKSP,Worksport Ltd,0.738,9,14,2,5,3,2,2,37,-17.0,16.0,Broken,Avoid/exit,26,12.0,7.6,3.3,48.6,1,,Consumer Cyclical,9305774.0,1409979.98
UNEH,"Universal New Energy Holding Group, Inc.",0.79,13,2,6,12,6,4,5,48,-30,16,Broken,Avoid/exit,56,-5.9,30.1,15.7,78.6,3,,Industrials,17528104.0,2556.07
HIHO,Highway Holdings Limited,0.788,11,7,1,4,4,1,3,31,-13.0,16.0,Broken,Avoid/exit,25,-9.5,8.0,0.7,50.6,2,,Industrials,3679674.0,966691.48
QSCGF,q.beyond AG,0.922,3,3,9,6,3,1,3,28,-15.0,16.0,Broken,Avoid/exit,18,0.0,0.0,-2.9,0.0,1,,Technology,19932718.0,0.0
PGNYF,Hartshead Resources NL,0.003,1,4,2,6,3,7,2,25,-10.0,15.0,Broken,Avoid/exit,22,0.0,0.0,-34.3,9.5,0,,Energy,8471046.0,15308.43
RMSL,REMSleep Holdings Inc,0.002,6,6,2,4,2,2,3,25,-10.0,15.0,Broken,Avoid/exit,18,-4.0,-36.8,-13.0,42.1,1,,Healthcare,4575447.0,4239624.74
DIGTF,Thruvision Group plc,0.01,5,6,3,0,6,5,2,27,-15.0,15.0,Broken,Avoid/exit,25,0.0,0.0,-2.0,11.3,1,,Industrials,4245853.0,18035.0
NMTAF,Neometals Ltd,0.005,3,4,7,5,3,3,2,27,-15.0,15.0,Broken,Avoid/exit,14,0.0,0.0,-25.9,24.8,1,,Industrials,4211832.0,6072.93
ACRL,Atacama Resources International Inc,0.002,4,6,6,8,2,0,2,28,-13.0,15.0,Broken,Avoid/exit,16,-13.0,0.0,-7.9,44.9,1,,Basic Materials,3525432.0,2351590.02
NRWMF,Norwest Minerals Limited,0.002,1,4,0,7,3,3,2,20,-5.0,15.0,Broken,Avoid/exit,9,0.0,0.0,-49.1,0.4,1,,Basic Materials,2379319.0,10.74
GRHI,Gold Rock Holdings Inc,0.007,3,5,7,0,3,2,2,22,-10.0,15.0,Broken,Avoid/exit,20,0.0,6.1,-13.1,33.0,0,,Industrials,1667518.0,10063.87
CLRI,Cleartronic Inc,0.009,3,8,0,4,4,2,2,23,-8.0,15.0,Broken,Avoid/exit,26,15.0,-22.7,-1.6,47.3,1,,Technology,1237888.0,8992.31
RTON,Right On Brands Inc,0.011,4,7,2,9,6,0,2,30,-15.0,15.0,Broken,Avoid/exit,25,-46.8,-13.0,-17.1,46.3,1,,Consumer Defensive,447447.0,20857.27
ECPL,EcoPlus Inc,0.007,1,3,1,9,3,0,3,20,-5.0,15.0,Broken,Avoid/exit,14,-31.6,-31.6,-14.6,35.5,1,,Healthcare,195842.0,3942.99
EXXBF,eXeBlock Technology Corporation,0.001,3,6,3,6,3,1,3,25,-10.0,15.0,Broken,Avoid/exit,19,0.0,0.0,-22.3,2.7,0,,Technology,123204.0,1192.65
ASRE,Astra Energy Inc,0.001,12,5,8,11,3,1,5,45,-30,15,Broken,Avoid/exit,28,42.9,233.3,51.0,58.6,3,,Utilities,75110.0,33286.5
ANGCF,Angel Gold Corp,0.001,6,3,7,4,3,1,3,27,-15.0,15.0,Broken,Avoid/exit,14,0.0,0.0,-57.6,26.7,1,,Basic Materials,24328.0,378.85
PRTDF,Petro Matad Limited,0.017,16,3,8,5,4,1,5,42,-30,15,Broken,Avoid/exit,56,0.0,20.6,12.3,73.4,3,,Energy,31268146.0,14113.69
MCFNF,MCF Energy Ltd.,0.016,3,2,2,9,2,0,2,20,-5.0,15.0,Broken,Avoid/exit,9,-9.9,-25.9,-18.6,33.4,1,,Energy,5042108.0,126621.38
ILHMF,International Lithium Corp,0.014,3,11,4,4,4,0,2,28,-13.0,15.0,Broken,Avoid/exit,25,-3.5,-3.5,-6.7,45.1,1,,Basic Materials,2805753.0,87057.45
GOGY,Golden Grail Technology Corp,0.016,2,10,8,6,6,2,2,36,-21.0,15.0,Broken,Avoid/exit,25,-2.9,-8.3,-6.9,44.5,1,,Consumer Defensive,1285389.0,39584.68
TNBI,Tanke Biosciences Corporation,0.02,3,3,10,5,3,3,3,30,-15.0,15.0,Broken,Avoid/exit,19,0.0,0.0,-5.4,7.2,1,,Financial Services,509285.0,4059.6
VIVC,Vivic Corp,0.013,3,11,4,5,3,4,5,35,-20,15,Broken,Avoid/exit,21,62.5,18.2,-11.1,37.6,3,10,Consumer Cyclical,346552.0,10588.47
PMEDF,Predictmedix Inc,0.028,6,6,3,3,3,2,2,25,-8.0,15.0,Broken,Avoid/exit,22,-3.1,-14.8,-4.0,47.2,0,,Healthcare,6134451.0,24293.01
GCEI,Global Clean Energy Inc,0.032,1,10,1,6,3,2,2,25,-8.0,15.0,Broken,Avoid/exit,20,-11.9,-16.6,-11.5,40.7,0,,Industrials,17633556.0,402929.65
MCREF,Metals Creek Resources Corp,0.04,14,4,5,4,6,0,5,38,-23.0,15.0,Broken,Avoid/exit,65,0.0,0.0,10.5,91.2,0,,Basic Materials,9483874.0,57466.29
SILS,Silver Scott Mines Inc,0.037,1,6,4,1,3,2,5,22,-10.0,15.0,Broken,Avoid/exit,40,13.1,11.4,-7.1,44.6,2,,Basic Materials,6615850.0,12286.39
CBSC,CB Scientific Inc,0.035,4,3,6,6,6,0,5,30,-15.0,15.0,Broken,Avoid/exit,27,-12.5,-12.5,-5.5,42.1,1,,Healthcare,5790350.0,20595.05
HGAS,Global Gas Corporation,0.037,1,3,5,6,3,5,2,25,-10.0,15.0,Broken,Avoid/exit,36,0.0,0.0,-11.1,35.7,0,,Basic Materials,276695.0,805.11
IGTAW,Inception Growth Acquisition Limited Warrants,0.04,8,7,6,6,2,2,2,33,-18.0,15.0,Broken,Avoid/exit,28,-24.9,-0.2,-13.3,42.4,0,,nan,nan,0.0
ELST,Electronic Systems Technology Inc,0.05,8,4,8,6,0,1,3,30,-18.0,15.0,Broken,Avoid/exit,35,0.0,0.0,0.0,76.5,1,,Technology,247325.0,374.99
CRMNF,Harena Rare Earths Plc,0.05,6,5,7,3,0,2,2,25,-15.0,15.0,Broken,🔥 COILED: Avoid/exit,0,0.0,0.0,-2.4,43.4,1,,Basic Materials,nan,0.0
CWSFF,Cielo Waste Solutions Corp,0.053,2,11,6,0,6,2,3,30,-13.0,15.0,Broken,Avoid/exit,36,6.8,-8.9,-2.1,47.6,2,,Industrials,10216816.0,62486.55
VSBGF,VSBLTY Groupe Technologies Corp,0.052,6,8,0,5,2,4,2,27,-15.0,15.0,Broken,Avoid/exit,17,-12.5,-12.5,-29.3,44.6,1,,Technology,6746940.0,12698.73
ECXWW,ECARX Holdings Inc. Warrants,0.056,2,2,2,8,1,0,2,17,0.0,15.0,Broken,Avoid/exit,32,-7.3,-7.3,-5.7,39.7,0,,nan,nan,24164.51
NRSAF,Norse Atlantic ASA,0.071,3,11,3,5,3,3,2,30,-15.0,15.0,Broken,Avoid/exit,11,0.9,-5.9,-28.2,16.5,1,,Industrials,21223770.0,3934.09
VIORF,Vior Inc,0.074,3,5,6,8,0,0,2,24,-5.0,15.0,Broken,Avoid/exit,21,-3.5,-12.7,-8.7,31.6,0,,Basic Materials,31569444.0,27647.55
EUMNF,Euro Manganese Inc,0.077,8,7,3,6,0,2,2,28,-13.0,15.0,Broken,Avoid/exit,20,13.2,-3.7,-5.4,43.1,1,,Basic Materials,11007496.0,33359.5
BXXRF,ExGen Resources Inc,0.072,5,5,3,6,7,0,4,30,-15.0,15.0,Broken,Avoid/exit,14,-10.6,-11.0,-3.5,46.4,1,,Basic Materials,7858785.0,20677.79
GDLG,Glidelogic Corp.,0.072,3,2,7,4,3,4,2,25,-10.0,15.0,Broken,Avoid/exit,13,-3.2,-10.0,-10.7,2.5,0,,Technology,4795153.0,15214.55
NMLSF,Nova Mentis Life Science Corp,0.073,8,8,2,3,4,6,5,36,-21,15,Broken,Avoid/exit,39,107.7,619.8,36.5,54.9,3,7,Healthcare,4440323.0,1864.1
UMGP,Universal Media Group Inc,0.075,13,11,4,7,2,6,2,45,-30,15,Broken,Avoid/exit,40,50.0,102.7,19.9,54.1,4,,Communication Services,2759687.0,39274.79
TUWOY,Tullow Oil PLC ADR,0.081,3,2,2,8,3,0,2,20,-5.0,15.0,Broken,Avoid/exit,43,-19.0,-19.0,-14.4,39.8,1,,Energy,242403696.0,641059.64
SHERF,Sherritt International Corporation,0.09,5,3,10,6,0,3,3,30,-15.0,15.0,Broken,Avoid/exit,21,0.0,0.0,-5.2,31.5,1,,Basic Materials,75389184.0,52122.91
VBAMF,Vital Battery Metals Inc.,0.1,6,8,2,6,4,2,2,30,-15.0,15.0,Broken,Avoid/exit,26,23.7,-2.4,-1.5,46.4,1,,Basic Materials,9243094.0,1637.9
STIFF,Plaid Technologies Inc.,0.091,1,6,1,7,0,3,2,20,-5.0,15.0,Broken,Avoid/exit,24,0.0,0.0,-50.0,25.1,1,,Consumer Defensive,6156867.0,272.01
ASCC,Aristocrat Group Corp,0.097,14,9,3,5,3,4,5,43,-28,15,Broken,Avoid/exit,65,3.2,54.0,6.2,53.1,4,,Consumer Defensive,4107279.0,2215.84
CHVKY,China Vanke Co. Ltd,0.138,4,3,10,6,3,1,3,30,-15.0,15.0,Broken,Avoid/exit,21,0.0,0.0,-0.5,12.4,1,,Real Estate,6376264192.0,263.95
MTTAF,Meta Critical Minerals Inc.,0.127,4,8,0,7,2,2,2,25,-6.0,15.0,Broken,Avoid/exit,0,-4.6,-32.4,-21.9,32.6,2,,Basic Materials,16553509.0,0.0
DTARF,Delta Resources Ltd,0.122,3,11,4,4,2,2,2,28,-13.0,15.0,Broken,Avoid/exit,46,1.5,3.5,-0.4,47.4,2,,Basic Materials,16622268.0,53186.22
KLGDF,Kalo Gold Holdings Corp,0.12,2,5,2,7,2,0,2,20,-5.0,15.0,Broken,Avoid/exit,32,-2.0,-17.1,-10.5,39.9,1,,Basic Materials,14156512.0,56010.14
VDOMF,Val-d'Or Mining Corporation,0.128,3,5,3,6,6,0,2,25,-10.0,15.0,Broken,Avoid/exit,45,-16.9,16.4,-8.3,45.8,2,,Basic Materials,13633698.0,14808.09
PSYGF,Psyence Group Inc,0.127,9,6,10,6,3,3,3,40,-28.0,15.0,Broken,Avoid/exit,42,0.0,0.0,0.0,94.3,1,,Healthcare,2048434.0,19.33
ANGGF,Angang Steel Company Limited,0.15,3,4,6,6,3,3,2,27,-15.0,15.0,Broken,Avoid/exit,7,0.0,0.0,-9.0,0.0,1,,Basic Materials,1405383168.0,45.5
BURU,Nuburu Inc.,0.164,7,9,4,0,4,4,2,30,-13.0,15.0,Broken,Avoid/exit,32,4.1,-3.2,-4.2,44.7,2,,Industrials,29448892.0,25493169.65
ITP,IT Tech Packaging Inc,0.19,5,4,1,10,0,0,2,22,-5.0,15.0,Broken,Avoid/exit,30,-5.0,0.0,-3.6,47.0,1,,Basic Materials,3223429.0,2631373.1
SPOFF,Goldspot Discoveries Corp,0.223,5,7,6,3,2,2,2,27,-10.0,15.0,Broken,Avoid/exit,33,7.7,-3.5,-3.2,43.7,0,,Technology,31461384.0,166856.97
NPRFF,Nepra Foods Inc,0.215,6,12,0,4,4,2,2,30,-13.0,15.0,Broken,Avoid/exit,53,25.0,-14.7,-16.3,43.1,2,,Consumer Defensive,30964434.0,82922.42
WANSF,WANdisco plc,0.2,16,4,7,10,1,2,5,45,-30,15,Broken,Avoid/exit,46,33.3,566.7,74.5,78.5,3,,Technology,25289732.0,11799.17
COSM,Cosmos Health Inc.,0.213,2,4,2,8,0,2,2,20,-5.0,15.0,Broken,Avoid/exit,23,3.3,-21.4,-14.2,37.0,1,,Healthcare,13216490.0,2105232.36
BAERW,"Bridger Aerospace Group Holdings, Inc. Warrant",0.285,1,3,1,8,0,2,2,17,0.0,15.0,Broken,Avoid/exit,32,-4.7,-32.9,-16.0,41.3,0,,nan,nan,80745.9
WNRSD,WNRSD,0.25,5,3,0,13,2,0,2,25,-10.0,15.0,Broken,Avoid/exit,34,-75.0,-37.7,-50.6,43.3,0,,nan,nan,1257.77
KCKSF,Keck Seng Investments (Hong Kong) Limited,0.3,7,3,11,6,3,2,3,35,-23.0,15.0,Broken,Avoid/exit,0,0.0,0.0,0.0,90.7,0,,Consumer Cyclical,102060008.0,0.0
VIPZ,"VIP Play, Inc.",0.323,5,11,1,3,4,2,2,28,-13.0,15.0,Broken,Avoid/exit,38,7.7,7.7,-4.8,46.9,1,,Consumer Cyclical,23726888.0,15454.77
EVGIF,EverGen Infrastructure Corp,0.331,16,6,4,13,1,2,5,47,-28,15,Broken,Avoid/exit,54,36.9,36.9,27.3,82.9,3,,Industrials,8573712.0,786.73
ASPSW,Altisource Portfolio Solutions S.A.,0.33,2,1,2,8,0,0,2,15,0.0,15.0,Broken,Avoid/exit,25,-10.8,-15.4,-13.6,23.6,1,,nan,nan,18596.96
ZKPW,Lafayette Digital Acquisition Corp. I Warrant,0.33,15,5,4,11,0,3,5,43,-28.0,15.0,Broken,Avoid/exit,0,31.5,6.5,5.3,58.4,0,,nan,nan,0.0
WCHNF,West China Cement Limited,0.35,7,3,11,6,3,2,3,35,-23.0,15.0,Broken,Avoid/exit,42,0.0,0.0,0.0,96.1,0,,Basic Materials,1258567552.0,0.0
MAXQF,Maritime Launch Services Inc.,0.368,6,13,6,3,4,2,4,38,-23.0,15.0,Broken,Avoid/exit,43,2.7,-6.1,-1.2,47.5,2,,Industrials,279679328.0,230763.94
OONEF,01 Communique Laboratory Inc,0.382,8,9,3,0,5,0,5,30,-15.0,15.0,Broken,Avoid/exit,50,-1.9,-16.9,-1.4,50.2,1,,Technology,41509824.0,158181.41
GCTK,GlucoTrack Inc,0.368,1,3,1,8,0,0,2,15,0.0,15.0,Broken,Avoid/exit,15,-10.1,-44.6,-27.5,29.8,0,,Healthcare,2416707.0,2053590.32
TDGGF,TDGGF,0.36,1,10,3,0,3,2,2,21,-6.0,15.0,Broken,Avoid/exit,27,4.9,-11.2,-4.3,41.1,1,,nan,nan,31228.53
GOCOQ,GOCOQ,0.35,1,11,0,5,2,4,2,25,-8.0,15.0,Broken,Avoid/exit,20,11.8,-52.1,-31.6,29.2,1,,nan,nan,148733.05
FPRGF,Falco Resources Ltd,0.41,19,5,4,6,5,2,5,46,-27,15,Broken,Avoid/exit,69,28.9,12.3,13.0,62.8,3,,Basic Materials,150465024.0,58355.64
BSDGF,Bosideng International Holdings Limited,0.469,0,2,0,7,0,4,2,15,0.0,15.0,Broken,Avoid/exit,17,-12.3,-16.8,-13.4,40.1,0,,Consumer Cyclical,6321576960.0,5476.74
ALDSD,APPlife Digital Solutions Inc.,0.45,17,3,7,5,6,2,5,45,-30,15,Broken,Avoid/exit,60,0.0,21328.6,119.8,99.4,3,,Technology,3645045.0,269.16
TFGL,Nuvonyx Inc,0.48,4,8,5,8,3,5,2,35,-20.0,15.0,Broken,Avoid/exit,24,-6.2,31.1,-14.3,38.5,3,,Financial Services,850537.0,1177.4
BLZRW,Trailblazer Acquisition Corp. Warrant,0.462,2,10,2,1,4,2,2,23,-8.0,15.0,Broken,Avoid/exit,35,-3.9,-3.9,-0.6,48.9,1,,nan,nan,0.0
IBO,"Impact BioMedical, Inc.",0.502,2,5,5,9,0,1,2,24,-9.0,15.0,Broken,Avoid/exit,27,-10.3,-11.0,-9.7,39.5,1,,Healthcare,54147824.0,1441095.11
OPENW,Opendoor Technologies Inc.,0.506,3,8,4,3,2,0,5,25,-10.0,15.0,Broken,Avoid/exit,29,-5.5,-24.5,-10.3,42.4,0,,nan,nan,0.0
CSPHF,CStone Pharmaceuticals,0.595,1,3,0,7,3,4,2,20,-5.0,15.0,Broken,Avoid/exit,5,-14.4,-14.4,-18.8,1.3,1,,Healthcare,951228544.0,1291.08
VANAF,Largo Physical Vanadium Corp.,0.6,7,2,4,3,3,3,3,25,-10.0,15.0,Broken,Avoid/exit,34,-0.3,-0.3,-0.6,31.9,0,,Basic Materials,10090080.0,386.67
QETAR,Quetta Acquisition Corporation Right,0.7,6,9,2,3,3,2,2,27,-10.0,15.0,Broken,Avoid/exit,25,7.7,3.0,-13.2,39.1,0,,nan,nan,0.0
CALC,"CalciMedica, Inc. Common Stock",0.755,10,4,3,9,3,4,5,38,-23.0,15.0,Broken,Avoid/exit,24,-15.3,-11.2,-8.3,45.7,1,,Healthcare,11933833.0,474255.51
VTAK,Catheter Precision Inc.,0.84,2,3,5,9,0,4,5,28,-13.0,15.0,Broken,Avoid/exit,12,-21.5,-17.6,-12.8,38.2,1,,Healthcare,2261677.0,433308.47
ASAGF,Australian Agricultural Company Ltd,0.91,3,3,3,8,3,3,2,25,-10.0,15.0,Broken,Avoid/exit,32,0.0,-5.2,-1.7,32.1,0,,Consumer Defensive,548517760.0,2659.34
CGMLF,Chalice Mining Limited,1.0,9,8,9,6,3,3,2,40,-28.0,15.0,Broken,Avoid/exit,27,0.0,12.4,0.1,47.9,3,,Basic Materials,389499744.0,4189.88
PDSB,PDS Biotechnology Corp,0.955,5,10,3,3,7,0,2,30,-13.0,15.0,Broken,Avoid/exit,31,-14.7,-21.7,-9.0,44.1,1,,Healthcare,53303948.0,788019.19
LTFXX,LeggMason Partners Institutional Trust - Western Asset Institutional Tax Free Reserves,1.0,3,5,0,6,3,2,3,22,-10.0,15.0,Broken,Avoid/exit,29,0.0,0.0,-0.0,48.1,0,,nan,nan,0.0
VPMXX,JPMorgan Trust I - JPMorgan Prime Money Market Fund,1.0,3,6,2,6,0,2,3,22,-10.0,15.0,Broken,Avoid/exit,36,-0.0,0.0,-0.0,41.6,0,,nan,nan,0.0
PXCLF,Phoenix Copper Limited,0.011,12,7,5,0,2,0,5,31,-17.0,14.0,Broken,Avoid/exit,23,-1.8,-1.8,6.1,67.7,1,,Basic Materials,6654732.0,23933.28
RPGLF,Endurance RP Limited,0.006,4,3,10,4,3,2,3,29,-18.0,14.0,Broken,Avoid/exit,0,0.0,0.0,-2.2,72.6,1,,Healthcare,1721713.0,0.0
AOXG,Aoxing Pharmaceutical Company Inc,0.004,1,4,6,5,3,0,2,21,-10.0,14.0,Broken,Avoid/exit,26,-4.8,-23.1,-9.0,45.0,0,,Financial Services,1524836.0,35892.81
UCIX,Umbra Companies Inc,0.003,2,6,5,5,0,0,3,21,-10.0,14.0,Broken,Avoid/exit,31,-14.3,0.0,-7.1,41.7,0,,Real Estate,1508133.0,58634.49
IBGR,Nexus Energy Services Inc,0.001,7,6,2,6,0,3,5,29,-15.0,14.0,Broken,Avoid/exit,26,0.0,-16.7,-7.5,47.4,1,,Consumer Cyclical,758312.0,1497087.47
SLMFF,Solis Minerals Ltd,0.002,4,3,10,5,0,1,3,26,-15.0,14.0,Broken,Avoid/exit,20,0.0,0.0,-5.1,19.7,1,,Basic Materials,277922.0,2375.82
MXLGF,MX Gold Corp,0.01,6,7,3,3,3,1,3,26,-15.0,14.0,Broken,Avoid/exit,12,0.0,0.0,-1.2,10.1,1,,Financial Services,242723.0,616.33
MGAM,Mobile Global Esports Inc.,0.003,3,12,2,5,3,4,2,31,-20,14,Broken,Avoid/exit,18,55.0,55.0,-11.4,44.0,4,8,Communication Services,226373.0,391380.99
THCT,THC Therapeutics Inc,0.003,13,6,6,14,0,1,5,45,-27,14,Broken,Avoid/exit,43,114.3,114.3,48.7,66.8,3,3,Healthcare,116610.0,5026.4
SSYRF,Sassy Resources Corporation,0.005,3,2,4,4,6,5,5,29,-15.0,14.0,Broken,Avoid/exit,17,-60.5,-60.8,-42.3,38.4,1,,Basic Materials,77861.0,14595.11
ENFY,Enlightify Inc.,0.005,6,5,6,10,3,4,5,39,-25,14,Broken,Avoid/exit,25,325.0,325.0,2.7,45.8,3,3,Basic Materials,80424.0,109685.21
RONND,Aimwell Partners Inc.,0.009,6,11,3,5,4,0,5,34,-18.0,14.0,Broken,Avoid/exit,34,-35.7,-10.0,-29.5,39.1,1,,Technology,8214.0,60468.17
MTWO,M2i Global Inc.,0.02,8,8,4,3,2,4,5,34,-20,14,Broken,Avoid/exit,25,51.5,1.0,5.0,50.6,1,8,Basic Materials,15926935.0,399719.9
IMMVF,Immunovia AB (publ),0.02,9,6,11,6,3,1,3,39,-28.0,14.0,Broken,Avoid/exit,37,0.0,0.0,0.0,99.7,1,,Healthcare,13453337.0,15.5
RVVTF,Revive Therapeutics Ltd,0.018,2,6,1,8,2,0,2,21,-3.0,14.0,Broken,Avoid/exit,32,-16.4,-23.3,-18.6,39.6,1,,Healthcare,8713523.0,395002.3
TVTV,WhereverTV Broadcasting Corporation,0.012,6,6,2,5,0,0,5,24,-10.0,14.0,Broken,Avoid/exit,23,-42.9,380.0,-42.6,45.1,2,,Communication Services,3472120.0,3492.98
SQFTW,Presidio Property Trust Inc. Series A Common Stock Purchase Warrants,0.017,6,6,6,0,0,2,4,24,-13.0,14.0,Broken,Avoid/exit,28,1.8,-10.3,-4.7,46.3,2,,nan,nan,17683.75
TOGOF,TomaGold Corporation,0.027,2,6,5,3,3,0,2,21,-10.0,14.0,Broken,Avoid/exit,23,-0.4,-7.3,-8.6,38.2,1,,Basic Materials,7907452.0,40699.5
TKOI,Telkonet Inc,0.021,12,3,1,12,3,1,5,37,-23.0,14.0,Broken,Avoid/exit,50,-40.8,-8.7,-11.7,49.0,1,,Technology,7779515.0,408700.35
RKMSF,Rokmaster Resources Corp,0.025,1,4,8,1,0,3,2,19,-10.0,14.0,Broken,🔥 COILED: Avoid/exit,28,0.0,-7.4,-3.0,40.7,0,,Basic Materials,4512262.0,13291.0
SNRG,Susglobal Energy Corp,0.023,5,8,8,3,3,0,2,29,-13.0,14.0,Broken,Avoid/exit,29,-4.2,0.0,-1.0,47.9,1,,Industrials,3273636.0,64441.14
NMGX,Nano Magic Inc,0.029,11,7,8,10,0,3,5,44,-30.0,14.0,Broken,Avoid/exit,18,32.6,32.6,12.5,53.3,3,,Basic Materials,427679.0,1648.94
AUMMF,AuMEGA Metals Ltd,0.031,8,7,6,10,4,2,5,42,-28,14,Broken,Avoid/exit,46,44.9,19.2,12.4,54.9,4,,Basic Materials,45113672.0,62371.32
STCB,Starco Brands Inc,0.034,8,6,6,5,5,2,5,37,-28,14,Broken,🔥 COILED: Avoid/exit,59,6.2,13.3,2.4,50.6,4,,Consumer Defensive,26662532.0,0.0
HRFEF,Harfang Exploration Inc,0.04,7,7,5,8,3,2,2,34,-20.0,14.0,Broken,Avoid/exit,26,28.6,28.6,6.2,53.7,3,,Basic Materials,4017428.0,11478.79
TRGGF,Tarachi Gold Corp,0.031,1,4,2,4,5,4,2,22,-8.0,14.0,Broken,Avoid/exit,26,-29.5,-29.5,-19.9,21.6,0,,Basic Materials,3696806.0,14065.66
HMTXF,Hemostemix Inc,0.042,9,11,8,2,4,3,5,42,-28.0,14.0,Broken,Avoid/exit,23,0.7,10.5,4.0,56.0,3,,Healthcare,8258001.0,6871.81
MDWK,MDwerks Inc,0.065,6,7,8,0,3,3,2,29,-15.0,14.0,Broken,Avoid/exit,12,0.0,0.0,-5.3,32.4,1,,Financial Services,15321153.0,40091.6
YNVYF,Ynvisible Interactive Inc,0.078,14,9,3,7,4,2,5,44,-30,14,Broken,Avoid/exit,28,35.6,35.6,22.0,70.3,3,,Technology,12720637.0,6213.78
XCPT,XCana Petroleum Corporation,0.08,9,7,6,2,5,2,3,34,-20,14,Broken,Avoid/exit,29,58.4,25.0,17.4,58.0,4,8,Basic Materials,9146560.0,9611.05
SRANF,SRANF,0.09,6,10,3,6,3,2,2,32,-18.0,14.0,Broken,Avoid/exit,15,2.6,-9.6,-4.6,43.1,2,,Basic Materials,8462516.0,7731.93
SGTM,National Storm Recovery Inc,0.092,2,3,5,9,2,0,2,23,-9.0,14.0,Broken,Avoid/exit,19,-16.4,-16.4,-18.7,36.3,1,,Basic Materials,10695406.0,70931.0
CYGGF,Cygnus Metals Limited,0.102,11,5,7,5,3,3,5,39,-28.0,14.0,Broken,Avoid/exit,39,12.7,9.7,6.6,54.7,3,,Basic Materials,124333776.0,36061.32
NVNXF,Novonix Ltd,0.139,0,4,1,10,2,0,2,19,-5.0,14.0,Broken,Avoid/exit,13,-20.6,-18.2,-16.1,40.3,1,,Industrials,119849656.0,309920.34
OPORF,Open Orphan plc,0.11,14,4,7,10,3,1,5,44,-30,14,Broken,Avoid/exit,50,27.3,27.3,14.9,99.8,3,,Healthcare,75448760.0,198.52
TKCI,TurnKey Capital Inc,0.1,3,13,6,0,3,2,2,29,-15.0,14.0,Broken,Avoid/exit,14,0.0,-7.2,-18.2,40.8,1,,Technology,42363072.0,22836.02
AIEV,"Thunder Power Holdings, Inc.",0.125,4,11,1,5,2,2,2,27,-11.0,14.0,Broken,Avoid/exit,32,-3.8,-16.1,-11.2,41.6,1,,Consumer Cyclical,12824679.0,24118.51
NEXNF,NEXE Innovations Inc,0.105,4,8,5,4,0,2,2,25,-11.0,14.0,Broken,Avoid/exit,32,2.9,-8.7,-3.7,44.1,1,,Consumer Cyclical,10489501.0,12509.69
AVGDF,Avidian Gold Corp,0.109,7,6,2,3,2,2,2,24,-10.0,14.0,Broken,Avoid/exit,39,11.3,-13.5,-5.6,40.9,0,,Basic Materials,2068101.0,1273.29
NGMC,Next Generation Management Corp,0.1,3,4,0,8,0,2,2,19,-5.0,14.0,Broken,Avoid/exit,22,21.2,-80.0,-78.1,5.8,2,,Financial Services,20000.0,166.76
YHNAR,YHN Acquisition I Limited Right,0.11,6,2,7,3,2,2,2,24,-10.0,14.0,Broken,Avoid/exit,21,0.1,-8.2,-5.8,39.6,0,,nan,nan,0.0
FRHYF,Frontier Energy Limited,0.16,7,7,3,4,3,3,2,29,-15.0,14.0,Broken,Avoid/exit,41,0.0,-5.9,-3.0,37.7,1,,Utilities,90011552.0,1053.56
IMCC,Im Cannabis Corp,0.181,2,1,2,8,0,4,2,19,-5.0,14.0,Broken,Avoid/exit,10,-26.7,-38.4,-28.8,34.2,1,,Healthcare,1632895.0,1523596.74
BRLLD,"Barrel Energy, Inc.",0.15,2,3,1,11,2,0,2,21,-3.0,14.0,Broken,Avoid/exit,41,-40.0,-50.0,-52.9,41.8,1,,Energy,60425.0,2068.5
SDSTW,Stardust Power Inc.,0.152,3,7,2,7,1,2,2,24,-8.0,14.0,Broken,Avoid/exit,30,38.6,-32.2,-9.4,42.7,1,,nan,nan,19563.28
SRCRF,Scorpio Gold Corp,0.22,3,5,4,2,2,2,2,20,-10.0,14.0,Broken,Avoid/exit,19,-4.3,-12.0,-9.2,40.2,0,,Basic Materials,66652120.0,350297.93
MAUUF,Manhattan Uranium Discovery Corp.,0.241,7,6,5,6,5,4,2,35,-21.0,14.0,Broken,Avoid/exit,35,2.6,0.4,-5.9,46.5,2,,Basic Materials,26529404.0,15622.28
NMTLF,New Age Metals Inc,0.21,8,7,0,2,3,2,2,24,-10.0,14.0,Broken,Avoid/exit,29,17.6,-7.2,-3.2,46.9,0,,Basic Materials,15307857.0,96292.7
AHNRF,Athena Gold Corp,0.211,6,5,2,6,3,2,2,26,-15.0,14.0,Broken,Avoid/exit,31,-4.1,-8.3,-16.5,40.0,1,,Basic Materials,7522212.0,18455.26
MEDAF,Medaro Mining Corp,0.241,1,2,1,7,2,4,2,19,-8.0,14.0,Broken,Avoid/exit,39,-10.8,-36.9,-19.6,33.3,1,,Basic Materials,3914430.0,10307.45
ARRT,Artisan Consumer Goods Inc,0.212,16,6,4,12,3,2,5,48,-30,14,Broken,Avoid/exit,42,24.7,24.7,11.6,67.3,3,,Consumer Defensive,932810.0,2024.0
HYDI,Hydromer Inc,0.22,5,4,6,1,6,5,2,29,-15.0,14.0,Broken,Avoid/exit,36,0.0,0.0,-2.1,21.6,1,,Basic Materials,715847.0,627.95
RROYF,RE Royalties Ltd,0.261,3,1,7,3,3,5,2,24,-10.0,14.0,Broken,Avoid/exit,45,-5.1,-5.1,-2.9,26.0,1,,Utilities,11363586.0,2011.67
SUND,Sundance Strategies Inc,0.259,15,5,6,5,4,4,2,41,-30.0,14.0,Broken,Avoid/exit,29,0.0,29.5,4.3,59.4,3,,Financial Services,11153431.0,0.0
ADNH,"Advent Technologies Holdings, Inc.",0.255,0,4,4,8,0,4,2,22,-8.0,14.0,Broken,Avoid/exit,18,-12.1,-13.6,-14.0,37.0,1,,Industrials,966101.0,87494.17
DCHIF,Digital China Holdings Limited,0.32,4,4,3,5,3,3,2,24,-10.0,14.0,Broken,Avoid/exit,15,0.0,0.0,-0.9,0.1,0,,Industrials,645677760.0,91.0
BDST,"bebe stores, inc.",0.31,3,2,5,4,3,1,3,21,-10.0,14.0,Broken,Avoid/exit,41,-3.1,-3.1,-2.9,45.1,0,,Industrials,3990974.0,2778.99
IMMP,Immutep Ltd ADR,0.374,3,12,4,0,4,2,2,27,-13.0,14.0,Broken,Avoid/exit,24,3.6,-3.7,-6.0,38.1,2,,Healthcare,55146648.0,4809917.78
CCIXW,Churchill Capital Corp IX Warrant,0.383,11,5,2,4,0,6,5,33,-19.0,14.0,Broken,Avoid/exit,20,-1.8,6.4,-3.5,48.0,0,,nan,12760000.0,26983.98
UZX,Linkage Global Inc,0.414,3,7,2,3,3,6,5,29,-13.0,14.0,Broken,Avoid/exit,16,0.0,-32.4,-17.5,38.7,1,,Consumer Cyclical,26584064.0,2461233.03
CNPPF,China Overseas Property Holdings Limited,0.478,6,4,3,0,3,3,2,21,-10.0,14.0,Broken,Avoid/exit,16,0.0,0.0,-1.9,19.4,0,,Real Estate,1571046656.0,0.0
ALDS,APPlife Digital Solutions Inc,0.45,17,3,7,4,6,2,5,44,-30,14,Broken,Avoid/exit,63,0.0,21328.6,119.8,99.4,3,,Technology,911261504.0,674.18
LUOYF,Luoyang Glass Company Limited,0.457,6,3,6,2,3,3,3,26,-15.0,14.0,Broken,Avoid/exit,11,0.0,0.0,-2.2,0.0,1,,Basic Materials,295331712.0,51.25
OGOFF,Organto Foods Inc,0.492,0,4,1,8,0,4,2,19,-5.0,14.0,Broken,Avoid/exit,24,-7.7,-14.3,-9.0,38.9,2,,Consumer Defensive,93251032.0,102040.72
ATMYF,ATMYF,0.479,3,10,6,0,4,2,2,27,-13.0,14.0,Broken,Avoid/exit,11,1.8,-10.5,-11.8,41.6,0,,nan,nan,0.0
KTGDF,K2 Gold Corporation,0.524,9,12,5,1,5,2,2,36,-22.0,14.0,Broken,Avoid/exit,46,9.2,-1.3,1.2,49.7,2,,Basic Materials,128628832.0,30973.86
BDULF,Bangkok Dusit Medical Services Public Company Limited,0.56,3,4,3,2,3,7,2,24,-10.0,14.0,Broken,Avoid/exit,14,0.0,0.0,-2.9,1.8,0,,Healthcare,9652723712.0,0.0
EIHDF,888 Holdings,0.583,18,5,4,5,3,4,5,44,-30,14,Broken,Avoid/exit,64,14.3,14.3,8.9,66.6,3,,Consumer Cyclical,261073232.0,3992.91
KREVF,Keppel REIT,0.622,4,3,6,3,3,3,2,24,-10.0,14.0,Broken,Avoid/exit,13,0.0,-0.5,-3.7,38.5,0,,Real Estate,3089687552.0,0.0
TCOR,TreeCon Resources Inc,0.7,9,2,1,6,6,5,3,32,-18.0,14.0,Broken,Avoid/exit,51,-6.7,-6.7,-3.6,37.1,1,,Basic Materials,9839580.0,1080.5
CHEV,Cheviot Financial Corp,0.7,1,4,0,8,2,2,2,19,-5.0,14.0,Broken,Avoid/exit,4,-44.0,-39.1,-49.1,28.1,1,,Industrials,7872376.0,2453.08
HBTPF,BetaPro Crude Oil Inverse Leveraged Daily Bear ETF,0.74,3,4,3,3,3,3,2,21,-10.0,14.0,Broken,Avoid/exit,19,0.0,0.0,-4.0,4.2,0,,nan,nan,1182.5
BSXGF,Belo Sun Mining Corp,0.76,8,10,2,3,2,2,2,29,-15.0,14.0,Broken,Avoid/exit,54,2.7,-8.4,-6.5,41.5,1,,Basic Materials,431671424.0,317523.62
CNCOF,Arizona Eagle Mining Corp.,0.796,6,8,3,1,6,2,3,29,-15.0,14.0,Broken,Avoid/exit,43,10.5,-0.2,-1.0,48.1,1,,Basic Materials,39014380.0,1294.44
TETHF,Tethys Petroleum Limited,0.932,3,3,3,6,0,7,2,24,-10.0,14.0,Broken,Avoid/exit,26,0.0,-4.1,-2.5,0.5,0,,Energy,106989528.0,190.88
AMTD,AMTD IDEA Group,0.955,2,4,1,10,0,0,2,19,-1.0,14.0,Broken,Avoid/exit,25,-3.7,-6.4,-4.4,41.2,0,,Financial Services,90230944.0,126882.0
VIIQ,VIIQ,1.0,14,5,5,4,4,7,5,44,-30,14,Broken,Avoid/exit,51,0.0,376.2,43.2,70.9,3,,Technology,2133236.0,21.5
FAWXX,FAWXX,1.0,2,4,0,7,0,2,2,17,-3.0,14.0,Broken,Avoid/exit,14,-52.4,-36.3,-47.4,28.6,0,,nan,nan,0.0
TSMXX,TSMXX,1.0,1,5,1,5,3,1,3,19,-10.0,14.0,Broken,🔥 COILED: Avoid/exit,25,0.0,0.0,-27.6,41.3,0,,nan,nan,0.0
NXMH,Next Meats Holdings Inc,0.01,3,3,8,6,3,2,3,28,-15.0,13.0,Broken,Avoid/exit,27,0.0,-16.4,-8.2,43.8,1,,Consumer Defensive,4463444.0,2051.51
JAMGF,Jasper Mining Corporation,0.009,1,3,0,7,3,2,2,18,-5.0,13.0,Broken,Avoid/exit,16,0.0,-70.0,-38.3,34.3,1,,Energy,2390071.0,14350.14
AWON,A1 Group Inc,0.002,3,4,2,3,5,2,2,21,-8.0,13.0,Broken,Avoid/exit,33,29.4,0.0,-2.4,48.2,1,,Consumer Defensive,1991901.0,438009.13
IDGR,Industrial Distribution Group Inc,0.002,3,8,2,0,4,2,2,21,-8.0,13.0,Broken,Avoid/exit,14,0.0,-24.0,-34.9,33.1,1,,Financial Services,1194514.0,269293.77
NFTM,"The NFT Marketplace, Inc.",0.005,11,11,5,3,3,2,5,40,-27,13,Broken,Avoid/exit,29,410.0,410.0,164.2,75.4,3,3,Financial Services,1025208.0,5567.05
CDSG,China Dongsheng International Inc,0.002,3,6,2,4,3,2,2,22,-10.0,13.0,Broken,Avoid/exit,33,-14.8,-4.2,-4.8,48.6,0,,Financial Services,514054.0,1127044.22
GREH,Green Rain Energy Holdings Inc.,0.008,5,12,4,0,3,2,2,28,-13.0,13.0,Broken,Avoid/exit,24,-5.6,-9.6,-12.4,46.0,1,,Healthcare,335219.0,455101.61
HLOC,World Technology Corp,0.004,6,5,3,4,0,0,5,23,-10.0,13.0,Broken,Avoid/exit,18,-89.9,50.0,-93.6,19.2,2,,Technology,312308.0,384.84
TWSI,Tristar Wellness,0.002,3,3,8,5,0,3,3,25,-15.0,13.0,Broken,Avoid/exit,9,0.0,0.0,-69.7,17.8,1,,Healthcare,131856.0,3656.29
MPHYF,McPhy Energy S.A,0.001,9,6,10,6,3,1,3,38,-28.0,13.0,Broken,Avoid/exit,26,0.0,0.0,0.0,84.5,1,,Industrials,34327.0,473.09
FOXOW,FOXO Technologies Inc.,0.003,2,6,3,5,3,0,5,24,-11.0,13.0,Broken,Avoid/exit,22,-76.9,-62.0,-42.9,46.8,0,,Healthcare,nan,0.0
NIXXW,"Nixxy, Inc.",0.009,3,10,4,8,3,2,2,32,-19,13,Broken,Avoid/exit,27,183.9,60.0,5.2,48.1,3,7,nan,nan,0.0
TZPC,ThermaFreeze Products Corporation,0.014,3,8,6,2,3,2,2,26,-13.0,13.0,Broken,Avoid/exit,34,12.5,-10.0,-2.5,43.6,2,,Consumer Cyclical,6535403.0,57450.33
OPHRF,Ophir Gold Corp.,0.02,6,6,1,0,1,7,2,23,-10.0,13.0,Broken,Avoid/exit,20,-5.5,-6.8,-8.9,45.0,0,,Basic Materials,2047666.0,17631.6
APSI,Aqua Power Systems Inc,0.019,2,7,5,0,7,2,5,28,-13.0,13.0,Broken,Avoid/exit,28,4.9,-17.9,-7.0,44.8,0,,Industrials,330320.0,0.0
XELA,Exela Technologies Inc,0.011,8,4,2,7,0,5,5,31,-18.0,13.0,Broken,Avoid/exit,25,-31.2,450.0,-45.7,47.7,3,,Technology,305261.0,3762.0
CYCUW,"Cycurion, Inc. Warrant",0.02,0,6,3,6,4,0,2,21,-8.0,13.0,Broken,Avoid/exit,30,-4.7,-4.7,-6.4,46.8,0,,nan,nan,51534.93
VMSSF,Vortex Metals Inc,0.028,0,4,1,7,0,2,2,16,-8.0,13.0,Broken,Avoid/exit,38,9.8,-19.8,-8.7,44.7,1,,Basic Materials,3460216.0,21737.6
HIGR,Hi-Great Group Holding Co,0.027,3,3,4,5,3,3,2,23,-10.0,13.0,Broken,Avoid/exit,27,0.0,0.0,-2.8,14.7,0,,Consumer Defensive,2740500.0,2140.53
CROOF,Cariboo Rose Resources Ltd,0.03,3,4,6,4,3,3,2,25,-15.0,13.0,Broken,Avoid/exit,20,0.0,0.0,-8.1,32.2,1,,Basic Materials,1740356.0,23993.5
RSSFF,Affinor Growers Inc,0.023,15,5,5,5,3,5,5,43,-30,13,Broken,Avoid/exit,35,-4.2,475.0,30.6,60.1,3,,Consumer Defensive,1088140.0,1664.0
MNTSW,Momentus Inc,0.03,15,3,4,10,5,1,5,43,-30.0,13.0,Broken,Avoid/exit,48,-38.7,107.0,5.2,53.0,3,,nan,nan,308019.85
CINGW,Cingulate Inc. Warrants,0.024,0,3,0,9,0,2,2,16,-3.0,13.0,Broken,Avoid/exit,24,-60.2,-0.4,-29.2,47.0,1,,nan,nan,33314.13
BHSIF,Bayhorse Silver Inc,0.034,6,7,3,3,2,2,2,25,-15.0,13.0,Broken,Avoid/exit,18,12.7,-15.5,-2.9,47.1,2,,Basic Materials,12529647.0,339881.1
NLPXF,Noble Mineral Exploration Inc,0.04,1,12,1,2,3,2,2,23,-10.0,13.0,Broken,Avoid/exit,21,4.7,-7.1,-13.8,40.5,0,,Basic Materials,10569339.0,72356.62
DGNMF,Diagnamed Holdings Corp.,0.037,6,10,5,0,3,2,2,28,-15.0,13.0,Broken,Avoid/exit,18,-1.3,-12.9,-8.2,42.6,2,,Healthcare,4823481.0,112043.35
CASXF,Casa Minerals Inc,0.037,1,3,0,7,3,2,2,18,-5.0,13.0,Broken,Avoid/exit,5,0.0,-46.7,-40.4,24.3,1,,Basic Materials,3378026.0,8237.02
HGYN,Hong Yuan Holding Group,0.035,1,11,1,5,3,0,2,23,-8.0,13.0,Broken,Avoid/exit,28,-29.7,-17.1,-33.5,35.1,0,,Industrials,2612427.0,17274.87
AJYG,AJ1G Inc,0.036,1,7,2,5,3,3,2,23,-10.0,13.0,Broken,Avoid/exit,16,0.0,58.7,-29.3,19.5,2,,Financial Services,2228683.0,44.54
TRWD,TRWD,0.04,1,12,6,0,3,2,2,26,-11.0,13.0,Broken,Avoid/exit,27,5.3,-13.0,-9.0,44.6,1,,Consumer Defensive,1747623.0,110729.48
ARWYF,Arway Corporation,0.033,4,7,4,6,0,2,2,25,-12.0,13.0,Broken,Avoid/exit,21,-10.6,2.2,-11.1,43.8,1,,Technology,1287830.0,15537.77
ONMDW,OneMedNet Corp.,0.037,0,8,1,2,3,2,3,19,-6.0,13.0,Broken,Avoid/exit,8,-49.5,-49.5,-32.9,42.8,1,,nan,nan,33718.98
CQRLF,Conquest Resources Limited,0.05,5,5,3,0,6,2,2,23,-10.0,13.0,Broken,Avoid/exit,56,15.6,-9.0,-3.9,43.6,0,,Basic Materials,7676944.0,19221.91
IMCI,"Infinite Group, Inc. Common Stock",0.045,3,3,9,6,0,1,3,25,-15.0,13.0,Broken,Avoid/exit,16,0.0,0.0,-3.1,36.6,1,,Technology,23452.0,483.4
BJBJ,BJ Bio-Tech Development Management Group Holding Corp.,0.052,5,3,3,6,3,3,5,28,-18.0,13.0,Broken,Avoid/exit,31,0.0,0.0,-29.8,40.8,0,,Financial Services,52063624.0,167.47
HEPA,Hepion Pharmaceuticals Inc,0.06,3,6,2,0,5,2,2,20,-8.0,13.0,Broken,Avoid/exit,41,7.1,-3.2,-6.1,48.3,0,,Healthcare,1747158.0,23533.21
KNBA,Kinbasha Gaming International Inc,0.062,3,3,3,5,3,4,2,23,-10.0,13.0,Broken,Avoid/exit,17,0.0,-38.0,-39.4,8.1,0,,Financial Services,6200000.0,1723.36
BQST,BioQuest Corp,0.066,3,3,3,4,3,1,3,20,-10.0,13.0,Broken,Avoid/exit,11,0.0,0.0,-9.3,3.9,0,,Financial Services,1973085.0,38.58
SRCO,Sparta Commercial Services Inc,0.08,1,12,1,6,6,0,5,31,-16.0,13.0,Broken,Avoid/exit,31,0.0,-20.0,-3.4,47.1,1,,Technology,3444523.0,23228.81
QQCMF,QQCMF,0.071,5,9,5,0,2,2,2,25,-10.0,13.0,Broken,Avoid/exit,24,2.1,-0.7,-6.2,41.9,1,,nan,nan,208585.57
QCCUF,QC Copper and Gold Inc,0.089,4,12,1,3,6,0,2,28,-13.0,13.0,Broken,Avoid/exit,52,-3.3,-15.2,-2.3,46.9,1,,Basic Materials,35173704.0,167510.35
ELECF,Electric Royalties Ltd,0.086,6,9,6,2,1,2,2,28,-15.0,13.0,Broken,Avoid/exit,21,6.7,9.3,2.1,51.4,2,,Basic Materials,11280289.0,47106.96
NGPHF,Northern Graphite Corporation,0.096,0,5,0,8,5,2,2,22,-9.0,13.0,Broken,Avoid/exit,7,-12.7,-14.3,-11.9,36.2,2,,Basic Materials,15937312.0,150738.06
PLNH,Planet 13 Holdings Inc.,0.13,3,10,2,1,4,2,2,24,-11.0,13.0,Broken,Avoid/exit,24,-3.9,-14.0,-5.8,43.5,2,,Healthcare,42718536.0,695730.29
NEXCF,Nextech Ar Solutions Corp,0.1,2,10,9,1,7,0,3,32,-19.0,13.0,Broken,Avoid/exit,37,-4.8,-3.8,-4.5,43.5,1,,Technology,22732096.0,530956.86
NIOCF,Niocan Inc,0.125,6,3,4,3,6,4,2,28,-15.0,13.0,Broken,Avoid/exit,39,-40.5,-40.5,-26.7,37.7,1,,Basic Materials,17907078.0,2616.1
CCWOF,Canada Silver Cobalt Works Inc,0.124,3,10,2,0,5,4,2,26,-13.0,13.0,Broken,Avoid/exit,17,8.0,7.5,-3.1,44.5,1,,Basic Materials,17066006.0,204063.44
IAALF,IBC Advanced Alloys Corp,0.13,3,10,4,1,4,2,2,26,-13.0,13.0,Broken,Avoid/exit,38,8.3,-7.1,0.3,47.6,2,,Industrials,14980775.0,79834.57
ZCRMF,Golden Cross Resources Inc,0.119,2,13,3,0,3,4,3,28,-13.0,13.0,Broken,Avoid/exit,24,7.6,-8.6,-1.6,46.9,1,,Basic Materials,9152644.0,186044.54
GSRCF,GSP Resource Corp,0.1,11,9,5,6,4,6,2,43,-28.0,13.0,Broken,Avoid/exit,31,11.1,11.1,5.6,51.0,3,,Basic Materials,4836769.0,12662.55
NEWDF,Newfoundland Discovery Corp,0.114,4,8,8,2,2,2,2,28,-15.0,13.0,Broken,Avoid/exit,25,7.5,-6.6,-2.2,46.1,1,,Basic Materials,1587181.0,28549.5
VEXTF,Vext Science Inc,0.178,0,4,8,3,3,0,2,20,-15.0,13.0,Broken,Avoid/exit,21,-6.2,-4.5,-7.8,40.5,1,,Healthcare,44013424.0,45319.77
DMEHF,Desert Mountain Energy Corp,0.191,4,11,7,0,4,2,2,30,-17.0,13.0,Broken,Avoid/exit,20,-2.1,-8.2,-5.5,36.4,2,,Energy,19807386.0,187224.0
GMGZ,Genuine Marketing Group Inc.,0.17,1,3,4,3,6,4,2,23,-10.0,13.0,Broken,Avoid/exit,27,0.0,-5.6,-5.3,24.7,0,,Communication Services,16623574.0,675.53
IWSH,Wright Investors Service Holdings Inc,0.18,9,5,1,5,3,0,5,28,-15.0,13.0,Broken,Avoid/exit,33,-25.0,-21.7,-9.1,46.8,1,,Financial Services,3711728.0,983.34
RYOOF,Rio Silver Inc,0.21,6,8,3,4,3,2,2,28,-15.0,13.0,Broken,Avoid/exit,18,4.1,-10.6,-10.9,42.4,1,,Basic Materials,12431832.0,70015.06
GLGI,Greystone Logistics,0.2,4,8,8,0,4,2,2,28,-15.0,13.0,Broken,Avoid/exit,16,0.0,0.0,-3.2,46.3,1,,Basic Materials,5454054.0,51592.4
LPBBW,Launch Two Acquisition Corp. Warrant,0.22,10,5,2,4,1,4,2,28,-15.0,13.0,Broken,Avoid/exit,39,29.5,-4.3,-1.2,48.3,0,,nan,nan,5597.67
SYNTF,SYNTF,0.397,3,3,1,7,2,0,2,18,-5.0,13.0,Broken,Avoid/exit,0,-8.3,-19.0,-14.0,38.5,1,,Energy,30835332.0,0.0
QSEGF,Quantum Secure Encryption Corp.,0.356,13,5,3,5,3,2,5,36,-23.0,13.0,Broken,Avoid/exit,52,-1.5,-13.3,2.0,53.3,2,,Technology,24274256.0,0.0
SCNX,"Scienture Holdings, Inc.",0.382,7,10,6,5,3,2,2,35,-22.0,13.0,Broken,Avoid/exit,40,1.5,0.5,0.2,49.6,1,,Healthcare,15512845.0,8162028.67
PIFYF,Pine Cliff Energy Ltd,0.418,5,4,0,9,0,0,3,21,-8.0,13.0,Broken,Avoid/exit,16,-2.7,-12.8,-4.8,40.7,1,,Energy,157144608.0,76348.36
LSEB,LSEB Creative Corp.,0.44,8,3,2,0,3,5,2,23,-10.0,13.0,Broken,Avoid/exit,37,0.0,0.0,-19.4,38.0,0,,Consumer Cyclical,7205572.0,2687.82
VGLS,Vg Life Sciences Inc,0.4,10,9,1,3,0,2,3,28,-11.0,13.0,Broken,Avoid/exit,32,-11.1,0.0,-8.0,49.0,1,,Financial Services,421909.0,3714.51
VGLSD,SB Technology Holdings Inc.,0.4,10,9,1,3,0,2,3,28,-11.0,13.0,Broken,Avoid/exit,32,-11.1,0.0,-8.0,49.0,1,,Financial Services,421909.0,3714.14
AMQFF,Abitibi Metals Corp,0.482,8,6,4,0,3,2,2,25,-15.0,13.0,Broken,Avoid/exit,39,0.0,-8.9,-2.1,47.6,1,,Basic Materials,92452576.0,100816.12
VIPRF,Silver Viper Minerals Corp,0.454,6,10,4,4,2,2,2,30,-15.0,13.0,Broken,Avoid/exit,16,0.9,-7.1,-9.8,35.9,1,,Basic Materials,54338968.0,59015.64
USSHF,Uniserve Communications Corporation,0.45,10,3,11,6,3,2,3,38,-28.0,13.0,Broken,Avoid/exit,46,0.0,0.0,0.0,87.4,1,,Communication Services,17947806.0,50.0
HXHX,Haoxin Holdings Limited Class A Ordinary Shares,0.456,5,7,0,5,2,4,3,26,-13.0,13.0,Broken,Avoid/exit,33,-23.9,6.0,-10.0,46.8,0,,Industrials,6267250.0,2875763.91
ADSEW,ADS-TEC ENERGY PLC Warrant,0.47,0,1,3,7,0,2,2,15,-5.0,13.0,Broken,Avoid/exit,23,-39.7,-39.7,-36.3,21.5,1,,nan,nan,12783.84
OGPIF,OGPIF,0.53,1,3,4,3,6,4,2,23,-10.0,13.0,Broken,Avoid/exit,23,-0.2,-10.2,-7.0,8.2,0,,Basic Materials,1424731392.0,0.0
RCON,Recon Technology Ltd,0.527,4,11,3,3,3,2,2,28,-13.0,13.0,Broken,Avoid/exit,20,-9.1,-18.9,-10.9,33.8,1,,Energy,47760652.0,45477.11
SBMFF,Sino Biopharmaceutical Limited,0.602,3,2,8,3,0,5,2,23,-10.0,13.0,Broken,Avoid/exit,11,-4.9,-4.9,-9.7,24.1,0,,Healthcare,13874929664.0,0.0
LGHL,Lion Group Holding Ltd,0.62,2,7,2,4,4,0,2,21,-8.0,13.0,Broken,Avoid/exit,25,-12.7,-24.4,-14.6,39.7,0,,Financial Services,2891312.0,536929.22
NVAAF,Nova Minerals Limited,0.66,4,4,6,3,3,3,2,25,-15.0,13.0,Broken,Avoid/exit,29,0.0,0.0,-1.0,6.5,1,,Basic Materials,319280064.0,17273.91
CYSNF,C-Com Satellite Systems Inc,0.676,9,7,2,0,4,1,2,25,-15.0,13.0,Broken,Avoid/exit,24,-3.4,-1.2,-2.3,45.5,0,,Technology,28586524.0,11994.86
TSE,Trinseo SA,0.72,8,3,7,0,5,0,2,25,-12.0,13.0,Broken,Avoid/exit,37,-6.5,-14.3,-7.0,45.4,1,,Basic Materials,8278525.0,8321933.09
JOBY-WT,Joby Aviation Inc.,0.81,1,11,0,2,3,2,2,21,-6.0,13.0,Broken,Avoid/exit,28,-1.8,-44.1,-16.6,44.9,1,,nan,nan,123954.26
USPCY,China Strategic Technology Group Limited,0.92,10,3,11,6,3,2,3,38,-28.0,13.0,Broken,Avoid/exit,42,0.0,0.0,0.0,97.4,1,,Industrials,75293720.0,6.0
AURX,Nuo Therapeutics Inc,0.905,2,3,2,8,3,0,2,20,-3.0,13.0,Broken,Avoid/exit,16,-13.0,-14.7,-12.5,36.1,1,,Healthcare,50345076.0,5171.94
YQAI,YouneeqAI Technical Services Inc.,1.0,11,6,7,5,3,1,3,36,-28.0,13.0,Broken,🔥 COILED: Avoid/exit,46,0.0,0.0,10.3,84.8,1,,Technology,10511393.0,76.08
TRSXX,TRSXX,1.0,1,4,1,5,3,1,3,18,-10.0,13.0,Broken,🔥 COILED: Avoid/exit,20,0.0,0.0,-18.1,44.0,0,,nan,nan,0.0
TSSXX,TSSXX,1.0,1,4,1,5,3,1,3,18,-10.0,13.0,Broken,🔥 COILED: Avoid/exit,28,0.0,0.0,-18.0,44.0,0,,nan,nan,0.0
BMNU,T-REX 2X Long BMNR Daily Target ETF,1.0,3,11,3,0,4,2,2,25,-10.0,13.0,Broken,Avoid/exit,23,-4.8,-21.9,-18.2,37.9,0,,nan,nan,0.0
LECBF,Lepanto Consolidated Mining Company,0.001,3,4,0,3,3,7,2,22,-10.0,12.0,Broken,Avoid/exit,16,0.0,0.0,-64.5,0.2,0,,Basic Materials,66375760.0,7375.36
DYNA,Dynastar Holdings Inc,0.009,5,7,0,1,5,0,2,20,-8.0,12.0,Broken,Avoid/exit,43,2.2,-41.3,-29.8,40.0,0,,Financial Services,17294600.0,35737.3
BNCM,Bounce Mobile Systems Inc,0.006,4,1,3,5,6,1,2,22,-10.0,12.0,Broken,Avoid/exit,32,0.0,-7.1,-3.8,15.6,0,,Healthcare,13997339.0,94685.27
CYBL,Cyberlux Corp,0.002,1,7,4,2,4,2,2,22,-10.0,12.0,Broken,Avoid/exit,29,0.0,-15.8,-9.9,39.3,0,,Industrials,11481512.0,23488383.83
TBLLF,Tombill Mines Limited,0.009,1,3,4,2,5,5,2,22,-10.0,12.0,Broken,Avoid/exit,26,0.0,-18.1,-7.9,27.1,0,,Basic Materials,2267677.0,22511.35
ERAO,Energy Revenue Amer,0.004,2,4,4,4,3,4,3,24,-15.0,12.0,Broken,Avoid/exit,18,-31.4,-18.6,-11.6,41.7,1,,Consumer Defensive,1317503.0,35466.08
PTAM,Potash America Inc,0.001,3,5,3,6,3,5,2,27,-15.0,12.0,Broken,Avoid/exit,10,-7.1,-7.1,-10.9,35.9,1,,Industrials,570668.0,125362.36
AERS,Aerius International Inc,0.002,8,4,8,6,3,1,5,35,-23.0,12.0,Broken,Avoid/exit,33,31.6,4.2,7.0,57.0,2,,Financial Services,562003.0,32821.19
GBUX,GivBux Inc,0.002,3,10,1,1,3,2,2,22,-13.0,12.0,Broken,Avoid/exit,13,-11.8,-64.3,-53.4,36.6,1,,Technology,164946.0,589258.79
MARK,Remark Holdings Inc,0.001,4,5,4,6,3,0,5,27,-15.0,12.0,Broken,Avoid/exit,27,0.0,-30.0,-6.0,48.5,1,,Technology,86663.0,29512.03
BKLIF,Blockmint Technologies Inc,0.001,3,6,0,5,3,3,2,22,-10.0,12.0,Broken,Avoid/exit,10,0.0,0.0,-68.0,0.4,0,,Financial Services,57891.0,48.0
PNXP,Pineapple Express Cannabis Company,0.001,8,10,4,4,2,0,2,30,-18.0,12.0,Broken,Avoid/exit,20,-28.6,-9.1,-25.0,43.9,1,,Healthcare,42597.0,1462412.04
GJST,GEO JS Tech Group Corp,0.012,3,10,0,4,3,0,2,22,-6.0,12.0,Broken,Avoid/exit,21,-40.0,-40.0,-11.3,46.7,1,,Basic Materials,2075300.0,34265.67
GPLS,Geopulse Exploration Inc,0.014,1,7,5,0,3,4,3,23,-11.0,12.0,Broken,Avoid/exit,19,-28.9,-28.9,-17.8,34.4,0,,Technology,1791626.0,36425.99
CERO,"CERo Therapeutics Holdings, Inc. Common Stock",0.011,3,13,1,1,2,0,2,22,-10.0,12.0,Broken,Avoid/exit,22,-8.3,-21.4,-26.5,36.2,0,,Healthcare,496236.0,1231619.0
PDIV,Premier Development & Investment Inc,0.027,6,10,10,0,3,2,4,35,-28,12,Broken,🔥 COILED: Avoid/exit,31,35.2,11.6,8.4,52.1,4,,Basic Materials,7990586.0,31901.55
MECPF,Mustang Energy Corp.,0.023,6,7,5,3,2,2,2,27,-15.0,12.0,Broken,Avoid/exit,15,-8.3,-9.7,-10.0,40.6,2,,Energy,2345160.0,29985.98
COOTW,Australian Oilseeds Holdings Limited Warrant,0.021,3,3,2,6,2,4,2,22,-8.0,12.0,Broken,Avoid/exit,39,-6.2,-6.2,-6.1,45.5,0,,nan,nan,55309.31
SLXNW,Biomotion Sciences Warrant,0.027,12,9,2,4,2,2,2,33,-21.0,12.0,Broken,Avoid/exit,25,8.0,20.4,1.1,50.5,2,,nan,nan,74353.97
GABA,Georgia Bancshares Inc,0.038,6,7,1,5,6,0,2,27,-13.0,12.0,Broken,Avoid/exit,45,-9.6,-23.2,-9.1,44.9,0,,Financial Services,44655480.0,3218767.58
AWMLF,American West Metals Limited,0.032,1,5,7,6,3,2,2,26,-15.0,12.0,Broken,Avoid/exit,22,-13.5,-11.1,-8.2,45.2,1,,Basic Materials,39317916.0,96356.34
WALDW,Waldencast Acquisition Corp,0.043,5,7,0,4,7,2,2,27,-13.0,12.0,Broken,Avoid/exit,34,-25.9,-28.3,-10.7,45.8,0,,nan,366375000.0,42168.59
SVNNF,Savannah Energy PLC,0.06,3,4,4,3,3,3,2,22,-10.0,12.0,Broken,Avoid/exit,18,0.0,0.0,-10.6,6.9,0,,Energy,125315432.0,21388.52
IVDAW,Iveda Solutions Inc. Warrant,0.055,5,2,0,9,2,1,2,21,-9.0,12.0,Broken,Avoid/exit,24,13.4,-46.0,-39.5,41.2,1,,nan,nan,9512.45
ENMPF,Ensurge Micropower ASA,0.063,3,11,2,2,5,2,2,27,-15.0,12.0,Broken,Avoid/exit,16,8.6,-11.3,-7.5,40.8,1,,Technology,61242284.0,3513.0
NBYCF,Niobay Metals Inc,0.066,7,5,3,3,3,2,2,25,-13.0,12.0,Broken,Avoid/exit,38,9.7,-6.0,-1.2,48.8,2,,Basic Materials,13129945.0,67950.79
STLXF,Stellar AfricaGold Inc,0.065,1,16,2,0,3,0,3,25,-13.0,12.0,Broken,Avoid/exit,35,13.7,-19.0,6.3,52.3,1,,Basic Materials,3175773.0,21244.47
LIMNW,"Liminatus Pharma, Inc. Warrants",0.061,3,4,5,4,0,1,5,22,-10.0,12.0,Broken,Avoid/exit,31,-32.3,1.5,-19.8,43.5,0,,nan,nan,0.0
SHIEF,Shield Therapeutics plc,0.08,3,4,4,3,3,5,2,24,-15.0,12.0,Broken,Avoid/exit,16,0.0,0.0,-7.9,17.2,1,,Healthcare,85561928.0,1009.67
GGAMF,Good Gamer Entertainment Inc,0.078,3,3,6,3,3,3,3,24,-15.0,12.0,Broken,Avoid/exit,12,0.0,0.0,-33.0,0.0,1,,Communication Services,333728.0,1642.23
VVIVF,EarthRenew Inc,0.089,1,9,3,0,5,0,2,20,-11.0,12.0,Broken,Avoid/exit,16,-4.4,-9.3,-7.1,43.2,2,,Basic Materials,17298970.0,0.0
CMCXF,CMC Metals Ltd,0.083,1,11,3,5,3,2,2,27,-15.0,12.0,Broken,Avoid/exit,20,3.5,-17.8,-4.4,46.9,1,,Basic Materials,1315365.0,0.0
TSLV,Azoria TSLA Convexity ETF,0.085,4,7,5,0,4,2,2,24,-10.0,12.0,Broken,Avoid/exit,28,6.2,-5.6,-4.4,39.0,0,,nan,nan,214777.23
GALMF,GALMF,0.099,3,3,6,5,0,3,2,22,-10.0,12.0,Broken,Avoid/exit,0,0.0,0.0,-1.0,3.9,0,,Basic Materials,19564868.0,0.0
FGHQF,Frontage Holdings Corporation,0.11,1,3,1,5,3,7,2,22,-10.0,12.0,Broken,Avoid/exit,15,0.0,0.0,-8.2,0.6,0,,Healthcare,223050128.0,3530.0
KBLB,Kraig Biocraft Labs,0.11,3,3,3,6,3,2,2,22,-10.0,12.0,Broken,Avoid/exit,46,-8.3,-8.3,-7.2,36.3,0,,Basic Materials,122435440.0,1362519.5
KRMKF,Kromek Group plc,0.114,3,4,2,5,3,3,2,22,-10.0,12.0,Broken,Avoid/exit,18,1.0,-11.3,-7.5,22.9,0,,Technology,74900776.0,5693.16
FNCJF,Fancamp Exploration Ltd.,0.1,10,4,4,4,3,2,3,30,-18.0,12.0,Broken,Avoid/exit,47,-9.1,-9.1,-6.1,42.7,0,,Basic Materials,26472996.0,39914.83
CYBCF,Cybeats Technologies Corp.,0.12,2,3,7,4,0,4,2,22,-13.0,12.0,Broken,Avoid/exit,48,-2.6,-10.2,-5.6,41.3,1,,Technology,25921066.0,73229.65
REVVF,ReVolve Renewable Power Corp.,0.137,8,7,3,6,2,2,4,32,-23.0,12.0,Broken,Avoid/exit,37,7.7,-1.5,1.0,50.6,2,,Utilities,11530661.0,2192.18
KLSVF,Klondike Silver Corp,0.14,6,7,4,5,4,2,2,30,-18.0,12.0,Broken,Avoid/exit,50,40.0,0.0,1.1,49.3,0,,Basic Materials,3764349.0,18746.85
BTCY,Biotricity Inc,0.121,5,13,3,0,4,2,2,29,-15.0,12.0,Broken,Avoid/exit,12,3.2,-6.5,-11.6,40.2,1,,Healthcare,3431677.0,61211.9
FLDDW,"Fold Holdings, Inc. Warrant",0.121,0,4,7,4,3,2,2,22,-10.0,12.0,Broken,Avoid/exit,28,-15.0,-23.4,-16.9,34.0,0,,nan,nan,27804.13
OYSER,Oyster Enterprises II Acquisition Corp Rights,0.11,6,3,2,0,3,6,2,22,-10.0,12.0,Broken,Avoid/exit,10,0.0,0.0,-7.6,19.4,0,,nan,nan,18400.03
NWBO,Northwest Biotherapeutics Inc,0.194,1,11,2,1,3,2,2,22,-11.0,12.0,Broken,Avoid/exit,15,2.3,-7.4,-4.4,42.2,1,,Healthcare,312235296.0,3061501.96
ELMTF,Element 25 Limited,0.171,3,11,4,1,3,3,2,27,-15.0,12.0,Broken,Avoid/exit,14,0.8,7.1,-2.3,37.1,2,,Basic Materials,55827644.0,15605.86
RDBBF,Redbubble Limited,0.173,1,5,2,4,4,2,2,20,-8.0,12.0,Broken,Avoid/exit,19,4.8,-15.6,-3.7,46.3,1,,Consumer Cyclical,52932284.0,14188.67
PYRGF,PyroGenesis Inc.,0.164,6,9,2,6,2,2,2,29,-17.0,12.0,Broken,Avoid/exit,7,-1.2,-10.1,-16.1,32.2,2,,Industrials,36976004.0,54174.26
TARSF,Alianza Minerals Ltd,0.173,7,6,7,0,0,2,2,24,-15.0,12.0,Broken,Avoid/exit,30,2.2,-6.6,-4.8,44.4,1,,Basic Materials,20179116.0,143258.05
MXROF,Max Resource Corp,0.17,3,9,3,3,3,2,2,25,-13.0,12.0,Broken,Avoid/exit,28,0.0,-15.0,-10.2,19.3,1,,Basic Materials,9436247.0,21155.5
BRLL,Barrel Energy Inc,0.15,2,3,1,11,0,0,2,19,-3.0,12.0,Broken,Avoid/exit,42,-40.0,-50.0,-53.5,41.9,1,,Energy,277363.0,655590.49
CRAQR,Cal Redwood Acquisition Corp. Right,0.16,1,8,1,5,4,0,3,22,-10.0,12.0,Broken,Avoid/exit,19,-33.3,-30.4,-18.5,45.0,0,,nan,nan,0.0
ARSMF,Ares Strategic Mining Inc,0.215,4,11,2,1,3,4,2,27,-13.0,12.0,Broken,Avoid/exit,12,6.3,6.3,-2.2,43.0,1,,Basic Materials,57577216.0,788655.21
RSGOF,Resouro Strategic Metals Inc.,0.215,6,5,2,5,4,2,3,27,-15.0,12.0,Broken,Avoid/exit,47,14.0,-10.3,-4.0,45.0,1,,Basic Materials,23184308.0,23257.73
SLVDF,Silver Dollar Resources Inc,0.211,7,12,6,2,4,2,2,35,-23.0,12.0,Broken,Avoid/exit,26,13.4,4.0,0.9,49.0,2,,Basic Materials,15948499.0,168812.4
KRLTF,Karnalyte Resources Inc,0.23,6,4,4,0,3,5,2,24,-15.0,12.0,Broken,Avoid/exit,46,0.0,0.0,-2.0,41.1,1,,Basic Materials,12255317.0,2512.55
ALP,Alpha Compute Corp,0.249,4,9,2,4,0,4,2,25,-13.0,12.0,Broken,Avoid/exit,25,-7.9,-9.2,-13.3,42.3,1,,Financial Services,5855355.0,8950965.29
CYPMF,Cyprium Metals Limited,0.26,7,1,2,3,6,6,2,27,-15.0,12.0,Broken,Avoid/exit,51,0.0,-14.7,-6.0,34.5,1,,Basic Materials,150300720.0,1340.03
CXXIF,C21 Investments Inc,0.259,2,11,3,0,5,0,2,23,-11.0,12.0,Broken,Avoid/exit,27,-6.3,-9.2,-4.1,46.6,1,,Healthcare,28720342.0,130921.3
WSRIF,WSRIF,0.28,7,9,2,1,2,2,2,25,-13.0,12.0,Broken,Avoid/exit,41,14.8,-8.8,-14.6,37.5,2,,Basic Materials,12707777.0,56114.5
VTECF,Vortex Energy Corp.,0.298,1,7,8,0,4,2,2,24,-15.0,12.0,Broken,Avoid/exit,24,-9.4,-9.9,-8.6,43.9,1,,Basic Materials,4488238.0,3372.53
STRPF,Starr Peak Exploration Ltd,0.304,3,9,3,3,3,2,2,25,-11.0,12.0,Broken,Avoid/exit,44,-1.3,-5.7,-2.9,45.5,1,,Basic Materials,18284242.0,14308.0
NZERF,New Zealand Energy Corp,0.3,4,1,0,7,3,0,2,17,-5.0,12.0,Broken,Avoid/exit,43,-13.2,-18.9,-12.3,32.8,1,,Energy,16761056.0,1118.58
PNGAF,Pangea Natural Foods Inc.,0.334,7,6,7,1,5,2,4,32,-18.0,12.0,Broken,Avoid/exit,44,-7.3,-6.5,-2.6,47.5,1,,Consumer Defensive,15536010.0,12713.84
EXHI,Exlites Holdings International Inc,0.36,6,2,3,5,0,2,4,22,-10.0,12.0,Broken,Avoid/exit,26,-10.0,-10.0,-3.3,38.4,0,,Healthcare,15855406.0,210.0
HKPD,Hong Kong Pharma Digital Technology Holdings Limited Ordinary shares,0.395,0,5,0,8,2,4,2,21,-9.0,12.0,Broken,Avoid/exit,12,-12.0,-21.8,-17.0,37.6,1,,Healthcare,9282495.0,309794.41
DLXY,Delixy Holdings Limited Ordinary Shares,0.385,1,3,2,9,0,4,2,21,-9.0,12.0,Broken,Avoid/exit,17,-26.5,-13.3,-20.5,39.5,1,,Energy,6296385.0,1278559.94
CYAN,Cyanotech Corporation,0.39,4,6,4,3,6,2,2,27,-15.0,12.0,Broken,Avoid/exit,42,-2.5,-11.4,-7.9,38.5,1,,Consumer Defensive,2882974.0,5031.08
GAYMF,Galway Metals Inc,0.404,7,7,3,1,2,2,3,25,-13.0,12.0,Broken,Avoid/exit,29,11.3,-12.4,-0.8,48.0,2,,Basic Materials,55722612.0,219692.68
USLRF,USLRF,0.462,9,6,6,2,2,3,2,30,-18.0,12.0,Broken,Avoid/exit,36,6.6,-10.3,-5.1,46.7,0,,nan,nan,195225.48
GEBHF,Genting Berhad,0.54,3,4,6,1,3,3,2,22,-10.0,12.0,Broken,Avoid/exit,15,0.0,0.0,-3.1,14.0,0,,Consumer Cyclical,2079311232.0,0.0
CPTLF,The Blockchain Group,0.534,3,7,5,2,5,3,2,27,-15.0,12.0,Broken,Avoid/exit,23,-2.8,-16.5,-8.2,44.1,1,,Technology,160621760.0,0.0
GWLL,Goldenwell Biotech Inc,0.52,3,2,2,5,3,3,4,22,-10.0,12.0,Broken,Avoid/exit,27,0.0,0.0,-13.7,32.1,0,,Consumer Defensive,51480000.0,228.27
HZEN,Zencash Investment Trust,0.52,3,6,2,8,2,0,2,23,-11.0,12.0,Broken,Avoid/exit,21,-5.5,-13.8,-12.3,41.8,0,,nan,nan,105035.87
GNPX,Genprex Inc,0.592,1,12,3,1,3,2,2,24,-15.0,12.0,Broken,Avoid/exit,16,-9.5,-14.8,-10.8,38.2,1,,Healthcare,6468910.0,782966.5
CDTI,CDTi Advanced Materials Inc,0.71,2,4,9,4,6,0,2,27,-15.0,12.0,Broken,Avoid/exit,25,-4.1,-7.8,-4.7,41.9,1,,Consumer Cyclical,3195923.0,5742.2
BEAT,Heartbeam Inc,0.76,1,11,5,1,3,2,2,25,-13.0,12.0,Broken,Avoid/exit,14,0.2,-16.2,-6.8,38.3,1,,Healthcare,42162992.0,4617403.5
FSRPF,Frasers Property Limited,0.83,6,2,1,6,3,4,5,27,-11.0,12.0,Broken,Avoid/exit,38,-9.8,-9.8,-6.2,32.5,0,,Real Estate,3612743424.0,17.33
WKGBF,Sanderson Design Group plc,0.91,3,4,2,5,3,3,2,22,-10.0,12.0,Broken,Avoid/exit,7,0.0,0.0,-8.1,0.0,0,,Consumer Cyclical,65760808.0,5.0
HUDI,Huadi International Group Co Ltd,0.93,6,12,1,0,4,0,2,25,-13.0,12.0,Broken,Avoid/exit,15,-6.7,-1.1,-4.7,42.0,2,,Basic Materials,13298239.0,329477.0
EDTXF,Spectral Med Inc,0.965,0,1,2,9,0,3,2,17,-5.0,12.0,Broken,Avoid/exit,37,0.0,-4.9,-3.2,39.0,1,,Healthcare,288724288.0,8853.4
GLNS,Golden Star Resource Corp ,1.0,10,6,6,6,3,1,3,35,-28.0,12.0,Broken,🔥 COILED: Avoid/exit,44,0.0,0.0,0.0,91.8,1,,Basic Materials,7070000.0,27.51
WLTXX,WLTXX,1.0,3,6,0,4,0,3,3,19,-10.0,12.0,Broken,Avoid/exit,0,0.0,0.0,-47.6,44.7,0,,nan,nan,0.0
CDBDF,Cloudbreak Discovery Plc,0.008,1,3,2,6,3,1,2,18,-10.0,11.0,Broken,Avoid/exit,24,0.0,0.0,-8.1,31.6,0,,Basic Materials,18391718.0,21045.26
APGI,American Pwr Group,0.008,10,5,2,6,5,3,5,36,-21.0,11.0,Broken,Avoid/exit,50,0.0,0.0,2.1,51.2,1,,Industrials,10079806.0,36313.29
KOSK,One Step Vending Corp,0.006,7,3,2,5,2,0,5,24,-13.0,11.0,Broken,Avoid/exit,21,-15.4,-15.4,-5.4,47.8,1,,Energy,3363686.0,161196.81
PVRS,Providence Resources Inc,0.01,8,6,9,0,4,0,2,29,-23.0,11.0,Broken,🔥 COILED: Avoid/exit,31,0.0,-20.0,-3.6,48.7,1,,Basic Materials,2488465.0,0.0
PSGR,Pershing Resources Company Inc,0.005,4,3,8,1,3,1,3,23,-15.0,11.0,Broken,Avoid/exit,26,-2.0,-2.0,-1.6,42.7,1,,Basic Materials,2199455.0,137917.3
WCUFF,World Copper Ltd,0.007,3,13,4,0,3,4,2,29,-16.0,11.0,Broken,Avoid/exit,32,25.0,-12.5,-3.6,45.5,2,,Basic Materials,1840517.0,258559.7
DCTIF,Delta CleanTech Inc,0.01,3,3,7,2,3,6,2,26,-15.0,11.0,Broken,Avoid/exit,21,0.0,0.0,-8.0,11.2,1,,Industrials,1268827.0,4817.41
GMER,Good Gaming Inc,0.006,1,10,2,4,3,2,2,24,-11.0,11.0,Broken,Avoid/exit,33,3.2,-15.8,-1.5,47.6,1,,Consumer Cyclical,748880.0,143947.75
EMMA,Emmaus Life Sciences Inc,0.01,4,4,2,8,2,2,2,24,-13.0,11.0,Broken,Avoid/exit,24,-12.7,-5.0,-7.0,40.2,1,,Healthcare,673807.0,49672.96
SRNE,Sorrento Therape,0.001,13,15,5,3,2,0,5,43,-30,11,Broken,Avoid/exit,23,-26.7,57.1,22.2,52.6,3,,Healthcare,606409.0,356342.45
MAJI,Marijuana Inc.,0.008,4,12,2,0,2,2,2,24,-13.0,11.0,Broken,Avoid/exit,15,-11.1,0.0,-16.2,39.7,1,,Healthcare,550887.0,386840.5
AICOF,Generative AI Solutions Corp.,0.001,2,7,3,11,3,0,5,31,-20.0,11.0,Broken,Avoid/exit,22,22.2,1000.0,-66.7,43.1,3,,Technology,85064.0,8699.06
ZAAGD,"Goliath National, Inc.",0.011,6,10,1,0,2,2,2,23,-12.0,11.0,Broken,Avoid/exit,25,-23.7,-35.4,-35.6,43.9,0,,Consumer Cyclical,40475.0,6152.74
LGNDZ,Ligand Pharms Inc Cvr,0.001,3,6,8,0,0,2,2,21,-10.0,11.0,Broken,Avoid/exit,20,0.0,-18.8,-35.9,38.9,0,,nan,nan,0.0
CEROW,CERo Therapeutics Holdings Inc,0.003,5,10,0,10,2,2,2,31,-20,11,Broken,Avoid/exit,31,190.9,-22.0,-14.4,48.2,0,10,nan,nan,0.0
AEXFF,Aminex PLC,0.015,4,4,2,0,3,3,2,18,-10.0,11.0,Broken,Avoid/exit,15,0.0,0.0,-14.3,16.4,0,,Energy,67125008.0,1122.65
ALTPF,Altiplano Metals Inc,0.015,3,10,4,0,3,2,2,24,-13.0,11.0,Broken,Avoid/exit,12,7.1,-16.7,-7.9,29.9,2,,Basic Materials,2485865.0,51341.28
CEUMF,Century Global Commodities Corp,0.02,3,3,6,2,3,3,3,23,-15.0,11.0,Broken,Avoid/exit,13,0.0,0.0,-10.6,0.0,1,,Consumer Defensive,2411392.0,330.0
AYRWF,AYR Strategies Inc Class A,0.017,7,6,5,7,5,3,5,38,-25.0,11.0,Broken,Avoid/exit,40,13.3,13.3,2.5,51.7,4,,Healthcare,1985151.0,423831.19
QTCI,Quantum Capital Inc,0.011,12,4,5,8,3,2,5,39,-28.0,11.0,Broken,Avoid/exit,37,0.0,2100.0,97.0,89.4,2,,Financial Services,553914.0,1167.04
AFFUD,Affluence Corporation,0.014,3,6,2,4,2,2,2,21,-8.0,11.0,Broken,Avoid/exit,24,-16.7,-17.6,-24.9,44.3,0,,Technology,176789.0,102955.24
PIIIW,P3 Health Partners Inc,0.014,10,7,2,0,4,0,2,25,-15.0,11.0,Broken,Avoid/exit,30,-16.7,-20.5,-15.5,47.0,2,,nan,nan,271139.65
HDUP,HeadsUp Entertainment International Inc,0.021,7,7,0,6,7,2,2,31,-18.0,11.0,Broken,Avoid/exit,56,-23.7,-29.3,-12.0,47.8,1,,Communication Services,4971526.0,96493.86
BUDZ,Weed Inc,0.025,1,2,3,8,0,0,2,16,-5.0,11.0,Broken,Avoid/exit,27,-13.8,-19.1,-17.2,40.0,1,,Healthcare,4449380.0,79145.02
BIXT,Bioxytran Inc,0.03,4,8,8,6,0,0,2,28,-15.0,11.0,Broken,Avoid/exit,24,-1.0,0.0,-3.2,45.0,1,,Healthcare,3457831.0,207083.04
RLMLF,Resolution Minerals Ltd,0.035,1,11,4,2,2,2,2,24,-11.0,11.0,Broken,Avoid/exit,30,11.9,-9.1,-5.5,41.1,1,,Basic Materials,78163808.0,2133401.6
SUIFF,Superior Mining International Corporation,0.033,1,9,0,6,3,3,2,24,-13.0,11.0,Broken,Avoid/exit,11,7.7,-28.6,-11.6,19.1,2,,Basic Materials,2620794.0,752.31
PDYNW,Palladyne AI Corp,0.04,1,4,0,8,0,2,2,17,-6.0,11.0,Broken,Avoid/exit,17,-2.4,-46.0,-21.2,44.0,1,,nan,nan,93186.96
MLBEF,Webcentral Group Limited,0.048,5,3,1,9,5,4,2,29,-23.0,11.0,Broken,Avoid/exit,32,-19.0,60.4,-13.3,47.7,4,,Technology,18299002.0,2953.68
LTUM,Lithium Corp,0.047,3,7,1,6,2,2,2,23,-10.0,11.0,Broken,Avoid/exit,12,-2.1,-11.3,-11.1,34.5,1,,Basic Materials,5540944.0,600042.11
WGMTF,WestGold Metals Corp.,0.059,4,3,2,3,3,6,2,23,-15.0,11.0,Broken,Avoid/exit,40,0.0,-16.5,-10.4,35.7,1,,Basic Materials,3071550.0,2447.32
GNYPF,Masivo Silver Corp,0.068,0,10,4,6,7,0,2,29,-16.0,11.0,Broken,Avoid/exit,22,-7.6,-9.6,-10.9,37.1,1,,Basic Materials,5447096.0,84820.38
FRTN,Fortran Corp,0.07,1,8,2,6,3,2,2,24,-13.0,11.0,Broken,Avoid/exit,23,0.0,0.0,-7.3,43.8,1,,Communication Services,1726162.0,12585.03
AIABF,AirAsia Group Berhad,0.071,3,4,3,3,3,3,2,21,-10.0,11.0,Broken,Avoid/exit,15,0.0,0.0,-7.0,9.2,0,,Industrials,581357376.0,1626.0
IMITF,IMITF,0.074,2,4,0,8,0,2,2,18,-3.0,11.0,Broken,Avoid/exit,0,-2.4,-23.5,-11.5,46.1,0,,Industrials,12827937.0,0.0
DYFSF,dynaCERT Inc,0.09,3,5,4,5,3,2,2,24,-13.0,11.0,Broken,Avoid/exit,36,0.0,-10.0,-4.6,41.7,2,,Industrials,45814936.0,17986.68
NVLHF,Nevada Lithium Resources Inc,0.082,3,9,3,3,2,4,2,26,-13.0,11.0,Broken,Avoid/exit,18,-0.4,-2.6,-1.3,47.5,2,,Basic Materials,21251006.0,136209.72
ECRO,Ecc Cap. Corp.,0.09,6,7,2,5,4,0,2,26,-15.0,11.0,Broken,Avoid/exit,17,0.0,-10.0,-4.9,34.9,1,,nan,17147072.0,55952.5
OGGNF,Origen Resources Inc,0.09,15,4,6,10,1,0,5,41,-30,11,Broken,Avoid/exit,43,0.0,350.0,53.6,82.0,3,,Basic Materials,6113714.0,1701.47
GPUSD,Alset AI Ventures Inc.,0.097,7,4,0,6,7,2,2,28,-15.0,11.0,Broken,Avoid/exit,50,-7.8,-22.9,-9.6,46.3,1,,Technology,2220062.0,7392.24
GPUSF,Alset AI Ventures Inc.,0.097,7,4,0,6,7,2,2,28,-15.0,11.0,Broken,Avoid/exit,50,-7.8,-22.9,-9.6,46.3,1,,Technology,1711910.0,7392.24
CPNFF,Euro Sun Mining Inc,0.119,3,7,5,0,3,6,2,26,-15.0,11.0,Broken,Avoid/exit,22,4.4,-9.8,-6.1,38.5,1,,Basic Materials,53241152.0,97796.31
RSGLF,Rocky Shore Gold Ltd.,0.11,3,4,5,3,3,3,2,23,-15.0,11.0,Broken,Avoid/exit,34,0.0,0.0,-5.0,40.0,1,,Basic Materials,26086808.0,7190.02
KROEF,Kr1 PLC,0.127,0,2,1,8,3,0,2,16,-5.0,11.0,Broken,Avoid/exit,22,-20.1,-9.9,-20.0,38.2,1,,Financial Services,22553490.0,3741.88
RYES,Rise Gold Corp,0.122,3,10,3,2,4,2,2,26,-15.0,11.0,Broken,Avoid/exit,11,-13.1,-6.5,-17.8,39.1,1,,Basic Materials,15305260.0,88738.87
MDXXF,Pharmala Biotech Holdings Inc,0.106,9,4,3,3,3,2,2,26,-15.0,11.0,Broken,Avoid/exit,49,-1.7,-3.9,-1.7,48.9,1,,Healthcare,11609796.0,21709.72
DOCKF,Beyond Medical Technologies Inc,0.138,8,13,6,2,4,2,2,37,-26,11,Broken,Avoid/exit,33,70.2,37.9,27.9,62.8,4,3,Industrials,6032109.0,599.73
USCMF,US Critical Metals Corp.,0.106,1,9,0,1,4,2,2,19,-8.0,11.0,Broken,Avoid/exit,12,-7.3,-13.1,-14.2,31.3,1,,Basic Materials,3835728.0,197267.62
NOPFF,NOPFF,0.127,4,8,2,3,2,0,2,21,-8.0,11.0,Broken,Avoid/exit,0,-13.3,-13.9,-11.6,41.7,0,,nan,nan,0.0
ZUUZD,Zeus North America Mining Corp.,0.194,14,10,2,3,5,0,2,36,-21.0,11.0,Broken,Avoid/exit,61,14.3,-12.6,-2.3,50.4,1,,Basic Materials,10346032.0,9452.82
FRECF,FRECF,0.16,0,1,0,8,0,0,2,11,0.0,11.0,Broken,Avoid/exit,20,-23.8,-23.8,-29.0,24.8,0,,nan,9431379.0,6008.01
ZUUZF,Zeus North America Mining Corp,0.194,14,10,2,3,5,0,2,36,-21.0,11.0,Broken,Avoid/exit,61,14.3,-12.6,-2.3,50.4,1,,Basic Materials,9040195.0,9452.95
SZZLR,Sizzle Acquisition Corp. II,0.16,3,4,5,4,0,3,2,21,-10.0,11.0,Broken,Avoid/exit,18,-11.1,-9.1,-12.4,39.9,0,,nan,nan,0.0
SPSTF,Singapore Post Limited,0.22,1,3,3,6,3,3,2,21,-10.0,11.0,Broken,Avoid/exit,15,0.0,0.0,-6.4,2.7,0,,Industrials,783167552.0,0.0
JWCTF,JW (Cayman) Therapeutics Co. Ltd,0.238,3,7,3,5,3,3,2,26,-15.0,11.0,Broken,Avoid/exit,15,0.0,0.0,-3.7,1.3,1,,Healthcare,98912336.0,9798.47
ANKOF,Angkor Resources Corp,0.225,4,3,5,4,3,2,2,23,-15.0,11.0,Broken,Avoid/exit,27,-4.6,-6.0,-6.0,42.2,1,,Basic Materials,45975972.0,66242.37
AAUGF,Aero Energy Limited,0.241,4,6,5,6,5,4,2,32,-21.0,11.0,Broken,Avoid/exit,36,2.6,0.4,-5.9,46.5,2,,Basic Materials,12493463.0,15622.28
NAMI,Jinxin Technology Holding Company American Depositary Shares,0.251,4,10,2,0,4,2,2,24,-13.0,11.0,Broken,Avoid/exit,15,-3.6,-11.1,-13.3,37.7,2,,Communication Services,19823202.0,128678.87
MKTSF,DeepMarkit Corp.,0.285,8,3,6,0,2,0,4,23,-15.0,11.0,Broken,Avoid/exit,41,-16.2,-16.2,-7.7,40.2,1,,Technology,18319674.0,2221.25
AAMMF,Almadex Minerals Ltd,0.275,2,2,6,7,0,0,2,19,-8.0,11.0,Broken,Avoid/exit,17,-12.7,-25.7,-17.5,39.0,1,,Basic Materials,16860496.0,42389.46
JNNDF,Japan Display Inc,0.303,4,2,2,8,0,0,2,18,-3.0,11.0,Broken,Avoid/exit,33,-18.9,-12.8,-22.4,17.3,1,,Technology,1529277824.0,1202.73
NULGF,Nulegacy Gold Corporation,0.3,2,3,3,0,6,4,5,23,-15.0,11.0,Broken,Avoid/exit,37,-3.2,-10.6,-3.4,43.8,1,,Basic Materials,891140.0,1220.31
SYRA,Syra Health Corp. Class A Common Stock,0.45,5,3,2,9,3,0,5,27,-15.0,11.0,Broken,Avoid/exit,42,-10.9,-11.8,-10.5,45.3,1,,Healthcare,6385126.0,40634.26
WEIFX,Wildermuth Endowment Strategy Fund Cl I,0.43,3,3,3,4,0,3,2,18,-10.0,11.0,Broken,Avoid/exit,16,-2.3,-4.4,-4.0,1.1,0,,Other,0.0,0.0
QIMCF,QIMCF,0.457,7,6,5,2,0,6,3,29,-18.0,11.0,Broken,Avoid/exit,31,1.6,-3.6,-0.3,47.6,0,,nan,nan,126921.41
AUXXF,Allegiant Gold Ltd,0.511,6,10,4,6,0,2,2,30,-19.0,11.0,Broken,Avoid/exit,25,4.0,-5.3,-5.6,39.9,2,,Basic Materials,56509940.0,113755.37
HYLQF,HYLQ Strategy Corp.,0.502,1,6,2,6,5,2,2,24,-13.0,11.0,Broken,Avoid/exit,39,8.4,-7.9,-1.8,46.5,2,,Technology,9300057.0,1394.49
GRPFF,Grupo Televisa S.A.B,0.562,4,3,7,5,3,1,3,26,-15.0,11.0,Broken,Avoid/exit,36,0.0,-2.1,-1.0,33.8,1,,Communication Services,1481038592.0,211.39
HAIN,The Hain Celestial Group Inc,0.606,1,7,1,2,4,4,2,21,-13.0,11.0,Broken,Avoid/exit,20,-3.8,-20.3,-10.8,37.6,1,,Consumer Defensive,54684584.0,1701690.05
BGI,Birks Group Inc,0.61,5,9,3,5,4,0,2,28,-15.0,11.0,Broken,Avoid/exit,25,-10.3,-1.6,-3.7,44.8,1,,Consumer Cyclical,11950800.0,435818.98
DSNY,Destiny Media Technologies Inc,0.623,5,3,6,4,4,2,2,26,-15.0,11.0,Broken,Avoid/exit,44,-11.0,-11.0,-7.9,34.3,1,,Technology,6004106.0,5653.24
HMCTF,Hainan Meilan International Airport Company Limited,0.65,3,4,2,5,3,7,2,26,-15.0,11.0,Broken,Avoid/exit,13,0.0,0.0,-12.4,0.0,1,,Industrials,317373440.0,73.03
ALTS,ALT5 Sigma Corporation,0.67,3,11,2,2,4,2,2,26,-15.0,11.0,Broken,Avoid/exit,20,1.5,-6.9,-8.9,40.6,1,,Technology,119560224.0,4394417.14
AIFC,AI Financial Corporation,0.67,3,11,2,2,4,2,2,26,-15.0,11.0,Broken,Avoid/exit,20,1.4,-7.0,-9.0,40.5,1,,Technology,93620544.0,4395533.33
MDAIW,Spectral AI Inc,0.65,3,9,2,2,9,0,2,27,-16.0,11.0,Broken,Avoid/exit,51,-1.5,-1.7,-6.7,44.8,0,,nan,nan,18560.73
TNYA,Tenaya Therapeutics Inc,0.731,1,11,6,1,4,2,2,27,-14.0,11.0,Broken,Avoid/exit,31,1.5,-5.4,-2.2,46.5,1,,Healthcare,158539376.0,4387202.86
GGOXF,Galleon Gold Corp.,0.734,7,3,5,0,4,2,2,23,-15.0,11.0,Broken,Avoid/exit,41,-4.3,-10.5,-4.9,43.7,1,,Basic Materials,99204000.0,101179.9
UFG,Uni-Fuels Holdings Limited Class A Ordinary Shares,0.781,8,4,3,11,3,0,5,34,-23.0,11.0,Broken,Avoid/exit,30,-7.0,13.9,-0.1,49.5,4,,Industrials,25368152.0,757871.6
FVEDMX,FVEDMX,0.853,4,10,1,6,0,3,2,26,-15.0,11.0,Broken,Avoid/exit,19,0.0,-0.1,-1.0,32.1,0,,nan,nan,0.0
SSLVF,SSLVF,0.85,9,10,6,6,4,2,2,39,-28.0,11.0,Broken,Avoid/exit,23,20.4,11.1,3.1,50.4,3,,nan,nan,0.0
RNTX,Rein Therapeutics Inc,0.916,3,7,2,1,4,2,2,21,-13.0,11.0,Broken,Avoid/exit,9,-1.1,-10.2,-7.6,38.2,1,,Healthcare,78328096.0,579418.13
TOON,"Kartoon Studios, Inc.",0.944,17,2,2,9,3,3,5,41,-30,11,Broken,Avoid/exit,59,-12.6,30.9,6.7,57.1,3,,Communication Services,55800980.0,556416.33
UAVS,Ageagle Aerial Systems Inc,0.94,1,12,2,0,4,2,3,24,-11.0,11.0,Broken,Avoid/exit,37,0.0,-12.1,-4.2,43.6,1,,Technology,55221924.0,4395510.0
AEHL,Antelope Enterprise Holdings Ltd,1.0,4,10,6,0,2,0,2,24,-13.0,11.0,Broken,Avoid/exit,29,-9.9,-6.5,-20.1,42.1,1,,Industrials,18152444.0,3401956.64
WAAXX,Western Asset Premier Institutional Liquid Reserves Capital Shares,1.0,1,2,4,6,0,2,3,18,-10.0,11.0,Broken,Avoid/exit,29,-0.0,-0.0,-0.0,36.9,0,,nan,nan,0.0
SWSXX,SWSXX,1.0,1,4,1,4,3,0,3,16,-10.0,11.0,Broken,🔥 COILED: Avoid/exit,27,0.0,-71.7,-24.4,44.1,0,,nan,nan,0.0
RLLCF,Rolls-Royce Holdings plc,0.002,3,9,3,3,4,2,2,26,-16.0,10.0,Broken,Avoid/exit,15,-5.9,-11.1,-6.3,42.7,0,,Industrials,63222030336.0,1673042.54
BSNLF,Blue Star Helium Ltd,0.004,0,7,4,5,2,0,2,20,-10.0,10.0,Broken,Avoid/exit,19,-20.0,-34.4,-27.3,42.1,0,,Energy,24510662.0,467904.32
MGUFF,Magnum Mining and Exploration Limited,0.004,2,4,1,1,3,4,2,17,-10.0,10.0,Broken,Avoid/exit,26,0.0,-35.5,-16.6,29.7,0,,Basic Materials,12852149.0,2926.59
GVDI,Golden Valley Development Inc,0.007,6,9,1,6,3,3,4,32,-18.0,10.0,Broken,Avoid/exit,32,1.5,1.5,-4.7,9.8,1,,Communication Services,4583532.0,13808.34
LTCP,Life's Time Capsule Services Inc,0.005,4,3,3,3,3,2,2,20,-10.0,10.0,Broken,Avoid/exit,20,0.0,0.0,-3.6,37.3,0,,Communication Services,2256619.0,10642.13
FRCB,First Republic Bank,0.001,5,7,3,9,4,2,3,33,-21,10,Broken,Avoid/exit,25,71.4,50.0,-20.7,48.4,3,9,Financial Services,223462.0,125965.98
ZAPPF,Zapp Electric Vehicles Group Limited,0.001,6,12,4,2,3,3,5,35,-25,10,Broken,Avoid/exit,24,900.0,400.0,52.0,44.0,3,3,Consumer Cyclical,18595.0,45316.39
FCIC,FCCC Inc,0.001,3,3,3,4,3,3,3,22,-15.0,10.0,Broken,Avoid/exit,19,0.0,0.0,-23.1,1.7,1,,Financial Services,6922.0,222.5
LHHMQ,Lehman Brothers Holdings Capital Trust V,0.001,4,5,4,3,3,0,2,21,-10.0,10.0,Broken,Avoid/exit,31,0.0,0.0,-1.7,46.6,0,,Other,nan,706.36
LEHLQ,LEHMAN BROTHERS HOLDINGS CAP TS,0.001,1,3,3,5,3,3,2,20,-10.0,10.0,Broken,Avoid/exit,30,0.0,0.0,-1.6,37.1,0,,Other,nan,419.5
RCKTW,"Rocket Pharmaceuticals, Inc. Warrant",0.01,0,1,0,9,0,0,2,12,0.0,10.0,Broken,Avoid/exit,16,-50.8,-50.8,-43.9,34.6,0,,Healthcare,nan,24422.41
BSLKW,"Bolt Projects Holdings, Inc.",0.007,7,11,1,10,3,3,5,40,-28.0,10.0,Broken,Avoid/exit,29,38.0,43.8,-7.0,49.6,3,,nan,nan,79455.14
MPVDF,Mountain Province Diamonds Inc,0.02,7,7,0,1,0,6,2,23,-13.0,10.0,Broken,Avoid/exit,15,0.0,0.0,-16.9,43.4,1,,Basic Materials,4252249.0,43831.29
FALFF,Falcon Metals Limited,0.017,3,4,1,5,3,7,2,25,-15.0,10.0,Broken,Avoid/exit,19,0.0,0.0,-75.3,0.6,1,,Basic Materials,3654470.0,543.42
OPTEY,Opthea Limited,0.02,2,11,2,0,5,2,2,24,-14.0,10.0,Broken,Avoid/exit,24,-52.1,-59.8,-30.0,46.2,1,,Healthcare,3419945.0,19363.63
QWTR,Quest Water Global Inc,0.017,4,7,2,0,3,2,5,23,-13.0,10.0,Broken,Avoid/exit,21,0.0,-15.0,-16.0,46.1,1,,Industrials,2242351.0,13451.2
EICCF,E Automotive Inc.,0.011,3,6,1,5,3,5,2,25,-15.0,10.0,Broken,Avoid/exit,31,0.0,0.0,-73.4,3.0,1,,Consumer Cyclical,663595.0,247.94
FATAQ,FAT Brands Inc.,0.012,5,9,3,0,2,4,2,25,-15.0,10.0,Broken,Avoid/exit,18,-14.3,-20.0,-24.6,41.6,2,,Consumer Cyclical,215271.0,1308591.5
ILLRW,Triller Group Inc. Warrant,0.02,3,3,1,9,0,0,2,18,-8.0,10.0,Broken,Avoid/exit,28,-25.5,-59.2,-43.3,43.9,0,,nan,nan,0.0
ACMB,Agro Capital Management Corp,0.031,5,6,5,5,2,0,5,28,-18.0,10.0,Broken,Avoid/exit,25,-14.4,6.6,-5.0,48.1,1,,Industrials,12250897.0,105808.3
BBRDF,Blackbird plc,0.024,3,3,3,4,3,7,2,25,-15.0,10.0,Broken,Avoid/exit,15,0.0,0.0,-7.4,0.2,1,,Technology,11430462.0,3001.0
BELDF,Batero Gold Corp,0.03,3,4,5,0,3,3,2,20,-10.0,10.0,Broken,Avoid/exit,18,0.0,0.0,-21.6,23.5,0,,Basic Materials,3455471.0,17637.45
ZHDM,Zhong Hui Dao Ming Copper Holding Ltd,0.025,0,5,1,4,2,2,3,17,-10.0,10.0,Broken,Avoid/exit,13,0.0,12.6,-12.9,43.3,2,,Financial Services,2027625.0,10571.74
IDYLF,Imaging Dynamics Company Ltd,0.024,9,6,10,6,0,1,3,35,-28.0,10.0,Broken,Avoid/exit,41,0.0,0.0,0.0,100.0,1,,Healthcare,242861.0,42.41
VCBDD,"Vitalibis, Inc.",0.03,9,4,1,13,3,0,5,35,-25.0,10.0,Broken,Avoid/exit,35,-96.0,2920.0,-70.4,47.3,4,,Financial Services,9957.0,596.32
SWAGW,Software Acquisition Group Inc. III Warrant,0.022,2,3,0,6,0,0,2,13,-6.0,10.0,Broken,Avoid/exit,13,-68.1,-68.1,-50.4,42.9,0,,nan,nan,18637.64
JUBPF,Jubilee Metals Group PLC,0.04,2,5,5,5,4,1,3,25,-15.0,10.0,Broken,Avoid/exit,24,0.0,0.0,-2.4,44.3,1,,Basic Materials,128932040.0,16198.0
LOMEF,Lithium One Metals Inc.,0.035,4,4,8,3,4,0,2,25,-15.0,10.0,Broken,Avoid/exit,25,-11.5,-11.5,-12.2,43.5,1,,Basic Materials,977299.0,5714.7
SOPAQ,Society Pass Incorporated,0.033,6,5,3,7,0,0,2,23,-13.0,10.0,Broken,Avoid/exit,11,-38.9,-34.0,-60.8,22.4,1,,Communication Services,442636.0,3767889.26
NNVUF,Nanoveu Limited,0.05,8,15,2,5,3,2,5,40,-26,10,Broken,Avoid/exit,31,45.3,11.1,16.2,57.6,4,,Technology,54022560.0,12723.0
GGCPF,Generic Gold Corporation,0.05,3,7,0,5,6,2,2,25,-15.0,10.0,Broken,Avoid/exit,38,-1.6,0.4,-9.1,46.3,1,,Basic Materials,3734953.0,7907.56
UNEGF,United Energy Group Limited,0.057,1,1,2,5,3,6,2,20,-10.0,10.0,Broken,Avoid/exit,31,0.0,-12.3,-5.5,0.7,0,,Energy,1465302784.0,14170.5
KDAGF,KDAGF,0.058,3,10,1,4,3,0,2,23,-9.0,10.0,Broken,Avoid/exit,11,-7.1,-7.1,-14.7,12.3,0,,nan,11562848.0,1372.32
GPOX,GPO Plus Inc,0.059,1,12,2,3,3,2,2,25,-15.0,10.0,Broken,Avoid/exit,18,5.4,-6.3,-11.8,42.7,1,,Consumer Defensive,5294359.0,150376.0
ARQQW,Arqit Quantum Inc. Warrants,0.054,0,4,0,9,0,0,2,15,-5.0,10.0,Broken,Avoid/exit,19,-16.9,-59.1,-37.9,43.6,1,,nan,nan,118612.51
MMXLF,Mustang Minerals Limited,0.066,14,10,4,5,1,3,5,42,-28,10,Broken,Avoid/exit,0,23.0,10.7,11.5,57.0,3,,Basic Materials,4872715.0,0.0
BAYAR,Bayview Acquisition Corp Right,0.099,0,11,2,1,2,2,5,23,-13.0,10.0,Broken,Avoid/exit,18,-5.9,-29.5,-15.0,43.6,0,,nan,nan,0.0
SHASF,ShaMaran Petroleum Corp,0.1,4,4,0,1,3,6,2,20,-10.0,10.0,Broken,Avoid/exit,19,0.0,0.0,-13.0,45.1,0,,Energy,288750432.0,228674.05
TSGZF,Tristar Gold,0.13,6,5,4,3,3,2,2,25,-15.0,10.0,Broken,Avoid/exit,15,8.3,-7.1,-9.1,35.9,1,,Basic Materials,45782520.0,70571.25
BRWXF,Brunswick Exploration Inc.,0.128,4,8,6,0,3,2,2,25,-15.0,10.0,Broken,Avoid/exit,33,7.9,-1.5,-1.8,45.5,1,,Basic Materials,36174428.0,122392.58
KDKGF,Klondike Gold Corp,0.12,2,3,2,7,0,2,2,18,-8.0,10.0,Broken,Avoid/exit,31,-7.7,-11.3,-7.6,39.0,0,,Basic Materials,33002632.0,124724.0
MTLFF,Metallis Resources Inc,0.113,4,11,4,2,3,2,2,28,-18.0,10.0,Broken,Avoid/exit,34,10.8,2.7,2.2,51.3,2,,Basic Materials,10508153.0,88377.26
SNTW,Summit Networks Inc,0.135,2,3,4,2,3,1,2,17,-10.0,10.0,Broken,Avoid/exit,26,0.0,0.0,-2.2,32.0,0,,Consumer Cyclical,9303074.0,1673.98
MBCOF,Marvel Biosciences Corp.,0.119,7,4,0,4,5,2,3,25,-15.0,10.0,Broken,Avoid/exit,42,-7.0,-23.2,-7.0,46.0,1,,Healthcare,8001201.0,24292.81
NWVCF,EnWave Corporation,0.16,0,3,2,8,0,0,2,15,-5.0,10.0,Broken,Avoid/exit,12,-5.9,-11.1,-8.2,37.2,1,,Industrials,18994674.0,21904.92
PMI,"Picard Medical, Inc.",0.182,6,5,3,4,2,2,5,27,-15.0,10.0,Broken,Avoid/exit,17,0.6,-43.1,-18.7,39.8,1,,Healthcare,16999008.0,10003724.17
BAGGF,Blende Silver Corp.,0.152,12,3,3,0,3,2,2,25,-15.0,10.0,Broken,Avoid/exit,51,23.4,-7.9,-5.8,47.7,0,,Basic Materials,12674234.0,180114.79
AUMN,Golden Minerals Company,0.18,6,5,4,2,0,3,5,25,-15.0,10.0,Broken,Avoid/exit,25,0.0,-5.3,-0.8,48.6,1,,Basic Materials,2727548.0,69783.09
BSPK,Bespoke Extracts Inc,0.152,6,9,2,0,3,3,2,25,-15.0,10.0,Broken,Avoid/exit,25,0.0,0.1,-6.6,42.6,1,,Healthcare,1712790.0,1658.1
EVEX-WT,EVEX-WT,0.2,4,10,1,5,4,2,2,28,-14.0,10.0,Broken,Avoid/exit,23,-9.1,-13.1,-14.9,39.7,1,,nan,nan,34980.71
TVAIR,Thayer Ventures Acquisition Corporation II Rights,0.17,5,6,2,5,0,0,2,20,-10.0,10.0,Broken,Avoid/exit,27,-15.0,9.6,-10.0,43.2,1,,nan,nan,0.0
DSX-WT,Diana Shipping Inc. WT,0.23,5,7,2,2,2,0,2,20,-10.0,10.0,Broken,Avoid/exit,29,-17.9,-27.0,-26.0,41.3,0,,nan,nan,25415.43
OPENL,OPENDOOR TECHNOLOGIES INC SERIES A,0.248,1,6,7,0,2,4,2,22,-10.0,10.0,Broken,Avoid/exit,33,-2.4,-18.7,-8.8,41.4,0,,nan,nan,0.0
WNRS,Winners Inc,0.25,5,3,0,13,2,0,2,25,-15.0,10.0,Broken,Avoid/exit,34,-75.0,-37.7,-50.6,43.3,1,,Consumer Cyclical,3983671808.0,1257.77
LGCXF,Lahontan Gold Corp.,0.262,11,7,3,3,4,3,2,33,-23.0,10.0,Broken,Avoid/exit,44,2.5,-6.5,-3.9,46.8,1,,Basic Materials,112258864.0,1116591.63
IGC,India Globalization Capital Inc,0.275,2,7,9,0,4,0,3,25,-13.0,10.0,Broken,Avoid/exit,31,-1.8,-5.2,-4.1,37.6,1,,Healthcare,27515102.0,815756.44
CISO,Cerberus Cyber Sentinel Corp,0.26,0,2,0,8,0,2,2,14,-4.0,10.0,Broken,Avoid/exit,26,-16.7,-22.6,-17.3,38.2,0,,Technology,11767873.0,531237.5
VPIM,Vitality Prime Inc.,0.25,3,4,1,5,3,2,2,20,-10.0,10.0,Broken,Avoid/exit,16,-16.7,-39.5,-22.5,29.9,0,,Industrials,5390052.0,108.5
ENDGF,Endurance Gold Corporation,0.32,9,5,5,4,0,2,3,28,-18.0,10.0,Broken,Avoid/exit,31,3.2,-3.0,-2.6,46.4,0,,Basic Materials,64007884.0,29310.39
FNAUF,Four Nines Gold Inc,0.346,2,2,3,6,5,0,2,20,-10.0,10.0,Broken,Avoid/exit,39,-23.2,-25.4,-19.2,43.6,0,,Basic Materials,21601918.0,2823.0
GOCO,GoHealth Inc.,0.335,1,10,0,4,4,4,2,25,-13.0,10.0,Broken,Avoid/exit,18,16.0,-54.9,-36.6,27.5,2,,Financial Services,8937260.0,148677.55
CGDCF,CGDCF,0.3,0,1,0,8,0,4,2,15,-1.0,10.0,Broken,Avoid/exit,23,-45.5,-45.5,-41.8,10.0,0,,nan,8046239.0,1369.21
SCNI,Scinai Immunotherapeutics Ltd,0.322,4,3,1,6,2,2,2,20,-10.0,10.0,Broken,Avoid/exit,14,-1.1,-26.8,-20.3,32.9,0,,Healthcare,1636626.0,1141421.96
ESAUF,ESGold Corp.,0.35,6,7,5,5,5,2,3,33,-23.0,10.0,Broken,Avoid/exit,28,2.9,-2.7,-1.7,46.8,1,,Basic Materials,38955212.0,172681.23
SHVLF,Starcore International Mines Ltd,0.375,6,5,3,0,2,2,2,20,-10.0,10.0,Broken,Avoid/exit,23,5.1,-8.7,-8.9,38.7,0,,Basic Materials,34608688.0,132718.29
AMDS,GraniteShares 1x Short AMD Daily ETF,0.354,3,6,3,6,0,0,2,20,-10.0,10.0,Broken,Avoid/exit,11,-13.2,-4.8,-12.2,31.1,0,,nan,nan,34212.14
ATEPF,Astra Exploration Inc.,0.434,0,3,0,8,0,2,2,15,-5.0,10.0,Broken,Avoid/exit,32,0.6,-19.9,-12.0,35.0,1,,Basic Materials,60029588.0,144911.4
CSGEF,China Suntien Green Energy Corporation Limited,0.458,1,4,2,5,3,3,2,20,-10.0,10.0,Broken,Avoid/exit,11,0.0,0.0,-3.7,0.0,0,,Utilities,3098828032.0,51.5
KNRX,KNOREX LTD.,0.465,3,11,3,0,4,2,2,25,-13.0,10.0,Broken,Avoid/exit,18,-7.0,-23.5,-21.0,31.2,2,,Technology,14146747.0,0.0
YOOV,Concorde International Group Ltd.,0.522,6,9,3,3,2,2,2,27,-15.0,10.0,Broken,Avoid/exit,0,-11.4,-10.1,-19.1,36.1,1,,Industrials,118418328.0,0.0
WWR,Westwater Resources Inc,0.526,6,7,6,0,2,2,2,25,-15.0,10.0,Broken,Avoid/exit,24,3.2,1.2,-3.5,43.1,1,,Basic Materials,69005464.0,3366629.03
HMRFF,Homerun Resources Inc.,0.532,1,8,3,6,3,2,2,25,-13.0,10.0,Broken,Avoid/exit,18,-0.9,-6.7,-4.7,39.5,2,,Basic Materials,41147752.0,39930.76
AMGDF,Aston Martin Lagonda Global Holdings plc,0.561,3,9,2,0,7,4,2,27,-15.0,10.0,Broken,Avoid/exit,27,-4.9,-2.3,-5.1,44.3,1,,Consumer Cyclical,568119680.0,27115.74
ERDLF,EROAD Limited,0.571,4,3,4,4,3,1,3,22,-15.0,10.0,Broken,Avoid/exit,13,0.0,0.0,-0.7,0.0,1,,Technology,107332296.0,26.5
CTOR,"Citius Oncology, Inc.",0.67,1,10,2,5,5,2,2,27,-15.0,10.0,Broken,Avoid/exit,20,-3.4,-15.9,-10.1,34.0,2,,Healthcare,62269512.0,282581.32
SHCAY,Sharp Corp ADR,0.89,5,6,0,6,5,2,3,27,-20.0,10.0,Broken,Avoid/exit,28,-1.1,0.0,-2.7,47.2,0,,Technology,2311531776.0,6821.83
GIFT,"RDE, Inc.",0.89,5,4,0,9,0,3,3,24,-14.0,10.0,Broken,Avoid/exit,26,0.0,5.3,-2.9,46.8,1,,Communication Services,30357586.0,73268.99
TOPS,TOP Ships Inc.,0.926,3,5,3,5,0,2,2,20,-10.0,10.0,Broken,Avoid/exit,14,-2.5,-10.1,-13.4,32.2,0,,Energy,5320003.0,322013.12
GRLRF,Greenland Resources Inc,1.0,6,9,7,5,2,2,2,33,-23.0,10.0,Broken,Avoid/exit,35,2.9,-7.4,-4.4,40.5,2,,Basic Materials,135188912.0,76938.89
SEED,Origin Agritech Ltd,0.987,1,11,5,0,4,2,2,25,-13.0,10.0,Broken,Avoid/exit,24,0.7,-6.0,-5.0,35.9,1,,Basic Materials,11969489.0,402880.31
PIMXX,Plan Investment Fund Inc. - Money Market Portfolio,1.0,1,2,3,6,3,2,3,20,-10.0,10.0,Broken,Avoid/exit,25,-0.0,-0.0,-0.0,37.4,0,,nan,nan,0.0
PRSXX,PRSXX,1.0,1,2,3,6,3,2,3,20,-10.0,10.0,Broken,Avoid/exit,21,-0.0,-0.0,-0.0,29.2,0,,nan,nan,0.0
FABXX,FABXX,1.0,3,4,0,7,0,2,2,18,-8.0,10.0,Broken,Avoid/exit,14,-47.6,-31.5,-42.3,29.2,0,,nan,nan,0.0
TXTM,Protext Mobility Inc,0.006,3,5,0,6,2,0,2,18,-10.0,9.0,Broken,Avoid/exit,38,-15.4,-14.1,-9.7,40.3,0,,Healthcare,48351724.0,12017368.72
FAMDF,Futura Medical plc,0.007,3,5,0,9,0,3,2,22,-13.0,9.0,Broken,Avoid/exit,18,-1.4,-76.7,-57.3,44.2,1,,Healthcare,17439832.0,22228.4
DELX,Delex Healthcare Group Inc.,0.006,4,1,3,5,3,1,2,19,-10.0,9.0,Broken,Avoid/exit,32,0.0,-7.1,-3.8,15.8,0,,Healthcare,12997529.0,97026.42
CTGL,Citrine Global Corp,0.01,3,12,4,3,4,4,2,32,-23.0,9.0,Broken,Avoid/exit,21,5.6,66.7,-20.5,41.4,3,,Consumer Defensive,11854908.0,70926.23
HIRU,Hiru Corporation,0.001,1,7,3,0,4,2,2,19,-10.0,9.0,Broken,Avoid/exit,12,0.0,0.0,-15.0,36.3,1,,Basic Materials,6612000.0,23168444.49
XCRT,Union Dental Holdings Inc,0.009,2,2,8,5,0,0,2,19,-10.0,9.0,Broken,Avoid/exit,16,-9.2,-8.2,-12.0,34.1,0,,Healthcare,3866570.0,99798.76
AMMPF,AmmPower Corp,0.009,10,5,5,11,3,0,5,39,-28.0,9.0,Broken,Avoid/exit,39,-10.8,13.7,3.3,52.5,3,,Basic Materials,1566235.0,146945.6
CCAJ,Coastal Capital Acq,0.001,1,5,3,5,3,0,2,19,-10.0,9.0,Broken,Avoid/exit,16,7.7,-30.0,-15.8,41.2,0,,Industrials,1473274.0,3409073.82
ORAGF,Monarca Minerals Inc,0.007,0,4,1,5,3,4,2,19,-10.0,9.0,Broken,Avoid/exit,23,-34.6,-22.2,-28.3,37.2,0,,Basic Materials,885882.0,27722.17
TDRK,Tiderock Companies Inc,0.004,2,2,1,6,6,0,2,19,-10.0,9.0,Broken,Avoid/exit,19,-20.0,-20.0,-18.2,35.8,0,,Real Estate,759514.0,563813.0
GRLF,Green Leaf Innovations Inc,0.009,1,8,2,0,2,2,2,17,-6.0,9.0,Broken,Avoid/exit,25,-17.3,-54.5,-39.8,43.4,0,,Consumer Defensive,67203.0,45007957.97
GNIS,GNIS,0.001,5,10,4,2,0,2,2,25,-16.0,9.0,Broken,Avoid/exit,23,10.0,-8.3,-18.6,43.0,1,,Consumer Defensive,16161.0,1703953.05
ENSCW,Ensysce Biosciences Inc,0.002,0,4,3,5,3,2,2,19,-10.0,9.0,Broken,Avoid/exit,25,-68.3,-70.1,-59.2,39.6,0,,nan,nan,0.0
OPITQ,Office Properties Income Trust,0.001,9,4,4,4,0,3,5,29,-20.0,9.0,Broken,Avoid/exit,24,-44.0,-30.0,-19.1,48.2,0,,nan,nan,4162886.04
DOMWF,Dominion Water Reserves Corp,0.02,3,7,1,4,3,1,3,22,-13.0,9.0,Broken,Avoid/exit,14,0.0,0.0,-14.6,40.5,1,,Utilities,7459410.0,3894.99
SXOOF,St-Georges Eco-Mining Corp,0.02,3,10,2,1,0,2,2,20,-11.0,9.0,Broken,Avoid/exit,13,11.1,-9.1,-8.6,41.2,1,,Basic Materials,6561477.0,130888.79
PAIYY,Aesthetic Medical International Holdings Group Limited,0.015,5,6,2,3,3,2,3,24,-15.0,9.0,Broken,Avoid/exit,13,0.0,0.0,-22.8,33.6,1,,Healthcare,730313.0,5681.74
MGWFF,Maple Leaf Green World Inc,0.015,1,4,8,3,3,0,2,21,-15.0,9.0,Broken,Avoid/exit,17,-28.6,0.0,-15.3,40.8,1,,Healthcare,581886.0,1625.37
SPARF,Spark Energy Minerals Inc.,0.029,4,9,7,0,2,0,2,24,-15.0,9.0,Broken,Avoid/exit,19,1.7,-10.5,-3.4,46.2,1,,Basic Materials,5784534.0,16596.46
NGRC,National Graphite Corp,0.029,3,5,1,3,6,4,2,24,-15.0,9.0,Broken,Avoid/exit,28,-34.1,-34.1,-17.9,40.1,1,,Financial Services,4474944.0,3945.77
KASHF,Intellabridge Technology Corp,0.023,12,3,1,3,3,4,5,31,-25.0,9.0,Broken,Avoid/exit,51,0.0,-33.4,-5.7,49.1,1,,Technology,1661795.0,17796.46
HPAIW,Helport AI Limited Warrants,0.03,0,1,0,8,4,2,2,17,-8.0,9.0,Broken,Avoid/exit,11,-76.3,-76.3,-71.3,27.9,0,,nan,nan,16405.99
AMODW,"Alpha Modus Holdings, Inc.",0.03,1,5,1,6,4,2,2,21,-10.0,9.0,Broken,Avoid/exit,12,-10.2,-55.5,-43.3,33.9,0,,nan,nan,16503.17
RGSG,China Ivy School Inc,0.035,5,1,3,5,6,1,3,24,-15.0,9.0,Broken,Avoid/exit,32,-2.2,-2.2,-1.4,27.6,1,,Real Estate,2814097.0,673.09
ITRMF,Iterum Therapeutics plc,0.035,8,4,3,2,2,0,5,24,-15.0,9.0,Broken,Avoid/exit,28,-12.5,-37.5,-22.8,44.0,1,,Healthcare,1865205.0,5544850.5
TNTMF,Transition Metals Corp,0.046,8,6,5,4,0,4,2,29,-16.0,9.0,Broken,Avoid/exit,25,-8.0,9.5,-1.2,48.3,2,,Basic Materials,3775936.0,13852.06
CRICF,Churchill Resources Inc.,0.055,3,4,4,5,3,3,2,24,-15.0,9.0,Broken,Avoid/exit,20,0.0,-15.4,-14.8,28.5,1,,Basic Materials,17417508.0,14063.55
GSFD,Global Seafood Technologies Inc,0.057,1,3,6,5,3,1,2,21,-15.0,9.0,Broken,Avoid/exit,21,0.0,0.0,-1.8,35.9,1,,Consumer Defensive,1071817.0,3184.82
PMCCF,Peloton Minerals Corporation,0.063,3,4,3,6,3,3,2,24,-15.0,9.0,Broken,Avoid/exit,20,-1.9,-1.9,-4.3,41.8,1,,Basic Materials,10283870.0,20148.18
STTDF,Standard Uranium Ltd.,0.068,1,4,5,8,0,2,2,22,-9.0,9.0,Broken,Avoid/exit,28,0.7,-4.9,-4.8,43.8,2,,Energy,10270109.0,86482.53
TCEFF,Tisdale Clean Energy Corp.,0.07,1,11,3,0,3,2,2,22,-11.0,9.0,Broken,Avoid/exit,24,-2.5,-13.5,-9.0,41.1,2,,Energy,4217989.0,9652.63
CRGOW,Freightos Limited Warrants,0.066,1,11,0,0,3,2,2,19,-10.0,9.0,Broken,Avoid/exit,10,7.4,-68.8,-36.9,46.3,1,,nan,nan,24978.21
PCQRF,Petrolympic Ltd,0.074,2,1,3,8,0,0,2,16,-3.0,9.0,Broken,Avoid/exit,38,-17.8,-17.8,-16.3,15.1,1,,Energy,9932294.0,3375.0
BGTTF,Billy Goat Brands Ltd,0.076,4,7,3,0,3,2,2,21,-15.0,9.0,Broken,Avoid/exit,14,-1.4,-4.5,-12.4,43.1,1,,Financial Services,8064357.0,37270.11
LDXHF,Lumos Diagnostics Holdings Limited,0.082,3,7,7,0,3,2,2,24,-15.0,9.0,Broken,Avoid/exit,23,16.7,5.6,-1.7,46.0,1,,Healthcare,75480512.0,55990.25
PBEGF,Touchstone Exploration Inc,0.09,3,6,3,0,2,2,3,19,-10.0,9.0,Broken,Avoid/exit,11,-0.4,-10.4,-5.7,39.9,0,,Energy,31622844.0,79075.94
BMCLF,BAIC Motor Corporation Limited,0.136,3,3,2,4,3,2,2,19,-10.0,9.0,Broken,Avoid/exit,7,0.0,-8.7,-7.9,0.1,0,,Consumer Cyclical,1090086016.0,556.0
SRXH,SRx Health Solutions Inc.,0.124,6,5,2,7,0,7,5,32,-19.0,9.0,Broken,⚠️ EXHAUSTION RISK: Avoid/exit,26,-1.2,-4.2,-10.4,46.9,1,,Consumer Defensive,73486720.0,26401034.97
HPQFF,HPQ-Silicon Resources Inc,0.115,2,6,3,0,2,2,2,17,-8.0,9.0,Broken,Avoid/exit,16,-1.7,-8.9,-4.6,36.5,0,,Basic Materials,54213532.0,86109.32
CTMCF,Canterra Minerals Corporation,0.107,6,9,1,6,0,2,2,26,-15.0,9.0,Broken,Avoid/exit,24,10.2,3.4,-6.4,42.1,2,,Basic Materials,42048360.0,422324.91
HMMR,Hammer Fiber Optics Holdings Corp,0.11,1,9,0,5,5,2,2,24,-15.0,9.0,Broken,Avoid/exit,16,19.6,-26.7,-19.5,42.0,1,,Communication Services,7527229.0,14655.25
ADCOF,Adcore Inc,0.123,1,4,3,0,7,7,2,24,-15.0,9.0,Broken,Avoid/exit,19,-1.0,-8.7,-7.5,28.7,1,,Technology,7509400.0,10886.12
NXNIF,NorthX Nickel Corp.,0.105,1,10,3,3,3,0,2,22,-13.0,9.0,Broken,Avoid/exit,20,-4.3,-17.7,-11.0,30.1,1,,Basic Materials,5821090.0,24606.75
TMET,iShares Transition-Enabling Metals ETF,0.12,3,9,0,0,3,2,2,19,-10.0,9.0,Broken,Avoid/exit,14,9.1,-11.1,-98.3,33.2,0,,nan,nan,14989.01
ECRFF,Cartier Resources Inc,0.18,4,3,6,0,3,2,3,21,-15.0,9.0,Broken,Avoid/exit,34,0.0,-10.0,-3.2,44.1,1,,Basic Materials,80308824.0,109782.36
GOMRF,GéoMégA Resources Inc,0.18,0,5,0,8,0,2,2,17,-8.0,9.0,Broken,Avoid/exit,24,-5.3,-10.0,-7.1,40.5,0,,Basic Materials,29753874.0,55180.86
LIFD,LFTD Partners Inc,0.163,3,10,4,5,3,2,2,29,-16.0,9.0,Broken,Avoid/exit,24,8.4,-9.7,-6.3,39.0,2,,Consumer Defensive,2371628.0,1640.28
RLAIF,RLAIF,0.248,5,9,2,0,2,2,2,22,-13.0,9.0,Broken,Avoid/exit,12,3.2,-14.4,-7.9,34.8,1,,Technology,53164328.0,160368.78
JNDAF,Jindalee Resources Limited,0.27,2,6,5,5,0,4,2,24,-15.0,9.0,Broken,Avoid/exit,12,1.9,-11.7,-8.1,43.3,1,,Basic Materials,36246792.0,43280.56
ENGNW,enGene Holdings Inc. Warrants,0.28,1,9,1,5,3,2,5,26,-17.0,9.0,Broken,Avoid/exit,14,11.9,-87.5,-77.1,41.9,1,,nan,nan,14382.05
GALKF,Galantas Gold Corporation,0.31,6,4,1,3,6,2,2,24,-15.0,9.0,Broken,Avoid/exit,54,10.6,-10.6,-1.8,49.6,2,,Basic Materials,174134976.0,40041.57
ARRRF,Ardea Resources Limited,0.34,4,4,2,5,4,3,2,24,-15.0,9.0,Broken,Avoid/exit,15,-5.8,-17.5,-11.0,37.8,1,,Basic Materials,74702800.0,10176.77
MPU,Mega Matrix Corp.,0.319,8,6,1,3,2,2,2,24,-15.0,9.0,Broken,Avoid/exit,16,-29.6,6.3,-18.4,40.5,1,,Communication Services,22681096.0,1167261.74
CLGN,Collplant Biotechnologies Ltd,0.337,1,6,4,1,4,4,2,22,-13.0,9.0,Broken,Avoid/exit,17,0.9,-14.7,-8.7,32.5,1,,Healthcare,4862078.0,87261.98
IGGGF,IGG Inc,0.391,1,3,6,3,3,1,2,19,-10.0,9.0,Broken,Avoid/exit,0,0.0,0.0,-5.7,23.0,0,,Communication Services,437392000.0,0.0
STBMF,St Barbara Limited,0.432,16,5,6,2,4,2,2,37,-28,9,Broken,Avoid/exit,37,37.1,13.7,11.1,59.4,3,,Basic Materials,629510400.0,6065.47
SVMLF,Sovereign Metals Limited,0.416,3,8,5,0,2,2,2,22,-13.0,9.0,Broken,Avoid/exit,27,6.6,-6.2,-3.5,41.1,1,,Basic Materials,275545344.0,149246.52
PSSOF,PesoRama Inc.,0.44,3,7,1,5,6,0,2,24,-15.0,9.0,Broken,Avoid/exit,37,-9.9,-16.0,-8.6,38.2,1,,Consumer Defensive,91673416.0,4762.96
QZMRF,Quartz Mountain Resources Ltd,0.412,4,10,1,1,4,2,2,24,-15.0,9.0,Broken,Avoid/exit,20,17.6,-5.3,-3.2,45.3,1,,Basic Materials,30714056.0,43380.84
GFAI,Guardforce AI Co Ltd,0.409,0,3,1,8,0,0,2,14,-5.0,9.0,Broken,Avoid/exit,21,-9.0,-26.5,-12.4,39.0,1,,Industrials,12793921.0,1217225.22
BNBX,"Applied DNA Sciences, Inc.",0.403,1,3,1,9,0,0,3,17,-8.0,9.0,Broken,Avoid/exit,15,-14.2,-22.5,-14.9,37.8,0,,Financial Services,2901922.0,756244.28
WRLGF,West Red Lake Gold Mines Ltd.,0.481,3,7,5,1,0,1,2,19,-10.0,9.0,Broken,Avoid/exit,16,1.7,-0.3,-1.9,44.2,0,,Basic Materials,198757456.0,1012324.55
BCCOY,BICO Group AB (publ),0.5,1,3,4,5,6,3,2,24,-15.0,9.0,Broken,Avoid/exit,30,0.0,0.0,-3.6,25.6,1,,Healthcare,141149792.0,680.23
HUSIF,Nicola Mining Inc,0.511,1,3,1,7,2,0,2,16,-5.0,9.0,Broken,Avoid/exit,12,-1.8,-11.1,-6.1,37.6,1,,Basic Materials,118263128.0,29703.46
FSP,Franklin Street Properties Corp,0.581,7,5,1,6,3,0,5,27,-18.0,9.0,Broken,Avoid/exit,26,-14.5,5.7,-3.0,47.9,1,,Real Estate,60285560.0,547387.85
TRIB,Trinity Biotech plc,0.58,2,8,5,0,5,2,2,24,-15.0,9.0,Broken,Avoid/exit,26,-14.7,-14.7,-9.7,39.5,1,,Healthcare,11745503.0,1097901.13
AVHHL,AVITA Medical Inc,0.626,0,2,0,7,3,0,2,14,-5.0,9.0,Broken,Avoid/exit,16,-25.9,-25.9,-21.3,17.7,1,,Healthcare,96331032.0,107.5
RCT,RedCloud Holdings plc Ordinary Shares,0.621,7,7,4,3,2,0,3,26,-15.0,9.0,Broken,Avoid/exit,29,-2.8,1.6,-1.6,47.3,1,,Technology,36857880.0,1960036.56
PMEC,Primech Holdings Ltd. Ordinary Shares,0.616,1,3,0,8,4,0,2,18,-5.0,9.0,Broken,Avoid/exit,24,-11.9,-19.1,-10.4,42.2,1,,Industrials,23665480.0,301661.49
MARZF,Marston's PLC,0.658,1,5,3,0,3,5,2,19,-10.0,9.0,Broken,Avoid/exit,22,-2.0,-2.0,-3.3,12.5,0,,Consumer Cyclical,416170336.0,6457.35
CNUCF,Canuc Resources Corporation,0.68,9,3,4,5,6,4,5,36,-27.0,9.0,Broken,Avoid/exit,40,-12.5,10.0,2.5,55.3,2,,Energy,19841424.0,0.0
CNEY,CN Energy Group Inc,0.743,5,10,1,3,0,0,2,21,-15.0,9.0,Broken,Avoid/exit,37,-2.4,-25.7,-19.7,40.8,1,,Basic Materials,6095877.0,1166095.04
MDIA,Mediaco Holding Inc,0.761,4,11,1,2,4,0,2,24,-15.0,9.0,Broken,Avoid/exit,31,-7.2,-4.1,-5.2,44.1,1,,Communication Services,62163332.0,77511.42
CLCS,Cell Source Inc,0.782,7,14,6,2,3,1,2,35,-22.0,9.0,Broken,Avoid/exit,44,1.6,-2.2,-2.6,44.6,2,,Healthcare,53147248.0,3955.35
BLCAF,BLCAF,0.821,3,3,3,2,3,3,2,19,-10.0,9.0,Broken,Avoid/exit,22,0.0,0.0,-2.9,34.0,0,,nan,598187648.0,0.0
ZLIOF,Zoomlion Heavy Industry Science and Technology Co. Ltd,0.98,1,3,2,5,3,3,2,19,-10.0,9.0,Broken,Avoid/exit,30,0.0,-10.9,-4.3,6.0,0,,Industrials,10093216768.0,0.0
SVMB,SavMobi Technology Inc.,1.0,3,3,2,4,3,2,2,19,-10.0,9.0,Broken,Avoid/exit,18,0.0,-16.7,-10.8,15.4,0,,Technology,555315392.0,78.72
DFORF,D4t4 Solutions Plc,1.0,3,4,2,2,3,3,2,19,-10.0,9.0,Broken,Avoid/exit,7,0.0,0.0,-11.8,0.0,0,,Technology,38065304.0,967.58
ZDZT,"Zhengduozhe Technology, Inc",0.971,15,4,4,5,4,0,5,37,-28.0,9.0,Broken,Avoid/exit,39,0.0,77.1,26.5,92.5,2,,Industrials,1507321.0,15.21
BLLYF,Bluejay Mining plc,0.011,2,8,7,1,4,2,2,26,-18.0,8.0,Broken,Avoid/exit,34,-5.2,-5.2,-3.7,45.3,0,,Basic Materials,56626860.0,2723116.75
ASLRF,Alien Metals Ltd,0.001,4,4,2,0,3,0,5,18,-10.0,8.0,Broken,Avoid/exit,26,-6.7,-6.7,-13.2,44.7,0,,Basic Materials,16412274.0,79263.08
CLTY,Celerity Solutions Inc,0.001,3,4,0,3,3,3,2,18,-10.0,8.0,Broken,Avoid/exit,11,0.0,0.0,-62.1,0.2,0,,Technology,8633600.0,1141.93
OATN,O.A.T. Inc,0.006,5,6,1,11,3,0,2,28,-20.0,8.0,Broken,Avoid/exit,36,-28.6,76.5,-16.8,41.4,3,,Industrials,5913538.0,2071.92
MVNC,Marvion Inc.,0.007,1,4,0,9,0,4,2,20,-8.0,8.0,Broken,Avoid/exit,11,-61.7,2.9,-37.6,42.0,0,,Communication Services,2808176.0,5708.2
DOGP,"Dogecoin Cash, Inc.",0.008,1,5,0,0,4,4,2,16,-8.0,8.0,Broken,Avoid/exit,8,-4.8,-38.5,-27.7,25.0,1,,Healthcare,1300872.0,609957.47
DBLR,"Pet Ecology Brands, Inc.",0.01,3,4,3,0,3,3,2,18,-10.0,8.0,Broken,Avoid/exit,19,0.0,0.0,-6.7,28.4,0,,Financial Services,739360.0,2603.86
ATIXF,AnalytixInsight Inc,0.001,6,4,1,0,3,2,2,18,-10.0,8.0,Broken,Avoid/exit,22,0.0,0.0,-60.6,29.5,0,,Technology,121686.0,7157.5
XOSWW,Xos Equity Warrants,0.005,7,4,1,4,2,0,5,23,-15.0,8.0,Broken,Avoid/exit,26,-48.9,-46.1,-24.3,47.3,1,,Consumer Cyclical,nan,62122.65
EEENF,88 Energy Limited,0.015,1,4,1,9,4,2,2,23,-15.0,8.0,Broken,Avoid/exit,30,-16.7,-17.6,-14.5,36.6,1,,Energy,19964294.0,618440.68
SNNSF,SenSen Networks Limited,0.02,1,3,1,5,3,3,2,18,-10.0,8.0,Broken,Avoid/exit,18,0.0,0.0,-14.1,0.0,0,,Technology,16598647.0,2160.0
VSST,Voice Assist Inc,0.016,1,7,2,6,3,2,2,23,-15.0,8.0,Broken,Avoid/exit,23,-8.3,-37.0,-25.5,33.0,1,,Technology,4968793.0,149419.54
FUNI,"Hypha Labs, Inc.",0.014,3,13,4,8,3,2,2,35,-25.0,8.0,Broken,Avoid/exit,16,-5.5,18.1,-6.3,44.9,4,,Healthcare,2245375.0,126150.18
KNBIF,Kane Biotech Inc,0.025,7,12,7,2,0,3,2,33,-30.0,8.0,Broken,🔥 COILED: Avoid/exit,29,0.0,14.7,1.9,50.7,3,,Healthcare,5126414.0,0.0
RUBNF,ArborGen Holdings Limited,0.04,4,3,1,6,4,3,2,23,-15.0,8.0,Broken,Avoid/exit,18,0.0,-20.0,-8.2,24.2,1,,Basic Materials,26135916.0,475.5
JPOTF,Jackpot Digital Inc,0.035,2,2,9,5,1,2,2,23,-15.0,8.0,Broken,Avoid/exit,17,-7.7,-11.7,-6.9,40.5,1,,Consumer Cyclical,10592307.0,129726.83
LEXTF,Lexston Life Sciences Corp,0.034,7,15,3,1,3,2,5,36,-28.0,8.0,Broken,Avoid/exit,30,11.5,27.8,0.6,48.9,3,,Basic Materials,853172.0,61002.15
MAKAF,Makara Mining Corp,0.035,2,5,5,1,3,3,2,21,-13.0,8.0,Broken,Avoid/exit,25,0.0,0.0,-8.2,42.3,1,,Basic Materials,592420.0,2022.39
VINS,Vindicator Silver-Lead Mining Co,0.04,1,3,3,3,3,3,2,18,-10.0,8.0,Broken,Avoid/exit,13,0.0,-20.0,-8.0,20.9,0,,Basic Materials,399765.0,4066.5
SLTN,Silverton Energy Inc,0.044,2,10,0,3,3,4,2,24,-16.0,8.0,Broken,Avoid/exit,23,-28.5,-45.5,-51.3,45.3,0,,Financial Services,4168160.0,12267.16
KVLQF,ValOre Metals Corp,0.058,5,6,6,2,0,2,2,23,-15.0,8.0,Broken,Avoid/exit,21,3.2,-1.5,-3.8,44.6,1,,Energy,14914813.0,322484.31
FYMNF,Finlay Minerals Ltd,0.064,1,3,3,2,3,4,2,18,-10.0,8.0,Broken,Avoid/exit,14,0.0,-11.4,-7.8,9.8,0,,Basic Materials,10950119.0,11206.87
GELEF,Graphano Energy Ltd,0.063,1,9,1,3,3,2,2,21,-13.0,8.0,Broken,Avoid/exit,24,0.0,-30.3,-14.5,43.1,1,,Basic Materials,1359854.0,6076.88
PUCCF,Pancontinental Resources Corporation,0.073,1,12,1,0,3,0,2,19,-11.0,8.0,Broken,Avoid/exit,22,-7.5,-17.2,-11.7,41.9,1,,Basic Materials,6488531.0,24998.22
DFNSW,T3 Defense Inc.,0.071,5,10,2,4,2,2,2,27,-19.0,8.0,Broken,Avoid/exit,0,16.4,-22.5,-9.5,46.2,0,,nan,nan,0.0
JLMKF,Jolimark Holdings Limited,0.09,17,1,5,11,3,0,5,42,-30,8,Broken,Avoid/exit,52,0.0,5900.0,65.4,84.7,3,,Technology,66191204.0,14286.0
VPTDF,VentriPoint Diagnostics Ltd,0.085,3,11,3,3,6,0,2,28,-16.0,8.0,Broken,Avoid/exit,36,-1.2,-12.1,-6.5,43.9,2,,Healthcare,15857201.0,83950.48
CHKKF,Chakana Copper Corp,0.093,3,7,2,0,0,2,2,16,-8.0,8.0,Broken,Avoid/exit,36,6.9,-13.1,-7.6,41.7,1,,Basic Materials,4939854.0,26647.09
METOF,Meteoric Resources NL,0.12,6,5,2,6,0,2,2,23,-15.0,8.0,Broken,Avoid/exit,36,0.6,-7.8,-4.8,44.9,1,,Basic Materials,348794272.0,1201001.93
VBIZF,Viva Biotech Holdings,0.135,3,6,0,2,3,2,2,18,-10.0,8.0,Broken,Avoid/exit,5,-10.1,-31.6,-22.6,12.6,0,,Healthcare,280997440.0,479.04
BLGO,BioLargo Inc,0.11,2,8,0,6,2,0,3,21,-13.0,8.0,Broken,Avoid/exit,6,-8.3,0.0,-11.0,43.1,1,,Basic Materials,35297160.0,405821.5
ABDXF,Abingdon Health Plc,0.14,10,2,0,3,6,0,2,23,-15.0,8.0,Broken,Avoid/exit,42,-22.2,-17.6,-15.3,37.9,1,,Healthcare,35150900.0,1124.75
USGDF,American Pacific Mining Corp,0.12,8,3,3,0,3,2,4,23,-15.0,8.0,Broken,Avoid/exit,32,12.0,-5.4,-0.7,49.3,1,,Basic Materials,31762554.0,663891.71
CPOP,Pop Culture Group Co Ltd,0.122,3,8,0,4,0,4,2,21,-13.0,8.0,Broken,Avoid/exit,13,-88.4,-57.1,-64.8,43.8,1,,Communication Services,11938769.0,4162168.22
PEXZF,Pacific Ridge Exploration Ltd,0.13,0,7,6,4,2,0,2,21,-13.0,8.0,Broken,Avoid/exit,19,-7.1,-13.3,-8.5,40.8,1,,Basic Materials,8182622.0,153543.0
QVCAQ,QVC Group Inc.,0.13,3,7,3,6,0,2,2,23,-15.0,8.0,Broken,Avoid/exit,9,-13.3,-31.6,-36.2,30.7,1,,Consumer Cyclical,1052233.0,725864.0
KDOZF,Kidoz Inc,0.154,8,6,2,1,2,2,2,23,-15.0,8.0,Broken,Avoid/exit,20,2.7,-3.7,-6.3,36.4,1,,Communication Services,19695676.0,10395.11
QMCI,Quotemedia Inc,0.15,4,4,5,2,5,1,2,23,-15.0,8.0,Broken,Avoid/exit,32,-6.2,-6.2,-3.4,37.7,1,,Financial Services,13571671.0,19130.61
NTWOW,Newbury Street II Acquisition Corp Warrant,0.181,4,1,1,9,0,2,2,19,-11.0,8.0,Broken,Avoid/exit,23,-25.7,-4.8,-15.0,37.0,0,,nan,nan,6062.43
SLCVF,SLCVF,0.23,1,3,0,3,3,6,2,18,-10.0,8.0,Broken,Avoid/exit,24,0.0,-14.8,-9.4,15.3,0,,Industrials,1094347904.0,519.14
CPPMF,Copper Mountain Mining Corporation,0.249,9,7,1,0,4,2,2,25,-15.0,8.0,Broken,Avoid/exit,27,1.7,-7.7,-7.6,39.1,1,,Basic Materials,44281960.0,159351.6
WYGC,WYGC,0.263,3,4,5,0,3,3,2,20,-15.0,8.0,Broken,Avoid/exit,36,0.0,0.0,-13.4,27.5,1,,Consumer Defensive,21718268.0,1207.5
EMGDF,Eminent Gold Corp,0.348,8,9,4,0,3,2,2,28,-18.0,8.0,Broken,Avoid/exit,31,12.3,-7.2,-4.9,40.0,2,,Basic Materials,28867620.0,57439.5
BLPTF,BLPTF,0.336,3,8,5,0,3,2,2,23,-15.0,8.0,Broken,Avoid/exit,0,4.1,-6.7,-7.3,38.2,1,,Basic Materials,27395102.0,0.0
MBQIF,MBQIF,0.32,1,7,2,0,4,0,2,16,-8.0,8.0,Broken,Avoid/exit,0,-33.3,-29.6,-32.1,34.0,0,,nan,nan,0.0
LITOF,Frontier Lithium Inc,0.36,3,10,3,0,3,2,2,23,-13.0,8.0,Broken,Avoid/exit,10,-4.5,-9.0,-6.3,38.3,2,,Basic Materials,90204136.0,62861.48
FFOXF,FireFox Gold Corp,0.382,2,13,5,0,3,2,2,27,-15.0,8.0,Broken,Avoid/exit,36,-3.3,-8.1,-4.5,40.1,2,,Basic Materials,14811060.0,15409.85
SHGXY,Shenguan Holdings Group Ltd ADR,0.445,3,4,3,5,3,3,2,23,-15.0,8.0,Broken,Avoid/exit,7,0.0,0.0,-2.2,0.0,1,,Consumer Defensive,71926640.0,42.84
IGCRF,IGCRF,0.44,1,8,2,10,4,4,2,31,-23.0,8.0,Broken,Avoid/exit,36,-9.6,-27.8,-10.6,39.3,1,,Technology,35077920.0,14093.34
AVTBF,Avant Brands Inc,0.418,3,8,2,5,5,0,3,26,-18.0,8.0,Broken,Avoid/exit,24,-11.9,-4.3,-2.8,46.8,1,,Healthcare,6202947.0,9689.82
CTXR,Citius Pharmaceuticals Inc,0.546,1,10,4,0,2,2,2,21,-11.0,8.0,Broken,Avoid/exit,19,-4.6,-7.4,-6.8,40.2,1,,Healthcare,15173035.0,768713.6
IDGXF,Integrated Diagnostics Holdings plc,0.576,0,1,2,6,4,3,2,18,-10.0,8.0,Broken,Avoid/exit,23,-3.1,-3.1,-2.6,0.4,0,,Healthcare,335076448.0,146.36
MKNGF,Mkango Resources Ltd,0.571,7,5,8,5,1,0,5,31,-23.0,8.0,Broken,Avoid/exit,47,-4.8,-1.5,-0.9,50.0,1,,Basic Materials,221278576.0,19809.63
LTHCF,Lithium Ionic Corp,0.584,3,8,1,1,2,2,2,19,-11.0,8.0,Broken,Avoid/exit,29,7.9,-15.4,-7.5,41.8,2,,Basic Materials,115214040.0,16884.16
NXGL,Nexgel Inc,0.566,9,6,7,3,2,2,4,33,-21.0,8.0,Broken,Avoid/exit,22,-4.1,-3.6,-1.0,48.3,1,,Healthcare,5221487.0,182106.16
NICMF,Nickel Mines Limited,0.676,5,4,2,5,3,2,2,23,-15.0,8.0,Broken,Avoid/exit,41,6.3,-5.8,-3.4,43.6,1,,Basic Materials,2935148800.0,4153.14
BRNS,Barinthus Biotherapeutics plc,0.662,6,4,6,10,3,0,2,31,-23.0,8.0,Broken,Avoid/exit,40,-8.5,-5.5,-3.6,46.6,1,,Healthcare,27046052.0,88124.24
MANA,Manatron Inc,0.68,2,9,1,0,4,2,2,20,-10.0,8.0,Broken,Avoid/exit,34,-9.8,-7.7,-7.5,43.3,0,,nan,nan,15751.38
SKYE,"Skye Bioscience, Inc. Common Stock",0.707,0,7,6,0,4,4,2,23,-15.0,8.0,Broken,Avoid/exit,26,-11.6,-8.7,-7.2,41.9,1,,Healthcare,24857154.0,551933.7
UPXI,Upexi Inc.,0.908,4,4,3,1,2,2,2,18,-10.0,8.0,Broken,Avoid/exit,29,1.0,-11.0,-13.0,38.0,0,,Communication Services,63769632.0,4584387.05
TCRX,Tscan Therapeutics Inc,0.92,1,12,1,1,4,2,2,23,-13.0,8.0,Broken,Avoid/exit,23,-0.4,-9.8,-5.6,41.7,1,,Healthcare,60122752.0,698766.26
SNTI,Senti Biosciences Inc,0.932,0,5,9,3,3,0,2,22,-15.0,8.0,Broken,Avoid/exit,28,-5.4,-6.8,-3.0,45.8,1,,Healthcare,29017568.0,626629.23
PRSO,Peraso Inc,0.908,1,9,3,0,4,2,2,21,-13.0,8.0,Broken,Avoid/exit,30,-8.2,-16.0,-7.3,42.3,1,,Technology,13123866.0,4289392.56
AQB,AquaBounty Technologies Inc,0.94,5,4,9,6,2,3,2,31,-23.0,8.0,Broken,Avoid/exit,42,-3.0,-4.8,-4.5,44.3,1,,Consumer Defensive,4838371.0,284410.18
OPMXF,Operadora de Sites Mexicanos S.A. de C.V,0.954,10,6,2,3,3,1,3,28,-20.0,8.0,Broken,Avoid/exit,38,0.3,8.5,-0.5,49.7,1,,Industrials,2888586496.0,4101.46
EJPXX,JPMorgan Trust I - JPMorgan Prime Money Market Fund,1.0,1,2,4,6,0,2,3,18,-10.0,8.0,Broken,Avoid/exit,22,-0.0,-0.0,-0.0,21.3,0,,nan,nan,0.0
MAVXX,Morgan Stanley Institutional Liquidity Funds - Prime Portfolio,1.0,1,2,2,6,0,4,3,18,-10.0,8.0,Broken,Avoid/exit,20,-0.0,-0.0,-0.0,28.6,0,,nan,nan,0.0
MPEXX,Morgan Stanley Institutional Liquidity Funds - Prime Portfolio,1.0,1,2,2,6,0,4,3,18,-10.0,8.0,Broken,Avoid/exit,19,-0.0,-0.0,-0.0,28.7,0,,nan,nan,0.0
POIXX,Money Market Obligations Trust - Federated Institutional Prime Obligations Fund,1.0,1,4,2,6,0,2,3,18,-10.0,8.0,Broken,Avoid/exit,19,-0.0,-0.0,-0.0,26.0,0,,nan,nan,0.0
SFRX,Seafarer Exploration,0.002,5,5,4,5,0,0,2,21,-14.0,7.0,Broken,Avoid/exit,22,-4.3,-15.4,-9.3,34.7,0,,Industrials,24809274.0,4258890.99
APYP,AppYea Inc,0.009,2,3,5,8,0,0,2,20,-13.0,7.0,Broken,Avoid/exit,20,-20.7,-20.7,-19.3,39.8,1,,Technology,10332612.0,91244.15
LOTT,Techlott Inc.,0.009,2,3,5,8,0,0,2,20,-13.0,7.0,Broken,Avoid/exit,20,-20.7,-20.7,-19.3,39.8,1,,Technology,8177016.0,91244.15
FNQQF,Fineqia International Inc,0.002,2,2,3,0,6,2,2,17,-10.0,7.0,Broken,Avoid/exit,23,-19.4,-16.7,-11.5,37.4,0,,Financial Services,4193091.0,9693.38
CCLX,Cableclix USA Inc,0.003,15,4,4,4,3,0,5,35,-28.0,7.0,Broken,Avoid/exit,47,-3.2,-21.1,42.0,76.7,0,,Communication Services,2998918.0,15934.19
GALOF,Galore Resources Inc,0.011,1,3,2,0,3,6,2,17,-10.0,7.0,Broken,Avoid/exit,16,0.0,-27.4,-18.1,3.5,0,,Basic Materials,1879387.0,4208.85
CNNEQ,CNNEQ,0.01,3,4,1,2,3,2,2,17,-10.0,7.0,Broken,Avoid/exit,23,0.0,9900.0,-59.4,44.2,2,,Energy,341199.0,18823.3
AUCCF,Goldplay Mining Inc,0.002,1,3,2,0,3,6,2,17,-10.0,7.0,Broken,Avoid/exit,16,0.0,-94.2,-88.0,19.7,0,,Basic Materials,200022.0,1413.78
LNBY,Lanbay Inc,0.003,6,5,2,4,3,2,5,27,-20.0,7.0,Broken,Avoid/exit,26,3.8,3.8,-16.4,24.7,0,,Consumer Cyclical,81000.0,995.05
OPFI-WT,OPFI-WT,0.01,3,5,1,6,0,0,2,17,-10.0,7.0,Broken,Avoid/exit,16,-2.0,-60.2,-77.8,31.1,0,,nan,nan,21720.57
CCHMF,Central China Management Company Limited,0.015,1,4,0,4,3,3,2,17,-10.0,7.0,Broken,Avoid/exit,6,0.0,0.0,-39.3,0.0,0,,Real Estate,193280864.0,36.0
GEAT,GreetEat Corporation,0.017,5,8,7,3,5,2,5,35,-28,7,Broken,Avoid/exit,35,32.3,14.3,6.1,50.7,3,,Industrials,3685717.0,94873.1
VHMLF,VHMLF,0.021,1,3,1,9,0,3,5,22,-15.0,7.0,Broken,Avoid/exit,18,-91.5,-91.5,-88.7,26.6,1,,Basic Materials,6606172.0,0.0
CINGF,Coinsilium Group Ltd,0.029,3,12,3,0,3,2,2,25,-18.0,7.0,Broken,Avoid/exit,27,16.8,-1.0,-4.6,44.1,1,,Technology,6396904.0,378264.63
BSTO,Blue Star Opportunities Corp,0.03,7,7,2,5,3,2,2,28,-21,7,Broken,Avoid/exit,52,90.4,-0.3,1.7,49.0,1,7,Basic Materials,3714258.0,15420.97
AMTY,Amerityre Corp,0.03,4,3,0,3,3,2,2,17,-10.0,7.0,Broken,Avoid/exit,14,0.0,-25.0,-11.5,32.2,0,,Consumer Cyclical,2478933.0,6864.83
KUKEY,KUKEY,0.022,0,5,9,1,0,0,2,17,-15.0,7.0,Broken,Avoid/exit,23,-13.5,-13.5,-15.3,38.7,1,,Communication Services,2126106.0,131105.95
RNVT,Renovate Neighborhoods Inc,0.032,3,3,6,0,3,5,2,22,-15.0,7.0,Broken,Avoid/exit,23,0.0,-5.8,-17.6,13.2,1,,Financial Services,8488515.0,770.13
TGRP,TRON Group Inc,0.035,2,1,7,0,3,2,2,17,-10.0,7.0,Broken,Avoid/exit,24,0.0,-18.6,-7.9,36.1,0,,Healthcare,6440000.0,7669.04
BTKRF,Black Tusk Resources Inc,0.037,5,12,1,0,4,6,2,30,-23.0,7.0,Broken,Avoid/exit,23,-2.6,-14.0,-12.6,43.1,1,,Basic Materials,5905908.0,29706.94
CELV,Preferred Commerce Inc,0.05,0,2,3,8,2,0,2,17,-6.0,7.0,Broken,Avoid/exit,29,-37.5,-37.5,-31.7,34.6,1,,Consumer Defensive,10316866.0,42829.7
SUNXF,Stardust Solar Energy Inc.,0.046,1,8,2,1,3,0,2,17,-10.0,7.0,Broken,Avoid/exit,14,4.6,-26.7,-14.5,36.5,0,,nan,nan,0.0
NIHL,New Infinity Holdings Ltd,0.06,13,3,1,8,3,5,5,38,-27.0,7.0,Broken,Avoid/exit,57,-34.2,20.0,-8.2,50.4,3,,Consumer Cyclical,39512424.0,4716.19
WDGRF,Wedgemount Resources Corp.,0.052,11,5,2,6,0,5,5,34,-23.0,7.0,Broken,Avoid/exit,38,2.3,-3.7,-1.7,49.0,1,,Energy,3606885.0,26291.83
ARBTF,Argo Gold Inc,0.064,2,1,3,6,4,4,2,22,-15.0,7.0,Broken,Avoid/exit,33,-19.1,-19.1,-15.3,20.5,1,,Basic Materials,4606409.0,8753.33
PEIMF,PepinNini Minerals Limited,0.08,5,4,1,5,3,2,2,22,-15.0,7.0,Broken,Avoid/exit,29,14.3,-20.0,-6.0,38.5,1,,Basic Materials,28183296.0,9732.41
LILIF,Argentina Lithium & Energy Corp,0.073,1,6,6,0,5,2,2,22,-15.0,7.0,Broken,Avoid/exit,29,0.0,-7.2,-4.0,45.3,2,,Basic Materials,12741237.0,69878.25
ECGS,Eco-Growth Strategies Inc,0.075,4,4,7,0,2,0,2,19,-15.0,7.0,Broken,Avoid/exit,28,-21.9,-11.8,-14.7,40.3,1,,Consumer Defensive,4217506.0,128996.73
ASNS,Actelis Networks Inc.,0.072,5,4,7,5,2,0,2,25,-18.0,7.0,Broken,Avoid/exit,21,-9.4,-3.3,-12.9,37.3,1,,Technology,1882974.0,10223372.76
DBCCF,Decibel Cannabis Company Inc,0.085,4,9,4,1,2,2,2,24,-15.0,7.0,Broken,Avoid/exit,40,8.6,0.1,-0.7,48.2,2,,Healthcare,48975516.0,152850.75
SVGAF,Silver Grail Resources Ltd,0.09,2,3,6,1,3,4,2,21,-10.0,7.0,Broken,Avoid/exit,29,0.0,-30.8,-14.0,34.8,0,,Basic Materials,4370857.0,14976.66
CLLEF,Challenger Gold Limited,0.092,1,4,4,0,2,0,4,15,-8.0,7.0,Broken,Avoid/exit,25,-10.8,-13.6,-5.2,45.9,0,,Basic Materials,224372880.0,179989.92
LMEFF,Laurion Mineral Exploration Inc,0.142,1,4,4,6,2,3,2,22,-15.0,7.0,Broken,Avoid/exit,31,-1.6,-2.1,-3.3,36.9,2,,Basic Materials,39438372.0,10078.88
HEEVF,Helium Evolution Incorporated,0.148,6,6,3,0,3,2,2,22,-15.0,7.0,Broken,Avoid/exit,36,-2.8,-7.6,-5.6,46.1,1,,Energy,26167114.0,10745.68
PRKR,ParkerVision Inc,0.13,2,10,0,0,4,2,2,20,-11.0,7.0,Broken,Avoid/exit,13,18.6,0.4,-11.4,42.2,2,,Technology,19209794.0,139473.8
MAGMF,MAGMF,0.112,5,6,5,0,0,6,2,24,-15.0,7.0,Broken,Avoid/exit,22,1.0,-5.7,-7.7,43.1,1,,Basic Materials,9324246.0,108102.33
PLMNF,Palamina Corp,0.1,1,10,4,0,3,0,2,20,-13.0,7.0,Broken,Avoid/exit,23,-11.5,-11.5,-8.0,32.3,1,,Basic Materials,9053102.0,9582.72
CRTIF,Cartier Iron Corp,0.101,2,3,8,0,0,2,2,17,-10.0,7.0,Broken,Avoid/exit,13,-8.2,-8.2,-9.2,26.1,0,,Basic Materials,8529932.0,11671.61
SRSLF,Sorrento Resources Ltd.,0.11,3,6,2,3,3,3,2,22,-15.0,7.0,Broken,Avoid/exit,6,0.0,0.0,-15.5,0.1,1,,Basic Materials,6702343.0,76.67
AETN,Aeternum Health Inc.,0.1,8,5,6,9,0,1,5,34,-27.0,7.0,Broken,Avoid/exit,0,25.0,13.6,4.9,52.3,4,,Consumer Cyclical,5219020.0,0.0
TSGO,"Trade School Go, Inc.",0.12,0,1,2,7,0,0,2,12,-5.0,7.0,Broken,Avoid/exit,13,-20.0,-20.0,-18.1,29.8,1,,Consumer Defensive,327052.0,1060.13
SRAFF,Sandfire Resources America Inc,0.152,1,12,3,1,5,0,2,24,-15.0,7.0,Broken,Avoid/exit,14,-4.7,-4.7,-3.8,45.1,1,,Basic Materials,153502928.0,60458.24
SHCMF,Search Minerals Inc,0.162,3,6,5,0,3,3,2,22,-15.0,7.0,Broken,Avoid/exit,16,0.0,0.0,-12.3,39.5,1,,Basic Materials,7222556.0,0.0
ROWKF,RenoWorks Software Inc,0.16,1,7,1,1,3,2,2,17,-10.0,7.0,Broken,Avoid/exit,28,6.7,-5.9,-8.8,42.1,0,,Technology,6544208.0,7566.42
JZ,Jianzhi Education Technology Group Company Limited American Depositary Shares,0.167,4,9,0,5,4,0,2,24,-15.0,7.0,Broken,Avoid/exit,8,-20.9,-46.3,-62.4,42.2,1,,Technology,241312.0,1019688.46
CNCKW,Coincheck Group N.V. Warrants,0.16,0,7,3,3,2,2,2,19,-8.0,7.0,Broken,Avoid/exit,25,-38.5,-38.5,-24.9,40.4,0,,nan,nan,6507.42
ADYRF,Adyton Resources Corporation,0.224,3,7,1,0,6,1,2,20,-13.0,7.0,Broken,Avoid/exit,38,-6.5,-6.5,-7.1,26.7,1,,Basic Materials,70726904.0,3051.5
PREIF,Precipitate Gold Corp,0.2,4,6,3,5,0,2,5,25,-18.0,7.0,Broken,Avoid/exit,38,10.7,-12.6,-1.4,46.4,2,,Basic Materials,38702704.0,142475.7
FLYX-WT,"flyExclusive, Inc. WT",0.21,1,6,2,3,0,0,2,14,-10.0,7.0,Broken,Avoid/exit,22,-30.0,-25.0,-31.0,41.9,0,,nan,nan,0.0
OPTT,Ocean Power Technologies Inc,0.292,1,11,2,0,3,4,2,23,-14.0,7.0,Broken,Avoid/exit,17,-0.8,-24.6,-7.4,42.3,2,,Industrials,74636296.0,7856643.97
DRRSF,Arianne Phosphate Inc,0.26,3,4,0,3,5,0,2,17,-10.0,7.0,Broken,Avoid/exit,45,-3.7,-14.5,-8.9,40.1,0,,Basic Materials,60126120.0,223712.19
CAPS,Capstone Holding Corp. Common Stock,0.29,3,4,7,6,2,2,2,26,-19.0,7.0,Broken,Avoid/exit,16,-3.3,-12.1,-8.2,37.8,1,,Basic Materials,3661512.0,1671754.22
RSASF,RESAAS Services Inc,0.3,1,1,3,5,5,0,2,17,-10.0,7.0,Broken,Avoid/exit,33,0.0,-14.3,-8.2,21.8,0,,Technology,25211102.0,16253.04
KRFG,King Resources Inc,0.31,1,9,0,0,3,5,2,20,-13.0,7.0,Broken,Avoid/exit,16,0.0,-15.1,-22.6,37.6,1,,Industrials,3373156.0,7939.17
NDVLY,New World Development Co Ltd ADR,0.418,5,9,2,3,3,0,2,24,-13.0,7.0,Broken,Avoid/exit,18,-2.7,-7.0,-8.9,41.6,1,,Real Estate,2386691072.0,7455.52
CEBUF,Cebu Air Inc,0.4,3,6,0,3,0,3,2,17,-10.0,7.0,Broken,Avoid/exit,4,0.0,0.0,-41.8,0.0,0,,Industrials,245097648.0,13.0
HRTX,Heron Therapeuti,0.418,1,8,0,2,3,2,2,18,-11.0,7.0,Broken,Avoid/exit,15,2.9,-13.7,-24.7,28.1,1,,Healthcare,79024136.0,2158651.36
CRWE,Crown Equity Holdings Inc,0.43,3,4,2,1,3,3,3,19,-15.0,7.0,Broken,Avoid/exit,8,0.0,-5.3,-7.6,17.4,1,,Communication Services,6852686.0,215.11
PTIX,Protagenic Therapeutics,0.41,0,6,3,5,3,1,2,20,-13.0,7.0,Broken,Avoid/exit,18,-39.7,-18.0,-20.0,39.8,1,,Healthcare,742185.0,56557.12
EPMLF,Empire Metals Limited,0.432,4,12,3,2,4,0,2,27,-23.0,7.0,Broken,Avoid/exit,28,23.4,23.4,5.2,51.5,3,,nan,nan,12300.38
PGLDF,P2 Gold Inc,0.5,6,4,4,1,3,2,2,22,-15.0,7.0,Broken,Avoid/exit,46,-0.4,-8.6,-4.8,43.0,1,,Basic Materials,131166792.0,285627.62
BLAGF,Blue Lagoon Resources Inc,0.515,7,5,3,1,2,4,2,24,-15.0,7.0,Broken,Avoid/exit,25,-0.8,-12.7,-6.8,37.2,1,,Basic Materials,77288280.0,153128.44
ILLMF,illumin Holdings Inc.,0.52,0,3,2,10,5,0,2,22,-15.0,7.0,Broken,Avoid/exit,20,-8.3,-6.8,-8.1,35.0,2,,Communication Services,26624798.0,16687.34
ONMD,OneMedNet Corp.,0.559,4,8,2,0,2,2,2,20,-13.0,7.0,Broken,Avoid/exit,33,-4.2,-23.4,-17.8,35.1,1,,Healthcare,30439162.0,3512194.34
TDRRF,Tudor Gold Corp,0.621,6,7,3,0,2,2,2,22,-15.0,7.0,Broken,Avoid/exit,31,3.5,-7.7,-3.8,43.2,1,,Basic Materials,254477600.0,262302.93
CRLBF,Cresco Labs Inc,0.81,2,6,5,5,2,2,2,24,-15.0,7.0,Broken,Avoid/exit,21,-4.7,-10.6,-7.4,40.7,2,,Healthcare,300104160.0,1028073.55
CONXF,Nickel 28 Capital Corp,0.834,3,4,2,3,3,3,2,20,-13.0,7.0,Broken,Avoid/exit,42,-0.4,-7.0,-4.4,40.7,1,,Basic Materials,71863608.0,9687.18
LITS,"Lite Strategy, Inc.",0.828,6,9,1,4,0,2,2,24,-17.0,7.0,Broken,Avoid/exit,26,11.9,-3.7,-7.0,40.9,2,,Healthcare,28166060.0,633803.12
NMYSF,NamSys Inc,0.8,4,1,6,0,3,1,2,17,-10.0,7.0,Broken,Avoid/exit,27,-6.9,-6.9,-5.7,24.9,0,,Technology,21492286.0,0.0
BDWBF,Budweiser Brewing Company APAC Limited,0.87,1,5,3,1,3,2,2,17,-10.0,7.0,Broken,Avoid/exit,18,1.6,-5.4,-2.8,38.7,0,,Consumer Defensive,11509899264.0,12101.0
MERC,Mercer International Inc,0.859,5,7,3,0,2,2,2,21,-14.0,7.0,Broken,Avoid/exit,19,-3.5,-1.3,-5.4,42.7,1,,Basic Materials,57537972.0,575754.44
SNYYF,Sany Heavy Equipment International Holdings Company Limited,0.933,3,2,2,5,0,3,2,17,-10.0,7.0,Broken,Avoid/exit,8,-1.5,-8.5,-12.9,27.5,0,,Industrials,3069957632.0,0.0
COCP,Cocrystal Pharma Inc,0.995,3,10,2,0,3,2,2,22,-13.0,7.0,Broken,Avoid/exit,27,-1.5,-5.2,-5.5,37.8,2,,Healthcare,13718516.0,1277597.82
JIMXX,JPMorgan Trust I - JPMorgan Prime Money Market Fund,1.0,1,2,3,6,0,2,3,17,-10.0,7.0,Broken,Avoid/exit,20,-0.0,-0.0,-0.0,39.3,0,,nan,nan,0.0
JPAXX,JPMorgan Trust I - JPMorgan Prime Money Market Fund,1.0,1,2,3,6,0,2,3,17,-10.0,7.0,Broken,Avoid/exit,18,-0.0,-0.0,-0.0,30.2,0,,nan,nan,0.0
MSPXX,Morgan Stanley Institutional Liquidity Funds - Prime Portfolio,1.0,1,2,3,6,0,2,3,17,-10.0,7.0,Broken,Avoid/exit,19,-0.0,-0.0,-0.0,18.9,0,,nan,nan,0.0
WNBD,Winning Brands Corp,0.005,6,9,1,3,4,0,5,28,-22.0,6.0,Broken,Avoid/exit,48,6.0,-11.7,-44.3,47.2,1,,Consumer Defensive,44706716.0,12090136.39
ABIT,Athena Bitcoin Global,0.003,5,4,2,0,0,0,2,13,-10.0,6.0,Broken,Avoid/exit,24,-3.3,-3.3,-18.2,40.7,0,,Financial Services,12285029.0,482434.44
CRCW,Crypto Co,0.001,4,4,2,0,2,2,2,16,-10.0,6.0,Broken,Avoid/exit,26,30.0,-35.0,-15.5,37.1,0,,Technology,6812672.0,14501077.1
KNOS,Kronos Advanced Technologies Inc,0.004,9,4,1,3,3,4,5,29,-23.0,6.0,Broken,Avoid/exit,44,-20.0,-11.1,-2.3,50.5,1,,Industrials,2835093.0,209941.51
TNMD,Tianrong Medical Group Inc,0.004,0,1,6,4,3,0,2,16,-10.0,6.0,Broken,Avoid/exit,20,-14.0,-14.0,-11.3,23.6,0,,Real Estate,2150000.0,7328.08
VVWT,VIVA World Trade Inc,0.008,6,4,0,5,0,2,2,19,-13.0,6.0,Broken,Avoid/exit,22,-19.0,-45.2,-33.1,41.6,2,,nan,1781999.0,90231.49
RMHB,Rocky Mountain High Brands Inc,0.002,6,6,2,3,2,0,5,24,-16.0,6.0,Broken,Avoid/exit,29,-16.0,-4.5,-8.8,48.0,1,,Consumer Defensive,1637092.0,316307.52
LQWC,LifeQuest World Corporation,0.009,1,8,0,2,3,2,2,18,-10.0,6.0,Broken,Avoid/exit,23,-11.9,-11.9,-5.3,47.9,0,,Industrials,1132182.0,39739.21
MMSDF,Macarthur Minerals Limited,0.002,1,3,1,4,3,7,2,21,-15.0,6.0,Broken,Avoid/exit,16,0.0,0.0,-62.4,31.6,1,,Basic Materials,815210.0,3838.15
GRVE,Groove Botanicals Inc,0.004,1,3,2,5,3,5,2,21,-15.0,6.0,Broken,Avoid/exit,26,0.0,0.0,-24.0,8.5,1,,Energy,238572.0,8896.0
ZAAG,ZA Group Inc,0.011,6,10,1,0,2,2,2,23,-17.0,6.0,Broken,Avoid/exit,25,-23.7,-35.4,-35.6,43.9,1,,Consumer Cyclical,68411.0,6202.74
SCPX,Scorpius Holdings Inc,0.001,3,4,2,0,3,4,5,21,-15.0,6.0,Broken,Avoid/exit,21,-90.1,-21.4,-54.3,45.5,1,,Healthcare,67256.0,16020.07
NXUR,"Nxu, Inc.",0.002,4,9,1,1,3,4,5,27,-19,6,Broken,Avoid/exit,31,900.0,900.0,-92.6,48.2,4,9,Industrials,2823.0,13009.65
SABSW,SAB Biotherapeutics Inc,0.01,0,3,0,6,2,2,2,15,-10.0,6.0,Broken,Avoid/exit,9,-72.1,-72.1,-61.0,38.1,0,,nan,nan,26689.09
LTRYW,"Lottery.com, Inc. Warrants",0.011,7,3,4,14,2,2,4,36,-30.0,6.0,Broken,Avoid/exit,44,-16.4,13.8,-2.1,49.7,3,,Consumer Cyclical,nan,142978.87
TYPTF,Entropy Neurodynamics Limited,0.011,2,3,2,5,0,2,2,16,-10.0,6.0,Broken,Avoid/exit,23,-43.4,-2.6,-37.7,42.9,0,,Healthcare,18276460.0,38415.01
LUDG,Ludwig Enterprises Inc,0.02,2,4,1,5,0,2,2,16,-10.0,6.0,Broken,Avoid/exit,18,-9.1,-33.3,-24.6,31.2,0,,Healthcare,3343337.0,9443.01
DGCMF,Digital Commodities Capital Corp.,0.016,1,5,3,1,5,4,2,21,-15.0,6.0,Broken,Avoid/exit,33,11.6,-18.0,-12.9,37.6,1,,Financial Services,2766194.0,58753.91
VLMZF,Volcanic Gold Mines Inc,0.02,3,3,1,4,3,5,2,21,-15.0,6.0,Broken,Avoid/exit,10,0.0,0.0,-39.0,0.4,1,,Basic Materials,2023338.0,5452.52
RTTGF,RTG Mining Inc,0.025,1,3,3,4,3,0,2,16,-10.0,6.0,Broken,Avoid/exit,22,0.0,-11.8,-14.4,24.8,0,,Basic Materials,57459288.0,29553.77
IDEA,Aeon Ventures Inc,0.028,3,5,1,4,3,0,2,18,-15.0,6.0,Broken,Avoid/exit,43,0.0,-9.4,-18.9,45.8,1,,Financial Services,2810000.0,0.0
CLGCF,Clarity Gold Corp,0.028,12,5,7,4,3,2,5,38,-28,6,Broken,Avoid/exit,26,27.3,27.3,10.3,56.0,3,,Basic Materials,2335930.0,32014.52
HWTHF,Wildsky Resources Inc,0.021,1,1,0,3,3,6,2,16,-10.0,6.0,Broken,Avoid/exit,25,0.0,-90.0,-78.2,4.4,0,,Basic Materials,1177955.0,216.69
PRRSF,Posera Ltd,0.034,6,12,6,0,4,2,2,32,-26.0,6.0,Broken,Avoid/exit,15,-6.6,0.0,-6.9,39.1,1,,Basic Materials,3836512.0,50702.46
GORIF,Golden Ridge Resources Ltd,0.035,1,3,3,0,3,4,2,16,-10.0,6.0,Broken,Avoid/exit,25,0.0,-9.1,-10.2,33.5,0,,Basic Materials,2048946.0,0.0
BBCMF,Blackbird Critical Metals Corp,0.05,6,5,3,0,0,5,2,21,-15.0,6.0,Broken,Avoid/exit,12,0.0,-80.0,-40.0,39.1,1,,Healthcare,1393347.0,990.31
TARGF,Taurus Gold Corp.,0.049,3,4,3,3,3,3,2,21,-15.0,6.0,Broken,Avoid/exit,29,0.0,0.0,-2.2,3.6,1,,Basic Materials,548985.0,1264.49
EWPMF,East West Petroleum Corp,0.041,1,7,2,2,3,4,2,21,-11.0,6.0,Broken,Avoid/exit,13,-59.0,-62.7,-49.0,27.1,2,,Energy,361942.0,4044.17
ZBNIF,ZEB Nickel Corp,0.07,1,1,2,3,3,4,2,16,-10.0,6.0,Broken,Avoid/exit,23,0.0,-7.8,-5.0,3.1,0,,Basic Materials,3890209.0,442.27
AMBIQ,Ambipar Emergency Response,0.076,9,5,1,5,0,2,2,24,-18.0,6.0,Broken,Avoid/exit,27,16.2,-31.4,-28.7,44.6,0,,Industrials,4187725.0,94180.1
SCLTF,Searchlight Resources Inc,0.075,5,3,0,0,5,0,3,16,-10.0,6.0,Broken,Avoid/exit,28,-3.8,-14.8,-10.0,44.8,0,,Basic Materials,3221279.0,26974.25
LOMLF,Lion One Metals Limited,0.091,2,5,2,3,0,6,2,20,-14.0,6.0,Broken,Avoid/exit,13,-9.4,0.7,-11.4,39.1,0,,Basic Materials,36256896.0,653725.81
CTVIF,China Travel International Investment Hong Kong Limited,0.11,1,1,2,5,3,2,2,16,-10.0,6.0,Broken,Avoid/exit,12,0.0,-38.9,-24.0,0.8,0,,Consumer Cyclical,1259315456.0,0.0
PXMFF,Philex Mining Corporation,0.102,1,1,3,3,3,0,5,16,-10.0,6.0,Broken,Avoid/exit,33,0.0,-31.4,-18.9,32.9,0,,Basic Materials,655727936.0,0.0
JGLCF,JS Global Lifestyle Company Limited,0.129,3,3,2,5,3,3,2,21,-15.0,6.0,Broken,Avoid/exit,14,0.0,-1.2,-12.0,11.6,1,,Consumer Cyclical,448219744.0,79.81
DNCVF,Defiance Silver Corp,0.126,6,6,5,0,0,2,2,21,-15.0,6.0,Broken,Avoid/exit,15,-1.1,-8.4,-7.6,40.1,1,,Basic Materials,47245860.0,558537.02
VSEE,"VSee Health, Inc.",0.116,0,1,0,8,0,0,2,11,-5.0,6.0,Broken,Avoid/exit,14,-25.9,-29.9,-24.4,29.4,1,,Healthcare,5618160.0,5268735.93
ROKRF,ROK Resources Inc.,0.198,5,3,0,9,2,2,2,23,-15.0,6.0,Broken,Avoid/exit,53,-17.4,-13.8,-8.0,42.0,1,,Energy,43394084.0,119143.42
ONEI,OneMeta AI,0.15,1,7,3,3,3,2,2,21,-15.0,6.0,Broken,Avoid/exit,29,-0.3,-16.7,-13.0,36.2,2,,Technology,5833642.0,34583.98
BCGWW,"Binah Capital Group, Inc. Warrants",0.153,4,1,3,1,0,5,2,16,-10.0,6.0,Broken,Avoid/exit,51,-5.1,-5.1,-4.6,6.0,0,,nan,nan,0.0
CHYMF,Cahya Mata Sarawak Berhad,0.227,1,3,0,4,3,3,2,16,-10.0,6.0,Broken,Avoid/exit,10,0.0,-7.1,-10.4,0.0,0,,Basic Materials,243933536.0,522.0
SIMAW,SIM Acquisition Corp. I Warrant,0.28,4,5,1,5,1,4,2,22,-16.0,6.0,Broken,Avoid/exit,21,7.7,-26.2,-16.5,42.5,1,,nan,nan,26868.94
SYNNF,Symphony International Holdings Limited,0.345,1,1,0,3,3,6,2,16,-10.0,6.0,Broken,Avoid/exit,12,0.0,-25.0,-14.2,0.0,0,,Financial Services,236148464.0,2428.5
HUMGF,Humm Group Limited,0.384,1,3,1,4,3,2,2,16,-10.0,6.0,Broken,Avoid/exit,17,0.0,-8.5,-7.7,5.2,0,,Financial Services,194114352.0,1188.0
TSWCF,TSWCF,0.38,6,6,6,2,0,2,2,24,-18.0,6.0,Broken,Avoid/exit,40,3.9,-0.7,-4.7,42.4,1,,Technology,141346960.0,512172.2
XAIR,Beyond Air Inc,0.36,1,8,4,0,2,2,2,19,-13.0,6.0,Broken,Avoid/exit,10,-4.3,-20.0,-12.1,34.8,1,,Healthcare,4569366.0,3440326.56
GFTFF,Grafton Resources Inc.,0.35,4,5,0,3,0,2,2,16,-10.0,6.0,Broken,Avoid/exit,0,4.6,-36.7,-11.1,41.8,0,,nan,nan,0.0
COGNY,Cogna Educacao SA ADR,0.41,1,4,3,1,3,2,2,16,-10.0,6.0,Broken,Avoid/exit,13,-4.7,-18.0,-11.0,29.9,0,,Consumer Defensive,820113088.0,21535.0
CRIS,Curis Inc,0.421,3,7,1,4,2,2,2,21,-16.0,6.0,Broken,Avoid/exit,17,-2.1,-15.8,-8.7,37.8,1,,Healthcare,16410029.0,350370.51
RUBI,Rubico Inc. Common Stock,0.425,4,5,3,0,2,2,2,18,-10.0,6.0,Broken,Avoid/exit,13,-31.5,-21.3,-43.8,29.5,0,,Industrials,1386774.0,3418311.24
TGHL,The GrowHub Limited Class A Ordinary Shares,0.485,8,5,1,4,3,0,5,26,-18.0,6.0,Broken,Avoid/exit,30,-26.5,-20.6,-8.0,48.8,1,,Technology,12270409.0,1069240.63
HWAIF,Healwell AI Inc.,0.597,2,4,2,3,4,4,2,21,-13.0,6.0,Broken,Avoid/exit,26,1.2,-7.7,-3.8,41.2,1,,Healthcare,199051088.0,155178.69
ZBAO,Zhibao Technology Inc. Class A Ordinary Shares,0.58,2,6,0,3,2,4,2,19,-13.0,6.0,Broken,Avoid/exit,15,-12.3,-13.4,-16.2,34.6,1,,Financial Services,19755780.0,173418.22
FBGL,FBS Global Limited Ordinary Shares,0.569,5,6,4,9,5,3,2,34,-28.0,6.0,Broken,Avoid/exit,27,0.8,10.8,-0.6,49.1,3,,Industrials,7676100.0,1009266.65
COCH,Envoy Medical Inc.,0.634,0,4,5,9,0,0,2,20,-10.0,6.0,Broken,Avoid/exit,31,-3.6,-9.6,-4.5,42.1,1,,Healthcare,48831384.0,1238476.57
SNAL,"Snail, Inc. Class A Common Stock",0.637,1,8,2,0,4,2,2,19,-13.0,6.0,Broken,Avoid/exit,22,-17.7,-21.5,-15.7,39.4,1,,Communication Services,27803106.0,6959030.08
EPOW,Sunrise New Energy Co. Ltd,0.63,1,8,3,0,3,2,2,19,-11.0,6.0,Broken,Avoid/exit,22,2.0,-1.6,-0.2,46.8,1,,Industrials,22079544.0,747724.57
ZCMD,Zhongchao Inc,0.648,6,15,2,5,4,4,2,38,-30,6,Broken,Avoid/exit,24,-10.1,1700.6,-15.9,41.7,4,,Healthcare,1679270.0,226148.12
AEON,"AEON Biopharma, Inc.",0.668,3,5,6,1,2,2,2,21,-15.0,6.0,Broken,Avoid/exit,19,-3.9,-9.4,-8.7,33.3,1,,Healthcare,17573218.0,167992.51
WLDBF,WildBrain Ltd,0.86,2,12,4,0,7,0,2,27,-21.0,6.0,Broken,Avoid/exit,24,-4.4,1.2,-4.6,41.2,1,,Communication Services,183880288.0,160279.67
NRDY,Nerdy Inc,0.856,5,5,2,5,3,4,5,29,-23.0,6.0,Broken,Avoid/exit,30,-10.8,3.1,-1.5,48.9,1,,Technology,163210128.0,764637.06
YGRAF,Yangarra Resources Ltd,0.875,2,6,1,3,0,0,2,14,-8.0,6.0,Broken,Avoid/exit,33,-9.8,-11.0,-9.3,32.3,0,,Energy,95035688.0,42472.76
KMFG,KMFG,0.935,3,1,2,5,3,0,2,16,-10.0,6.0,Broken,Avoid/exit,29,-15.0,-15.0,-9.6,2.2,0,,Consumer Cyclical,51425000.0,236.75
MCRPF,MicroPort Scientific Corporation,0.956,3,3,3,4,3,3,2,21,-15.0,6.0,Broken,Avoid/exit,9,0.0,0.0,-6.1,0.1,1,,Healthcare,3003057920.0,315.5
ESLA,Estrella Immunopharma Inc.,0.95,0,3,7,7,0,0,2,19,-13.0,6.0,Broken,Avoid/exit,17,-12.0,-17.4,-13.4,31.5,1,,Healthcare,40882516.0,174812.21
OBGRF,Orbit Garant Drilling Inc,1.0,2,1,2,1,4,4,2,16,-10.0,6.0,Broken,Avoid/exit,15,0.0,-27.0,-14.3,2.8,0,,Basic Materials,38170940.0,2396.94
PAPL,Pineapple Financial Inc.,1.0,2,4,6,6,3,2,2,25,-19.0,6.0,Broken,Avoid/exit,53,-2.6,-2.9,-3.9,46.7,1,,Financial Services,26088652.0,2018594.4
BQ,Boqii Holding Limited,0.97,13,4,3,4,5,2,5,36,-30,6,Broken,Avoid/exit,41,-19.8,34.7,7.5,54.8,3,,Consumer Cyclical,4247788.0,1225109.43
CURZ,Curzio Research LLC,0.95,3,1,3,5,3,1,2,18,-8.0,6.0,Broken,Avoid/exit,24,-3.1,-3.1,-2.7,23.6,0,,Communication Services,nan,52.5
PERCF,Percheron Therapeutics Limited,0.002,3,4,2,3,3,3,2,20,-15.0,5.0,Broken,Avoid/exit,13,0.0,0.0,-12.0,0.1,1,,Healthcare,3044825.0,2140.54
GRXMF,Marvel Gold Limited,0.002,1,3,0,3,3,3,2,15,-10.0,5.0,Broken,Avoid/exit,7,0.0,-85.8,-69.0,0.0,0,,Basic Materials,2275510.0,67.46
TAJIF,Tajiri Resources Corp,0.008,1,3,0,4,3,7,2,20,-15.0,5.0,Broken,Avoid/exit,10,0.0,0.0,-89.0,7.3,1,,Basic Materials,1839973.0,6140.13
SPNRF,Sparton Resources Inc,0.01,4,1,5,0,3,0,2,15,-10.0,5.0,Broken,Avoid/exit,22,-9.0,-9.0,-6.1,18.2,0,,Basic Materials,1835445.0,6124.43
ODDAF,Odd Burger Corporation,0.006,0,5,2,2,0,0,2,11,-11.0,5.0,Broken,Avoid/exit,9,-63.5,-73.8,-69.0,15.1,1,,Consumer Cyclical,646880.0,8212.09
BZYR,Burzynski Research,0.009,3,3,4,3,3,2,2,20,-15.0,5.0,Broken,Avoid/exit,15,12.5,-40.0,-16.4,37.9,1,,Healthcare,1183036.0,7877.5
ATHHF,Athene Holding Ltd,0.011,0,1,9,5,3,0,2,20,-15.0,5.0,Broken,Avoid/exit,18,-14.4,-14.4,-12.4,21.2,1,,Consumer Cyclical,1095642.0,73172.7
NXGT,Nexteligent Holdings Inc,0.006,1,4,1,0,3,4,2,15,-10.0,5.0,Broken,Avoid/exit,27,0.0,-33.7,-11.1,35.9,0,,Healthcare,833182.0,21854.13
IVPR,"Inspire Veterinary Partners, Inc.",0.001,1,6,3,6,2,0,2,20,-15.0,5.0,Broken,Avoid/exit,21,-40.0,-40.0,-22.6,41.1,1,,Consumer Cyclical,118983.0,32101421.54
LEHKQ,LEHMAN BROTHERS HOLDINGS CAP TS,0.001,1,4,2,6,3,1,2,19,-10.0,5.0,Broken,Avoid/exit,37,0.0,0.0,-2.1,36.6,0,,Other,nan,633.74
CELUW,Celularity Inc,0.005,3,9,1,1,4,2,2,22,-15.0,5.0,Broken,Avoid/exit,25,19.0,-23.1,-16.3,43.4,2,,nan,nan,15023.97
OWLTW,Owlet Inc.,0.002,4,5,2,0,0,0,2,13,-8.0,5.0,Broken,Avoid/exit,13,-40.0,-40.0,-60.7,43.9,0,,Healthcare,nan,0.0
BNZIW,Banzai International Inc,0.01,0,4,2,3,0,2,2,13,-8.0,5.0,Broken,Avoid/exit,17,-32.4,-32.4,-21.8,41.0,0,,nan,nan,41933.99
BNGLF,Bengal Energy Ltd,0.021,5,6,1,3,3,0,2,20,-15.0,5.0,Broken,Avoid/exit,30,-24.3,-24.3,-16.2,32.5,2,,Energy,10142858.0,3780.65
AITX,Artificial Intelligence Technology Solutions Inc,0.013,5,4,2,3,2,2,2,20,-15.0,5.0,Broken,Avoid/exit,26,2.4,-25.3,-23.8,27.9,1,,Industrials,5034023.0,2448017.37
JMBRF,James Bay Resources Limited,0.017,15,2,4,6,6,2,2,37,-28.0,5.0,Broken,Avoid/exit,59,-2.9,-2.9,5.4,85.7,1,,Energy,1639671.0,1172.93
PUSOF,Pushfor Investments Inc,0.012,4,6,0,4,0,0,3,17,-15.0,5.0,Broken,Avoid/exit,27,-20.0,0.0,-1.5,48.0,1,,Basic Materials,946331.0,389.54
TRDX,Trend Exploration I,0.02,0,5,1,6,3,0,5,20,-15.0,5.0,Broken,Avoid/exit,24,-42.9,-39.4,-21.3,42.3,1,,Basic Materials,385351.0,1388.88
GPLB,Green Planet Bio Engineering Company. Ltd,0.013,1,3,2,1,3,3,2,15,-10.0,5.0,Broken,Avoid/exit,20,0.0,0.0,-8.7,0.2,0,,Financial Services,260083.0,822.49
AFFU,Affluence Corporation,0.014,3,6,1,4,2,2,2,20,-13.0,5.0,Broken,Avoid/exit,35,-16.7,-17.6,-26.2,43.8,1,,Technology,96595.0,93618406.72
SNIPF,Snipp Interactive Inc,0.026,1,7,2,5,3,0,2,20,-15.0,5.0,Broken,Avoid/exit,12,-7.1,-20.2,-10.4,32.2,1,,Communication Services,7812277.0,78320.33
HVGDF,Harvest Gold Corporation,0.03,2,6,3,5,0,2,2,20,-15.0,5.0,Broken,Avoid/exit,9,0.0,0.0,-10.2,44.0,1,,Basic Materials,3708143.0,70516.94
NMNZF,Nortec Minerals Corp,0.025,3,4,0,3,0,3,2,15,-10.0,5.0,Broken,Avoid/exit,16,0.0,0.0,-76.5,7.9,0,,Basic Materials,1768699.0,372.5
SUIAF,Substrate AI S.A.,0.034,1,8,1,0,3,2,2,17,-10.0,5.0,Broken,Avoid/exit,12,-3.7,-14.5,-14.9,34.9,0,,Technology,20595342.0,135872.56
OKMN,"Okmin Resources, Inc.",0.05,5,4,3,3,0,3,2,20,-15.0,5.0,Broken,Avoid/exit,30,0.0,0.0,-6.8,18.7,1,,Energy,6424464.0,2993.51
GMDMF,Gem Diamonds Limited,0.043,1,3,3,5,0,6,2,20,-15.0,5.0,Broken,Avoid/exit,21,0.0,-15.7,-7.8,9.2,1,,Basic Materials,6019249.0,1822.0
IHLDF,Immutable Holdings Inc.,0.043,1,7,3,0,3,2,2,18,-13.0,5.0,Broken,Avoid/exit,20,-5.9,-5.9,-8.6,36.8,2,,Financial Services,4257153.0,6512.49
KNRLF,Kontrol Technologies Corp,0.046,4,5,1,0,0,2,3,15,-15.0,5.0,Broken,🔥 COILED: Avoid/exit,19,0.0,-6.1,-4.4,44.4,1,,Technology,2472921.0,6573.0
EDDYF,Edison Cobalt Corp,0.042,2,3,2,1,3,4,2,17,-15.0,5.0,Broken,Avoid/exit,15,-3.5,-27.4,-14.9,36.8,1,,Basic Materials,1262366.0,13774.32
ATMTF,Andrada Mining Limited,0.052,4,1,1,5,3,4,2,20,-15.0,5.0,Broken,Avoid/exit,29,-11.2,-11.2,-6.1,25.8,1,,Basic Materials,113683896.0,4511.62
GIGGF,Giga Metals Corporation,0.056,1,11,3,0,5,4,2,26,-21.0,5.0,Broken,Avoid/exit,20,-2.8,-11.3,-4.2,44.2,1,,Basic Materials,8497565.0,140052.7
INNMF,Amplia Therapeutics Limited,0.08,1,8,7,0,2,0,2,20,-15.0,5.0,Broken,Avoid/exit,13,-9.1,-15.8,-13.4,36.6,1,,Healthcare,41064960.0,20180.0
STMGF,Stamper Oil & Gas Corp,0.083,1,6,2,5,0,4,2,20,-15.0,5.0,Broken,Avoid/exit,26,-28.0,-31.0,-13.1,46.7,1,,Energy,13582288.0,14865.8
IINNW,Inspira Technologies Oxy B.H.N. Ltd. Warrant,0.083,3,5,1,6,0,0,5,20,-15.0,5.0,Broken,Avoid/exit,30,-17.0,-68.2,-54.0,41.7,1,,nan,nan,17101.06
GMVMF,GMV Minerals Inc,0.098,1,11,3,0,3,2,2,22,-15.0,5.0,Broken,Avoid/exit,15,1.4,-17.2,-8.5,38.0,2,,Basic Materials,12081059.0,113056.75
MMMW,Mass Megawat Wind Pw,0.096,8,13,5,0,3,4,2,35,-30,5,Broken,Avoid/exit,27,19.8,19.8,8.9,53.1,3,,Utilities,179268.0,1574.85
CMEIF,China MeiDong Auto Holdings Limited,0.102,3,4,2,3,3,3,2,20,-15.0,5.0,Broken,Avoid/exit,10,0.0,0.0,-7.7,0.0,1,,Consumer Cyclical,137586464.0,100.0
BRIBF,Brii Biosciences Limited,0.15,6,2,1,0,3,3,2,17,-15.0,5.0,Broken,Avoid/exit,10,0.0,-3.8,-3.9,0.0,1,,Healthcare,107815976.0,224.53
DUVNF,Peruvian Metals Corp,0.13,2,7,0,6,2,0,2,19,-14.0,5.0,Broken,Avoid/exit,41,-6.1,-23.3,-18.5,36.2,0,,Basic Materials,21223290.0,81225.07
CNRCF,CNRCF,0.141,1,5,4,5,3,0,2,20,-15.0,5.0,Broken,Avoid/exit,26,-11.8,-21.8,-12.9,34.1,1,,Basic Materials,1888163.0,9523.65
HZLIF,Hertz Lithium Inc.,0.119,0,9,6,0,4,0,2,21,-16.0,5.0,Broken,Avoid/exit,23,-24.4,-18.6,-23.4,35.5,1,,Basic Materials,1675634.0,3859.87
POGS,Pioneer Oil & Gas,0.101,1,3,2,1,0,6,2,15,-10.0,5.0,Broken,Avoid/exit,33,0.0,-37.7,-17.9,5.2,0,,Energy,405633.0,961.41
BKRKF,PT Bank Rakyat Indonesia (Persero) Tbk,0.16,1,4,5,0,3,0,2,15,-10.0,5.0,Broken,Avoid/exit,9,-5.9,-8.6,-9.7,40.9,0,,Financial Services,24091987968.0,0.0
GOSS,Gossamer Bio Inc,0.168,6,8,4,0,2,6,2,28,-23.0,5.0,Broken,Avoid/exit,16,-5.1,-5.6,-14.6,35.1,1,,Healthcare,82126248.0,9538798.0
PFSA,"Profusa, Inc. Common Stock",0.181,2,3,2,8,0,0,2,17,-8.0,5.0,Broken,Avoid/exit,25,-33.5,-37.8,-39.6,30.0,1,,Healthcare,843042.0,1963679.35
NSURF,North Shore Uranium Ltd.,0.168,4,5,1,6,3,2,2,23,-18.0,5.0,Broken,Avoid/exit,38,3.0,-20.0,-6.7,45.8,0,,nan,nan,35501.19
CHUC,Charlie's Holdings Inc.,0.235,1,11,2,0,5,0,2,21,-16.0,5.0,Broken,Avoid/exit,31,-3.1,-6.0,-2.3,47.7,1,,Consumer Defensive,65930012.0,145933.5
ATCH,"AtlasClear Holdings, Inc.",0.211,1,10,2,0,5,2,3,23,-16.0,5.0,Broken,Avoid/exit,47,4.0,-8.2,-2.5,44.5,2,,Financial Services,30683940.0,20053823.95
QGAI,Quantum Genesis AI Corp.,0.201,6,11,4,4,5,0,5,35,-30,5,Broken,Avoid/exit,0,-32.9,-54.3,-19.3,47.7,1,,Basic Materials,8243576.0,0.0
DEVS,DevvStream Corp. Common Stock,0.23,3,3,1,4,4,0,5,20,-15.0,5.0,Broken,Avoid/exit,26,-17.1,-49.7,-23.5,44.2,1,,Industrials,8055049.0,6737674.44
DRDBW,Roman DBDR Acquisition Corp. II Warrants,0.24,5,5,0,1,0,2,2,15,-8.0,5.0,Broken,Avoid/exit,10,16.8,-36.9,-27.5,42.7,1,,nan,6400800.0,0.0
TOUBF,TOUBF,0.26,5,2,8,0,0,4,5,24,-15.0,5.0,Broken,Avoid/exit,30,-0.1,-9.9,-5.2,39.6,1,,Basic Materials,198521216.0,3855.67
ELRFF,Eastern Platinum Limited,0.25,2,6,2,6,0,2,2,20,-15.0,5.0,Broken,Avoid/exit,29,19.0,-19.4,-11.6,42.2,1,,Basic Materials,51497856.0,65354.5
SKYZF,SkyCity Entertainment Group Limited,0.311,1,1,1,5,3,2,2,15,-10.0,5.0,Broken,Avoid/exit,10,-1.6,-15.7,-9.2,2.7,0,,Consumer Cyclical,343270752.0,50.42
LBNKF,LithiumBank Resources Corp.,0.33,1,7,2,1,4,0,2,17,-13.0,5.0,Broken,Avoid/exit,15,-8.3,-26.1,-13.8,34.6,1,,Basic Materials,21859730.0,50761.53
MISVF,Minco Silver Corporation,0.3,3,2,2,4,2,0,2,15,-10.0,5.0,Broken,Avoid/exit,31,-18.9,-18.9,-12.6,36.6,0,,Basic Materials,18487526.0,9113.4
PRPRF,Prairie Provident Resources Inc,0.342,1,2,3,5,3,4,2,20,-15.0,5.0,Broken,Avoid/exit,46,-10.1,-16.2,-9.8,38.9,1,,Energy,15975721.0,0.0
MAXNQ,"Maxeon Solar Technologies, Ltd.",0.301,5,5,3,3,0,2,2,20,-15.0,5.0,Broken,Avoid/exit,17,-11.5,-26.6,-25.8,38.4,0,,Technology,5096760.0,704524.0
HKIT,Hitek Global Inc. Ordinary Share,0.322,4,4,0,3,2,0,2,15,-10.0,5.0,Broken,Avoid/exit,18,-42.4,-2.5,-50.9,46.3,0,,Technology,2963286.0,4490379.12
DFDVW,DeFi Development Corp. Warrant,0.331,5,4,4,0,2,0,2,17,-10.0,5.0,Broken,Avoid/exit,24,3.5,-6.7,-19.5,38.1,0,,nan,nan,0.0
APXYY,Appen Limited,0.36,2,3,3,4,2,2,4,20,-15.0,5.0,Broken,Avoid/exit,19,-10.9,-10.9,-9.3,31.4,1,,Technology,193337040.0,2172.83
CTSO,Cytosorbents Crp,0.438,8,7,0,5,0,1,2,23,-18.0,5.0,Broken,Avoid/exit,19,13.0,-10.2,-6.0,43.6,2,,Healthcare,27522938.0,111910.48
FNGR,FingerMotion Inc,0.474,1,8,0,3,4,0,2,18,-13.0,5.0,Broken,Avoid/exit,11,-21.6,-41.5,-26.3,32.8,2,,Communication Services,28146506.0,376464.54
AINMF,NetraMark Holdings Inc.,0.565,1,6,1,2,4,2,2,18,-13.0,5.0,Broken,Avoid/exit,19,-9.0,-3.7,-8.0,34.6,2,,Healthcare,52403012.0,2004.91
ZEO,Zeo Energy Corp.,0.715,2,8,3,0,5,0,2,20,-13.0,5.0,Broken,Avoid/exit,23,-10.4,-17.4,-10.8,38.3,1,,Technology,86655144.0,235281.67
SLGB,Smart Logistics Global Limited Ordinary Shares,0.71,15,4,3,4,2,2,5,35,-30.0,5.0,Broken,Avoid/exit,30,-22.0,44.2,6.3,53.2,3,,Industrials,30517100.0,0.0
RANI,Rani Therapeutics Holdings Inc,0.782,1,8,3,0,4,2,2,20,-13.0,5.0,Broken,Avoid/exit,16,-2.4,-13.0,-7.5,39.8,1,,Healthcare,107567256.0,6534007.94
BTTC,Black Titan Corporation,0.752,0,8,1,0,2,0,2,13,-8.0,5.0,Broken,Avoid/exit,25,-23.7,-22.5,-20.5,34.6,0,,nan,8102514.0,0.0
PFHO,Pacific Health Care Organization Inc,0.83,1,3,2,5,0,4,2,17,-8.0,5.0,Broken,Avoid/exit,16,-7.8,-17.8,-14.9,34.7,1,,Healthcare,10624000.0,0.0
TRX,Tanzanian Royalty Exploration Corp,0.915,6,6,2,0,2,2,2,20,-15.0,5.0,Broken,Avoid/exit,22,-0.5,-12.8,-9.3,36.0,1,,Basic Materials,298032384.0,3999017.91
GLDG,GoldMining Inc,0.953,6,7,1,0,2,2,2,20,-15.0,5.0,Broken,Avoid/exit,17,1.4,-13.4,-6.6,41.0,1,,Basic Materials,203963328.0,3034016.96
PMCOF,Prospector Metals Corp.,0.97,3,5,3,2,5,2,2,22,-15.0,5.0,Broken,Avoid/exit,46,7.8,-5.8,-4.2,42.7,2,,Basic Materials,155013872.0,163909.0
CILXX,Western Asset Institutional Liquid Reserves Ltd.,1.0,2,3,2,6,0,2,3,18,-13.0,5.0,Broken,Avoid/exit,28,-0.0,-0.0,-0.0,29.2,0,,nan,nan,0.0
PCOGF,Pancontinental Oil & Gas NL,0.006,1,5,0,0,4,2,2,14,-10.0,4.0,Broken,Avoid/exit,17,16.0,-51.7,-30.3,39.5,1,,Energy,48059264.0,165851.5
DGTHF,DGTL Holdings Inc,0.009,1,3,0,3,3,7,2,19,-15.0,4.0,Broken,Avoid/exit,9,0.0,0.0,-94.9,0.0,1,,Communication Services,14369180.0,9.0
BBRRF,Blueberries Medical Corp,0.007,0,4,0,8,0,0,2,14,-10.0,4.0,Broken,Avoid/exit,24,-45.7,-45.3,-33.0,39.9,0,,Healthcare,3465630.0,25033.56
MDMP,MDM Permian Inc,0.004,9,9,1,0,0,2,3,24,-20.0,4.0,Broken,Avoid/exit,31,33.3,0.0,-1.7,49.2,0,,Energy,2160920.0,195499.06
DBORF,Diablo Resources Limited,0.009,1,1,1,4,3,2,2,14,-10.0,4.0,Broken,Avoid/exit,13,0.0,-33.3,-18.3,11.7,0,,Basic Materials,2122579.0,5110.34
CGRA,Cgrowth Capital Inc,0.001,4,5,2,6,5,0,2,24,-18.0,4.0,Broken,Avoid/exit,27,40.0,-30.0,-12.4,43.6,0,,Energy,896116.0,2939504.49
AGIN,American Graphite Technologies Inc,0.002,1,2,8,0,0,0,2,13,-8.0,4.0,Broken,Avoid/exit,17,-15.0,-26.1,-17.7,40.2,0,,Financial Services,838686.0,128737.49
SKPO,Skye Petroleum Inc,0.003,4,3,2,5,0,2,5,21,-13.0,4.0,Broken,Avoid/exit,22,-13.3,-16.1,-12.7,41.8,1,,Energy,699886.0,56874.09
ELEK,China Xuefeng Environmental Engineering Inc,0.005,0,2,2,6,2,0,2,14,-10.0,4.0,Broken,Avoid/exit,18,-46.0,-46.0,-34.3,34.1,0,,Consumer Cyclical,665208.0,793958.76
LEKOF,Lekoil Limited,0.001,1,1,0,5,3,2,2,14,-10.0,4.0,Broken,Avoid/exit,6,0.0,-87.0,-76.9,0.0,0,,Energy,640838.0,1650.0
SAKL,Sack Lunch Productions Inc,0.007,3,3,0,4,3,4,2,19,-15.0,4.0,Broken,Avoid/exit,35,-65.0,-41.7,-36.9,36.9,1,,Consumer Cyclical,602597.0,5055.32
AGFAF,Agra Ventures Ltd.,0.003,1,4,2,3,3,2,4,19,-15.0,4.0,Broken,Avoid/exit,17,0.0,-93.1,-68.4,45.1,1,,Healthcare,74571.0,4558.01
WGSWW,GeneDx Holdings Corp.,0.004,0,1,1,6,2,2,2,14,-10.0,4.0,Broken,Avoid/exit,20,-35.6,-51.3,-38.0,37.7,1,,nan,nan,62905.86
BKTSF,BKTSF,0.007,2,3,2,0,3,2,2,14,-10.0,4.0,Broken,Avoid/exit,13,-23.6,-34.6,-29.3,39.6,0,,nan,nan,0.0
STGZ,Stargaze Entertainment Group Inc,0.018,1,6,4,1,4,4,2,22,-18.0,4.0,Broken,Avoid/exit,38,3.4,3.4,-4.4,43.4,0,,Communication Services,9252185.0,98231.83
WINKF,Windfall Geotek Inc,0.016,6,5,8,8,0,2,3,32,-28.0,4.0,Broken,Avoid/exit,29,-1.9,20.8,-1.6,47.9,3,,Technology,2689530.0,13995.0
FLMTF,Full Metal Minerals Ltd,0.015,0,1,2,4,3,2,2,14,-10.0,4.0,Broken,Avoid/exit,22,-51.6,-51.6,-40.6,23.4,0,,Basic Materials,889686.0,1312.1
DTII,Defense Technologies International Corp,0.014,4,4,4,0,2,0,2,16,-15.0,4.0,Broken,Avoid/exit,26,-6.7,-6.7,-13.1,45.2,1,,Industrials,525444.0,54071.12
LVWR-WT,LVWR-WT,0.018,5,5,1,3,0,0,2,16,-10.0,4.0,Broken,Avoid/exit,19,-29.3,-40.9,-27.6,40.0,0,,nan,nan,45586.07
ADRLF,Adavale Resources Limited,0.026,6,1,2,3,4,1,2,19,-15.0,4.0,Broken,Avoid/exit,11,-3.3,-3.3,-3.0,0.0,1,,Energy,8747706.0,23.26
JRSS,JRSIS Health Care Corporation,0.029,10,4,1,0,3,4,5,27,-23.0,4.0,Broken,Avoid/exit,39,0.0,-74.4,-17.1,47.8,1,,Consumer Cyclical,2487200.0,48641.05
KITTW,Nauticus Robotics Inc.,0.024,1,4,1,1,2,0,5,14,-10.0,4.0,Broken,Avoid/exit,20,-74.2,-74.2,-49.9,45.4,0,,nan,nan,122996.88
KWMWW,K Wave Media Ltd.,0.025,1,6,2,0,3,2,2,16,-10.0,4.0,Broken,Avoid/exit,14,-47.3,-47.3,-33.4,28.3,1,,nan,nan,13842.54
ATALF,ATALF,0.035,1,8,2,0,4,2,2,19,-15.0,4.0,Broken,Avoid/exit,14,-2.5,-25.7,-18.6,36.3,1,,Basic Materials,54689380.0,0.0
YRBAF,Yorbeau Resources Inc,0.04,1,1,2,5,3,0,2,14,-10.0,4.0,Broken,Avoid/exit,21,0.0,-12.9,-7.5,8.5,0,,Basic Materials,19013534.0,4061.32
GLWLF,Glow Lifetech Corp,0.032,1,4,2,0,3,2,2,14,-10.0,4.0,Broken,Avoid/exit,15,0.0,-8.6,-3.7,24.0,0,,Healthcare,6138694.0,14322.72
ZLSCF,ZYUS Life Sciences Corporation,0.04,3,3,1,3,3,4,2,19,-15.0,4.0,Broken,Avoid/exit,17,0.0,-21.6,-59.7,6.2,1,,Healthcare,3202861.0,610.41
GXXM,Gex Management Inc,0.038,1,12,0,4,3,2,2,24,-18.0,4.0,Broken,Avoid/exit,21,51.6,-62.1,-58.9,45.8,0,8,Industrials,2505.0,8452.59
NXGLW,NexGel Inc Warrant,0.039,1,9,2,0,3,2,2,19,-15.0,4.0,Broken,Avoid/exit,20,28.6,-3.5,-16.0,44.5,2,,nan,nan,0.0
COCHW,Envoy Medical Inc.,0.041,0,4,7,0,4,0,2,17,-13.0,4.0,Broken,Avoid/exit,31,-14.1,-14.1,-10.6,39.0,0,,nan,nan,28852.95
HNDI,Handeni Gold Inc,0.046,5,3,3,0,4,2,2,19,-15.0,4.0,Broken,Avoid/exit,12,0.0,-1.7,-20.0,34.8,1,,Financial Services,4864641.0,1414.47
GRDAF,Guardforce AI Co. Limited,0.046,3,7,2,2,4,2,2,22,-18.0,4.0,Broken,Avoid/exit,35,9.3,-10.0,-4.3,46.5,1,,Basic Materials,3698848.0,97570.54
LKYRF,LKYRF,0.054,4,7,0,0,2,2,2,17,-13.0,4.0,Broken,Avoid/exit,9,-7.5,-45.5,-23.8,36.6,1,,Basic Materials,20418928.0,364120.85
EAGRF,Leaf Mobile Inc,0.055,3,4,2,2,3,3,2,19,-15.0,4.0,Broken,Avoid/exit,12,0.0,0.0,-11.1,19.3,1,,Communication Services,5796690.0,13017.84
DNDT,Dnd Technologies,0.057,1,3,3,5,0,5,2,19,-15.0,4.0,Broken,Avoid/exit,15,0.0,-4.8,-1.9,0.7,1,,Consumer Defensive,4302109.0,187.5
XXMMF,Ximen Mining Corp,0.051,0,6,1,3,3,4,2,19,-15.0,4.0,Broken,Avoid/exit,32,-22.7,-2.7,-15.2,44.0,1,,Basic Materials,3593789.0,0.0
PSQH-WT,PSQH-WS,0.051,1,5,1,1,4,0,2,14,-10.0,4.0,Broken,Avoid/exit,27,9.7,1.8,-14.1,44.5,1,,nan,nan,30033.61
GAMXF,GAMXF,0.07,1,1,8,3,4,0,2,19,-15.0,4.0,Broken,Avoid/exit,26,-10.9,-14.6,-10.9,39.3,1,,Basic Materials,2294444.0,31868.32
MJGCF,Majestic Gold Corp,0.08,0,7,3,2,0,0,2,14,-10.0,4.0,Broken,Avoid/exit,15,-6.3,-9.1,-8.4,37.4,1,,Basic Materials,86124072.0,159728.5
NALG,North America Lithium Corp.,0.09,1,5,1,5,4,0,2,18,-14.0,4.0,Broken,Avoid/exit,14,-7.7,-14.3,-16.7,38.6,0,,Basic Materials,30673818.0,64407.76
HYPAF,HYPAF,0.085,3,5,1,1,0,2,2,14,-10.0,4.0,Broken,Avoid/exit,17,-14.9,-8.1,-16.1,39.9,0,,nan,nan,12616.38
EGMLF,Engineer Gold Mines Ltd,0.097,3,3,2,3,1,0,2,14,-10.0,4.0,Broken,Avoid/exit,27,0.0,-12.5,-4.9,21.0,0,,Basic Materials,2531848.0,1076.92
CITAF,COSCO SHIPPING Development Co. Ltd,0.12,1,3,1,2,3,2,2,14,-10.0,4.0,Broken,Avoid/exit,22,0.0,-18.1,-6.5,29.6,0,,Industrials,1583718656.0,3026.59
DTREF,DTREF,0.129,8,6,4,5,0,2,2,27,-23.0,4.0,Broken,Avoid/exit,22,43.1,7.3,4.3,48.3,2,,Basic Materials,492865248.0,8189908.89
COGDF,Compass Gold Corporation,0.125,0,3,1,10,0,4,4,22,-18.0,4.0,Broken,Avoid/exit,45,4.5,10.2,-8.4,45.9,3,,Basic Materials,19325724.0,9129.38
WRRZF,Walker River Resources Corp,0.12,1,3,4,0,3,6,2,19,-15.0,4.0,Broken,Avoid/exit,12,0.0,-36.8,-25.2,15.1,1,,Basic Materials,13098368.0,9136.88
EUEMF,European Energy Metals Corp.,0.122,5,14,2,5,4,2,2,34,-28.0,4.0,Broken,Avoid/exit,43,26.2,38.3,9.1,52.2,3,,Basic Materials,8108447.0,4310.59
APMCF,Morien Resources Corp,0.13,1,7,8,0,3,0,2,21,-13.0,4.0,Broken,Avoid/exit,16,-7.1,-5.1,-5.0,35.7,1,,Energy,7823515.0,11155.2
LHSW,Lianhe Sowell International Group Ltd Ordinary Shares,0.112,0,4,1,5,2,0,2,14,-10.0,4.0,Broken,Avoid/exit,19,-30.9,-37.8,-31.7,34.3,0,,Technology,6160000.0,1982398.6
PYBX,Hydro Power Technologies Inc,0.1,2,9,1,0,3,4,5,24,-18.0,4.0,Broken,Avoid/exit,25,-98.1,-98.1,-97.1,43.1,1,,Industrials,456841.0,518.16
WTGUR,Wintergreen Acquisition Corp. Rights,0.101,1,5,0,6,0,0,2,14,-10.0,4.0,Broken,Avoid/exit,13,0.6,-22.9,-24.3,42.0,0,,nan,nan,0.0
TLKMF,Telkom Indonesia (Persero) Tbk PT,0.15,0,2,6,4,0,2,2,16,-8.0,4.0,Broken,Avoid/exit,14,-6.2,-11.8,-10.1,26.1,0,,Communication Services,14804929536.0,0.0
CTXDF,Cantex Mine Development Corp,0.181,3,3,4,3,2,6,2,23,-15.0,4.0,Broken,Avoid/exit,41,-0.3,-9.5,-8.3,28.6,1,,Basic Materials,50037068.0,19111.43
CYDVF,Cypress Development Corp,0.195,0,7,3,5,0,2,2,19,-15.0,4.0,Broken,Avoid/exit,9,-2.5,-11.4,-10.9,34.6,1,,Basic Materials,36105700.0,200863.99
CDBMF,Cordoba Minerals Corp,0.185,3,3,3,4,0,4,2,19,-15.0,4.0,Broken,Avoid/exit,6,-15.9,-16.2,-28.3,24.1,1,,Basic Materials,18729330.0,0.0
SCCFF,Strategic Resources Inc,0.202,3,1,1,6,4,2,2,19,-15.0,4.0,Broken,Avoid/exit,20,0.0,-11.9,-6.1,30.3,1,,Basic Materials,11953169.0,699.96
GRMLW,Greenland Mines Ltd,0.23,2,11,1,0,8,0,2,24,-18.0,4.0,Broken,Avoid/exit,0,-16.4,-29.8,-4.8,48.5,0,,nan,nan,0.0
RDFEF,Brookside Energy Ltd,0.3,0,4,8,0,0,0,2,14,-10.0,4.0,Broken,Avoid/exit,18,-11.8,-9.1,-11.2,18.7,0,,Energy,31643702.0,3019.5
ITOC,iTonic Holdings Ltd.,0.313,4,3,1,4,2,0,5,19,-15.0,4.0,Broken,Avoid/exit,0,-22.7,4.3,-8.1,46.8,1,,Healthcare,7736734.0,0.0
ALDFW,Aldel Financial II Inc. Warrants,0.3,3,3,2,0,2,0,2,12,-8.0,4.0,Broken,Avoid/exit,17,-11.7,-11.7,-7.8,41.8,0,,nan,nan,13949.19
NCAUF,Newcore Gold Ltd,0.371,6,7,5,3,2,2,2,27,-23.0,4.0,Broken,Avoid/exit,18,5.9,-6.6,-2.6,44.7,1,,Basic Materials,115885000.0,107467.77
EMPPF,EMP Metals Corp,0.388,2,3,6,0,0,2,3,16,-15.0,4.0,Broken,Avoid/exit,31,-7.6,-12.2,-5.5,42.9,1,,Basic Materials,48303084.0,3010.5
UNFYF,Edge Total Intelligence Inc.,0.37,2,6,7,0,0,2,2,19,-15.0,4.0,Broken,Avoid/exit,16,-7.0,-9.7,-11.2,35.4,1,,Technology,23361864.0,45504.78
HOWL,Werewolf Therapeutics Inc,0.351,3,7,3,0,2,2,2,19,-15.0,4.0,Broken,Avoid/exit,9,-10.8,-18.3,-16.8,31.0,1,,Healthcare,17072062.0,665991.98
DXYN,The Dixie Group Inc,0.352,7,7,0,3,5,0,2,24,-18.0,4.0,Broken,Avoid/exit,28,-9.2,-16.2,-9.5,44.3,1,,Consumer Cyclical,6151901.0,16437.62
ALBHF,Alibaba Health Information Technology Limited,0.421,0,9,2,0,4,0,2,17,-13.0,4.0,Broken,Avoid/exit,6,-6.4,-8.5,-9.4,32.9,0,,Healthcare,6465993216.0,1314.0
XPON,Expion360 Inc,0.452,6,5,7,3,0,4,2,27,-23.0,4.0,Broken,Avoid/exit,13,-11.9,-14.1,-11.6,36.1,1,,Industrials,5770621.0,1049461.38
MDCXW,Medicus Pharma Ltd. Warrant,0.48,0,2,3,6,4,2,2,19,-13.0,4.0,Broken,Avoid/exit,16,-29.4,-29.4,-24.2,31.6,0,,nan,nan,1760.61
ARGGY,Aston Martin Lagonda Global Holdings plc,0.545,2,3,2,5,3,2,2,19,-15.0,4.0,Broken,Avoid/exit,22,-4.7,-4.4,-5.6,40.2,1,,Consumer Cyclical,551916672.0,63583.37
INJJF,Intrum AB (publ),0.515,1,4,0,6,3,3,2,19,-15.0,4.0,Broken,Avoid/exit,12,0.0,-89.9,-76.6,0.0,1,,Financial Services,347100320.0,5.82
BEWFF,BeWhere Holdings Inc,0.545,1,1,3,5,0,2,2,14,-10.0,4.0,Broken,Avoid/exit,18,-2.6,-8.2,-4.8,31.2,0,,Technology,53603892.0,22431.49
VVOS,Vivos Therapeutics Inc,0.5,3,5,0,3,2,4,2,19,-15.0,4.0,Broken,Avoid/exit,15,-18.6,-27.8,-21.8,33.5,1,,Healthcare,6947300.0,592369.65
MITQ,Moving iMage Technologies Inc,0.54,4,2,7,0,0,4,2,19,-15.0,4.0,Broken,Avoid/exit,23,-13.0,-10.4,-10.2,32.2,1,,Technology,5363208.0,178066.06
TSIOF,361 Degrees International Limited,0.551,0,2,8,4,0,0,2,16,-8.0,4.0,Broken,Avoid/exit,10,-9.0,-9.0,-9.8,33.1,0,,Consumer Cyclical,1194609664.0,0.0
ALIT,Alight Inc,0.569,0,6,0,2,2,0,2,12,-8.0,4.0,Broken,Avoid/exit,17,-16.8,-23.2,-20.6,35.6,1,,Technology,311547872.0,20794232.65
DEFT,DeFi Technologies Inc.,0.559,6,9,3,0,0,2,2,22,-18.0,4.0,Broken,Avoid/exit,33,3.4,-2.9,-6.9,41.5,0,,Financial Services,216612368.0,7162841.86
PRZO,ParaZero Technologies Ltd. Ordinary Shares,0.58,3,7,1,3,2,2,5,23,-19.0,4.0,Broken,Avoid/exit,22,-5.5,-20.4,-7.3,44.9,1,,Industrials,15041165.0,1686076.27
RMSG,Real Messenger Corporation Ordinary Shares,0.59,3,7,0,3,2,2,2,19,-15.0,4.0,Broken,Avoid/exit,24,-6.5,-46.4,-31.1,40.8,1,,Technology,8407820.0,5991182.13
HRZRF,HRZRF,0.56,1,7,1,0,3,0,2,14,-10.0,4.0,Broken,Avoid/exit,5,-15.2,-16.8,-18.4,26.7,0,,nan,nan,16693.27
RTACW,Renatus Tactical Acquisition Corp I Warrant,0.65,2,1,1,5,3,0,2,14,-10.0,4.0,Broken,Avoid/exit,29,-12.8,-15.6,-12.9,39.7,0,,nan,nan,66045.55
CAMVF,Cambria Gold Mines Inc.,0.74,3,6,5,3,2,4,3,26,-22.0,4.0,Broken,Avoid/exit,28,-3.9,-19.6,-9.8,40.6,1,,Basic Materials,276072928.0,73909.76
INTZ,Intrusion Inc,0.702,5,6,5,5,0,5,2,28,-24.0,4.0,Broken,Avoid/exit,19,-4.0,-11.5,-8.8,43.3,1,,Technology,14303158.0,160868.0
ICG,Intchains Group Limited American Depositary Shares,0.75,3,11,1,4,4,2,2,27,-23.0,4.0,Broken,Avoid/exit,22,5.6,-14.7,-10.9,36.8,2,,Technology,45533944.0,240360.94
ZYBT,Zhengye Biotechnology Holding Limited Ordinary Shares,0.75,0,3,9,3,2,0,2,19,-15.0,4.0,Broken,Avoid/exit,20,-16.7,-9.6,-11.2,37.1,1,,Healthcare,35543532.0,235776.55
BSWGF,Black Swan Graphene Inc.,0.807,4,8,3,4,0,6,2,27,-23.0,4.0,Broken,Avoid/exit,26,0.1,-4.5,-4.1,45.7,2,,Basic Materials,45050980.0,28882.39
RDHL,Redhill Biopharma Ltd,0.814,1,5,0,1,5,0,2,14,-10.0,4.0,Broken,Avoid/exit,23,-11.6,-18.6,-9.7,39.3,0,,Healthcare,4224647.0,797817.29
RCKHF,Rockhopper Exploration plc,0.933,1,4,2,3,0,3,3,16,-15.0,4.0,Broken,Avoid/exit,25,-0.7,-3.8,-5.4,40.0,1,,Energy,799043776.0,13367.6
KRNGF,Karoon Energy Ltd,1.0,0,5,2,3,2,0,2,14,-10.0,4.0,Broken,Avoid/exit,21,-32.0,-31.0,-25.1,17.3,0,,Energy,710437248.0,0.0
CGC,Canopy Growth Corp,0.967,1,7,5,0,4,0,2,19,-13.0,4.0,Broken,Avoid/exit,27,-4.2,-7.0,-4.9,38.2,1,,Healthcare,433708288.0,18963608.71
MIRA,"MIRA Pharmaceuticals, Inc. Common Stock",0.952,3,5,3,1,0,2,3,17,-13.0,4.0,Broken,Avoid/exit,20,-0.8,-10.2,-3.5,43.6,1,,Healthcare,40021836.0,1117687.18
MBAK,MBAK Energy Solutions Inc.,0.003,6,7,2,6,2,6,2,31,-28,3,Broken,Avoid/exit,26,11.1,30.4,5.1,50.2,4,,Consumer Cyclical,9172362.0,4135815.5
CREQF,China Rare Earth Holdings Limited,0.001,3,4,0,3,3,3,2,18,-15.0,3.0,Broken,Avoid/exit,14,0.0,0.0,-95.9,25.4,1,,Basic Materials,3069495.0,6265.03
PLGNF,Playgon Games Inc,0.004,1,2,2,5,3,2,3,18,-15.0,3.0,Broken,Avoid/exit,21,0.0,-33.3,-15.7,34.6,1,,Technology,2205136.0,14142.0
NSBBF,NSBBF,0.007,1,6,2,2,3,2,4,20,-13.0,3.0,Broken,Avoid/exit,21,0.0,-33.0,-12.8,37.1,2,,Consumer Cyclical,1468029.0,22089.21
LIVG,"Livento Group, Inc.",0.01,2,8,2,0,2,0,2,16,-13.0,3.0,Broken,Avoid/exit,13,-66.7,-94.7,-92.4,38.1,1,,Technology,1292840.0,5026.86
CRTG,Coretec Group Inc,0.001,3,2,7,4,0,0,2,18,-15.0,3.0,Broken,Avoid/exit,21,-26.7,-26.7,-39.9,35.7,1,,Technology,1107432.0,13198.5
RJKAF,RJK Explorations Ltd,0.006,1,2,1,4,3,0,2,13,-10.0,3.0,Broken,Avoid/exit,15,-60.6,-86.2,-52.8,39.3,0,,Basic Materials,736535.0,16438.94
MONGF,Montego Resources Inc,0.008,3,4,0,3,3,3,2,18,-15.0,3.0,Broken,Avoid/exit,7,0.0,0.0,-55.1,0.0,1,,Basic Materials,290834.0,2.5
CLOW,Cloudweb Inc,0.008,1,3,2,0,3,2,2,13,-10.0,3.0,Broken,Avoid/exit,6,-27.3,-55.6,-38.1,30.8,0,,Financial Services,222555.0,0.0
SBSAA,Spanish Broadcasting System Inc,0.005,3,3,3,2,3,2,2,18,-15.0,3.0,Broken,Avoid/exit,18,2.0,-81.1,-65.2,27.6,2,,Communication Services,43675.0,28296.59
GAWK,Gawk Inc,0.01,1,3,1,5,3,3,2,18,-15.0,3.0,Broken,Avoid/exit,31,0.0,0.0,-40.6,27.9,1,,Technology,27627.0,1237.19
CREVF,Carbon Revolution Limited,0.01,9,4,8,4,3,0,5,33,-30.0,3.0,Broken,Avoid/exit,21,0.0,9900.0,6.7,29.5,3,,Consumer Cyclical,19278.0,228171.55
CVSI,CV Sciences Inc,0.02,1,8,2,1,4,0,2,18,-15.0,3.0,Broken,Avoid/exit,11,-33.3,-33.3,-22.9,31.0,1,,Healthcare,4079550.0,755597.32
CVHL,Cv Holdings Inc,0.013,1,2,8,1,2,4,2,20,-13.0,3.0,Broken,Avoid/exit,45,-13.0,-10.7,-13.3,28.9,1,,Financial Services,863145.0,21635.58
TESI,Tangram Enterprise Solutions Inc,0.011,6,3,4,5,0,1,3,22,-15.0,3.0,Broken,Avoid/exit,15,0.0,0.0,-0.8,0.5,1,,Industrials,453726.0,2008.84
CDIOW,Cardio Diagnostics Holdings Inc,0.018,1,6,1,3,3,0,2,16,-11.0,3.0,Broken,Avoid/exit,19,-27.0,-27.0,-16.1,44.9,1,,nan,nan,44234.99
ONFOW,Onfolio Holdings Inc. Warrant,0.02,1,3,0,2,2,0,2,10,-10.0,3.0,Broken,Avoid/exit,15,-20.7,-70.7,-54.7,35.7,0,,nan,nan,23372.47
GIBOW,GIBO Holdings Limited,0.02,0,1,2,2,0,4,2,11,-8.0,3.0,Broken,Avoid/exit,16,-30.7,-30.7,-28.6,1.4,0,,nan,nan,9390.83
GENFF,Genflow Biosciences plc,0.021,2,4,0,3,2,0,2,13,-10.0,3.0,Broken,Avoid/exit,15,-46.8,-49.9,-34.8,35.5,0,,Healthcare,12121170.0,19119.32
CVGRF,City View Green Holdings Inc,0.023,4,5,7,3,3,4,2,28,-25.0,3.0,Broken,Avoid/exit,23,-4.9,-5.7,-3.7,42.9,1,,Healthcare,1498821.0,95168.18
NDMCF,New Destiny Mining Corp,0.03,1,3,0,5,3,4,2,18,-15.0,3.0,Broken,Avoid/exit,42,0.0,-85.0,-54.2,36.7,1,,Basic Materials,680430.0,568.83
ATBHF,Aston Bay Holdings Ltd,0.035,1,3,4,0,3,4,2,17,-10.0,3.0,Broken,Avoid/exit,17,-2.0,-8.9,-8.9,23.5,0,,Basic Materials,8853237.0,29278.46
CYMHF,Cymat Technologies Ltd,0.038,1,6,3,0,3,3,2,18,-15.0,3.0,Broken,Avoid/exit,18,0.0,5.0,-8.9,17.9,1,,Industrials,4434710.0,16388.96
NWXPF,Newport Exploration Ltd,0.035,0,2,3,3,3,0,2,13,-10.0,3.0,Broken,Avoid/exit,17,-30.0,-65.0,-52.6,42.1,0,,Basic Materials,3695295.0,0.0
EVHO,"Evercore Holdings, Inc.",0.04,9,8,1,7,2,0,3,30,-23.0,3.0,Broken,Avoid/exit,32,-50.1,11.5,-9.9,48.1,3,,Consumer Defensive,142703.0,20829.72
LUCYW,Innovative Eyewear Inc,0.038,0,2,3,2,2,2,2,13,-10.0,3.0,Broken,Avoid/exit,17,-1.5,-28.9,-17.4,38.7,0,,nan,nan,8062.05
SXTPW,"60 Degrees Pharmaceuticals, Inc. Warrant",0.036,0,2,7,1,0,1,2,13,-10.0,3.0,Broken,Avoid/exit,25,-6.3,-6.3,-5.5,38.3,0,,Healthcare,nan,7831.61
CFCI,CIPHER-CORE Inc.,0.05,8,7,3,6,0,2,2,28,-25.0,3.0,Broken,Avoid/exit,24,13.1,13.1,-1.7,38.8,3,,Technology,15850450.0,381.48
WTER,Alkaline Water Company Inc,0.045,3,6,9,4,0,2,2,26,-23.0,3.0,Broken,Avoid/exit,27,-23.7,-10.0,-13.4,43.2,1,,Consumer Defensive,1601115.0,104281.77
LGNZZ,Ligand Pharmaceuticals Inc Tr Beta Contingent Value Rt,0.06,1,2,2,1,3,2,2,13,-10.0,3.0,Broken,Avoid/exit,17,0.0,-20.0,-12.0,39.9,0,,nan,10898781.0,0.0
CPIFF,Carlton Precious Inc,0.059,0,1,4,6,0,0,2,13,-10.0,3.0,Broken,Avoid/exit,5,-20.2,-20.9,-20.4,26.7,0,,Basic Materials,5159712.0,26387.75
ERNAW,Ernexa Therapeutics Inc. Warrants,0.058,1,3,2,3,0,2,2,13,-10.0,3.0,Broken,Avoid/exit,0,-51.6,-47.7,-47.2,37.7,0,,nan,nan,0.0
TEKCF,Tekcapital plc,0.066,3,3,2,2,3,3,2,18,-15.0,3.0,Broken,Avoid/exit,11,0.0,-18.6,-16.1,0.0,1,,Financial Services,17025220.0,862.12
NKLXF,Nickelex Resource Corporation,0.07,1,4,3,0,3,5,2,18,-15.0,3.0,Broken,Avoid/exit,28,0.0,0.0,-7.9,31.2,1,,Basic Materials,1232466.0,3478.08
ASPCR,A SPAC III Acquisition Corp. Right,0.09,5,2,0,0,2,2,2,13,-10.0,3.0,Broken,Avoid/exit,9,-10.0,-39.5,-31.1,39.3,0,,nan,nan,0.0
RTLGF,St. Augustine Gold and Copper Limited,0.11,1,3,4,0,3,0,2,13,-10.0,3.0,Broken,Avoid/exit,14,0.0,-20.0,-19.4,19.8,0,,Basic Materials,178859872.0,7415.6
RDEXF,Red Pine Exploration Inc,0.113,4,5,2,5,0,2,2,20,-17.0,3.0,Broken,Avoid/exit,29,12.2,-10.9,-6.6,42.3,2,,Basic Materials,42297220.0,172388.54
NRIS,Norris Industries Inc,0.131,3,4,0,2,3,4,2,18,-15.0,3.0,Broken,Avoid/exit,43,-45.4,-45.4,-23.2,34.4,1,,Energy,14191010.0,987.7
REDRF,REDRF,0.118,3,9,4,4,0,2,2,24,-21.0,3.0,Broken,Avoid/exit,30,6.1,-1.6,-1.1,46.0,2,,Basic Materials,9156663.0,9011.37
LIMN,"Liminatus Pharma, Inc. Class A Common Stock",0.119,1,9,2,0,2,2,2,18,-13.0,3.0,Broken,Avoid/exit,19,-12.4,-21.1,-18.8,36.2,1,,Healthcare,5349413.0,6079746.11
ACPS,AC Partners Inc,0.102,0,1,0,5,3,2,2,13,-10.0,3.0,Broken,Avoid/exit,11,-65.8,-65.8,-57.9,1.7,0,,Industrials,3777257.0,98.13
AUNM,Auction Mills Inc,0.11,0,1,0,3,3,4,2,13,-10.0,3.0,Broken,Avoid/exit,20,-54.7,-54.7,-44.7,0.1,0,,Financial Services,286891.0,17.16
LCGMF,Lion Copper and Gold Corp,0.192,3,7,1,4,4,0,2,21,-18.0,3.0,Broken,Avoid/exit,33,-8.3,-19.8,-10.8,39.0,0,,Basic Materials,81916160.0,161873.29
BNET,Bion Environmental Technologies Inc,0.19,6,10,5,2,4,2,2,31,-26,3,Broken,Avoid/exit,31,18.8,11.8,1.3,48.9,4,,Industrials,10908339.0,23322.2
WTHVF,Westhaven Gold Corp,0.205,5,4,2,3,3,2,4,23,-20.0,3.0,Broken,Avoid/exit,58,2.8,-8.5,-3.1,47.5,1,,Basic Materials,55931544.0,129607.95
FRGGF,Forge Resources Corp.,0.233,6,6,0,0,0,2,2,16,-13.0,3.0,Broken,Avoid/exit,10,3.8,-14.2,-9.5,40.9,1,,Basic Materials,26692600.0,5120.73
FARYF,FAR Limited,0.238,1,3,0,5,3,4,2,18,-15.0,3.0,Broken,Avoid/exit,16,-8.8,-8.8,-19.3,13.3,1,,Energy,21993496.0,475.0
HCWC,Healthy Choice Wellness Corp.,0.245,2,5,2,3,4,0,2,18,-13.0,3.0,Broken,Avoid/exit,27,-9.6,-18.4,-10.3,38.0,1,,Consumer Defensive,6512024.0,1396898.29
TMCWW,TMC the metals company Inc Warrants,0.247,2,4,4,0,2,4,2,18,-13.0,3.0,Broken,Avoid/exit,13,-3.2,-27.8,-13.7,41.8,1,,nan,nan,251801.8
PATRF,PATRF,0.22,0,2,2,5,0,2,2,13,-10.0,3.0,Broken,Avoid/exit,13,-8.3,-22.1,-12.9,31.4,0,,nan,nan,0.0
FHYDF,First Hydrogen Corp,0.287,1,6,2,0,5,0,2,16,-13.0,3.0,Broken,Avoid/exit,31,-3.7,-16.1,-8.5,36.7,1,,Consumer Cyclical,23345812.0,6311.64
MRNO,Murano Global Investments PLC Ordinary Shares,0.285,0,5,6,3,2,0,2,18,-15.0,3.0,Broken,Avoid/exit,21,-12.3,-26.0,-14.5,42.8,1,,Real Estate,22719866.0,3340481.8
FABTQ,FAT Brands Inc.,0.265,3,7,3,0,3,0,2,18,-15.0,3.0,Broken,Avoid/exit,14,-24.5,-27.2,-35.6,25.6,1,,Consumer Cyclical,4753920.0,439974.0
HUMDF,Hua Medicine (Shanghai) Ltd,0.34,1,1,0,6,3,0,2,13,-10.0,3.0,Broken,Avoid/exit,16,0.0,-21.3,-13.1,1.5,0,,Healthcare,338916320.0,361.17
KNTPF,Kintor Pharmaceutical Limited,0.342,15,5,4,2,3,2,2,33,-30,3,Broken,Avoid/exit,44,22.1,27.4,9.8,63.6,3,,Healthcare,160365152.0,210.54
TGLO,theglobe.com Inc,0.32,5,4,1,3,4,2,2,21,-18.0,3.0,Broken,Avoid/exit,32,10.3,-27.3,-7.5,47.0,0,,Financial Services,145688560.0,47932.9
PTALF,PetroTal Corp,0.35,0,6,1,0,2,4,2,15,-10.0,3.0,Broken,Avoid/exit,26,-16.7,-14.6,-11.7,35.5,0,,Energy,322114880.0,384208.5
AIM,AIM ImmunoTech Inc,0.38,4,3,1,5,0,0,5,18,-15.0,3.0,Broken,Avoid/exit,22,-17.4,-35.8,-15.5,44.8,1,,Healthcare,10239347.0,9996096.4
ASXSF,Elysee Development Corp,0.43,0,1,5,3,2,0,2,13,-10.0,3.0,Broken,Avoid/exit,40,-6.5,-8.5,-7.2,37.9,0,,Financial Services,12993556.0,0.0
YMT,Yimutian Inc. American Depositary Shares,0.45,3,6,0,3,2,0,2,16,-13.0,3.0,Broken,Avoid/exit,33,-31.3,-53.3,-36.5,39.6,1,,Technology,3430549.0,225067.95
MDEVF,Melco International Development Limited,0.469,1,7,0,0,3,0,2,13,-8.0,3.0,Broken,Avoid/exit,15,-17.9,-19.8,-14.7,39.6,1,,Consumer Cyclical,1069208896.0,4963.37
BCBNF,Base Carbon Inc,0.507,1,7,2,2,2,2,2,18,-15.0,3.0,Broken,Avoid/exit,9,0.6,-9.4,-5.6,41.7,1,,Financial Services,52101792.0,88299.83
NYWKF,NTG Clarity Networks Inc,0.529,5,5,6,0,0,3,2,21,-18.0,3.0,Broken,Avoid/exit,13,-0.2,-2.1,-5.7,33.4,0,,Technology,25390784.0,16960.67
VXRT,Vaxart Inc,0.55,2,4,3,0,0,2,2,13,-10.0,3.0,Broken,Avoid/exit,30,-3.5,-11.3,-8.7,36.2,0,,Healthcare,137965552.0,596847.5
EMPYF,Empress Royalty Corp,0.565,4,5,4,0,0,2,2,17,-14.0,3.0,Broken,Avoid/exit,16,-2.6,-3.0,-5.9,39.8,0,,Basic Materials,72519376.0,420213.31
ECAOF,Eco (Atlantic) Oil & Gas Ltd,0.63,3,5,1,6,0,2,2,19,-16.0,3.0,Broken,Avoid/exit,37,-8.7,-19.2,-11.9,35.5,0,,Energy,227310864.0,38278.66
CYPH,Cypherpunk Technologies Inc.,0.739,1,4,2,3,0,6,2,18,-15.0,3.0,Broken,Avoid/exit,29,9.0,-24.6,-13.6,43.1,1,,Financial Services,78698544.0,10630620.21
GNMLF,Genomma Lab Internacional S.A.B. de C.V,0.84,0,1,2,5,3,0,2,13,-10.0,3.0,Broken,Avoid/exit,0,-22.2,-22.2,-16.0,3.8,0,,Healthcare,821312192.0,0.0
THNCF,Thinkific Labs Inc,0.822,3,3,2,0,3,2,2,15,-15.0,3.0,Broken,Avoid/exit,5,0.0,-4.3,-6.4,33.9,1,,Technology,55396480.0,2011.76
MMTLF,Madison Metals Inc.,0.867,4,3,1,3,3,2,2,18,-15.0,3.0,Broken,Avoid/exit,56,-5.3,-20.5,-10.9,35.5,1,,Energy,55236896.0,7989.66
PANHF,Ping An Healthcare and Technology Company Limited,0.9,0,1,0,5,3,2,2,13,-10.0,3.0,Broken,Avoid/exit,6,-33.0,-33.0,-29.1,1.4,0,,Healthcare,4253251840.0,68.56
CCTG,CCSC Technology International Holdings Limited Ordinary Shares,0.942,11,4,2,6,0,3,5,31,-28,3,Broken,Avoid/exit,48,-0.0,92.2,12.1,53.1,3,,Industrials,3684948.0,1894272.98
MLXEF,Metals X Limited,0.99,7,4,0,6,3,0,2,22,-19.0,3.0,Broken,Avoid/exit,44,-1.5,-16.3,-6.4,42.0,0,,Basic Materials,920232384.0,76191.58
DTJXX,Dreyfus Treasury Securities Cash Management,1.0,2,4,0,5,0,0,2,13,-10.0,3.0,Broken,Avoid/exit,10,0.0,0.0,-58.4,39.4,0,,nan,nan,0.0
GES,Guess? Inc.,0.006,3,4,3,0,0,0,2,12,-10.0,2.0,Broken,Avoid/exit,12,-14.3,-25.0,-98.4,1.3,0,,Consumer Cyclical,876670656.0,639085.84
BXRDF,Australian Silica Quartz Group Ltd,0.009,1,2,2,0,3,2,2,12,-10.0,2.0,Broken,Avoid/exit,10,0.0,-41.3,-21.2,26.0,0,,Basic Materials,2768571.0,1881.0
NBCO,Neon Bloom Inc,0.006,4,3,3,0,0,2,2,14,-15.0,2.0,Broken,Avoid/exit,20,0.0,-9.1,-5.5,35.3,1,,Healthcare,1273564.0,11653.2
WLRMF,Aloro Mining Corp,0.005,3,3,2,2,3,2,2,17,-15.0,2.0,Broken,Avoid/exit,10,-15.3,-15.3,-37.5,0.1,1,,Basic Materials,1154585.0,1109.5
WPUR,WaterPure International Inc,0.003,3,7,3,0,3,2,2,20,-18.0,2.0,Broken,Avoid/exit,50,19.2,0.0,-4.5,46.5,2,,Industrials,1066336.0,182563.11
CSOL,China Solar & Cln En,0.001,4,3,0,3,3,2,2,17,-15.0,2.0,Broken,Avoid/exit,23,0.0,-95.2,-88.3,31.2,1,,Financial Services,90281.0,7638.97
DHAI,"DIH Holdings US, Inc. Class A Common Stock",0.002,6,6,2,8,3,2,2,29,-27,2,Broken,Avoid/exit,35,275.0,275.0,-72.3,28.4,4,3,Healthcare,3138.0,96686.07
NWLXF,Newlox Gold Ventures Corp,0.014,0,2,4,4,2,0,5,17,-15.0,2.0,Broken,Avoid/exit,25,-53.7,-53.7,-40.3,28.1,1,,Industrials,3062569.0,24504.4
PRENW,Prenetics Holding Company Limited,0.016,0,2,6,6,1,2,2,19,-15.0,2.0,Broken,Avoid/exit,22,-17.9,-17.9,-15.9,31.6,2,,nan,nan,31575.66
SRSSF,SRSSF,0.025,1,1,0,6,0,2,2,12,-10.0,2.0,Broken,Avoid/exit,9,0.0,-71.3,-50.2,0.0,0,,Basic Materials,13289659.0,827.5
GHST,GHST World Inc,0.028,0,1,6,5,0,0,2,14,-8.0,2.0,Broken,Avoid/exit,14,-22.2,-22.2,-21.1,36.4,0,,Consumer Cyclical,3645633.0,1739.88
ANSNF,Anson Resources Limited,0.037,0,3,2,3,2,2,2,14,-8.0,2.0,Broken,Avoid/exit,31,0.0,-17.8,-8.5,44.5,0,,Basic Materials,59922364.0,48508.44
VENZF,Venzee Technologies Inc,0.035,1,7,0,4,3,0,2,17,-15.0,2.0,Broken,Avoid/exit,12,0.0,-44.8,-35.6,30.7,1,,Technology,4211469.0,657.73
CBUTF,Clear Blue Technologies International Inc,0.032,4,5,1,1,3,2,5,21,-19,2,Broken,Avoid/exit,23,55.0,-36.2,-6.8,46.9,1,9,Technology,2549060.0,14160.33
VSEEW,"VSee Health, Inc.",0.035,0,5,2,5,0,0,2,14,-10.0,2.0,Broken,Avoid/exit,19,-39.4,-39.4,-32.4,11.7,1,,nan,nan,33325.06
BCBC,Bitcoin Bancorp,0.047,6,6,4,4,0,2,2,24,-20,2,Broken,Avoid/exit,28,51.8,25.5,1.5,49.7,3,10,Technology,21740618.0,58299.71
GENRF,GENRF,0.05,1,6,2,6,6,2,2,25,-23.0,2.0,Broken,Avoid/exit,28,0.0,-31.4,-7.6,44.1,1,,Basic Materials,2830787.0,35220.17
KGSSF,Kingman Minerals Ltd,0.043,3,5,2,0,3,2,2,17,-15.0,2.0,Broken,Avoid/exit,12,0.0,-9.3,-23.4,23.9,1,,Basic Materials,1882932.0,22728.72
CETI,NexGen Holdings Corp,0.058,0,4,5,11,0,0,2,22,-20.0,2.0,Broken,Avoid/exit,30,-23.5,-10.6,-19.0,43.5,1,,Utilities,9026465.0,425559.48
NXTDF,NXTDF,0.06,0,5,8,2,0,0,2,17,-15.0,2.0,Broken,Avoid/exit,18,-28.7,-25.8,-20.8,42.4,1,,Technology,2213512.0,81691.6
BQHG,BQHG,0.06,1,1,0,3,3,2,2,12,-10.0,2.0,Broken,Avoid/exit,10,0.0,-77.8,-61.0,15.3,0,,Financial Services,401026.0,232.06
VVCHF,Viva China Holdings Limited,0.07,0,1,0,5,4,0,2,12,-10.0,2.0,Broken,Avoid/exit,11,-22.2,-22.2,-16.1,0.0,0,,Consumer Cyclical,697100288.0,180.0
NBLXF,NBLXF,0.071,6,5,4,1,3,4,2,25,-23.0,2.0,Broken,Avoid/exit,34,-11.3,-10.6,-6.4,45.9,1,,Energy,5527899.0,63513.51
SDURF,Stroud Resources Ltd,0.075,1,1,3,4,3,3,2,17,-15.0,2.0,Broken,Avoid/exit,24,0.0,-6.2,-3.3,5.2,1,,Energy,4771740.0,0.0
PNYG,Pony Group Inc.,0.078,3,2,5,0,3,2,2,17,-15.0,2.0,Broken,Avoid/exit,10,0.0,-9.5,-11.7,8.0,1,,Industrials,897000.0,2662.55
AGLDF,Austral Gold Limited,0.1,0,3,7,0,0,0,2,12,-10.0,2.0,Broken,Avoid/exit,27,-26.6,-25.3,-23.1,36.0,0,,Basic Materials,83512960.0,64762.95
LUCRF,Lucara Diamond Corp,0.107,1,4,2,1,0,2,2,12,-10.0,2.0,Broken,Avoid/exit,8,-2.8,-17.8,-14.3,22.9,0,,Basic Materials,164011888.0,31403.99
ENDMF,Enduro Metals Corporation,0.109,3,6,3,1,0,2,2,17,-15.0,2.0,Broken,Avoid/exit,19,5.6,-5.1,-3.4,45.0,2,,Basic Materials,13175258.0,31575.49
SLRRF,Silver Range Resources Ltd,0.1,1,1,6,6,0,0,3,17,-15.0,2.0,Broken,Avoid/exit,29,-9.1,-9.1,-8.9,36.9,1,,Basic Materials,9905513.0,15245.87
MQMIF,MetalQuest Mining Inc.,0.146,1,2,3,0,0,4,2,12,-10.0,2.0,Broken,Avoid/exit,20,-4.9,-15.9,-12.6,19.6,0,,Basic Materials,7142250.0,7422.5
TSDRF,Tsodilo Resources Limited,0.1,4,4,7,0,0,0,2,17,-15.0,2.0,Broken,Avoid/exit,13,-9.1,-16.7,-8.2,36.1,1,,Basic Materials,6667896.0,6857.55
KFIIR,K&F Growth Acquisition Corp. II Rights,0.11,2,13,1,3,2,0,2,23,-21.0,2.0,Broken,Avoid/exit,5,-14.0,5.7,-14.5,41.7,0,,nan,nan,0.0
APPCF,APAC Resources Limited,0.189,0,1,0,6,3,0,2,12,-10.0,2.0,Broken,Avoid/exit,0,-40.0,-40.0,-36.6,0.2,0,,Financial Services,281678336.0,0.0
AFGYF,AFC Energy plc,0.185,4,8,0,6,8,2,2,30,-28.0,2.0,Broken,Avoid/exit,61,-4.6,14.2,-1.4,48.7,3,,Industrials,210259760.0,2136.0
LVGLF,Lake Victoria Gold Ltd,0.197,10,6,7,0,0,0,2,25,-23.0,2.0,Broken,Avoid/exit,43,-5.1,-2.0,-5.0,42.8,1,,Basic Materials,39376400.0,242898.63
AVAI,Avant Technologies Inc.,0.16,3,7,1,0,2,2,2,17,-15.0,2.0,Broken,Avoid/exit,14,5.3,-15.8,-16.3,34.7,1,,Technology,22120360.0,115315.48
RVSDF,Riverside Resources Inc,0.191,6,4,1,3,3,6,2,25,-23.0,2.0,Broken,Avoid/exit,52,-4.6,-9.2,-3.7,47.4,2,,nan,14350282.0,64346.67
ADHI,Arsenal Digital Holdings Inc.,0.15,1,5,1,5,3,0,2,17,-15.0,2.0,Broken,Avoid/exit,10,-21.1,-37.5,-29.7,28.1,1,,Utilities,3851975.0,2892.93
GXPLF,GXPLF,0.19,3,4,5,0,0,0,2,14,-8.0,2.0,Broken,Avoid/exit,14,-7.0,-9.8,-7.6,34.9,0,,nan,nan,4610.23
GRLMF,GRLMF,0.208,4,7,1,1,0,2,2,17,-15.0,2.0,Broken,Avoid/exit,19,-4.4,-20.2,-12.9,40.5,1,,Basic Materials,20619596.0,29456.04
KWM,K Wave Media Ltd.,0.206,3,7,4,3,2,0,2,21,-19.0,2.0,Broken,Avoid/exit,20,-9.4,-11.0,-13.5,36.2,1,,Communication Services,14140363.0,721211.03
HVWRF,Hi-View Resources Inc,0.23,3,1,2,4,3,2,2,17,-15.0,2.0,Broken,Avoid/exit,35,-4.2,-8.0,-4.7,1.9,1,,Basic Materials,7688727.0,417.51
FFAI,Faraday Future Intelligent Electric Inc.,0.291,2,5,4,4,4,0,2,21,-19.0,2.0,Broken,Avoid/exit,31,-8.9,-12.7,-10.2,42.6,1,,Consumer Cyclical,88344936.0,18358282.64
GRML,Greenland Mines Ltd,0.29,5,3,5,3,0,2,2,20,-18.0,2.0,Broken,Avoid/exit,0,-4.9,-13.4,-12.0,37.8,0,,Basic Materials,35159208.0,0.0
PNTRF,Pantera Silver Corp.,0.323,0,3,5,5,0,2,2,17,-15.0,2.0,Broken,Avoid/exit,19,-6.2,-23.8,-17.9,41.1,1,,Basic Materials,21563198.0,51370.37
POAS,Phaos Technology Holdings (Cayman) Limited,0.322,1,9,1,0,2,4,2,19,-17.0,2.0,Broken,Avoid/exit,18,10.1,-10.9,-59.7,22.1,2,,Healthcare,5287630.0,0.0
CCG,Cheche Group Inc. Class A Ordinary Shares,0.396,1,7,0,3,2,0,2,15,-13.0,2.0,Broken,Avoid/exit,9,-19.0,-26.0,-20.2,31.3,1,,Communication Services,32876538.0,171297.06
TRRPF,Torrent Capital Ltd,0.359,1,3,1,1,3,1,2,12,-10.0,2.0,Broken,Avoid/exit,10,-1.6,-2.9,-2.2,12.7,0,,Financial Services,13718154.0,314.0
SNGX,Soligenix Inc.,0.4,1,3,2,3,2,2,4,17,-15.0,2.0,Broken,Avoid/exit,20,-7.1,-16.8,-19.2,39.9,1,,Healthcare,5922257.0,2801506.17
TGASF,Towngas China Company Limited,0.429,1,1,0,5,3,0,2,12,-10.0,2.0,Broken,Avoid/exit,13,-15.7,-15.7,-10.2,0.0,0,,Utilities,1471601024.0,0.0
DNRSF,Denarius Silver Corp,0.444,6,6,3,0,2,2,2,21,-19.0,2.0,Broken,Avoid/exit,31,10.5,-10.0,-8.9,38.1,2,,Basic Materials,94095000.0,403439.75
CHOW,ChowChow Cloud International Holdings Limited,0.435,13,7,3,4,2,0,5,34,-30.0,2.0,Broken,Avoid/exit,30,-18.8,17.9,-0.8,50.0,3,,Technology,15438150.0,0.0
BBAI-WT,"BigBear.ai Holdings, Inc. WT",0.405,2,4,1,3,0,2,2,14,-10.0,2.0,Broken,Avoid/exit,20,-14.7,-32.4,-17.1,40.3,0,,nan,nan,154279.43
HHEXF,HHEXF,0.44,2,4,1,3,0,0,2,12,-10.0,2.0,Broken,Avoid/exit,40,-9.0,-11.6,-12.2,37.0,0,,nan,nan,32146.9
ARAI,Arrive AI Inc.,0.473,5,4,4,0,2,0,2,17,-15.0,2.0,Broken,Avoid/exit,26,-13.8,-5.7,-13.9,37.7,1,,Technology,24545030.0,3491258.84
BBBY-WT,BBBY-WS,0.474,4,5,3,0,2,0,2,16,-14.0,2.0,Broken,Avoid/exit,20,-2.4,-9.0,-8.4,37.8,0,,nan,nan,0.0
BZDLF,Kincora Copper Limited,0.59,4,3,2,1,5,0,2,17,-15.0,2.0,Broken,Avoid/exit,21,5.4,-9.2,-9.1,43.9,1,,Basic Materials,28068198.0,31724.89
INEO,INNEOVA Holdings Limited,0.57,3,4,4,4,3,0,3,21,-19.0,2.0,Broken,Avoid/exit,30,-13.5,-4.0,-6.0,45.4,1,,Consumer Cyclical,9420532.0,230218.5
BGDFF,BGDFF,0.63,0,2,6,5,2,0,2,17,-15.0,2.0,Broken,Avoid/exit,23,-19.2,-25.9,-17.4,22.0,1,,Basic Materials,170206768.0,6757.98
ENLV,Enlivex Therapeutics Ltd,0.622,1,6,1,0,2,0,2,12,-10.0,2.0,Broken,Avoid/exit,11,-13.5,-21.4,-12.3,34.7,0,,Healthcare,149859984.0,1515364.48
ACCFF,Accord Financial Corp,0.607,3,4,2,0,3,3,2,17,-15.0,2.0,Broken,Avoid/exit,15,0.0,0.0,-11.2,4.1,1,,Financial Services,5194404.0,128.5
ETCMY,Eutelsat Communications SA ADR,0.736,1,6,1,0,0,2,2,12,-8.0,2.0,Broken,Avoid/exit,31,-19.1,-25.0,-17.9,35.8,1,,Communication Services,3486587136.0,32850.62
ITMSF,Intermap Technologies Corp,0.72,3,9,1,0,3,4,2,22,-18.0,2.0,Broken,Avoid/exit,15,0.8,3.5,-11.6,35.6,1,,Technology,53122824.0,135287.91
BRANF,Baran Group Ltd,0.72,3,4,0,0,0,3,2,12,-10.0,2.0,Broken,Avoid/exit,5,0.0,0.0,-61.9,0.7,0,,Industrials,19572346.0,7.5
PMCB,PharmaCyte Biotech Inc,0.718,5,6,3,5,2,3,2,26,-24.0,2.0,Broken,Avoid/exit,27,-4.3,-1.0,-5.7,45.1,1,,Healthcare,8594961.0,1195316.23
LUCMF,Luca Mining Corp.,0.778,3,5,1,2,2,2,2,17,-15.0,2.0,Broken,Avoid/exit,15,-4.0,-11.4,-7.5,36.0,1,,Basic Materials,214085040.0,301502.91
WEGYF,Westbridge Energy Corporation,0.759,1,3,1,5,3,2,2,17,-15.0,2.0,Broken,Avoid/exit,9,0.0,-22.5,-12.7,18.3,1,,Utilities,19949256.0,3204.45
ABTC,American Bitcoin Corp,0.85,1,7,4,1,2,4,2,21,-15.0,2.0,Broken,Avoid/exit,23,2.0,-7.0,-8.5,37.1,1,,Financial Services,1526670464.0,11651339.22
SUMMF,Summit Royalties Ltd.,0.966,1,4,2,1,2,0,2,12,-10.0,2.0,Broken,Avoid/exit,0,-2.9,-12.5,-6.6,34.9,0,,Basic Materials,68815144.0,0.0
EDTK,Skillful Craftsman Education Tech,0.962,3,6,3,2,7,0,2,23,-21.0,2.0,Broken,Avoid/exit,28,-2.6,-1.8,-2.0,42.2,1,,Consumer Defensive,15324132.0,6342.41
NVNI,Nvni Group Limited Ordinary Shares,0.95,1,7,1,0,4,2,2,17,-13.0,2.0,Broken,Avoid/exit,24,9.2,-14.0,-7.0,41.8,2,,Technology,11107526.0,475024.04
KWGBF,KWG Resources Inc,0.004,0,2,0,5,0,0,2,9,-8.0,1.0,Broken,Avoid/exit,5,-25.5,-45.3,-34.1,36.0,0,,Basic Materials,12964522.0,52736.16
BITRF,Biotron Limited,0.002,5,6,4,6,3,2,2,28,-27,1,Broken,Avoid/exit,22,81.8,81.8,-32.1,17.5,2,3,Healthcare,5403732.0,21201.35
EDGM,EdgeMode Inc.,0.001,6,4,1,0,2,0,2,15,-10.0,1.0,Broken,Avoid/exit,24,-20.0,-7.7,-35.5,39.4,0,,Financial Services,4438833.0,6196310.91
FRDSF,4DS Memory Limited,0.001,1,3,0,0,3,2,2,11,-10.0,1.0,Broken,Avoid/exit,8,-89.2,-89.2,-89.0,19.4,0,,Technology,3451255.0,7626.86
BASA,Basanite Inc,0.007,1,7,0,1,2,0,2,13,-10.0,1.0,Broken,Avoid/exit,9,-39.2,-47.9,-44.9,26.8,0,,Basic Materials,1872925.0,197856.42
AMRU,Amaru Inc,0.006,6,3,0,0,3,2,2,16,-15.0,1.0,Broken,Avoid/exit,26,0.0,-17.6,-50.4,11.8,1,,Communication Services,1439909.0,8256.06
PKLE,"PickleJar Entertainment Group, Inc.",0.009,2,4,0,3,0,0,2,11,-10.0,1.0,Broken,Avoid/exit,37,-45.3,-56.7,-40.8,34.2,0,,Technology,1215235.0,233109.73
NICH,Nitches Inc,0.002,3,3,1,3,0,3,2,15,-15.0,1.0,Broken,Avoid/exit,42,6.7,-40.7,-49.7,42.5,1,,Consumer Cyclical,1178888.0,55042.45
JFTH,"Japan Food Tech Holdings, Inc.",0.009,9,3,3,3,4,2,2,26,-25.0,1.0,Broken,Avoid/exit,42,-40.0,-55.0,-45.0,46.3,1,,Industrials,861378.0,3719.78
PIFR,Premier information Management Inc,0.002,1,1,6,5,0,1,2,16,-15.0,1.0,Broken,Avoid/exit,19,0.0,-6.2,-3.0,38.7,1,,Industrials,198021.0,22898.77
ENTBF,Entheon Biomedical Corp,0.004,1,3,0,3,3,4,2,16,-15.0,1.0,Broken,Avoid/exit,9,0.0,0.0,-84.9,0.0,1,,Healthcare,55435.0,613.5
GKOR,Golkor Inc.,0.001,0,1,0,3,3,2,2,11,-10.0,1.0,Broken,Avoid/exit,10,-99.9,-99.9,-99.8,0.1,0,,Basic Materials,42115.0,194.69
EPWKF,EPWK Holdings Ltd. Class A,0.012,9,7,9,0,0,3,5,33,-28,1,Broken,Avoid/exit,24,0.0,18.8,24.6,51.5,4,,Technology,2700943.0,18919696.76
FZMD,Fuse Medical Inc,0.02,1,1,2,0,3,2,2,11,-10.0,1.0,Broken,Avoid/exit,12,0.0,-33.3,-19.4,21.0,0,,Healthcare,1477915.0,6202.89
TREP,Trucept Inc,0.014,1,4,2,3,0,2,2,14,-13.0,1.0,Broken,Avoid/exit,18,-3.4,-28.5,-15.0,44.4,1,,Industrials,897575.0,0.0
AGTX,Agentix Corp,0.017,3,3,1,0,3,4,2,16,-15.0,1.0,Broken,Avoid/exit,7,-19.0,-19.0,-25.0,15.2,1,,Healthcare,681138.0,9407.41
MSPR,"MSP Recovery, Inc.",0.02,3,3,4,0,2,2,2,16,-15.0,1.0,Broken,Avoid/exit,20,-9.1,-16.7,-18.6,27.6,1,,Healthcare,285487.0,9401984.58
GMBLP,Esports Entertainment Group Inc Preferred Series A,0.02,1,3,2,5,3,0,2,16,-15.0,1.0,Broken,Avoid/exit,17,0.0,-23.1,-10.4,37.1,1,,Consumer Cyclical,nan,1863.39
KVACW,Keen Vision Acquisition Corporation Warrant,0.02,1,5,0,3,2,4,2,17,-16.0,1.0,Broken,Avoid/exit,13,-67.3,-67.3,-53.5,35.9,1,,nan,nan,0.0
HAPBF,Hapbee Technologies Inc,0.03,2,3,5,0,2,2,2,16,-15.0,1.0,Broken,Avoid/exit,25,-14.3,-14.3,-15.4,44.7,1,,Technology,9354467.0,54926.88
KCRD,"Kindcard, Inc.",0.026,0,3,1,0,3,2,2,11,-10.0,1.0,Broken,Avoid/exit,17,-23.5,-11.3,-16.1,30.8,0,,Technology,2693100.0,1559.58
SHFSW,SHF Holdings Inc,0.022,0,2,2,5,0,0,2,11,-10.0,1.0,Broken,Avoid/exit,20,-33.4,-33.4,-26.4,31.7,0,,nan,nan,40412.92
TDSGF,Telo Genomics Corp,0.036,7,3,1,4,4,2,5,26,-25.0,1.0,Broken,Avoid/exit,32,-7.7,2.9,-6.9,46.8,2,,Healthcare,3615496.0,8071.5
MOAEF,Mongolia Energy Corporation Limited,0.05,3,3,3,0,0,5,2,16,-15.0,1.0,Broken,Avoid/exit,5,0.0,0.0,-12.9,1.6,1,,Basic Materials,9406293.0,759.75
SATT,Sativus Tech Corp,0.07,0,2,2,5,3,2,2,16,-15.0,1.0,Broken,Avoid/exit,17,-29.3,-29.3,-24.0,14.5,1,,Technology,295089.0,475.06
TMASF,Temas Resources Corp,0.071,4,4,0,0,2,4,2,16,-15.0,1.0,Broken,Avoid/exit,8,-4.1,-28.3,-19.8,37.8,2,,Basic Materials,7071902.0,20152.42
PRPH,ProPhase Labs Inc,0.075,2,4,2,4,2,0,2,16,-15.0,1.0,Broken,Avoid/exit,15,-16.7,-40.0,-22.5,36.8,1,,Healthcare,1121282.0,3050749.52
MGTEW,Marblegate Capital Corporation,0.095,1,8,0,0,4,4,2,19,-18.0,1.0,Broken,Avoid/exit,20,15.2,-20.2,-16.6,44.6,1,,nan,nan,10288.02
SIREF,Sirios Resources Inc,0.126,2,3,7,3,2,0,2,19,-18.0,1.0,Broken,Avoid/exit,26,-6.0,-13.7,-8.5,38.4,0,,Basic Materials,87336448.0,308238.43
BIOF,Blue Biofuels Inc,0.119,4,3,1,5,3,0,2,18,-15.0,1.0,Broken,Avoid/exit,19,-4.6,-3.8,-9.1,33.3,1,,Basic Materials,38192824.0,164378.89
RGRLF,Star Phoenix Group Ltd,0.144,5,5,5,5,4,0,5,29,-28.0,1.0,Broken,Avoid/exit,29,1.0,-17.7,-1.4,49.1,1,,nan,14534179.0,46482.89
SVBL,Silver Bull Resources Inc,0.106,1,7,0,6,0,2,2,18,-15.0,1.0,Broken,Avoid/exit,12,6.4,-24.0,-44.7,33.4,2,,Basic Materials,5427167.0,46438.16
SURNF,SURNF,0.106,3,4,2,3,2,0,2,16,-15.0,1.0,Broken,Avoid/exit,13,-5.4,-8.2,-14.9,35.2,1,,Basic Materials,3652379.0,11089.12
BTMCQ,Bitcoin Depot Inc.,0.125,3,6,2,3,2,0,2,18,-15.0,1.0,Broken,Avoid/exit,10,-51.9,-47.9,-81.7,24.6,1,,Financial Services,1418569.0,324532.62
LEEN,"Leopard Energy, Inc.",0.138,0,3,1,6,3,0,3,16,-15.0,1.0,Broken,Avoid/exit,24,-24.5,0.0,-6.8,43.3,1,,Energy,175026.0,919.41
BGLWW,Blue Gold Limited Warrant,0.11,1,6,0,0,2,0,2,11,-8.0,1.0,Broken,Avoid/exit,19,-21.5,-57.7,-40.5,31.6,0,,nan,nan,54791.42
SDRC,Sidney Resources Corp,0.161,2,5,8,5,0,2,2,24,-23.0,1.0,Broken,Avoid/exit,11,-5.3,-17.9,-13.7,32.9,1,,Basic Materials,66088432.0,202224.49
QCXGF,QcX Gold Corp,0.161,1,1,2,3,5,2,2,16,-15.0,1.0,Broken,Avoid/exit,33,-12.0,-31.3,-17.1,21.1,1,,Basic Materials,3650355.0,2817.51
ESMC,Escalon Medical Corp,0.18,1,5,5,4,2,0,2,19,-18.0,1.0,Broken,Avoid/exit,37,-10.0,-14.3,-9.0,39.4,0,,Healthcare,1334759.0,12611.83
MTEKW,Maris-Tech Ltd. Warrants,0.197,1,5,4,0,4,0,2,16,-13.0,1.0,Broken,Avoid/exit,28,-17.6,-17.6,-12.3,42.1,1,,nan,nan,15965.57
NWCCF,Northwest Copper Corp,0.21,1,2,2,6,3,0,2,16,-15.0,1.0,Broken,Avoid/exit,12,0.0,-16.0,-8.9,33.4,1,,Basic Materials,55043888.0,21686.5
FPOCF,FPX Nickel Corp,0.26,0,3,1,8,0,0,2,14,-9.0,1.0,Broken,Avoid/exit,14,-16.1,-23.5,-19.5,26.0,1,,Basic Materials,82064344.0,45698.54
AGAGF,AGAGF,0.322,4,3,2,1,2,2,2,16,-15.0,1.0,Broken,Avoid/exit,13,-6.0,-14.8,-10.8,37.7,1,,Basic Materials,93343512.0,834311.72
MGROF,Mustgrow Biologics Corp,0.318,0,5,3,1,0,0,2,11,-13.0,1.0,Broken,Avoid/exit,19,-8.9,-10.4,-11.7,19.9,1,,Basic Materials,19987684.0,2243.6
OPIRQ,Office Properties Income Trust,0.31,2,5,1,4,6,0,3,21,-20.0,1.0,Broken,Avoid/exit,29,-11.4,-38.0,-31.2,46.3,0,,nan,nan,24717.1
MHUBF,Minehub Technologies Inc,0.384,0,4,0,6,2,2,2,16,-15.0,1.0,Broken,Avoid/exit,15,-9.5,-26.1,-13.8,37.7,1,,Technology,39908452.0,152627.19
NRXBF,NRXBF,0.386,1,7,2,0,0,2,2,14,-13.0,1.0,Broken,Avoid/exit,9,-0.3,-11.0,-7.3,30.8,1,,Healthcare,35520492.0,5565.7
PXGYF,PAX Global Technology Limited,0.406,0,3,3,1,0,2,2,11,-10.0,1.0,Broken,Avoid/exit,5,-2.9,-9.7,-7.7,22.9,0,,Industrials,431796640.0,3214.49
BTRYF,Battery Minerals Limited,0.42,0,3,7,5,2,2,2,21,-20.0,1.0,Broken,Avoid/exit,40,-0.3,-16.0,-10.1,40.0,1,,Basic Materials,162914144.0,14057.27
GFTYF,G50 Corp Limited,0.426,1,3,1,0,3,6,2,16,-15.0,1.0,Broken,Avoid/exit,37,0.0,-39.4,-19.8,20.7,1,,Basic Materials,87398640.0,4787.53
AENTW,Alliance Entertainment Holding Corporation Warrants,0.405,0,6,0,3,3,2,2,16,-13.0,1.0,Broken,Avoid/exit,25,3.8,6.6,-30.1,43.8,0,,nan,nan,19798.53
AGXPF,Silver X Mining Corp,0.473,2,6,4,0,0,2,2,16,-15.0,1.0,Broken,Avoid/exit,30,-2.4,-12.9,-8.4,41.1,1,,Basic Materials,133907856.0,635424.94
LVXFF,Leviathan Gold Ltd,0.463,4,3,6,5,4,0,2,24,-23.0,1.0,Broken,Avoid/exit,34,-9.0,-16.7,-9.7,41.1,1,,Basic Materials,53801536.0,54420.09
NEXUF,Nexus Uranium Corp.,0.493,0,4,5,3,2,0,2,16,-15.0,1.0,Broken,Avoid/exit,14,-5.7,-8.7,-11.9,25.3,1,,Basic Materials,8905126.0,3822.59
EONR,EON Resources Inc.,0.521,1,5,2,6,2,0,2,18,-15.0,1.0,Broken,Avoid/exit,27,-8.7,-20.4,-11.7,37.9,2,,Energy,26013520.0,9458351.65
KRRYF,Kerry Logistics Network Limited,0.55,0,1,0,5,3,0,2,11,-10.0,1.0,Broken,Avoid/exit,4,-49.1,-49.1,-41.6,0.0,0,,Industrials,994086208.0,1.5
FEOVF,Oceanic Iron Ore Corp,0.55,6,4,1,5,2,0,2,20,-19.0,1.0,Broken,Avoid/exit,38,-15.4,-8.3,-5.7,44.5,1,,Basic Materials,145950240.0,7956.0
HPAI,Helport AI Limited Ordinary Shares,0.622,2,2,2,3,0,0,2,11,-10.0,1.0,Broken,Avoid/exit,11,-21.3,-36.5,-29.5,29.6,0,,Technology,23416378.0,330097.05
CYCU,"Cycurion, Inc.",0.642,1,4,2,0,2,0,2,11,-10.0,1.0,Broken,Avoid/exit,16,1.9,-28.7,-17.6,34.6,0,,Technology,6875199.0,1292289.1
CBAT,CBAK Energy Technology Inc,0.684,1,7,0,0,4,0,2,14,-13.0,1.0,Broken,Avoid/exit,13,-5.1,-8.9,-6.7,35.0,1,,Industrials,60589432.0,193284.99
ADGM,"Adagio Medical Holdings, Inc Common Stock",0.68,2,3,5,0,2,2,2,16,-15.0,1.0,Broken,Avoid/exit,12,-11.9,-9.3,-12.0,32.5,1,,Healthcare,15103113.0,208347.66
LYRA,Lyra Therapeutics Inc,0.68,4,6,5,2,5,2,2,26,-23.0,1.0,Broken,Avoid/exit,25,13.3,-2.1,-0.2,49.1,2,,Healthcare,1206919.0,53968.89
CKPDY,Cookpad Inc ADR,0.718,1,2,0,2,3,1,2,11,-10.0,1.0,Broken,Avoid/exit,6,-7.0,-7.0,-6.4,0.0,0,,Communication Services,51577200.0,38.49
FTFT,Future Fintech Group Inc,0.716,0,6,0,1,4,0,2,13,-12.0,1.0,Broken,Avoid/exit,19,-22.2,-34.9,-27.6,28.9,0,,Technology,4324909.0,76454.52
GMEX,GMEX ROBOTICS CORPORATION,0.719,1,7,1,0,0,0,2,11,-10.0,1.0,Broken,Avoid/exit,21,-13.2,-34.6,-31.1,35.8,1,,Technology,1023577.0,882887.5
CHDGF,COSCO SHIPPING International (Hong Kong) Co. Ltd,0.756,0,2,2,2,0,5,2,13,-8.0,1.0,Broken,Avoid/exit,17,-3.1,-3.1,-5.6,0.6,0,,Industrials,1143457664.0,415.7
CELU,Celularity Inc,0.752,3,5,0,4,2,6,2,22,-21.0,1.0,Broken,Avoid/exit,19,3.5,-24.4,-9.8,41.1,1,,Healthcare,21776046.0,136479.13
DTSS,Datasea Inc,0.76,0,1,0,5,4,4,2,16,-15.0,1.0,Broken,Avoid/exit,17,-24.0,-15.1,-11.4,39.0,1,,Technology,7928344.0,159716.69
FBLG,"FibroBiologics, Inc. Common Stock",0.77,2,2,4,4,2,4,2,20,-19.0,1.0,Broken,Avoid/exit,35,-20.1,-28.0,-20.8,27.5,1,,Healthcare,4011906.0,1173700.67
ZHSHF,Zhongsheng Group Holdings Limited,0.8,3,3,1,4,0,3,2,16,-15.0,1.0,Broken,Avoid/exit,6,0.0,0.0,-6.6,0.0,1,,Consumer Cyclical,1893595136.0,20.0
ARBE,Arbe Robotics Ltd,0.822,3,5,1,0,5,0,2,16,-15.0,1.0,Broken,Avoid/exit,28,-10.5,-23.2,-12.0,41.1,1,,Technology,99346296.0,3548003.45
QNTPF,XtalPi Holdings Limited,0.801,0,2,3,4,0,0,2,11,-10.0,1.0,Broken,Avoid/exit,15,-19.6,-27.2,-22.5,29.4,0,,nan,nan,9577.62
HOKCY,Hong Kong and China Gas Co Ltd ADR,0.85,1,7,3,4,2,0,2,19,-18.0,1.0,Broken,Avoid/exit,36,-5.6,-10.3,-4.0,45.2,0,,Utilities,15860890624.0,12940.55
BQSSF,Boss Resources Ltd,0.864,3,7,6,1,0,2,2,21,-23.0,1.0,Broken,Avoid/exit,16,3.3,-13.6,-3.2,43.3,2,,Energy,358711488.0,47713.44
CIMEF,CIMC Enric Holdings Limited,0.93,1,1,1,3,3,0,2,11,-10.0,1.0,Broken,Avoid/exit,25,-29.0,-29.0,-19.9,1.9,0,,Energy,1964153984.0,101.7
DDCCF,DIC Asset AG,0.957,1,5,0,6,0,2,2,16,-15.0,1.0,Broken,Avoid/exit,3,-11.0,-24.3,-18.6,15.1,1,,Real Estate,79972200.0,1222.0
