code,name,price,trend,momentum,volatility,volume,sr,pattern,sentiment,raw,adj,final,zone,action,weekly_raw,g5,g10,ext,rsi,dist_flags,mct,sector,mcap,avgvol
SAENF,Solar Alliance Energy Inc,0.008,11,11,12,18,4,7,5,68,0.0,73.0,Strong,Enter w/ confidence,38,11.0,15.7,9.7,64.9,2,,Technology,2391071.0,19224.72
NPPXF,Nippon Telegraph & Telephone Corp,0.94,12,14,8,12,4,6,5,61,4.0,73.0,Strong,Enter w/ confidence,38,5.6,3.3,2.7,57.0,0,,Communication Services,74258341888.0,151137.0
MSET,Madison Sports & Entertainment Inc,0.009,12,12,10,18,3,3,5,63,4.0,72.0,Strong,Enter w/ confidence,42,14.1,14.1,14.5,58.4,2,,Financial Services,436342.0,15566.58
NIMU,Non-Invasive Monitoring Systems Inc,0.09,17,14,8,11,6,8,5,69,2.0,71.0,Strong,Enter w/ confidence,66,0.0,50.0,17.7,58.7,2,,Financial Services,13932960.0,57946.24
ARSRF,AIS Corporation Limited,0.288,10,13,8,14,3,7,5,60,4.0,70.0,Strong,Enter w/ confidence,41,5.7,13.0,5.6,58.1,2,,Basic Materials,464096288.0,2896.94
TXRP,"TX Rail Products, Inc",0.259,14,14,7,10,8,5,5,63,2.0,70.0,Strong,Enter w/ confidence,46,10.2,5.7,8.2,58.2,0,,Industrials,11655000.0,44127.35
MKDWW,MKDWELL Tech Inc. Warrants,0.011,18,14,3,14,8,7,5,69,-1.0,68.0,Moderate,Enter w/ caution,45,25.3,11.8,11.1,59.7,2,,nan,nan,0.0
GFGSF,GFG Resources Inc,0.163,17,14,12,16,6,5,4,74,-7.0,68.0,Moderate,Enter w/ caution,63,7.0,4.6,4.4,59.2,1,,Basic Materials,49472908.0,149275.29
JSDA,Jones Soda Co,0.325,17,12,5,15,6,5,5,65,4.0,67.0,Moderate,Enter w/ caution,67,6.2,8.3,6.7,59.5,1,,Consumer Defensive,41028672.0,168990.52
IOFNF,Iofina plc,0.78,16,6,6,15,6,11,5,65,1.0,66.0,Moderate,Enter w/ caution,53,4.0,5.4,5.8,66.6,0,,Basic Materials,153486720.0,5102.03
MTGH,"Mettitech Group Holdings, Inc.",0.003,13,12,7,16,4,7,5,64,-1.5,65.5,Moderate,Enter w/ caution,47,20.0,42.9,21.6,57.7,2,,Technology,3000000.0,262848.88
RGRLF,Star Phoenix Group Ltd,0.217,15,10,8,15,6,6,5,65,-4.0,64.0,Moderate,Enter w/ caution,48,11.3,5.0,16.3,66.0,1,,nan,14534179.0,33351.33
SLVMF,Silver Mines Limited,0.11,13,7,11,14,5,6,5,61,2.0,63.0,Moderate,Enter w/ caution,32,5.2,27.8,14.5,58.7,2,,Consumer Defensive,221049664.0,42493.8
CMPNF,Champion Real Estate Investment Trust,0.34,15,8,11,9,6,4,4,57,1.0,63.0,Moderate,🔥 COILED: Enter w/ caution,51,0.0,0.0,0.2,68.7,1,,Real Estate,1907400832.0,0.0
BIOE,Bio Essence Corporation,0.27,16,7,11,11,3,5,4,57,0.0,62.0,Moderate,🔥 COILED: Enter w/ caution,51,0.0,0.0,0.2,48.5,0,,Healthcare,8514557.0,2828.11
CRANR,Crane Harbor Acquisition Corp. II Rights,0.25,18,11,6,15,6,0,5,61,1.0,62.0,Moderate,Enter w/ caution,0,8.7,10.8,10.7,61.4,2,,nan,nan,0.0
FPAFF,First Pacific Company Limited,0.69,17,9,9,11,4,2,5,57,2.0,62.0,Moderate,Enter w/ caution,34,1.5,7.8,4.3,58.7,0,,Consumer Defensive,2767820544.0,0.0
CYIO,CYIOS Corporation,0.002,14,12,9,15,4,2,5,61,-3.0,61.0,Moderate,Enter w/ caution,50,5.6,26.7,8.5,57.3,2,,Healthcare,658308.0,1675090.6
NEWDF,Newfoundland Discovery Corp,0.136,12,10,7,13,4,7,5,58,-2.0,61.0,Moderate,Enter w/ caution,44,13.9,5.9,13.3,67.9,2,,Basic Materials,1887911.0,25700.7
ASHXF,Progressive Planet Solutions Inc,0.25,13,7,8,11,4,6,5,54,2.0,61.0,Moderate,🔥 COILED: Enter w/ caution,52,3.7,5.0,2.1,54.7,0,,Basic Materials,27802132.0,0.0
LBCMF,Libero Copper & Gold Corporation,0.55,16,12,9,8,9,0,5,59,-3.0,61.0,Moderate,🔥 COILED: Enter w/ caution,56,-1.7,0.6,1.7,53.3,1,,Basic Materials,115631560.0,506642.15
DBOXF,D-BOX Technologies Inc,0.89,16,12,6,10,7,9,5,65,-2.0,61.0,Moderate,Enter w/ caution,67,6.0,14.1,8.6,63.3,2,,Technology,197746048.0,179418.93
OMLAF,oOh!media Limited,1.0,15,8,10,11,6,4,4,58,-2.0,61.0,Moderate,🔥 COILED: Enter w/ caution,55,0.0,0.0,0.3,67.8,0,,Communication Services,528211776.0,2197.0
NUMD,Nu-Med Plus Inc,0.018,15,5,6,15,7,6,5,59,1.0,60.0,Moderate,Enter w/ caution,53,0.0,0.0,11.5,65.7,0,,Healthcare,1269936.0,9072.83
GOGR,Go Green Global Tech,0.04,11,9,11,15,6,2,4,58,2.0,60.0,Moderate,Enter w/ caution,58,0.0,0.0,3.3,56.4,0,,Industrials,4619039.0,47487.48
ADMQ,ADM Endeavors Inc,0.044,13,11,5,16,4,4,5,58,1.0,60.0,Moderate,Enter w/ caution,55,3.3,31.4,15.3,66.5,2,,Industrials,6959046.0,108686.04
RFAIR,RF Acquisition Corp II Right,0.118,13,7,5,15,7,8,5,60,0.0,60.0,Moderate,Enter w/ caution,56,12.5,18.1,9.9,72.4,2,,nan,nan,18000.86
ROMJF,Rubicon Organics Inc,0.338,13,12,13,13,4,6,5,66,-6.0,60.0,Moderate,Enter w/ caution,32,5.3,4.0,4.5,57.4,1,,Healthcare,20950660.0,29775.29
MOAEY,Mongolia Energy Corp Ltd ADR,0.421,16,6,10,8,6,2,4,52,0.0,60.0,Moderate,🔥 COILED: Enter w/ caution,57,0.0,0.0,2.2,50.0,0,,Basic Materials,15855246.0,3.0
NNRRF,NRC Group ASA,0.839,12,8,9,13,4,2,4,52,0.0,60.0,Moderate,🔥 COILED: Enter w/ caution,44,0.0,0.0,0.6,53.1,0,,Industrials,192700192.0,141.0
CHAG,Chancellor Group Inc,0.001,13,7,9,13,6,2,4,54,0.0,59.0,Moderate,🔥 COILED: Enter w/ caution,54,0.0,0.0,3.5,50.0,0,,Financial Services,74460.0,17686.85
FNCJF,Fancamp Exploration Ltd.,0.12,18,6,4,14,6,7,5,60,1.0,59.0,Moderate,Enter w/ caution,67,9.1,-0.6,6.6,62.0,0,,Basic Materials,28854250.0,43280.94
ALEEF,Alerio Gold Corp,0.193,16,10,9,11,6,2,5,59,0.0,59.0,Moderate,Enter w/ caution,66,7.1,7.1,11.0,71.8,0,,Basic Materials,31138322.0,7016.26
SYBX,Synlogic Inc,0.72,8,11,9,17,8,0,4,57,-3.0,59.0,Moderate,Enter w/ caution,52,2.7,1.2,2.3,54.4,1,,Healthcare,8363098.0,48673.89
SENGF,SINOPEC Engineering (Group) Co. Ltd.,0.784,11,8,11,11,4,2,4,51,0.0,59.0,Moderate,🔥 COILED: Enter w/ caution,32,0.0,0.0,0.0,50.8,0,,Industrials,3444475392.0,46.53
VYCO,Vycor Medical Inc,0.069,13,9,6,14,4,2,5,53,2.0,58.0,Moderate,Enter w/ caution,32,0.0,0.0,1.9,56.4,0,,Healthcare,1902249.0,6774.69
BKALF,PT Bank Aladin Syariah Tbk,0.078,12,7,9,12,4,2,4,50,0.0,58.0,Moderate,🔥 COILED: Enter w/ caution,48,0.0,0.0,0.3,50.0,0,,Financial Services,1153867648.0,92.23
NRDMF,NRDMF,0.284,11,14,6,13,3,4,5,56,-3.0,58.0,Moderate,🔥 COILED: Enter w/ caution,45,-3.1,7.8,1.2,51.7,1,,Basic Materials,nan,14141.69
IAUFF,AIC Mines Limited,0.511,17,10,11,7,6,11,5,67,-9.0,58.0,Moderate,Enter w/ caution,68,2.3,8.8,4.8,65.2,1,,Basic Materials,407902784.0,3563.25
SRRRF,SRRRF,0.71,12,14,7,10,4,7,3,57,1.0,58.0,Moderate,Enter w/ caution,59,2.9,2.9,1.6,62.9,1,,Energy,31456642.0,1197.78
SENT,AdvisorShares Trust - AdvisorShares Alpha DNA Equity Sentiment ETF,0.73,16,8,8,16,6,8,4,66,-9.0,58.0,Moderate,Enter w/ caution,35,2.1,2.8,2.1,72.7,0,,nan,nan,675951.5
NIKA,Nika BioTechnology Inc,0.769,15,6,12,10,6,2,5,56,-3.0,58.0,Moderate,🔥 COILED: Enter w/ caution,49,0.0,0.0,7.8,72.3,0,,Healthcare,806334336.0,841.16
WLDBF,WildBrain Ltd,1.0,13,10,8,14,4,7,5,61,-3.0,58.0,Moderate,Enter w/ caution,44,8.7,5.3,8.1,59.8,1,,Communication Services,213814288.0,165639.7
BNCWZ,CEA Industries Inc. Warrant,0.126,14,16,10,15,3,0,5,63,-5.5,57.5,Moderate,Enter w/ caution,0,25.5,78.0,39.8,58.8,2,,nan,nan,0.0
HALB,Tykhe Corp,0.001,12,15,4,11,4,4,5,55,2.0,57.0,Moderate,Enter w/ caution,32,25.0,42.9,13.7,57.1,2,,Healthcare,707303.0,1021435.7
ENMHF,ENM Holdings Limited,0.06,15,6,11,8,6,2,4,52,0.0,57.0,Moderate,🔥 COILED: Enter w/ caution,49,0.0,0.0,2.7,72.1,0,,Consumer Cyclical,74279640.0,920.38
NBBTF,Natural Beauty Bio-Technology Limited,0.061,13,8,11,10,6,2,4,54,-2.0,57.0,Moderate,🔥 COILED: Enter w/ caution,42,0.0,0.0,0.1,68.3,0,,Consumer Defensive,102107152.0,1375.0
SBMSF,Danakali Ltd,0.07,14,13,6,15,4,0,5,57,0.0,57.0,Moderate,Enter w/ caution,62,7.7,42.3,8.8,52.9,2,,Basic Materials,29429912.0,0.0
SPSTF,Singapore Post Limited,0.25,15,7,12,11,4,1,4,54,-2.0,57.0,Moderate,🔥 COILED: Enter w/ caution,36,0.0,0.0,0.6,62.7,0,,Industrials,567610624.0,0.0
JNSTF,Jinhui Shipping and Transportation Limited,0.57,13,6,11,11,4,3,4,52,0.0,57.0,Moderate,🔥 COILED: Enter w/ caution,0,0.0,0.0,0.0,30.9,0,,Industrials,62955004.0,0.0
PCWLF,PCCW Limited,0.74,16,12,4,8,5,5,5,55,2.0,57.0,Moderate,Enter w/ caution,40,7.5,2.3,4.5,57.2,1,,Communication Services,5374623232.0,1716.46
GTENW,"Gores Holdings X, Inc. Warrants",0.85,16,13,3,9,4,7,5,57,0.0,57.0,Moderate,Enter w/ caution,65,18.1,4.9,12.0,56.0,1,,nan,nan,17818.23
IDCBF,Industrial and Commercial Bank of China,0.94,18,9,7,11,4,7,5,61,0.0,57.0,Moderate,Enter w/ caution,62,4.4,6.8,7.6,74.6,0,,Financial Services,412717973504.0,0.0
MGUY,Mogul Energy International Inc,0.004,16,11,5,14,8,3,5,62,-5.5,56.5,Moderate,Enter w/ caution,53,16.1,-20.0,21.1,57.8,1,,Industrials,1805342.0,111886.7
KVGOF,Kavango Resources Plc,0.01,9,12,12,13,3,4,5,58,-2.0,56.0,Moderate,Enter w/ caution,34,4.0,4.0,3.2,61.3,0,,Basic Materials,43660396.0,33954.31
SMEV,Simulated Environmen,0.009,10,2,8,17,7,2,3,49,2.0,56.0,Moderate,Enter w/ caution,63,0.0,-2.2,0.1,55.3,1,,Financial Services,5426918.0,180803.02
ILDO,International Daleco Corp,0.009,14,7,5,10,4,7,3,50,-2.0,56.0,Moderate,🔥 COILED: Enter w/ caution,52,0.0,0.0,1.7,51.6,0,,Basic Materials,409453.0,5536.83
GULTU,Gulf Coast,0.047,14,8,4,16,3,1,5,51,0.0,56.0,Moderate,Enter w/ caution,41,-4.1,14.6,5.0,55.0,2,,Energy,10357772.0,445520.57
PBMFF,Pacific Bay Minerals Ltd,0.042,10,8,10,13,4,4,4,53,-2.0,56.0,Moderate,🔥 COILED: Enter w/ caution,41,0.0,0.0,0.1,61.3,0,,Basic Materials,1485888.0,433.86
GARWF,Golden Arrow Resources Corp,0.067,18,6,8,14,5,3,2,56,-3.0,56.0,Moderate,🔥 COILED: Enter w/ caution,53,2.6,-3.9,2.7,51.6,1,,Basic Materials,11401737.0,78088.61
BDRSF,Borders & Southern Petroleum plc,0.16,12,9,7,13,4,4,5,54,2.0,56.0,Moderate,Enter w/ caution,63,6.7,6.7,8.4,58.9,0,,Energy,105806960.0,9714.96
TBVPF,Thai Beverage Public Company Limited,0.344,16,5,13,12,1,4,4,55,-2.0,56.0,Moderate,Enter w/ caution,45,0.3,2.4,1.1,63.0,0,,Consumer Defensive,8117790208.0,0.0
YIPCF,Yip's Chemical Holdings Limited,0.32,10,8,11,10,3,6,4,52,1.0,56.0,Moderate,Enter w/ caution,0,0.0,0.0,0.0,66.5,0,,Basic Materials,178707232.0,0.0
HWAUF,Headwater Gold Inc,0.346,15,9,11,15,4,5,5,64,-8.0,56.0,Moderate,Enter w/ caution,47,11.1,4.5,7.1,59.5,1,,Basic Materials,30002070.0,84421.61
HTTIF,HTTIF,0.389,17,6,9,7,4,6,5,54,-3.0,56.0,Moderate,🔥 COILED: Enter w/ caution,0,0.0,0.0,1.0,56.1,1,,Healthcare,183137376.0,0.0
MSN,Emerson Radio Corporation,0.389,11,13,8,14,3,7,5,61,-6.0,56.0,Moderate,Enter w/ caution,38,8.0,8.1,4.0,54.9,2,,Technology,8185591.0,332918.94
MYND,"Mynd.ai, Inc.",0.403,10,10,7,12,6,2,5,52,-1.0,56.0,Moderate,🔥 COILED: Enter w/ caution,44,0.5,0.8,2.7,52.3,1,,Consumer Defensive,18999276.0,209495.1
OTGAW,OTG Acquisition Corp. I Warrants,0.43,15,5,12,16,6,4,5,63,-12.0,56.0,Moderate,Enter w/ caution,61,4.9,2.4,3.7,69.0,0,,nan,nan,0.0
ACPS,AC Partners Inc,0.45,12,8,6,9,6,6,4,51,2.0,56.0,Moderate,Enter w/ caution,38,0.0,0.0,4.8,57.5,0,,Industrials,11055388.0,132.76
ONMD,OneMedNet Corp.,0.709,9,9,7,14,3,2,3,47,-1.0,56.0,Moderate,🔥 COILED: Enter w/ caution,44,8.6,-2.5,5.7,53.5,1,,Healthcare,40379428.0,2025316.52
ALPKF,ALPEK S.A.B. de C.V,0.766,15,5,10,12,3,6,5,56,-3.0,56.0,Moderate,Enter w/ caution,61,0.0,0.0,1.7,75.2,0,,Basic Materials,1596937600.0,2337.69
BKFCF,Bank of Communications Co. Ltd,0.92,13,7,11,8,6,2,4,51,0.0,56.0,Moderate,🔥 COILED: Enter w/ caution,54,0.0,0.0,0.1,56.5,0,,Financial Services,74958995456.0,0.0
IPZYF,IP Group Plc,0.905,14,7,7,10,6,6,5,55,-2.0,56.0,Moderate,Enter w/ caution,52,0.0,0.0,0.9,67.4,0,,Financial Services,777416320.0,5639.02
KJFI,Comjoyful International Company,0.974,11,7,11,9,4,7,4,53,-5.0,56.0,Moderate,🔥 COILED: Enter w/ caution,46,0.0,0.0,0.6,51.4,1,,Healthcare,211514688.0,227.55
VISM,Visium Technologies Inc,0.002,9,12,11,9,4,4,5,54,0.0,55.0,Moderate,Enter w/ caution,31,4.8,4.8,7.5,53.0,0,,Technology,2370506.0,2398730.72
ENEVF,Enerev5 Metals Inc,0.006,5,13,7,12,3,6,2,48,4.0,55,Moderate,Enter w/ caution,35,13.7,5.5,4.4,50.9,0,,Industrials,2195819.0,15248.05
VICA,Rafina Innovations Inc,0.001,10,8,10,11,6,3,4,52,0.0,55.0,Moderate,Enter w/ caution,43,0.0,0.0,0.1,56.8,0,,Healthcare,122022.0,56516.55
GROO,GROO,0.007,3,13,11,14,3,2,4,50,4.0,55,Moderate,Enter w/ caution,25,16.1,16.1,7.1,48.9,2,,Technology,45787.0,8085.83
OPHRF,Ophir Gold Corp.,0.025,11,10,3,14,6,7,5,56,-1.0,55.0,Moderate,Enter w/ caution,46,15.8,26.4,10.1,54.6,2,,Basic Materials,2487165.0,14857.32
VIVC,Vivic Corp,0.026,8,7,11,11,3,5,4,49,1.0,55.0,Moderate,🔥 COILED: Enter w/ caution,24,0.0,0.0,4.0,60.1,0,,Consumer Cyclical,693105.0,9738.47
KCRD,"Kindcard, Inc.",0.034,13,6,7,14,4,1,5,50,2.0,55.0,Moderate,Enter w/ caution,41,0.0,0.0,3.1,58.8,0,,Technology,2548087.0,744.75
NLPXF,Noble Mineral Exploration Inc,0.042,4,14,9,11,3,3,4,48,4.0,55,Moderate,Enter w/ caution,27,-0.7,5.5,3.7,51.4,1,,Basic Materials,11192930.0,71345.76
CHKMF,Cohiba Minerals Limited,0.06,13,8,6,10,6,2,2,47,0.0,55.0,Moderate,🔥 COILED: Enter w/ caution,52,0.0,27.4,2.0,51.9,2,,Basic Materials,401050464.0,18796.42
RMDFF,Richmond Minerals Inc,0.083,12,6,11,9,6,2,4,50,0.0,55.0,Moderate,🔥 COILED: Enter w/ caution,57,0.0,0.0,0.2,50.0,0,,Basic Materials,6735049.0,3006.62
PDSSF,Paradise Entertainment Limited,0.092,14,6,4,10,6,3,4,47,0.0,55.0,Moderate,🔥 COILED: Enter w/ caution,0,0.0,0.0,0.9,48.6,0,,Consumer Cyclical,96390696.0,0.0
MGHCF,Minco Capital Corp,0.108,15,12,3,15,6,3,5,59,-2.0,55.0,Moderate,Enter w/ caution,68,8.0,20.0,14.4,60.7,2,,Financial Services,4662995.0,8959.79
ECRFF,Cartier Resources Inc,0.19,20,8,8,12,3,1,5,57,-5.0,55.0,Moderate,Enter w/ caution,52,5.6,5.6,3.0,58.3,1,,Basic Materials,84770424.0,103117.41
STPDF,STPDF,0.163,13,5,9,12,6,2,5,52,0.0,55.0,Moderate,Enter w/ caution,50,0.0,0.0,1.5,59.3,0,,Energy,32371874.0,4465.27
IGGGF,IGG Inc,0.43,17,9,11,9,4,7,5,62,-3.0,55.0,Moderate,Enter w/ caution,36,10.0,10.0,8.4,74.9,1,,Communication Services,481019328.0,0.0
ADVNF,Advance ZincTek Limited,0.53,12,7,9,12,4,2,4,50,0.0,55.0,Moderate,🔥 COILED: Enter w/ caution,49,0.0,0.0,0.6,50.0,0,,Basic Materials,33220322.0,501.81
BSDGF,Bosideng International Holdings Limited,0.64,12,14,6,9,6,6,5,58,-3.0,55.0,Moderate,Enter w/ caution,56,-2.2,4.3,5.1,58.4,0,,Consumer Cyclical,6377355264.0,5550.84
BOCN,Blue Ocean Acquisition Corp,0.612,17,11,5,9,6,11,5,64,-7.0,55.0,Moderate,Enter w/ caution,67,5.3,7.9,5.6,68.6,1,,Financial Services,70565776.0,395.17
ZHEXF,Zhejiang Expressway Co. Ltd,0.86,16,13,6,8,3,2,5,53,2.0,55.0,Moderate,Enter w/ caution,31,10.3,10.3,4.6,58.2,2,,Industrials,5732791296.0,0.0
CETY,"Clean Energy Technologies, Inc. Common Stock",0.95,14,12,7,15,6,4,5,63,-6.0,55.0,Moderate,Enter w/ caution,61,4.4,0.6,5.7,57.5,1,,Industrials,11557801.0,2124574.0
HDGHF,Haydale Graphene Industries plc,0.006,9,14,6,13,5,7,2,56,-2.0,54.0,Weak,Watchlist only,48,26.1,0.0,17.3,56.2,0,,Basic Materials,27211484.0,927708.38
LGNXZ,Ligand Pharms Glucagon,0.002,18,11,3,7,6,5,5,55,-1.0,54.0,Weak,Watchlist only,61,14.3,26.3,13.6,53.7,2,,nan,nan,0.0
DRRLF,DRRLF,0.012,10,8,9,9,1,8,4,49,0.0,54.0,Weak,🔥 COILED: Watchlist only,43,0.0,0.0,0.9,54.9,0,,nan,62603520.0,1096.12
HPAGF,China High Precision Automation Group Limited,0.029,9,7,11,8,6,4,4,49,0.0,54.0,Weak,🔥 COILED: Watchlist only,25,0.0,0.0,0.0,46.9,0,,Technology,54987500.0,368.38
LMRMF,Lomiko Metals Inc,0.089,15,11,7,13,6,12,5,69,-18,54,Weak,Watchlist only,48,64.8,64.8,48.7,73.9,3,10,Basic Materials,7123595.0,21557.44
CSBI,Carroll Shelby International Inc,0.181,12,9,11,12,6,4,4,58,-7.0,54.0,Weak,Watchlist only,57,0.0,0.0,1.0,66.9,1,,Consumer Cyclical,860482752.0,2633.53
WTHVF,Westhaven Gold Corp,0.214,14,10,6,14,2,3,5,54,-5.0,54.0,Weak,🔥 COILED: Watchlist only,60,1.1,1.9,2.1,53.1,1,,Basic Materials,55658388.0,109520.47
GWSO,Global Warming Solut,0.25,16,8,7,17,7,9,5,69,-20,54,Weak,Watchlist only,48,224.7,331.0,206.1,78.8,3,10,Technology,4133150.0,5482.44
MYRUF,Myriad Uranium Corp.,0.35,14,10,9,13,9,0,4,59,-8.0,54.0,Weak,Watchlist only,49,3.7,0.5,1.6,52.0,2,,Basic Materials,38262196.0,304544.05
MCHHF,Macmahon Holdings Limited,0.63,12,5,11,8,6,5,4,51,-2.0,54.0,Weak,🔥 COILED: Watchlist only,60,0.0,0.0,0.2,66.5,0,,Basic Materials,1277457792.0,0.0
SFGRF,SFGRF,0.95,15,7,11,9,4,2,5,53,-2.0,54.0,Weak,Watchlist only,47,0.0,4.4,4.1,64.8,0,,Financial Services,5366756864.0,13314.9
PBMWW,Psyence Biomedical Ltd. Warrant,0.035,13,9,5,15,9,2,5,58,-2.2,53.8,Weak,Watchlist only,59,15.9,44.2,22.0,59.8,2,,nan,nan,37221.31
MRES,Institute of Biomedical Research Corp,0.001,7,7,9,14,3,7,5,52,-1.0,53,Weak,Watchlist only,39,0.0,0.0,-0.5,48.4,2,,Healthcare,3460845.0,994852.65
SOFE,Carepay Holdings Inc,0.002,10,6,10,12,4,2,4,48,2.0,53.0,Weak,Watchlist only,53,0.0,0.0,0.0,59.5,0,,Healthcare,45302.0,1210.31
GALOF,Galore Resources Inc,0.015,14,5,6,15,4,3,5,52,-2.0,53.0,Weak,Watchlist only,42,0.0,2.7,13.7,63.6,0,,Basic Materials,2659510.0,12632.2
ASBPW,"Aspire Biopharma Holdings, Inc.",0.024,10,7,10,13,9,7,5,61,-11.0,53.0,Weak,Watchlist only,52,14.3,20.0,12.9,56.6,3,,nan,nan,29533.26
CTLDF,Controladora Axtel S.A.B. de C.V.,0.04,10,7,9,12,4,2,4,48,0.0,53.0,Weak,🔥 COILED: Watchlist only,47,0.0,0.0,0.0,50.0,0,,nan,192752928.0,34285.56
TNTMF,Transition Metals Corp,0.048,8,10,9,8,3,4,4,46,2.0,53.0,Weak,🔥 COILED: Watchlist only,36,2.6,2.6,0.9,50.9,0,,Basic Materials,3833396.0,12851.71
RSCF,Reflect Scientific Inc,0.041,9,15,7,8,8,3,4,54,-1.0,53.0,Weak,Watchlist only,22,2.5,2.5,0.7,48.0,0,,Healthcare,3512227.0,37628.0
WHLT,Chase Packaging Corp,0.05,13,8,8,11,1,4,5,50,-2.0,53.0,Weak,🔥 COILED: Watchlist only,33,0.0,0.0,0.9,60.3,0,,Financial Services,3094108.0,1123.79
CCFLU,Community Choice Financial Holdings LLC,0.045,18,6,10,9,4,5,5,57,0.0,53.0,Weak,Watchlist only,65,7.1,12.5,12.0,76.4,2,,Financial Services,nan,44976.33
GRCAF,Gold Springs Resource Corp,0.065,8,6,11,10,4,2,4,45,0.0,53.0,Weak,🔥 COILED: Watchlist only,45,0.0,0.0,0.7,52.8,0,,Basic Materials,18395878.0,19458.57
EREPF,Zonte Metals Inc,0.079,11,7,11,7,6,2,4,48,0.0,53.0,Weak,🔥 COILED: Watchlist only,32,0.0,0.0,0.2,59.1,0,,Basic Materials,5957287.0,3323.5
AGTEF,AGTech Holdings Limited,0.105,12,7,9,13,6,1,4,52,-2.0,53.0,Weak,Watchlist only,53,0.0,0.0,0.6,66.8,0,,Consumer Cyclical,1208761472.0,5248.58
WECFF,White Energy Company Limited,0.136,15,7,9,9,6,0,2,48,2.0,53.0,Weak,Watchlist only,43,-3.8,-6.5,1.2,54.0,0,,Energy,57389896.0,0.0
STXPF,Stuhini Exploration Ltd,0.12,12,16,7,9,5,2,4,55,-5.0,53.0,Weak,Watchlist only,48,0.0,1.4,1.7,53.7,2,,Basic Materials,6692629.0,14561.4
CRGCF,CRGCF,0.155,17,6,9,11,3,1,5,52,-2.0,53.0,Weak,Watchlist only,0,0.0,0.0,0.7,64.9,0,,Basic Materials,10160110.0,0.0
NTWOW,Newbury Street II Acquisition Corp Warrant,0.269,16,10,5,9,4,4,5,53,2.0,53.0,Weak,Watchlist only,56,12.1,12.1,14.5,70.8,2,,nan,nan,5019.56
GIXXR,GigCapital9 Corp. Rights,0.31,14,5,5,13,7,2,2,48,2.0,53.0,Weak,Watchlist only,0,-1.6,19.2,3.0,52.0,2,,nan,nan,0.0
QSEGF,Quantum Secure Encryption Corp.,0.39,15,12,7,13,7,2,5,61,-6.0,53.0,Weak,Watchlist only,59,1.0,2.6,4.5,56.5,2,,Technology,26553582.0,0.0
FULO,FullNet Communications Inc,0.4,6,8,3,13,9,6,4,49,2.0,53,Weak,Watchlist only,48,14.3,-25.4,2.2,51.2,1,,Communication Services,6890420.0,0.0
MFRVF,Minera Frisco S.A.B. de C.V,0.59,12,7,10,8,6,2,5,50,-2.0,53.0,Weak,🔥 COILED: Watchlist only,46,0.0,0.0,10.7,62.1,0,,Basic Materials,3656042752.0,181.75
VARXF,BOE Varitronix Limited,0.634,11,6,4,7,6,7,4,45,0.0,53.0,Weak,🔥 COILED: Watchlist only,27,0.0,0.0,0.6,53.4,0,,Technology,412566016.0,183.48
CCIIW,Cohen Circle Acquisition Corp. II Warrant,0.8,17,5,11,9,3,2,5,52,1.0,53.0,Weak,Watchlist only,55,1.3,0.0,2.6,61.9,0,,nan,3795000.0,11854.5
MOGLF,Mongolian Mining Corporation,0.96,12,5,5,12,4,5,5,48,2.0,53.0,Weak,Watchlist only,21,5.5,1.1,5.2,56.7,0,,Basic Materials,930963072.0,1982.5
TRAGF,TeraGo Inc,1.0,18,4,7,14,6,4,5,58,-5.0,53.0,Weak,Watchlist only,55,4.2,4.2,3.2,73.7,1,,Communication Services,39035620.0,171.66
DFNSW,T3 Defense Inc.,0.102,15,15,5,10,6,2,5,58,-1.8,52.2,Weak,Watchlist only,0,22.4,7.7,26.5,58.3,1,,nan,nan,0.0
AVEFF,Avecho Biotechnology Limited,0.004,9,8,10,7,3,4,4,45,2.0,52.0,Weak,🔥 COILED: Watchlist only,45,0.0,0.0,0.0,49.4,0,,Healthcare,13909413.0,10500.0
TLDE,Tld3 Entertainment Group Inc,0.004,11,4,10,7,3,6,4,45,2.0,52.0,Weak,🔥 COILED: Watchlist only,50,0.0,0.0,-0.0,48.5,0,,Communication Services,1956402.0,639.02
ELIQQ,"Electriq Power Holdings, Inc.",0.01,10,9,11,9,3,4,4,50,-3.0,52.0,Weak,🔥 COILED: Watchlist only,46,0.0,0.0,0.0,54.8,1,,Industrials,417372.0,1494.05
CCEDF,Cascadero Copper Corporation,0.018,12,5,4,10,6,5,5,47,0.0,52.0,Weak,🔥 COILED: Watchlist only,39,0.0,20.0,5.0,53.9,2,,Basic Materials,5402337.0,29298.36
NOSUF,Nerds on Site Inc,0.03,15,9,12,11,6,11,5,69,-13.0,52.0,Weak,Watchlist only,71,17.2,17.2,15.3,94.5,2,,Technology,2834714.0,4180.51
DOUUF,Douugh Limited,0.035,16,7,5,7,6,2,4,47,2.0,52.0,Weak,Watchlist only,50,0.0,0.0,6.3,56.8,0,,Technology,15603641.0,720.0
GZDIF,Grizzly Discoveries Inc,0.05,17,6,3,11,3,2,5,47,2.0,52.0,Weak,Watchlist only,54,25.7,0.6,7.6,53.9,0,,Basic Materials,11711753.0,105396.62
GENFF,Genflow Biosciences plc,0.054,17,6,7,14,4,1,5,54,-2.0,52.0,Weak,Watchlist only,45,0.0,0.6,19.2,66.0,0,,Healthcare,22656392.0,13135.5
UJOGF,UJOGF,0.07,14,3,11,9,6,2,4,49,-5.0,52.0,Weak,🔥 COILED: Watchlist only,42,0.0,0.0,0.4,54.8,1,,Energy,9526782.0,1377.63
MYIDF,Killi Ltd,0.064,17,10,7,16,6,2,5,63,-12.0,52.0,Weak,Watchlist only,56,-0.6,2.4,8.0,67.3,1,,Technology,8211173.0,24207.89
ORFDF,Orefinders Resources Inc,0.089,14,8,9,7,3,3,5,49,0.0,52.0,Weak,Watchlist only,45,2.8,2.5,1.2,52.4,0,,Basic Materials,22126632.0,60248.5
FGCO,Pacific Oil Co,0.084,12,5,7,9,6,8,5,52,0.0,52.0,Weak,Watchlist only,53,0.0,-14.3,0.7,52.6,0,,Financial Services,8484319.0,12474.03
SVGAF,Silver Grail Resources Ltd,0.1,15,7,11,10,3,3,5,54,-2.0,52.0,Weak,Watchlist only,42,25.0,25.0,10.9,61.8,2,,Basic Materials,4856508.0,12590.66
OXBRW,Oxbridge Re Holdings Equity Warrant,0.125,8,11,4,14,8,0,5,50,2.0,52.0,Weak,Watchlist only,50,16.2,-16.9,6.8,53.8,0,,nan,574505.0,6077.8
GV,Visionary Education Technology Holdings Group Inc.,0.187,7,15,9,10,5,2,2,50,-3.0,52.0,Weak,Watchlist only,40,8.1,4.1,1.6,47.4,2,,Consumer Defensive,1048574.0,5632743.85
CXXMF,CMX Gold & Silver Corp,0.215,9,6,11,12,6,6,4,54,-5.0,52.0,Weak,Watchlist only,47,0.0,0.0,0.0,58.1,1,,Basic Materials,18619606.0,1141.12
RSAU,Rooshine Inc,0.229,12,8,5,7,4,2,4,42,2.0,52.0,Weak,🔥 COILED: Watchlist only,33,0.0,0.0,0.7,51.9,0,,Consumer Defensive,5129669.0,90.99
KBRIF,KBRIF,0.25,17,9,6,18,6,8,5,69,-22,52,Weak,Watchlist only,63,52.6,52.6,45.8,77.5,3,6,Basic Materials,23005396.0,585.03
CSTPF,Arrow Exploration Corp,0.346,9,8,5,12,3,7,5,49,0.0,52.0,Weak,Watchlist only,45,-1.0,-3.8,-2.2,48.2,0,,Energy,103197032.0,54354.44
BOYAF,Boyaa Interactive International Limited,0.45,9,6,10,9,3,6,4,47,2.0,52.0,Weak,Watchlist only,43,0.0,0.0,-0.0,58.4,1,,Communication Services,904208064.0,0.0
AROAF,AROAF,0.52,16,3,6,8,6,6,4,49,-2.0,52.0,Weak,🔥 COILED: Watchlist only,53,0.0,0.0,0.5,62.6,0,,Healthcare,173376752.0,1812.25
GEBRF,Greenbriar Capital Corp,0.54,16,11,10,10,6,7,4,64,-17.0,52.0,Weak,Watchlist only,68,16.6,5.9,11.9,66.5,1,,Utilities,23638492.0,6446.51
ECTM,ECA Marcellus Trust I Unit,0.63,14,12,10,5,8,3,5,57,-8.0,52.0,Weak,🔥 COILED: Watchlist only,56,3.3,0.0,2.5,54.1,1,,Energy,10915100.0,29803.92
WORX,Scworx Corp,0.61,14,7,5,14,6,4,5,55,-3.0,52.0,Weak,Watchlist only,58,8.0,-13.8,8.7,56.6,2,,Healthcare,650926.0,600159.01
CREAF,Creative Technology Ltd,0.69,11,7,9,7,4,8,4,50,-3.0,52.0,Weak,🔥 COILED: Watchlist only,43,0.0,0.0,-0.1,48.5,1,,Technology,55261568.0,275.62
WYNMF,Wynn Macau Ltd,0.73,17,5,8,9,4,6,5,54,-2.0,52.0,Weak,Watchlist only,36,7.4,10.6,7.4,64.1,2,,Consumer Cyclical,3823585024.0,0.0
NETLF,NetLink NBN Trust,0.769,12,8,5,9,3,1,4,42,2.0,52.0,Weak,🔥 COILED: Watchlist only,45,0.0,0.0,0.0,49.3,0,,Communication Services,2951955456.0,157.35
XHG,XChange TEC.INC,0.966,17,7,4,12,2,2,5,49,0.0,52.0,Weak,Watchlist only,36,2.3,10.3,2.3,52.1,2,,Financial Services,49821072.0,22765.39
RNGE,RING ENERGY INC,0.901,15,9,6,16,6,2,5,59,-10.2,51.8,Weak,Watchlist only,66,26.9,11.2,27.2,68.1,2,,Basic Materials,107735080.0,36080.59
POLEW,Andretti Acquisition Corp. II Warrant,0.22,12,12,4,16,6,0,5,55,-3.8,51.2,Weak,Watchlist only,47,-4.3,98.0,28.5,57.0,2,,nan,nan,22593.48
PCOGF,Pancontinental Oil & Gas NL,0.009,13,5,9,15,4,2,5,53,0.0,51.0,Weak,Watchlist only,47,21.6,21.6,15.6,66.2,2,,Energy,59659776.0,159559.79
DELX,Delex Healthcare Group Inc.,0.008,16,12,2,11,6,4,5,56,-5.0,51.0,Weak,Watchlist only,60,-12.6,43.1,15.5,60.5,2,,Healthcare,16596844.0,81307.37
AGDY,Agri-Dynamics Inc,0.004,14,12,10,16,3,3,5,63,-15.0,51.0,Weak,Watchlist only,30,46.7,37.5,33.2,63.7,2,,Energy,8889784.0,305698.71
EATR,Eastern Asteria Inc,0.001,9,8,8,16,3,2,4,50,-3.0,51.0,Weak,Watchlist only,52,0.0,0.0,0.6,49.9,1,,Financial Services,3061576.0,2758745.22
QYBX,Qian Yuan Baixing Inc,0.007,14,6,11,7,4,4,5,51,-5.0,51.0,Weak,🔥 COILED: Watchlist only,30,0.0,0.0,1.8,57.5,1,,Consumer Cyclical,549850.0,18575.15
GMPW,GiveMePower Corp,0.01,10,8,11,12,4,2,4,51,-3.0,51.0,Weak,Watchlist only,49,0.0,0.0,1.0,70.0,0,,Real Estate,437928.0,11406.39
PRPI,Perpetual Industries Inc,0.012,11,8,8,7,6,2,4,46,-3.0,51.0,Weak,🔥 COILED: Watchlist only,37,0.0,0.0,1.5,53.3,1,,Industrials,1439120.0,2564.54
PTEFF,Pioneering Technology Corp,0.02,13,8,7,9,6,2,4,49,-3.0,51.0,Weak,🔥 COILED: Watchlist only,59,0.0,0.0,3.6,53.7,1,,Industrials,1120834.0,3018.45
BENFW,Beneficient Warrant,0.012,10,9,4,15,5,5,5,53,0.0,51.0,Weak,Watchlist only,56,1.7,9.3,1.9,53.8,1,,nan,nan,146241.15
PROCF,Sofgen Pharma S.A.,0.025,15,7,11,9,6,2,4,54,-8.0,51.0,Weak,🔥 COILED: Watchlist only,0,0.0,0.0,0.7,71.2,1,,Healthcare,58413728.0,0.0
TKMOD,"Tekumo, Inc.",0.023,13,11,4,15,4,4,3,54,-3.0,51.0,Weak,Watchlist only,49,5.6,27.0,5.0,51.3,2,,Technology,260814.0,17856.65
TAOIF,TAG Oil Ltd.,0.06,9,8,7,15,4,0,5,48,-1.0,51.0,Weak,Watchlist only,33,-0.3,-0.3,5.8,55.6,1,,Energy,19711392.0,59068.93
BLSIF,BLSIF,0.06,10,7,11,9,3,2,4,46,0.0,51.0,Weak,🔥 COILED: Watchlist only,47,0.0,0.0,0.0,52.2,0,,Healthcare,9735260.0,133.24
NDATF,nDatalyze Corp,0.08,15,8,6,9,4,2,4,48,-5.0,51.0,Weak,🔥 COILED: Watchlist only,51,0.0,0.0,0.7,52.6,1,,Healthcare,4562532.0,2067.5
NIROF,SportsHero Limited,0.088,15,5,5,9,6,2,4,46,2.0,51.0,Weak,Watchlist only,44,0.0,0.0,2.6,55.6,0,,Communication Services,79381984.0,1788.3
PUMXF,Puma Exploration Inc,0.081,8,12,14,8,3,2,5,52,-1.0,51.0,Weak,Watchlist only,23,15.7,15.7,7.9,55.5,2,,Basic Materials,16407767.0,25241.44
PBEGF,Touchstone Exploration Inc,0.1,16,5,7,12,1,5,5,51,0.0,51.0,Weak,Watchlist only,22,11.1,0.0,4.7,59.9,0,,Energy,34960812.0,79050.29
IDBDF,IDBDF,0.101,18,10,7,14,4,6,2,61,-6.0,51.0,Weak,Watchlist only,0,0.3,0.3,9.9,56.8,1,,Technology,3294897.0,0.0
TBNRL,Tamboran Resources Corporation,0.185,12,6,11,10,6,5,4,54,-8.0,51.0,Weak,🔥 COILED: Watchlist only,62,0.0,0.0,0.1,74.8,1,,Energy,1289687296.0,6239.64
DMAAR,Drugs Made In America Acquisition Corp. Rights,0.16,16,8,5,13,7,1,5,55,-2.0,51.0,Weak,Watchlist only,56,-5.9,39.4,19.7,64.6,2,,nan,1833960.0,81662.17
CSTWF,Constellation Acquisition Corp I,0.23,12,10,4,14,9,7,5,61,-13.0,51.0,Weak,Watchlist only,65,15.0,27.8,14.0,53.7,3,,nan,nan,0.0
RROYF,RE Royalties Ltd,0.27,18,4,5,9,4,9,4,53,-2.0,51.0,Weak,Watchlist only,43,7.0,7.0,3.5,62.2,1,,Utilities,11750932.0,1721.54
ALVLF,Big Ridge Gold Corp,0.338,12,7,9,7,1,5,5,46,2.0,51.0,Weak,Watchlist only,60,-3.4,-6.1,0.5,51.7,0,,Basic Materials,99485048.0,208638.2
MREO,Mereo BioPharma Group PLC ADR,0.309,10,11,7,9,9,2,2,50,-3.0,51.0,Weak,Watchlist only,37,1.1,-1.5,0.1,49.9,2,,Healthcare,49385996.0,6225034.62
CHKR,Chesapeake Granite Wash Trust,0.345,7,12,5,11,4,1,4,44,2.0,51.0,Weak,🔥 COILED: Watchlist only,32,0.6,0.9,0.8,50.2,1,,Energy,16128750.0,33525.08
LONKF,Lonking Holdings Limited,0.36,8,8,11,7,0,6,4,44,2.0,51.0,Weak,🔥 COILED: Watchlist only,46,0.0,0.0,0.0,40.4,0,,Industrials,1425273344.0,0.0
VIPZ,"VIP Play, Inc.",0.35,11,4,11,10,4,3,5,48,-5.0,51.0,Weak,🔥 COILED: Watchlist only,40,0.0,0.0,1.9,54.0,1,,Consumer Cyclical,18364464.0,13411.82
VIBEF,Vibe Growth Corporation,0.39,14,4,8,7,6,5,5,49,-3.0,51.0,Weak,🔥 COILED: Watchlist only,56,0.0,0.0,0.8,55.0,1,,Healthcare,505083.0,142.0
MLSS,Milestone Scientific,0.43,15,10,5,15,4,4,5,58,-7.0,51.0,Weak,Watchlist only,62,4.4,6.7,9.2,60.8,1,,Healthcare,38033248.0,1134015.94
TRAC,Track Data Corporation Inc,0.41,9,6,6,10,6,2,4,43,0.0,51.0,Weak,🔥 COILED: Watchlist only,26,0.0,0.0,6.0,41.2,0,,Financial Services,1658400.0,9.0
SMEBF,Sime Darby Bhd,0.56,7,6,11,11,3,6,4,48,0.0,51.0,Weak,Watchlist only,0,0.0,0.0,0.0,38.5,0,,Consumer Cyclical,4498294784.0,0.0
LRKKF,Lark Distilling Co. Ltd,0.624,13,8,8,10,4,1,4,48,-5.0,51.0,Weak,🔥 COILED: Watchlist only,40,0.0,0.0,0.6,53.7,1,,Consumer Defensive,56603868.0,643.58
CSDX,CS Diagnostics Corp.,0.07,11,9,7,14,5,2,5,53,-2.8,50.2,Weak,Watchlist only,28,19.7,16.7,25.1,60.7,2,,Healthcare,17499454.0,64611.75
EGRAF,Energy Resources of Australia Ltd,0.009,10,9,11,8,3,2,4,47,0.0,50.0,Weak,Watchlist only,52,0.0,0.0,0.0,59.3,0,,Energy,932411328.0,29303.37
NWMH,National Waste Management Holdings Inc,0.01,12,7,9,12,4,2,4,50,-5.0,50.0,Weak,🔥 COILED: Watchlist only,50,0.0,0.0,2.3,50.0,1,,Industrials,689190.0,6990.04
ROXIF,Caspian Sunrise plc,0.02,14,4,4,10,6,3,4,45,0.0,50.0,Weak,🔥 COILED: Watchlist only,42,0.0,0.0,4.3,59.4,0,,Energy,15872829440.0,73.25
FNINF,49 North Resources Inc,0.015,8,7,11,8,3,4,4,45,0.0,50.0,Weak,🔥 COILED: Watchlist only,36,0.0,0.0,0.0,53.2,0,,Financial Services,2494650.0,10020.0
SPFYF,Spacefy Inc,0.019,15,5,12,14,6,2,5,59,-12.0,50.0,Weak,Watchlist only,60,0.0,0.0,7.5,63.2,0,,Communication Services,808110.0,2628.9
TYPTF,Entropy Neurodynamics Limited,0.025,19,5,5,9,3,1,5,47,0.0,50.0,Weak,Watchlist only,44,25.0,25.0,18.9,58.2,2,,Healthcare,32636536.0,38212.09
RNCHF,RNCHF,0.028,15,5,4,7,6,6,4,47,0.0,50.0,Weak,Watchlist only,46,0.0,0.0,4.6,58.2,0,,Basic Materials,2362342.0,1382.49
TRGGF,Tarachi Gold Corp,0.037,19,4,10,9,4,2,5,53,-3.0,50.0,Weak,Watchlist only,50,19.4,19.4,12.9,75.0,2,,Basic Materials,3744506.0,13676.16
PBFFF,Planet Based Foods Global Inc,0.034,15,5,8,9,4,4,5,50,-3.0,50.0,Weak,Watchlist only,30,0.0,0.0,18.5,74.8,0,,Healthcare,1193346.0,1364.53
CRLEF,CRLEF,0.097,9,11,5,11,3,2,4,45,2.0,50.0,Weak,Watchlist only,31,3.3,-11.5,3.6,51.0,0,,nan,nan,14795.0
XYLB,Xy Labs Inc.,0.12,8,7,11,10,3,4,4,47,0.0,50.0,Weak,Watchlist only,45,0.0,0.0,0.0,59.8,0,,Technology,1439695.0,419.18
RTLGF,St. Augustine Gold and Copper Limited,0.173,14,10,4,7,4,7,2,48,2.0,50.0,Weak,Watchlist only,38,17.3,18.4,12.6,55.3,2,,Basic Materials,212558112.0,8667.69
AZZTF,Aztec Minerals Corp,0.177,13,7,9,14,3,4,5,55,-5.0,50.0,Weak,Watchlist only,36,-1.3,5.4,2.4,55.6,1,,Basic Materials,34527544.0,159638.41
DYNCW,Dynamix Corporation,0.17,15,10,8,14,4,5,5,61,-11.0,50.0,Weak,Watchlist only,0,6.2,6.2,7.3,54.4,0,,nan,nan,0.0
FMANF,Freeman Gold Corp,0.248,17,10,5,8,5,3,5,53,-3.0,50.0,Weak,Watchlist only,61,6.6,4.8,4.7,57.2,1,,Basic Materials,76414424.0,89111.41
CCEYF,CCEYF,0.242,17,11,5,10,4,3,5,55,-5.0,50.0,Weak,Watchlist only,0,11.8,8.7,8.2,58.7,1,,nan,nan,0.0
LYPHF,Luye Pharma Group Ltd,0.27,8,5,3,12,6,3,5,42,0.0,50.0,Weak,🔥 COILED: Watchlist only,20,0.0,32.3,3.3,51.7,2,,Healthcare,1078519296.0,24623.97
CANOF,California Nanotechnologies Corp,0.251,11,13,4,14,8,0,5,55,-3.0,50.0,Weak,Watchlist only,59,-3.7,2.2,3.7,55.2,1,,Basic Materials,11753364.0,23307.33
GIGNF,Genting Singapore Limited,0.52,11,7,11,7,4,1,4,45,0.0,50.0,Weak,🔥 COILED: Watchlist only,23,0.0,0.0,0.3,55.4,0,,Consumer Cyclical,6024695296.0,0.0
FPNUF,FP Newspapers Inc,0.59,12,6,11,7,3,2,4,45,0.0,50.0,Weak,🔥 COILED: Watchlist only,52,0.0,0.0,0.0,50.0,0,,Communication Services,2761036.0,24.0
RYDE,Ryde Group Ltd.,0.644,7,13,7,14,4,6,4,55,-5.0,50.0,Weak,Watchlist only,37,-6.3,0.9,-2.5,45.5,2,,Technology,116065736.0,1094715.26
UPXI,Upexi Inc.,0.881,6,14,10,8,3,2,5,48,4.0,50,Weak,Watchlist only,28,2.2,5.3,3.4,50.9,1,,Communication Services,64711528.0,4023838.97
HKBNF,HKBN Ltd,0.914,13,4,5,8,6,2,4,42,0.0,50.0,Weak,🔥 COILED: Watchlist only,52,0.0,0.0,1.1,53.8,0,,Communication Services,1350994944.0,10.2
AWON,A1 Group Inc,0.003,9,4,7,14,3,7,5,49,0.0,49.0,Weak,Watchlist only,44,0.0,8.0,6.2,56.9,1,,Consumer Defensive,2240889.0,418699.63
VSOLF,Three Sixty Solar Ltd.,0.01,13,6,10,8,6,2,4,49,-5.0,49.0,Weak,🔥 COILED: Watchlist only,55,0.0,0.0,0.7,50.0,1,,Technology,460711.0,710.5
DYNA,Dynastar Holdings Inc,0.012,15,11,7,8,6,3,5,55,-2.0,49.0,Weak,Watchlist only,58,20.0,20.0,16.1,65.3,2,,Financial Services,29230310.0,34362.67
GJST,GEO JS Tech Group Corp,0.012,7,7,10,8,1,5,4,42,2.0,49.0,Weak,🔥 COILED: Watchlist only,21,0.0,0.0,-0.6,48.1,0,,Basic Materials,2490360.0,35525.59
DAAT,DAC Technologies Group International Inc,0.02,7,7,11,10,3,2,4,44,0.0,49.0,Weak,🔥 COILED: Watchlist only,44,0.0,0.0,0.0,50.0,0,,Consumer Cyclical,115315.0,1054.98
ADRLF,Adavale Resources Limited,0.026,14,8,5,7,4,4,4,46,-5.0,49.0,Weak,🔥 COILED: Watchlist only,22,0.0,0.0,1.4,51.2,1,,Energy,3727113.0,25.95
TKMO,Tekumo Inc,0.023,7,8,5,15,3,6,5,49,0.0,49.0,Weak,Watchlist only,24,1.8,15.3,1.1,48.6,2,,Technology,119319.0,17856.65
AMTY,Amerityre Corp,0.04,16,4,6,10,4,7,5,52,-3.0,49.0,Weak,Watchlist only,45,0.0,33.3,9.3,79.9,2,,Consumer Cyclical,3272192.0,5792.83
MDXHF,MedX Health Corp,0.043,15,6,4,9,1,11,5,51,-5.0,49.0,Weak,Watchlist only,45,0.0,0.0,9.4,56.5,1,,Healthcare,14429022.0,5641.51
AEMLF,AEMLF,0.08,12,6,10,7,3,2,4,44,0.0,49.0,Weak,🔥 COILED: Watchlist only,52,0.0,0.0,0.1,50.0,0,,Energy,14325099.0,9309.47
QQFSF,Qinqin Foodstuffs Group (Cayman) Company Limited,0.142,9,6,11,9,3,2,4,44,0.0,49.0,Weak,🔥 COILED: Watchlist only,54,0.0,0.0,0.0,50.0,0,,Consumer Defensive,113500288.0,13.25
SCYYF,Scandium International Mining Corp,0.11,12,11,8,7,4,0,2,44,2.0,49.0,Weak,Watchlist only,60,10.0,-4.3,3.3,51.7,0,,Basic Materials,35732748.0,87396.67
ROYTL,Pacific Coast Oil Trust,0.15,10,6,10,12,7,0,4,49,0.0,49.0,Weak,Watchlist only,48,0.0,0.0,1.5,56.0,0,,Energy,5787474.0,9489.54
ALFUW,Centurion Acquisition Corp. Warrant,0.244,13,14,3,8,9,3,2,52,-1.0,49.0,Weak,Watchlist only,52,26.8,26.8,12.1,56.7,2,,nan,nan,20929.02
PLPKF,PPK Group Limited,0.262,12,5,10,11,6,3,4,51,-7.0,49.0,Weak,🔥 COILED: Watchlist only,35,0.0,0.0,0.2,66.5,1,,Industrials,27373722.0,298.0
CWVWF,Lithoquest Resources Inc,0.3,12,4,9,8,6,3,4,46,-5.0,49.0,Weak,🔥 COILED: Watchlist only,51,0.0,-3.2,0.1,53.3,1,,Basic Materials,6199875.0,8749.32
OSRH,OSR Holdings Inc,0.457,14,14,5,12,3,4,5,57,-6.0,49.0,Weak,Watchlist only,33,4.2,26.1,11.0,59.9,2,,Healthcare,16035195.0,4029806.86
ZDPY,Zoned Properties Inc,0.469,11,5,10,11,1,6,5,49,-5.0,49.0,Weak,🔥 COILED: Watchlist only,56,0.0,0.4,0.3,50.9,1,,Real Estate,6168628.0,8675.13
SKKY,Skkynet Cloud Systems Inc,0.5,12,5,7,14,5,4,5,52,-3.0,49.0,Weak,Watchlist only,58,2.0,0.0,3.7,59.8,1,,Technology,18600338.0,3664.52
LTRE,Learning Tree International Inc,0.51,12,7,11,9,3,4,4,50,-4.0,49.0,Weak,Watchlist only,49,0.0,0.0,0.0,64.4,1,,Consumer Defensive,6744418.0,385.23
JETMF,Global Crossing Airlines Inc,0.62,6,14,9,10,3,2,3,47,-1.0,49.0,Weak,Watchlist only,34,8.8,7.3,3.9,51.7,2,,Industrials,41428572.0,75070.31
TACOW,Berto Acquisition Corp. Warrant,0.715,14,9,7,9,7,0,5,51,-5.0,49.0,Weak,Watchlist only,54,-3.4,-3.4,-0.1,51.5,1,,nan,1626949.0,44549.56
CDTI,CDTi Advanced Materials Inc,0.77,13,7,5,11,3,3,5,47,-1.0,49.0,Weak,Watchlist only,35,8.5,-3.7,1.7,52.4,1,,Consumer Cyclical,3466001.0,4444.4
WNRS,Winners Inc,0.823,11,8,4,13,6,5,2,49,-5.0,49.0,Weak,🔥 COILED: Watchlist only,52,0.0,0.0,7.2,54.2,1,,Consumer Cyclical,52579156.0,316767.5
TSE,Trinseo SA,0.82,17,7,9,7,5,2,5,52,-8.0,49.0,Weak,🔥 COILED: Watchlist only,42,0.0,1.2,2.1,54.1,1,,Basic Materials,8278525.0,9406255.13
BOPCF,BioPharma Credit PLC,0.969,16,11,9,4,8,8,3,59,-9.0,49.0,Weak,Watchlist only,58,1.2,1.2,1.1,66.2,0,,nan,1161350784.0,47958.61
SDURF,Stroud Resources Ltd,0.091,15,11,5,9,6,3,5,54,-1.8,48.2,Weak,Watchlist only,50,21.1,21.1,27.6,57.1,2,,Energy,4771740.0,0.0
LECBF,Lepanto Consolidated Mining Company,0.002,6,6,10,10,3,5,5,45,0.0,48.0,Weak,Watchlist only,26,0.0,0.0,1.9,42.4,0,,Basic Materials,146026672.0,8667.54
EMBR,Embarr Downs Inc,0.005,17,10,6,18,6,8,5,70,-27,48,Weak,Watchlist only,65,65.6,65.6,54.8,77.3,3,3,Financial Services,6429080.0,984819.96
MVNT,Visual Healthcare Corp,0.01,6,11,11,12,3,4,4,51,-1.0,48.0,Weak,Watchlist only,26,16.3,-1.0,1.0,47.9,0,,Financial Services,3399198.0,146683.74
ELLXF,Elixinol Global Ltd,0.007,11,9,9,11,6,0,2,48,-5.0,48.0,Weak,🔥 COILED: Watchlist only,39,-2.7,-32.4,1.3,50.2,1,,Healthcare,1655951.0,0.0
LDSN,Luduson G Inc,0.002,17,4,10,13,6,6,5,61,-13.0,48.0,Weak,Watchlist only,47,0.0,0.0,11.7,87.6,0,,Communication Services,957899.0,2372.09
HUMT,Humatech Inc,0.009,13,4,11,7,6,7,4,52,-7.0,48.0,Weak,Watchlist only,56,0.0,1.1,0.8,68.8,1,,Basic Materials,845500.0,3741.8
CLRD,Clearday Inc,0.002,9,6,9,12,4,3,5,48,-5.0,48.0,Weak,🔥 COILED: Watchlist only,50,0.0,0.0,8.4,54.6,1,,Healthcare,65434.0,1111.27
ACAI,Safeplus International Holdings Ltd,0.001,15,5,7,10,6,2,5,50,-5.0,48.0,Weak,Watchlist only,59,0.0,0.0,5.9,50.0,1,,Financial Services,25384.0,105.04
GRRP,Granite Broadcasting Corporation,0.001,10,6,11,7,3,2,4,43,0.0,48.0,Weak,🔥 COILED: Watchlist only,54,0.0,0.0,0.0,50.0,0,,Communication Services,nan,0.0
RFHRF,Renforth Resources Inc,0.017,13,5,5,13,1,7,5,49,-2.0,48.0,Weak,Watchlist only,44,2.4,8.1,2.4,53.0,2,,Basic Materials,8263100.0,57242.13
VINZF,VINZF,0.027,6,6,11,9,5,1,5,43,0.0,48.0,Weak,🔥 COILED: Watchlist only,31,0.0,0.0,2.9,54.7,0,,nan,5669148.0,10528.33
TPHS,Trinity Place Holdings Inc,0.025,13,11,11,12,9,6,5,67,-19.0,48.0,Weak,Watchlist only,36,10.0,9.5,9.4,68.5,3,,Real Estate,1670995.0,36168.94
TRRE,Terra Energy Res,0.04,13,6,6,9,6,3,5,48,0.0,48.0,Weak,Watchlist only,55,0.0,0.0,2.1,56.6,0,,Real Estate,14875703.0,5364.24
CKALF,CKALF,0.06,15,6,11,10,6,4,4,56,-13.0,48.0,Weak,🔥 COILED: Watchlist only,59,0.0,0.0,1.0,100.0,0,,Basic Materials,64736940.0,1137.5
JLRRF,South Atlantic Gold Inc,0.07,6,7,8,10,3,7,4,45,0.0,48.0,Weak,Watchlist only,47,0.0,0.0,-2.2,32.8,0,,Basic Materials,14635122.0,9941.9
SAVNF,Savannah Resources Plc,0.08,8,4,10,9,3,5,4,43,0.0,48.0,Weak,🔥 COILED: Watchlist only,44,0.0,0.0,-0.9,43.5,0,,Basic Materials,206035968.0,13510.16
PHRZF,Pharol SGPS S.A,0.08,14,8,4,9,6,1,5,47,1.0,48.0,Weak,Watchlist only,44,0.0,0.0,6.9,62.1,0,,Financial Services,65745836.0,16637.33
NBVAF,Nubeva Technologies Ltd,0.099,14,7,10,8,1,4,2,46,-3.0,48.0,Weak,🔥 COILED: Watchlist only,31,4.2,4.2,2.2,58.2,1,,Technology,7719116.0,5329.73
CYGGF,Cygnus Metals Limited,0.102,14,4,6,14,5,5,5,53,-3.0,48.0,Weak,Watchlist only,40,5.7,5.8,2.7,53.0,1,,Basic Materials,134175816.0,44382.24
KRMKF,Kromek Group plc,0.116,6,12,10,7,3,5,4,47,2.0,48.0,Weak,Watchlist only,25,1.8,1.8,1.0,50.4,0,,Technology,78635984.0,5868.16
MILFF,1CM Inc,0.102,11,5,3,8,4,5,5,41,2.0,48.0,Weak,🔥 COILED: Watchlist only,31,0.0,39.1,6.6,53.3,2,,Healthcare,20641250.0,1023.89
TMGEF,Thermal Energy International Inc,0.11,5,14,6,7,3,4,4,43,2.0,48.0,Weak,Watchlist only,44,1.0,-6.0,-0.7,48.1,1,,Industrials,18805930.0,30607.65
PEXZF,Pacific Ridge Exploration Ltd,0.14,11,14,7,7,4,2,5,50,-5.0,48.0,Weak,Watchlist only,26,7.7,0.0,3.3,52.5,1,,Basic Materials,14192484.0,135401.0
VDOMF,Val-d'Or Mining Corporation,0.12,8,8,11,12,6,2,2,49,-1.0,48.0,Weak,Watchlist only,50,16.5,16.5,8.0,57.5,2,,Basic Materials,11716459.0,14498.59
CGDNF,Conroy Gold and Natural Resources plc,0.14,10,6,11,7,3,2,4,43,0.0,48.0,Weak,🔥 COILED: Watchlist only,54,0.0,0.0,0.0,50.0,0,,Basic Materials,10772921.0,3750.0
VBIZF,Viva Biotech Holdings,0.162,9,6,6,9,3,5,5,43,0.0,48.0,Weak,🔥 COILED: Watchlist only,24,0.0,0.0,0.9,48.6,0,,Healthcare,309563680.0,458.79
QSJC,"Tancheng Group Co., Ltd.",0.165,13,10,5,7,4,2,4,45,-5.0,48.0,Weak,🔥 COILED: Watchlist only,29,0.0,0.0,0.2,52.0,1,,Consumer Cyclical,657233.0,14.53
BXNS,BXNS,0.18,11,5,10,13,3,1,4,47,-2.0,48.0,Weak,Watchlist only,52,0.0,0.0,2.0,64.7,0,,Consumer Defensive,nan,256.46
VEFFF,VEF AB (Publ),0.21,9,6,11,8,3,2,4,43,0.0,48.0,Weak,🔥 COILED: Watchlist only,37,0.0,0.0,0.0,50.0,0,,Financial Services,292447840.0,133.56
KGAUF,Kongsberg Automotive ASA,0.21,10,6,11,9,3,2,4,45,0.0,48.0,Weak,Watchlist only,0,0.0,0.0,0.0,76.4,0,,Consumer Cyclical,130647696.0,0.0
KARX,KARX,0.2,10,10,9,8,5,4,4,50,-5.0,48.0,Weak,Watchlist only,43,11.1,0.0,0.9,50.2,1,,Industrials,17833630.0,22411.37
NTMFF,Neotech Metals Corp.,0.2,8,16,2,9,4,2,5,46,2.0,48.0,Weak,Watchlist only,37,10.0,5.3,6.0,53.4,1,,Basic Materials,17757214.0,32174.54
CYPMF,Cyprium Metals Limited,0.295,19,11,7,10,4,4,5,60,-8.0,48.0,Weak,Watchlist only,65,5.4,5.4,5.9,77.9,2,,Basic Materials,161862336.0,1459.31
FCCI,Fast Casual Concepts Inc,0.41,9,7,11,7,3,2,4,43,0.0,48.0,Weak,🔥 COILED: Watchlist only,32,0.0,0.0,0.0,48.3,0,,Communication Services,10698087.0,20.88
HPIFF,Huadian Power International Corporation Limited,0.614,14,3,11,8,6,2,4,48,-3.0,48.0,Weak,Watchlist only,0,0.0,0.0,0.1,78.3,0,,Utilities,7129629696.0,0.0
IGPYF,Argosy Property Limited,0.75,9,6,11,8,3,2,4,43,0.0,48.0,Weak,🔥 COILED: Watchlist only,49,0.0,0.0,0.0,50.0,0,,Real Estate,882710080.0,51.25
DCOHF,Dickson Concepts (International) Limited,0.81,15,5,4,12,6,4,5,51,-3.0,48.0,Weak,Watchlist only,54,0.0,0.0,1.1,74.0,0,,Consumer Cyclical,312708032.0,0.0
JUGRF,Juggernaut Exploration Ltd,0.845,14,8,6,14,3,3,5,53,-5.0,48.0,Weak,Watchlist only,44,4.3,-0.6,3.6,55.1,1,,Basic Materials,42287688.0,28334.5
AVHHL,AVITA Medical Inc,0.88,13,7,9,13,4,1,5,52,-7.0,48.0,Weak,Watchlist only,44,0.0,0.0,2.6,66.0,1,,Healthcare,111627040.0,92.75
AIJTY,Jianpu Technology Inc.,0.851,10,7,9,8,4,5,5,48,0.0,48.0,Weak,Watchlist only,34,4.9,4.9,1.9,57.4,0,,Financial Services,16241232.0,6740.68
TLSIW,TriSalus Life Sciences Inc.,0.88,9,12,8,10,4,0,5,48,0.0,48.0,Weak,Watchlist only,38,4.8,1.1,6.6,55.9,1,,nan,nan,3307.08
SLSN,"Solesence, Inc. Common Stock",0.91,11,8,2,14,2,6,5,48,0.0,48.0,Weak,Watchlist only,26,18.2,42.2,4.8,50.9,2,,Consumer Defensive,64296720.0,58233.51
NWINF,Naked Wines plc,0.978,18,9,10,7,4,2,5,55,-5.0,48.0,Weak,Watchlist only,64,3.5,3.2,2.6,58.3,1,,Consumer Defensive,62159132.0,2332.45
OPTI,Optec International Inc,0.002,16,12,8,15,6,6,5,68,-18.5,47.5,Weak,Watchlist only,64,46.2,171.4,87.0,71.4,2,,Consumer Cyclical,7078232.0,1871560.7
BJGBF,Beijing Gas Blue Sky Holdings Limited,0.01,15,5,5,7,6,4,4,46,-2.0,47.0,Weak,Watchlist only,43,0.0,0.0,8.0,64.2,0,,Utilities,118227800.0,1287.55
LVCLF,Living Cell Technologies Limited,0.01,13,6,4,7,6,2,4,42,0.0,47.0,Weak,🔥 COILED: Watchlist only,46,0.0,0.0,3.5,54.4,0,,Healthcare,7096498.0,15837.78
TGIFF,1933 Industries Inc,0.005,5,13,10,7,3,2,5,45,2.0,47.0,Weak,Watchlist only,35,4.3,-11.1,3.2,50.4,0,,Healthcare,2187205.0,105141.85
LEHLQ,LEHMAN BROTHERS HOLDINGS CAP TS,0.001,13,6,10,11,6,2,5,53,-2.0,47.0,Weak,Watchlist only,51,0.0,0.0,1.3,64.4,0,,Other,nan,404.9
SGRB,SigmaBroadband Co,0.012,12,6,11,9,3,2,4,47,-5.0,47.0,Weak,🔥 COILED: Watchlist only,50,0.0,0.0,0.1,50.0,1,,Communication Services,8096687.0,35.74
PTOS,P2 Solar Inc,0.012,12,6,4,13,3,4,5,47,0.0,47.0,Weak,Watchlist only,48,-20.0,-7.0,0.6,52.2,0,,Technology,1542858.0,16841.04
SSOK,Sunstock Inc,0.019,13,7,10,11,6,4,4,55,-13.0,47.0,Weak,🔥 COILED: Watchlist only,51,0.0,0.0,0.3,89.1,0,,Consumer Cyclical,113587.0,139.96
MEOAF,Melbana Energy Limited,0.024,10,6,10,9,3,2,4,44,0.0,47.0,Weak,Watchlist only,29,0.0,0.0,-0.0,18.1,0,,Energy,75639376.0,2282.0
NMGX,Nano Magic Inc,0.029,8,8,11,10,3,3,4,47,-5.0,47.0,Weak,🔥 COILED: Watchlist only,19,0.0,0.0,0.8,53.3,1,,Basic Materials,427679.0,1581.01
WSRRF,Harrys Manufacturing Inc,0.055,6,5,6,10,6,5,4,42,0.0,47.0,Weak,🔥 COILED: Watchlist only,45,0.0,0.0,-0.3,49.8,0,,Consumer Defensive,6537166.0,1071.49
FGHQF,Frontage Holdings Corporation,0.135,12,7,9,7,4,1,4,44,-2.0,47.0,Weak,🔥 COILED: Watchlist only,31,0.0,0.0,0.8,60.2,0,,Healthcare,273743360.0,5090.0
CRKT,Cirmaker Technology Corporation,0.148,16,7,5,14,4,1,3,50,-3.0,47.0,Weak,Watchlist only,47,0.0,0.0,5.9,55.1,1,,Financial Services,83224736.0,3512.2
IHAI,Innovative Holdings Alliance Inc,0.122,10,5,2,14,7,2,5,45,2.0,47.0,Weak,Watchlist only,54,-3.6,14.7,3.9,53.3,2,,Financial Services,6764052.0,15631.01
MACIW,Melar Acquisition Corp. I Warrant,0.133,11,11,3,11,7,0,5,48,-1.0,47.0,Weak,Watchlist only,49,-4.9,11.0,3.7,53.1,2,,nan,2070000.0,0.0
KENYF,KENYF,0.109,8,12,9,11,3,2,5,50,-3.0,47.0,Weak,Watchlist only,57,4.3,2.3,1.9,50.9,0,,nan,nan,18159.59
TRRCF,Tribeca Resources Corporation,0.186,6,9,8,9,6,7,2,47,-5.0,47.0,Weak,🔥 COILED: Watchlist only,42,0.0,3.6,-0.4,45.0,1,,Basic Materials,17186740.0,10215.12
COCCF,Coast Copper Corp,0.159,18,4,6,9,6,2,5,50,-3.0,47.0,Weak,Watchlist only,44,0.0,13.3,4.8,73.1,2,,Basic Materials,12690254.0,2309.31
LPAAW,Launch One Acquisition Corp. Warrant,0.17,9,11,3,13,8,4,5,53,-6.0,47.0,Weak,Watchlist only,56,-0.1,-15.0,-1.9,49.2,0,,nan,nan,18139.54
SHHGF,SHHGF,0.26,10,6,10,9,3,2,4,44,0.0,47.0,Weak,Watchlist only,42,0.0,0.0,-0.0,30.3,0,,Financial Services,6510385152.0,25.0
CNRFF,Consorcio ARA S. A. B. de C. V.,0.25,10,7,11,7,6,2,4,47,-3.0,47.0,Weak,Watchlist only,0,0.0,0.0,0.1,71.1,0,,Consumer Cyclical,303795712.0,0.0
TGMGF,Theta Gold Mines Limited,0.25,15,5,7,13,6,6,5,57,-13.0,47.0,Weak,Watchlist only,60,0.0,0.0,10.4,95.7,0,,Basic Materials,170998496.0,119.0
GLMFF,Glacier Media Inc,0.26,15,6,11,11,6,2,4,55,-13.0,47.0,Weak,🔥 COILED: Watchlist only,57,0.0,0.0,0.1,100.0,0,,Communication Services,34094216.0,713.55
WSRIF,WSRIF,0.252,6,16,8,9,3,6,5,53,-4.0,47.0,Weak,Watchlist only,26,6.6,9.3,6.4,51.9,2,,Basic Materials,11455601.0,115960.1
ACDXF,American Copper Development Corporation,0.321,11,5,7,11,4,4,5,47,-5.0,47.0,Weak,🔥 COILED: Watchlist only,56,0.0,1.8,1.9,57.5,1,,Basic Materials,8174685.0,846.74
BOCOF,Bougainville Copper Limited,0.35,11,3,11,9,6,3,4,47,-5.0,47.0,Weak,🔥 COILED: Watchlist only,37,0.0,0.0,1.1,73.5,1,,Basic Materials,4010624.0,135.0
PCMC,Public Company Management Corp,0.4,11,6,7,10,3,4,3,44,0.0,47.0,Weak,Watchlist only,41,0.0,0.0,1.0,51.2,0,,Financial Services,8654896.0,634.0
TCLIF,Theraclion SA,0.532,12,6,11,9,3,2,4,47,-5.0,47.0,Weak,🔥 COILED: Watchlist only,54,0.0,0.0,0.0,50.0,1,,Healthcare,38887412.0,6.5
WARAF,Waraba Gold Limited,0.5,12,8,11,9,3,4,4,51,-7.0,47.0,Weak,Watchlist only,54,0.0,0.0,0.0,66.7,1,,Basic Materials,27892156.0,97.21
PGLDF,P2 Gold Inc,0.673,16,10,12,15,6,9,5,73,-24,47,Weak,Watchlist only,76,14.3,13.7,14.6,66.8,3,,Basic Materials,176602976.0,262907.85
TRCK,Track Group Inc,0.67,7,4,8,11,6,3,5,44,0.0,47.0,Weak,Watchlist only,47,-4.3,0.0,-2.3,48.3,0,,Technology,27694576.0,5088.53
HGHAF,High Arctic Energy Services Inc,0.66,11,6,3,13,4,4,5,46,-2.0,47.0,Weak,Watchlist only,56,-2.9,4.8,0.1,51.2,0,,Energy,8379993.0,3265.0
ACGBF,Agricultural Bank Of China,0.77,20,4,6,9,4,2,5,50,-3.0,47.0,Weak,Watchlist only,44,14.9,20.3,11.3,75.9,2,,Financial Services,241488297984.0,0.0
SRGGF,SRG Global Limited,0.818,7,6,10,10,3,2,4,42,0.0,47.0,Weak,🔥 COILED: Watchlist only,47,0.0,0.0,0.0,50.0,0,,Industrials,350891616.0,12.5
DGIX,Dyna Group International Inc,0.84,16,6,11,8,6,4,4,55,-13.0,47.0,Weak,🔥 COILED: Watchlist only,58,0.0,0.0,0.6,100.0,0,,Consumer Cyclical,12207975.0,476.0
AZREF,Azure Power Global Limited,1.0,7,5,9,11,6,0,4,42,-3.0,47.0,Weak,🔥 COILED: Watchlist only,49,0.0,0.0,0.6,51.7,1,,Utilities,64166360.0,8390.42
VPRB,VPR Brands LP,0.117,18,4,5,15,7,3,5,57,-8.5,46.5,Weak,Watchlist only,62,17.0,69.6,39.9,72.1,2,,Consumer Defensive,11009617.0,42012.71
GNVR,GNVR,0.55,11,11,6,13,4,0,5,50,-3.8,46.2,Weak,Watchlist only,39,20.3,20.3,20.5,55.8,2,,Basic Materials,10792945.0,1276.49
SNRY,Solar Energy Initiat,0.001,14,6,6,12,7,0,5,50,-5.0,46.0,Weak,Watchlist only,54,-7.7,-14.3,7.3,54.8,1,,Financial Services,1949995.0,1124681.25
CHELF,Champion Electric Metals Inc.,0.006,5,9,6,16,5,4,5,50,4.0,46,Weak,Watchlist only,52,-6.8,7.8,5.4,51.3,0,,Basic Materials,1872929.0,82429.82
WPUR,WaterPure International Inc,0.004,19,13,4,14,4,7,5,66,-25.0,46.0,Weak,Watchlist only,56,24.1,33.3,16.9,60.3,3,,Industrials,1221127.0,179210.46
NSTM,Hollywood Media Co,0.01,6,5,9,9,3,3,4,39,2.0,46.0,Weak,🔥 COILED: Watchlist only,25,0.0,0.0,-0.9,47.2,0,,Healthcare,641321.0,13077.03
WTRV,White River Energy Corp.,0.001,8,6,10,12,4,2,4,46,-5.0,46.0,Weak,🔥 COILED: Watchlist only,39,0.0,0.0,0.0,50.0,1,,Energy,61976.0,1016.41
CESX,Ces Synergies Inc,0.001,12,5,6,14,4,2,5,48,-5.0,46.0,Weak,Watchlist only,58,0.0,0.0,11.7,50.0,1,,Industrials,47300.0,2543.38
CAGU,The Castle Group Inc,0.001,9,6,10,7,3,2,4,41,0.0,46.0,Weak,🔥 COILED: Watchlist only,54,0.0,0.0,0.0,50.0,0,,Consumer Cyclical,10056.0,1010.0
NGMDF,NuGen Medical Devices Inc,0.016,10,8,9,7,4,1,4,43,-5.0,46.0,Weak,🔥 COILED: Watchlist only,28,0.0,0.0,0.3,53.1,1,,Healthcare,3553108.0,3997.4
FUNI,"Hypha Labs, Inc.",0.019,12,5,7,11,4,7,5,51,-5.0,46.0,Weak,Watchlist only,33,15.4,0.5,10.2,59.1,1,,Healthcare,3064855.0,127277.07
MKGP,Maverick Energy Group Ltd,0.014,12,7,8,15,7,4,5,58,-10.0,46.0,Weak,Watchlist only,63,7.7,3.7,7.5,67.0,1,,Energy,2154265.0,113668.28
UTRX,Unitronix Corporation,0.013,13,4,3,10,1,5,5,41,0.0,46.0,Weak,🔥 COILED: Watchlist only,33,-13.3,18.2,0.5,50.4,2,,Technology,699222.0,81174.17
PBLA,Panbela Therapeutics Inc,0.011,12,8,11,9,4,1,5,50,-7.0,46.0,Weak,Watchlist only,38,0.0,0.0,8.5,62.3,1,,Healthcare,53888.0,2112.22
LSMLF,Lodestar Minerals Limited,0.024,15,8,6,7,1,2,4,43,-5.0,46.0,Weak,🔥 COILED: Watchlist only,37,0.0,0.0,1.0,52.5,1,,Basic Materials,23305082.0,5269.49
ETER,Enterra Corporation,0.03,7,6,11,8,3,2,4,41,2.0,46.0,Weak,Watchlist only,36,0.0,0.0,0.0,51.6,0,,Financial Services,3327093.0,101.19
RGTLF,Argent BioPharma Limited,0.025,10,7,11,9,1,1,4,43,-5.0,46.0,Weak,🔥 COILED: Watchlist only,30,0.0,0.0,0.4,53.7,1,,Healthcare,2915239.0,1450.31
HNTRF,Gold Hunter Resources Inc.,0.036,14,4,7,14,4,3,5,51,-5.0,46.0,Weak,Watchlist only,37,27.5,27.5,15.8,70.5,2,,Basic Materials,10338930.0,43128.98
RGSG,China Ivy School Inc,0.035,10,6,6,9,4,7,4,46,-5.0,46.0,Weak,🔥 COILED: Watchlist only,32,0.0,0.0,0.3,51.1,1,,Real Estate,2414367.0,758.09
CROOF,Cariboo Rose Resources Ltd,0.04,11,7,7,11,4,0,5,45,1.0,46.0,Weak,Watchlist only,26,0.0,33.3,14.5,68.0,2,,Basic Materials,1740356.0,20292.0
JFIL,Jubilant Flame International Ltd,0.036,17,4,7,13,6,5,5,57,-11.0,46.0,Weak,Watchlist only,48,9.2,1.4,13.1,62.6,0,,Industrials,708693.0,11440.69
CNGFF,Change Financial Limited,0.047,8,7,9,8,3,2,4,41,0.0,46.0,Weak,🔥 COILED: Watchlist only,34,0.0,0.0,-0.0,41.5,0,,Technology,103567952.0,7.5
TASEF,Tasman Resources Ltd,0.047,9,3,10,8,3,6,4,43,0.0,46.0,Weak,Watchlist only,41,0.0,0.0,-0.0,20.6,0,,Basic Materials,8632746.0,1009.5
TERCF,TerraCom Limited,0.052,8,11,9,13,4,4,5,54,-8.0,46.0,Weak,Watchlist only,34,6.7,5.0,2.9,51.9,1,,Energy,94907576.0,551296.65
GPKUF,Grand Peak Capital Corp,0.059,7,7,10,8,3,2,4,41,0.0,46.0,Weak,🔥 COILED: Watchlist only,45,0.0,0.0,0.0,51.9,0,,Financial Services,9354918.0,0.3
TVGNW,Tevogen Bio Holdings Inc.,0.052,10,11,2,10,7,2,2,44,2.0,46.0,Weak,Watchlist only,59,-3.1,-6.4,-0.8,50.8,0,,nan,nan,150966.87
EMCMF,Emerge Commerce Ltd,0.065,7,7,11,7,3,2,4,41,0.0,46.0,Weak,🔥 COILED: Watchlist only,30,0.0,0.0,0.0,52.2,0,,Consumer Cyclical,11470847.0,11690.39
BUBSF,Bubs Australia Limited,0.077,14,5,5,7,6,2,4,43,0.0,46.0,Weak,Watchlist only,43,0.0,0.0,1.1,59.5,0,,Consumer Defensive,60532604.0,662.85
HAWWF,HAWWF,0.076,9,4,10,9,3,2,4,41,0.0,46.0,Weak,🔥 COILED: Watchlist only,54,0.0,0.0,-0.0,52.2,0,,Basic Materials,20100936.0,314.97
STMGF,Stamper Oil & Gas Corp,0.08,9,5,11,10,4,4,5,48,-5.0,46.0,Weak,Watchlist only,22,0.0,0.0,1.0,49.6,1,,Energy,8438402.0,14732.24
NDMCF,New Destiny Mining Corp,0.098,15,7,7,9,4,6,5,53,-7.0,46.0,Weak,Watchlist only,51,0.0,0.0,13.1,69.9,1,,Basic Materials,2208573.0,634.04
JGRRF,Jinchuan Group International Resources Co. Ltd,0.102,7,7,10,8,3,2,4,41,0.0,46.0,Weak,🔥 COILED: Watchlist only,48,0.0,0.0,0.0,51.9,0,,Basic Materials,915306176.0,0.28
PXMFF,Philex Mining Corporation,0.115,13,6,8,9,3,2,5,46,0.0,46.0,Weak,Watchlist only,31,15.0,2.2,5.0,55.9,0,,Basic Materials,639734592.0,0.0
SCFR,Security First Intl,0.13,14,5,2,10,4,5,5,45,-2.0,46.0,Weak,Watchlist only,34,-1.0,25.7,9.3,53.8,2,,Communication Services,245049984.0,36654.88
AIMDW,Ainos Inc.,0.116,4,11,3,13,8,0,5,44,2.0,46.0,Weak,Watchlist only,58,14.8,14.8,8.2,51.9,2,,nan,nan,4532.64
HYTNF,HYTNF,0.162,14,6,4,7,6,2,4,43,-5.0,46.0,Weak,🔥 COILED: Watchlist only,48,0.0,0.0,1.4,53.6,1,,Consumer Defensive,15567124.0,58.47
VOLMF,VOLMF,0.16,9,6,9,12,1,4,2,43,0.0,46.0,Weak,Watchlist only,0,-3.0,8.4,0.8,52.8,1,,nan,nan,0.0
GNGYF,Guangshen Railway Company Limited,0.245,4,5,10,10,3,5,4,41,0.0,46.0,Weak,🔥 COILED: Watchlist only,0,0.0,0.0,-0.3,54.3,0,,Industrials,1735466624.0,0.0
TRRXF,TNR Gold Corp,0.21,15,8,10,14,6,11,5,69,-23.0,46.0,Weak,Watchlist only,61,10.5,10.5,9.2,70.0,3,,Basic Materials,49997172.0,58919.96
WRRZF,Walker River Resources Corp,0.2,10,6,11,12,1,1,5,46,-5.0,46.0,Weak,🔥 COILED: Watchlist only,26,0.0,0.0,3.1,58.5,1,,Basic Materials,20466200.0,9322.46
WNFTD,Worldwide NFT Inc,0.21,13,3,4,15,7,2,5,49,-3.0,46.0,Weak,Watchlist only,55,0.0,0.6,5.5,54.8,1,,Financial Services,nan,43579.1
JXFGF,Jinxin Fertility Group Limited,0.29,9,6,10,7,3,2,4,41,0.0,46.0,Weak,🔥 COILED: Watchlist only,55,0.0,0.0,0.0,50.0,1,,Healthcare,2552887296.0,21.62
OBIMF,OBIMF,0.25,14,4,4,7,6,2,4,41,0.0,46.0,Weak,🔥 COILED: Watchlist only,42,0.0,0.0,1.3,54.2,0,,nan,88323752.0,3037.5
AAMTF,Armada Mercantile Ltd,0.25,13,8,6,7,4,1,4,43,0.0,46.0,Weak,Watchlist only,50,0.0,0.0,2.0,53.5,0,,Financial Services,5251961.0,4090.73
SCDA,B-Scada Inc,0.349,12,8,3,12,6,5,2,48,-5.0,46.0,Weak,Watchlist only,54,0.0,0.0,11.0,56.4,1,,Technology,1696692.0,1270.0
AUDYF,Ausnutria Dairy Corporation Ltd,0.36,12,6,10,7,0,2,4,41,0.0,46.0,Weak,🔥 COILED: Watchlist only,50,0.0,0.0,0.0,50.0,0,,Consumer Defensive,639220288.0,3.43
KPEAD,Kun Peng International Ltd.,0.37,14,3,3,10,6,9,3,48,-5.0,46.0,Weak,Watchlist only,44,5.3,-1.5,4.1,54.9,1,,nan,15020000.0,373.75
SICP,Silvergate Capital Corporation,0.4,7,11,6,9,7,4,5,49,-3.0,46.0,Weak,Watchlist only,0,5.3,-9.1,-5.3,46.8,1,,Financial Services,12892177.0,0.0
QPRC,Quest Products Corp,0.442,14,4,8,15,6,2,5,54,-8.0,46.0,Weak,Watchlist only,66,0.0,0.0,15.8,77.3,1,,Industrials,2355132.0,861.12
ASXSF,Elysee Development Corp,0.45,14,5,7,9,4,1,5,45,1.0,46.0,Weak,Watchlist only,40,15.4,15.4,8.5,61.1,2,,Financial Services,11298744.0,0.0
ZTMUF,Zimtu Capital Corp,0.497,8,7,11,7,0,6,4,43,0.0,46.0,Weak,Watchlist only,53,0.0,0.0,0.0,56.2,0,,Financial Services,6847949.0,53.0
FCUL,Food Culture Inc.,0.55,15,4,5,11,6,3,5,49,-3.0,46.0,Weak,Watchlist only,38,0.9,38.9,12.5,73.7,2,,Consumer Cyclical,26602882.0,5674.45
BEPTF,Beach Energy Ltd,0.62,3,10,7,10,3,3,5,41,2.0,46.0,Weak,Watchlist only,15,1.8,0.5,-0.9,42.6,1,,Energy,1403020288.0,0.0
MISVF,Minco Silver Corporation,0.61,17,3,5,15,5,2,5,52,-4.0,46.0,Weak,Watchlist only,64,7.0,35.6,19.9,66.1,2,,Basic Materials,38823804.0,9168.88
CBGZF,Cabral Gold Inc,0.728,13,4,7,12,5,4,5,50,-5.0,46.0,Weak,Watchlist only,43,-3.5,-2.5,0.3,51.8,1,,Basic Materials,222464736.0,232355.61
THRC,Havana Roasters Coffee Companies Inc.,0.7,14,8,11,5,4,7,4,53,-15.0,46.0,Weak,🔥 COILED: Watchlist only,31,0.0,0.0,0.0,49.0,1,,Consumer Defensive,65517.0,366.54
DTSS,Datasea Inc,0.838,8,10,10,12,5,5,5,55,-10.0,46.0,Weak,Watchlist only,29,0.1,2.8,2.9,53.1,1,,Technology,8756803.0,149465.36
HNATF,Primary Hydrogen Corp,0.809,14,8,5,14,5,5,5,56,-10.0,46.0,Weak,Watchlist only,60,0.8,-1.4,6.3,54.9,1,,Basic Materials,6114000.0,5701.18
OLGPF,Olam Group Limited,0.929,9,5,5,11,6,1,2,39,2.0,46.0,Weak,🔥 COILED: Watchlist only,55,0.0,-0.5,-0.6,48.7,0,,Consumer Defensive,3571176960.0,813.75
RNXT,RenovoRx Inc,0.907,12,6,7,8,7,4,2,46,-3.0,46.0,Weak,Watchlist only,44,3.4,6.7,1.2,51.2,1,,Healthcare,40918444.0,312774.49
NWSZF,NWS Holdings Limited,1.0,9,4,10,9,3,2,4,41,0.0,46.0,Weak,🔥 COILED: Watchlist only,40,0.0,0.0,-0.0,48.1,0,,Industrials,3834732032.0,6.32
SMGBF,San Miguel Corporation,1.0,6,8,10,7,3,3,4,41,0.0,46.0,Weak,🔥 COILED: Watchlist only,33,0.0,0.0,-0.6,43.5,0,,Industrials,2700107264.0,0.0
SALM,Salem Media Group Inc,0.97,12,6,7,10,7,11,4,57,-9.0,46.0,Weak,Watchlist only,56,3.2,1.7,1.8,60.8,2,,Communication Services,30732950.0,71590.25
CLEV,Concrete Leveling Systems Inc,1.0,18,4,6,14,6,6,5,59,-13.0,46.0,Weak,Watchlist only,67,10.5,40.8,18.3,88.8,2,,Industrials,14027834.0,402.12
BONL,Bonal International Inc,1.0,12,4,5,14,4,0,4,43,0.0,46.0,Weak,Watchlist only,38,0.0,2.0,0.5,53.6,0,,Industrials,1136149.0,178.64
PLLWF,Polarean Imaging plc,0.007,9,8,11,7,3,2,4,44,-2.0,45.0,Weak,Watchlist only,49,0.0,0.0,0.0,69.6,0,,Healthcare,7966416.0,78175.47
POTRF,SOPerior Fertilizer Corp,0.001,7,6,11,7,3,2,4,40,0.0,45.0,Weak,🔥 COILED: Watchlist only,38,0.0,0.0,0.0,50.0,0,,Basic Materials,948950.0,1400.0
WWRL,World Wireless Communications Inc,0.008,11,2,10,10,4,6,4,47,-5.0,45.0,Weak,Watchlist only,44,0.0,0.0,-0.0,23.0,1,,Communication Services,796989.0,2364.19
CAMG,CAM Group Inc,0.001,8,6,10,9,3,2,4,42,0.0,45.0,Weak,Watchlist only,35,0.0,0.0,-0.0,3.1,0,,Industrials,25295.0,294.79
HYPPF,Hypebeast Limited,0.019,15,5,5,7,6,2,4,44,-2.0,45.0,Weak,Watchlist only,45,0.0,0.0,8.8,62.6,0,,Communication Services,10066652.0,172.0
AISXF,Aisix Solutions Inc.,0.012,10,7,11,7,6,4,4,49,-7.0,45.0,Weak,Watchlist only,37,0.0,0.0,0.0,60.4,1,,Technology,2154710.0,41129.19
GIFX,Gifa Inc,0.014,16,8,5,7,6,0,5,47,-2.0,45.0,Weak,Watchlist only,41,0.0,81.8,14.9,62.4,2,,Industrials,1802907.0,10762.52
LNZAW,LanzaTech Global Inc.,0.02,18,6,3,14,7,4,5,57,-12.0,45.0,Weak,Watchlist only,60,34.2,36.1,18.5,61.2,2,,Industrials,nan,55421.99
HENI,Hinto Energy Inc,0.024,11,6,7,10,4,4,3,45,-5.0,45.0,Weak,🔥 COILED: Watchlist only,21,0.0,0.0,0.6,50.1,1,,Financial Services,1024399.0,6137.35
DTWOF,D2 Lithium Corp.,0.03,11,2,10,9,4,2,4,42,0.0,45.0,Weak,Watchlist only,26,0.0,0.0,-0.0,44.6,0,,Basic Materials,913041.0,7101.2
NRBT,Novus Robotics Inc,0.028,15,14,8,6,3,0,4,50,-10.0,45.0,Weak,🔥 COILED: Watchlist only,42,24.0,22.9,12.3,53.5,2,,Industrials,754526.0,0.0
GWTR,Global Water Technologies Inc,0.025,12,6,7,11,1,2,5,44,1.0,45.0,Weak,Watchlist only,33,1.6,22.0,8.8,66.6,2,,Industrials,600170.0,8895.64
GFKRF,Opus One Gold Corporation,0.04,10,7,11,8,3,2,4,45,-5.0,45.0,Weak,🔥 COILED: Watchlist only,49,0.0,0.0,0.0,50.0,1,,Basic Materials,10874032.0,250.0
ADAPY,Adaptimmune Therapeutics plc,0.033,6,13,7,13,7,4,2,52,-5.0,45.0,Weak,Watchlist only,43,10.0,0.0,0.2,50.5,1,,Healthcare,8746703.0,10341259.47
NETWF,Network Media Group Inc,0.036,11,6,5,9,3,4,5,43,-3.0,45.0,Weak,🔥 COILED: Watchlist only,32,0.0,0.0,0.8,51.0,1,,Communication Services,818981.0,1390.42
GMDMF,Gem Diamonds Limited,0.05,15,5,8,11,1,8,5,53,-8.0,45.0,Weak,Watchlist only,29,0.0,0.0,2.7,74.9,1,,Basic Materials,7630264.0,1585.5
GRDAF,Guardforce AI Co. Limited,0.044,8,7,11,11,3,2,5,47,-2.0,45.0,Weak,Watchlist only,33,8.0,15.0,5.3,55.0,2,,Basic Materials,3219189.0,92546.58
SUIAF,Substrate AI S.A.,0.081,11,6,5,10,7,4,5,48,-3.0,45.0,Weak,Watchlist only,50,10.6,-22.7,18.6,59.1,1,,Technology,29584864.0,202093.13
HHDS,Highlands REIT Inc,0.089,14,7,7,13,4,5,5,55,-8.0,45.0,Weak,Watchlist only,53,-12.6,-25.7,13.3,52.0,1,,nan,43191768.0,16547.75
CLDVF,CLDVF,0.088,15,5,2,15,3,7,5,52,-5.0,45.0,Weak,Watchlist only,42,-31.2,-2.2,-13.7,46.7,2,,Financial Services,1166591.0,7094.04
DTXMF,Deltex Medical Group plc,0.095,7,7,10,7,3,2,4,40,0.0,45.0,Weak,🔥 COILED: Watchlist only,48,0.0,0.0,0.0,51.9,0,,Healthcare,180577488.0,1925.0
POLBF,Poolbeg Pharma PLC,0.095,9,4,8,9,3,5,4,42,-5.0,45.0,Weak,🔥 COILED: Watchlist only,47,0.0,0.0,0.3,54.4,1,,Healthcare,66984860.0,578.05
ICABY,I-Cable Communications Ltd ADR,0.14,7,6,6,11,6,6,5,47,-5.0,45.0,Weak,Watchlist only,37,0.0,0.0,1.5,53.8,1,,Communication Services,51369284.0,95.23
MILIF,Military Metals Corp.,0.14,3,11,9,12,3,6,5,49,-4.0,45.0,Weak,Watchlist only,16,4.5,5.5,1.2,46.3,1,,Basic Materials,11262448.0,208186.38
VASO,Vaso Corp,0.19,9,4,7,11,2,3,4,40,2.0,45.0,Weak,Watchlist only,47,0.0,-5.0,-2.1,46.4,0,,Healthcare,33439626.0,133499.97
ZAIRF,Zinc8 Energy Solutions Inc,0.168,18,8,6,16,8,6,5,67,-22,45,Weak,Watchlist only,68,104.3,120.4,87.1,74.9,3,8,Industrials,3651711.0,7326.0
TXWHF,Texwinca Holdings Limited,0.208,10,6,11,7,0,2,4,40,0.0,45.0,Weak,🔥 COILED: Watchlist only,0,0.0,0.0,0.0,50.0,0,,Consumer Cyclical,287669120.0,0.0
MBXBF,Microbix Biosystems Inc.,0.22,11,5,9,10,6,7,5,53,-8.0,45.0,Weak,Watchlist only,55,4.3,3.3,2.8,59.5,1,,Healthcare,31762766.0,11462.0
AUMTF,Aurelia Metals Limited,0.25,17,4,6,9,3,3,5,47,2.0,45.0,Weak,Watchlist only,55,21.2,11.3,6.7,58.1,2,,Basic Materials,380507392.0,7624.1
FIGXW,FIGX Capital Acquisition Corp. Warrant,0.29,14,12,4,9,4,5,5,53,-8.0,45.0,Weak,Watchlist only,51,16.9,20.8,14.1,55.8,2,,nan,nan,0.0
SUNPF,Sun Peak Metals Corp,0.332,12,4,6,12,7,4,5,50,-3.0,45.0,Weak,Watchlist only,56,-5.1,-5.1,-0.6,50.1,1,,Basic Materials,54191680.0,18145.21
RDFEF,Brookside Energy Ltd,0.323,14,5,6,12,4,2,5,48,-3.0,45.0,Weak,Watchlist only,35,19.6,29.2,11.9,72.7,2,,Energy,25509602.0,3184.5
VNMEW,Vendome Acquisition Corporation I Warrant,0.3,18,7,6,11,6,5,5,58,-13.0,45.0,Weak,Watchlist only,68,25.0,25.0,18.8,86.7,2,,nan,2402000.0,0.0
CGNWF,CGN Power Co. Ltd,0.355,7,7,10,7,3,2,4,40,0.0,45.0,Weak,🔥 COILED: Watchlist only,48,0.0,0.0,0.0,50.0,0,,Utilities,17927006208.0,5.0
CNGA,Conair Corporation,0.35,16,4,6,13,6,6,4,55,-13.0,45.0,Weak,Watchlist only,44,0.0,2.9,1.3,95.0,0,,Industrials,2188792.0,513.64
GFTFF,Grafton Resources Inc.,0.364,4,15,6,8,3,2,5,43,-1.0,45.0,Weak,Watchlist only,0,6.9,1.1,0.0,48.4,0,,nan,nan,0.0
SIELF,Shanghai Electric Group Company Limited,0.57,11,6,5,7,6,1,4,40,0.0,45.0,Weak,🔥 COILED: Watchlist only,33,0.0,0.0,0.4,51.2,0,,Industrials,16153604096.0,192.46
ACHFF,Arch Biopartners Inc,0.59,9,6,9,13,7,4,5,53,-8.0,45.0,Weak,Watchlist only,42,-0.2,-2.5,2.8,55.7,1,,Healthcare,40080640.0,31099.9
CHPFF,Charoen Pokphand Foods Public Company Limited,0.69,18,4,7,13,6,2,5,55,-10.0,45.0,Weak,Watchlist only,0,0.0,19.0,7.1,94.6,2,,Consumer Defensive,5351095808.0,0.0
ISRMF,iShares MSCI,0.66,7,6,10,8,3,2,4,40,0.0,45.0,Weak,🔥 COILED: Watchlist only,48,0.0,0.0,0.0,50.0,0,,Energy,1718087552.0,175.0
VRME,VerifyMe Inc,0.709,13,14,13,12,4,6,5,67,-22.0,45.0,Weak,Watchlist only,32,12.4,10.4,8.0,63.1,3,,Industrials,9296170.0,1428032.79
GGDVF,Guangdong Investment Limited,0.88,10,7,11,7,3,2,4,44,-2.0,45.0,Weak,Watchlist only,55,0.0,0.0,0.0,64.0,0,,Utilities,6265193984.0,0.0
STGAF,Afentra PLC,0.93,19,5,5,7,4,5,5,50,-5.0,45.0,Weak,Watchlist only,44,16.3,9.4,8.1,71.4,2,,Energy,261378160.0,1828.25
CGHOF,China Gas Holdings Limited,0.95,5,4,10,8,6,3,4,40,0.0,45.0,Weak,🔥 COILED: Watchlist only,41,0.0,0.0,-0.0,47.0,0,,Utilities,6319856640.0,0.0
KITAF,Kitanotatsujin Corporation,0.97,7,6,10,8,3,2,4,40,0.0,45.0,Weak,🔥 COILED: Watchlist only,36,0.0,0.0,0.0,50.0,0,,Consumer Defensive,130853464.0,1.5
IDYXX,Columbia Funds Series Trust II  - Columbia Government Money Market Fund,1.0,13,7,11,6,4,2,4,47,-10.0,45.0,Weak,🔥 COILED: Watchlist only,47,0.0,0.0,0.0,51.0,0,,nan,nan,0.0
HDRPF,Epsilon Healthcare Limited,0.01,17,4,5,10,6,2,5,49,-7.5,44.5,Weak,Watchlist only,60,0.0,0.0,30.6,50.0,0,,Healthcare,3891040.0,405.0
TMMI,T M M Inc New,0.006,3,10,11,12,2,4,5,47,-3.0,44.0,Weak,Watchlist only,26,9.1,7.1,3.3,50.5,1,,Technology,4279348.0,172684.74
CCWF,Church & Crawford Inc,0.002,15,7,8,11,4,1,5,51,-7.0,44.0,Weak,Watchlist only,47,0.0,0.0,7.1,66.5,1,,Energy,2716299.0,45190.75
GYST,Graystone Company Inc,0.002,11,8,5,8,8,2,5,47,-3.0,44.0,Weak,Watchlist only,55,14.3,9.1,10.4,55.7,2,,Financial Services,1652155.0,150663.92
BRUZF,Canada Carbon Inc.,0.005,12,6,11,8,6,2,4,49,-8.0,44.0,Weak,Watchlist only,38,0.0,0.0,1.0,76.4,1,,Basic Materials,1211407.0,5803.49
PYMOD,Hydrocarbon Dynamics Limited,0.007,12,6,10,7,3,2,4,44,-5.0,44.0,Weak,🔥 COILED: Watchlist only,47,0.0,0.0,0.2,50.0,1,,Basic Materials,1006237.0,1.35
QIND,Quality Industrial Corp.,0.008,6,9,7,7,4,4,2,39,2.0,44.0,Weak,Watchlist only,37,-5.0,7.0,0.2,49.5,0,,Industrials,873065.0,163316.87
LHHMQ,Lehman Brothers Holdings Capital Trust V,0.001,9,8,3,9,6,0,4,39,2.0,44.0,Weak,Watchlist only,46,0.0,10.0,1.3,51.7,2,,Other,nan,665.1
RHCO,Readen Holding Corp,0.021,11,12,13,9,8,7,5,65,-17.0,44.0,Weak,Watchlist only,39,8.4,8.4,6.8,60.0,2,,Financial Services,7328081.0,11382.0
FRSAF,First Au Limited,0.012,7,6,10,7,3,2,4,39,0.0,44.0,Weak,🔥 COILED: Watchlist only,48,0.0,0.0,0.0,50.0,0,,Basic Materials,1881740.0,32.0
CUBXF,CubicFarm Systems Corp,0.02,7,9,11,9,3,2,4,45,-4.0,44.0,Weak,Watchlist only,36,0.0,0.0,0.0,61.7,1,,Industrials,789791.0,2395.76
DRCR,Dear Cashmere Holding Company,0.012,8,5,4,14,1,4,3,39,2.0,44.0,Weak,Watchlist only,37,-3.1,-6.1,1.2,50.9,0,,Technology,772620.0,105013.54
CRSF,Crisp Momentum Inc.,0.025,10,6,11,8,0,4,5,44,-5.0,44.0,Weak,🔥 COILED: Watchlist only,17,0.0,0.0,1.5,46.8,1,,Communication Services,39392424.0,0.0
MGTC,Megatech Corp,0.04,7,4,8,10,4,7,4,44,0.0,44.0,Weak,Watchlist only,13,0.0,0.0,-4.8,0.0,0,,Industrials,1797200.0,150.49
EFRMF,East Africa Metals Inc,0.055,13,8,8,8,6,1,2,46,-7.0,44.0,Weak,🔥 COILED: Watchlist only,36,0.0,0.0,3.7,68.8,1,,Basic Materials,14793546.0,461.96
ATMH,All Things Mobile Analytic Inc,0.057,7,1,9,10,3,6,3,39,0.0,44.0,Weak,🔥 COILED: Watchlist only,38,0.0,0.2,-0.3,42.8,0,,Technology,2150966.0,6353.0
BJBJ,BJ Bio-Tech Development Management Group Holding Corp.,0.061,13,5,4,9,3,2,5,41,0.0,44.0,Weak,Watchlist only,27,-2.4,18.4,5.3,51.0,2,,Financial Services,61667592.0,317.81
HCNWF,Hypercharge Networks Corp.,0.065,12,11,4,11,6,0,2,46,-5.0,44.0,Weak,Watchlist only,52,-4.9,-5.4,-2.7,48.1,1,,Consumer Cyclical,9325452.0,42216.4
SJRNF,ArcWest Exploration Inc,0.061,14,4,2,12,5,2,5,44,0.0,44.0,Weak,Watchlist only,29,7.0,242.7,16.4,54.4,2,,Basic Materials,6680536.0,8422.33
ROYIF,ROYIF,0.071,7,6,8,11,6,3,4,45,0.0,44.0,Weak,Watchlist only,44,0.0,0.3,-1.4,44.0,0,,Basic Materials,20478100.0,32997.5
SDAD,SH Resources & Development Corp,0.078,8,3,10,7,3,6,4,41,0.0,44.0,Weak,Watchlist only,50,0.0,0.0,-0.0,0.3,0,,Financial Services,6364800.0,2740.27
QGLHF,Qingling Motors Co. Ltd,0.11,7,6,10,7,3,2,4,39,0.0,44.0,Weak,🔥 COILED: Watchlist only,55,0.0,0.0,0.0,50.0,0,,Consumer Cyclical,273049504.0,70.0
LOMLF,Lion One Metals Limited,0.103,10,4,5,15,0,2,5,41,0.0,44.0,Weak,Watchlist only,23,3.1,3.1,3.6,52.7,0,,Basic Materials,41534288.0,560060.47
CYBCF,Cybeats Technologies Corp.,0.14,14,8,4,14,5,4,5,54,-8.0,44.0,Weak,Watchlist only,62,7.7,7.7,6.6,56.8,1,,Technology,30241244.0,81350.42
HNOI,HNO International Inc,0.114,3,11,4,14,3,4,5,44,-3.0,44.0,Weak,Watchlist only,37,14.0,2.0,6.3,51.1,1,,Industrials,9991927.0,10432.06
BERLF,BERLF,0.1,3,13,8,9,3,2,2,40,4.0,44.0,Weak,Watchlist only,22,2.8,-17.4,-5.5,44.0,1,,nan,nan,48140.29
CUGCF,China Oriental Group Company Limited,0.19,8,4,9,9,3,2,4,39,0.0,44.0,Weak,🔥 COILED: Watchlist only,38,0.0,0.0,-0.0,47.8,0,,Basic Materials,708032640.0,0.0
CLIFF,Cordlife Group Limited,0.15,16,5,4,9,6,2,4,46,-5.0,44.0,Weak,Watchlist only,40,0.0,0.0,2.4,56.1,1,,Healthcare,38569188.0,210.48
DLPRF,DLP Resources Inc,0.165,18,11,9,13,4,3,5,63,-19.0,44.0,Weak,Watchlist only,37,17.7,17.7,9.9,66.6,3,,Basic Materials,25393376.0,12470.25
INXSF,Intouch Insight Ltd,0.22,7,13,5,9,6,2,5,47,-3.0,44.0,Weak,Watchlist only,29,15.8,0.0,3.8,51.9,2,,Technology,5052646.0,4347.87
ADMG,Adamant DRI Processing and Minerals Group,0.229,18,4,7,14,7,9,5,64,-20,44,Weak,Watchlist only,54,93.9,93.6,55.3,79.9,3,10,Financial Services,3918191.0,1046.07
ARRT,Artisan Consumer Goods Inc,0.212,8,5,11,10,6,1,4,45,-4.0,44.0,Weak,Watchlist only,39,0.0,0.0,0.8,67.3,1,,Consumer Defensive,1034011.0,2033.0
RBLAF,Robinsons Land Corporation,0.297,15,6,12,7,6,2,4,52,-13.0,44.0,Weak,🔥 COILED: Watchlist only,54,0.0,0.0,0.1,100.0,0,,Real Estate,1427116160.0,8.9
VPIM,Vitality Prime Inc.,0.27,5,6,7,7,5,4,5,39,0.0,44.0,Weak,🔥 COILED: Watchlist only,23,0.0,0.0,-0.5,42.6,0,,Industrials,6468063.0,80.0
SEHKF,Seahawk Gold Corp,0.3,12,8,11,8,3,2,4,48,-7.0,44.0,Weak,Watchlist only,49,0.0,0.0,0.0,65.2,1,,Basic Materials,10296977.0,16.0
BDLNF,Badlands Resources Inc,0.3,11,5,5,13,6,4,5,49,-5.0,44.0,Weak,Watchlist only,55,0.0,0.0,2.2,59.2,1,,Basic Materials,1058360.0,2293.5
SFPT,"Safepoint Holdings, Inc.",0.335,17,5,4,12,3,6,5,52,-8.0,44.0,Weak,Watchlist only,0,-1.5,17.5,5.2,59.6,2,,nan,nan,0.0
GRYRF,Geo Energy Resources Limited,0.365,5,9,8,7,3,3,4,39,0.0,44.0,Weak,🔥 COILED: Watchlist only,33,0.0,0.0,-0.1,44.9,0,,Energy,647691008.0,809.91
CRCUF,Canagold Resources Ltd,0.38,14,8,9,6,4,3,5,49,-11.0,44.0,Weak,🔥 COILED: Watchlist only,45,8.6,2.7,2.9,53.2,2,,Basic Materials,85517168.0,14303.93
AILQF,AirIQ Inc,0.38,15,5,8,13,3,6,4,54,-13.0,44.0,Weak,Watchlist only,57,0.0,0.0,0.7,96.5,0,,Technology,11224088.0,822.73
HHSSF,Huishang Bank Corporation Limited,0.416,7,6,10,7,3,2,4,39,0.0,44.0,Weak,🔥 COILED: Watchlist only,46,0.0,0.0,0.0,50.0,0,,Financial Services,5785102336.0,110.0
CVWLF,CVWLF,0.416,14,3,1,10,6,5,5,44,0.0,44.0,Weak,Watchlist only,56,-6.4,-6.4,-0.1,55.7,0,,Financial Services,254807792.0,16.5
AHOTF,American Hotel Income Properties REIT LP,0.437,15,6,9,14,6,6,5,61,-17.0,44.0,Weak,Watchlist only,68,0.0,3.6,3.4,68.9,1,,Real Estate,31855892.0,0.0
THGPF,THG Plc,0.469,10,6,11,9,3,6,4,49,-8.0,44.0,Weak,Watchlist only,50,0.0,0.0,0.0,72.2,1,,Consumer Cyclical,743758592.0,75.0
PCPJ,PaperClip Incorporated,0.47,9,7,11,5,6,4,4,46,-10.0,44.0,Weak,🔥 COILED: Watchlist only,29,0.0,0.0,0.0,47.7,0,,Technology,nan,1612.5
GEBHF,Genting Berhad,0.51,5,7,9,9,3,3,5,41,0.0,44.0,Weak,Watchlist only,16,0.0,0.0,-0.7,31.0,0,,Consumer Cyclical,1960713216.0,0.0
UNHRF,UNHRF,0.51,8,4,10,8,3,2,4,39,0.0,44.0,Weak,🔥 COILED: Watchlist only,35,0.0,0.0,-0.0,50.8,0,,Real Estate,327539712.0,605.0
IMTCF,Intrepid Metals Corp.,0.517,14,8,7,14,0,2,4,49,-5.0,44.0,Weak,Watchlist only,48,1.1,9.6,1.4,50.4,2,,Basic Materials,63873032.0,79254.43
OILRF,Oil Refineries Ltd,0.59,14,7,5,8,5,0,5,44,0.0,44.0,Weak,Watchlist only,49,-6.3,0.0,6.3,58.0,0,,Energy,1841441536.0,0.0
GDQMF,GoldQuest Mining Corp.,0.56,8,14,7,7,3,2,5,46,-7.0,44.0,Weak,🔥 COILED: Watchlist only,23,3.7,-3.5,4.8,51.9,2,,Basic Materials,214292208.0,112875.89
HSTC,HST Global Inc,0.7,8,6,9,12,4,1,4,44,0.0,44.0,Weak,Watchlist only,42,0.0,0.0,0.0,50.5,0,,Healthcare,99002424.0,169.04
MINOF,Minor International Public Company Limited,0.783,7,6,10,7,3,4,4,41,0.0,44.0,Weak,Watchlist only,33,0.0,0.0,-0.0,26.1,0,,Consumer Cyclical,4406291456.0,4.85
BCCLF,Becle SA de CV,0.851,12,6,7,8,5,1,5,44,0.0,44.0,Weak,Watchlist only,40,-1.0,3.8,1.2,56.2,0,,Consumer Defensive,3124323328.0,0.0
SPRQF,SPARQ Corp.,0.865,13,14,10,2,8,3,4,54,-13.0,44.0,Weak,Watchlist only,53,3.0,2.3,2.1,56.6,1,,Industrials,98225488.0,1068.3
DHSBF,Dah Sing Banking Group Ltd,1.0,7,6,10,7,3,2,4,39,0.0,44.0,Weak,🔥 COILED: Watchlist only,45,0.0,0.0,0.0,50.0,0,,Financial Services,1405752192.0,0.4
ASAGF,Australian Agricultural Company Ltd,0.95,16,5,8,9,4,2,5,49,-5.0,44.0,Weak,Watchlist only,55,0.0,1.1,1.3,71.8,0,,Consumer Defensive,572628352.0,2636.34
DPNEY,Daphne International Holdings Ltd ADR,0.98,8,6,11,7,3,2,4,41,0.0,44.0,Weak,Watchlist only,0,0.0,0.0,0.0,6.7,0,,Consumer Cyclical,92420360.0,0.0
CLNXX,Columbia Funds Series Trust II - Columbia Money Market Fund,1.0,12,7,11,6,4,2,4,46,-10.0,44.0,Weak,🔥 COILED: Watchlist only,48,0.0,0.0,0.0,50.8,0,,nan,nan,0.0
IDSXX,Columbia Funds Series Trust II  - Columbia Government Money Market Fund,1.0,12,7,11,6,4,2,4,46,-10.0,44.0,Weak,🔥 COILED: Watchlist only,48,0.0,0.0,0.0,50.8,0,,nan,nan,0.0
PRSXX,Money Market Obligations Trust - Federated Institutional Prime Obligations Fund,1.0,9,9,4,8,3,2,4,39,2.0,44.0,Weak,Watchlist only,35,0.0,0.0,0.0,52.1,0,,nan,nan,0.0
KIRGF,Kairos Gold Inc.,0.455,17,5,5,14,3,5,5,54,-10.5,43.5,Weak,Watchlist only,0,30.0,62.5,23.1,55.3,2,,nan,nan,0.0
GDPHF,Godolphin Resources Limited,0.01,8,6,10,7,3,2,4,40,0.0,43.0,Weak,Watchlist only,34,0.0,0.0,-0.0,26.4,0,,Basic Materials,8485821.0,40703.18
PWDY,Powerdyne International Inc,0.002,11,11,10,17,3,2,5,59,-19.0,43.0,Weak,Watchlist only,30,23.5,16.7,16.4,57.2,3,,Industrials,4394463.0,3328464.4
CBDY,Target Group Inc,0.001,10,6,6,8,3,2,5,40,0.0,43.0,Weak,Watchlist only,27,0.0,33.3,4.0,50.9,2,,Healthcare,555323.0,177815.83
AQSZF,Aequus Pharmaceuticals Inc,0.003,14,5,9,14,6,1,5,54,-7.0,43.0,Weak,Watchlist only,41,0.0,0.0,19.1,62.2,1,,Healthcare,344849.0,84621.64
VENCF,VENCF,0.001,15,6,11,6,6,2,4,50,-15.0,43.0,Weak,🔥 COILED: Watchlist only,0,0.0,0.0,0.1,50.0,1,,Healthcare,222644.0,0.0
CMHZ,Banny Cosmic International Holdings Inc,0.002,9,3,9,11,4,2,4,42,2.0,43.0,Weak,Watchlist only,41,0.0,0.0,-0.0,51.4,0,,Consumer Cyclical,225819.0,205.35
GNOLF,Genoil Inc,0.01,5,3,10,9,3,6,4,40,0.0,43.0,Weak,Watchlist only,37,0.0,0.0,-0.0,10.7,0,,Energy,201834.0,20732.9
TGTMF,Targeted Microwave Solutions Inc,0.001,8,4,9,8,3,2,4,38,0.0,43.0,Weak,🔥 COILED: Watchlist only,33,0.0,0.0,-0.0,48.1,0,,Industrials,128024.0,1451.5
PLTXF,Plantx Life Inc.,0.009,6,4,3,12,6,4,5,40,0.0,43.0,Weak,Watchlist only,29,-18.2,0.0,3.5,51.4,0,,Consumer Cyclical,110414.0,4522.0
NSHSF,Nanosphere Health Sciences Inc,0.01,14,6,6,6,6,2,5,45,-10.0,43.0,Weak,🔥 COILED: Watchlist only,37,0.0,0.0,2.4,53.3,0,,Healthcare,42128.0,516.85
GGROW,Gogoro Equity Warrant Exp 4th April 2027,0.008,7,7,1,13,5,2,5,40,2.0,43.0,Weak,Watchlist only,51,-11.5,10.0,-5.0,48.3,2,,nan,nan,19809.95
ALRTF,ALR Technologies Inc.,0.02,13,14,5,8,8,3,5,56,-13.0,43.0,Weak,Watchlist only,67,36.7,2.5,13.1,59.9,1,,Healthcare,13232070.0,41290.95
AABVF,Aberdeen International Inc,0.02,11,7,10,6,4,2,5,45,-10.0,43.0,Weak,🔥 COILED: Watchlist only,28,0.0,0.0,0.5,50.7,0,,Financial Services,2892533.0,7334.72
GDLNF,Greenland Minerals And Energy Ltd,0.035,12,8,5,8,2,3,5,43,0.0,43.0,Weak,Watchlist only,23,16.7,15.9,1.8,49.8,2,,Basic Materials,77437520.0,657312.18
STAOF,Sing Tao News Corporation Limited,0.035,7,7,11,9,3,2,4,43,-5.0,43.0,Weak,🔥 COILED: Watchlist only,45,0.0,0.0,0.0,51.9,1,,Communication Services,12679820.0,214.79
DRJG,DRJ International Group Limited Inc.,0.036,17,8,4,9,3,0,5,46,1.0,43.0,Weak,Watchlist only,56,7.9,7.9,5.3,65.7,0,,Financial Services,8517058.0,1191.79
GHST,GHST World Inc,0.034,5,8,8,9,3,3,2,38,0.0,43.0,Weak,🔥 COILED: Watchlist only,25,0.0,0.0,0.1,49.4,0,,Consumer Cyclical,4426840.0,1577.39
HGYN,Hong Yuan Holding Group,0.032,3,9,6,13,4,6,2,43,0.0,43.0,Weak,Watchlist only,25,0.0,23.6,-0.1,46.7,2,,Industrials,2425824.0,15972.36
KKOBF,Kinetiko Energy Limited,0.049,10,6,11,7,3,2,4,43,-3.0,43.0,Weak,Watchlist only,58,0.0,0.0,0.0,78.4,0,,Energy,75579432.0,0.0
SIERF,Sierra Grande Minerals Inc,0.046,8,8,10,7,3,3,4,43,-5.0,43.0,Weak,🔥 COILED: Watchlist only,29,0.0,0.0,-0.5,48.6,1,,Basic Materials,1134344.0,420.13
CNTRF,Centr Brands Corp,0.043,16,5,6,9,3,2,4,45,-5.0,43.0,Weak,Watchlist only,55,0.0,0.0,1.3,58.5,1,,Consumer Defensive,244712.0,231.5
LVWR-WT,LVWR-WT,0.047,19,10,5,16,9,2,5,66,-19,43,Weak,🛑 HIGH EXHAUSTION: Watchlist only,48,154.1,168.6,94.9,68.9,2,10,nan,nan,73392.05
PMDKF,PT. Mitra Adiperkasa Tbk,0.06,8,6,10,7,3,2,4,40,0.0,43.0,Weak,Watchlist only,0,0.0,0.0,-0.0,4.2,0,,Consumer Cyclical,874820032.0,0.0
PMTYF,Playmates Toys Ltd,0.055,8,4,8,8,4,5,3,40,0.0,43.0,Weak,Watchlist only,32,0.0,0.0,-0.7,40.0,0,,Consumer Cyclical,61792500.0,17151.14
SUME,Summer Energy Holdings Inc,0.061,10,7,5,10,3,5,5,45,-5.0,43.0,Weak,Watchlist only,20,0.0,8.0,4.6,57.7,1,,Utilities,2086485.0,1587.5
NKWFF,Oceanic Wind Energy Inc,0.075,11,3,4,12,6,1,5,42,-2.0,43.0,Weak,Watchlist only,56,0.0,0.0,6.8,65.4,0,,Utilities,8546356.0,575.09
UNHLF,Union Medical Healthcare Limited,0.086,10,7,11,9,0,2,4,43,-5.0,43.0,Weak,🔥 COILED: Watchlist only,37,0.0,0.0,0.0,53.3,1,,Healthcare,101071224.0,250.0
OGGIF,Orthogonal Global Group Inc,0.088,13,3,2,12,3,7,5,45,0.0,43.0,Weak,Watchlist only,42,-31.2,-2.2,-13.9,46.4,0,,Financial Services,nan,6823.34
CHAEF,China Aerospace International Holdings Limited,0.125,15,5,9,14,6,4,5,58,-18.0,43.0,Weak,Watchlist only,52,0.0,0.0,4.3,83.6,1,,Technology,386553280.0,2533.05
GRRLF,Grange Resources Ltd,0.11,5,9,6,10,4,4,5,43,0.0,43.0,Weak,Watchlist only,22,0.0,0.0,-1.3,46.0,1,,Basic Materials,144901696.0,45827.46
MQMIF,MetalQuest Mining Inc.,0.136,10,7,8,11,3,3,3,45,-2.0,43.0,Weak,Watchlist only,27,9.7,17.2,4.0,52.4,2,,Basic Materials,6736219.0,7382.56
NRHI,Natural Resource Holdings Inc.,0.131,8,6,8,8,6,5,2,43,-3.0,43.0,Weak,Watchlist only,57,0.0,0.0,-0.4,52.7,1,,Basic Materials,570168.0,932.2
XTPT,Xtra Energy Corp,0.19,6,13,5,8,3,4,2,41,2.0,43.0,Weak,Watchlist only,21,26.3,1.2,5.6,49.4,1,,Basic Materials,41379728.0,98140.01
LABZF,LABZF,0.174,10,7,11,8,1,2,4,43,-5.0,43.0,Weak,🔥 COILED: Watchlist only,57,0.0,0.0,0.0,54.4,1,,Technology,5155069.0,4924.91
SRKE,Strake Inc.,0.175,8,8,9,9,4,3,4,45,-5.0,43.0,Weak,Watchlist only,43,0.0,0.0,1.2,58.8,1,,Consumer Defensive,615174.0,2286.83
PFSMF,Perfect Medical Health Management Limited,0.24,8,6,9,8,3,2,4,40,0.0,43.0,Weak,Watchlist only,41,0.0,0.0,-0.0,38.2,0,,Healthcare,274730464.0,4.5
ESLGF,Logistics Development Group plc,0.228,9,6,11,8,3,2,4,43,-5.0,43.0,Weak,🔥 COILED: Watchlist only,53,0.0,0.0,0.0,50.0,1,,Industrials,62073612.0,210.0
LCKYF,Golden Sky Minerals Corp,0.22,13,6,10,7,4,2,5,47,-7.0,43.0,Weak,Watchlist only,39,0.0,0.0,6.2,64.3,1,,Basic Materials,3585692.0,3495.01
BIRNF,BCI Minerals Limited,0.26,15,7,10,6,6,2,4,50,-15.0,43.0,Weak,🔥 COILED: Watchlist only,55,0.0,0.0,0.3,50.0,1,,Basic Materials,528764384.0,50.0
SMNRF,S2 Minerals Inc,0.251,12,6,5,10,4,2,4,43,-5.0,43.0,Weak,🔥 COILED: Watchlist only,49,0.0,0.0,1.7,53.2,1,,Basic Materials,3111613.0,11.29
SBBSF,Sabana Shariah Compliant Industrial Real Estate Investment Trust,0.436,18,4,5,11,6,7,5,56,-13.0,43.0,Weak,Watchlist only,67,11.8,19.8,10.5,99.2,2,,Real Estate,445850272.0,0.0
TNJIF,Tianjin Capital Environmental Protection Group Company Limited,0.465,9,6,10,7,0,2,4,38,0.0,43.0,Weak,🔥 COILED: Watchlist only,46,0.0,0.0,0.0,50.0,0,,Industrials,620315136.0,45.0
WRLGF,West Red Lake Gold Mines Ltd.,0.478,8,7,5,12,3,2,5,42,-4.0,43.0,Weak,🔥 COILED: Watchlist only,24,-3.9,6.2,-0.6,49.2,0,,Basic Materials,197394704.0,896475.82
GCL,GCL Global Holdings Ltd Ordinary Shares,0.479,13,10,5,7,2,4,5,46,-3.0,43.0,Weak,Watchlist only,37,10.1,15.4,6.4,54.9,2,,Communication Services,61316168.0,1204160.56
TDSA,Cabana Target Drawdown 5 ETF,0.502,10,14,5,4,9,6,2,50,-8.0,43.0,Weak,Watchlist only,64,3.0,4.0,1.9,54.8,1,,nan,nan,4486819.52
ZONE,CleanCore Solutions Inc.,0.7,7,11,3,10,9,4,2,46,-3.0,43.0,Weak,Watchlist only,51,9.2,4.6,-0.9,49.0,1,,Industrials,155357184.0,2938894.02
CWLPF,The Caldwell Partners International Inc,0.75,11,2,5,14,6,0,5,43,0.0,43.0,Weak,Watchlist only,56,-8.5,-2.3,0.8,54.6,0,,Industrials,22111472.0,0.0
CRFCF,Card Factory plc,0.913,7,7,6,9,6,4,4,43,-3.0,43.0,Weak,Watchlist only,28,0.0,0.0,0.0,70.9,0,,Consumer Cyclical,435937312.0,1383.08
ELRE,Yinfu Gold Corporation,0.95,9,5,7,10,4,4,2,41,2.0,43.0,Weak,Watchlist only,49,-5.0,-5.0,1.2,51.3,0,,Communication Services,121983992.0,0.0
CGMXX,Columbia Funds Series Trust II  - Columbia Government Money Market Fund,1.0,11,7,11,6,4,2,4,45,-10.0,43.0,Weak,🔥 COILED: Watchlist only,47,0.0,0.0,0.0,51.9,0,,nan,nan,0.0
CILXX,Western Asset Institutional Liquid Reserves Ltd.,1.0,17,5,6,6,6,2,4,46,-8.0,43.0,Weak,🔥 COILED: Watchlist only,52,0.0,0.0,0.0,59.5,0,,nan,nan,0.0
CSOC,Caduceus Software Systems Corp,0.004,14,4,7,9,1,4,5,44,-2.5,42.5,Weak,Watchlist only,28,30.0,39.3,25.9,62.2,2,,Consumer Defensive,1476869.0,177506.89
QWTR,Quest Water Global Inc,0.059,10,9,4,14,5,2,5,49,-4.8,42.2,Weak,Watchlist only,61,0.0,-7.8,21.3,58.4,1,,Industrials,8402223.0,12838.06
PTLKF,PT Lippo Karawaci Tbk,0.01,5,4,10,7,3,2,4,35,2.0,42.0,Weak,🔥 COILED: Watchlist only,38,0.0,0.0,-0.0,44.7,0,,Healthcare,35438660.0,0.0
AURWF,Aurwest Resources Corporation,0.003,7,7,11,7,3,2,4,41,-2.0,42.0,Weak,Watchlist only,30,0.0,0.0,0.0,60.4,0,,Basic Materials,2325096.0,600.5
DOGP,"Dogecoin Cash, Inc.",0.008,3,12,9,11,3,2,5,45,-1.0,42.0,Weak,Watchlist only,20,5.1,0.0,0.6,46.8,0,,Healthcare,1349654.0,387449.12
DRKOF,Martello Technologies Group Inc,0.002,10,8,9,10,3,2,4,46,-7.0,42.0,Weak,Watchlist only,33,0.0,0.0,0.1,69.6,1,,Technology,1167415.0,0.0
AMIH,American International Holdings Corp,0.003,7,9,5,9,8,0,2,40,2.0,42.0,Weak,Watchlist only,52,-3.3,-3.3,2.5,50.7,1,,Consumer Cyclical,546000.0,0.0
BWNAF,SI6 Metals Limited,0.005,7,7,11,8,3,2,4,42,-3.0,42.0,Weak,Watchlist only,42,0.0,0.0,0.0,70.6,0,,Basic Materials,540059.0,202.5
CSUI,Cannabis Suisse Corp,0.008,7,4,10,8,4,0,2,35,2.0,42.0,Weak,🔥 COILED: Watchlist only,36,-4.5,-6.6,0.6,51.0,0,,Real Estate,346336.0,12780.98
DVNCF,Danavation Technologies Corp,0.002,9,6,11,7,3,2,4,42,-5.0,42.0,Weak,🔥 COILED: Watchlist only,45,0.0,0.0,0.0,50.0,1,,Technology,241649.0,110.25
PNXP,Pineapple Express Cannabis Company,0.001,5,13,6,11,3,0,5,43,-1.0,42.0,Weak,Watchlist only,23,0.0,0.0,-7.6,46.7,2,,Healthcare,42597.0,1762468.34
VTMLF,Venture Minerals Limited,0.018,3,7,7,10,3,3,4,37,0.0,42.0,Weak,🔥 COILED: Watchlist only,24,0.0,0.0,-3.2,43.8,0,,Basic Materials,94864232.0,1921.09
ANPCF,ANGLE plc,0.02,12,8,5,5,6,7,4,47,-13.0,42.0,Weak,🔥 COILED: Watchlist only,30,0.0,0.0,1.7,53.3,1,,Healthcare,11704948.0,1977.35
ARUXF,Acrux Limited,0.017,13,3,11,11,6,2,4,50,-13.0,42.0,Weak,🔥 COILED: Watchlist only,45,0.0,0.0,0.4,95.2,0,,Healthcare,8854060.0,6972.63
LQWC,LifeQuest World Corporation,0.013,16,9,7,15,4,4,5,60,-16,42,Weak,Watchlist only,44,63.0,25.7,36.8,60.0,3,10,Industrials,1673550.0,34016.73
NMGC,NeoMagic Corporation,0.016,16,11,11,11,6,4,5,64,-22.0,42.0,Weak,Watchlist only,64,0.6,21.4,10.1,61.8,4,,Technology,1030834.0,9128.51
TAAG,Awareness Group,0.014,3,10,3,13,3,6,2,40,2.0,42.0,Weak,Watchlist only,46,4.5,-26.3,-8.8,46.3,1,,Communication Services,798758.0,28696.16
TRVN,Trevena Inc,0.011,14,6,7,9,1,4,5,46,-7.0,42.0,Weak,Watchlist only,27,0.0,0.0,17.1,62.6,1,,Healthcare,9501.0,352.72
CWPWF,Concord New Energy Group Limited,0.03,5,6,10,9,3,2,4,39,0.0,42.0,Weak,Watchlist only,27,0.0,0.0,-0.1,17.2,0,,Utilities,327818368.0,0.0
MCRXF,Micro-X Limited,0.03,7,14,6,8,3,2,5,45,1.0,42.0,Weak,Watchlist only,35,0.0,7.1,16.1,55.6,1,,Healthcare,299213184.0,6909.61
IBXXF,Imagion Biosystems Limited,0.03,15,5,5,7,6,2,4,44,-5.0,42.0,Weak,Watchlist only,50,0.0,0.0,2.9,55.9,1,,Healthcare,8099044.0,4050.14
GYSLF,Eco Oro Minerals Corp,0.024,8,3,5,9,3,4,5,37,0.0,42.0,Weak,🔥 COILED: Watchlist only,40,0.0,-11.2,-4.1,46.5,0,,Basic Materials,3110528.0,4965.55
ZHDM,Zhong Hui Dao Ming Copper Holding Ltd,0.025,3,4,10,9,2,5,4,37,0.0,42.0,Weak,🔥 COILED: Watchlist only,20,0.0,0.0,-1.0,43.3,0,,Financial Services,2027625.0,7987.02
SLZNF,Slave Lake Zinc Corp,0.027,9,5,6,10,3,5,4,42,0.0,42.0,Weak,Watchlist only,41,1.5,1.5,0.6,50.4,0,,Basic Materials,1578614.0,5508.18
GWRRF,EnGold Mines Ltd,0.03,15,6,5,7,6,1,4,44,-5.0,42.0,Weak,Watchlist only,42,0.0,0.0,1.7,51.4,1,,Basic Materials,206907.0,596.54
CVAT,Cavitation Techs Inc,0.031,12,12,10,8,4,0,5,51,-9.0,42.0,Weak,Watchlist only,45,3.3,3.3,4.3,57.0,0,,Industrials,9601343.0,474978.33
HRFEF,Harfang Exploration Inc,0.04,10,5,10,10,3,3,5,46,-7.0,42.0,Weak,Watchlist only,31,0.0,0.0,2.8,63.0,1,,Basic Materials,4017428.0,11378.79
PRRVF,Providence Gold Mines Inc,0.032,2,3,8,9,6,4,5,37,0.0,42.0,Weak,🔥 COILED: Watchlist only,23,0.0,-9.6,-2.1,42.0,0,,Basic Materials,2499266.0,8148.99
KSEZ,Kinetic Seas Incorporated,0.04,6,9,9,10,3,4,4,45,-3.0,42.0,Weak,Watchlist only,25,2.6,-7.0,-1.4,47.4,1,,Technology,2429837.0,75092.95
KSTBF,Kestrel Gold Inc,0.033,9,3,10,8,4,1,4,39,0.0,42.0,Weak,Watchlist only,26,0.0,0.0,-0.2,16.6,0,,Basic Materials,2174420.0,7656.12
BRVO,Bravo Multinational Inc,0.032,10,6,8,7,6,2,5,44,-5.0,42.0,Weak,Watchlist only,25,-3.0,-3.0,2.5,52.1,1,,Communication Services,1572153.0,19930.35
GNRGF,General Copper Gold Corp.,0.038,9,6,5,9,4,5,4,42,-5.0,42.0,Weak,🔥 COILED: Watchlist only,38,0.0,0.0,0.2,51.1,1,,Basic Materials,1480163.0,346.0
EQTXF,Lake Winn Resources Corp,0.04,9,6,11,7,3,2,4,42,-5.0,42.0,Weak,🔥 COILED: Watchlist only,54,0.0,0.0,0.0,50.0,1,,Basic Materials,1377923.0,1178.79
SMPEF,Southern Empire Resources Corp,0.07,12,6,11,9,3,2,4,47,-8.0,42.0,Weak,Watchlist only,59,0.0,0.0,0.0,77.9,1,,Basic Materials,7100300.0,6454.29
TAPP,Tap Resources Inc,0.08,5,4,10,9,3,2,4,37,0.0,42.0,Weak,🔥 COILED: Watchlist only,41,0.0,0.0,-0.0,46.3,0,,Communication Services,2993312.0,4495.07
TORCF,TinOne Resources Inc.,0.072,11,10,6,7,4,0,5,43,-6.0,42.0,Weak,Watchlist only,30,0.4,0.4,13.3,71.2,2,,Basic Materials,1584878.0,1665.39
GDLG,Glidelogic Corp.,0.085,14,4,7,11,4,0,5,45,-3.0,42.0,Weak,Watchlist only,17,0.0,18.6,7.7,78.9,2,,Technology,4795153.0,11798.32
AOXY,Advanced Oxygen Technologies Inc,0.088,7,10,5,8,3,2,5,40,2.0,42.0,Weak,Watchlist only,55,16.8,-12.4,6.6,54.5,0,,Real Estate,288461.0,1381.88
GBRRF,Gabriel Resources Ltd,0.119,9,4,4,11,6,5,5,44,-5.0,42.0,Weak,Watchlist only,51,18.9,8.3,3.9,52.8,2,,Basic Materials,40197400.0,3901.75
ROBOF,RoboGroup T.E.K. Ltd,0.11,11,4,11,10,3,1,4,44,-5.0,42.0,Weak,Watchlist only,42,0.0,0.0,0.0,59.2,1,,Technology,6520335.0,21.3
NFLDF,Exploits Discovery Corp,0.135,6,10,5,10,8,4,2,45,-3.0,42.0,Weak,Watchlist only,53,17.4,-6.2,1.9,52.2,1,,Basic Materials,5796952.0,28972.05
SURMF,Surface Metals Inc.,0.126,7,16,5,9,3,4,3,47,-3.0,42.0,Weak,Watchlist only,32,6.8,-3.4,7.8,53.9,2,,Basic Materials,5669905.0,28404.9
ZDGGF,ZOO Digital Group plc,0.171,16,3,4,9,6,2,4,44,-5.0,42.0,Weak,Watchlist only,46,0.0,0.0,1.1,57.0,1,,Technology,13764551.0,1955.66
TWNMF,29Metals Limited,0.22,13,6,5,7,1,3,4,39,0.0,42.0,Weak,Watchlist only,30,0.0,0.0,-0.1,31.2,0,,Basic Materials,385541856.0,16425.58
SCCFF,Strategic Resources Inc,0.205,6,12,5,7,4,4,4,42,-3.0,42.0,Weak,Watchlist only,26,1.2,1.2,1.1,51.6,1,,Basic Materials,12100739.0,854.21
VIZND,Visionary Metals Corp.,0.24,15,6,10,7,6,2,4,50,-13.0,42.0,Weak,🔥 COILED: Watchlist only,62,0.0,0.0,11.6,100.0,0,,Basic Materials,10540721.0,121.17
THGHY,THG Plc,0.281,10,6,10,9,3,2,4,44,-5.0,42.0,Weak,Watchlist only,38,0.0,0.0,-0.0,5.2,1,,Consumer Cyclical,445588704.0,6.6
VLAI,VLAI,0.29,8,3,10,9,3,2,4,39,0.0,42.0,Weak,Watchlist only,31,0.0,0.0,-0.0,0.0,0,,Technology,1116694.0,23.44
NVTQF,Trench Metals Corp,0.287,8,6,11,10,3,2,4,44,-5.0,42.0,Weak,Watchlist only,0,0.0,0.0,0.0,8.1,1,,Energy,291539.0,0.0
ELTP,Elite Pharma Inc,0.375,8,6,3,12,3,5,2,39,0.0,42.0,Weak,Watchlist only,31,-1.1,1.4,-0.6,49.8,0,,Healthcare,403911168.0,654905.79
FEHTF,FEHTF,0.45,8,4,9,7,3,2,4,37,0.0,42.0,Weak,🔥 COILED: Watchlist only,35,0.0,0.0,-0.0,48.1,0,,Real Estate,940347136.0,12.5
PEBBF,PEBBF,0.546,8,3,10,9,3,2,4,39,0.0,42.0,Weak,Watchlist only,30,0.0,0.0,-0.0,5.3,0,,nan,117753064.0,31.75
TPTJF,Topps Tiles Plc,0.508,10,3,8,9,3,2,4,39,0.0,42.0,Weak,Watchlist only,39,0.0,0.0,-0.0,1.7,0,,Consumer Cyclical,92026688.0,16.63
CYAN,Cyanotech Corporation,0.53,11,6,12,14,6,4,4,57,-15.0,42.0,Weak,Watchlist only,61,0.0,0.0,3.1,58.3,1,,Consumer Defensive,2827392.0,4310.45
SKYH-WT,Sky Harbour Group Corporation WT,0.52,10,6,4,15,2,0,5,42,0.0,42.0,Weak,Watchlist only,30,-1.9,22.4,1.5,51.1,2,,nan,nan,20712.36
BDULF,Bangkok Dusit Medical Services Public Company Limited,0.56,4,3,10,10,3,5,4,39,0.0,42.0,Weak,Watchlist only,17,0.0,0.0,-0.2,1.8,0,,Healthcare,9568262144.0,0.0
CEIEF,Coelacanth Energy Inc.,0.559,6,7,7,10,0,5,2,37,2.0,42.0,Weak,Watchlist only,14,-1.6,-0.1,-1.1,44.0,0,,Energy,351684128.0,22506.99
GLKFF,Raise Production Inc,0.58,9,3,11,8,3,4,4,42,-3.0,42.0,Weak,Watchlist only,48,0.0,0.0,0.0,80.0,0,,Industrials,18394208.0,1071.45
CDHSF,CDL Hospitality Trusts,0.64,6,6,11,7,3,2,4,39,0.0,42.0,Weak,Watchlist only,0,0.0,0.0,0.0,14.3,1,,Real Estate,747257664.0,0.0
BLMWF,BluMetric Environmental Inc.,0.617,9,13,10,6,4,3,5,50,-13.0,42.0,Weak,🔥 COILED: Watchlist only,27,-0.0,1.2,1.8,53.1,2,,Industrials,33975792.0,16665.45
TVBCY,Television Broadcasts Ltd,0.69,18,5,4,11,6,6,5,55,-13.0,42.0,Weak,Watchlist only,30,21.1,21.1,15.3,88.7,2,,Communication Services,161031792.0,28.68
GEGYF,Genel Energy plc,0.72,8,7,11,8,1,3,4,42,-5.0,42.0,Weak,🔥 COILED: Watchlist only,20,0.0,0.0,0.0,50.1,1,,Energy,198410816.0,2132.0
MMTLF,Madison Metals Inc.,0.732,3,14,3,13,3,2,4,42,-1.0,42.0,Weak,Watchlist only,37,8.1,-13.2,-3.0,44.3,1,,Energy,43743548.0,6241.84
HENGY,Hengdeli Holdings Ltd ADR,0.79,12,4,8,7,6,3,4,44,-5.0,42.0,Weak,Watchlist only,47,0.0,0.0,-0.0,59.7,1,,Industrials,139360768.0,15.5
THMG,Thunder Mountain Gold Inc,0.8,14,5,6,14,3,1,5,48,-11.0,42.0,Weak,🔥 COILED: Watchlist only,57,0.0,0.0,1.4,54.2,1,,Basic Materials,74804464.0,51931.7
FMTYF,FMTYF,0.85,12,3,4,13,6,1,5,44,-2.0,42.0,Weak,Watchlist only,46,-0.4,-3.4,0.7,64.8,0,,nan,nan,5972.43
GURNF,"Gurunavi, Inc.",0.932,8,3,10,9,3,2,4,39,0.0,42.0,Weak,Watchlist only,29,0.0,0.0,-0.0,6.3,0,,Communication Services,70467672.0,22.07
CMRXX,Columbia Funds Series Trust II - Columbia Money Market Fund,1.0,10,7,11,6,4,2,4,44,-10.0,42.0,Weak,🔥 COILED: Watchlist only,45,0.0,0.0,0.0,51.3,0,,nan,nan,0.0
VYAXX,Voya Funds Trust - Government Money Market Fund Series II,1.0,18,9,5,8,4,7,4,55,-13.0,42.0,Weak,Watchlist only,50,0.0,0.0,0.0,97.8,0,,nan,nan,0.0
GBXI,GBX International Group Inc,0.001,15,4,8,8,4,2,4,45,-3.8,41.2,Weak,Watchlist only,38,0.0,175.0,27.6,60.0,2,,Communication Services,154948.0,2273.5
FFTTF,Fatfish Group Limited,0.004,8,3,9,9,3,2,4,38,0.0,41.0,Weak,Watchlist only,30,0.0,0.0,-0.0,0.0,0,,Financial Services,6991078.0,5.0
NSVGF,Nass Valley Gateway Ltd,0.01,5,4,10,8,3,2,4,36,0.0,41.0,Weak,🔥 COILED: Watchlist only,35,0.0,0.0,0.0,50.0,0,,Healthcare,3287327.0,1380.0
FUNN,Amfil Technologies,0.003,17,14,9,12,7,7,5,71,-28,41,Weak,Watchlist only,65,30.0,36.8,21.9,58.9,3,,Industrials,2057015.0,1628809.42
MBPG,Marelius Inc.,0.01,4,7,3,16,3,2,2,37,-1.0,41.0,Weak,Watchlist only,29,4.3,4.3,-0.9,43.6,1,,Consumer Defensive,1862215.0,8051.5
BMTM,Bright Mountain Media Inc,0.009,10,4,5,14,2,3,5,43,-5.0,41.0,Weak,Watchlist only,36,-8.2,-1.1,1.0,54.0,1,,Communication Services,1813283.0,125431.15
SRBCF,Sirona Biochem Corp,0.005,8,6,10,10,3,2,4,43,-5.0,41.0,Weak,Watchlist only,42,0.0,0.0,-0.0,38.7,1,,Healthcare,1634865.0,1526.5
AGIN,American Graphite Technologies Inc,0.002,7,7,6,9,5,4,5,43,0.0,41.0,Weak,Watchlist only,19,-5.0,-5.0,-0.7,49.0,0,,Financial Services,796751.0,131445.91
SMGI,SMG Industries Inc,0.001,7,4,9,11,4,6,4,45,-7.0,41.0,Weak,Watchlist only,43,0.0,0.0,-0.0,69.9,1,,Energy,348471.0,0.0
WEGOF,Wescan Goldfields Inc,0.004,9,4,11,7,3,2,4,40,-2.0,41.0,Weak,Watchlist only,39,0.0,0.0,0.0,60.3,0,,Basic Materials,272374.0,45.5
CTVEF,Certive Solutions Inc,0.002,7,7,11,7,3,2,4,41,-5.0,41.0,Weak,🔥 COILED: Watchlist only,44,0.0,0.0,0.0,54.0,1,,Healthcare,270632.0,900.0
EPYFF,ePlay Digital Inc,0.002,5,4,10,8,3,2,4,36,0.0,41.0,Weak,🔥 COILED: Watchlist only,37,0.0,0.0,0.0,50.0,0,,Communication Services,188035.0,1380.58
MBGNF,Med BioGene Inc,0.006,8,3,9,9,3,2,4,38,0.0,41.0,Weak,Watchlist only,31,0.0,0.0,-0.0,0.0,0,,Healthcare,101821.0,45.0
BFHJ,Beneficial Holdings Inc,0.001,4,3,10,8,3,6,4,38,0.0,41.0,Weak,Watchlist only,28,0.0,0.0,-1.4,16.4,0,,Financial Services,9408.0,28.56
CHNSF,China Starch Holdings Limited,0.02,5,4,9,9,3,2,4,36,0.0,41.0,Weak,🔥 COILED: Watchlist only,40,0.0,0.0,0.0,50.0,0,,Consumer Defensive,116209832.0,200.0
XITO,Xenous Holdings Inc,0.014,11,7,6,15,4,2,5,50,-12.0,41.0,Weak,Watchlist only,50,0.0,4.5,8.8,65.2,0,,Financial Services,10643500.0,3686.0
AGTX,Agentix Corp,0.02,6,8,8,13,3,3,2,43,-5.0,41.0,Weak,Watchlist only,13,0.0,0.0,-1.3,42.0,1,,Healthcare,801339.0,8057.2
DHAI,"DIH Holdings US, Inc. Class A Common Stock",0.02,10,5,10,12,3,1,5,46,-8.0,41.0,Weak,Watchlist only,32,0.0,0.0,18.8,77.1,1,,Healthcare,41853.0,84562.94
AEXFF,Aminex PLC,0.03,7,6,3,10,4,1,5,36,0.0,41.0,Weak,🔥 COILED: Watchlist only,40,0.0,0.0,7.8,54.0,0,,Energy,134250016.0,1537.65
NVSGF,Nevada Sunrise Gold Corporation,0.03,9,7,9,8,6,1,4,44,-3.0,41.0,Weak,Watchlist only,57,0.0,8.7,1.8,55.9,2,,Basic Materials,4566525.0,138155.34
ARAT,Arax Holdings Corp,0.026,15,6,12,9,6,2,4,54,-18.0,41.0,Weak,🔥 COILED: Watchlist only,51,0.0,0.0,1.2,99.0,1,,Technology,3628544.0,285.5
OLVRF,Olivut Resources Ltd,0.03,13,6,5,9,4,2,4,43,-5.0,41.0,Weak,Watchlist only,22,0.0,0.0,1.6,55.3,1,,Basic Materials,2513295.0,5017.5
GBCMF,Global Bio-chem Technology Group Company Limited,0.05,15,6,11,8,3,2,4,49,-13.0,41.0,Weak,🔥 COILED: Watchlist only,54,0.0,0.0,12.4,99.9,0,,Consumer Defensive,83941056.0,0.0
ARCXF,ArcelorMittal South Africa Ltd,0.059,8,3,10,9,3,6,4,43,-5.0,41.0,Weak,Watchlist only,36,0.0,0.0,-0.0,34.2,1,,Basic Materials,65427768.0,23.56
NRCD,Nashville Records Inc,0.052,7,3,10,9,3,2,4,38,0.0,41.0,Weak,Watchlist only,42,0.0,0.0,-0.0,5.7,0,,Communication Services,5216641.0,2.91
NMLSF,Nova Mentis Life Science Corp,0.056,9,8,3,14,1,4,2,41,-5.0,41.0,Weak,🔥 COILED: Watchlist only,19,0.0,-3.8,3.3,50.7,1,,Healthcare,3544720.0,2041.48
ACWRF,Acceleware Ltd,0.08,15,5,7,9,6,2,4,48,-7.0,41.0,Weak,Watchlist only,43,0.0,0.0,2.9,60.6,1,,Technology,11450308.0,1065.09
EHGRF,The Star Entertainment Group Limited,0.11,13,6,11,7,4,1,4,46,-8.0,41.0,Weak,Watchlist only,43,0.0,0.0,2.7,78.1,1,,Consumer Cyclical,735291264.0,585.47
PSBAF,PT Sumber Alfaria Trijaya Tbk,0.121,8,3,9,9,3,2,4,38,0.0,41.0,Weak,Watchlist only,44,0.0,0.0,-0.0,10.8,0,,Consumer Defensive,546521408.0,0.25
PNXPF,Planet Ventures Inc,0.128,10,13,2,11,3,2,2,43,-3.0,41.0,Weak,Watchlist only,35,8.9,-15.8,-5.3,44.9,1,,Financial Services,19418488.0,0.0
OPTBF,Oriental Petroleum and Minerals Corporation,0.11,7,3,10,9,3,2,4,38,0.0,41.0,Weak,Watchlist only,33,0.0,0.0,-0.0,0.0,0,,Healthcare,11363033.0,14041.5
DGDCF,Dynasty Gold Corp,0.1,12,11,9,3,4,3,4,46,-8.0,41.0,Weak,Watchlist only,30,6.0,6.0,3.7,56.8,0,,Basic Materials,7395071.0,15066.54
CHMMD,CHMMD,0.1,12,6,10,7,0,2,4,41,-5.0,41.0,Weak,🔥 COILED: Watchlist only,45,0.0,0.0,0.1,50.0,1,,Healthcare,5182228.0,0.0
TBRDF,TBRDF,0.101,16,5,6,9,3,2,4,45,-7.0,41.0,Weak,Watchlist only,56,0.0,0.0,5.7,61.6,1,,Basic Materials,3114007.0,106.1
GBEI,Great Basin Energies Inc,0.12,6,6,8,7,3,7,4,41,0.0,41.0,Weak,Watchlist only,44,0.1,0.1,-0.2,29.8,0,,Basic Materials,2298888.0,4749.05
CCCP,Crona Corp.,0.1,10,5,10,8,0,2,4,39,-3.0,41.0,Weak,🔥 COILED: Watchlist only,47,0.0,0.0,-0.0,43.0,1,,Communication Services,708760.0,114.46
HDVTY,Henderson Investment Ltd ADR,0.162,12,6,9,9,3,6,4,49,-8.0,41.0,Weak,Watchlist only,62,0.0,0.0,0.0,74.9,1,,Consumer Cyclical,98794352.0,459.97
MSCH,MainStreetChamber Holdings Inc.,0.179,6,3,7,10,6,4,2,38,0.0,41.0,Weak,Watchlist only,39,0.0,-4.8,-2.2,41.1,0,,Energy,58518084.0,377.07
MTQCF,MTQCF,0.172,8,3,3,8,3,1,5,31,2.0,41.0,Weak,🔥 COILED: Watchlist only,31,0.0,0.0,0.2,50.6,0,,nan,50396572.0,201.0
TLGRF,Talga Group Ltd,0.217,15,10,5,10,5,6,5,56,-16.0,41.0,Weak,Watchlist only,43,5.5,18.7,14.3,59.0,3,,Basic Materials,111024392.0,53942.74
HSRMF,Hastings Technology Metals Limited,0.22,7,8,8,10,3,3,4,43,-5.0,41.0,Weak,Watchlist only,15,0.0,0.0,-2.6,40.4,1,,Basic Materials,50699712.0,25450.11
CMAUF,Chibougamau Independent Mines Inc,0.204,12,7,4,8,4,3,2,40,-2.0,41.0,Weak,Watchlist only,38,0.0,85.9,18.4,64.4,2,,Basic Materials,12628937.0,2142.39
ACUT,Accustem Sciences Inc,0.22,7,14,4,9,3,2,2,41,-3.0,41.0,Weak,Watchlist only,31,7.3,-0.0,9.8,53.3,1,,Healthcare,3535898.0,1919.51
RIBBR,Ribbon Acquisition Corp Rights,0.23,16,6,3,14,3,4,5,51,-10.0,41.0,Weak,Watchlist only,44,27.1,30.7,2.0,51.6,2,,nan,1017899.0,0.0
HZRGF,Hazer Group Limited,0.251,13,8,6,4,6,7,4,48,-15.0,41.0,Weak,🔥 COILED: Watchlist only,24,0.0,0.0,0.4,52.3,1,,Basic Materials,58926524.0,358.0
IPTNF,Credissential Inc.,0.264,12,6,11,10,6,2,4,51,-13.0,41.0,Weak,Watchlist only,56,0.0,0.0,0.3,99.6,0,,Technology,1805187.0,1175.97
IPTND,IPTND,0.264,12,6,11,10,6,2,4,51,-13.0,41.0,Weak,Watchlist only,59,0.0,0.0,0.3,99.6,0,,Technology,338811.0,129.17
OSHDF,Oshidori International Holdings Limited,0.34,16,8,5,7,6,7,5,54,-13.0,41.0,Weak,Watchlist only,60,9.6,9.6,10.0,85.9,1,,Financial Services,2091377152.0,113.67
LMTI,Laser Master International Inc,0.33,6,3,10,9,6,3,4,41,-5.0,41.0,Weak,🔥 COILED: Watchlist only,48,0.0,0.0,-0.0,50.5,1,,Industrials,2710095.0,2000.5
PCRBF,Pricer AB (publ),0.356,13,6,11,10,3,2,4,49,-13.0,41.0,Weak,🔥 COILED: Watchlist only,26,0.0,0.0,0.1,82.6,0,,Industrials,58171952.0,173.0
CRYIF,CRYIF,0.547,7,4,10,10,3,2,4,40,-2.0,41.0,Weak,Watchlist only,49,0.0,0.0,0.0,63.9,0,,Consumer Cyclical,1141699456.0,0.03
CUEN,Cuentas Inc.,0.565,19,7,4,15,7,5,5,62,-21,41,Weak,Watchlist only,69,55.6,67.2,41.8,75.1,3,9,Technology,4135454.0,5226.01
FITGF,FIT Hon Teng Limited,0.707,6,10,3,10,3,2,2,36,4.0,41.0,Weak,Watchlist only,26,1.9,-7.3,-9.3,35.2,1,,Technology,5017432576.0,5356.83
GRPRF,Grupo Rotoplas S.A.B. de C.V,0.78,15,6,10,9,6,6,4,56,-18.0,41.0,Weak,Watchlist only,61,0.0,0.0,0.1,97.4,1,,Industrials,374151296.0,250.5
CJIMF,Gunpoint Exploration Ltd,0.75,12,6,11,11,3,6,4,53,-15.0,41.0,Weak,Watchlist only,65,0.0,0.0,0.0,93.6,1,,Basic Materials,40583784.0,295.0
IRCKF,Inter-Rock Minerals Inc,0.77,15,4,7,13,3,4,5,51,-13.0,41.0,Weak,Watchlist only,51,5.5,5.5,3.1,95.0,0,,Consumer Defensive,16707161.0,194.0
GEDC,"TerraVolt Holdings, Inc.",0.78,15,7,8,11,6,4,5,56,-18.0,41.0,Weak,Watchlist only,50,0.0,41.8,4.0,53.1,3,,Real Estate,6229363.0,2697.6
ACBD,Annabidiol Corp,0.84,10,6,11,8,3,2,4,44,-3.0,41.0,Weak,Watchlist only,57,0.0,0.0,0.0,78.5,0,,Financial Services,34081376.0,20.07
PAGFF,Pacifica Silver Corp.,0.849,4,6,9,10,1,3,3,36,2.0,41.0,Weak,Watchlist only,37,-1.0,-6.7,-1.9,47.5,0,,nan,nan,84241.7
TETHF,Tethys Petroleum Limited,0.934,10,5,2,10,4,3,4,38,0.0,41.0,Weak,Watchlist only,34,0.0,0.2,2.3,52.7,0,,Energy,108700896.0,192.66
ESPT,"Espre Technologies, Inc.",0.9,8,3,10,8,3,2,4,38,0.0,41.0,Weak,Watchlist only,32,0.0,0.0,-0.0,0.0,0,,Technology,4768201.0,29.93
ELOG,Eastern International Ltd.,1.0,16,12,8,10,3,2,5,56,-18.0,41.0,Weak,Watchlist only,42,17.8,22.0,13.5,62.2,3,,Industrials,12832000.0,302986.92
CUBWW,Lionheart Holdings Warrant,0.465,17,6,2,14,7,2,5,53,-10.5,40.5,Weak,Watchlist only,56,25.6,12.3,28.3,55.0,2,,nan,nan,35276.34
ACMNF,ACMNF,0.01,8,3,10,7,3,2,4,37,0.0,40.0,Weak,Watchlist only,33,0.0,0.0,-0.0,0.0,0,,Basic Materials,24349914.0,8.0
RJDG,Rjd Green Inc,0.006,3,8,6,10,5,2,4,38,2.0,40.0,Weak,Watchlist only,32,5.8,0.0,1.6,51.5,0,,Industrials,1976468.0,135067.88
CNNA,Cann American Corp,0.006,13,3,5,13,3,2,5,44,-5.0,40.0,Weak,Watchlist only,62,-1.7,3.5,5.4,54.8,1,,Healthcare,1543834.0,395784.33
GBBLF,Global Energy Ventures Ltd,0.001,8,3,9,8,3,2,4,37,0.0,40.0,Weak,Watchlist only,29,0.0,0.0,-0.0,0.0,0,,Energy,1517706.0,27000.0
EKGGF,CardioComm Solutions Inc,0.011,15,4,6,13,6,4,5,53,-13.0,40.0,Weak,Watchlist only,68,0.0,0.0,13.3,88.5,0,,Healthcare,1442349.0,395.23
LSLCF,Lachlan Star Limited,0.003,8,6,10,9,3,2,4,42,-5.0,40.0,Weak,Watchlist only,28,0.0,0.0,-0.0,23.1,1,,Basic Materials,1003202.0,23.37
ATXMF,Advantex Marketing International Inc,0.003,7,6,10,8,3,2,4,40,-5.0,40.0,Weak,🔥 COILED: Watchlist only,46,0.0,0.0,0.0,50.0,1,,Communication Services,743092.0,12.49
ATIXF,AnalytixInsight Inc,0.002,10,7,6,8,3,1,5,40,0.0,40.0,Weak,Watchlist only,21,0.0,0.0,10.3,51.1,0,,Technology,462409.0,7168.5
CDSG,China Dongsheng International Inc,0.002,3,6,8,11,3,4,5,40,4.0,40.0,Weak,Watchlist only,28,0.0,5.6,0.9,49.3,0,,Financial Services,406959.0,845086.8
PVMCF,Pine Valley Mining Corp,0.005,8,7,9,8,3,1,4,40,-5.0,40.0,Weak,🔥 COILED: Watchlist only,36,0.0,0.0,0.0,54.3,1,,Basic Materials,393810.0,4873.94
LGNDZ,Ligand Pharms Inc Cvr,0.002,6,8,6,12,0,1,5,38,2.0,40.0,Weak,Watchlist only,20,-11.1,23.1,-13.0,44.1,2,,nan,nan,0.0
FMELF,Future Metals NL,0.013,5,4,6,7,6,3,4,35,0.0,40.0,Weak,🔥 COILED: Watchlist only,43,0.0,0.0,-0.4,49.0,0,,Basic Materials,12267530.0,12803.33
VZTCF,Vaultz Capital Plc,0.02,5,6,10,7,3,2,4,37,0.0,40.0,Weak,Watchlist only,35,0.0,0.0,-0.0,4.3,0,,Financial Services,4259819.0,0.0
LUDG,Ludwig Enterprises Inc,0.02,4,3,10,8,3,5,4,37,0.0,40.0,Weak,Watchlist only,22,0.0,0.0,-2.4,31.2,0,,Healthcare,3309904.0,9091.51
ELMGF,Element79 Gold Corp,0.016,7,8,4,7,5,2,2,35,2.0,40.0,Weak,Watchlist only,45,9.2,-8.8,-0.2,49.5,0,,Basic Materials,3006920.0,81130.79
RECX,Recreatives Industries Inc.,0.012,9,4,3,14,3,2,5,40,0.0,40.0,Weak,Watchlist only,37,-16.1,0.9,-0.5,50.5,0,,Consumer Cyclical,2871424.0,1142401.53
ENAI,ENAI,0.02,16,6,12,7,6,2,4,53,-18.0,40.0,Weak,🔥 COILED: Watchlist only,51,0.0,0.0,8.2,97.5,1,,nan,403819.0,435.86
RTRFF,Rumble Resources Limited,0.022,9,6,11,8,0,2,4,40,-5.0,40.0,Weak,🔥 COILED: Watchlist only,48,0.0,0.0,0.0,50.0,1,,Basic Materials,398081536.0,33.38
MALDF,Macau Legend Development Limited,0.021,8,6,10,7,3,4,4,42,-5.0,40.0,Weak,Watchlist only,40,0.0,0.0,-0.0,19.3,1,,Consumer Cyclical,14567534.0,84.64
EDNSF,Eden Research plc,0.035,5,4,9,8,3,2,4,35,0.0,40.0,Weak,🔥 COILED: Watchlist only,28,0.0,0.0,0.0,50.0,0,,Basic Materials,40168152.0,1000.0
RENXF,RENXF,0.036,13,6,12,10,6,2,4,53,-18.0,40.0,Weak,🔥 COILED: Watchlist only,30,0.0,0.0,2.0,91.5,1,,Healthcare,16183451.0,372.5
SNTX,Suntex Enterprises Inc,0.034,13,6,7,8,5,0,5,44,-4.0,40.0,Weak,Watchlist only,61,-7.8,-4.7,-0.3,53.3,0,,Financial Services,11681011.0,3006161.08
ELIXF,Elixxer Ltd,0.034,7,8,11,9,3,2,4,44,-7.0,40.0,Weak,Watchlist only,35,0.0,0.0,0.0,66.5,1,,Healthcare,3191312.0,495.78
ALRGF,Antler Gold Inc,0.031,7,7,10,7,3,2,4,40,-5.0,40.0,Weak,🔥 COILED: Watchlist only,32,0.0,0.0,0.0,50.0,1,,Basic Materials,2815759.0,52.5
AGSVF,Argentum Silver Corp,0.031,11,6,7,6,6,2,4,42,-10.0,40.0,Weak,🔥 COILED: Watchlist only,31,0.0,0.0,1.2,53.5,0,,Basic Materials,1083569.0,841.71
ALGEF,Alligator Energy Limited,0.043,13,11,9,12,6,4,5,60,-18.0,40.0,Weak,Watchlist only,65,12.6,22.6,16.5,62.5,3,,Energy,173044336.0,257829.91
GBCMD,Global Bio-chem Technology Group Company Limited,0.05,15,6,10,8,3,2,4,48,-13.0,40.0,Weak,🔥 COILED: Watchlist only,54,0.0,0.0,11.1,100.0,0,,Consumer Defensive,83941056.0,0.0
JMPHF,Leveljump Healthcare Corp,0.043,8,3,10,7,3,2,4,37,0.0,40.0,Weak,Watchlist only,34,0.0,0.0,-0.0,6.7,0,,Healthcare,8869178.0,12.5
EOXFF,Euromax Resources Ltd,0.057,11,4,7,7,6,3,2,40,-5.0,40.0,Weak,🔥 COILED: Watchlist only,56,0.0,-9.5,-1.0,52.9,1,,Basic Materials,56613980.0,8717.0
UMCN,UMC Inc,0.058,13,4,9,10,4,1,3,44,-7.0,40.0,Weak,Watchlist only,56,0.0,0.0,1.1,68.4,1,,Industrials,39360740.0,9194.1
LIGA,Lig Assets Inc.,0.058,18,13,6,15,8,7,5,72,-30,40,Weak,Watchlist only,64,45.0,93.3,52.0,82.4,2,,Communication Services,3674661.0,90165.45
VVCHF,Viva China Holdings Limited,0.07,6,8,3,9,4,3,4,37,0.0,40.0,Weak,Watchlist only,16,0.0,0.0,-0.7,44.9,0,,Consumer Cyclical,697100288.0,155.01
FHGDF,Founder Holdings Limited,0.07,4,4,10,9,3,1,4,35,0.0,40.0,Weak,🔥 COILED: Watchlist only,25,0.0,0.0,-0.1,43.7,0,,Technology,115263504.0,447.0
LOBEF,Lobe Sciences Ltd,0.07,17,7,7,17,5,3,5,61,-19,40,Weak,Watchlist only,60,872.2,775.0,118.2,64.1,3,10,Healthcare,21850114.0,74044.19
SNYXF,Vital Energy Inc,0.07,8,3,9,8,3,2,4,37,0.0,40.0,Weak,Watchlist only,31,0.0,0.0,-0.0,0.0,0,,Energy,15712994.0,337.5
WDGRF,Wedgemount Resources Corp.,0.069,15,16,5,5,4,7,5,57,-17.0,40.0,Weak,Watchlist only,56,5.7,8.0,8.1,64.9,1,,Energy,6845645.0,35075.04
BTGRF,BTS Group Holdings Public Company Limited,0.074,8,3,10,7,3,2,4,37,0.0,40.0,Weak,Watchlist only,28,0.0,0.0,-0.0,0.0,0,,Industrials,1352754816.0,276.38
BRNHF,Broncus Holding Corporation,0.08,8,4,10,9,3,2,4,40,-5.0,40.0,Weak,🔥 COILED: Watchlist only,38,0.0,0.0,-0.0,48.1,1,,Healthcare,161659776.0,300.0
BTCWF,Bluesky Digital Assets Corp,0.08,12,6,11,9,3,6,4,51,-11.0,40.0,Weak,Watchlist only,50,0.0,0.0,0.0,75.0,1,,Financial Services,5707521.0,47770.5
FFLO,Free Flow Inc,0.081,12,6,11,9,6,2,4,50,-13.0,40.0,Weak,Watchlist only,45,0.0,0.0,0.1,99.9,0,,Consumer Cyclical,2504800.0,48.27
FFUCF,FFUCF,0.09,10,9,3,7,2,7,5,43,-3.0,40.0,Weak,Watchlist only,42,-2.7,16.9,1.3,49.9,2,,nan,nan,139126.14
PVLTF,Beijing Energy International Holding Co. Ltd,0.11,8,3,10,7,3,2,4,37,0.0,40.0,Weak,Watchlist only,37,0.0,0.0,-0.0,0.0,1,,Utilities,241875088.0,9.5
ZNWLF,Zinnwald Lithium Plc,0.115,14,3,9,9,3,6,3,47,-7.0,40.0,Weak,Watchlist only,48,-0.9,-0.9,6.4,67.4,1,,Basic Materials,54571720.0,743.34
TUTH,Standard Dental Labs Inc.,0.11,2,13,3,7,9,0,2,36,1.0,40.0,Weak,Watchlist only,25,-26.7,10.0,-12.8,46.3,1,,Healthcare,3557117.0,34154.14
VUVAF,Texton Property Fund Ltd Accum.Units ZAR,0.136,8,3,9,8,3,2,4,37,0.0,40.0,Weak,Watchlist only,32,0.0,0.0,-0.0,0.0,0,,Real Estate,nan,7145.05
IBACR,IB Acquisition Corp. Right,0.115,12,5,9,5,6,3,5,45,-10.0,40.0,Weak,🔥 COILED: Watchlist only,50,-0.3,0.0,0.4,53.4,0,,nan,nan,0.0
PFGTF,Pacific Edge Limited,0.171,11,4,7,7,6,3,4,42,-5.0,40.0,Weak,Watchlist only,51,0.0,0.0,0.2,57.3,1,,Healthcare,212307120.0,791.67
HOFBF,Hofseth BioCare ASA,0.167,7,6,10,8,3,2,4,40,-5.0,40.0,Weak,🔥 COILED: Watchlist only,38,0.0,0.0,0.0,50.0,1,,Consumer Defensive,84337976.0,3037.5
IZOZF,Izotropic Corporation,0.184,13,5,6,10,3,3,5,45,-8.0,40.0,Weak,Watchlist only,40,6.6,4.8,1.5,51.1,1,,Healthcare,12727673.0,29270.09
ABPO,"Abpro Holdings, Inc.",0.205,4,9,9,10,8,4,2,46,-6.0,40.0,Weak,Watchlist only,36,5.7,0.0,0.5,50.2,1,,Healthcare,1147371.0,559515.79
CMWCF,Cromwell Property Group,0.252,8,3,10,7,3,2,4,37,0.0,40.0,Weak,Watchlist only,30,0.0,0.0,-0.0,0.0,0,,Real Estate,661001984.0,51.9
DOCKF,Beyond Medical Technologies Inc,0.268,18,11,5,14,6,2,5,61,-21,40,Weak,Watchlist only,56,423.9,90.7,97.4,61.8,3,8,Industrials,19935748.0,590.38
SPTY,Specificity Inc.,0.28,3,11,4,15,7,2,5,47,-5.0,40.0,Weak,Watchlist only,53,-6.4,-20.0,-4.8,48.3,1,,Communication Services,4919415.0,40397.38
BJWTF,Beijing Enterprises Water Group Limited,0.3,4,3,10,10,3,3,4,37,0.0,40.0,Weak,Watchlist only,19,0.0,0.0,-0.6,39.3,0,,Utilities,3008433408.0,0.0
ENQUF,EnQuest PLC,0.33,9,4,5,12,3,2,3,38,-8.0,40.0,Weak,🔥 COILED: Watchlist only,42,-2.9,6.5,0.4,54.1,0,,Energy,630531136.0,0.0
HUMGF,Humm Group Limited,0.348,5,7,2,10,3,5,5,37,0.0,40.0,Weak,Watchlist only,14,0.0,0.0,-1.3,47.0,0,,Financial Services,253467040.0,1503.0
ASLM,American Silver Mining Co,0.325,13,5,5,14,1,1,5,44,-4.0,40.0,Weak,Watchlist only,34,-5.8,10.2,0.9,52.8,2,,Basic Materials,nan,1793982.5
MDIYF,Mr D.I.Y. Group (M) Berhad,0.355,8,3,10,7,3,2,4,37,0.0,40.0,Weak,Watchlist only,31,0.0,0.0,-0.0,21.4,0,,Consumer Cyclical,3363556352.0,98.17
NZMEF,NZME Limited,0.35,5,4,9,8,3,2,4,35,0.0,40.0,Weak,🔥 COILED: Watchlist only,28,0.0,0.0,0.0,50.0,1,,Communication Services,65863564.0,0.0
ENDGF,Endurance Gold Corporation,0.354,13,4,4,14,3,6,5,49,-9.0,40.0,Weak,Watchlist only,57,7.2,-1.7,2.3,54.1,0,,Basic Materials,70788720.0,32339.89
PIFYF,Pine Cliff Energy Ltd,0.4,6,7,6,9,2,2,3,35,2.0,40.0,Weak,Watchlist only,21,-1.2,0.8,-2.0,43.6,1,,Energy,147288976.0,78358.25
CHKIF,China Southern Airlines Company Limited,0.45,7,8,6,8,3,1,2,35,0.0,40.0,Weak,🔥 COILED: Watchlist only,30,0.0,0.0,-0.6,42.3,0,,Industrials,8154436608.0,35265.0
TGDLF,Tongdao Liepin Group,0.483,8,3,10,7,3,2,4,37,0.0,40.0,Weak,Watchlist only,28,0.0,0.0,-0.0,0.0,0,,Industrials,298532480.0,33.25
FSTJ,First America Resources Corporation,0.499,11,6,8,14,1,2,5,47,-7.0,40.0,Weak,Watchlist only,53,-0.2,1.8,2.7,56.8,1,,Financial Services,43894080.0,241.23
BBBY-WT,BBBY-WS,0.45,7,13,11,4,4,4,5,48,-8.0,40.0,Weak,Watchlist only,34,11.7,9.8,5.1,53.5,1,,nan,nan,0.0
BECVY,BEC World PCL ADR,0.53,6,3,10,9,3,2,4,37,0.0,40.0,Weak,Watchlist only,33,0.0,0.0,-0.0,0.0,0,,Communication Services,119393552.0,0.0
SRCAF,Stria Lithium Inc,0.56,7,4,11,7,3,6,4,42,-5.0,40.0,Weak,Watchlist only,49,0.0,0.0,0.0,56.9,1,,Basic Materials,22872684.0,2046.86
CNENF,Claren Energy Corp,0.55,8,4,8,9,4,3,4,40,0.0,40.0,Weak,Watchlist only,18,0.0,0.0,-2.3,0.0,0,,Energy,5960436.0,61.85
FRWDF,Fairwood Holdings Limited,0.638,8,3,10,7,3,2,4,37,0.0,40.0,Weak,Watchlist only,30,0.0,0.0,-0.0,0.1,0,,Consumer Cyclical,234490528.0,137.5
AINHF,Ai-Media Technologies Limited,0.6,7,7,10,7,3,2,4,40,-5.0,40.0,Weak,🔥 COILED: Watchlist only,41,0.0,0.0,0.0,50.0,1,,Communication Services,126592184.0,0.0
EVOL,Evolving Systems Inc,0.6,9,4,7,8,3,5,4,40,-5.0,40.0,Weak,🔥 COILED: Watchlist only,43,0.0,0.0,-0.2,49.3,1,,Technology,4374286.0,768.93
CYSNF,C-Com Satellite Systems Inc,0.67,5,14,4,7,4,0,4,38,2.0,40.0,Weak,Watchlist only,25,-0.9,5.1,0.3,50.1,0,,Technology,28311856.0,12124.42
ITRE,IntriEnergy Inc,0.65,5,4,9,8,3,2,4,35,0.0,40.0,Weak,🔥 COILED: Watchlist only,28,0.0,0.0,0.0,50.0,0,,Utilities,nan,7.85
ATTRF,Ascott Residence Trust,0.739,10,5,10,5,3,6,4,43,-8.0,40.0,Weak,🔥 COILED: Watchlist only,55,0.0,0.0,-0.0,42.4,0,,Real Estate,2503432704.0,29.62
RYGYF,Reysas Gayrimenkul Yatirim Ortakligi A.S.,0.7,10,6,3,7,4,4,3,37,0.0,40.0,Weak,Watchlist only,46,2.9,-2.9,-0.0,49.9,0,,Real Estate,940000000.0,1949.65
ARLSF,Argo Living Soils Corp,0.703,14,5,5,11,5,2,5,47,-5.0,40.0,Weak,Watchlist only,53,4.9,2.1,2.5,55.7,1,,Basic Materials,17790656.0,33527.06
WINSF,Wins Finance Holdings Inc,0.75,12,6,11,9,6,2,4,50,-13.0,40.0,Weak,Watchlist only,53,0.0,0.0,0.3,100.0,0,,Financial Services,25892.0,8.5
RMLFF,Rusoro Mining Ltd,0.8,7,7,8,10,5,3,5,45,-8.0,40.0,Weak,Watchlist only,47,2.6,3.9,2.0,54.9,2,,Basic Materials,508019552.0,266826.57
CONXF,Nickel 28 Capital Corp,0.815,5,7,3,9,3,4,4,35,2.0,40.0,Weak,Watchlist only,43,0.6,-2.7,-0.2,47.7,0,,Basic Materials,70136640.0,8442.11
FVEDMX,FVEDMX,0.845,4,11,5,8,3,1,3,35,2.0,40.0,Weak,Watchlist only,24,0.0,0.3,-0.1,44.5,0,,nan,nan,0.0
SDWHF,Soundwill Holdings Limited,0.872,16,6,4,6,4,2,4,42,-10.0,40.0,Weak,🔥 COILED: Watchlist only,40,0.0,0.0,0.5,51.6,1,,Real Estate,246917648.0,20.26
YTRA,Yatra Online Inc,0.88,4,8,9,9,5,4,3,42,-3.0,40.0,Weak,Watchlist only,30,0.0,-0.6,-1.1,47.0,1,,Consumer Cyclical,54679072.0,111481.69
GWLL,Goldenwell Biotech Inc,0.9,15,5,7,14,4,3,5,53,-13.0,40.0,Weak,Watchlist only,44,0.0,0.0,9.6,81.6,0,,Consumer Defensive,51480000.0,239.11
NDGPF,Nine Dragons Paper (Holdings) Limited,0.95,17,4,6,10,6,2,5,50,-13.0,40.0,Weak,Watchlist only,51,0.0,5.6,3.3,96.6,0,,Basic Materials,4222998784.0,2604.0
SHZNF,Shenzhen Expressway Company Limited,0.95,8,4,11,8,3,2,4,40,-3.0,40.0,Weak,Watchlist only,0,0.0,0.0,0.0,71.0,0,,Industrials,2929030656.0,0.0
BBOP,Bebop Channel Corp,1.0,8,3,10,7,3,2,4,37,0.0,40.0,Weak,Watchlist only,38,0.0,0.0,-0.0,0.0,0,,Communication Services,8733041.0,4.0
YDKG,Yueda Digital Holding,0.95,12,5,4,15,9,0,5,50,-13.0,40.0,Weak,Watchlist only,47,-9.5,-2.1,2.1,52.7,1,,Communication Services,5252176.0,479790.32
BBUZ,Bebuzee Inc.,0.02,11,14,3,7,6,1,5,47,-7.5,39.5,Poor,Stay away,46,25.0,42.9,32.9,57.7,2,,Communication Services,9850175.0,79296.96
SPOWF,Strata Power Corp,0.016,13,7,7,14,4,3,5,53,-13.5,39.5,Poor,Stay away,41,71.4,71.4,28.8,57.6,2,7,Energy,190808.0,7084.04
SAMMF,Sama Resources Inc,0.05,16,4,5,9,3,4,5,46,-6.8,39.2,Poor,Stay away,51,0.0,150.0,27.3,74.0,2,,Basic Materials,4638603.0,4008.15
PBMRF,PT Bumi Resources Tbk,0.008,4,7,4,7,3,7,4,36,0.0,39.0,Poor,Stay away,32,0.0,0.0,-4.5,42.9,0,,Energy,3063516928.0,19344.65
GMELF,GOME Retail Holdings Limited,0.002,3,3,9,9,3,5,4,36,0.0,39.0,Poor,Stay away,15,0.0,0.0,-2.1,27.4,0,,Consumer Cyclical,119874920.0,875.0
NWFAF,New Focus Auto Tech Holdings Limited,0.002,3,3,9,11,3,3,4,36,0.0,39.0,Poor,Stay away,13,0.0,0.0,-2.9,36.3,0,,Consumer Cyclical,41320676.0,1391.94
KRCLF,King River Resources Ltd,0.01,12,6,11,6,3,2,4,44,-10.0,39.0,Poor,🔥 COILED: Stay away,51,0.0,0.0,0.0,50.0,0,,Basic Materials,15585870.0,270.0
BIEI,Premier Biomedical Inc,0.001,14,8,3,14,4,7,5,55,-16.0,39.0,Poor,Stay away,55,22.2,57.1,13.3,55.5,3,,Healthcare,1539979.0,15860982.55
LLLI,Lamperd Less Lethal,0.004,13,6,5,11,4,3,5,47,-8.0,39.0,Poor,Stay away,44,37.5,25.7,9.5,54.0,2,,Industrials,1259414.0,47900.82
ECWDF,ECWDF,0.002,9,6,11,7,0,2,4,39,-5.0,39.0,Poor,🔥 COILED: Stay away,53,0.0,0.0,0.0,50.0,1,,Real Estate,1214757.0,95.0
SLGWQ,SLGWQ,0.003,8,4,10,8,3,2,4,39,-5.0,39.0,Poor,🔥 COILED: Stay away,39,0.0,0.0,0.0,50.0,1,,Healthcare,1038227.0,329.32
MMSDF,Macarthur Minerals Limited,0.002,3,3,10,8,3,5,4,36,0.0,39.0,Poor,Stay away,16,0.0,0.0,-10.0,31.6,0,,Basic Materials,822543.0,3575.29
LMLLF,Pharmadrug Inc,0.005,4,5,8,7,3,3,4,34,0.0,39.0,Poor,Stay away,14,-3.7,0.0,-2.0,47.2,0,,Healthcare,691204.0,19681.01
RFXRF,Running Fox Resource Corp,0.002,16,5,5,14,4,3,5,52,-13.0,39.0,Poor,Stay away,41,5.0,5.0,4.0,95.5,0,,Basic Materials,381403.0,453.5
PXFG,Phoenix Footwear Group Inc,0.01,8,4,10,9,3,1,4,39,-5.0,39.0,Poor,🔥 COILED: Stay away,29,0.0,0.0,-0.0,48.1,1,,Consumer Cyclical,198054.0,8617.29
AJOY,Ayujoy Herbals Ltd,0.002,5,3,10,9,3,2,4,36,0.0,39.0,Poor,Stay away,29,0.0,0.0,-0.0,6.6,0,,Consumer Defensive,136730.0,11087.89
LNNTF,Linius Technologies Limited,0.001,8,4,9,7,3,2,4,37,-3.0,39.0,Poor,🔥 COILED: Stay away,38,0.0,0.0,-0.0,45.0,1,,Technology,132317.0,160107.44
FLWBF,Flow Beverage Corp,0.001,7,6,10,9,3,2,4,41,-5.0,39.0,Poor,Stay away,31,0.0,0.0,-0.0,9.4,1,,Consumer Defensive,95383.0,4259.14
HTHL,Humitech International Group Inc,0.002,10,6,11,7,3,6,4,47,-8.0,39.0,Poor,Stay away,51,0.0,0.0,0.0,77.8,1,,Industrials,9678.0,11.15
RCKTW,"Rocket Pharmaceuticals, Inc. Warrant",0.003,3,12,0,11,4,2,2,34,4.0,39.0,Poor,Stay away,20,13.8,10.0,-44.8,41.6,1,,Healthcare,nan,32091.43
KAMRF,Kalamazoo Resources Limited,0.02,9,7,12,5,6,4,4,47,-13.0,39.0,Poor,🔥 COILED: Stay away,32,0.0,0.0,2.2,70.8,0,,Basic Materials,37027500.0,2220.0
CPIHF,Champion Technology Holdings Ltd,0.016,5,4,9,7,3,2,4,34,0.0,39.0,Poor,🔥 COILED: Stay away,40,0.0,0.0,0.0,50.0,0,,Energy,17561838.0,0.43
MLPHD,AI Energy Inc.,0.02,15,6,12,7,6,2,4,52,-18.0,39.0,Poor,🔥 COILED: Stay away,51,0.0,0.0,6.2,97.3,1,,Financial Services,403819.0,433.09
TTEXF,Bullion Gold Resources Corp,0.021,3,3,9,7,3,7,4,36,0.0,39.0,Poor,Stay away,22,0.0,0.0,-16.7,1.8,0,,Basic Materials,2591064.0,701.54
KASHF,Intellabridge Technology Corp,0.026,9,3,2,15,2,5,5,41,-5.0,39.0,Poor,Stay away,47,-7.9,-12.1,-4.5,48.4,1,,Technology,2068173.0,18475.54
BLFR,Bluefire,0.03,13,7,11,9,6,4,4,54,-18.0,39.0,Poor,Stay away,45,0.0,0.0,4.7,90.0,1,,Financial Services,760421.0,2202.26
OARFF,Fort St. James Nickel Corp,0.023,7,6,10,7,3,2,4,39,-5.0,39.0,Poor,🔥 COILED: Stay away,33,0.0,0.0,0.0,50.0,1,,Basic Materials,598460.0,89.8
HLOC,World Technology Corp,0.036,10,6,5,8,3,3,5,40,0.0,39.0,Poor,Stay away,24,0.0,0.0,15.2,50.0,0,,Technology,3097057.0,386.05
GORIF,Golden Ridge Resources Ltd,0.035,4,3,10,7,3,5,4,36,0.0,39.0,Poor,Stay away,25,0.0,0.0,-0.8,33.5,0,,Basic Materials,2048946.0,0.0
DFLIW,Dragonfly Energy Holdings Corp.,0.038,6,7,4,9,2,2,5,35,-1.0,39.0,Poor,Stay away,24,-4.5,-4.8,-3.7,49.0,0,,nan,nan,69266.09
TVIPF,TVI Pacific Inc,0.05,8,6,6,10,1,6,2,39,0.0,39.0,Poor,Stay away,42,0.0,24.7,-3.4,43.3,2,,Basic Materials,36429352.0,16146.34
CRBAF,CRBAF,0.042,11,6,9,5,4,4,5,44,-10.0,39.0,Poor,🔥 COILED: Stay away,30,0.0,0.0,1.1,52.1,0,,nan,5547928.0,1032.64
RSNUF,Renascor Resources Limited,0.052,17,5,4,8,6,2,4,46,-10.0,39.0,Poor,Stay away,53,0.0,1.6,6.1,55.2,0,,Basic Materials,131895120.0,3622.38
EGMCF,Emgold Mining Corporation,0.057,7,3,4,10,3,7,5,39,0.0,39.0,Poor,Stay away,47,6.3,-16.3,0.0,50.3,0,,Basic Materials,3873401.0,137925.25
UMGP,Universal Media Group Inc,0.056,5,8,8,9,3,2,2,37,-1.0,39.0,Poor,Stay away,25,-5.1,-5.1,-3.2,46.9,1,,Communication Services,2023770.0,34222.08
BESAF,Besra Gold Inc.,0.07,12,7,11,12,6,2,4,54,-18.0,39.0,Poor,Stay away,55,0.0,0.0,2.1,99.8,1,,Basic Materials,29267062.0,19.64
OKMN,"Okmin Resources, Inc.",0.07,15,5,12,11,4,2,5,54,-18.0,39.0,Poor,Stay away,56,0.0,0.0,3.6,83.7,1,,Energy,8994250.0,3036.51
SSRSF,Silver Sands Resources Corp,0.063,6,7,9,9,3,4,3,41,-5.0,39.0,Poor,Stay away,27,21.2,-1.6,0.1,49.4,1,,Basic Materials,1910864.0,4733.64
COLRF,China Medical & HealthCare Group Limited,0.08,8,3,9,7,3,2,4,36,0.0,39.0,Poor,Stay away,44,0.0,0.0,-0.0,0.0,0,,Healthcare,80842432.0,12.0
MNDDF,Monde Nissin Corporation,0.12,5,3,10,9,3,2,4,36,0.0,39.0,Poor,Stay away,35,0.0,0.0,-0.0,0.0,0,,Consumer Defensive,2156233216.0,80.0
LUCRF,Lucara Diamond Corp,0.113,7,12,6,7,3,2,5,42,1.0,39.0,Poor,Stay away,13,-5.6,-5.6,-1.2,45.1,1,,Basic Materials,164011888.0,31897.97
THURF,Thunderstruck Resources Ltd,0.1,6,7,11,7,3,1,4,39,-5.0,39.0,Poor,🔥 COILED: Stay away,43,0.0,0.0,1.7,56.5,1,,Basic Materials,7107121.0,2223.31
AGRTF,Bullfrog Gold Corporation,0.12,11,5,5,9,4,6,4,44,-5.0,39.0,Poor,Stay away,54,0.0,0.0,2.3,55.2,1,,Basic Materials,1745716.0,1315.24
DUSXF,Dustin Group AB (publ),0.17,7,3,10,7,3,2,4,36,0.0,39.0,Poor,Stay away,33,0.0,0.0,-0.0,31.3,0,,Technology,230908064.0,725.0
CLOQ,Advanced Credit Technologies Inc,0.18,18,8,5,15,5,6,5,62,-23,39,Poor,Stay away,46,52.7,38.5,28.6,65.4,3,6,Technology,25292208.0,4004.68
NLGCF,Northern Lion Gold Corp,0.178,8,6,11,8,0,2,4,39,-5.0,39.0,Poor,🔥 COILED: Stay away,47,0.0,0.0,0.0,50.0,1,,Basic Materials,3031680.0,0.0
AKOBF,AKOBF,0.203,5,7,11,7,3,2,4,39,-5.0,39.0,Poor,🔥 COILED: Stay away,46,0.0,0.0,0.0,51.8,1,,Basic Materials,46546248.0,40.0
SLCVF,SLCVF,0.26,13,7,8,2,3,4,4,41,-10.0,39.0,Poor,🔥 COILED: Stay away,22,0.0,0.0,0.3,52.7,0,,Industrials,1237088896.0,619.65
PDPTF,PUDO Inc,0.274,15,8,8,5,4,5,5,50,-14.0,39.0,Poor,Stay away,36,0.0,0.0,7.1,61.2,1,,Industrials,5240385.0,2296.58
SBCWW,SBC Medical Group Holdings Incorporated,0.26,8,9,2,7,8,0,5,39,2.0,39.0,Poor,Stay away,57,-13.3,13.0,8.3,53.2,2,,nan,nan,31268.07
PBCRF,PT Bank Central Asia Tbk,0.347,8,4,4,14,3,1,5,39,0.0,39.0,Poor,Stay away,38,-13.3,5.2,-1.2,48.9,0,,Financial Services,40917786624.0,0.0
HPDHF,Hopson Development Holdings Limited,0.33,5,4,9,7,3,2,4,34,0.0,39.0,Poor,🔥 COILED: Stay away,27,0.0,0.0,0.0,50.0,0,,Real Estate,1251538560.0,6.6
ASPU,Aspen Group Inc,0.319,11,14,6,5,9,2,5,52,-13.0,39.0,Poor,Stay away,61,9.9,2.3,7.7,55.7,2,,Consumer Defensive,10057238.0,59176.63
KIMO,KIMO,0.33,5,4,9,7,3,2,4,34,0.0,39.0,Poor,🔥 COILED: Stay away,28,0.0,0.0,0.0,50.0,0,,Consumer Defensive,5765972.0,40.0
HVIIR,Hennessy Capital Investment Corp. VII Rights,0.34,4,12,2,10,6,0,2,36,2.0,39.0,Poor,Stay away,33,-2.9,-2.9,-5.1,47.2,0,,nan,514957.0,53435.53
CHFLF,China Feihe Limited,0.39,11,5,4,7,4,0,5,36,0.0,39.0,Poor,Stay away,32,0.0,11.4,3.5,57.1,2,,Consumer Defensive,3434989056.0,2779.85
FSHUF,Fu Shou Yuan International Group Limited,0.38,8,3,10,9,0,2,4,36,0.0,39.0,Poor,Stay away,27,0.0,0.0,-0.0,0.0,1,,Consumer Cyclical,1135531648.0,130.0
CVNZF,Comvita Limited,0.416,8,6,10,8,4,1,4,41,-5.0,39.0,Poor,Stay away,0,0.0,0.0,-0.0,19.0,1,,Consumer Defensive,31465662.0,0.0
DHAWF,DHAWF,0.41,5,4,9,7,3,2,4,34,0.0,39.0,Poor,🔥 COILED: Stay away,38,0.0,0.0,0.0,50.0,0,,Real Estate,911508.0,0.54
HAATF,Haad Thip Public Company Limited,0.484,8,3,9,7,3,2,4,36,0.0,39.0,Poor,Stay away,29,0.0,0.0,-0.0,0.0,0,,Consumer Defensive,194449376.0,155.0
GRMHF,Greentown Management Holdings Company Limited,0.5,5,4,9,7,3,2,4,34,0.0,39.0,Poor,🔥 COILED: Stay away,40,0.0,0.0,0.0,50.0,0,,Real Estate,980919168.0,2.5
NXNT,NXNT,0.502,9,4,3,12,6,4,4,42,-3.0,39.0,Poor,Stay away,33,-27.2,0.4,-9.4,45.8,0,,nan,nan,1361.73
AINMF,NetraMark Holdings Inc.,0.554,1,13,3,12,4,2,5,40,-1.0,39.0,Poor,Stay away,36,4.3,-15.8,0.1,49.2,1,,Healthcare,53689756.0,2169.23
SBDCF,SBD Capital Corp,0.591,7,6,10,7,3,2,4,39,-5.0,39.0,Poor,🔥 COILED: Stay away,46,0.0,0.0,0.0,50.0,1,,Consumer Defensive,18965.0,1126.04
ADCNF,ADCNF,0.65,5,4,9,7,3,2,4,34,0.0,39.0,Poor,🔥 COILED: Stay away,27,0.0,0.0,0.0,50.0,0,,Healthcare,1076765440.0,5535.4
KREVF,Keppel REIT,0.7,8,6,10,5,4,6,5,44,-10.0,39.0,Poor,🔥 COILED: Stay away,38,0.0,0.0,1.0,51.9,0,,Real Estate,3477140480.0,0.0
LOBO,LOBO EV TECHNOLOGIES LTD. Ordinary shares,0.759,13,16,4,12,5,3,5,58,-20.0,39.0,Poor,Stay away,52,5.1,10.6,5.1,54.8,3,,Consumer Cyclical,10506031.0,2502046.87
UNPSF,Uni-President China Holdings Ltd,0.9,6,4,8,8,3,1,4,34,0.0,39.0,Poor,🔥 COILED: Stay away,27,0.0,0.0,-0.1,45.2,0,,Consumer Defensive,3887400448.0,40.0
BQSSF,Boss Resources Ltd,0.943,13,8,8,8,4,5,5,51,-15.0,39.0,Poor,Stay away,26,6.0,5.7,5.2,59.2,1,,Energy,369506048.0,42478.66
YGRAF,Yangarra Resources Ltd,0.93,12,4,3,15,1,1,5,41,0.0,39.0,Poor,Stay away,37,-2.1,-1.1,0.3,51.1,0,,Energy,103483304.0,50314.41
KTHUD,KTHUD,0.938,15,6,9,10,6,2,4,52,-18.0,39.0,Poor,🔥 COILED: Stay away,64,0.0,0.0,13.3,99.9,1,,Consumer Cyclical,44520880.0,134.47
SGDH,Sgd Holdings Ltd,1.0,13,8,9,6,4,2,4,46,-15.0,39.0,Poor,🔥 COILED: Stay away,50,0.0,0.0,0.0,52.8,1,,Financial Services,5000248320.0,64.29
CPADF,Cookpad Inc,0.977,8,3,9,7,3,2,4,36,0.0,39.0,Poor,Stay away,31,0.0,0.0,-0.0,0.0,0,,Communication Services,70231256.0,177.04
CONC,ConectiSys Corporation,1.0,9,6,11,9,3,2,4,44,-8.0,39.0,Poor,Stay away,50,0.0,0.0,0.0,79.1,1,,Financial Services,888579.0,4.51
GMLPF,Golar LNG Partners LP Series A Pref,0.98,9,5,7,9,5,2,2,39,0.0,39.0,Poor,Stay away,46,-2.0,-2.0,-9.8,42.9,1,,Energy,nan,17966.86
LLRXX,Western Asset Institutional Liquid Reserves Ltd.,1.0,12,8,10,6,6,2,4,48,-12.0,39.0,Poor,Stay away,46,0.0,0.0,0.0,66.8,0,,nan,nan,0.0
MPFXX,Morgan Stanley Institutional Liquidity Funds - Prime Portfolio,1.0,11,8,6,6,4,2,4,41,-10.0,39.0,Poor,🔥 COILED: Stay away,36,0.0,0.0,0.0,54.3,0,,nan,nan,0.0
WAAXX,Western Asset Premier Institutional Liquid Reserves Capital Shares,1.0,13,8,5,6,6,2,4,44,-10.0,39.0,Poor,🔥 COILED: Stay away,45,0.0,0.0,0.0,55.2,0,,nan,nan,0.0
AFRIW,Forafric Global PLC Warrants,0.97,12,14,2,9,8,0,5,50,-11.0,39.0,Poor,Stay away,62,-2.0,-1.0,9.8,57.2,1,,nan,nan,7396.55
NOEMW,CO2 Energy Transition Corp. Warrant,0.18,16,12,4,9,6,0,5,52,-11.2,38.8,Poor,Stay away,71,12.4,87.1,45.4,66.0,2,,nan,nan,13438.53
GSHRW,Gesher Acquisition Corp. II,0.37,18,10,4,9,6,0,5,52,-13.2,38.8,Poor,Stay away,58,-3.4,21.8,51.4,60.7,2,,nan,nan,0.0
ASWRF,Gungnir Resources Inc,0.488,17,4,4,14,5,4,5,53,-14.5,38.5,Poor,Stay away,57,-7.9,-18.0,48.1,60.3,1,,Basic Materials,3213741.0,0.0
NOKPF,Nok Airlines Public Company Limited,0.009,8,12,10,3,8,2,2,45,-8.0,38.0,Poor,Stay away,54,-10.0,-10.0,3.7,51.3,0,,Industrials,33562680.0,53090.03
FBGI,First Shares Bancorp Inc,0.001,5,3,10,8,3,2,4,35,0.0,38.0,Poor,Stay away,31,0.0,0.0,-0.0,0.0,0,,Consumer Cyclical,30703528.0,437.5
CDBDF,Cloudbreak Discovery Plc,0.008,4,3,10,10,3,1,4,35,0.0,38.0,Poor,Stay away,30,0.0,0.0,-0.6,31.6,0,,Basic Materials,18391718.0,6205.03
GRXMF,Marvel Gold Limited,0.002,6,7,2,8,3,3,4,33,0.0,38.0,Poor,🔥 COILED: Stay away,13,0.0,0.0,-23.3,44.7,0,,Basic Materials,15644134.0,67.76
OXBOF,Oxford BioDynamics Plc,0.002,5,8,3,14,3,3,2,38,0.0,38.0,Poor,Stay away,35,0.0,0.0,-2.3,40.0,0,,Healthcare,10727277.0,29422.01
HHSE,Hanover House Inc.,0.009,6,7,1,7,8,2,2,33,2.0,38.0,Poor,Stay away,52,9.8,-25.0,-3.7,47.5,0,,Communication Services,10515439.0,682628.24
CABB,California Business Bank,0.009,10,7,11,6,3,2,4,43,-10.0,38.0,Poor,🔥 COILED: Stay away,48,0.0,0.0,0.0,50.0,0,,Financial Services,7640500.0,170.0
FTIDF,FTIDF,0.001,8,6,10,7,3,2,4,40,-5.0,38.0,Poor,Stay away,26,0.0,0.0,-0.0,3.0,1,,Consumer Cyclical,4190645.0,500.5
SGCSF,Sacgasco Limited,0.002,5,4,10,7,3,2,4,35,0.0,38.0,Poor,Stay away,34,0.0,0.0,-0.0,0.0,0,,Energy,3893553.0,11250.0
RNGC,Ranger Gold Corp,0.006,6,4,6,10,0,3,4,33,0.0,38.0,Poor,🔥 COILED: Stay away,25,0.0,0.0,-0.2,43.8,0,,Financial Services,1456015.0,5860.33
ANTCF,Aion Therapeutic Inc,0.002,7,6,11,10,3,2,4,43,-8.0,38.0,Poor,Stay away,38,0.0,0.0,0.0,74.2,1,,Healthcare,1256125.0,2424.63
CNNN,ConneXionONE Corp.,0.01,12,7,10,12,6,2,4,53,-18.0,38.0,Poor,Stay away,51,0.0,0.0,1.1,98.9,1,,Communication Services,765716.0,308.74
DGTEF,DGTEF,0.008,7,6,3,12,0,5,5,38,-3.0,38.0,Poor,Stay away,28,-22.0,-13.3,-9.1,48.0,1,,Financial Services,582135.0,12835.48
DMIFF,Diamcor Mining Inc,0.002,4,3,10,7,3,4,4,35,0.0,38.0,Poor,Stay away,14,0.0,0.0,-1.0,21.6,0,,Basic Materials,421597.0,17806.57
RSLT,Resilient Healthcare Corp,0.003,5,6,8,8,3,1,4,35,0.0,38.0,Poor,Stay away,0,0.0,0.0,-1.0,2.7,0,,Healthcare,347524.0,0.0
FLRLF,FluroTech Ltd.,0.005,12,6,10,6,3,2,4,43,-10.0,38.0,Poor,🔥 COILED: Stay away,53,0.0,0.0,0.1,50.0,0,,Healthcare,116027.0,3.05
AULSF,AULSF,0.02,3,4,8,13,3,3,4,38,0.0,38.0,Poor,Stay away,17,0.0,0.0,-23.4,0.0,0,,Healthcare,10251640.0,20.0
CJREF,Corus Entertainment Inc,0.02,7,4,10,9,3,3,4,40,-5.0,38.0,Poor,Stay away,29,0.0,0.0,-0.3,46.9,1,,Communication Services,4946116.0,5762.9
XCRT,Union Dental Holdings Inc,0.011,6,7,5,8,0,7,5,38,0.0,38.0,Poor,Stay away,31,1.9,-8.3,-1.3,48.8,0,,Healthcare,4344460.0,101722.77
TBLLF,Tombill Mines Limited,0.014,15,10,5,5,6,0,4,45,-10.0,38.0,Poor,Stay away,51,0.0,34.3,9.4,59.6,2,,Basic Materials,3823410.0,16451.44
ATMMF,Atomic Minerals Corporation,0.02,3,13,7,9,3,4,2,41,-3.0,38.0,Poor,Stay away,28,-2.0,-5.7,-3.9,43.4,2,,Basic Materials,1739126.0,77074.76
BSEG,Big Screen Entertainment Group Inc,0.012,13,9,7,11,3,3,5,51,-13.0,38.0,Poor,Stay away,26,20.0,20.0,16.9,87.5,2,,Communication Services,1493020.0,14178.5
FITSF,Koios Beverage Corp,0.011,12,6,11,10,3,2,4,48,-13.0,38.0,Poor,Stay away,54,0.0,0.0,0.1,95.1,0,,Consumer Defensive,21029.0,68.98
KMGLF,Asiamet Resources Ltd,0.022,10,9,11,5,0,2,4,41,-8.0,38.0,Poor,🔥 COILED: Stay away,41,0.0,0.0,0.0,53.9,0,,Basic Materials,76360872.0,22781.09
ALTAF,Altura Mining Limited,0.031,10,5,5,12,3,0,5,40,-5.0,38.0,Poor,Stay away,52,0.0,-41.6,5.6,51.5,1,,Basic Materials,12519583.0,0.0
ABCFF,Abacus Mining & Exploration Corporation,0.03,18,9,8,12,6,7,5,65,-27,38,Poor,Stay away,66,50.0,50.0,43.1,98.0,3,3,Basic Materials,2811843.0,51724.5
HENGF,Hengdeli Holdings Limited,0.033,15,5,6,9,6,2,5,48,-13.0,38.0,Poor,Stay away,58,0.0,0.0,6.1,100.0,0,,Industrials,88080384.0,12906.0
KRMMF,Kingsrose Mining Limited,0.04,13,5,7,11,6,4,5,51,-13.0,38.0,Poor,Stay away,45,0.0,0.0,5.3,99.2,0,,Basic Materials,30141060.0,6683.33
EVLI,Everlert Inc,0.032,12,8,8,11,2,3,5,49,-9.0,38.0,Poor,Stay away,51,66.3,35.0,13.1,53.9,2,9,Communication Services,23420304.0,1106668.23
FEERF,Freeport Resources Inc,0.034,3,10,4,14,3,0,2,36,-3.0,38.0,Poor,Stay away,23,-4.5,-3.4,-5.3,42.4,2,,Basic Materials,12987291.0,89515.6
MCREF,Metals Creek Resources Corp,0.04,11,4,6,9,6,5,4,45,-10.0,38.0,Poor,Stay away,58,0.0,-20.0,0.1,52.1,0,,Basic Materials,9009681.0,53765.79
AJYG,AJ1G Inc,0.036,4,6,10,7,3,1,4,35,0.0,38.0,Poor,Stay away,19,0.0,0.0,-2.5,33.8,0,,Financial Services,2228683.0,44.57
MMJ,MMJ Group Holdings Limited  Ordinary Shares,0.04,12,3,3,9,6,0,5,38,0.0,38.0,Poor,Stay away,50,-12.8,4.7,2.3,57.4,0,,Other,nan,188.34
AKOM,Aerkomm Inc,0.041,8,6,10,7,3,2,4,40,-5.0,38.0,Poor,Stay away,23,0.0,0.0,-0.0,0.0,1,,Technology,807774.0,52.45
YMAIF,Yoma Strategic Holdings Ltd,0.056,6,3,10,7,3,2,4,35,0.0,38.0,Poor,Stay away,33,0.0,0.0,-0.0,0.0,0,,Industrials,133756248.0,0.0
HAMRF,Silver Hammer Mining Corp,0.057,13,14,4,12,5,4,5,57,-19.0,38.0,Poor,Stay away,41,-0.7,29.3,12.8,61.5,3,,Basic Materials,7863670.0,236255.91
GCCFF,Golden Cariboo Resources Ltd,0.054,7,9,5,10,4,2,4,41,-3.0,38.0,Poor,Stay away,33,-6.8,-14.4,-0.9,48.3,1,,Basic Materials,7052130.0,43885.51
TCEFF,Tisdale Clean Energy Corp.,0.063,6,4,8,8,3,6,5,40,-5.0,38.0,Poor,Stay away,25,2.5,-11.7,-3.5,43.2,1,,Energy,4085424.0,7649.51
VRBFF,Vanadiumcorp Resource Inc,0.07,11,10,1,10,3,2,4,41,-3.0,38.0,Poor,Stay away,41,16.7,0.0,5.9,52.7,1,,Basic Materials,1944190.0,30848.35
SRWRF,SolarWorld Aktiengesellschaft,0.08,12,7,11,11,4,4,4,53,-18.0,38.0,Poor,Stay away,56,0.0,0.0,3.0,99.5,1,,Technology,1191680.0,99.06
ALGLF,Alma Gold Inc,0.08,15,6,11,7,6,2,4,51,-18.0,38.0,Poor,🔥 COILED: Stay away,53,0.0,0.0,0.2,100.0,1,,Basic Materials,86617.0,719.04
DYFSF,dynaCERT Inc,0.09,11,6,8,10,1,2,2,40,-5.0,38.0,Poor,Stay away,31,12.5,0.0,1.4,50.9,1,,Industrials,40724384.0,18267.28
SPODF,Spod Lithium Corp.,0.083,12,5,9,13,6,2,4,51,-18.0,38.0,Poor,🔥 COILED: Stay away,44,0.0,0.0,0.3,98.7,1,,Basic Materials,521469.0,19.04
GALMF,GALMF,0.099,4,8,6,9,0,2,4,33,0.0,38.0,Poor,🔥 COILED: Stay away,0,0.0,0.0,-0.1,41.6,0,,Basic Materials,20019406.0,0.0
CLPMF,Clip Money Inc.,0.121,9,6,4,9,4,4,4,40,-5.0,38.0,Poor,Stay away,34,0.0,0.0,1.3,52.1,1,,Technology,14513248.0,590.02
SVBL,Silver Bull Resources Inc,0.11,3,12,2,14,4,3,5,43,-5.0,38.0,Poor,Stay away,22,3.2,10.0,-0.1,44.2,2,,Basic Materials,5382762.0,46608.56
FESNF,First Real Estate Investment Trust,0.19,5,5,10,9,0,4,4,37,-2.0,38.0,Poor,Stay away,0,0.0,0.0,-0.0,68.5,0,,Real Estate,402654528.0,0.0
CWGYF,Carnegie Clean Energy Limited,0.189,14,5,4,14,3,1,5,46,-8.0,38.0,Poor,Stay away,60,2.1,2.1,6.0,55.4,0,,Utilities,76594080.0,355973.38
GTHP,Guided Therapeutics Inc,0.244,4,4,8,12,3,4,5,40,-5.0,38.0,Poor,Stay away,30,-10.0,-12.9,-8.1,43.5,1,,Healthcare,23555114.0,13360.56
IVDN,Innovative Designs,0.249,5,11,5,8,3,6,2,40,2.0,38.0,Poor,Stay away,26,-8.8,5.9,-0.9,48.7,0,,Consumer Cyclical,7700801.0,26692.62
CAPS,Capstone Holding Corp. Common Stock,0.248,3,14,9,9,3,2,3,43,-3.0,38.0,Poor,Stay away,27,-0.6,-4.5,-2.4,43.2,2,,Basic Materials,3776468.0,1537662.74
LIFD,LFTD Partners Inc,0.2,11,4,4,13,1,5,5,43,-5.0,38.0,Poor,Stay away,28,5.3,5.3,6.3,57.7,1,,Consumer Defensive,2964536.0,1670.56
MTLK,Metalink Ltd,0.21,5,3,10,8,3,2,4,35,0.0,38.0,Poor,Stay away,37,0.0,0.0,-0.0,16.1,0,,Financial Services,258034.0,356.05
FOMTF,FOMTF,0.212,7,13,5,7,4,2,3,41,-3.0,38.0,Poor,Stay away,25,10.9,8.3,3.4,52.5,2,,nan,nan,128471.13
TAGP,Tristar Acquisition Group,0.289,18,7,6,18,4,4,5,62,-24,38,Poor,Stay away,63,92.7,162.7,80.8,84.8,2,6,Energy,54652076.0,13110.36
KAIFF,Kairos Minerals Limited,0.35,8,10,8,8,3,2,2,41,-3.0,38.0,Poor,Stay away,54,0.0,0.0,0.8,49.5,2,,Basic Materials,81905608.0,4549.7
PRNAF,Alterity Therapeutics Limited,0.35,14,3,4,11,5,4,5,46,-8.0,38.0,Poor,Stay away,54,-30.0,-22.2,11.2,59.2,1,,Healthcare,76127912.0,0.0
CTXXF,CEMATRIX Corporation,0.355,9,12,4,7,4,0,5,41,-3.0,38.0,Poor,Stay away,42,-0.5,1.4,0.3,50.4,0,,Basic Materials,53414172.0,61189.62
CPOP,Pop Culture Group Co Ltd,0.371,12,6,3,10,2,2,5,40,-5.0,38.0,Poor,Stay away,25,-5.3,-24.6,12.6,54.8,1,,Communication Services,4616003.0,858726.42
LMPMF,Lee and Man Paper Manufacturing Limited,0.42,10,7,11,6,3,2,4,43,-10.0,38.0,Poor,🔥 COILED: Stay away,51,0.0,0.0,0.0,50.0,0,,Basic Materials,1202600064.0,0.0
MNIVF,MNIVF,0.4,8,3,9,9,0,2,4,35,0.0,38.0,Poor,Stay away,27,0.0,0.0,-0.0,0.0,0,,Healthcare,155853936.0,200.0
GMALF,Genting Malaysia Berhad,0.492,5,3,10,9,3,4,4,38,0.0,38.0,Poor,Stay away,35,0.0,0.0,-0.0,35.8,0,,Consumer Cyclical,2787962112.0,0.0
SUPCF,Supalai Public Company Limited,0.549,6,4,11,7,3,2,4,37,-2.0,38.0,Poor,Stay away,39,0.0,0.0,0.0,60.9,0,,Real Estate,1041483712.0,0.84
UVPOF,Univanich Palm Oil PCL ADR,0.529,12,6,10,6,3,2,4,43,-10.0,38.0,Poor,🔥 COILED: Stay away,53,0.0,0.0,0.0,50.0,0,,Consumer Defensive,297792000.0,0.5
DRTTF,DIRTT Environmental Solutions Ltd,0.604,10,9,5,10,8,4,5,51,-11.0,38.0,Poor,Stay away,47,2.4,-1.3,2.3,56.7,2,,Industrials,114271752.0,53409.67
NYWKF,NTG Clarity Networks Inc,0.557,10,5,6,12,0,0,5,38,0.0,38.0,Poor,Stay away,22,-6.3,6.6,-0.4,49.2,0,,Technology,27843468.0,16601.67
SNOTF,Sinotrans Limited,0.648,10,7,11,6,3,2,4,43,-10.0,38.0,Poor,🔥 COILED: Stay away,51,0.0,0.0,0.0,52.8,0,,Industrials,3207384320.0,0.0
HRZRF,HRZRF,0.621,5,11,6,12,3,4,3,44,-6.0,38.0,Poor,Stay away,19,8.0,3.5,2.8,49.7,1,,nan,nan,9480.79
NNMTF,Nine Entertainment Co. Holdings Limited,0.67,5,3,9,9,3,2,4,35,0.0,38.0,Poor,Stay away,18,0.0,0.0,-0.1,0.0,0,,Communication Services,1506474112.0,184.5
PVFPF,Partners Value Investments Inc.,0.768,12,7,4,13,4,2,4,46,-13.0,38.0,Poor,🔥 COILED: Stay away,47,0.0,0.0,0.2,100.0,0,,Financial Services,nan,18.0
BJCHY,Beijing Capital International Airport Co Ltd ADR,0.97,7,5,8,10,1,4,5,40,-5.0,38.0,Poor,Stay away,29,0.0,-1.2,0.4,50.6,1,,Industrials,899167552.0,330.53
CCLX,Cableclix USA Inc,0.044,19,3,6,15,7,1,5,56,-16.8,37.2,Poor,Stay away,67,46.7,97.3,90.9,74.4,2,,Communication Services,41884896.0,144837.1
PBLJF,PBLJF,0.001,5,3,10,7,3,2,4,34,0.0,37.0,Poor,Stay away,31,0.0,0.0,-0.0,0.0,0,,Industrials,25909162.0,0.0
GVDI,Golden Valley Development Inc,0.007,9,6,9,7,3,1,4,39,-5.0,37.0,Poor,Stay away,22,0.0,0.0,-0.4,9.8,1,,Financial Services,4651943.0,14157.5
EZOO,Ezagoo Limited,0.002,5,3,10,7,3,2,4,34,0.0,37.0,Poor,Stay away,32,0.0,0.0,-0.0,0.0,0,,Communication Services,2663041.0,18.5
SRVTF,Star Vault AB (publ),0.003,8,3,10,7,0,2,4,34,0.0,37.0,Poor,Stay away,27,0.0,0.0,-0.0,0.0,0,,Communication Services,2135848.0,4875.37
MDMP,MDM Permian Inc,0.004,6,5,5,10,4,2,2,34,0.0,37.0,Poor,Stay away,33,21.2,0.0,-0.5,49.2,0,,Energy,1944828.0,164019.59
GRSFF,Greencastle Resources Ltd,0.007,4,4,10,10,0,5,4,37,-5.0,37.0,Poor,🔥 COILED: Stay away,33,0.0,0.0,-0.2,48.8,1,,Energy,1442766.0,317.5
SFIO,Starfleet Innotech Inc,0.001,7,5,5,12,0,3,5,37,0.0,37.0,Poor,Stay away,21,0.0,-9.1,-2.1,47.8,0,,Financial Services,1349612.0,707058.85
DCTIF,Delta CleanTech Inc,0.01,7,3,10,7,3,5,4,39,-5.0,37.0,Poor,Stay away,18,0.0,0.0,-0.6,11.2,1,,Industrials,1268827.0,4855.2
WFLDF,Wellfield Technologies Inc.,0.007,8,3,10,9,3,2,4,39,-5.0,37.0,Poor,Stay away,40,0.0,0.0,-0.0,3.8,1,,Technology,1120128.0,11.03
ISOL,1mage Software Inc,0.001,12,7,9,12,6,2,4,52,-18.0,37.0,Poor,Stay away,52,0.0,0.0,1.1,100.0,1,,Technology,908215.0,424.2
SVLT,Sunvault Energy Inc,0.006,11,4,5,15,3,2,5,45,-8.0,37.0,Poor,Stay away,53,0.0,0.0,5.8,73.1,1,,Industrials,899045.0,3538.0
PSPW,3Power Energy Group Inc,0.002,10,5,10,12,4,2,4,47,-13.0,37.0,Poor,Stay away,47,0.0,0.0,0.3,96.4,0,,Utilities,685737.0,6340.39
VGGIF,Boosh Plant-Based Brands Inc,0.002,5,4,10,9,3,2,4,37,-5.0,37.0,Poor,🔥 COILED: Stay away,43,0.0,0.0,-0.0,42.0,1,,Consumer Defensive,507368.0,450.0
MYNDF,MYND Lifesciencs Inc,0.008,8,3,10,7,3,4,4,39,-5.0,37.0,Poor,Stay away,32,0.0,0.0,-0.0,24.8,1,,Healthcare,387319.0,412.0
WOLV,Wolverine Technologies Corp,0.003,7,3,10,8,0,2,4,34,0.0,37.0,Poor,Stay away,32,0.0,0.0,-0.0,27.9,0,,Basic Materials,375673.0,540.0
TIGE,Tigrent Inc,0.01,12,7,9,12,6,2,4,52,-18.0,37.0,Poor,Stay away,51,0.0,0.0,3.4,100.0,1,,Consumer Defensive,130885.0,268.5
TOBAF,TAAT Global Alternatives Inc,0.005,7,6,10,11,3,1,4,42,-5.0,37.0,Poor,Stay away,33,0.0,0.0,-0.1,38.0,1,,Consumer Defensive,117859.0,869.12
GOOLF,Aquarius AI Inc,0.001,8,6,9,7,3,2,4,39,-5.0,37.0,Poor,Stay away,46,0.0,0.0,-0.0,20.2,1,,Financial Services,113089.0,1000.0
ANGCF,Angel Gold Corp,0.002,10,5,7,7,6,2,5,42,-5.0,37.0,Poor,Stay away,12,0.0,0.0,1.1,34.7,1,,Basic Materials,41706.0,379.35
LEHNQ,Lehman Brothers Holdings Capital Trust VI,0.001,13,5,7,8,4,1,5,43,-2.0,37.0,Poor,Stay away,51,0.0,10.0,2.6,62.5,2,,Financial Services,nan,365.33
MTGSF,MTGSF,0.012,5,3,10,7,3,2,4,34,0.0,37.0,Poor,Stay away,33,0.0,0.0,-0.0,0.0,0,,Utilities,996788160.0,5.0
NENTY,Nordic Entertainment Group AB (publ),0.012,8,3,9,10,3,2,4,39,-5.0,37.0,Poor,Stay away,25,0.0,0.0,-0.0,33.1,1,,Communication Services,219285472.0,275.0
AMSLF,Australian Mines Limited,0.015,7,8,2,9,0,2,4,32,2.0,37.0,Poor,Stay away,35,2.0,-15.9,-3.2,47.0,0,,Basic Materials,33026682.0,50421.34
GNTOF,Gentor Resources Inc,0.02,5,3,10,7,3,2,4,34,0.0,37.0,Poor,Stay away,35,0.0,0.0,-0.0,0.0,0,,Basic Materials,778134.0,65.5
CMLGF,CaNickel Mining Limited,0.02,10,6,11,6,3,2,4,42,-10.0,37.0,Poor,🔥 COILED: Stay away,46,0.0,0.0,0.0,50.0,0,,Basic Materials,750407.0,1330.0
BCII,Blockchain Industries Inc,0.014,11,7,8,5,8,2,4,45,-8.0,37.0,Poor,Stay away,53,27.3,7.7,12.6,59.1,0,,Financial Services,702415.0,94280.0
ATCHW,Calculator New Pubco Inc,0.014,8,6,7,8,6,0,2,37,2.0,37.0,Poor,Stay away,40,-6.7,-12.5,3.8,51.2,1,,nan,nan,0.0
VULC,Vulcan International Corporation,0.03,13,5,7,12,6,2,5,50,-13.0,37.0,Poor,Stay away,47,0.0,0.0,13.8,100.0,0,,Basic Materials,169387728.0,416.48
TKOI,Telkonet Inc,0.024,9,4,3,12,3,5,5,41,-5.0,37.0,Poor,Stay away,49,-6.0,-25.4,-11.2,47.0,1,,Technology,7031485.0,467910.5
BSTO,Blue Star Opportunities Corp,0.026,14,11,3,14,3,7,5,57,-20.0,37.0,Poor,Stay away,49,76.0,-12.0,14.8,54.6,0,6,Basic Materials,3279479.0,11961.93
RTON,Right On Brands Inc,0.026,12,6,9,12,3,7,5,54,-20.0,37.0,Poor,Stay away,53,30.0,-10.3,2.1,52.5,1,,Consumer Defensive,1254525.0,22074.38
FGLDF,Falcon Gold Corp,0.03,15,14,5,8,4,2,4,52,-18,37,Poor,Stay away,51,88.6,40.6,38.4,59.2,3,8,Basic Materials,854083.0,33129.37
SQZB,SQZ Biotechnologies Company,0.024,10,4,10,8,1,2,4,39,-5.0,37.0,Poor,Stay away,38,0.0,0.0,-0.0,45.3,1,,Healthcare,707787.0,2725.55
YRLLF,Global UAV Technologies Ltd,0.021,11,4,5,9,4,0,4,37,-3.0,37.0,Poor,Stay away,46,-4.5,-4.5,4.7,49.1,1,,Technology,480686.0,60.75
BPCP,Bishop Capital Corp,0.03,5,3,10,7,3,2,4,34,0.0,37.0,Poor,Stay away,30,0.0,0.0,-0.0,0.0,0,,Real Estate,245.0,0.0
HLGVF,Hillgrove Resources Limited,0.04,8,4,1,9,3,4,5,34,0.0,37.0,Poor,Stay away,39,0.0,-8.9,-5.9,48.4,0,,Basic Materials,141571088.0,6937.2
DYFWF,Dynasty Fine Wines Group Limited,0.038,5,3,10,7,3,2,4,34,0.0,37.0,Poor,Stay away,33,0.0,0.0,-0.0,0.0,0,,Consumer Defensive,54223628.0,0.0
GEAT,GreetEat Corporation,0.04,16,6,6,14,7,2,5,56,-19,37,Poor,Stay away,62,66.7,35.1,61.1,63.9,3,10,Industrials,9740823.0,64121.39
GLIIF,Glacier Lake Resources Inc,0.036,6,6,9,7,3,2,4,37,-5.0,37.0,Poor,🔥 COILED: Stay away,34,0.0,0.0,-0.0,50.1,1,,Basic Materials,1715046.0,100.0
ALTNF,Alternus Energy Group plc,0.035,8,3,10,9,3,2,4,39,-5.0,37.0,Poor,Stay away,36,0.0,0.0,-0.0,0.0,1,,Utilities,921400.0,24.0
MYRLF,Meryllion Resources Corp,0.031,9,7,11,6,3,2,4,42,-10.0,37.0,Poor,🔥 COILED: Stay away,58,0.0,0.0,0.0,50.0,0,,Basic Materials,435293.0,20.49
TEBAF,TEBAF,0.036,3,8,4,9,5,2,4,35,2.0,37.0,Poor,Stay away,35,2.3,-13.4,1.0,49.5,0,,nan,nan,133011.11
CLGPF,Clean Seed Capital Group Ltd,0.05,11,6,10,7,0,1,4,39,-5.0,37.0,Poor,Stay away,16,0.0,0.0,-0.2,39.5,1,,Industrials,6180049.0,4401.72
CBBLF,CBLT Inc,0.044,11,5,8,9,6,6,5,50,-13.0,37.0,Poor,Stay away,44,0.0,0.0,5.8,92.3,0,,Basic Materials,3102518.0,1719.48
SEEMF,Seeing Machines Limited,0.06,10,6,7,8,6,2,3,42,-5.0,37.0,Poor,Stay away,51,-9.9,1.9,-3.2,46.9,1,,Technology,287976000.0,105712.08
GRCMF,Green Shift Commodities Ltd.,0.054,10,4,6,8,6,1,2,37,0.0,37.0,Poor,Stay away,55,-6.1,-12.4,-4.2,44.1,0,,Basic Materials,7608396.0,7233.51
VINS,Vindicator Silver-Lead Mining Co,0.06,6,10,4,9,1,0,2,32,2.0,37.0,Poor,Stay away,35,-0.2,-0.2,9.1,54.2,0,,Basic Materials,598648.0,4074.6
MANZF,Manz AG,0.056,8,3,10,9,3,2,4,39,-5.0,37.0,Poor,Stay away,27,0.0,0.0,-0.0,0.0,1,,Technology,665295.0,650.16
HKRHF,3DG Holdings (International) Limited,0.07,8,3,10,9,3,2,4,39,-5.0,37.0,Poor,Stay away,30,0.0,0.0,-0.0,0.0,1,,Consumer Cyclical,18877014.0,5.78
MMMPF,Mermaid Maritime Public Company Limited,0.08,15,4,5,11,6,2,4,47,-13.0,37.0,Poor,Stay away,47,0.0,0.0,0.8,100.0,0,,Energy,151259456.0,85.0
SILEF,Silver Elephant Mining Corp,0.089,4,14,4,9,3,0,3,37,2.0,37.0,Poor,Stay away,18,-1.2,11.1,1.1,49.4,2,,Basic Materials,4603034.0,66300.5
GAMN,Great American Food Chain Inc. (The),0.09,10,7,3,14,1,0,2,37,-5.0,37.0,Poor,🔥 COILED: Stay away,51,-4.2,0.0,-0.3,50.2,1,,Consumer Cyclical,686767.0,2807.28
AITTF,Trenchant Technologies Capital Corp.,0.098,8,3,9,8,3,4,4,39,-5.0,37.0,Poor,Stay away,35,0.0,0.0,-0.0,35.8,1,,Financial Services,16440322.0,200.0
ALGGF,Alliance Global Group Inc,0.124,10,6,11,6,3,2,4,42,-10.0,37.0,Poor,🔥 COILED: Stay away,53,0.0,0.0,0.0,50.0,0,,Industrials,1025758784.0,0.0
MAPPF,ProStar Holdings Inc,0.132,13,6,6,10,1,3,2,41,-7.0,37.0,Poor,Stay away,48,-0.4,8.6,1.1,53.1,2,,Technology,21318410.0,67630.44
IDGAF,5th Planet Games A/S,0.134,8,7,3,7,4,3,2,34,0.0,37.0,Poor,Stay away,29,0.0,-3.0,-3.0,45.2,0,,Communication Services,17477108.0,664.87
VTXGF,VTXGF,0.13,13,6,12,7,6,2,4,50,-18.0,37.0,Poor,🔥 COILED: Stay away,40,0.0,0.0,0.1,95.8,1,,Industrials,16800378.0,9.34
VSBGF,VSBLTY Groupe Technologies Corp,0.1,13,14,6,14,4,2,5,58,-19,37,Poor,Stay away,52,66.7,81.8,48.4,58.6,4,7,Technology,7710789.0,14067.41
TRPTF,Tribe Property Technologies Inc,0.142,4,4,8,8,6,3,4,37,-5.0,37.0,Poor,🔥 COILED: Stay away,24,0.0,0.0,-0.3,41.8,1,,Technology,7102945.0,3641.9
CJNHF,China Jinmao Holdings Group Limited,0.152,5,3,10,7,3,2,4,34,0.0,37.0,Poor,Stay away,40,0.0,0.0,-0.0,37.0,0,,Real Estate,2048489984.0,9.79
CJRCF,China Resources Cement Holdings Limited,0.187,5,3,10,7,3,2,4,34,0.0,37.0,Poor,Stay away,30,0.0,0.0,-0.0,11.1,0,,Basic Materials,1418234624.0,82.5
WCUFF,World Copper Ltd,0.167,16,3,8,15,6,6,5,59,-20,37,Poor,Stay away,68,66.6,19.9,72.6,78.0,3,8,Basic Materials,1841217.0,13093.42
SATT,Sativus Tech Corp,0.15,14,4,2,14,3,3,5,45,-8.0,37.0,Poor,Stay away,53,-24.9,0.1,-0.5,53.9,1,,Technology,632757.0,401.32
GXPLF,GXPLF,0.195,9,6,3,15,0,2,2,37,0.0,37.0,Poor,Stay away,16,26.0,18.1,-0.3,48.6,2,,nan,nan,5026.04
VLQCF,Quantum Graphite Limited,0.22,8,3,10,9,3,2,4,39,-5.0,37.0,Poor,Stay away,29,0.0,0.0,-0.0,0.0,1,,Basic Materials,77572000.0,11.23
SCUPF,Aegis Brands Inc,0.2,8,3,10,7,0,2,4,34,0.0,37.0,Poor,Stay away,38,0.0,0.0,-0.0,30.8,0,,Consumer Cyclical,23283398.0,47.13
PTUUF,Purepoint Uranium Group Inc,0.226,5,8,8,10,2,2,2,37,-5.0,37.0,Poor,Stay away,17,-1.7,-2.3,-2.7,41.8,1,,Energy,17581808.0,29516.94
PACHW,Pioneer Acquisition I Corp Warrants,0.24,13,12,3,10,4,3,5,50,-11.0,37.0,Poor,Stay away,54,4.3,-2.6,3.0,55.3,1,,nan,nan,0.0
AYAAF,Ayala Land Inc,0.25,12,7,11,6,3,1,4,44,-10.0,37.0,Poor,Stay away,22,0.0,0.0,0.1,57.7,0,,Real Estate,3501601024.0,0.0
ANZFF,Air New Zealand Limited,0.25,15,10,9,4,3,2,4,47,-10.0,37.0,Poor,Stay away,34,4.2,4.2,1.7,59.1,0,,Industrials,776054912.0,1207.04
BTRAF,Brightstar Resources Limited,0.253,10,4,8,8,1,1,5,37,-5.0,37.0,Poor,🔥 COILED: Stay away,19,-1.5,-1.5,0.1,50.5,1,,Basic Materials,281950368.0,10077.1
EXDW,Exceed World Inc,0.292,12,6,11,10,3,2,4,48,-11.0,37.0,Poor,Stay away,44,0.0,0.0,0.1,76.7,1,,Consumer Defensive,9564750.0,246.33
QUTIF,Questor Technology Inc,0.28,13,6,12,7,6,2,4,50,-18.0,37.0,Poor,🔥 COILED: Stay away,48,0.0,0.0,1.5,88.8,1,,Industrials,5554625.0,714.0
GCAN,Greater Cannabis Company Inc,0.25,10,5,3,7,3,4,5,37,0.0,37.0,Poor,Stay away,56,-25.4,-0.0,-5.1,49.5,0,,Healthcare,248594.0,3621.21
SIMEF,Sime Darby Property Berhad,0.348,9,6,11,8,3,6,4,47,-13.0,37.0,Poor,Stay away,59,0.0,0.0,0.0,99.8,0,,Real Estate,1873631232.0,46.73
SEGYY,SPT Energy Group Inc ADR,0.346,8,3,10,9,3,2,4,39,-5.0,37.0,Poor,Stay away,35,0.0,0.0,-0.0,2.0,1,,Energy,33826092.0,11.05
JPPSF,Jinmao Property Services Co. Limited,0.373,5,3,10,7,3,2,4,34,0.0,37.0,Poor,Stay away,34,0.0,0.0,-0.0,0.0,0,,Real Estate,336991232.0,1.34
BHCCF,Benchmark Holdings plc,0.366,8,3,10,9,3,2,4,39,-5.0,37.0,Poor,Stay away,37,0.0,0.0,-0.0,0.0,1,,Consumer Defensive,225105232.0,28.0
ALXPF,ALXPF,0.394,12,6,11,9,3,2,4,47,-13.0,37.0,Poor,Stay away,49,0.0,0.0,0.0,81.1,0,,Basic Materials,41666400.0,445.3
PSSR,Passur Aerospace Inc,0.35,15,4,5,13,6,7,5,55,-18.0,37.0,Poor,Stay away,58,6.1,6.1,4.7,100.0,1,,Industrials,2699232.0,735.53
THFRF,Thai Union Group Public Company Limited,0.43,5,3,10,7,3,2,4,34,0.0,37.0,Poor,Stay away,37,0.0,0.0,-0.0,0.0,0,,Consumer Defensive,1900604288.0,1.56
NTPR,NutraProducts Inc.,0.4,11,5,9,7,0,3,4,39,-5.0,37.0,Poor,Stay away,39,0.0,0.0,0.2,51.3,1,,Consumer Defensive,8162999.0,1128.0
CRYYF,China Railway Signal & Communication Corporation Limited,0.464,10,6,11,6,3,2,4,42,-10.0,37.0,Poor,🔥 COILED: Stay away,50,0.0,0.0,0.0,50.0,0,,Industrials,4018836224.0,0.0
RVLGF,Revival Gold Inc,0.483,3,12,7,9,2,2,4,39,-3.0,37.0,Poor,Stay away,24,-0.5,-8.1,-2.1,46.4,1,,Basic Materials,153520176.0,306270.3
HRTX,Heron Therapeuti,0.486,10,12,8,15,3,4,5,57,-18.0,37.0,Poor,Stay away,23,1.8,13.0,5.1,52.4,3,,Healthcare,91970848.0,2333139.18
LSRBF,LSRBF,0.45,2,4,10,7,3,2,4,32,0.0,37.0,Poor,🔥 COILED: Stay away,0,0.0,0.0,0.0,50.0,0,,Industrials,53190288.0,0.0
PRTT,Protect Pharmaceutical Corporation,0.479,18,7,5,14,6,7,5,62,-25,37,Poor,Stay away,65,99.6,77.4,75.9,89.4,3,5,Industrials,27519210.0,16547.21
GIPL,Global Innovative Platforms Inc,0.5,6,6,6,7,3,7,4,39,-5.0,37.0,Poor,Stay away,41,0.0,0.0,-0.0,23.5,1,,Financial Services,170940.0,46.47
YLDGF,Yanlord Land Group Limited,0.525,10,6,11,6,3,2,4,42,-10.0,37.0,Poor,🔥 COILED: Stay away,50,0.0,0.0,0.0,50.0,1,,Real Estate,1013669760.0,1.8
AMQFF,Abitibi Metals Corp,0.507,10,9,4,14,4,4,5,50,-13.0,37.0,Poor,Stay away,47,-11.3,-3.7,-0.5,50.8,1,,Basic Materials,97311432.0,95923.13
AVDWF,Advent-AWI Holdings Inc,0.53,5,3,10,7,3,2,4,34,0.0,37.0,Poor,Stay away,33,0.0,0.0,-0.0,0.0,0,,Consumer Cyclical,14919391.0,0.0
HYLQF,HYLQ Strategy Corp.,0.502,10,6,11,4,3,4,4,42,-10.0,37.0,Poor,🔥 COILED: Stay away,38,0.0,0.0,0.1,49.3,0,,Technology,8581248.0,757.15
FBGL,FBS Global Limited Ordinary Shares,0.56,3,13,3,13,5,0,5,42,-3.0,37.0,Poor,Stay away,32,-9.7,-6.7,-1.4,48.8,1,,Industrials,7560000.0,1034705.85
BRWC,Birdie Win Corporation,0.586,10,8,10,11,4,6,5,54,-17.0,37.0,Poor,Stay away,49,30.4,36.4,33.3,63.3,2,,Consumer Defensive,3940607.0,16482.63
BDUUF,Bangkok Dusit Medical Services Public Company Limited,0.64,5,3,10,7,3,2,4,34,0.0,37.0,Poor,Stay away,0,0.0,0.0,-0.0,12.9,0,,Healthcare,9535201280.0,0.0
DCGO,DocGo Inc,0.631,8,11,4,10,5,2,5,45,-8.0,37.0,Poor,Stay away,40,-1.8,-2.1,2.1,53.2,1,,Healthcare,62358812.0,1222945.31
DYNR,Dynaresource Inc,0.61,8,5,3,14,1,3,5,39,-2.0,37.0,Poor,Stay away,25,1.7,52.5,6.7,52.2,2,,Basic Materials,18468908.0,9070.85
BACHF,Bank of China Ltd H,0.66,13,2,6,8,5,5,5,44,-7.0,37.0,Poor,Stay away,46,1.9,-1.6,-0.2,50.1,0,,Financial Services,220232171520.0,0.0
PSBKF,Postal Savings Bank of China Co. Ltd,0.669,9,6,11,8,3,6,4,47,-13.0,37.0,Poor,Stay away,66,0.0,0.0,0.0,94.7,0,,Financial Services,81121591296.0,859.96
CCEGF,Carclo plc,0.67,5,3,10,7,3,2,4,34,0.0,37.0,Poor,Stay away,40,0.0,0.0,-0.0,1.0,0,,Consumer Cyclical,48456668.0,25.0
SJMHY,SJM Holdings Ltd ADR,0.74,7,7,4,13,3,3,5,42,-5.0,37.0,Poor,Stay away,17,1.8,1.8,-0.6,35.8,1,,Consumer Cyclical,1289865344.0,332.38
SYRA,Syra Health Corp. Class A Common Stock,0.744,15,10,3,13,7,4,5,57,-18.0,37.0,Poor,Stay away,63,-6.4,14.5,6.5,53.9,3,,Healthcare,10641877.0,45087.57
CSSPF,Circassia Group Plc,0.75,4,3,9,8,3,3,4,34,0.0,37.0,Poor,Stay away,18,0.0,0.0,-0.7,0.0,0,,Healthcare,315649728.0,108.98
TABCF,Tabcorp Holdings Limited,0.8,10,6,11,10,0,6,4,47,-13.0,37.0,Poor,Stay away,61,0.0,0.0,0.0,83.6,0,,Consumer Cyclical,1617816192.0,0.0
CDROW,Codere Online Luxembourg S.A. Warrants,0.896,11,5,3,12,7,2,5,45,-11.0,37.0,Poor,Stay away,58,46.9,-5.7,14.4,56.3,1,,nan,nan,15944.16
SZIHF,Shenzhen International Holdings Limited,0.9,10,6,11,6,3,2,4,42,-10.0,37.0,Poor,🔥 COILED: Stay away,47,0.0,0.0,0.0,50.0,0,,Industrials,2205959168.0,0.0
TPHIF,Top Frontier Investment Holdings Inc,0.935,5,3,10,7,3,2,4,34,0.0,37.0,Poor,Stay away,31,0.0,0.0,-0.0,0.0,0,,Industrials,394891040.0,238.5
UCL,Ucloudlink Group Inc,0.9,6,9,7,9,2,2,4,39,-2.0,37.0,Poor,Stay away,24,2.3,-4.3,-3.1,42.5,0,,Communication Services,34283024.0,13118.93
LGBOF,Lingbao Gold Group Company Ltd.,1.0,10,6,11,6,3,2,4,42,-10.0,37.0,Poor,🔥 COILED: Stay away,47,0.0,0.0,0.0,50.0,0,,Basic Materials,2686407424.0,0.0
TRSNF,TRSNF,1.0,5,3,10,7,3,2,4,34,0.0,37.0,Poor,Stay away,31,0.0,0.0,-0.0,0.0,0,,Utilities,444673792.0,5.0
CORBF,Global Cord Blood Corporation,0.95,6,5,9,8,3,1,2,34,0.0,37.0,Poor,Stay away,37,0.0,0.0,-0.2,44.4,0,,Healthcare,140610448.0,7503.83
HOJI,House of Jane Inc,1.0,5,3,10,7,3,2,4,34,0.0,37.0,Poor,Stay away,19,0.0,0.0,-0.0,0.0,0,,Consumer Defensive,11031895.0,10.5
UNDR,UnderSea Recovery Corp,0.002,16,4,7,10,4,0,5,46,-9.2,36.8,Poor,Stay away,50,0.0,0.0,51.8,59.0,0,,Industrials,3283720.0,7429.77
AACTF,Aurora Solar Technologies Inc,0.007,16,7,8,11,7,5,4,58,-21.5,36.5,Poor,Stay away,45,16.7,16.7,24.2,60.0,3,,Technology,1510919.0,46841.04
MGTI,MGT Capital Investments Inc,0.003,18,12,5,11,6,3,5,60,-21.8,36.2,Poor,Stay away,66,57.9,87.5,44.8,63.7,2,7,Financial Services,18197406.0,953351.14
DVNHF,Frontier Services Group Limited,0.009,7,3,10,7,3,4,4,38,-5.0,36.0,Poor,Stay away,39,0.0,0.0,-0.0,33.5,1,,Industrials,22231320.0,1120.06
TNPH,Tian'an Pharmaceutical Co Ltd,0.009,5,6,5,7,3,3,4,33,0.0,36.0,Poor,Stay away,20,0.0,0.0,-2.2,35.8,0,,Healthcare,7199999.0,3728.55
DBORF,Diablo Resources Limited,0.009,3,7,4,7,3,3,4,31,0.0,36.0,Poor,🔥 COILED: Stay away,22,0.0,0.0,-2.7,44.4,0,,Basic Materials,6818485.0,6109.18
AMRU,Amaru Inc,0.006,8,3,9,8,3,3,4,38,-5.0,36.0,Poor,Stay away,23,0.0,0.0,-6.4,12.7,1,,Communication Services,1439909.0,8567.65
VGFCQ,The Very Good Food Company Inc.,0.005,5,4,10,8,3,2,4,36,-5.0,36.0,Poor,🔥 COILED: Stay away,33,0.0,0.0,0.0,50.0,1,,Consumer Defensive,661566.0,1381.44
FRPMF,Forty Pillars Mining Corp,0.01,7,7,10,8,3,2,4,41,-8.0,36.0,Poor,Stay away,46,0.0,0.0,0.0,71.6,1,,Basic Materials,644707.0,0.01
SCRSF,ScreenPro Security Inc,0.002,7,3,10,9,3,2,4,38,-5.0,36.0,Poor,Stay away,43,0.0,0.0,-0.0,26.2,1,,Healthcare,495833.0,7537.7
CDELF,Candelaria Mining Corp,0.003,5,3,10,9,0,2,4,33,0.0,36.0,Poor,Stay away,32,0.0,0.0,-0.0,0.3,0,,Basic Materials,449618.0,1719.0
MVVYF,Moovly Media Inc,0.001,8,4,10,7,3,2,4,38,-5.0,36.0,Poor,Stay away,37,0.0,0.0,-0.0,43.3,1,,Technology,214532.0,31567.83
FLLLF,Feel Foods Ltd,0.006,3,3,10,10,3,5,4,38,-5.0,36.0,Poor,Stay away,31,0.0,0.0,-3.5,33.3,1,,Consumer Defensive,112776.0,68.12
WYPH,WayPoint Biomedical Holdings Inc,0.001,15,6,7,11,6,4,5,54,-18.0,36.0,Poor,Stay away,62,7.7,7.7,7.6,97.8,1,,Financial Services,72283.0,6612.33
COHG,Cheetah Oil & Gas Ltd,0.001,15,5,7,7,6,4,5,49,-13.0,36.0,Poor,Stay away,50,0.0,0.0,16.5,89.4,0,,Energy,33050.0,2356.38
REVBW,Revelation Biosciences Inc,0.01,9,10,4,14,6,3,5,51,-18.0,36.0,Poor,Stay away,47,0.0,53.8,6.5,51.7,3,,nan,nan,45352.7
TOGIW,TOGIW,0.002,3,10,1,14,5,4,2,39,-1.0,36.0,Poor,Stay away,28,0.0,-16.7,1.4,48.4,0,,nan,nan,293242.34
HLEGF,Helios Energy Limited,0.02,12,6,11,8,3,2,4,46,-13.0,36.0,Poor,Stay away,55,0.0,0.0,0.0,99.9,0,,Energy,77686104.0,600.0
CSSXF,China Shuifa Singyes Energy Holdings Limited,0.02,4,3,8,10,3,1,4,33,0.0,36.0,Poor,Stay away,14,0.0,0.0,-0.3,0.0,0,,Technology,58793980.0,28.4
SUNTF,Suncorp Technologies Limited,0.013,5,5,1,10,3,3,4,31,0.0,36.0,Poor,🔥 COILED: Stay away,46,0.0,0.0,-1.9,49.3,0,,Industrials,20000976.0,157.17
BNGLF,Bengal Energy Ltd,0.018,5,5,5,10,3,6,5,39,-3.0,36.0,Poor,Stay away,26,21.2,-6.8,0.1,47.8,1,,Energy,8589885.0,4444.85
CBULF,Gratomic Inc,0.018,4,5,9,8,3,3,4,36,-5.0,36.0,Poor,🔥 COILED: Stay away,27,0.0,0.0,-5.3,44.4,1,,Basic Materials,3504564.0,0.0
EMRH,Emerging Holdings Inc,0.018,10,3,8,14,6,3,5,49,-13.0,36.0,Poor,Stay away,50,4.1,4.1,2.9,88.8,0,,Basic Materials,2083903.0,1608.7
REOS,ReoStar Energy Corp,0.014,5,9,7,12,4,4,2,43,-5.0,36.0,Poor,Stay away,36,-6.0,-4.1,-3.3,47.7,1,,Energy,1236814.0,126953.69
JFTH,"Japan Food Tech Holdings, Inc.",0.02,10,13,4,14,6,4,5,56,-23,36,Poor,Stay away,57,122.2,122.2,27.1,52.8,3,7,Industrials,861378.0,4158.48
RRMLF,Ross River Minerals Inc,0.013,8,3,9,9,3,2,4,38,-5.0,36.0,Poor,Stay away,29,0.0,0.0,-0.0,0.0,1,,Financial Services,109232.0,29.0
VLDXW,"Velo3D, Inc.",0.018,6,13,6,7,3,4,5,44,-8.0,36.0,Poor,Stay away,28,42.9,-7.7,7.3,48.9,0,,nan,nan,81186.93
FAASF,DigiAsia Corp.,0.028,13,4,7,10,3,0,5,42,-7.0,36.0,Poor,Stay away,0,1.1,-6.4,3.8,52.0,1,,Technology,1750959.0,0.0
MOBNF,M.O.B.A. Network AB (publ),0.025,5,3,10,9,0,2,4,33,0.0,36.0,Poor,Stay away,30,0.0,0.0,-0.0,0.0,0,,Technology,567070.0,450.0
ICUCW,SeaStar Medical Holding Corporation,0.025,13,6,2,11,5,0,5,42,-6.0,36.0,Poor,Stay away,29,-17.4,7.4,3.6,51.0,0,,nan,nan,82967.43
LANZ,Lancer Orthodontics Inc,0.04,10,5,9,12,4,2,4,46,-13.0,36.0,Poor,Stay away,49,0.0,0.0,0.2,100.0,0,,Healthcare,42824428.0,647.14
SBUM,Silver Buckle Mines Inc,0.04,12,6,10,8,4,2,5,47,-11.0,36.0,Poor,Stay away,30,60.0,23.1,16.4,55.1,2,7,Basic Materials,479920.0,12335.07
ATTGF,Auto Italia Holdings Limited,0.044,9,6,11,6,3,2,4,41,-10.0,36.0,Poor,🔥 COILED: Stay away,53,0.0,0.0,0.0,50.0,0,,Real Estate,11908296.0,0.63
XTERF,Norvista Capital Corporation,0.042,9,6,11,6,3,2,4,41,-10.0,36.0,Poor,🔥 COILED: Stay away,54,0.0,0.0,0.0,50.0,0,,Basic Materials,4334030.0,16.53
ZNCXF,ZincX Resources Corp,0.06,5,3,10,7,3,1,4,33,0.0,36.0,Poor,Stay away,30,0.0,0.0,-0.0,37.6,0,,Basic Materials,11837457.0,13684.0
ESWW,Environmental Solutions Worldwide Inc,0.055,10,5,9,12,4,2,4,46,-13.0,36.0,Poor,Stay away,49,0.0,0.0,0.0,100.0,0,,Consumer Cyclical,7460.0,21.58
ALDSD,APPlife Digital Solutions Inc.,0.08,5,5,8,8,3,3,4,36,-5.0,36.0,Poor,🔥 COILED: Stay away,41,0.0,0.0,-12.3,46.2,1,,Technology,648818.0,253.17
MDRNF,Modern Plant Based Foods Inc,0.072,13,8,7,9,6,1,5,49,-13.0,36.0,Poor,Stay away,40,0.0,0.0,9.5,59.9,1,,Consumer Defensive,604319.0,481.0
FRTN,Fortran Corp,0.095,9,4,4,15,5,7,5,49,-18.0,36.0,Poor,Stay away,46,5.3,35.4,10.4,56.4,3,,Communication Services,2400598.0,11119.76
TPBTF,Betmakers Technology Group Ltd,0.127,15,6,4,6,4,4,4,43,-15.0,36.0,Poor,🔥 COILED: Stay away,34,0.0,0.0,1.2,51.6,1,,Consumer Cyclical,76291216.0,36.58
THOXF,BioPorto A/S,0.149,8,3,10,8,3,2,4,38,-5.0,36.0,Poor,Stay away,29,0.0,0.0,-0.0,0.0,1,,Healthcare,73769288.0,1205.0
XIAXF,Xiabuxiabu Catering Management (China) Holdings Co. Ltd,0.138,7,6,10,9,3,2,4,41,-8.0,36.0,Poor,Stay away,47,0.0,0.0,0.0,78.2,1,,Consumer Cyclical,65572172.0,1.12
LFHLF,Lai Fung Holdings Limited,0.11,8,3,9,9,3,2,4,38,-5.0,36.0,Poor,Stay away,32,0.0,0.0,-0.0,0.0,1,,Real Estate,36413680.0,1825.0
HHEGF,Huahui Education Group Limited,0.1,8,3,9,7,0,2,4,33,0.0,36.0,Poor,Stay away,30,0.0,0.0,-0.0,18.1,0,,Consumer Defensive,30303766.0,200.0
INTWF,Sharc International Systems Inc,0.1,7,5,7,13,1,3,5,41,-5.0,36.0,Poor,Stay away,46,4.2,3.1,-0.3,48.7,1,,Industrials,14810745.0,3809.82
BRIOF,Magna Terra Minerals Inc,0.14,6,12,3,14,4,0,5,44,-8.0,36.0,Poor,Stay away,58,25.7,-14.6,2.1,50.8,0,,Basic Materials,13544677.0,37239.77
IAALF,IBC Advanced Alloys Corp,0.13,14,12,8,11,4,3,5,57,-21.0,36.0,Poor,Stay away,41,8.3,18.2,10.6,58.4,3,,Industrials,13597935.0,74370.5
ARJNF,Trinity One Metals Ltd.,0.145,14,7,11,5,4,3,4,48,-17.0,36.0,Poor,🔥 COILED: Stay away,50,0.0,0.0,2.6,62.2,1,,Basic Materials,9749057.0,7565.96
KOREF,KORE Mining Ltd,0.111,6,5,9,11,3,4,3,41,-5.0,36.0,Poor,Stay away,23,-0.9,-0.9,-3.3,38.1,1,,Basic Materials,7812649.0,9606.17
MBCOF,Marvel Biosciences Corp.,0.112,8,12,4,7,4,2,4,41,-5.0,36.0,Poor,Stay away,34,4.4,-0.5,-0.4,48.7,2,,Healthcare,7577964.0,20134.35
HEWA,Healthwarehouse.Com,0.13,12,8,12,5,6,3,4,50,-14.0,36.0,Poor,Stay away,60,8.3,8.3,4.4,62.1,2,,Healthcare,6828352.0,2939.5
TAWNF,Thai Airways International Public Company Limited,0.176,3,10,4,8,4,2,3,34,2.0,36.0,Poor,Stay away,42,-0.7,0.7,-1.6,45.4,1,,Industrials,5278358528.0,248789.79
AGYTF,Allergy Therapeutics plc,0.15,15,5,6,10,6,2,5,49,-18.0,36.0,Poor,🔥 COILED: Stay away,60,0.0,0.0,2.4,100.0,1,,Healthcare,949879488.0,1085.71
SSHLF,Sunac Services Holdings Limited,0.186,5,3,10,9,0,2,4,33,0.0,36.0,Poor,Stay away,37,0.0,0.0,-0.0,0.2,0,,Real Estate,557731392.0,50.0
CODQL,Coronado Global Resources Inc,0.182,5,4,6,9,3,5,4,36,-5.0,36.0,Poor,🔥 COILED: Stay away,33,0.0,0.0,-0.2,47.4,1,,Basic Materials,332108448.0,4255.62
TBIIF,Tobii AB,0.188,5,7,11,11,0,6,4,44,-8.0,36.0,Poor,Stay away,37,1.6,1.6,-1.6,25.9,1,,Technology,62264724.0,2386.38
CTTMF,Catena Media plc,0.195,8,3,10,8,3,2,4,38,-5.0,36.0,Poor,Stay away,30,0.0,0.0,-0.0,0.0,1,,Communication Services,14751776.0,157.13
FWFW,Flywheel Advanced Technology Inc,0.162,3,3,7,12,3,5,5,38,-5.0,36.0,Poor,Stay away,29,0.0,0.0,-6.1,40.6,1,,Financial Services,4497857.0,255.11
DSX-WT,Diana Shipping Inc. WT,0.18,6,8,8,8,0,6,5,41,-5.0,36.0,Poor,Stay away,28,11.8,5.9,-5.9,45.8,0,,nan,nan,24595.97
KWHAF,K. Wah International Holdings Limited,0.24,9,6,11,6,3,2,4,41,-10.0,36.0,Poor,🔥 COILED: Stay away,35,0.0,0.0,0.0,50.0,0,,Real Estate,756024320.0,0.0
NSRCF,NextSource Materials Inc,0.217,3,11,5,13,3,2,2,39,-3.0,36.0,Poor,Stay away,37,3.1,3.1,-0.3,47.0,2,,Basic Materials,53173084.0,38690.99
EMAUF,Emperor Metals Inc.,0.2,11,6,2,12,5,0,2,38,-5.0,36.0,Poor,Stay away,53,-8.5,-9.1,-5.0,46.7,1,,Basic Materials,38970000.0,361357.58
SMDZF,Strategic Metals Ltd,0.22,7,8,3,11,3,3,5,40,-5.0,36.0,Poor,Stay away,42,0.0,4.8,1.4,50.9,1,,Basic Materials,25542874.0,43166.41
BRYFF,Bri-Chem Corp,0.22,5,3,8,8,3,5,4,36,0.0,36.0,Poor,Stay away,33,0.0,0.0,-2.5,23.1,0,,Energy,5913057.0,2149.9
LQMT,Liquidmetal Technologies Inc,0.254,18,5,4,9,3,1,5,45,-9.0,36.0,Poor,Stay away,59,15.3,33.5,13.5,65.6,2,,Industrials,232715232.0,668378.95
BMLQF,Boab Metals Ltd,0.27,6,7,5,9,5,4,5,41,-5.0,36.0,Poor,Stay away,36,-7.5,7.2,-1.9,48.7,1,,Basic Materials,161379184.0,19715.02
PDLMF,Petra Diamonds Limited,0.269,8,3,9,9,3,2,4,38,-5.0,36.0,Poor,Stay away,32,0.0,0.0,-0.0,0.0,1,,Basic Materials,137175040.0,375.0
MNLXF,MiniLuxe Holding Corp,0.258,7,4,2,10,6,3,4,36,-5.0,36.0,Poor,🔥 COILED: Stay away,48,0.0,0.0,-0.1,50.4,1,,Consumer Cyclical,43225716.0,150.0
SCNI,Scinai Immunotherapeutics Ltd,0.264,8,14,8,5,4,2,3,44,-8.0,36.0,Poor,Stay away,21,7.5,9.4,0.2,45.4,2,,Healthcare,1364717.0,1190916.75
MDDVF,Medical Developments International Limited,0.37,9,3,5,7,3,2,4,33,0.0,36.0,Poor,Stay away,37,0.0,0.0,-0.0,21.2,0,,Healthcare,34225596.0,148.56
CAHO,Caro Holdings Inc,0.39,11,6,12,8,6,2,4,49,-18.0,36.0,Poor,🔥 COILED: Stay away,37,0.0,0.0,0.2,86.5,1,,Industrials,23654446.0,341.25
SSHLY,Sunac Services Holdings Limited,0.424,5,3,9,7,3,2,4,33,0.0,36.0,Poor,Stay away,18,0.0,0.0,-0.0,0.0,0,,Real Estate,318114112.0,20.0
EUBG,Entrepreneur Universe Bright Group,0.43,10,4,5,12,3,1,2,37,-2.0,36.0,Poor,Stay away,40,-3.5,0.2,-1.3,47.1,0,,Industrials,59541400.0,2853.34
HOWL,Werewolf Therapeutics Inc,0.449,17,7,7,15,4,5,5,60,-22.0,36.0,Poor,Stay away,24,23.8,30.6,16.7,62.6,3,,Healthcare,21834548.0,627038.62
AVTBF,Avant Brands Inc,0.407,12,11,7,4,9,4,2,49,-16.0,36.0,Poor,Stay away,42,1.7,3.7,0.8,50.1,2,,Healthcare,5755578.0,10217.84
ABOIF,Aboitiz Equity Ventures Inc,0.489,5,3,10,9,0,2,4,33,0.0,36.0,Poor,Stay away,20,0.0,0.0,-0.0,31.6,0,,Utilities,2714211072.0,24.04
SOMNF,SomnoMed Limited,0.45,5,3,10,7,3,6,4,38,-5.0,36.0,Poor,Stay away,26,0.0,0.0,-0.0,0.2,1,,Healthcare,93621280.0,6.5
ATGN,Altigen Communications Inc,0.46,0,6,8,7,5,3,2,31,0.0,36.0,Poor,Stay away,31,-4.2,-2.1,-3.1,35.9,0,,Communication Services,11904710.0,22177.51
COLAR,Columbus Acquisition Corp Rights,0.45,13,6,1,9,3,4,2,38,0.0,36.0,Poor,Stay away,45,25.0,-18.2,-2.8,49.1,0,,nan,nan,0.0
USLRF,USLRF,0.483,14,6,9,5,2,2,5,43,-10.0,36.0,Poor,🔥 COILED: Stay away,46,5.7,0.2,4.1,53.8,0,,nan,nan,225254.2
PTZH,Photozou Holdings Inc,0.59,8,3,9,9,3,2,4,38,-5.0,36.0,Poor,Stay away,40,0.0,0.0,-0.0,0.0,1,,Consumer Cyclical,4774329.0,0.44
GPACW,Global Partner Acquisition Corp II Warrant,0.596,12,12,6,8,4,5,2,49,-14,36,Poor,Stay away,0,55.8,39.6,29.4,54.7,3,12,nan,nan,0.0
CFRLF,China Aircraft Leasing Group Holdings Limited,0.644,9,6,11,6,3,2,4,41,-10.0,36.0,Poor,🔥 COILED: Stay away,51,0.0,0.0,0.0,50.0,0,,Industrials,481920256.0,12.9
BDST,"bebe stores, inc.",0.6,17,10,6,10,6,7,5,61,-25,36,Poor,Stay away,65,93.5,93.5,76.1,93.2,3,5,Industrials,7724467.0,2644.71
HKCVF,HK Electric Investments and HK Electric Investments Limited,0.67,9,6,11,6,3,2,4,41,-10.0,36.0,Poor,🔥 COILED: Stay away,43,0.0,0.0,0.0,50.0,0,,Utilities,5920254464.0,32.07
PHCRF,Healius Limited,0.84,8,3,9,9,3,2,4,38,-5.0,36.0,Poor,Stay away,32,0.0,0.0,-0.0,0.0,1,,Healthcare,704371200.0,91.35
NIVF,NewGenIvf Group Limited Class A Ordinary Shares,0.93,10,8,3,12,0,2,5,40,-4.0,36.0,Poor,Stay away,30,-26.8,-35.0,-17.1,41.8,0,,Healthcare,3180527.0,661903.55
PBLOF,Public Bank Berhad,0.95,9,6,11,6,3,2,4,41,-10.0,36.0,Poor,🔥 COILED: Stay away,34,0.0,0.0,0.0,50.0,0,,Financial Services,18440157184.0,0.0
CGXYF,China Galaxy Securities Co. Ltd,1.0,9,6,11,6,3,2,4,41,-10.0,36.0,Poor,🔥 COILED: Stay away,35,0.0,0.0,0.0,50.0,0,,Financial Services,10934402048.0,0.0
FIUXX,First American Funds Inc. - First American Institutional Prime Obligations Fund,1.0,8,7,11,6,3,2,4,41,-10.0,36.0,Poor,🔥 COILED: Stay away,44,0.0,0.0,0.0,54.9,0,,nan,nan,0.0
MONTF,Montfort Capital Corp,0.004,8,3,10,7,3,2,4,37,-5.0,35.0,Poor,Stay away,24,0.0,0.0,-0.0,25.1,1,,Financial Services,94694000.0,270.73
BNCM,Bounce Mobile Systems Inc,0.008,17,4,3,11,3,5,5,48,-13.0,35.0,Poor,Stay away,51,48.1,37.9,13.1,58.6,2,,Healthcare,13997339.0,81745.83
STOCF,Stock Trend Capital Inc.,0.006,11,4,3,10,1,1,5,35,4.0,35.0,Poor,Stay away,28,0.0,0.0,9.8,54.7,0,,Financial Services,3631331.0,10303.42
MONI,World Oil Group,0.004,8,8,1,8,7,0,2,34,0.0,35.0,Poor,Stay away,56,-8.7,-6.7,-6.6,45.7,0,,Industrials,3126950.0,1191255.25
ISDSF,iSIGN Media Solutions Inc,0.01,8,3,10,7,3,2,4,37,-5.0,35.0,Poor,Stay away,42,0.0,0.0,-0.0,0.0,1,,Technology,2319762.0,8769.12
DROP,Fuse Science Inc,0.007,15,8,2,17,9,1,5,57,-25,35,Poor,Stay away,67,146.4,187.5,97.0,88.8,3,5,Technology,1725000.0,124170.41
CSPUF,Canadian Spirit Resources Inc,0.01,12,6,11,7,6,4,4,50,-18.0,35.0,Poor,Stay away,56,0.0,0.0,0.3,93.3,1,,Energy,1066257.0,540.48
FMBV,Full Motion Beverage Inc,0.003,7,3,10,8,3,2,4,37,-5.0,35.0,Poor,Stay away,25,0.0,0.0,-0.1,26.2,1,,Consumer Defensive,623067.0,6567.13
HERF,Red Oak Hereford Farms Inc,0.008,5,4,4,9,6,6,3,37,-5.0,35.0,Poor,Stay away,40,0.0,-2.4,-1.0,43.0,1,,Consumer Defensive,306860.0,875.26
DIOSF,Dios Exploration Inc,0.001,8,3,10,7,3,2,4,37,-5.0,35.0,Poor,Stay away,37,0.0,0.0,-0.0,1.6,1,,Basic Materials,114205.0,2999.99
BNIGF,Beroni Group Limited,0.006,8,3,9,8,3,2,4,37,-5.0,35.0,Poor,Stay away,36,0.0,0.0,-0.0,0.0,1,,Healthcare,59056.0,0.14
MTST,MetaStat Inc,0.001,10,7,9,12,4,4,4,50,-18.0,35.0,Poor,Stay away,49,0.0,0.0,0.3,100.0,1,,Healthcare,5877.0,400.38
TEXG,Terax Energy Inc,0.001,10,5,9,11,4,2,4,45,-13.0,35.0,Poor,Stay away,43,0.0,0.0,0.0,99.4,0,,Financial Services,3685.0,1779.41
XOSWW,Xos Equity Warrants,0.005,9,14,4,11,3,2,5,48,-18,35,Poor,Stay away,44,108.7,60.0,46.0,57.7,4,8,Consumer Cyclical,nan,62961.07
VSBC,VitaSpring Biomedical Co. Ltd,0.011,8,3,10,7,3,2,4,37,-5.0,35.0,Poor,Stay away,25,0.0,0.0,-0.1,0.0,1,,Healthcare,103515016.0,51.88
SNNSF,SenSen Networks Limited,0.02,3,3,9,9,3,1,4,32,0.0,35.0,Poor,Stay away,18,0.0,0.0,-1.1,0.0,0,,Technology,16598647.0,2455.0
MMTIF,Micromem Technologies Inc,0.018,8,6,3,11,3,2,2,35,0.0,35.0,Poor,Stay away,28,-9.5,81.0,-1.5,49.4,2,,Technology,11748704.0,440405.4
ISEYF,Wi2Wi Corporation,0.02,12,6,11,7,3,2,4,45,-13.0,35.0,Poor,Stay away,57,0.0,0.0,0.0,100.0,0,,Technology,2973495.0,4901.65
TTNN,AgriSolar Solutions Inc,0.013,5,4,10,8,3,1,4,35,-5.0,35.0,Poor,🔥 COILED: Stay away,35,0.0,0.0,-0.0,44.5,1,,Energy,1423794.0,1831.0
ARSEF,Altai Resources Inc,0.015,8,5,11,12,6,4,4,50,-18.0,35.0,Poor,Stay away,47,0.0,0.0,0.4,97.7,1,,Energy,840503.0,1143.68
CYCUW,"Cycurion, Inc. Warrant",0.018,3,10,4,9,3,0,2,31,4.0,35.0,Poor,Stay away,31,-15.1,-6.7,-6.6,45.5,0,,nan,nan,32467.56
ZHIXF,Zhixin Group Holding Limited,0.026,8,3,9,8,3,2,4,37,-5.0,35.0,Poor,Stay away,28,0.0,0.0,-0.0,0.0,1,,Basic Materials,69204960.0,1215.0
CNTMF,Cansortium Inc,0.022,7,10,3,11,5,0,4,40,-5.0,35.0,Poor,Stay away,19,-17.8,-3.5,-5.5,45.4,1,,Healthcare,13010366.0,495482.54
NHHHF,FuelPositive Corp,0.022,7,6,5,9,4,2,5,38,-3.0,35.0,Poor,Stay away,21,12.5,0.4,0.8,49.0,1,,Industrials,12390210.0,326392.17
OVTZ,Oculus VisionTech Inc,0.035,13,12,3,5,4,3,5,45,-8.0,35.0,Poor,Stay away,60,16.3,-12.8,8.6,55.6,0,,Technology,2532405.0,15794.11
DGMDF,Digital Domain Holdings Limited,0.044,10,6,11,8,0,6,4,45,-13.0,35.0,Poor,Stay away,34,0.0,0.0,0.0,80.9,0,,Communication Services,351086944.0,2129.45
SIMTF,SIM Technology Group Limited,0.046,12,6,11,8,0,4,4,45,-13.0,35.0,Poor,Stay away,54,0.0,0.0,0.0,99.5,0,,Technology,343983616.0,140.0
ATOXF,Durango Resources Inc,0.046,13,3,7,10,5,2,5,45,-13.0,35.0,Poor,Stay away,34,6.3,6.0,4.2,54.0,1,,Basic Materials,5479332.0,343530.05
GLABF,Gemina Laboratories Ltd,0.05,8,6,10,7,0,2,4,37,-5.0,35.0,Poor,Stay away,29,0.0,0.0,-0.0,25.7,1,,Healthcare,3828545.0,19177.6
MRPT,MacReport.Net Inc,0.053,13,5,7,15,6,2,5,53,-18.0,35.0,Poor,Stay away,57,0.0,0.0,3.2,99.8,1,,Communication Services,944729.0,346.54
GNCNF,Gencan Capital Inc,0.065,9,6,11,10,3,2,4,45,-13.0,35.0,Poor,Stay away,48,0.0,0.0,0.0,100.0,0,,Financial Services,1163927.0,100.87
GTGEF,G2 Technologies Corp,0.07,5,4,9,8,3,2,4,35,-5.0,35.0,Poor,🔥 COILED: Stay away,40,0.0,0.0,0.0,50.0,1,,Energy,347281.0,450.0
NLRCF,Northern Lights Resources Corp,0.08,13,5,10,8,6,3,5,50,-20.0,35.0,Poor,🔥 COILED: Stay away,58,6.7,14.1,4.2,56.5,3,,Basic Materials,5099153.0,11116.7
TGMR,Troy Gold & Mineral Corp,0.071,3,3,8,8,3,3,4,32,0.0,35.0,Poor,Stay away,23,0.0,0.0,-31.4,7.8,0,,Basic Materials,44464.0,171.61
IMRFF,iMetal Resources Inc.,0.093,18,8,8,13,6,7,5,65,-30,35,Poor,Stay away,55,27.8,33.1,28.5,76.2,3,,Basic Materials,2885816.0,65027.14
BMCLF,BAIC Motor Corporation Limited,0.136,4,3,10,8,3,3,4,35,0.0,35.0,Poor,Stay away,15,0.0,0.0,-0.6,0.1,0,,Consumer Cyclical,1198292992.0,426.0
CCLHF,C C Land Holdings Limited,0.14,5,4,9,8,3,2,4,35,-5.0,35.0,Poor,🔥 COILED: Stay away,28,0.0,0.0,0.0,50.0,1,,Real Estate,950783808.0,4.0
HCIL,Hongchang International Co. Ltd.,0.12,8,7,9,6,3,3,4,40,-10.0,35.0,Poor,🔥 COILED: Stay away,29,0.0,0.0,-0.6,46.6,0,,Consumer Defensive,62259760.0,2916.03
IUGNF,Imugene Limited,0.1,14,9,7,10,5,5,5,55,-20.0,35.0,Poor,Stay away,35,22.7,33.3,15.8,59.8,3,,Healthcare,34866148.0,15233.61
BVAXF,Biovaxys Technology Corp,0.112,6,6,0,13,9,2,2,38,-3.0,35.0,Poor,Stay away,30,-6.3,2.1,-6.1,45.9,1,,Healthcare,4565463.0,75929.14
SYDRF,Delota Corp,0.1,12,6,11,8,0,4,4,45,-13.0,35.0,Poor,Stay away,48,0.0,0.0,0.0,99.5,0,,Healthcare,2911033.0,45.0
AAUAF,Almaden Minerals Ltd.,0.17,3,8,5,9,4,4,4,37,0.0,35.0,Poor,Stay away,34,-5.6,-5.6,-3.6,46.9,0,,Basic Materials,23351742.0,68284.23
HPTO,hopTo Inc,0.15,14,8,5,13,4,3,5,52,-13.0,35.0,Poor,Stay away,47,15.4,15.4,15.7,95.7,2,,Technology,3225948.0,308.5
TFLM,TFLM,0.17,12,7,11,6,3,4,4,47,-15.0,35.0,Poor,Stay away,36,0.0,0.0,0.0,59.5,1,,Technology,1005130.0,578.18
CHHGF,Chen Hsong Holdings Limited,0.231,9,6,10,6,3,2,4,40,-10.0,35.0,Poor,🔥 COILED: Stay away,51,0.0,0.0,0.0,50.0,0,,Industrials,211228080.0,1019.5
RECEF,Recce Pharmaceuticals Ltd,0.22,8,3,9,8,3,2,4,37,-5.0,35.0,Poor,Stay away,29,0.0,0.0,-0.0,0.8,1,,Healthcare,149734416.0,21.5
KTEL,KonaTel Inc,0.21,10,11,6,5,5,3,5,45,-15.0,35.0,Poor,🔥 COILED: Stay away,34,-2.3,-4.5,1.1,51.3,1,,Communication Services,9235603.0,20793.73
IDTA,Identa Corp,0.22,7,5,2,8,6,0,2,30,0.0,35.0,Poor,🔥 COILED: Stay away,48,0.0,-17.6,-3.9,46.8,0,,Healthcare,890029.0,2468.01
NAMMW,Namib Minerals Warrants,0.205,7,8,6,9,5,2,4,41,-6.0,35.0,Poor,Stay away,54,-10.9,-20.2,-2.7,49.1,1,,nan,nan,54783.0
OBAWW,Oxley Bridge Acquisition Limited Warrants,0.22,11,13,4,6,4,7,5,50,-18.0,35.0,Poor,Stay away,57,3.7,-4.3,1.9,52.8,0,,nan,nan,0.0
TJSCF,Tianjin Development Holdings Limited,0.257,17,4,5,9,6,2,5,48,-13.0,35.0,Poor,Stay away,58,0.0,0.0,3.3,100.0,0,,Industrials,249419056.0,25.0
EKDHF,EKF Diagnostics Holdings plc,0.347,3,4,1,7,6,5,4,30,0.0,35.0,Poor,🔥 COILED: Stay away,36,0.0,0.0,-0.3,48.7,0,,Healthcare,167689504.0,2000.0
NVLPF,Nova Leap Health Corp,0.308,18,4,6,5,6,4,5,48,-13.0,35.0,Poor,Stay away,69,0.0,18.5,9.3,73.4,2,,Healthcare,23574850.0,7590.06
AMGXF,AnGes Inc,0.36,5,4,9,8,3,2,4,35,-5.0,35.0,Poor,🔥 COILED: Stay away,39,0.0,0.0,0.0,50.0,1,,Healthcare,142504592.0,21.63
EXHI,Exlites Holdings International Inc,0.36,6,3,10,7,0,5,4,35,0.0,35.0,Poor,Stay away,30,0.0,0.0,-0.3,38.4,0,,Healthcare,17617118.0,188.0
TRRPF,Torrent Capital Ltd,0.359,4,6,3,9,3,3,4,32,0.0,35.0,Poor,Stay away,20,0.0,0.0,-0.2,38.0,0,,Financial Services,13935782.0,408.0
TGASF,Towngas China Company Limited,0.429,4,3,8,7,3,3,4,32,0.0,35.0,Poor,Stay away,17,0.0,0.0,-0.8,0.0,0,,Utilities,1515526912.0,0.0
PXGYF,PAX Global Technology Limited,0.438,4,9,3,10,3,3,5,37,2.0,35.0,Poor,Stay away,39,0.7,-12.7,-1.3,46.6,0,,Industrials,439034048.0,3555.9
SKFG,Stark Focus Group Inc,0.44,12,4,1,11,7,3,5,43,-8.0,35.0,Poor,Stay away,52,-6.9,-6.4,-0.9,52.3,0,,Consumer Cyclical,4377269.0,22366.1
ITGMF,Biomedico Hadarim Ltd,0.475,5,4,9,8,3,2,4,35,-5.0,35.0,Poor,🔥 COILED: Stay away,30,0.0,0.0,0.0,50.0,1,,Industrials,13109534.0,35.78
WWNTF,Want Want China Holdings Limited,0.54,5,3,6,9,3,2,4,32,0.0,35.0,Poor,Stay away,28,0.0,0.0,-0.0,0.0,0,,Consumer Defensive,7543751168.0,288.0
MKNGF,Mkango Resources Ltd,0.525,4,2,8,7,6,3,5,35,-5.0,35.0,Poor,🔥 COILED: Stay away,27,0.0,0.0,-1.0,48.9,1,,Basic Materials,232562176.0,17312.45
LDDD,Longduoduo Company Limited,0.51,5,4,8,9,3,2,4,35,-5.0,35.0,Poor,🔥 COILED: Stay away,32,0.0,0.0,-0.0,47.6,1,,Healthcare,28034044.0,18.33
FLOD,Flowery Gold Mines Co,0.5,20,9,5,11,6,9,5,65,-30,35,Poor,Stay away,66,35.1,35.1,30.8,100.0,2,,Basic Materials,2808830.0,337.4
NDTP,NDT Pharmaceuticals Inc,0.55,17,11,9,11,6,6,5,65,-30,35,Poor,Stay away,42,37.5,37.5,25.9,61.1,3,,Healthcare,108462392.0,7105.88
SYMQY,SymBio Pharmaceuticals Limited,0.558,8,3,10,7,3,2,4,37,-5.0,35.0,Poor,Stay away,27,0.0,0.0,-0.0,0.0,1,,Healthcare,40251228.0,117.53
VGES,Vanguard Green Investment Limited,0.56,9,6,11,10,3,2,4,45,-13.0,35.0,Poor,Stay away,46,0.0,0.0,0.0,100.0,0,,Consumer Cyclical,33282916.0,9.45
HNRDF,Hansard Global Plc,0.61,10,6,11,9,3,2,4,45,-13.0,35.0,Poor,Stay away,52,0.0,0.0,0.0,99.7,0,,Financial Services,114697840.0,0.0
KIDZ,"Classover Holdings, Inc. Class B Common Stock",0.65,5,11,4,7,4,4,2,37,-3.0,35.0,Poor,Stay away,30,16.1,3.5,-0.8,47.9,1,,Consumer Defensive,1335853.0,4594667.23
RMGGF,Resolute Mining Limited,0.71,7,7,9,6,3,5,5,42,-10.0,35.0,Poor,Stay away,30,1.4,7.6,1.9,50.8,0,,Basic Materials,1357260160.0,9633.13
JETBF,JETBF,0.705,16,2,7,6,6,2,4,43,-13.0,35.0,Poor,🔥 COILED: Stay away,53,0.0,0.0,0.2,74.5,0,,Industrials,46774196.0,8.91
LGMK,LogicMark Inc,0.732,7,4,1,8,3,2,2,27,2.0,35.0,Poor,Stay away,53,18.0,28.4,-6.4,49.0,2,,Healthcare,854771.0,3850.71
SPPJY,Sappi Ltd ADR,0.76,12,9,6,14,0,4,5,50,-18.0,35.0,Poor,Stay away,35,3.4,10.1,4.3,53.7,3,,Basic Materials,437099360.0,9668.62
VTSYF,Vitasoy International Holdings Limited,0.82,8,7,10,6,3,2,4,40,-10.0,35.0,Poor,🔥 COILED: Stay away,39,0.0,0.0,-0.0,45.1,0,,Consumer Defensive,834559168.0,0.0
MMILF,Metro Mining Limited,0.935,6,5,2,14,8,0,2,37,2.0,35.0,Poor,Stay away,48,-18.7,-18.7,-10.9,22.2,0,,Basic Materials,286596672.0,0.0
SVMB,SavMobi Technology Inc.,1.0,3,7,8,7,3,3,4,35,-5.0,35.0,Poor,🔥 COILED: Stay away,18,0.0,0.0,-1.3,42.6,1,,Technology,555315392.0,79.19
DFORF,D4t4 Solutions Plc,1.0,3,3,8,10,3,1,4,32,0.0,35.0,Poor,Stay away,14,0.0,0.0,-0.9,0.0,1,,Technology,37865160.0,968.58
CLGOF,CleanGo Innovations Inc,0.96,14,6,8,14,6,2,5,55,-20.0,35.0,Poor,Stay away,65,3.1,6.4,10.7,76.0,1,,Consumer Defensive,7299202.0,749.91
CRKN,Crown Electrokinetics Corp.,0.066,7,4,9,10,3,4,5,42,-7.5,34.5,Poor,Stay away,40,0.0,500.0,31.3,54.3,2,,Basic Materials,434556.0,1790.0
KNBA,Kinbasha Gaming International Inc,0.2,14,6,6,12,1,0,5,44,-9.5,34.5,Poor,Stay away,33,0.0,222.6,32.3,67.4,2,,Financial Services,20000000.0,1924.5
ICABF,i-CABLE Communications Limited,0.003,12,6,4,5,6,7,4,44,-15.0,34.0,Poor,🔥 COILED: Stay away,38,0.0,0.0,2.7,53.3,1,,Communication Services,418095360.0,240.78
LPMDF,Lippo Malls Indonesia Retail Trust,0.006,5,3,10,7,0,2,4,31,0.0,34.0,Poor,Stay away,29,0.0,0.0,-0.0,0.0,0,,Real Estate,102146336.0,250.32
CROTD,CROTD,0.007,5,3,9,7,3,5,4,36,-5.0,34.0,Poor,Stay away,29,0.0,0.0,-5.9,31.0,1,,nan,5343047.0,30.17
CGRA,Cgrowth Capital Inc,0.001,9,6,5,7,4,3,5,39,-8.0,34.0,Poor,Stay away,32,40.0,40.0,10.4,53.3,2,,Energy,1164951.0,2838394.08
ODDAF,Odd Burger Corporation,0.006,3,4,10,9,3,3,4,36,-5.0,34.0,Poor,Stay away,14,0.0,0.0,-14.2,15.1,1,,Consumer Cyclical,646880.0,6979.84
GDXRF,Goldex Resources Corporation,0.01,5,3,10,9,3,2,4,36,-5.0,34.0,Poor,Stay away,38,0.0,0.0,-0.0,32.8,1,,Basic Materials,331027.0,218.0
AGFAF,Agra Ventures Ltd.,0.004,3,7,8,10,0,6,5,39,-5.0,34.0,Poor,Stay away,18,0.0,0.0,-8.0,46.1,1,,Healthcare,86599.0,4538.67
ZTTO,Zitto Inc,0.009,11,7,11,6,3,2,4,44,-15.0,34.0,Poor,🔥 COILED: Stay away,32,0.0,0.0,0.0,46.0,1,,Financial Services,59854.0,11.01
YGMZF,MingZhu Logistics Holdings Ltd,0.003,9,12,5,13,4,2,5,50,-16,34,Poor,Stay away,32,60.0,60.0,20.9,54.1,3,10,Industrials,15986.0,3356030.55
IRNS,Ironstone Group Inc,0.002,8,3,9,7,3,2,4,36,-5.0,34.0,Poor,Stay away,29,0.0,0.0,-0.0,0.0,1,,Financial Services,5453.0,10.0
SWVLW,Swvl Holdings Corp Warrant,0.008,4,3,1,11,5,5,5,34,0.0,34.0,Poor,Stay away,45,8.3,-7.1,-5.7,47.4,0,,Technology,nan,29983.41
AUVGF,Australian Vintage Ltd,0.014,8,3,9,7,3,2,4,36,-5.0,34.0,Poor,Stay away,20,0.0,0.0,-0.2,0.0,1,,Consumer Defensive,4546588.0,8.4
LAAI,LAAI,0.014,10,6,11,8,3,2,4,44,-13.0,34.0,Poor,Stay away,43,0.0,0.0,0.0,98.5,0,,Consumer Cyclical,1022321.0,0.0
FLMTF,Full Metal Minerals Ltd,0.012,3,5,7,8,0,3,5,31,0.0,34.0,Poor,Stay away,20,0.0,0.0,-8.8,40.3,0,,Basic Materials,711749.0,1275.31
RTTGF,RTG Mining Inc,0.025,5,5,5,9,2,4,4,34,0.0,34.0,Poor,Stay away,14,0.0,0.0,1.0,49.0,0,,Basic Materials,69788600.0,29973.77
UBYH,UBuyHoldings Inc,0.025,8,5,6,9,3,1,2,34,0.0,34.0,Poor,Stay away,39,0.0,0.0,-1.5,51.7,0,,Financial Services,14218391.0,0.0
SCGY,Scientific Energy Inc,0.027,5,3,10,9,3,2,4,36,-5.0,34.0,Poor,Stay away,33,0.0,0.0,-0.0,0.0,1,,Communication Services,7110113.0,8.5
CBUTF,Clear Blue Technologies International Inc,0.029,3,5,8,10,3,3,4,36,-5.0,34.0,Poor,Stay away,23,0.0,0.0,-2.1,42.8,1,,Technology,2445452.0,17585.4
VETIF,VIP Entertainment Technologies Inc.,0.03,5,4,9,7,3,2,4,34,-5.0,34.0,Poor,🔥 COILED: Stay away,27,0.0,0.0,0.0,50.0,1,,Consumer Cyclical,1167937.0,41.75
AMNC,Amincor Inc,0.026,12,6,11,11,3,2,4,49,-18.0,34.0,Poor,Stay away,44,0.0,0.0,0.1,99.8,1,,Consumer Defensive,885373.0,596.86
TGRP,TRON Group Inc,0.04,14,6,10,2,5,4,5,46,-12.0,34.0,Poor,Stay away,35,0.0,0.0,3.2,66.7,0,,Healthcare,7360000.0,5990.0
IVIXF,Invion Limited,0.037,8,3,9,7,3,2,4,36,-5.0,34.0,Poor,Stay away,39,0.0,0.0,-0.0,0.0,1,,Healthcare,4029503.0,0.11
MSOVF,Greatbanks Resources Ltd,0.04,12,6,10,7,3,2,4,44,-13.0,34.0,Poor,Stay away,51,0.0,0.0,0.0,100.0,0,,Other,nan,52.0
ZPHRF,Zephyr Energy plc,0.05,15,3,5,9,3,1,5,41,-7.0,34.0,Poor,Stay away,59,0.0,0.0,2.1,68.4,1,,Energy,105035952.0,16323.69
MOAEF,Mongolia Energy Corporation Limited,0.05,3,3,10,8,0,3,4,31,0.0,34.0,Poor,Stay away,12,0.0,0.0,-1.1,1.6,0,,Basic Materials,9782545.0,770.99
CQRLF,Conquest Resources Limited,0.042,3,4,1,14,3,2,2,29,0.0,34.0,Poor,Stay away,38,-3.9,-14.7,-7.8,32.3,0,,Basic Materials,6191084.0,18374.12
PRYNF,Backstageplay Inc,0.049,8,3,9,10,0,2,4,36,-5.0,34.0,Poor,Stay away,29,0.0,0.0,-0.0,0.0,1,,Communication Services,1203578.0,218.75
SHMSF,Shimao Services Holdings Limited,0.058,5,3,10,9,3,2,4,36,-5.0,34.0,Poor,Stay away,35,0.0,0.0,-0.0,14.3,1,,Real Estate,141919952.0,3.54
APCFF,Atlas Pearls Ltd,0.054,10,6,8,5,6,3,4,42,-13.0,34.0,Poor,🔥 COILED: Stay away,49,0.0,0.0,0.5,74.0,0,,Consumer Cyclical,23883918.0,220.0
SPST,"Superstar Platforms, Inc.",0.078,14,4,8,10,1,4,5,46,-12.0,34.0,Poor,Stay away,0,5.5,5.4,7.5,56.5,0,,Financial Services,14218613.0,0.0
INTI,Inhibitor Therapeutics Inc,0.08,5,7,8,7,4,3,2,36,-5.0,34.0,Poor,Stay away,36,5.3,5.3,-0.3,49.0,1,,Healthcare,13805884.0,15093.32
OPWEF,Opawica Explorations Inc,0.072,4,14,4,6,8,6,2,44,-8.0,34.0,Poor,Stay away,43,8.0,-4.0,2.6,50.2,1,,Basic Materials,2852061.0,0.0
HKGEF,Hong Kong Economic Times Holdings Limited,0.093,5,3,10,7,0,2,4,31,0.0,34.0,Poor,Stay away,31,0.0,0.0,-0.0,0.0,1,,Communication Services,40138800.0,0.0
AVCNF,Avicanna Inc,0.093,8,7,2,9,3,7,2,38,-5.0,34.0,Poor,Stay away,27,0.0,2.2,-0.2,50.1,1,,Healthcare,12088599.0,59395.92
PTFRF,PT Tower Bersama Infrastructure TBK,0.1,5,3,10,7,0,2,4,31,0.0,34.0,Poor,Stay away,29,0.0,0.0,-0.0,0.0,0,,Communication Services,2259248128.0,0.0
SSILF,Sa Sa International Holdings Limited,0.119,10,6,11,8,3,2,4,44,-13.0,34.0,Poor,Stay away,46,0.0,0.0,0.0,97.8,0,,Consumer Cyclical,370520832.0,35.0
TSGZF,Tristar Gold,0.123,10,5,7,8,0,2,5,37,-3.0,34.0,Poor,Stay away,21,2.8,2.8,1.5,49.9,1,,Basic Materials,43422960.0,63528.31
LPSIF,Legend Power Systems Inc,0.121,12,4,4,7,6,1,5,39,-5.0,34.0,Poor,Stay away,60,0.0,-5.7,1.6,58.2,1,,Industrials,18797660.0,7009.19
VAUCF,Viva Gold Corp,0.104,8,3,5,15,5,0,5,41,-5.0,34.0,Poor,Stay away,43,-5.2,-4.3,0.1,52.2,1,,Basic Materials,17950770.0,140082.65
APMCF,Morien Resources Corp,0.127,6,10,5,10,4,3,3,41,-3.0,34.0,Poor,Stay away,19,0.8,-9.3,-0.9,44.9,1,,Energy,7642973.0,10806.79
ANICF,Anonymous Intelligence Company Inc.,0.109,10,7,1,9,3,2,5,37,-3.0,34.0,Poor,Stay away,40,-22.9,-6.6,-1.3,49.8,1,,Technology,3126446.0,9366.8
BYNOW,byNordic Acquisition Corporation Warrant,0.118,17,6,10,14,6,4,5,62,-28,34,Poor,Stay away,53,31.1,34.1,24.8,65.5,3,,nan,nan,0.0
LEIC,Lead Innovation Corp,0.151,6,4,10,7,3,2,4,36,-5.0,34.0,Poor,Stay away,33,0.0,0.0,-0.0,0.0,1,,Industrials,79492544.0,0.0
NWVCF,EnWave Corporation,0.17,4,12,3,8,4,4,2,37,-3.0,34.0,Poor,Stay away,31,11.4,-0.1,0.9,49.9,1,,Industrials,20169970.0,25733.16
INVRF,Inverite Insights Inc,0.198,5,3,10,7,3,4,4,36,-5.0,34.0,Poor,Stay away,40,0.0,0.0,-0.0,31.6,1,,Financial Services,11322273.0,192.79
HZLIF,Hertz Lithium Inc.,0.157,16,8,7,11,4,1,5,52,-18.0,34.0,Poor,Stay away,42,22.1,26.8,13.0,57.5,3,,Basic Materials,2974637.0,3735.98
ARSMF,Ares Strategic Mining Inc,0.243,16,12,2,15,5,1,5,56,-22.0,34.0,Poor,Stay away,24,1.7,29.9,11.9,61.4,3,,Basic Materials,65075644.0,756190.97
OODH,Orion Diversified Holding Co. Inc,0.2,3,3,4,14,4,4,2,34,0.0,34.0,Poor,Stay away,16,0.0,0.0,-13.3,33.9,1,,Energy,2376000.0,3559.46
SHIHF,Shenzhen Investment Holdings Bay Area Development Company Limited,0.28,12,6,10,7,3,2,4,44,-13.0,34.0,Poor,Stay away,53,0.0,0.0,0.0,100.0,0,,Industrials,832922560.0,211.26
CGUIF,Casino Guichard-Perrachon Société Anonyme,0.291,13,6,11,7,4,2,4,47,-18.0,34.0,Poor,🔥 COILED: Stay away,36,0.0,0.0,0.3,99.7,1,,Consumer Defensive,90992960.0,41.01
BKTH,"Breakthrough Chemistry, Inc.",0.28,11,12,9,11,7,2,4,56,-23.0,34.0,Poor,Stay away,53,7.1,11.8,4.1,52.7,3,,Industrials,2529619.0,4141.49
XRXDW,Xerox Holdings Corporation Warrants,0.25,3,14,8,6,3,4,2,40,-6.0,34.0,Poor,Stay away,0,8.4,4.1,1.3,48.2,1,,nan,nan,0.0
TNMG,TNL Mediagene Ordinary Shares,0.389,5,12,3,7,3,2,2,34,-5.0,34.0,Poor,Stay away,23,15.4,-0.3,-9.5,42.8,1,,Communication Services,1139966.0,2460180.07
GRAF-WT,Graf Industrial Corp. Warrants (each warrant exercisable for one-half of one share of common stock each at an exercise price of $11.50 per share),0.38,13,13,5,6,6,2,2,47,-13.0,34.0,Poor,Stay away,49,-13.6,18.8,4.6,53.7,2,,nan,nan,0.0
AAMCF,Altisource Asset Management Corporation,0.37,5,3,10,9,3,2,4,36,-5.0,34.0,Poor,Stay away,30,0.0,0.0,-0.0,13.0,1,,Consumer Cyclical,94.0,0.0
CDPMF,Cerro de Pasco Resources Inc.,0.418,10,5,8,8,2,2,3,38,-5.0,34.0,Poor,Stay away,0,-0.5,-0.7,-1.6,47.0,1,,Basic Materials,268209808.0,0.0
SYNNF,Symphony International Holdings Limited,0.439,16,4,5,10,4,3,5,47,-13.0,34.0,Poor,Stay away,36,0.0,27.3,8.4,82.9,2,,Financial Services,236148464.0,2432.5
EGHAR,EGH Acquisition Corp. Rights,0.4,11,5,9,4,9,2,2,42,-11.0,34.0,Poor,Stay away,47,0.0,6.6,1.8,53.7,0,,nan,nan,0.0
OGPIF,OGPIF,0.491,3,6,6,7,0,5,4,31,0.0,34.0,Poor,Stay away,17,0.0,0.0,-1.3,31.6,0,,Basic Materials,1424731392.0,0.0
CEBUF,Cebu Air Inc,0.469,3,6,2,8,3,2,5,29,2.0,34.0,Poor,Stay away,20,17.3,17.3,-1.0,47.9,2,,Industrials,287560832.0,17.75
WHGPF,Warehouse Group Ltd,0.535,8,3,9,7,3,2,4,36,-5.0,34.0,Poor,Stay away,27,0.0,0.0,-0.0,0.0,1,,Consumer Cyclical,213898160.0,4.06
KRRYF,Kerry Logistics Network Limited,0.55,3,3,8,7,3,3,4,31,0.0,34.0,Poor,Stay away,9,0.0,0.0,-4.6,0.0,0,,Industrials,994086208.0,4.5
TVACW,Thayer Ventures Acquisition Corporation,0.587,6,7,2,10,5,0,4,34,0.0,34.0,Poor,Stay away,34,-11.3,-17.2,-6.4,47.0,0,,nan,215625000.0,79734.6
IDGXF,Integrated Diagnostics Holdings plc,0.551,14,11,5,14,4,2,5,55,-17.0,34.0,Poor,Stay away,38,11.4,11.4,8.1,67.6,3,,Healthcare,298627296.0,126.79
HMCTF,Hainan Meilan International Airport Company Limited,0.65,3,3,9,9,3,5,4,36,-5.0,34.0,Poor,Stay away,19,0.0,0.0,-1.0,0.0,1,,Industrials,317373440.0,78.03
VCUFF,Vizsla Copper Corp,0.79,7,6,9,13,2,2,5,44,-8.0,34.0,Poor,Stay away,31,-2.6,-4.8,0.4,50.4,1,,Basic Materials,70682448.0,132402.13
CELU,Celularity Inc,0.76,10,9,5,8,2,1,5,40,-6.0,34.0,Poor,Stay away,24,-6.2,0.7,0.5,49.7,1,,Healthcare,22001824.0,128595.09
GEDUF,GEDUF,0.885,10,6,11,6,0,2,4,39,-10.0,34.0,Poor,🔥 COILED: Stay away,40,0.0,0.0,0.0,50.0,0,,Consumer Defensive,682829504.0,2.5
VCCTF,Victoria plc,0.87,17,0,6,14,6,4,5,52,-18.0,34.0,Poor,Stay away,55,0.0,0.0,10.7,93.8,1,,Consumer Cyclical,102664912.0,15036.35
XAARF,Xaar plc,0.92,5,4,9,7,3,2,4,34,-5.0,34.0,Poor,🔥 COILED: Stay away,27,0.0,0.0,0.0,50.0,1,,Technology,75867992.0,180.0
ORRAF,Orora Limited,1.0,18,4,5,11,3,1,5,47,-13.0,34.0,Poor,Stay away,28,11.0,11.0,6.0,85.4,2,,Consumer Cyclical,1225342848.0,0.0
PIMXX,Plan Investment Fund Inc. - Money Market Portfolio,1.0,5,5,11,6,4,4,4,39,-8.0,34.0,Poor,Stay away,37,0.0,0.0,0.0,49.8,0,,nan,nan,0.0
OTTEF,Otto Energy Limited,0.012,18,10,12,5,4,0,5,54,-20.2,33.8,Poor,Stay away,59,25.0,25.0,41.4,65.3,2,,Energy,44593588.0,0.0
CRMNF,Harena Rare Earths Plc,0.034,10,10,7,14,3,3,5,52,-23.5,33.5,Poor,Stay away,32,22.3,59.5,64.5,57.7,3,,Basic Materials,nan,0.0
ASRFF,Americas Uranium Corp.,0.235,13,13,6,5,3,2,5,47,-13.5,33.5,Poor,Stay away,0,6.2,361.6,21.2,55.6,2,,nan,nan,0.0
AIMV,AI Maverick Intel Inc.,0.2,9,11,2,14,6,5,5,52,-18.8,33.2,Poor,Stay away,62,35.0,-31.1,27.3,57.7,1,,Healthcare,19313202.0,16435.46
HAOTF,HAOTF,0.004,15,5,7,9,6,4,5,51,-18.0,33.0,Poor,Stay away,56,0.0,0.0,23.9,99.8,0,,Industrials,49929192.0,233.39
FRDSF,4DS Memory Limited,0.01,11,6,7,6,3,4,5,42,-12.0,33.0,Poor,Stay away,26,0.0,0.0,13.6,63.8,0,,Technology,31375050.0,8689.22
VKALF,VKALF,0.008,6,8,10,4,6,4,3,41,-8.0,33.0,Poor,Stay away,0,21.5,21.5,5.0,50.7,2,,Basic Materials,18434890.0,0.0
SAHRF,Sahara Energy Ltd,0.006,9,6,11,6,0,2,4,38,-10.0,33.0,Poor,🔥 COILED: Stay away,52,0.0,0.0,0.0,50.0,0,,Energy,18586170.0,73.33
MTTCF,MeaTech 3D Ltd,0.001,6,3,10,7,3,2,4,35,-5.0,33.0,Poor,Stay away,23,0.0,0.0,-0.0,0.1,1,,Consumer Defensive,7810295.0,435.81
KLDI,KLDiscovery Inc,0.005,10,7,10,11,4,2,4,48,-18.0,33.0,Poor,Stay away,47,0.0,0.0,0.0,97.5,1,,Technology,5665829.0,6878.78
FYIRF,FYI Resources Limited,0.009,5,3,10,8,3,2,4,35,-5.0,33.0,Poor,Stay away,30,0.0,0.0,-0.0,0.0,1,,Basic Materials,4160983.0,450.0
CNGGF,Cann Group Limited,0.003,12,8,5,4,4,1,4,38,-10.0,33.0,Poor,🔥 COILED: Stay away,31,0.0,0.0,1.8,52.7,0,,Healthcare,2490890.0,1184.13
CAPT,Captivision Inc,0.005,5,10,4,9,6,2,2,38,-5.0,33.0,Poor,Stay away,19,8.2,-39.8,-12.2,41.6,1,,Basic Materials,2009240.0,1589011.02
AVVH,AVVAA World Health Care Products Inc,0.002,9,12,3,14,5,3,5,51,-18.0,33.0,Poor,Stay away,34,12.5,12.5,9.3,52.9,3,,Financial Services,1740316.0,282644.77
FECOF,FEC Resources Inc,0.001,14,4,8,10,3,2,5,46,-13.0,33.0,Poor,Stay away,40,0.0,9.1,9.7,85.6,1,,Energy,1191175.0,18735.57
FEXXF,Fjordland Exploration Inc,0.01,18,9,5,12,4,11,5,64,-27,33,Poor,Stay away,48,614.3,614.3,283.2,89.9,2,3,Basic Materials,829355.0,320.08
CAFS,Café Serendipity Holdings Inc,0.004,3,4,10,9,0,3,4,33,0.0,33.0,Poor,Stay away,35,0.0,0.0,-3.2,32.9,0,,Financial Services,689962.0,3219.59
LEKOF,Lekoil Limited,0.001,5,6,1,8,3,3,4,30,0.0,33.0,Poor,Stay away,23,0.0,0.0,-32.4,45.3,0,,Energy,640838.0,2050.0
EMBYF,Nexera Energy Inc,0.004,17,4,6,10,3,6,5,51,-18.0,33.0,Poor,Stay away,42,9.1,9.1,5.9,100.0,2,,Energy,611582.0,212.92
GXXY,Galexxy Holdings Inc,0.001,5,3,10,8,3,2,4,35,-5.0,33.0,Poor,Stay away,17,0.0,0.0,-0.3,27.1,1,,Healthcare,369605.0,12816.74
AMPDF,AMPD Ventures Inc,0.003,5,4,10,8,0,2,4,33,-5.0,33.0,Poor,🔥 COILED: Stay away,32,0.0,0.0,0.0,50.0,1,,Technology,361000.0,84.0
EGOC,Energy 1 Corp,0.005,7,5,6,12,4,0,4,38,-5.0,33.0,Poor,Stay away,37,0.0,0.0,-3.8,42.8,1,,Industrials,262054.0,1110.94
PIFR,Premier information Management Inc,0.002,17,9,7,15,6,8,5,67,-30,33,Poor,Stay away,57,20.0,20.0,17.5,94.1,3,,Industrials,198021.0,23021.5
PNNEF,Pennine Petroleum Corporation,0.002,8,4,10,7,0,2,4,35,-5.0,33.0,Poor,Stay away,35,0.0,0.0,-0.0,0.0,1,,Energy,90864.0,2641.5
BKLIF,Blockmint Technologies Inc,0.001,3,3,9,7,3,1,4,30,0.0,33.0,Poor,Stay away,11,0.0,0.0,-13.6,0.4,0,,Financial Services,57891.0,31.5
BOTH,Bioethics Ltd,0.005,5,4,10,7,3,2,4,35,-5.0,33.0,Poor,Stay away,31,0.0,0.0,-0.0,0.0,1,,Financial Services,18360.0,23.69
GOEVQ,Canoo Inc.,0.001,4,4,4,9,3,4,5,33,0.0,33.0,Poor,Stay away,30,-15.4,-15.4,-29.1,48.4,0,,nan,nan,10960.41
APLMW,Apollomics Inc. Warrant,0.02,15,10,2,9,3,2,5,46,-11.0,33.0,Poor,Stay away,44,4.2,69.2,17.4,57.3,2,,Healthcare,55195824.0,68660.6
KYBWF,Guangdong Land Holdings Limited,0.02,14,4,6,14,6,2,5,51,-18.0,33.0,Poor,Stay away,58,0.0,0.0,17.9,100.0,1,,Real Estate,34230736.0,77.2
ARDNF,Argent Minerals Limited,0.014,11,6,7,11,3,2,5,45,-12.0,33.0,Poor,Stay away,24,48.9,48.9,20.0,66.2,2,,Basic Materials,23836026.0,48386.64
BLRZF,Blackhawk Growth Corp,0.011,9,6,11,11,0,2,4,43,-13.0,33.0,Poor,Stay away,56,0.0,0.0,0.0,100.0,0,,Financial Services,142085.0,3.9
CMMCF,OXE Marine AB (publ),0.03,5,3,10,9,3,1,4,35,-5.0,33.0,Poor,Stay away,21,0.0,0.0,-0.2,1.0,1,,Industrials,20791214.0,539.7
SHRG,Sharing Services Global Corp,0.022,7,3,8,9,0,4,4,35,-5.0,33.0,Poor,Stay away,41,0.0,0.0,-0.0,30.0,1,,Consumer Defensive,7121.0,22.55
SUNR,Sun Sports and Entertainment Inc,0.027,10,11,1,7,4,0,5,38,-5.0,33.0,Poor,Stay away,44,-6.9,-3.6,6.2,52.4,2,,nan,2.0,1408334.0
DRDNF,Dreadnought Resources Ltd,0.04,9,6,10,9,3,2,4,43,-13.0,33.0,Poor,Stay away,52,0.0,0.0,0.0,100.0,0,,nan,81101431.0,522.5
TORVF,Saint Jean Carbon Inc,0.042,3,9,0,8,5,2,2,29,4.0,33.0,Poor,Stay away,43,-15.4,-26.4,-21.0,41.3,1,,Basic Materials,12734015.0,224496.34
MIRXF,Serrano Resources Ltd,0.05,5,3,9,7,0,2,4,30,0.0,33.0,Poor,Stay away,11,0.0,0.0,-0.1,0.0,0,,Energy,3696784.0,31.4
CNPTF,Central Petroleum Limited,0.045,14,8,4,5,1,2,4,38,-10.0,33.0,Poor,🔥 COILED: Stay away,39,0.0,0.0,2.8,52.0,0,,Energy,676768.0,938.21
NALG,North America Lithium Corp.,0.06,3,12,4,8,3,2,2,34,-1.0,33.0,Poor,Stay away,18,0.0,-4.8,-8.5,41.3,0,,Basic Materials,20449212.0,46176.88
SOUTF,Southern Cross Media Group Limited,0.051,4,9,8,7,3,2,2,35,-5.0,33.0,Poor,Stay away,20,-1.2,7.6,-0.4,49.3,1,,Energy,19155134.0,0.0
SSEBF,Silver Spruce Resources Inc,0.065,6,7,8,10,0,2,5,38,-3.0,33.0,Poor,Stay away,22,9.3,9.3,2.9,48.0,2,,Basic Materials,2412076.0,42799.78
MSEZ,Media Sentiment Inc,0.076,5,4,3,8,3,1,4,28,0.0,33.0,Poor,🔥 COILED: Stay away,30,0.0,0.0,-1.9,48.1,0,,Communication Services,68801128.0,2604.48
INEOD,INEO Tech Corp.,0.08,12,4,5,12,6,4,5,48,-15.0,33.0,Poor,Stay away,56,-20.9,-5.6,-6.2,48.4,1,,Communication Services,4424081.0,22826.87
SKKFF,Strikewell Energy Corp,0.08,12,6,10,6,3,2,4,43,-15.0,33.0,Poor,🔥 COILED: Stay away,53,0.0,0.0,0.0,50.0,1,,Energy,690148.0,0.0
HALL,Hallmark Financial Services Inc,0.08,10,6,11,6,4,5,4,46,-18.0,33.0,Poor,🔥 COILED: Stay away,48,0.0,0.0,0.1,72.9,1,,Financial Services,145478.0,283.37
BKIRF,Black Iron Inc,0.083,9,12,6,3,5,0,5,40,-10.0,33.0,Poor,🔥 COILED: Stay away,46,-0.7,-9.8,0.6,50.7,0,,Basic Materials,25290060.0,39148.25
EONR-WT,EON Resources Inc. WT,0.083,8,6,2,11,0,6,2,35,0.0,33.0,Poor,Stay away,41,-7.6,4.0,-4.0,48.6,0,,nan,nan,0.0
EBZT,Everything Blockchain Inc.,0.092,8,6,3,11,3,1,5,37,-4.0,33.0,Poor,Stay away,40,-14.6,16.5,-9.8,46.8,2,,Technology,2469057.0,62947.67
CHVKY,China Vanke Co. Ltd,0.138,5,3,10,8,3,2,4,35,-5.0,33.0,Poor,Stay away,21,0.0,0.0,-0.0,12.4,1,,Real Estate,6376264192.0,262.25
SMTLF,GCL New Energy Holdings Limited,0.117,16,5,4,6,6,2,4,43,-13.0,33.0,Poor,Stay away,54,0.0,0.0,1.0,57.0,1,,Utilities,208068928.0,31.11
KDKGF,Klondike Gold Corp,0.11,5,6,5,8,3,2,2,31,2.0,33.0,Poor,Stay away,23,0.0,-3.1,-2.0,47.4,0,,Basic Materials,30484350.0,121769.69
MDXXF,Pharmala Biotech Holdings Inc,0.119,13,8,5,14,4,6,5,55,-18.0,33.0,Poor,Stay away,61,3.1,10.3,10.1,58.8,3,,Healthcare,11992058.0,22944.69
TLKMF,Telkom Indonesia (Persero) Tbk PT,0.16,11,7,8,6,3,3,5,43,-10.0,33.0,Poor,Stay away,27,0.0,23.1,5.2,56.4,2,,Communication Services,12475619328.0,0.0
SNTMF,SenseTime Group Inc.,0.185,3,7,3,9,3,3,5,33,-5.0,33.0,Poor,🔥 COILED: Stay away,21,0.0,0.0,-2.4,45.1,1,,Technology,11452456960.0,1282.98
WEMXF,Weimob Inc,0.2,5,3,10,8,3,2,4,35,-5.0,33.0,Poor,Stay away,21,0.0,0.0,-0.1,0.1,1,,Technology,1139676800.0,25.5
AMTFF,AmeriTrust Financial Technologies Inc.,0.182,10,6,5,15,5,4,5,50,-15.0,33.0,Poor,Stay away,59,-4.9,-8.9,1.7,57.8,1,,Technology,184106144.0,173653.08
WOSSF,Water Oasis Group Limited,0.17,17,4,7,9,6,3,5,51,-18.0,33.0,Poor,Stay away,61,0.0,54.5,24.0,97.9,2,,Consumer Cyclical,98748208.0,0.0
NCL,Northann Corp.,0.159,6,4,10,6,6,7,4,43,-15.0,33.0,Poor,🔥 COILED: Stay away,45,0.0,0.0,-0.3,47.0,1,,Consumer Cyclical,8543560.0,4784385.72
ECORF,Elcora Advanced Materials Corp,0.19,4,7,8,7,0,3,4,33,-5.0,33.0,Poor,🔥 COILED: Stay away,37,0.0,0.0,-0.3,44.7,1,,Basic Materials,6799662.0,2062.44
ALLIF,Alpha Lithium Corporation,0.2,9,3,8,7,1,3,2,33,-3.0,33.0,Poor,Stay away,35,-0.2,0.0,-1.0,47.2,1,,Basic Materials,160300656.0,39054.64
CAMNF,Cascadia Minerals Ltd.,0.228,7,8,3,15,5,0,5,43,-8.0,33.0,Poor,Stay away,43,-6.9,-5.1,-0.9,49.3,1,,Basic Materials,47579916.0,116120.12
IREHF,Integrated Research Limited,0.2,13,4,7,12,3,2,5,46,-13.0,33.0,Poor,Stay away,36,0.0,0.0,2.8,99.7,0,,Technology,43342032.0,157.26
HGGCF,Highway 50 Gold Corp,0.2,8,3,10,8,0,2,4,35,-5.0,33.0,Poor,Stay away,23,0.0,0.0,-0.0,0.8,1,,Basic Materials,8906459.0,475.72
WALRF,MegaWatt Lithium and Battery Metals Corp,0.226,7,8,3,9,3,4,4,38,-5.0,33.0,Poor,Stay away,44,-25.1,2.9,-13.1,44.4,1,,Basic Materials,1396374.0,1382.08
PMIR,The PMI Group Inc,0.24,5,4,10,7,3,2,4,35,-5.0,33.0,Poor,Stay away,32,0.0,0.0,-0.0,0.0,1,,Financial Services,518610.0,18.0
BPTSY,Biophytis S.A.,0.25,5,3,10,8,3,2,4,35,-5.0,33.0,Poor,Stay away,20,0.0,0.0,-0.1,3.0,1,,Healthcare,5988224.0,57.5
CAIHF,Chia Tai Enterprises International Limited,0.28,7,6,10,6,3,2,4,38,-10.0,33.0,Poor,🔥 COILED: Stay away,47,0.0,0.0,0.0,50.0,0,,Healthcare,361077.0,0.4
SKYZF,SkyCity Entertainment Group Limited,0.38,12,2,4,8,3,2,5,36,-3.0,33.0,Poor,Stay away,28,4.5,4.5,2.3,56.4,0,,Consumer Cyclical,419160928.0,82.92
TODM,Tonopah Divide Mining Co,0.35,7,6,10,6,3,2,4,38,-10.0,33.0,Poor,🔥 COILED: Stay away,46,0.0,0.0,0.0,50.0,0,,Basic Materials,799339.0,638.46
NGCRF,Nagacorp Ltd,0.43,4,6,6,7,3,2,2,30,0.0,33.0,Poor,Stay away,21,0.0,-8.5,-3.1,40.0,0,,Consumer Cyclical,2221225728.0,0.0
SBNY,Signature Bank,0.41,3,5,3,12,4,4,2,33,2.0,33.0,Poor,Stay away,26,-4.7,-12.8,-2.7,46.6,0,,Financial Services,59825336.0,76182.41
VYND,Vynleads Inc,0.41,5,4,2,10,3,5,4,33,-5.0,33.0,Poor,🔥 COILED: Stay away,24,0.0,0.0,-1.4,41.3,1,,Healthcare,7880767.0,212.0
AAGFF,Aftermath Silver Ltd,0.461,7,8,8,8,2,4,4,41,-8.0,33.0,Poor,Stay away,17,-1.9,-2.7,-2.5,45.3,1,,Basic Materials,157526112.0,674633.35
PGFF,PGFF,0.51,7,6,10,6,3,2,4,38,-10.0,33.0,Poor,🔥 COILED: Stay away,41,0.0,0.0,0.0,50.0,0,,nan,14744763.0,75.0
OBSJF,Obrascón Huarte Lain S.A,0.576,9,6,10,9,3,2,4,43,-13.0,33.0,Poor,Stay away,55,0.0,0.0,0.0,100.0,0,,Industrials,796704832.0,491.28
RCLFF,RCL Foods Limited,0.571,8,5,9,5,3,2,4,36,-8.0,33.0,Poor,🔥 COILED: Stay away,35,0.0,0.0,-0.0,45.6,0,,Consumer Defensive,513837280.0,0.75
TIGXF,TIGXF,0.565,15,4,6,11,6,2,4,48,-18.0,33.0,Poor,Stay away,43,0.0,1.0,0.5,100.0,1,,Communication Services,135120784.0,605.88
CNEY,CN Energy Group Inc,0.592,6,7,3,9,4,4,5,38,-5.0,33.0,Poor,Stay away,26,-6.1,-21.1,-7.5,46.4,1,,Basic Materials,4854717.0,1713158.0
BPSCF,BPSCF,0.578,0,10,7,9,4,2,2,34,-1.0,33.0,Poor,Stay away,32,-3.6,-8.2,-5.3,40.4,1,,nan,nan,0.0
MEIUF,Meitu Inc,0.611,5,3,5,9,3,1,4,30,0.0,33.0,Poor,Stay away,23,0.0,0.0,-0.1,0.0,0,,Communication Services,4749335552.0,22.54
BGAVF,Bravada Gold Corporation,0.607,17,8,5,5,1,4,5,45,-10.0,33.0,Poor,Stay away,54,8.4,12.7,5.7,57.0,2,,Basic Materials,18392348.0,151042.96
CSPHF,CStone Pharmaceuticals,0.71,12,5,6,8,3,1,5,40,-7.0,33.0,Poor,Stay away,21,0.0,0.0,3.1,62.7,1,,Healthcare,1131819776.0,1305.08
ODMUF,Old Mutual Limited,0.78,9,6,11,8,3,2,4,43,-13.0,33.0,Poor,Stay away,57,0.0,0.0,0.0,100.0,0,,Financial Services,2935600896.0,2.87
QNDPF,Qingdao Port International Co. Ltd,0.874,7,6,10,6,3,2,4,38,-10.0,33.0,Poor,🔥 COILED: Stay away,48,0.0,0.0,0.0,50.0,0,,Industrials,5210405888.0,0.28
FEBO,Fenbo Holdings Limited Ordinary Shares,0.85,6,14,2,8,4,2,4,40,-3.0,33.0,Poor,Stay away,23,4.9,4.9,2.6,50.3,1,,Technology,9403125.0,47863.79
TANAF,TANAF,1.0,4,6,4,9,3,2,5,33,0.0,33.0,Poor,Stay away,13,0.0,57.9,-2.3,38.4,2,,Healthcare,45518000.0,6003.46
TRXA,Trex Acquisition Corp,0.99,15,4,8,13,4,2,5,51,-18.0,33.0,Poor,Stay away,36,0.0,0.0,17.7,95.7,1,,Financial Services,29848440.0,74.32
EJPXX,JPMorgan Trust I - JPMorgan Prime Money Market Fund,1.0,7,7,6,6,4,4,4,38,-8.0,33.0,Poor,Stay away,38,0.0,0.0,-0.0,48.9,0,,nan,nan,0.0
DAZD,"Dazed, Inc.",0.003,15,6,5,16,7,2,5,56,-23.2,32.8,Poor,Stay away,58,30.0,44.4,28.5,68.3,3,,Consumer Defensive,1795297.0,643250.68
MEDH,MedX Holdings Inc,0.003,15,6,5,16,7,2,5,56,-23.2,32.8,Poor,Stay away,58,30.0,44.4,29.3,68.4,3,,Consumer Defensive,1795297.0,668351.87
STSN,Stemsation International Inc,0.02,18,3,5,15,7,4,5,57,-24.2,32.8,Poor,Stay away,62,29.0,43.9,54.3,78.6,2,,Healthcare,12409026.0,206374.24
KDAGF,KDAGF,0.057,13,5,6,9,1,3,5,42,-9.5,32.5,Poor,Stay away,16,0.0,375.8,33.5,60.7,2,,nan,13421314.0,1414.32
PTRVF,Petro Viking Energy Inc,0.07,13,5,9,9,6,8,5,55,-25.8,32.2,Poor,Stay away,58,0.0,211.1,25.0,64.7,3,,Energy,2584346.0,3133.75
GBMRF,GBM Resources Limited,0.01,18,10,4,12,6,8,5,63,-27,32,Poor,Stay away,68,300.0,300.0,211.1,50.0,2,3,Basic Materials,12270999.0,3379.86
CROTF,Cirralto Limited,0.007,5,3,9,9,3,1,4,34,-5.0,32.0,Poor,Stay away,27,0.0,0.0,-5.9,31.1,1,,Technology,8299997.0,665.83
DIGTF,Thruvision Group plc,0.01,5,3,8,8,3,3,4,34,-5.0,32.0,Poor,Stay away,25,0.0,0.0,-0.1,11.3,1,,Industrials,4261310.0,21035.0
ETBI,Eastgate Biotech Corp,0.003,12,5,10,13,1,2,4,47,-18.0,32.0,Poor,Stay away,47,0.0,0.0,0.7,99.3,1,,Healthcare,3173572.0,399097.44
ARIZF,Affinity Metals Corp,0.002,7,7,11,6,0,2,4,37,-10.0,32.0,Poor,🔥 COILED: Stay away,27,0.0,0.0,0.0,53.6,0,,Basic Materials,1606793.0,6483.77
WDGNF,Widgie Nickel Limited,0.01,7,8,5,6,6,3,4,39,-10.0,32.0,Poor,Stay away,33,0.0,0.0,-2.0,47.5,0,,Basic Materials,1363143.0,318.54
BGRP,Bluestem Group Inc,0.01,5,3,10,7,3,2,4,34,-5.0,32.0,Poor,Stay away,35,0.0,0.0,-0.0,35.6,1,,Consumer Cyclical,1340050.0,1098.5
TBIXF,TrustBIX Inc,0.006,5,3,8,8,3,3,4,34,-5.0,32.0,Poor,Stay away,14,0.0,0.0,-3.8,0.0,1,,Technology,918845.0,4122.57
MDRM,Modern Mobility Aids,0.003,3,7,4,7,0,2,4,27,2.0,32.0,Poor,Stay away,28,0.0,0.0,-0.3,47.3,0,,Healthcare,915037.0,18953.0
SHGI,Sparx Holdings Group Inc,0.002,3,3,10,8,3,3,4,34,-5.0,32.0,Poor,Stay away,23,0.0,0.0,-8.3,17.5,1,,Industrials,345000.0,1413.0
BGACF,BioNeutra Global Corporation,0.006,5,3,10,7,3,2,4,34,-5.0,32.0,Poor,Stay away,31,0.0,0.0,-0.0,0.0,1,,Consumer Defensive,260113.0,14.09
CRSQ,Corporate Restaurant Concepts Inc,0.006,5,3,10,7,3,2,4,34,-5.0,32.0,Poor,Stay away,29,0.0,0.0,-0.0,0.2,1,,Financial Services,258763.0,22.5
AMNCB,Amincor Inc,0.004,5,3,10,7,3,2,4,34,-5.0,32.0,Poor,Stay away,34,0.0,0.0,-0.0,0.0,1,,Consumer Defensive,136211.0,944.0
NVOS,Novo Integrated Sciences Inc,0.004,4,10,5,13,3,2,5,42,-10.0,32.0,Poor,Stay away,33,-7.5,5.7,-1.9,48.2,1,,Healthcare,73001.0,5269.62
SBSAQ,"Spanish Broadcasting System, Inc.",0.005,3,3,10,7,3,4,4,34,-5.0,32.0,Poor,Stay away,22,0.0,0.0,-13.6,28.4,1,,Communication Services,43675.0,28035.62
NMHIW,Nature's Miracle Holding Inc. Warrants,0.008,5,9,3,12,0,4,2,35,-3.0,32.0,Poor,Stay away,31,23.5,10.5,-16.5,45.9,2,,nan,nan,0.0
WGSK,WGSK,0.01,2,4,10,7,3,2,4,32,-5.0,32.0,Poor,🔥 COILED: Stay away,32,0.0,0.0,0.0,50.0,1,,Financial Services,nan,0.42
PTPKF,PT Pakuwon Jati Tbk,0.019,11,3,10,6,3,2,4,39,-10.0,32.0,Poor,Stay away,28,0.0,0.0,-0.0,34.7,0,,Real Estate,2456139520.0,180.0
NOURF,Northern Minerals Limited,0.016,2,3,4,9,3,4,4,29,0.0,32.0,Poor,Stay away,20,-13.5,-27.3,-13.7,44.0,0,,Basic Materials,213768848.0,1294328.76
IONGF,Ion Energy Ltd,0.02,2,12,2,8,4,2,5,35,-3.0,32.0,Poor,Stay away,27,11.1,-31.0,-3.4,47.6,1,,Basic Materials,1196214.0,18606.79
CERO,"CERo Therapeutics Holdings, Inc. Common Stock",0.012,4,16,5,3,3,2,5,38,-6.0,32.0,Poor,Stay away,24,3.3,-4.6,5.0,50.2,0,,Healthcare,559393.0,1292409.76
RMIAF,Automotive Finco Corp,0.011,8,3,10,5,3,6,4,39,-10.0,32.0,Poor,Stay away,26,0.0,0.0,-0.0,0.4,0,,Financial Services,219995.0,1.25
HSEEF,Hill Street Beverage Company Inc,0.011,5,3,10,10,0,2,4,34,-5.0,32.0,Poor,Stay away,32,0.0,0.0,-0.0,0.1,1,,Consumer Defensive,45774.0,315.84
ATALF,ATALF,0.029,7,8,4,11,2,6,5,43,-11.0,32.0,Poor,Stay away,16,2.5,0.3,-1.7,47.3,1,,Basic Materials,52600740.0,0.0
VHMLF,VHMLF,0.021,3,8,2,7,3,5,4,32,-3.0,32.0,Poor,Stay away,31,0.0,0.0,-42.9,41.4,1,,Basic Materials,65438496.0,0.0
ASASF,Asia Standard International Group Limited,0.03,5,3,10,7,3,2,4,34,-5.0,32.0,Poor,Stay away,32,0.0,0.0,-0.0,0.0,1,,Financial Services,42619056.0,2420.0
PGXFF,Prosper Gold Corp,0.025,10,14,6,4,3,4,5,46,-13.0,32.0,Poor,Stay away,27,10.4,2.8,3.6,52.7,1,,Basic Materials,1574987.0,7685.02
ACBM,ACRO Biomedical Co Ltd,0.026,9,6,11,7,3,2,4,42,-13.0,32.0,Poor,Stay away,36,0.0,0.0,0.0,100.0,0,,Financial Services,1561092.0,23.61
GRXXF,Oz Lithium Corp,0.021,3,8,5,10,3,3,5,37,-5.0,32.0,Poor,Stay away,29,0.0,0.0,-10.4,42.6,1,,Basic Materials,221178.0,64.51
AGPYF,Agile Group Holdings Limited,0.04,5,3,10,7,3,2,4,34,-5.0,32.0,Poor,Stay away,32,0.0,0.0,-0.0,0.0,1,,Real Estate,797275584.0,11.5
TUGHF,Tungtex (Holdings) Company Limited,0.033,9,6,11,7,3,2,4,42,-13.0,32.0,Poor,Stay away,53,0.0,0.0,0.0,100.0,0,,Consumer Cyclical,14736376.0,11.5
GCLMF,GCM Resources Plc,0.04,5,3,10,7,3,2,4,34,-5.0,32.0,Poor,Stay away,38,0.0,0.0,-0.0,26.7,1,,Energy,10124632.0,0.0
GLDFF,Chalice Brands Ltd,0.035,1,12,0,7,4,4,2,30,2.0,32.0,Poor,Stay away,14,9.4,-3.1,-9.4,44.4,0,,Basic Materials,1989666.0,55295.42
EWCLF,Energy World Corporation Ltd,0.05,17,13,5,12,4,5,4,60,-24.0,32.0,Poor,Stay away,64,18.5,18.5,13.4,65.8,4,,Utilities,192669488.0,89002.16
JAXAF,Jaxsta Limited,0.05,12,6,10,10,3,2,4,47,-18.0,32.0,Poor,Stay away,49,0.0,0.0,0.1,100.0,1,,Technology,74158808.0,2256.48
PRRUF,Immutep Limited,0.05,7,6,8,7,0,2,4,34,-5.0,32.0,Poor,Stay away,28,0.0,0.0,-0.0,33.4,1,,Healthcare,73686072.0,16580.5
CCCHF,City Chic Collective Limited,0.05,8,3,10,7,0,2,4,34,-5.0,32.0,Poor,Stay away,21,0.0,0.0,-0.0,14.5,1,,Consumer Cyclical,46180420.0,201.0
KOGMF,KGL Resources Ltd,0.05,8,3,10,7,0,2,4,34,-5.0,32.0,Poor,Stay away,44,0.0,0.0,-0.0,0.7,1,,Basic Materials,1125331.0,162.75
CATPF,Giyani Metals Corp,0.06,3,5,8,8,3,3,2,32,-5.0,32.0,Poor,🔥 COILED: Stay away,28,0.0,0.0,-3.5,43.6,1,,Basic Materials,19596232.0,25087.38
STTDF,Standard Uranium Ltd.,0.06,5,8,5,9,4,2,2,35,-1.0,32.0,Poor,Stay away,19,-3.2,-6.5,-4.0,41.3,1,,Energy,9010709.0,82670.62
NILTF,NILTF,0.06,6,11,8,5,2,4,3,39,-8.0,32.0,Poor,Stay away,29,5.3,-0.5,-1.2,46.0,1,,nan,7844094.0,129752.22
PIAC,Princeton Capital Corporation,0.051,5,3,10,7,3,2,4,34,-5.0,32.0,Poor,Stay away,24,0.0,0.0,-0.0,0.1,1,,Financial Services,7229163.0,455.03
ITRX,inTerra Resources Corp,0.068,8,3,5,10,4,5,2,37,-5.0,32.0,Poor,Stay away,36,0.0,0.0,-3.4,0.2,1,,Healthcare,6522109.0,1152.21
RKGXF,Road King Infrastructure Limited,0.08,5,3,10,7,3,2,4,34,-5.0,32.0,Poor,Stay away,33,0.0,0.0,-0.0,0.2,1,,Real Estate,171040736.0,45.0
INEOF,INEO Tech Corp,0.08,13,4,5,12,6,4,3,47,-15.0,32.0,Poor,Stay away,58,-20.9,-5.6,-5.9,48.9,1,,Communication Services,4996609.0,25300.37
ESXMF,Essex Minerals Inc,0.081,9,6,11,10,3,4,4,47,-18.0,32.0,Poor,Stay away,42,0.0,0.0,0.0,99.9,1,,Basic Materials,12204473.0,247.76
PCQRF,Petrolympic Ltd,0.09,15,11,7,9,4,5,5,56,-24.0,32.0,Poor,Stay away,59,12.5,12.5,10.2,68.1,4,,Energy,10641744.0,4687.0
SRCO,Sparta Commercial Services Inc,0.09,11,7,10,6,1,6,3,44,-17.0,32.0,Poor,🔥 COILED: Stay away,42,0.0,0.0,1.6,54.9,1,,Technology,4769340.0,19559.67
WGLIF,Westward Gold Inc,0.092,13,4,5,9,5,1,5,42,-10.0,32.0,Poor,Stay away,51,-3.3,0.7,4.8,57.1,1,,Basic Materials,21713928.0,178807.15
HTCTF,Hutchison Telecommunications Hong Kong Holdings Limited,0.137,2,5,2,9,4,4,3,29,0.0,32.0,Poor,Stay away,0,0.0,-8.5,-1.8,41.1,0,,Communication Services,661661888.0,0.0
ISRJF,ReGen III Corp,0.129,5,3,10,7,3,2,4,34,-5.0,32.0,Poor,Stay away,27,0.0,0.0,-0.0,7.6,1,,Energy,19928282.0,248.0
VYYRF,Voyageur Pharmaceuticals Ltd,0.1,8,3,7,10,3,1,5,37,-5.0,32.0,Poor,Stay away,41,-9.1,0.0,4.2,58.5,1,,Healthcare,17947588.0,6032.27
RYES,Rise Gold Corp,0.14,10,14,5,8,3,5,5,50,-16.0,32.0,Poor,Stay away,23,9.2,26.0,7.2,52.4,3,,Basic Materials,16440402.0,89200.92
MGPRF,Cover Technologies Inc,0.113,5,3,8,8,3,3,4,34,-5.0,32.0,Poor,Stay away,31,0.0,0.0,-1.7,27.1,1,,Industrials,15066346.0,5337.67
CVVIF,Sociedad Comercial del Plata S.A,0.14,10,6,11,6,3,2,4,42,-15.0,32.0,Poor,🔥 COILED: Stay away,35,0.0,0.0,0.0,50.0,1,,Industrials,11900000.0,0.0
CCPUF,Canada Computational Unlimited Corp,0.1,9,6,6,8,1,1,5,36,-7.0,32.0,Poor,Stay away,54,0.0,0.0,6.0,62.1,1,,Financial Services,9005079.0,2182.8
CDNMF,Gambier Gold Corp,0.1,12,6,12,8,3,2,4,47,-18.0,32.0,Poor,Stay away,52,0.0,0.0,0.4,95.2,1,,Basic Materials,4169920.0,3305.15
EDWZF,Edgewater Exploration Ltd,0.1,10,5,9,11,1,2,4,42,-13.0,32.0,Poor,Stay away,47,0.0,0.0,0.0,100.0,0,,Basic Materials,3892360.0,424.0
KLSVF,Klondike Silver Corp,0.12,9,4,11,5,3,3,4,39,-10.0,32.0,Poor,Stay away,38,0.0,20.0,4.3,52.9,2,,Basic Materials,2688821.0,12406.5
MYCB,My City Builders Inc.,0.112,3,3,10,8,3,3,4,34,-5.0,32.0,Poor,Stay away,30,0.0,0.0,-1.0,13.2,1,,Real Estate,717067.0,41.51
DTSQR,DT Cloud Star Acquisition Corporation Right,0.12,8,5,7,10,0,2,5,37,-5.0,32.0,Poor,Stay away,24,0.1,9.2,-1.0,48.6,1,,nan,nan,0.0
KFIIR,K&F Growth Acquisition Corp. II Rights,0.135,8,12,4,2,4,5,5,40,-8.0,32.0,Poor,Stay away,33,10.2,3.8,4.6,51.7,0,,nan,nan,0.0
TDWDR,Tailwind 2.0 Acquisition Corp. Rights,0.15,10,9,3,6,4,7,2,41,-10.0,32.0,Poor,Stay away,34,15.2,-11.9,2.4,50.5,1,,nan,nan,0.0
APPCF,APAC Resources Limited,0.189,4,7,4,7,3,3,4,32,0.0,32.0,Poor,Stay away,10,0.0,0.0,-3.4,31.2,0,,Financial Services,238546208.0,0.0
CGXEF,CGX Energy Inc,0.18,19,8,6,13,5,6,5,62,-30,32,Poor,Stay away,66,29.5,21.8,18.6,69.4,3,,Energy,60938820.0,60350.37
CGDXF,Xali Gold Corp,0.169,8,2,9,8,0,3,2,32,0.0,32.0,Poor,Stay away,29,-6.1,-3.4,-4.6,39.1,0,,Basic Materials,27106220.0,14972.84
CRSXQ,CRSXQ,0.152,10,6,11,6,3,2,4,42,-15.0,32.0,Poor,🔥 COILED: Stay away,52,0.0,0.0,0.0,50.0,1,,Basic Materials,16068531.0,51.15
JZRIF,Jazz Resources Inc,0.18,4,9,8,7,1,1,2,32,-5.0,32.0,Poor,🔥 COILED: Stay away,25,0.0,-5.3,-1.2,47.6,1,,Basic Materials,14264652.0,44354.76
MANVF,Manning Ventures Inc,0.15,12,6,11,9,3,2,4,47,-18.0,32.0,Poor,Stay away,54,0.0,0.0,0.0,99.8,1,,Basic Materials,81724.0,41.5
TRSO,Transuite.Org Inc.,0.218,10,6,7,6,6,2,5,42,-13.0,32.0,Poor,Stay away,43,0.0,0.0,4.7,56.6,1,,Technology,17407298.0,5453.2
VIZNF,Visionary Gold Corp,0.24,15,6,11,6,6,2,4,50,-23.0,32.0,Poor,🔥 COILED: Stay away,60,0.0,0.0,12.5,96.8,0,,Basic Materials,10540721.0,110.0
HYDI,Hydromer Inc,0.22,6,3,10,8,3,3,4,37,-5.0,32.0,Poor,Stay away,38,0.0,0.0,-0.2,21.6,1,,Basic Materials,715847.0,566.5
ISCO,International Stem Cell Corp,0.28,18,7,3,15,5,2,5,55,-21,32,Poor,Stay away,62,64.7,64.7,31.5,64.9,3,9,Healthcare,2241229.0,5884.93
NXPGF,National Express Group PLC,0.31,8,7,10,6,3,2,4,40,-13.0,32.0,Poor,🔥 COILED: Stay away,31,0.0,0.0,-0.0,42.8,1,,Industrials,195309904.0,772.5
USBC,"USBC, Inc.",0.318,5,10,9,9,4,0,2,39,-5.0,32.0,Poor,Stay away,25,-11.6,3.1,-4.7,44.3,1,,Technology,123585184.0,1241820.27
FRTU,"Fortun Holdings, Corp.",0.3,9,6,4,12,3,0,2,36,-9.0,32.0,Poor,🔥 COILED: Stay away,38,-31.8,-16.7,-13.3,44.6,1,,Consumer Defensive,15628033.0,37041.11
PCFBF,Pacific Basin Shipping Limited,0.39,3,6,4,8,3,5,3,32,0.0,32.0,Poor,Stay away,0,0.0,0.0,-0.5,38.7,0,,Industrials,1984023808.0,0.0
SOSCF,Deoleo S.A,0.381,17,3,3,10,6,0,5,44,-12.0,32.0,Poor,Stay away,47,-4.8,52.3,19.4,85.4,2,,Consumer Defensive,146950000.0,11.0
FXGDF,FXGDF,0.35,17,5,7,13,4,8,5,59,-27,32,Poor,Stay away,46,105.9,105.9,64.9,71.5,2,3,nan,92942496.0,21261.39
ILIKF,Ilika plc,0.365,2,6,6,11,0,4,4,33,-5.0,32.0,Poor,Stay away,18,-3.7,-4.0,-5.6,41.3,1,,Industrials,72594600.0,48841.9
CUPPF,CUPPF,0.359,9,6,7,6,7,4,5,44,-12.0,32.0,Poor,Stay away,29,14.8,13.9,8.0,56.3,2,,nan,nan,37525.07
MDNGF,Midnight Sun Mining Corp,0.428,3,13,8,8,3,2,3,40,-6.0,32.0,Poor,Stay away,8,-5.8,-0.6,-3.9,42.2,2,,Basic Materials,92163976.0,129062.52
EBQLF,EBQLF,0.4,5,4,9,8,0,2,4,32,-5.0,32.0,Poor,🔥 COILED: Stay away,36,0.0,0.0,0.0,50.0,1,,Communication Services,55581076.0,52000.0
FNAUF,Four Nines Gold Inc,0.401,9,5,5,6,6,6,5,42,-13.0,32.0,Poor,Stay away,41,0.3,-5.0,-0.2,49.4,1,,Basic Materials,31094476.0,2493.93
SSCCX,Saratoga Small Capitalization C,0.41,5,4,4,7,6,1,2,29,0.0,32.0,Poor,Stay away,38,-2.4,-2.4,-2.3,37.5,0,,nan,0.0,0.0
RYSKF,Reysas Tasimacilik ve Lojistik Ticaret A.S,0.467,12,11,5,5,5,2,3,43,-11.0,32.0,Poor,Stay away,45,5.9,3.7,3.8,53.3,1,,Industrials,840000000.0,20546.76
CHAI,Core AI Holdings,0.47,6,11,3,8,3,6,2,39,-3.0,32.0,Poor,Stay away,27,20.2,2.2,-12.2,41.4,2,,Communication Services,10289168.0,2848465.75
HUABF,Huabao International Holdings Limited,0.501,10,6,11,6,3,2,4,42,-15.0,32.0,Poor,🔥 COILED: Stay away,51,0.0,0.0,0.0,50.0,1,,Basic Materials,821582144.0,0.0
FURY,Fury Gold Mines Ltd,0.522,5,12,7,1,2,6,2,35,-6.0,32.0,Poor,Stay away,24,-1.5,-2.2,-1.0,47.4,1,,Basic Materials,99249008.0,614709.58
GLMD,Galmed Pharmaceuticals Ltd,0.534,4,8,4,10,4,2,2,34,-5.0,32.0,Poor,Stay away,30,2.9,4.5,-1.8,46.9,2,,Healthcare,4412416.0,1837012.29
AOTUF,Precinct Properties New Zealand Limited,0.58,3,5,4,7,3,3,4,29,0.0,32.0,Poor,Stay away,13,0.0,0.0,-1.3,14.3,0,,Real Estate,1223992320.0,27.5
CNFN,Cfn Enterprises Inc,0.58,3,3,10,8,3,3,4,34,-5.0,32.0,Poor,Stay away,25,0.0,0.0,-1.4,28.8,1,,Communication Services,5188887.0,253.0
CHFFF,China Everbright Environment Group Ltd,0.67,10,3,11,10,3,4,4,45,-13.0,32.0,Poor,Stay away,0,0.0,0.0,0.0,96.7,0,,Industrials,4120707840.0,0.0
NSPR,InspireMD Inc,0.684,5,7,8,9,2,4,4,39,-5.0,32.0,Poor,Stay away,19,-2.4,-4.9,-3.6,37.8,1,,Healthcare,32061268.0,146539.67
CFOO,China Foods Holdings Ltd,0.664,5,3,10,7,3,2,4,34,-5.0,32.0,Poor,Stay away,35,0.0,0.0,-0.0,0.0,1,,Consumer Defensive,13445508.0,0.12
GBR,New Concept Energy Inc,0.684,8,7,4,11,2,4,3,39,-5.0,32.0,Poor,Stay away,22,6.0,1.7,-1.1,47.4,1,,Real Estate,3510243.0,400137.82
PRWYF,Prodways Group SA,0.862,10,4,0,11,0,5,4,34,-5.0,32.0,Poor,Stay away,45,0.0,0.0,-3.0,49.4,1,,Technology,171977120.0,90.21
PTMGF,Platinum Investment Management Limited,0.9,9,6,11,7,3,2,4,42,-13.0,32.0,Poor,Stay away,58,0.0,0.0,0.0,98.4,0,,Financial Services,1924913664.0,126.25
MAOFF,Maoyan Entertainment,0.904,8,6,10,6,3,2,4,39,-10.0,32.0,Poor,Stay away,29,0.0,0.0,-0.0,5.4,0,,Communication Services,1016238592.0,52.0
PMTRW,Perimeter Acquisition Corp. I Warrant,0.92,15,4,4,7,5,0,5,40,-8.0,32.0,Poor,Stay away,50,-2.1,-1.1,3.1,53.2,0,,nan,nan,20435.29
MLXEF,Metals X Limited,0.996,10,5,1,8,2,2,4,32,0.0,32.0,Poor,Stay away,53,0.1,15.0,-0.7,49.1,2,,Basic Materials,888475584.0,76017.97
MSMGF,Grid Metals Corp,0.101,17,8,7,9,4,7,5,57,-23.2,31.8,Poor,Stay away,59,23.6,51.7,23.0,72.5,3,,Basic Materials,23556946.0,146055.8
HWKE,Hawkeye Systems Inc,0.6,13,9,5,14,5,4,5,55,-23.5,31.5,Poor,Stay away,55,-0.0,71.9,21.5,59.1,3,,Industrials,27318152.0,14616.78
RMBHF,RMB Holdings Limited,0.01,9,6,11,6,3,2,4,41,-15.0,31.0,Poor,🔥 COILED: Stay away,35,0.0,0.0,0.0,50.0,1,,Financial Services,40957648.0,17.8
ASTTF,Australis Oil & Gas Limited,0.005,10,8,7,5,3,1,4,38,-15.0,31.0,Poor,🔥 COILED: Stay away,35,0.0,0.0,1.3,50.0,1,,Energy,6953463.0,8291.17
VRCDF,Verici Dx plc,0.003,8,3,9,7,0,2,4,33,-5.0,31.0,Poor,Stay away,24,0.0,0.0,-0.0,0.0,1,,Healthcare,6861934.0,50.57
MOOIF,Sensor Technologies Corp,0.001,3,5,1,7,3,3,4,26,2.0,31.0,Poor,Stay away,24,0.0,0.0,-51.3,45.5,0,,Financial Services,6850682.0,2359.64
FNQQF,Fineqia International Inc,0.003,16,4,4,6,6,2,5,43,-12.0,31.0,Poor,Stay away,58,10.3,28.0,14.9,61.3,2,,Financial Services,5282634.0,10112.13
USDC,USDATA Corp,0.001,9,6,11,6,3,2,4,41,-15.0,31.0,Poor,🔥 COILED: Stay away,55,0.0,0.0,0.0,50.0,1,,Communication Services,3115152.0,415.5
FNNZF,Fincanna Capital Corp,0.003,6,4,11,6,3,2,4,36,-8.0,31.0,Poor,Stay away,50,0.0,0.0,0.0,58.1,0,,Financial Services,2888416.0,3496.47
UCIX,Umbra Companies Inc,0.003,7,9,9,5,1,1,4,36,-8.0,31.0,Poor,Stay away,26,0.0,0.0,0.1,48.9,0,,Real Estate,1508133.0,59771.14
CATTF,CAT Strategic Metals Corporation,0.009,5,4,1,9,5,5,2,31,0.0,31.0,Poor,Stay away,34,0.0,32.3,-20.7,40.6,2,,Basic Materials,1288171.0,6425.4
TBMIF,AurCrest Gold Inc,0.002,7,7,11,5,0,2,4,36,-10.0,31.0,Poor,🔥 COILED: Stay away,27,0.0,0.0,0.0,54.5,0,,Basic Materials,1193198.0,858.68
MDXL,Medixall Group Inc,0.006,10,5,9,12,4,2,4,46,-18.0,31.0,Poor,Stay away,49,0.0,0.0,0.0,100.0,1,,Healthcare,1150833.0,121.15
TNLX,Trans Lux Cp,0.01,4,3,10,7,3,2,4,33,-5.0,31.0,Poor,Stay away,19,0.0,0.0,-1.0,14.7,1,,Technology,809777.0,846.5
MYRX,Myrexis Inc Cmn Stk,0.007,20,4,8,9,6,6,5,58,-27,31,Poor,Stay away,63,775.0,775.0,115.9,99.9,3,3,Financial Services,241353.0,6147.1
LHUAF,Lianhua Supermarket Holdings Co. Ltd,0.016,3,3,9,8,3,3,4,33,-5.0,31.0,Poor,Stay away,14,0.0,0.0,-1.3,0.0,1,,Consumer Cyclical,52644952.0,112.51
GVLMF,Greenvale Mining Limited,0.02,7,6,11,8,3,2,4,41,-13.0,31.0,Poor,Stay away,37,0.0,0.0,0.0,82.3,0,,Energy,15511294.0,31.25
UARI,Uranium American Resources Inc.,0.018,0,7,7,9,0,4,2,29,2.0,31.0,Poor,Stay away,22,-17.8,-19.6,-13.3,37.2,0,,Basic Materials,11662744.0,209583.39
TVTV,WhereverTV Broadcasting Corporation,0.017,14,6,8,4,2,0,5,39,-8.0,31.0,Poor,Stay away,27,9.7,9.7,6.8,51.5,1,,Communication Services,4918837.0,3378.38
FAGI,Full Alliance Group Inc,0.011,18,6,3,7,7,5,5,51,-20.0,31.0,Poor,Stay away,31,54.9,52.8,18.1,55.9,2,10,Healthcare,1493673.0,165361.0
AHFI,Absolute Health and Fitness Inc,0.012,3,7,3,10,0,3,2,28,0.0,31.0,Poor,Stay away,29,4.3,4.3,-5.0,42.1,0,,Financial Services,1009332.0,3983.06
CHMP,Champion Industries Inc,0.02,9,6,11,6,3,2,4,41,-15.0,31.0,Poor,🔥 COILED: Stay away,54,0.0,0.0,0.0,50.0,1,,Industrials,1129.0,4.01
MLECW,Moolec Science SA Warrant,0.017,4,5,4,9,0,5,4,31,0.0,31.0,Poor,Stay away,26,-23.4,9.7,-10.1,46.6,1,,nan,nan,368089.59
CINGF,Coinsilium Group Ltd,0.028,3,5,8,10,0,5,5,36,-5.0,31.0,Poor,Stay away,27,0.7,-2.8,-1.5,46.9,1,,Technology,13642566.0,233577.42
KPIFF,Edgewater Wireless Systems Inc,0.027,4,13,9,3,3,4,5,41,-13.0,31.0,Poor,Stay away,28,0.0,7.2,1.8,50.5,2,,Technology,6408805.0,19817.7
GCRIF,Rogue Resources Inc,0.029,9,6,11,11,3,2,4,46,-18.0,31.0,Poor,Stay away,44,0.0,0.0,0.0,99.9,1,,Basic Materials,2087192.0,636.39
CLLMF,Collective Metals Inc.,0.03,6,10,1,9,3,3,2,34,-3.0,31.0,Poor,Stay away,21,6.0,-15.5,-6.0,39.7,1,,Basic Materials,2062979.0,3916.81
KACLF,KACLF,0.021,4,3,10,7,3,2,4,33,-5.0,31.0,Poor,Stay away,20,0.0,0.0,-0.7,28.2,1,,Financial Services,668118.0,65.5
TSTTF,TripSitter Clinic Ltd.,0.022,8,3,10,4,3,6,4,38,-10.0,31.0,Poor,Stay away,34,0.0,0.0,-0.0,27.7,0,,Healthcare,380979.0,204.42
DSYWW,Big Tree Cloud Holdings Limited Warrants,0.024,9,14,2,5,4,4,5,43,-15,31,Poor,Stay away,43,58.9,71.4,26.3,53.5,3,11,nan,nan,25070.35
ARHLF,archTIS Limited,0.039,4,3,10,8,3,1,4,33,-5.0,31.0,Poor,Stay away,22,0.0,0.0,-0.1,2.2,1,,Technology,19155992.0,1995.63
CRICF,Churchill Resources Inc.,0.035,5,7,9,7,3,2,4,37,-6.0,31.0,Poor,Stay away,18,0.3,0.3,-5.8,17.1,1,,Basic Materials,11083868.0,14326.28
RSSFF,Affinor Growers Inc,0.038,15,9,6,16,6,3,5,60,-25,31,Poor,Stay away,61,65.2,65.2,55.3,85.9,3,5,Consumer Defensive,1187492.0,1877.5
GOCOF,Go Metals Corp,0.035,11,7,9,2,5,5,4,43,-15.0,31.0,Poor,Stay away,42,0.0,0.0,1.6,55.5,1,,Basic Materials,554058.0,3682.98
GODZF,Goldhills Holding Ltd,0.04,12,6,10,9,3,2,4,46,-18.0,31.0,Poor,Stay away,45,0.0,0.0,0.0,100.0,1,,Basic Materials,408875.0,62.83
IVCTF,Invictus Energy Limited,0.043,1,9,2,13,2,2,2,31,2.0,31.0,Poor,Stay away,26,2.6,-14.0,-2.5,48.4,1,,Energy,80025184.0,127566.05
EDBLW,Edible Garden AG Incorporated,0.046,3,12,2,8,2,2,5,34,-1.0,31.0,Poor,Stay away,16,14.2,0.9,-16.0,47.1,1,,nan,nan,11757.64
MVMDF,Mountain Valley MD Holdings Inc,0.053,4,6,8,9,3,0,3,33,-5.0,31.0,Poor,Stay away,45,-8.0,-9.0,-4.0,46.3,1,,Healthcare,18533872.0,139939.68
QQCMF,QQCMF,0.064,2,5,6,8,4,2,2,29,2.0,31.0,Poor,Stay away,25,-0.3,-5.9,-4.9,43.7,1,,nan,nan,184656.67
ADCV,ADCapital US Inc,0.072,3,3,9,8,3,3,4,33,-5.0,31.0,Poor,Stay away,23,0.0,0.0,-1.5,9.1,1,,Financial Services,26696112.0,56.28
IEGCF,Independence Gold Corp,0.081,15,5,4,9,5,3,5,46,-15.0,31.0,Poor,Stay away,52,13.5,6.2,4.2,55.8,1,,Basic Materials,21406172.0,293441.79
ALDS,APPlife Digital Solutions Inc,0.08,3,4,9,7,3,1,4,31,-5.0,31.0,Poor,🔥 COILED: Stay away,33,0.0,0.0,-14.3,41.9,1,,Technology,648818.0,1060.19
ERWWF,ERWWF,0.085,5,3,9,8,3,1,4,33,-5.0,31.0,Poor,Stay away,0,0.0,0.0,-1.2,1.0,1,,Basic Materials,31061242.0,0.0
EUUNF,Azarga Metals Corp,0.09,6,10,3,9,4,2,2,36,-5.0,31.0,Poor,Stay away,37,12.3,0.4,-1.2,47.2,1,,Basic Materials,8222417.0,0.0
CPKOF,Castle Peak Mining Ltd,0.083,9,6,11,8,3,2,4,43,-15.0,31.0,Poor,Stay away,54,0.0,0.0,0.0,97.3,1,,Basic Materials,457733.0,215.0
FOXXW,Foxx Development Holdings Inc.,0.084,1,12,2,7,3,2,2,29,2.0,31.0,Poor,Stay away,23,-1.8,-6.4,-0.4,49.3,0,,nan,nan,0.0
ABVEF,Above Food Ingredients Inc,0.094,3,12,4,10,3,2,2,36,-3.0,31.0,Poor,Stay away,22,5.0,-7.3,-1.5,45.6,1,,Consumer Defensive,3583429.0,2577624.83
AUSTF,Austin Engineering Limited,0.125,6,6,10,6,3,1,4,36,-10.0,31.0,Poor,🔥 COILED: Stay away,24,0.0,0.0,-0.1,47.7,0,,Industrials,74773304.0,2375.79
PXSTF,Phoenix Media Investment (Holdings) Limited,0.1,5,4,9,7,0,2,4,31,-5.0,31.0,Poor,🔥 COILED: Stay away,37,0.0,0.0,0.0,50.0,1,,Communication Services,49936596.0,10.0
RLBY,Reliability Incorporated,0.1,18,11,5,5,5,4,5,53,-22,31,Poor,Stay away,61,66.7,66.7,41.1,61.7,2,7,Industrials,30000000.0,15331.15
TNREF,Taranis Resources Inc,0.1,16,6,9,14,1,2,5,53,-22.0,31.0,Poor,Stay away,26,25.0,11.1,14.2,65.7,3,,Basic Materials,9855251.0,0.0
AASZF,Atlantic Sapphire ASA,0.128,3,7,3,12,3,3,2,33,-5.0,31.0,Poor,Stay away,21,0.0,6.8,-13.0,41.3,1,,Consumer Defensive,4302485.0,0.0
RDYFF,Ready Set Gold Corp,0.109,9,6,11,6,3,2,4,41,-15.0,31.0,Poor,🔥 COILED: Stay away,55,0.0,0.0,0.0,50.0,1,,Basic Materials,2256214.0,305.0
NSURF,North Shore Uranium Ltd.,0.139,4,6,6,9,0,4,2,31,0.0,31.0,Poor,Stay away,23,-0.4,-11.7,-6.5,43.0,0,,nan,nan,38670.59
TITMF,Titomic Limited,0.15,11,8,6,5,6,3,2,41,-15.0,31.0,Poor,🔥 COILED: Stay away,30,0.0,0.0,1.2,57.0,1,,Industrials,241129568.0,12997.01
LEEEF,Leef Brands Inc.,0.193,9,11,4,13,5,4,5,51,-18.0,31.0,Poor,Stay away,58,-9.4,-12.3,-3.0,48.1,1,,Healthcare,53800772.0,277265.76
ROKRF,ROK Resources Inc.,0.198,10,8,2,7,2,2,5,36,-5.0,31.0,Poor,Stay away,46,-5.3,-5.7,-1.9,47.5,1,,Energy,43328436.0,131106.44
EMHLF,European Metals Holdings Limited,0.191,12,6,6,11,4,5,4,48,-20.0,31.0,Poor,Stay away,28,6.1,12.4,3.6,51.7,3,,Basic Materials,40386680.0,21165.71
GRNWF,Greenlane Renewables Inc,0.16,9,13,3,6,4,4,5,44,-13.0,31.0,Poor,Stay away,55,-6.4,9.6,3.7,53.5,2,,Industrials,27040062.0,5432.5
BAUFF,Blue Star Gold Corp,0.17,12,7,8,10,5,2,5,49,-18.0,31.0,Poor,Stay away,51,9.2,10.2,7.0,56.7,3,,Basic Materials,26228940.0,27676.58
EVEX-WT,EVEX-WT,0.152,3,12,3,8,2,4,2,34,-3.0,31.0,Poor,Stay away,23,26.6,-20.0,-7.5,44.4,0,,nan,nan,31517.41
CHPGR,ChampionsGate Acquisition Corporation Rights,0.15,4,12,7,6,3,2,2,36,-8.0,31.0,Poor,Stay away,41,10.0,-6.2,2.4,50.8,0,,nan,nan,0.0
CHSTF,China High Speed Transmission Equipment Group Co. Ltd,0.206,9,6,11,6,3,2,4,41,-15.0,31.0,Poor,🔥 COILED: Stay away,55,0.0,0.0,0.0,50.0,1,,Industrials,220927888.0,19.63
CMEOF,CMEOF,0.226,18,5,4,9,6,4,5,51,-20.0,31.0,Poor,Stay away,0,12.8,12.8,8.2,50.0,3,,Healthcare,97161336.0,0.0
MRZLF,Mirasol Resources Ltd,0.23,3,10,6,9,4,2,5,39,-8.0,31.0,Poor,Stay away,12,-8.0,-8.0,-4.7,42.1,1,,Basic Materials,20377354.0,8109.95
VTGN,VistaGen Therapeutics Inc,0.233,3,10,4,13,4,2,2,38,-5.0,31.0,Poor,Stay away,22,-3.0,-6.9,-20.1,32.1,2,,Healthcare,9552355.0,1752909.58
IWINQ,"Irwin Naturals, Inc.",0.21,9,7,10,6,3,2,4,41,-15.0,31.0,Poor,🔥 COILED: Stay away,45,0.0,0.0,0.0,42.5,1,,Healthcare,736487.0,1.18
CZZLF,CZZLF,0.23,10,16,3,2,6,2,5,44,-16.0,31.0,Poor,Stay away,40,27.3,-13.1,11.1,56.2,0,,nan,nan,8386.33
DIPGF,Datang International Power Generation Co. Ltd,0.27,7,3,11,7,3,6,4,41,-13.0,31.0,Poor,Stay away,52,0.0,0.0,0.0,90.4,0,,Utilities,4466448384.0,0.0
ORRCF,Oroco Resource Corp,0.273,4,15,10,2,4,6,5,46,-16.0,31.0,Poor,Stay away,32,3.8,1.6,2.4,52.4,2,,Basic Materials,89018072.0,594971.5
STQN,Strategic Acquis,0.25,8,7,11,4,3,6,4,43,-15.0,31.0,Poor,Stay away,52,0.0,0.0,0.0,56.7,1,,Financial Services,11668750.0,400.75
VRSSF,VERSES AI Inc.,0.265,3,3,10,7,3,3,4,33,-5.0,31.0,Poor,Stay away,16,0.0,0.0,-6.2,28.0,1,,Technology,3791103.0,29890.28
BRVVF,Quantum Battery Metals Corp,0.286,3,4,5,11,3,3,4,33,-5.0,31.0,Poor,Stay away,17,0.0,0.0,-3.0,36.5,1,,Basic Materials,2734272.0,55.54
GXSBF,Geox S.p.A,0.34,5,3,9,7,3,2,4,33,-5.0,31.0,Poor,Stay away,22,0.0,0.0,-0.0,0.0,1,,Consumer Cyclical,347495808.0,0.5
SNLKF,Sinolink Worldwide Holdings Limited,0.326,7,6,10,9,3,2,4,41,-13.0,31.0,Poor,Stay away,45,0.0,0.0,0.0,95.8,0,,Real Estate,142249184.0,277.78
ARGYF,Avanti Energy Inc,0.333,11,5,7,12,0,4,5,44,-13.0,31.0,Poor,Stay away,45,0.9,4.1,0.9,51.9,1,,Energy,42888260.0,177989.95
ESAUF,ESGold Corp.,0.328,6,10,7,8,3,2,3,39,-6.0,31.0,Poor,Stay away,29,3.7,-1.5,0.1,48.0,2,,Basic Materials,36485076.0,125410.19
LBNKF,LithiumBank Resources Corp.,0.327,7,10,8,5,4,7,5,46,-15.0,31.0,Poor,Stay away,20,-0.9,4.9,-0.4,47.2,2,,Basic Materials,22226892.0,42656.42
CXDEF,CXDEF,0.327,9,6,11,7,3,6,4,46,-18.0,31.0,Poor,Stay away,56,0.0,0.0,0.0,84.9,1,,Financial Services,1510005.0,34.62
RMSG,Real Messenger Corporation Ordinary Shares,0.378,4,12,8,9,4,2,2,41,-8.0,31.0,Poor,Stay away,27,-2.5,-3.0,-13.7,38.4,1,,Technology,5380491.0,6023325.46
ALBHF,Alibaba Health Information Technology Limited,0.439,10,10,6,4,3,3,5,41,-10.0,31.0,Poor,Stay away,21,6.3,4.5,1.6,51.5,0,,Healthcare,9399467008.0,1273.0
VMTHF,Venus Medtech (Hangzhou) Inc,0.422,12,6,11,8,3,2,4,46,-18.0,31.0,Poor,Stay away,57,0.0,0.0,0.0,98.1,1,,Healthcare,186062736.0,114.85
DOTDF,dotdigital Group Plc,0.558,3,7,3,7,3,3,2,28,0.0,31.0,Poor,Stay away,22,0.0,0.0,-2.4,35.2,0,,Technology,204627584.0,131.55
ALSA,Alpha Star Acquisition Corp,0.58,15,2,10,9,5,4,5,50,-19.0,31.0,Poor,Stay away,35,0.9,-0.9,1.5,60.4,1,,Financial Services,49542480.0,52429.5
MGRX,"Mangoceuticals, Inc. Common Stock",0.556,15,8,6,12,7,4,5,57,-24.0,31.0,Poor,Stay away,52,18.0,42.2,23.1,67.9,3,,Healthcare,9545087.0,4844299.06
ADSEW,ADS-TEC ENERGY PLC Warrant,0.56,3,10,3,10,4,4,2,36,-3.0,31.0,Poor,Stay away,34,7.9,1.8,-7.2,47.6,1,,nan,nan,12919.39
CSPKF,COSCO SHIPPING Ports Limited,0.69,2,4,1,9,3,3,4,26,0.0,31.0,Poor,🔥 COILED: Stay away,23,0.0,0.0,-0.4,47.6,0,,Industrials,3171996416.0,0.0
FRIVF,Fortune Real Estate Investment Trust,0.663,7,3,11,9,3,4,4,41,-13.0,31.0,Poor,Stay away,47,0.0,0.0,0.0,90.4,1,,Real Estate,1370444800.0,0.0
COCH,Envoy Medical Inc.,0.679,6,12,2,6,6,2,3,37,-11.0,31.0,Poor,🔥 COILED: Stay away,32,-0.3,-10.5,-2.1,47.6,1,,Healthcare,52289632.0,514018.65
CHDGF,COSCO SHIPPING International (Hong Kong) Co. Ltd,0.7,3,4,10,5,5,7,4,38,-10.0,31.0,Poor,Stay away,30,0.0,0.0,-1.2,42.6,0,,Industrials,1282724992.0,0.0
MARZF,Marston's PLC,0.72,15,4,6,9,1,4,5,44,-13.0,31.0,Poor,Stay away,41,0.0,9.5,4.8,89.6,1,,Consumer Cyclical,455726976.0,2727.88
FGRMAX,FGRMAX,0.726,4,8,3,8,3,3,2,31,0.0,31.0,Poor,Stay away,27,-0.1,-0.2,-0.7,21.7,0,,nan,nan,0.0
HBGRY,Heidelberger Druckmaschinen AG ADR,0.76,7,7,9,4,0,1,5,33,-10.0,31.0,Poor,🔥 COILED: Stay away,36,0.0,0.0,0.2,50.5,0,,Industrials,474404672.0,1121.49
CLCS,Cell Source Inc,0.823,7,6,1,9,1,4,3,31,-1.0,31.0,Poor,Stay away,50,2.9,7.2,3.7,51.2,1,,Healthcare,44164804.0,3964.82
YADGF,Yadea Group Holdings Ltd,0.86,3,6,2,7,3,3,4,28,0.0,31.0,Poor,Stay away,16,0.0,0.0,-5.9,39.0,0,,Consumer Cyclical,4311328768.0,202.44
GMHS,Gamehaus Holdings Inc. Class A Ordinary Shares,0.85,4,4,3,8,2,5,2,28,2.0,31.0,Poor,Stay away,14,-0.2,-7.1,-4.7,41.6,1,,Communication Services,48732792.0,346643.17
MAPGF,Mapletree Logistics Trust,0.95,1,7,6,7,4,2,2,29,2.0,31.0,Poor,Stay away,37,-9.5,-1.0,-3.6,41.2,0,,Real Estate,4863901696.0,0.0
YQAI,YouneeqAI Technical Services Inc.,1.0,10,6,10,10,3,1,4,44,-18.0,31.0,Poor,🔥 COILED: Stay away,38,0.0,0.0,0.6,84.8,1,,Technology,10511393.0,53.95
BFDXX,BlackRock Liquidity Funds - Federal Trust Fund,1.0,18,9,5,9,6,7,5,59,-28,31,Poor,Stay away,61,290.9,290.9,206.1,100.0,2,2,nan,nan,0.0
MGUFF,Magnum Mining and Exploration Limited,0.004,3,4,1,7,3,3,4,25,0.0,30.0,Poor,🔥 COILED: Stay away,19,0.0,0.0,-2.8,46.0,0,,Basic Materials,20242134.0,3734.31
LUVSF,Lithium Universe Limited,0.008,3,4,8,7,3,5,2,32,-5.0,30.0,Poor,Stay away,18,0.0,0.0,-3.3,0.1,1,,Basic Materials,12928882.0,1639.47
CLTY,Celerity Solutions Inc,0.001,3,2,8,9,3,1,4,30,0.0,30.0,Poor,Stay away,10,0.0,0.0,-9.9,0.2,0,,Technology,8633600.0,1161.93
OATN,O.A.T. Inc,0.004,3,3,9,8,0,5,4,32,-5.0,30.0,Poor,Stay away,17,0.0,0.0,-9.0,34.8,1,,Industrials,3548123.0,2284.03
SCLF,Suncliff Inc,0.002,6,4,10,6,3,2,4,35,-10.0,30.0,Poor,🔥 COILED: Stay away,38,0.0,0.0,-0.0,44.5,0,,Consumer Cyclical,2967547.0,693.92
BTZI,Mcig Inc,0.001,5,9,4,7,6,2,2,35,-5.0,30.0,Poor,Stay away,24,-7.1,-7.1,-11.0,45.6,2,,Technology,1014488.0,327907.03
GMETF,GameOn Entertainment Technologies Inc,0.008,7,7,11,6,3,2,4,40,-15.0,30.0,Poor,🔥 COILED: Stay away,39,0.0,0.0,0.0,49.9,1,,Communication Services,570154.0,959.8
OMTK,Omnitek Engineering,0.01,6,4,10,6,3,2,4,35,-10.0,30.0,Poor,🔥 COILED: Stay away,34,0.0,0.0,-0.0,42.6,0,,Consumer Cyclical,239234.0,8829.75
DVRNF,Deveron Corp,0.001,9,6,10,6,3,2,4,40,-15.0,30.0,Poor,🔥 COILED: Stay away,36,0.0,0.0,0.0,50.0,1,,Technology,207730.0,82.46
FMPR,Fame Productions Inc,0.005,10,6,11,9,3,2,4,45,-18.0,30.0,Poor,Stay away,47,0.0,0.0,0.0,99.2,1,,Communication Services,204000.0,1070.5
CPTAF,Captivision Inc.,0.007,6,10,5,7,8,2,2,40,-11.0,30.0,Poor,Stay away,20,32.1,-20.5,14.7,48.5,2,,Basic Materials,173154.0,1586495.63
SSYRF,Sassy Resources Corporation,0.004,3,6,7,8,3,3,2,32,-5.0,30.0,Poor,Stay away,28,0.0,0.0,-13.8,44.4,1,,Basic Materials,51574.0,12744.66
BDPT,BioAdaptives Inc,0.003,6,18,4,11,3,2,2,46,-19,30,Poor,Stay away,31,62.5,188.9,23.3,50.3,3,9,Consumer Defensive,28820.0,1828144.41
KFFLF,KEFI Gold and Copper Plc,0.017,11,4,12,4,5,2,5,43,-13.0,30.0,Poor,Stay away,31,19.4,19.4,11.6,71.5,2,,Basic Materials,191431056.0,41787.07
MTWO,M2i Global Inc.,0.019,9,7,9,2,4,7,2,40,-13.0,30.0,Poor,🔥 COILED: Stay away,27,0.0,9.8,3.6,51.8,2,,Basic Materials,15130588.0,416296.14
GPLL,Benchmark Energy Corporation,0.018,13,8,4,0,3,0,4,32,-10.0,30.0,Poor,🔥 COILED: Stay away,32,0.0,0.0,0.0,51.0,0,,Healthcare,4174761.0,1212.51
DTPKF,Directa Plus Plc,0.02,5,3,10,8,3,2,4,35,-5.0,30.0,Poor,Stay away,21,0.0,0.0,-0.2,39.0,1,,Basic Materials,2088375.0,2273.85
VLMZF,Volcanic Gold Mines Inc,0.02,3,9,1,7,3,1,4,28,-3.0,30.0,Poor,🔥 COILED: Stay away,24,0.0,0.0,-9.8,45.5,1,,Basic Materials,2023338.0,6481.16
JMBRF,James Bay Resources Limited,0.017,13,3,6,9,6,4,4,45,-18.0,30.0,Poor,Stay away,53,0.0,0.0,0.4,85.7,1,,Energy,1639671.0,1237.93
YWRLF,Dixie Gold Inc,0.013,4,3,10,7,3,1,4,32,-5.0,30.0,Poor,Stay away,26,0.0,0.0,-0.7,35.3,1,,Basic Materials,412583.0,1175.5
SARMF,Southern Arc Minerals Inc,0.03,9,6,11,8,3,4,4,45,-18.0,30.0,Poor,Stay away,60,0.0,0.0,0.0,99.4,1,,Basic Materials,1218038.0,76.52
PSQH-WT,PSQH-WS,0.026,1,10,0,7,3,4,2,27,2.0,30.0,Poor,Stay away,23,6.0,-45.0,-29.6,39.3,1,,nan,nan,31509.1
HUIPF,Hydrogen Utopia International PLC,0.039,3,5,4,7,3,3,2,27,0.0,30.0,Poor,Stay away,50,0.0,0.0,-1.3,42.0,0,,Industrials,19468588.0,23214.92
BPTH,Bio Path Holdings Inc,0.04,11,8,4,6,4,2,5,40,-11.0,30.0,Poor,Stay away,26,0.0,0.0,-0.5,49.4,1,,Healthcare,2011898.0,22783.83
PFFEF,Pool Safe Inc,0.038,12,6,10,8,3,2,4,45,-18.0,30.0,Poor,Stay away,54,0.0,0.0,0.0,93.2,1,,Consumer Cyclical,524731.0,1.0
MRRYF,Murray Income Trust Plc,0.037,7,6,11,7,3,2,4,40,-13.0,30.0,Poor,Stay away,49,0.0,0.0,0.0,89.3,0,,Technology,233538.0,383.5
DOLHF,Dolphin Capital Investors Limited,0.047,5,3,10,8,0,2,4,32,-5.0,30.0,Poor,Stay away,30,0.0,0.0,-0.0,0.0,1,,nan,84991640.0,3025.0
ZOONF,Zoono Group Limited,0.044,14,10,4,5,1,2,4,40,-15.0,30.0,Poor,🔥 COILED: Stay away,34,0.0,0.0,3.2,52.6,1,,Consumer Defensive,1223668.0,56.38
ECXWW,ECARX Holdings Inc. Warrants,0.05,6,8,1,10,1,2,2,30,2.0,30.0,Poor,Stay away,24,10.0,-16.0,-6.4,47.3,1,,nan,nan,23790.13
UNEGF,United Energy Group Limited,0.057,4,3,10,6,3,7,4,37,-10.0,30.0,Poor,Stay away,25,0.0,0.0,-0.4,0.7,0,,Energy,1889469440.0,11417.0
CRUCF,Colibri Resource Corporation,0.064,4,9,6,9,1,2,2,33,-3.0,30.0,Poor,Stay away,27,23.3,4.9,1.4,49.6,1,,Basic Materials,2039270.0,10119.56
MLGCF,M3 Metals Corp,0.063,3,6,1,7,3,3,4,27,0.0,30.0,Poor,Stay away,20,0.0,0.0,-34.5,28.2,0,,Basic Materials,644225.0,135.0
AMLM,American Lithium Minerals Inc,0.08,11,7,8,15,7,4,5,57,-30.0,30.0,Poor,Stay away,41,1.3,18.2,2.9,54.0,3,,Basic Materials,7799007.0,137738.89
MREYF,Monterey Minerals Inc,0.08,9,6,11,8,3,4,4,45,-18.0,30.0,Poor,Stay away,59,0.0,0.0,0.0,96.5,1,,Basic Materials,937920.0,625.0
DFTC,Defentect Group Inc,0.085,17,9,6,14,5,2,5,58,-28,30,Poor,Stay away,51,41.7,30.8,16.4,57.2,3,,Technology,7069230.0,130820.51
PLSH,Panacea Life Sciences Holdings Inc,0.09,9,10,2,14,6,0,5,46,-16.0,30.0,Poor,Stay away,61,20.0,-10.0,4.7,53.1,1,,Healthcare,1591784.0,14228.01
RKVTF,RKVTF,0.09,6,7,7,9,2,2,2,35,-5.0,30.0,Poor,Stay away,29,0.0,1.0,0.3,49.3,1,,Healthcare,2197226.0,5028.41
COPAF,CopAur Minerals Inc,0.097,5,5,6,8,0,4,5,33,-3.0,30.0,Poor,Stay away,20,-4.6,-14.4,-4.4,44.9,1,,Basic Materials,11641229.0,80209.08
CMEIF,China MeiDong Auto Holdings Limited,0.102,4,3,9,8,3,1,4,32,-5.0,30.0,Poor,Stay away,16,0.0,0.0,-0.6,0.0,1,,Consumer Cyclical,137586464.0,125.0
RSGLF,Rocky Shore Gold Ltd.,0.11,4,3,10,7,3,1,4,32,-5.0,30.0,Poor,Stay away,30,0.0,0.0,-0.3,40.0,1,,Basic Materials,26086808.0,5961.93
EVNIF,EV Nickel Inc,0.136,5,3,9,7,3,1,4,32,-5.0,30.0,Poor,Stay away,21,0.0,0.0,-0.0,0.0,1,,Basic Materials,23699732.0,650.0
HLRTF,Hillcrest Energy Technologies Ltd,0.114,5,9,8,7,7,0,2,38,-8.0,30.0,Poor,Stay away,34,-9.1,-4.5,-3.6,45.2,2,,Technology,22831476.0,136501.02
CEUMF,Century Global Commodities Corp,0.104,15,4,7,14,6,2,5,53,-23.0,30.0,Poor,Stay away,59,0.0,0.0,27.4,81.0,1,,Consumer Defensive,12293371.0,1462.5
QVCGQ,QVC Group Inc.,0.14,3,3,8,8,3,3,4,32,-5.0,30.0,Poor,Stay away,14,0.0,0.0,-68.4,14.7,1,,Consumer Cyclical,10522332.0,32.01
CHMMF,Chimeric Therapeutics Limited,0.1,12,6,10,6,0,2,4,40,-15.0,30.0,Poor,🔥 COILED: Stay away,48,0.0,0.0,0.1,50.0,1,,Healthcare,5945954.0,450.0
AISSF,A.I.S. Resources Limited,0.111,7,10,3,9,4,0,2,35,-6.0,30.0,Poor,Stay away,49,2.4,-15.6,2.7,50.6,2,,Basic Materials,3830879.0,6336.36
BFRGW,"Bullfrog AI Holdings, Inc. Warrants",0.118,5,8,4,9,0,2,2,30,0.0,30.0,Poor,Stay away,24,-5.5,-18.6,-7.4,46.5,0,,Healthcare,nan,12937.18
AUGCF,AUGCF,0.12,5,14,5,5,3,2,4,38,-8.0,30.0,Poor,Stay away,0,20.0,0.0,0.6,47.4,0,,nan,nan,0.0
CAIB,California International Bank N.A,0.15,19,4,6,14,4,2,5,54,-24,30,Poor,Stay away,46,87.5,87.5,41.4,79.2,2,6,Financial Services,32386162.0,368.5
SMRVF,Smooth Rock Ventures Corp,0.179,3,5,1,10,3,3,2,27,0.0,30.0,Poor,Stay away,26,0.0,0.0,-4.6,45.0,0,,Basic Materials,3337467.0,4611.34
XNYIF,Xinyi Solar Holdings Limited,0.238,3,10,2,9,3,3,2,32,2.0,30.0,Poor,Stay away,15,8.2,8.2,-0.5,45.3,1,,Technology,3616708608.0,357.05
CHYMF,Cahya Mata Sarawak Berhad,0.227,3,6,1,7,3,3,4,27,0.0,30.0,Poor,Stay away,9,0.0,0.0,-1.0,37.4,0,,Basic Materials,263831104.0,283.0
ARCUF,Arcus Development Group Inc,0.215,17,10,5,10,6,8,5,61,-27,30,Poor,Stay away,64,114.6,114.6,93.5,50.0,3,3,Basic Materials,4554056.0,0.0
SKKRF,SKRR Exploration Inc,0.24,8,8,11,6,3,4,4,44,-17.0,30.0,Poor,Stay away,47,0.0,0.0,0.0,68.8,1,,Basic Materials,3139537.0,0.0
WRLRF,WRLRF,0.23,9,8,4,5,2,5,5,38,-8.0,30.0,Poor,Stay away,0,21.1,21.1,2.4,50.2,2,,nan,nan,0.0
NXXT,NextNRG Inc.,0.299,5,5,3,10,2,2,2,29,0.0,30.0,Poor,Stay away,25,-14.5,3.1,-10.7,41.8,0,,Utilities,47261620.0,7385203.65
GRAPF,First Canadian Graphite Inc.,0.255,8,4,5,7,1,2,5,32,-5.0,30.0,Poor,Stay away,51,-3.8,-5.6,-1.4,49.9,1,,Basic Materials,11418603.0,19416.83
CNCKW,Coincheck Group N.V. Warrants,0.26,12,5,5,5,8,2,5,42,-10.0,30.0,Poor,Stay away,46,13.0,13.0,5.0,52.2,2,,nan,nan,6634.55
GXSBY,Geox SpA ADR,0.327,12,6,11,7,3,2,4,45,-18.0,30.0,Poor,Stay away,37,0.0,0.0,0.0,99.8,1,,Consumer Cyclical,119701136.0,27.5
ATXI,Avenue Therapeutics Inc,0.3,6,12,8,14,3,2,5,50,-18.0,30.0,Poor,Stay away,36,15.4,15.4,5.3,52.3,3,,Healthcare,988490.0,3644.63
BIVIW,BioVie Inc. Warrant,0.351,2,4,1,12,0,2,4,25,2.0,30.0,Poor,Stay away,51,-10.5,-31.2,-13.6,46.0,0,,nan,nan,7519.15
CTLHF,CleanTech Lithium Plc,0.42,10,6,11,7,3,4,4,45,-18.0,30.0,Poor,Stay away,54,0.0,0.0,0.0,84.9,1,,Basic Materials,152456512.0,588.2
ZYLM,ZYLM,0.45,20,8,4,5,6,7,5,55,-25,30,Poor,Stay away,65,12062.2,12062.2,882.9,99.2,4,5,Consumer Defensive,637.0,362.11
PTPIF,PT. Chandra Asri Petrochemical Tbk,0.527,7,6,10,8,3,2,4,40,-13.0,30.0,Poor,Stay away,47,0.0,0.0,0.0,94.3,0,,Basic Materials,45555482624.0,37.5
SHGKF,Sun Hung Kai & Company. Ltd,0.515,9,4,11,6,3,2,4,39,-12.0,30.0,Poor,Stay away,47,0.0,0.0,0.0,64.1,0,,Financial Services,1059692160.0,20.5
MITQ,Moving iMage Technologies Inc,0.53,1,10,2,8,4,6,2,33,-1.0,30.0,Poor,Stay away,25,-0.6,-18.1,-5.8,41.1,2,,Technology,5268768.0,113495.07
SEXHF,Sichuan Expressway Company Limited,0.58,3,4,8,6,3,7,4,35,-10.0,30.0,Poor,🔥 COILED: Stay away,0,0.0,0.0,-1.5,40.6,0,,Industrials,2648257536.0,0.0
RMRDF,Radisson Mining Resources Inc,0.57,4,8,6,7,0,4,5,34,-4.0,30.0,Poor,Stay away,29,-2.9,-9.9,-3.5,44.7,0,,Basic Materials,256749088.0,616447.32
WMWWF,West Wits Mining Limited,0.55,12,6,11,9,3,6,4,51,-21.0,30.0,Poor,Stay away,53,0.0,0.0,0.1,91.4,1,,Basic Materials,239188400.0,3658.22
BZDLF,Kincora Copper Limited,0.69,13,8,4,11,1,5,5,47,-18.0,30.0,Poor,Stay away,53,0.0,15.0,3.5,51.5,3,,Basic Materials,32825522.0,24090.72
NROM,Noble Romans Inc,0.66,15,6,6,8,5,3,3,46,-16.0,30.0,Poor,Stay away,58,3.7,0.0,7.2,59.7,0,,Consumer Cyclical,14662239.0,23780.55
MOBQ,Mobiquity Technologies Inc,0.748,6,6,7,9,2,2,2,34,-5.0,30.0,Poor,Stay away,25,-7.6,5.4,-3.9,47.3,1,,Communication Services,20817782.0,58344.37
STEAF,Stream Media Corporation,0.757,7,7,10,4,3,2,4,37,-10.0,30.0,Poor,Stay away,32,0.0,0.0,0.0,55.1,0,,Communication Services,87709264.0,0.1
BSXGF,Belo Sun Mining Corp,0.8,14,10,5,10,5,1,5,50,-18.0,30.0,Poor,Stay away,42,23.1,9.6,11.8,59.4,3,,Basic Materials,454391008.0,305406.45
PFHO,Pacific Health Care Organization Inc,0.85,6,15,9,4,3,2,4,43,-16.0,30.0,Poor,Stay away,20,2.4,6.2,-0.7,44.4,0,,Healthcare,10880000.0,0.0
RCKHF,Rockhopper Exploration plc,0.96,5,5,6,11,3,1,4,35,-5.0,30.0,Poor,Stay away,30,-3.0,1.1,-0.7,45.8,1,,Energy,811931584.0,12827.2
TFSVF,24SevenOffice Group AB (publ),0.988,8,4,10,5,3,6,4,40,-15.0,30.0,Poor,🔥 COILED: Stay away,46,0.0,0.0,-0.0,52.2,1,,Technology,112286048.0,528.13
RMHI,Retrieve Medical Holdings Inc,0.98,10,7,10,5,4,3,3,42,-15.0,30.0,Poor,Stay away,39,-0.4,-2.0,1.6,53.9,1,,Healthcare,27395754.0,924.91
PTPLF,PT Puradelta Lestari Tbk,0.007,8,3,10,6,3,2,4,36,-10.0,29.0,Poor,Stay away,28,0.0,0.0,-0.0,0.3,0,,Real Estate,2337608448.0,5.5
TGSHF,Mercanto Holdings Inc.,0.003,8,3,10,6,3,2,4,36,-10.0,29.0,Poor,Stay away,27,0.0,0.0,-0.0,2.3,0,,Healthcare,182097216.0,1078.0
PRFUF,Prosperous Future Holdings Limited,0.002,8,4,9,4,3,2,4,34,-10.0,29.0,Poor,🔥 COILED: Stay away,29,0.0,0.0,-0.0,48.1,0,,Consumer Defensive,123955888.0,200.0
CHNTF,China HK Power Smart Energy Group Limited,0.003,5,4,10,6,3,2,4,34,-10.0,29.0,Poor,🔥 COILED: Stay away,32,0.0,0.0,-0.0,42.4,0,,Energy,23657912.0,86.69
TNYYF,Tinybeans Group Limited,0.006,5,3,10,7,0,2,4,31,-5.0,29.0,Poor,Stay away,28,0.0,0.0,-0.0,0.0,1,,Communication Services,16317280.0,9.5
MTBMF,Mount Burgess Mining N.L,0.001,8,3,10,6,3,2,4,36,-10.0,29.0,Poor,Stay away,27,0.0,0.0,-0.0,0.0,0,,Basic Materials,9673972.0,367.85
ARVY,Alliance Recovery Corporation,0.008,18,4,6,14,6,6,5,59,-30,29,Poor,Stay away,66,35.0,92.9,40.5,99.8,3,,Industrials,6258087.0,4200.01
BITRF,Biotron Limited,0.002,6,6,10,6,3,1,4,36,-10.0,29.0,Poor,Stay away,26,0.0,0.0,-3.1,17.5,0,,Healthcare,5570410.0,23651.35
BAKPF,Global Oil & Gas Limited,0.005,1,5,1,7,3,3,4,24,0.0,29.0,Poor,🔥 COILED: Stay away,24,0.0,0.0,-7.6,47.8,0,,Energy,4319131.0,160.8
QGSI,Quantgate Systems Inc,0.01,4,11,9,4,3,2,4,37,-8.0,29.0,Poor,Stay away,28,0.0,5.0,0.2,47.9,1,,Technology,3291717.0,110765.43
ACRL,Atacama Resources International Inc,0.002,2,8,3,8,4,0,2,27,2.0,29.0,Poor,Stay away,24,0.0,-5.6,-11.3,43.3,0,,Basic Materials,2724198.0,1805278.09
AECX,CurrentC Power Corporation,0.006,2,4,3,10,3,2,5,29,0.0,29.0,Poor,Stay away,42,-45.0,5.8,-15.4,46.9,0,,Technology,2282663.0,27367.23
SFWJ,Software Effective Solutions Corp,0.004,5,5,0,11,1,7,4,33,0.0,29.0,Poor,Stay away,33,-12.5,-25.5,-16.7,45.9,0,,Healthcare,1260295.0,213089.26
CGUD,Com-Guard.Com Inc,0.001,11,4,7,10,6,4,4,46,-20.0,29.0,Poor,Stay away,50,0.0,10.0,1.5,59.1,3,,Technology,651518.0,282746.51
MAJI,Marijuana Inc.,0.009,12,12,6,14,5,3,2,54,-23.0,29.0,Poor,Stay away,21,8.7,24.3,7.0,51.5,3,,Healthcare,599090.0,533507.75
SGOO,Snoogoo Corp,0.002,12,6,11,9,0,2,4,44,-18.0,29.0,Poor,Stay away,43,0.0,0.0,0.1,93.5,1,,Financial Services,302797.0,2609.99
ECPL,EcoPlus Inc,0.007,4,5,2,9,3,4,4,31,-5.0,29.0,Poor,Stay away,26,0.0,3.0,-1.8,47.5,1,,Healthcare,280609.0,4816.75
IPRC,Imperial Res Inc,0.004,3,3,2,9,6,7,4,34,-5.0,29.0,Poor,Stay away,45,0.0,0.0,-6.7,46.3,1,,Financial Services,273521.0,12120.99
CVVRF,Vertical Exploration Inc,0.002,8,3,10,4,3,4,4,36,-10.0,29.0,Poor,Stay away,27,0.0,0.0,-0.2,3.4,0,,Basic Materials,244646.0,9928.75
SBIG,SpringBig Holdings Inc.,0.005,1,8,1,14,4,2,2,32,-3.0,29.0,Poor,Stay away,28,4.2,-16.7,-13.0,44.6,2,,Technology,243934.0,148311.5
VADP,Vado Corp,0.001,8,3,10,6,3,2,4,36,-10.0,29.0,Poor,Stay away,32,0.0,0.0,-0.0,0.2,0,,Communication Services,200741.0,3341.42
WSRUF,Waseco Resources Inc,0.004,8,4,9,6,3,2,4,36,-10.0,29.0,Poor,Stay away,27,0.0,0.0,-0.0,0.0,0,,Basic Materials,170893.0,970.0
CLHI,CLST Holdings Inc,0.001,5,3,10,7,3,2,4,34,-5.0,29.0,Poor,Stay away,25,0.0,0.0,-0.3,10.3,1,,Financial Services,23949.0,22598.94
KMFI,The Keller Manufacturing Company Inc,0.001,4,3,9,7,3,1,4,31,-5.0,29.0,Poor,Stay away,20,0.0,0.0,-8.8,6.5,1,,Consumer Cyclical,6575.0,529.5
COMS,COMSovereign Holding Corp,0.002,18,4,6,11,6,6,5,56,-27,29,Poor,Stay away,61,50.0,50.0,31.9,93.5,3,3,Technology,4312.0,1468.69
DRMAW,Dermata Therapeutics Inc. Warrant,0.01,1,11,0,10,4,4,2,32,-1.0,29.0,Poor,Stay away,16,-42.6,-14.6,-20.6,42.2,2,,nan,nan,7004.84
RNWWW,ReNew Energy Global plc Warrant,0.003,6,15,6,8,4,2,5,46,-17.0,29.0,Poor,Stay away,36,70.0,-15.0,6.2,50.0,1,9,nan,nan,48227.25
JNOMF,Juno Minerals Ltd,0.02,8,3,10,6,3,2,4,36,-10.0,29.0,Poor,Stay away,27,0.0,0.0,-0.0,16.5,0,,Basic Materials,23016076.0,501.27
RMXFF,Red Mountain Mining Limited,0.013,16,12,7,10,4,5,3,57,-28,29,Poor,Stay away,35,31.7,56.5,36.4,57.0,3,,Basic Materials,11398757.0,0.0
ILHMF,International Lithium Corp,0.014,4,7,6,9,6,0,2,34,-5.0,29.0,Poor,Stay away,30,-3.3,-7.6,-6.3,44.4,1,,Basic Materials,4227159.0,90229.95
BPAIF,BrandPilot AI Inc.,0.012,5,5,6,8,0,2,3,29,0.0,29.0,Poor,Stay away,38,-11.1,-11.1,-10.8,41.5,0,,Technology,2846019.0,15741.71
RWGI,Rodedawg International Industries Inc,0.013,5,4,4,8,6,0,2,29,0.0,29.0,Poor,Stay away,38,-21.2,-27.8,-17.2,41.4,0,,Consumer Cyclical,2226147.0,104959.12
RVRVF,Pathfinder Ventures Inc,0.02,3,8,3,7,3,1,4,29,-5.0,29.0,Poor,🔥 COILED: Stay away,16,0.0,0.0,-1.3,42.8,1,,Consumer Cyclical,1208457.0,2410.13
EMMA,Emmaus Life Sciences Inc,0.011,4,3,5,9,3,2,5,31,-5.0,29.0,Poor,Stay away,30,-6.0,-4.3,-3.0,46.3,1,,Healthcare,772070.0,49075.32
IFRTF,International Frontier Resources Corporation,0.02,9,6,11,7,3,4,4,44,-18.0,29.0,Poor,Stay away,52,0.0,0.0,0.0,84.5,1,,Energy,82989.0,128.74
LIMFF,Li-Metal Corp.,0.023,7,4,4,8,4,4,3,34,-5.0,29.0,Poor,Stay away,47,0.0,0.0,-0.1,58.6,1,,Financial Services,17825790.0,489.27
GWTI,Greenway Technologies Inc,0.022,1,6,0,12,3,0,2,24,0.0,29.0,Poor,Stay away,37,-23.7,-26.9,-16.8,41.6,0,,Energy,10459378.0,70249.62
NSGCF,Northstar Gold Corp,0.028,7,8,6,7,4,2,2,36,-3.0,29.0,Poor,Stay away,33,21.7,7.7,0.3,46.3,1,,Basic Materials,4261625.0,61909.05
RREIF,Regal Real Estate Investment Trust,0.04,8,3,10,6,3,2,4,36,-10.0,29.0,Poor,Stay away,27,0.0,0.0,-0.0,0.0,1,,Real Estate,129320024.0,25.5
PTRRF,Pointerra Limited,0.032,5,4,10,6,3,2,4,34,-10.0,29.0,Poor,🔥 COILED: Stay away,32,0.0,0.0,0.0,50.0,0,,Technology,27148480.0,681.39
OPUS,Opus Magnum Ameris Inc,0.035,3,4,3,9,3,3,4,29,0.0,29.0,Poor,Stay away,26,0.0,0.0,-33.1,15.7,0,,Financial Services,6364840.0,164.43
TDSGF,Telo Genomics Corp,0.032,11,5,2,7,3,2,4,34,-5.0,29.0,Poor,Stay away,18,-3.0,6.7,3.5,51.7,1,,Healthcare,3515066.0,7714.0
RNDXF,Randgold & Exploration Company Limited,0.038,10,4,10,6,3,2,4,39,-15.0,29.0,Poor,🔥 COILED: Stay away,50,0.0,0.0,-0.0,46.5,1,,Basic Materials,3059343.0,571.87
PITEF,Heramba Electric plc,0.038,10,6,11,8,3,2,4,44,-18.0,29.0,Poor,Stay away,47,0.0,0.0,0.0,84.7,1,,Industrials,475494.0,4572.79
RFLFF,Raffles Education Corporation Limited,0.05,10,6,11,6,0,2,4,39,-15.0,29.0,Poor,🔥 COILED: Stay away,48,0.0,0.0,0.0,50.0,1,,Consumer Defensive,81865624.0,0.0
NGXLF,NGX Limited,0.05,5,3,10,7,0,2,4,31,-5.0,29.0,Poor,Stay away,17,0.0,0.0,-0.0,0.0,1,,Basic Materials,4530592.0,168.62
ALDA,Atlantica Inc,0.05,12,6,11,9,0,2,4,44,-18.0,29.0,Poor,Stay away,38,0.0,0.0,0.0,95.9,1,,Financial Services,2458590.0,15.66
FUUN,FutureNet Inc,0.052,6,3,1,12,3,2,5,32,-3.0,29.0,Poor,Stay away,53,-42.8,-30.9,-29.1,39.5,0,,Consumer Cyclical,71020048.0,5069.28
GPMTF,GPM Metals Inc,0.062,9,6,11,6,3,2,4,41,-15.0,29.0,Poor,Stay away,40,0.0,0.0,0.0,39.7,1,,Basic Materials,18323638.0,0.0
LTHIF,InZinc Mining Ltd,0.07,17,4,8,15,6,4,5,59,-30,29,Poor,Stay away,57,0.0,100.0,21.4,91.1,3,,Basic Materials,4926760.0,15907.0
QCCUF,QC Copper and Gold Inc,0.078,6,9,7,8,0,2,2,34,-5.0,29.0,Poor,Stay away,24,0.6,-1.9,-2.4,43.1,1,,Basic Materials,32852136.0,154173.91
AGREF,Argonaut Resources NL,0.08,7,7,10,6,3,2,4,39,-15.0,29.0,Poor,🔥 COILED: Stay away,47,0.0,0.0,0.0,51.9,1,,Basic Materials,281697.0,400.0
SPODD,Freedom Gold Corp.,0.083,12,6,9,7,3,1,4,42,-18.0,29.0,Poor,🔥 COILED: Stay away,31,0.0,0.0,0.4,98.7,1,,Basic Materials,521471.0,17.43
AVGDF,Avidian Gold Corp,0.099,6,5,1,10,0,2,5,29,0.0,29.0,Poor,Stay away,28,-10.0,-13.9,-6.1,44.2,0,,Basic Materials,2181942.0,1315.63
METOF,Meteoric Resources NL,0.124,12,6,7,6,0,6,5,42,-18.0,29.0,Poor,🔥 COILED: Stay away,25,7.2,1.7,1.7,51.5,1,,Basic Materials,361002080.0,1145587.79
FRHYF,Frontier Energy Limited,0.129,3,6,5,7,3,3,4,31,-5.0,29.0,Poor,Stay away,24,0.0,0.0,-2.6,38.0,1,,Utilities,143856864.0,1168.32
INNMF,Amplia Therapeutics Limited,0.11,14,5,7,11,4,3,5,49,-20.0,29.0,Poor,Stay away,50,0.0,22.2,8.8,56.3,3,,Healthcare,51331200.0,19810.0
HUYTF,Huayi Tencent Entertainment Company Limited,0.122,9,6,11,9,3,2,4,44,-18.0,29.0,Poor,Stay away,54,0.0,0.0,0.0,99.9,1,,Healthcare,17021544.0,500.0
SGTM,National Storm Recovery Inc,0.105,4,8,5,7,3,2,5,34,-3.0,29.0,Poor,Stay away,30,-3.7,-2.8,-1.6,47.4,2,,Basic Materials,12206713.0,63894.95
STKXF,StrikePoint Gold Inc,0.136,16,11,6,12,4,4,5,58,-29,29,Poor,Stay away,46,1.5,29.0,14.1,62.0,4,,Basic Materials,7865807.0,86674.76
AATV,Adaptive Ad Systems Inc,0.107,6,0,6,8,4,2,3,29,0.0,29.0,Poor,Stay away,40,-2.7,-2.7,-2.0,15.2,0,,Communication Services,4121621.0,7550.46
NRSNW,NeuroSense Therapeutics Ltd. Warrant,0.1,1,11,0,8,3,0,2,25,-1.0,29.0,Poor,Stay away,20,-51.9,-21.6,-23.9,44.5,2,,nan,nan,0.0
VVIVF,EarthRenew Inc,0.159,17,9,5,15,5,3,5,59,-30,29,Poor,Stay away,58,29.1,31.9,21.5,66.6,3,,Basic Materials,31985176.0,0.0
OHCFF,OHCFF,0.154,5,12,7,5,9,2,2,42,-11.0,29.0,Poor,Stay away,52,4.7,-2.4,-1.9,47.8,1,,Healthcare,19087028.0,65686.58
HNDI,Handeni Gold Inc,0.168,18,8,7,10,4,3,3,53,-24,29,Poor,Stay away,43,355.3,415.3,135.9,76.5,4,6,Financial Services,17651398.0,1099.84
SCLXW,Scilex Holding Company,0.18,10,4,3,14,3,0,5,39,-10.0,29.0,Poor,Stay away,46,32.4,-14.2,1.1,51.0,0,,nan,nan,16571.72
CBLUF,China BlueChemical Ltd,0.22,3,3,10,6,3,7,4,36,-10.0,29.0,Poor,Stay away,0,0.0,0.0,-4.7,26.1,0,,Basic Materials,1728749952.0,0.0
JLMKF,Jolimark Holdings Limited,0.206,11,4,2,10,3,2,5,37,-8.0,29.0,Poor,Stay away,48,-17.7,-9.4,-4.8,52.8,1,,Technology,151308592.0,214064.38
ARGHF,Argo Group International Holdings Ltd,0.219,15,11,6,11,4,4,5,56,-27.0,29.0,Poor,Stay away,35,14.1,21.0,12.6,64.0,3,,Technology,60231988.0,9379.69
PYNKF,Perimeter Medical Imaging AI Inc,0.218,8,5,7,7,4,0,5,36,-5.0,29.0,Poor,Stay away,23,-1.1,-5.4,0.2,50.5,2,,Healthcare,32767270.0,94995.78
SZZLR,Sizzle Acquisition Corp. II,0.2,12,14,3,9,6,0,5,49,-18.0,29.0,Poor,Stay away,51,-9.1,23.1,5.3,53.6,3,,nan,nan,0.0
ELRFF,Eastern Platinum Limited,0.25,12,6,9,9,0,5,5,46,-20.0,29.0,Poor,Stay away,31,13.6,19.0,3.9,52.2,3,,Basic Materials,51065272.0,59148.0
LPBBW,Launch Two Acquisition Corp. Warrant,0.259,8,10,1,3,8,0,2,32,-6.0,29.0,Poor,Stay away,41,-7.5,-7.5,-2.5,48.6,1,,nan,nan,9877.93
RANGR,Range Capital Acquisition Corp. Rights,0.254,8,5,3,8,1,2,2,29,0.0,29.0,Poor,Stay away,30,-2.0,-3.8,-4.6,41.7,0,,nan,nan,8054.55
BTRYF,Battery Minerals Limited,0.341,5,9,6,8,0,2,4,34,-5.0,29.0,Poor,Stay away,34,16.5,1.4,-3.7,43.7,1,,Basic Materials,130943960.0,11428.45
KPEA,Kun Peng International Ltd.,0.351,11,2,2,10,3,4,2,34,-5.0,29.0,Poor,Stay away,47,0.0,-6.4,-1.0,51.5,1,,Consumer Cyclical,8000000.0,536.08
COGNY,Cogna Educacao SA ADR,0.4,2,7,7,9,2,0,2,29,0.0,29.0,Poor,Stay away,22,-2.4,-4.8,-5.2,40.9,0,,Consumer Defensive,796689344.0,21076.0
NNFTF,Nanofilm Technologies International Limited,0.426,8,3,10,6,3,2,4,36,-10.0,29.0,Poor,Stay away,29,0.0,0.0,-0.0,0.0,0,,Technology,325079232.0,7.5
AZMTF,Azimut Exploration Inc,0.42,3,13,5,6,3,2,2,34,-8.0,29.0,Poor,Stay away,22,-1.4,-2.3,-1.3,45.8,0,,Basic Materials,40513284.0,22322.33
LSEB,LSEB Creative Corp.,0.44,8,3,10,5,3,3,4,36,-10.0,29.0,Poor,Stay away,42,0.0,0.0,-1.6,38.0,0,,Consumer Cyclical,7205572.0,2701.77
CGDCF,CGDCF,0.492,21,5,5,10,5,2,5,53,-24,29,Poor,Stay away,60,63.8,63.8,40.2,82.2,2,6,nan,7778031.0,928.61
WDBG,Woodbrook Group Holdings Inc,0.5,12,6,10,7,3,2,4,44,-18.0,29.0,Poor,Stay away,56,0.0,0.0,0.1,100.0,1,,Financial Services,70265.0,89.03
CPTLF,The Blockchain Group,0.58,10,5,10,2,3,1,5,36,-15.0,29.0,Poor,🔥 COILED: Stay away,27,-2.2,5.4,2.9,54.2,1,,Technology,135253904.0,5506.17
BJTRF,Beijing Tong Ren Tang Chinese Medicine Company Limited,0.648,5,4,10,6,3,2,4,34,-10.0,29.0,Poor,🔥 COILED: Stay away,35,0.0,0.0,0.0,50.0,0,,Healthcare,535911456.0,2.0
MROPF,MicroPort CardioFlow Medtech Corporation,0.646,9,6,11,9,3,2,4,44,-18.0,29.0,Poor,Stay away,58,0.0,0.0,0.0,100.0,1,,Healthcare,164602576.0,32.0
CYPXF,EQ Inc,0.65,7,6,10,7,3,2,4,39,-13.0,29.0,Poor,Stay away,41,0.0,0.0,0.0,95.9,0,,Communication Services,45236072.0,1.2
KBONW,Karbon Capital Partners Corp. Warrant,0.65,12,11,3,0,6,5,2,39,-10.0,29.0,Poor,Stay away,0,-3.0,20.4,-0.6,49.7,2,,nan,nan,0.0
KGDEF,Kingdee International Software Group Company Limited,0.749,3,4,1,8,3,3,4,26,0.0,29.0,Poor,Stay away,16,0.0,0.0,-7.9,44.9,0,,Technology,2613221632.0,1034.95
GRPOF,Grupo Traxión S.A.B. de C.V,0.758,7,6,11,9,0,2,4,39,-13.0,29.0,Poor,Stay away,33,0.0,0.0,0.0,86.8,0,,Industrials,421488736.0,1045.98
BDWBF,Budweiser Brewing Company APAC Limited,0.827,6,6,1,7,3,0,4,27,2.0,29.0,Poor,Stay away,28,-7.8,5.8,-0.3,48.2,0,,Consumer Defensive,10934404096.0,12004.5
OBGRF,Orbit Garant Drilling Inc,0.83,3,2,6,7,3,5,3,29,0.0,29.0,Poor,Stay away,17,0.0,0.0,-3.5,1.4,0,,Basic Materials,32445300.0,2625.94
MMILD,Metro Mining Limited,0.935,4,5,3,8,3,4,2,29,4.0,29.0,Poor,Stay away,48,-18.7,-18.7,-11.1,18.5,0,,Basic Materials,302839584.0,177.72
OPMXF,Operadora de Sites Mexicanos S.A. de C.V,1.0,17,6,1,5,6,7,5,47,-18.0,29.0,Poor,Stay away,56,4.4,3.9,3.6,55.8,0,,Industrials,2914365184.0,4163.02
CRNVF,CRNVF,0.95,4,3,9,7,3,1,4,31,-5.0,29.0,Poor,Stay away,0,0.0,0.0,-0.4,0.0,1,,Technology,54227356.0,0.0
CJPXX,JPMorgan Trust I - JPMorgan Prime Money Market Fund,1.0,5,4,10,6,3,2,4,34,-10.0,29.0,Poor,🔥 COILED: Stay away,39,0.0,0.0,-0.0,42.6,0,,nan,nan,0.0
VPMXX,JPMorgan Trust I - JPMorgan Prime Money Market Fund,1.0,4,5,8,6,3,2,4,32,-8.0,29.0,Poor,🔥 COILED: Stay away,37,0.0,0.0,-0.0,41.6,0,,nan,nan,0.0
VSLXX,JPMorgan Trust IV - JPMorgan Securities Lending Money Market Fund,1.0,4,5,10,6,3,2,4,34,-10.0,29.0,Poor,🔥 COILED: Stay away,34,0.0,0.0,-0.0,48.1,0,,nan,nan,0.0
EGMMF,Eagle Mountain Mining Limited,0.007,4,4,1,8,3,1,4,25,0.0,28.0,Poor,Stay away,22,0.0,0.0,-49.0,48.1,0,,Basic Materials,384689888.0,250.5
FESTF,Hybrid Kinetic Group Limited,0.005,5,4,9,6,3,2,4,33,-10.0,28.0,Poor,🔥 COILED: Stay away,26,0.0,0.0,0.0,50.0,0,,Consumer Cyclical,101764360.0,450.0
MMMKF,Avenira Limited,0.001,8,3,10,5,3,2,4,35,-10.0,28.0,Poor,Stay away,29,0.0,0.0,-0.0,0.0,0,,Basic Materials,21720360.0,220.0
WSZWF,Wesizwe Platinum Limited,0.01,8,3,9,6,3,2,4,35,-10.0,28.0,Poor,Stay away,31,0.0,0.0,-0.0,0.0,0,,Basic Materials,16278270.0,450.0
BGXXQ,Bright Green Corporation,0.002,12,11,7,9,3,4,5,51,-23,28,Poor,Stay away,38,87.5,650.0,122.1,55.2,3,7,nan,7264308.0,33156.01
COHLF,Contango Holdings plc,0.005,5,4,9,6,3,2,4,33,-10.0,28.0,Poor,🔥 COILED: Stay away,26,0.0,0.0,0.0,50.0,0,,Energy,3789896.0,2527.11
TGNT,Teligent Inc,0.008,3,9,2,8,0,2,2,26,2.0,28.0,Poor,Stay away,16,-11.1,-27.3,-11.7,44.6,0,,Communication Services,2899306.0,225204.91
GSCHF,GS Chain plc,0.004,5,4,9,6,3,2,4,33,-10.0,28.0,Poor,🔥 COILED: Stay away,26,0.0,0.0,0.0,50.0,0,,Financial Services,2015936.0,607.85
CMFO,China Marine Food Gr,0.004,6,3,4,7,3,5,5,33,-5.0,28.0,Poor,Stay away,30,0.0,9.4,-4.5,48.8,2,,Financial Services,1084030.0,869.22
ERAO,Energy Revenue Amer,0.003,3,4,8,7,3,3,2,30,-5.0,28.0,Poor,Stay away,21,0.0,0.0,-5.5,38.4,1,,Consumer Defensive,1016359.0,31730.82
MTOMF,First Growth Funds Ltd,0.001,8,3,10,5,3,2,4,35,-10.0,28.0,Poor,Stay away,29,0.0,0.0,-0.0,0.0,0,,Financial Services,700183.0,3478.39
SCAXF,Sparta Capital Ltd,0.003,3,5,1,7,3,3,4,26,2.0,28.0,Poor,Stay away,29,0.0,0.0,-54.8,47.5,0,,Industrials,648064.0,19361.58
BICTF,Biocure Technology Inc,0.01,7,6,10,6,3,2,4,38,-15.0,28.0,Poor,🔥 COILED: Stay away,34,0.0,0.0,0.0,50.0,1,,Healthcare,630458.0,40.0
CHNXF,ChitogenX Inc.,0.008,9,6,11,8,3,2,4,43,-18.0,28.0,Poor,Stay away,52,0.0,0.0,0.0,96.4,1,,Healthcare,627627.0,3010.0
TOYRF,"Toys""R""Us ANZ Limited",0.004,8,5,9,5,3,2,4,36,-13.0,28.0,Poor,🔥 COILED: Stay away,28,0.0,0.0,-0.0,41.7,1,,Consumer Cyclical,605048.0,6011.6
AVRTF,Avarone Metals Inc,0.005,4,7,3,9,3,3,4,33,-5.0,28.0,Poor,Stay away,17,0.0,0.0,-23.1,22.9,1,,Basic Materials,466214.0,1355.71
TICJ,Tritent International Corp,0.007,8,6,11,9,3,2,4,43,-18.0,28.0,Poor,Stay away,42,0.0,0.0,0.1,93.0,1,,Industrials,406599.0,73.99
CFAGF,CFAGF,0.01,7,6,10,6,3,2,4,38,-15.0,28.0,Poor,🔥 COILED: Stay away,46,0.0,0.0,0.0,50.0,1,,Financial Services,288768.0,27.5
BDRGF,Jaeger Resources Corp,0.002,9,3,11,6,3,2,4,38,-13.0,28.0,Poor,Stay away,53,0.0,0.0,0.0,79.8,0,,Basic Materials,252500.0,93.75
GRVE,Groove Botanicals Inc,0.004,3,3,10,7,3,3,4,33,-5.0,28.0,Poor,Stay away,26,0.0,0.0,-2.3,8.5,1,,Energy,238572.0,8873.0
BBIG,Vinco Ventures Inc,0.005,8,4,6,7,1,0,4,30,2.0,28.0,Poor,Stay away,50,-21.5,0.0,-7.6,48.2,0,,Consumer Cyclical,84500.0,4683.35
ASKE,Alaska Pacific Energy Corp,0.005,9,6,0,9,4,2,2,32,0.0,28.0,Poor,Stay away,37,-50.0,-88.9,-66.4,43.8,0,,Communication Services,51372.0,11474.45
VPRIF,Vitality Products Inc,0.002,8,8,5,4,3,1,4,33,-10.0,28.0,Poor,🔥 COILED: Stay away,23,0.0,0.0,0.7,43.3,0,,Consumer Defensive,45552.0,407.75
LEHKQ,LEHMAN BROTHERS HOLDINGS CAP TS,0.001,6,4,1,8,5,0,4,28,0.0,28.0,Poor,Stay away,43,-21.4,-15.4,-7.5,40.5,0,,Other,nan,574.66
NBTRF,Nobel Resources Corp,0.012,6,5,2,8,0,3,4,28,-5.0,28.0,Poor,🔥 COILED: Stay away,20,0.0,0.0,-16.7,47.4,1,,Basic Materials,19955704.0,3351.48
SHGDF,Star Diamond Corporation,0.02,8,4,10,6,4,2,4,38,-15.0,28.0,Poor,🔥 COILED: Stay away,25,0.0,0.0,-0.0,44.1,1,,Basic Materials,12614800.0,15378.37
DROR,Dror Ortho-Design Inc.,0.012,7,10,3,5,6,0,5,36,-8.0,28.0,Poor,Stay away,49,0.0,-0.8,13.0,53.2,0,,Consumer Cyclical,12700963.0,34709.53
BSFAF,BSF Enterprise Plc,0.016,7,4,10,6,3,4,4,38,-15.0,28.0,Poor,🔥 COILED: Stay away,42,0.0,0.0,-0.0,48.4,1,,Healthcare,3099991.0,6963.48
STHI,Sprout Tiny Homes Inc,0.014,6,3,9,9,3,3,2,35,-3.0,28.0,Poor,Stay away,47,-3.6,-3.6,-2.5,49.3,1,,Consumer Cyclical,1571431.0,0.0
LVROF,Lavoro Limited,0.011,3,2,10,10,0,3,5,33,-5.0,28.0,Poor,Stay away,0,0.0,0.0,-22.8,39.4,1,,Basic Materials,1264693.0,0.0
FAMDF,Futura Medical plc,0.019,15,4,9,12,4,4,5,53,-25,28,Poor,Stay away,39,80.0,800.0,71.6,59.4,3,3,Healthcare,1220788.0,19706.24
CLGMF,Cleghorn Minerals Ltd,0.02,8,3,9,6,3,2,4,35,-10.0,28.0,Poor,Stay away,27,0.0,0.0,-0.0,0.0,0,,Basic Materials,774077.0,15.58
ELXMF,Nova Eye Medical Limited,0.014,10,6,11,7,3,2,4,43,-18.0,28.0,Poor,Stay away,41,0.0,0.0,0.1,98.3,1,,Healthcare,541263.0,65.5
BLBRF,Bloomberry Resorts Corporation,0.021,10,6,5,6,3,1,4,35,-15.0,28.0,Poor,🔥 COILED: Stay away,19,0.0,0.0,0.3,48.0,1,,Consumer Cyclical,164811600.0,5193.0
AGCI,American Gold & Copper Inc.,0.027,9,6,6,8,0,3,4,36,-8.0,28.0,Poor,Stay away,38,0.0,15.4,-3.0,47.9,2,,Communication Services,19337868.0,1108664.43
JPOTF,Jackpot Digital Inc,0.03,9,14,3,0,5,6,2,39,-11.0,28.0,Poor,Stay away,19,22.7,3.1,-2.6,46.5,1,,Consumer Cyclical,9243086.0,101997.32
EELFF,ENRG Elements Limited,0.028,17,5,7,9,6,2,5,51,-23.0,28.0,Poor,Stay away,53,0.0,0.0,30.5,100.0,0,,Basic Materials,7392935.0,439.76
CDTAF,Carl Data Solutions Inc,0.025,4,7,7,9,5,2,2,36,-8.0,28.0,Poor,Stay away,25,-7.0,0.4,-3.6,44.5,2,,Technology,3530362.0,10356.47
ESVNF,E79 Resources Corp,0.041,3,7,2,8,3,1,4,28,-5.0,28.0,Poor,🔥 COILED: Stay away,24,0.0,0.0,-19.7,44.3,1,,Healthcare,1432444.0,114.4
YHEGF,YHEGF,0.06,5,4,9,6,3,2,4,33,-10.0,28.0,Poor,🔥 COILED: Stay away,26,0.0,0.0,0.0,50.0,0,,nan,49238760.0,59.36
BZRD,Giant Motorsports Inc,0.06,14,5,4,11,1,2,5,42,-12.0,28.0,Poor,Stay away,61,36.1,9.9,6.5,55.8,1,,Financial Services,43696040.0,128148.52
BNTRF,Benton Resources Inc,0.057,9,8,5,2,5,4,2,35,-10.0,28.0,Poor,Stay away,41,0.0,29.5,3.8,52.1,2,,Basic Materials,14843730.0,28604.29
MJGCF,Majestic Gold Corp,0.065,3,6,5,8,3,0,3,28,0.0,28.0,Poor,Stay away,9,-5.2,-5.8,-6.3,36.4,0,,Basic Materials,67773184.0,145120.03
HYEG,Hydrogen Engine Center Inc,0.069,15,10,13,8,4,2,5,57,-29,28,Poor,Stay away,60,37.6,37.6,30.2,68.7,3,,Industrials,7554456.0,11369.83
CVONF,Carnarvon Petroleum Limited,0.08,4,4,3,7,3,5,2,28,0.0,28.0,Poor,Stay away,48,0.0,0.0,-2.9,27.3,0,,Energy,146705120.0,2581.0
GSDT,Gsdt Fintech Group Inc,0.073,14,5,4,6,6,1,5,41,-13.0,28.0,Poor,Stay away,43,0.0,43.1,16.3,75.7,2,,Technology,76815936.0,474.7
MKRIF,Melkior Resources Inc,0.079,3,4,8,10,3,3,2,33,-5.0,28.0,Poor,Stay away,19,0.0,0.0,-2.1,25.4,1,,Basic Materials,5152970.0,19036.14
BINI,"Bollinger Innovations, Inc.",0.08,4,14,5,12,4,2,5,46,-21.0,28.0,Poor,Stay away,30,2.6,14.3,16.5,53.4,4,,Consumer Cyclical,35426.0,485724.07
VPTDF,VentriPoint Diagnostics Ltd,0.082,7,12,4,14,4,7,5,53,-26.0,28.0,Poor,Stay away,35,2.5,15.0,3.0,52.1,4,,Healthcare,15369287.0,94086.86
HLUCF,HLUCF,0.084,1,5,4,8,5,2,3,28,0.0,28.0,Poor,Stay away,20,-3.3,-11.4,-6.6,45.1,1,,nan,nan,395113.87
SBMCF,Silver Bullet Mines Corp.,0.096,6,7,7,11,0,5,5,41,-13.0,28.0,Poor,Stay away,14,-2.7,-1.6,-1.4,45.4,1,,Basic Materials,14231077.0,89879.64
JGLCF,JS Global Lifestyle Company Limited,0.129,3,7,1,7,3,3,4,28,-5.0,28.0,Poor,🔥 COILED: Stay away,26,0.0,0.0,-2.1,45.2,1,,Consumer Cyclical,656346560.0,86.81
MNULF,MNULF,0.127,7,6,10,6,3,2,4,38,-15.0,28.0,Poor,🔥 COILED: Stay away,53,0.0,0.0,0.0,50.0,1,,Real Estate,64844636.0,1.35
SCDCF,Scandium Canada Ltd,0.119,6,9,8,3,5,2,2,35,-10.0,28.0,Poor,Stay away,40,-0.8,-0.8,-2.8,43.7,1,,Basic Materials,56552352.0,153760.43
NMREF,Namibia Critical Metals Inc,0.132,4,8,4,9,0,3,2,30,0.0,28.0,Poor,Stay away,19,-1.5,11.9,-2.8,46.5,2,,Basic Materials,25554394.0,68132.75
ORESF,Orestone Mining Corp,0.11,15,5,8,9,3,1,5,46,-18.0,28.0,Poor,Stay away,54,0.0,0.0,6.0,83.7,1,,Basic Materials,8565298.0,25526.17
HMMR,Hammer Fiber Optics Holdings Corp,0.11,1,10,3,9,4,2,2,31,-3.0,28.0,Poor,Stay away,21,14.6,-15.4,-8.2,42.0,2,,Communication Services,7596286.0,14584.85
RCTFF,Rochester Resources Ltd,0.113,7,8,2,9,3,0,2,31,-3.0,28.0,Poor,Stay away,35,-6.5,3.9,-0.7,47.8,1,,Basic Materials,5400736.0,1788.82
ROIUF,Route1 Inc,0.102,17,6,4,5,6,2,5,45,-17.0,28.0,Poor,Stay away,54,-4.9,8.4,3.3,60.6,2,,Technology,4345203.0,2990.0
MTLI,Metaline Contact Mines,0.11,12,9,6,13,8,2,5,55,-27,28,Poor,Stay away,54,120.0,120.0,76.0,80.6,2,3,Basic Materials,1260447.0,128.94
SURRF,Sun Art Retail Group Limited,0.197,5,6,10,5,3,2,4,35,-10.0,28.0,Poor,Stay away,0,0.0,0.0,-0.0,15.0,0,,Consumer Cyclical,2949923840.0,0.0
PBIGF,Paradigm Biopharmaceuticals Limited,0.15,9,8,4,5,8,2,5,41,-13.0,28.0,Poor,Stay away,35,25.0,0.0,9.4,55.2,2,,Healthcare,89097120.0,12156.72
FLNCF,Freelancer Limited,0.19,12,7,4,6,1,0,5,35,-10.0,28.0,Poor,Stay away,33,-24.0,167.6,2.1,51.2,2,,Communication Services,85673824.0,3607.85
CLMPF,Canadian Premium Sand Inc,0.2,8,4,9,6,3,2,4,36,-13.0,28.0,Poor,🔥 COILED: Stay away,32,0.0,0.0,-0.0,48.1,1,,Basic Materials,27788146.0,5.0
LRRIF,Lion Rock Resources Inc.,0.182,16,14,2,8,5,2,5,52,-24.0,28.0,Poor,Stay away,43,27.7,42.5,19.5,62.1,4,,Basic Materials,21087752.0,152676.28
WBNEF,WestBond Enterprises Corporation,0.152,5,4,9,6,3,2,4,33,-10.0,28.0,Poor,🔥 COILED: Stay away,41,0.0,0.0,0.0,50.0,0,,Basic Materials,5415121.0,5.04
FMHS,Farmhouse Inc,0.195,3,9,2,10,5,2,2,33,-5.0,28.0,Poor,Stay away,45,21.8,-1.3,-6.6,45.9,1,,Communication Services,3056952.0,3007.37
KRSOF,Karsan Otomotiv Sanayii ve Ticaret A.S,0.217,8,3,9,6,3,2,4,35,-10.0,28.0,Poor,Stay away,17,0.0,0.0,-0.0,0.0,0,,Industrials,444600000.0,90.0
GLBKF,Goldbank Mining Corporation,0.249,7,6,10,6,3,2,4,38,-15.0,28.0,Poor,🔥 COILED: Stay away,48,0.0,0.0,0.0,50.0,1,,Basic Materials,47976292.0,10.5
SPHXF,SM Prime Holdings Inc,0.296,4,7,8,5,3,1,5,33,-10.0,28.0,Poor,🔥 COILED: Stay away,0,0.0,0.0,-0.4,44.7,0,,Real Estate,8486326784.0,0.0
SGQRF,SouthGobi Resources Ltd,0.28,8,3,9,6,3,2,4,35,-10.0,28.0,Poor,Stay away,30,0.0,0.0,-0.0,0.0,0,,Energy,148219712.0,598.66
CCCFF,Carlyle Commodities Corp.,0.272,20,3,8,9,6,4,5,55,-27,28,Poor,Stay away,59,5451.0,5451.0,168.7,95.2,3,3,Basic Materials,356951.0,4926.21
PCOFF,Pico Far East Holdings Limited,0.33,8,3,11,7,3,2,4,38,-13.0,28.0,Poor,Stay away,46,0.0,0.0,0.0,98.5,0,,Communication Services,421496800.0,0.0
CHBGF,China Boton Group Company Limited,0.3,5,4,9,6,3,2,4,33,-10.0,28.0,Poor,🔥 COILED: Stay away,40,0.0,0.0,0.0,50.0,0,,Basic Materials,318246048.0,1370.39
EVGIF,EverGen Infrastructure Corp,0.317,11,3,3,7,6,1,2,33,-5.0,28.0,Poor,Stay away,40,0.0,-4.3,-0.3,56.2,1,,Industrials,8208819.0,362.69
MESHW,Meshflow Acquisition Corp. Warrants,0.3,9,8,1,12,5,0,4,39,-11.0,28.0,Poor,Stay away,0,-21.0,-16.7,-5.7,48.6,0,,nan,nan,0.0
EDMFF,EDMFF,0.38,16,4,3,11,3,3,2,42,-14.0,28.0,Poor,Stay away,47,15.2,2.7,1.3,51.5,1,,Basic Materials,29555192.0,15819.25
AWHL,Aspira Women's Health Inc.,0.398,4,9,8,5,6,4,2,38,-11.0,28.0,Poor,Stay away,44,6.2,7.6,-1.0,48.1,2,,Healthcare,16422264.0,56943.57
HKPD,Hong Kong Pharma Digital Technology Holdings Limited Ordinary shares,0.38,1,6,2,10,2,2,5,28,-3.0,28.0,Poor,Stay away,21,0.0,-16.7,-5.1,45.7,2,,Healthcare,8929995.0,316789.15
MWAI,MedWellAI Inc.,0.368,13,7,5,15,1,4,5,50,-22.0,28.0,Poor,Stay away,37,0.0,47.8,10.8,63.3,3,,Financial Services,2405461.0,3295.16
AAWH,Ascend Wellness Holdings Inc,0.406,1,13,3,9,3,2,2,33,-3.0,28.0,Poor,Stay away,19,-3.3,-12.6,-6.4,41.9,1,,Healthcare,79208464.0,132244.99
RLFTY,Relief Therapeutics Holding AG,0.422,3,3,10,9,0,1,4,30,-5.0,28.0,Poor,Stay away,15,0.0,0.0,-4.0,28.6,1,,Healthcare,66586868.0,620.27
RCON,Recon Technology Ltd,0.437,7,6,4,14,2,1,5,39,-11.0,28.0,Poor,Stay away,28,1.6,-0.7,-1.0,46.5,1,,Energy,39595120.0,306439.72
CSGEF,China Suntien Green Energy Corporation Limited,0.458,3,4,1,7,3,1,4,23,0.0,28.0,Poor,🔥 COILED: Stay away,16,0.0,0.0,-1.2,47.1,0,,Utilities,4197429760.0,48.0
SHEZF,Shenzhen Hepalink Pharmaceutical Group Co. Ltd,0.47,5,4,9,6,3,2,4,33,-10.0,28.0,Poor,🔥 COILED: Stay away,26,0.0,0.0,0.0,50.0,1,,Healthcare,1057333696.0,0.13
STTFF,SmarTone Telecommunications Holdings Limited,0.5,8,3,9,6,3,2,4,35,-10.0,28.0,Poor,Stay away,42,0.0,0.0,-0.0,0.0,0,,Communication Services,550035392.0,3.0
CFTLF,ChinaSoft International Ltd,0.531,5,6,10,6,3,4,4,38,-10.0,28.0,Poor,Stay away,35,0.0,0.0,-0.0,13.3,0,,Technology,1332845184.0,0.0
MDAIW,Spectral AI Inc,0.5,0,3,7,7,0,4,4,25,0.0,28.0,Poor,Stay away,28,-5.6,-18.0,-10.4,42.0,0,,nan,nan,17797.84
GZUHY,Guangzhou R&F Properties Co Ltd ADR,0.602,3,3,9,8,3,3,4,33,-5.0,28.0,Poor,Stay away,16,0.0,0.0,-5.0,0.0,1,,Real Estate,112965024.0,15.45
JSPR,Jasper Therapeutics Inc,0.633,10,2,2,9,1,4,5,33,-5.0,28.0,Poor,Stay away,24,-17.8,-12.4,-4.0,48.7,1,,Healthcare,21062798.0,1146634.75
NTRX,"Entrex Carbon Market, Inc",0.617,17,7,6,11,4,0,5,50,-22.0,28.0,Poor,Stay away,55,0.0,73.9,16.3,65.0,3,,Financial Services,8909433.0,1234.46
NHLPF,NAHL Group plc,0.653,5,4,9,6,3,2,4,33,-10.0,28.0,Poor,🔥 COILED: Stay away,40,0.0,0.0,0.0,50.0,0,,Communication Services,31660946.0,1.8
KDCCF,Kadestone Capital Corp,0.673,7,6,10,6,3,2,4,38,-15.0,28.0,Poor,🔥 COILED: Stay away,51,0.0,0.0,0.0,50.0,1,,Real Estate,23290490.0,105.0
MWTCF,Manila Water Company Inc,0.72,8,3,11,10,0,2,4,38,-13.0,28.0,Poor,Stay away,0,0.0,0.0,0.0,96.8,0,,Utilities,2126044416.0,0.0
WSTTF,Westports Holdings Berhad,0.75,8,3,10,5,3,2,4,35,-10.0,28.0,Poor,Stay away,30,0.0,0.0,-0.0,0.0,0,,Industrials,2577350144.0,4.0
SDA,SunCar Technology Group Inc.,0.774,1,10,4,3,7,6,2,33,-6.0,28.0,Poor,Stay away,32,-0.8,-9.8,-4.9,42.8,0,,Consumer Cyclical,78955240.0,458583.15
BELGF,Bellevue Gold Limited,0.918,9,12,10,2,3,2,5,43,-15.0,28.0,Poor,Stay away,31,3.8,-1.1,1.3,49.9,1,,Basic Materials,1341590016.0,10101.73
WEBJF,Webjet Limited,0.93,5,4,9,6,3,2,4,33,-10.0,28.0,Poor,🔥 COILED: Stay away,26,0.0,0.0,0.0,50.0,0,,Consumer Cyclical,336648032.0,23.0
SHANF,Shandong Molong Petroleum Machinery Company Limited,0.94,7,3,9,4,3,5,4,35,-10.0,28.0,Poor,Stay away,46,0.0,0.0,-0.1,16.2,0,,Energy,224195392.0,5.5
MRM,Medirom Healthcare Technologies Inc,0.92,6,7,5,8,0,0,2,28,0.0,28.0,Poor,Stay away,23,-6.7,-6.7,-7.7,37.8,0,,Consumer Cyclical,7270585.0,478410.44
BCWG,BCW Group Holding Inc,1.0,7,3,10,6,3,2,4,35,-10.0,28.0,Poor,Stay away,36,0.0,0.0,-0.0,20.1,0,,Communication Services,100000000.0,16.0
CAHXX,State Street Institutional U.S. Government Money Market Fund,1.0,5,4,10,4,3,1,4,31,-8.0,28.0,Poor,🔥 COILED: Stay away,29,0.0,0.0,-0.3,42.7,0,,nan,nan,0.0
COUTF,China Outfitters Holdings Ltd,0.01,5,4,9,5,3,2,4,32,-10.0,27.0,Poor,🔥 COILED: Stay away,27,0.0,0.0,0.0,50.0,0,,Consumer Cyclical,34454500.0,50.0
KLXDF,KLXDF,0.011,7,6,10,6,3,6,4,42,-18.0,27.0,Poor,Stay away,48,0.0,0.0,0.0,73.9,1,,Technology,15513878.0,3740.0
EESH,Eestech Inc,0.01,6,5,0,12,0,4,2,29,2.0,27.0,Poor,Stay away,13,-71.2,4900.0,-63.2,40.8,2,,Industrials,3203395.0,4601.16
RATHF,Rathdowney Resources Ltd,0.001,6,3,10,6,3,2,4,34,-10.0,27.0,Poor,Stay away,17,0.0,0.0,-0.2,12.9,0,,Basic Materials,2304274.0,1111.0
ZHUD,Zhuding International Ltd,0.008,11,4,3,9,3,0,5,35,-8.0,27.0,Poor,Stay away,48,-30.5,24.2,-6.0,49.0,2,,Financial Services,1538274.0,137025.99
NBCO,Neon Bloom Inc,0.006,6,7,6,10,0,1,4,34,-3.0,27.0,Poor,Stay away,25,-4.8,0.0,-2.9,34.3,1,,Healthcare,1273564.0,12070.28
GBBGF,Global Li-Ion Graphite Corp,0.011,5,4,2,8,0,6,2,27,0.0,27.0,Poor,Stay away,16,-17.4,-25.3,-22.7,36.4,0,,Basic Materials,986288.0,6635.21
PFRRF,PetroFrontier Corp,0.004,9,6,11,7,3,2,4,42,-18.0,27.0,Poor,Stay away,39,0.0,0.0,0.0,99.9,1,,Energy,958109.0,1380.0
ULIX,Ulixe Corp.,0.006,10,7,8,2,0,1,4,32,-10.0,27.0,Poor,🔥 COILED: Stay away,18,0.0,0.0,0.3,36.8,0,,Technology,839640.0,3919.92
PNDHF,Pond Technologies Holdings Inc,0.008,8,4,10,6,3,2,4,37,-15.0,27.0,Poor,🔥 COILED: Stay away,49,0.0,0.0,-0.0,48.5,1,,Consumer Defensive,513553.0,352.5
XTMIF,XTM Inc,0.001,3,3,9,7,3,3,4,32,-5.0,27.0,Poor,Stay away,17,0.0,0.0,-13.3,0.3,1,,Technology,390918.0,14976.72
LVCE,Livecare Corp,0.006,7,3,10,6,3,1,4,34,-10.0,27.0,Poor,Stay away,25,0.0,0.0,-0.0,6.7,0,,Healthcare,357224.0,1034.13
RVTI,Rival Technologies Inc,0.005,6,8,8,6,3,1,4,36,-12.0,27.0,Poor,Stay away,35,0.0,0.0,0.0,66.0,0,,Basic Materials,243947.0,2282.58
AUCCF,Goldplay Mining Inc,0.002,3,3,9,5,3,7,4,34,-10.0,27.0,Poor,Stay away,17,0.0,0.0,-32.9,19.7,0,,Basic Materials,200022.0,1364.76
RNGG,Reno Gold Corporation,0.005,9,13,3,9,8,2,5,49,-18.0,27.0,Poor,Stay away,31,11.4,11.4,13.5,57.6,3,,Basic Materials,2754.0,2791.73
DUBRF,Dubber Corporation Limited,0.011,3,4,1,8,2,3,4,25,-3.0,27.0,Poor,🔥 COILED: Stay away,34,0.0,0.0,-1.7,48.8,1,,Technology,52608484.0,515.0
LECRF,Leocor Gold Inc,0.017,3,8,0,7,3,2,2,25,2.0,27.0,Poor,Stay away,21,23.9,-40.7,-27.7,37.2,0,,Basic Materials,10580379.0,15314.3
ARXRF,Infinite Ore Corp,0.013,9,13,7,2,4,0,2,37,-13.0,27.0,Poor,🔥 COILED: Stay away,35,-2.3,0.0,0.9,50.2,0,,Basic Materials,3815033.0,0.0
QPTFF,Quest PharmaTech Inc,0.02,5,4,2,8,3,3,2,27,0.0,27.0,Poor,Stay away,30,0.0,0.0,-9.3,1.5,0,,Healthcare,3382585.0,12903.88
ENCC,Encompass Compliance Corp,0.014,14,5,5,14,5,4,5,52,-25.0,27.0,Poor,Stay away,52,-10.0,57.0,18.2,62.5,3,,Financial Services,2023995.0,593820.27
BSTK,Brite-Strike Tactical Illumination Products Inc,0.02,17,5,2,7,3,1,5,40,-13.0,27.0,Poor,Stay away,53,0.0,25.0,9.4,71.8,2,,Industrials,1451002.0,7894.68
DZCA,DrazCanna Inc.,0.013,9,6,11,7,3,2,4,42,-18.0,27.0,Poor,Stay away,56,0.0,0.0,0.0,99.2,1,,Financial Services,129345.0,22.75
EELFD,Barys Resources Ltd,0.028,17,5,6,9,6,2,5,50,-23.0,27.0,Poor,Stay away,55,0.0,0.0,30.5,100.0,0,,Basic Materials,7392948.0,289.76
GELGF,Chatham Rock Phosphate Limited,0.03,8,6,10,6,3,2,4,39,-15.0,27.0,Poor,Stay away,0,0.0,0.0,-0.0,4.2,1,,Basic Materials,3462323.0,0.0
QMCQF,QMC Quantum Minerals Corp,0.024,6,10,6,4,3,4,2,35,-8.0,27.0,Poor,Stay away,22,-7.6,1.7,0.5,49.2,0,,Basic Materials,3067325.0,20846.87
VLXC,Veltex Corporation,0.03,3,6,7,9,3,2,2,32,-5.0,27.0,Poor,Stay away,25,0.0,4.2,-5.3,43.9,1,,Healthcare,2944978.0,0.0
TUGAF,TUGA Innovations Inc,0.027,13,5,4,5,6,2,4,39,-15.0,27.0,Poor,Stay away,47,0.0,0.0,5.4,56.2,1,,Consumer Cyclical,2636298.0,149.63
MNTR,Mentor Capital Inc.,0.03,3,5,3,9,3,2,4,29,-5.0,27.0,Poor,Stay away,12,-6.2,0.0,-8.4,46.0,1,,Financial Services,635403.0,24402.58
DLPX,Delphax Technologies Inc,0.025,10,7,10,5,0,1,4,37,-15.0,27.0,Poor,🔥 COILED: Stay away,11,0.0,0.0,-0.1,41.6,1,,Industrials,172986.0,2652.47
CIRX,CirTran Corporation,0.03,8,7,9,11,3,4,5,47,-20.0,27.0,Poor,Stay away,48,0.0,32.2,2.3,50.2,3,,Industrials,148362.0,10025.27
FSTF,First State Financial Corporation,0.023,15,9,5,12,3,3,5,52,-21,27,Poor,Stay away,40,160.0,160.0,53.2,65.5,2,7,Industrials,138535.0,1192.57
EUDAW,EUDA Health Holdings Limited,0.03,6,13,6,8,3,2,2,40,-16.0,27.0,Poor,Stay away,30,21.6,20.6,12.0,52.8,3,,nan,nan,36186.03
UBYHD,UBYHD,0.025,12,5,6,5,3,1,2,34,-10.0,27.0,Poor,Stay away,46,0.0,0.0,1.8,55.6,0,,Financial Services,nan,345.5
EPRJF,Emperor Watch & Jewellery Limited,0.035,2,7,0,7,3,6,2,27,0.0,27.0,Poor,Stay away,14,0.0,-17.7,-7.2,25.3,0,,Consumer Cyclical,253186544.0,20.01
PCPDF,Pacific Century Premium Developments Limited,0.033,15,5,12,6,4,5,5,52,-25.0,27.0,Poor,Stay away,49,0.0,0.0,12.6,70.6,1,,Real Estate,39241192.0,709.7
DPNEF,Daphne International Holdings Limited,0.04,5,6,10,6,3,2,4,36,-12.0,27.0,Poor,Stay away,29,0.0,0.0,-0.0,61.1,0,,Consumer Cyclical,34229764.0,0.0
HAPBF,Hapbee Technologies Inc,0.035,4,6,8,5,6,3,2,34,-10.0,27.0,Poor,Stay away,34,6.1,-5.4,-1.1,49.3,0,,Technology,9158139.0,49842.38
CHBOF,China Bozza Development Holdings Limited,0.033,6,3,10,5,3,3,4,34,-10.0,27.0,Poor,Stay away,35,0.0,0.0,-0.1,1.2,0,,Basic Materials,5334376.0,49674.0
NSHRF,Northern Shield Resources Inc,0.031,19,9,12,6,4,2,5,57,-30,27,Poor,Stay away,45,49.0,49.0,37.3,75.6,3,,Basic Materials,5217037.0,0.0
HEXPF,Huntington Exploration Inc,0.031,8,6,10,6,3,2,4,39,-15.0,27.0,Poor,Stay away,35,0.0,0.0,-0.0,31.3,1,,Basic Materials,3345910.0,140.0
PRRSF,Posera Ltd,0.032,7,8,4,7,0,2,4,32,-5.0,27.0,Poor,Stay away,16,-9.5,-1.8,-4.6,45.7,1,,Basic Materials,3677132.0,55569.64
TBRIF,Therma Bright Inc,0.039,13,4,8,9,6,5,5,50,-23.0,27.0,Poor,Stay away,42,0.0,14.7,5.9,79.9,3,,Healthcare,2449865.0,1789.81
PFFOF,Portofino Resources Inc,0.038,10,7,4,5,6,3,2,37,-10.0,27.0,Poor,Stay away,47,0.0,0.0,-1.5,48.4,0,,Basic Materials,735109.0,1489.44
JORFF,Jourdan Resources Inc,0.042,5,9,7,3,9,0,2,35,-8.0,27.0,Poor,Stay away,43,-2.1,-15.6,-3.2,46.8,0,,Basic Materials,19849648.0,77776.63
SAIHW,SAIHEAT Limited,0.047,14,6,5,6,6,11,5,53,-24,27,Poor,Stay away,52,57.0,57.0,36.8,70.5,2,6,nan,nan,0.0
GSFD,Global Seafood Technologies Inc,0.065,18,7,5,13,3,6,5,57,-26.0,27.0,Poor,Stay away,42,16.1,14.0,10.9,73.0,3,,Consumer Defensive,1222248.0,3603.0
TCSG,"The Container Store Group, Inc.",0.08,7,4,2,7,1,2,4,27,0.0,27.0,Poor,Stay away,28,-5.9,-5.9,-3.9,46.4,0,,Consumer Cyclical,nan,213129.0
CODMF,Coda Minerals Limited,0.09,9,6,11,6,0,6,4,42,-18.0,27.0,Poor,Stay away,53,0.0,0.0,0.0,77.7,1,,Basic Materials,33677580.0,713.88
NVRVF,Novra Technologies Inc,0.082,3,2,6,8,4,4,2,29,-2.0,27.0,Poor,Stay away,24,-9.2,-17.8,-12.5,12.9,0,,Technology,2912964.0,8064.29
LAFAR,LaFayette Acquisition Corp. Rights,0.09,2,4,2,8,0,6,2,24,0.0,27.0,Poor,Stay away,31,0.0,-41.9,-10.6,40.6,0,,nan,nan,0.0
FDOGF,Friday's Dog Holdings Inc.,0.091,9,3,11,8,0,2,4,37,-13.0,27.0,Poor,Stay away,45,0.0,0.0,0.0,93.2,0,,Consumer Defensive,7846635.0,78.98
HZNFF,Horizon Oil Limited,0.14,0,3,6,10,3,3,2,27,0.0,27.0,Poor,Stay away,17,-6.7,-6.7,-8.4,34.1,0,,Energy,230682208.0,0.0
KBSR,KBS Real Estate Investment Trust III Inc,0.121,3,4,6,8,3,3,5,32,-5.0,27.0,Poor,Stay away,15,0.0,0.0,-31.1,20.6,1,,nan,133664400.0,1183.5
ABDXF,Abingdon Health Plc,0.132,7,13,1,5,3,3,3,35,-11.0,27.0,Poor,Stay away,37,0.8,-0.2,-2.7,45.3,2,,Healthcare,32640120.0,3339.25
GHVNF,GoldHaven Resources Corp,0.124,3,11,8,8,4,1,2,37,-8.0,27.0,Poor,Stay away,21,1.1,8.2,-3.2,45.3,2,,Basic Materials,10685607.0,173980.0
OMGPF,Omega Pacific Resources Inc.,0.117,5,7,2,7,3,3,2,29,-5.0,27.0,Poor,Stay away,24,0.0,0.0,-2.5,42.5,1,,Basic Materials,7761848.0,1969.0
KIQSF,Kelso Technologies Inc.,0.1,3,11,1,7,6,0,2,30,-3.0,27.0,Poor,Stay away,33,0.0,-9.1,-1.5,48.6,1,,Industrials,5195271.0,34868.54
FBDS,Fuss Brands Corp.,0.101,9,4,11,5,0,6,4,39,-15.0,27.0,Poor,Stay away,43,0.0,0.0,0.0,55.6,1,,Financial Services,2166761.0,46.11
CHIZF,China Traditional Chinese Medicine Holdings Co. Limited,0.163,3,7,0,9,3,3,4,29,-5.0,27.0,Poor,Stay away,12,0.0,0.0,-4.9,40.8,1,,Healthcare,1376788096.0,114.0
QTEYF,Questerre Energy Corporation,0.18,12,5,7,14,0,3,5,46,-22.0,27.0,Poor,Stay away,24,5.9,12.5,4.8,60.8,3,,Energy,80493992.0,2329.0
NMTLF,New Age Metals Inc,0.185,5,14,9,4,3,2,3,40,-11.0,27.0,Poor,Stay away,31,8.0,9.3,1.5,49.6,1,,Basic Materials,12501417.0,83799.94
AMNTF,Asia Cement (China) Holdings Corporation,0.207,3,7,2,7,3,3,2,27,0.0,27.0,Poor,Stay away,14,0.0,0.0,-7.7,34.8,0,,Basic Materials,501235616.0,9.1
GOSS,Gossamer Bio Inc,0.205,15,13,6,15,4,1,5,59,-28,27,Poor,Stay away,33,32.3,46.5,22.4,59.0,3,,Healthcare,100262464.0,13910207.64
RGCCF,Relevant Gold Corp,0.24,4,7,8,9,2,2,2,34,-10.0,27.0,Poor,Stay away,22,0.5,0.1,-1.5,43.5,1,,Basic Materials,34909592.0,48486.06
MKTSF,DeepMarkit Corp.,0.213,1,8,4,7,4,4,2,30,-3.0,27.0,Poor,Stay away,18,0.2,-9.2,-9.4,28.4,2,,Technology,14756546.0,2888.24
MLMLF,McFarlane Lake Mining Limited,0.265,18,5,5,15,3,2,5,53,-26.0,27.0,Poor,Stay away,57,7.1,0.0,10.7,60.4,1,,Basic Materials,127374792.0,615681.36
SLVRF,Silver One Resources Inc,0.277,6,8,8,7,2,3,5,39,-12.0,27.0,Poor,Stay away,28,-0.8,4.9,-1.1,47.2,1,,Basic Materials,97753264.0,432105.77
IZM,ICZOOM Group Inc. Class A Ordinary Shares,0.25,1,10,5,9,2,0,2,29,-2.0,27.0,Poor,Stay away,21,-19.6,-9.7,-16.7,38.7,0,,Technology,3004527.0,1011585.38
MNIZ,Gen 2 Technologies Inc,0.28,11,6,3,9,3,1,4,37,-10.0,27.0,Poor,Stay away,36,31.5,30.8,5.5,50.9,2,,Communication Services,990836.0,2503.0
IESVF,Invinity Energy Systems plc,0.32,3,8,2,9,4,2,2,30,-3.0,27.0,Poor,Stay away,33,-0.6,-15.2,-11.3,37.2,1,,Industrials,182204192.0,21427.57
ISTKF,Intellistake Technologies Corp.,0.306,9,14,5,15,4,0,5,52,-23.0,27.0,Poor,Stay away,30,-2.0,12.8,9.3,57.2,3,,Technology,45365860.0,69535.88
BMTLD,BeMetals Corp.,0.349,4,8,7,5,6,5,2,37,-15.0,27.0,Poor,🔥 COILED: Stay away,49,0.0,0.0,-1.6,40.9,1,,Basic Materials,10733214.0,1110.65
SCNX,"Scienture Holdings, Inc.",0.375,3,10,3,11,5,0,5,37,-8.0,27.0,Poor,Stay away,37,-3.6,-3.6,-1.2,48.7,1,,Healthcare,15236556.0,8512671.16
SBEV,Splash Beverage Group Inc,0.353,17,7,7,9,5,2,5,52,-23,27,Poor,Stay away,37,275.5,239.4,113.2,75.9,3,7,Consumer Defensive,2221380.0,2338382.25
CEGHF,China Education Group Holdings Limited,0.415,5,4,9,5,3,2,4,32,-10.0,27.0,Poor,🔥 COILED: Stay away,28,0.0,0.0,0.0,50.0,0,,Consumer Defensive,1162129792.0,175.0
DGTCF,DIGITAL CORE REIT,0.49,6,11,7,3,3,1,4,35,-8.0,27.0,Poor,Stay away,38,0.0,-2.0,0.4,51.0,0,,Real Estate,665044992.0,11578.74
LUOYF,Luoyang Glass Company Limited,0.457,4,4,2,7,3,1,4,25,-3.0,27.0,Poor,🔥 COILED: Stay away,27,0.0,0.0,-0.9,47.0,1,,Basic Materials,376815872.0,61.25
ALUB-WT,Alussa Energy Acquisition Corp II WT,0.5,17,7,8,5,1,3,5,46,-19.0,27.0,Poor,Stay away,0,24.7,-0.0,13.1,61.0,0,,nan,nan,0.0
XTPEF,Xtep International Holdings Limited,0.591,5,6,10,5,3,1,4,34,-10.0,27.0,Poor,Stay away,0,0.0,0.0,-0.1,26.7,0,,Consumer Cyclical,1615508096.0,0.0
AWLRF,AWLRF,0.567,11,5,4,13,1,2,5,41,-14.0,27.0,Poor,Stay away,34,-5.5,3.1,-0.9,49.9,1,,Basic Materials,67459360.0,80573.97
XRPNW,Armada Acquisition Corp. II,0.75,8,4,3,12,3,0,5,35,-8.0,27.0,Poor,Stay away,41,-7.7,-6.8,-4.1,47.1,0,,nan,nan,57359.15
GGRP,"The Glimpse Group, Inc.",0.895,16,5,5,9,5,2,5,47,-20.0,27.0,Poor,Stay away,53,4.3,10.6,6.0,56.7,3,,Technology,19420436.0,232485.64
BGMS,"Bio Green Med Solution, Inc.",0.894,8,8,4,2,0,5,5,32,-8.0,27.0,Poor,Stay away,35,1.1,-1.7,-0.6,49.4,0,,Healthcare,4936049.0,876444.24
MATH,Metalpha Technology Holding Limited,0.938,5,12,5,3,3,2,2,32,-8.0,27.0,Poor,Stay away,30,3.0,-5.3,1.9,50.2,1,,Financial Services,44192216.0,78758.91
QNTPF,XtalPi Holdings Limited,0.918,5,4,5,9,0,2,2,27,0.0,27.0,Poor,Stay away,24,-7.0,10.4,-4.1,44.8,2,,nan,nan,10245.16
ALMMF,Aluminum Corporation of China Limited,0.99,6,8,8,4,3,2,3,34,-10.0,27.0,Poor,Stay away,18,-4.8,-3.9,-4.2,43.3,0,,Basic Materials,16983421952.0,11235.0
NPACY,Quadient SA ADR,0.95,13,6,11,5,4,2,4,45,-23.0,27.0,Poor,🔥 COILED: Stay away,38,0.0,0.0,0.2,81.3,1,,Technology,482699936.0,294.59
GLAI,Global AI Inc,1.0,12,3,5,10,3,4,5,42,-15.0,27.0,Poor,Stay away,33,-16.7,-12.3,2.2,53.2,1,,Industrials,147356432.0,5372.65
MDIA,Mediaco Holding Inc,0.97,9,4,6,12,2,4,5,42,-15.0,27.0,Poor,Stay away,49,-4.9,-5.8,-1.2,50.8,1,,Communication Services,79854512.0,69111.9
FPZXX,First American Funds Inc. - First American Institutional Prime Obligations Fund,1.0,4,4,9,6,3,2,4,32,-10.0,27.0,Poor,🔥 COILED: Stay away,39,0.0,0.0,-0.0,47.0,0,,nan,nan,0.0
VTGXX,State Street Institutional U.S. Government Money Market Fund,1.0,5,5,10,4,3,1,4,32,-10.0,27.0,Poor,🔥 COILED: Stay away,29,0.0,0.0,-0.3,42.7,0,,nan,nan,0.0
PTGOF,PT. Global Mediacom Tbk,0.008,2,4,10,6,3,2,4,31,-10.0,26.0,Poor,🔥 COILED: Stay away,31,0.0,0.0,0.0,50.0,0,,Communication Services,130820104.0,0.0
FTZZF,Fertoz Limited,0.007,8,4,9,6,3,2,4,36,-15.0,26.0,Poor,🔥 COILED: Stay away,30,0.0,0.0,-0.0,48.1,1,,Basic Materials,62157848.0,4000.0
CNER,China New Energy Group Co,0.007,15,5,7,4,4,1,5,41,-15.0,26.0,Poor,Stay away,29,0.0,0.0,8.7,57.1,1,,Utilities,50663476.0,0.0
UNBSF,UNBSF,0.004,2,4,10,6,3,2,4,31,-10.0,26.0,Poor,🔥 COILED: Stay away,31,0.0,0.0,0.0,50.0,0,,Healthcare,23884914.0,0.0
RRLTF,RRLTF,0.01,2,4,10,6,3,2,4,31,-10.0,26.0,Poor,🔥 COILED: Stay away,0,0.0,0.0,0.0,50.0,0,,Basic Materials,12752726.0,0.0
YTRGF,Y. T. Realty Group Limited,0.01,7,4,10,6,3,2,4,36,-15.0,26.0,Poor,🔥 COILED: Stay away,41,0.0,0.0,-0.0,49.8,1,,Real Estate,11993361.0,28.5
KWGBF,KWG Resources Inc,0.006,3,4,6,7,1,3,2,26,0.0,26.0,Poor,Stay away,14,0.0,-6.8,-2.5,46.9,0,,Basic Materials,10186410.0,53335.92
KDGLF,KDGLF,0.001,5,4,9,4,3,2,4,31,-10.0,26.0,Poor,🔥 COILED: Stay away,26,0.0,0.0,0.0,50.0,0,,Energy,8599508.0,50.0
LBTD,Lotus Bio-Technology Development Corp,0.01,2,4,10,6,3,2,4,31,-10.0,26.0,Poor,🔥 COILED: Stay away,32,0.0,0.0,0.0,50.0,0,,Basic Materials,8062837.0,0.8
RCCMF,Nippon Dragon Resources Inc,0.003,7,6,10,6,3,2,4,38,-15.0,26.0,Poor,Stay away,36,0.0,0.0,-0.0,10.3,1,,Basic Materials,7384851.0,93.0
MBAK,MBAK Energy Solutions Inc.,0.002,3,7,3,7,4,0,2,26,0.0,26.0,Poor,Stay away,15,-27.6,-16.0,-21.0,34.8,1,,Consumer Cyclical,6420653.0,3762610.48
ADMRF,ADMRF,0.002,2,4,10,6,3,2,4,31,-10.0,26.0,Poor,🔥 COILED: Stay away,0,0.0,0.0,0.0,50.0,0,,Basic Materials,5521906.0,0.0
YWGRF,Yowie Group Limited,0.01,2,4,10,6,3,2,4,31,-10.0,26.0,Poor,🔥 COILED: Stay away,32,0.0,0.0,0.0,50.0,0,,Consumer Defensive,2293679.0,782.1
LIOEF,Lion Energy Limited,0.005,2,4,10,6,3,2,4,31,-10.0,26.0,Poor,🔥 COILED: Stay away,32,0.0,0.0,0.0,50.0,0,,Energy,2260883.0,3.5
BKRP,Black Rock Petroleum Co,0.01,2,4,10,6,3,2,4,31,-10.0,26.0,Poor,🔥 COILED: Stay away,31,0.0,0.0,0.0,50.0,0,,Energy,2000000.0,17.5
BRZV,Fitvia Corp,0.01,16,9,4,9,8,0,5,51,-25.0,26.0,Poor,Stay away,61,16.3,66.7,49.5,100.0,2,,Consumer Defensive,1870740.0,14325.06
KSRPF,KSRPF,0.01,2,4,10,6,3,2,4,31,-10.0,26.0,Poor,🔥 COILED: Stay away,31,0.0,0.0,0.0,50.0,0,,nan,1568730.0,0.0
INNX,Infinite Networks Corporation,0.002,18,4,7,14,6,2,5,56,-30,26,Poor,Stay away,57,0.0,53.8,28.7,100.0,3,,Financial Services,1477623.0,8042.04
RCWDF,RightCrowd Ltd,0.005,2,4,10,6,3,2,4,31,-10.0,26.0,Poor,🔥 COILED: Stay away,32,0.0,0.0,0.0,50.0,0,,Technology,1424114.0,1800.0
VYRE,Vyre Network,0.002,3,7,0,10,7,0,2,29,-3.0,26.0,Poor,Stay away,27,-36.1,-54.0,-29.4,45.3,0,,Communication Services,1199360.0,175472.16
EFVIF,EF EnergyFunders Ventures Inc.,0.001,2,4,10,6,3,2,4,31,-10.0,26.0,Poor,🔥 COILED: Stay away,32,0.0,0.0,0.0,50.0,0,,Energy,685328.0,6446.0
HHGI,Hawaiian Hospitality Group Inc,0.001,2,4,10,6,3,2,4,31,-10.0,26.0,Poor,🔥 COILED: Stay away,32,0.0,0.0,0.0,50.0,0,,Industrials,607362.0,350.0
GGLXF,GGL Resources Corp,0.005,1,4,1,7,3,1,4,21,0.0,26.0,Poor,🔥 COILED: Stay away,27,0.0,0.0,-17.7,47.9,0,,Basic Materials,521787.0,471.78
SSGOF,Stop Sleep Go Inc,0.004,2,4,10,6,3,2,4,31,-10.0,26.0,Poor,🔥 COILED: Stay away,32,0.0,0.0,0.0,50.0,0,,Consumer Cyclical,184800.0,25.5
FRMC,Formcap Corp,0.002,2,4,10,6,3,2,4,31,-10.0,26.0,Poor,🔥 COILED: Stay away,32,0.0,0.0,0.0,50.0,0,,Energy,186567.0,3.5
AOGC,Australian Oil & Gas Corporation,0.002,2,4,10,6,3,2,4,31,-10.0,26.0,Poor,🔥 COILED: Stay away,31,0.0,0.0,0.0,50.0,0,,Energy,103846.0,31.8
CPQQ,China Power Equipment Inc,0.005,2,4,10,6,3,2,4,31,-10.0,26.0,Poor,🔥 COILED: Stay away,32,0.0,0.0,0.0,50.0,0,,Technology,100953.0,606.81
PTVRF,Petro-Victory Energy Corp,0.001,3,7,1,7,3,3,4,28,-5.0,26.0,Poor,Stay away,13,0.0,0.0,-96.5,43.4,1,,Energy,37063.0,154.81
ETAR,Entertainment Arts Inc,0.01,2,4,10,6,3,2,4,31,-10.0,26.0,Poor,🔥 COILED: Stay away,32,0.0,0.0,0.0,50.0,0,,Communication Services,nan,200.0
ISVG,Integrated Services Group Inc,0.001,2,4,10,6,3,2,4,31,-10.0,26.0,Poor,🔥 COILED: Stay away,32,0.0,0.0,0.0,50.0,0,,Technology,nan,218.75
SDNVY,"Siderurgica Venezolana ""Sivensa"" S.A",0.001,2,4,10,6,3,2,4,31,-10.0,26.0,Poor,🔥 COILED: Stay away,32,0.0,0.0,0.0,50.0,0,,Basic Materials,nan,26.56
TSEOQ,TSEOQ,0.002,6,7,7,6,4,0,4,34,-8.0,26.0,Poor,Stay away,0,0.0,0.0,-48.9,41.1,0,,nan,nan,0.0
CHFHF,China Foods Limited,0.012,2,4,10,6,3,2,4,31,-10.0,26.0,Poor,🔥 COILED: Stay away,32,0.0,0.0,0.0,50.0,0,,Financial Services,202859984.0,5.0
GBNW,Global Energy Networks Corp,0.02,2,4,10,6,3,2,4,31,-10.0,26.0,Poor,🔥 COILED: Stay away,32,0.0,0.0,0.0,50.0,0,,Communication Services,100274528.0,10.4
HHIGF,Huisen Shares Group Limited,0.02,2,4,10,6,3,2,4,31,-10.0,26.0,Poor,🔥 COILED: Stay away,32,0.0,0.0,0.0,50.0,0,,Consumer Cyclical,76578160.0,750.0
PRTDF,Petro Matad Limited,0.014,5,5,8,2,4,5,2,31,-10.0,26.0,Poor,🔥 COILED: Stay away,24,0.0,0.0,-1.8,40.8,0,,Energy,26952604.0,11763.69
AGLY,Agiliti Inc,0.017,5,3,10,6,3,2,4,33,-10.0,26.0,Poor,Stay away,30,0.0,0.0,-0.0,27.5,0,,Financial Services,10267490.0,15.37
NWPG,Newport Gold Inc,0.017,15,4,1,15,3,3,5,46,-20.0,26.0,Poor,Stay away,58,16.0,-25.6,-2.5,50.7,1,,Basic Materials,4550417.0,686531.79
AXMIF,AXMIN Inc,0.017,2,4,10,6,3,2,4,31,-10.0,26.0,Poor,🔥 COILED: Stay away,31,0.0,0.0,0.0,50.0,0,,Basic Materials,3196521.0,36.0
HANCF,Hanstone Gold Corp,0.014,8,6,5,6,3,4,4,36,-13.0,26.0,Poor,Stay away,27,0.0,0.0,0.6,49.2,1,,Basic Materials,485915.0,2460.1
VINC,"Vincerx Pharma, Inc. Common Stock",0.013,5,7,3,9,4,1,2,31,-5.0,26.0,Poor,Stay away,28,0.0,0.0,-1.6,48.0,1,,Healthcare,68045.0,27467.87
CINGW,Cingulate Inc. Warrants,0.017,0,7,2,8,4,4,2,27,-6.0,26.0,Poor,Stay away,30,-23.9,-16.2,-34.3,45.9,2,,nan,nan,31430.94
ENTEF,ESE Entertainment Inc,0.023,4,12,9,4,3,2,2,36,-11.0,26.0,Poor,Stay away,29,0.0,4.5,1.7,49.7,1,,Communication Services,2503727.0,96476.53
HWTHF,Wildsky Resources Inc,0.021,3,3,8,5,3,7,4,33,-10.0,26.0,Poor,Stay away,22,0.0,0.0,-19.4,4.4,0,,Basic Materials,1181105.0,234.39
MOOOF,Bettermoo(d) Food Corporation,0.027,9,6,10,7,3,2,4,41,-18.0,26.0,Poor,Stay away,37,0.0,0.0,0.0,99.5,1,,Consumer Defensive,160943.0,0.22
CTNMF,CTNMF,0.027,2,4,10,6,3,2,4,31,-10.0,26.0,Poor,🔥 COILED: Stay away,0,0.0,0.0,0.0,50.0,0,,Basic Materials,nan,0.0
AAM,AA Mission Acquisition Corp.,0.034,9,7,7,5,0,2,3,33,-8.0,26.0,Poor,Stay away,27,6.2,0.0,0.2,45.7,0,,Financial Services,468762848.0,522754.77
INIKF,PopReach Corporation,0.039,4,5,8,6,4,3,4,34,-13.0,26.0,Poor,🔥 COILED: Stay away,38,0.0,0.0,-0.7,46.6,1,,Communication Services,25457896.0,19470.25
HUAGF,HUAGF,0.035,2,4,10,6,3,2,4,31,-10.0,26.0,Poor,🔥 COILED: Stay away,0,0.0,0.0,0.0,50.0,0,,Communication Services,24660800.0,0.0
ADXDF,Adex Mining Inc,0.033,1,5,2,11,3,2,2,26,0.0,26.0,Poor,Stay away,26,-12.5,-74.6,-42.4,39.1,0,,Basic Materials,22347978.0,14330.18
UNRG,United Energy Corp,0.04,7,15,3,4,4,2,2,37,-11.0,26.0,Poor,Stay away,35,-7.0,2.6,-7.3,43.4,1,,Energy,21690854.0,614130.11
BHSIF,Bayhorse Silver Inc,0.032,7,13,4,0,3,2,5,34,-11.0,26.0,Poor,Stay away,19,7.3,7.3,1.4,49.8,2,,Basic Materials,13448489.0,270566.93
ADMT,Adm Tronics Unltd,0.04,3,6,3,7,3,2,2,26,0.0,26.0,Poor,Stay away,20,0.0,0.0,-7.4,41.1,0,,Healthcare,2703539.0,17212.49
QUAN,Quantum Int. Corp,0.036,7,16,5,3,4,2,2,39,-13.0,26.0,Poor,Stay away,31,1.7,1.1,4.2,50.9,2,,Technology,980656.0,134809.7
SMIT,Schmitt Industries Inc,0.033,14,4,11,14,6,2,5,56,-30,26,Poor,Stay away,55,0.0,19.5,9.0,89.6,3,,Technology,127974.0,738.29
HISNF,Hi Sun Technology (China) Limited,0.05,17,4,6,12,3,2,5,49,-23.0,26.0,Poor,Stay away,48,0.0,0.0,25.4,100.0,1,,Technology,135628400.0,3500.0
PTBKF,PTBKF,0.053,2,4,10,6,3,2,4,31,-10.0,26.0,Poor,🔥 COILED: Stay away,32,0.0,0.0,0.0,50.0,0,,Communication Services,3353048320.0,0.5
JUTOF,Jutal Offshore Oil Services Ltd,0.058,5,3,10,6,3,2,4,33,-10.0,26.0,Poor,Stay away,22,0.0,0.0,-0.1,30.0,0,,Energy,223248528.0,439.49
GUGNF,GDH Guangnan (Holdings) Limited,0.06,2,4,10,6,3,2,4,31,-10.0,26.0,Poor,🔥 COILED: Stay away,31,0.0,0.0,0.0,50.0,0,,Consumer Defensive,54455596.0,0.0
MEDIF,Medipharm Labs Corp,0.054,7,6,1,12,2,0,5,33,-5.0,26.0,Poor,Stay away,48,-3.6,1.9,-1.4,48.2,1,,Healthcare,21625592.0,120861.18
VIAOY,VIA optronics AG,0.06,12,5,2,3,6,3,2,33,-15.0,26.0,Poor,🔥 COILED: Stay away,33,0.0,0.0,-0.0,50.8,1,,Technology,1359210.0,2940.1
PBIIF,PBIIF,0.07,2,4,10,6,3,2,4,31,-10.0,26.0,Poor,🔥 COILED: Stay away,32,0.0,0.0,0.0,50.0,0,,Financial Services,1032456832.0,1000.0
SSGLF,SSGLF,0.07,2,4,10,6,3,2,4,31,-10.0,26.0,Poor,🔥 COILED: Stay away,31,0.0,0.0,0.0,50.0,0,,nan,7628483.0,0.0
ARBTF,Argo Gold Inc,0.062,8,5,1,10,1,3,3,31,-5.0,26.0,Poor,Stay away,30,10.3,6.9,-2.1,47.4,1,,Basic Materials,4476651.0,9018.21
IMPZY,Implanet SA ADR,0.08,2,4,10,6,3,2,4,31,-10.0,26.0,Poor,🔥 COILED: Stay away,32,0.0,0.0,0.0,50.0,0,,Healthcare,230110352.0,35.08
GWAYF,Greenway Greenhouse Cannabis Corporation,0.08,1,7,0,8,4,2,2,24,2.0,26.0,Poor,Stay away,17,-8.2,-70.5,-38.3,39.0,0,,Healthcare,10600994.0,897.35
USCMF,US Critical Metals Corp.,0.079,2,7,2,9,2,2,2,26,0.0,26.0,Poor,Stay away,5,-11.0,-12.6,-15.0,38.8,0,,Basic Materials,2848883.0,180495.77
GCPEF,GCL-Poly Energy Holdings Limited,0.09,3,3,10,8,0,3,4,31,-5.0,26.0,Poor,Stay away,14,0.0,0.0,-2.1,31.1,1,,Technology,3164340224.0,7790.75
MHIVF,Invesque Inc,0.085,4,10,5,7,6,2,2,36,-10.0,26.0,Poor,Stay away,41,0.0,-2.3,-1.8,46.1,1,,Real Estate,77649104.0,10444.52
MMMW,Mass Megawat Wind Pw,0.084,2,5,5,8,3,1,2,26,-5.0,26.0,Poor,🔥 COILED: Stay away,30,0.0,0.0,-3.7,43.8,1,,Utilities,188232.0,1406.97
BIAFW,bioAffinity Technologies Inc. Warrant,0.088,3,4,1,8,2,6,2,26,0.0,26.0,Poor,Stay away,17,3.8,-54.0,-38.1,36.7,1,,nan,nan,0.0
GLHRF,Golden Harp Resources Inc,0.096,2,4,10,6,3,2,4,31,-10.0,26.0,Poor,🔥 COILED: Stay away,32,0.0,0.0,0.0,50.0,0,,Basic Materials,5799507.0,31.4
CCGDF,China Cinda Asset Management Co. Ltd,0.134,5,3,10,6,3,2,4,33,-10.0,26.0,Poor,Stay away,32,0.0,0.0,-0.0,0.0,0,,Financial Services,5102598144.0,0.0
PTMYF,PTMYF,0.14,2,4,10,6,3,2,4,31,-10.0,26.0,Poor,🔥 COILED: Stay away,31,0.0,0.0,0.0,50.0,0,,Consumer Defensive,3097870848.0,0.0
CAULF,Cauldron Energy Limited,0.135,18,4,7,9,7,1,5,51,-25.0,26.0,Poor,Stay away,66,12.5,125.0,53.9,86.3,2,,Basic Materials,244437232.0,68363.5
YGTFF,Gold Terra Resource Corp,0.126,5,15,9,1,2,2,2,36,-8.0,26.0,Poor,Stay away,39,4.8,3.1,0.9,49.4,0,,Basic Materials,60012480.0,144092.5
HAVRF,HAVRF,0.11,2,4,10,6,3,2,4,31,-10.0,26.0,Poor,🔥 COILED: Stay away,31,0.0,0.0,0.0,50.0,0,,Basic Materials,38931464.0,0.0
VLCJF,Velocity Minerals Ltd,0.141,12,14,3,7,4,2,3,45,-19.0,26.0,Poor,Stay away,38,8.5,24.9,9.6,62.9,3,,Basic Materials,31037070.0,291.0
GWBK,Gateway Bank F.S.B.,0.1,19,2,5,15,3,7,5,56,-30,26,Poor,Stay away,59,11.1,11.1,11.5,81.9,3,,Financial Services,26991262.0,105119.72
RDGMF,Ridgeline Minerals Corp,0.139,17,12,7,4,4,7,5,56,-30.0,26.0,Poor,Stay away,47,15.8,21.9,12.7,62.2,3,,Basic Materials,19712724.0,121082.1
ORMNF,Orex Minerals Inc,0.128,8,6,5,12,0,6,5,42,-12.0,26.0,Poor,Stay away,25,4.2,-1.6,-0.1,48.2,1,,Basic Materials,8957897.0,17768.23
BBBMF,Huntsman Exploration Inc,0.112,8,15,4,2,4,2,4,39,-13.0,26.0,Poor,Stay away,26,11.5,-2.2,5.8,51.7,1,,Basic Materials,8782576.0,35036.29
HUBV,HUBB Ventures Inc,0.11,2,4,10,6,3,2,4,31,-10.0,26.0,Poor,🔥 COILED: Stay away,31,0.0,0.0,0.0,50.0,0,,Technology,6886585.0,0.0
ESIFF,ESG Global Impact Capital Inc,0.14,3,5,1,7,4,2,2,24,2.0,26.0,Poor,Stay away,18,9.3,-6.7,-7.6,40.5,1,,Financial Services,4483563.0,1892.69
GHGH,GuanHua Corporation,0.12,2,4,10,6,3,2,4,31,-10.0,26.0,Poor,🔥 COILED: Stay away,32,0.0,0.0,0.0,50.0,0,,Financial Services,36326.0,0.01
EGFFX,EDGEWOOD GROWTH FUND RETAIL CLASS SHARES,0.101,3,13,4,6,3,5,3,37,-11.0,26.0,Poor,Stay away,27,-0.3,-2.2,-47.1,7.5,0,,nan,0.0,0.0
AFJKR,"Aimei Health Technology Co., Ltd Right",0.122,2,13,0,5,3,4,2,29,-8.0,26.0,Poor,Stay away,18,20.8,4.0,-21.0,39.8,1,,nan,nan,0.0
NOPFF,NOPFF,0.1,9,12,5,2,4,2,2,36,-8.0,26.0,Poor,Stay away,26,11.9,-13.0,-2.2,45.9,1,,nan,nan,0.0
ANGGF,Angang Steel Company Limited,0.15,4,3,8,8,3,1,4,31,-5.0,26.0,Poor,Stay away,13,0.0,0.0,-0.7,0.0,1,,Basic Materials,2018130176.0,28.0
CESTF,Chinese Estates Holdings Limited,0.15,2,4,10,6,3,2,4,31,-10.0,26.0,Poor,🔥 COILED: Stay away,31,0.0,0.0,0.0,50.0,1,,Real Estate,247418208.0,0.0
PTEXF,Pacific Textiles Holdings Limited,0.161,2,4,10,6,3,2,4,31,-10.0,26.0,Poor,🔥 COILED: Stay away,32,0.0,0.0,0.0,50.0,0,,Consumer Cyclical,221614720.0,2250.0
AUSI,Aura Systems Inc,0.152,10,2,5,14,3,0,5,39,-13.0,26.0,Poor,Stay away,47,-7.3,-5.0,-0.1,52.4,1,,Industrials,22564162.0,11041.87
DGIPF,DGIPF,0.161,1,5,8,9,2,0,2,27,-1.0,26.0,Poor,Stay away,0,-17.9,-8.8,-9.1,46.0,0,,nan,nan,0.0
GNRUQ,GNRUQ,0.15,2,4,10,6,3,2,4,31,-10.0,26.0,Poor,🔥 COILED: Stay away,0,0.0,0.0,0.0,50.0,0,,Healthcare,nan,0.0
MAANF,Maanshan Iron & Steel Company Limited,0.212,3,6,4,7,3,2,4,29,-3.0,26.0,Poor,Stay away,16,1.0,1.0,-1.3,19.8,0,,Basic Materials,1978305152.0,402.71
LFTSF,LifeTech Scientific Corporation,0.234,2,4,10,6,3,2,4,31,-10.0,26.0,Poor,🔥 COILED: Stay away,32,0.0,0.0,0.0,50.0,0,,Healthcare,858149632.0,4.5
IARLF,IARLF,0.225,2,4,10,6,3,2,4,31,-10.0,26.0,Poor,🔥 COILED: Stay away,31,0.0,0.0,0.0,50.0,0,,Consumer Defensive,314078496.0,0.0
BMTHF,BMTHF,0.244,2,4,10,6,3,2,4,31,-10.0,26.0,Poor,🔥 COILED: Stay away,32,0.0,0.0,0.0,50.0,0,,Consumer Defensive,243490000.0,500.0
CTLLF,CTLLF,0.24,2,4,10,6,3,2,4,31,-10.0,26.0,Poor,🔥 COILED: Stay away,0,0.0,0.0,0.0,50.0,0,,Industrials,142584208.0,0.0
NCFFF,Northcliff Resources Ltd,0.2,5,13,6,3,3,2,2,34,-8.0,26.0,Poor,Stay away,36,5.0,-4.7,-0.8,45.3,1,,Basic Materials,126083600.0,13467.69
GNGXF,Inventus Mining Corp,0.2,5,3,4,9,3,2,5,31,-5.0,26.0,Poor,Stay away,36,-7.0,-11.2,-6.1,46.6,1,,Basic Materials,44200000.0,32556.57
SNANF,Sona Nanotech Inc,0.22,3,4,3,8,5,2,4,29,-3.0,26.0,Poor,Stay away,30,-6.0,-6.4,-4.5,44.3,1,,Healthcare,25162556.0,6997.35
RSGOF,Resouro Strategic Metals Inc.,0.206,7,5,8,4,5,3,4,36,-15.0,26.0,Poor,🔥 COILED: Stay away,42,0.0,0.0,-0.4,47.1,1,,Basic Materials,22229470.0,22771.24
UZX,Linkage Global Inc,0.225,3,7,4,7,4,2,2,29,-3.0,26.0,Poor,Stay away,12,-3.0,-18.2,-18.0,32.3,2,,Consumer Cyclical,14447860.0,2520789.97
APTFF,APTFF,0.235,2,4,10,6,3,2,4,31,-10.0,26.0,Poor,🔥 COILED: Stay away,0,0.0,0.0,0.0,50.0,0,,Real Estate,nan,0.0
GNZUF,Guangzhou Automobile Group Co. Ltd,0.26,3,5,6,7,3,3,4,31,-5.0,26.0,Poor,Stay away,19,0.0,0.0,-2.7,37.7,1,,Consumer Cyclical,2652256768.0,3105.14
RVSDF,Riverside Resources Inc,0.273,17,5,6,14,3,5,5,55,-29.0,26.0,Poor,Stay away,57,5.0,36.5,14.5,66.7,3,,nan,20619090.0,62188.14
ALVSF,ALVSF,0.324,2,4,10,6,3,2,4,31,-10.0,26.0,Poor,🔥 COILED: Stay away,32,0.0,0.0,0.0,50.0,1,,Real Estate,460032672.0,2.5
CCTTF,CITIC Telecom International Holdings Limited,0.324,2,4,10,6,3,2,4,31,-10.0,26.0,Poor,🔥 COILED: Stay away,32,0.0,0.0,0.0,50.0,0,,Communication Services,1198718720.0,526.32
SPPCF,Steppe Cement Ltd.,0.31,2,4,10,6,3,2,4,31,-10.0,26.0,Poor,🔥 COILED: Stay away,32,0.0,0.0,0.0,50.0,0,,Basic Materials,67890000.0,5.0
BMTLF,BeMetals Corp,0.349,11,10,5,6,4,3,2,41,-15.0,26.0,Poor,Stay away,41,0.0,0.0,0.3,50.1,1,,Basic Materials,638899.0,1495.21
DBCAW,D. Boral Acquisition I Corp. Warrants,0.398,8,3,7,8,5,0,4,35,-10.0,26.0,Poor,Stay away,0,-11.5,-11.5,-4.5,46.9,0,,nan,nan,0.0
CRWOF,China Railway Group Limited,0.442,11,7,7,4,3,1,5,38,-12.0,26.0,Poor,Stay away,17,0.0,5.2,1.4,60.5,0,,Industrials,15822694400.0,742.0
CPWIF,China Power International Development Limited,0.44,2,4,10,6,3,2,4,31,-10.0,26.0,Poor,🔥 COILED: Stay away,31,0.0,0.0,0.0,50.0,0,,Utilities,5392148992.0,0.0
GMRCF,Gelum Resources Ltd.,0.428,3,3,6,9,3,0,4,28,-5.0,26.0,Poor,Stay away,45,-11.4,-8.9,-8.6,43.6,1,,Basic Materials,15233516.0,14665.29
HUSIF,Nicola Mining Inc,0.49,4,14,6,3,3,4,2,36,-11.0,26.0,Poor,Stay away,28,6.5,-0.2,0.8,49.0,2,,Basic Materials,109024712.0,23997.85
VSQTF,Victory Square Technologies Inc,0.454,0,3,9,9,0,0,2,23,0.0,26.0,Poor,Stay away,33,-7.4,-8.3,-5.9,40.4,0,,Healthcare,47295612.0,91697.38
PIHLF,Pihlajalinna Oyj,0.51,2,4,10,6,3,2,4,31,-10.0,26.0,Poor,🔥 COILED: Stay away,32,0.0,0.0,0.0,50.0,0,,Consumer Cyclical,226590032.0,3500.0
ZVLO,zvelo Inc,0.51,17,5,5,15,6,3,5,56,-30,26,Poor,Stay away,61,27.5,27.5,39.7,75.1,3,,Technology,73055504.0,1963.8
FINBF,FINBF,0.532,2,4,10,6,3,2,4,31,-10.0,26.0,Poor,🔥 COILED: Stay away,0,0.0,0.0,0.0,50.0,0,,Real Estate,nan,0.0
CRPGF,Integrated Cannabis Company Inc,0.56,2,4,10,6,3,2,4,31,-10.0,26.0,Poor,🔥 COILED: Stay away,32,0.0,0.0,0.0,50.0,0,,Healthcare,3518205696.0,1.5
NFGRF,BeijingWest Industries International Limited,0.561,10,3,10,6,3,2,4,38,-15.0,26.0,Poor,Stay away,52,0.0,0.0,-0.0,34.5,1,,Consumer Cyclical,605371584.0,296.25
VNPKF,Verde Agritech Ltd.,0.615,13,6,9,9,4,2,5,48,-22.0,26.0,Poor,Stay away,28,28.4,21.6,15.3,65.4,3,,Basic Materials,27036544.0,26940.5
NGELF,NGE Capital Limited,0.629,2,4,10,6,3,2,4,31,-10.0,26.0,Poor,🔥 COILED: Stay away,32,0.0,0.0,0.0,50.0,0,,Financial Services,21560434.0,44.0
RGFC,"The Real Good Food Company, Inc.",0.67,17,6,5,11,5,2,5,51,-25,26,Poor,Stay away,48,103.0,11.7,15.5,59.3,3,5,Consumer Defensive,10206528.0,2729.16
GRDLF,Grindrod Ltd. ,0.748,2,4,10,6,3,2,4,31,-10.0,26.0,Poor,🔥 COILED: Stay away,32,0.0,0.0,0.0,50.0,0,,Industrials,499449024.0,6.46
CIRC,"Circle8 Group, Inc.",0.739,5,6,4,8,4,2,2,31,-5.0,26.0,Poor,Stay away,18,2.8,4.1,-5.8,46.3,1,,Industrials,66518776.0,3981406.15
RDHL,Redhill Biopharma Ltd,0.73,6,15,2,1,3,2,2,31,-6.0,26.0,Poor,Stay away,21,5.8,-1.2,-0.4,46.3,0,,Healthcare,4439071.0,511844.81
YUMM,Yummies Inc,0.75,2,4,10,6,3,2,4,31,-10.0,26.0,Poor,🔥 COILED: Stay away,32,0.0,0.0,0.0,50.0,0,,Consumer Defensive,337219872.0,40.0
BQ,Boqii Holding Limited,0.82,8,4,8,11,4,0,5,40,-15.0,26.0,Poor,Stay away,37,-7.0,0.6,-2.8,47.0,1,,Consumer Cyclical,6051283.0,933584.5
VTHPF,Vital Healthcare Property Trust,0.85,2,4,10,6,3,2,4,31,-10.0,26.0,Poor,🔥 COILED: Stay away,32,0.0,0.0,0.0,50.0,1,,Real Estate,681501376.0,76.03
KBSX,FST Corp. Ordinary Shares,0.91,3,14,7,1,3,4,4,36,-8.0,26.0,Poor,Stay away,24,-3.8,8.3,-2.3,43.7,1,,Consumer Cyclical,40737064.0,67581.99
PSSMF,PSSMF,1,2,4,10,6,3,2,4,31,-10.0,26.0,Poor,🔥 COILED: Stay away,32,0.0,0.0,0.0,50.0,0,,Basic Materials,8239617536.0,10.0
SNYYF,Sany Heavy Equipment International Holdings Company Limited,0.986,12,14,10,3,3,5,5,52,-26.0,26.0,Poor,Stay away,23,4.3,14.6,5.4,57.4,3,,Industrials,3191019008.0,0.0
LEXLF,Lexington Gold Ltd,1,2,4,10,6,3,2,4,31,-10.0,26.0,Poor,🔥 COILED: Stay away,0,0.0,0.0,0.0,50.0,0,,Basic Materials,473861056.0,0.0
GLCP,GLCP,1,2,4,10,6,3,2,4,31,-10.0,26.0,Poor,🔥 COILED: Stay away,32,0.0,0.0,0.0,50.0,0,,Industrials,154394752.0,40.0
DSEAF,DSEAF,0.99,10,14,11,5,7,2,5,54,-28,26,Poor,Stay away,0,43.5,14.0,16.6,57.1,4,,Basic Materials,47330164.0,0.0
PSPX,PSPX,1,2,4,10,6,3,2,4,31,-10.0,26.0,Poor,🔥 COILED: Stay away,32,0.0,0.0,0.0,50.0,0,,Consumer Cyclical,14375000.0,4.0
BMMCX,Blackrock Multi-Manager Alt Fund Cl C,1,2,4,10,6,3,2,4,31,-10.0,26.0,Poor,🔥 COILED: Stay away,31,0.0,0.0,0.0,50.0,0,,Other,0.0,0.0
BMMAX,Blackrock Multi-Manager Alt Fund Cl A,1,2,4,10,6,3,2,4,31,-10.0,26.0,Poor,🔥 COILED: Stay away,31,0.0,0.0,0.0,50.0,0,,Other,0.0,0.0
CPVPX,Columbia Leg Captl Preservation Port A,1,2,4,10,6,3,2,4,31,-10.0,26.0,Poor,🔥 COILED: Stay away,31,0.0,0.0,0.0,50.0,0,,Other,0.0,0.0
IUGXX,Invesco Treasurers Series Trust - Invesco Premier U.S. Government Money Portfolio,1,2,4,10,6,3,2,4,31,-10.0,26.0,Poor,🔥 COILED: Stay away,31,0.0,0.0,0.0,50.0,0,,Other,nan,0.0
FDRXX,Fidelity Govt Cash Rsrvs,1,2,4,10,6,3,2,4,31,-10.0,26.0,Poor,🔥 COILED: Stay away,31,0.0,0.0,0.0,50.0,0,,nan,nan,0.0
SPAXX,Fidelity® Government Money Market Fund,1,2,4,10,6,3,2,4,31,-10.0,26.0,Poor,🔥 COILED: Stay away,0,0.0,0.0,0.0,50.0,0,,nan,nan,0.0
VMFXX,Vanguard Federal Money Market Fund Investor Shares,1,2,4,10,6,3,2,4,31,-10.0,26.0,Poor,🔥 COILED: Stay away,31,0.0,0.0,0.0,50.0,0,,nan,nan,0.0
FGTXX,Goldman Sachs Financial Square Government Fund Institutional Shares,1,2,4,10,6,3,2,4,31,-10.0,26.0,Poor,🔥 COILED: Stay away,31,0.0,0.0,0.0,50.0,0,,nan,nan,0.0
TFDXX,BlackRock Liquidity Funds FedFund Institutional Shares,1,2,4,10,6,3,2,4,31,-10.0,26.0,Poor,🔥 COILED: Stay away,31,0.0,0.0,0.0,50.0,0,,nan,nan,0.0
VUSXX,Vanguard Treasury Money Market Fund,1,2,4,10,6,3,2,4,31,-10.0,26.0,Poor,🔥 COILED: Stay away,31,0.0,0.0,0.0,50.0,0,,nan,nan,0.0
AALXX,Thrivent Money Market Fund Class S,1,2,4,10,6,3,2,4,31,-10.0,26.0,Poor,🔥 COILED: Stay away,31,0.0,0.0,0.0,50.0,0,,nan,nan,0.0
FTIXX,Goldman Sachs Financial Square Treasury Instruments Fund Institutional Shares,1,2,4,10,6,3,2,4,31,-10.0,26.0,Poor,🔥 COILED: Stay away,31,0.0,0.0,0.0,50.0,0,,nan,nan,0.0
DAPXX,Dreyfus Government Securities Cash Management Administrative Shares,1,2,4,10,6,3,2,4,31,-10.0,26.0,Poor,🔥 COILED: Stay away,31,0.0,0.0,0.0,50.0,0,,nan,nan,0.0
AGPXX,Invesco Short-Term Investments Trust Government & Agency Portfolio Institutional,1,2,4,10,6,3,2,4,31,-10.0,26.0,Poor,🔥 COILED: Stay away,31,0.0,0.0,0.0,50.0,0,,nan,nan,0.0
MVRXX,Morgan Stanley Institutional Liquidity Funds -  Government Portfolio,1,2,4,10,6,3,2,4,31,-10.0,26.0,Poor,🔥 COILED: Stay away,31,0.0,0.0,0.0,50.0,0,,nan,nan,0.0
MISXX,Morgan Stanley Institutional Liquidity Funds - Treasury Portfolio,1,2,4,10,6,3,2,4,31,-10.0,26.0,Poor,🔥 COILED: Stay away,31,0.0,0.0,0.0,50.0,0,,nan,nan,0.0
FGXXX,First American Funds Inc. - Government Obligations Fund,1,2,4,10,6,3,2,4,31,-10.0,26.0,Poor,🔥 COILED: Stay away,31,0.0,0.0,0.0,50.0,0,,nan,nan,0.0
FXFXX,First American Funds Inc. - Treasury Obligations Fund,1,2,4,10,6,3,2,4,31,-10.0,26.0,Poor,🔥 COILED: Stay away,31,0.0,0.0,0.0,50.0,0,,nan,nan,0.0
DTRXX,Dreyfus Treasury Obligations Cash Management,1,2,4,10,6,3,2,4,31,-10.0,26.0,Poor,🔥 COILED: Stay away,31,0.0,0.0,0.0,50.0,0,,nan,nan,0.0
GVMXX,State Street Master Funds - State Street U.S. Government Money Market Portfolio,1,2,4,10,6,3,2,4,31,-10.0,26.0,Poor,🔥 COILED: Stay away,31,0.0,0.0,0.0,50.0,0,,nan,nan,0.0
FSIXX,Fidelity Colchester Street Trust - Treasury Only Portfolio,1,2,4,10,6,3,2,4,31,-10.0,26.0,Poor,🔥 COILED: Stay away,31,0.0,0.0,0.0,50.0,0,,nan,nan,0.0
TPIXX,State Street Institutional Investment Trust - State Street Institutional Treasury Plus Money Market,1,2,4,10,6,3,2,4,31,-10.0,26.0,Poor,🔥 COILED: Stay away,31,0.0,0.0,0.0,50.0,0,,nan,nan,0.0
FRAXX,Goldman Sachs Trust - Goldman Sachs Financial Square Treasury Instruments Fund,1,2,4,10,6,3,2,4,31,-10.0,26.0,Poor,🔥 COILED: Stay away,31,0.0,0.0,0.0,50.0,0,,nan,nan,0.0
TTTXX,BlackRock Liquidity Funds - Treasury Trust Fund,1,2,4,10,6,3,2,4,31,-10.0,26.0,Poor,🔥 COILED: Stay away,31,0.0,0.0,0.0,50.0,0,,nan,nan,0.0
FIGXX,Fidelity Colchester Street Trust - Government Portfolio,1,2,4,10,6,3,2,4,31,-10.0,26.0,Poor,🔥 COILED: Stay away,31,0.0,0.0,0.0,50.0,0,,nan,nan,0.0
FMJXX,Goldman Sachs Investor Money Market Fund Class I,1,2,4,10,6,3,2,4,31,-10.0,26.0,Poor,🔥 COILED: Stay away,31,0.0,0.0,0.0,50.0,0,,nan,nan,0.0
SWGXX,Schwab Government Money Fund,1,2,4,10,6,3,2,4,31,-10.0,26.0,Poor,🔥 COILED: Stay away,31,0.0,0.0,0.0,50.0,0,,nan,nan,0.0
SWVXX,Schwab Value Advantage Money Fund,1,2,4,10,6,3,2,4,31,-10.0,26.0,Poor,🔥 COILED: Stay away,31,0.0,0.0,0.0,50.0,0,,nan,nan,0.0
TSCXX,T. Rowe Price Cash Reserves Fund,1,2,4,10,6,3,2,4,31,-10.0,26.0,Poor,🔥 COILED: Stay away,31,0.0,0.0,0.0,50.0,0,,nan,nan,0.0
MUSXX,MainStay U.S. Government Liquidity Fund Class I,1,2,4,10,6,3,2,4,31,-10.0,26.0,Poor,🔥 COILED: Stay away,31,0.0,0.0,0.0,50.0,0,,nan,nan,0.0
SAHXX,State Street Institutional U.S. Government Money Market Fund,1,2,4,10,6,3,2,4,31,-10.0,26.0,Poor,🔥 COILED: Stay away,31,0.0,0.0,0.0,50.0,0,,nan,nan,0.0
DGCXX,Dreyfus Government Cash Management Fund,1,2,4,10,6,3,2,4,31,-10.0,26.0,Poor,🔥 COILED: Stay away,31,0.0,0.0,0.0,50.0,0,,nan,nan,0.0
TSTXX,BlackRock Liquidity Funds - T-Fund,1,2,4,10,6,3,2,4,31,-10.0,26.0,Poor,🔥 COILED: Stay away,31,0.0,0.0,0.0,50.0,0,,nan,nan,0.0
AAOXX,American Beacon U.S. Government Money Market Select Fund,1,2,4,10,6,3,2,4,31,-10.0,26.0,Poor,🔥 COILED: Stay away,31,0.0,0.0,0.0,50.0,0,,nan,nan,0.0
INFXX,Institutional Fiduciary Trust Money Market Fund,1,2,4,10,6,3,2,4,31,-10.0,26.0,Poor,🔥 COILED: Stay away,31,0.0,0.0,0.0,50.0,0,,nan,nan,0.0
ABZXX,American Funds U.S. Government Money Market Fund,1,2,4,10,6,3,2,4,31,-10.0,26.0,Poor,🔥 COILED: Stay away,31,0.0,0.0,0.0,50.0,0,,nan,nan,0.0
ACAXX,American Century Investment Trust - Prime Money Market Fund,1,2,4,10,6,3,2,4,31,-10.0,26.0,Poor,🔥 COILED: Stay away,31,0.0,0.0,0.0,50.0,0,,nan,nan,0.0
ACNXX,AIM Investment Securities Funds (Invesco Investment Securities Funds) - Government Money Market Fund,1,2,4,10,6,3,2,4,31,-10.0,26.0,Poor,🔥 COILED: Stay away,31,0.0,0.0,0.0,50.0,0,,nan,nan,0.0
ACXXX,AIM Investment Securities Funds (Invesco Investment Securities Funds) - Government Money Market Fund,1,2,4,10,6,3,2,4,31,-10.0,26.0,Poor,🔥 COILED: Stay away,31,0.0,0.0,0.0,50.0,0,,nan,nan,0.0
ACZXX,AIM Investment Securities Funds (Invesco Investment Securities Funds) - Government Money Market Fund,1,2,4,10,6,3,2,4,31,-10.0,26.0,Poor,🔥 COILED: Stay away,31,0.0,0.0,0.0,50.0,0,,nan,nan,0.0
ADAXX,AIM Investment Securities Funds (Invesco Investment Securities Funds) - Government Money Market Fund,1,2,4,10,6,3,2,4,31,-10.0,26.0,Poor,🔥 COILED: Stay away,31,0.0,0.0,0.0,50.0,0,,nan,nan,0.0
AEAXX,AB Government Exchange Reserves,1,2,4,10,6,3,2,4,31,-10.0,26.0,Poor,🔥 COILED: Stay away,31,0.0,0.0,0.0,50.0,0,,nan,nan,0.0
AECXX,AB Fixed-Income Shares Inc. - AB Government Money Market Portfolio,1,2,4,10,6,3,2,4,31,-10.0,26.0,Poor,🔥 COILED: Stay away,31,0.0,0.0,0.0,50.0,0,,nan,nan,0.0
AEYXX,AB Government Exchange Reserves,1,2,4,10,6,3,2,4,31,-10.0,26.0,Poor,🔥 COILED: Stay away,31,0.0,0.0,0.0,50.0,0,,nan,nan,0.0
AGCXX,Short-Term Investment Trust - Invesco Government & Agency Portfolio,1,2,4,10,6,3,2,4,31,-10.0,26.0,Poor,🔥 COILED: Stay away,31,0.0,0.0,0.0,50.0,0,,nan,nan,0.0
AGQXX,American Century Investment Trust - Premium Money Market Fund,1,2,4,10,6,3,2,4,31,-10.0,26.0,Poor,🔥 COILED: Stay away,31,0.0,0.0,0.0,50.0,0,,nan,nan,0.0
AGHXX,American Century Investment Trust - Premium Money Market Fund,1,2,4,10,6,3,2,4,31,-10.0,26.0,Poor,🔥 COILED: Stay away,31,0.0,0.0,0.0,50.0,0,,nan,nan,0.0
AGRXX,AllianceBernstein Bond Fund - Government Reserves Portfolio Fund,1,2,4,10,6,3,2,4,31,-10.0,26.0,Poor,🔥 COILED: Stay away,31,0.0,0.0,0.0,50.0,0,,nan,nan,0.0
AIEXX,AB Government Exchange Reserves,1,2,4,10,6,3,2,4,31,-10.0,26.0,Poor,🔥 COILED: Stay away,31,0.0,0.0,0.0,50.0,0,,nan,nan,0.0
AIMXX,AIM Investment Securities Funds (Invesco Investment Securities Funds) - Government Money Market Fund,1,2,4,10,6,3,2,4,31,-10.0,26.0,Poor,🔥 COILED: Stay away,31,0.0,0.0,0.0,50.0,0,,nan,nan,0.0
AIYXX,AIM Investment Securities Funds (Invesco Investment Securities Funds) - Government Money Market Fund,1,2,4,10,6,3,2,4,31,-10.0,26.0,Poor,🔥 COILED: Stay away,31,0.0,0.0,0.0,50.0,0,,nan,nan,0.0
AMAXX,PIMCO Funds - PIMCO Government Money Market Fund,1,2,4,10,6,3,2,4,31,-10.0,26.0,Poor,🔥 COILED: Stay away,31,0.0,0.0,0.0,50.0,0,,nan,nan,0.0
AMGXX,PIMCO Funds - PIMCO Government Money Market Fund,1,2,4,10,6,3,2,4,31,-10.0,26.0,Poor,🔥 COILED: Stay away,31,0.0,0.0,0.0,50.0,0,,nan,nan,0.0
AMMXX,Thrivent Mutual Funds - Thrivent Money Market Fund,1,2,4,10,6,3,2,4,31,-10.0,26.0,Poor,🔥 COILED: Stay away,31,0.0,0.0,0.0,50.0,0,,nan,nan,0.0
APCXX,Cavanal Hill Funds - Government Securities Money Market Fund,1,2,4,10,6,3,2,4,31,-10.0,26.0,Poor,🔥 COILED: Stay away,31,0.0,0.0,0.0,50.0,0,,nan,nan,0.0
APGXX,Cavanal Hill Funds - U.S. Treasury Fund,1,2,4,10,6,3,2,4,31,-10.0,26.0,Poor,🔥 COILED: Stay away,31,0.0,0.0,0.0,50.0,0,,nan,nan,0.0
APHXX,Cavanal Hill Funds - Government Securities Money Market Fund,1,2,4,10,6,3,2,4,31,-10.0,26.0,Poor,🔥 COILED: Stay away,31,0.0,0.0,0.0,50.0,0,,nan,nan,0.0
APKXX,Cavanal Hill Funds - U.S. Treasury Fund,1,2,4,10,6,3,2,4,31,-10.0,26.0,Poor,🔥 COILED: Stay away,31,0.0,0.0,0.0,50.0,0,,nan,nan,0.0
APNXX,Cavanal Hill Funds - U.S. Treasury Fund,1,2,4,10,6,3,2,4,31,-10.0,26.0,Poor,🔥 COILED: Stay away,31,0.0,0.0,0.0,50.0,0,,nan,nan,0.0
APSXX,Cavanal Hill Funds - Government Securities Money Market Fund,1,2,4,10,6,3,2,4,31,-10.0,26.0,Poor,🔥 COILED: Stay away,31,0.0,0.0,0.0,50.0,0,,nan,nan,0.0
APPXX,Cavanal Hill Funds - Government Securities Money Market Fund,1,2,4,10,6,3,2,4,31,-10.0,26.0,Poor,🔥 COILED: Stay away,31,0.0,0.0,0.0,50.0,0,,nan,nan,0.0
BCHXX,BlackRock Liquidity Funds - T-Fund,1,2,4,10,6,3,2,4,31,-10.0,26.0,Poor,🔥 COILED: Stay away,31,0.0,0.0,0.0,50.0,0,,nan,nan,0.0
ARCXX,American Century Investment Trust - Prime Money Market Fund,1,2,4,10,6,3,2,4,31,-10.0,26.0,Poor,🔥 COILED: Stay away,31,0.0,0.0,0.0,50.0,0,,nan,nan,0.0
BBSXX,BBH Trust - BBH U.S. Government Money Market Fund,1,2,4,10,6,3,2,4,31,-10.0,26.0,Poor,🔥 COILED: Stay away,31,0.0,0.0,0.0,50.0,0,,nan,nan,0.0
BECXX,BlackRock Liquidity Funds - Federal Trust Fund,1,2,4,10,6,3,2,4,31,-10.0,26.0,Poor,🔥 COILED: Stay away,31,0.0,0.0,0.0,50.0,0,,nan,nan,0.0
BCTXX,American Century California Tax-Free and Municipal Funds - California Tax-Free Money Market Fund,1,2,4,10,6,3,2,4,31,-10.0,26.0,Poor,🔥 COILED: Stay away,31,0.0,0.0,0.0,50.0,0,,nan,nan,0.0
BFFXX,BlackRock Liquidity Funds - FedFund,1,2,4,10,6,3,2,4,31,-10.0,26.0,Poor,🔥 COILED: Stay away,31,0.0,0.0,0.0,50.0,0,,nan,nan,0.0
BFRXX,BlackRock Liquidity Funds - FedFund,1,2,4,10,6,3,2,4,31,-10.0,26.0,Poor,🔥 COILED: Stay away,31,0.0,0.0,0.0,50.0,0,,nan,nan,0.0
BFMXX,BlackRock Liquidity Funds - Federal Trust Fund,1,2,4,10,6,3,2,4,31,-10.0,26.0,Poor,🔥 COILED: Stay away,31,0.0,0.0,0.0,50.0,0,,nan,nan,0.0
BGSXX,Northern Institutional Funds - U.S. Government Select Portfolio,1,2,4,10,6,3,2,4,31,-10.0,26.0,Poor,🔥 COILED: Stay away,31,0.0,0.0,0.0,50.0,0,,nan,nan,0.0
BFTXX,BlackRock Liquidity Funds - Federal Trust Fund,1,2,4,10,6,3,2,4,31,-10.0,26.0,Poor,🔥 COILED: Stay away,31,0.0,0.0,0.0,50.0,0,,nan,nan,0.0
BMMIX,CollegeAdvantage 529 Savings Plan - BlackRock Money Market Option,1,2,4,10,6,3,2,4,31,-10.0,26.0,Poor,🔥 COILED: Stay away,31,0.0,0.0,0.0,50.0,0,,nan,nan,0.0
BNGXX,Northern Institutional Funds - U.S. Government Portfolio,1,2,4,10,6,3,2,4,31,-10.0,26.0,Poor,🔥 COILED: Stay away,31,0.0,0.0,0.0,50.0,0,,nan,nan,0.0
BNTXX,American Century Municipal Trust - Tax-Free Money Market Fund,1,2,4,10,6,3,2,4,31,-10.0,26.0,Poor,🔥 COILED: Stay away,31,0.0,0.0,0.0,50.0,0,,nan,nan,0.0
BPRXX,American Century Investment Trust - Prime Money Market Fund,1,2,4,10,6,3,2,4,31,-10.0,26.0,Poor,🔥 COILED: Stay away,31,0.0,0.0,0.0,50.0,0,,nan,nan,0.0
BRIXX,Blackrock Funds III - Treasury Money Market Fund,1,2,4,10,6,3,2,4,31,-10.0,26.0,Poor,🔥 COILED: Stay away,31,0.0,0.0,0.0,50.0,0,,nan,nan,0.0
BSCXX,Northern Institutional Funds - U.S. Government Select Portfolio,1,2,4,10,6,3,2,4,31,-10.0,26.0,Poor,🔥 COILED: Stay away,31,0.0,0.0,0.0,50.0,0,,nan,nan,0.0
BTCXX,BlackRock Liquidity Funds - Treasury Trust Fund,1,2,4,10,6,3,2,4,31,-10.0,26.0,Poor,🔥 COILED: Stay away,31,0.0,0.0,0.0,50.0,0,,nan,nan,0.0
BTRXX,BlackRock Liquidity Funds - T-Fund,1,2,4,10,6,3,2,4,31,-10.0,26.0,Poor,🔥 COILED: Stay away,31,0.0,0.0,0.0,50.0,0,,nan,nan,0.0
CACPX,Future Scholar 529 College Savings Plan - Conservative Portfolio,1,2,4,10,6,3,2,4,31,-10.0,26.0,Poor,🔥 COILED: Stay away,31,0.0,0.0,0.0,50.0,0,,nan,nan,0.0
CAGXX,Cash Account Trust - Government & Agency Securities Portfolio,1,2,4,10,6,3,2,4,31,-10.0,26.0,Poor,🔥 COILED: Stay away,31,0.0,0.0,0.0,50.0,0,,nan,nan,0.0
CACXX,Money Market Obligations Trust - Federated Hermes California Municipal Cash Trust,1,2,4,10,6,3,2,4,31,-10.0,26.0,Poor,🔥 COILED: Stay away,31,0.0,0.0,0.0,50.0,0,,nan,nan,0.0
CAIXX,Money Market Obligations Trust - Federated Hermes California Municipal Cash Trust,1,2,4,10,6,3,2,4,31,-10.0,26.0,Poor,🔥 COILED: Stay away,31,0.0,0.0,0.0,50.0,0,,nan,nan,0.0
CBDAX,Future Scholar 529 College Savings Plan - Columbia Bank Deposit 529 Portfolio,1,2,4,10,6,3,2,4,31,-10.0,26.0,Poor,🔥 COILED: Stay away,31,0.0,0.0,0.0,50.0,0,,nan,nan,0.0
CBDCX,Future Scholar 529 College Savings Plan - Columbia Bank Deposit 529 Portfolio,1,2,4,10,6,3,2,4,31,-10.0,26.0,Poor,🔥 COILED: Stay away,31,0.0,0.0,0.0,50.0,0,,nan,nan,0.0
CALXX,Money Market Obligations Trust - Federated Hermes California Municipal Cash Trust,1,2,4,10,6,3,2,4,31,-10.0,26.0,Poor,🔥 COILED: Stay away,31,0.0,0.0,0.0,50.0,0,,nan,nan,0.0
CBDEX,Future Scholar 529 College Savings Plan - Columbia Bank Deposit 529 Portfolio,1,2,4,10,6,3,2,4,31,-10.0,26.0,Poor,🔥 COILED: Stay away,31,0.0,0.0,0.0,50.0,0,,nan,nan,0.0
CBDPX,Future Scholar 529 College Savings Plan - Columbia Bank Deposit 529 Portfolio,1,2,4,10,6,3,2,4,31,-10.0,26.0,Poor,🔥 COILED: Stay away,31,0.0,0.0,0.0,50.0,0,,nan,nan,0.0
CCCPX,Future Scholar 529 College Savings Plan - Conservative Portfolio,1,2,4,10,6,3,2,4,31,-10.0,26.0,Poor,🔥 COILED: Stay away,31,0.0,0.0,0.0,50.0,0,,nan,nan,0.0
CCCXX,Money Market Obligations Trust - Federated Hermes California Municipal Cash Trust,1,2,4,10,6,3,2,4,31,-10.0,26.0,Poor,🔥 COILED: Stay away,31,0.0,0.0,0.0,50.0,0,,nan,nan,0.0
CEAXX,Citizensselect Funds - Dreyfus Institutional Preferred Treasury Securities Money Market Fund,1,2,4,10,6,3,2,4,31,-10.0,26.0,Poor,🔥 COILED: Stay away,31,0.0,0.0,0.0,50.0,0,,nan,nan,0.0
CCSXX,Money Market Obligations Trust - Federated Hermes California Municipal Cash Trust,1,2,4,10,6,3,2,4,31,-10.0,26.0,Poor,🔥 COILED: Stay away,31,0.0,0.0,0.0,50.0,0,,nan,nan,0.0
CECPX,Future Scholar 529 College Savings Plan - Conservative Portfolio,1,2,4,10,6,3,2,4,31,-10.0,26.0,Poor,🔥 COILED: Stay away,31,0.0,0.0,0.0,50.0,0,,nan,nan,0.0
CEIXX,Citizensselect Funds - Dreyfus Institutional Preferred Treasury Securities Money Market Fund,1,2,4,10,6,3,2,4,31,-10.0,26.0,Poor,🔥 COILED: Stay away,31,0.0,0.0,0.0,50.0,0,,nan,nan,0.0
CIFXX,LeggMason Partners Institutional Trust - Western Asset Institutional Tax Free Reserves,1,2,4,10,6,3,2,4,31,-10.0,26.0,Poor,🔥 COILED: Stay away,31,0.0,0.0,0.0,50.0,0,,nan,nan,0.0
CIIXX,Legg Mason Partners Institutional Trust - Western Asset Institutional U.S. Treasury Reserves,1,2,4,10,6,3,2,4,31,-10.0,26.0,Poor,🔥 COILED: Stay away,31,0.0,0.0,0.0,50.0,0,,nan,nan,0.0
CNFXX,City National Rochdale Funds - City National Rochdale Government Money Market Fund,1,2,4,10,6,3,2,4,31,-10.0,26.0,Poor,🔥 COILED: Stay away,31,0.0,0.0,0.0,50.0,0,,nan,nan,0.0
CNGXX,City National Rochdale Funds - City National Rochdale Government Money Market Fund,1,2,4,10,6,3,2,4,31,-10.0,26.0,Poor,🔥 COILED: Stay away,31,0.0,0.0,0.0,50.0,0,,nan,nan,0.0
CNIXX,City National Rochdale Funds - City National Rochdale Government Money Market Fund,1,2,4,10,6,3,2,4,31,-10.0,26.0,Poor,🔥 COILED: Stay away,31,0.0,0.0,0.0,50.0,0,,nan,nan,0.0
COSXX,Morgan Stanley Institutional Liquidity Funds -  Government Portfolio,1,2,4,10,6,3,2,4,31,-10.0,26.0,Poor,🔥 COILED: Stay away,31,0.0,0.0,0.0,50.0,0,,nan,nan,0.0
CRHXX,MFS Series Trust I - MFS U.S. Government Cash Reserve Fund,1,2,4,10,6,3,2,4,31,-10.0,26.0,Poor,🔥 COILED: Stay away,31,0.0,0.0,0.0,50.0,0,,nan,nan,0.0
CPFXX,American Century Government Income Trust - Capital Preservation Fund,1,2,4,10,6,3,2,4,31,-10.0,26.0,Poor,🔥 COILED: Stay away,31,0.0,0.0,0.0,50.0,0,,nan,nan,0.0
CRJXX,MFS Series Trust I - MFS U.S. Government Cash Reserve Fund,1,2,4,10,6,3,2,4,31,-10.0,26.0,Poor,🔥 COILED: Stay away,31,0.0,0.0,0.0,50.0,0,,nan,nan,0.0
CRRXX,MFS Series Trust I - MFS U.S. Government Cash Reserve Fund,1,2,4,10,6,3,2,4,31,-10.0,26.0,Poor,🔥 COILED: Stay away,31,0.0,0.0,0.0,50.0,0,,nan,nan,0.0
CRKXX,MFS Series Trust I - MFS U.S. Government Cash Reserve Fund,1,2,4,10,6,3,2,4,31,-10.0,26.0,Poor,🔥 COILED: Stay away,31,0.0,0.0,0.0,50.0,0,,nan,nan,0.0
CRMXX,MFS Series Trust I - MFS U.S. Government Cash Reserve Fund,1,2,4,10,6,3,2,4,31,-10.0,26.0,Poor,🔥 COILED: Stay away,31,0.0,0.0,0.0,50.0,0,,nan,nan,0.0
CRVXX,MFS Series Trust I - MFS U.S. Government Cash Reserve Fund,1,2,4,10,6,3,2,4,31,-10.0,26.0,Poor,🔥 COILED: Stay away,31,0.0,0.0,0.0,50.0,0,,nan,nan,0.0
CVGXX,BofA Funds Series Trust - BofA Money Market Reserves,1,2,4,10,6,3,2,4,31,-10.0,26.0,Poor,🔥 COILED: Stay away,31,0.0,0.0,0.0,50.0,0,,nan,nan,0.0
CVTXX,Short-Term Investment Trust - Invesco Treasury Portfolio,1,2,4,10,6,3,2,4,31,-10.0,26.0,Poor,🔥 COILED: Stay away,31,0.0,0.0,0.0,50.0,0,,nan,nan,0.0
DARXX,Dreyfus Treasury Securities Cash Management,1,2,4,10,6,3,2,4,31,-10.0,26.0,Poor,🔥 COILED: Stay away,31,0.0,0.0,0.0,50.0,0,,nan,nan,0.0
DAGXX,Dreyfus Government Cash Management Fund,1,2,4,10,6,3,2,4,31,-10.0,26.0,Poor,🔥 COILED: Stay away,31,0.0,0.0,0.0,50.0,0,,nan,nan,0.0
DCMXX,Cash Account Trust - Government & Agency Securities Portfolio,1,2,4,10,6,3,2,4,31,-10.0,26.0,Poor,🔥 COILED: Stay away,31,0.0,0.0,0.0,50.0,0,,nan,nan,0.0
DBBXX,Cash Account Trust - Government & Agency Securities Portfolio,1,2,4,10,6,3,2,4,31,-10.0,26.0,Poor,🔥 COILED: Stay away,31,0.0,0.0,0.0,50.0,0,,nan,nan,0.0
DGPXX,Dreyfus Government Cash Management Funds - Dreyfus Government Prime Cash Management,1,2,4,10,6,3,2,4,31,-10.0,26.0,Poor,🔥 COILED: Stay away,31,0.0,0.0,0.0,50.0,0,,nan,nan,0.0
DGEXX,Morgan Stanley U.S Government Money Market Trust Fund,1,2,4,10,6,3,2,4,31,-10.0,26.0,Poor,🔥 COILED: Stay away,31,0.0,0.0,0.0,50.0,0,,nan,nan,0.0
DGUXX,Dreyfus Government Cash Management Fund,1,2,4,10,6,3,2,4,31,-10.0,26.0,Poor,🔥 COILED: Stay away,31,0.0,0.0,0.0,50.0,0,,nan,nan,0.0
DGQXX,Dreyfus Government Cash Management Fund,1,2,4,10,6,3,2,4,31,-10.0,26.0,Poor,🔥 COILED: Stay away,31,0.0,0.0,0.0,50.0,0,,nan,nan,0.0
DHLXX,Dreyfus Institutional Reserves Funds - Dreyfus Institutional Treasury and Agency Cash Advantage Fund,1,2,4,10,6,3,2,4,31,-10.0,26.0,Poor,🔥 COILED: Stay away,31,0.0,0.0,0.0,50.0,0,,nan,nan,0.0
DGVXX,Dreyfus Government Cash Management Fund,1,2,4,10,6,3,2,4,31,-10.0,26.0,Poor,🔥 COILED: Stay away,31,0.0,0.0,0.0,50.0,0,,nan,nan,0.0
DIRXX,Dreyfus Treasury Securities Cash Management,1,2,4,10,6,3,2,4,31,-10.0,26.0,Poor,🔥 COILED: Stay away,31,0.0,0.0,0.0,50.0,0,,nan,nan,0.0
DIPXX,Dreyfus Government Cash Management Funds - Dreyfus Government Prime Cash Management,1,2,4,10,6,3,2,4,31,-10.0,26.0,Poor,🔥 COILED: Stay away,31,0.0,0.0,0.0,50.0,0,,nan,nan,0.0
DNSXX,Dreyfus Institutional Reserves Funds - Dreyfus Institutional Treasury and Agency Cash Advantage Fund,1,2,4,10,6,3,2,4,31,-10.0,26.0,Poor,🔥 COILED: Stay away,31,0.0,0.0,0.0,50.0,0,,nan,nan,0.0
DOSXX,DWS Money Market Prime Series - DWS Cash Investment Trust,1,2,4,10,6,3,2,4,31,-10.0,26.0,Poor,🔥 COILED: Stay away,31,0.0,0.0,0.0,50.0,0,,nan,nan,0.0
DOCXX,DWS Money Market Prime Series - DWS Cash Investment Trust,1,2,4,10,6,3,2,4,31,-10.0,26.0,Poor,🔥 COILED: Stay away,31,0.0,0.0,0.0,50.0,0,,nan,nan,0.0
DOAXX,DWS Money Market Prime Series - DWS Cash Investment Trust,1,2,4,10,6,3,2,4,31,-10.0,26.0,Poor,🔥 COILED: Stay away,31,0.0,0.0,0.0,50.0,0,,nan,nan,0.0
DPRXX,Dreyfus Treasury Securities Cash Management,1,2,4,10,6,3,2,4,31,-10.0,26.0,Poor,🔥 COILED: Stay away,31,0.0,0.0,0.0,50.0,0,,nan,nan,0.0
DPGXX,Dreyfus Government Cash Management Fund,1,2,4,10,6,3,2,4,31,-10.0,26.0,Poor,🔥 COILED: Stay away,31,0.0,0.0,0.0,50.0,0,,nan,nan,0.0
DSHXX,Dreyfus Institutional Reserves Funds - Dreyfus Institutional Preferred Government Money Market Fund,1,2,4,10,6,3,2,4,31,-10.0,26.0,Poor,🔥 COILED: Stay away,31,0.0,0.0,0.0,50.0,0,,nan,nan,0.0
DSVXX,Dreyfus Institutional Reserves Funds - Dreyfus Institutional Preferred Government Money Market Fund,1,2,4,10,6,3,2,4,31,-10.0,26.0,Poor,🔥 COILED: Stay away,31,0.0,0.0,0.0,50.0,0,,nan,nan,0.0
DTAXX,Dreyfus Treasury Obligations Cash Management,1,2,4,10,6,3,2,4,31,-10.0,26.0,Poor,🔥 COILED: Stay away,31,0.0,0.0,0.0,50.0,0,,nan,nan,0.0
DTBXX,Cash Account Trust - DWS Tax-Exempt Portfolio,1,2,4,10,6,3,2,4,31,-10.0,26.0,Poor,🔥 COILED: Stay away,31,0.0,0.0,0.0,50.0,0,,nan,nan,0.0
DTDXX,Cash Account Trust - DWS Tax-Exempt Portfolio,1,2,4,10,6,3,2,4,31,-10.0,26.0,Poor,🔥 COILED: Stay away,31,0.0,0.0,0.0,50.0,0,,nan,nan,0.0
DTCXX,Cash Account Trust - DWS Tax-Exempt Portfolio,1,2,4,10,6,3,2,4,31,-10.0,26.0,Poor,🔥 COILED: Stay away,31,0.0,0.0,0.0,50.0,0,,nan,nan,0.0
DTGXX,Cash Account Trust - Government & Agency Securities Portfolio,1,2,4,10,6,3,2,4,31,-10.0,26.0,Poor,🔥 COILED: Stay away,31,0.0,0.0,0.0,50.0,0,,nan,nan,0.0
DTHXX,Dreyfus Treasury Securities Cash Management,1,2,4,10,6,3,2,4,31,-10.0,26.0,Poor,🔥 COILED: Stay away,31,0.0,0.0,0.0,50.0,0,,nan,nan,0.0
DTLXX,Dreyfus Institutional Liquidity Funds - Dreyfus Treasury and Agency Liquidity Money Market Fund,1,2,4,10,6,3,2,4,31,-10.0,26.0,Poor,🔥 COILED: Stay away,31,0.0,0.0,0.0,50.0,0,,nan,nan,0.0
DTKXX,Dreyfus Treasury Obligations Cash Management,1,2,4,10,6,3,2,4,31,-10.0,26.0,Poor,🔥 COILED: Stay away,31,0.0,0.0,0.0,50.0,0,,nan,nan,0.0
DTNXX,Dreyfus Treasury Obligations Cash Management,1,2,4,10,6,3,2,4,31,-10.0,26.0,Poor,🔥 COILED: Stay away,31,0.0,0.0,0.0,50.0,0,,nan,nan,0.0
DTVXX,Dreyfus Treasury Obligations Cash Management,1,2,4,10,6,3,2,4,31,-10.0,26.0,Poor,🔥 COILED: Stay away,31,0.0,0.0,0.0,50.0,0,,nan,nan,0.0
DTPXX,Dreyfus Treasury Obligations Cash Management,1,2,4,10,6,3,2,4,31,-10.0,26.0,Poor,🔥 COILED: Stay away,31,0.0,0.0,0.0,50.0,0,,nan,nan,0.0
DVRXX,Dreyfus Treasury Securities Cash Management,1,2,4,10,6,3,2,4,31,-10.0,26.0,Poor,🔥 COILED: Stay away,31,0.0,0.0,0.0,50.0,0,,nan,nan,0.0
DVPXX,Dreyfus Government Cash Management Funds - Dreyfus Government Prime Cash Management,1,2,4,10,6,3,2,4,31,-10.0,26.0,Poor,🔥 COILED: Stay away,31,0.0,0.0,0.0,50.0,0,,nan,nan,0.0
DWGXX,Morgan Stanley U.S Government Money Market Trust Fund,1,2,4,10,6,3,2,4,31,-10.0,26.0,Poor,🔥 COILED: Stay away,31,0.0,0.0,0.0,50.0,0,,nan,nan,0.0
ELMXX,Elfun Government Money Market Fund,1,2,4,10,6,3,2,4,31,-10.0,26.0,Poor,🔥 COILED: Stay away,31,0.0,0.0,0.0,50.0,0,,nan,nan,0.0
FAAXX,First American Funds Inc. - Government Obligations Fund,1,2,4,10,6,3,2,4,31,-10.0,26.0,Poor,🔥 COILED: Stay away,31,0.0,0.0,0.0,50.0,0,,nan,nan,0.0
FAPXX,First American Funds Inc. - Retail Prime Obligations Fund,1,2,4,10,6,3,2,4,31,-10.0,26.0,Poor,🔥 COILED: Stay away,31,0.0,0.0,0.0,50.0,0,,nan,nan,0.0
FATXX,First American Funds Inc. - Treasury Obligations Fund,1,2,4,10,6,3,2,4,31,-10.0,26.0,Poor,🔥 COILED: Stay away,31,0.0,0.0,0.0,50.0,0,,nan,nan,0.0
FCEXX,Fidelity Colchester Street Trust - Treasury Portfolio,1,2,4,10,6,3,2,4,31,-10.0,26.0,Poor,🔥 COILED: Stay away,31,0.0,0.0,0.0,50.0,0,,nan,nan,0.0
FCIXX,Fidelity Colchester Street Trust - Money Market Portfolio,1,2,4,10,6,3,2,4,31,-10.0,26.0,Poor,🔥 COILED: Stay away,31,0.0,0.0,0.0,50.0,0,,nan,nan,0.0
FCGXX,Fidelity Colchester Street Trust - Government Portfolio,1,2,4,10,6,3,2,4,31,-10.0,26.0,Poor,🔥 COILED: Stay away,31,0.0,0.0,0.0,50.0,0,,nan,nan,0.0
FCSXX,Fidelity Colchester Street Trust - Treasury Portfolio,1,2,4,10,6,3,2,4,31,-10.0,26.0,Poor,🔥 COILED: Stay away,31,0.0,0.0,0.0,50.0,0,,nan,nan,0.0
FCOXX,Fidelity Colchester Street Trust - Money Market Portfolio,1,2,4,10,6,3,2,4,31,-10.0,26.0,Poor,🔥 COILED: Stay away,31,0.0,0.0,0.0,50.0,0,,nan,nan,0.0
FCYXX,Goldman Sachs Trust - Investor Tax-Exempt Money Market Fund,1,2,4,10,6,3,2,4,31,-10.0,26.0,Poor,🔥 COILED: Stay away,31,0.0,0.0,0.0,50.0,0,,nan,nan,0.0
FDCXX,Fidelity Newbury Street Trust - Treasury Fund,1,2,4,10,6,3,2,4,31,-10.0,26.0,Poor,🔥 COILED: Stay away,31,0.0,0.0,0.0,50.0,0,,nan,nan,0.0
FCVXX,Fidelity Colchester Street Trust - Government Portfolio,1,2,4,10,6,3,2,4,31,-10.0,26.0,Poor,🔥 COILED: Stay away,31,0.0,0.0,0.0,50.0,0,,nan,nan,0.0
FDEXX,Fidelity Newbury Street Trust - Tax-Exempt Fund,1,2,4,10,6,3,2,4,31,-10.0,26.0,Poor,🔥 COILED: Stay away,31,0.0,0.0,0.0,50.0,0,,nan,nan,0.0
FDLXX,Fidelity Hereford Street Trust - Fidelity Treasury Only Money Market Fund,1,2,4,10,6,3,2,4,31,-10.0,26.0,Poor,🔥 COILED: Stay away,31,0.0,0.0,0.0,50.0,0,,nan,nan,0.0
FDUXX,Fidelity Newbury Street Trust - Treasury Fund,1,2,4,10,6,3,2,4,31,-10.0,26.0,Poor,🔥 COILED: Stay away,31,0.0,0.0,0.0,50.0,0,,nan,nan,0.0
FEAXX,Goldman Sachs Trust - Goldman Sachs Investor Tax-Exempt Money Market Fund,1,2,4,10,6,3,2,4,31,-10.0,26.0,Poor,🔥 COILED: Stay away,31,0.0,0.0,0.0,50.0,0,,nan,nan,0.0
FEDXX,Goldman Sachs Trust - Goldman Sachs Financial Square Federal Fund,1,2,4,10,6,3,2,4,31,-10.0,26.0,Poor,🔥 COILED: Stay away,31,0.0,0.0,0.0,50.0,0,,nan,nan,0.0
FEIXX,First American Funds Inc. - Retail Prime Obligations Fund,1,2,4,10,6,3,2,4,31,-10.0,26.0,Poor,🔥 COILED: Stay away,31,0.0,0.0,0.0,50.0,0,,nan,nan,0.0
FESXX,Goldman Sachs Trust - Goldman Sachs Investor Tax-Exempt Money Market Fund,1,2,4,10,6,3,2,4,31,-10.0,26.0,Poor,🔥 COILED: Stay away,31,0.0,0.0,0.0,50.0,0,,nan,nan,0.0
FERXX,Fidelity Newbury Street Trust - Tax-Exempt Fund,1,2,4,10,6,3,2,4,31,-10.0,26.0,Poor,🔥 COILED: Stay away,31,0.0,0.0,0.0,50.0,0,,nan,nan,0.0
FETXX,Fidelity Colchester Street Trust - Tax-Exempt Portfolio,1,2,4,10,6,3,2,4,31,-10.0,26.0,Poor,🔥 COILED: Stay away,31,0.0,0.0,0.0,50.0,0,,nan,nan,0.0
FFCXX,First American Funds Inc. - Retail Tax Free Obligations Fund,1,2,4,10,6,3,2,4,31,-10.0,26.0,Poor,🔥 COILED: Stay away,31,0.0,0.0,0.0,50.0,0,,nan,nan,0.0
FEXXX,Fidelity Colchester Street Trust - Tax-Exempt Portfolio,1,2,4,10,6,3,2,4,31,-10.0,26.0,Poor,🔥 COILED: Stay away,31,0.0,0.0,0.0,50.0,0,,nan,nan,0.0
FFTXX,Money Market Obligations Trust - Federated Institutional Tax-Free Cash Trust,1,2,4,10,6,3,2,4,31,-10.0,26.0,Poor,🔥 COILED: Stay away,31,0.0,0.0,0.0,50.0,0,,nan,nan,0.0
FGAXX,Goldman Sachs Trust - Goldman Sachs Financial Square Treasury Obligations Fund,1,2,4,10,6,3,2,4,31,-10.0,26.0,Poor,🔥 COILED: Stay away,31,0.0,0.0,0.0,50.0,0,,nan,nan,0.0
FGDXX,First American Funds Inc. - Government Obligations Fund,1,2,4,10,6,3,2,4,31,-10.0,26.0,Poor,🔥 COILED: Stay away,31,0.0,0.0,0.0,50.0,0,,nan,nan,0.0
FGEXX,Fidelity Colchester Street Trust - Government Portfolio,1,2,4,10,6,3,2,4,31,-10.0,26.0,Poor,🔥 COILED: Stay away,31,0.0,0.0,0.0,50.0,0,,nan,nan,0.0
FGNXX,Fidelity Salem Street Trust - Government Money Market Fund,1,2,4,10,6,3,2,4,31,-10.0,26.0,Poor,🔥 COILED: Stay away,31,0.0,0.0,0.0,50.0,0,,nan,nan,0.0
FGGXX,Goldman Sachs Trust - Goldman Sachs Financial Square Government Fund,1,2,4,10,6,3,2,4,31,-10.0,26.0,Poor,🔥 COILED: Stay away,31,0.0,0.0,0.0,50.0,0,,nan,nan,0.0
FGUXX,First American Funds Inc. - Government Obligations Fund,1,2,4,10,6,3,2,4,31,-10.0,26.0,Poor,🔥 COILED: Stay away,31,0.0,0.0,0.0,50.0,0,,nan,nan,0.0
FGVXX,First American Funds Inc. - Government Obligations Fund,1,2,4,10,6,3,2,4,31,-10.0,26.0,Poor,🔥 COILED: Stay away,31,0.0,0.0,0.0,50.0,0,,nan,nan,0.0
FGZXX,First American Funds Inc. - Government Obligations Fund,1,2,4,10,6,3,2,4,31,-10.0,26.0,Poor,🔥 COILED: Stay away,31,0.0,0.0,0.0,50.0,0,,nan,nan,0.0
FHIXX,First American Funds Inc. - Retail Tax Free Obligations Fund,1,2,4,10,6,3,2,4,31,-10.0,26.0,Poor,🔥 COILED: Stay away,31,0.0,0.0,0.0,50.0,0,,nan,nan,0.0
FHMXX,Goldman Sachs Trust - Investor Money Market Fund,1,2,4,10,6,3,2,4,31,-10.0,26.0,Poor,🔥 COILED: Stay away,31,0.0,0.0,0.0,50.0,0,,nan,nan,0.0
FHSXX,Goldman Sachs Trust - Investor Money Market Fund,1,2,4,10,6,3,2,4,31,-10.0,26.0,Poor,🔥 COILED: Stay away,31,0.0,0.0,0.0,50.0,0,,nan,nan,0.0
FIHXX,Goldman Sachs Trust - Goldman Sachs Financial Square Federal Fund,1,2,4,10,6,3,2,4,31,-10.0,26.0,Poor,🔥 COILED: Stay away,31,0.0,0.0,0.0,50.0,0,,nan,nan,0.0
FIKXX,Goldman Sachs Trust - Goldman Sachs Financial Square Federal Fund,1,2,4,10,6,3,2,4,31,-10.0,26.0,Poor,🔥 COILED: Stay away,31,0.0,0.0,0.0,50.0,0,,nan,nan,0.0
FILXX,Goldman Sachs Trust - Goldman Sachs Financial Square Federal Fund,1,2,4,10,6,3,2,4,31,-10.0,26.0,Poor,🔥 COILED: Stay away,31,0.0,0.0,0.0,50.0,0,,nan,nan,0.0
FIRXX,Goldman Sachs Trust - Goldman Sachs Financial Square Federal Fund,1,2,4,10,6,3,2,4,31,-10.0,26.0,Poor,🔥 COILED: Stay away,31,0.0,0.0,0.0,50.0,0,,nan,nan,0.0
FIOXX,Goldman Sachs Trust - Goldman Sachs Financial Square Federal Fund,1,2,4,10,6,3,2,4,31,-10.0,26.0,Poor,🔥 COILED: Stay away,31,0.0,0.0,0.0,50.0,0,,nan,nan,0.0
FKIXX,Goldman Sachs Trust - Investor Tax-Exempt Money Market Fund,1,2,4,10,6,3,2,4,31,-10.0,26.0,Poor,🔥 COILED: Stay away,31,0.0,0.0,0.0,50.0,0,,nan,nan,0.0
FLIXX,First American Funds Inc. - Treasury Obligations Fund,1,2,4,10,6,3,2,4,31,-10.0,26.0,Poor,🔥 COILED: Stay away,31,0.0,0.0,0.0,50.0,0,,nan,nan,0.0
FIWXX,Goldman Sachs Trust - Goldman Sachs Financial Square Federal Fund,1,2,4,10,6,3,2,4,31,-10.0,26.0,Poor,🔥 COILED: Stay away,31,0.0,0.0,0.0,50.0,0,,nan,nan,0.0
FMAXX,Fidelity Massachusetts Municipal Trust - Fidelity Massachusetts AMT Tax-Free Money Market Fund,1,2,4,10,6,3,2,4,31,-10.0,26.0,Poor,🔥 COILED: Stay away,31,0.0,0.0,0.0,50.0,0,,nan,nan,0.0
FLPXX,Meeder Funds - Institutional Prime Money Market Fund,1,2,4,10,6,3,2,4,31,-10.0,26.0,Poor,🔥 COILED: Stay away,31,0.0,0.0,0.0,50.0,0,,nan,nan,0.0
FMEXX,Goldman Sachs Trust - Investor Money Market Fund,1,2,4,10,6,3,2,4,31,-10.0,26.0,Poor,🔥 COILED: Stay away,31,0.0,0.0,0.0,50.0,0,,nan,nan,0.0
FMKXX,Goldman Sachs Trust - Investor Money Market Fund,1,2,4,10,6,3,2,4,31,-10.0,26.0,Poor,🔥 COILED: Stay away,31,0.0,0.0,0.0,50.0,0,,nan,nan,0.0
FMFXX,Franklin U.S. Government Money Fund,1,2,4,10,6,3,2,4,31,-10.0,26.0,Poor,🔥 COILED: Stay away,31,0.0,0.0,0.0,50.0,0,,nan,nan,0.0
FMGXX,Goldman Sachs Trust - Investor Money Market Fund,1,2,4,10,6,3,2,4,31,-10.0,26.0,Poor,🔥 COILED: Stay away,31,0.0,0.0,0.0,50.0,0,,nan,nan,0.0
FMPXX,Fidelity Colchester Street Trust - Money Market Portfolio,1,2,4,10,6,3,2,4,31,-10.0,26.0,Poor,🔥 COILED: Stay away,31,0.0,0.0,0.0,50.0,0,,nan,nan,0.0
FMOXX,Fidelity Newbury Street Trust - Tax-Exempt Fund,1,2,4,10,6,3,2,4,31,-10.0,26.0,Poor,🔥 COILED: Stay away,31,0.0,0.0,0.0,50.0,0,,nan,nan,0.0
FMQXX,Fidelity Salem Street Trust - Fidelity SAI Municipal Money Market Fund,1,2,4,10,6,3,2,4,31,-10.0,26.0,Poor,🔥 COILED: Stay away,31,0.0,0.0,0.0,50.0,0,,nan,nan,0.0
FMSXX,Fidelity Massachusetts Municipal Trust - Fidelity Massachusetts AMT Tax-Free Money Market Fund,1,2,4,10,6,3,2,4,31,-10.0,26.0,Poor,🔥 COILED: Stay away,31,0.0,0.0,0.0,50.0,0,,nan,nan,0.0
FMYXX,Fidelity Colchester Street Trust - Money Market Portfolio,1,2,4,10,6,3,2,4,31,-10.0,26.0,Poor,🔥 COILED: Stay away,31,0.0,0.0,0.0,50.0,0,,nan,nan,0.0
FNCXX,Money Market Obligations Trust - Federated New York Municipal Cash Trust,1,2,4,10,6,3,2,4,31,-10.0,26.0,Poor,🔥 COILED: Stay away,31,0.0,0.0,0.0,50.0,0,,nan,nan,0.0
FNTXX,Money Market Obligations Trust - Federated New York Municipal Cash Trust,1,2,4,10,6,3,2,4,31,-10.0,26.0,Poor,🔥 COILED: Stay away,31,0.0,0.0,0.0,50.0,0,,nan,nan,0.0
FNDXX,Federated Private Liquidity Funds-Prime Private Liquidity Fund,1,2,4,10,6,3,2,4,31,-10.0,26.0,Poor,🔥 COILED: Stay away,31,0.0,0.0,0.0,50.0,0,,nan,nan,0.0
FNKXX,Fidelity New York Municipal Trust II - Fidelity New York AMT Tax-Free Money Market Fund,1,2,4,10,6,3,2,4,31,-10.0,26.0,Poor,🔥 COILED: Stay away,31,0.0,0.0,0.0,50.0,0,,nan,nan,0.0
FOAXX,Goldman Sachs Trust - Goldman Sachs Financial Square Government Fund,1,2,4,10,6,3,2,4,31,-10.0,26.0,Poor,🔥 COILED: Stay away,31,0.0,0.0,0.0,50.0,0,,nan,nan,0.0
FOEXX,First American Funds Inc. - U.S. Treasury Money Market Fund,1,2,4,10,6,3,2,4,31,-10.0,26.0,Poor,🔥 COILED: Stay away,31,0.0,0.0,0.0,50.0,0,,nan,nan,0.0
FODXX,First American Funds Inc. - U.S. Treasury Money Market Fund,1,2,4,10,6,3,2,4,31,-10.0,26.0,Poor,🔥 COILED: Stay away,31,0.0,0.0,0.0,50.0,0,,nan,nan,0.0
FOCXX,First American Funds Inc. - Treasury Obligations Fund,1,2,4,10,6,3,2,4,31,-10.0,26.0,Poor,🔥 COILED: Stay away,31,0.0,0.0,0.0,50.0,0,,nan,nan,0.0
FOIXX,Fidelity Colchester Street Trust - Treasury Only Portfolio,1,2,4,10,6,3,2,4,31,-10.0,26.0,Poor,🔥 COILED: Stay away,31,0.0,0.0,0.0,50.0,0,,nan,nan,0.0
FOPXX,Fidelity Colchester Street Trust - Treasury Only Portfolio,1,2,4,10,6,3,2,4,31,-10.0,26.0,Poor,🔥 COILED: Stay away,31,0.0,0.0,0.0,50.0,0,,nan,nan,0.0
FOSXX,Goldman Sachs Trust - Goldman Sachs Financial Square Government Fund,1,2,4,10,6,3,2,4,31,-10.0,26.0,Poor,🔥 COILED: Stay away,31,0.0,0.0,0.0,50.0,0,,nan,nan,0.0
FOXXX,Fidelity Colchester Street Trust - Treasury Only Portfolio,1,2,4,10,6,3,2,4,31,-10.0,26.0,Poor,🔥 COILED: Stay away,31,0.0,0.0,0.0,50.0,0,,nan,nan,0.0
FOYXX,First American Funds Inc. - U.S. Treasury Money Market Fund,1,2,4,10,6,3,2,4,31,-10.0,26.0,Poor,🔥 COILED: Stay away,31,0.0,0.0,0.0,50.0,0,,nan,nan,0.0
FOZXX,First American Funds Inc. - U.S. Treasury Money Market Fund,1,2,4,10,6,3,2,4,31,-10.0,26.0,Poor,🔥 COILED: Stay away,31,0.0,0.0,0.0,50.0,0,,nan,nan,0.0
FRBXX,Fidelity Colchester Street Trust - Treasury Portfolio,1,2,4,10,6,3,2,4,31,-10.0,26.0,Poor,🔥 COILED: Stay away,31,0.0,0.0,0.0,50.0,0,,nan,nan,0.0
FPUXX,First American Funds Inc. - Retail Prime Obligations Fund,1,2,4,10,6,3,2,4,31,-10.0,26.0,Poor,🔥 COILED: Stay away,31,0.0,0.0,0.0,50.0,0,,nan,nan,0.0
FPPXX,First American Funds Inc. - Government Obligations Fund,1,2,4,10,6,3,2,4,31,-10.0,26.0,Poor,🔥 COILED: Stay away,31,0.0,0.0,0.0,50.0,0,,nan,nan,0.0
FRQXX,Franklin U.S. Government Money Fund,1,2,4,10,6,3,2,4,31,-10.0,26.0,Poor,🔥 COILED: Stay away,31,0.0,0.0,0.0,50.0,0,,nan,nan,0.0
FRFXX,Money Market Obligations Trust - Federated Hermes Capital Reserve Fund,1,2,4,10,6,3,2,4,31,-10.0,26.0,Poor,🔥 COILED: Stay away,31,0.0,0.0,0.0,50.0,0,,nan,nan,0.0
FRSXX,Fidelity Colchester Street Trust - Treasury Only Portfolio,1,2,4,10,6,3,2,4,31,-10.0,26.0,Poor,🔥 COILED: Stay away,31,0.0,0.0,0.0,50.0,0,,nan,nan,0.0
FRRXX,Franklin U.S. Government Money Fund,1,2,4,10,6,3,2,4,31,-10.0,26.0,Poor,🔥 COILED: Stay away,31,0.0,0.0,0.0,50.0,0,,nan,nan,0.0
FSKXX,Fidelity Court Street Trust II - Fidelity New Jersey AMT Tax-Free Money Market Fund,1,2,4,10,6,3,2,4,31,-10.0,26.0,Poor,🔥 COILED: Stay away,31,0.0,0.0,0.0,50.0,0,,nan,nan,0.0
FSJXX,Fidelity Court Street Trust II - Fidelity New Jersey AMT Tax-Free Money Market Fund,1,2,4,10,6,3,2,4,31,-10.0,26.0,Poor,🔥 COILED: Stay away,31,0.0,0.0,0.0,50.0,0,,nan,nan,0.0
FSGXX,Goldman Sachs Trust - Goldman Sachs Financial Square Government Fund,1,2,4,10,6,3,2,4,31,-10.0,26.0,Poor,🔥 COILED: Stay away,31,0.0,0.0,0.0,50.0,0,,nan,nan,0.0
FSBXX,Fidelity California Municipal Trust II - Fidelity California AMT Tax-Free Money Market Fund,1,2,4,10,6,3,2,4,31,-10.0,26.0,Poor,🔥 COILED: Stay away,31,0.0,0.0,0.0,50.0,0,,nan,nan,0.0
FSNXX,Fidelity New York Municipal Trust II - Fidelity New York AMT Tax-Free Money Market Fund,1,2,4,10,6,3,2,4,31,-10.0,26.0,Poor,🔥 COILED: Stay away,31,0.0,0.0,0.0,50.0,0,,nan,nan,0.0
FSOXX,Goldman Sachs Trust - Goldman Sachs Financial Square Government Fund,1,2,4,10,6,3,2,4,31,-10.0,26.0,Poor,🔥 COILED: Stay away,31,0.0,0.0,0.0,50.0,0,,nan,nan,0.0
FSRXX,Fidelity Newbury Street Trust - Treasury Fund,1,2,4,10,6,3,2,4,31,-10.0,26.0,Poor,🔥 COILED: Stay away,31,0.0,0.0,0.0,50.0,0,,nan,nan,0.0
FSXXX,Fidelity Colchester Street Trust - Tax-Exempt Portfolio,1,2,4,10,6,3,2,4,31,-10.0,26.0,Poor,🔥 COILED: Stay away,31,0.0,0.0,0.0,50.0,0,,nan,nan,0.0
FTFXX,Money Market Obligations Trust - Federated Institutional Tax-Free Cash Trust,1,2,4,10,6,3,2,4,31,-10.0,26.0,Poor,🔥 COILED: Stay away,31,0.0,0.0,0.0,50.0,0,,nan,nan,0.0
FTCXX,Fidelity Colchester Street Trust - Tax-Exempt Portfolio,1,2,4,10,6,3,2,4,31,-10.0,26.0,Poor,🔥 COILED: Stay away,31,0.0,0.0,0.0,50.0,0,,nan,nan,0.0
FTAXX,First American Funds Inc. - Retail Tax Free Obligations Fund,1,2,4,10,6,3,2,4,31,-10.0,26.0,Poor,🔥 COILED: Stay away,31,0.0,0.0,0.0,50.0,0,,nan,nan,0.0
FTGXX,First American Funds Inc. - Government Obligations Fund,1,2,4,10,6,3,2,4,31,-10.0,26.0,Poor,🔥 COILED: Stay away,31,0.0,0.0,0.0,50.0,0,,nan,nan,0.0
FTDXX,First American Funds Inc. - Treasury Obligations Fund,1,2,4,10,6,3,2,4,31,-10.0,26.0,Poor,🔥 COILED: Stay away,31,0.0,0.0,0.0,50.0,0,,nan,nan,0.0
FTKXX,First American Funds Inc. - U.S. Treasury Money Market Fund,1,2,4,10,6,3,2,4,31,-10.0,26.0,Poor,🔥 COILED: Stay away,31,0.0,0.0,0.0,50.0,0,,nan,nan,0.0
FTJXX,First American Funds Inc. - Retail Tax Free Obligations Fund,1,2,4,10,6,3,2,4,31,-10.0,26.0,Poor,🔥 COILED: Stay away,31,0.0,0.0,0.0,50.0,0,,nan,nan,0.0
FTOXX,Goldman Sachs Trust - Goldman Sachs Financial Square Treasury Obligations Fund,1,2,4,10,6,3,2,4,31,-10.0,26.0,Poor,🔥 COILED: Stay away,31,0.0,0.0,0.0,50.0,0,,nan,nan,0.0
FTQXX,Franklin U.S. Government Money Fund,1,2,4,10,6,3,2,4,31,-10.0,26.0,Poor,🔥 COILED: Stay away,31,0.0,0.0,0.0,50.0,0,,nan,nan,0.0
FTTXX,Fifth Third Funds - Fifth Third US Treasury Money Market Fund,1,2,4,10,6,3,2,4,31,-10.0,26.0,Poor,🔥 COILED: Stay away,31,0.0,0.0,0.0,50.0,0,,nan,nan,0.0
FTVXX,Fidelity Colchester Street Trust - Treasury Portfolio,1,2,4,10,6,3,2,4,31,-10.0,26.0,Poor,🔥 COILED: Stay away,31,0.0,0.0,0.0,50.0,0,,nan,nan,0.0
FTUXX,Fidelity Colchester Street Trust - Treasury Portfolio,1,2,4,10,6,3,2,4,31,-10.0,26.0,Poor,🔥 COILED: Stay away,31,0.0,0.0,0.0,50.0,0,,nan,nan,0.0
FTXXX,Goldman Sachs Trust - Goldman Sachs Investor Tax-Exempt Money Market Fund,1,2,4,10,6,3,2,4,31,-10.0,26.0,Poor,🔥 COILED: Stay away,31,0.0,0.0,0.0,50.0,0,,nan,nan,0.0
FTYXX,Fidelity Colchester Street Trust - Treasury Only Portfolio,1,2,4,10,6,3,2,4,31,-10.0,26.0,Poor,🔥 COILED: Stay away,31,0.0,0.0,0.0,50.0,0,,nan,nan,0.0
FTZXX,First American Funds Inc. - Retail Tax Free Obligations Fund,1,2,4,10,6,3,2,4,31,-10.0,26.0,Poor,🔥 COILED: Stay away,31,0.0,0.0,0.0,50.0,0,,nan,nan,0.0
FUGXX,Invesco Treasurers Series Trust - Invesco Premier U.S. Government Money Portfolio,1,2,4,10,6,3,2,4,31,-10.0,26.0,Poor,🔥 COILED: Stay away,31,0.0,0.0,0.0,50.0,0,,nan,nan,0.0
FUIXX,First American Funds Inc. - U.S. Treasury Money Market Fund,1,2,4,10,6,3,2,4,31,-10.0,26.0,Poor,🔥 COILED: Stay away,31,0.0,0.0,0.0,50.0,0,,nan,nan,0.0
FUPXX,First American Funds Inc. - Treasury Obligations Fund,1,2,4,10,6,3,2,4,31,-10.0,26.0,Poor,🔥 COILED: Stay away,31,0.0,0.0,0.0,50.0,0,,nan,nan,0.0
FUZXX,First American Funds Inc. - Treasury Obligations Fund,1,2,4,10,6,3,2,4,31,-10.0,26.0,Poor,🔥 COILED: Stay away,31,0.0,0.0,0.0,50.0,0,,nan,nan,0.0
FVAXX,Goldman Sachs Trust - Goldman Sachs Financial Square Federal Fund,1,2,4,10,6,3,2,4,31,-10.0,26.0,Poor,🔥 COILED: Stay away,31,0.0,0.0,0.0,50.0,0,,nan,nan,0.0
FVIXX,First American Funds Inc. - Government Obligations Fund,1,2,4,10,6,3,2,4,31,-10.0,26.0,Poor,🔥 COILED: Stay away,31,0.0,0.0,0.0,50.0,0,,nan,nan,0.0
FVSXX,Goldman Sachs Trust - Goldman Sachs Financial Square Federal Fund,1,2,4,10,6,3,2,4,31,-10.0,26.0,Poor,🔥 COILED: Stay away,31,0.0,0.0,0.0,50.0,0,,nan,nan,0.0
FXRXX,First American Funds Inc. - U.S. Treasury Money Market Fund,1,2,4,10,6,3,2,4,31,-10.0,26.0,Poor,🔥 COILED: Stay away,31,0.0,0.0,0.0,50.0,0,,nan,nan,0.0
FYAXX,Goldman Sachs Trust - Goldman Sachs Financial Square Treasury Obligations Fund,1,2,4,10,6,3,2,4,31,-10.0,26.0,Poor,🔥 COILED: Stay away,31,0.0,0.0,0.0,50.0,0,,nan,nan,0.0
FYRXX,First American Funds Inc. - Retail Prime Obligations Fund,1,2,4,10,6,3,2,4,31,-10.0,26.0,Poor,🔥 COILED: Stay away,31,0.0,0.0,0.0,50.0,0,,nan,nan,0.0
FZBXX,Fidelity Hereford Street Trust - Fidelity Government Money Market Fund,1,2,4,10,6,3,2,4,31,-10.0,26.0,Poor,🔥 COILED: Stay away,31,0.0,0.0,0.0,50.0,0,,nan,nan,0.0
FZAXX,Fidelity Hereford Street Trust - Fidelity Government Money Market Fund,1,2,4,10,6,3,2,4,31,-10.0,26.0,Poor,🔥 COILED: Stay away,31,0.0,0.0,0.0,50.0,0,,nan,nan,0.0
FZEXX,Fidelity Newbury Street Trust - Tax-Exempt Fund,1,2,4,10,6,3,2,4,31,-10.0,26.0,Poor,🔥 COILED: Stay away,31,0.0,0.0,0.0,50.0,0,,nan,nan,0.0
FYSXX,Goldman Sachs Trust - Goldman Sachs Financial Square Treasury Instruments Fund,1,2,4,10,6,3,2,4,31,-10.0,26.0,Poor,🔥 COILED: Stay away,31,0.0,0.0,0.0,50.0,0,,nan,nan,0.0
FZFXX,Fidelity Newbury Street Trust - Treasury Fund,1,2,4,10,6,3,2,4,31,-10.0,26.0,Poor,🔥 COILED: Stay away,31,0.0,0.0,0.0,50.0,0,,nan,nan,0.0
FZGXX,Fidelity Hereford Street Trust - Fidelity Government Money Market Fund,1,2,4,10,6,3,2,4,31,-10.0,26.0,Poor,🔥 COILED: Stay away,31,0.0,0.0,0.0,50.0,0,,nan,nan,0.0
FZRXX,First American Funds Inc. - Retail Prime Obligations Fund,1,2,4,10,6,3,2,4,31,-10.0,26.0,Poor,🔥 COILED: Stay away,31,0.0,0.0,0.0,50.0,0,,nan,nan,0.0
GABXX,The Gabelli Money Market Funds - The Gabelli U.S. Treasury Money Market Fund,1,2,4,10,6,3,2,4,31,-10.0,26.0,Poor,🔥 COILED: Stay away,31,0.0,0.0,0.0,50.0,0,,nan,nan,0.0
GBCXX,The Gabelli Money Market Funds - The Gabelli U.S. Treasury Money Market Fund,1,2,4,10,6,3,2,4,31,-10.0,26.0,Poor,🔥 COILED: Stay away,31,0.0,0.0,0.0,50.0,0,,nan,nan,0.0
GBAXX,The Gabelli Money Market Funds - The Gabelli U.S. Treasury Money Market Fund,1,2,4,10,6,3,2,4,31,-10.0,26.0,Poor,🔥 COILED: Stay away,31,0.0,0.0,0.0,50.0,0,,nan,nan,0.0
GCGXX,Goldman Sachs Trust - Goldman Sachs Financial Square Government Fund,1,2,4,10,6,3,2,4,31,-10.0,26.0,Poor,🔥 COILED: Stay away,31,0.0,0.0,0.0,50.0,0,,nan,nan,0.0
GCFXX,Goldman Sachs Trust - Goldman Sachs Financial Square Federal Fund,1,2,4,10,6,3,2,4,31,-10.0,26.0,Poor,🔥 COILED: Stay away,31,0.0,0.0,0.0,50.0,0,,nan,nan,0.0
GCIXX,Goldman Sachs Trust - Goldman Sachs Financial Square Treasury Instruments Fund,1,2,4,10,6,3,2,4,31,-10.0,26.0,Poor,🔥 COILED: Stay away,31,0.0,0.0,0.0,50.0,0,,nan,nan,0.0
GCTXX,Goldman Sachs Trust - Goldman Sachs Financial Square Treasury Obligations Fund,1,2,4,10,6,3,2,4,31,-10.0,26.0,Poor,🔥 COILED: Stay away,31,0.0,0.0,0.0,50.0,0,,nan,nan,0.0
GFAXX,SEI Daily Income Trust - Government Fund,1,2,4,10,6,3,2,4,31,-10.0,26.0,Poor,🔥 COILED: Stay away,31,0.0,0.0,0.0,50.0,0,,nan,nan,0.0
GFPXX,Goldman Sachs Trust - Goldman Sachs Financial Square Federal Fund,1,2,4,10,6,3,2,4,31,-10.0,26.0,Poor,🔥 COILED: Stay away,31,0.0,0.0,0.0,50.0,0,,nan,nan,0.0
GFCXX,Goldman Sachs Trust - Goldman Sachs Financial Square Federal Fund,1,2,4,10,6,3,2,4,31,-10.0,26.0,Poor,🔥 COILED: Stay away,31,0.0,0.0,0.0,50.0,0,,nan,nan,0.0
GICXX,Goldman Sachs Trust - Goldman Sachs Financial Square Treasury Instruments Fund,1,2,4,10,6,3,2,4,31,-10.0,26.0,Poor,🔥 COILED: Stay away,31,0.0,0.0,0.0,50.0,0,,nan,nan,0.0
GGPXX,Goldman Sachs Trust - Goldman Sachs Financial Square Government Fund,1,2,4,10,6,3,2,4,31,-10.0,26.0,Poor,🔥 COILED: Stay away,31,0.0,0.0,0.0,50.0,0,,nan,nan,0.0
GMCXX,AIM Investment Secs Fds (Invesco Invt Secs Fds) - Invesco U.S. Government Money Portfolio,1,2,4,10,6,3,2,4,31,-10.0,26.0,Poor,🔥 COILED: Stay away,31,0.0,0.0,0.0,50.0,0,,nan,nan,0.0
GIPXX,Goldman Sachs Trust - Goldman Sachs Financial Square Treasury Instruments Fund,1,2,4,10,6,3,2,4,31,-10.0,26.0,Poor,🔥 COILED: Stay away,31,0.0,0.0,0.0,50.0,0,,nan,nan,0.0
GMBXX,General Money Market Fund Inc.,1,2,4,10,6,3,2,4,31,-10.0,26.0,Poor,🔥 COILED: Stay away,31,0.0,0.0,0.0,50.0,0,,nan,nan,0.0
GMGXX,General Money Market Fund Inc.,1,2,4,10,6,3,2,4,31,-10.0,26.0,Poor,🔥 COILED: Stay away,31,0.0,0.0,0.0,50.0,0,,nan,nan,0.0
GMIXX,Nationwide Mutual Funds - Nationwide Money Market Fund,1,2,4,10,6,3,2,4,31,-10.0,26.0,Poor,🔥 COILED: Stay away,31,0.0,0.0,0.0,50.0,0,,nan,nan,0.0
GMLXX,AIM Investment Secs Fds (Invesco Invt Secs Fds) - Invesco U.S. Government Money Portfolio,1,2,4,10,6,3,2,4,31,-10.0,26.0,Poor,🔥 COILED: Stay away,31,0.0,0.0,0.0,50.0,0,,nan,nan,0.0
GMMXX,General Money Market Fund Inc.,1,2,4,10,6,3,2,4,31,-10.0,26.0,Poor,🔥 COILED: Stay away,31,0.0,0.0,0.0,50.0,0,,nan,nan,0.0
GMOXX,AB Fixed-Income Shares Inc. - AB Government Money Market Portfolio,1,2,4,10,6,3,2,4,31,-10.0,26.0,Poor,🔥 COILED: Stay away,31,0.0,0.0,0.0,50.0,0,,nan,nan,0.0
GMQXX,AIM Investment Secs Fds (Invesco Invt Secs Fds) - Invesco U.S. Government Money Portfolio,1,2,4,10,6,3,2,4,31,-10.0,26.0,Poor,🔥 COILED: Stay away,31,0.0,0.0,0.0,50.0,0,,nan,nan,0.0
GMRXX,AIM Investment Secs Fds (Invesco Invt Secs Fds) - Invesco U.S. Government Money Portfolio,1,2,4,10,6,3,2,4,31,-10.0,26.0,Poor,🔥 COILED: Stay away,31,0.0,0.0,0.0,50.0,0,,nan,nan,0.0
GMYXX,GuideStone Funds - Money Market Fund,1,2,4,10,6,3,2,4,31,-10.0,26.0,Poor,🔥 COILED: Stay away,31,0.0,0.0,0.0,50.0,0,,nan,nan,0.0
GMZXX,GuideStone Funds - Money Market Fund,1,2,4,10,6,3,2,4,31,-10.0,26.0,Poor,🔥 COILED: Stay away,31,0.0,0.0,0.0,50.0,0,,nan,nan,0.0
GOAXX,Money Market Obligations Trust - Federated Hermes Government Obligations Tax-Managed Fund,1,2,4,10,6,3,2,4,31,-10.0,26.0,Poor,🔥 COILED: Stay away,31,0.0,0.0,0.0,50.0,0,,nan,nan,0.0
GOFXX,Money Market Obligations Trust - Federated Government Obligations Fund,1,2,4,10,6,3,2,4,31,-10.0,26.0,Poor,🔥 COILED: Stay away,31,0.0,0.0,0.0,50.0,0,,nan,nan,0.0
GOTXX,Money Market Obligations Trust - Federated Hermes Government Obligations Tax-Managed Fund,1,2,4,10,6,3,2,4,31,-10.0,26.0,Poor,🔥 COILED: Stay away,31,0.0,0.0,0.0,50.0,0,,nan,nan,0.0
GOIXX,Federated Hermes Govt Obl IS,1,2,4,10,6,3,2,4,31,-10.0,26.0,Poor,🔥 COILED: Stay away,31,0.0,0.0,0.0,50.0,0,,nan,nan,0.0
GOVXX,Money Market Obligations Trust - Federated Government Obligations Fund,1,2,4,10,6,3,2,4,31,-10.0,26.0,Poor,🔥 COILED: Stay away,31,0.0,0.0,0.0,50.0,0,,nan,nan,0.0
GPGXX,Goldman Sachs Trust - Goldman Sachs Financial Square Government Fund,1,2,4,10,6,3,2,4,31,-10.0,26.0,Poor,🔥 COILED: Stay away,31,0.0,0.0,0.0,50.0,0,,nan,nan,0.0
GPFXX,Goldman Sachs Trust - Goldman Sachs Financial Square Federal Fund,1,2,4,10,6,3,2,4,31,-10.0,26.0,Poor,🔥 COILED: Stay away,31,0.0,0.0,0.0,50.0,0,,nan,nan,0.0
GPIXX,Goldman Sachs Trust - Goldman Sachs Financial Square Treasury Instruments Fund,1,2,4,10,6,3,2,4,31,-10.0,26.0,Poor,🔥 COILED: Stay away,31,0.0,0.0,0.0,50.0,0,,nan,nan,0.0
GPOXX,Goldman Sachs Trust - Goldman Sachs Financial Square Treasury Obligations Fund,1,2,4,10,6,3,2,4,31,-10.0,26.0,Poor,🔥 COILED: Stay away,31,0.0,0.0,0.0,50.0,0,,nan,nan,0.0
GPTXX,Goldman Sachs Trust - Goldman Sachs Investor Tax-Exempt Money Market Fund,1,2,4,10,6,3,2,4,31,-10.0,26.0,Poor,🔥 COILED: Stay away,31,0.0,0.0,0.0,50.0,0,,nan,nan,0.0
GRAXX,Money Market Obligations Trust - Federated Hermes Government Reserves Fund,1,2,4,10,6,3,2,4,31,-10.0,26.0,Poor,🔥 COILED: Stay away,31,0.0,0.0,0.0,50.0,0,,nan,nan,0.0
GPVXX,Short-Term Investment Trust - Invesco Government & Agency Portfolio,1,2,4,10,6,3,2,4,31,-10.0,26.0,Poor,🔥 COILED: Stay away,31,0.0,0.0,0.0,50.0,0,,nan,nan,0.0
GRCXX,Money Market Obligations Trust - Federated Hermes Government Reserves Fund,1,2,4,10,6,3,2,4,31,-10.0,26.0,Poor,🔥 COILED: Stay away,31,0.0,0.0,0.0,50.0,0,,nan,nan,0.0
GRFXX,Money Market Obligations Trust - Federated Hermes Government Reserves Fund,1,2,4,10,6,3,2,4,31,-10.0,26.0,Poor,🔥 COILED: Stay away,31,0.0,0.0,0.0,50.0,0,,nan,nan,0.0
GRGXX,Money Market Obligations Trust - Federated Hermes Government Reserves Fund,1,2,4,10,6,3,2,4,31,-10.0,26.0,Poor,🔥 COILED: Stay away,31,0.0,0.0,0.0,50.0,0,,nan,nan,0.0
GSGXX,Goldman Sachs Trust - Goldman Sachs Financial Square Government Fund,1,2,4,10,6,3,2,4,31,-10.0,26.0,Poor,🔥 COILED: Stay away,31,0.0,0.0,0.0,50.0,0,,nan,nan,0.0
GSFXX,Goldman Sachs Trust - Goldman Sachs Financial Square Federal Fund,1,2,4,10,6,3,2,4,31,-10.0,26.0,Poor,🔥 COILED: Stay away,31,0.0,0.0,0.0,50.0,0,,nan,nan,0.0
GSIXX,Goldman Sachs Trust - Goldman Sachs Financial Square Treasury Instruments Fund,1,2,4,10,6,3,2,4,31,-10.0,26.0,Poor,🔥 COILED: Stay away,31,0.0,0.0,0.0,50.0,0,,nan,nan,0.0
GSOXX,Goldman Sachs Trust - Goldman Sachs Financial Square Treasury Obligations Fund,1,2,4,10,6,3,2,4,31,-10.0,26.0,Poor,🔥 COILED: Stay away,31,0.0,0.0,0.0,50.0,0,,nan,nan,0.0
GTOXX,Goldman Sachs Trust - Goldman Sachs Financial Square Treasury Obligations Fund,1,2,4,10,6,3,2,4,31,-10.0,26.0,Poor,🔥 COILED: Stay away,31,0.0,0.0,0.0,50.0,0,,nan,nan,0.0
GTPXX,Goldman Sachs Trust - Goldman Sachs Financial Square Treasury Obligations Fund,1,2,4,10,6,3,2,4,31,-10.0,26.0,Poor,🔥 COILED: Stay away,31,0.0,0.0,0.0,50.0,0,,nan,nan,0.0
GTRXX,Goldman Sachs Trust - Goldman Sachs Financial Square Treasury Obligations Fund,1,2,4,10,6,3,2,4,31,-10.0,26.0,Poor,🔥 COILED: Stay away,31,0.0,0.0,0.0,50.0,0,,nan,nan,0.0
GTSXX,Money Market Obligations Trust - Federated Hermes Government Obligations Tax-Managed Fund,1,2,4,10,6,3,2,4,31,-10.0,26.0,Poor,🔥 COILED: Stay away,31,0.0,0.0,0.0,50.0,0,,nan,nan,0.0
GVIXX,Allspring Funds Trust - Allspring Government Money Market Fund,1,2,4,10,6,3,2,4,31,-10.0,26.0,Poor,🔥 COILED: Stay away,31,0.0,0.0,0.0,50.0,0,,nan,nan,0.0
GVCXX,Goldman Sachs Trust - Goldman Sachs Financial Square Government Fund,1,2,4,10,6,3,2,4,31,-10.0,26.0,Poor,🔥 COILED: Stay away,31,0.0,0.0,0.0,50.0,0,,nan,nan,0.0
GVRXX,Goldman Sachs Trust - Goldman Sachs Financial Square Government Fund,1,2,4,10,6,3,2,4,31,-10.0,26.0,Poor,🔥 COILED: Stay away,31,0.0,0.0,0.0,50.0,0,,nan,nan,0.0
GVSXX,State Street Insti U.S. Government Money Market Fd Service Class,1,2,4,10,6,3,2,4,31,-10.0,26.0,Poor,🔥 COILED: Stay away,31,0.0,0.0,0.0,50.0,0,,nan,nan,0.0
GVVXX,State Street Master Funds - State Street U.S. Government Money Market Portfolio,1,2,4,10,6,3,2,4,31,-10.0,26.0,Poor,🔥 COILED: Stay away,31,0.0,0.0,0.0,50.0,0,,nan,nan,0.0
HDIXX,Homestead Funds Inc. - Daily Income Fund,1,2,4,10,6,3,2,4,31,-10.0,26.0,Poor,🔥 COILED: Stay away,31,0.0,0.0,0.0,50.0,0,,nan,nan,0.0
HGDXX,HSBC Funds - HSBC U.S. Government Money Market Fund,1,2,4,10,6,3,2,4,31,-10.0,26.0,Poor,🔥 COILED: Stay away,31,0.0,0.0,0.0,50.0,0,,nan,nan,0.0
HBIXX,HSBC Funds - HSBC U.S. Treasury Money Market Fund,1,2,4,10,6,3,2,4,31,-10.0,26.0,Poor,🔥 COILED: Stay away,31,0.0,0.0,0.0,50.0,0,,nan,nan,0.0
HGGXX,HSBC Funds - HSBC U.S. Government Money Market Fund,1,2,4,10,6,3,2,4,31,-10.0,26.0,Poor,🔥 COILED: Stay away,31,0.0,0.0,0.0,50.0,0,,nan,nan,0.0
HGFXX,HSBC Funds - HSBC U.S. Government Money Market Fund,1,2,4,10,6,3,2,4,31,-10.0,26.0,Poor,🔥 COILED: Stay away,31,0.0,0.0,0.0,50.0,0,,nan,nan,0.0
HGIXX,HSBC Funds - HSBC U.S. Government Money Market Fund,1,2,4,10,6,3,2,4,31,-10.0,26.0,Poor,🔥 COILED: Stay away,31,0.0,0.0,0.0,50.0,0,,nan,nan,0.0
HTDXX,HSBC Funds - HSBC U.S. Treasury Money Market Fund,1,2,4,10,6,3,2,4,31,-10.0,26.0,Poor,🔥 COILED: Stay away,31,0.0,0.0,0.0,50.0,0,,nan,nan,0.0
HTFXX,HSBC Funds - HSBC U.S. Treasury Money Market Fund,1,2,4,10,6,3,2,4,31,-10.0,26.0,Poor,🔥 COILED: Stay away,31,0.0,0.0,0.0,50.0,0,,nan,nan,0.0
HTGXX,HSBC Funds - HSBC U.S. Treasury Money Market Fund,1,2,4,10,6,3,2,4,31,-10.0,26.0,Poor,🔥 COILED: Stay away,31,0.0,0.0,0.0,50.0,0,,nan,nan,0.0
IATXX,Transamerica Funds - Transamerica Government Money Market,1,2,4,10,6,3,2,4,31,-10.0,26.0,Poor,🔥 COILED: Stay away,31,0.0,0.0,0.0,50.0,0,,nan,nan,0.0
HTYXX,HSBC Funds - HSBC U.S. Treasury Money Market Fund,1,2,4,10,6,3,2,4,31,-10.0,26.0,Poor,🔥 COILED: Stay away,31,0.0,0.0,0.0,50.0,0,,nan,nan,0.0
ICAXX,DWS Government Money Market Series - Institutional,1,2,4,10,6,3,2,4,31,-10.0,26.0,Poor,🔥 COILED: Stay away,31,0.0,0.0,0.0,50.0,0,,nan,nan,0.0
ICTXX,Investors Cash Trust - DWS Treasury Portfolio,1,2,4,10,6,3,2,4,31,-10.0,26.0,Poor,🔥 COILED: Stay away,31,0.0,0.0,0.0,50.0,0,,nan,nan,0.0
IMLXX,Transamerica Funds - Transamerica Government Money Market,1,2,4,10,6,3,2,4,31,-10.0,26.0,Poor,🔥 COILED: Stay away,31,0.0,0.0,0.0,50.0,0,,nan,nan,0.0
IMRXX,AIM Treasurer's Series Trust (Invesco Treasurer's Series Trust) - Invesco Premier Portfolio,1,2,4,10,6,3,2,4,31,-10.0,26.0,Poor,🔥 COILED: Stay away,31,0.0,0.0,0.0,50.0,0,,nan,nan,0.0
INAXX,AIM Investment Securities Funds (Invesco Investment Securities Funds) - Government Money Market Fund,1,2,4,10,6,3,2,4,31,-10.0,26.0,Poor,🔥 COILED: Stay away,31,0.0,0.0,0.0,50.0,0,,nan,nan,0.0
INVXX,AIM Investment Securities Funds (Invesco Investment Securities Funds) - Government Money Market Fund,1,2,4,10,6,3,2,4,31,-10.0,26.0,Poor,🔥 COILED: Stay away,31,0.0,0.0,0.0,50.0,0,,nan,nan,0.0
INGXX,Legg Mason Partners Institutional Trust - Western Asset Institutional Government Reserves,1,2,4,10,6,3,2,4,31,-10.0,26.0,Poor,🔥 COILED: Stay away,31,0.0,0.0,0.0,50.0,0,,nan,nan,0.0
IPPXX,AIM Treasurer's Series Trust (Invesco Treasurer's Series Trust) - Invesco Premier Portfolio,1,2,4,10,6,3,2,4,31,-10.0,26.0,Poor,🔥 COILED: Stay away,31,0.0,0.0,0.0,50.0,0,,nan,nan,0.0
IPTXX,AIM Treasurer's Series Trust (Invesco Treasurer's Series Trust) - Invesco Premier Portfolio,1,2,4,10,6,3,2,4,31,-10.0,26.0,Poor,🔥 COILED: Stay away,31,0.0,0.0,0.0,50.0,0,,nan,nan,0.0
IRCXX,AIM Treasurer's Series Trust (Invesco Treasurer's Series Trust) - Invesco Premier Portfolio,1,2,4,10,6,3,2,4,31,-10.0,26.0,Poor,🔥 COILED: Stay away,31,0.0,0.0,0.0,50.0,0,,nan,nan,0.0
IRVXX,AIM Treasurer's Series Trust (Invesco Treasurer's Series Trust) - Invesco Premier Portfolio,1,2,4,10,6,3,2,4,31,-10.0,26.0,Poor,🔥 COILED: Stay away,31,0.0,0.0,0.0,50.0,0,,nan,nan,0.0
IPVXX,AIM Treasurer's Series Trust (Invesco Treasurer's Series Trust) - Invesco Premier Portfolio,1,2,4,10,6,3,2,4,31,-10.0,26.0,Poor,🔥 COILED: Stay away,31,0.0,0.0,0.0,50.0,0,,nan,nan,0.0
ISSXX,Federated Private Liquidity Funds-Prime Private Liquidity Fund,1,2,4,10,6,3,2,4,31,-10.0,26.0,Poor,🔥 COILED: Stay away,31,0.0,0.0,0.0,50.0,0,,nan,nan,0.0
IUSXX,Treasury Portfolio - Deutsche U.S. Treasury Money Fund,1,2,4,10,6,3,2,4,31,-10.0,26.0,Poor,🔥 COILED: Stay away,31,0.0,0.0,0.0,50.0,0,,nan,nan,0.0
ITVXX,Investors Cash Trust - DWS Treasury Portfolio,1,2,4,10,6,3,2,4,31,-10.0,26.0,Poor,🔥 COILED: Stay away,31,0.0,0.0,0.0,50.0,0,,nan,nan,0.0
IVMXX,Voya Government Money Market Portfolio,1,2,4,10,6,3,2,4,31,-10.0,26.0,Poor,🔥 COILED: Stay away,31,0.0,0.0,0.0,50.0,0,,nan,nan,0.0
JAMXX,Janus Investment Fund - Janus Money Market Fund,1,2,4,10,6,3,2,4,31,-10.0,26.0,Poor,🔥 COILED: Stay away,31,0.0,0.0,0.0,50.0,0,,nan,nan,0.0
JHOXX,John Hancock Variable Insurance Trust - Money Market Trust,1,2,4,10,6,3,2,4,31,-10.0,26.0,Poor,🔥 COILED: Stay away,31,0.0,0.0,0.0,50.0,0,,nan,nan,0.0
JMCXX,John Hancock Money Market Fund Class C,1,2,4,10,6,3,2,4,31,-10.0,26.0,Poor,🔥 COILED: Stay away,31,0.0,0.0,0.0,50.0,0,,nan,nan,0.0
JNMXX,Janus Investment Fund - Janus Money Market Fund,1,2,4,10,6,3,2,4,31,-10.0,26.0,Poor,🔥 COILED: Stay away,31,0.0,0.0,0.0,50.0,0,,nan,nan,0.0
JNSXX,Edward Jones Money Market Fund,1,2,4,10,6,3,2,4,31,-10.0,26.0,Poor,🔥 COILED: Stay away,31,0.0,0.0,0.0,50.0,0,,nan,nan,0.0
JRSXX,ftse-kicks-2011-off-boosted-by-oil-manufacturing.aspx,1,2,4,10,6,3,2,4,31,-10.0,26.0,Poor,🔥 COILED: Stay away,31,0.0,0.0,0.0,50.0,0,,nan,nan,0.0
KMMXX,DWS Money Market Prime Series - DWS Money Market Fund,1,2,4,10,6,3,2,4,31,-10.0,26.0,Poor,🔥 COILED: Stay away,31,0.0,0.0,0.0,50.0,0,,nan,nan,0.0
LACXX,Lord Abbett U.S. Govt & Govt Sponsored Enterprises Money Mkt Fd Inc.,1,2,4,10,6,3,2,4,31,-10.0,26.0,Poor,🔥 COILED: Stay away,31,0.0,0.0,0.0,50.0,0,,nan,nan,0.0
LAIXX,Legg Mason Partners Institutional Trust - U.S. Treasury Obligations Money Market Fund,1,2,4,10,6,3,2,4,31,-10.0,26.0,Poor,🔥 COILED: Stay away,31,0.0,0.0,0.0,50.0,0,,nan,nan,0.0
LAOXX,Legg Mason Partners Institutional Trust - U.S. Treasury Obligations Money Market Fund,1,2,4,10,6,3,2,4,31,-10.0,26.0,Poor,🔥 COILED: Stay away,31,0.0,0.0,0.0,50.0,0,,nan,nan,0.0
LAYXX,Lord Abbett U.S. Govt & Govt Sponsored Entpr MMkt Fd Cl I,1,2,4,10,6,3,2,4,31,-10.0,26.0,Poor,🔥 COILED: Stay away,31,0.0,0.0,0.0,50.0,0,,nan,nan,0.0
LCCXX,Lord Abbett U.S. Government & Government Sponsored Enterprises Money Market Fund,1,2,4,10,6,3,2,4,31,-10.0,26.0,Poor,🔥 COILED: Stay away,31,0.0,0.0,0.0,50.0,0,,nan,nan,0.0
LGRXX,Legg Mason Partners Institutional Trust - Western Asset Institutional Government Reserves,1,2,4,10,6,3,2,4,31,-10.0,26.0,Poor,🔥 COILED: Stay away,31,0.0,0.0,0.0,50.0,0,,nan,nan,0.0
LTFXX,LeggMason Partners Institutional Trust - Western Asset Institutional Tax Free Reserves,1.0,4,4,8,6,3,2,4,31,-10.0,26.0,Poor,🔥 COILED: Stay away,30,0.0,0.0,-0.0,48.1,0,,nan,nan,0.0
LTRXX,Legg Mason Partners Institutional Trust - Western Asset Institutional U.S. Treasury Reserves,1,2,4,10,6,3,2,4,31,-10.0,26.0,Poor,🔥 COILED: Stay away,31,0.0,0.0,0.0,50.0,0,,nan,nan,0.0
LUIXX,Legg Mason Partners Institutional Trust - U.S. Treasury Obligations Money Market Fund,1,2,4,10,6,3,2,4,31,-10.0,26.0,Poor,🔥 COILED: Stay away,31,0.0,0.0,0.0,50.0,0,,nan,nan,0.0
LWPXX,Legg Mason Partners Institutional Trust - Western Asset Institutional Government Reserves,1,2,4,10,6,3,2,4,31,-10.0,26.0,Poor,🔥 COILED: Stay away,31,0.0,0.0,0.0,50.0,0,,nan,nan,0.0
MAAXX,Money Market Fund,1,2,4,10,6,3,2,4,31,-10.0,26.0,Poor,🔥 COILED: Stay away,31,0.0,0.0,0.0,50.0,0,,nan,nan,0.0
MAMXX,Morgan Stanley Institutional Liquidity Funds - Treasury Securities Portfolio,1,2,4,10,6,3,2,4,31,-10.0,26.0,Poor,🔥 COILED: Stay away,31,0.0,0.0,0.0,50.0,0,,nan,nan,0.0
MAOXX,Morgan Stanley Institutional Liquidity Funds - Treasury Portfolio,1,2,4,10,6,3,2,4,31,-10.0,26.0,Poor,🔥 COILED: Stay away,31,0.0,0.0,0.0,50.0,0,,nan,nan,0.0
MAYXX,Morgan Stanley Institutional Liquidity Funds -  Government Portfolio,1,2,4,10,6,3,2,4,31,-10.0,26.0,Poor,🔥 COILED: Stay away,31,0.0,0.0,0.0,50.0,0,,nan,nan,0.0
MCBXX,BlackRock Financial Institutions Series Trust - BlackRock Summit Cash Reserves Fund,1,2,4,10,6,3,2,4,31,-10.0,26.0,Poor,🔥 COILED: Stay away,31,0.0,0.0,0.0,50.0,0,,nan,nan,0.0
MCCXX,MFS Series Trust I - MFS U.S. Government Cash Reserve Fund,1,2,4,10,6,3,2,4,31,-10.0,26.0,Poor,🔥 COILED: Stay away,31,0.0,0.0,0.0,50.0,0,,nan,nan,0.0
MCDXX,BlackRock Liquidity Funds - MuniCash,1,2,4,10,6,3,2,4,31,-10.0,26.0,Poor,🔥 COILED: Stay away,31,0.0,0.0,0.0,50.0,0,,nan,nan,0.0
MCMXX,MFS Series Trust IV - MFS U.S. Government Money Market Fund,1,2,4,10,6,3,2,4,31,-10.0,26.0,Poor,🔥 COILED: Stay away,31,0.0,0.0,0.0,50.0,0,,nan,nan,0.0
MCHXX,Morgan Stanley Institutional Liquidity Funds - Government Securities Portfolio,1,2,4,10,6,3,2,4,31,-10.0,26.0,Poor,🔥 COILED: Stay away,31,0.0,0.0,0.0,50.0,0,,nan,nan,0.0
MCPXX,BlackRock Liquidity Funds MuniCash - Capital,1,2,4,10,6,3,2,4,31,-10.0,26.0,Poor,🔥 COILED: Stay away,31,0.0,0.0,0.0,50.0,0,,nan,nan,0.0
MCRXX,MFS Series Trust I - MFS U.S. Government Cash Reserve Fund,1,2,4,10,6,3,2,4,31,-10.0,26.0,Poor,🔥 COILED: Stay away,31,0.0,0.0,0.0,50.0,0,,nan,nan,0.0
MFSXX,Money Market Obligations Trust - Federated Municipal Obligations Fund,1,2,4,10,6,3,2,4,31,-10.0,26.0,Poor,🔥 COILED: Stay away,31,0.0,0.0,0.0,50.0,0,,nan,nan,0.0
MFCXX,Money Market Obligations Trust - Federated Municipal Obligations Fund,1,2,4,10,6,3,2,4,31,-10.0,26.0,Poor,🔥 COILED: Stay away,31,0.0,0.0,0.0,50.0,0,,nan,nan,0.0
MGAXX,Morgan Stanley Institutional Liquidity Funds - Government Securities Portfolio,1,2,4,10,6,3,2,4,31,-10.0,26.0,Poor,🔥 COILED: Stay away,31,0.0,0.0,0.0,50.0,0,,nan,nan,0.0
MGOXX,Morgan Stanley Institutional Liquidity Funds -  Government Portfolio,1,2,4,10,6,3,2,4,31,-10.0,26.0,Poor,🔥 COILED: Stay away,31,0.0,0.0,0.0,50.0,0,,nan,nan,0.0
MGPXX,Morgan Stanley Institutional Liquidity Funds - Government Securities Portfolio,1,2,4,10,6,3,2,4,31,-10.0,26.0,Poor,🔥 COILED: Stay away,31,0.0,0.0,0.0,50.0,0,,nan,nan,0.0
MGSXX,Morgan Stanley Institutional Liquidity Funds -  Government Portfolio,1,2,4,10,6,3,2,4,31,-10.0,26.0,Poor,🔥 COILED: Stay away,31,0.0,0.0,0.0,50.0,0,,nan,nan,0.0
MHSXX,Morgan Stanley Institutional Liquidity Funds - Treasury Portfolio,1,2,4,10,6,3,2,4,31,-10.0,26.0,Poor,🔥 COILED: Stay away,31,0.0,0.0,0.0,50.0,0,,nan,nan,0.0
MIFXX,Nationwide Mutual Funds - Nationwide Money Market Fund,1,2,4,10,6,3,2,4,31,-10.0,26.0,Poor,🔥 COILED: Stay away,31,0.0,0.0,0.0,50.0,0,,nan,nan,0.0
MIPXX,The MainStay Funds - MainStay Money Market Fund,1,2,4,10,6,3,2,4,31,-10.0,26.0,Poor,🔥 COILED: Stay away,31,0.0,0.0,0.0,50.0,0,,nan,nan,0.0
MJAXX,Prudential Government Money Market Fund Inc.,1,2,4,10,6,3,2,4,31,-10.0,26.0,Poor,🔥 COILED: Stay away,31,0.0,0.0,0.0,50.0,0,,nan,nan,0.0
MJLXX,JPMorgan Trust II - JPMorgan Liquid Assets Money Market Fund,1,2,4,10,6,3,2,4,31,-10.0,26.0,Poor,🔥 COILED: Stay away,31,0.0,0.0,0.0,50.0,0,,nan,nan,0.0
MJCXX,Prudential Government Money Market Fund Inc.,1,2,4,10,6,3,2,4,31,-10.0,26.0,Poor,🔥 COILED: Stay away,31,0.0,0.0,0.0,50.0,0,,nan,nan,0.0
MMIXX,Wells Fargo Funds Trust - National Tax-Free Money Market Fund,1,2,4,10,6,3,2,4,31,-10.0,26.0,Poor,🔥 COILED: Stay away,31,0.0,0.0,0.0,50.0,0,,nan,nan,0.0
MNVXX,Morgan Stanley Institutional Liquidity Funds - Treasury Securities Portfolio,1,2,4,10,6,3,2,4,31,-10.0,26.0,Poor,🔥 COILED: Stay away,31,0.0,0.0,0.0,50.0,0,,nan,nan,0.0
MOFXX,Money Market Obligations Trust - Federated Municipal Obligations Fund,1,2,4,10,6,3,2,4,31,-10.0,26.0,Poor,🔥 COILED: Stay away,31,0.0,0.0,0.0,50.0,0,,nan,nan,0.0
MODXX,Money Market Obligations Trust - Federated Municipal Obligations Fund,1,2,4,10,6,3,2,4,31,-10.0,26.0,Poor,🔥 COILED: Stay away,31,0.0,0.0,0.0,50.0,0,,nan,nan,0.0
MOSXX,Money Market Obligations Trust - Federated Municipal Obligations Fund,1,2,4,10,6,3,2,4,31,-10.0,26.0,Poor,🔥 COILED: Stay away,31,0.0,0.0,0.0,50.0,0,,nan,nan,0.0
MOIXX,Money Market Obligations Trust - Federated Municipal Obligations Fund,1,2,4,10,6,3,2,4,31,-10.0,26.0,Poor,🔥 COILED: Stay away,31,0.0,0.0,0.0,50.0,0,,nan,nan,0.0
MOTXX,Money Market Obligations Trust - Federated Municipal Obligations Fund,1,2,4,10,6,3,2,4,31,-10.0,26.0,Poor,🔥 COILED: Stay away,31,0.0,0.0,0.0,50.0,0,,nan,nan,0.0
MPCXX,Morgan Stanley Institutional Liquidity Funds -  Government Portfolio,1,2,4,10,6,3,2,4,31,-10.0,26.0,Poor,🔥 COILED: Stay away,31,0.0,0.0,0.0,50.0,0,,nan,nan,0.0
MPIXX,ProFunds - Money Market ProFund,1,2,4,10,6,3,2,4,31,-10.0,26.0,Poor,🔥 COILED: Stay away,31,0.0,0.0,0.0,50.0,0,,nan,nan,0.0
MPMXX,Morgan Stanley Institutional Liquidity Funds - Prime Portfolio,1,2,4,10,6,3,2,4,31,-10.0,26.0,Poor,🔥 COILED: Stay away,31,0.0,0.0,0.0,50.0,0,,nan,nan,0.0
MPNXX,Morgan Stanley Institutional Liquidity Funds - Prime Portfolio,1,2,4,10,6,3,2,4,31,-10.0,26.0,Poor,🔥 COILED: Stay away,31,0.0,0.0,0.0,50.0,0,,nan,nan,0.0
MPSXX,ProFunds - Money Market ProFund,1,2,4,10,6,3,2,4,31,-10.0,26.0,Poor,🔥 COILED: Stay away,31,0.0,0.0,0.0,50.0,0,,nan,nan,0.0
MPRXX,Morgan Stanley Institutional Liquidity Funds - Treasury Securities Portfolio,1,2,4,10,6,3,2,4,31,-10.0,26.0,Poor,🔥 COILED: Stay away,31,0.0,0.0,0.0,50.0,0,,nan,nan,0.0
MPVXX,Morgan Stanley Institutional Liquidity Funds - Prime Portfolio,1,2,4,10,6,3,2,4,31,-10.0,26.0,Poor,🔥 COILED: Stay away,31,0.0,0.0,0.0,50.0,0,,nan,nan,0.0
MREXX,Morgan Stanley Institutional Liquidity Funds - Treasury Portfolio,1,2,4,10,6,3,2,4,31,-10.0,26.0,Poor,🔥 COILED: Stay away,31,0.0,0.0,0.0,50.0,0,,nan,nan,0.0
MSCXX,The MainStay Funds - MainStay Money Market Fund,1,2,4,10,6,3,2,4,31,-10.0,26.0,Poor,🔥 COILED: Stay away,31,0.0,0.0,0.0,50.0,0,,nan,nan,0.0
MSDXX,Morgan Stanley Institutional Liquidity Funds -  Government Portfolio,1,2,4,10,6,3,2,4,31,-10.0,26.0,Poor,🔥 COILED: Stay away,31,0.0,0.0,0.0,50.0,0,,nan,nan,0.0
MSAXX,BlackRock Summit Cash Reserves Fund Cl A,1,2,4,10,6,3,2,4,31,-10.0,26.0,Poor,🔥 COILED: Stay away,31,0.0,0.0,0.0,50.0,0,,nan,nan,0.0
MSEXX,Morgan Stanley Institutional Liquidity Funds - Treasury Securities Portfolio,1,2,4,10,6,3,2,4,31,-10.0,26.0,Poor,🔥 COILED: Stay away,31,0.0,0.0,0.0,50.0,0,,nan,nan,0.0
MSGXX,Morgan Stanley Institutional Liquidity Funds -  Government Portfolio,1,2,4,10,6,3,2,4,31,-10.0,26.0,Poor,🔥 COILED: Stay away,31,0.0,0.0,0.0,50.0,0,,nan,nan,0.0
MSIXX,MainStay Funds Trust - Cash Reserves Sweeps Fund,1,2,4,10,6,3,2,4,31,-10.0,26.0,Poor,🔥 COILED: Stay away,31,0.0,0.0,0.0,50.0,0,,nan,nan,0.0
MSRXX,MFS Series Trust I - MFS U.S. Government Cash Reserve Fund,1,2,4,10,6,3,2,4,31,-10.0,26.0,Poor,🔥 COILED: Stay away,31,0.0,0.0,0.0,50.0,0,,nan,nan,0.0
MSSXX,Morgan Stanley Institutional Liquidity Funds - Treasury Securities Portfolio,1,2,4,10,6,3,2,4,31,-10.0,26.0,Poor,🔥 COILED: Stay away,31,0.0,0.0,0.0,50.0,0,,nan,nan,0.0
MSUXX,Morgan Stanley Institutional Liquidity Funds - Treasury Portfolio,1,2,4,10,6,3,2,4,31,-10.0,26.0,Poor,🔥 COILED: Stay away,31,0.0,0.0,0.0,50.0,0,,nan,nan,0.0
MSVXX,Morgan Stanley Institutional Liquidity Funds - Government Securities Portfolio,1,2,4,10,6,3,2,4,31,-10.0,26.0,Poor,🔥 COILED: Stay away,31,0.0,0.0,0.0,50.0,0,,nan,nan,0.0
MSTXX,Morgan Stanley Institutional Liquidity Funds - Treasury Portfolio,1,2,4,10,6,3,2,4,31,-10.0,26.0,Poor,🔥 COILED: Stay away,31,0.0,0.0,0.0,50.0,0,,nan,nan,0.0
MTCXX,Morgan Stanley Institutional Liquidity Funds - Treasury Portfolio,1,2,4,10,6,3,2,4,31,-10.0,26.0,Poor,🔥 COILED: Stay away,31,0.0,0.0,0.0,50.0,0,,nan,nan,0.0
MTNXX,Morgan Stanley Institutional Liquidity Funds - Treasury Portfolio,1,2,4,10,6,3,2,4,31,-10.0,26.0,Poor,🔥 COILED: Stay away,31,0.0,0.0,0.0,50.0,0,,nan,nan,0.0
MTSXX,Morgan Stanley Institutional Liquidity Funds - Treasury Portfolio,1,2,4,10,6,3,2,4,31,-10.0,26.0,Poor,🔥 COILED: Stay away,31,0.0,0.0,0.0,50.0,0,,nan,nan,0.0
MTTXX,Morgan Stanley Institutional Liquidity Funds - Treasury Portfolio,1,2,4,10,6,3,2,4,31,-10.0,26.0,Poor,🔥 COILED: Stay away,31,0.0,0.0,0.0,50.0,0,,nan,nan,0.0
MUIXX,Morgan Stanley Institutional Liquidity Funds - Government Securities Portfolio,1,2,4,10,6,3,2,4,31,-10.0,26.0,Poor,🔥 COILED: Stay away,31,0.0,0.0,0.0,50.0,0,,nan,nan,0.0
MVAXX,Morgan Stanley Institutional Liquidity Funds - Government Securities Portfolio,1,2,4,10,6,3,2,4,31,-10.0,26.0,Poor,🔥 COILED: Stay away,31,0.0,0.0,0.0,50.0,0,,nan,nan,0.0
MVVXX,Morgan Stanley Institutional Liquidity Funds -  Government Portfolio,1,2,4,10,6,3,2,4,31,-10.0,26.0,Poor,🔥 COILED: Stay away,31,0.0,0.0,0.0,50.0,0,,nan,nan,0.0
MVIXX,Morgan Stanley Institutional Liquidity Funds - Government Securities Portfolio,1,2,4,10,6,3,2,4,31,-10.0,26.0,Poor,🔥 COILED: Stay away,31,0.0,0.0,0.0,50.0,0,,nan,nan,0.0
MVYXX,Morgan Stanley Institutional Liquidity Funds - Treasury Portfolio,1,2,4,10,6,3,2,4,31,-10.0,26.0,Poor,🔥 COILED: Stay away,31,0.0,0.0,0.0,50.0,0,,nan,nan,0.0
MYMXX,AB Fixed-Income Shares Inc. - AB Government Money Market Portfolio,1,2,4,10,6,3,2,4,31,-10.0,26.0,Poor,🔥 COILED: Stay away,31,0.0,0.0,0.0,50.0,0,,nan,nan,0.0
NCGXX,North Capital Funds Trust - Treasury Money Market Fund,1,2,4,10,6,3,2,4,31,-10.0,26.0,Poor,🔥 COILED: Stay away,31,0.0,0.0,0.0,50.0,0,,nan,nan,0.0
NITXX,Northern Institutional Funds - Treasury Portfolio,1,2,4,10,6,3,2,4,31,-10.0,26.0,Poor,🔥 COILED: Stay away,31,0.0,0.0,0.0,50.0,0,,nan,nan,0.0
NISXX,Money Market Obligations Trust - Federated New York Municipal Cash Trust,1,2,4,10,6,3,2,4,31,-10.0,26.0,Poor,🔥 COILED: Stay away,31,0.0,0.0,0.0,50.0,0,,nan,nan,0.0
NOGXX,Northern Funds - U.S. Government Money Market Fund,1,2,4,10,6,3,2,4,31,-10.0,26.0,Poor,🔥 COILED: Stay away,31,0.0,0.0,0.0,50.0,0,,nan,nan,0.0
NWGXX,Allspring Funds Trust - Allspring Government Money Market Fund,1,2,4,10,6,3,2,4,31,-10.0,26.0,Poor,🔥 COILED: Stay away,31,0.0,0.0,0.0,50.0,0,,nan,nan,0.0
NTPXX,Northern Institutional Funds - Treasury Portfolio,1,2,4,10,6,3,2,4,31,-10.0,26.0,Poor,🔥 COILED: Stay away,31,0.0,0.0,0.0,50.0,0,,nan,nan,0.0
NOSXX,Northern Funds - U.S. Government Select Money Market Fund,1,2,4,10,6,3,2,4,31,-10.0,26.0,Poor,🔥 COILED: Stay away,31,0.0,0.0,0.0,50.0,0,,nan,nan,0.0
NWSXX,Nationwide Mutual Funds - Nationwide Money Market Fund,1,2,4,10,6,3,2,4,31,-10.0,26.0,Poor,🔥 COILED: Stay away,31,0.0,0.0,0.0,50.0,0,,nan,nan,0.0
NWTXX,Wells Fargo Funds Trust - 100% Treasury Money Market Fund,1,2,4,10,6,3,2,4,31,-10.0,26.0,Poor,🔥 COILED: Stay away,31,0.0,0.0,0.0,50.0,0,,nan,nan,0.0
NYCXX,Money Market Obligations Trust - New York Cash II Fund,1,2,4,10,6,3,2,4,31,-10.0,26.0,Poor,🔥 COILED: Stay away,31,0.0,0.0,0.0,50.0,0,,nan,nan,0.0
OMBXX,AIM Investment Secs Fds (Invesco Invt Secs Fds) - Invesco U.S. Government Money Portfolio,1,2,4,10,6,3,2,4,31,-10.0,26.0,Poor,🔥 COILED: Stay away,31,0.0,0.0,0.0,50.0,0,,nan,nan,0.0
PBHXX,The Payden & Rygel Investment Group - Payden Cash Reserves Money Market Fund,1,2,4,10,6,3,2,4,31,-10.0,26.0,Poor,🔥 COILED: Stay away,31,0.0,0.0,0.0,50.0,0,,nan,nan,0.0
PBMXX,Prudential Government Money Market Fund Inc.,1,2,4,10,6,3,2,4,31,-10.0,26.0,Poor,🔥 COILED: Stay away,31,0.0,0.0,0.0,50.0,0,,nan,nan,0.0
PCOXX,Money Market Obligations Trust - Federated Prime Cash Obligations Fund,1,2,4,10,6,3,2,4,31,-10.0,26.0,Poor,🔥 COILED: Stay away,31,0.0,0.0,0.0,50.0,0,,nan,nan,0.0
PCEXX,PACE Select Advisors Trust - PACE Money Market Investments,1,2,4,10,6,3,2,4,31,-10.0,26.0,Poor,🔥 COILED: Stay away,31,0.0,0.0,0.0,50.0,0,,nan,nan,0.0
PCSXX,Principal Fds Inc. Money Market Fd A Cl,1,2,4,10,6,3,2,4,31,-10.0,26.0,Poor,🔥 COILED: Stay away,31,0.0,0.0,0.0,50.0,0,,nan,nan,0.0
PCUXX,Fundvantage Trust - Pac Capital US Government Money Market Fund,1,2,4,10,6,3,2,4,31,-10.0,26.0,Poor,🔥 COILED: Stay away,31,0.0,0.0,0.0,50.0,0,,nan,nan,0.0
PFCXX,Putnam Money Market Fund,1,2,4,10,6,3,2,4,31,-10.0,26.0,Poor,🔥 COILED: Stay away,31,0.0,0.0,0.0,50.0,0,,nan,nan,0.0
PCVXX,Money Market Obligations Trust - Federated Prime Cash Obligations Fund,1,2,4,10,6,3,2,4,31,-10.0,26.0,Poor,🔥 COILED: Stay away,31,0.0,0.0,0.0,50.0,0,,nan,nan,0.0
PGDXX,Putnam Investment Funds - Government Money Market Fund,1,2,4,10,6,3,2,4,31,-10.0,26.0,Poor,🔥 COILED: Stay away,31,0.0,0.0,0.0,50.0,0,,nan,nan,0.0
PGEXX,Putnam Investment Funds - Government Money Market Fund,1,2,4,10,6,3,2,4,31,-10.0,26.0,Poor,🔥 COILED: Stay away,31,0.0,0.0,0.0,50.0,0,,nan,nan,0.0
PGKXX,Putnam Investment Funds - Government Money Market Fund,1,2,4,10,6,3,2,4,31,-10.0,26.0,Poor,🔥 COILED: Stay away,31,0.0,0.0,0.0,50.0,0,,nan,nan,0.0
PGLXX,Putnam Investment Funds - Government Money Market Fund,1,2,4,10,6,3,2,4,31,-10.0,26.0,Poor,🔥 COILED: Stay away,31,0.0,0.0,0.0,50.0,0,,nan,nan,0.0
PGFXX,PIMCO Funds - PIMCO Government Money Market Fund,1,2,4,10,6,3,2,4,31,-10.0,26.0,Poor,🔥 COILED: Stay away,31,0.0,0.0,0.0,50.0,0,,nan,nan,0.0
PGOXX,PIMCO Funds - PIMCO Government Money Market Fund,1,2,4,10,6,3,2,4,31,-10.0,26.0,Poor,🔥 COILED: Stay away,31,0.0,0.0,0.0,50.0,0,,nan,nan,0.0
PGRXX,Putnam Investment Funds - Government Money Market Fund,1,2,4,10,6,3,2,4,31,-10.0,26.0,Poor,🔥 COILED: Stay away,31,0.0,0.0,0.0,50.0,0,,nan,nan,0.0
PGPXX,PIMCO Funds - PIMCO Government Money Market Fund,1,2,4,10,6,3,2,4,31,-10.0,26.0,Poor,🔥 COILED: Stay away,31,0.0,0.0,0.0,50.0,0,,nan,nan,0.0
PGYXX,PIMCO Funds - PIMCO Government Money Market Fund,1,2,4,10,6,3,2,4,31,-10.0,26.0,Poor,🔥 COILED: Stay away,31,0.0,0.0,0.0,50.0,0,,nan,nan,0.0
PIFXX,Plan Investment Fund Inc. - Government Portfolio,1,2,4,10,6,3,2,4,31,-10.0,26.0,Poor,🔥 COILED: Stay away,31,0.0,0.0,0.0,50.0,0,,nan,nan,0.0
PINXX,BlackRock Funds - BlackRock Wealth Liquid Environmentally Aware Fund,1,2,4,10,6,3,2,4,31,-10.0,26.0,Poor,🔥 COILED: Stay away,31,0.0,0.0,0.0,50.0,0,,nan,nan,0.0
PISXX,Wells Fargo Funds Trust - Treasury Plus Money Market Fund,1,2,4,10,6,3,2,4,31,-10.0,26.0,Poor,🔥 COILED: Stay away,31,0.0,0.0,0.0,50.0,0,,nan,nan,0.0
PIVXX,Wells Fargo Funds Trust - Treasury Plus Money Market Fund,1,2,4,10,6,3,2,4,31,-10.0,26.0,Poor,🔥 COILED: Stay away,31,0.0,0.0,0.0,50.0,0,,nan,nan,0.0
PMJXX,Principal Fds Inc. Money Market Fd J Cl,1,2,4,10,6,3,2,4,31,-10.0,26.0,Poor,🔥 COILED: Stay away,31,0.0,0.0,0.0,50.0,0,,nan,nan,0.0
PMTXX,Pioneer Money Market Trust - Pioneer U.S. Government Money Market Fund,1,2,4,10,6,3,2,4,31,-10.0,26.0,Poor,🔥 COILED: Stay away,31,0.0,0.0,0.0,50.0,0,,nan,nan,0.0
PMZXX,Prudential Government Money Market Fund Inc.,1,2,4,10,6,3,2,4,31,-10.0,26.0,Poor,🔥 COILED: Stay away,31,0.0,0.0,0.0,50.0,0,,nan,nan,0.0
PRRXX,T. Rowe Price Government Money Fund Inc.,1,2,4,10,6,3,2,4,31,-10.0,26.0,Poor,🔥 COILED: Stay away,31,0.0,0.0,0.0,50.0,0,,nan,nan,0.0
PRMXX,Federated Private Liquidity Funds-Prime Private Liquidity Fund,1,2,4,10,6,3,2,4,31,-10.0,26.0,Poor,🔥 COILED: Stay away,31,0.0,0.0,0.0,50.0,0,,nan,nan,0.0
PRTXX,T. Rowe Price U.S. Treasury Funds Inc. - T. Rowe Price U.S. Treasury Money Fund,1,2,4,10,6,3,2,4,31,-10.0,26.0,Poor,🔥 COILED: Stay away,31,0.0,0.0,0.0,50.0,0,,nan,nan,0.0
PRVXX,Wells Fargo Funds Trust - Treasury Plus Money Market Fund,1,2,4,10,6,3,2,4,31,-10.0,26.0,Poor,🔥 COILED: Stay away,31,0.0,0.0,0.0,50.0,0,,nan,nan,0.0
PTEXX,T. Rowe Price Tax-Exempt Money Fund Inc.,1,2,4,10,6,3,2,4,31,-10.0,26.0,Poor,🔥 COILED: Stay away,31,0.0,0.0,0.0,50.0,0,,nan,nan,0.0
PRYXX,Pioneer Money Market Trust - Pioneer U.S. Government Money Market Fund,1,2,4,10,6,3,2,4,31,-10.0,26.0,Poor,🔥 COILED: Stay away,31,0.0,0.0,0.0,50.0,0,,nan,nan,0.0
PURXX,Putnam Money Market Fund,1,2,4,10,6,3,2,4,31,-10.0,26.0,Poor,🔥 COILED: Stay away,31,0.0,0.0,0.0,50.0,0,,nan,nan,0.0
RBEXX,American Funds U.S. Government Money Market Fund,1,2,4,10,6,3,2,4,31,-10.0,26.0,Poor,🔥 COILED: Stay away,31,0.0,0.0,0.0,50.0,0,,nan,nan,0.0
RGYXX,HSBC Funds - HSBC U.S. Government Money Market Fund,1,2,4,10,6,3,2,4,31,-10.0,26.0,Poor,🔥 COILED: Stay away,31,0.0,0.0,0.0,50.0,0,,nan,nan,0.0
RMGXX,Ubs Money Series - RMA Government Money Market Fund,1,2,4,10,6,3,2,4,31,-10.0,26.0,Poor,🔥 COILED: Stay away,31,0.0,0.0,0.0,50.0,0,,nan,nan,0.0
RPGXX,Davis Series Inc. - Davis Government Money Market Fund,1,2,4,10,6,3,2,4,31,-10.0,26.0,Poor,🔥 COILED: Stay away,31,0.0,0.0,0.0,50.0,0,,nan,nan,0.0
RYFXX,Rydex Series Funds - U.S. Government Money Market Fund,1,2,4,10,6,3,2,4,31,-10.0,26.0,Poor,🔥 COILED: Stay away,31,0.0,0.0,0.0,50.0,0,,nan,nan,0.0
SAJXX,State Street Institutional Investment Trust - State Street Institutional Treasury Plus Money Market,1,2,4,10,6,3,2,4,31,-10.0,26.0,Poor,🔥 COILED: Stay away,31,0.0,0.0,0.0,50.0,0,,nan,nan,0.0
SAEXX,State Street Institutional Investment Trust - State Street Institutional Treasury Plus Money Market,1,2,4,10,6,3,2,4,31,-10.0,26.0,Poor,🔥 COILED: Stay away,31,0.0,0.0,0.0,50.0,0,,nan,nan,0.0
SALXX,State Street Master Funds - State Street U.S. Government Money Market Portfolio,1,2,4,10,6,3,2,4,31,-10.0,26.0,Poor,🔥 COILED: Stay away,31,0.0,0.0,0.0,50.0,0,,nan,nan,0.0
SCAXX,Schwab California Municipal Money Fund Ultra Shares,1,2,4,10,6,3,2,4,31,-10.0,26.0,Poor,🔥 COILED: Stay away,31,0.0,0.0,0.0,50.0,0,,nan,nan,0.0
SCIXX,Cash Account Trust - DWS Tax-Exempt Portfolio,1,2,4,10,6,3,2,4,31,-10.0,26.0,Poor,🔥 COILED: Stay away,31,0.0,0.0,0.0,50.0,0,,nan,nan,0.0
SAMXX,State Street Master Funds - State Street U.S. Government Money Market Portfolio,1,2,4,10,6,3,2,4,31,-10.0,26.0,Poor,🔥 COILED: Stay away,31,0.0,0.0,0.0,50.0,0,,nan,nan,0.0
SCOXX,Schwab Treasury Obligations Money Fund Ultra Shares,1,2,4,10,6,3,2,4,31,-10.0,26.0,Poor,🔥 COILED: Stay away,31,0.0,0.0,0.0,50.0,0,,nan,nan,0.0
SCPXX,SEI Daily Income Trust - Treasury II Fund,1,2,4,10,6,3,2,4,31,-10.0,26.0,Poor,🔥 COILED: Stay away,31,0.0,0.0,0.0,50.0,0,,nan,nan,0.0
SCTXX,Schwab AMT Tax-Free Money Fund Ultra Shares,1,2,4,10,6,3,2,4,31,-10.0,26.0,Poor,🔥 COILED: Stay away,31,0.0,0.0,0.0,50.0,0,,nan,nan,0.0
SEGXX,UBS Series Funds - UBS Select Government Preferred Fund,1,2,4,10,6,3,2,4,31,-10.0,26.0,Poor,🔥 COILED: Stay away,31,0.0,0.0,0.0,50.0,0,,nan,nan,0.0
SETXX,UBS (Cayman) Select Treasury Institutional Fund,1,2,4,10,6,3,2,4,31,-10.0,26.0,Poor,🔥 COILED: Stay away,31,0.0,0.0,0.0,50.0,0,,nan,nan,0.0
SEOXX,SEI Daily Income Trust - Government Fund,1,2,4,10,6,3,2,4,31,-10.0,26.0,Poor,🔥 COILED: Stay away,31,0.0,0.0,0.0,50.0,0,,nan,nan,0.0
SGMXX,The Saratoga Advantage Trust - U.S. Government Money Market Portfolio,1,2,4,10,6,3,2,4,31,-10.0,26.0,Poor,🔥 COILED: Stay away,31,0.0,0.0,0.0,50.0,0,,nan,nan,0.0
SGAXX,The Saratoga Advantage Trust - U.S. Government Money Market Portfolio,1,2,4,10,6,3,2,4,31,-10.0,26.0,Poor,🔥 COILED: Stay away,31,0.0,0.0,0.0,50.0,0,,nan,nan,0.0
SGUXX,Schwab Government Money Fund Ultra Shares,1,2,4,10,6,3,2,4,31,-10.0,26.0,Poor,🔥 COILED: Stay away,31,0.0,0.0,0.0,50.0,0,,nan,nan,0.0
SGPXX,UBS Series Funds - UBS Select Government Preferred Fund,1,2,4,10,6,3,2,4,31,-10.0,26.0,Poor,🔥 COILED: Stay away,31,0.0,0.0,0.0,50.0,0,,nan,nan,0.0
SMGXX,Legg Mason Partners Money Market Trust - Western Asset Government Reserves,1,2,4,10,6,3,2,4,31,-10.0,26.0,Poor,🔥 COILED: Stay away,31,0.0,0.0,0.0,50.0,0,,nan,nan,0.0
SNAXX,The Charles Schwab Family of Funds - Schwab Value Advantage Money Fund,1,2,4,10,6,3,2,4,31,-10.0,26.0,Poor,🔥 COILED: Stay away,31,0.0,0.0,0.0,50.0,0,,nan,nan,0.0
SNOXX,Charles Schwab Family of Funds - Schwab Treasury Obligations Money Fund,1,2,4,10,6,3,2,4,31,-10.0,26.0,Poor,🔥 COILED: Stay away,31,0.0,0.0,0.0,50.0,0,,nan,nan,0.0
SNRXX,Schwab Charles Family Funds - Retirment Government Money Fund,1,2,4,10,6,3,2,4,31,-10.0,26.0,Poor,🔥 COILED: Stay away,31,0.0,0.0,0.0,50.0,0,,nan,nan,0.0
SNSXX,The Charles Schwab Family of Funds - Schwab U.S. Treasury Money Fund,1,2,4,10,6,3,2,4,31,-10.0,26.0,Poor,🔥 COILED: Stay away,31,0.0,0.0,0.0,50.0,0,,nan,nan,0.0
SNVXX,Schwab Government Money Fund,1,2,4,10,6,3,2,4,31,-10.0,26.0,Poor,🔥 COILED: Stay away,31,0.0,0.0,0.0,50.0,0,,nan,nan,0.0
SNYXX,Schwab New York Municipal Money Fund Ultra Shares,1,2,4,10,6,3,2,4,31,-10.0,26.0,Poor,🔥 COILED: Stay away,31,0.0,0.0,0.0,50.0,0,,nan,nan,0.0
SPRXX,Fidelity Hereford Street Trust - Fidelity Money Market Fund,1,2,4,10,6,3,2,4,31,-10.0,26.0,Poor,🔥 COILED: Stay away,31,0.0,0.0,0.0,50.0,0,,nan,nan,0.0
SSJXX,State Street Institutional Investment Trust- Treasury Money Market Fund,1,2,4,10,6,3,2,4,31,-10.0,26.0,Poor,🔥 COILED: Stay away,31,0.0,0.0,0.0,50.0,0,,nan,nan,0.0
SSNXX,State Street Institutional Investment Trust - State Street Institutional Tax Free Money Market Fund,1,2,4,10,6,3,2,4,31,-10.0,26.0,Poor,🔥 COILED: Stay away,31,0.0,0.0,0.0,50.0,0,,nan,nan,0.0
SSKXX,State Street Institutional Investment Trust - State Street Institutional Tax Free Money Market Fund,1,2,4,10,6,3,2,4,31,-10.0,26.0,Poor,🔥 COILED: Stay away,31,0.0,0.0,0.0,50.0,0,,nan,nan,0.0
SSOXX,State Street Master Funds - State Street U.S. Government Money Market Portfolio,1,2,4,10,6,3,2,4,31,-10.0,26.0,Poor,🔥 COILED: Stay away,31,0.0,0.0,0.0,50.0,0,,nan,nan,0.0
SSQXX,State Street Institutional Investment Trust - State Street Institutional Treasury Plus Money Market,1,2,4,10,6,3,2,4,31,-10.0,26.0,Poor,🔥 COILED: Stay away,31,0.0,0.0,0.0,50.0,0,,nan,nan,0.0
SSVXX,State Street Institutional Liquid Reserves Fund,1.0,4,4,10,6,3,2,4,33,-10.0,26.0,Poor,Stay away,33,0.0,0.0,-0.0,0.0,0,,nan,nan,0.0
STGXX,Wells Fargo Funds Trust - Money Market Fund,1,2,4,10,6,3,2,4,31,-10.0,26.0,Poor,🔥 COILED: Stay away,31,0.0,0.0,0.0,50.0,0,,nan,nan,0.0
STPXX,UBS Money Series - UBS Select Treasury Preferred Fund,1,2,4,10,6,3,2,4,31,-10.0,26.0,Poor,🔥 COILED: Stay away,31,0.0,0.0,0.0,50.0,0,,nan,nan,0.0
SUTXX,Schwab U.S. Treasury Money Fund Ultra Shares,1,2,4,10,6,3,2,4,31,-10.0,26.0,Poor,🔥 COILED: Stay away,31,0.0,0.0,0.0,50.0,0,,nan,nan,0.0
SWKXX,The Charles Schwab Family of Funds - Schwab California Municipal Money Fund,1,2,4,10,6,3,2,4,31,-10.0,26.0,Poor,🔥 COILED: Stay away,31,0.0,0.0,0.0,50.0,0,,nan,nan,0.0
SWOXX,Schwab Municipal Money Fund,1,2,4,10,6,3,2,4,31,-10.0,26.0,Poor,🔥 COILED: Stay away,31,0.0,0.0,0.0,50.0,0,,nan,nan,0.0
SWTXX,The Charles Schwab Family of Funds - Schwab Municipal Money Fund,1,2,4,10,6,3,2,4,31,-10.0,26.0,Poor,🔥 COILED: Stay away,31,0.0,0.0,0.0,50.0,0,,nan,nan,0.0
SWYXX,The Charles Schwab Family of Funds - Schwab New York Municipal Money Fund,1,2,4,10,6,3,2,4,31,-10.0,26.0,Poor,🔥 COILED: Stay away,31,0.0,0.0,0.0,50.0,0,,nan,nan,0.0
SWWXX,The Charles Schwab Family of Funds - Schwab AMT Tax-Free Money Fund,1,2,4,10,6,3,2,4,31,-10.0,26.0,Poor,🔥 COILED: Stay away,31,0.0,0.0,0.0,50.0,0,,nan,nan,0.0
TACXX,Short-Term Investment Trust - Invesco Treasury Obligations Portfolio,1,2,4,10,6,3,2,4,31,-10.0,26.0,Poor,🔥 COILED: Stay away,31,0.0,0.0,0.0,50.0,0,,nan,nan,0.0
SZCXX,The Saratoga Advantage Trust - U.S. Government Money Market Portfolio,1,2,4,10,6,3,2,4,31,-10.0,26.0,Poor,🔥 COILED: Stay away,31,0.0,0.0,0.0,50.0,0,,nan,nan,0.0
TAQXX,State Street Institutional Investment Trust -Treasury Obligations Money Market Fund,1,2,4,10,6,3,2,4,31,-10.0,26.0,Poor,🔥 COILED: Stay away,31,0.0,0.0,0.0,50.0,0,,nan,nan,0.0
TAMXX,Transamerica Funds - Transamerica Government Money Market,1,2,4,10,6,3,2,4,31,-10.0,26.0,Poor,🔥 COILED: Stay away,31,0.0,0.0,0.0,50.0,0,,nan,nan,0.0
TBIXX,Money Market Obligations Trust - Federated Tax-Free Obligations Fund,1,2,4,10,6,3,2,4,31,-10.0,26.0,Poor,🔥 COILED: Stay away,31,0.0,0.0,0.0,50.0,0,,nan,nan,0.0
TBSXX,Money Market Obligations Trust - Federated Tax-Free Obligations Fund,1,2,4,10,6,3,2,4,31,-10.0,26.0,Poor,🔥 COILED: Stay away,31,0.0,0.0,0.0,50.0,0,,nan,nan,0.0
TBVXX,Money Market Obligations Trust - Federated Tax-Free Obligations Fund,1,2,4,10,6,3,2,4,31,-10.0,26.0,Poor,🔥 COILED: Stay away,31,0.0,0.0,0.0,50.0,0,,nan,nan,0.0
TCGXX,SEI Daily Income Trust - Government II Fund,1,2,4,10,6,3,2,4,31,-10.0,26.0,Poor,🔥 COILED: Stay away,31,0.0,0.0,0.0,50.0,0,,nan,nan,0.0
TCIXX,TIAA-CREF Funds - TIAA-CREF Money Market Fund,1,2,4,10,6,3,2,4,31,-10.0,26.0,Poor,🔥 COILED: Stay away,31,0.0,0.0,0.0,50.0,0,,nan,nan,0.0
TERXX,T. Rowe Price Tax-Exempt Money Fund Inc.,1,2,4,10,6,3,2,4,31,-10.0,26.0,Poor,🔥 COILED: Stay away,31,0.0,0.0,0.0,50.0,0,,nan,nan,0.0
TCRXX,American Century Investment Trust - Premium Money Market Fund,1,2,4,10,6,3,2,4,31,-10.0,26.0,Poor,🔥 COILED: Stay away,31,0.0,0.0,0.0,50.0,0,,nan,nan,0.0
TFFXX,BlackRock Liquidity Funds - Federal Trust Fund,1,2,4,10,6,3,2,4,31,-10.0,26.0,Poor,🔥 COILED: Stay away,31,0.0,0.0,0.0,50.0,0,,nan,nan,0.0
TFGXX,Transamerica Funds - Government Money Market Fund,1,2,4,10,6,3,2,4,31,-10.0,26.0,Poor,🔥 COILED: Stay away,31,0.0,0.0,0.0,50.0,0,,nan,nan,0.0
TGRXX,Transamerica Funds - Government Money Market Fund,1,2,4,10,6,3,2,4,31,-10.0,26.0,Poor,🔥 COILED: Stay away,31,0.0,0.0,0.0,50.0,0,,nan,nan,0.0
TGTXX,Transamerica Funds - Government Money Market Fund,1,2,4,10,6,3,2,4,31,-10.0,26.0,Poor,🔥 COILED: Stay away,31,0.0,0.0,0.0,50.0,0,,nan,nan,0.0
TIEXX,TIAA-CREF Funds - TIAA-CREF Money Market Fund,1,2,4,10,6,3,2,4,31,-10.0,26.0,Poor,🔥 COILED: Stay away,31,0.0,0.0,0.0,50.0,0,,nan,nan,0.0
TIMXX,RBC Funds Trust - U.S. Government Money Market Fund,1,2,4,10,6,3,2,4,31,-10.0,26.0,Poor,🔥 COILED: Stay away,31,0.0,0.0,0.0,50.0,0,,nan,nan,0.0
TISXX,Money Market Obligations Trust - Federated Hermes U.S. Treasury Cash Reserves,1,2,4,10,6,3,2,4,31,-10.0,26.0,Poor,🔥 COILED: Stay away,31,0.0,0.0,0.0,50.0,0,,nan,nan,0.0
TIRXX,TIAA-CREF Funds - TIAA-CREF Money Market Fund,1,2,4,10,6,3,2,4,31,-10.0,26.0,Poor,🔥 COILED: Stay away,31,0.0,0.0,0.0,50.0,0,,nan,nan,0.0
TLMXX,TIAA-CREF Life Money Market Fund,1,2,4,10,6,3,2,4,31,-10.0,26.0,Poor,🔥 COILED: Stay away,31,0.0,0.0,0.0,50.0,0,,nan,nan,0.0
TMHXX,TIAA-CREF Life Funds - Money Market Fund,1,2,4,10,6,3,2,4,31,-10.0,26.0,Poor,🔥 COILED: Stay away,31,0.0,0.0,0.0,50.0,0,,nan,nan,0.0
TMDXX,T. Rowe Price State Tax-Free Income Trust - T. Rowe Price Maryland Tax-Free Money Fund,1,2,4,10,6,3,2,4,31,-10.0,26.0,Poor,🔥 COILED: Stay away,31,0.0,0.0,0.0,50.0,0,,nan,nan,0.0
TPFXX,Short-Term Investment Trust - Invesco Treasury Portfolio,1,2,4,10,6,3,2,4,31,-10.0,26.0,Poor,🔥 COILED: Stay away,31,0.0,0.0,0.0,50.0,0,,nan,nan,0.0
TPPXX,TIAA-CREF Funds - TIAA-CREF Money Market Fund,1,2,4,10,6,3,2,4,31,-10.0,26.0,Poor,🔥 COILED: Stay away,31,0.0,0.0,0.0,50.0,0,,nan,nan,0.0
TPLXX,State Street Institutional Investment Trust - International Treasure Plus Money Market Fund,1,2,4,10,6,3,2,4,31,-10.0,26.0,Poor,🔥 COILED: Stay away,31,0.0,0.0,0.0,50.0,0,,nan,nan,0.0
TPVXX,State Street Institutional Investment Trust - State Street Institutional Treasury Plus Money Market,1,2,4,10,6,3,2,4,31,-10.0,26.0,Poor,🔥 COILED: Stay away,31,0.0,0.0,0.0,50.0,0,,nan,nan,0.0
TRIXX,State Street Institutional Investment Trust - Treasury Fund,1,2,4,10,6,3,2,4,31,-10.0,26.0,Poor,🔥 COILED: Stay away,31,0.0,0.0,0.0,50.0,0,,nan,nan,0.0
TRGXX,T. Rowe Price U.S. Treasury Funds Inc. - T. Rowe Price U.S. Treasury Money Fund,1,2,4,10,6,3,2,4,31,-10.0,26.0,Poor,🔥 COILED: Stay away,31,0.0,0.0,0.0,50.0,0,,nan,nan,0.0
TRPXX,Short-Term Investment Trust - Invesco Treasury Portfolio,1,2,4,10,6,3,2,4,31,-10.0,26.0,Poor,🔥 COILED: Stay away,31,0.0,0.0,0.0,50.0,0,,nan,nan,0.0
TRVXX,State Street Institutional Investment Trust - Treasury Fund,1,2,4,10,6,3,2,4,31,-10.0,26.0,Poor,🔥 COILED: Stay away,31,0.0,0.0,0.0,50.0,0,,nan,nan,0.0
TRZXX,T. Rowe Price U.S. Treasury Funds Inc. - T. Rowe Price U.S. Treasury Money Fund,1,2,4,10,6,3,2,4,31,-10.0,26.0,Poor,🔥 COILED: Stay away,31,0.0,0.0,0.0,50.0,0,,nan,nan,0.0
TSPXX,Short-Term Investment Trust - Invesco Treasury Obligations Portfolio,1,2,4,10,6,3,2,4,31,-10.0,26.0,Poor,🔥 COILED: Stay away,31,0.0,0.0,0.0,50.0,0,,nan,nan,0.0
TTGXX,T Rowe Price Government Money Funds Inc - Government Money Fund,1,2,4,10,6,3,2,4,31,-10.0,26.0,Poor,🔥 COILED: Stay away,31,0.0,0.0,0.0,50.0,0,,nan,nan,0.0
TTOXX,Money Market Obligations Trust - Federated Trust for U.S. Treasury Obligations,1,2,4,10,6,3,2,4,31,-10.0,26.0,Poor,🔥 COILED: Stay away,31,0.0,0.0,0.0,50.0,0,,nan,nan,0.0
TUGXX,RBC Funds Trust - U.S. Government Money Market Fund,1,2,4,10,6,3,2,4,31,-10.0,26.0,Poor,🔥 COILED: Stay away,31,0.0,0.0,0.0,50.0,0,,nan,nan,0.0
TUIXX,RBC Funds Trust - U.S. Government Money Market Fund,1,2,4,10,6,3,2,4,31,-10.0,26.0,Poor,🔥 COILED: Stay away,31,0.0,0.0,0.0,50.0,0,,nan,nan,0.0
TWNXX,T. Rowe Price State Tax-Free Income Trust - T. Rowe Price Maryland Tax-Free Money Fund,1,2,4,10,6,3,2,4,31,-10.0,26.0,Poor,🔥 COILED: Stay away,31,0.0,0.0,0.0,50.0,0,,nan,nan,0.0
TXPXX,Short-Term Investment Trust - Invesco Treasury Obligations Portfolio,1,2,4,10,6,3,2,4,31,-10.0,26.0,Poor,🔥 COILED: Stay away,31,0.0,0.0,0.0,50.0,0,,nan,nan,0.0
TXMXX,Cash Account Trust - DWS Tax-Exempt Portfolio,1,2,4,10,6,3,2,4,31,-10.0,26.0,Poor,🔥 COILED: Stay away,31,0.0,0.0,0.0,50.0,0,,nan,nan,0.0
TYCXX,Short-Term Investment Trust - Invesco Treasury Portfolio,1,2,4,10,6,3,2,4,31,-10.0,26.0,Poor,🔥 COILED: Stay away,31,0.0,0.0,0.0,50.0,0,,nan,nan,0.0
UATXX,USAA Mutual Funds Trust - USAA Treasury Money Market Trust,1,2,4,10,6,3,2,4,31,-10.0,26.0,Poor,🔥 COILED: Stay away,31,0.0,0.0,0.0,50.0,0,,nan,nan,0.0
UPPXX,UBS Select Prime Preferred Fund,1,2,4,10,6,3,2,4,31,-10.0,26.0,Poor,🔥 COILED: Stay away,31,0.0,0.0,0.0,50.0,0,,nan,nan,0.0
UPRXX,Ubs Money Series - Prime Reserve  Fund,1,2,4,10,6,3,2,4,31,-10.0,26.0,Poor,🔥 COILED: Stay away,31,0.0,0.0,0.0,50.0,0,,nan,nan,0.0
USAXX,USAA Mutual Funds Trust - USAA Money Market Fund,1,2,4,10,6,3,2,4,31,-10.0,26.0,Poor,🔥 COILED: Stay away,31,0.0,0.0,0.0,50.0,0,,nan,nan,0.0
USEXX,USAA Mutual Funds Trust - USAA Tax Exempt Money Market Fund,1,2,4,10,6,3,2,4,31,-10.0,26.0,Poor,🔥 COILED: Stay away,31,0.0,0.0,0.0,50.0,0,,nan,nan,0.0
UTIXX,Money Market Obligations Trust - Federated Hermes U.S. Treasury Cash Reserves,1,2,4,10,6,3,2,4,31,-10.0,26.0,Poor,🔥 COILED: Stay away,31,0.0,0.0,0.0,50.0,0,,nan,nan,0.0
UTSXX,Shelton Funds - The United States Treasury Trust,1,2,4,10,6,3,2,4,31,-10.0,26.0,Poor,🔥 COILED: Stay away,31,0.0,0.0,0.0,50.0,0,,nan,nan,0.0
VCTXX,Vanguard California Municipal Money Market Fund,1,2,4,10,6,3,2,4,31,-10.0,26.0,Poor,🔥 COILED: Stay away,31,0.0,0.0,0.0,50.0,0,,nan,nan,0.0
VETXX,Goldman Sachs Trust - Goldman Sachs Financial Square Government Fund,1,2,4,10,6,3,2,4,31,-10.0,26.0,Poor,🔥 COILED: Stay away,31,0.0,0.0,0.0,50.0,0,,nan,nan,0.0
VMRXX,Vanguard Money Market Reserves - Vanguard Cash Reserves Federal Money Market Fund,1,2,4,10,6,3,2,4,31,-10.0,26.0,Poor,🔥 COILED: Stay away,31,0.0,0.0,0.0,50.0,0,,nan,nan,0.0
VMSXX,Vanguard Municipal Bond Funds - Vanguard Municipal Money Market Fund,1,2,4,10,6,3,2,4,31,-10.0,26.0,Poor,🔥 COILED: Stay away,31,0.0,0.0,0.0,50.0,0,,nan,nan,0.0
VYFXX,Vanguard New York Tax-Exempt Money Market Fund,1,2,4,10,6,3,2,4,31,-10.0,26.0,Poor,🔥 COILED: Stay away,31,0.0,0.0,0.0,50.0,0,,nan,nan,0.0
WACXX,Western Asset Premier Institutional Government Reserves Preferred Shares,1,2,4,10,6,3,2,4,31,-10.0,26.0,Poor,🔥 COILED: Stay away,31,0.0,0.0,0.0,50.0,0,,nan,nan,0.0
WABXX,Western Asset Premier Institutional Government Reserves Capital Shares,1,2,4,10,6,3,2,4,31,-10.0,26.0,Poor,🔥 COILED: Stay away,31,0.0,0.0,0.0,50.0,0,,nan,nan,0.0
WAGXX,Wilmington Funds - Wilmington U.S. Government Money Market Fund,1,2,4,10,6,3,2,4,31,-10.0,26.0,Poor,🔥 COILED: Stay away,31,0.0,0.0,0.0,50.0,0,,nan,nan,0.0
WADXX,Western Asset Premier Institutional U.S. Treasury Reserves Capital Shares,1,2,4,10,6,3,2,4,31,-10.0,26.0,Poor,🔥 COILED: Stay away,31,0.0,0.0,0.0,50.0,0,,nan,nan,0.0
WAEXX,Western Asset Premier Institutional U.S. Treasury Reserves Preferred Shares,1,2,4,10,6,3,2,4,31,-10.0,26.0,Poor,🔥 COILED: Stay away,31,0.0,0.0,0.0,50.0,0,,nan,nan,0.0
WFFXX,Allspring Funds Trust - Allspring Government Money Market Fund,1,2,4,10,6,3,2,4,31,-10.0,26.0,Poor,🔥 COILED: Stay away,31,0.0,0.0,0.0,50.0,0,,nan,nan,0.0
WCGXX,Northern Institutional Funds - U.S. Government Select Portfolio,1,2,4,10,6,3,2,4,31,-10.0,26.0,Poor,🔥 COILED: Stay away,31,0.0,0.0,0.0,50.0,0,,nan,nan,0.0
WGAXX,Allspring Funds Trust - Allspring Government Money Market Fund,1,2,4,10,6,3,2,4,31,-10.0,26.0,Poor,🔥 COILED: Stay away,31,0.0,0.0,0.0,50.0,0,,nan,nan,0.0
WFNXX,Wells Fargo Funds Trust - National Tax-Free Money Market Fund,1,2,4,10,6,3,2,4,31,-10.0,26.0,Poor,🔥 COILED: Stay away,31,0.0,0.0,0.0,50.0,0,,nan,nan,0.0
WFGXX,Allspring Funds Trust - Allspring Government Money Market Fund,1,2,4,10,6,3,2,4,31,-10.0,26.0,Poor,🔥 COILED: Stay away,31,0.0,0.0,0.0,50.0,0,,nan,nan,0.0
WGEXX,Wilmington Funds - Wilmington U.S. Government Money Market Fund,1,2,4,10,6,3,2,4,31,-10.0,26.0,Poor,🔥 COILED: Stay away,31,0.0,0.0,0.0,50.0,0,,nan,nan,0.0
WGOXX,Wilmington Funds - Wilmington U.S. Government Money Market Fund,1,2,4,10,6,3,2,4,31,-10.0,26.0,Poor,🔥 COILED: Stay away,31,0.0,0.0,0.0,50.0,0,,nan,nan,0.0
WGSXX,WT Mutual Fund - Wilmington U.S. Government Money Market Fund,1,2,4,10,6,3,2,4,31,-10.0,26.0,Poor,🔥 COILED: Stay away,31,0.0,0.0,0.0,50.0,0,,nan,nan,0.0
WMPXX,Wells Fargo Funds Trust - Money Market Fund,1,2,4,10,6,3,2,4,31,-10.0,26.0,Poor,🔥 COILED: Stay away,31,0.0,0.0,0.0,50.0,0,,nan,nan,0.0
WMOXX,Wells Fargo Funds Trust - Money Market Fund,1,2,4,10,6,3,2,4,31,-10.0,26.0,Poor,🔥 COILED: Stay away,31,0.0,0.0,0.0,50.0,0,,nan,nan,0.0
WNTXX,Wells Fargo Funds Trust - National Tax-Free Money Market Fund,1,2,4,10,6,3,2,4,31,-10.0,26.0,Poor,🔥 COILED: Stay away,31,0.0,0.0,0.0,50.0,0,,nan,nan,0.0
WTAXX,Wilmington Funds - Wilmington U.S. Treasury Money Market Fund,1,2,4,10,6,3,2,4,31,-10.0,26.0,Poor,🔥 COILED: Stay away,31,0.0,0.0,0.0,50.0,0,,nan,nan,0.0
WOTXX,Wells Fargo Funds Trust - 100% Treasury Money Market Fund,1,2,4,10,6,3,2,4,31,-10.0,26.0,Poor,🔥 COILED: Stay away,31,0.0,0.0,0.0,50.0,0,,nan,nan,0.0
WTLXX,Wells Fargo Funds Trust - Treasury Plus Money Market Fund,1,2,4,10,6,3,2,4,31,-10.0,26.0,Poor,🔥 COILED: Stay away,31,0.0,0.0,0.0,50.0,0,,nan,nan,0.0
WTIXX,Wilmington Funds - Wilmington U.S. Treasury Money Market Fund,1,2,4,10,6,3,2,4,31,-10.0,26.0,Poor,🔥 COILED: Stay away,31,0.0,0.0,0.0,50.0,0,,nan,nan,0.0
WTEXX,WT Mutual Fund - Wilmington Tax-Exempt Money Market Fund,1,2,4,10,6,3,2,4,31,-10.0,26.0,Poor,🔥 COILED: Stay away,31,0.0,0.0,0.0,50.0,0,,nan,nan,0.0
WTRXX,Wells Fargo Funds Trust - 100% Treasury Money Market Fund,1,2,4,10,6,3,2,4,31,-10.0,26.0,Poor,🔥 COILED: Stay away,31,0.0,0.0,0.0,50.0,0,,nan,nan,0.0
WTPXX,Wells Fargo Funds Trust - Treasury Plus Money Market Fund,1,2,4,10,6,3,2,4,31,-10.0,26.0,Poor,🔥 COILED: Stay away,31,0.0,0.0,0.0,50.0,0,,nan,nan,0.0
WTSXX,WT Mutual Fund - Wilmington Tax-Exempt Money Market Fund,1,2,4,10,6,3,2,4,31,-10.0,26.0,Poor,🔥 COILED: Stay away,31,0.0,0.0,0.0,50.0,0,,nan,nan,0.0
FOBXX,Franklin Templeton Trust - Onchain US Government Money Fund,1,2,4,10,6,3,2,4,31,-10.0,26.0,Poor,🔥 COILED: Stay away,31,0.0,0.0,0.0,50.0,0,,nan,nan,0.0
BUYXX,State Street Institutional U.S. Government Money Market Fund,1.0,5,4,10,4,3,1,4,31,-10.0,26.0,Poor,🔥 COILED: Stay away,29,0.0,0.0,-0.3,42.7,0,,nan,nan,0.0
BVYXX,State Street Institutional Investment Trust - State Street Institutional Treasury Plus Money Market,1.0,5,4,10,4,3,1,4,31,-10.0,26.0,Poor,🔥 COILED: Stay away,29,0.0,0.0,-0.3,42.7,0,,nan,nan,0.0
CAJXX,State Street Institutional Investment Trust - State Street Institutional Treasury Plus Money Market,1.0,5,4,10,4,3,1,4,31,-10.0,26.0,Poor,🔥 COILED: Stay away,29,0.0,0.0,-0.3,42.7,0,,nan,nan,0.0
FIDXX,Goldman Sachs Trust - Goldman Sachs Financial Square Federal Instruments Fund,1.0,5,4,10,4,3,1,4,31,-10.0,26.0,Poor,🔥 COILED: Stay away,31,0.0,0.0,-0.4,43.0,0,,nan,nan,0.0
LDIXX,Goldman Sachs Trust - Goldman Sachs Financial Square Government Fund,1.0,5,4,10,4,3,1,4,31,-10.0,26.0,Poor,🔥 COILED: Stay away,31,0.0,0.0,-0.4,44.1,0,,nan,nan,0.0
LEIXX,Goldman Sachs Trust - Goldman Sachs Financial Square Treasury Instruments Fund,1.0,5,4,10,4,3,1,4,31,-10.0,26.0,Poor,🔥 COILED: Stay away,31,0.0,0.0,-0.3,44.4,0,,nan,nan,0.0
OPGXX,State Street Institutional U.S. Government Money Market Fund,1.0,5,4,10,4,3,1,4,31,-10.0,26.0,Poor,🔥 COILED: Stay away,27,0.0,0.0,-0.3,42.8,0,,nan,nan,0.0
OPRXX,State Street Institutional Investment Trust- Treasury Money Market Fund,1.0,5,4,10,4,3,1,4,31,-10.0,26.0,Poor,🔥 COILED: Stay away,31,0.0,0.0,-0.3,42.9,0,,nan,nan,0.0
OPTXX,State Street Institutional Investment Trust - State Street Institutional Treasury Plus Money Market,1.0,5,4,10,4,3,1,4,31,-10.0,26.0,Poor,🔥 COILED: Stay away,29,0.0,0.0,-0.3,42.8,0,,nan,nan,0.0
VTTXX,State Street Institutional Investment Trust- Treasury Money Market Fund,1.0,5,4,10,4,3,1,4,31,-10.0,26.0,Poor,🔥 COILED: Stay away,29,0.0,0.0,-0.2,46.2,0,,nan,nan,0.0
VTLXX,State Street Institutional Investment Trust - State Street Institutional Treasury Plus Money Market,1.0,5,4,10,4,3,1,4,31,-10.0,26.0,Poor,🔥 COILED: Stay away,27,0.0,0.0,-0.3,42.9,0,,nan,nan,0.0
WMNXX,Goldman Sachs Trust - Goldman Sachs Financial Square Government Fund,1.0,5,4,10,4,3,1,4,31,-10.0,26.0,Poor,🔥 COILED: Stay away,31,0.0,0.0,-0.4,43.2,0,,nan,nan,0.0
WOMXX,Goldman Sachs Trust - Goldman Sachs Financial Square Treasury Instruments Fund,1.0,5,4,10,4,3,1,4,31,-10.0,26.0,Poor,🔥 COILED: Stay away,31,0.0,0.0,-0.4,43.1,0,,nan,nan,0.0
FYIXX,Fidelity Treasury Only Money Market Fund,1,2,4,10,6,3,2,4,31,-10.0,26.0,Poor,🔥 COILED: Stay away,31,0.0,0.0,0.0,50.0,0,,nan,nan,0.0
GTOFF,Gemalto N.V,0.002,2,4,3,8,3,0,5,25,0.0,25.0,Poor,Stay away,25,-76.7,13.3,-39.7,44.3,2,,Technology,1062010304.0,22066.98
AEUSF,Active Energy Group Plc,0.002,8,6,1,7,3,0,2,27,2.0,25.0,Poor,Stay away,26,-33.3,-33.3,-22.1,41.7,0,,Industrials,8160855.0,54874.34
JPTE,"JP 3E Holdings, Inc.",0.009,4,6,7,10,2,2,3,34,-9.0,25.0,Poor,Stay away,34,-4.4,-11.3,-8.4,43.2,0,,Technology,5953156.0,650928.52
TMRFF,Tempus Resources Limited,0.01,6,4,9,5,3,3,2,32,-10.0,25.0,Poor,Stay away,42,0.0,0.0,-0.5,17.3,0,,Basic Materials,2917874.0,4744.81
JAMGF,Jasper Mining Corporation,0.009,3,4,1,7,3,3,4,25,-5.0,25.0,Poor,🔥 COILED: Stay away,22,0.0,0.0,-9.3,46.4,1,,Energy,2390071.0,19083.59
VDTAF,Vendetta Mining Corp,0.005,2,7,5,9,5,0,2,30,-1.0,25.0,Poor,Stay away,29,-30.6,-36.7,-26.5,36.3,1,,Basic Materials,1813445.0,16192.79
CRTG,Coretec Group Inc,0.002,11,4,8,14,3,3,5,48,-23,25,Poor,Stay away,26,81.8,0.0,17.5,56.8,1,7,Technology,1107432.0,11141.5
TRKUF,Tarku Resources Ltd,0.005,7,3,10,6,3,4,4,37,-15.0,25.0,Poor,Stay away,39,0.0,0.0,-0.0,15.1,1,,Basic Materials,829529.0,10891.93
GKIT,Greenkraft Inc,0.008,6,3,10,5,0,4,4,32,-10.0,25.0,Poor,Stay away,26,0.0,0.0,-0.1,33.0,0,,Consumer Cyclical,793890.0,1220.14
OWUV,One World Universe Inc,0.003,8,13,3,11,4,2,2,43,-23.0,25.0,Poor,Stay away,23,15.4,15.4,8.0,52.7,4,,Industrials,599428.0,96746.16
ASRE,Astra Energy Inc,0.001,7,8,8,2,3,1,4,33,-13.0,25.0,Poor,🔥 COILED: Stay away,28,0.0,0.0,2.3,58.6,1,,Utilities,75110.0,29183.45
GTII,Global Tech Industries Group Inc,0.016,11,11,7,11,3,4,5,52,-28,25,Poor,Stay away,37,4.0,56.0,44.5,54.6,3,,Industrials,3498524.0,18246.62
MECPF,Mustang Energy Corp.,0.016,6,15,6,3,3,2,3,38,-11.0,25.0,Poor,Stay away,21,-7.2,-8.8,-7.1,43.1,2,,Energy,1466981.0,27883.62
SRNW,Stratos Renewables Corp,0.02,6,4,8,6,3,5,4,36,-10.0,25.0,Poor,Stay away,24,0.0,0.0,-2.1,47.0,0,,Financial Services,980117.0,9667.44
VRCV,Varca Ventures Inc,0.02,17,4,7,10,6,4,5,53,-28.0,25.0,Poor,Stay away,63,0.0,0.0,34.9,100.0,1,,Basic Materials,140496.0,562.9
TBLT,Toughbuilt Industries Inc,0.011,8,4,4,8,0,1,5,30,-5.0,25.0,Poor,Stay away,37,0.0,0.0,-23.2,48.1,1,,Industrials,47699.0,394.74
BCDS,Maxwell Resource,0.027,17,4,5,15,5,3,5,54,-29.0,25.0,Poor,Stay away,60,11.7,12.1,15.7,63.6,3,,Real Estate,24543772.0,11889160.51
TTLXF,Tantalex Resources Corporation,0.025,7,5,10,5,0,2,4,33,-13.0,25.0,Poor,🔥 COILED: Stay away,46,0.0,0.0,-0.0,40.0,1,,Basic Materials,22675286.0,3060.31
AWCA,Awaysis Capital Inc,0.03,3,10,1,7,3,2,2,28,-3.0,25.0,Poor,Stay away,29,-61.8,-31.8,-27.6,46.1,1,,Real Estate,12281585.0,21494.2
SITS,Southern ITS International Inc,0.025,16,10,4,8,7,3,5,53,-28,25,Poor,Stay away,35,47.6,32.1,23.3,57.6,4,,Industrials,8212004.0,117714.91
FHELF,First Helium Inc,0.023,7,13,3,5,3,2,5,38,-13.0,25.0,Poor,Stay away,23,1.8,7.0,5.5,51.8,2,,Basic Materials,4556049.0,145727.69
MRDH,Meridian Holdings Inc,0.026,10,4,3,8,3,0,2,30,-5.0,25.0,Poor,Stay away,43,-33.2,-18.5,-23.3,45.3,1,,Industrials,3902058.0,0.0
LFLS,Loans4Less.Com Inc,0.03,5,3,10,5,3,2,4,32,-10.0,25.0,Poor,Stay away,19,0.0,0.0,-0.1,0.0,0,,Financial Services,2040000.0,387.5
CISCF,Ciscom Corp.,0.022,5,3,3,7,6,4,2,30,-5.0,25.0,Poor,Stay away,37,-10.4,-10.4,-11.7,21.1,1,,Technology,1333238.0,13315.26
LVRLF,CordovaCann Corp,0.027,3,6,5,10,0,4,2,30,-5.0,25.0,Poor,Stay away,26,-13.2,-23.1,-12.3,45.2,1,,Healthcare,1328621.0,15781.88
GAWK,Gawk Inc,0.026,17,4,9,11,4,2,5,52,-27,25,Poor,Stay away,45,142.9,142.9,60.1,84.3,3,3,Technology,67095.0,609.2
LLKKF,Lake Resources NL,0.033,5,10,2,9,4,0,2,32,-5.0,25.0,Poor,Stay away,15,-13.2,3.1,-14.2,42.3,1,,Basic Materials,79482072.0,428253.17
ABSOF,ABS-CBN Holdings Corporation,0.04,15,4,7,9,6,2,5,48,-23.0,25.0,Poor,Stay away,35,0.0,295.0,37.7,98.3,2,,Financial Services,3625060.0,8408.34
PFFOD,Latam Lithium Corp.,0.038,10,5,4,5,6,3,2,35,-10.0,25.0,Poor,Stay away,47,0.0,0.0,-1.5,48.4,0,,Basic Materials,743882.0,1481.94
EAGRF,Leaf Mobile Inc,0.05,3,6,5,10,0,3,3,30,-5.0,25.0,Poor,Stay away,15,0.0,2.2,-2.3,21.3,1,,Communication Services,5417959.0,6328.01
SEAV,SEATech Ventures Corp,0.045,5,4,9,5,2,5,2,32,-10.0,25.0,Poor,Stay away,33,0.0,0.0,-2.9,40.0,0,,Technology,4174562.0,1059.72
HDIHD,HDIHD,0.05,17,5,5,11,3,2,5,48,-23.0,25.0,Poor,Stay away,55,0.0,0.0,32.3,100.0,0,,Technology,nan,0.28
LSIHF,Lai Sun Garment (International) Limited,0.06,7,6,10,8,3,2,4,40,-18.0,25.0,Poor,Stay away,48,0.0,0.0,0.0,95.5,1,,Industrials,27119578.0,189.0
MTLFF,Metallis Resources Inc,0.09,5,15,5,5,4,2,2,38,-13.0,25.0,Poor,Stay away,19,0.9,1.1,-1.7,45.0,2,,Basic Materials,8990676.0,81236.49
NRGYF,New Energy Metals Corp.,0.094,8,7,6,5,4,1,4,35,-15.0,25.0,Poor,🔥 COILED: Stay away,29,0.0,0.0,2.4,51.2,1,,Basic Materials,778325.0,187.35
PMCGF,PT Merdeka Copper Gold Tbk,0.1,5,4,9,6,0,2,4,30,-10.0,25.0,Poor,🔥 COILED: Stay away,23,0.0,0.0,0.0,50.0,0,,Basic Materials,2441690112.0,350.0
ATONF,Anton Oilfield Services Group,0.108,7,3,10,6,3,2,4,35,-13.0,25.0,Poor,Stay away,36,0.0,0.0,-0.0,75.1,0,,Energy,347072992.0,0.0
OPORF,Open Orphan plc,0.11,1,5,1,8,3,3,4,25,-5.0,25.0,Poor,🔥 COILED: Stay away,39,0.0,0.0,-4.7,48.7,1,,Healthcare,240940384.0,208.52
DNCVF,Defiance Silver Corp,0.117,5,7,9,8,0,6,2,37,-12.0,25.0,Poor,Stay away,14,-1.9,-2.8,-4.3,44.9,1,,Basic Materials,43860408.0,404169.99
KROEF,Kr1 PLC,0.133,5,5,6,6,3,5,5,35,-13.0,25.0,Poor,Stay away,31,0.0,-4.3,-0.4,47.9,1,,Financial Services,20369174.0,3448.38
FBRKD,FBRKD,0.134,16,10,5,9,6,4,5,55,-30,25,Poor,Stay away,60,-18.5,16.9,34.9,67.3,3,,Real Estate,15775788.0,5964.49
STSBF,South Star Battery Metals Corp,0.103,6,6,3,8,0,5,2,30,-5.0,25.0,Poor,Stay away,34,-1.6,-5.2,-2.8,47.6,1,,Basic Materials,14506001.0,31467.99
GOGAF,GOGAF,0.119,4,8,2,8,3,2,2,29,-5.0,25.0,Poor,Stay away,38,-2.7,-3.0,-3.2,46.9,1,,Financial Services,14034957.0,43739.89
SIGL,Signal Advance Inc,0.14,4,13,6,1,3,2,2,31,-6.0,25.0,Poor,Stay away,29,-2.1,-2.8,-0.9,47.6,0,,Technology,8244988.0,15224.8
LVWD,Liveworld Inc.,0.126,10,4,4,7,3,0,2,30,-5.0,25.0,Poor,Stay away,34,-16.0,5.0,-4.1,46.6,1,,Technology,5932347.0,67527.79
AUNM,Auction Mills Inc,0.11,3,6,8,5,3,3,4,32,-10.0,25.0,Poor,Stay away,23,0.0,0.0,-6.3,32.8,0,,Financial Services,286891.0,17.21
XELAP,Exela Technologies Inc Preferred Series B,0.102,18,4,9,13,1,5,5,55,-30,25,Poor,Stay away,60,42.2,159.8,64.9,85.6,3,,Technology,nan,731.14
NUEPF,NUEPF,0.106,4,12,4,6,8,2,5,41,-16.0,25.0,Poor,Stay away,42,16.9,1.6,0.7,49.8,0,,nan,nan,9019.66
UMRRF,US Masters Residential Property Fund,0.194,9,6,11,8,0,2,4,40,-18.0,25.0,Poor,Stay away,50,0.0,0.0,0.0,99.7,1,,Real Estate,133559552.0,550.0
EBRCZ,EBR Systems Inc.,0.2,0,5,2,8,4,2,2,23,2.0,25.0,Poor,Stay away,8,-21.7,-25.9,-24.4,28.9,1,,Healthcare,150661120.0,4884.48
ARAY,Accuray Incorporated,0.243,3,15,8,4,3,2,2,37,-13.0,25.0,Poor,Stay away,24,-2.6,-6.4,-6.2,40.9,2,,Healthcare,28955762.0,1865854.45
GLGI,Greystone Logistics,0.22,8,6,4,7,1,0,4,30,-5.0,25.0,Poor,Stay away,29,-12.0,10.0,-3.2,48.2,2,,Basic Materials,6681217.0,52315.53
GRDV,GRDV,0.2,5,4,9,6,0,2,4,30,-10.0,25.0,Poor,🔥 COILED: Stay away,38,0.0,0.0,0.0,50.0,0,,Basic Materials,1568310.0,2060.0
QSEAR,Quartzsea Acquisition Corporation,0.219,7,5,2,12,3,4,2,35,-10.0,25.0,Poor,Stay away,47,-19.0,4.1,-1.6,49.7,0,,nan,nan,0.0
IVFH,Innovative Food Hldg,0.276,7,13,5,3,3,2,2,35,-8.0,25.0,Poor,Stay away,31,6.0,-8.0,1.8,50.6,1,,Consumer Defensive,15066862.0,99335.21
ZTSTF,ZTEST Electronics Inc,0.25,13,4,1,3,6,4,4,35,-10.0,25.0,Poor,Stay away,52,-0.7,-10.3,-2.0,49.4,0,,Technology,11271839.0,11265.08
YSASF,YesAsia Holdings Limited,0.346,1,5,0,11,3,3,2,25,0.0,25.0,Poor,Stay away,14,0.0,0.0,-26.7,2.9,0,,Consumer Cyclical,320639680.0,12.75
BWCCF,BWCCF,0.34,7,6,11,7,3,2,4,40,-18.0,25.0,Poor,Stay away,39,0.0,0.0,0.0,99.6,1,,Basic Materials,36637568.0,0.0
SGLMF,Starhill Global Real Estate Investment Trust,0.384,4,3,10,6,0,5,4,32,-10.0,25.0,Poor,Stay away,26,0.0,0.0,-0.1,24.2,0,,Real Estate,892661248.0,0.0
TPCFF,Titan Logix Corp,0.35,7,3,10,6,3,4,4,37,-15.0,25.0,Poor,Stay away,34,0.0,0.0,-0.0,0.8,1,,Industrials,9378153.0,40.0
SHWGF,Shandong Weigao Group Medical Polymer Company Limited,0.43,4,3,8,6,3,4,4,32,-10.0,25.0,Poor,Stay away,0,0.0,0.0,-0.2,6.1,0,,Healthcare,2222691072.0,0.0
TSIOF,361 Degrees International Limited,0.543,3,3,10,6,3,3,4,32,-10.0,25.0,Poor,Stay away,17,0.0,0.0,-0.9,31.8,0,,Consumer Cyclical,1996868608.0,0.0
CSCHF,China Renaissance Holdings Limited,0.598,5,3,10,6,3,6,4,37,-15.0,25.0,Poor,Stay away,45,0.0,0.0,-0.0,13.1,1,,Financial Services,342976640.0,69.68
MERC,Mercer International Inc,0.681,5,13,5,11,4,2,5,45,-20.0,25.0,Poor,Stay away,22,1.7,23.8,0.0,47.2,3,,Basic Materials,45621784.0,604805.89
GPRO,GoPro Inc,0.72,3,12,8,4,3,4,2,36,-11.0,25.0,Poor,Stay away,23,0.0,3.2,-0.6,46.3,1,,Technology,124575216.0,5777587.55
LOOP,Loop Industries Inc,0.735,4,5,1,8,2,2,2,24,-5.0,25.0,Poor,Stay away,7,-2.0,-22.6,-11.9,40.2,1,,Basic Materials,35554736.0,109909.93
ECAOF,Eco (Atlantic) Oil & Gas Ltd,0.75,10,4,7,6,1,2,5,35,-15.0,25.0,Poor,🔥 COILED: Stay away,41,-5.1,0.0,0.2,51.7,1,,Energy,279732256.0,39211.69
YUMSF,Demaecan Co Ltd,0.76,5,3,4,9,0,2,4,27,-5.0,25.0,Poor,Stay away,16,0.0,0.0,-0.0,0.0,1,,Consumer Cyclical,152581024.0,8.0
RANI,Rani Therapeutics Holdings Inc,0.819,15,10,2,14,3,1,5,50,-23.0,25.0,Poor,Stay away,26,18.6,26.2,6.4,55.4,3,,Healthcare,112640408.0,6622743.68
MOJO,Mojo Organics Inc.,0.803,1,4,4,8,3,3,2,25,0.0,25.0,Poor,Stay away,29,-7.1,-19.7,-9.2,36.5,0,,Consumer Defensive,7583348.0,4495.75
DRMMF,Dream International Limited,0.908,5,3,9,6,3,2,4,32,-10.0,25.0,Poor,Stay away,24,0.0,0.0,-0.0,0.0,0,,Consumer Cyclical,614931904.0,10.0
HIIDQ,Hidili Industry International Development Limited,0.9,5,3,10,5,3,2,4,32,-10.0,25.0,Poor,Stay away,31,0.0,0.0,-0.0,0.0,0,,Energy,316035968.0,11.11
GDTC,CytoMed Therapeutics Limited Ordinary Shares,0.905,6,6,0,9,7,0,2,30,-6.0,25.0,Poor,Stay away,22,-6.7,-11.3,-7.3,41.1,1,,Healthcare,10709899.0,240754.94
UVRBF,Universal Robina Corporation,1.0,5,3,10,8,3,2,4,35,-13.0,25.0,Poor,Stay away,0,0.0,0.0,-0.0,84.5,0,,Consumer Defensive,2133001984.0,0.0
CHEV,Cheviot Financial Corp,1.0,14,5,6,12,3,2,5,47,-22,25,Poor,Stay away,22,688.0,688.0,64.0,58.8,3,6,Industrials,11246252.0,2078.47
SSIXX,State Street Institutional Liquid Reserves Fund,1.0,4,3,10,6,3,2,4,32,-10.0,25.0,Poor,Stay away,33,0.0,0.0,-0.0,0.0,0,,nan,nan,0.0
POIXX,Money Market Obligations Trust - Federated Institutional Prime Obligations Fund,1.0,4,8,5,6,3,0,4,30,-8.0,25.0,Poor,Stay away,26,-0.0,0.0,-0.0,42.6,0,,nan,nan,0.0
SSHXX,State Street Institutional Liquid Reserves Fund,1.0,4,3,10,6,3,2,4,32,-10.0,25.0,Poor,Stay away,33,0.0,0.0,-0.0,0.0,0,,nan,nan,0.0
SSYXX,State Street Institutional Liquid Reserves Fund,1.0,4,3,10,6,3,2,4,32,-10.0,25.0,Poor,Stay away,33,0.0,0.0,-0.0,0.0,0,,nan,nan,0.0
SSZXX,State Street Institutional Liquid Reserves Fund,1.0,4,5,10,6,3,2,4,34,-12.0,25.0,Poor,Stay away,33,0.0,0.0,-0.0,67.6,0,,nan,nan,0.0
TILXX,State Street Institutional Investment Trust - International Liquid Reserves Fund,1.0,4,3,10,6,3,2,4,32,-10.0,25.0,Poor,Stay away,33,0.0,0.0,-0.0,0.0,0,,nan,nan,0.0
TRSXX,Short-Term Investment Trust - Invesco Treasury Portfolio,1.0,3,4,10,5,3,1,4,30,-10.0,25.0,Poor,🔥 COILED: Stay away,26,0.0,0.0,-1.6,44.0,0,,nan,nan,0.0
LINMD,Linear Minerals Corp.,0.145,14,12,4,9,7,0,5,51,-26.5,24.5,Broken,Avoid/exit,62,-6.5,59.3,63.2,61.4,3,,Basic Materials,1946198.0,42753.0
SIUDF,Shanghai Industrial Urban Development Group Limited,0.007,8,3,10,6,3,2,4,36,-15.0,24.0,Broken,Avoid/exit,30,0.0,0.0,-0.0,28.6,1,,Real Estate,191216592.0,1655.5
REEEF,RareX Limited,0.005,5,3,6,3,3,7,4,31,-10.0,24.0,Broken,Avoid/exit,16,0.0,0.0,-17.0,26.4,0,,Basic Materials,6082752.0,34335.89
AHIX,ALUF Holdings Inc,0.003,6,5,8,5,0,3,2,29,-10.0,24.0,Broken,🔥 COILED: Avoid/exit,26,0.0,0.0,-1.1,40.5,0,,Technology,6087013.0,34305.75
FIRTF,Mammoth Minerals Limited,0.01,5,3,9,5,3,2,4,31,-10.0,24.0,Broken,Avoid/exit,21,0.0,0.0,-0.5,0.0,0,,Basic Materials,5589129.0,300.71
MVNC,Marvion Inc.,0.008,3,5,1,9,0,4,2,24,0.0,24.0,Broken,Avoid/exit,19,-45.0,-20.6,-30.6,41.2,0,,Industrials,3003189.0,5624.52
QCAAF,Quinsam Capital Corp,0.001,4,3,10,5,3,2,4,31,-10.0,24.0,Broken,Avoid/exit,16,0.0,0.0,-1.2,1.8,0,,Financial Services,2808493.0,758.0
KNOS,Kronos Advanced Technologies Inc,0.003,3,4,0,12,2,2,4,27,-3.0,24.0,Broken,Avoid/exit,30,-11.4,-22.5,-18.8,45.2,0,,Industrials,2043904.0,214611.05
SMKG,Smart Card Marketing Systems Inc,0.003,4,3,1,9,3,0,4,24,0.0,24.0,Broken,Avoid/exit,22,-23.8,0.0,-12.0,45.7,0,,Technology,1988756.0,19192.23
SKPO,Skye Petroleum Inc,0.003,16,4,8,9,4,0,5,46,-22.0,24.0,Broken,Avoid/exit,45,0.0,14.8,7.2,64.3,3,,Energy,649894.0,45918.75
SAKL,Sack Lunch Productions Inc,0.007,4,3,9,6,3,7,4,36,-15.0,24.0,Broken,Avoid/exit,29,0.0,0.0,-4.2,36.9,1,,Consumer Cyclical,628422.0,2968.82
JSHG,Joshua Gold Resources Inc,0.002,0,12,2,7,4,0,2,27,-3.0,24.0,Broken,Avoid/exit,27,-26.9,-9.5,-12.0,42.9,0,,Basic Materials,507675.0,223115.38
NFEI,New Frontier Energy Inc,0.003,3,3,9,6,3,3,4,31,-10.0,24.0,Broken,Avoid/exit,26,0.0,0.0,-15.9,18.8,0,,Financial Services,249045.0,16279.39
LGCP,Legion Capital Corporation,0.001,7,4,6,6,3,1,4,31,-10.0,24.0,Broken,Avoid/exit,26,0.0,0.0,-0.1,7.9,0,,Financial Services,23192.0,646.93
ZCARW,Zoomcar Holdings Inc,0.006,4,6,9,11,0,2,2,34,-10.0,24.0,Broken,Avoid/exit,29,41.0,96.4,1.4,49.4,2,,nan,nan,0.0
HEGLF,Peak Minerals Limited,0.015,3,7,3,7,8,2,2,32,-8.0,24.0,Broken,Avoid/exit,36,36.4,-27.2,-6.1,45.8,0,,Basic Materials,54958756.0,8307.55
CHNVF,China Youzan Ltd,0.019,15,5,5,7,6,4,5,47,-23.0,24.0,Broken,Avoid/exit,62,0.0,0.0,20.9,100.0,1,,Technology,30646798.0,1200.5
STGZ,Stargaze Entertainment Group Inc,0.016,2,6,0,9,3,2,2,24,0.0,24.0,Broken,Avoid/exit,35,-36.0,-29.8,-19.0,43.3,0,,Communication Services,8032165.0,92905.84
VSST,Voice Assist Inc,0.014,3,7,3,7,3,2,2,27,-3.0,24.0,Broken,Avoid/exit,27,16.0,0.0,-10.2,40.7,1,,Technology,4366515.0,150951.58
MXTLF,Metalex Ventures Ltd,0.015,12,6,11,6,3,2,4,44,-23.0,24.0,Broken,Avoid/exit,50,0.0,0.0,0.0,98.0,0,,Basic Materials,4146718.0,200.0
MRGE,Mirage Energy Corp,0.014,13,6,3,10,4,4,4,44,-20.0,24.0,Broken,Avoid/exit,52,0.0,40.0,4.5,57.2,3,,Energy,4061714.0,33734.0
SPNRF,Sparton Resources Inc,0.014,5,5,1,9,5,2,2,29,-10.0,24.0,Broken,🔥 COILED: Avoid/exit,44,43.0,-28.5,-9.2,46.0,0,,Basic Materials,3634545.0,6463.43
CGNO,"CognoGroup, Inc.",0.014,5,5,5,9,0,0,2,26,2.0,24.0,Broken,Avoid/exit,34,-6.0,28.2,-5.5,46.1,2,,Technology,1223247.0,43472.1
NEVIF,Nevis Brands Inc.,0.018,3,4,3,7,4,4,2,27,-3.0,24.0,Broken,Avoid/exit,25,-27.3,-27.3,-10.0,45.1,1,,Consumer Defensive,729794.0,0.0
MRNOW,Murano Global Investments PLC Warrants,0.013,3,6,1,7,2,4,5,28,0.0,24.0,Broken,Avoid/exit,12,-31.0,31.6,-36.1,42.9,2,,nan,nan,50030.89
MDBIF,Medibio Limited,0.028,16,4,7,12,3,4,5,51,-27,24,Broken,Avoid/exit,65,969.2,969.2,122.0,100.0,2,3,Healthcare,32072676.0,87.83
BCNWF,Bitcoin Well Inc.,0.027,4,10,10,2,3,3,5,37,-13.0,24.0,Broken,Avoid/exit,20,8.4,8.8,1.7,48.3,1,,Financial Services,8987906.0,57411.72
VSEEW,"VSee Health, Inc.",0.022,2,6,0,12,3,0,2,25,-1.0,24.0,Broken,Avoid/exit,7,-62.0,-62.0,-48.0,42.6,0,,nan,nan,32196.21
SMAYF,SIMEC Atlantis Energy Limited,0.037,8,7,4,4,6,3,2,34,-15.0,24.0,Broken,🔥 COILED: Avoid/exit,37,0.0,0.0,-0.6,43.2,1,,Utilities,26527754.0,19713.17
IFUS,Impact Fusion International Inc,0.033,6,8,2,9,2,2,2,31,-5.0,24.0,Broken,Avoid/exit,27,-2.9,-4.3,-5.1,46.0,1,,Communication Services,19086694.0,367505.06
URGYF,Academy Metals Inc,0.035,3,3,10,6,3,7,4,36,-15.0,24.0,Broken,Avoid/exit,19,0.0,0.0,-11.9,18.0,1,,Basic Materials,3286424.0,379.75
SUIFF,Superior Mining International Corporation,0.033,3,7,7,6,3,1,4,31,-10.0,24.0,Broken,Avoid/exit,16,0.0,0.0,-0.9,36.2,0,,Basic Materials,2576906.0,692.31
IDIG,International Digital Holding Inc,0.048,3,8,8,4,3,4,2,32,-8.0,24.0,Broken,Avoid/exit,25,7.1,-5.1,-3.1,44.4,0,,Technology,33694036.0,1290.77
MAKAF,Makara Mining Corp,0.042,15,6,10,8,4,2,5,50,-26,24,Broken,Avoid/exit,33,50.0,50.0,32.4,69.8,3,3,Basic Materials,592420.0,1993.39
PRLEQ,PRLEQ,0.05,18,5,4,10,3,6,5,51,-27,24,Broken,Avoid/exit,62,150.0,150.0,96.5,50.0,3,3,nan,13141.0,183.5
HDIH,H-D International Holdings Group,0.05,17,5,5,15,3,2,5,52,-28.0,24.0,Broken,Avoid/exit,56,0.0,0.0,32.3,100.0,1,,Technology,59.0,1.77
MYSEW,"Myseum, Inc.",0.046,6,8,7,4,0,0,2,27,-8.0,24.0,Broken,🔥 COILED: Avoid/exit,36,0.0,-11.5,1.4,50.1,0,,nan,nan,3786.5
BGTTF,Billy Goat Brands Ltd,0.056,2,6,1,10,0,3,2,24,-5.0,24.0,Broken,Avoid/exit,17,19.9,-34.8,-18.7,42.8,1,,Financial Services,8433797.0,29263.85
CTTH,CTT Pharmaceutical Holdings Inc,0.066,1,13,3,3,3,3,2,28,-4.0,24.0,Broken,Avoid/exit,38,8.0,-17.4,-2.9,46.3,1,,Healthcare,3871707.0,35752.91
CYMHF,Cymat Technologies Ltd,0.078,14,2,1,14,5,3,5,44,-20.0,24.0,Broken,Avoid/exit,50,12.6,15.6,6.7,57.3,3,,Industrials,9150989.0,15138.64
GGAMF,Good Gamer Entertainment Inc,0.078,3,6,2,7,3,1,4,26,-5.0,24.0,Broken,Avoid/exit,22,0.0,0.0,-3.8,36.1,1,,Communication Services,465687.0,1893.65
DMIIR,Drugs Made In America Acquisition II Corp. Right,0.08,6,6,5,3,1,4,4,29,-8.0,24.0,Broken,Avoid/exit,33,-1.2,-1.2,-2.7,47.6,0,,nan,nan,0.0
YUXXF,Yuexiu Real Estate Investment Trust,0.1,7,3,11,7,0,2,4,34,-13.0,24.0,Broken,Avoid/exit,0,0.0,0.0,0.0,95.8,0,,Real Estate,525896928.0,0.0
COTXF,Coiled Therapeutics plc,0.135,14,5,4,10,5,3,5,46,-18.0,24.0,Broken,Avoid/exit,40,3.2,28.8,2.9,53.1,3,,Healthcare,57616832.0,2168.12
AGTT,Angstrom Technologies Inc,0.1,16,11,5,5,6,6,5,54,-28,24,Broken,Avoid/exit,56,25.0,25.0,33.6,78.7,4,,Basic Materials,3506190.0,26846.32
TTHG,Titanium Holdings Group Inc,0.13,4,5,0,8,3,0,4,24,-3.0,24.0,Broken,Avoid/exit,40,0.0,0.0,-5.2,48.2,1,,Industrials,1100407.0,286.5
SSACW,SPACSphere Acquisition Corp. Warrant,0.11,6,4,2,14,5,0,2,33,-8.0,24.0,Broken,Avoid/exit,0,15.7,-21.3,-4.9,48.2,0,,nan,nan,0.0
SILLF,Sarine Technologies Ltd,0.166,5,4,10,6,3,2,4,34,-15.0,24.0,Broken,🔥 COILED: Avoid/exit,35,0.0,0.0,-0.0,46.9,1,,Technology,56494288.0,3796.0
SLROF,Stellar Resources Limited,0.15,18,4,6,11,6,4,5,54,-30,24,Broken,Avoid/exit,52,0.0,9900.0,77.7,100.0,3,,Basic Materials,50872384.0,18.25
ATCMF,Atico Mining Corporation,0.162,10,6,8,11,0,2,5,42,-18.0,24.0,Broken,Avoid/exit,35,11.7,11.7,6.2,55.4,3,,Basic Materials,28563010.0,117666.48
ATCH,"AtlasClear Holdings, Inc.",0.176,2,7,3,8,2,0,2,24,-5.0,24.0,Broken,🔥 COILED: Avoid/exit,17,-9.3,-1.7,-6.3,42.5,1,,Financial Services,26459448.0,7886241.81
WNFT,Goff Corp,0.17,7,4,1,12,3,0,2,29,-5.0,24.0,Broken,Avoid/exit,45,-26.1,-19.0,-13.5,45.4,1,,Financial Services,16056858.0,47077.3
LNKLF,Linklogis Inc.,0.243,10,4,5,6,3,2,4,34,-13.0,24.0,Broken,Avoid/exit,32,0.0,0.0,0.0,71.2,1,,Technology,761710336.0,5.86
JOB,GEE Group Inc,0.21,9,7,8,4,3,1,4,36,-15.0,24.0,Broken,Avoid/exit,21,0.0,0.0,-1.3,44.4,1,,Industrials,23072844.0,671844.5
GXLDF,GXLDF,0.216,6,8,2,7,1,3,2,29,-5.0,24.0,Broken,Avoid/exit,28,0.0,0.0,-1.3,42.3,1,,Basic Materials,10598210.0,492.5
PAXH,PreAxia Health Care Payment Systems Inc,0.22,8,3,9,5,3,4,4,36,-15.0,24.0,Broken,Avoid/exit,35,0.0,0.0,-0.0,13.0,1,,Healthcare,9837252.0,892.75
EBYH,Strainsforpains Inc,0.21,17,4,3,15,5,5,5,54,-30,24,Broken,Avoid/exit,58,16.7,16.7,8.0,60.3,3,,Healthcare,3111077.0,752.01
RGPMF,Enwell Energy plc,0.25,12,6,11,6,3,2,4,44,-23.0,24.0,Broken,Avoid/exit,49,0.0,0.0,0.0,84.6,0,,Energy,144287024.0,15.5
PKSGY,PARKSON Retail Group Ltd ADR,0.28,5,3,10,7,3,2,4,34,-13.0,24.0,Broken,Avoid/exit,38,0.0,0.0,-0.0,88.6,1,,Consumer Cyclical,43917652.0,0.4
FCLIF,Full Circle Lithium Corp.,0.28,5,7,6,9,3,2,2,34,-10.0,24.0,Broken,Avoid/exit,38,1.8,-2.4,-3.7,44.4,1,,Basic Materials,27684352.0,57228.34
UCASU,UC Asset LP,0.262,5,3,9,6,3,1,4,31,-10.0,24.0,Broken,Avoid/exit,19,0.0,0.0,-0.3,13.0,0,,Real Estate,1989418.0,154.48
SNBH,Sentient Brands Holdings Inc,0.25,3,1,5,10,6,0,4,29,-5.0,24.0,Broken,Avoid/exit,52,-16.7,-28.6,-17.3,37.6,1,,Consumer Defensive,1194682.0,2631.35
CSRVF,Cross River Ventures Corp,0.284,17,4,7,11,6,2,5,52,-28.0,24.0,Broken,Avoid/exit,54,0.0,2887.4,112.8,100.0,2,,Basic Materials,94086.0,142.09
PTALF,PetroTal Corp,0.325,4,6,5,9,2,2,4,32,-8.0,24.0,Broken,Avoid/exit,13,-7.1,-4.3,-5.5,40.1,0,,Energy,299382784.0,380477.0
GLFGF,Global Fashion Group S.A,0.33,8,3,10,6,3,2,4,36,-15.0,24.0,Broken,Avoid/exit,47,0.0,0.0,-0.0,0.2,1,,Consumer Cyclical,77898240.0,4753.66
FOSYF,Forsys Metals Corp,0.308,8,10,6,0,8,0,2,34,-13.0,24.0,Broken,Avoid/exit,47,-3.4,-3.7,-0.7,49.8,1,,Basic Materials,75375448.0,86261.18
CAUUF,Centaur Media Plc,0.381,5,3,10,4,3,2,4,31,-10.0,24.0,Broken,Avoid/exit,17,0.0,0.0,-0.0,3.2,1,,Communication Services,5346426.0,509.9
QBTQF,SuperQ Quantum Computing Inc.,0.411,5,13,8,3,4,2,2,37,-13.0,24.0,Broken,Avoid/exit,0,0.7,-3.3,-5.0,40.7,1,,Technology,15062055.0,0.0
AAGAF,Silver47 Exploration Corp.,0.401,4,3,9,9,0,4,3,32,-8.0,24.0,Broken,Avoid/exit,17,-5.3,-9.7,-5.0,42.0,0,,nan,nan,475642.54
ASGOF,Asante Gold Corporation,0.527,2,8,5,9,0,5,2,31,-5.0,24.0,Broken,Avoid/exit,16,1.8,-11.4,-4.8,43.6,2,,Basic Materials,531747648.0,89993.93
NKGFF,Nevada King Gold Corp,0.525,9,8,8,5,3,7,4,44,-20.0,24.0,Broken,Avoid/exit,41,1.8,2.6,-1.6,46.9,1,,Basic Materials,52682596.0,48952.59
CRWE,Crown Equity Holdings Inc,0.51,17,5,7,14,4,2,5,54,-30,24,Broken,Avoid/exit,24,18.6,18.6,14.1,85.9,3,,Communication Services,8127604.0,221.32
QURT,Quarta-Rad Inc,0.5,3,6,3,7,3,5,2,29,-5.0,24.0,Broken,Avoid/exit,15,0.0,0.0,-4.3,10.6,1,,Technology,7949741.0,155.43
SWDHF,Skyworth Group Limited,0.59,3,3,9,6,3,3,4,31,-10.0,24.0,Broken,Avoid/exit,27,0.0,0.0,-3.4,1.3,0,,Technology,1919448192.0,31.5
AFGVF,Agfa-Gevaert NV,0.571,8,3,10,6,3,2,4,36,-15.0,24.0,Broken,Avoid/exit,30,0.0,0.0,-0.0,0.1,1,,Industrials,88402520.0,60.0
SBMFF,Sino Biopharmaceutical Limited,0.637,5,3,9,6,3,3,2,31,-10.0,24.0,Broken,Avoid/exit,27,0.0,0.0,-3.8,34.8,0,,Healthcare,11444663296.0,0.0
SNOXF,SulNOx Group PLC,0.65,1,5,1,7,3,5,2,24,-3.0,24.0,Broken,Avoid/exit,33,0.0,0.0,-1.6,45.3,1,,Utilities,118999984.0,768.95
CKPDY,Cookpad Inc ADR,0.718,4,3,8,6,3,3,4,31,-10.0,24.0,Broken,Avoid/exit,14,0.0,0.0,-0.5,0.0,0,,Communication Services,51577200.0,48.49
ACNDF,Ascendas India Trust,0.786,4,11,4,8,2,2,4,35,-11.0,24.0,Broken,Avoid/exit,36,3.4,-8.6,-0.6,49.1,0,,Real Estate,1159794816.0,7332.34
TNYA,Tenaya Therapeutics Inc,0.756,2,5,6,10,2,0,4,29,-5.0,24.0,Broken,Avoid/exit,30,-8.3,-12.5,-5.1,42.7,1,,Healthcare,164072848.0,4230517.49
KGFMF,Kingfisher Metals Corp,0.88,18,8,6,5,3,7,2,49,-23.0,24.0,Broken,Avoid/exit,54,1.2,10.8,6.5,56.3,3,,Basic Materials,123465000.0,79638.95
MLMC,"Mike Lindell Media, Corp.",0.898,2,12,3,6,9,0,5,37,-13.0,24.0,Broken,Avoid/exit,31,1.6,7.4,0.2,49.4,2,,Communication Services,25485360.0,3743.24
GGNPF,PT Gudang Garam Tbk,0.9,1,3,4,8,3,3,2,24,0.0,24.0,Broken,Avoid/exit,0,0.0,0.0,-1.5,15.5,0,,Consumer Defensive,1616233984.0,0.0
KMFG,KMFG,0.935,6,3,6,6,3,3,4,31,-10.0,24.0,Broken,Avoid/exit,30,0.0,0.0,-0.8,2.2,0,,Consumer Cyclical,51425000.0,236.75
CLVFA,Cloverleaf Kennel Club,0.9,5,3,9,5,3,2,4,31,-10.0,24.0,Broken,Avoid/exit,19,0.0,0.0,-0.4,0.0,0,,Consumer Cyclical,nan,464.02
OACCW,Oaktree Acquisition Corp. III Life Sciences Warrant,0.94,13,16,2,3,5,0,5,44,-18.0,24.0,Broken,Avoid/exit,53,-4.1,-1.1,8.9,55.2,0,,nan,nan,0.0
EDTXF,Spectral Med Inc,0.986,10,10,4,5,5,0,5,39,-16.0,24.0,Broken,Avoid/exit,53,-1.4,3.8,1.3,54.2,1,,Healthcare,289897952.0,8036.46
SWSXX,Northern Institutional Funds - Treasury Portfolio,1.0,3,4,10,4,3,1,4,29,-10.0,24.0,Broken,🔥 COILED: Avoid/exit,26,0.0,0.0,-1.9,44.1,0,,nan,nan,0.0
TSSXX,Short-Term Investment Trust - Invesco Treasury Obligations Portfolio,1.0,3,4,9,5,3,1,4,29,-10.0,24.0,Broken,🔥 COILED: Avoid/exit,33,0.0,0.0,-1.6,44.0,0,,nan,nan,0.0
TSMXX,Short-Term Investment Trust - Invesco Treasury Obligations Portfolio,1.0,3,4,9,5,3,1,4,29,-10.0,24.0,Broken,🔥 COILED: Avoid/exit,26,0.0,0.0,-2.7,41.3,0,,nan,nan,0.0
ITHUF,iAnthus Capital Holdings Inc,0.005,15,8,6,7,4,2,4,46,-23.0,23.0,Broken,Avoid/exit,51,8.7,25.0,13.4,59.6,4,,Healthcare,31376482.0,312302.22
RITE,Mineralrite Corporat,0.002,3,5,3,8,4,0,2,25,0.0,23.0,Broken,Avoid/exit,16,-13.6,-32.1,-18.4,38.0,0,,Basic Materials,12459554.0,13813949.16
ECOX,Eco Innovation Group Inc,0.001,13,7,7,14,2,3,5,51,-28.0,23.0,Broken,Avoid/exit,44,44.4,30.0,15.8,56.8,3,,Industrials,9054237.0,189114845.45
GRGUF,Grand Gulf Energy Limited,0.002,9,2,3,1,6,4,5,30,-10.0,23.0,Broken,Avoid/exit,30,0.0,-20.0,-0.9,48.6,0,,Energy,6240850.0,44103.63
NWRV,"Nationwide RV & Resorts, Inc.",0.006,3,4,5,7,0,3,3,25,-5.0,23.0,Broken,Avoid/exit,16,0.0,0.0,-2.2,36.6,1,,Real Estate,3188617.0,7589.32
ERHE,ERHC Energy Inc,0.001,8,4,8,6,3,4,5,38,-15.0,23.0,Broken,Avoid/exit,36,0.0,0.0,15.5,51.3,1,,Energy,2879442.0,0.0
AUNXF,AXP Energy Ltd,0.005,2,7,1,8,4,2,2,26,-3.0,23.0,Broken,Avoid/exit,29,-1.8,-29.9,-9.6,46.7,2,,Energy,2428561.0,67908.32
SRCH,Searchlight Minerals Corp,0.006,4,5,3,8,3,0,2,25,-5.0,23.0,Broken,Avoid/exit,47,-1.6,-14.3,-3.7,41.9,1,,Basic Materials,2181576.0,23645.04
DBLR,"Pet Ecology Brands, Inc.",0.01,1,4,0,8,3,3,4,23,0.0,23.0,Broken,Avoid/exit,21,-66.7,0.0,-39.4,40.7,0,,Financial Services,1914943.0,2548.95
LTCP,Life's Time Capsule Services Inc,0.004,4,4,0,8,3,2,2,23,0.0,23.0,Broken,Avoid/exit,20,0.0,2.6,-13.6,41.9,0,,Communication Services,1805295.0,9608.99
IDGR,Industrial Distribution Group Inc,0.001,6,11,8,0,2,2,2,31,-8.0,23.0,Broken,Avoid/exit,18,0.0,-8.3,-16.8,32.7,0,,Financial Services,1771151.0,397518.83
CCAJ,Coastal Capital Acq,0.001,0,6,9,6,4,4,2,31,-8.0,23.0,Broken,Avoid/exit,21,-7.1,-13.3,-7.2,44.3,1,,Industrials,1368040.0,3464102.17
JXMNF,Jaxon Mining Inc,0.007,2,4,10,6,0,2,4,28,-10.0,23.0,Broken,🔥 COILED: Avoid/exit,29,0.0,0.0,0.0,50.0,0,,Basic Materials,1218026.0,187.5
HSCC,Homeland Security Cp,0.004,2,3,8,6,3,4,4,30,-10.0,23.0,Broken,Avoid/exit,22,-2.3,0.0,-4.7,44.7,0,,Consumer Cyclical,803355.0,21474.17
BRVRF,Blue River Resources Ltd,0.003,2,4,10,6,0,2,4,28,-10.0,23.0,Broken,🔥 COILED: Avoid/exit,28,0.0,0.0,0.0,50.0,0,,Basic Materials,751755.0,0.0
PPZRF,Western Atlas Resources Inc,0.002,8,3,10,5,3,2,4,35,-15.0,23.0,Broken,Avoid/exit,27,0.0,0.0,-0.0,12.6,1,,Basic Materials,336874.0,2047.48
XELA,Exela Technologies Inc,0.005,4,16,4,10,3,2,2,41,-18.0,23.0,Broken,Avoid/exit,33,25.0,150.0,-12.7,48.1,3,,Technology,305261.0,2887.0
GPIPF,WesCan Energy Corp.,0.004,8,3,10,5,3,2,4,35,-15.0,23.0,Broken,Avoid/exit,29,0.0,0.0,-0.1,24.8,1,,Energy,174029.0,564.63
SEPSF,Asep Medical Holdings Inc,0.011,8,3,10,5,3,2,4,35,-15.0,23.0,Broken,Avoid/exit,23,0.0,0.0,-0.0,0.0,1,,Healthcare,173021.0,336.22
CRMK,Cermetek Microelectronics Inc,0.005,3,3,10,5,3,5,4,33,-10.0,23.0,Broken,Avoid/exit,9,0.0,0.0,-4.6,1.3,0,,Technology,119171.0,3322.66
HBKRF,Highbank Resources Ltd,0.001,5,4,9,6,3,2,4,33,-15.0,23.0,Broken,🔥 COILED: Avoid/exit,26,0.0,0.0,0.0,50.0,1,,Basic Materials,28101.0,0.01
RDRSF,RDARS Inc,0.001,5,4,9,6,3,2,4,33,-15.0,23.0,Broken,🔥 COILED: Avoid/exit,26,0.0,0.0,0.0,50.0,1,,Technology,17721.0,0.18
AIFM,AIFarm Ltd,0.003,5,3,10,6,0,2,4,30,-10.0,23.0,Broken,Avoid/exit,27,0.0,0.0,-0.0,17.6,0,,Industrials,2030.0,1.77
ROSN,Rosinbomb,0.016,12,6,5,11,4,0,5,43,-20.0,23.0,Broken,Avoid/exit,36,-10.7,15.3,5.7,55.3,3,,Industrials,7214579.0,333654.51
KNBIF,Kane Biotech Inc,0.02,6,12,11,8,3,2,4,46,-23.0,23.0,Broken,Avoid/exit,21,11.6,11.0,6.0,52.4,4,,Healthcare,3711524.0,0.0
RJKAF,RJK Explorations Ltd,0.02,17,4,8,11,4,1,5,50,-27,23,Broken,Avoid/exit,49,266.1,266.1,71.8,80.8,2,3,Basic Materials,2275368.0,13790.94
MYLKF,The Planting Hope Company Inc,0.015,5,4,9,6,3,2,4,33,-15.0,23.0,Broken,🔥 COILED: Avoid/exit,41,0.0,0.0,0.0,50.0,1,,Consumer Defensive,1870011.0,48.0
TREP,Trucept Inc,0.014,0,4,7,10,0,0,2,23,-3.0,23.0,Broken,Avoid/exit,20,-13.8,-23.8,-10.6,41.3,1,,Industrials,807818.0,0.0
TRNGF,The Trendlines Group Ltd,0.029,8,3,9,6,3,2,4,35,-15.0,23.0,Broken,Avoid/exit,31,0.0,0.0,-0.0,0.0,1,,Financial Services,43664804.0,12800.0
BBRDF,Blackbird plc,0.024,3,4,1,7,3,1,4,23,-5.0,23.0,Broken,🔥 COILED: Avoid/exit,26,0.0,0.0,-2.6,47.1,1,,Technology,20699702.0,2226.0
BVCLF,BATM Advanced Communications Ltd.,0.022,11,5,8,12,3,2,5,46,-23.0,23.0,Broken,Avoid/exit,30,0.0,0.0,27.0,99.9,1,,Healthcare,7481753.0,427.65
VMHG,Victory Marine Holdings Corp,0.023,2,4,8,9,0,2,2,27,-5.0,23.0,Broken,Avoid/exit,34,-22.7,-3.3,-12.5,44.3,1,,Consumer Cyclical,6864721.0,3307185.94
ITNF,Internet Infinity Inc,0.024,7,3,10,5,0,1,4,30,-10.0,23.0,Broken,Avoid/exit,36,0.0,0.0,-0.1,38.5,0,,Industrials,1732746.0,3276.66
CMMMF,Comstock Metals Ltd,0.028,10,3,1,9,3,0,2,28,-1.0,23.0,Broken,Avoid/exit,49,-17.2,-17.2,-10.3,39.8,0,,Basic Materials,1002913.0,0.0
IDBHF,Industrias Bachoco S.A.B. de C.V,0.05,5,3,10,6,0,2,4,30,-10.0,23.0,Broken,Avoid/exit,26,0.0,0.0,-0.0,0.0,0,,Consumer Defensive,30000000.0,0.0
SVTPF,S-Ventures Plc,0.05,2,4,10,6,0,2,4,28,-10.0,23.0,Broken,🔥 COILED: Avoid/exit,29,0.0,0.0,0.0,50.0,0,,Financial Services,18829012.0,300.0
ULTXF,Ultra Resources Inc,0.05,13,4,6,10,5,2,4,44,-21,23,Broken,Avoid/exit,58,150.0,0.0,17.4,56.9,1,7,Basic Materials,17809736.0,18653.15
SRQRF,SRQ Resources Inc.,0.046,6,5,2,9,1,3,2,28,-5.0,23.0,Broken,Avoid/exit,23,0.0,0.0,-4.6,42.2,1,,Basic Materials,2913372.0,494.67
SAEC,Starlight Energy Corp,0.05,2,4,10,6,0,2,4,28,-10.0,23.0,Broken,🔥 COILED: Avoid/exit,29,0.0,0.0,0.0,50.0,0,,Energy,nan,8.6
CWSFF,Cielo Waste Solutions Corp,0.052,3,9,7,1,3,6,5,34,-11.0,23.0,Broken,Avoid/exit,35,3.4,-3.7,0.1,49.5,2,,Industrials,10539163.0,53599.25
BCUFF,Bell Copper Corporation,0.055,4,9,6,6,5,3,2,35,-15.0,23.0,Broken,Avoid/exit,44,-5.6,3.9,-2.9,46.5,1,,Basic Materials,8002353.0,43434.84
MNMRF,Monumental Minerals Corp,0.052,8,5,2,7,0,2,2,26,-3.0,23.0,Broken,Avoid/exit,36,-6.7,-0.9,-2.1,48.9,1,,Basic Materials,5192623.0,64143.53
SYBE,SYBLEU INC.,0.055,5,4,9,6,3,2,4,33,-15.0,23.0,Broken,🔥 COILED: Avoid/exit,41,0.0,0.0,0.0,50.0,1,,Healthcare,583742.0,205.34
VIORF,Vior Inc,0.068,3,5,3,8,0,2,2,23,0.0,23.0,Broken,Avoid/exit,8,-2.4,-0.3,-6.4,38.9,0,,Basic Materials,28178096.0,27012.67
FINR,Fintech Scion Limited,0.07,5,4,9,6,3,2,4,33,-15.0,23.0,Broken,🔥 COILED: Avoid/exit,27,0.0,0.0,0.0,50.0,1,,Technology,13911985.0,7.53
FYMNF,Finlay Minerals Ltd,0.065,3,12,4,0,3,2,4,28,-8.0,23.0,Broken,Avoid/exit,17,1.6,6.9,0.1,48.5,0,,Basic Materials,10935523.0,5838.31
DSAIF,DeepSpatial Inc.,0.068,5,4,9,6,3,2,4,33,-15.0,23.0,Broken,🔥 COILED: Avoid/exit,40,0.0,0.0,0.0,50.0,1,,Technology,6964708.0,71.75
SYAAF,Syrah Resources Limited,0.078,3,9,5,6,8,0,5,36,-13.0,23.0,Broken,Avoid/exit,21,-3.0,-10.3,-4.9,46.7,2,,Basic Materials,181110336.0,196497.52
SHIEF,Shield Therapeutics plc,0.076,5,1,6,9,3,2,2,28,-5.0,23.0,Broken,Avoid/exit,28,-3.9,-3.9,-3.5,8.4,1,,Healthcare,81497736.0,10335.51
TCRI,TechCom Inc,0.079,8,8,7,5,4,2,4,38,-16,23,Broken,Avoid/exit,32,92.7,2.1,6.0,52.4,0,10,Financial Services,2047193.0,7109.89
IBATF,International Battery Metals Ltd,0.084,0,8,2,8,6,0,2,26,-1.0,23.0,Broken,Avoid/exit,20,-11.4,-19.8,-13.1,35.5,1,,Basic Materials,31340940.0,135752.74
SMREF,Sun Summit Minerals Corp,0.085,6,9,8,9,2,2,3,39,-16.0,23.0,Broken,Avoid/exit,17,-1.7,-8.1,-5.1,42.4,1,,Basic Materials,26890142.0,113706.95
PLCKF,Plurilock Security Inc,0.081,1,6,4,9,7,2,2,31,-8.0,23.0,Broken,Avoid/exit,36,6.4,2.5,-1.0,48.3,1,,Technology,9068496.0,71937.42
MDTC,Media Technologies Inc,0.087,5,15,8,5,5,2,5,45,-25,23,Broken,Avoid/exit,50,66.7,66.7,25.7,54.1,3,3,Technology,7003907.0,0.0
GBBYF,Goodbaby International Holdings Limited,0.11,3,4,1,7,3,3,2,23,0.0,23.0,Broken,Avoid/exit,6,0.0,0.0,-9.9,0.0,0,,Consumer Cyclical,289026528.0,130.0
ESGLF,EnviroGold Global Limited,0.124,9,13,9,5,3,2,5,46,-21.0,23.0,Broken,Avoid/exit,48,8.5,4.7,6.6,54.6,2,,Basic Materials,65894784.0,54255.11
YTOEF,YTO Express (International) Holdings Limited,0.14,8,3,9,6,3,2,4,35,-15.0,23.0,Broken,Avoid/exit,29,0.0,0.0,-0.0,0.0,1,,Industrials,58858836.0,475.0
PEIMF,PepinNini Minerals Limited,0.113,18,5,6,13,4,2,5,53,-30,23,Broken,Avoid/exit,52,41.8,41.8,30.8,83.0,3,,Basic Materials,49636772.0,11219.34
VTXXF,Vertex Minerals Limited,0.1,3,6,1,8,0,3,4,25,-5.0,23.0,Broken,Avoid/exit,15,0.0,0.0,-47.7,8.7,1,,Basic Materials,28660852.0,120.3
BAGGF,Blende Silver Corp.,0.141,10,5,10,10,2,7,5,49,-26.0,23.0,Broken,Avoid/exit,44,1.7,18.4,6.3,52.9,3,,Basic Materials,12236420.0,175321.97
ADIA,Adia Nutrition Inc,0.149,16,5,5,7,5,2,5,45,-23.0,23.0,Broken,Avoid/exit,49,41.9,39.3,8.5,53.4,3,,Healthcare,11328563.0,45035.89
TRLEF,Trillion Energy International Inc.,0.115,6,6,5,7,0,4,4,32,-9.0,23.0,Broken,Avoid/exit,38,-1.1,-4.6,-5.7,44.6,1,,Energy,6997714.0,76144.91
OKAIF,EvokAI Creative Labs Inc,0.12,5,4,9,6,3,2,4,33,-15.0,23.0,Broken,🔥 COILED: Avoid/exit,40,0.0,0.0,0.0,50.0,1,,Healthcare,908476.0,40.15
TROUF,Troubadour Resources Inc,0.118,8,11,4,6,8,5,2,44,-21.0,23.0,Broken,Avoid/exit,53,1.3,1.3,-0.4,49.5,2,,Basic Materials,819101.0,716.14
SJMHF,SJM Holdings Ltd,0.2,11,11,5,11,3,2,5,48,-21.0,23.0,Broken,Avoid/exit,24,10.9,10.9,5.4,57.8,3,,Consumer Cyclical,1417520384.0,2606.0
TUWLF,Tullow Oil plc,0.18,10,3,3,7,0,0,5,28,-5.0,23.0,Broken,Avoid/exit,39,-5.3,-5.3,-1.6,46.7,1,,Energy,274219168.0,4582.0
GGLDF,Getchell Gold Corp,0.192,13,7,2,6,1,1,5,35,-15.0,23.0,Broken,Avoid/exit,39,-4.2,3.6,4.0,53.8,1,,Basic Materials,37613900.0,225300.2
MRLLF,Minera IRL Limited,0.15,13,6,9,5,6,3,4,46,-28.0,23.0,Broken,🔥 COILED: Avoid/exit,58,0.0,0.0,10.2,100.0,1,,Basic Materials,34670256.0,43018.24
DGNOF,DIAGNOS Inc,0.2,14,13,4,5,8,3,5,52,-29,23,Broken,Avoid/exit,51,24.9,11.1,18.2,64.6,3,,Healthcare,24070470.0,109717.2
SLNFF,Solution Financial Inc,0.191,1,2,6,7,3,1,3,23,0.0,23.0,Broken,Avoid/exit,11,-1.2,-1.2,-0.9,13.1,0,,Consumer Cyclical,15890081.0,4695.0
DGCOF,DGCOF,0.181,4,14,8,11,3,5,4,49,-26.0,23.0,Broken,Avoid/exit,0,9.7,16.1,3.2,51.7,3,,Basic Materials,15053486.0,0.0
DRDBW,Roman DBDR Acquisition Corp. II Warrants,0.192,0,7,0,9,3,2,2,23,0.0,23.0,Broken,Avoid/exit,19,-12.0,-16.3,-33.5,44.2,0,,nan,5133975.0,0.0
SHFS,SHF Holdings Inc,0.194,6,8,4,8,3,2,2,33,-8.0,23.0,Broken,Avoid/exit,14,-9.4,-7.3,-12.5,30.7,1,,Financial Services,1251133.0,1233768.83
BYMAF,BYMAF,0.22,8,6,11,6,6,2,4,43,-23.0,23.0,Broken,Avoid/exit,39,0.0,0.0,0.0,90.7,0,,Financial Services,1675543808.0,2.0
EDCFF,Enel Generación Costanera S.A,0.2,5,3,10,6,0,2,4,30,-10.0,23.0,Broken,Avoid/exit,29,0.0,0.0,-0.0,9.9,0,,Utilities,140397680.0,12.8
EMOTF,Emerita Resources Corp,0.23,7,6,9,7,0,4,3,36,-13.0,23.0,Broken,Avoid/exit,17,-8.5,-6.0,-4.8,43.2,1,,Basic Materials,73355104.0,126398.03
XTRRF,X-Terra Resources Inc,0.24,1,4,1,8,4,6,2,26,-3.0,23.0,Broken,Avoid/exit,44,3.8,-40.0,-22.3,20.3,1,,Basic Materials,7130628.0,2311.77
AUROW,Aurora Innovation Inc,0.219,6,12,0,6,4,6,2,36,-13.0,23.0,Broken,Avoid/exit,17,21.9,-23.7,-14.2,43.8,1,,nan,nan,51595.26
SZDEF,Dongjiang Environmental Company Limited,0.294,8,3,10,5,3,2,4,35,-15.0,23.0,Broken,Avoid/exit,28,0.0,0.0,-0.0,0.0,1,,Industrials,324613632.0,35.0
CNRSF,Canadian North Resources Inc.,0.264,8,3,10,5,3,2,4,35,-15.0,23.0,Broken,Avoid/exit,24,0.0,0.0,-0.0,10.8,1,,Basic Materials,38068668.0,379.31
AAMMF,Almadex Minerals Ltd,0.264,5,14,6,3,4,1,3,36,-13.0,23.0,Broken,Avoid/exit,19,-19.9,-7.0,-5.7,45.4,1,,Basic Materials,17167050.0,37887.5
PCYN,Procyon Corporation,0.26,15,5,3,5,4,3,5,40,-17.0,23.0,Broken,Avoid/exit,63,4.0,-7.1,12.9,62.3,1,,Healthcare,2116563.0,1033.17
DNMXW,Dynamix Corporation III Warrants,0.27,1,2,3,9,3,3,2,23,0.0,23.0,Broken,Avoid/exit,18,0.0,-3.9,-4.6,34.2,0,,nan,nan,0.0
MLAAW,Mountain Lake Acquisition Corp. II Warrants,0.27,6,9,6,1,2,4,5,33,-10.0,23.0,Broken,Avoid/exit,0,-8.5,-15.6,-3.7,45.4,0,,nan,nan,0.0
EURKR,Eureka Acquisition Corp Right,0.34,7,7,8,0,6,2,3,33,-10.0,23.0,Broken,Avoid/exit,42,-2.9,10.5,1.3,50.4,2,,nan,nan,0.0
CLSKW,"CleanSpark, Inc. Warrant",0.301,6,7,2,12,0,2,2,31,-8.0,23.0,Broken,Avoid/exit,31,-14.0,-5.0,-6.0,46.9,0,,nan,nan,185745.95
XTRAF,Xtract One Technologies Inc.,0.392,6,11,4,11,7,0,3,42,-19.0,23.0,Broken,Avoid/exit,47,2.2,-6.1,-2.2,47.5,2,,Technology,102021736.0,294774.43
BADEF,Bald Eagle Gold Corp.,0.425,6,10,9,4,2,2,5,38,-18.0,23.0,Broken,Avoid/exit,35,5.3,0.4,1.2,50.6,1,,Basic Materials,145731840.0,211225.03
ASWRD,Three Crowns Critical Metals Inc.,0.505,17,8,3,12,7,1,5,53,-30,23,Broken,Avoid/exit,60,-17.9,1047.7,46.5,61.9,3,,Basic Materials,2895855.0,2206.85
ZTEK,ZEN Graphene Solutions Ltd,0.552,14,6,5,7,2,2,5,41,-18.0,23.0,Broken,Avoid/exit,35,8.2,20.0,9.2,58.1,3,,Healthcare,69893984.0,174254.7
CPMV,Mosaic Immunoengineering Inc,0.55,3,6,4,9,4,0,2,28,-5.0,23.0,Broken,Avoid/exit,29,-13.9,-11.1,-11.0,43.7,2,,Healthcare,4879028.0,579.87
QETAR,Quetta Acquisition Corporation Right,0.65,6,8,8,1,6,2,2,33,-10.0,23.0,Broken,Avoid/exit,22,-7.1,-7.1,-11.6,35.7,0,,nan,nan,0.0
PNPNF,Power Nickel Inc.,0.728,6,7,9,5,2,4,3,36,-13.0,23.0,Broken,Avoid/exit,19,-2.0,-1.0,-3.6,42.3,1,,Basic Materials,189040784.0,272617.59
ITMSF,Intermap Technologies Corp,0.743,3,16,9,2,3,4,4,41,-16.0,23.0,Broken,Avoid/exit,19,6.2,4.7,3.3,50.8,2,,Technology,54841936.0,120015.33
TVAGF,TVA Group Inc,0.85,5,4,9,6,3,2,4,33,-15.0,23.0,Broken,🔥 COILED: Avoid/exit,29,0.0,0.0,0.0,50.0,1,,Communication Services,41045260.0,35.0
TIAJF,Telecom Italia S.p.A,0.961,12,6,9,6,4,2,4,43,-23.0,23.0,Broken,Avoid/exit,57,0.0,0.0,0.0,98.6,0,,Communication Services,20455303168.0,654.0
GLDAF,GlobalData Plc,0.977,3,3,3,8,3,1,2,23,0.0,23.0,Broken,Avoid/exit,23,-6.9,-6.9,-9.5,24.0,0,,Industrials,796551872.0,453.81
ESHSF,Eddy Smart Home Solutions Ltd.,1,5,4,9,6,3,2,4,33,-15.0,23.0,Broken,🔥 COILED: Avoid/exit,41,0.0,0.0,0.0,50.0,1,,Technology,6128623.0,350.0
JIMXX,JPMorgan Trust I - JPMorgan Prime Money Market Fund,1.0,1,5,5,6,3,2,4,26,-8.0,23.0,Broken,🔥 COILED: Avoid/exit,27,-0.0,-0.0,-0.0,42.4,0,,nan,nan,0.0
YBGJ,Yubo International Biotech Limited,0.014,15,3,5,15,6,0,5,49,-26.8,22.2,Broken,Avoid/exit,34,-6.0,75.0,21.4,76.1,3,,Healthcare,2539270.0,4021.13
JASUF,Jasmine International Public Company Limited,0.004,3,6,1,7,3,3,4,27,-5.0,22.0,Broken,Avoid/exit,10,0.0,0.0,-34.7,38.0,1,,Communication Services,207301872.0,62.5
VSSSF,Visionstate Corp,0.004,8,3,10,6,3,2,4,36,-10.0,22.0,Broken,Avoid/exit,29,0.0,0.0,-0.0,2.9,0,,Technology,19797192.0,4091.0
CNADF,CanadaBis Capital Inc.,0.002,3,6,1,7,3,3,4,27,-5.0,22.0,Broken,Avoid/exit,23,0.0,0.0,-42.4,39.2,1,,Healthcare,2820456.0,1145.0
XPRCF,Xplore Resources Corp.,0.005,4,3,9,6,3,5,4,34,-15.0,22.0,Broken,Avoid/exit,20,0.0,0.0,-2.4,0.2,1,,Basic Materials,2104060.0,94.67
CSTXF,CryptoStar Corp,0.004,3,9,8,6,3,3,2,34,-15.0,22.0,Broken,Avoid/exit,32,0.0,5.0,-4.0,39.6,1,,Financial Services,1956768.0,37000.44
PNNX,Pennexx Foods Inc,0.009,14,7,4,11,3,0,5,44,-22.0,22.0,Broken,Avoid/exit,23,0.0,12.5,13.7,67.4,3,,Technology,501426.0,8512.06
PRKV,ParkVida Group Inc,0.006,5,3,10,6,3,3,4,34,-15.0,22.0,Broken,Avoid/exit,17,0.0,0.0,-0.2,2.0,1,,Industrials,488655.0,3741.36
NICH,Nitches Inc,0.001,5,10,1,8,2,4,2,32,-8.0,22.0,Broken,Avoid/exit,28,-7.1,-18.8,-16.1,45.5,1,,Consumer Cyclical,480772.0,501293.72
TWSI,Tristar Wellness,0.002,9,6,7,3,3,1,5,34,-15.0,22.0,Broken,Avoid/exit,18,0.0,0.0,-9.0,22.5,1,,Healthcare,175808.0,3307.39
GKOR,Golkor Inc.,0.001,6,3,6,2,3,5,4,29,-10.0,22.0,Broken,Avoid/exit,12,0.0,0.0,-97.5,0.1,0,,Basic Materials,42115.0,159.97
WNBDD,Winning Brands Corporation,0.005,6,6,4,4,3,2,5,30,-8.0,22.0,Broken,Avoid/exit,38,14.3,-21.3,-0.5,49.7,0,,Consumer Defensive,32247.0,19507.35
TNONW,"Tenon Medical, Inc. Warrant",0.008,2,3,1,8,1,0,5,20,2.0,22.0,Broken,Avoid/exit,23,-25.0,14.1,-15.5,45.4,2,,Healthcare,nan,37647.63
ITMIF,iTech Minerals Ltd,0.02,2,3,1,8,3,0,5,22,0.0,22.0,Broken,Avoid/exit,24,-33.3,-33.3,-14.0,47.0,0,,Basic Materials,10749843.0,401.45
MKRO,Monkey Rock Group Inc,0.02,9,6,11,9,3,2,4,44,-18.0,22.0,Broken,Avoid/exit,57,0.0,0.0,0.0,100.0,1,,Financial Services,6980124.0,533.66
PUSOF,Pushfor Investments Inc,0.012,7,5,8,5,0,1,4,30,-13.0,22.0,Broken,🔥 COILED: Avoid/exit,27,0.0,0.0,-0.1,48.0,1,,Basic Materials,946331.0,272.43
TRYXF,Bessor Minerals Inc,0.017,5,3,10,6,3,3,4,34,-15.0,22.0,Broken,Avoid/exit,15,0.0,0.0,-0.1,0.1,1,,Basic Materials,528727.0,188.25
MLPH,Molecular Pharmacology (USA) Ltd,0.02,15,5,11,5,6,2,5,49,-30,22,Broken,Avoid/exit,51,0.0,0.0,21.4,88.1,1,,Financial Services,403819.0,0.0
ZAAG,ZA Group Inc,0.011,3,9,1,7,3,0,2,25,-3.0,22.0,Broken,Avoid/exit,31,-23.5,-46.0,-26.7,40.1,2,,Consumer Cyclical,68411.0,7649.26
COOTW,Australian Oilseeds Holdings Limited Warrant,0.017,1,9,0,8,3,2,2,25,-1.0,22.0,Broken,Avoid/exit,26,-2.3,-22.2,-11.0,44.4,0,,nan,nan,54357.29
NUVID,NUVID,0.021,3,3,8,5,3,3,4,29,-10.0,22.0,Broken,Avoid/exit,25,0.0,0.0,-89.8,12.0,0,,Financial Services,12020000.0,8.48
MSTXF,Madoro Metals Corp,0.024,9,3,11,8,0,2,4,37,-18.0,22.0,Broken,Avoid/exit,54,0.0,0.0,0.0,97.7,1,,Basic Materials,121415.0,718.4
PHSE,Pharmhouse Corp,0.033,4,13,3,5,4,4,2,35,-11.0,22.0,Broken,Avoid/exit,17,-1.2,-4.0,-8.1,45.8,1,,Consumer Cyclical,67403480.0,122699.14
BHLIF,Bradda Head Lithium Limited,0.036,4,1,1,8,6,0,2,22,0.0,22.0,Broken,Avoid/exit,39,0.0,-15.6,-9.4,29.9,0,,Basic Materials,14179123.0,7978.5
ZPHYF,Zephyr Minerals Ltd,0.036,0,5,2,8,3,2,2,22,0.0,22.0,Broken,Avoid/exit,16,-9.0,-19.3,-12.9,29.1,0,,Basic Materials,3756525.0,18126.16
CRGOW,Freightos Limited Warrants,0.04,4,11,4,4,2,2,5,32,-10.0,22.0,Broken,Avoid/exit,23,-17.1,13.7,-18.8,46.5,2,,nan,nan,28553.44
DPAT,Dental Patient Care America Inc,0.042,5,1,9,11,1,0,2,29,-3.0,22.0,Broken,Avoid/exit,35,-2.6,-2.6,-3.8,19.1,1,,Healthcare,1010028.0,8530.55
TOIIW,The Oncology Institute Inc,0.049,8,8,3,9,6,2,2,38,-16.0,22.0,Broken,Avoid/exit,32,-17.9,-10.9,-5.1,48.7,1,,nan,nan,13197.26
NXSGF,Nexus Gold Corp.,0.054,1,4,2,8,3,1,5,24,-5.0,22.0,Broken,Avoid/exit,26,0.0,0.0,-8.4,48.8,1,,Basic Materials,7201537.0,470.68
BMVVF,Bathurst Metals Corp,0.056,4,3,7,5,3,3,4,29,-10.0,22.0,Broken,Avoid/exit,30,0.0,0.0,-3.3,40.0,0,,Basic Materials,3328222.0,1768.92
ECGS,Eco-Growth Strategies Inc,0.055,4,12,5,6,4,2,2,35,-13.0,22.0,Broken,Avoid/exit,26,-1.8,-17.9,-11.7,40.6,2,,Consumer Defensive,2856657.0,130971.31
RVXCF,Resverlogix Corp.,0.067,4,4,4,9,1,0,5,27,-5.0,22.0,Broken,Avoid/exit,27,-16.4,-4.4,-7.2,40.3,1,,Healthcare,21205800.0,14419.29
TKCI,TurnKey Capital Inc,0.065,4,15,5,5,3,0,2,34,-13.0,22.0,Broken,Avoid/exit,19,-35.0,8.3,-12.5,45.5,2,,Technology,21181536.0,25932.64
ABRMF,Arbor Metals Corp,0.077,13,5,5,11,3,7,5,49,-27,22,Broken,Avoid/exit,59,139.4,139.4,42.6,58.1,2,3,Basic Materials,7755615.0,406.8
APGP,AmpliPay Group Inc.,0.076,1,5,3,9,3,5,4,30,-8.0,22.0,Broken,Avoid/exit,42,0.0,-34.9,-10.5,42.7,0,,Technology,860749.0,870.45
OABIW,OmniAb Inc.,0.083,0,2,1,9,1,2,2,17,0.0,22.0,Broken,Avoid/exit,28,-7.3,-7.3,-6.1,43.5,0,,nan,nan,0.0
STIFF,Plaid Technologies Inc.,0.091,3,4,3,7,0,1,4,22,-5.0,22.0,Broken,🔥 COILED: Avoid/exit,26,0.0,0.0,-14.6,46.0,1,,Consumer Defensive,30446048.0,226.83
MAHN,Mid-Atlantic Home Health Network Inc,0.112,3,4,0,7,3,3,2,22,0.0,22.0,Broken,Avoid/exit,21,0.0,0.0,-40.9,1.3,0,,Healthcare,30504660.0,170.61
TTTMF,Total Metals Corp.,0.148,4,11,4,5,2,2,2,30,-11.0,22.0,Broken,Avoid/exit,34,-2.9,-5.4,-8.6,40.6,1,,Basic Materials,9085735.0,0.0
XLEFF,XXL Energy Corp,0.118,9,3,10,6,3,2,4,37,-18.0,22.0,Broken,Avoid/exit,41,0.0,0.0,0.0,72.3,1,,Energy,7252943.0,9.2
ARSLF,Altima Resources Ltd,0.1,13,5,8,9,3,2,5,45,-23.0,22.0,Broken,Avoid/exit,27,0.0,0.0,24.5,92.9,1,,Energy,5697495.0,52157.93
HGTXU,Hugoton Royalty Trust,0.13,0,2,2,10,1,2,2,19,0.0,22.0,Broken,Avoid/exit,13,-25.7,-30.5,-19.9,32.2,0,,Energy,5600000.0,45087.83
RDBBF,Redbubble Limited,0.184,7,4,8,6,1,1,2,29,-10.0,22.0,Broken,Avoid/exit,21,-3.2,-3.2,-1.4,46.5,0,,Consumer Cyclical,57850032.0,13753.17
BYLTF,Baylin Technologies Inc,0.195,2,10,1,9,3,0,2,27,-3.0,22.0,Broken,Avoid/exit,28,1.1,-5.3,-2.7,47.4,2,,Technology,51305516.0,13386.33
TAJIF,Tajiri Resources Corp,0.15,15,11,4,11,4,2,5,52,-26,22,Broken,Avoid/exit,51,66.7,7.1,54.1,64.1,1,3,Basic Materials,34499504.0,5956.88
AVAI,Avant Technologies Inc.,0.162,7,5,2,10,0,6,5,35,-9.0,22.0,Broken,Avoid/exit,23,6.4,-12.1,-1.8,48.5,1,,Technology,22355390.0,118226.61
RYOOF,Rio Silver Inc,0.18,5,12,7,3,2,4,2,35,-13.0,22.0,Broken,Avoid/exit,22,-2.4,-5.3,-7.3,44.3,1,,Basic Materials,10655856.0,74570.81
SPTCF,SPTCF,0.215,11,7,4,2,3,2,5,34,-15.0,22.0,Broken,Avoid/exit,0,26.5,9.7,4.9,51.7,2,,Basic Materials,21476840.0,0.0
STRPF,Starr Peak Exploration Ltd,0.246,1,9,2,8,3,0,2,25,-3.0,22.0,Broken,Avoid/exit,15,-4.8,-16.7,-9.0,37.1,2,,Basic Materials,14745841.0,13175.0
MEXGF,Mexican Gold Mining Corp,0.23,18,4,7,8,6,4,5,52,-30,22,Broken,Avoid/exit,66,0.0,142.8,39.2,77.3,3,,Basic Materials,5691986.0,0.0
SKVI,Skinvisible Inc,0.2,1,6,2,7,0,4,2,22,-3.0,22.0,Broken,Avoid/exit,24,0.0,-9.1,-6.7,46.2,1,,Consumer Defensive,832191.0,1661.32
MTGRF,Mount Gibson Iron Ltd,0.26,5,3,10,5,3,4,4,34,-15.0,22.0,Broken,Avoid/exit,27,0.0,0.0,-0.0,0.7,1,,Basic Materials,414751712.0,155.11
AEUXF,AEUXF,0.269,4,14,7,6,7,0,5,43,-21.0,22.0,Broken,Avoid/exit,0,5.6,5.6,0.7,49.9,1,,Energy,98327648.0,0.0
YMMCF,YUKON METALS CORP.,0.28,6,6,7,8,1,2,2,32,-10.0,22.0,Broken,Avoid/exit,21,1.8,-0.0,-3.3,45.4,1,,Basic Materials,39072500.0,18170.77
FERAR,Fifth Era Acquisition Corp I Rights,0.295,2,4,7,12,5,0,2,32,-10.0,22.0,Broken,Avoid/exit,35,5.4,-10.6,-4.0,46.8,0,,nan,nan,0.0
JNNDF,Japan Display Inc,0.303,5,3,10,6,3,3,4,34,-15.0,22.0,Broken,Avoid/exit,31,0.0,0.0,-2.1,17.3,1,,Technology,1292488320.0,1200.1
SSVFF,Southern Silver Exploration Corp.,0.347,8,8,9,12,0,2,5,44,-20.0,22.0,Broken,Avoid/exit,36,-4.3,11.8,2.0,51.5,3,,Basic Materials,142392192.0,640219.87
RSASF,RESAAS Services Inc,0.32,16,14,6,2,4,2,5,49,-27.0,22.0,Broken,Avoid/exit,42,23.1,28.0,13.2,61.0,3,,Technology,24958988.0,13079.04
FEEXF,Ferrexpo PLC,0.389,7,3,10,4,4,2,4,34,-15.0,22.0,Broken,Avoid/exit,25,0.0,0.0,-0.1,25.7,1,,Basic Materials,228650672.0,3969.91
BKLRF,Berkeley Energy Ltd,0.36,8,7,11,6,0,2,4,38,-15.0,22.0,Broken,Avoid/exit,40,0.0,0.0,0.0,51.4,1,,Energy,178517264.0,795.0
UNFYF,Edge Total Intelligence Inc.,0.38,10,11,7,11,3,2,5,49,-23.0,22.0,Broken,Avoid/exit,31,15.6,11.5,7.0,55.9,3,,Technology,23967354.0,38569.35
TTLTF,Total Telcom Inc,0.356,8,4,4,3,3,4,3,29,-10.0,22.0,Broken,Avoid/exit,61,-9.5,-9.5,-4.0,40.6,0,,Technology,9442194.0,3125.74
CSRIF,CSRIF,0.405,9,3,11,5,3,2,4,37,-18.0,22.0,Broken,Avoid/exit,49,0.0,0.0,0.0,76.0,1,,Basic Materials,23558788.0,344.06
TKLS,Trutankless Inc,0.5,11,7,3,15,4,5,2,47,-21,22,Broken,Avoid/exit,56,604.2,-12.3,14.4,53.0,2,9,Technology,81461104.0,3102.03
LQWDF,LQwD FinTech Corp,0.504,3,9,4,7,3,0,2,28,-6.0,22.0,Broken,Avoid/exit,13,-3.6,-5.5,-6.0,40.8,2,,Technology,15739294.0,15866.08
INEO,INNEOVA Holdings Limited,0.64,9,4,8,3,3,4,3,34,-15.0,22.0,Broken,Avoid/exit,43,-8.6,-10.1,-5.7,45.5,1,,Consumer Cyclical,10575787.0,223672.76
RAFLF,Raffles Medical Group Ltd,0.75,4,3,9,6,3,3,4,32,-10.0,22.0,Broken,Avoid/exit,0,0.0,0.0,-0.5,3.6,0,,Healthcare,1385663744.0,0.0
FSRPF,Frasers Property Limited,0.83,4,4,1,5,6,3,4,27,-10.0,22.0,Broken,🔥 COILED: Avoid/exit,36,0.0,0.0,-0.7,45.4,0,,Real Estate,3258614528.0,16.34
HKSHF,The Hongkong and Shanghai Hotels Limited,0.8,9,6,11,6,0,6,4,42,-23.0,22.0,Broken,Avoid/exit,52,0.0,0.0,0.0,87.0,0,,Consumer Cyclical,1203197312.0,41.5
TEAD,Teads B.V.,0.81,3,13,6,3,4,2,4,35,-13.0,22.0,Broken,Avoid/exit,34,-1.0,-1.5,-4.8,43.2,2,,Communication Services,78563064.0,1076080.53
MCUJF,Medicure Inc,0.81,14,6,4,9,6,0,5,44,-22.0,22.0,Broken,Avoid/exit,41,-3.6,20.9,5.7,65.1,3,,Healthcare,7559237.0,976.36
PANHF,Ping An Healthcare and Technology Company Limited,0.921,3,6,4,6,3,3,4,29,-10.0,22.0,Broken,Avoid/exit,19,0.0,0.0,-2.8,26.6,0,,Healthcare,4253251840.0,58.5
UPYY,UPAY Inc,0.9,6,3,10,4,3,4,4,34,-15.0,22.0,Broken,Avoid/exit,30,0.0,0.0,-0.0,2.3,1,,Technology,15898690.0,197.95
TMLL,Third Millennium Industries Inc,1,5,4,9,5,3,2,4,32,-15.0,22.0,Broken,🔥 COILED: Avoid/exit,27,0.0,0.0,0.0,50.0,1,,Financial Services,62403024.0,4.0
INVLW,"Innventure, Inc.",1.0,3,12,1,8,3,4,2,33,-11.0,22.0,Broken,Avoid/exit,22,35.6,-16.7,-7.7,44.7,0,,nan,nan,13515.45
EWPMF,East West Petroleum Corp,0.1,12,4,10,11,3,3,5,48,-26.8,21.2,Broken,Avoid/exit,39,11.1,150.0,27.3,78.2,3,,Energy,370990.0,3073.14
CZASF,China ZhengTong Auto Services Holdings Limited,0.01,2,4,10,6,3,2,4,31,-15.0,21.0,Broken,🔥 COILED: Avoid/exit,31,0.0,0.0,0.0,50.0,1,,Consumer Cyclical,799280896.0,0.0
CSCNF,CSCNF,0.01,2,4,10,6,3,2,4,31,-15.0,21.0,Broken,🔥 COILED: Avoid/exit,31,0.0,0.0,0.0,50.0,1,,Real Estate,44341356.0,0.0
SHUNF,Shunfeng International Clean Energy Limited,0.002,5,3,10,6,3,2,4,33,-15.0,21.0,Broken,Avoid/exit,32,0.0,0.0,-0.0,2.0,1,,Utilities,36258284.0,2780.0
MSGNF,Man Sang International Limited,0.002,4,3,10,6,0,6,4,33,-15.0,21.0,Broken,Avoid/exit,19,0.0,0.0,-0.7,26.0,1,,Real Estate,7248624.0,38.09
GENLF,GENLF,0.002,2,4,10,6,3,2,4,31,-15.0,21.0,Broken,🔥 COILED: Avoid/exit,0,0.0,0.0,0.0,50.0,1,,Basic Materials,6919072.0,0.0
NISLF,Antares Metals Limited,0.005,2,4,10,6,3,2,4,31,-15.0,21.0,Broken,🔥 COILED: Avoid/exit,0,0.0,0.0,0.0,50.0,1,,Basic Materials,4280514.0,0.0
SOLBF,Solvbl Solutions Inc,0.01,2,4,10,6,3,2,4,31,-15.0,21.0,Broken,🔥 COILED: Avoid/exit,32,0.0,0.0,0.0,50.0,1,,Technology,2752476.0,17.33
PLGNF,Playgon Games Inc,0.005,5,5,6,3,6,4,2,31,-15.0,21.0,Broken,🔥 COILED: Avoid/exit,33,0.0,0.0,-0.4,49.2,1,,Consumer Cyclical,2260265.0,14274.5
ISGIF,InsuraGuest Technologies Inc,0.007,3,5,4,5,3,3,5,28,-10.0,21.0,Broken,Avoid/exit,28,0.0,0.0,-2.8,43.1,0,,Technology,1176683.0,2671.3
TOWTF,Tower One Wireless Corp,0.005,2,4,10,6,3,2,4,31,-15.0,21.0,Broken,🔥 COILED: Avoid/exit,31,0.0,0.0,0.0,50.0,1,,Communication Services,1132590.0,1250.0
MYSL,My Screen Mobile Inc,0.008,2,4,10,6,3,2,4,31,-15.0,21.0,Broken,🔥 COILED: Avoid/exit,32,0.0,0.0,0.0,50.0,1,,Communication Services,1092295.0,1800.0
LNLHF,LeanLife Health Inc,0.005,2,4,10,6,3,2,4,31,-15.0,21.0,Broken,🔥 COILED: Avoid/exit,32,0.0,0.0,0.0,50.0,1,,Consumer Defensive,1035530.0,70.0
PWWRF,Cleantech Power Corp.,0.006,2,4,10,6,3,2,4,31,-15.0,21.0,Broken,🔥 COILED: Avoid/exit,32,0.0,0.0,0.0,50.0,1,,Industrials,1020790.0,0.8
CYYNF,Cynata Therapeutics Limited,0.004,3,6,1,8,3,3,2,26,-5.0,21.0,Broken,Avoid/exit,16,0.0,0.0,-82.4,35.3,1,,Healthcare,973817.0,95.63
PAEGF,Peace Arch Entertainment Group Inc,0.001,2,4,10,6,3,2,4,31,-15.0,21.0,Broken,🔥 COILED: Avoid/exit,32,0.0,0.0,0.0,50.0,1,,Communication Services,958068.0,21.0
TTTSF,TruTrace Technologies Inc,0.006,2,4,10,6,3,2,4,31,-15.0,21.0,Broken,🔥 COILED: Avoid/exit,32,0.0,0.0,0.0,50.0,1,,Technology,939066.0,61.25
PCIMF,Pacific Imperial Mines Inc,0.004,4,3,9,4,3,1,4,28,-10.0,21.0,Broken,Avoid/exit,18,0.0,0.0,-0.8,0.2,0,,Basic Materials,720012.0,10118.7
NFTFF,NFT Technologies Inc,0.007,2,4,10,6,3,2,4,31,-15.0,21.0,Broken,🔥 COILED: Avoid/exit,32,0.0,0.0,0.0,50.0,1,,Technology,695848.0,2680.1
SPXA,SpectrumDNA Inc,0.01,2,4,10,6,3,2,4,31,-15.0,21.0,Broken,🔥 COILED: Avoid/exit,31,0.0,0.0,0.0,50.0,1,,Technology,684983.0,875.0
XESP,CannAssist International Corp,0.01,2,4,10,6,3,2,4,31,-15.0,21.0,Broken,🔥 COILED: Avoid/exit,31,0.0,0.0,0.0,50.0,1,,Communication Services,535280.0,9.5
LRSNF,Global Health Clinics Ltd,0.001,2,4,10,6,3,2,4,31,-15.0,21.0,Broken,🔥 COILED: Avoid/exit,32,0.0,0.0,0.0,50.0,1,,Healthcare,322150.0,9.0
MURCF,Lightspeed Discoveries Inc,0.01,5,3,10,6,3,2,4,33,-15.0,21.0,Broken,Avoid/exit,30,0.0,0.0,-0.0,0.0,1,,Basic Materials,304955.0,0.0
UBMRF,Urbanimmersive Inc,0.004,2,4,10,6,3,2,4,31,-15.0,21.0,Broken,🔥 COILED: Avoid/exit,31,0.0,0.0,0.0,50.0,1,,Technology,217010.0,2703.0
XMTTF,Xmet Inc,0.002,2,4,10,6,3,2,4,31,-15.0,21.0,Broken,🔥 COILED: Avoid/exit,31,0.0,0.0,0.0,50.0,1,,Basic Materials,183971.0,1213.1
THCBF,THC Biomed Intl Ltd,0.001,2,4,10,6,3,2,4,31,-15.0,21.0,Broken,🔥 COILED: Avoid/exit,31,0.0,0.0,0.0,50.0,1,,Healthcare,163938.0,11.82
EPTI,Environmental Packaging Technologies Holdings Inc,0.002,2,4,10,6,3,2,4,31,-15.0,21.0,Broken,🔥 COILED: Avoid/exit,32,0.0,0.0,0.0,50.0,1,,Consumer Cyclical,134874.0,40.0
DTEMF,Ditem Explorations Inc,0.001,2,4,10,6,3,2,4,31,-15.0,21.0,Broken,🔥 COILED: Avoid/exit,32,0.0,0.0,0.0,50.0,1,,Basic Materials,133093.0,20.0
MSTH,Mystic Holdings Inc.,0.001,6,3,6,3,3,3,4,28,-10.0,21.0,Broken,Avoid/exit,7,0.0,0.0,-40.0,0.0,0,,Healthcare,127855.0,425.18
DKLRF,Decklar Resources Inc,0.001,2,4,10,6,3,2,4,31,-15.0,21.0,Broken,🔥 COILED: Avoid/exit,31,0.0,0.0,0.0,50.0,1,,Energy,125956.0,0.0
VICFF,Vice Health and Wellness Inc.,0.003,2,4,10,6,3,2,4,31,-15.0,21.0,Broken,🔥 COILED: Avoid/exit,32,0.0,0.0,0.0,50.0,1,,Consumer Defensive,122796.0,1.61
ASNHF,Avidus Management Group Inc,0.001,2,4,10,6,3,2,4,31,-15.0,21.0,Broken,🔥 COILED: Avoid/exit,31,0.0,0.0,0.0,50.0,1,,Healthcare,115550.0,2275.0
AQQRF,Aquarius Surgical Technologies Inc,0.004,2,4,10,6,3,2,4,31,-15.0,21.0,Broken,🔥 COILED: Avoid/exit,32,0.0,0.0,0.0,50.0,1,,Healthcare,115916.0,120.0
VCLD,Verecloud Inc,0.001,2,4,10,6,3,2,4,31,-15.0,21.0,Broken,🔥 COILED: Avoid/exit,31,0.0,0.0,0.0,50.0,1,,Technology,101321.0,250.0
FRTG,Frontera Group Inc,0.002,3,8,1,7,3,2,2,26,-3.0,21.0,Broken,Avoid/exit,32,-5.6,-46.9,-28.6,37.4,2,,Industrials,77396.0,161815.49
GRGBF,GRGBF,0.001,2,4,10,6,3,2,4,31,-15.0,21.0,Broken,🔥 COILED: Avoid/exit,0,0.0,0.0,0.0,50.0,1,,Healthcare,67151.0,0.0
PSTRQ,PostRock Energy Corp,0.01,2,4,10,6,3,2,4,31,-15.0,21.0,Broken,🔥 COILED: Avoid/exit,32,0.0,0.0,0.0,50.0,1,,nan,65809.0,17.5
WIBFF,West Island Brands Inc,0.004,2,4,10,6,3,2,4,31,-15.0,21.0,Broken,🔥 COILED: Avoid/exit,31,0.0,0.0,0.0,50.0,1,,Healthcare,60061.0,4.5
RPFG,Rainier Pacific Financial Group Inc,0.002,2,4,10,6,3,2,4,31,-15.0,21.0,Broken,🔥 COILED: Avoid/exit,32,0.0,0.0,0.0,50.0,1,,Financial Services,10071.0,3.0
VTON,Vast Solutions Inc,0.001,2,4,10,6,3,2,4,31,-15.0,21.0,Broken,🔥 COILED: Avoid/exit,31,0.0,0.0,0.0,50.0,1,,Industrials,20.0,0.95
HUMAW,Humacyte Inc,0.009,5,5,6,10,0,2,2,30,-5.0,21.0,Broken,Avoid/exit,13,-8.2,-4.3,-27.3,37.4,1,,nan,nan,20615.41
CCHMF,Central China Management Company Limited,0.015,3,3,8,6,3,1,4,28,-10.0,21.0,Broken,Avoid/exit,9,0.0,0.0,-4.2,0.0,0,,Real Estate,193280864.0,36.0
CNLLF,Central China Real Estate Limited,0.011,2,4,10,6,3,2,4,31,-15.0,21.0,Broken,🔥 COILED: Avoid/exit,32,0.0,0.0,0.0,50.0,1,,Real Estate,34646036.0,175.0
TNGL,Tonogold Resources Inc,0.018,0,5,4,9,0,4,2,24,-3.0,21.0,Broken,Avoid/exit,22,-17.8,-19.6,-13.0,38.7,1,,Basic Materials,18408118.0,222314.13
TGLTY,TGLT S.A,0.02,2,4,10,6,3,2,4,31,-15.0,21.0,Broken,🔥 COILED: Avoid/exit,31,0.0,0.0,0.0,50.0,1,,Real Estate,9603795.0,0.0
PMSNF,Proteome Sciences plc,0.02,5,3,10,6,3,2,4,33,-15.0,21.0,Broken,Avoid/exit,20,0.0,0.0,-0.0,1.5,1,,Healthcare,8768123.0,565.0
CPIVF,Captiva Verde Land Corp,0.015,0,1,6,8,0,4,2,21,0.0,21.0,Broken,Avoid/exit,26,-42.3,-44.4,-42.4,14.7,0,,Healthcare,7933408.0,26465.13
FALFF,Falcon Metals Limited,0.017,3,4,1,7,3,1,4,23,-5.0,21.0,Broken,Avoid/exit,24,0.0,0.0,-48.6,46.8,1,,Basic Materials,3654470.0,591.5
APLIF,Appili Therapeutics Inc,0.011,7,6,5,11,0,3,4,36,-20.0,21.0,Broken,🔥 COILED: Avoid/exit,35,0.0,37.5,4.3,52.4,3,,Healthcare,1456027.0,16601.22
IWAL,iWallet Corporation,0.012,5,6,1,7,1,2,2,24,-3.0,21.0,Broken,Avoid/exit,22,-8.8,-3.8,-3.1,47.1,1,,Industrials,1330242.0,16753.38
MDRA,Medra Corporation,0.02,2,4,10,6,3,2,4,31,-15.0,21.0,Broken,🔥 COILED: Avoid/exit,32,0.0,0.0,0.0,50.0,1,,Technology,686926.0,0.03
MDNWF,Mednow Inc,0.02,2,4,10,6,3,2,4,31,-15.0,21.0,Broken,🔥 COILED: Avoid/exit,32,0.0,0.0,0.0,50.0,1,,Healthcare,517287.0,337.5
EMYSF,Easy Technologies Inc,0.015,2,4,10,6,3,2,4,31,-15.0,21.0,Broken,🔥 COILED: Avoid/exit,32,0.0,0.0,0.0,50.0,1,,Healthcare,142219.0,158.63
CHTM,Chatham Corporation,0.02,3,3,9,5,3,1,4,28,-10.0,21.0,Broken,Avoid/exit,13,0.0,0.0,-99.8,0.0,0,,Industrials,nan,0.5
NCPLW,Netcapital Inc,0.019,0,4,1,8,4,0,2,19,2.0,21.0,Broken,Avoid/exit,24,-18.3,-29.3,-17.6,40.0,1,,nan,nan,6562.57
ADXRF,ADX Energy Ltd,0.031,8,3,8,6,4,2,5,36,-15.0,21.0,Broken,Avoid/exit,41,-18.9,-18.9,-7.1,47.5,1,,Energy,27770694.0,0.0
AWAW,White Fox Ventures Inc,0.021,5,3,10,4,3,4,4,33,-15.0,21.0,Broken,Avoid/exit,31,0.0,0.0,-0.1,32.6,1,,Industrials,24546266.0,4781.92
CEIN,"Camber Energy, Inc.",0.03,14,4,7,9,4,3,5,46,-25.0,21.0,Broken,Avoid/exit,37,0.0,50.0,12.7,73.5,3,,Industrials,8453596.0,579194.49
PMEDF,Predictmedix Inc,0.026,5,8,2,3,5,2,4,29,-8.0,21.0,Broken,Avoid/exit,26,0.0,23.8,-2.7,46.8,2,,Healthcare,4491294.0,22596.69
TWELF,Tokenwell Platforms Inc.,0.022,10,8,3,4,6,0,5,36,-15.0,21.0,Broken,Avoid/exit,26,-31.0,-8.2,-9.1,48.3,1,,Technology,1366034.0,28709.86
TMRR,Temir Corp,0.03,2,4,10,6,3,2,4,31,-15.0,21.0,Broken,🔥 COILED: Avoid/exit,32,0.0,0.0,0.0,50.0,1,,Industrials,200765.0,225.0
MEDE,MEDecision Inc,0.03,2,4,10,6,3,2,4,31,-15.0,21.0,Broken,🔥 COILED: Avoid/exit,32,0.0,0.0,0.0,50.0,1,,Communication Services,200661.0,40.0
NVNIW,Nvni Group Limited Warrants,0.028,4,10,1,5,3,2,2,27,-6.0,21.0,Broken,Avoid/exit,25,-3.8,-44.9,-11.8,47.8,1,,nan,nan,15570.54
NUMIF,Numinus Wellness Inc,0.035,12,3,3,12,1,2,5,38,-13.0,21.0,Broken,Avoid/exit,51,-29.8,3.2,-6.5,49.2,1,,Healthcare,11251362.0,116274.5
RVLWF,Revitalist Lifestyle and Wellness Ltd,0.039,2,4,10,6,3,2,4,31,-15.0,21.0,Broken,🔥 COILED: Avoid/exit,32,0.0,0.0,0.0,50.0,1,,Healthcare,5364280.0,1112.4
BTKRF,Black Tusk Resources Inc,0.036,9,7,2,9,2,7,5,41,-20.0,21.0,Broken,Avoid/exit,28,19.8,48.1,6.3,51.0,3,,Basic Materials,4584787.0,38337.0
EWISF,EWISF,0.033,7,7,2,9,2,2,5,34,-13.0,21.0,Broken,Avoid/exit,42,37.5,-10.1,2.9,50.3,2,,Basic Materials,918213.0,24026.6
RTMFD,RT Minerals Corp,0.035,5,3,10,6,3,2,4,33,-15.0,21.0,Broken,Avoid/exit,29,0.0,0.0,-0.0,4.1,1,,Basic Materials,480356.0,63.7
ZENAF,Zenith Energy Ltd.,0.05,1,6,1,12,0,2,2,24,-3.0,21.0,Broken,Avoid/exit,18,-46.1,-52.3,-40.6,27.0,1,,Energy,65042840.0,7327.7
CBBHF,Cobalt Blue Holdings Ltd,0.048,4,14,3,2,3,6,4,36,-13.0,21.0,Broken,Avoid/exit,21,9.8,1.7,6.7,51.6,1,,Basic Materials,29373242.0,695711.12
EMFGF,Fluence Corporation Limited,0.055,4,5,5,5,8,2,5,34,-13.0,21.0,Broken,Avoid/exit,37,9.1,9.1,2.7,50.7,2,,Industrials,62935360.0,5370.13
PABAF,Patrys Limited,0.06,2,4,10,6,3,2,4,31,-15.0,21.0,Broken,🔥 COILED: Avoid/exit,0,0.0,0.0,0.0,50.0,1,,Healthcare,40490716.0,0.0
CRVAF,CRVAF,0.054,2,4,10,6,3,2,4,31,-15.0,21.0,Broken,🔥 COILED: Avoid/exit,31,0.0,0.0,0.0,50.0,1,,Healthcare,26127696.0,0.0
CNBMF,CNBMF,0.06,2,4,10,6,3,2,4,31,-15.0,21.0,Broken,🔥 COILED: Avoid/exit,0,0.0,0.0,0.0,50.0,1,,Basic Materials,2082257.0,0.0
PLVFF,Plant Veda Foods Ltd,0.06,2,4,10,6,3,2,4,31,-15.0,21.0,Broken,🔥 COILED: Avoid/exit,32,0.0,0.0,0.0,50.0,1,,Consumer Defensive,2103643.0,81.56
GNCLF,Gencell Ltd,0.06,5,3,10,6,3,2,4,33,-15.0,21.0,Broken,Avoid/exit,31,0.0,0.0,-0.0,24.8,1,,Industrials,1338568.0,0.0
STKKF,Strike Energy Limited,0.069,3,3,3,7,3,3,4,26,-5.0,21.0,Broken,Avoid/exit,31,0.0,0.0,-3.6,38.5,1,,Energy,363810240.0,3651.87
PHYOF,IXICO plc,0.07,2,4,10,6,3,2,4,31,-15.0,21.0,Broken,🔥 COILED: Avoid/exit,31,0.0,0.0,0.0,50.0,1,,Healthcare,168610192.0,0.0
AIGFF,Genesis AI Corp.,0.071,11,14,9,6,4,0,5,49,-28.0,21.0,Broken,Avoid/exit,51,18.8,20.6,15.0,57.6,3,,Technology,391126.0,8824.77
BEIJF,Beijing North Star Company Limited,0.08,2,4,10,6,3,2,4,31,-15.0,21.0,Broken,🔥 COILED: Avoid/exit,31,0.0,0.0,0.0,50.0,1,,Real Estate,416163680.0,0.0
CATWF,China Tontine Wines Group Limited,0.071,2,4,10,6,3,2,4,31,-15.0,21.0,Broken,🔥 COILED: Avoid/exit,31,0.0,0.0,0.0,50.0,1,,Consumer Defensive,19028550.0,0.0
SPLTF,SpotLite360 Technologies Inc,0.078,2,4,10,6,3,2,4,31,-15.0,21.0,Broken,🔥 COILED: Avoid/exit,31,0.0,0.0,0.0,50.0,1,,Healthcare,14652034.0,420.0
GRARF,GRARF,0.073,2,4,10,6,3,2,4,31,-15.0,21.0,Broken,🔥 COILED: Avoid/exit,0,0.0,0.0,0.0,50.0,1,,Basic Materials,4865485.0,0.0
SWLFF,Silver Wolf Exploration Ltd,0.076,5,10,4,2,4,2,2,29,-8.0,21.0,Broken,Avoid/exit,27,0.7,1.6,-2.0,46.0,0,,Basic Materials,4694385.0,49040.26
SHTGF,Shun Tak Holdings Limited,0.085,5,3,10,6,3,2,4,33,-15.0,21.0,Broken,Avoid/exit,36,0.0,0.0,-0.0,25.1,1,,Real Estate,422472640.0,10.0
GBXXY,Grand Baoxin Auto Group Limited,0.092,2,4,10,6,3,2,4,31,-15.0,21.0,Broken,🔥 COILED: Avoid/exit,32,0.0,0.0,0.0,50.0,1,,Consumer Cyclical,26218604.0,7.7
OMQS,Omniq Corp,0.13,5,16,3,3,6,2,4,39,-14.0,21.0,Broken,Avoid/exit,66,0.0,-5.2,2.6,51.9,1,,Technology,1969880.0,14524.87
ZZZOF,Zinc One Resources Inc,0.119,8,5,2,7,3,3,3,31,-6.0,21.0,Broken,Avoid/exit,40,-3.6,-0.8,-1.9,37.2,1,,Basic Materials,230809.0,8.75
TAVIR,Tavia Acquisition Corp. Right,0.112,9,14,3,6,4,4,2,42,-21.0,21.0,Broken,Avoid/exit,24,11.5,6.2,-0.3,49.5,0,,nan,nan,0.0
NENTF,Nordic Entertainment Group AB (publ),0.166,10,3,7,7,3,2,4,36,-18.0,21.0,Broken,Avoid/exit,57,0.0,0.0,0.0,82.4,1,,Communication Services,1353770624.0,272.11
SIIGF,SIG plc,0.16,2,4,10,6,3,2,4,31,-15.0,21.0,Broken,🔥 COILED: Avoid/exit,0,0.0,0.0,0.0,50.0,1,,Industrials,184923248.0,0.0
MTRSF,MTRSF,0.15,2,4,10,6,3,2,4,31,-15.0,21.0,Broken,🔥 COILED: Avoid/exit,0,0.0,0.0,0.0,50.0,1,,Basic Materials,145775936.0,0.0
SRAFF,Sandfire Resources America Inc,0.18,13,2,2,10,7,0,5,39,-18.0,21.0,Broken,Avoid/exit,32,-10.0,20.0,3.9,52.6,3,,Basic Materials,171411600.0,66892.41
BETRF,BetterLife Pharma Inc,0.165,16,8,4,11,7,0,5,51,-30,21,Broken,Avoid/exit,64,-3.5,16.2,15.9,66.5,3,,Healthcare,26769110.0,52837.11
QMCI,Quotemedia Inc,0.15,7,3,8,5,3,3,4,33,-15.0,21.0,Broken,Avoid/exit,24,0.0,0.0,-0.3,37.7,1,,Financial Services,13571671.0,18391.98
IPCIQ,Intellipharmaceutics International Inc.,0.15,2,4,10,6,3,2,4,31,-15.0,21.0,Broken,🔥 COILED: Avoid/exit,31,0.0,0.0,0.0,50.0,1,,Healthcare,4963900.0,0.0
ADHI,Arsenal Digital Holdings Inc.,0.17,14,4,8,9,3,3,5,46,-25,21,Broken,Avoid/exit,19,53.2,40.5,15.2,54.3,3,5,Utilities,2924461.0,3004.83
SCIIR,SC II Acquisition Corp. Rights,0.171,0,4,2,9,0,4,2,21,0.0,21.0,Broken,Avoid/exit,0,-8.1,-16.5,-13.4,37.7,0,,nan,nan,0.0
AHNRF,Athena Gold Corp,0.21,6,10,6,3,3,2,4,34,-13.0,21.0,Broken,Avoid/exit,40,10.5,0.0,0.5,48.6,1,,Basic Materials,7701313.0,16013.97
BBCMF,Blackbird Critical Metals Corp,0.2,14,5,10,10,2,2,5,48,-27,21,Broken,Avoid/exit,30,300.0,300.0,147.4,77.8,3,3,Healthcare,5573391.0,995.82
RLFTF,Relief Therapeutics Holding SA,0.226,6,13,3,5,3,2,2,34,-13.0,21.0,Broken,Avoid/exit,24,13.0,-7.8,-6.7,40.7,1,,nan,3007551.0,3441.58
XAGE,"Longevity Health Holdings, Inc.",0.245,6,12,7,1,4,2,2,34,-13.0,21.0,Broken,Avoid/exit,29,16.1,-1.2,1.1,48.5,2,,Consumer Defensive,519817.0,2625.9
ITGLF,ITGLF,0.202,4,4,2,9,3,2,5,29,-8.0,21.0,Broken,Avoid/exit,30,-15.6,-23.2,-8.3,46.1,0,,nan,nan,12831.38
APULF,APULF,0.22,2,4,10,6,3,2,4,31,-15.0,21.0,Broken,🔥 COILED: Avoid/exit,0,0.0,0.0,0.0,50.0,1,,Industrials,nan,0.0
PHNMF,Phenom Resources Corp,0.27,11,8,5,6,0,2,2,34,-13.0,21.0,Broken,Avoid/exit,48,12.5,8.0,0.8,49.0,2,,Basic Materials,35310428.0,139213.0
VIPRF,Silver Viper Minerals Corp,0.28,5,12,6,9,3,2,2,39,-18.0,21.0,Broken,Avoid/exit,18,7.7,23.3,-0.8,43.0,3,,Basic Materials,33499738.0,58104.52
TRGXF,Terra Rossa Gold Ltd.,0.26,5,9,5,6,3,3,2,33,-15.0,21.0,Broken,Avoid/exit,0,0.0,6.6,-0.1,48.6,1,,Basic Materials,18167758.0,0.0
AMZE,Amaze Holdings Inc,0.251,17,6,4,7,7,2,5,48,-23,21,Broken,Avoid/exit,40,172.8,172.8,83.1,70.4,3,7,Technology,2254442.0,1221797.81
JALC,Adams (JOHN) Life Corp,0.25,2,4,10,6,3,2,4,31,-15.0,21.0,Broken,🔥 COILED: Avoid/exit,32,0.0,0.0,0.0,50.0,1,,Financial Services,652925.0,878.55
ASPSZ,Altisource Portfolio Solutions S.A.,0.25,11,4,3,7,3,2,5,35,-14.0,21.0,Broken,Avoid/exit,49,-24.2,13.7,-7.2,47.9,2,,nan,nan,17608.1
PNDFF,PT Indofood CBP Sukses Makmur Tbk,0.302,3,7,1,5,3,3,4,26,-10.0,21.0,Broken,🔥 COILED: Avoid/exit,23,0.0,0.0,-4.4,42.7,0,,Consumer Defensive,5830953984.0,87.88
ATPMF,Antipa Minerals Limited,0.32,2,4,10,6,3,2,4,31,-15.0,21.0,Broken,🔥 COILED: Avoid/exit,31,0.0,0.0,0.0,50.0,1,,Basic Materials,212419920.0,0.0
HOCXF,Hoteles City Express S.A.B. de C.V,0.3,2,4,10,6,3,2,4,31,-15.0,21.0,Broken,🔥 COILED: Avoid/exit,32,0.0,0.0,0.0,50.0,1,,Consumer Cyclical,123698184.0,2625.0
GMXDF,Grupo Mexicano de Desarrollo S.A.B,0.3,10,7,8,3,6,1,4,39,-23.0,21.0,Broken,🔥 COILED: Avoid/exit,53,0.0,0.0,1.2,84.7,0,,Utilities,54743700.0,32.01
SMXT,Solarmax Technology Inc. Common Stock,0.33,5,8,7,3,2,4,4,33,-15.0,21.0,Broken,Avoid/exit,12,-0.2,1.3,-6.6,42.0,1,,Technology,18801930.0,705479.47
TVBCF,Television Broadcasts Limited,0.39,2,4,10,6,3,2,4,31,-15.0,21.0,Broken,🔥 COILED: Avoid/exit,31,0.0,0.0,0.0,50.0,1,,Communication Services,186784736.0,0.0
VEEMF,VEEMF,0.414,8,3,10,6,0,2,4,33,-15.0,21.0,Broken,Avoid/exit,21,0.0,0.0,-0.0,0.0,1,,Industrials,138762544.0,42.69
AIRDF,Rocket Doctor AI Inc.,0.415,6,7,7,7,3,0,3,33,-15.0,21.0,Broken,Avoid/exit,23,-7.3,5.1,-3.1,44.9,1,,Healthcare,41519416.0,65474.17
LTHCF,Lithium Ionic Corp,0.45,2,2,8,8,0,4,2,26,-5.0,21.0,Broken,Avoid/exit,14,-8.8,-10.0,-12.1,33.3,1,,Basic Materials,122563520.0,14872.83
FSP,Franklin Street Properties Corp,0.48,5,10,5,1,3,2,2,28,-8.0,21.0,Broken,Avoid/exit,22,1.4,-1.9,-1.3,45.6,2,,Real Estate,50092800.0,610951.06
NVYTF,Novacyt S.A,0.48,5,3,10,6,3,2,4,33,-15.0,21.0,Broken,Avoid/exit,31,0.0,0.0,-0.0,1.1,1,,Healthcare,34800956.0,12.5
HANNF,Hannan Metals Ltd,0.5,13,2,3,12,3,0,4,37,-16.0,21.0,Broken,Avoid/exit,36,-12.3,2.0,-2.8,49.6,1,,Basic Materials,72408680.0,72078.23
GTEC,Greenland Acquisition Corp,0.528,1,9,7,0,6,2,2,27,-6.0,21.0,Broken,Avoid/exit,24,-2.5,-6.0,-4.3,42.4,1,,Consumer Cyclical,14020657.0,255424.68
ROYE,Royal Energy Resources Inc,0.5,2,4,10,6,3,2,4,31,-15.0,21.0,Broken,🔥 COILED: Avoid/exit,32,0.0,0.0,0.0,50.0,1,,Energy,9039646.0,245.25
BRBMF,Big Rock Brewery Inc,0.59,5,3,10,6,3,2,4,33,-15.0,21.0,Broken,Avoid/exit,24,0.0,0.0,-0.0,15.4,1,,Consumer Defensive,18258830.0,8.5
ZDZT,"Zhengduozhe Technology, Inc",0.568,3,5,4,6,3,1,4,26,-10.0,21.0,Broken,🔥 COILED: Avoid/exit,34,0.0,0.0,-3.3,43.2,0,,Industrials,851283.0,19.91
GTCDD,GTCDD,0.56,9,4,2,11,3,0,4,33,-15.0,21.0,Broken,Avoid/exit,55,1.8,-24.3,0.9,52.0,1,,Basic Materials,nan,3229.6
EIHDF,888 Holdings,0.61,11,3,5,7,6,2,5,39,-18.0,21.0,Broken,Avoid/exit,52,-1.6,-1.6,-0.4,53.6,1,,Consumer Cyclical,270075776.0,4229.44
ARBE,Arbe Robotics Ltd,0.648,0,6,8,8,0,2,2,26,-5.0,21.0,Broken,Avoid/exit,11,-16.9,-25.9,-12.5,39.6,1,,Technology,79415704.0,3098319.15
BIAF,"bioAffinity Technologies, Inc.",0.628,3,4,7,8,0,2,2,26,-5.0,21.0,Broken,Avoid/exit,12,-10.9,-11.4,-18.5,25.0,1,,Healthcare,3948275.0,2996148.04
SSLVF,SSLVF,0.63,6,7,7,5,0,2,2,29,-8.0,21.0,Broken,Avoid/exit,22,-4.8,-4.5,-5.4,43.3,0,,nan,nan,0.0
AXREF,Amarc Resources Ltd,0.682,9,8,8,2,4,1,4,36,-13.0,21.0,Broken,Avoid/exit,41,-0.4,5.0,0.7,50.8,0,,Basic Materials,153222608.0,77669.04
ORIS,Oriental Rise Holdings Limited Ordinary Shares,0.65,7,4,4,6,0,6,2,29,-8.0,21.0,Broken,Avoid/exit,43,-1.1,-0.5,-8.2,47.6,1,,Consumer Defensive,2313491.0,220837.07
ALYAF,Alithya Group Inc,0.741,7,8,9,8,3,3,5,43,-22.0,21.0,Broken,Avoid/exit,20,6.6,4.3,2.7,52.6,1,,Technology,66642436.0,6345.32
THXPF,Thor Explorations Ltd,0.761,4,7,8,2,2,1,4,28,-10.0,21.0,Broken,Avoid/exit,16,-0.9,2.3,-1.3,45.7,0,,Basic Materials,507262144.0,145202.36
SFWL,Shengfeng Development Limited Class A Ordinary Shares,0.77,9,9,1,2,0,6,2,29,-8.0,21.0,Broken,Avoid/exit,19,2.1,1.8,-3.3,46.9,1,,Industrials,63523084.0,22233.46
SVIVW,Spring Valley Acquisition Corp. IV Warrants,0.835,1,5,2,7,0,2,2,19,2.0,21.0,Broken,Avoid/exit,0,-2.9,-14.8,-5.7,47.2,0,,nan,nan,0.0
TRGNF,Transgene SA,0.85,5,3,10,6,3,2,4,33,-15.0,21.0,Broken,Avoid/exit,19,0.0,0.0,-0.0,0.2,1,,Healthcare,278255456.0,13.0
USYNF,Unisync Corp,0.882,2,4,10,6,3,2,4,31,-15.0,21.0,Broken,🔥 COILED: Avoid/exit,32,0.0,0.0,0.0,50.0,1,,Consumer Cyclical,16768786.0,4.52
CIMEF,CIMC Enric Holdings Limited,0.93,3,7,1,5,3,3,4,26,-10.0,21.0,Broken,🔥 COILED: Avoid/exit,28,0.0,0.0,-2.7,43.5,0,,Energy,2765401344.0,130.1
HIIDY,Hidili Industry International Development Ltd ADR,0.9,5,4,10,5,3,2,4,33,-15.0,21.0,Broken,Avoid/exit,26,0.0,0.0,-0.0,0.0,1,,Energy,41447332.0,66.37
MPCMF,Mapletree Commercial Trust,0.998,4,6,1,5,3,5,4,28,-10.0,21.0,Broken,Avoid/exit,23,0.0,0.0,-0.7,38.4,0,,Real Estate,5707119616.0,209.95
CNIKF,Canada Nickel Company Inc,0.991,5,5,5,11,0,3,5,34,-13.0,21.0,Broken,Avoid/exit,26,-2.9,3.0,-1.0,47.5,1,,Basic Materials,254391792.0,85980.33
GRLRF,Greenland Resources Inc,0.95,3,12,7,0,2,6,2,32,-11.0,21.0,Broken,Avoid/exit,22,1.3,-9.5,-2.0,42.9,1,,Basic Materials,128458832.0,68206.35
APXCF,Apex Critical Metals Corp.,0.992,6,10,4,6,4,4,2,36,-13.0,21.0,Broken,Avoid/exit,19,2.3,-4.9,-3.7,41.3,1,,Basic Materials,95643944.0,55874.21
MNY,MoneyHero Limited Class A Ordinary Shares,0.978,8,15,3,3,3,2,5,39,-16.0,21.0,Broken,Avoid/exit,14,0.6,3.9,-0.2,45.4,1,,Communication Services,43108508.0,58142.52
CHND,China Media Inc,1,2,4,10,6,3,2,4,31,-15.0,21.0,Broken,🔥 COILED: Avoid/exit,32,0.0,0.0,0.0,50.0,1,,Communication Services,39750000.0,6.15
UCAR,U Power Limited Ordinary Shares,1.0,1,8,3,8,4,0,2,26,-3.0,21.0,Broken,Avoid/exit,36,-3.9,-17.4,-9.9,37.8,2,,Consumer Cyclical,21936820.0,4325883.28
SGTSY,Singulus Technologies AG ADR,1.0,8,3,9,4,3,2,4,33,-15.0,21.0,Broken,Avoid/exit,31,0.0,0.0,-0.0,0.0,1,,Industrials,17793054.0,2.0
MBHCF,MBH Corporation PLC,1,2,4,10,6,3,2,4,31,-15.0,21.0,Broken,🔥 COILED: Avoid/exit,32,0.0,0.0,0.0,50.0,1,,Real Estate,6667460.0,4.0
DTCKF,Davis Commodities Limited,0.97,2,2,5,7,3,4,2,25,-5.0,21.0,Broken,Avoid/exit,31,-3.0,-8.5,-7.6,39.2,1,,Consumer Defensive,1630926.0,312668.45
VYBXX,Voya Funds Trust - Government Money Market Fund Series II,1.0,5,3,5,6,3,2,4,28,-10.0,21.0,Broken,Avoid/exit,29,0.0,0.0,-0.0,0.1,0,,nan,nan,0.0
VYCXX,Voya Funds Trust - Government Money Market Fund Series II,1.0,5,3,5,6,3,2,4,28,-10.0,21.0,Broken,Avoid/exit,29,0.0,0.0,-0.0,0.1,0,,nan,nan,0.0
VYGXX,Voya Funds Trust - Government Money Market Fund Series II,1.0,5,3,5,6,3,2,4,28,-10.0,21.0,Broken,Avoid/exit,29,0.0,0.0,-0.0,0.1,0,,nan,nan,0.0
AUHIF,Advance United Holdings Inc,0.234,16,7,6,11,1,0,5,46,-25.8,20.2,Broken,Avoid/exit,37,0.0,139.3,22.2,64.9,3,,Basic Materials,4747810.0,673.52
GRFXF,Graphex Group Limited,0.01,7,5,8,2,3,1,4,30,-15.0,20.0,Broken,🔥 COILED: Avoid/exit,31,0.0,0.0,-0.5,41.8,1,,Basic Materials,255365952.0,2783.35
AEFI,American EcoFuels Inc.,0.001,11,6,6,10,0,3,4,40,-20.0,20.0,Broken,Avoid/exit,37,22.2,10.0,-1.8,47.5,3,,Industrials,10700462.0,230093941.29
THORF,Thor Mining PLC,0.008,8,9,3,6,4,0,5,35,-15.0,20.0,Broken,Avoid/exit,36,6.7,-20.0,18.6,52.4,1,,Basic Materials,9247194.0,85242.87
PRVCF,PreveCeutical Medical Inc,0.01,4,4,3,9,0,0,2,22,2.0,20.0,Broken,Avoid/exit,28,-20.0,-2.0,-14.9,44.1,0,,Healthcare,7656792.0,39599.47
BXRDF,Australian Silica Quartz Group Ltd,0.009,4,6,2,3,3,3,4,25,-10.0,20.0,Broken,🔥 COILED: Avoid/exit,21,0.0,0.0,-3.5,45.3,0,,Basic Materials,6290405.0,2081.0
ATWT,ATWEC Technologies Inc,0.007,9,4,0,12,3,5,2,35,-15.0,20.0,Broken,Avoid/exit,56,-16.0,-24.4,-12.8,47.6,1,,Industrials,5665196.0,1950689.55
BWMG,Brownie's Marine Group Inc,0.005,6,7,4,8,3,2,2,32,-15.0,20.0,Broken,Avoid/exit,31,68.8,-10.0,6.4,51.1,0,5,Consumer Cyclical,2981712.0,0.0
ARCPF,ARCPF,0.01,5,3,10,6,3,1,4,32,-15.0,20.0,Broken,Avoid/exit,0,0.0,0.0,-0.4,0.0,1,,Healthcare,2939417.0,0.0
PTOP,Peer To Peer Network,0.011,5,3,6,6,0,5,2,27,-10.0,20.0,Broken,Avoid/exit,22,-1.8,0.0,-2.4,46.7,0,,Technology,1981159.0,38566.88
LBAS,Location Based Techs,0.002,1,6,1,7,4,2,2,23,-3.0,20.0,Broken,Avoid/exit,19,15.0,-4.2,-8.3,44.8,1,,Technology,1020704.0,117671.42
HUNTF,Hunter Maritime Acquisition Corp,0.005,17,4,6,10,6,2,5,50,-30,20,Broken,Avoid/exit,66,0.0,4900.0,56.3,100.0,3,,Financial Services,1020205.0,109.7
RIVF,RIVF,0.003,7,8,8,2,3,1,4,33,-18.0,20.0,Broken,🔥 COILED: Avoid/exit,30,0.0,0.0,6.4,71.5,1,,Technology,366946.0,578.43
RVLCF,Rivalry Corp,0.003,10,5,9,9,0,2,5,40,-20.0,20.0,Broken,Avoid/exit,34,11.1,11.1,4.7,55.3,3,,Consumer Cyclical,261806.0,33302.96
WGRFF,Champion Gaming Group Inc.,0.003,5,4,9,6,0,2,4,30,-15.0,20.0,Broken,🔥 COILED: Avoid/exit,23,0.0,0.0,0.0,50.0,1,,Communication Services,229862.0,5127.5
XTXXF,Phyto Extractions Inc,0.007,5,3,10,5,3,2,4,32,-15.0,20.0,Broken,Avoid/exit,20,0.0,0.0,-0.1,0.4,1,,Healthcare,111941.0,7.05
FUGI,Fuego Enterprises Inc,0.001,7,3,6,3,3,1,4,27,-10.0,20.0,Broken,Avoid/exit,26,0.0,0.0,-0.0,0.0,0,,Industrials,24326.0,2344.4
FRQND,"Frequency Holdings, Inc.",0.008,8,13,2,3,3,2,5,36,-16.0,20.0,Broken,Avoid/exit,57,41.5,-25.0,-0.3,50.4,1,,Technology,nan,47079.51
AURMF,Auris Minerals Limited,0.019,5,3,10,5,3,2,4,32,-15.0,20.0,Broken,Avoid/exit,19,0.0,0.0,-0.0,3.0,1,,Basic Materials,24445892.0,0.0
PSUD,Petrosun Inc,0.015,17,6,7,5,4,3,5,47,-30.0,20.0,Broken,Avoid/exit,49,0.0,50.0,11.6,58.2,3,,Energy,9551310.0,38503.9
CVHL,Cv Holdings Inc,0.02,15,6,6,13,5,0,5,50,-30,20,Broken,Avoid/exit,63,0.0,32.5,10.9,84.3,3,,Financial Services,1288276.0,20623.53
BARUF,Baru Gold Corp,0.027,4,9,4,6,5,2,3,33,-13.0,20.0,Broken,Avoid/exit,29,4.7,-5.7,-4.9,46.0,1,,Basic Materials,10683947.0,78914.02
IBOGF,Universal Ibogaine Inc,0.028,13,6,10,2,0,7,5,43,-28,20,Broken,🔥 COILED: Avoid/exit,41,5.4,19.6,2.2,51.3,3,,Healthcare,7492961.0,562080.06
IDEA,Aeon Ventures Inc,0.027,4,5,8,3,3,3,2,28,-13.0,20.0,Broken,🔥 COILED: Avoid/exit,34,0.0,0.0,-7.9,45.5,1,,Financial Services,2740000.0,0.0
LUVU,Luvu Brands Inc,0.03,4,4,0,9,6,0,2,25,-5.0,20.0,Broken,Avoid/exit,28,-25.0,-25.0,-16.9,34.2,1,,Consumer Cyclical,2458690.0,34400.67
BEATW,Heartbeam Inc. Warrant,0.021,3,7,0,9,2,4,2,27,-5.0,20.0,Broken,Avoid/exit,10,-30.0,4.0,-43.3,44.1,2,,Healthcare,nan,12715.88
ACONW,Aclarion Inc,0.021,3,6,1,11,2,2,2,27,-5.0,20.0,Broken,Avoid/exit,17,1.9,-11.9,-18.1,44.9,2,,nan,nan,21395.0
GZUHF,Guangzhou R&F Properties Co. Ltd,0.04,5,3,9,6,3,2,4,32,-15.0,20.0,Broken,Avoid/exit,18,0.0,0.0,-0.2,0.0,1,,Real Estate,151220400.0,194.9
KMSWF,Kingmaker Footwear Holdings Limited,0.04,5,3,9,6,3,2,4,32,-15.0,20.0,Broken,Avoid/exit,21,0.0,0.0,-0.0,0.0,1,,Consumer Cyclical,65888348.0,25.0
GLWLF,Glow Lifetech Corp,0.032,7,5,3,4,3,2,4,28,-8.0,20.0,Broken,Avoid/exit,22,13.1,2.2,3.5,55.5,0,,Healthcare,5445926.0,15881.12
IHLDF,Immutable Holdings Inc.,0.039,9,7,8,2,3,4,4,37,-17.0,20.0,Broken,Avoid/exit,24,22.2,4.0,2.3,50.2,1,,Financial Services,3011396.0,3799.72
ARWYF,Arway Corporation,0.035,1,4,2,9,0,2,2,20,0.0,20.0,Broken,Avoid/exit,28,-25.3,-7.0,-9.6,46.0,0,,Technology,1405832.0,11998.86
DECXF,Decade Resources Ltd,0.05,2,7,6,6,2,2,5,30,-13.0,20.0,Broken,Avoid/exit,32,-3.8,-1.6,3.1,50.4,1,,Basic Materials,11637787.0,219168.7
PMDRF,Prime Meridian Resources Corp,0.05,3,4,1,7,0,1,4,20,-5.0,20.0,Broken,🔥 COILED: Avoid/exit,12,0.0,0.0,-2.8,47.1,1,,Basic Materials,5617927.0,2589.07
VQSSF,VIQ Solutions Inc.,0.046,5,6,0,9,0,2,3,25,-5.0,20.0,Broken,Avoid/exit,17,-25.9,-18.8,-18.5,41.9,1,,Technology,4967582.0,4778.56
MNYWW,MoneyHero Limited Warrants,0.042,4,11,8,3,3,3,2,34,-14.0,20.0,Broken,Avoid/exit,25,0.2,0.2,-2.9,41.7,1,,nan,nan,27666.12
EUMNF,Euro Manganese Inc,0.051,2,3,5,8,0,0,2,20,0.0,20.0,Broken,Avoid/exit,8,-13.6,-13.6,-17.8,23.9,0,,Basic Materials,8577270.0,32041.0
SXLXF,SXLXF,0.054,2,5,8,2,6,2,2,27,-10.0,20.0,Broken,Avoid/exit,28,0.0,-19.8,-5.6,44.7,0,,Basic Materials,7859727.0,0.0
NKGN,"NKGen Biotech, Inc. Common Stock",0.06,9,3,7,6,3,0,4,32,-15.0,20.0,Broken,Avoid/exit,28,0.0,0.0,-0.8,47.9,1,,Healthcare,7836133.0,4285.51
BQST,BioQuest Corp,0.066,4,3,7,4,3,2,4,27,-10.0,20.0,Broken,Avoid/exit,16,0.0,0.0,-0.8,3.9,0,,Financial Services,15276462.0,38.58
NXTDF,NXTDF,0.07,3,8,7,4,4,2,2,30,-13.0,20.0,Broken,Avoid/exit,32,18.4,0.0,1.7,50.2,1,,Technology,2582431.0,47292.45
PREM,Premier Community Bankshares Inc,0.061,16,7,9,2,5,4,5,48,-28,20,Broken,Avoid/exit,59,10.9,15.1,9.6,56.0,4,,Industrials,1397430.0,44888.8
SHERF,Sherritt International Corporation,0.09,4,5,1,9,0,2,4,25,-5.0,20.0,Broken,Avoid/exit,25,-9.1,2.3,-3.3,46.1,1,,Basic Materials,63357072.0,55777.91
DAUGF,Desert Gold Ventures Inc,0.081,6,8,4,6,4,2,3,33,-13.0,20.0,Broken,Avoid/exit,38,-0.4,-1.9,-0.3,48.0,1,,Basic Materials,29247832.0,0.0
CFXTF,Conifex Timber Inc,0.091,7,5,2,3,3,7,3,30,-15.0,20.0,Broken,🔥 COILED: Avoid/exit,45,0.7,0.7,-0.6,45.5,1,,Basic Materials,3701708.0,1490.55
CHARR,Charlton Aria Acquisition Corporation Rights,0.082,6,6,3,3,0,7,2,27,-10.0,20.0,Broken,Avoid/exit,19,2.0,-20.8,-12.7,46.4,0,,nan,nan,0.0
FUUFF,F3 Uranium Corp.,0.096,5,6,8,6,1,4,4,34,-15.0,20.0,Broken,Avoid/exit,20,-7.2,-2.3,-3.6,42.9,1,,Energy,60468584.0,508017.63
SIREF,Sirios Resources Inc,0.12,6,10,6,2,2,2,4,32,-10.0,20.0,Broken,Avoid/exit,25,7.1,10.5,2.6,51.7,2,,Basic Materials,80618264.0,300748.15
QSEP,QS Energy Inc,0.137,6,2,0,8,7,2,2,27,-5.0,20.0,Broken,Avoid/exit,48,-8.7,-19.5,-9.9,39.9,1,,Energy,76188944.0,210875.19
RCGCF,Roscan Gold Corp,0.118,10,9,6,5,1,2,2,35,-15.0,20.0,Broken,Avoid/exit,32,8.1,-1.7,-0.4,48.8,1,,Basic Materials,51744736.0,178590.72
FBRKF,FBR Limited,0.134,16,8,6,5,6,4,5,50,-30,20,Broken,Avoid/exit,62,-18.5,16.9,34.8,67.1,3,,Real Estate,15323442.0,0.0
RIGMF,Ridgestone Mining Inc,0.11,9,8,0,8,6,2,2,35,-15.0,20.0,Broken,Avoid/exit,15,5.0,-13.0,-6.8,47.4,1,,Basic Materials,2493095.0,2067.0
ASPCR,A SPAC III Acquisition Corp. Right,0.11,4,12,1,2,3,2,4,28,-8.0,20.0,Broken,Avoid/exit,17,0.0,9.9,-4.0,47.2,1,,nan,nan,0.0
OYSER,Oyster Enterprises II Acquisition Corp Rights,0.115,6,6,8,4,0,1,5,30,-8.0,20.0,Broken,Avoid/exit,11,-2.3,-3.9,-1.9,35.6,0,,nan,nan,14309.28
OROXF,Orosur Mining Inc,0.189,3,3,7,9,1,2,2,27,-5.0,20.0,Broken,Avoid/exit,29,-5.5,-10.0,-11.9,32.0,1,,Basic Materials,85815088.0,49307.3
ELVUF,Elevate Uranium Ltd,0.166,5,9,8,1,5,2,5,35,-15.0,20.0,Broken,Avoid/exit,20,-7.7,1.0,-3.3,46.5,2,,Energy,77117728.0,48127.54
LMSQF,Latin Metals Inc,0.152,8,8,2,5,5,4,5,37,-20.0,20.0,Broken,Avoid/exit,26,-2.0,-4.7,-3.7,47.7,1,,Basic Materials,21640930.0,66835.48
SRSLF,Sorrento Resources Ltd.,0.157,13,5,4,11,4,0,5,42,-22.0,20.0,Broken,Avoid/exit,34,0.0,57.4,17.8,60.2,3,,Basic Materials,9623611.0,349.17
LUXFF,Luxxfolio Holdings Inc,0.152,4,8,5,10,3,4,4,38,-14.0,20.0,Broken,Avoid/exit,30,-13.3,3.5,-2.4,48.3,1,,Financial Services,5048042.0,13803.68
ANSCW,Agriculture & Natural Solutions Acquisition Corporation Warrant,0.185,6,12,2,2,4,2,2,30,-8.0,20.0,Broken,Avoid/exit,21,26.6,68.3,0.5,49.5,2,,nan,nan,0.0
SSACR,SPACSphere Acquisition Corp. Rights,0.16,5,12,4,0,8,2,2,33,-11.0,20.0,Broken,Avoid/exit,0,3.2,-2.5,1.0,51.9,1,,nan,nan,0.0
ECGFF,EcoGraf Limited,0.2,7,3,10,6,0,2,4,32,-15.0,20.0,Broken,Avoid/exit,31,0.0,0.0,-0.0,29.5,1,,Basic Materials,92310240.0,79.47
HYPRF,HydrogenPro AS,0.201,6,6,2,4,3,7,2,30,-15.0,20.0,Broken,🔥 COILED: Avoid/exit,33,0.0,0.0,-7.2,45.3,1,,Industrials,29333728.0,83.8
FRGGF,Forge Resources Corp.,0.228,6,5,1,10,4,2,2,30,-10.0,20.0,Broken,Avoid/exit,14,8.6,-1.7,-3.5,45.8,1,,Basic Materials,24802352.0,6326.2
MLTNF,Molten Metals Corp,0.2,5,4,9,6,0,2,4,30,-15.0,20.0,Broken,🔥 COILED: Avoid/exit,37,0.0,0.0,0.0,50.0,1,,Basic Materials,2600480.0,530.0
FGIWW,FGI Industries Ltd. Warrant,0.2,15,4,1,11,0,4,5,40,-20,20,Broken,Avoid/exit,46,809.1,412.8,-20.5,49.9,2,10,nan,nan,0.0
RHEPA,RHEPA,0.2,1,2,3,9,3,0,2,20,0.0,20.0,Broken,Avoid/exit,30,-14.9,-12.3,-8.2,28.6,0,,Healthcare,nan,274.2
AEON,"AEON Biopharma, Inc.",0.254,1,6,0,8,4,2,2,23,-3.0,20.0,Broken,Avoid/exit,9,-11.9,-28.9,-36.3,19.4,2,,Healthcare,11203089.0,501754.7
SVCCW,Stellar V Capital Corp. Warrant,0.28,12,11,3,9,8,0,5,48,-28,20,Broken,Avoid/exit,48,46.7,0.0,26.2,57.4,0,,nan,nan,0.0
FPRGF,Falco Resources Ltd,0.32,3,3,5,7,2,0,2,22,-5.0,20.0,Broken,Avoid/exit,50,-4.3,-10.4,-4.0,45.5,1,,Basic Materials,111973968.0,62494.52
MTMV,Motomova Inc.,0.3,5,3,10,5,3,2,4,32,-15.0,20.0,Broken,Avoid/exit,30,0.0,0.0,-0.0,0.0,1,,Technology,84153968.0,5.03
NEXR,Nexera Technologies Ltd.,0.336,6,11,3,3,3,2,2,30,-15.0,20.0,Broken,Avoid/exit,23,-11.2,-23.4,-29.4,35.8,1,,Consumer Cyclical,2058546.0,3526639.33
AEBZY,Anadolu Efes Biracilik ve Malt Sanayii AS ADR,0.38,11,6,4,0,1,2,4,28,-8.0,20.0,Broken,Avoid/exit,34,2.7,11.8,-0.3,49.1,2,,Consumer Defensive,2244079104.0,57286.0
CTSO,Cytosorbents Crp,0.37,3,13,5,1,4,0,2,28,-11.0,20.0,Broken,Avoid/exit,16,-6.1,-4.9,-3.9,43.6,1,,Healthcare,23251818.0,115691.04
SPRMF,SPRMF,0.393,7,8,6,10,2,4,3,40,-20.0,20.0,Broken,Avoid/exit,23,-4.4,10.1,-0.9,47.8,3,,Basic Materials,21918036.0,0.0
JDNRD,Jayden Resources Inc.,0.396,17,4,6,9,3,6,5,50,-30,20,Broken,Avoid/exit,54,0.0,56.4,21.2,87.7,3,,Basic Materials,2317075.0,83.78
LKTEF,LKTEF,0.403,7,3,6,3,3,1,4,27,-10.0,20.0,Broken,Avoid/exit,0,0.0,0.0,-0.0,0.0,0,,Industrials,549986240.0,0.0
APEUF,Atlas Engineered Products Ltd,0.419,5,4,2,8,3,0,3,25,-5.0,20.0,Broken,Avoid/exit,23,-8.3,0.0,-3.3,40.8,1,,Industrials,29539812.0,16591.35
EVGN,Evogene,0.494,7,4,2,11,0,4,5,33,-13.0,20.0,Broken,Avoid/exit,15,-7.1,3.0,-5.3,44.9,1,,Healthcare,5985654.0,705737.17
PCGC,PeakCart Group Corp.,0.46,4,3,1,9,2,4,2,25,-5.0,20.0,Broken,Avoid/exit,31,-23.3,-55.3,-44.1,44.9,1,,Industrials,46920.0,1273.71
SPMMF,Space-Communication Ltd,0.526,3,6,1,5,3,5,4,27,-10.0,20.0,Broken,Avoid/exit,23,0.0,0.0,-6.7,31.2,0,,Communication Services,50946900.0,211.3
SPMEF,South Pacific Metals Corp,0.51,11,3,2,10,3,0,5,34,-14.0,20.0,Broken,Avoid/exit,53,-13.7,-8.5,1.0,54.4,0,,Basic Materials,35268324.0,19611.26
SEGG,Lottery.com Inc.,0.582,2,3,6,8,0,4,2,25,-5.0,20.0,Broken,Avoid/exit,21,-21.2,-26.7,-25.5,31.0,1,,Consumer Cyclical,13279149.0,4489827.5
GBAT,Grayscale Basic Attention Token Trust,0.58,8,8,3,7,2,0,3,31,-11.0,20.0,Broken,Avoid/exit,37,-12.1,-5.8,-1.6,48.6,0,,nan,nan,23007.72
TACHW,Titan Acquisition Corp,0.55,12,10,2,10,8,0,5,47,-23,20,Broken,Avoid/exit,55,96.3,-13.4,21.0,54.1,0,5,nan,nan,26783.24
AAQL,Antiaging Quantum Living Inc.,0.61,1,6,2,12,3,3,2,29,-5.0,20.0,Broken,Avoid/exit,39,1.0,1.0,-6.0,36.7,1,,Consumer Cyclical,20907958.0,202.04
SOBR,Sobr Safe Inc,0.608,2,8,0,9,4,2,2,27,-5.0,20.0,Broken,Avoid/exit,23,-10.5,-48.1,-22.7,45.2,1,,Technology,1747511.0,5477696.9
SASKF,Atha Energy Corp.,0.7,4,6,9,4,2,4,3,32,-15.0,20.0,Broken,Avoid/exit,45,-3.1,-13.0,-4.6,43.5,1,,Energy,245086464.0,120418.05
CIGMF,CI Games S.A,0.694,6,3,6,2,3,3,4,27,-10.0,20.0,Broken,Avoid/exit,15,0.0,0.0,-1.1,2.7,0,,Communication Services,151864464.0,157.9
HBTPF,BetaPro Crude Oil Inverse Leveraged Daily Bear ETF,0.74,4,3,8,4,3,1,4,27,-10.0,20.0,Broken,Avoid/exit,22,0.0,0.0,-0.3,4.2,0,,nan,nan,1182.5
BGOPF,Bango plc,0.83,5,3,10,5,3,2,4,32,-15.0,20.0,Broken,Avoid/exit,24,0.0,0.0,-0.0,0.0,1,,Technology,63953844.0,142.67
DYLLF,Deep Yellow Ltd,0.92,5,6,6,3,1,3,5,29,-10.0,20.0,Broken,Avoid/exit,15,-1.5,-1.6,-3.2,47.8,0,,Energy,896001856.0,103633.65
NWRLY,New World Department Store China Ltd ADR,0.922,12,6,7,6,3,2,4,40,-23.0,20.0,Broken,Avoid/exit,48,0.0,0.0,0.0,99.1,0,,Consumer Cyclical,62198520.0,48.38
QSCGF,q.beyond AG,0.922,5,3,9,6,3,2,4,32,-15.0,20.0,Broken,Avoid/exit,24,0.0,0.0,-0.2,0.0,1,,Technology,19932718.0,0.0
GOTRF,Goliath Resources Limited,0.975,8,8,9,6,2,0,4,37,-15.0,20.0,Broken,Avoid/exit,26,-5.3,3.7,-0.3,48.0,1,,Basic Materials,172857008.0,163855.28
PLIXF,Prairie Lithium Limited,0.008,8,14,2,5,4,4,5,42,-23.0,19.0,Broken,Avoid/exit,53,-4.8,19.4,19.1,53.9,3,,Basic Materials,44642520.0,240585.13
SEHLF,Solargiga Energy Holdings Limited,0.01,5,3,5,5,3,6,4,31,-15.0,19.0,Broken,Avoid/exit,26,0.0,0.0,-0.0,1.3,1,,Technology,36893860.0,698.72
AJLGF,AJ Lucas Group Limited,0.009,10,3,11,6,3,2,4,39,-23.0,19.0,Broken,Avoid/exit,58,0.0,0.0,0.0,87.2,0,,Basic Materials,12106421.0,15388.15
BKUH,Bakhu Holdings Corp,0.001,5,3,9,5,3,2,4,31,-15.0,19.0,Broken,Avoid/exit,16,0.0,0.0,-0.4,0.0,1,,Healthcare,6026059.0,3.0
BBRRF,Blueberries Medical Corp,0.01,6,4,2,4,6,2,5,29,-10.0,19.0,Broken,Avoid/exit,39,-11.2,-25.9,-11.9,42.3,0,,Healthcare,3515139.0,25693.14
TSPG,TGI Solar Power Group Inc,0.002,0,3,3,9,0,2,2,19,0.0,19.0,Broken,Avoid/exit,25,-10.0,-18.2,-16.1,38.0,0,,Technology,3410072.0,648511.25
PSGR,Pershing Resources Company Inc,0.004,5,6,3,8,0,2,2,26,-3.0,19.0,Broken,Avoid/exit,14,0.0,2.5,-8.0,39.8,1,,Basic Materials,1803553.0,47775.11
NUGL,Coresource Strategies Inc,0.001,1,11,3,5,3,0,2,25,-6.0,19.0,Broken,Avoid/exit,18,-7.7,-20.0,-12.8,41.4,0,,Communication Services,1199733.0,2176993.01
LCHD,Leader Capital Holdings Corp,0.005,11,4,6,14,6,0,5,46,-23.0,19.0,Broken,Avoid/exit,25,0.0,4.2,1.9,55.1,1,,Technology,1193717.0,123982.47
IENT,iEntertainment Network Inc,0.007,16,6,5,10,4,3,2,46,-27,19,Broken,Avoid/exit,38,148.1,148.1,31.9,67.6,3,3,Communication Services,876829.0,1725.5
EAATF,Earthworks Industries Inc,0.005,3,6,4,3,3,3,4,26,-10.0,19.0,Broken,Avoid/exit,19,0.0,0.0,-16.1,7.8,0,,Industrials,723033.0,49553.7
ASDZF,Arctic Star Exploration Corp,0.001,3,8,5,0,3,3,2,24,-8.0,19.0,Broken,Avoid/exit,26,0.0,0.0,-28.6,47.2,0,,Basic Materials,334194.0,0.0
EXXBF,eXeBlock Technology Corporation,0.001,7,7,1,3,3,1,4,26,-10.0,19.0,Broken,Avoid/exit,23,0.0,0.0,-2.1,2.7,0,,Technology,123204.0,1305.52
VRSEF,Verisante Technology Inc,0.001,7,6,3,3,3,3,4,29,-10.0,19.0,Broken,Avoid/exit,14,0.0,0.0,-13.3,35.0,0,,Healthcare,48331.0,1731.26
KTTAW,Pasithea Therapeutics Corp. Warrant,0.009,5,11,3,4,8,2,2,35,-16.0,19.0,Broken,Avoid/exit,29,-4.1,-13.8,5.0,50.6,1,,nan,nan,0.0
QQQFF,Quizam Media Corporation,0.02,1,3,2,8,3,2,5,24,-5.0,19.0,Broken,Avoid/exit,29,-59.7,-59.7,-39.4,42.0,1,,Communication Services,3278421.0,1340.15
MSBM,MSB Global Capital Corp,0.011,6,3,4,3,3,3,4,26,-10.0,19.0,Broken,Avoid/exit,17,0.0,0.0,-1.7,1.5,0,,Financial Services,1066902.0,393.78
YOOIF,YANGAROO Inc,0.02,2,6,2,6,3,1,2,22,-8.0,19.0,Broken,🔥 COILED: Avoid/exit,19,0.0,0.0,-9.0,42.6,0,,Communication Services,953646.0,2277.5
INSSF,Inspire Semiconductor Holdings Inc.,0.011,8,7,7,2,3,1,4,32,-18.0,19.0,Broken,🔥 COILED: Avoid/exit,22,0.0,0.0,0.1,71.1,1,,Technology,794173.0,1850.9
CSOL,China Solar & Cln En,0.019,11,7,6,6,6,4,5,45,-26,19,Broken,Avoid/exit,30,163.9,26.7,73.0,68.2,3,3,Financial Services,541688.0,6315.02
CDTTW,Conduit Pharmaceuticals Inc.,0.011,9,8,2,3,8,0,2,32,-11.0,19.0,Broken,Avoid/exit,49,3.6,-11.6,-2.8,50.0,0,,nan,nan,29939.41
GXRFF,Prospera Energy Inc,0.029,10,14,7,4,4,4,5,48,-29,19,Broken,Avoid/exit,53,20.0,17.1,12.5,60.3,3,,Energy,15899511.0,213943.88
SRSSF,SRSSF,0.025,6,3,6,4,0,3,4,26,-10.0,19.0,Broken,Avoid/exit,11,0.0,0.0,-6.3,0.0,0,,Basic Materials,13289659.0,852.5
SPARF,Spark Energy Minerals Inc.,0.027,5,4,2,8,0,0,5,24,-5.0,19.0,Broken,Avoid/exit,23,-21.2,9.3,-7.4,46.4,2,,Basic Materials,5565875.0,17217.47
AIMH,AimRite Holdings Corp,0.024,4,12,3,4,5,2,5,35,-16.0,19.0,Broken,Avoid/exit,28,-12.7,9.1,-0.1,49.8,1,,Financial Services,3202696.0,43783.63
GGXXF,GGX Gold Corp,0.028,1,5,7,4,3,2,2,24,-8.0,19.0,Broken,Avoid/exit,25,0.0,-35.2,-18.2,42.6,0,,Basic Materials,1075042.0,0.0
SLXNW,Biomotion Sciences Warrant,0.03,9,5,0,4,2,5,4,29,-10.0,19.0,Broken,Avoid/exit,25,20.0,-1.3,-10.9,48.9,0,,nan,nan,67001.82
ARYMF,Argosy Minerals Limited,0.031,3,5,7,5,3,2,2,27,-8.0,19.0,Broken,Avoid/exit,26,-8.3,-11.7,-9.9,41.9,0,,Basic Materials,47847288.0,30673.22
DWAY,DriveItAway Inc,0.04,11,6,6,8,2,3,5,41,-20.0,19.0,Broken,Avoid/exit,27,7.0,33.3,7.4,51.7,3,,Industrials,5756073.0,22833.24
RMTO,RM2 International Inc.,0.04,13,8,5,9,6,3,5,49,-30.0,19.0,Broken,Avoid/exit,39,33.3,33.3,12.7,57.2,3,,Industrials,2705495.0,8853.79
RAFA,Rafarma Pharmaceuticals Inc,0.035,4,7,3,5,4,4,5,32,-13.0,19.0,Broken,Avoid/exit,26,0.0,-12.5,-1.0,47.6,1,,Healthcare,1851883.0,16823.5
CHMJF,Chemistree Technology Inc,0.032,14,9,6,13,3,3,5,53,-30,19,Broken,Avoid/exit,23,39.1,39.1,32.2,81.2,3,,Financial Services,958543.0,221.07
PFSF,Pacific Software Inc,0.041,0,4,4,7,2,0,2,19,0.0,19.0,Broken,Avoid/exit,34,-10.9,-31.7,-16.7,44.5,0,,Healthcare,35578544.0,0.0
BVLDF,Bold Ventures Inc,0.05,6,14,1,3,4,2,2,32,-13.0,19.0,Broken,Avoid/exit,47,-5.7,-16.5,-2.1,47.8,1,,Basic Materials,5271199.0,7306.65
APCXW,AppTech Payments Corp. Warrant,0.05,3,10,0,12,3,4,2,34,-20,19,Broken,Avoid/exit,21,100.0,85.9,-29.4,46.7,3,10,nan,nan,0.0
GSTX,Graphene & Solar Technologies Limited,0.054,5,1,2,8,3,0,2,21,2.0,19.0,Broken,Avoid/exit,39,-46.5,-39.9,-38.8,38.8,0,,Technology,70726800.0,10777.6
GNYPF,Masivo Silver Corp,0.06,0,3,7,9,0,2,2,23,-5.0,19.0,Broken,Avoid/exit,24,-2.1,-15.3,-8.7,33.0,1,,Basic Materials,4807207.0,81298.27
RADLF,Radial Research Corp.,0.059,4,4,1,5,3,3,4,24,-10.0,19.0,Broken,🔥 COILED: Avoid/exit,33,0.0,0.0,-13.1,47.8,0,,Technology,1201321.0,320.9
COSG,Cosmos Group Holdings Inc,0.055,6,4,9,5,3,0,2,29,-10.0,19.0,Broken,Avoid/exit,26,-4.3,-15.4,-7.2,40.8,0,,Financial Services,39647.0,1816.64
AITLF,Airtificial Intelligence Structures S.A,0.07,4,3,10,6,3,1,4,31,-15.0,19.0,Broken,Avoid/exit,14,0.0,0.0,-0.4,3.7,1,,Industrials,108286544.0,293.0
LDXHF,Lumos Diagnostics Holdings Limited,0.069,4,12,5,2,3,2,2,30,-11.0,19.0,Broken,Avoid/exit,26,19.8,-1.0,0.2,48.0,2,,Healthcare,65192604.0,44742.03
NOUMF,Noumi Limited,0.07,12,6,11,6,3,2,4,44,-28.0,19.0,Broken,Avoid/exit,48,0.0,0.0,0.0,100.0,1,,Consumer Defensive,19397652.0,5.0
BTOW,GTFN Holdings Inc,0.07,12,6,11,6,3,2,4,44,-28.0,19.0,Broken,Avoid/exit,37,0.0,0.0,0.0,99.9,1,,Industrials,14935187.0,97.5
KUBR,Kuber Resources Corporation,0.061,4,6,3,5,3,4,2,27,-8.0,19.0,Broken,Avoid/exit,20,0.0,-39.0,-65.8,39.2,0,,Industrials,9610960.0,9810.34
FRFLF,FRNT Financial Inc.,0.07,0,1,5,10,3,0,2,21,-5.0,19.0,Broken,Avoid/exit,23,-14.2,-14.2,-9.7,34.4,2,,Financial Services,2552754.0,2873.16
ZICX,Zicix Corp,0.069,3,2,8,5,3,3,5,29,-10.0,19.0,Broken,Avoid/exit,17,0.0,0.0,-48.2,37.0,0,,Technology,877342.0,0.0
BBIXF,Bonus BioGroup Ltd,0.095,6,3,3,7,1,2,2,24,-5.0,19.0,Broken,Avoid/exit,34,0.0,-13.6,-8.2,7.2,1,,Healthcare,110952896.0,1319.62
WGELF,WGELF,0.096,12,6,11,6,3,2,4,44,-28.0,19.0,Broken,Avoid/exit,52,0.0,0.0,0.0,98.7,1,,Basic Materials,4088851.0,0.0
PJXRF,PJX Resources Inc,0.135,10,11,3,3,8,0,5,40,-21.0,19.0,Broken,Avoid/exit,67,5.5,-6.8,2.7,53.6,1,,Basic Materials,25873632.0,25246.46
PRKR,ParkerVision Inc,0.1,2,6,3,8,3,0,2,24,-8.0,19.0,Broken,Avoid/exit,13,-9.1,-6.5,-9.9,41.7,2,,Technology,13299089.0,136593.33
SEQP,Santana Equestrian Private Financial LLC,0.11,7,6,3,2,3,0,5,26,-10.0,19.0,Broken,Avoid/exit,32,0.0,17.1,-0.1,50.2,2,,Industrials,6588538.0,504.4
TRRFF,Trifecta Gold Ltd,0.133,3,8,5,2,4,3,2,27,-8.0,19.0,Broken,Avoid/exit,24,4.2,4.1,-0.1,46.1,1,,Basic Materials,6363409.0,39027.75
CNRCF,CNRCF,0.144,8,4,4,5,3,5,5,34,-15.0,19.0,Broken,Avoid/exit,31,3.0,3.0,3.6,52.1,1,,Basic Materials,1827598.0,8999.38
RDZNW,Roadzen Inc,0.12,2,8,3,11,4,2,2,32,-11.0,19.0,Broken,Avoid/exit,31,0.0,13.9,-3.5,48.0,3,,nan,nan,23110.51
AMFN,American Fusion Inc.,0.155,18,5,5,14,1,1,5,49,-30,19,Broken,Avoid/exit,0,18.3,108.6,25.1,62.1,3,,Basic Materials,457994176.0,0.0
KBSUF,Prime US REIT,0.172,7,3,6,2,3,1,4,26,-10.0,19.0,Broken,Avoid/exit,15,0.0,0.0,-0.1,0.0,0,,Real Estate,247386544.0,447.25
JROOF,Jericho Oil Corp,0.16,15,13,4,0,9,4,2,47,-28,19,Broken,Avoid/exit,65,26.9,28.3,8.7,56.6,4,,Energy,53831044.0,110291.84
KCCFF,Kutcho Copper Corp,0.183,6,7,3,12,0,2,2,32,-13.0,19.0,Broken,Avoid/exit,18,1.7,-3.9,-5.9,42.8,1,,Basic Materials,35085804.0,75422.99
GECSF,Global Education Communities Corp.,0.192,3,15,1,6,3,2,2,32,-13.0,19.0,Broken,Avoid/exit,20,0.0,1.3,-2.1,44.4,1,,Consumer Defensive,15344017.0,2770.98
GRSLF,GR Silver Mining Ltd,0.213,3,9,9,3,2,2,3,31,-15.0,19.0,Broken,Avoid/exit,28,-7.9,-0.6,-2.9,45.2,1,,Basic Materials,108284616.0,820207.32
BAERW,"Bridger Aerospace Group Holdings, Inc. Warrant",0.242,6,8,0,6,0,7,2,29,-10.0,19.0,Broken,Avoid/exit,26,1.3,-3.2,-23.7,44.0,0,,nan,nan,79779.4
SRCGF,Spruce Ridge Resources Ltd,0.26,5,10,9,1,4,0,3,32,-13.0,19.0,Broken,Avoid/exit,32,-3.6,4.1,-2.5,45.9,0,,Basic Materials,60134344.0,110787.96
VACBF,Nykode Therapeutics AS,0.321,5,7,2,5,3,3,4,29,-15.0,19.0,Broken,🔥 COILED: Avoid/exit,34,0.0,0.0,-1.0,41.7,1,,Healthcare,189432432.0,160.39
ALDFW,Aldel Financial II Inc. Warrants,0.33,6,6,3,3,6,2,3,29,-10.0,19.0,Broken,Avoid/exit,30,-2.9,-2.9,-0.4,49.4,0,,nan,nan,12679.91
JDSEF,Jadestone Energy plc,0.38,6,1,2,8,0,4,3,24,-5.0,19.0,Broken,Avoid/exit,50,0.0,-1.3,-0.7,3.3,1,,Energy,209797712.0,7167.25
OTCFF,Ocumetics Technology Corp,0.353,8,6,1,11,1,7,5,39,-20.0,19.0,Broken,Avoid/exit,40,-0.2,13.9,-0.0,49.4,3,,Healthcare,45923904.0,6135.55
GAME,GameSquare Holdings Inc.,0.358,7,10,4,5,2,4,2,34,-15.0,19.0,Broken,Avoid/exit,39,-15.0,1.0,-4.1,46.1,1,,Communication Services,36940920.0,3424879.98
EMGDF,Eminent Gold Corp,0.358,7,12,4,2,3,2,5,35,-16.0,19.0,Broken,Avoid/exit,26,-3.3,-10.6,1.0,50.9,1,,Basic Materials,30125086.0,55833.65
ILLMF,illumin Holdings Inc.,0.382,6,5,0,8,1,2,2,24,-5.0,19.0,Broken,Avoid/exit,11,-9.9,-16.4,-14.2,36.1,1,,Communication Services,22805164.0,16121.04
SNHO,Shonghoya Intl Group Inc,0.424,15,4,8,7,6,4,5,49,-30,19,Broken,Avoid/exit,44,0.0,223.4,32.3,88.7,3,,Financial Services,10985246.0,244.43
KNRX,KNOREX LTD.,0.478,5,11,11,11,3,2,4,47,-26.0,19.0,Broken,Avoid/exit,24,27.7,13.7,11.3,54.8,4,,Technology,14530079.0,709824.54
NTXVF,Nexteer Automotive Group Limited,0.511,3,4,8,3,3,3,2,26,-10.0,19.0,Broken,Avoid/exit,18,0.0,0.0,-5.2,29.0,0,,Consumer Cyclical,2261809152.0,0.0
BBBXF,Brixton Metals Corporation,0.502,14,11,3,9,2,0,5,44,-23.0,19.0,Broken,Avoid/exit,40,-12.0,28.0,4.1,53.5,3,,Basic Materials,37221056.0,94861.95
MYPS,Playstudios Inc,0.598,6,8,1,9,5,0,5,34,-15.0,19.0,Broken,Avoid/exit,48,-21.6,-18.3,-10.2,43.2,1,,Communication Services,76911416.0,499207.08
RBLK,"Related Blocks, Inc.",0.6,3,3,8,5,3,3,4,29,-10.0,19.0,Broken,Avoid/exit,23,0.0,0.0,-7.3,38.5,0,,Technology,357362.0,378.02
CTRGF,Country Garden Services Holdings Co Ltd,0.725,5,3,4,5,3,2,4,26,-10.0,19.0,Broken,Avoid/exit,19,0.0,0.0,-0.0,0.0,0,,Real Estate,2660597760.0,11.35
AKBIF,Akebono Brake Industry Co. Ltd,0.724,12,6,11,6,3,2,4,44,-28.0,19.0,Broken,Avoid/exit,51,0.0,0.0,0.0,100.0,1,,Consumer Cyclical,215922624.0,22.0
CMETF,Power Nickel Inc,0.726,5,6,8,3,2,4,3,31,-15.0,19.0,Broken,Avoid/exit,14,-2.2,-1.3,-3.9,42.0,1,,Basic Materials,31656294.0,273851.19
LAB,Standard Biotools Inc,0.795,0,8,3,9,2,0,5,27,-8.0,19.0,Broken,Avoid/exit,12,-9.7,-5.4,-6.4,43.5,1,,Healthcare,311095584.0,2480473.69
NMYSF,NamSys Inc,0.75,6,4,4,5,3,5,2,29,-10.0,19.0,Broken,Avoid/exit,14,0.0,0.0,-2.4,25.1,0,,Technology,20138948.0,0.0
FABFF,FABFF,0.835,7,5,1,5,3,1,4,26,-10.0,19.0,Broken,Avoid/exit,35,0.0,0.0,-0.7,48.4,0,,Basic Materials,10857041.0,111.68
JF,J and Friends Holdings Limited,0.86,1,10,0,7,2,2,2,24,-3.0,19.0,Broken,Avoid/exit,23,0.0,-12.2,-8.1,36.9,2,,Financial Services,15772533.0,38643.3
ZPTA,Zapata Computing Holdings Inc. Common Stock,0.93,5,11,5,0,4,0,2,27,-6.0,19.0,Broken,Avoid/exit,46,-7.0,-14.3,-7.7,44.5,1,,Technology,174136464.0,185834.89
OGI,OrganiGram Holdings Inc,0.949,6,12,6,3,4,2,2,35,-16.0,19.0,Broken,Avoid/exit,17,0.4,6.6,0.1,46.5,2,,Healthcare,133553264.0,756416.0
ELAB,"Elevai Labs, Inc. Common Stock",0.946,4,10,7,3,4,2,2,32,-13.0,19.0,Broken,Avoid/exit,21,-9.9,-15.6,-13.3,34.4,2,,Healthcare,4297479.0,3267958.06
CEBTF,Citychamp Watch & Jewellery Group Limited,0.01,5,3,10,6,3,2,4,33,-15.0,18.0,Broken,Avoid/exit,22,0.0,0.0,-0.0,2.5,1,,Consumer Cyclical,47435584.0,492.21
RPNRF,Rapid Nutrition PLC,0.01,4,3,10,4,3,2,4,30,-15.0,18.0,Broken,Avoid/exit,29,0.0,0.0,-93.4,19.6,1,,Consumer Defensive,4749340.0,0.0
ZTLLF,Zonetail Inc,0.01,4,3,3,6,3,7,2,28,-10.0,18.0,Broken,Avoid/exit,31,0.0,0.0,-1.0,0.0,0,,Technology,3054196.0,683.02
CEOS,CeCors Inc,0.007,9,3,3,5,3,2,5,30,-15.0,18.0,Broken,Avoid/exit,56,-12.8,-21.8,-4.3,48.6,1,,Healthcare,2207213.0,144243.36
RLLVF,Relevium Technologies Inc,0.006,2,4,10,6,0,2,4,28,-15.0,18.0,Broken,🔥 COILED: Avoid/exit,29,0.0,0.0,0.0,50.0,1,,Healthcare,1976954.0,1.72
CDMNF,Canadian Manganese Company Inc.,0.01,8,7,7,2,3,1,4,32,-17.0,18.0,Broken,Avoid/exit,29,0.0,0.0,0.0,61.8,1,,Basic Materials,1460882.0,3260.94
FUNFF,FansUnite Entertainment Inc,0.001,6,11,9,0,3,2,5,36,-18,18,Broken,Avoid/exit,26,175.0,120.0,53.7,53.6,3,8,Consumer Cyclical,791027.0,118934.35
SLMFF,Solis Minerals Ltd,0.002,6,3,10,5,0,2,4,30,-15.0,18.0,Broken,Avoid/exit,23,0.0,0.0,-0.4,19.7,1,,Basic Materials,277922.0,2374.42
WNBD,Winning Brands Corp,0.005,8,7,4,5,3,2,2,31,-13.0,18.0,Broken,Avoid/exit,35,14.3,-21.3,-0.4,49.9,1,,Consumer Defensive,35179.0,0.0
PKBFF,PeakBirch Logic Inc,0.003,2,4,10,6,0,2,4,28,-15.0,18.0,Broken,🔥 COILED: Avoid/exit,28,0.0,0.0,0.0,50.0,1,,Healthcare,24976.0,0.0
CHMN,Chester Mining Company,0.006,9,6,11,6,0,2,4,38,-23.0,18.0,Broken,Avoid/exit,51,0.0,0.0,0.0,100.0,0,,Basic Materials,nan,69.61
ABPWW,Abpro Holdings Inc,0.003,4,6,3,6,2,2,5,28,-8.0,18.0,Broken,Avoid/exit,27,-23.5,18.2,-24.8,40.6,2,,nan,nan,0.0
DGGXF,DigitalX Limited,0.013,1,4,9,5,6,1,2,28,-10.0,18.0,Broken,Avoid/exit,32,-0.7,-4.3,-2.2,47.2,0,,Technology,29770216.0,30723.41
PTMLF,PTMLF,0.014,5,3,9,5,3,1,4,30,-15.0,18.0,Broken,Avoid/exit,15,0.0,0.0,-0.4,0.2,1,,Basic Materials,14241285.0,0.0
CGTRF,GT Resources Inc.,0.018,4,7,6,5,2,2,2,28,-10.0,18.0,Broken,Avoid/exit,29,0.0,-5.3,-1.5,46.6,0,,Basic Materials,7004119.0,79422.48
CVSI,CV Sciences Inc,0.02,8,8,5,4,3,1,4,33,-11.0,18.0,Broken,Avoid/exit,13,0.0,0.0,-3.3,40.2,1,,Healthcare,4079550.0,819481.48
MCFNF,MCF Energy Ltd.,0.011,5,14,3,0,3,6,2,33,-13.0,18.0,Broken,Avoid/exit,17,-5.2,2.8,-6.2,42.8,2,,Energy,3406829.0,124959.83
FZMD,Fuse Medical Inc,0.02,1,2,2,8,3,2,4,22,0.0,18.0,Broken,Avoid/exit,18,0.0,-33.3,-8.9,38.0,0,,Healthcare,2150367.0,7059.82
PTCO,PetroGas Co,0.015,6,7,4,6,3,0,2,28,-10.0,18.0,Broken,Avoid/exit,14,-21.1,15.4,-18.9,37.6,2,,Energy,404741.0,14571.82
TNBI,Tanke Biosciences Corporation,0.02,5,3,10,4,3,1,4,30,-15.0,18.0,Broken,Avoid/exit,19,0.0,0.0,-0.4,7.2,1,,Financial Services,384510.0,3288.1
CWPE,CW Petroleum Corp,0.016,4,8,7,2,3,2,2,28,-10.0,18.0,Broken,Avoid/exit,36,0.0,23.1,2.6,50.0,2,,Energy,291796.0,18391.47
AERTW,Aeries Technology Inc.,0.02,8,10,3,2,7,0,4,34,-16.0,18.0,Broken,Avoid/exit,32,0.0,0.0,-2.2,48.2,0,,nan,nan,0.0
HPAIW,Helport AI Limited Warrants,0.02,1,2,0,7,4,2,2,18,0.0,18.0,Broken,Avoid/exit,14,-3.8,-84.0,-73.1,40.6,0,,nan,nan,16570.37
ALURW,Allurion Technologies Inc.,0.017,13,9,3,2,1,5,5,38,-18,18,Broken,Avoid/exit,0,248.0,39.2,31.5,52.5,2,10,nan,nan,0.0
GABA,Georgia Bancshares Inc,0.03,3,5,6,6,4,2,2,28,-10.0,18.0,Broken,Avoid/exit,29,-5.0,-5.0,-7.9,38.7,1,,Financial Services,44655480.0,3526741.28
ARTM,American Nortel Communications Inc,0.027,3,5,0,9,0,4,2,23,-5.0,18.0,Broken,Avoid/exit,22,-29.5,-25.0,-32.1,40.0,1,,Communication Services,3011329.0,18149.29
BZFDW,BuzzFeed,0.024,7,12,4,4,3,2,4,36,-26,18,Broken,Avoid/exit,40,38.2,18.1,21.0,54.3,3,,nan,nan,39978.49
NRSAF,Norse Atlantic ASA,0.037,3,3,3,7,3,2,2,23,-5.0,18.0,Broken,Avoid/exit,22,-14.6,-14.6,-22.5,18.4,1,,Industrials,212986480.0,5929.62
AKEMF,Alaska Energy Metals Corporation,0.04,8,6,7,4,2,2,4,33,-15.0,18.0,Broken,Avoid/exit,12,0.0,0.0,-1.0,30.0,1,,Basic Materials,9718578.0,485396.5
FRTCF,Far East Consortium International Limited,0.049,5,3,10,6,0,2,4,30,-15.0,18.0,Broken,Avoid/exit,26,0.0,0.0,-0.0,0.0,1,,Real Estate,189354608.0,0.0
TMPPF,Times China Holdings Limited,0.05,2,4,10,6,0,2,4,28,-15.0,18.0,Broken,🔥 COILED: Avoid/exit,29,0.0,0.0,0.0,50.0,1,,Real Estate,149618384.0,300.0
COSRF,Cosigo Resources Ltd.,0.048,4,10,1,0,3,2,4,24,-6.0,18.0,Broken,Avoid/exit,25,13.6,-5.0,-1.3,47.1,0,,Basic Materials,6604233.0,10362.79
KRTL,KRTL Holding Group Inc,0.042,1,3,1,8,1,2,2,18,0.0,18.0,Broken,Avoid/exit,28,-2.3,-23.5,-21.6,40.9,0,,Industrials,3801031.0,44440.23
IRIG,Integrated Drilling Equipment Holdings Corp,0.05,2,4,10,6,0,2,4,28,-15.0,18.0,Broken,🔥 COILED: Avoid/exit,29,0.0,0.0,0.0,50.0,1,,Energy,440495.0,207.6
IMCI,"Infinite Group, Inc. Common Stock",0.045,5,3,10,6,0,2,4,30,-15.0,18.0,Broken,Avoid/exit,17,0.0,0.0,-0.3,36.6,1,,Technology,23452.0,478.22
ANORF,ANORF,0.06,5,9,2,3,5,2,2,28,-10.0,18.0,Broken,Avoid/exit,46,20.0,-14.3,-9.6,41.8,0,,Basic Materials,11098359.0,22153.0
AENRF,AENRF,0.07,0,5,0,9,0,0,2,16,2.0,18.0,Broken,Avoid/exit,0,-46.2,-45.2,-33.4,42.2,0,,nan,nan,0.0
GSNC,Global eScience Corp,0.09,2,4,10,6,0,2,4,28,-15.0,18.0,Broken,🔥 COILED: Avoid/exit,29,0.0,0.0,0.0,50.0,1,,Communication Services,2878200.0,40.5
BCTXZ,BriaCell Therapeutics Corp. Warrant,0.09,7,7,5,5,5,4,5,38,-20.0,18.0,Broken,Avoid/exit,37,-9.9,-9.9,-5.8,43.7,0,,nan,nan,60626.57
ADRGF,Mene Inc,0.119,2,11,4,6,3,0,2,28,-10.0,18.0,Broken,Avoid/exit,22,-2.5,0.8,-4.9,41.4,1,,Other,96446488.0,28355.0
MENEF,Mene Inc,0.119,2,11,4,6,3,0,2,28,-10.0,18.0,Broken,Avoid/exit,23,-2.5,0.8,-4.9,41.4,1,,Consumer Cyclical,31146888.0,39936.43
NICLF,Class 1 Nickel and Technologies Limited,0.11,7,5,6,5,4,1,2,30,-15.0,18.0,Broken,Avoid/exit,39,0.0,0.0,-1.7,43.7,1,,Basic Materials,23733550.0,14243.5
RMETF,Rackla Metals Inc,0.1,9,8,3,8,3,6,2,39,-21,18,Broken,Avoid/exit,29,61.3,10.5,6.7,51.3,3,9,Basic Materials,16644995.0,133761.54
NRIS,Norris Industries Inc,0.131,4,3,7,2,3,7,4,30,-15.0,18.0,Broken,Avoid/exit,35,0.0,0.0,-2.0,34.4,1,,Energy,14191010.0,584.16
ELMSQ,"Electric Last Mile Solutions, Inc.",0.11,2,5,8,6,7,0,2,30,-10.0,18.0,Broken,Avoid/exit,27,-4.3,-15.4,-8.0,47.2,1,,Consumer Cyclical,12774844.0,7140.26
AIEV,"Thunder Power Holdings, Inc.",0.112,4,12,3,5,3,4,2,33,-15.0,18.0,Broken,Avoid/exit,22,-4.3,-13.8,-11.7,43.1,2,,Consumer Cyclical,11490913.0,17093.8
SGNI,StemGen Inc,0.1,2,4,10,6,0,2,4,28,-15.0,18.0,Broken,🔥 COILED: Avoid/exit,33,0.0,0.0,0.0,50.0,1,,Communication Services,4567106.0,0.12
PSYGF,Psyence Group Inc,0.127,9,6,11,6,3,4,4,43,-28.0,18.0,Broken,Avoid/exit,45,0.0,0.0,0.0,94.3,1,,Healthcare,2248439.0,6.83
YNGFF,Veris Gold Corp,0.168,5,10,3,5,3,3,2,31,-13.0,18.0,Broken,Avoid/exit,37,3.9,3.9,-0.6,42.6,1,,Financial Services,583671552.0,4015.58
CXOXF,Core Lithium Ltd,0.163,1,4,3,8,3,2,2,23,-5.0,18.0,Broken,Avoid/exit,34,0.5,-11.9,-7.8,38.1,1,,Basic Materials,527598656.0,27533.18
SRLZF,Salazar Resources Limited,0.193,18,8,2,5,5,6,4,48,-30.0,18.0,Broken,Avoid/exit,64,13.7,13.7,8.1,56.2,3,,Basic Materials,51496020.0,39184.77
LVGLF,Lake Victoria Gold Ltd,0.172,0,3,9,9,0,0,2,23,-5.0,18.0,Broken,Avoid/exit,18,-6.4,-9.2,-7.0,38.1,1,,Basic Materials,36806896.0,222342.69
UUUFD,Uranium One Mining Corp,0.171,6,4,7,8,0,0,2,27,-9.0,18.0,Broken,Avoid/exit,23,-13.9,-12.2,-14.3,39.3,1,,Energy,7510913.0,164609.67
SDHIR,Siddhi Acquisition Corp Right,0.18,0,6,0,10,3,0,2,21,1.0,18.0,Broken,Avoid/exit,12,-10.0,-12.9,-9.1,45.5,1,,nan,nan,0.0
IRHOR,Iron Horse Acquisitions Corp. II Rights,0.18,9,9,2,3,8,0,2,33,-16.0,18.0,Broken,Avoid/exit,0,-5.3,-10.0,-2.3,49.1,1,,nan,nan,0.0
CECAF,CanAsia Energy Corp.,0.21,15,5,8,4,4,4,5,45,-27.0,18.0,Broken,Avoid/exit,46,5.0,5.0,5.0,60.0,1,,Energy,22558782.0,21481.35
SSHPF,Vow ASA,0.264,10,6,11,4,6,2,4,43,-28.0,18.0,Broken,Avoid/exit,41,0.0,0.0,0.0,82.0,1,,Industrials,75507168.0,1775.0
TERS,Tersis Technologies Inc.,0.29,18,6,4,9,5,0,5,47,-29,18,Broken,Avoid/exit,64,-9.4,65.7,39.0,66.1,3,,Industrials,22251860.0,8635.79
ARRRF,Ardea Resources Limited,0.316,7,12,3,8,4,2,5,41,-23.0,18.0,Broken,Avoid/exit,23,13.0,24.6,15.3,52.3,4,,Basic Materials,65914236.0,9730.95
ZMDTF,Zoomd Technologies Ltd,0.333,3,7,4,6,4,4,2,30,-13.0,18.0,Broken,Avoid/exit,18,-0.6,-3.5,-3.1,44.3,0,,Communication Services,33564520.0,90364.52
BFGFD,Copper One Resources Corp.,0.344,7,9,2,3,4,2,2,29,-11.0,18.0,Broken,Avoid/exit,38,-1.5,-17.1,-7.9,40.3,1,,Basic Materials,10180172.0,119993.96
FEED,ENvue Medical Inc.,0.343,3,3,4,9,0,2,2,23,-5.0,18.0,Broken,Avoid/exit,19,-3.7,-26.0,-24.9,26.2,1,,Healthcare,2088282.0,4194498.49
TDGGF,TDGGF,0.312,3,11,9,0,4,2,2,31,-13.0,18.0,Broken,Avoid/exit,23,-0.0,0.6,-3.1,37.4,0,,nan,nan,26579.59
BMKDF,BioMark Diagnostics Inc,0.383,6,7,5,5,3,1,3,30,-15.0,18.0,Broken,Avoid/exit,42,-2.9,6.0,-1.5,43.2,1,,Healthcare,40205416.0,4209.48
HAFG,Holistic Asset Finance Group Co. Ltd,0.35,6,8,4,3,4,3,4,32,-10.0,18.0,Broken,Avoid/exit,24,0.0,0.0,-1.2,43.6,0,,Communication Services,25979864.0,394.64
GLIOF,Gold Lion Resources Inc,0.362,15,4,6,14,4,0,5,48,-30,18,Broken,Avoid/exit,63,0.0,93.6,28.3,85.4,3,,Basic Materials,3948180.0,271.01
SATLW,Satellogic Inc. Warrant,0.37,1,6,2,8,4,0,2,23,-5.0,18.0,Broken,Avoid/exit,14,-7.5,-41.3,-40.4,41.2,1,,nan,nan,68365.93
AGXPF,Silver X Mining Corp,0.447,6,6,9,6,2,1,3,33,-15.0,18.0,Broken,Avoid/exit,29,-7.9,-0.7,-2.4,46.3,1,,Basic Materials,127956400.0,527994.67
TRJNF,TRJNF,0.4,5,3,10,6,0,2,4,30,-15.0,18.0,Broken,Avoid/exit,33,0.0,0.0,-0.0,0.0,1,,Healthcare,61145452.0,450.0
PBSV,Pharma-Bio Serv Inc,0.42,0,2,1,8,3,2,2,18,0.0,18.0,Broken,Avoid/exit,9,-16.0,-27.6,-18.9,28.5,0,,Healthcare,13282981.0,0.0
HXHX,Haoxin Holdings Limited Class A Ordinary Shares,0.421,3,4,4,10,0,0,5,26,-8.0,18.0,Broken,Avoid/exit,25,-22.5,-26.0,-17.1,37.1,0,,Industrials,5791500.0,2936200.82
FLD,"Fold Holdings, Inc. Class A Common Stock",0.45,6,10,7,4,2,2,2,33,-15.0,18.0,Broken,Avoid/exit,18,2.3,4.9,-5.3,40.7,1,,Financial Services,22852508.0,813496.56
PAASF,Pan American Silver Corp.,0.505,5,11,4,0,4,2,2,28,-10.0,18.0,Broken,Avoid/exit,22,0.7,1.0,-5.0,35.5,0,,nan,nan,230803.6
NICMF,Nickel Mines Limited,0.611,3,3,5,6,3,3,5,28,-15.0,18.0,Broken,🔥 COILED: Avoid/exit,25,0.0,-4.1,-2.2,41.9,1,,Basic Materials,3213032704.0,3919.85
DUO,Fangdd Network Group Ltd,0.607,6,9,3,5,4,4,2,33,-13.0,18.0,Broken,Avoid/exit,18,6.5,-1.3,-5.7,40.2,1,,Real Estate,23406596.0,179033.62
LOECF,Logan Energy Corp.,0.691,15,5,4,4,3,1,5,37,-19.0,18.0,Broken,Avoid/exit,44,-1.9,5.1,2.6,56.4,0,,Energy,502845056.0,81169.17
KNGRF,Kingsmen Resources Ltd,0.692,4,3,6,8,0,0,2,23,-5.0,18.0,Broken,Avoid/exit,13,-5.2,-7.8,-6.8,42.5,1,,Basic Materials,25533276.0,36705.65
GIPR,Generation Income Properties Inc,0.696,9,9,2,3,6,4,5,38,-18.0,18.0,Broken,Avoid/exit,50,-31.1,-45.6,-4.9,51.2,2,,Real Estate,579752.0,401900.62
CALC,"CalciMedica, Inc. Common Stock",0.718,2,12,2,5,6,2,2,31,-11.0,18.0,Broken,Avoid/exit,32,1.1,-3.5,-7.8,44.3,1,,Healthcare,11339827.0,822358.84
MCRPF,MicroPort Scientific Corporation,0.852,3,3,9,5,3,3,4,30,-15.0,18.0,Broken,Avoid/exit,11,0.0,0.0,-2.0,0.1,1,,Healthcare,3003057920.0,295.0
NRDY,Nerdy Inc,0.865,2,11,2,3,9,4,2,33,-13.0,18.0,Broken,Avoid/exit,39,3.0,-1.3,-0.1,49.1,2,,Technology,165018080.0,799535.57
TMCXX,BlackRock Liquidity Funds - TempCash,1.0,3,5,2,6,3,2,4,25,-10.0,18.0,Broken,Avoid/exit,36,0.0,0.0,-0.0,40.8,0,,nan,nan,0.0
VCBDD,"Vitalibis, Inc.",0.13,12,5,3,9,3,1,5,38,-23.8,17.2,Broken,Avoid/exit,36,0.0,185.7,21.0,55.2,3,,Financial Services,42862.0,594.9
RLLCF,Rolls-Royce Holdings plc,0.002,8,9,2,0,2,2,4,27,-8.0,17.0,Broken,Avoid/exit,19,7.1,0.0,-2.8,48.2,0,,Industrials,63222030336.0,1488616.13
RBRI,RBR Global Inc,0.009,4,3,4,5,3,1,4,24,-10.0,17.0,Broken,Avoid/exit,14,0.0,0.0,-23.2,0.0,0,,Financial Services,27933454.0,42.0
PTEL,Pegasus Tel Inc,0.004,5,10,8,2,3,2,2,32,-13.0,17.0,Broken,Avoid/exit,21,2.8,2.8,-1.9,47.1,2,,Financial Services,11879304.0,1144463.17
STGDF,Stone Gold Inc.,0.003,3,4,2,5,3,3,4,24,-10.0,17.0,Broken,Avoid/exit,16,0.0,0.0,-66.8,43.1,0,,Basic Materials,10151327.0,927.68
IRNRF,Iron Road Limited,0.01,5,3,9,4,3,1,4,29,-15.0,17.0,Broken,Avoid/exit,19,0.0,0.0,-0.3,0.0,1,,Basic Materials,8653986.0,1086.23
GFMH,Goliath Film and Media Holdings,0.004,1,4,8,6,3,0,2,24,-10.0,17.0,Broken,Avoid/exit,32,0.0,-12.5,-7.5,44.0,0,,Communication Services,486377.0,5471.44
CWLK,"Starstream Entertainment, Inc.",0.002,1,5,1,8,3,2,2,22,-5.0,17.0,Broken,Avoid/exit,24,0.0,0.0,-18.2,36.8,1,,Industrials,412515.0,163968.0
WCIG,Wee-Cig International Corp,0.002,5,3,6,3,3,5,4,29,-15.0,17.0,Broken,Avoid/exit,26,0.0,0.0,-7.0,33.4,1,,Technology,111156.0,11973.46
MARK,Remark Holdings Inc,0.001,6,8,4,7,3,2,2,32,-15.0,17.0,Broken,Avoid/exit,32,66.7,-9.1,-7.4,45.9,1,10,Technology,61902.0,28611.64
CNMVF,Canoe Mining Ventures Corp,0.002,3,3,9,6,3,1,4,29,-15.0,17.0,Broken,Avoid/exit,16,0.0,0.0,-49.2,21.1,1,,Basic Materials,57024.0,2553.7
LADX,LadRx Corporation,0.01,3,3,9,4,3,3,4,29,-15.0,17.0,Broken,Avoid/exit,30,0.0,0.0,-38.7,28.9,1,,Healthcare,49509.0,0.0
BASA,Basanite Inc,0.016,3,3,6,5,1,2,4,24,-10.0,17.0,Broken,Avoid/exit,23,-5.9,-5.9,-4.8,46.7,0,,Basic Materials,4280973.0,172007.18
AOECF,Aferian Plc,0.012,5,3,10,5,0,2,4,29,-15.0,17.0,Broken,Avoid/exit,0,0.0,0.0,-0.0,0.0,1,,Communication Services,1390151.0,0.0
LIDRW,AEye Inc,0.017,6,14,5,6,3,0,3,37,-18.0,17.0,Broken,Avoid/exit,19,-8.9,3.0,-5.7,47.3,2,,nan,nan,35783.59
CCGWW,Cheche Group Inc. Warrant,0.019,8,7,2,2,5,5,5,34,-20.0,17.0,Broken,Avoid/exit,38,26.7,35.7,5.5,51.5,2,,nan,nan,3940.53
HLONF,Hilong Holding Limited,0.027,5,6,1,5,3,5,4,29,-15.0,17.0,Broken,Avoid/exit,32,0.0,0.0,-5.4,39.2,1,,Energy,74078168.0,953.83
NNOCF,Nanoco Group plc,0.029,3,3,7,5,3,4,2,27,-10.0,17.0,Broken,Avoid/exit,21,0.0,-16.4,-13.0,34.6,0,,Technology,7662535.0,5522.64
SNEGF,Sound Energy plc,0.028,3,6,3,5,3,3,4,27,-15.0,17.0,Broken,🔥 COILED: Avoid/exit,31,0.0,0.0,-8.8,46.4,1,,Energy,6311941.0,0.0
RKMSF,Rokmaster Resources Corp,0.029,6,6,8,3,6,3,2,34,-20.0,17.0,Broken,Avoid/exit,45,16.0,-9.4,-3.2,48.0,0,,Basic Materials,5017635.0,25398.5
AVPMF,Avrupa Minerals Ltd,0.021,3,4,5,5,3,5,2,27,-10.0,17.0,Broken,Avoid/exit,22,0.0,0.0,-8.6,5.2,0,,Basic Materials,2847066.0,5287.89
NAUH,National American University Holdings Inc,0.03,3,4,3,5,3,7,2,27,-10.0,17.0,Broken,Avoid/exit,22,0.0,0.0,-11.8,2.5,0,,Consumer Defensive,1334613.0,861.72
BIDCF,BlockchainK2 Corp,0.028,3,5,8,5,3,3,5,32,-15.0,17.0,Broken,Avoid/exit,18,0.0,0.0,-1.8,41.9,1,,Technology,955691.0,62928.21
VXLLF,Vaxil Bio Ltd,0.025,9,4,5,0,0,1,5,24,-10.0,17.0,Broken,Avoid/exit,34,0.0,0.0,-1.8,44.2,0,,Healthcare,99600.0,1019.93
MSAIW,Infrared Cameras Holdings Inc,0.022,0,7,1,7,3,0,2,20,-3.0,17.0,Broken,Avoid/exit,19,-53.7,-27.7,-37.0,39.2,1,,nan,nan,46716.63
MMJJF,MMJ Group Holdings Limited,0.04,12,5,2,5,6,0,5,35,-18.0,17.0,Broken,Avoid/exit,52,-12.8,4.7,2.5,56.1,0,,Financial Services,6716516.0,1093.34
WLMTF,Wuling Motors Holdings Limited,0.046,2,8,3,6,3,1,2,25,-8.0,17.0,Broken,Avoid/exit,23,-5.7,-5.7,-3.3,45.4,0,,Consumer Cyclical,209588112.0,59122.2
WMELF,Westmount Energy Limited,0.046,3,6,1,5,0,5,4,24,-10.0,17.0,Broken,Avoid/exit,32,0.0,0.0,-5.0,37.7,0,,Energy,10083604.0,5455.74
UNLRF,PT Unilever Indonesia Tbk,0.055,3,4,5,4,3,3,2,24,-10.0,17.0,Broken,Avoid/exit,13,0.0,0.0,-16.5,35.2,0,,Consumer Defensive,2825803776.0,0.0
ENMPF,Ensurge Micropower ASA,0.06,11,9,5,10,4,3,2,44,-27,17,Broken,Avoid/exit,22,50.0,50.0,15.1,60.7,3,3,Technology,58325980.0,3713.5
RVBR,Markray Corp,0.06,11,5,3,2,2,5,4,32,-11.0,17.0,Broken,Avoid/exit,39,2.4,2.4,0.0,50.3,0,,Consumer Defensive,18316588.0,34094.72
PMCCF,Peloton Minerals Corporation,0.06,3,8,8,1,0,3,2,25,-11.0,17.0,Broken,Avoid/exit,28,0.2,0.0,-1.4,42.4,1,,Basic Materials,9857425.0,18157.84
NKLXF,Nickelex Resource Corporation,0.054,3,6,5,5,3,3,4,29,-15.0,17.0,Broken,Avoid/exit,10,0.0,0.0,-4.3,38.7,1,,Basic Materials,1230708.0,3229.67
CXAIW,CXApp Inc.,0.052,1,4,7,6,7,0,2,27,-10.0,17.0,Broken,Avoid/exit,30,-4.0,-4.4,-7.5,44.0,0,,Technology,nan,69217.42
CELV,Preferred Commerce Inc,0.061,9,5,4,9,3,2,5,37,-20.0,17.0,Broken,Avoid/exit,31,-20.8,19.6,-5.4,47.1,3,,Consumer Defensive,10495763.0,38018.09
RDTCF,Rapid Dose Therapeutics Corp,0.069,10,5,2,4,1,5,5,32,-15.0,17.0,Broken,Avoid/exit,28,-12.4,-5.2,-2.6,50.2,1,,Healthcare,9280233.0,5165.01
CLRSF,Castile Resources Limited,0.077,2,4,3,5,3,1,4,22,-10.0,17.0,Broken,🔥 COILED: Avoid/exit,33,0.0,0.0,-1.0,47.5,0,,Basic Materials,39515740.0,1263.57
NBLXF,NBLXF,0.071,6,4,1,11,2,2,5,31,-14.0,17.0,Broken,Avoid/exit,28,11.8,8.7,-1.4,49.4,2,,Energy,5526342.0,69445.03
BRRN,Born Inc,0.083,1,1,1,7,3,2,2,17,0.0,17.0,Broken,Avoid/exit,25,0.0,-53.9,-40.9,33.6,0,,Financial Services,148500000.0,314.27
AGNMF,Agronomics Limited,0.085,11,13,3,5,4,4,5,45,-28,17,Broken,Avoid/exit,31,21.4,30.8,14.0,58.2,3,,Financial Services,75836680.0,95905.38
SONIF,SonicStrategy Inc.,0.086,9,5,2,5,5,1,5,32,-15.0,17.0,Broken,Avoid/exit,40,-3.4,7.7,-3.6,50.2,1,,Technology,4287208.0,25958.3
PLMNF,Palamina Corp,0.097,1,3,3,7,0,4,4,22,-5.0,17.0,Broken,Avoid/exit,16,-0.7,-11.4,-4.9,42.0,1,,Basic Materials,9009282.0,8269.27
GSTMF,Goldstorm Metals Corp,0.124,5,6,7,6,0,6,2,32,-15.0,17.0,Broken,Avoid/exit,26,-3.4,-4.4,-2.7,46.5,1,,Basic Materials,17571036.0,114858.93
GMGZ,Genuine Marketing Group Inc.,0.131,3,7,3,2,3,4,2,24,-10.0,17.0,Broken,Avoid/exit,20,0.8,0.8,-6.9,10.4,1,,Communication Services,9778573.0,885.54
GPOTF,Gold Port Corporation,0.133,2,1,2,7,2,1,2,17,0.0,17.0,Broken,Avoid/exit,43,-6.2,-6.2,-6.2,25.2,0,,Basic Materials,9725022.0,2587.32
RENI,Resilient Energy Inc.,0.1,3,4,8,4,0,3,2,24,-10.0,17.0,Broken,Avoid/exit,21,0.0,0.0,-2.4,26.0,0,,Financial Services,5412171.0,2263.37
OECPF,Oracle Energy Corp,0.1,5,3,10,6,0,1,4,29,-15.0,17.0,Broken,Avoid/exit,27,0.0,0.0,-0.1,4.3,1,,Energy,4703868.0,47.35
DOSEF,Doseology Sciences Inc.,0.111,3,6,9,3,3,2,3,29,-15.0,17.0,Broken,Avoid/exit,22,-0.6,-0.6,-5.4,35.5,1,,Healthcare,892494.0,523.03
SDAWW,SunCar Technology Group Inc.,0.12,13,6,3,3,5,3,5,38,-21,17,Broken,Avoid/exit,41,63.5,-25.0,-7.8,48.9,0,7,Consumer Cyclical,nan,9449.87
DEMCF,Discovery Energy Metals Corp.,0.19,10,12,3,2,9,4,2,42,-23.0,17.0,Broken,Avoid/exit,53,33.8,2.4,7.2,53.2,2,,Basic Materials,14760464.0,39752.28
FPTE,FPTE,0.15,18,5,5,7,6,1,5,47,-30,17,Broken,Avoid/exit,53,50.0,500.0,96.7,98.8,2,,nan,nan,555.72
KNTPF,Kintor Pharmaceutical Limited,0.23,1,4,2,7,3,3,2,22,-5.0,17.0,Broken,Avoid/exit,13,-0.2,-6.7,-10.9,43.4,1,,Healthcare,265024496.0,737.79
LTSRF,Lotus Resources Limited,0.22,0,5,0,9,4,0,2,20,-8.0,17.0,Broken,Avoid/exit,7,-53.8,-53.8,-48.3,16.3,1,,Basic Materials,90014392.0,83345.64
DRRSF,Arianne Phosphate Inc,0.214,5,8,4,3,3,2,2,27,-8.0,17.0,Broken,Avoid/exit,40,1.7,-7.1,-5.1,34.5,1,,Basic Materials,49395920.0,211466.2
IGESF,IGas Energy plc,0.221,4,1,0,9,6,0,2,22,-5.0,17.0,Broken,Avoid/exit,37,-25.2,-25.2,-16.3,37.4,1,,Energy,42516300.0,940.4
MPU,Mega Matrix Corp.,0.241,4,14,3,0,3,4,2,30,-11.0,17.0,Broken,Avoid/exit,18,14.6,-3.7,-6.7,40.7,2,,Communication Services,17119286.0,1092852.69
RBOHF,Humanoid Global Holdings Corp.,0.216,6,10,1,3,5,2,5,32,-15.0,17.0,Broken,Avoid/exit,24,-20.9,-19.9,-15.0,42.5,1,,Financial Services,9240042.0,102344.54
CCOOF,Core Assets Corp,0.213,1,11,3,8,3,0,2,28,-11.0,17.0,Broken,Avoid/exit,17,-2.1,-17.5,-8.5,44.5,2,,Basic Materials,6396465.0,31239.36
GRYCF,Graycliff Exploration Limited,0.214,6,8,1,3,8,2,2,30,-13.0,17.0,Broken,Avoid/exit,43,21.7,-14.2,-2.0,48.4,1,,Basic Materials,4592227.0,1066.5
ALTX,Altex Industries Inc,0.23,7,7,5,4,3,2,4,32,-15.0,17.0,Broken,Avoid/exit,31,17.9,0.0,1.9,51.4,1,,Energy,2237528.0,3309.84
RREE,ResourceTec Corporation,0.202,5,4,8,3,0,5,4,29,-15.0,17.0,Broken,Avoid/exit,31,0.0,0.0,-2.1,42.0,1,,Basic Materials,2121026.0,1221.74
VPGLF,Value Partners Group Ltd,0.26,3,4,3,5,3,7,2,27,-10.0,17.0,Broken,Avoid/exit,24,0.0,0.0,-1.7,3.1,0,,Financial Services,575413632.0,0.0
FTZFF,Fitzroy Minerals Inc,0.292,3,10,2,4,4,2,2,27,-11.0,17.0,Broken,Avoid/exit,44,4.9,-5.3,-2.5,46.7,2,,Basic Materials,95503632.0,59482.37
CVVUF,CanAlaska Uranium Ltd,0.256,5,12,3,4,2,4,2,32,-15.0,17.0,Broken,Avoid/exit,14,-1.6,6.1,-4.9,37.3,2,,Basic Materials,55050844.0,169621.75
MDNAF,Medicenna Therapeutics Corp,0.25,3,11,4,5,3,2,2,30,-13.0,17.0,Broken,Avoid/exit,18,1.6,-2.7,-3.8,40.5,1,,Healthcare,23075050.0,93087.03
AGNPF,Algernon Pharmaceuticals Inc,0.3,6,11,6,5,3,6,5,42,-26.0,17.0,Broken,Avoid/exit,42,2.3,12.2,0.7,50.4,3,,Healthcare,1698075.0,4296.49
DFDVW,DeFi Development Corp. Warrant,0.298,2,8,6,4,2,0,5,27,-13.0,17.0,Broken,Avoid/exit,25,-17.1,-9.5,-11.8,41.6,0,,nan,nan,0.0
PLLMF,Plata Latina Minerals Corporation,0.32,0,2,3,8,0,2,2,17,0.0,17.0,Broken,Avoid/exit,22,-8.6,-15.8,-13.7,36.9,0,,Basic Materials,40868284.0,40936.14
GFAI,Guardforce AI Co Ltd,0.318,0,3,6,9,2,0,2,22,-5.0,17.0,Broken,Avoid/exit,14,-19.7,-17.0,-16.3,29.0,1,,Industrials,9931382.0,1174392.87
BICX,BioCorRx Inc,0.3,10,8,2,6,0,2,2,30,-13.0,17.0,Broken,Avoid/exit,25,20.0,-3.5,-3.5,46.4,1,,Healthcare,8716665.0,2704.05
TTBKF,2020 Bulkers Ltd,0.324,3,11,4,4,3,3,2,30,-13.0,17.0,Broken,Avoid/exit,16,5.6,-5.9,-8.7,24.0,0,,Industrials,6168804.0,1393.44
SBMJF,Dimerix Ltd,0.35,10,6,11,6,3,2,4,42,-28.0,17.0,Broken,Avoid/exit,43,0.0,0.0,0.0,99.6,1,,Healthcare,210138880.0,10.7
HOVRW,New Horizon Aircraft Ltd,0.355,5,6,2,6,0,6,2,27,-10.0,17.0,Broken,Avoid/exit,26,-7.8,1.4,-4.3,47.0,0,,nan,nan,83456.54
ENGNW,enGene Holdings Inc. Warrants,0.36,1,11,1,2,0,6,2,23,-6.0,17.0,Broken,Avoid/exit,17,12.0,-83.9,-51.9,45.3,1,,nan,nan,14174.81
HRZMF,Horizon Minerals Limited,0.44,1,1,1,7,6,4,2,22,-5.0,17.0,Broken,Avoid/exit,24,0.0,-41.3,-26.8,31.7,1,,Basic Materials,409085984.0,504.09
STLFF,Stillfront Group AB (publ),0.434,3,4,6,6,3,5,2,29,-15.0,17.0,Broken,Avoid/exit,26,0.0,0.0,-2.1,26.4,1,,Communication Services,221354976.0,1348.5
SMAGF,Soma Gold Corp,0.474,5,7,8,2,0,3,2,27,-13.0,17.0,Broken,Avoid/exit,17,-2.0,-3.0,-4.2,42.0,1,,Basic Materials,56158680.0,69857.05
PYBX,Hydro Power Technologies Inc,0.515,4,7,2,8,0,4,5,30,-13.0,17.0,Broken,Avoid/exit,34,-2.9,9.5,-41.3,45.4,2,,Industrials,456841.0,1284.48
VTLSF,Vitalist Inc.,0.519,6,11,6,5,8,2,2,40,-26,17,Broken,🔥 COILED: Avoid/exit,46,12.8,10.1,4.6,52.9,4,,Technology,nan,0.0
GRPFF,Grupo Televisa S.A.B,0.55,4,3,10,5,3,3,4,32,-15.0,17.0,Broken,Avoid/exit,36,0.0,0.0,-0.2,21.0,1,,Communication Services,1449415040.0,226.89
PBTHF,PointsBet Holdings Limited,0.6,9,1,7,5,4,4,2,32,-15.0,17.0,Broken,Avoid/exit,29,-11.5,-11.5,-7.9,33.7,1,,Consumer Cyclical,208552208.0,869.5
SLND,"Southland Holdings, Inc.",0.62,1,5,0,10,2,0,2,20,-3.0,17.0,Broken,Avoid/exit,25,-22.7,-8.3,-16.2,42.2,1,,Industrials,33610284.0,1353475.25
VNTG,Vantage Corp,0.67,3,7,2,11,2,0,2,27,-8.0,17.0,Broken,Avoid/exit,18,-5.7,-4.1,-4.2,43.4,1,,Industrials,21264126.0,424952.77
WMTN,WestMountain Gold Inc,0.676,4,7,3,4,3,7,4,32,-15.0,17.0,Broken,Avoid/exit,19,0.0,0.0,-15.8,30.4,1,,Basic Materials,18022740.0,33.87
CTM,Castellum Inc.,0.708,8,12,6,6,3,4,3,42,-28,17,Broken,Avoid/exit,35,7.5,10.6,5.4,54.3,4,,Technology,67008968.0,3084973.64
AMPGZ,"Amplitech Group, Inc. Series B Right",0.75,1,6,3,8,2,0,2,22,-3.0,17.0,Broken,Avoid/exit,0,-25.0,-40.0,-34.0,41.4,0,,nan,nan,0.0
NXGCF,NXGCF,0.832,3,8,9,1,3,0,3,27,-13.0,17.0,Broken,Avoid/exit,24,-5.4,-4.3,-3.5,43.1,1,,Basic Materials,206594064.0,255173.1
KITT,Nauticus Robotics Inc.,0.87,6,11,4,1,3,2,2,29,-13.0,17.0,Broken,Avoid/exit,20,2.4,-0.0,-8.3,38.1,2,,Industrials,5949583.0,660293.11
DOGZ,Dogness International Corp Class A,0.962,1,12,4,6,4,0,2,29,-13.0,17.0,Broken,Avoid/exit,29,-4.3,-0.3,-4.1,42.5,2,,Consumer Cyclical,13669039.0,513581.67
PKBAF,PT Bakrie & Brothers Tbk,0.002,8,8,6,9,3,2,5,41,-25,16,Broken,Avoid/exit,15,566.7,566.7,29.4,49.8,2,3,Industrials,346840448.0,8.53
RPGLF,Endurance RP Limited,0.006,5,3,10,4,3,2,4,31,-18.0,16.0,Broken,Avoid/exit,0,0.0,0.0,-0.2,72.6,1,,Healthcare,36476972.0,0.0
CKDXF,Opthea Ltd,0.01,6,3,6,3,3,3,4,28,-15.0,16.0,Broken,Avoid/exit,13,0.0,0.0,-53.9,0.0,1,,Healthcare,13679781.0,256.5
EVKRF,Grid Battery Metals Inc.,0.01,0,3,3,9,2,2,2,21,-5.0,16.0,Broken,Avoid/exit,12,-20.0,4.0,-13.2,42.1,1,,Basic Materials,2011160.0,201363.57
WLRMF,Aloro Mining Corp,0.005,3,3,9,6,3,3,4,31,-15.0,16.0,Broken,Avoid/exit,15,0.0,0.0,-4.2,0.1,1,,Basic Materials,1154585.0,1159.5
NXGT,Nexteligent Holdings Inc,0.006,3,2,6,5,3,7,4,30,-10.0,16.0,Broken,Avoid/exit,23,0.0,-3.0,-1.5,38.0,0,,Healthcare,833182.0,16276.63
CBMJ,Canna Consumer Goods Inc,0.011,1,11,5,5,3,2,2,29,-13.0,16.0,Broken,Avoid/exit,22,11.2,-16.2,-1.7,46.8,2,,Communication Services,696734.0,55834.2
JETR,Star Jets International Inc,0.004,4,4,6,6,3,3,4,30,-10.0,16.0,Broken,Avoid/exit,31,0.0,0.0,-1.8,44.3,0,,Industrials,414672.0,43874.93
IVFZF,Invictus Financial Inc,0.01,15,4,6,12,3,1,5,46,-30,16,Broken,Avoid/exit,38,0.0,1900.0,79.6,74.3,3,,Financial Services,389925.0,27.4
MONGF,Montego Resources Inc,0.008,3,3,8,6,3,1,4,28,-15.0,16.0,Broken,Avoid/exit,11,0.0,0.0,-7.6,0.0,1,,Basic Materials,290834.0,7.5
AIZZ,"AI Music Distribution, Inc.",0.005,9,7,0,6,4,2,2,30,-10.0,16.0,Broken,Avoid/exit,36,-50.0,-88.9,-60.1,44.8,0,,Communication Services,42810.0,9942.4
ANGHW,Anghami Inc. Warrants,0.009,1,9,1,7,3,0,2,23,-5.0,16.0,Broken,Avoid/exit,22,9.6,-28.9,-12.6,46.2,2,,nan,nan,28450.21
CLSZF,China Oil And Gas Group Limited,0.02,3,4,3,4,3,7,2,26,-10.0,16.0,Broken,Avoid/exit,36,0.0,0.0,-8.8,28.2,0,,Energy,169104096.0,2706.72
APGI,American Pwr Group,0.014,15,5,5,10,5,1,5,46,-30,16,Broken,Avoid/exit,58,0.0,40.0,12.7,61.4,3,,Industrials,15679699.0,41555.17
IMMVF,Immunovia AB (publ),0.02,9,6,11,6,3,2,4,41,-28.0,16.0,Broken,Avoid/exit,37,0.0,0.0,0.0,99.7,1,,Healthcare,13453337.0,15.5
CYCA,Cytta Corp,0.014,3,3,3,5,6,4,2,26,-10.0,16.0,Broken,Avoid/exit,32,0.0,0.0,-12.6,39.2,0,,Technology,6723329.0,133287.45
VMST,"VeeMost Technologies Holdings, Inc.",0.015,1,6,7,5,0,0,2,21,-8.0,16.0,Broken,Avoid/exit,26,-12.4,-5.7,-9.6,43.8,0,,Technology,5488171.0,593609.85
SBLCF,SBLCF,0.011,15,4,6,13,3,0,5,46,-30,16,Broken,Avoid/exit,46,0.0,48.6,19.0,84.5,3,,Financial Services,2084557.0,50125.33
GXXM,Gex Management Inc,0.012,4,13,3,4,4,6,5,39,-23.0,16.0,Broken,Avoid/exit,21,46.3,41.2,-30.1,45.3,2,,Industrials,3256.0,19130.32
ABLVW,Able View Global Inc. Warrant,0.017,1,5,3,6,3,4,4,26,-10.0,16.0,Broken,Avoid/exit,22,-1.8,2.5,-6.0,45.5,0,,nan,nan,38837.72
GBBFF,Granada Gold Mine Inc,0.03,10,8,5,5,4,2,5,39,-28.0,16.0,Broken,🔥 COILED: Avoid/exit,28,0.0,50.0,17.5,53.6,3,,Basic Materials,5727102.0,120332.36
TRDX,Trend Exploration I,0.021,1,6,2,5,3,5,2,24,-13.0,16.0,Broken,🔥 COILED: Avoid/exit,25,0.0,0.0,-7.1,40.3,1,,Basic Materials,674364.0,1392.63
SWAGW,Software Acquisition Group Inc. III Warrant,0.025,1,8,1,5,0,2,5,22,-6.0,16.0,Broken,Avoid/exit,9,-3.8,-16.7,-37.5,46.7,0,,nan,nan,18355.28
PGYWW,Pagaya Technologies Ltd. Warrants,0.03,2,14,1,6,4,2,2,31,-13.0,16.0,Broken,Avoid/exit,27,1.0,-4.2,-23.1,45.4,0,,nan,nan,85443.2
MTDTF,MTDTF,0.021,1,10,8,1,3,0,3,26,-13.0,16.0,Broken,Avoid/exit,24,-15.5,-15.2,-6.9,43.8,1,,nan,nan,50691.55
MATAF,Matador Technologies Inc.,0.021,1,12,8,0,3,0,3,27,-11.0,16.0,Broken,Avoid/exit,26,-15.5,-15.2,-6.9,43.8,1,,nan,nan,50591.34
WALDW,Waldencast Acquisition Corp,0.04,3,9,2,5,5,0,2,26,-8.0,16.0,Broken,Avoid/exit,36,-6.4,-1.5,-6.8,44.4,1,,nan,366375000.0,41981.41
ANSNF,Anson Resources Limited,0.031,5,12,8,5,3,4,2,39,-23.0,16.0,Broken,Avoid/exit,22,12.1,17.6,3.0,49.6,3,,Basic Materials,51824748.0,58564.5
SRMMF,Sarama Resources Ltd,0.035,10,3,6,6,4,0,2,31,-15.0,16.0,Broken,Avoid/exit,49,0.0,-7.9,-1.3,50.7,1,,Basic Materials,18616568.0,11124.24
MFON,Mobivity Holdings,0.04,3,4,5,6,3,5,2,28,-15.0,16.0,Broken,Avoid/exit,23,0.0,0.0,-9.5,30.8,1,,Technology,2959063.0,21897.04
EDDYF,Edison Cobalt Corp,0.04,4,11,2,4,3,0,5,29,-13.0,16.0,Broken,Avoid/exit,21,2.3,-16.8,-6.3,47.3,1,,Basic Materials,1193072.0,20305.71
TARGF,Taurus Gold Corp.,0.032,3,7,1,5,3,3,4,26,-15.0,16.0,Broken,🔥 COILED: Avoid/exit,31,0.0,0.0,-5.7,41.3,1,,Basic Materials,548985.0,1193.54
ZHCLF,Zenith Capital Corp,0.05,4,4,5,0,5,4,4,26,-13.0,16.0,Broken,Avoid/exit,20,0.0,-9.1,-12.6,45.5,1,,Healthcare,7986591.0,7058.5
XIGMF,Xigem Technologies Corporation,0.05,9,6,11,6,3,2,4,41,-28.0,16.0,Broken,Avoid/exit,55,0.0,0.0,0.0,99.7,1,,Technology,1510797.0,1456.6
ATMTF,Andrada Mining Limited,0.054,16,9,5,5,4,2,5,46,-30,16,Broken,Avoid/exit,55,9.4,9.4,7.2,76.9,3,,Basic Materials,109505960.0,5259.53
WANSF,WANdisco plc,0.058,1,4,1,7,3,3,2,21,-5.0,16.0,Broken,Avoid/exit,27,0.0,0.0,-42.2,30.5,1,,Technology,43363080.0,11737.92
TSDRF,Tsodilo Resources Limited,0.07,0,3,2,9,3,2,2,21,-5.0,16.0,Broken,Avoid/exit,10,-22.2,-12.5,-15.7,36.0,1,,Basic Materials,5734391.0,7120.05
DDNFF,Adamera Minerals Corp,0.07,4,10,7,5,3,6,2,37,-21.0,16.0,Broken,Avoid/exit,12,0.0,0.0,-4.3,45.5,1,,Basic Materials,3633515.0,0.0
GMBL,Esports Entertainment Group Inc,0.065,0,4,1,9,0,0,2,16,0.0,16.0,Broken,Avoid/exit,15,-39.8,-35.0,-30.0,39.8,0,,Consumer Cyclical,74488.0,2499.79
TSLV,Azoria TSLA Convexity ETF,0.08,1,3,4,8,0,3,5,24,-8.0,16.0,Broken,Avoid/exit,27,0.0,-11.1,-8.8,42.8,0,,nan,nan,229354.62
NIHL,New Infinity Holdings Ltd,0.09,10,3,3,9,3,5,3,36,-16.0,16.0,Broken,Avoid/exit,59,-3.9,-3.9,-4.9,49.4,1,,Consumer Cyclical,44451480.0,6018.97
HWAL,Hollywall Entertainment Inc,0.09,12,8,4,6,5,6,5,46,-30,16,Broken,Avoid/exit,59,47.5,16.9,10.0,52.2,3,,Communication Services,13081837.0,117014.85
GTREF,Live Energy Minerals Corp.,0.083,3,3,7,5,3,3,4,28,-15.0,16.0,Broken,Avoid/exit,26,0.0,0.0,-7.3,0.2,1,,Basic Materials,1514123.0,863.63
BTRMF,Battery Mineral Resources Corp,0.102,4,4,8,5,3,2,2,28,-15.0,16.0,Broken,Avoid/exit,32,1.5,-1.1,-1.6,44.3,1,,Basic Materials,41792836.0,31284.53
ENDMF,Enduro Metals Corporation,0.12,15,8,8,5,4,1,5,46,-30.0,16.0,Broken,Avoid/exit,25,20.0,11.6,5.7,56.3,3,,Basic Materials,14491576.0,29699.31
AQIA,AQIA,0.124,3,4,7,5,3,5,4,31,-15.0,16.0,Broken,Avoid/exit,23,0.0,0.0,-2.6,38.9,1,,Technology,7270047.0,98.93
RRUUF,RRUUF,0.134,3,12,5,3,4,2,2,31,-13.0,16.0,Broken,Avoid/exit,19,-2.2,0.8,-5.8,41.7,1,,Basic Materials,6618099.0,31919.5
AZTR,Azitra Inc,0.13,7,11,4,3,4,2,2,33,-15.0,16.0,Broken,Avoid/exit,13,-4.1,1.1,-9.8,38.1,2,,Healthcare,2106636.0,8378086.8
SBXD-WT,SilverBox Corp IV WT,0.12,3,15,2,4,3,2,2,31,-13.0,16.0,Broken,Avoid/exit,26,20.0,-36.8,-15.6,44.4,1,,nan,nan,0.0
BRLL,Barrel Energy Inc,0.15,3,6,2,13,5,2,5,36,-20.0,16.0,Broken,Avoid/exit,33,-72.2,36.4,-43.1,45.8,3,,Energy,112821704.0,592875.76
LCGMF,Lion Copper and Gold Corp,0.19,3,8,7,1,2,2,3,26,-8.0,16.0,Broken,Avoid/exit,31,5.8,0.3,0.0,48.6,0,,Basic Materials,86193104.0,145841.19
SLROD,Stellar Resources Limited,0.15,17,4,5,7,6,2,5,46,-30,16,Broken,Avoid/exit,54,0.0,0.0,42.7,100.0,1,,Basic Materials,50872288.0,3.25
NHAWF,North Arrow Minerals Inc,0.171,5,10,3,8,4,2,2,34,-18.0,16.0,Broken,Avoid/exit,22,21.6,33.0,-0.6,44.2,3,,Basic Materials,7878746.0,2586.08
AXVEF,CDN Maverick Capital Corp,0.152,1,6,4,5,6,7,2,31,-15.0,16.0,Broken,Avoid/exit,43,0.0,0.0,-2.3,38.7,1,,Basic Materials,3160311.0,593.38
ZSPC,"zSpace, Inc. Common stock",0.18,6,17,8,5,5,2,2,45,-30.0,16.0,Broken,Avoid/exit,30,12.5,9.8,3.9,50.7,3,,Technology,767748.0,441991.81
CMBMF,Cambium Networks Corporation,0.22,7,5,2,5,4,6,2,31,-15.0,16.0,Broken,Avoid/exit,13,-15.4,-29.0,-19.3,43.9,1,,Technology,6387237.0,5325093.34
GSRFF,Golden Shield Resources Inc,0.25,8,1,7,2,6,5,2,31,-15.0,16.0,Broken,Avoid/exit,36,-3.5,-3.5,-2.4,36.4,1,,Basic Materials,5652186.0,1706.22
SHVLF,Starcore International Mines Ltd,0.298,3,11,4,0,2,2,2,24,-8.0,16.0,Broken,Avoid/exit,14,-7.8,-1.9,-5.1,41.7,0,,Basic Materials,28429532.0,120052.66
WTXR,West Texas Resources Inc,0.251,3,3,1,12,0,5,5,29,-13.0,16.0,Broken,Avoid/exit,38,-49.8,-31.7,-40.7,38.9,1,,Energy,21362500.0,11625.65
DTRK,DATATRAK International Inc,0.28,13,6,7,5,4,3,5,43,-27,16,Broken,Avoid/exit,22,64.7,55.6,24.8,67.6,3,3,Healthcare,8306736.0,1542.93
ENSC,Ensysce Biosciences Inc,0.251,0,1,9,9,0,0,2,21,-5.0,16.0,Broken,Avoid/exit,17,-12.2,-14.3,-8.9,38.6,1,,Healthcare,3856747.0,2746364.81
CMTNF,Cullinan Metals Corp.,0.276,4,4,9,3,6,0,2,28,-15.0,16.0,Broken,Avoid/exit,46,-4.7,-2.2,-6.9,40.9,1,,Basic Materials,2357725.0,1707.76
GSVRF,Guanajuato Silver Company Ltd,0.318,4,12,7,3,2,2,3,33,-15.0,16.0,Broken,Avoid/exit,22,1.0,-6.2,-2.8,44.7,1,,Basic Materials,234515168.0,1408285.49
KCKSF,Keck Seng Investments (Hong Kong) Limited,0.3,7,3,11,6,3,2,4,36,-23.0,16.0,Broken,Avoid/exit,0,0.0,0.0,0.0,90.7,0,,Consumer Cyclical,102060008.0,0.0
MDSQF,Minsud Resources Corp,0.349,5,7,1,3,3,1,4,24,-13.0,16.0,Broken,🔥 COILED: Avoid/exit,20,0.0,0.0,-0.8,45.2,1,,Basic Materials,69399640.0,1083.46
PAUIF,Premier American Uranium Inc,0.326,3,12,5,0,3,4,2,29,-13.0,16.0,Broken,Avoid/exit,23,9.8,-8.7,-3.3,45.2,2,,Energy,31808862.0,44951.95
ANEB,Anebulo Pharmaceuticals Inc,0.33,6,7,5,2,3,4,2,29,-13.0,16.0,Broken,Avoid/exit,23,10.0,-1.9,1.5,49.1,1,,Healthcare,13458962.0,41511.66
WCHNF,West China Cement Limited,0.35,7,3,11,6,3,2,4,36,-23.0,16.0,Broken,Avoid/exit,45,0.0,0.0,0.0,96.1,0,,Basic Materials,1258567552.0,0.0
JDNRF,Jayden Resources Inc.,0.396,15,4,7,10,3,2,5,46,-30,16,Broken,Avoid/exit,60,0.0,56.4,18.8,98.9,3,,Basic Materials,2317075.0,326.94
SRAMF,Sisram Medical Ltd,0.438,3,4,1,6,0,3,4,21,-10.0,16.0,Broken,🔥 COILED: Avoid/exit,18,0.0,0.0,-4.1,46.4,0,,Healthcare,422351808.0,24.56
DMXCF,District Metals Corp.,0.432,4,9,8,6,2,2,2,33,-20.0,16.0,Broken,Avoid/exit,21,3.3,-0.2,-3.9,42.4,1,,Basic Materials,82420168.0,94909.86
TYPMF,Tyro Payments Limited,0.526,2,6,1,5,3,3,3,23,-10.0,16.0,Broken,Avoid/exit,13,0.0,0.0,-0.7,46.2,0,,Technology,279960768.0,539.0
CUAUF,C3 Metals Inc,0.547,2,8,1,5,3,1,4,24,-8.0,16.0,Broken,Avoid/exit,20,-0.8,-2.4,-2.7,47.6,1,,Basic Materials,69062232.0,6779.64
PYBXD,PYBXD,0.515,4,7,2,7,0,4,5,29,-13.0,16.0,Broken,Avoid/exit,34,-2.9,9.5,-40.2,45.4,2,,nan,107099.0,1271.47
OFSTF,Carbon Streaming Corp,0.625,7,6,6,2,0,7,4,32,-12.0,16.0,Broken,Avoid/exit,39,-0.8,-0.7,-1.5,46.7,0,,Financial Services,30661908.0,10691.65
FGOVF,Freegold Ventures Limited,0.684,5,11,8,0,2,2,3,31,-13.0,16.0,Broken,Avoid/exit,25,-1.2,-2.6,-1.6,45.8,2,,Basic Materials,395148000.0,263773.84
SLQT,Selectquote Inc,0.75,6,11,5,1,4,2,2,31,-13.0,16.0,Broken,Avoid/exit,30,0.8,1.0,-0.9,47.0,2,,Financial Services,132207928.0,1505867.37
SBDXF,SED Energy Holdings Plc,0.815,9,5,1,6,0,2,3,26,-10.0,16.0,Broken,Avoid/exit,25,-0.6,0.6,-0.4,47.8,0,,Energy,611865664.0,4031.79
NTNOF,Northern Ocean Ltd,0.82,10,6,7,5,6,1,4,39,-28.0,16.0,Broken,🔥 COILED: Avoid/exit,40,0.0,0.0,1.4,100.0,1,,Energy,251829216.0,620.0
BABB,BAB Inc,0.822,5,5,5,6,0,3,2,26,-10.0,16.0,Broken,Avoid/exit,18,-2.2,-1.0,-2.6,39.2,1,,Consumer Defensive,5966972.0,8198.77
JPAXX,JPMorgan Trust I - JPMorgan Prime Money Market Fund,1.0,1,3,4,6,3,2,4,23,-10.0,16.0,Broken,Avoid/exit,21,-0.0,-0.0,-0.0,40.6,0,,nan,nan,0.0
ARCNF,Arcane Crypto AB,0.002,8,6,7,4,3,1,4,33,-23.0,15.0,Broken,🔥 COILED: Avoid/exit,30,0.0,0.0,0.8,94.4,0,,Financial Services,29841384.0,11490.86
UNVC,Univec Inc,0.003,11,5,3,5,5,3,5,37,-22.0,15.0,Broken,Avoid/exit,49,10.3,0.0,5.4,53.7,1,,Healthcare,8073909.0,1138263.87
PTAM,Potash America Inc,0.001,4,7,7,5,3,2,2,30,-15.0,15.0,Broken,Avoid/exit,16,0.0,-14.3,-5.1,42.6,1,,Industrials,435625.0,118534.6
TAKD,TransAKT Ltd,0.003,1,1,3,7,0,3,2,17,2.0,15.0,Broken,Avoid/exit,27,-3.7,-3.7,-3.4,10.8,0,,Financial Services,347117.0,1676.77
PGTK,Pacific Green Technologies Inc,0.005,15,4,4,7,3,4,5,42,-27,15,Broken,Avoid/exit,37,455.6,455.6,154.7,99.9,3,3,Industrials,285228.0,142.74
MXLGF,MX Gold Corp,0.01,7,7,2,3,3,1,4,27,-15.0,15.0,Broken,Avoid/exit,19,0.0,0.0,-0.1,10.1,1,,Financial Services,242723.0,709.58
SZLSF,StageZero Life Sciences Ltd,0.001,3,4,1,8,3,3,2,24,-5.0,15.0,Broken,Avoid/exit,27,0.0,0.0,-45.2,0.6,1,,Healthcare,123532.0,45.92
RRRUF,R&R Real Estate Investment Trust,0.002,3,5,1,5,3,1,4,22,-10.0,15.0,Broken,Avoid/exit,33,0.0,0.0,-42.4,48.3,0,,Real Estate,100338.0,197.28
AFFU,Affluence Corporation,0.008,4,14,2,3,3,2,2,30,-13.0,15.0,Broken,Avoid/exit,34,15.9,-20.0,-10.4,46.6,2,,Technology,84115.0,62497258.32
ASKED,"AI Music Distribution, Inc.",0.005,9,6,0,6,4,2,2,29,-10.0,15.0,Broken,Avoid/exit,37,-50.0,-88.9,-66.4,43.8,0,,Communication Services,42810.0,9942.49
MPHYF,McPhy Energy S.A,0.001,9,6,10,6,3,2,4,40,-28.0,15.0,Broken,Avoid/exit,31,0.0,0.0,0.0,84.5,1,,Industrials,34327.0,473.09
LTRYW,"Lottery.com, Inc. Warrants",0.01,4,5,8,10,2,3,2,34,-15.0,15.0,Broken,Avoid/exit,38,-10.2,2.1,-6.4,45.1,1,,Consumer Cyclical,nan,139114.82
SVREW,SaverOne 2014 Ltd. Warrant,0.008,2,3,7,9,0,0,2,23,-8.0,15.0,Broken,Avoid/exit,23,-15.6,-21.4,-19.9,44.2,0,,nan,nan,0.0
BNZIW,Banzai International Inc,0.009,2,6,9,0,4,0,2,23,-8.0,15.0,Broken,Avoid/exit,20,-14.9,-4.4,-9.7,43.1,1,,nan,nan,39806.8
XAKJ,XAKJ,0.012,18,5,3,4,1,2,5,38,-23,15,Broken,Avoid/exit,55,71.2,42.0,15.8,57.3,2,7,Financial Services,29857592.0,10013.99
ACMB,Agro Capital Management Corp,0.013,1,8,2,5,3,2,2,23,-6.0,15.0,Broken,Avoid/exit,25,4.8,-27.4,-29.3,37.8,1,,Industrials,5549187.0,107908.02
MUSLF,Promino Nutritional Sciences Inc,0.021,5,9,3,4,2,0,5,28,-13.0,15.0,Broken,Avoid/exit,19,-2.8,-17.6,-7.9,46.5,1,,Consumer Defensive,4158067.0,63416.34
EICCF,E Automotive Inc.,0.011,6,3,6,2,3,3,4,27,-15.0,15.0,Broken,Avoid/exit,28,0.0,0.0,-15.6,3.0,1,,Consumer Cyclical,663561.0,280.14
FSHRF,Feishang Anthracite Resources Limited,0.024,2,1,1,11,3,0,2,20,-5.0,15.0,Broken,Avoid/exit,44,-50.4,-50.4,-46.3,22.9,1,,Energy,32953628.0,7924.0
SNIPF,Snipp Interactive Inc,0.028,8,6,6,2,0,3,5,30,-15.0,15.0,Broken,Avoid/exit,20,11.4,-4.7,-1.7,47.2,1,,Communication Services,8503363.0,67426.65
NWLXF,Newlox Gold Ventures Corp,0.025,6,3,6,2,3,3,2,25,-13.0,15.0,Broken,Avoid/exit,34,0.0,0.0,-3.5,47.1,1,,Industrials,5508218.0,28522.68
OWRDF,One World Lithium Inc,0.023,8,5,6,2,3,0,3,27,-15.0,15.0,Broken,Avoid/exit,49,-6.0,4.0,-5.7,41.2,1,,Basic Materials,5322566.0,18175.56
SNBR,Sleep Number Corp,0.025,6,11,6,0,4,2,2,31,-16.0,15.0,Broken,Avoid/exit,16,-16.9,-4.2,-71.6,29.8,2,,Consumer Cyclical,2881125.0,8698214.45
SEATW,Vivid Seats Inc. Warrant,0.026,3,6,5,0,3,3,2,22,-10.0,15.0,Broken,Avoid/exit,11,0.0,-7.1,-14.8,31.0,0,,nan,nan,4986.64
REXHF,Rex International Holding Limited,0.04,6,4,6,3,3,3,2,27,-15.0,15.0,Broken,Avoid/exit,7,0.0,0.0,-17.1,0.0,1,,Energy,54297636.0,38.0
RWMI,RegalWorks Media Inc,0.04,6,7,9,5,6,2,5,40,-30.0,15.0,Broken,🔥 COILED: Avoid/exit,43,0.0,35.0,2.3,50.7,3,,Consumer Defensive,12268463.0,0.0
BTUMF,BTU Metals Corp,0.036,7,8,5,2,3,3,2,30,-15.0,15.0,Broken,Avoid/exit,28,2.5,2.5,-0.9,48.1,1,,Basic Materials,6297204.0,7003.12
HVGDF,Harvest Gold Corporation,0.04,11,4,2,5,3,0,5,30,-15.0,15.0,Broken,Avoid/exit,23,-19.0,-19.0,-2.6,49.9,1,,Basic Materials,5191401.0,63020.53
PMOMF,Prismo Metals Inc.,0.039,3,6,9,0,4,2,3,27,-15.0,15.0,Broken,Avoid/exit,19,-2.7,-2.5,-6.6,41.3,2,,Basic Materials,4263818.0,35605.46
AFFL,Affiliated Resources Corp,0.039,13,10,4,4,4,2,4,41,-26,15,Broken,Avoid/exit,33,637.7,0.0,64.7,60.7,1,3,Financial Services,2915065.0,7599.65
GSPRF,Golden Spike Resources Corp.,0.033,15,4,6,5,6,4,5,45,-30,15,Broken,Avoid/exit,54,-6.0,54.2,21.3,78.3,3,,Basic Materials,2206750.0,33647.78
LITSF,Lithos Energy Ltd.,0.04,6,6,2,8,0,2,2,26,-11.0,15.0,Broken,Avoid/exit,15,-0.2,-33.3,-28.5,42.0,1,,Basic Materials,364268.0,10020.66
SOHOF,SOHO China Limited,0.05,4,3,9,6,0,1,4,27,-15.0,15.0,Broken,Avoid/exit,19,0.0,0.0,-0.4,0.0,1,,Real Estate,327570016.0,205.27
ABMBF,Abcourt Mines Inc,0.05,6,6,6,6,0,2,4,30,-15.0,15.0,Broken,Avoid/exit,24,4.4,-0.8,-1.1,43.9,1,,Basic Materials,54655372.0,244206.17
GIGGF,Giga Metals Corporation,0.05,4,6,8,3,5,2,2,30,-15.0,15.0,Broken,Avoid/exit,16,-5.7,-3.8,-6.6,41.7,1,,Basic Materials,7996815.0,131296.55
ENRT,Enertopia Corporatio,0.046,0,1,3,9,0,0,2,15,0.0,15.0,Broken,Avoid/exit,14,-8.3,-23.5,-29.6,38.2,0,,Basic Materials,373252.0,8283.79
LILIF,Argentina Lithium & Energy Corp,0.058,5,10,9,0,4,0,2,30,-15.0,15.0,Broken,Avoid/exit,24,-5.1,-6.0,-3.4,45.8,1,,Basic Materials,9329648.0,68750.5
MDWK,MDwerks Inc,0.061,5,5,5,0,3,7,2,27,-15.0,15.0,Broken,Avoid/exit,20,0.0,0.0,-3.7,40.2,1,,Financial Services,14378313.0,36831.8
SLTN,Silverton Energy Inc,0.062,4,9,1,4,3,2,2,25,-10.0,15.0,Broken,Avoid/exit,24,21.6,42.2,-9.1,47.8,2,,Financial Services,5973080.0,0.0
LEXTF,Lexston Life Sciences Corp,0.063,9,12,3,3,8,0,3,38,-23.0,15.0,Broken,Avoid/exit,48,-1.6,-28.5,-0.8,51.5,2,,Basic Materials,1578368.0,60338.54
RMTG,Regenerative Medical Technology Group Inc.,0.07,15,2,2,14,3,4,5,45,-30,15,Broken,Avoid/exit,54,-29.9,133.7,1.6,52.3,3,,Healthcare,921041.0,30333.56
TUWOY,Tullow Oil PLC ADR,0.08,4,10,0,5,5,0,4,28,-13.0,15.0,Broken,Avoid/exit,40,-14.0,-14.0,-3.6,46.1,2,,Energy,261189984.0,521595.45
BMNDF,Biomind Labs Inc.,0.076,5,9,3,5,8,4,2,36,-21,15,Broken,Avoid/exit,45,126.3,-24.2,6.6,49.7,1,7,Healthcare,4266447.0,1168.03
DHBUF,Delivra Health Brands Inc,0.072,1,15,3,1,4,2,2,28,-13.0,15.0,Broken,Avoid/exit,24,21.9,-1.1,0.5,49.2,2,,Healthcare,2241469.0,8717.41
GPUSD,Alset AI Ventures Inc.,0.071,2,4,1,7,2,2,2,20,-5.0,15.0,Broken,Avoid/exit,33,-24.8,-26.2,-18.7,41.4,1,,Technology,2220062.0,5575.52
KBLB,Kraig Biocraft Labs,0.099,5,11,4,1,3,2,2,28,-11.0,15.0,Broken,Avoid/exit,24,10.0,-1.0,0.5,47.0,1,,Basic Materials,110191896.0,1288290.71
OAMCF,OverActive Media Corp,0.108,3,11,5,0,3,3,2,27,-15.0,15.0,Broken,Avoid/exit,19,0.0,-5.1,-3.4,40.1,1,,Communication Services,15707504.0,3365.71
SNTW,Summit Networks Inc,0.131,3,5,5,5,3,3,3,27,-15.0,15.0,Broken,Avoid/exit,23,0.0,0.0,-1.1,43.0,1,,Consumer Cyclical,9027427.0,1202.66
ALHDF,ALHDF,0.126,3,3,8,5,3,1,4,27,-15.0,15.0,Broken,Avoid/exit,22,0.0,0.0,-1.4,0.0,1,,Technology,7227965.0,0.0
EUEMF,European Energy Metals Corp.,0.101,4,7,1,9,3,1,5,30,-13.0,15.0,Broken,Avoid/exit,26,39.1,-29.6,-0.8,49.8,1,,Basic Materials,6715057.0,6998.64
CETH,21shares Core Ethereum ETF,0.125,2,7,0,9,3,2,2,25,-10.0,15.0,Broken,Avoid/exit,44,0.0,4.2,-86.3,48.1,0,,nan,nan,944730.52
NLIBF,NOA Lithium Brines Inc.,0.168,1,5,4,5,3,5,2,25,-10.0,15.0,Broken,Avoid/exit,25,0.4,0.4,-3.5,34.9,0,,Basic Materials,57999280.0,7824.56
FRECF,FRECF,0.188,1,6,2,6,3,0,5,23,-8.0,15.0,Broken,Avoid/exit,21,-4.7,-22.5,-2.4,47.8,0,,nan,9431379.0,5956.41
KNXFF,Vault Strategic Mining Corp.,0.179,6,13,3,3,3,0,2,30,-15.0,15.0,Broken,Avoid/exit,22,-10.2,-12.4,-9.6,38.3,2,,Basic Materials,2172327.0,3905.44
FVNNR,Future Vision II Acquisition Corporation Right,0.17,9,3,1,14,3,1,5,36,-21.0,15.0,Broken,Avoid/exit,53,-19.0,0.1,-4.7,49.4,0,,nan,nan,6309.4
RAINW,"Rain Enhancement Technologies Holdco, Inc. Warrants",0.15,0,3,2,8,2,0,2,17,0.0,15.0,Broken,Avoid/exit,15,-23.1,-20.6,-18.5,31.2,1,,nan,nan,11505.12
LRRLF,Gorilla Gold Mines Ltd,0.2,3,6,1,5,0,3,4,22,-10.0,15.0,Broken,Avoid/exit,21,0.0,0.0,-4.0,35.4,0,,Basic Materials,189537360.0,755.41
LEMIF,Leading Edge Materials Corp,0.205,12,9,5,2,5,3,2,38,-28,15,Broken,🔥 COILED: Avoid/exit,54,4.3,11.0,2.0,52.3,3,,Basic Materials,52871000.0,49797.78
BNXTF,BioNxt Solutions Inc.,0.215,0,2,7,9,0,0,2,20,-5.0,15.0,Broken,Avoid/exit,8,-9.8,-14.0,-10.8,30.1,1,,Healthcare,27636840.0,5421.6
GRLMF,GRLMF,0.2,6,7,3,4,0,5,5,30,-15.0,15.0,Broken,Avoid/exit,25,-1.5,-9.1,-1.5,48.5,1,,Basic Materials,19864736.0,32087.42
RENGF,RENGF,0.23,0,2,1,10,3,0,4,20,-5.0,15.0,Broken,Avoid/exit,23,-8.0,-8.0,-9.8,38.3,1,,Basic Materials,9792919.0,2271.01
ALP,Alpha Compute Corp,0.202,0,5,2,9,2,0,2,20,-5.0,15.0,Broken,Avoid/exit,26,-13.5,-39.2,-15.9,40.6,1,,Financial Services,4765713.0,9246612.6
CULTF,Cult Food Science Corp,0.221,5,9,6,1,3,4,2,30,-15.0,15.0,Broken,Avoid/exit,44,-5.6,-5.7,-9.7,41.5,1,,Consumer Defensive,517941.0,2418.06
VOBIF,Vobile Group Limited,0.261,3,6,1,4,3,3,2,22,-10.0,15.0,Broken,Avoid/exit,13,0.0,0.0,-6.4,33.2,0,,Technology,991351680.0,633.38
VULMF,Vulcan Minerals Inc,0.296,9,6,8,6,3,2,4,38,-23.0,15.0,Broken,Avoid/exit,53,-1.5,-4.6,-0.2,51.7,1,,Basic Materials,38399148.0,10738.46
MGROF,Mustgrow Biologics Corp,0.255,5,9,3,5,4,2,2,30,-15.0,15.0,Broken,Avoid/exit,17,-3.8,-3.8,-5.9,38.4,1,,Basic Materials,17952000.0,2532.28
MBAVW,M3-Brigade Acquisition V Corp. Warrant,0.28,0,5,0,10,0,0,2,17,0.0,15.0,Broken,Avoid/exit,21,-26.3,-24.3,-37.2,42.0,1,,nan,10062500.0,33313.42
PCRCF,Bolt Metals Corp,0.281,3,5,4,3,6,4,2,27,-15.0,15.0,Broken,Avoid/exit,36,-3.1,-25.8,-12.7,43.4,1,,Basic Materials,7251076.0,0.0
STBMF,St Barbara Limited,0.305,3,3,8,0,3,3,2,22,-10.0,15.0,Broken,Avoid/exit,15,0.0,0.0,-4.5,29.4,0,,Basic Materials,444446016.0,6244.97
ZNOG,Zion Oil & Gas Inc,0.415,9,9,1,4,0,2,2,27,-15.0,15.0,Broken,Avoid/exit,44,1.2,-5.7,-4.2,45.4,1,,Energy,491267680.0,3656044.05
FFMGF,First Mining Gold Corp,0.435,10,7,2,1,5,0,2,27,-15.0,15.0,Broken,Avoid/exit,53,-0.9,-4.4,-1.3,49.9,1,,Basic Materials,602125504.0,1394514.98
DEFT,DeFi Technologies Inc.,0.427,6,9,4,0,4,2,2,27,-10.0,15.0,Broken,Avoid/exit,21,1.2,-8.4,-6.1,38.8,1,,Financial Services,165631584.0,6216393.24
NILIF,Surge Battery Metals Inc,0.41,5,3,3,7,0,2,2,22,-5.0,15.0,Broken,Avoid/exit,38,-1.6,-10.5,-8.9,37.4,1,,Basic Materials,102978488.0,265253.69
CLDHF,CapitaLand China Trust,0.49,4,4,1,2,3,3,3,20,-10.0,15.0,Broken,🔥 COILED: Avoid/exit,15,0.0,-1.0,-1.1,44.4,0,,Real Estate,1010185600.0,83.88
KTGDF,K2 Gold Corporation,0.491,1,4,9,9,0,2,3,28,-13.0,15.0,Broken,Avoid/exit,33,-6.1,-6.5,-5.8,38.8,1,,Basic Materials,130276056.0,28093.55
SNZZF,Senzime AB (publ),0.474,1,5,1,5,3,5,3,23,-13.0,15.0,Broken,🔥 COILED: Avoid/exit,26,0.0,0.0,-1.4,47.8,1,,Healthcare,93246360.0,4848.22
MTBLY,Moatable Inc,0.47,13,6,5,6,3,6,5,44,-29,15,Broken,Avoid/exit,40,27.0,34.3,19.2,69.3,3,,Technology,8602819.0,2639.12
VLTLF,Volt Lithium Corp.,0.582,7,13,4,0,4,2,2,32,-15.0,15.0,Broken,Avoid/exit,34,3.6,4.9,-5.9,41.9,1,,Basic Materials,125575784.0,567400.61
PINXF,The People's Insurance Company (Group) of China Limited,0.63,4,4,6,3,3,3,2,25,-10.0,15.0,Broken,Avoid/exit,28,0.0,0.0,-0.9,16.9,0,,Financial Services,29258592256.0,33451.8
DXLG,Destination XL Group Inc,0.62,5,8,8,3,2,4,2,32,-17.0,15.0,Broken,Avoid/exit,34,0.0,-1.6,-2.3,41.2,1,,Consumer Cyclical,34269316.0,149817.64
MBIO,Mustang Bio Inc,0.631,2,11,3,6,3,0,2,27,-13.0,15.0,Broken,Avoid/exit,33,2.5,-4.6,-0.9,47.2,2,,Healthcare,4784436.0,126983.36
MANA,Manatron Inc,0.62,5,5,4,2,3,1,5,25,-10.0,15.0,Broken,Avoid/exit,25,-15.1,12.7,-0.0,49.6,2,,nan,nan,14128.02
SITKF,Sitka Gold Corp,0.66,5,10,2,5,2,0,2,26,-11.0,15.0,Broken,Avoid/exit,24,-4.3,-4.3,-4.4,40.5,1,,Basic Materials,279397600.0,174964.58
PDSB,PDS Biotechnology Corp,0.691,3,8,5,4,4,2,2,28,-13.0,15.0,Broken,Avoid/exit,25,-9.1,-8.2,-10.2,33.8,2,,Healthcare,38619600.0,763142.51
GLNDW,Greenland Energy Company Warrant,0.669,3,14,4,0,2,2,2,27,-10.0,15.0,Broken,Avoid/exit,0,-13.3,11.5,-10.6,41.2,2,,nan,nan,0.0
XPL,Solitario Exploration & Royalty Corp,0.73,0,8,9,6,2,0,2,27,-15.0,15.0,Broken,Avoid/exit,27,-2.7,-3.9,-3.2,41.5,1,,Basic Materials,67939456.0,308663.3
ONCO,Onconetix Inc,0.83,3,7,4,0,7,2,2,25,-8.0,15.0,Broken,Avoid/exit,38,-6.7,-2.2,-6.4,45.7,0,,Healthcare,3064307.0,508805.28
ITVPF,ITV plc,0.93,3,3,2,2,3,7,2,22,-10.0,15.0,Broken,Avoid/exit,18,0.0,0.0,-5.7,4.6,0,,Communication Services,3926960384.0,0.0
MTTRY,Ceconomy AG ADR,0.91,12,15,2,4,3,0,5,41,-26.0,15.0,Broken,Avoid/exit,42,11.0,18.2,12.8,57.8,3,,Consumer Cyclical,2267075840.0,10092.08
GIFT,"RDE, Inc.",0.908,2,11,6,3,3,0,2,27,-13.0,15.0,Broken,Avoid/exit,43,-0.2,6.1,-0.1,49.2,2,,Communication Services,30971560.0,74667.95
BCLI,Brainstorm Cell Therapeutics Inc,0.92,10,5,2,5,4,0,4,30,-15.0,15.0,Broken,Avoid/exit,41,0.0,-4.2,-5.7,46.1,2,,Healthcare,9931297.0,19356.72
GROY-WT,Gold Royalty Corp,0.9,3,12,7,0,4,2,2,30,-13.0,15.0,Broken,Avoid/exit,24,-2.2,-5.3,-4.7,43.9,0,,nan,nan,34311.27
MPEXX,Morgan Stanley Institutional Liquidity Funds - Prime Portfolio,1.0,1,2,4,6,3,2,4,22,-10.0,15.0,Broken,Avoid/exit,22,-0.0,-0.0,-0.0,24.5,0,,nan,nan,0.0
TOPXX,Federated Hermes Treasury Obl Premier,1.0,3,6,0,4,0,3,4,20,-10.0,15.0,Broken,🔥 COILED: Avoid/exit,0,-71.9,0.0,-59.9,40.5,0,,nan,nan,0.0
BRGX,"BioRegenx, Inc.",0.008,3,2,9,4,0,3,3,24,-10.0,14.0,Broken,Avoid/exit,24,-1.3,-1.3,-2.3,38.8,0,,Healthcare,7286813.0,26500.51
CREQF,China Rare Earth Holdings Limited,0.001,6,4,6,2,3,1,4,26,-15.0,14.0,Broken,Avoid/exit,19,0.0,0.0,-60.8,25.4,1,,Basic Materials,3069495.0,5271.31
HDUP,HeadsUp Entertainment International Inc,0.007,2,2,2,7,0,4,2,19,-5.0,14.0,Broken,Avoid/exit,24,-23.9,-33.0,-38.0,34.9,1,,Communication Services,1586153.0,103518.78
TNMD,Tianrong Medical Group Inc,0.003,7,6,3,0,3,3,2,24,-10.0,14.0,Broken,Avoid/exit,27,0.0,0.0,-8.3,39.3,0,,Real Estate,1550000.0,3862.69
EVFM,Evofem Biosciences Inc,0.007,2,2,2,8,3,0,2,19,-5.0,14.0,Broken,Avoid/exit,26,-8.8,-8.8,-9.9,39.7,1,,Healthcare,967469.0,288505.1
ODYY,Odyssey Group International Inc,0.006,3,5,8,7,0,2,2,27,-13.0,14.0,Broken,Avoid/exit,8,0.0,-14.3,-17.8,36.8,1,,Healthcare,757264.0,132762.22
WRIT,WRIT Media Group Inc,0.001,4,3,9,0,3,3,2,24,-10.0,14.0,Broken,Avoid/exit,25,0.0,-7.1,-5.6,32.8,0,,Communication Services,594652.0,132104.65
NRGT,Energy Today Inc,0.006,4,7,4,2,3,2,2,24,-10.0,14.0,Broken,Avoid/exit,28,0.0,-13.3,-5.5,41.6,0,,Consumer Defensive,524806.0,36424.03
PREC,Prestige Cars International Inc,0.008,14,3,6,2,0,1,5,31,-13.0,14.0,Broken,Avoid/exit,43,-4.5,-4.5,2.5,59.8,0,,Consumer Cyclical,348631.0,25056.13
MNGGF,Mongolia Growth Group Ltd.,0.01,3,3,8,5,3,3,4,29,-15.0,14.0,Broken,Avoid/exit,15,0.0,0.0,-59.1,14.1,1,,Real Estate,255152.0,0.0
CARM,Carisma Therapeutics Inc.,0.004,5,5,4,0,3,2,2,21,-10.0,14.0,Broken,Avoid/exit,19,7.1,-13.5,-18.1,44.5,0,,Healthcare,188302.0,222450.6
JNHMF,Jack Nathan Medical Corp,0.008,3,5,3,5,3,3,2,24,-15.0,14.0,Broken,🔥 COILED: Avoid/exit,32,0.0,0.0,-4.0,43.3,1,,Healthcare,69679.0,79.0
IGTA,Inception Growth Acquisition Ltd,0.001,3,3,8,5,3,3,4,29,-15.0,14.0,Broken,Avoid/exit,17,0.0,0.0,-99.9,5.5,1,,Financial Services,2800.0,0.0
CREVF,Carbon Revolution Limited,0.001,4,3,9,2,3,1,4,26,-15.0,14.0,Broken,Avoid/exit,24,0.0,0.0,-43.5,22.1,1,,Consumer Cyclical,1927.0,183722.6
CHDHF,Ev Dynamics (Holdings) Limited,0.021,4,6,1,5,3,3,4,26,-15.0,14.0,Broken,Avoid/exit,17,0.0,0.0,-32.6,21.0,1,,Consumer Cyclical,13894983.0,266.0
INNI,Innovaro Inc,0.015,0,2,5,8,0,0,4,19,-5.0,14.0,Broken,Avoid/exit,26,-35.6,-31.5,-28.6,36.2,1,,Financial Services,4231037.0,71614.7
PORCF,PORCF,0.011,3,7,2,5,0,3,4,24,-15.0,14.0,Broken,🔥 COILED: Avoid/exit,19,0.0,0.0,-8.0,45.0,1,,Basic Materials,996557.0,4086.01
ZAAGD,"Goliath National, Inc.",0.012,3,7,2,6,0,2,2,22,-8.0,14.0,Broken,Avoid/exit,35,-0.8,-42.6,-19.5,41.5,0,,Consumer Cyclical,80416.0,7649.6
ONFOW,Onfolio Holdings Inc. Warrant,0.013,1,11,1,6,3,4,2,28,-14.0,14.0,Broken,Avoid/exit,12,30.7,-5.0,-38.9,42.4,1,,nan,nan,30162.35
KITTW,Nauticus Robotics Inc.,0.011,3,10,3,4,2,2,2,26,-10.0,14.0,Broken,Avoid/exit,15,-13.8,-47.9,-39.7,41.4,1,,nan,nan,113862.74
LUCYW,Innovative Eyewear Inc,0.03,0,6,0,9,2,0,2,19,-3.0,14.0,Broken,Avoid/exit,15,-52.7,-59.6,-43.1,37.7,0,,nan,nan,8709.31
RLMLF,Resolution Minerals Ltd,0.031,5,9,8,1,2,3,4,32,-18.0,14.0,Broken,Avoid/exit,24,-4.6,0.0,-4.6,44.8,1,,Basic Materials,70994024.0,2054385.73
SBLRF,Sable Resources Ltd,0.039,2,3,9,0,4,4,2,24,-10.0,14.0,Broken,Avoid/exit,32,-7.1,-11.4,-5.3,39.8,0,,Basic Materials,13641864.0,70245.74
FCHDF,FCHDF,0.035,12,7,3,0,5,5,5,37,-23.0,14.0,Broken,Avoid/exit,25,-9.5,-14.1,-5.3,48.7,1,,Basic Materials,6340390.0,0.0
AMYZF,American Manganese Inc,0.043,1,10,5,4,3,2,2,27,-11.0,14.0,Broken,Avoid/exit,24,1.7,-11.0,-3.8,42.9,1,,Basic Materials,11059049.0,195593.61
UDOCF,Unidoc Health Corp,0.05,3,2,2,10,0,0,2,19,-5.0,14.0,Broken,Avoid/exit,14,-27.2,-35.7,-26.9,39.6,1,,Healthcare,4825295.0,16636.6
CASXF,Casa Minerals Inc,0.051,6,12,4,3,2,0,2,29,-13.0,14.0,Broken,Avoid/exit,22,0.2,-7.8,-1.1,47.8,1,,Basic Materials,3785562.0,17632.44
GPOX,GPO Plus Inc,0.042,2,3,0,8,4,2,2,21,-5.0,14.0,Broken,Avoid/exit,11,2.4,-16.0,-16.0,37.3,1,,Consumer Defensive,3589395.0,164878.0
BMPA,BMP AI Technologies Inc.,0.05,5,5,6,0,1,2,2,21,-10.0,14.0,Broken,Avoid/exit,25,0.0,0.0,-12.0,46.2,0,,Technology,9995.0,33704.18
NETX,Tradr 2X Long NET Daily ETF,0.045,3,6,3,8,0,0,2,22,-8.0,14.0,Broken,Avoid/exit,24,-10.0,0.0,-19.9,33.9,0,,nan,nan,0.0
VMTG,Victor Mining Industry Group Inc,0.06,5,11,2,2,5,2,5,32,-21.0,14.0,Broken,Avoid/exit,26,-38.0,-53.4,-23.9,43.4,2,,Industrials,118415688.0,10725.67
JGLDF,Japan Gold Corp,0.065,9,9,6,7,5,0,5,41,-27.0,14.0,Broken,Avoid/exit,21,-3.0,10.2,0.7,51.1,4,,Basic Materials,20475608.0,26592.07
TTGXF,TTGXF,0.068,2,1,2,8,0,2,2,17,-3.0,14.0,Broken,Avoid/exit,21,-29.4,-29.4,-21.6,24.7,1,,Energy,5096686.0,11475.17
DBCCF,Decibel Cannabis Company Inc,0.077,4,6,7,1,2,4,2,26,-15.0,14.0,Broken,Avoid/exit,29,-0.8,-7.6,-3.5,41.1,1,,Healthcare,44547740.0,168377.46
PKKFF,Tenet Fintech Group Inc,0.078,14,7,1,5,5,2,5,39,-25.0,14.0,Broken,Avoid/exit,58,-22.0,0.0,-7.0,49.8,1,,Technology,31798776.0,65674.77
PSGCF,Pinnacle Silver and Gold Corp.,0.073,4,5,8,4,2,5,4,32,-18.0,14.0,Broken,Avoid/exit,33,-5.4,-5.1,-3.7,43.1,1,,Basic Materials,12325804.0,23993.88
PMHS,PMHS,0.08,2,1,6,7,3,0,2,21,-3.0,14.0,Broken,Avoid/exit,9,-32.2,-32.2,-23.3,37.2,1,,Healthcare,2244247.0,651.58
DAZSF,Da Ai Zhi Shui International Holding Group Ltd,0.09,6,4,4,0,0,3,4,21,-10.0,14.0,Broken,Avoid/exit,23,0.0,0.0,-11.3,39.8,0,,Consumer Cyclical,15660001.0,0.0
GMVMF,GMV Minerals Inc,0.086,3,9,6,1,2,1,2,24,-13.0,14.0,Broken,Avoid/exit,10,-5.0,-6.2,-3.5,44.8,1,,Basic Materials,10376219.0,104067.09
VGMIF,Visible Gold Mines Inc,0.09,4,4,5,3,3,3,2,24,-10.0,14.0,Broken,Avoid/exit,32,0.0,0.0,-8.6,29.3,0,,Basic Materials,5573275.0,775.48
VSEE,"VSee Health, Inc.",0.089,3,10,2,2,3,2,2,24,-13.0,14.0,Broken,Avoid/exit,24,-2.2,-9.2,-9.5,37.7,2,,Healthcare,4325348.0,5737777.74
LMPX,Lmp Automotive Holdings Inc,0.085,15,8,5,5,6,4,5,48,-30,14,Broken,Avoid/exit,58,6.2,20.7,12.2,85.7,3,,Consumer Cyclical,883610.0,0.0
SIOLY,Sino-Ocean Group Holding Ltd ADR,0.113,4,6,4,4,3,0,3,24,-10.0,14.0,Broken,Avoid/exit,21,-10.6,64.6,-2.5,48.1,2,,Real Estate,99356928.0,2566.01
REVVF,ReVolve Renewable Power Corp.,0.124,6,4,3,3,3,3,4,26,-15.0,14.0,Broken,Avoid/exit,21,0.0,0.0,-2.2,45.6,1,,Utilities,15100176.0,2164.7
FOBIF,Fobi AI Inc,0.1,14,12,1,6,6,0,5,44,-30,14,Broken,Avoid/exit,68,11.1,17.6,11.9,53.0,3,,Technology,12234099.0,43799.7
CASIF,"CASI Pharmaceuticals, Inc.",0.129,5,5,3,6,0,2,5,26,-15.0,14.0,Broken,Avoid/exit,21,-8.0,-11.0,-9.7,46.9,1,,Healthcare,2647596.0,80108.98
BTCY,Biotricity Inc,0.114,3,9,3,6,2,4,2,29,-13.0,14.0,Broken,Avoid/exit,19,1.2,-8.2,-4.8,45.6,2,,Healthcare,2312091.0,62303.75
TMET,iShares Transition-Enabling Metals ETF,0.11,3,12,2,0,3,2,5,27,-13.0,14.0,Broken,Avoid/exit,25,10.0,15.8,-90.9,44.9,2,,nan,nan,25296.15
VEXTF,Vext Science Inc,0.165,6,6,6,6,0,4,2,30,-15.0,14.0,Broken,Avoid/exit,12,-7.9,-5.5,-5.5,41.1,1,,Healthcare,40867840.0,40463.81
NOMNF,CANEX Metals Inc,0.16,9,6,2,4,0,1,2,24,-10.0,14.0,Broken,Avoid/exit,19,-8.6,-7.7,-4.7,46.8,0,,Basic Materials,33380456.0,14762.6
BLMH,Blum Holdings Inc,0.17,7,3,7,3,0,2,2,24,-10.0,14.0,Broken,Avoid/exit,17,-5.6,-15.0,-11.9,42.1,0,,Healthcare,6936338.0,7688.22
ROWKF,RenoWorks Software Inc,0.16,0,2,0,8,2,0,2,14,0.0,14.0,Broken,Avoid/exit,20,-40.7,-41.8,-32.4,28.9,0,,Technology,6544208.0,7096.26
FDXTF,FendX Technologies Inc.,0.185,10,14,8,6,4,2,2,46,-28,14,Broken,Avoid/exit,33,27.4,18.2,12.3,56.3,4,,Basic Materials,1727929.0,2536.2
PTAIF,PT Astra International Tbk,0.231,3,4,6,3,3,3,2,24,-10.0,14.0,Broken,Avoid/exit,22,0.0,0.0,-3.3,16.3,0,,Industrials,14603259904.0,0.0
CPPMF,Copper Mountain Mining Corporation,0.202,6,7,8,0,2,4,2,29,-15.0,14.0,Broken,Avoid/exit,15,-3.6,-0.7,-6.0,39.7,1,,Basic Materials,33530040.0,158042.3
LFLRF,LFLRF,0.219,3,12,7,0,3,2,2,29,-13.0,14.0,Broken,Avoid/exit,18,-2.4,-3.4,-3.9,40.8,2,,Basic Materials,25663386.0,138188.88
MUNMF,Mundoro Capital Inc,0.252,8,7,5,2,2,2,4,30,-16.0,14.0,Broken,Avoid/exit,28,-3.1,0.8,-0.3,48.1,1,,Basic Materials,28258824.0,56359.86
FFOXF,FireFox Gold Corp,0.298,0,2,7,8,0,0,2,19,-5.0,14.0,Broken,Avoid/exit,20,-11.0,-13.2,-11.4,30.8,1,,Basic Materials,15206930.0,13637.43
MCGAW,Yorkville Acquisition Corp.,0.257,1,14,1,1,3,0,2,22,-8.0,14.0,Broken,Avoid/exit,23,-11.4,-4.9,-14.6,43.5,0,,nan,nan,18731.35
AVTGF,AVTGF,0.324,2,3,6,4,3,4,2,24,-10.0,14.0,Broken,Avoid/exit,12,-7.4,-8.2,-9.4,1.5,0,,nan,68599184.0,6715.83
GOCOQ,"GoHealth, Inc.",0.337,5,7,7,3,3,2,2,29,-15.0,14.0,Broken,Avoid/exit,23,8.7,-10.8,-7.5,38.5,1,,Financial Services,9874940.0,151941.08
USAQ,USA Equities Corp,0.348,7,9,4,5,4,3,5,37,-23.0,14.0,Broken,Avoid/exit,30,46.8,-16.5,11.5,54.0,1,,Healthcare,4509836.0,6277.81
DAAQW,Digital Asset Acquisition Corp.,0.34,2,12,0,0,4,0,2,20,-6.0,14.0,Broken,Avoid/exit,26,-2.9,-17.3,-6.9,45.4,0,,nan,nan,17086.69
BLZRW,Trailblazer Acquisition Corp. Warrant,0.333,2,4,1,7,0,0,2,16,0.0,14.0,Broken,Avoid/exit,17,-7.9,-22.6,-20.9,37.5,0,,nan,nan,0.0
RNGTW,Range Capital Acquisition Corp II Warrants,0.342,7,4,1,13,3,2,2,32,-18.0,14.0,Broken,Avoid/exit,35,2.1,-0.9,-2.6,46.4,0,,nan,nan,0.0
QVCPQ,QVC Group Inc.,0.302,1,7,0,1,4,2,2,17,-6.0,14.0,Broken,Avoid/exit,0,-16.1,-94.3,-86.4,20.7,1,,Consumer Cyclical,nan,0.0
BCCOY,BICO Group AB (publ),0.369,1,3,1,7,3,2,2,19,-5.0,14.0,Broken,Avoid/exit,20,0.0,-26.2,-13.7,31.5,1,,Healthcare,183494720.0,681.19
CHOW,ChowChow Cloud International Holdings Limited,0.35,6,4,8,0,2,2,2,24,-13.0,14.0,Broken,Avoid/exit,26,2.5,-6.9,-5.1,43.3,1,,Technology,12421500.0,4956328.06
EGRX,Eagle Pharmaceuticals Inc,0.37,5,1,1,5,6,4,2,24,-10.0,14.0,Broken,Avoid/exit,36,-15.9,-37.8,-28.6,17.1,0,,Healthcare,3289388.0,3531.12
ASPSW,Altisource Portfolio Solutions S.A.,0.357,4,7,0,0,5,4,2,22,-8.0,14.0,Broken,Avoid/exit,29,-14.0,-15.0,-7.0,44.0,0,,nan,nan,22074.84
VVOS,Vivos Therapeutics Inc,0.42,3,13,4,0,3,2,2,27,-11.0,14.0,Broken,Avoid/exit,22,1.2,2.4,-4.0,41.6,1,,Healthcare,5835732.0,635888.66
USSHF,Uniserve Communications Corporation,0.45,10,3,11,6,3,2,4,39,-28.0,14.0,Broken,Avoid/exit,47,0.0,0.0,0.0,87.4,1,,Communication Services,17970306.0,50.0
AICAF,Air China Limited,0.52,3,4,3,3,3,3,2,21,-10.0,14.0,Broken,Avoid/exit,21,0.0,0.0,-2.1,20.4,0,,Industrials,13115238400.0,1771.0
KRLCF,Kainantu Resources Ltd.,0.511,11,3,2,9,3,0,5,33,-19.0,14.0,Broken,Avoid/exit,53,-13.6,-8.4,1.4,54.5,1,,Basic Materials,12474579.0,19442.31
WHLM,Wilhelmina,0.5,3,4,2,5,3,5,2,24,-10.0,14.0,Broken,Avoid/exit,9,0.0,0.0,-40.5,0.9,0,,Industrials,2459922.0,335.42
BORMF,BOREALIS MNG CO LTD,0.538,5,7,7,3,0,0,2,24,-10.0,14.0,Broken,Avoid/exit,14,-7.2,-10.0,-8.2,34.9,0,,nan,nan,118587.41
IQEPF,IQE PLC,0.55,9,8,7,2,0,3,2,31,-15.0,14.0,Broken,Avoid/exit,43,-11.0,-1.4,-5.8,46.3,1,,Technology,732068096.0,1233868.35
EMPYF,Empress Royalty Corp,0.588,9,6,4,2,2,5,3,31,-17.0,14.0,Broken,Avoid/exit,37,-1.1,3.2,-0.5,48.9,0,,Basic Materials,78546024.0,394525.36
USPCY,China Strategic Technology Group Limited,0.578,3,3,6,4,3,3,4,26,-15.0,14.0,Broken,Avoid/exit,8,0.0,0.0,-5.6,0.0,1,,Industrials,47295912.0,26.0
ETCMY,Eutelsat Communications SA ADR,0.62,3,8,2,0,3,6,2,24,-10.0,14.0,Broken,Avoid/exit,20,-3.8,-8.4,-8.3,36.9,2,,Communication Services,2920994048.0,32939.85
REKR,Rekor Systems Inc,0.631,3,13,5,3,4,2,2,32,-16.0,14.0,Broken,Avoid/exit,25,1.0,1.2,-1.3,46.6,1,,Technology,86872000.0,3462433.44
BRANF,Baran Group Ltd,0.72,3,7,3,6,0,1,4,24,-10.0,14.0,Broken,Avoid/exit,12,0.0,0.0,-9.5,14.7,0,,Industrials,19625498.0,7.52
HUNGF,Huaneng Power International Inc,0.768,3,7,4,3,3,2,2,24,-10.0,14.0,Broken,Avoid/exit,44,9.2,9.2,-3.5,38.6,1,,Utilities,15601482752.0,0.0
TRX,Tanzanian Royalty Exploration Corp,0.79,5,9,8,1,2,2,2,29,-15.0,14.0,Broken,Avoid/exit,15,-3.7,-2.5,-2.2,45.1,1,,Basic Materials,279368096.0,3834708.6
LNDNF,Lundin Energy AB,0.75,5,4,3,5,3,7,2,29,-15.0,14.0,Broken,Avoid/exit,31,0.0,0.0,-3.4,0.5,1,,Utilities,252568640.0,195.38
INTZ,Intrusion Inc,0.777,2,10,2,6,5,4,5,34,-21.0,14.0,Broken,Avoid/exit,31,-9.2,-16.3,-5.8,45.4,1,,Technology,17056384.0,732427.13
RZLVW,Rezolve AI Limited Warrants,0.755,2,11,2,0,2,2,3,22,-6.0,14.0,Broken,Avoid/exit,28,-5.6,-9.6,-5.0,43.2,0,,nan,nan,41619.51
FOMNF,Forte Minerals Corp.,0.811,3,4,6,5,3,3,2,26,-15.0,14.0,Broken,Avoid/exit,36,0.0,0.0,-1.8,18.4,1,,Basic Materials,67252048.0,2408.56
DCX,Digital Currency X Technology Inc.,0.902,6,10,3,0,3,2,2,26,-10.0,14.0,Broken,Avoid/exit,24,28.9,-5.9,-9.5,40.0,0,,Consumer Cyclical,317122624.0,460718.65
URLOF,NameSilo Technologies Corp,0.95,3,6,6,0,4,3,2,24,-10.0,14.0,Broken,Avoid/exit,16,0.0,-2.6,-2.3,37.7,0,,Technology,85583112.0,42901.49
BLNE,"Beeline Holdings, Inc.",0.966,6,10,4,0,2,2,2,26,-12.0,14.0,Broken,Avoid/exit,25,-0.7,-8.8,-6.5,40.5,1,,Financial Services,31721936.0,753560.21
AIKO,Alternative Investment Corporation,0.983,1,5,1,5,3,7,2,24,-13.0,14.0,Broken,Avoid/exit,25,0.0,0.0,-4.9,46.3,1,,Financial Services,15317435.0,8.47
MSPXX,Morgan Stanley Institutional Liquidity Funds - Prime Portfolio,1.0,1,2,3,6,3,2,4,21,-10.0,14.0,Broken,Avoid/exit,23,-0.0,-0.0,-0.0,36.1,0,,nan,nan,0.0
TOYWF,TOYWF,0.96,3,5,6,6,0,2,2,24,-10.0,14.0,Broken,Avoid/exit,28,-8.7,-25.0,-29.7,37.3,0,,nan,nan,0.0
STBEF,Starbreeze AB (publ),0.005,3,4,6,2,3,3,4,25,-15.0,13.0,Broken,Avoid/exit,7,0.0,0.0,-24.7,0.0,1,,Communication Services,8122191.0,5.75
LTUS,Lotus Pharmaceuticals Inc,0.003,5,7,2,5,0,2,2,23,-13.0,13.0,Broken,Avoid/exit,20,0.0,-3.2,-0.5,47.5,1,,Financial Services,7933547.0,11223.71
STTX,Stratex Oil & Gas,0.003,1,5,8,2,0,3,4,23,-15.0,13.0,Broken,🔥 COILED: Avoid/exit,29,0.0,0.0,-3.9,45.7,1,,Energy,387915.0,0.0
APSI,Aqua Power Systems Inc,0.01,0,4,0,7,0,0,2,13,0.0,13.0,Broken,Avoid/exit,18,-24.6,-47.6,-34.1,28.7,1,,Industrials,168601.0,0.0
GRLF,Green Leaf Innovations Inc,0.006,5,8,6,0,0,6,3,28,-15.0,13.0,Broken,Avoid/exit,16,18.0,34.1,-25.8,44.6,2,,Consumer Defensive,44055.0,28589027.99
FCIC,FCCC Inc,0.001,4,3,5,4,3,2,4,25,-15.0,13.0,Broken,Avoid/exit,14,0.0,0.0,-2.2,1.7,1,,Financial Services,6922.0,117.5
AABB,Asia Broadband Inc,0.012,7,12,8,0,2,0,4,33,-18.0,13.0,Broken,Avoid/exit,23,-3.8,-4.6,-2.8,42.4,1,,Basic Materials,58440408.0,9521693.34
VSMR,Verify Smart Corp,0.018,3,4,5,0,4,5,2,23,-10.0,13.0,Broken,Avoid/exit,22,-0.6,0.0,-13.2,38.8,0,,Technology,11758974.0,9016.5
BDCM,Broadcast Marketing Group Inc,0.014,5,3,2,5,4,2,2,23,-10.0,13.0,Broken,Avoid/exit,41,0.0,-25.8,-11.1,33.1,0,,Industrials,4365082.0,12511.1
RLTR,Reeltime Rentals Inc,0.011,3,7,1,6,6,0,2,25,-10.0,13.0,Broken,Avoid/exit,21,-13.7,-14.4,-10.3,44.3,0,,Communication Services,1375772.0,153526.45
HAUP,Hauppauge Digital OTC,0.011,1,3,0,11,0,1,2,18,-5.0,13.0,Broken,Avoid/exit,20,0.0,-26.7,-8.4,33.9,1,,Technology,111345.0,1663.48
BLEGD,BLEGD,0.015,6,5,2,4,3,4,2,26,-13.0,13.0,Broken,Avoid/exit,41,7.9,-5.6,-13.5,47.7,1,,nan,18529.0,17761.27
DFSCW,DEFSEC Technologies Inc.,0.02,3,14,1,0,3,2,2,25,-10.0,13.0,Broken,Avoid/exit,27,23.0,1.0,-5.9,47.9,1,,nan,nan,10580.86
PHCLF,Pure Hydrogen Corporation Limited,0.025,1,4,1,7,0,3,2,18,-5.0,13.0,Broken,Avoid/exit,25,0.0,0.0,-28.7,25.6,1,,Energy,10163383.0,3201.4
BUDZ,Weed Inc,0.022,7,9,4,0,2,0,2,24,-11.0,13.0,Broken,Avoid/exit,26,-13.0,-16.6,-10.4,41.9,2,,Healthcare,3277710.0,68225.31
IDYLF,Imaging Dynamics Company Ltd,0.024,9,6,11,6,0,2,4,38,-28.0,13.0,Broken,Avoid/exit,45,0.0,0.0,0.0,100.0,1,,Healthcare,242861.0,42.41
ZLSCF,ZYUS Life Sciences Corporation,0.04,3,4,1,5,3,3,4,23,-15.0,13.0,Broken,🔥 COILED: Avoid/exit,12,0.0,0.0,-28.0,46.6,1,,Healthcare,38434340.0,654.41
ICMFF,Iconic Minerals Ltd.,0.035,6,4,6,6,2,2,2,28,-15.0,13.0,Broken,Avoid/exit,16,-5.9,-8.4,-7.9,39.1,1,,Basic Materials,6501567.0,616094.53
CRSTF,Crest Resources Inc,0.037,3,4,1,5,3,5,2,23,-10.0,13.0,Broken,Avoid/exit,20,0.0,0.0,-14.5,27.5,0,,Basic Materials,3229991.0,206.87
UCLE,US Nuclear Corp,0.031,6,4,6,0,3,2,5,26,-13.0,13.0,Broken,Avoid/exit,23,-22.5,-22.5,-9.6,45.4,1,,Technology,1947490.0,75809.3
MRIRF,BMEX Gold Inc,0.034,3,6,1,5,3,3,4,25,-15.0,13.0,Broken,Avoid/exit,21,0.0,0.0,-14.4,33.3,1,,Basic Materials,1186600.0,164.82
QDROF,Quadro Resources Ltd,0.032,6,5,3,6,3,3,2,28,-15.0,13.0,Broken,Avoid/exit,26,-2.8,-2.8,-3.8,46.8,1,,Basic Materials,581224.0,1569.41
SOLCF,SOL Global Investments Corp,0.038,5,12,3,3,5,4,2,34,-21,13,Broken,Avoid/exit,24,90.0,11.8,15.5,51.1,3,5,Financial Services,532245.0,16047.2
SPCNF,SPC Nickel Corp,0.045,3,5,3,4,6,0,2,23,-10.0,13.0,Broken,Avoid/exit,32,-12.4,-12.4,-15.2,30.5,0,,Basic Materials,22789544.0,9533.05
CVUEF,ClearVue Technologies Limited,0.06,3,5,5,5,3,3,4,28,-15.0,13.0,Broken,Avoid/exit,12,0.0,-9.6,-5.9,39.0,1,,Technology,21840336.0,3745.65
FVTI,Fortune Valley Treasures Inc,0.07,13,4,5,13,3,0,5,43,-30,13,Broken,Avoid/exit,51,0.0,16.0,7.4,100.0,3,,Consumer Defensive,1098983.0,101.58
ECLMF,Ecolomondo Corporation,0.077,4,4,2,3,3,1,4,21,-13.0,13.0,Broken,🔥 COILED: Avoid/exit,20,0.0,0.0,-1.7,47.0,1,,Industrials,27215960.0,2774.77
BADVF,BADVF,0.072,3,12,3,0,4,4,2,28,-15.0,13.0,Broken,Avoid/exit,0,9.9,-5.0,-5.8,46.6,0,,Basic Materials,5580662.0,0.0
GPUSF,Alset AI Ventures Inc.,0.071,2,4,1,7,0,2,2,18,-5.0,13.0,Broken,Avoid/exit,34,-24.8,-26.2,-18.7,41.6,1,,Technology,1463925.0,5583.66
GSGTF,GenSight Biologics S.A,0.09,6,3,6,3,0,3,4,25,-15.0,13.0,Broken,Avoid/exit,10,0.0,0.0,-5.8,0.0,1,,Healthcare,21102640.0,39.8
HOGPF,HOGPF,0.097,3,5,7,4,4,0,2,25,-10.0,13.0,Broken,Avoid/exit,26,-23.7,25.4,-9.2,46.5,2,,nan,nan,51876.03
SURNF,SURNF,0.115,11,14,3,5,3,2,5,43,-28,13,Broken,Avoid/exit,27,13.3,22.0,10.4,57.2,4,,Basic Materials,3484177.0,11885.55
LEEN,"Leopard Energy, Inc.",0.133,3,4,4,2,3,3,4,23,-15.0,13.0,Broken,🔥 COILED: Avoid/exit,25,0.0,0.0,-1.4,45.9,1,,Energy,169552.0,607.95
NGMC,Next Generation Management Corp,0.1,3,7,7,4,0,3,4,28,-15.0,13.0,Broken,Avoid/exit,10,0.0,0.0,-19.0,13.9,1,,Financial Services,20000.0,128.82
PNGZF,Paringa Resources Limited,0.17,3,3,4,5,3,3,4,25,-15.0,13.0,Broken,Avoid/exit,19,0.0,0.0,-6.4,34.5,1,,Basic Materials,175250672.0,223.59
GOMRF,GéoMégA Resources Inc,0.18,2,7,2,4,4,0,2,21,-8.0,13.0,Broken,Avoid/exit,25,0.0,-5.3,-4.1,44.2,1,,Basic Materials,30745670.0,51925.87
SLVDF,Silver Dollar Resources Inc,0.175,3,11,8,0,4,0,2,28,-15.0,13.0,Broken,Avoid/exit,23,-3.7,-2.6,-3.3,43.4,2,,Basic Materials,13983281.0,145302.33
IWSH,Wright Investors Service Holdings Inc,0.19,8,6,2,5,3,2,2,28,-15.0,13.0,Broken,Avoid/exit,31,0.0,5.6,-4.1,47.1,1,,Financial Services,3917935.0,785.51
NSFDF,NXT Energy Solutions Inc,0.241,2,3,0,8,0,0,2,15,-5.0,13.0,Broken,Avoid/exit,21,-14.0,-17.0,-15.6,41.5,1,,Energy,28778396.0,13835.5
FTURF,Future Fuels Inc.,0.216,1,7,2,5,3,2,4,24,-11.0,13.0,Broken,Avoid/exit,28,22.0,-31.4,-8.0,41.8,1,,Basic Materials,23852078.0,5959.1
SUND,Sundance Strategies Inc,0.2,6,3,7,3,0,2,4,25,-15.0,13.0,Broken,Avoid/exit,13,0.0,0.0,-2.8,23.9,1,,Financial Services,8612688.0,0.0
SEUSF,Sintana Energy Inc,0.265,10,6,8,6,0,2,5,37,-24.0,13.0,Broken,Avoid/exit,18,2.0,9.6,1.2,49.8,2,,Energy,148626704.0,243236.49
GCUMF,Gunnison Copper Corp,0.25,7,6,7,3,2,2,2,29,-16.0,13.0,Broken,Avoid/exit,20,1.2,-6.4,-3.3,43.6,0,,Basic Materials,129412584.0,459445.59
ITOC,iTonic Holdings Ltd.,0.259,4,9,6,5,4,0,2,30,-15.0,13.0,Broken,Avoid/exit,29,-7.5,-20.8,-11.8,37.3,1,,Healthcare,6401962.0,0.0
MXTRF,Montero Mining and Exploration Ltd,0.271,11,4,7,5,6,5,5,43,-30,13,Broken,Avoid/exit,28,0.0,0.0,23.3,80.7,1,,Basic Materials,845383.0,1936.63
BKBMF,Black Bear Minerals Limited,0.338,4,7,8,2,0,2,4,27,-15.0,13.0,Broken,Avoid/exit,17,7.3,-5.1,-4.4,44.1,2,,Basic Materials,51523044.0,0.0
CLGN,Collplant Biotechnologies Ltd,0.328,2,10,4,2,4,2,2,26,-13.0,13.0,Broken,Avoid/exit,24,2.4,-10.2,-2.8,45.0,1,,Healthcare,6198110.0,65841.41
REEMF,Rare Element Resources Ltd,0.4,3,11,5,1,4,2,4,30,-15.0,13.0,Broken,Avoid/exit,14,5.3,-4.8,-4.3,39.2,2,,Basic Materials,258147360.0,412611.77
UNEH,"Universal New Energy Holding Group, Inc.",0.442,1,3,4,5,6,7,2,28,-15.0,13.0,Broken,Avoid/exit,38,0.0,0.0,-15.0,21.4,1,,Industrials,17306228.0,2538.06
FOSUF,Fosun International Ltd,0.49,18,5,3,5,6,1,5,43,-30,13,Broken,Avoid/exit,48,14.0,14.0,8.0,100.0,3,,Industrials,3465276928.0,72.0
MDEVF,Melco International Development Limited,0.463,1,11,2,0,3,2,2,21,-8.0,13.0,Broken,Avoid/exit,19,-1.1,-18.8,-7.8,43.3,1,,Consumer Cyclical,1066251456.0,0.0
AMGDF,Aston Martin Lagonda Global Holdings plc,0.483,3,8,5,5,3,2,2,28,-15.0,13.0,Broken,Avoid/exit,23,9.5,-6.2,-4.6,44.3,1,,Consumer Cyclical,523460032.0,26544.43
PLMKW,Plum Acquisition Corp. IV Warrants,0.45,2,7,6,6,3,0,2,26,-13.0,13.0,Broken,Avoid/exit,37,-6.2,-6.2,-3.6,45.3,0,,nan,nan,36956.19
CUCSF,China Communications Services Corporation Limited,0.535,2,1,3,5,3,6,3,23,-10.0,13.0,Broken,Avoid/exit,27,-0.9,-0.9,-0.6,5.0,0,,Communication Services,3704588800.0,0.0
SCPPF,S4 Capital plc,0.5,14,5,8,5,4,5,5,46,-29,13,Broken,Avoid/exit,55,4.0,11.1,6.2,60.2,3,,Communication Services,332930656.0,18591.9
ERDLF,EROAD Limited,0.571,5,3,4,4,3,2,4,25,-15.0,13.0,Broken,Avoid/exit,17,0.0,0.0,-0.1,0.0,1,,Technology,166608160.0,26.5
RKDA,Arcadia Biosciences Inc,0.63,9,7,7,1,2,2,2,30,-15.0,13.0,Broken,Avoid/exit,16,-6.7,1.6,-7.5,37.4,2,,Consumer Defensive,1374480.0,1110579.07
IPEXR,Inflection Point Acquisition Corp. V,0.63,10,3,5,6,3,0,5,32,-18.0,13.0,Broken,Avoid/exit,51,-3.1,-8.7,-3.4,48.6,0,,nan,nan,0.0
BLCAF,BLCAF,0.682,3,4,3,5,3,3,2,23,-10.0,13.0,Broken,Avoid/exit,21,0.0,0.0,-4.7,36.7,0,,nan,715463616.0,0.0
GEGYY,Genel Energy PLC ADR,0.69,2,3,4,5,3,8,3,28,-15.0,13.0,Broken,Avoid/exit,30,0.0,0.0,-0.4,1.2,1,,Energy,190143680.0,88.0
BKRRF,Blackrock Silver Corp,0.651,5,8,7,5,0,2,5,32,-19.0,13.0,Broken,Avoid/exit,23,-7.0,-6.8,-4.5,43.5,1,,Basic Materials,244231776.0,909214.88
BGDFF,BGDFF,0.65,4,7,5,7,4,2,2,31,-18.0,13.0,Broken,Avoid/exit,28,16.1,10.6,5.0,50.9,3,,Basic Materials,135275888.0,6633.39
TRCTF,Traction Uranium Corp,0.673,8,10,3,0,3,2,2,28,-15.0,13.0,Broken,Avoid/exit,49,11.4,-2.6,-10.1,35.5,2,,Basic Materials,6184625.0,2822.23
TMDE,TMD Energy Limited,0.732,7,3,8,9,0,2,2,31,-18.0,13.0,Broken,Avoid/exit,24,-18.7,-18.7,-14.3,42.7,0,,Energy,17247222.0,3079268.25
LUCY,Innovative Eyewear Inc.,0.741,4,9,0,3,4,2,2,24,-11.0,13.0,Broken,Avoid/exit,27,1.5,-22.7,-10.1,42.5,1,,Healthcare,6375765.0,2503982.56
TRLC,TriLinc Global Impact Fund LLC,0.8,6,3,6,3,0,3,4,25,-15.0,13.0,Broken,Avoid/exit,12,0.0,0.0,-1.8,0.0,1,,Financial Services,38221928.0,444.34
CURZ,Curzio Research LLC,0.81,3,4,3,5,3,3,2,23,-10.0,13.0,Broken,Avoid/exit,17,0.0,0.0,-2.7,3.9,0,,Communication Services,nan,53.5
STPGF,Steppe Gold Ltd,0.866,4,3,6,5,0,2,2,22,-10.0,13.0,Broken,Avoid/exit,22,-0.5,-3.8,-3.0,44.7,0,,Basic Materials,220591712.0,71348.66
COCP,Cocrystal Pharma Inc,0.935,3,12,4,0,3,2,2,26,-11.0,13.0,Broken,Avoid/exit,25,0.5,-0.5,-2.8,40.7,2,,Healthcare,12889890.0,821478.78
AFMJF,Alphamin Resources Corp,1.0,8,8,8,2,1,3,2,32,-24.0,13.0,Broken,🔥 COILED: Avoid/exit,45,0.0,-2.0,-1.0,48.5,0,,Basic Materials,1283820928.0,471147.65
SMRT,SmartRent Inc,1.0,6,12,3,0,3,2,2,28,-13.0,13.0,Broken,Avoid/exit,23,3.6,3.0,-1.5,43.2,2,,Technology,192838064.0,1334445.85
AACG,ATA Creativity Global,0.97,3,11,5,2,4,2,4,31,-16.0,13.0,Broken,Avoid/exit,33,4.0,-3.0,0.9,49.2,1,,Consumer Defensive,41912004.0,19565.87
AIRXX,AIM Investment Securities Funds (Invesco Investment Securities Funds) - Government Money Market Fund,1.0,0,5,3,5,3,0,2,18,-10.0,13.0,Broken,🔥 COILED: Avoid/exit,25,-66.9,-66.3,-36.9,46.3,0,,nan,nan,0.0
WTSYX,Wisdomtree Digital Trust - Digital Short-Term Treasury Fund,0.992,1,4,0,6,2,2,3,18,-8.0,13.0,Broken,Avoid/exit,27,-0.3,-0.3,-0.2,44.9,0,,nan,nan,0.0
BSNLF,Blue Star Helium Ltd,0.004,4,5,5,5,2,2,5,28,-16.0,12.0,Broken,Avoid/exit,17,-18.4,-20.0,-11.0,46.3,0,,Energy,24611660.0,518890.89
LBRG,Ladybug Resource Group Inc,0.008,9,6,3,3,2,2,5,30,-18.0,12.0,Broken,Avoid/exit,44,-16.3,-1.3,-6.6,48.1,0,,Healthcare,3005003.0,313750.06
ADTX,Aditxt Inc. ,0.003,5,5,4,0,2,6,5,27,-15.0,12.0,Broken,Avoid/exit,22,-14.3,-18.9,-78.4,39.3,1,,Healthcare,2993929.0,55716337.46
DGCMF,Digital Commodities Capital Corp.,0.011,3,2,6,3,2,4,2,22,-10.0,12.0,Broken,Avoid/exit,12,-21.0,-21.0,-20.1,29.2,0,,Financial Services,1838507.0,46698.79
SODE,Social Detention Inc,0.009,1,4,2,4,3,1,2,17,-10.0,12.0,Broken,🔥 COILED: Avoid/exit,11,-5.3,-5.3,-5.9,40.4,0,,Industrials,1797780.0,45269.52
BLIBQ,BB Liquidating Inc B,0.008,6,4,2,5,6,2,2,27,-15.0,12.0,Broken,Avoid/exit,36,0.0,-11.1,-4.4,45.0,1,,Communication Services,1754964.0,2610.96
PKLE,"PickleJar Entertainment Group, Inc.",0.007,9,11,3,5,3,2,2,35,-21,12,Broken,Avoid/exit,30,60.5,97.1,11.1,48.6,3,7,Technology,1645241.0,246796.12
BLQC,BlockQuarry Corp,0.003,3,15,4,5,3,0,2,32,-18.0,12.0,Broken,Avoid/exit,15,-13.3,-13.3,-6.4,45.6,1,,Financial Services,593045.0,1614419.75
MOMT,MoneyOnMobile Inc,0.003,6,8,1,0,0,3,4,22,-15.0,12.0,Broken,🔥 COILED: Avoid/exit,11,0.0,0.0,-25.0,43.3,1,,Financial Services,12214.0,1989.14
SABSW,SAB Biotherapeutics Inc,0.008,1,10,2,3,4,0,2,22,-8.0,12.0,Broken,Avoid/exit,8,-28.8,-56.8,-47.1,43.1,1,,nan,nan,31969.48
SNAVF,Star Navigation Systems Group Ltd,0.012,13,4,1,4,3,2,5,32,-20.0,12.0,Broken,Avoid/exit,59,-29.0,-18.3,-4.8,51.2,0,,Industrials,21084008.0,20799.43
KALMF,Kalgoorlie Gold Mining Limited,0.02,3,4,2,3,3,5,2,22,-10.0,12.0,Broken,Avoid/exit,22,0.0,0.0,-30.4,25.2,0,,Basic Materials,9117403.0,1064.32
UAHC,United American Healthcare Corp,0.016,1,5,1,0,6,2,4,19,-10.0,12.0,Broken,Avoid/exit,34,0.0,-23.8,-5.9,45.5,0,,Real Estate,1755915.0,4844.64
HUBCZ,Hub Cyber Security Ltd. Warrant 8/22/23,0.012,6,3,2,3,4,2,2,22,-10.0,12.0,Broken,Avoid/exit,33,5.2,-14.1,-20.1,45.8,0,,nan,nan,79553.84
ACGX,"Alliance Creative Group, Inc",0.026,1,8,3,0,3,3,2,20,-8.0,12.0,Broken,Avoid/exit,26,-0.8,-11.0,-4.0,33.5,0,,Consumer Cyclical,177255.0,15652.99
BKSY-WT,BKSY-WT,0.025,1,8,2,3,2,4,2,22,-10.0,12.0,Broken,Avoid/exit,15,-15.3,-44.3,-35.1,36.6,0,,nan,nan,79779.48
SXTPW,"60 Degrees Pharmaceuticals, Inc. Warrant",0.031,7,6,1,2,0,4,2,22,-10.0,12.0,Broken,Avoid/exit,31,5.5,3.0,-8.7,46.1,0,,Healthcare,nan,7457.92
SWISF,Sekur Private Data Ltd,0.032,3,10,4,2,2,2,2,25,-13.0,12.0,Broken,Avoid/exit,22,1.6,-15.8,-5.9,42.7,1,,Technology,8308066.0,114618.89
DQWS,DSwiss Inc,0.031,3,3,3,5,3,3,2,22,-10.0,12.0,Broken,Avoid/exit,15,0.0,0.0,-8.3,2.6,0,,Consumer Defensive,6476114.0,340.63
PHRRF,Pharmather Holdings Ltd,0.04,12,8,5,6,0,6,5,42,-30,12,Broken,Avoid/exit,25,3.3,11.9,3.7,51.4,3,,Healthcare,4095858.0,214721.83
USHAF,Usha Resources Ltd,0.034,0,3,7,4,3,3,2,22,-10.0,12.0,Broken,Avoid/exit,28,-6.1,-6.1,-6.2,32.8,0,,Basic Materials,3167845.0,6720.05
IVHI,Invech Holdings Inc,0.037,3,13,8,4,3,4,5,40,-28,12,Broken,Avoid/exit,24,-0.3,8.2,-1.2,45.8,3,,nan,32515.0,51499.93
BCBC,Bitcoin Bancorp,0.044,7,6,3,5,1,3,2,27,-15.0,12.0,Broken,Avoid/exit,29,15.5,8.4,-4.6,47.7,2,,Technology,20207774.0,41824.71
NKOSF,Labrador Gold Corp,0.042,5,11,3,3,4,2,2,30,-18.0,12.0,Broken,Avoid/exit,31,20.0,-2.3,0.3,49.0,1,,Basic Materials,6832399.0,42486.2
ETRUF,Etruscus Resources Corp,0.045,5,7,4,1,0,3,2,22,-10.0,12.0,Broken,Avoid/exit,12,0.0,0.0,-3.3,34.9,0,,Basic Materials,2893928.0,11788.57
ELST,Electronic Systems Technology Inc,0.05,8,3,7,4,0,1,4,27,-18.0,12.0,Broken,Avoid/exit,35,0.0,0.0,0.0,76.5,1,,Technology,247325.0,379.36
TSLVF,Tier One Silver Inc,0.06,4,6,5,3,2,4,4,28,-16.0,12.0,Broken,Avoid/exit,18,0.2,-10.7,-3.3,45.1,1,,nan,nan,138429.92
TEKCF,Tekcapital plc,0.066,3,3,4,6,3,1,4,24,-15.0,12.0,Broken,Avoid/exit,18,0.0,0.0,-1.3,0.0,1,,Financial Services,17025220.0,867.12
RMESF,Red Metal Resources Ltd,0.064,13,4,5,7,4,4,5,42,-30,12,Broken,Avoid/exit,47,0.0,156.0,33.8,84.0,3,,Basic Materials,13376586.0,1511.44
EESE,Energy and Environmental Services Inc,0.07,0,1,1,8,3,2,2,17,-5.0,12.0,Broken,Avoid/exit,25,-22.2,-22.2,-16.6,17.7,1,,Basic Materials,3878242.0,9215.01
CAPC,Capstone Companies Inc,0.073,0,7,0,8,2,2,2,21,-9.0,12.0,Broken,Avoid/exit,34,-30.6,-18.9,-20.5,43.4,1,,Technology,4272350.0,28687.12
MOBXW,Mobix Labs Inc,0.075,2,7,4,0,0,2,2,17,-8.0,12.0,Broken,Avoid/exit,20,-9.7,-24.9,-18.2,45.1,1,,nan,nan,34594.14
MTTAF,Meta Critical Minerals Inc.,0.09,1,12,1,5,4,0,2,25,-13.0,12.0,Broken,Avoid/exit,0,-18.0,-16.1,-14.3,40.9,1,,Basic Materials,11756901.0,0.0
DTREF,DTREF,0.091,3,5,6,4,2,2,2,24,-15.0,12.0,Broken,Avoid/exit,19,-7.0,-28.6,-9.6,42.0,1,,Basic Materials,355200448.0,5857216.02
NEXD,Next Dynamics Inc,0.091,11,3,6,10,3,4,5,42,-30,12,Broken,Avoid/exit,42,0.0,18.2,16.2,85.0,3,,Industrials,17174060.0,1328.5
MRPMF,Marco Polo Marine Ltd.,0.1,5,4,3,5,0,3,2,22,-10.0,12.0,Broken,Avoid/exit,46,0.0,0.0,-4.6,33.7,0,,Industrials,489268512.0,5028.09
COGDF,Compass Gold Corporation,0.12,1,4,4,5,3,5,2,24,-15.0,12.0,Broken,Avoid/exit,34,0.0,0.0,-4.0,42.0,1,,Basic Materials,20050630.0,9199.7
SOAR,Volato Group Inc.,0.136,6,8,5,0,2,4,2,27,-13.0,12.0,Broken,Avoid/exit,29,0.6,-4.4,-7.9,41.5,1,,Industrials,7222257.0,9588915.9
BYRRF,BYRRF,0.132,3,2,7,4,3,5,3,27,-15.0,12.0,Broken,Avoid/exit,19,0.0,-2.1,-3.2,4.9,1,,Basic Materials,2027590.0,409.48
LUXMF,LUXMF,0.11,1,9,3,0,3,0,4,20,-8.0,12.0,Broken,Avoid/exit,26,-16.8,10.0,-7.5,46.4,2,,nan,nan,0.0
KSMCF,Kirkstone Metals Corp.,0.144,10,14,4,1,3,4,2,38,-26.0,12.0,Broken,Avoid/exit,26,35.1,9.1,2.3,47.8,1,,nan,nan,0.0
BJCHF,Beijing Capital International Airport Company Limited,0.18,0,3,2,8,0,0,4,17,-5.0,12.0,Broken,Avoid/exit,9,-10.0,-10.0,-5.1,29.1,1,,Industrials,1076107008.0,561.0
KLKLF,Kirkland Lake Discoveries Corp.,0.188,2,6,7,7,0,2,2,26,-14.0,12.0,Broken,Avoid/exit,24,-2.7,-10.6,-9.8,39.5,1,,Basic Materials,38596600.0,125926.29
GRML,Greenland Mines Ltd,0.199,3,15,3,4,4,6,2,37,-23.0,12.0,Broken,Avoid/exit,0,-18.9,10.4,-9.5,42.7,3,,Basic Materials,29925218.0,0.0
CTXDF,Cantex Mine Development Corp,0.166,11,7,3,4,0,2,5,32,-20.0,12.0,Broken,Avoid/exit,22,0.5,-7.5,-1.1,47.1,1,,Basic Materials,26516792.0,17782.38
SHCMF,Search Minerals Inc,0.17,3,6,6,0,3,4,2,24,-15.0,12.0,Broken,Avoid/exit,30,0.0,-18.9,-10.1,41.3,1,,Basic Materials,7583907.0,0.0
IONI,I-On Digital Corp,0.189,1,7,6,0,6,2,2,24,-15.0,12.0,Broken,Avoid/exit,27,5.0,-24.1,-6.2,44.6,1,,Technology,6442667.0,17707.56
NVGLF,NV Gold Corporation,0.176,3,10,1,0,5,2,2,23,-11.0,12.0,Broken,Avoid/exit,40,10.2,-7.4,-7.3,44.7,2,,Basic Materials,5606181.0,19355.32
LCCCR,Lakeshore Acquisition III Corp. Rights,0.182,2,7,4,0,8,0,2,23,-11.0,12.0,Broken,Avoid/exit,33,-9.1,26.1,-4.4,47.6,2,,nan,nan,0.0
PHKIF,Poly Property Group Co. Limited,0.218,1,3,1,5,3,7,2,22,-10.0,12.0,Broken,Avoid/exit,13,0.0,-9.6,-3.7,0.0,0,,Real Estate,831107328.0,265.94
SPAUF,Spanish Mountain Gold Ltd.,0.212,7,7,9,6,0,2,2,33,-21.0,12.0,Broken,Avoid/exit,50,1.4,1.2,-1.3,46.6,1,,Basic Materials,111631392.0,209588.44
FPOCF,FPX Nickel Corp,0.24,5,8,8,0,2,2,2,27,-15.0,12.0,Broken,Avoid/exit,15,-4.0,0.0,-4.9,39.9,1,,Basic Materials,78103160.0,35570.47
IXRRF,Ionic Rare Earths Limited,0.2,0,2,1,8,0,4,2,17,-5.0,12.0,Broken,Avoid/exit,27,-23.1,-20.5,-19.3,37.4,1,,Basic Materials,54612616.0,30924.95
JNDAF,Jindalee Resources Limited,0.23,2,6,8,5,0,4,2,27,-15.0,12.0,Broken,Avoid/exit,14,-9.8,-8.0,-10.4,40.6,1,,Basic Materials,29034850.0,38664.56
WHYRF,West High Yield (W.H.Y.) Resources Ltd,0.212,0,3,8,4,2,3,2,22,-13.0,12.0,Broken,Avoid/exit,20,1.2,-3.4,-3.1,43.3,1,,Basic Materials,25823250.0,7358.52
OZBKF,Outback Goldfields Corp,0.217,2,12,2,3,2,0,4,25,-11.0,12.0,Broken,Avoid/exit,21,-2.1,-13.0,-9.4,44.0,1,,Basic Materials,21066872.0,40131.83
BGL,Blue Gold Limited Class A Ordinary Shares,0.212,3,10,6,0,4,2,2,27,-15.0,12.0,Broken,Avoid/exit,20,2.4,-9.1,-17.2,30.0,2,,Basic Materials,9175635.0,784788.68
HWTNF,HWTNF,0.264,3,9,7,0,4,2,2,27,-13.0,12.0,Broken,Avoid/exit,17,-7.3,-5.6,-8.5,37.7,1,,nan,nan,50158.39
PRNCF,PRNCF,0.264,3,9,7,0,4,2,2,27,-13.0,12.0,Broken,Avoid/exit,16,-7.3,-5.6,-8.5,37.7,1,,nan,nan,50158.39
GAYMF,Galway Metals Inc,0.339,3,8,4,6,2,2,2,27,-15.0,12.0,Broken,Avoid/exit,21,2.0,0.9,-4.1,42.5,1,,Basic Materials,47423500.0,195442.8
GCTK,GlucoTrack Inc,0.3,1,6,3,0,4,4,2,20,-8.0,12.0,Broken,Avoid/exit,18,-20.0,-43.3,-20.8,36.0,0,,Healthcare,1967783.0,2552228.69
WEIFX,Wildermuth Endowment Strategy Fund Cl I,0.34,3,4,3,4,3,3,2,22,-10.0,12.0,Broken,Avoid/exit,21,0.0,-2.9,-5.4,0.2,0,,Other,0.0,0.0
CHEAF,China Eastern Airlines Corporation Limited,0.398,3,4,3,2,3,5,2,22,-10.0,12.0,Broken,Avoid/exit,16,0.0,0.0,-3.8,7.3,0,,Industrials,10387862528.0,4290.51
SAFX,"XCF Global, Inc. Class A Common Stock",0.391,1,8,9,1,2,2,2,25,-11.0,12.0,Broken,Avoid/exit,38,-10.1,-14.6,-10.5,43.1,0,,Utilities,142114224.0,12224640.8
WEXPF,Western Exploration Inc,0.37,2,8,8,5,2,0,2,27,-15.0,12.0,Broken,Avoid/exit,12,-7.5,-5.1,-6.5,37.4,1,,Basic Materials,22573700.0,81607.32
GLATF,Global Atomic Corp,0.4,2,8,7,4,2,2,2,27,-15.0,12.0,Broken,Avoid/exit,12,-4.8,-4.8,-5.9,38.5,2,,Basic Materials,194691056.0,494698.5
LTMCF,Lithium Chile Inc,0.4,3,9,6,3,0,2,4,27,-15.0,12.0,Broken,Avoid/exit,39,-1.7,-2.2,-2.5,42.9,1,,Basic Materials,89288984.0,20144.36
XTNT,Xtant Medical Holdings Inc,0.426,6,6,3,4,2,0,3,24,-10.0,12.0,Broken,Avoid/exit,17,-3.3,-7.5,-1.9,45.8,0,,Healthcare,59681892.0,186849.89
IBO,"Impact BioMedical, Inc.",0.43,4,6,8,3,2,2,2,27,-15.0,12.0,Broken,Avoid/exit,23,-2.5,-10.4,-5.9,37.9,1,,Healthcare,46363132.0,1420451.84
TANH,Tantech Holdings Ltd,0.426,6,11,7,5,3,0,4,36,-25.0,12.0,Broken,Avoid/exit,28,-8.0,6.5,-0.6,49.3,2,,Consumer Defensive,6145007.0,211970.59
PDIYF,Predictive Discovery Limited,0.48,7,11,3,2,2,6,3,34,-20.0,12.0,Broken,Avoid/exit,23,-1.0,-0.2,-1.9,46.6,1,,Basic Materials,2371614464.0,124199.11
FEOVF,Oceanic Iron Ore Corp,0.468,3,10,2,3,3,2,2,25,-11.0,12.0,Broken,Avoid/exit,21,1.8,1.8,-2.4,44.9,2,,Basic Materials,121998760.0,12453.37
ALPS,Alps Group Inc,0.465,5,8,2,3,2,2,2,24,-10.0,12.0,Broken,Avoid/exit,12,-2.6,-2.4,-10.4,30.4,0,,nan,77442712.0,0.0
NNOMF,Nano One Materials Corp,0.481,3,10,4,3,2,2,2,26,-15.0,12.0,Broken,Avoid/exit,23,-0.2,-5.7,-4.5,37.4,2,,Basic Materials,57617588.0,91474.13
DSS,DSS Inc,0.545,4,5,4,5,4,2,2,26,-15.0,12.0,Broken,Avoid/exit,32,-10.7,-3.5,-6.1,43.8,2,,Consumer Cyclical,5523385.0,504116.23
TOON,"Kartoon Studios, Inc.",0.589,6,6,2,5,4,2,2,27,-15.0,12.0,Broken,Avoid/exit,33,-1.2,-0.2,-7.1,39.2,1,,Communication Services,34834952.0,738346.25
CYPH,Cypherpunk Technologies Inc.,0.614,0,8,8,3,2,4,2,27,-15.0,12.0,Broken,Avoid/exit,21,-16.9,-16.1,-10.4,39.2,1,,Financial Services,65379836.0,10093916.02
MVO,MV Oil Trust,0.6,3,8,2,0,3,2,2,20,-8.0,12.0,Broken,Avoid/exit,6,-1.6,-27.7,-28.4,26.7,0,,Energy,6848250.0,368153.5
ACCFF,Accord Financial Corp,0.607,6,3,5,2,3,1,4,24,-15.0,12.0,Broken,Avoid/exit,22,0.0,0.0,-0.8,4.1,1,,Financial Services,5194404.0,148.5
ORIO,Orion Digital Corp.,0.658,4,10,1,1,4,2,2,24,-13.0,12.0,Broken,Avoid/exit,11,-2.0,-8.0,-8.8,32.8,2,,Technology,15587432.0,82089.63
ASMMF,Australian Strategic Materials Ltd,0.7,8,7,5,1,2,2,2,27,-15.0,12.0,Broken,Avoid/exit,18,4.5,-4.7,-8.2,36.4,1,,Basic Materials,190211472.0,98376.91
TSKFF,Talisker Resources Ltd,0.804,4,10,3,3,2,2,3,27,-13.0,12.0,Broken,Avoid/exit,26,1.8,2.4,-0.7,47.1,1,,Basic Materials,165515104.0,247913.87
TINFF,Tincorp Metals Inc.,0.876,5,5,0,12,3,2,2,29,-13.0,12.0,Broken,Avoid/exit,49,-29.9,-32.7,-22.3,41.1,1,,Basic Materials,113878104.0,16995.42
WCT,Wellchange Holdings Company Limited,0.88,4,6,2,5,2,4,2,25,-13.0,12.0,Broken,Avoid/exit,17,7.9,-22.8,-15.8,40.8,1,,Technology,3986726.0,965476.93
GASXF,Ngx Energy International Corp,0.92,5,5,6,4,0,0,2,22,-10.0,12.0,Broken,Avoid/exit,21,-8.0,-3.3,-6.9,39.6,0,,Energy,250162080.0,59846.17
SEED,Origin Agritech Ltd,0.98,0,3,9,8,0,3,2,25,-13.0,12.0,Broken,Avoid/exit,19,-3.9,-7.5,-3.4,40.3,1,,Basic Materials,11887008.0,363952.72
ORKT,Orangekloud Technology Inc. Class A Ordinary Shares,1.0,6,8,5,6,2,2,2,31,-19.0,12.0,Broken,Avoid/exit,27,-0.5,-2.0,-4.5,44.0,1,,Technology,5839770.0,474836.08
JINXX,JPMorgan Trust I - JPMorgan Prime Money Market Fund,1.0,1,2,4,6,3,2,4,22,-10.0,12.0,Broken,Avoid/exit,24,-0.0,-0.0,-0.0,19.9,0,,nan,nan,0.0
MAVXX,Morgan Stanley Institutional Liquidity Funds - Prime Portfolio,1.0,1,2,4,6,3,2,4,22,-10.0,12.0,Broken,Avoid/exit,25,-0.0,-0.0,-0.0,29.2,0,,nan,nan,0.0
LNMG,Linike Medical Group Ltd,0.005,6,2,5,0,3,2,3,21,-10.0,11.0,Broken,Avoid/exit,11,-1.9,-23.5,-18.8,26.2,0,,Healthcare,3478529.0,6133.83
VVCVF,VVC Exploration Corporation,0.005,6,10,4,2,5,6,2,35,-22,11,Broken,Avoid/exit,23,284.6,525.0,76.2,58.3,3,6,Energy,3130800.0,57750.24
ALTPF,Altiplano Metals Inc,0.01,0,1,2,8,3,0,2,16,-5.0,11.0,Broken,Avoid/exit,5,-28.6,-28.6,-22.9,26.5,1,,Basic Materials,2485865.0,44607.78
SLDX,JMD Properties Inc,0.008,6,7,2,13,3,2,2,35,-24,11,Broken,Avoid/exit,30,58.8,58.8,4.2,49.2,3,6,Healthcare,1537677.0,1595.19
DFIFF,Diamond Fields Resources Inc,0.007,0,5,7,4,3,2,2,23,-15.0,11.0,Broken,Avoid/exit,24,-76.3,-45.8,-59.1,45.6,1,,Basic Materials,1442291.0,0.0
SSHT,Wireless Data Solutions Inc,0.009,1,5,2,2,3,4,2,19,-8.0,11.0,Broken,Avoid/exit,27,26.1,-25.6,-6.5,47.1,0,,Industrials,1275834.0,120013.72
SMPP,Strategic Management and Opportunity Corporation,0.004,3,4,1,5,3,5,5,26,-15.0,11.0,Broken,Avoid/exit,42,0.0,0.0,-83.7,48.3,1,,Financial Services,663443.0,126.55
EVLLF,EnviroLeach Technologies Inc,0.005,2,3,8,6,0,0,2,21,-10.0,11.0,Broken,Avoid/exit,12,-21.7,-6.0,-11.4,39.8,0,,Basic Materials,533954.0,109729.16
SLDC,SmartSet Automation LLC,0.001,2,1,4,8,2,0,2,19,-8.0,11.0,Broken,Avoid/exit,38,-16.7,-16.7,-11.2,38.8,0,,Communication Services,498498.0,1292022.46
NIHK,Video River Networks,0.002,5,3,4,0,3,2,4,21,-10.0,11.0,Broken,Avoid/exit,16,0.0,-12.5,-8.1,35.7,0,,Financial Services,382978.0,79890.72
MEHA,"Functional Brands, Inc. Common Stock",0.004,3,9,3,3,2,4,2,26,-15.0,11.0,Broken,Avoid/exit,20,-14.0,-14.0,-46.4,30.0,1,,Consumer Defensive,181487.0,0.0
CLEUF,China Liberal Education Holdings Limited,0.002,5,6,4,3,3,1,2,24,-13.0,11.0,Broken,Avoid/exit,32,0.0,0.0,-28.0,45.2,1,,Consumer Defensive,5723.0,2675.92
DTZZF,Dotz Nano Limited,0.018,5,9,2,5,0,2,2,25,-15.0,11.0,Broken,Avoid/exit,20,-7.7,2.9,-12.3,43.6,1,,Basic Materials,13856257.0,594170.44
LNBY,Lanbay Inc,0.013,13,4,4,7,3,2,5,38,-27,11,Broken,Avoid/exit,32,333.3,333.3,171.9,97.4,2,3,Consumer Cyclical,390000.0,992.2
WINVW,WinVest Acquisition Corp. Warrant,0.012,4,5,1,4,0,2,5,21,-10.0,11.0,Broken,Avoid/exit,22,-76.6,44.6,-53.5,45.5,2,,nan,nan,0.0
INVU,Investview Inc,0.025,7,3,6,5,3,0,4,28,-15.0,11.0,Broken,Avoid/exit,38,-6.7,-7.0,-3.4,43.9,1,,Technology,46326420.0,1084090.35
BITTF,Bitterroot Resources Ltd,0.024,4,6,8,6,0,0,4,28,-13.0,11.0,Broken,Avoid/exit,25,-2.4,-3.2,-3.1,44.2,0,,Basic Materials,3105707.0,47861.71
PAIYY,Aesthetic Medical International Holdings Group Limited,0.021,13,6,8,4,3,2,5,41,-30,11,Broken,Avoid/exit,27,0.0,40.0,11.2,63.5,3,,Healthcare,710838.0,5622.74
ARBEW,Arbe Robotics Ltd. Warrant,0.031,3,7,3,5,2,2,4,26,-15.0,11.0,Broken,Avoid/exit,26,-13.8,-1.3,-13.2,46.2,1,,nan,nan,27107.8
GMBLP,Esports Entertainment Group Inc Preferred Series A,0.029,18,4,5,3,1,3,5,39,-24,11,Broken,Avoid/exit,30,163.6,-3.3,19.3,57.7,1,4,Consumer Cyclical,nan,1909.6
BLSTF,Blackstone Minerals Ltd,0.034,4,4,5,2,6,0,2,23,-15.0,11.0,Broken,Avoid/exit,53,-11.3,-11.3,-7.4,42.4,1,,Basic Materials,59225104.0,21514.09
CFCI,CIPHER-CORE Inc.,0.04,1,5,0,3,4,6,2,21,-10.0,11.0,Broken,Avoid/exit,19,0.0,-9.5,-12.9,32.3,0,,Technology,21128650.0,267.48
CLRMF,Clean Air Metals Inc,0.034,0,5,5,5,0,4,2,21,-13.0,11.0,Broken,Avoid/exit,22,-5.6,-10.5,-7.6,40.1,1,,Basic Materials,8518931.0,181424.24
EGLXF,Enthusiast Gaming Holdings Inc.,0.035,1,2,1,8,0,2,2,16,-5.0,11.0,Broken,Avoid/exit,34,-16.9,-10.3,-15.5,43.8,1,,Communication Services,5905170.0,64714.72
VRCFF,Victory Resources Corporation,0.038,0,1,3,8,2,0,2,16,-5.0,11.0,Broken,Avoid/exit,14,-6.0,-18.4,-18.2,39.2,1,,Basic Materials,1716653.0,12982.34
ITRMF,Iterum Therapeutics plc,0.031,3,8,3,0,6,2,2,24,-13.0,11.0,Broken,Avoid/exit,27,0.0,-6.1,-12.2,45.1,1,,Healthcare,1652038.0,5454231.0
GGIFF,Garibaldi Resources Corp,0.05,0,3,3,8,0,0,2,16,-5.0,11.0,Broken,Avoid/exit,22,-28.6,-37.5,-23.3,40.5,1,,Basic Materials,11403042.0,9518.0
PCLOF,Pharmacielo Ltd,0.044,5,6,5,4,2,4,2,28,-15.0,11.0,Broken,Avoid/exit,31,5.7,-22.9,-10.5,46.1,1,,Healthcare,7895315.0,50612.93
IMIMF,Interra Copper Corp,0.049,0,6,5,7,0,0,2,20,-5.0,11.0,Broken,Avoid/exit,14,-12.6,-17.0,-13.6,36.8,1,,Basic Materials,5856421.0,49763.87
SVTNF,Silverton Metals Corp,0.042,4,10,5,0,3,2,2,26,-13.0,11.0,Broken,Avoid/exit,18,5.0,1.0,-2.1,47.0,2,,Basic Materials,3697162.0,27464.75
BLPG,Blue Line Protection Group Inc,0.05,1,7,2,5,0,4,2,21,-10.0,11.0,Broken,Avoid/exit,41,-10.7,-27.8,-12.1,42.2,0,,Industrials,412507.0,11126.33
SMNLF,SMNLF,0.06,1,4,4,2,3,5,2,21,-10.0,11.0,Broken,Avoid/exit,0,0.0,0.0,-2.9,34.8,0,,Basic Materials,169126560.0,0.0
ZBNIF,ZEB Nickel Corp,0.059,3,5,2,3,3,3,2,21,-10.0,11.0,Broken,Avoid/exit,18,0.0,-4.8,-5.4,44.9,0,,Basic Materials,3300278.0,711.55
INIS,International Isotopes Inc,0.062,0,4,1,8,2,0,2,17,-6.0,11.0,Broken,Avoid/exit,27,-6.1,-11.4,-7.5,45.1,1,,Healthcare,32806082.0,60967.21
TGOLF,Thunder Gold Corp.,0.065,5,3,7,0,2,2,2,21,-10.0,11.0,Broken,Avoid/exit,29,-2.4,-13.0,-12.8,40.6,0,,Basic Materials,18288266.0,100343.35
RNVT,Renovate Neighborhoods Inc,0.061,14,5,4,4,3,3,5,38,-27,11,Broken,Avoid/exit,39,306.7,306.7,59.9,70.9,3,3,Financial Services,16030943.0,985.82
PGOL,Patriot Gold Corp,0.064,11,2,4,11,3,0,2,33,-20.0,11.0,Broken,Avoid/exit,43,-7.2,12.1,-3.4,45.8,3,,Basic Materials,2117191.0,30090.32
PRMO,Prom Resources Inc,0.07,4,12,1,2,5,0,2,26,-11.0,11.0,Broken,Avoid/exit,51,-41.7,-51.7,-24.6,45.7,0,,Consumer Cyclical,1623541.0,1852.63
PNYG,Pony Group Inc.,0.064,3,4,6,2,3,3,2,23,-15.0,11.0,Broken,Avoid/exit,12,0.0,0.0,-4.7,3.7,1,,Industrials,736000.0,2725.83
NICOF,NICO Resources Limited,0.08,3,3,3,5,3,7,2,26,-15.0,11.0,Broken,Avoid/exit,21,0.0,0.0,-13.4,0.1,1,,Basic Materials,10943544.0,47.57
SRRE,Sunrise Real Estate Group Inc,0.08,3,4,2,6,3,3,2,23,-15.0,11.0,Broken,Avoid/exit,8,0.0,0.0,-7.1,0.2,1,,Real Estate,5495354.0,1143.0
HOLOW,MicroCloud Hologram Inc.,0.08,5,7,8,0,5,0,4,29,-18.0,11.0,Broken,Avoid/exit,27,-11.2,0.0,-1.7,47.1,0,,nan,nan,18699.61
CTVIF,China Travel International Investment Hong Kong Limited,0.09,3,4,3,6,0,3,2,21,-10.0,11.0,Broken,Avoid/exit,9,0.0,0.0,-6.8,0.4,0,,Consumer Cyclical,2037801344.0,0.0
HDRSF,Highland Copper Company Inc,0.091,0,7,7,4,4,0,2,24,-13.0,11.0,Broken,Avoid/exit,21,-4.6,-9.4,-8.7,37.0,0,,Basic Materials,66490176.0,314919.75
SDSTW,Stardust Power Inc.,0.096,0,12,1,0,3,4,2,22,-7.0,11.0,Broken,Avoid/exit,28,9.3,-27.3,-27.4,46.0,0,,nan,nan,17132.35
ZCRMF,Golden Cross Resources Inc,0.102,2,4,6,6,0,4,3,25,-15.0,11.0,Broken,Avoid/exit,20,-4.7,-12.4,-7.6,44.2,1,,Basic Materials,7857169.0,154069.03
WINH,WINHA INTERNATIONAL GROUP LTD,0.12,3,5,1,7,3,0,4,23,-8.0,11.0,Broken,Avoid/exit,28,0.0,0.0,-4.2,47.9,0,,Other,7498425.0,3444.83
CRTIF,Cartier Iron Corp,0.1,1,8,2,2,4,0,2,19,-8.0,11.0,Broken,Avoid/exit,19,0.0,14.0,-2.6,47.9,2,,Basic Materials,7516474.0,12003.9
OFAL,OFAL,0.109,3,8,2,5,4,2,2,26,-13.0,11.0,Broken,Avoid/exit,19,-8.7,-22.4,-24.7,27.8,2,,Industrials,2866475.0,467781.41
APACR,StoneBridge Acquisition II Corporation Rights,0.13,2,3,0,10,0,0,4,19,-8.0,11.0,Broken,Avoid/exit,23,-13.3,-15.6,-10.9,44.9,0,,nan,nan,0.0
CRACR,Crown Reserve Acquisition Corp. I Rights,0.128,1,10,2,8,2,0,2,25,-14.0,11.0,Broken,Avoid/exit,23,-14.5,-19.8,-6.7,43.9,0,,nan,nan,0.0
SRCRF,Scorpio Gold Corp,0.17,4,2,7,2,2,2,2,21,-10.0,11.0,Broken,Avoid/exit,8,-5.6,-10.5,-10.2,27.1,1,,Basic Materials,51503912.0,328974.72
DRYGF,DRYGF,0.17,5,7,4,0,2,6,2,26,-15.0,11.0,Broken,Avoid/exit,14,-3.1,-8.1,-8.7,39.1,1,,Basic Materials,41315780.0,228196.97
POWMF,POWMF,0.17,1,3,3,4,3,5,2,21,-10.0,11.0,Broken,Avoid/exit,29,0.0,0.0,-3.1,18.4,0,,nan,21454092.0,1024.49
TARSF,Alianza Minerals Ltd,0.163,7,9,8,4,0,2,2,32,-21.0,11.0,Broken,Avoid/exit,28,-0.3,-2.8,-1.6,46.8,1,,Basic Materials,17311558.0,117548.13
CGMXF,CGMXF,0.172,3,7,5,3,2,4,2,26,-13.0,11.0,Broken,Avoid/exit,19,-8.8,0.3,-9.8,41.4,1,,Basic Materials,17085892.0,0.0
MMCP,Morningstar US Mid Cap PR USD,0.15,4,3,6,4,3,3,2,25,-10.0,11.0,Broken,Avoid/exit,13,-1.7,-1.7,-13.6,33.9,0,,Financial Services,15008391.0,4268.03
PEMIF,Pure Energy Minerals Limited,0.153,1,12,0,2,4,2,3,24,-13.0,11.0,Broken,Avoid/exit,17,-8.5,-0.2,-2.9,47.8,2,,Basic Materials,5023540.0,25354.76
HCWC,Healthy Choice Wellness Corp.,0.181,4,9,7,3,2,2,2,29,-16.0,11.0,Broken,Avoid/exit,12,-4.2,-3.7,-7.4,34.9,1,,Consumer Defensive,4812888.0,1365688.31
AMCOF,Americore Resources Corp,0.179,3,11,2,7,4,6,2,35,-24.0,11.0,Broken,Avoid/exit,16,-7.7,13.7,-6.8,41.3,3,,Basic Materials,4243110.0,104933.89
GLNLF,Galan Lithium Limited,0.23,1,10,2,4,3,2,2,24,-13.0,11.0,Broken,Avoid/exit,28,-5.3,3.6,-2.6,47.0,2,,Basic Materials,278654176.0,53879.19
TDMMF,Mach7 Technologies Limited,0.217,7,7,2,4,3,6,4,33,-25.0,11.0,Broken,Avoid/exit,22,0.0,1.9,0.2,45.6,1,,Healthcare,51067608.0,624.08
NWCCF,Northwest Copper Corp,0.2,11,10,9,2,0,2,5,39,-28.0,11.0,Broken,Avoid/exit,21,17.6,11.1,8.3,57.1,3,,Basic Materials,43746784.0,14779.5
CAFZF,Canaf Investments Inc,0.228,5,1,2,5,3,3,2,21,-10.0,11.0,Broken,Avoid/exit,42,-3.0,-3.0,-2.5,4.4,0,,Basic Materials,10813173.0,3587.5
PAANF,Pan American Energy Corp,0.229,2,10,3,4,3,2,5,29,-16.0,11.0,Broken,Avoid/exit,24,8.9,-23.1,-1.9,47.3,1,,Basic Materials,6155005.0,29173.43
AGRZ,Agroz Inc. Ordinary Shares,0.22,0,6,2,5,0,4,2,19,-8.0,11.0,Broken,Avoid/exit,21,-35.3,-44.4,-33.5,26.3,0,,Consumer Defensive,4770334.0,2133140.26
OLVI,Oliveda International Inc,0.25,1,7,0,3,6,0,2,19,-8.0,11.0,Broken,Avoid/exit,42,-22.4,-3.8,-15.1,43.9,1,,Consumer Defensive,135137536.0,24274.11
BGM,Qilian International Holding Group Limited,0.285,5,9,5,3,2,0,2,26,-15.0,11.0,Broken,Avoid/exit,26,-5.0,-8.7,-7.4,43.2,1,,Healthcare,114177656.0,223835.82
WNDW,SolarWindow Technologies Inc,0.26,5,5,9,0,1,2,2,24,-13.0,11.0,Broken,Avoid/exit,20,0.0,-3.7,-4.5,45.3,1,,Utilities,17102550.0,18157.41
APCX,Apptech Corp,0.255,5,9,3,6,0,6,2,31,-20.0,11.0,Broken,Avoid/exit,25,10.9,-2.3,-8.6,40.9,1,,Technology,10711003.0,68789.5
EMPPF,EMP Metals Corp,0.333,0,2,2,7,3,0,2,16,-5.0,11.0,Broken,Avoid/exit,22,-4.3,-13.5,-10.8,35.4,1,,Basic Materials,41969960.0,3380.0
CAMZF,Camino Minerals Corporation,0.319,0,3,5,6,3,1,3,21,-10.0,11.0,Broken,Avoid/exit,22,-6.7,-4.5,-5.2,40.7,0,,Basic Materials,28440264.0,13008.11
PNGAF,Pangea Natural Foods Inc.,0.33,10,4,1,3,5,2,3,28,-15.0,11.0,Broken,Avoid/exit,39,0.0,-2.6,-3.6,45.6,1,,Consumer Defensive,15586299.0,22959.6
DXYN,The Dixie Group Inc,0.337,0,2,2,10,3,2,5,24,-13.0,11.0,Broken,Avoid/exit,25,-15.5,-15.9,-13.8,40.8,1,,Consumer Cyclical,6151901.0,15476.48
TSWCF,TSWCF,0.36,1,4,5,8,0,2,4,24,-13.0,11.0,Broken,Avoid/exit,19,-10.0,-9.2,-6.0,43.1,1,,Technology,133907656.0,401403.8
BLOZF,Cannabix Technologies Inc,0.383,2,8,3,6,4,2,4,29,-18.0,11.0,Broken,Avoid/exit,22,-5.5,-3.8,-4.0,42.2,2,,Healthcare,47024212.0,117976.79
AQUEF,Aquarius Engines (A.M) Ltd,0.38,10,6,7,6,0,1,4,34,-28.0,11.0,Broken,🔥 COILED: Avoid/exit,31,0.0,0.0,1.5,100.0,1,,Industrials,14487153.0,18.98
SFES,Safeguard Scientifics Inc,0.39,4,8,4,2,3,0,2,23,-15.0,11.0,Broken,Avoid/exit,13,-2.5,-2.5,-5.0,41.9,1,,Financial Services,6521968.0,21481.73
SNGX,Soligenix Inc.,0.362,3,15,5,0,2,2,2,29,-18.0,11.0,Broken,Avoid/exit,24,0.4,-2.3,-4.2,40.1,1,,Healthcare,5360421.0,2562699.53
PSDMF,Gaming Realms plc,0.41,1,1,7,5,3,1,3,21,-10.0,11.0,Broken,Avoid/exit,26,-2.4,-2.4,-1.8,7.2,0,,Communication Services,102037120.0,4281.0
PRZO,ParaZero Technologies Ltd. Ordinary Shares,0.444,2,2,9,7,0,2,2,24,-13.0,11.0,Broken,Avoid/exit,13,-15.2,-11.1,-12.9,35.6,1,,Industrials,11520064.0,1601643.3
NXGL,Nexgel Inc,0.44,4,12,2,0,2,2,2,24,-11.0,11.0,Broken,Avoid/exit,29,1.2,-6.1,-6.7,40.6,1,,Healthcare,4062796.0,216884.65
MYSZ,My Size Inc,0.42,4,10,1,6,4,2,2,29,-16.0,11.0,Broken,Avoid/exit,31,1.4,-10.4,-3.0,45.2,1,,Technology,2023628.0,126397.58
KDKCF,Kodiak Copper Corp,0.476,5,9,5,2,2,2,3,28,-15.0,11.0,Broken,Avoid/exit,28,-1.7,-1.8,-1.7,45.3,1,,Basic Materials,52871484.0,43798.81
ATYR,"aTyr Pharma, Inc.",0.494,2,10,1,3,4,2,2,24,-11.0,11.0,Broken,Avoid/exit,27,1.6,1.6,-4.0,45.2,2,,Healthcare,48005876.0,2633161.05
EPOW,Sunrise New Energy Co. Ltd,0.47,0,4,2,8,0,0,2,16,-5.0,11.0,Broken,Avoid/exit,7,-11.0,-11.0,-12.2,36.3,1,,Industrials,18202746.0,228007.03
SNPMF,China Petroleum & Chemical Corp Class H,0.52,3,4,3,6,2,0,3,21,-10.0,11.0,Broken,Avoid/exit,10,-11.9,-5.5,-3.6,44.8,0,,Energy,66420187136.0,41049.06
GAMG,Global Asset Management Group Inc.,0.517,6,9,1,4,5,2,2,29,-18.0,11.0,Broken,Avoid/exit,18,-0.0,-6.0,-8.3,46.2,0,,Financial Services,85718520.0,0.0
SGRP,SPAR Group Inc,0.543,1,11,0,5,5,2,2,26,-13.0,11.0,Broken,Avoid/exit,15,6.5,-37.5,-11.4,42.3,2,,Industrials,15335223.0,101233.54
GLVT,Greenlit Ventures Inc,0.5,4,8,2,8,4,3,2,31,-20.0,11.0,Broken,Avoid/exit,24,0.0,792.9,-0.5,46.5,3,,Industrials,2041241.0,324.82
BACCR,Blue Acquisition Corp. Right,0.52,8,5,1,5,7,2,5,33,-20.0,11.0,Broken,Avoid/exit,45,-9.0,-40.9,-12.7,44.7,0,,nan,nan,0.0
SLVTF,Silver Tiger Metals Inc,0.55,8,9,7,3,3,1,4,35,-25.0,11.0,Broken,Avoid/exit,39,-2.7,-0.5,-1.6,47.8,1,,Basic Materials,307215616.0,637397.95
RPMT,Rego Payment Architectures Inc,0.56,8,10,5,0,2,2,2,29,-18.0,11.0,Broken,Avoid/exit,49,12.0,-5.1,-4.7,42.5,1,,Technology,76488384.0,50375.37
NPRLF,North Peak Resources Ltd.,0.565,5,12,2,0,3,2,2,26,-15.0,11.0,Broken,Avoid/exit,24,5.8,-6.0,-4.0,41.4,2,,Basic Materials,28235106.0,8334.21
DTEAF,DAVIDsTEA Inc.,0.633,1,3,8,0,1,1,2,16,-8.0,11.0,Broken,Avoid/exit,39,-1.1,-2.6,-3.9,41.2,0,,Consumer Defensive,20876578.0,17917.92
BBOE,Black Box Entertainment Ltd,0.61,3,4,3,3,3,3,2,21,-10.0,11.0,Broken,Avoid/exit,30,0.0,0.0,-10.4,1.3,0,,Financial Services,9399269.0,339.31
LTGHF,Life Healthcare Group Holdings Limited,0.688,1,4,3,5,3,3,2,21,-10.0,11.0,Broken,Avoid/exit,0,0.0,0.0,-4.8,3.1,0,,Healthcare,1031772032.0,0.0
GGOXF,Galleon Gold Corp.,0.681,5,5,9,3,2,4,2,30,-19.0,11.0,Broken,Avoid/exit,30,-0.7,0.1,-2.5,44.6,1,,Basic Materials,94582944.0,104478.29
TOFB,Tofutti Brands,0.65,2,4,3,5,5,1,3,23,-15.0,11.0,Broken,Avoid/exit,32,0.0,0.0,-1.8,44.8,1,,Consumer Defensive,3349908.0,1015.21
DH,Definitive Healthcare Corp,0.707,3,9,2,0,3,4,3,24,-11.0,11.0,Broken,Avoid/exit,20,-2.5,-16.7,-6.0,42.6,1,,Healthcare,74626744.0,375873.68
HUDI,Huadi International Group Co Ltd,0.754,2,4,1,9,0,2,2,20,-9.0,11.0,Broken,Avoid/exit,13,-3.4,-11.6,-9.4,36.5,1,,Basic Materials,10778723.0,85492.3
KOOYF,Kootenay Silver Inc,0.82,5,5,6,4,2,2,2,26,-15.0,11.0,Broken,Avoid/exit,18,-4.7,-7.0,-6.8,38.9,1,,Basic Materials,84224824.0,225653.66
SACH,Sachem Capital Corp,0.81,1,9,3,0,4,2,2,21,-8.0,11.0,Broken,Avoid/exit,19,-3.1,-4.8,-6.3,29.9,2,,Real Estate,38844076.0,261766.76
CLPS,CLPS Inc,0.82,3,5,6,4,0,2,3,23,-13.0,11.0,Broken,Avoid/exit,16,-2.8,-3.5,-4.6,44.7,1,,Technology,24470298.0,54616.29
WBUY,WEBUY GLOBAL LTD. Ordinary Shares,0.899,12,14,1,4,3,4,5,43,-30.0,11.0,Broken,Avoid/exit,37,20.5,17.5,8.6,52.6,3,,Consumer Cyclical,4928609.0,1740796.5
CTHCF,Cathay Real Estate Development Co Ltd,0.9,0,2,7,8,0,0,2,19,-8.0,11.0,Broken,Avoid/exit,22,-11.8,-5.3,-9.6,36.8,0,,Other,109555504.0,15725.75
AURX,Nuo Therapeutics Inc,0.9,3,2,9,5,0,5,2,26,-15.0,11.0,Broken,Avoid/exit,21,-10.0,-8.2,-8.4,37.0,1,,Healthcare,43567856.0,3006.05
ELUT,Elutia Inc.,0.915,3,6,8,0,2,2,2,23,-15.0,11.0,Broken,Avoid/exit,18,-3.7,0.3,-3.6,43.1,1,,Healthcare,40450536.0,219702.08
AINSF,Ainsworth Game Technology Limited,0.972,8,3,4,1,8,5,5,34,-23.0,11.0,Broken,Avoid/exit,47,-6.0,-4.7,-0.7,49.6,1,,Consumer Cyclical,330024416.0,17985.77
IVF,"INVO Fertility, Inc.",0.98,1,8,2,0,4,2,2,19,-8.0,11.0,Broken,Avoid/exit,33,-5.8,-13.3,-16.4,36.1,0,,Healthcare,1750135.0,1246646.37
EFGD,Eurobank Ergasias Services and Holdings S.A,1.0,3,4,3,3,3,3,2,21,-10.0,11.0,Broken,Avoid/exit,15,0.0,0.0,-1.7,0.8,0,,nan,nan,0.0
RDPTF,Radiopharm Theranostics Limited,0.01,3,6,1,5,3,3,4,25,-15.0,10.0,Broken,Avoid/exit,17,0.0,0.0,-12.4,35.5,1,,Healthcare,47298988.0,1425.0
NWIFF,Nuinsco Resources Limited,0.003,5,5,6,0,0,2,2,20,-10.0,10.0,Broken,Avoid/exit,18,-8.3,-8.3,-22.7,39.4,0,,Basic Materials,2773915.0,53693.93
IFBC,Blast Applications,0.002,7,13,3,4,4,2,2,35,-28,10,Broken,Avoid/exit,56,42.9,11.1,10.4,54.0,3,,Consumer Defensive,2326717.0,422874.25
LNTO,ProConcept Marketing Group Inc.,0.007,0,4,0,8,2,2,2,18,-8.0,10.0,Broken,Avoid/exit,28,-35.2,-52.7,-43.3,35.8,0,,Utilities,1251155.0,423288.01
SETO,Seto Holdings Inc,0.008,1,2,3,4,3,0,4,17,-10.0,10.0,Broken,Avoid/exit,32,0.0,-40.7,-23.2,34.5,0,,Financial Services,1171962.0,8333.94
SNNC,Sibannac Inc,0.008,6,7,9,10,4,2,2,40,-28.0,10.0,Broken,Avoid/exit,37,20.0,34.5,5.1,49.6,4,,Healthcare,1057380.0,156298.23
LNGNF,LNG Energy Group Corp.,0.005,3,4,6,4,3,3,2,25,-15.0,10.0,Broken,Avoid/exit,24,0.0,0.0,-14.8,37.4,1,,Energy,794334.0,77063.36
AFFY,Affymax Inc.,0.001,4,4,2,2,3,3,2,20,-10.0,10.0,Broken,Avoid/exit,42,0.0,0.0,-4.6,31.7,0,,Healthcare,37490.0,5960.94
RIINF,Braveheart Resources Inc,0.017,0,3,7,5,3,2,2,22,-8.0,10.0,Broken,Avoid/exit,8,-13.0,-13.0,-8.7,40.0,0,,Basic Materials,6247070.0,283506.91
NIOVF,Plato Gold Corp,0.017,4,4,2,3,3,0,4,20,-10.0,10.0,Broken,Avoid/exit,18,-21.4,-18.4,-4.4,47.7,0,,Basic Materials,4175049.0,10849.65
GLTH,"Goliath National, Inc.",0.012,3,6,2,5,0,2,2,20,-10.0,10.0,Broken,Avoid/exit,37,-0.8,-42.6,-19.4,39.6,0,,Consumer Cyclical,38493.0,7662.65
HAWRF,Hawk Resources Limited,0.025,12,3,5,6,3,2,4,35,-28.0,10.0,Broken,Avoid/exit,51,0.0,0.0,0.1,93.9,1,,Basic Materials,17249578.0,500.0
WGMTF,WestGold Metals Corp.,0.031,3,4,2,6,3,5,2,25,-15.0,10.0,Broken,Avoid/exit,18,0.0,0.0,-14.5,21.1,1,,Basic Materials,5437502.0,1931.46
MATEF,Blockmate Ventures Inc.,0.029,1,4,2,5,9,0,2,23,-13.0,10.0,Broken,Avoid/exit,39,-13.2,-11.6,-7.6,42.0,1,,Financial Services,4975547.0,14610.77
AVCRF,Avricore Health Inc,0.025,0,2,0,7,2,2,2,15,-5.0,10.0,Broken,Avoid/exit,16,-26.7,-24.7,-33.6,39.8,1,,Healthcare,4309205.0,65586.7
CLGCF,Clarity Gold Corp,0.021,2,10,5,1,3,2,2,25,-11.0,10.0,Broken,Avoid/exit,24,5.0,-8.7,-5.1,46.5,2,,Basic Materials,1751947.0,28403.16
APETF,Alpha Esports Tech Inc,0.03,6,5,2,7,0,6,5,31,-21.0,10.0,Broken,Avoid/exit,18,14.9,14.9,-11.1,47.5,3,,Communication Services,653777.0,2997.99
GANDF,Gander Gold Corporation,0.021,3,3,2,5,3,5,4,25,-15.0,10.0,Broken,Avoid/exit,30,0.0,0.0,-18.6,39.9,1,,Basic Materials,570739.0,3416.53
ZEOWW,Zeo Energy Corp.,0.031,1,7,2,0,4,2,2,18,-8.0,10.0,Broken,Avoid/exit,24,0.0,-12.5,-10.1,41.1,0,,nan,nan,12145.42
DGNMF,Diagnamed Holdings Corp.,0.034,13,8,6,2,2,5,2,38,-28,10,Broken,Avoid/exit,21,35.6,20.6,7.1,52.1,3,,Healthcare,4593164.0,111001.91
CMILF,Capella Minerals Limited,0.04,2,8,4,5,2,2,2,25,-15.0,10.0,Broken,Avoid/exit,21,17.3,-19.7,-12.3,40.2,1,,Basic Materials,3039849.0,16918.42
HBUV,Hubilu Venture Corporation,0.04,8,7,7,3,3,1,4,33,-28.0,10.0,Broken,🔥 COILED: Avoid/exit,27,0.0,0.0,1.8,99.6,1,,Real Estate,1052108.0,14.9
NUZTF,Neurizon Therapeutics Limited,0.045,3,6,1,5,3,3,4,25,-15.0,10.0,Broken,Avoid/exit,20,0.0,0.0,-16.8,35.5,1,,Healthcare,85260944.0,646.5
HYOR,HyOrc Corporation,0.042,0,2,6,8,0,0,2,18,-8.0,10.0,Broken,Avoid/exit,25,-21.4,-23.1,-28.3,38.6,0,,Industrials,31386034.0,73813.71
HMTXF,Hemostemix Inc,0.047,15,5,2,5,5,3,5,40,-30,10,Broken,Avoid/exit,41,4.5,22.0,4.4,54.6,3,,Healthcare,9552834.0,4950.88
XONI,"Xtreme One Entertainment, Inc.",0.042,5,5,3,6,4,0,2,25,-15.0,10.0,Broken,Avoid/exit,35,-16.0,-30.0,-23.8,39.8,1,,Communication Services,6069984.0,164896.86
NWXPF,Newport Exploration Ltd,0.05,3,3,6,0,0,0,5,17,-10.0,10.0,Broken,Avoid/exit,19,-23.1,-23.1,-12.2,44.8,0,,Basic Materials,5278993.0,0.0
CYNXF,Cyon Exploration Ltd,0.042,3,6,1,5,3,3,4,25,-15.0,10.0,Broken,Avoid/exit,21,0.0,0.0,-16.9,38.0,1,,Basic Materials,2699005.0,1557.31
BBGCF,Big Bear Gold Corp.,0.052,5,9,5,4,4,1,2,30,-18.0,10.0,Broken,Avoid/exit,0,10.6,2.0,-25.7,43.8,2,,Basic Materials,2041573.0,0.0
GRWC,Grow Capital Inc,0.071,0,2,0,8,3,0,2,15,-5.0,10.0,Broken,Avoid/exit,15,-70.6,-70.5,-64.4,34.6,1,,Technology,9149139.0,0.0
FDVXF,FenixOro Gold Corp,0.07,6,1,3,5,4,4,2,25,-15.0,10.0,Broken,Avoid/exit,34,0.0,-12.5,-6.5,22.9,1,,Basic Materials,7579987.0,6939.15
MAGE,Magellan Gold Corp,0.069,1,7,2,6,3,2,2,23,-13.0,10.0,Broken,Avoid/exit,17,0.0,-23.4,-23.5,28.3,1,,Basic Materials,1886433.0,10228.97
FSHPR,Flag Ship Acquisition Corp. Right,0.076,5,5,7,3,0,6,2,28,-18.0,10.0,Broken,Avoid/exit,19,-2.3,8.9,-8.7,45.9,1,,nan,nan,0.0
SRGZ,Star Gold Corp,0.14,3,7,2,4,3,2,2,23,-13.0,10.0,Broken,Avoid/exit,58,-6.7,-12.5,-9.8,37.7,1,,Basic Materials,26843188.0,33032.94
BSENF,Baselode Energy Corp,0.128,0,8,9,4,4,0,2,27,-18.0,10.0,Broken,Avoid/exit,21,-1.2,-7.6,-4.5,40.5,1,,Energy,11322194.0,47476.37
AETN,Aeternum Health Inc.,0.11,11,4,3,4,3,3,5,33,-23.0,10.0,Broken,Avoid/exit,0,4.8,-12.0,-3.7,49.2,1,,Consumer Cyclical,10091046.0,0.0
ONFO,Onfolio Holdings Inc,0.115,7,9,0,2,3,2,2,25,-11.0,10.0,Broken,Avoid/exit,22,-9.3,-26.1,-39.0,26.3,2,,Communication Services,808229.0,4117485.41
INACR,Indigo Acquisition Corp. Right,0.12,1,3,2,8,0,2,2,18,-8.0,10.0,Broken,Avoid/exit,30,-14.3,-14.2,-10.3,44.3,0,,nan,nan,0.0
PWMXF,PWMXF,0.13,0,3,3,8,2,2,2,20,-10.0,10.0,Broken,Avoid/exit,27,-15.6,-22.2,-16.3,34.6,1,,nan,nan,0.0
NWBO,Northwest Biotherapeutics Inc,0.172,4,11,5,1,2,2,2,27,-17.0,10.0,Broken,Avoid/exit,17,1.1,1.1,-2.3,43.5,1,,Healthcare,282490784.0,3190607.93
NLLSF,Nel ASA,0.18,3,8,0,5,3,2,2,23,-13.0,10.0,Broken,Avoid/exit,22,-10.0,-21.7,-11.5,41.1,2,,Industrials,209536544.0,32929.12
SNGCF,Sanu Gold Corp.,0.195,1,8,4,1,3,2,2,21,-11.0,10.0,Broken,Avoid/exit,32,-1.3,-5.6,-3.9,43.3,1,,Basic Materials,82630448.0,96448.76
GPTRF,Grande Portage Resources Ltd,0.198,1,5,6,6,0,2,2,22,-15.0,10.0,Broken,Avoid/exit,13,-0.5,-14.4,-8.1,40.7,1,,Basic Materials,36651440.0,116616.41
WYGC,WYGC,0.16,4,6,5,2,3,3,2,25,-15.0,10.0,Broken,Avoid/exit,16,0.0,0.0,-4.1,40.0,1,,Consumer Defensive,13217660.0,1609.5
ASAPF,Aurora Spine Corporation,0.162,1,11,4,2,3,2,2,25,-16.0,10.0,Broken,Avoid/exit,26,7.4,-6.4,0.4,49.4,1,,Healthcare,12221429.0,25849.98
PNTZF,Trigon Metals Inc,0.201,2,4,1,5,4,2,2,20,-10.0,10.0,Broken,Avoid/exit,16,6.6,-20.7,-12.3,34.2,0,,Basic Materials,10955816.0,15882.37
THH,TryHard Holdings Limited Ordinary Shares,0.209,1,7,3,1,4,2,2,20,-10.0,10.0,Broken,Avoid/exit,28,-11.5,-13.0,-15.6,28.4,1,,Industrials,10454661.0,1382985.88
INJJF,Intrum AB (publ),0.296,3,5,1,0,3,6,2,20,-13.0,10.0,Broken,Avoid/exit,22,0.0,-42.5,-99.3,48.1,1,,Financial Services,961837760.0,1304.26
FHYDF,First Hydrogen Corp,0.256,0,1,4,8,0,0,2,15,-5.0,10.0,Broken,Avoid/exit,15,-4.5,-8.6,-11.0,39.6,1,,Consumer Cyclical,21224204.0,6023.31
CISO,Cerberus Cyber Sentinel Corp,0.252,2,6,6,6,2,0,2,24,-14.0,10.0,Broken,Avoid/exit,28,-8.0,-6.0,-6.5,41.3,0,,Technology,11400835.0,556824.0
PATRF,PATRF,0.251,3,2,3,4,3,2,5,22,-8.0,10.0,Broken,Avoid/exit,24,-16.3,-8.7,-10.6,37.8,0,,nan,nan,0.0
RLYGF,Riley Gold Corp,0.31,5,3,8,0,3,4,2,25,-15.0,10.0,Broken,Avoid/exit,32,1.8,-9.3,-9.0,33.8,1,,Basic Materials,15449620.0,6220.71
SKYI,Sky Century Investment Inc,0.32,6,16,1,3,3,2,2,33,-23.0,10.0,Broken,Avoid/exit,37,33.3,-36.0,-2.2,47.8,2,,Healthcare,1664514.0,68337.82
JGSHF,JG Summit Holdings Inc,0.399,1,4,2,5,3,3,2,20,-10.0,10.0,Broken,Avoid/exit,14,0.0,0.0,-2.5,16.3,0,,Industrials,6727519744.0,0.0
LMRXF,Laramide Resources Ltd.,0.35,3,8,6,0,0,6,2,25,-15.0,10.0,Broken,Avoid/exit,11,-2.8,-2.8,-5.7,35.0,1,,Energy,99542272.0,75905.21
GRUSF,Grown Rogue International Inc,0.398,5,9,2,4,7,0,3,30,-18.0,10.0,Broken,Avoid/exit,43,-3.0,-13.5,-6.2,41.3,0,,Healthcare,99425728.0,196272.45
GFTYF,G50 Corp Limited,0.38,3,4,6,4,3,3,2,25,-15.0,10.0,Broken,Avoid/exit,26,0.0,0.0,-5.9,27.6,1,,Basic Materials,87410992.0,4463.33
YOUL,Youlife Group Inc. American Depositary Shares,0.377,3,2,0,9,0,2,2,18,-8.0,10.0,Broken,Avoid/exit,16,-38.1,-34.2,-32.4,40.0,0,,Consumer Defensive,30526946.0,472617.62
DLXY,Delixy Holdings Limited Ordinary Shares,0.375,1,2,6,8,0,0,2,19,-9.0,10.0,Broken,Avoid/exit,21,-15.5,-19.0,-17.5,37.8,1,,Energy,6137790.0,1188998.66
CPFXF,Copper Fox Metals Inc,0.414,0,3,7,4,0,4,2,20,-10.0,10.0,Broken,Avoid/exit,31,-3.8,-8.7,-5.1,39.4,0,,Basic Materials,242707504.0,27359.88
CIGL,Concorde International Group Ltd Class A Ordinary Shares,0.412,4,2,3,8,0,0,2,19,-9.0,10.0,Broken,Avoid/exit,18,-26.3,-22.6,-20.9,38.6,1,,Industrials,93518016.0,930856.92
WAMFF,Western Alaska Minerals Corp,0.44,0,8,5,8,3,0,2,26,-16.0,10.0,Broken,Avoid/exit,20,-6.0,-7.0,-5.6,43.4,2,,Basic Materials,47835180.0,72581.78
CAWW,CCA Industries Inc,0.45,4,4,0,6,6,0,2,22,-10.0,10.0,Broken,Avoid/exit,21,-10.0,0.0,-5.4,40.1,0,,Consumer Defensive,3402757.0,2988.5
SUGP,SU Group Holdings Limited Ordinary Shares,0.499,3,10,3,0,3,4,2,25,-13.0,10.0,Broken,Avoid/exit,20,-8.4,-10.9,-23.3,32.3,2,,Industrials,2677859.0,2461949.81
BEAT,Heartbeam Inc,0.527,1,9,1,6,4,2,2,25,-13.0,10.0,Broken,Avoid/exit,16,-10.9,-6.0,-12.0,36.5,2,,Healthcare,29263204.0,4731844.1
MGNC,Mag Magna Corp.,0.55,3,9,7,9,3,2,2,35,-23.0,10.0,Broken,Avoid/exit,29,2.9,10.9,-5.5,42.5,4,,Consumer Defensive,8540976.0,24997.68
KNDI,Kandi Technologies Group Inc,0.63,0,1,4,8,0,2,2,17,-5.0,10.0,Broken,Avoid/exit,25,-13.7,-7.4,-7.8,37.5,1,,Consumer Cyclical,63462516.0,445050.16
PETV,PetVivo Holdings Inc,0.642,0,3,0,7,2,4,2,18,-8.0,10.0,Broken,Avoid/exit,20,-16.6,-16.4,-13.5,34.1,1,,Healthcare,24432500.0,16783.66
LGVN,Longeveron LLC,0.601,3,11,5,0,2,2,2,25,-13.0,10.0,Broken,Avoid/exit,20,-1.7,-3.3,-6.5,37.0,2,,Healthcare,18999848.0,1974339.1
SKIN,Beauty Health Co,0.699,4,3,1,8,2,2,3,23,-13.0,10.0,Broken,Avoid/exit,32,-8.3,-19.0,-10.3,42.6,1,,Consumer Defensive,90538584.0,1397541.43
RKTO,Rocket One Inc.,0.78,3,8,4,3,2,2,2,24,-15.0,10.0,Broken,Avoid/exit,22,-7.6,-2.6,-10.3,41.5,1,,Technology,17409182.0,4132661.47
LNGPF,Longfor Group Holdings Limited,0.81,1,5,0,6,3,3,2,20,-10.0,10.0,Broken,Avoid/exit,12,0.0,0.0,-16.6,7.8,0,,Real Estate,5558565376.0,23.3
MCCHF,McChip Resources Inc,0.8,5,3,10,6,0,2,4,30,-23.0,10.0,Broken,Avoid/exit,0,0.0,0.0,-0.1,87.2,0,,Energy,8642139.0,0.0
RMCF,Rocky Mountain Chocolate Factory,0.878,3,11,3,0,2,4,4,27,-15.0,10.0,Broken,Avoid/exit,9,-6.6,-13.9,-15.8,31.8,1,,Consumer Defensive,8290789.0,66030.6
AQB,AquaBounty Technologies Inc,0.92,1,12,3,1,3,0,2,22,-13.0,10.0,Broken,Avoid/exit,34,-4.2,-4.2,-4.3,42.3,2,,Consumer Defensive,4735428.0,43692.16
LKSPR,Lake Superior Acquisition Corp. Rights,0.925,2,11,9,3,3,0,2,30,-20.0,10.0,Broken,Avoid/exit,26,-15.9,-11.9,-3.8,47.1,0,,nan,nan,0.0
HLLK,Hallmark Venture Group Inc,1.0,8,4,0,10,3,1,2,28,-18.0,10.0,Broken,Avoid/exit,57,-33.8,-6.5,-16.0,46.9,0,,Financial Services,99265528.0,1633.17
AGIG,AGIG,0.95,5,4,7,4,2,4,3,29,-19.0,10.0,Broken,Avoid/exit,19,-8.7,-10.4,-6.1,40.2,1,,Utilities,41821680.0,521828.54
NEOVW,NeoVolta Inc. Warrant,0.96,0,7,3,5,6,2,2,25,-13.0,10.0,Broken,Avoid/exit,24,-20.0,-26.7,-13.6,42.9,0,,nan,nan,4205.38
AOXG,Aoxing Pharmaceutical Company Inc,0.004,3,3,8,1,3,3,2,23,-10.0,9.0,Broken,Avoid/exit,23,0.0,0.0,-4.1,37.0,0,,Financial Services,1334232.0,31589.16
ZENVF,Zenvia Inc.,0.005,1,6,0,5,3,2,2,19,-10.0,9.0,Broken,Avoid/exit,0,-16.7,-83.3,-86.9,26.9,0,,Technology,262836.0,0.0
PTPI,Petros Pharmaceuticals Inc,0.004,4,7,3,0,3,0,2,19,-10.0,9.0,Broken,Avoid/exit,21,0.0,0.0,-13.2,39.4,0,,Healthcare,169489.0,149142.61
RGBPP,Regen BioPharma Inc,0.004,7,11,5,3,3,6,2,37,-28,9,Broken,Avoid/exit,38,36.7,-31.7,2.7,50.3,1,,Healthcare,123184.0,181023.52
WNLV,Winvest Group Ltd,0.001,3,4,4,5,3,3,2,24,-15.0,9.0,Broken,Avoid/exit,18,0.0,0.0,-14.1,37.5,1,,Communication Services,116494.0,109204.5
RDCT,"Redacted Industries, Inc.",0.01,6,3,8,1,0,3,2,23,-10.0,9.0,Broken,Avoid/exit,18,-1.0,-1.0,-4.6,38.9,0,,Communication Services,76508.0,56373.3
BXPHF,Botanix Pharmaceuticals Limited,0.013,4,5,4,3,3,3,2,24,-15.0,9.0,Broken,Avoid/exit,20,0.0,0.0,-11.0,41.8,1,,Healthcare,36995576.0,12191.26
URANF,International Prospect Ventures Ltd,0.02,4,1,2,3,3,4,2,19,-10.0,9.0,Broken,Avoid/exit,32,0.0,-33.7,-19.5,16.5,0,,Basic Materials,34370232.0,1056.0
LANRF,Lancaster Resources Inc.,0.014,7,5,4,3,3,0,2,24,-15.0,9.0,Broken,Avoid/exit,16,-10.4,-10.4,-12.2,23.5,1,,Basic Materials,4089199.0,6934.03
CHME,China Medicine Corporation,0.02,6,3,1,0,3,3,3,19,-10.0,9.0,Broken,Avoid/exit,29,-2.4,-2.4,-8.0,28.3,0,,Healthcare,474241.0,13197.56
KAVL,Kaival Brands Innovations Group Inc,0.021,2,5,1,9,3,0,2,22,-13.0,9.0,Broken,Avoid/exit,30,-29.6,-33.2,-23.0,44.0,1,,Consumer Defensive,404382.0,786630.28
LTESF,LEET Inc.,0.02,6,4,0,1,6,0,2,19,-10.0,9.0,Broken,Avoid/exit,32,-33.3,-33.3,-19.7,42.7,0,,Communication Services,75548.0,495.93
KIDZW,"Classover Holdings, Inc. Warrants",0.014,10,4,1,6,2,2,2,27,-18.0,9.0,Broken,Avoid/exit,40,-17.6,-5.4,-3.1,49.4,0,,nan,nan,77525.07
GCEI,Global Clean Energy Inc,0.03,7,6,6,0,0,7,2,28,-19.0,9.0,Broken,Avoid/exit,25,4.2,-4.2,-1.7,47.5,0,,Industrials,20219812.0,331852.85
CBSC,CB Scientific Inc,0.03,3,3,4,6,4,2,2,24,-15.0,9.0,Broken,Avoid/exit,23,0.0,0.0,-4.4,38.4,1,,Healthcare,4963157.0,18714.0
KICK,HPN Holdings Inc,0.028,3,7,2,4,3,3,2,24,-15.0,9.0,Broken,Avoid/exit,15,0.0,0.0,-25.2,37.0,1,,Industrials,2109972.0,2408.68
DCHRF,Discovery Harbour Resources Corp,0.027,12,4,6,7,3,2,5,39,-30,9,Broken,Avoid/exit,37,0.0,99.3,31.2,89.1,3,,Basic Materials,1061916.0,759.78
PHJMF,PT Hanjaya Mandala Sampoerna Tbk,0.04,3,5,2,2,3,2,2,19,-10.0,9.0,Broken,Avoid/exit,24,0.0,33.3,-12.9,43.8,2,,Consumer Defensive,4652723200.0,0.0
YRBAF,Yorbeau Resources Inc,0.035,1,3,3,4,3,3,2,19,-10.0,9.0,Broken,Avoid/exit,19,-0.6,-0.6,-5.6,1.7,0,,Basic Materials,19013534.0,4089.02
MLBEF,Webcentral Group Limited,0.035,0,4,8,6,0,4,2,24,-15.0,9.0,Broken,Avoid/exit,27,-35.9,-27.1,-19.4,42.1,1,,Technology,6074309.0,3112.94
OVATF,Ovation Science Inc,0.04,13,3,4,9,1,8,5,43,-30,9,Broken,Avoid/exit,38,14.3,14.3,9.7,81.7,3,,Healthcare,1536467.0,480.16
BBKCF,BIG Blockchain Intelligence Group Inc,0.042,1,3,6,5,2,0,2,19,-10.0,9.0,Broken,Avoid/exit,17,-10.4,-9.7,-11.4,36.9,1,,Financial Services,15090869.0,220464.51
MMXLF,Mustang Minerals Limited,0.049,2,8,5,2,3,0,2,22,-13.0,9.0,Broken,Avoid/exit,0,-2.0,-14.0,-9.8,44.0,1,,Basic Materials,4414975.0,0.0
VRDR,Verde Resources Inc,0.057,0,4,2,5,4,2,2,19,-10.0,9.0,Broken,Avoid/exit,26,-11.1,-24.5,-16.5,36.5,0,,Basic Materials,74267720.0,82549.26
ESSID,"Eco Science Solutions, Inc.",0.051,12,8,2,5,3,3,2,35,-26,9,Broken,Avoid/exit,39,91.0,91.0,-4.8,48.8,3,4,Healthcare,308636.0,708.14
WLBMF,Wallbridge Mining Company Limited,0.063,3,9,3,3,2,2,2,24,-15.0,9.0,Broken,Avoid/exit,44,-2.3,5.3,-3.1,47.0,1,,Basic Materials,115709712.0,380390.23
PURE,Pure Bioscience Inc,0.07,14,5,2,6,3,3,5,38,-30.0,9.0,Broken,Avoid/exit,38,-12.4,16.5,2.9,51.8,3,,Consumer Defensive,9088228.0,37665.14
BXXRF,ExGen Resources Inc,0.066,7,15,8,0,3,0,2,35,-26.0,9.0,Broken,Avoid/exit,18,1.7,8.2,-1.7,46.1,3,,Basic Materials,7240997.0,22070.87
ELECF,Electric Royalties Ltd,0.074,1,10,4,0,3,0,2,20,-11.0,9.0,Broken,Avoid/exit,16,1.1,-1.7,-2.3,43.7,2,,Basic Materials,9654231.0,42777.35
VRRCF,VR Resources Ltd,0.073,4,13,2,1,2,0,2,24,-13.0,9.0,Broken,Avoid/exit,21,-1.9,8.3,-5.2,45.5,2,,Basic Materials,2902336.0,63992.79
RFLXF,REDFLEX HOLDINGS LTD,0.074,0,1,0,8,3,0,2,14,-5.0,9.0,Broken,Avoid/exit,13,-25.3,-53.2,-43.0,23.3,1,,Basic Materials,1862855.0,1866.97
ECIA,Encision Inc,0.075,11,8,5,2,3,2,5,36,-27,9,Broken,Avoid/exit,36,65.9,124.6,111.0,87.2,4,3,Healthcare,1265973.0,5733.86
SEOVF,Sernova Corp,0.082,3,7,3,1,2,2,2,20,-11.0,9.0,Broken,Avoid/exit,15,3.0,3.0,-5.4,41.4,1,,Healthcare,30211400.0,34594.98
YZCFF,Sinopec Oilfield Service Corporation,0.099,3,3,2,3,3,3,2,19,-10.0,9.0,Broken,Avoid/exit,21,0.0,0.0,-6.2,0.2,0,,Energy,3647335424.0,425.5
KOGDF,KO Gold Inc.,0.095,8,9,2,5,0,6,2,32,-23.0,9.0,Broken,Avoid/exit,0,17.9,26.4,-3.7,45.2,3,,nan,nan,0.0
NVNXF,Novonix Ltd,0.1,2,6,2,7,2,2,2,23,-14.0,9.0,Broken,Avoid/exit,11,-6.5,-16.7,-14.8,42.8,1,,Industrials,99159672.0,282996.47
AUEEF,Aura Energy Limited,0.125,14,6,5,4,4,1,5,39,-30.0,9.0,Broken,Avoid/exit,44,0.0,56.2,10.2,55.6,3,,Energy,81555328.0,0.0
HPMCF,Africa Energy Corp,0.107,6,4,3,3,3,3,2,24,-15.0,9.0,Broken,Avoid/exit,23,0.0,0.0,-5.2,16.0,1,,Energy,74626912.0,2198.32
FSTTF,First Tellurium Corp,0.146,1,11,2,3,4,2,2,25,-16.0,9.0,Broken,Avoid/exit,46,11.2,-5.8,-11.4,40.1,2,,Basic Materials,19111416.0,104885.63
AGRDF,Minnova Corp,0.12,1,10,2,4,3,0,2,22,-9.0,9.0,Broken,Avoid/exit,27,-42.9,-11.1,-13.0,44.8,1,,Basic Materials,14606855.0,57297.95
APHP,American Picture House Corp,0.102,1,6,4,3,3,0,2,19,-10.0,9.0,Broken,Avoid/exit,22,-0.3,-14.5,-9.1,40.9,0,,Communication Services,11569588.0,7485.81
TRGEF,Targa Exploration Corp.,0.134,3,5,4,5,3,2,2,24,-15.0,9.0,Broken,Avoid/exit,20,-13.5,-14.9,-20.4,36.0,1,,Basic Materials,11044198.0,9204.44
ABNAF,Aben Resources Ltd,0.13,5,5,1,4,5,0,3,23,-13.0,9.0,Broken,Avoid/exit,36,-4.4,-10.5,-2.2,48.8,1,,Basic Materials,4550523.0,10764.72
NOTE,FiscalNote Holdings Inc.,0.115,8,10,5,6,2,6,2,39,-28.0,9.0,Broken,Avoid/exit,21,-5.0,18.6,-1.6,45.3,3,,Technology,3065066.0,389974.29
IMCC,Im Cannabis Corp,0.109,2,7,4,6,4,2,2,27,-16.0,9.0,Broken,Avoid/exit,13,-20.6,-23.4,-24.7,27.9,2,,Healthcare,980999.0,1948029.33
TSGO,"Trade School Go, Inc.",0.12,10,6,0,5,0,2,4,27,-18.0,9.0,Broken,Avoid/exit,18,0.0,8.1,-6.3,46.5,2,,Consumer Defensive,327052.0,2186.63
WTGUR,Wintergreen Acquisition Corp. Rights,0.13,5,5,4,4,0,4,5,27,-18.0,9.0,Broken,Avoid/exit,29,-15.0,28.7,-6.2,46.9,2,,nan,nan,0.0
ELMTF,Element 25 Limited,0.161,3,4,3,6,3,0,5,24,-15.0,9.0,Broken,Avoid/exit,15,-16.8,-12.8,-4.0,46.1,1,,Basic Materials,60301332.0,12775.51
PGEZF,Group Ten Metals Inc,0.18,6,5,9,4,0,5,3,32,-23.0,9.0,Broken,Avoid/exit,23,-7.2,-5.3,-5.1,44.5,1,,Basic Materials,57263684.0,711722.4
FARYF,FAR Limited,0.196,3,4,2,3,3,7,2,24,-15.0,9.0,Broken,Avoid/exit,14,0.0,0.0,-7.5,6.3,1,,Energy,21993496.0,454.95
RPDL,Rapid-Line Inc.,0.181,5,4,2,7,5,4,2,29,-20.0,9.0,Broken,Avoid/exit,30,0.0,20.5,-5.1,47.3,3,,Consumer Defensive,435930.0,2338.61
AREB,American Rebel Holdings Inc,0.205,4,12,5,5,5,4,2,37,-28.0,9.0,Broken,Avoid/exit,44,13.9,32.3,-3.9,48.8,3,,Consumer Cyclical,4974666.0,1303609.18
MHUBF,Minehub Technologies Inc,0.283,1,10,2,6,3,2,2,26,-15.0,9.0,Broken,Avoid/exit,19,0.3,-17.6,-11.6,38.0,1,,Technology,29352690.0,139088.26
PRPRF,Prairie Provident Resources Inc,0.263,5,5,6,0,3,3,2,24,-15.0,9.0,Broken,Avoid/exit,36,1.5,1.5,-4.9,28.7,1,,Energy,12127897.0,0.0
CYCU,"Cycurion, Inc.",0.299,4,8,0,3,2,2,2,21,-10.0,9.0,Broken,Avoid/exit,20,4.3,-38.5,-29.0,31.5,0,,Technology,3434892.0,1340618.78
NAKAW,Nakamoto Inc.,0.254,1,4,1,0,5,6,2,19,-10.0,9.0,Broken,Avoid/exit,40,0.0,-60.9,-28.4,37.5,0,,nan,nan,323.88
CGNMF,CGN Mining Company Limited,0.3,2,1,9,4,0,0,2,18,-10.0,9.0,Broken,Avoid/exit,11,-13.7,-13.7,-14.6,18.4,0,,Energy,2774249216.0,0.0
AMGRF,AMA Group Limited,0.311,3,4,3,4,3,5,2,24,-15.0,9.0,Broken,Avoid/exit,25,0.0,0.0,-7.5,21.5,1,,Consumer Cyclical,192506816.0,1101.09
NFE,New Fortress Energy LLC,0.33,3,6,8,0,2,2,3,24,-15.0,9.0,Broken,Avoid/exit,17,-2.9,-5.7,-8.8,39.2,1,,Energy,94259440.0,10876270.64
SCAG,Scage Future American Depositary Shares,0.305,6,5,3,3,2,2,2,23,-15.0,9.0,Broken,Avoid/exit,25,-6.2,-17.6,-16.1,41.3,1,,Industrials,22145948.0,1458898.55
OPENW,Opendoor Technologies Inc.,0.316,0,6,3,1,2,2,2,16,-8.0,9.0,Broken,Avoid/exit,17,-18.9,-23.8,-21.8,32.1,0,,nan,nan,0.0
YOOV,Concorde International Group Ltd.,0.426,4,7,3,3,0,0,5,22,-13.0,9.0,Broken,Avoid/exit,0,-23.8,-19.9,-19.6,37.8,1,,Industrials,113674328.0,0.0
VXRT,Vaxart Inc,0.48,1,9,0,3,4,0,2,19,-8.0,9.0,Broken,Avoid/exit,13,-4.0,-12.7,-7.8,38.9,0,,Healthcare,116181520.0,570360.14
HBEIF,Honey Badger Silver Inc,0.51,3,8,6,1,6,0,2,26,-15.0,9.0,Broken,Avoid/exit,37,-7.0,-7.4,-3.2,47.1,1,,Basic Materials,82345296.0,337922.57
TRAW,Traws Pharma Inc,0.513,3,8,3,0,4,2,2,22,-13.0,9.0,Broken,Avoid/exit,19,-15.4,-27.2,-23.1,28.9,2,,Healthcare,7812132.0,926206.41
ORBS,Eightco Holdings Inc.,0.597,6,5,9,0,0,2,2,24,-15.0,9.0,Broken,Avoid/exit,31,-7.4,-11.5,-10.6,38.0,1,,Consumer Cyclical,231798112.0,14170217.34
NRRSF,Norsemont Mining Inc,0.553,1,11,5,0,3,2,2,24,-13.0,9.0,Broken,Avoid/exit,21,-3.3,-9.4,-5.7,41.5,2,,Basic Materials,49210760.0,97305.21
BSWGF,Black Swan Graphene Inc.,0.637,3,9,2,0,4,2,2,22,-13.0,9.0,Broken,Avoid/exit,17,0.6,-5.7,-6.6,40.2,2,,Basic Materials,35556128.0,26512.81
PEFDF,Delfi Limited,0.68,3,1,9,3,0,1,2,19,-10.0,9.0,Broken,Avoid/exit,19,-2.9,-1.4,-2.6,29.5,0,,Consumer Defensive,427809888.0,0.0
RVP,Retractable Technologies Inc,0.67,1,8,6,1,5,1,2,24,-15.0,9.0,Broken,Avoid/exit,36,-1.5,-2.9,-2.6,41.8,2,,Healthcare,20063884.0,80114.57
TOPS,TOP Ships Inc.,0.742,3,6,6,4,0,2,2,23,-14.0,9.0,Broken,Avoid/exit,16,-7.3,0.2,-7.2,38.2,0,,Energy,4109702.0,343178.62
BCTXL,BriaCell Therapeutics Corp. Warrant expiring 2031,0.82,2,4,4,3,1,0,5,19,-10.0,9.0,Broken,Avoid/exit,0,-10.9,-7.9,-7.0,45.7,0,,nan,nan,0.0
SHCAY,Sharp Corp ADR,0.85,0,3,6,9,2,2,2,24,-11.0,9.0,Broken,Avoid/exit,34,-6.6,-6.6,-5.9,41.6,0,,Technology,2328154112.0,6494.84
ALKEF,Alkane Resources Limited,0.92,2,5,8,0,0,2,2,19,-10.0,9.0,Broken,Avoid/exit,20,-2.1,-7.1,-5.0,37.9,0,,Basic Materials,1256908416.0,481724.57
HODO,House of Doge Inc.,0.947,1,8,1,3,4,2,2,21,-10.0,9.0,Broken,Avoid/exit,19,-17.6,-27.1,-39.8,32.1,1,,Technology,71884888.0,195623.74
LITS,"Lite Strategy, Inc.",0.97,6,6,7,0,3,4,5,31,-25.0,9.0,Broken,Avoid/exit,23,-3.0,-3.0,-0.4,50.1,1,,Healthcare,33004444.0,457224.36
IPLXX,Voya Investors Trust - Voya Liquid Assets Portfolio,1.0,1,4,2,6,0,2,4,19,-10.0,9.0,Broken,Avoid/exit,17,-0.0,-0.0,-0.0,29.6,0,,nan,nan,0.0
ISPXX,Voya Investors Trust - Voya Liquid Assets Portfolio,1.0,1,4,2,6,0,2,4,19,-10.0,9.0,Broken,Avoid/exit,16,-0.0,-0.0,-0.0,29.6,0,,nan,nan,0.0
ITLXX,Voya Investors Trust - Voya Liquid Assets Portfolio,1.0,1,4,2,6,0,2,4,19,-10.0,9.0,Broken,Avoid/exit,17,-0.0,-0.0,-0.0,29.6,0,,nan,nan,0.0
SAAQW,Space Asset Acquisition Corp. Warrants,0.95,9,4,4,3,0,7,2,29,-18.0,9.0,Broken,Avoid/exit,0,11.8,-7.8,-1.1,50.0,1,,nan,nan,0.0
KGLLF,KGL Resources Limited,0.001,1,3,0,2,3,7,2,18,-10.0,8.0,Broken,Avoid/exit,10,0.0,0.0,-98.0,0.6,0,,Basic Materials,185133472.0,1981.12
TXTM,Protext Mobility Inc,0.004,4,6,1,5,2,0,2,20,-10.0,8.0,Broken,Avoid/exit,11,-4.9,-15.2,-12.0,34.7,0,,Healthcare,34285764.0,11150045.67
LMMFF,Lithium Australia NL,0.006,1,5,3,5,0,0,2,16,-8.0,8.0,Broken,Avoid/exit,25,-3.2,-3.2,-3.5,42.5,0,,Industrials,12386203.0,7350.62
CTGL,Citrine Global Corp,0.005,0,3,9,6,0,2,2,22,-10.0,8.0,Broken,Avoid/exit,15,-34.1,-34.1,-34.0,31.5,0,,Consumer Defensive,8236041.0,67547.53
PTNUF,Platina Resources Limited,0.01,6,3,1,5,3,0,5,23,-15.0,8.0,Broken,Avoid/exit,18,-19.8,-19.8,-9.5,38.1,1,,Basic Materials,6491223.0,10156.0
SURY,Surya Oil & Gas Corp.,0.003,1,3,0,8,0,2,2,16,-8.0,8.0,Broken,Avoid/exit,11,-20.0,-68.0,-50.4,40.4,0,,Energy,1719588.0,454275.22
AIMN,"Lee Pharmaceuticals, Inc.",0.002,4,6,3,6,2,0,2,23,-13.0,8.0,Broken,Avoid/exit,23,-31.4,-65.7,-46.7,39.6,0,,Financial Services,792327.0,375229.31
NUGS,Cannabis Strategic Ventures,0.001,5,4,2,0,3,2,2,18,-10.0,8.0,Broken,Avoid/exit,28,0.0,0.0,-7.6,45.0,0,,Healthcare,368431.0,0.0
QTCI,Quantum Capital Inc,0.003,4,3,2,0,3,4,2,18,-10.0,8.0,Broken,Avoid/exit,30,0.0,-70.0,-48.4,17.7,0,,Financial Services,166174.0,819.7
WINKF,Windfall Geotek Inc,0.012,0,2,3,8,0,0,2,15,-3.0,8.0,Broken,Avoid/exit,13,-14.3,-20.0,-16.2,25.5,1,,Technology,2185243.0,14437.5
ANAS,Alternaturals Inc,0.014,1,1,4,2,3,5,2,18,-10.0,8.0,Broken,Avoid/exit,30,0.0,-4.7,-2.2,9.1,0,,Financial Services,1494905.0,11639.21
GENPF,Genix Pharmaceuticals Corporation,0.014,1,4,2,6,3,5,2,23,-15.0,8.0,Broken,Avoid/exit,32,0.0,0.0,-1.2,29.8,1,,Healthcare,844893.0,411.95
GIBOW,GIBO Holdings Limited,0.02,3,3,1,5,0,6,2,20,-8.0,8.0,Broken,Avoid/exit,17,-31.0,-31.0,-25.4,38.6,0,,nan,nan,8496.54
PTEEF,Plaintree Systems Inc,0.03,3,3,3,5,3,2,4,23,-15.0,8.0,Broken,Avoid/exit,22,0.0,-0.3,-0.1,23.3,1,,Industrials,383880.0,1159.91
GRABW,Grab Holdings Limited Warrant,0.023,1,10,2,3,3,2,2,23,-15.0,8.0,Broken,Avoid/exit,16,-14.2,-32.9,-28.2,32.3,1,,nan,nan,32310.89
PEMSF,Pacific Empire Minerals Corp,0.032,4,3,9,3,0,2,2,23,-15.0,8.0,Broken,Avoid/exit,14,-8.1,-10.9,-9.0,36.1,1,,Basic Materials,8847438.0,214919.2
BITK,Tuttle Capital Bitcoin 0DTE Covered Call ETF,0.04,1,5,0,5,3,2,2,18,-10.0,8.0,Broken,Avoid/exit,17,0.0,-99.6,-99.3,34.8,0,,nan,nan,10352.27
CRVW,Careview Comm Inc,0.043,5,8,3,3,2,0,2,23,-15.0,8.0,Broken,Avoid/exit,52,-10.0,-6.3,-11.2,39.8,1,,Healthcare,23355230.0,138956.87
CSRNF,Canstar Resources Inc,0.043,9,3,4,5,7,5,5,38,-30.0,8.0,Broken,Avoid/exit,43,9.2,-20.0,2.3,52.2,1,,Basic Materials,7969700.0,42029.89
HPSIF,HPSIF,0.043,1,3,4,6,5,2,2,23,-15.0,8.0,Broken,Avoid/exit,49,2.4,-14.2,-6.5,39.6,1,,Industrials,4473288.0,44444.05
HAYAF,HAYAF,0.046,1,1,6,3,3,4,2,20,-10.0,8.0,Broken,Avoid/exit,21,-6.9,-13.4,-7.1,37.2,0,,Basic Materials,3414394.0,29976.99
BRLSW,Borealis Foods Inc,0.045,6,7,0,4,1,2,2,22,-10.0,8.0,Broken,Avoid/exit,13,-31.8,54.8,-16.9,46.8,2,,nan,nan,29210.85
CUPIF,Cupani Metals Corp.,0.058,4,2,5,3,0,2,2,18,-10.0,8.0,Broken,Avoid/exit,8,-10.6,-8.6,-11.4,37.0,0,,Financial Services,11378044.0,21081.84
ILLRW,Triller Group Inc. Warrant,0.058,14,11,4,1,5,3,2,40,-30,8,Broken,Avoid/exit,50,49.0,22.1,14.3,52.8,3,,nan,nan,0.0
GNSMF,Genius Metals Inc,0.09,2,10,1,0,4,2,2,21,-13.0,8.0,Broken,Avoid/exit,23,23.0,3.1,0.6,48.9,1,,Basic Materials,16927806.0,15676.86
NEXNF,NEXE Innovations Inc,0.088,3,9,8,0,2,0,2,24,-16.0,8.0,Broken,Avoid/exit,23,-4.8,-5.9,-5.0,40.7,2,,Consumer Cyclical,8841151.0,12448.41
SEDA,SDCL EDGE Acquisition Corporation,0.095,7,13,3,2,3,3,5,36,-26.0,8.0,Broken,Avoid/exit,47,5.6,11.8,4.6,55.2,3,,Financial Services,115041912.0,3279770.5
CPNFF,Euro Sun Mining Inc,0.096,2,4,7,4,2,2,2,23,-15.0,8.0,Broken,Avoid/exit,14,-5.0,-8.0,-8.7,38.5,1,,Basic Materials,41429672.0,95436.2
GTERW,Globa Terra Acquisition Corporation Warrants,0.097,5,5,0,5,1,2,2,20,-10.0,8.0,Broken,Avoid/exit,11,-30.8,7.7,-21.4,40.9,1,,nan,nan,23450.01
GPUS,"Hyperscale Data, Inc.",0.119,4,6,4,0,2,0,2,18,-10.0,8.0,Broken,Avoid/exit,24,-8.3,-8.3,-14.6,39.6,0,,Industrials,41456884.0,66544311.2
ATVVF,Australian Vanadium Limited,0.106,7,8,5,2,3,3,5,33,-28.0,8.0,Broken,Avoid/exit,30,0.0,32.7,1.3,48.9,3,,Basic Materials,30012820.0,9819.19
PYRGF,PyroGenesis Inc.,0.132,3,2,7,2,2,4,2,22,-15.0,8.0,Broken,Avoid/exit,13,1.2,-7.4,-7.5,32.7,2,,Industrials,29648442.0,52091.02
QGLDF,Q-Gold Resources Ltd,0.117,1,8,4,6,0,2,2,23,-13.0,8.0,Broken,Avoid/exit,21,-9.7,-9.7,-11.7,31.5,1,,Basic Materials,22752810.0,0.0
ADCOF,Adcore Inc,0.106,3,8,5,0,3,2,2,23,-15.0,8.0,Broken,Avoid/exit,29,0.3,-4.6,-3.2,35.4,1,,Technology,6321782.0,10865.59
CHHL,China Holdings Inc,0.101,5,5,1,3,0,2,2,18,-10.0,8.0,Broken,Avoid/exit,37,-6.5,0.0,-7.8,35.7,0,,Healthcare,1770799.0,3623229.5
MGCV,MGC Ventures Inc,0.11,9,7,7,4,3,2,4,36,-28.0,8.0,Broken,Avoid/exit,47,0.0,0.0,0.0,95.3,1,,Basic Materials,1717192.0,468.5
TLTFF,Theralase Technologies Inc.,0.18,10,4,7,3,2,0,5,31,-23.0,8.0,Broken,Avoid/exit,24,-2.5,-5.3,-2.6,47.5,1,,Healthcare,54699196.0,117443.45
EQMEF,Equity Metals Corporation,0.167,6,6,8,3,2,4,2,31,-23.0,8.0,Broken,Avoid/exit,20,-8.8,-1.2,-5.5,43.1,1,,Basic Materials,40642072.0,327457.28
CDBMF,Cordoba Minerals Corp,0.174,3,10,1,0,3,2,2,21,-13.0,8.0,Broken,Avoid/exit,19,-3.7,-21.1,-25.2,27.6,1,,Basic Materials,17578256.0,0.0
BNET,Bion Environmental Technologies Inc,0.19,3,11,11,2,4,0,5,36,-28.0,8.0,Broken,Avoid/exit,32,6.8,18.1,3.4,51.0,3,,Industrials,9473032.0,22109.52
VEEA,Veea Inc.,0.162,3,7,3,2,4,2,2,23,-13.0,8.0,Broken,Avoid/exit,12,-9.4,-21.4,-22.5,27.0,2,,Technology,8928946.0,997158.98
AMMX,AmeraMex International Inc,0.155,3,3,6,6,0,0,2,20,-10.0,8.0,Broken,Avoid/exit,41,-3.1,-6.6,-4.1,36.5,0,,Industrials,2372664.0,13531.04
PHGE,Biomx Inc,0.183,3,5,5,6,0,2,2,23,-15.0,8.0,Broken,Avoid/exit,15,-12.7,-12.7,-31.8,26.5,1,,Industrials,1977751.0,2862009.09
UOKAF,MDJM Ltd,0.167,3,12,4,6,5,2,2,34,-26.0,8.0,Broken,Avoid/exit,41,11.6,8.0,-12.5,44.1,3,,Consumer Cyclical,241482.0,196156.86
GARPF,Golden Agri-Resources Ltd,0.21,1,3,3,6,3,0,2,18,-10.0,8.0,Broken,Avoid/exit,28,-16.0,0.0,-7.7,38.2,0,,Consumer Defensive,3170418176.0,0.0
TNGZF,TNG Limited,0.2,2,5,4,3,3,4,2,23,-20.0,8.0,Broken,🔥 COILED: Avoid/exit,39,0.0,-13.2,-4.6,42.1,0,,Basic Materials,465194144.0,46272.91
NPRFF,Nepra Foods Inc,0.227,5,7,2,3,0,2,5,24,-16.0,8.0,Broken,Avoid/exit,53,13.3,-3.7,-2.7,48.3,1,,Consumer Defensive,33124744.0,79581.08
QIMGF,QIMGF,0.212,3,8,5,3,2,0,4,25,-15.0,8.0,Broken,Avoid/exit,31,-6.0,-11.6,-4.6,44.4,1,,Basic Materials,17796462.0,37223.94
BRQL,brooqLy Inc.,0.203,0,4,7,6,2,2,2,23,-15.0,8.0,Broken,Avoid/exit,24,-8.7,-16.2,-10.7,33.6,1,,Industrials,6328684.0,13700.33
FACTW,FACT II Acquisition Corp. Warrant,0.23,1,9,0,1,3,0,2,16,-6.0,8.0,Broken,Avoid/exit,18,-43.9,-59.6,-39.1,40.4,1,,nan,nan,20634.77
MBQIF,MBQIF,0.201,2,5,2,5,0,0,2,16,-8.0,8.0,Broken,Avoid/exit,0,-4.1,-36.3,-37.0,40.1,0,,nan,nan,0.0
CLMHF,Calgro M3 Holdings Limited,0.251,3,4,1,2,3,3,2,18,-10.0,8.0,Broken,Avoid/exit,11,0.0,0.0,-2.3,0.0,0,,Consumer Cyclical,26706568.0,1343.0
ABCP,Ambase Corp,0.263,10,4,8,5,3,1,4,35,-23.0,8.0,Broken,Avoid/exit,52,-1.9,1.2,-0.6,51.1,1,,Real Estate,22933318.0,16482.53
TPET,Trio Petroleum Corp.,0.267,0,5,7,5,4,2,2,25,-15.0,8.0,Broken,Avoid/exit,12,-16.2,-13.8,-13.3,35.6,1,,Energy,11832749.0,12991798.8
VTECF,Vortex Energy Corp.,0.286,3,3,3,8,0,0,4,21,-13.0,8.0,Broken,Avoid/exit,18,-1.8,-40.4,-8.9,43.9,1,,Basic Materials,4340638.0,2589.55
KAPA,"Kairos Pharma, Ltd.",0.308,3,12,2,0,4,2,2,25,-15.0,8.0,Broken,Avoid/exit,14,-14.0,-9.4,-9.4,39.7,2,,Healthcare,6594649.0,872343.48
ZLDAF,Zelira Therapeutics Limited,0.3,3,4,3,3,3,5,2,23,-15.0,8.0,Broken,Avoid/exit,27,0.0,0.0,-3.2,1.4,1,,Healthcare,3944146.0,237.46
FWRXF,FWRXF,0.315,2,5,2,4,3,0,2,18,-10.0,8.0,Broken,Avoid/exit,0,0.0,-31.8,-11.4,45.7,0,,nan,nan,0.0
MGAFF,Mega Uranium Ltd.,0.353,2,5,9,6,0,2,2,26,-18.0,8.0,Broken,Avoid/exit,21,-7.2,-7.2,-7.6,37.9,0,,Energy,135363376.0,143915.89
ATER,Aterian Inc,0.388,1,8,0,1,4,0,2,16,-13.0,8.0,Broken,Avoid/exit,12,-62.3,-68.0,-57.9,21.3,1,,Consumer Cyclical,4207401.0,1526054.8
TFGL,Nuvonyx Inc,0.379,1,1,7,5,3,4,2,23,-15.0,8.0,Broken,Avoid/exit,22,0.0,-21.0,-12.9,22.9,1,,Financial Services,671570.0,1157.4
SPCOQ,The Stephan Co.,0.42,2,3,9,3,3,0,3,23,-15.0,8.0,Broken,Avoid/exit,29,-6.7,-10.6,-8.4,24.5,1,,Consumer Defensive,1743862.0,7873.93
MANOF,Manolete Partners Plc,0.55,6,3,2,4,3,0,5,23,-11.0,8.0,Broken,Avoid/exit,24,-8.8,-8.8,-4.2,42.2,0,,Industrials,26519142.0,976.75
SAGGF,Sterling Metals Corp,0.63,3,11,2,3,3,2,2,26,-18.0,8.0,Broken,Avoid/exit,18,5.0,1.4,-6.8,40.4,1,,Basic Materials,29131460.0,10531.13
SVIN,Scheid Vineyards Inc,0.69,3,4,4,4,3,3,2,23,-15.0,8.0,Broken,Avoid/exit,11,0.0,0.0,-6.9,2.8,1,,Consumer Defensive,631373.0,273.76
CGMLF,Chalice Mining Limited,0.76,3,2,8,0,0,3,4,20,-15.0,8.0,Broken,Avoid/exit,18,0.0,-3.8,-4.6,29.4,1,,Basic Materials,390162528.0,3849.88
SERKF,Serko Limited,0.755,0,4,0,8,0,1,2,15,-3.0,8.0,Broken,Avoid/exit,17,-7.4,-6.3,-10.9,41.7,1,,Technology,238403232.0,534.38
GLDG,GoldMining Inc,0.834,3,7,8,3,0,2,2,25,-17.0,8.0,Broken,Avoid/exit,17,-3.0,-1.9,-4.3,41.2,1,,Basic Materials,179142512.0,2742953.52
INCR,InterCure Ltd.,0.92,2,6,1,3,4,2,2,20,-15.0,8.0,Broken,Avoid/exit,38,1.4,-7.1,-3.7,44.8,2,,Healthcare,54460656.0,55382.4
SJ,Scienjoy Holding Corp,0.92,4,12,2,5,3,2,5,33,-23.0,8.0,Broken,Avoid/exit,31,35.3,-4.2,6.3,52.4,1,,Communication Services,39065748.0,55240.94
WHGRF,WH Group Limited,0.985,1,3,3,4,3,2,2,18,-10.0,8.0,Broken,Avoid/exit,15,-1.5,-10.5,-5.4,39.6,0,,Consumer Defensive,13037825024.0,0.0
BLLYF,Bluejay Mining plc,0.009,1,9,3,5,2,0,2,22,-15.0,7.0,Broken,Avoid/exit,20,-7.9,-10.6,-9.8,38.2,1,,Basic Materials,47444124.0,2871159.04
FRQN,"Frequency Holdings, Inc.",0.005,8,6,1,3,0,0,5,23,-16.0,7.0,Broken,Avoid/exit,43,0.0,-50.0,-33.5,47.6,0,,Technology,24625382.0,47210.95
ESYL,Easylink Solutions C,0.004,7,6,7,2,3,4,5,34,-30.0,7.0,Broken,Avoid/exit,27,0.0,21.9,2.5,49.4,3,,Technology,21606534.0,9589.75
GORAF,Goldrea Resources Corp,0.011,4,3,0,5,0,3,2,17,-10.0,7.0,Broken,Avoid/exit,9,-27.9,-73.6,-36.2,45.7,0,,Basic Materials,1908098.0,22430.2
EPWKF,EPWK Holdings Ltd. Class A,0.008,7,6,10,5,0,4,2,34,-30.0,7.0,Broken,Avoid/exit,23,28.3,28.3,7.1,50.6,3,,Technology,1733105.0,17568977.46
NNRI,NNRF Inc,0.002,2,4,9,1,0,4,2,22,-15.0,7.0,Broken,Avoid/exit,8,-5.9,-5.9,-9.2,18.5,1,,Financial Services,771740.0,73978.21
GSSRF,Gossan Resources Limited,0.004,3,4,1,4,3,5,2,22,-15.0,7.0,Broken,Avoid/exit,15,0.0,0.0,-47.6,1.9,1,,Basic Materials,730360.0,4557.55
AAGR,African Agriculture Holdings Inc.,0.007,7,4,2,3,4,0,2,22,-15.0,7.0,Broken,Avoid/exit,41,-30.0,-30.0,-8.4,49.3,1,,Consumer Defensive,405067.0,4185.94
CBDG,THC Farmaceuticals Inc,0.007,3,3,0,5,0,4,2,17,-10.0,7.0,Broken,Avoid/exit,20,-70.0,-34.5,-60.2,40.9,0,,Healthcare,130547.0,1177.81
BYOGD,Bounty Oil & Gas NL,0.018,3,3,1,0,6,7,2,22,-15.0,7.0,Broken,Avoid/exit,35,0.0,0.0,-32.6,9.7,1,,Energy,47269840.0,692.1
EEENF,88 Energy Limited,0.014,1,4,2,9,0,2,2,20,-13.0,7.0,Broken,Avoid/exit,21,-14.6,-8.8,-11.9,40.8,1,,Energy,17967866.0,648365.19
BYOGF,Bounty Oil & Gas NL,0.018,3,3,1,0,6,7,2,22,-15.0,7.0,Broken,Avoid/exit,36,0.0,0.0,-32.4,11.0,1,,Energy,17627710.0,692.1
RVVTF,Revive Therapeutics Ltd,0.018,4,4,4,5,3,0,2,22,-15.0,7.0,Broken,Avoid/exit,26,-9.1,-14.3,-11.3,41.3,1,,Healthcare,7842170.0,371251.27
VMNT,Vemanti Group Inc,0.018,2,5,8,7,0,0,2,24,-13.0,7.0,Broken,Avoid/exit,15,-8.2,-1.1,-11.9,32.3,1,,Technology,4871799.0,52875.54
CANN,General Cannabis Corp,0.02,6,3,1,6,3,0,5,24,-15.0,7.0,Broken,Avoid/exit,25,-8.6,-33.0,-14.3,44.6,1,,Healthcare,2313394.0,135292.1
RMRYF,Armory Mining Corp.,0.012,3,9,5,0,3,2,2,24,-13.0,7.0,Broken,Avoid/exit,16,-10.7,-13.8,-10.5,38.2,2,,Basic Materials,1130686.0,20983.61
PWRLF,POWR Lithium Corp.,0.016,3,6,3,3,3,2,2,22,-15.0,7.0,Broken,Avoid/exit,18,0.0,-11.9,-6.0,45.9,1,,Basic Materials,1135002.0,6113.47
ENHD,Energroup Holdings Corp,0.012,1,7,1,4,0,2,2,17,-10.0,7.0,Broken,Avoid/exit,13,0.0,-47.8,-26.1,21.9,0,,Financial Services,116053.0,2957.02
DTMXF,Datametrex AI Limited,0.025,4,4,6,0,3,3,2,22,-15.0,7.0,Broken,Avoid/exit,19,0.0,-0.8,-5.0,29.7,1,,Technology,3799391.0,2309.05
VMSSF,Vortex Metals Inc,0.025,7,14,8,3,3,0,2,37,-26.0,7.0,Broken,Avoid/exit,39,-13.0,1.2,-3.2,44.7,1,,Basic Materials,3064763.0,18815.8
LFSWF,Lifeist Wellness Inc.,0.025,2,4,1,6,0,4,2,19,-15.0,7.0,Broken,Avoid/exit,20,-6.7,-16.0,-14.0,43.7,2,,Consumer Defensive,1290395.0,10337.61
OMMSF,Omineca Mining and Metals Ltd,0.035,1,6,2,5,4,2,2,22,-15.0,7.0,Broken,Avoid/exit,19,-2.5,-30.0,-11.4,39.7,1,,Basic Materials,9478144.0,51377.71
SYGCF,Sylla Gold Corp.,0.036,4,10,6,7,2,2,4,35,-28,7,Broken,Avoid/exit,23,45.2,32.4,10.6,51.6,4,,Basic Materials,3862721.0,42838.25
HSTA,Hestia Insight Inc,0.034,2,6,1,5,6,0,2,22,-15.0,7.0,Broken,Avoid/exit,39,-10.9,-25.6,-14.0,22.6,1,,Technology,754360.0,3980.56
SIKI,SIKI,0.04,1,5,0,3,4,2,2,17,-10.0,7.0,Broken,Avoid/exit,14,0.0,-9.5,-12.9,31.5,0,,Technology,nan,263.98
VTMXF,Vital Metals Limited,0.06,2,8,1,7,5,0,2,25,-14.0,7.0,Broken,Avoid/exit,20,-50.0,-50.0,-34.3,37.6,1,,Basic Materials,29745558.0,32394.27
LGNZZ,Ligand Pharmaceuticals Inc Tr Beta Contingent Value Rt,0.06,1,4,2,4,0,2,2,15,-8.0,7.0,Broken,Avoid/exit,20,-7.7,-22.0,-10.5,40.9,0,,nan,10898781.0,0.0
CAXPF,District Copper Corp,0.051,7,8,2,6,0,2,2,27,-20.0,7.0,Broken,Avoid/exit,32,29.5,-10.3,-6.2,45.9,1,,Basic Materials,2188495.0,0.0
SBFMW,Sunshine Biopharma Inc. Warrant,0.055,6,7,1,3,0,5,5,27,-20,7,Broken,Avoid/exit,31,77.6,-34.9,-8.7,48.5,1,8,nan,nan,0.0
FASLF,First Andes Silver Ltd.,0.063,1,1,7,5,5,0,3,22,-15.0,7.0,Broken,Avoid/exit,24,-7.6,-0.5,-5.4,37.4,1,,Basic Materials,5796552.0,71105.25
TTSRF,Tartisan Nickel Corp,0.089,4,11,2,3,3,0,2,25,-18.0,7.0,Broken,Avoid/exit,14,-17.6,-4.3,-11.4,38.1,2,,Basic Materials,13897510.0,9130.38
SABOF,Sabio Holdings Inc.,0.084,1,1,2,4,3,4,2,17,-10.0,7.0,Broken,Avoid/exit,14,0.0,-19.2,-11.8,0.2,0,,Communication Services,4556345.0,1417.04
TWRFF,Tower Resources Ltd,0.093,2,4,3,3,6,2,2,22,-15.0,7.0,Broken,Avoid/exit,18,0.0,-8.5,-6.8,35.8,1,,Basic Materials,17692000.0,11042.9
DDOSF,Corero Network Security plc,0.129,1,3,2,4,3,2,2,17,-10.0,7.0,Broken,Avoid/exit,20,0.0,-10.2,-9.7,6.6,0,,Technology,84763328.0,7092.91
ROQAF,Roquefort Therapeutics plc,0.131,9,6,4,5,6,2,2,34,-30.0,7.0,Broken,Avoid/exit,49,0.0,24.8,2.2,52.4,3,,Healthcare,61940832.0,1197.62
BRKCF,Barksdale Resources Corp,0.142,1,9,0,3,3,2,2,20,-13.0,7.0,Broken,Avoid/exit,38,-9.0,-21.5,-21.7,32.2,1,,Basic Materials,30770292.0,170962.92
ROOOF,Northstar Clean Technologies Inc,0.126,2,4,1,4,5,2,4,22,-15.0,7.0,Broken,Avoid/exit,24,-6.6,-18.0,-7.0,43.8,2,,Industrials,20827740.0,49582.07
DUVNF,Peruvian Metals Corp,0.117,6,5,8,0,0,2,4,25,-18.0,7.0,Broken,Avoid/exit,34,-6.4,-9.6,-7.6,40.4,0,,Basic Materials,16329901.0,81270.58
MURMF,Murchison Minerals Ltd,0.144,1,5,2,2,3,2,2,17,-10.0,7.0,Broken,Avoid/exit,31,17.1,-7.2,-8.4,39.3,0,,Basic Materials,2991563.0,10497.61
INUMF,Infinitum Copper Corp,0.128,4,1,7,4,1,0,2,19,-8.0,7.0,Broken,Avoid/exit,29,-10.3,-10.3,-9.5,20.1,0,,Basic Materials,785724.0,2217.84
KSRBF,Kossan Rubber Industries Bhd,0.189,3,4,1,1,3,3,2,17,-10.0,7.0,Broken,Avoid/exit,6,0.0,0.0,-13.3,0.0,0,,Healthcare,476318400.0,35.0
OCGSF,Outcrop Gold Corp,0.191,4,8,7,3,0,2,2,26,-19.0,7.0,Broken,Avoid/exit,22,0.6,0.6,-2.7,44.7,1,,Basic Materials,94351064.0,621077.85
ASFH,AsiaFIN Holdings Corp.,0.174,3,4,2,0,3,3,2,17,-10.0,7.0,Broken,Avoid/exit,8,0.0,0.0,-19.1,0.0,0,,Technology,16383168.0,336.87
RCT,RedCloud Holdings plc Ordinary Shares,0.182,3,6,2,3,0,4,2,20,-13.0,7.0,Broken,Avoid/exit,9,-24.0,-29.8,-32.3,25.0,1,,Technology,10833570.0,3237987.45
CURX,Curanex Pharmaceuticals Inc Common Stock,0.198,3,10,3,0,4,2,2,24,-15.0,7.0,Broken,Avoid/exit,19,-2.0,-5.7,-9.6,34.5,2,,Healthcare,5611480.0,1492596.15
TNON,Tenon Medical Inc,0.19,3,9,2,0,4,2,2,22,-13.0,7.0,Broken,Avoid/exit,14,-6.4,-7.3,-25.8,30.2,2,,Healthcare,3303175.0,2665200.76
AUMN,Golden Minerals Company,0.191,6,7,6,1,3,0,2,25,-18.0,7.0,Broken,Avoid/exit,40,-0.6,0.5,-1.0,49.5,1,,Basic Materials,2892716.0,49551.23
TVAIR,Thayer Ventures Acquisition Corporation II Rights,0.172,2,3,2,6,0,2,2,17,-10.0,7.0,Broken,Avoid/exit,25,1.2,-14.0,-7.0,45.1,0,,nan,nan,0.0
OPENZ,OPENDOOR TECHNOLOGIES INC SERIES Z,0.165,0,7,2,1,2,0,2,14,-8.0,7.0,Broken,Avoid/exit,27,-17.6,-28.3,-21.1,33.0,0,,nan,nan,0.0
ANLBF,Aton Resources Inc,0.21,1,2,1,8,0,0,2,14,-3.0,7.0,Broken,Avoid/exit,28,-56.2,-41.8,-48.1,27.9,1,,Basic Materials,61178120.0,0.0
SORNW,Soren Acquisition Corp. Warrant,0.23,3,5,5,0,0,2,2,17,-10.0,7.0,Broken,Avoid/exit,0,-14.8,-6.1,-12.5,34.3,0,,nan,nan,0.0
TWOSF,TWOSF,0.285,6,6,7,5,0,0,3,27,-16.0,7.0,Broken,Avoid/exit,37,-7.6,-1.8,-3.2,45.8,1,,Basic Materials,17395970.0,12238.5
KGLDF,King Global Ventures Inc,0.29,4,5,3,1,4,3,2,22,-15.0,7.0,Broken,Avoid/exit,18,3.5,1.7,-5.1,32.7,1,,Basic Materials,15381306.0,10818.1
STME,STME,0.276,3,4,5,2,3,3,2,22,-15.0,7.0,Broken,Avoid/exit,26,0.0,0.0,-4.7,27.1,1,,Healthcare,6130968.0,1779.5
CYAB,"Cyabra, Inc. Common Stock",0.266,3,7,4,0,2,2,2,20,-13.0,7.0,Broken,Avoid/exit,0,-14.2,-26.1,-22.3,29.8,1,,Technology,4052124.0,0.0
CTTZF,Centaurus Metals Limited,0.31,6,9,4,0,2,2,2,25,-18.0,7.0,Broken,Avoid/exit,19,5.1,-1.9,-5.2,42.0,1,,Basic Materials,175654320.0,182942.97
CNQQF,Clean Teq Water Ltd,0.33,3,4,1,4,2,3,5,22,-15.0,7.0,Broken,Avoid/exit,47,-52.9,6.5,-29.5,40.6,1,,Utilities,61925700.0,5864.91
WWR,Westwater Resources Inc,0.406,1,9,4,0,4,2,2,22,-13.0,7.0,Broken,Avoid/exit,20,-5.5,-6.3,-8.0,32.7,2,,Basic Materials,51614252.0,2883040.91
IMTE,Integrated Media Technology Ltd,0.45,3,8,5,3,2,0,4,25,-16.0,7.0,Broken,Avoid/exit,18,-15.1,-11.8,-7.8,41.8,1,,Technology,1550206.0,826883.39
MMA,Mixed Martial Arts Group Limited,0.473,2,5,7,0,2,2,2,20,-13.0,7.0,Broken,Avoid/exit,29,-3.5,-1.0,-4.5,44.0,1,,Consumer Cyclical,12526714.0,520864.36
LFACW,Leapfrog Acquisition Corporation Warrants,0.494,3,9,0,5,3,0,2,22,-13.0,7.0,Broken,Avoid/exit,0,-68.0,-31.7,-20.9,48.0,0,,nan,1930174.0,0.0
VANAF,Largo Physical Vanadium Corp.,0.51,1,1,2,4,3,4,2,17,-10.0,7.0,Broken,Avoid/exit,18,0.0,-15.0,-6.7,1.3,0,,Basic Materials,8576568.0,381.42
LYRA,Lyra Therapeutics Inc,0.5,3,7,1,6,1,2,2,22,-15.0,7.0,Broken,Avoid/exit,26,-3.8,4.2,-8.6,43.2,1,,Healthcare,922938.0,51136.17
TIANF,Tianneng Power International Limited,0.597,1,3,0,5,3,3,2,17,-10.0,7.0,Broken,Avoid/exit,8,0.0,0.0,-15.1,0.0,0,,Consumer Cyclical,671845888.0,15.0
GPHOF,Graphite One Inc,0.588,5,10,1,0,2,2,2,22,-15.0,7.0,Broken,Avoid/exit,14,3.8,-9.0,-7.0,37.8,1,,Basic Materials,122810344.0,395168.75
AEMD,Aethlon Medical Inc,0.564,3,8,3,0,2,2,2,20,-13.0,7.0,Broken,Avoid/exit,13,-7.6,-18.3,-26.3,23.4,1,,Healthcare,1484537.0,256861.46
OMEX,Odyssey Marine Exploration Inc,0.673,2,7,6,3,0,2,2,22,-15.0,7.0,Broken,Avoid/exit,26,-8.2,-1.8,-9.3,37.5,1,,Basic Materials,39408664.0,2690778.08
GWH,ESS Tech Inc,0.75,1,7,2,3,2,2,2,19,-15.0,7.0,Broken,Avoid/exit,25,-11.0,-13.7,-10.1,42.6,1,,Industrials,22050694.0,3317060.33
GLNS,Golden Star Resource Corp ,0.802,3,6,2,3,3,3,2,22,-15.0,7.0,Broken,Avoid/exit,12,0.0,0.0,-5.2,0.3,1,,Basic Materials,7070000.0,27.01
SUMMF,Summit Royalties Ltd.,0.93,3,2,7,0,0,3,2,17,-10.0,7.0,Broken,Avoid/exit,16,-0.7,-3.6,-2.7,39.1,0,,Basic Materials,66221812.0,0.0
SFRX,Seafarer Exploration,0.002,3,6,3,0,4,0,2,18,-10.0,6.0,Broken,Avoid/exit,16,-4.8,-4.8,-5.0,43.2,0,,Industrials,21125800.0,3918423.21
BUENF,Blue Energy Limited,0.002,6,3,0,3,0,2,2,16,-10.0,6.0,Broken,Avoid/exit,15,-33.3,-45.9,-34.9,43.6,0,,Energy,6023947.0,287464.54
NRWMF,Norwest Minerals Limited,0.003,6,11,2,4,3,7,5,38,-28,6,Broken,Avoid/exit,24,18.2,18.2,9.3,48.5,3,,Basic Materials,2271168.0,10.26
CPWR,Ocean Thermal Energy Corp,0.007,3,6,9,3,4,4,2,31,-25.0,6.0,Broken,Avoid/exit,39,-7.9,-6.7,-5.7,44.9,1,,Utilities,1615103.0,68182.63
TVCCF,Three Valley Copper Corp,0.002,1,1,0,6,3,3,2,16,-10.0,6.0,Broken,Avoid/exit,15,-87.4,-64.8,-78.8,34.3,0,,Basic Materials,798493.0,7809.15
GSPI,Green Star Products,0.001,3,4,1,4,6,0,5,23,-15.0,6.0,Broken,Avoid/exit,41,-14.3,-14.3,-6.3,46.5,2,,Financial Services,775921.0,411698.13
WINT,Windtree Therapeutics Inc,0.01,5,7,1,2,3,2,4,24,-18.0,6.0,Broken,Avoid/exit,31,0.0,-50.0,-19.5,45.2,0,,Healthcare,337087.0,285530.0
IRME,International Display Advertising Inc,0.002,3,10,2,5,3,6,2,31,-25,6,Broken,Avoid/exit,25,90.9,-70.0,-39.1,23.8,1,3,Healthcare,231125.0,4057.48
MVES,Movie Studio Inc,0.001,1,3,4,0,3,3,2,16,-10.0,6.0,Broken,Avoid/exit,21,0.0,0.0,-17.5,27.0,0,,Communication Services,214872.0,51382.94
DAICW,"CID HoldCo, Inc. Warrants",0.009,2,12,0,0,3,2,2,21,-13.0,6.0,Broken,Avoid/exit,16,4.9,6.2,-34.2,45.1,1,,nan,nan,15373.07
SVNNF,Savannah Energy PLC,0.011,1,4,1,2,3,3,2,16,-10.0,6.0,Broken,Avoid/exit,9,0.0,0.0,-58.1,34.7,0,,Energy,23183356.0,21453.09
FCHS,First Choice Healthc,0.012,11,4,2,4,0,2,5,28,-22,6,Broken,Avoid/exit,39,200.0,200.0,39.1,58.6,3,8,Healthcare,395500.0,17067.09
BKUCF,Blue Sky Uranium Corp,0.03,6,8,2,0,3,0,2,21,-15.0,6.0,Broken,Avoid/exit,15,-13.5,0.0,-7.4,40.4,1,,Energy,14329628.0,358971.96
BGFGF,Beauce Gold Fields Inc,0.022,1,3,3,4,0,3,2,16,-10.0,6.0,Broken,Avoid/exit,16,0.0,0.0,-17.4,6.7,0,,Basic Materials,5491894.0,1327.47
SLMLF,Apex Resources Inc,0.027,0,1,3,2,6,2,2,16,-10.0,6.0,Broken,Avoid/exit,15,-33.3,-33.3,-25.0,20.5,0,,Basic Materials,2239798.0,4094.84
STJO,St. Joseph Inc,0.025,8,5,1,3,3,6,5,31,-21.0,6.0,Broken,Avoid/exit,40,-0.4,-0.4,-11.4,44.6,1,,Healthcare,1364729.0,5161.22
SLND-WT,SLND-WT,0.026,10,5,6,4,0,2,4,31,-25.0,6.0,Broken,Avoid/exit,31,16.0,2.4,-12.3,47.3,0,,nan,nan,49470.03
AGCCF,Gensource Potash Corporation,0.04,3,3,6,2,3,2,2,21,-15.0,6.0,Broken,Avoid/exit,13,0.0,-33.3,-25.3,18.5,1,,Basic Materials,56204152.0,9537.5
OTLC,Oncotelic Therapeutics Inc,0.037,2,9,5,0,0,0,2,18,-12.0,6.0,Broken,Avoid/exit,30,-7.5,-7.5,-6.4,44.7,0,,Healthcare,16413782.0,267958.46
WTCZD,Copper Lake Resources Ltd.,0.032,2,3,1,3,3,4,5,21,-15.0,6.0,Broken,Avoid/exit,24,4.8,4.8,-62.7,34.7,1,,Basic Materials,3848253.0,2879.94
WTCZF,Copper Lake Resources Ltd,0.032,2,3,1,3,3,4,5,21,-15.0,6.0,Broken,Avoid/exit,24,4.8,4.8,-62.8,34.9,1,,Basic Materials,427805.0,3563.86
HGAS,Global Gas Corporation,0.04,1,4,2,0,3,4,2,16,-10.0,6.0,Broken,Avoid/exit,39,0.0,-41.6,-11.8,38.3,0,,Basic Materials,266226.0,1002.39
ACHR-WT,Archer Aviation Inc. WT,0.031,3,7,1,3,0,0,2,16,-10.0,6.0,Broken,Avoid/exit,18,-38.1,-43.5,-56.6,25.2,0,,nan,nan,189034.85
GGDCF,GGDCF,0.036,4,9,5,0,2,0,5,25,-19.0,6.0,Broken,Avoid/exit,0,12.5,-12.0,-13.1,46.5,0,,nan,nan,0.0
CBLO,Archer Entertainment Media Communications Inc.,0.042,1,7,3,5,3,0,2,21,-13.0,6.0,Broken,Avoid/exit,22,-16.0,-23.6,-16.6,35.5,1,,Financial Services,9438908.0,136727.9
SCYRF,Scryb Inc,0.041,1,3,0,4,3,3,2,16,-10.0,6.0,Broken,Avoid/exit,11,0.0,-40.6,-22.4,1.8,0,,Financial Services,3942012.0,707.5
ONPH,Oncology Pharma Inc,0.05,8,6,2,1,2,0,2,21,-15.0,6.0,Broken,Avoid/exit,37,-28.4,-0.2,-15.7,46.3,1,,Financial Services,1901957.0,26386.25
CYCL,Centennial Communications Corp,0.041,9,3,3,4,3,2,5,29,-23.0,6.0,Broken,Avoid/exit,36,-5.1,-16.3,-5.9,46.1,1,,Financial Services,1770163.0,8333.74
HEPA,Hepion Pharmaceuticals Inc,0.046,3,3,0,0,0,6,2,14,-8.0,6.0,Broken,Avoid/exit,24,-13.2,-23.3,-19.1,44.3,0,,Healthcare,1339488.0,20840.49
STMXF,STMXF,0.054,5,8,4,0,0,2,2,21,-15.0,6.0,Broken,Avoid/exit,17,0.4,-14.4,-9.0,42.0,1,,Basic Materials,5517252.0,0.0
GELEF,Graphano Energy Ltd,0.069,3,1,5,4,4,2,2,21,-15.0,6.0,Broken,Avoid/exit,30,-13.5,-13.5,-8.3,37.3,1,,Basic Materials,1602763.0,4471.99
ASCC,Aristocrat Group Corp,0.071,4,2,4,1,3,2,5,21,-15.0,6.0,Broken,Avoid/exit,31,-24.2,-20.6,-20.3,38.8,1,,Consumer Defensive,3967547.0,1628.34
ROVMF,Rover Metals Corp,0.072,2,5,3,4,3,0,4,21,-15.0,6.0,Broken,Avoid/exit,15,-6.8,-6.8,-6.9,39.3,1,,Basic Materials,1267468.0,3490.47
CELG-RI,Bristol-Myers Squibb Company Ce,0.081,1,4,2,7,0,2,2,18,-8.0,6.0,Broken,Avoid/exit,28,-24.7,-31.3,-23.3,41.6,0,,nan,nan,44196.11
HPQFF,HPQ-Silicon Resources Inc,0.105,1,1,9,3,2,0,2,18,-10.0,6.0,Broken,Avoid/exit,14,-4.5,-7.9,-5.0,32.9,0,,Basic Materials,48415044.0,86081.12
PLNH,Planet 13 Holdings Inc.,0.117,6,3,6,0,2,0,2,19,-13.0,6.0,Broken,Avoid/exit,24,-3.3,-11.4,-6.8,40.8,2,,Healthcare,38446684.0,653016.13
CXAI,CXApp Inc.,0.126,1,7,5,1,3,2,2,21,-15.0,6.0,Broken,Avoid/exit,26,-1.8,-16.2,-12.1,38.9,2,,Technology,13712191.0,11362881.13
PTHRF,Pantheon Resources Plc,0.16,0,6,4,5,4,0,2,21,-13.0,6.0,Broken,Avoid/exit,41,-11.0,-15.7,-11.4,40.4,0,,Energy,233555968.0,664632.46
MXROF,Max Resource Corp,0.17,5,3,4,0,3,2,4,21,-15.0,6.0,Broken,Avoid/exit,28,0.0,-15.0,-5.9,33.8,1,,Basic Materials,8881173.0,16808.13
GRGG,Green For Energy Inc,0.15,7,5,1,5,4,2,2,26,-20.0,6.0,Broken,Avoid/exit,37,50.0,50.0,-2.2,47.9,2,,Financial Services,912711.0,859.33
KCHVR,Kochav Defense Acquisition Corp. Right,0.18,0,3,1,6,2,2,2,16,-10.0,6.0,Broken,Avoid/exit,5,-18.2,-13.3,-14.9,34.2,0,,nan,nan,0.0
LGCXF,Lahontan Gold Corp.,0.242,8,5,8,0,0,0,4,25,-19.0,6.0,Broken,Avoid/exit,42,-6.9,-6.0,-3.9,45.0,1,,Basic Materials,103491984.0,927697.75
EXNRF,Excellon Resources Inc,0.209,4,9,7,3,2,2,2,29,-23.0,6.0,Broken,Avoid/exit,17,-0.7,-5.2,-7.6,39.0,1,,Basic Materials,80859208.0,404937.97
LODFF,LODFF,0.202,2,7,9,6,0,0,2,26,-25.0,6.0,Broken,🔥 COILED: Avoid/exit,34,-3.8,-12.2,-3.7,45.6,1,,Basic Materials,13769209.0,50815.13
KRLTF,Karnalyte Resources Inc,0.21,5,3,5,0,3,3,2,21,-15.0,6.0,Broken,Avoid/exit,38,-1.5,-1.5,-3.1,14.4,1,,Basic Materials,12255317.0,2717.95
FMFC,Kandal M Venture Limited Class A Ordinary Shares,0.228,2,4,6,5,2,0,2,21,-15.0,6.0,Broken,Avoid/exit,11,-11.8,-12.5,-13.3,33.2,1,,Consumer Cyclical,4165080.0,1824987.57
QZMRF,Quartz Mountain Resources Ltd,0.275,1,10,3,0,3,2,2,21,-15.0,6.0,Broken,Avoid/exit,15,2.5,-8.1,-8.7,37.6,2,,Basic Materials,20518818.0,44163.03
LZM-WT,Lifezone Metals Limited WT,0.26,3,9,3,0,3,2,2,22,-16.0,6.0,Broken,Avoid/exit,21,8.3,-16.1,-23.4,34.0,1,,nan,nan,35888.63
GIWWR,GigCapital8 Corp. Rights,0.274,2,4,3,0,3,0,2,14,-8.0,6.0,Broken,Avoid/exit,26,-2.4,4.8,-5.3,43.3,0,,nan,nan,0.0
TKRFF,Tinka Resources Limited,0.31,8,6,5,9,0,3,5,36,-26.0,6.0,Broken,Avoid/exit,33,6.9,10.7,3.0,52.3,3,,Basic Materials,41469492.0,23405.71
BIOX,Bioceres Crop Solutions Corp,0.323,2,5,8,3,2,0,3,23,-15.0,6.0,Broken,Avoid/exit,21,-7.2,-7.7,-7.0,36.1,1,,Basic Materials,20618914.0,630599.59
GCTS-WT,"GCT Semiconductor Holding, Inc. WT",0.3,3,4,0,4,2,0,2,15,-10.0,6.0,Broken,Avoid/exit,37,-16.9,-14.3,-18.5,39.5,0,,nan,nan,89232.39
TSMCF,Tesmec S.p.A.,0.36,5,2,1,3,3,0,2,16,-10.0,6.0,Broken,Avoid/exit,50,-11.7,-21.2,-12.3,44.2,0,,Industrials,216629408.0,24299.63
ONGRF,ONGRF,0.35,3,7,5,2,0,2,2,21,-15.0,6.0,Broken,Avoid/exit,17,1.9,-8.8,-7.5,38.1,1,,Basic Materials,26626830.0,64887.98
GENMF,Generation Mining Limited,0.426,1,6,7,0,2,2,2,20,-15.0,6.0,Broken,Avoid/exit,24,-3.1,-5.0,-4.0,42.8,1,,Basic Materials,137318448.0,190130.41
DNRSF,Denarius Silver Corp,0.41,2,5,6,3,2,0,2,20,-15.0,6.0,Broken,Avoid/exit,12,-6.9,-3.2,-5.2,42.9,1,,Basic Materials,86941704.0,359454.46
MDXH,MDxHealth SA ADR,0.411,3,6,4,0,2,2,4,21,-15.0,6.0,Broken,Avoid/exit,11,-2.8,-1.0,-9.8,33.3,2,,Healthcare,21110818.0,378306.03
ARGGY,Aston Martin Lagonda Global Holdings plc,0.458,2,6,4,1,4,2,2,21,-15.0,6.0,Broken,Avoid/exit,18,-2.6,-6.5,-6.2,38.0,2,,Consumer Cyclical,465837888.0,66314.0
AUXXF,Allegiant Gold Ltd,0.509,4,4,8,1,2,2,4,25,-19.0,6.0,Broken,Avoid/exit,20,-4.8,-6.9,-4.0,44.6,1,,Basic Materials,57887584.0,109005.71
OBAI,"TG-17, Inc. Common Stock",0.501,1,9,4,2,3,0,2,21,-13.0,6.0,Broken,Avoid/exit,0,-5.4,-22.9,-12.9,37.4,2,,Technology,12265283.0,0.0
CNTX,Context Therapeutics Inc,0.591,3,7,4,1,0,2,4,21,-15.0,6.0,Broken,Avoid/exit,12,-6.3,-5.2,-13.7,32.2,1,,Healthcare,54263844.0,1450304.78
SLGB,Smart Logistics Global Limited Ordinary Shares,0.568,4,3,3,4,2,0,5,21,-15.0,6.0,Broken,Avoid/exit,28,-42.0,-0.3,-12.0,46.4,1,,Industrials,25578002.0,0.0
UAVS,Ageagle Aerial Systems Inc,0.7,1,8,2,6,2,0,2,21,-13.0,6.0,Broken,Avoid/exit,15,-6.7,-11.5,-9.2,30.8,1,,Technology,40988688.0,3934311.87
VIOT,Viomi Technology ADR,0.75,3,3,5,3,0,0,2,16,-10.0,6.0,Broken,Avoid/exit,22,-7.3,-10.7,-6.2,34.7,0,,Consumer Cyclical,50524960.0,325975.81
BTOG,Bit Origin Ltd,0.84,3,10,3,0,3,2,2,23,-15.0,6.0,Broken,Avoid/exit,17,-10.8,-9.9,-20.1,27.0,2,,Financial Services,2263930.0,484126.84
REED,"Reed's, Inc.",0.9,3,6,3,5,0,2,2,21,-13.0,6.0,Broken,Avoid/exit,8,-4.3,-10.0,-16.2,25.0,1,,Consumer Defensive,10670192.0,31108.03
CGTX,Cognition Therapeutics Inc,0.924,1,7,1,4,2,2,2,19,-13.0,6.0,Broken,Avoid/exit,23,-7.7,-8.6,-9.5,38.8,1,,Healthcare,82651416.0,1204646.0
FOFA,Family Office of America Inc.,0.9,3,4,4,0,3,5,2,21,-15.0,6.0,Broken,Avoid/exit,33,0.0,0.0,-7.7,29.9,1,,Healthcare,27316802.0,579.0
GLXG,Galaxy Payroll Group Limited Ordinary Shares,0.973,4,10,1,0,3,2,2,22,-14.0,6.0,Broken,Avoid/exit,24,-0.1,-25.2,-12.2,42.5,2,,Industrials,5799958.0,1113664.81
GPHXX,Money Market Obligations Trust - Federated Government Obligations Fund,1.0,0,2,3,4,0,0,4,13,-10.0,6.0,Broken,Avoid/exit,17,-71.7,-71.5,-67.7,34.3,0,,nan,nan,0.0
LTRBF,Latrobe Magnesium Limited,0.007,1,3,3,0,3,0,2,12,-10.0,5.0,Broken,Avoid/exit,10,-28.6,-27.1,-29.3,36.7,0,,Basic Materials,23903958.0,224352.16
HYTLF,HYTLF,0.01,1,9,2,0,2,0,2,16,-11.0,5.0,Broken,Avoid/exit,12,-16.7,0.0,-11.7,45.4,1,,Energy,21024494.0,422306.68
PSCO,ProtoSource Corporation,0.009,3,2,4,0,3,3,2,17,-15.0,5.0,Broken,Avoid/exit,24,0.0,0.0,-12.1,36.6,1,,Financial Services,4588746.0,3774.54
FERN,Fernhill Corp,0.001,2,8,0,6,0,2,2,20,-15.0,5.0,Broken,Avoid/exit,20,0.0,-16.7,-14.9,41.8,1,,Technology,2585241.0,3247281.25
BKTPF,Cruz Cobalt Corp,0.01,2,6,2,5,3,0,5,23,-18,5,Broken,Avoid/exit,25,78.6,-41.2,-12.2,47.5,1,10,Basic Materials,1936377.0,114843.06
LICH,LiveChain Inc,0.007,5,4,3,2,4,0,2,20,-15.0,5.0,Broken,Avoid/exit,25,-20.2,-20.2,-4.0,48.3,1,,Financial Services,1346475.0,31890.78
MLYCF,American CuMo Mining Corporation,0.001,8,4,0,6,0,0,2,20,-11.0,5.0,Broken,Avoid/exit,37,-27.8,-27.8,-23.4,32.1,0,,Basic Materials,502563.0,16108.16
NFTM,"The NFT Marketplace, Inc.",0.002,3,4,2,3,3,0,5,20,-15.0,5.0,Broken,Avoid/exit,26,-33.3,-33.3,-38.6,41.9,1,,Financial Services,402042.0,4213.98
ENTBF,Entheon Biomedical Corp,0.004,1,3,1,3,3,0,4,15,-10.0,5.0,Broken,Avoid/exit,16,0.0,-88.6,-71.7,30.8,0,,Healthcare,51278.0,339.0
JNCCF,JNC Resources Inc,0.002,1,3,0,4,3,7,2,20,-15.0,5.0,Broken,Avoid/exit,10,0.0,0.0,-95.6,0.0,1,,Basic Materials,18641.0,34.5
SNAX,Stryve Foods Inc,0.001,1,3,3,4,3,1,5,20,-15.0,5.0,Broken,Avoid/exit,24,0.0,0.0,-79.8,44.4,1,,Consumer Defensive,4356.0,1499.62
TBIO,Telesis Bio Inc.,0.001,1,3,2,4,3,2,5,20,-15.0,5.0,Broken,Avoid/exit,17,10.0,-89.0,-87.5,38.8,1,,Healthcare,1953.0,369.39
NBHEF,NBHEF,0.02,1,1,0,5,2,4,2,15,-10.0,5.0,Broken,Avoid/exit,14,-28.6,-33.3,-32.0,37.8,0,,nan,62351360.0,19845.17
NVLIF,Nova Lithium Corp.,0.016,4,4,3,2,3,2,2,20,-15.0,5.0,Broken,Avoid/exit,27,0.0,-9.3,-5.5,44.8,1,,Basic Materials,4158594.0,55601.35
BTMCQ,Bitcoin Depot Inc.,0.02,3,5,2,5,3,0,2,20,-15.0,5.0,Broken,Avoid/exit,8,-75.3,-81.3,-82.5,23.4,1,,Financial Services,226971.0,296732.14
BQHG,BQHG,0.02,3,2,1,2,3,2,2,15,-10.0,5.0,Broken,Avoid/exit,14,-59.8,-59.8,-54.4,35.5,0,,Financial Services,135012.0,388.48
COMCF,Canada One Mining Corp.,0.032,1,5,0,5,3,2,2,18,-13.0,5.0,Broken,Avoid/exit,14,-1.5,-32.9,-22.2,40.7,1,,Basic Materials,4767331.0,4133.89
OCEEF,OCEEF,0.039,2,3,5,8,0,2,2,22,-13.0,5.0,Broken,Avoid/exit,0,-13.8,-13.3,-9.1,42.0,1,,Basic Materials,nan,0.0
LPKGF,Lupaka Gold Corp,0.041,0,2,0,8,0,0,2,12,-3.0,5.0,Broken,Avoid/exit,16,-84.1,-83.6,-81.0,37.8,1,,Basic Materials,940039.0,775.36
CYTOF,Altamira Therapeutics Ltd.,0.05,2,11,3,3,3,0,2,24,-19.0,5.0,Broken,Avoid/exit,22,-16.5,0.2,-18.4,43.0,2,,Healthcare,286345.0,4475.26
VBAMF,Vital Battery Metals Inc.,0.078,1,4,2,2,3,3,2,17,-15.0,5.0,Broken,Avoid/exit,26,0.0,0.0,-8.4,42.4,1,,Basic Materials,15079756.0,1705.15
LIBRF,LIBRF,0.075,0,3,7,5,3,0,2,20,-15.0,5.0,Broken,Avoid/exit,17,-13.7,-17.6,-15.0,23.7,1,,Basic Materials,5291485.0,0.0
BRCHF,BrainChip Holdings Ltd,0.09,1,5,0,6,4,2,2,20,-15.0,5.0,Broken,Avoid/exit,15,-5.3,-15.1,-11.6,32.4,1,,Technology,218029088.0,388360.24
CHHYF,CHARBONE Hydrogen Corporation,0.086,9,6,9,2,4,2,5,37,-30,5,Broken,Avoid/exit,30,16.2,13.0,7.2,56.0,4,,Basic Materials,24823396.0,275648.14
FUST,Fuse Group Holding Inc,0.09,3,2,8,2,0,3,2,20,-15.0,5.0,Broken,Avoid/exit,22,-2.2,-2.2,-3.0,35.4,1,,Basic Materials,1379779.0,4248.45
GTERR,Globa Terra Acquisition Corporation Rights,0.085,3,7,0,0,3,0,2,15,-8.0,5.0,Broken,Avoid/exit,23,-15.4,-29.6,-14.0,44.0,1,,nan,nan,0.0
DFMTF,Defense Metals Corp,0.091,3,9,4,0,4,0,2,22,-17.0,5.0,Broken,Avoid/exit,9,-6.2,-11.7,-8.4,31.8,1,,Basic Materials,37133456.0,211362.75
USGDF,American Pacific Mining Corp,0.092,2,5,5,0,4,2,2,20,-15.0,5.0,Broken,Avoid/exit,14,3.1,-8.7,-7.7,37.6,1,,Basic Materials,24298354.0,593018.43
BIOF,Blue Biofuels Inc,0.108,4,6,3,6,5,2,2,28,-23.0,5.0,Broken,Avoid/exit,19,-2.1,-1.2,-4.1,39.8,2,,Basic Materials,34566108.0,160216.26
KWM,K Wave Media Ltd.,0.116,3,5,4,4,0,2,2,20,-15.0,5.0,Broken,Avoid/exit,17,12.0,-0.4,-12.2,34.5,1,,Communication Services,7977493.0,1543444.01
MEDAF,Medaro Mining Corp,0.143,8,13,2,3,3,2,2,33,-28.0,5.0,Broken,Avoid/exit,19,2.5,11.0,-9.1,33.1,3,,Basic Materials,2112394.0,10950.74
REZZF,Global Battery Metals Ltd,0.11,2,3,1,5,2,0,5,18,-13.0,5.0,Broken,Avoid/exit,31,-8.2,-26.4,-12.1,42.5,1,,Basic Materials,1634674.0,8613.98
GSTRF,Glenstar Minerals Inc.,0.102,2,6,1,5,4,0,2,20,-15.0,5.0,Broken,Avoid/exit,7,-7.8,-11.0,-12.5,31.8,2,,Basic Materials,nan,97980.33
FUFUW,BitFuFu Inc. Warrant,0.125,2,5,0,6,0,0,2,15,-8.0,5.0,Broken,Avoid/exit,20,-42.5,-15.3,-28.8,43.6,0,,nan,nan,19215.97
CNYGF,CNYGF,0.105,0,1,2,5,3,2,2,15,-10.0,5.0,Broken,Avoid/exit,11,-18.7,-18.7,-15.9,20.3,0,,Basic Materials,nan,3407.34
ARRXF,Archer Materials Limited,0.159,2,8,1,0,3,2,2,18,-13.0,5.0,Broken,Avoid/exit,14,4.1,-13.2,-13.5,39.6,2,,Technology,44616504.0,53269.95
SPOFF,Goldspot Discoveries Corp,0.176,1,2,1,5,4,0,2,15,-10.0,5.0,Broken,Avoid/exit,15,-9.0,-13.1,-8.9,38.2,0,,Technology,24901048.0,166237.92
MWCAF,Matachewan Consolidated Mines Limited,0.18,1,4,3,5,0,0,2,15,-10.0,5.0,Broken,Avoid/exit,28,-10.0,-19.4,-17.2,40.6,0,,Energy,7504764.0,149.61
ESMC,Escalon Medical Corp,0.18,3,2,9,1,0,0,2,17,-8.0,5.0,Broken,Avoid/exit,29,-10.0,-5.3,-6.7,37.9,0,,Healthcare,1297682.0,8564.0
CLYYF,Celyad Oncology SA,0.2,1,3,3,3,0,3,2,15,-10.0,5.0,Broken,Avoid/exit,8,0.0,0.0,-7.1,0.6,0,,Healthcare,8952381.0,56.08
NWGL,Nature Wood Group Limited American Depositary Shares,0.238,3,5,3,5,2,2,2,22,-15.0,5.0,Broken,Avoid/exit,9,-19.9,-9.5,-18.3,33.4,1,,Basic Materials,3937998.0,747962.85
NPACW,New Providence Acquisition Corp. III Warrants,0.24,1,4,0,6,0,2,2,15,-10.0,5.0,Broken,Avoid/exit,17,-41.5,-41.5,-29.3,41.7,0,,nan,nan,19717.36
PNTRF,Pantera Silver Corp.,0.285,1,5,1,8,1,2,2,20,-15.0,5.0,Broken,Avoid/exit,31,31.0,-18.6,-9.5,42.4,1,,Basic Materials,20552268.0,40796.61
MTNB,Matinas BioPharma Holdings Inc,0.293,2,7,0,3,2,2,2,18,-13.0,5.0,Broken,Avoid/exit,18,4.6,-16.2,-29.5,34.4,1,,Healthcare,1877014.0,1426104.01
ATMYF,ATMYF,0.28,2,6,1,0,2,2,2,15,-10.0,5.0,Broken,Avoid/exit,15,-13.9,-18.6,-20.4,33.2,0,,nan,nan,0.0
BLAGF,Blue Lagoon Resources Inc,0.347,1,10,0,5,2,2,2,22,-15.0,5.0,Broken,Avoid/exit,14,-1.4,-15.4,-13.6,29.0,1,,Basic Materials,52075796.0,154731.05
DAJL,Dajialai Digital Technology Group Corp.,0.3,0,1,0,8,0,2,2,13,-8.0,5.0,Broken,Avoid/exit,0,-46.4,-43.4,-39.7,36.9,0,,Technology,10218320.0,0.0
MSGY,Masonglory Limited Ordinary Shares,0.348,1,8,2,0,4,0,2,17,-10.0,5.0,Broken,Avoid/exit,27,-18.2,-19.1,-17.0,34.0,1,,Industrials,4947455.0,798096.67
SAGMF,SAGMF,0.303,0,7,7,0,4,0,2,20,-13.0,5.0,Broken,Avoid/exit,18,-6.9,-13.3,-10.3,34.9,0,,nan,nan,204842.34
AXINR,Axiom Intelligence Acquisition Corp 1 Right,0.333,2,4,2,0,3,2,2,15,-10.0,5.0,Broken,Avoid/exit,39,3.4,-10.3,-5.7,44.7,0,,nan,nan,0.0
ATEPF,Astra Exploration Inc.,0.385,3,5,3,5,0,2,2,20,-15.0,5.0,Broken,Avoid/exit,20,0.1,-3.7,-6.1,39.5,1,,Basic Materials,52926240.0,133199.65
HMRFF,Homerun Resources Inc.,0.375,5,7,1,2,3,2,2,22,-15.0,5.0,Broken,Avoid/exit,10,-4.6,-8.1,-8.4,35.0,2,,Basic Materials,28617798.0,38494.86
VGLS,Vg Life Sciences Inc,0.36,10,7,3,6,0,7,2,35,-30.0,5.0,Broken,Avoid/exit,34,-21.7,63.5,2.1,50.1,3,,Financial Services,485196.0,4717.42
BCBNF,Base Carbon Inc,0.423,8,10,1,2,2,4,4,31,-26.0,5.0,Broken,Avoid/exit,9,-3.9,9.1,-2.0,45.7,2,,Financial Services,43029916.0,69628.11
NGLD,Nevada Canyon Gold Corp,0.408,3,4,8,1,2,2,3,23,-18.0,5.0,Broken,Avoid/exit,29,2.0,-9.3,-3.7,45.9,1,,Basic Materials,11434472.0,21172.11
FMTOF,Femto Technologies Inc.,0.433,1,6,4,0,0,2,2,15,-10.0,5.0,Broken,Avoid/exit,21,-2.0,-11.3,-13.8,28.6,0,,Technology,458696.0,1496.71
KUYAF,Kuya Silver Corporation,0.485,5,8,7,0,0,2,2,24,-19.0,5.0,Broken,Avoid/exit,20,-9.8,0.0,-4.8,44.5,1,,Basic Materials,94967200.0,466328.33
BLPTF,BLPTF,0.477,11,2,5,4,3,0,5,30,-25.0,5.0,Broken,Avoid/exit,0,-3.0,-16.3,3.4,57.9,1,,Basic Materials,39135860.0,0.0
DDC,DDC Enterprise Limited,0.47,3,8,0,1,2,2,2,18,-13.0,5.0,Broken,Avoid/exit,15,-11.3,-27.7,-26.6,24.7,1,,Consumer Defensive,22325432.0,87362.98
KTTA,Pasithea Therapeutics Corp,0.45,3,10,3,0,2,2,2,22,-15.0,5.0,Broken,Avoid/exit,19,-1.1,-6.6,-7.6,35.1,1,,Healthcare,15036501.0,2589841.84
ELBM,Electra Battery Materials Corp,0.514,1,6,7,1,2,2,3,22,-15.0,5.0,Broken,Avoid/exit,30,-1.8,-11.0,-5.3,41.4,1,,Basic Materials,54828384.0,3165330.24
TDRRF,Tudor Gold Corp,0.581,5,8,8,0,0,3,5,29,-24.0,5.0,Broken,Avoid/exit,26,-1.1,-2.0,-2.4,46.0,1,,Basic Materials,242164160.0,222639.31
CNUCF,Canuc Resources Corporation,0.6,7,4,1,3,3,0,2,20,-15.0,5.0,Broken,Avoid/exit,33,-17.0,-23.6,-7.4,47.9,1,,Energy,21434574.0,0.0
TOPP,Toppoint Holdings Inc.,0.58,1,9,2,0,4,2,2,20,-13.0,5.0,Broken,Avoid/exit,19,-18.0,-31.8,-26.3,32.9,2,,Industrials,14326000.0,134373.38
PGCMF,Puregold Price Club Inc,0.621,1,1,2,3,3,3,2,15,-10.0,5.0,Broken,Avoid/exit,0,0.0,-7.3,-3.4,1.0,0,,Consumer Cyclical,1919942912.0,0.0
FBLG,"FibroBiologics, Inc. Common Stock",0.65,2,7,3,3,4,2,2,23,-16.0,5.0,Broken,Avoid/exit,23,-15.9,-23.7,-17.3,31.6,1,,Healthcare,3387878.0,1088989.29
REVFF,REVFF,0.739,3,5,2,3,3,2,2,20,-15.0,5.0,Broken,Avoid/exit,36,-0.9,-21.7,-11.0,35.8,1,,Basic Materials,44764036.0,6340.81
CCTG,CCSC Technology International Holdings Limited Ordinary Shares,0.75,6,5,1,3,2,0,2,19,-15.0,5.0,Broken,Avoid/exit,37,-11.8,-15.8,-7.9,46.8,1,,Industrials,2934730.0,2140363.05
NEON,Neonode Inc,0.768,3,4,2,0,2,2,2,15,-10.0,5.0,Broken,Avoid/exit,11,-14.7,-7.5,-12.8,33.4,0,,Technology,12889286.0,204322.02
FTHM,Fathom Holdings Inc,0.86,6,5,8,0,5,0,2,26,-21.0,5.0,Broken,Avoid/exit,44,-3.9,-6.5,-4.3,47.1,2,,Real Estate,28533838.0,673991.79
BYAGF,Banyan Gold Corp,0.94,4,5,7,3,3,0,2,24,-19.0,5.0,Broken,Avoid/exit,44,-4.1,-9.4,-4.9,44.6,1,,Basic Materials,418931520.0,368171.69
FTFT,Future Fintech Group Inc,0.984,4,4,1,0,3,2,5,19,-14.0,5.0,Broken,Avoid/exit,22,-31.2,-40.0,-12.8,46.2,0,,Technology,1839220.0,29166.99
SLAIY,SOLAI Limited,0.98,2,5,1,5,2,0,5,20,-13.0,5.0,Broken,Avoid/exit,28,-2.0,-99.8,-99.0,42.6,1,,Technology,4396506.0,52720.8
ABLT,American Biltrite Inc,1.0,3,4,0,5,3,3,2,20,-15.0,5.0,Broken,Avoid/exit,12,0.0,0.0,-92.6,0.4,1,,Industrials,32330.0,12.0
IPDQF,ImpediMed Limited,0.003,3,3,8,1,2,0,2,19,-15.0,4.0,Broken,Avoid/exit,10,-40.0,-40.0,-48.4,42.0,1,,Healthcare,12086229.0,0.0
ARTTF,Artemis Resources Ltd,0.002,3,1,6,0,0,2,2,14,-10.0,4.0,Broken,Avoid/exit,21,-11.1,-11.1,-10.4,36.4,0,,Basic Materials,10813910.0,33746.47
APYP,AppYea Inc,0.008,0,2,6,0,2,4,2,16,-15.0,4.0,Broken,Avoid/exit,16,-7.0,-1.2,-14.8,42.1,1,,Technology,10332612.0,84111.11
TWOH,Two Hands Corp,0.001,0,2,2,6,0,0,4,14,-10.0,4.0,Broken,Avoid/exit,18,-7.7,-29.4,-17.8,36.1,0,,Technology,7708659.0,33655627.43
TZPC,ThermaFreeze Products Corporation,0.008,7,7,4,5,3,0,5,31,-30.0,4.0,Broken,Avoid/exit,25,0.0,60.0,-1.6,46.3,3,,Consumer Cyclical,5282784.0,55664.24
AITX,Artificial Intelligence Technology Solutions Inc,0.006,3,10,2,0,2,0,2,19,-15.0,4.0,Broken,Avoid/exit,19,-17.7,-14.5,-26.7,27.4,1,,Industrials,2725916.0,2846501.64
CLRI,Cleartronic Inc,0.005,1,3,1,0,3,4,2,14,-10.0,4.0,Broken,Avoid/exit,7,0.0,-39.3,-21.3,26.2,0,,Technology,1237888.0,9146.9
SGTB,Kuboo Inc,0.004,1,6,3,0,3,0,2,15,-11.0,4.0,Broken,Avoid/exit,10,-32.7,-58.4,-33.0,39.2,1,,Financial Services,653479.0,40315.84
ACCR,Access-Power & Co. Inc,0.001,1,4,4,0,3,0,2,14,-10.0,4.0,Broken,Avoid/exit,21,-18.8,0.0,-9.7,37.9,0,,Communication Services,586950.0,144592.88
AERS,Aerius International Inc,0.002,3,3,5,0,3,3,2,19,-15.0,4.0,Broken,Avoid/exit,27,0.0,0.0,-4.1,29.1,1,,Financial Services,472082.0,32394.79
NUVM,NuVim Inc,0.003,3,3,2,5,0,4,2,19,-15.0,4.0,Broken,Avoid/exit,20,0.0,-30.2,-14.7,16.4,1,,Consumer Defensive,357344.0,13896.89
TRII,Trio Resources Inc,0.001,0,1,9,4,0,0,2,16,-8.0,4.0,Broken,Avoid/exit,7,-8.3,-8.3,-8.8,15.5,0,,Consumer Defensive,199418.0,46348.17
GDEVW,Nexters Inc. Warrant,0.003,0,7,0,5,0,0,2,14,-10.0,4.0,Broken,Avoid/exit,17,-72.7,-72.7,-58.0,39.8,0,,nan,nan,16702.13
SUNYF,Sunshine Oilsands Ltd,0.012,1,3,0,2,0,6,2,14,-10.0,4.0,Broken,Avoid/exit,7,0.0,-57.6,-42.5,1.0,0,,Energy,28311906.0,3858.62
BMXI,Brookmount Explorations Inc,0.011,1,2,4,8,0,0,2,17,-13.0,4.0,Broken,Avoid/exit,14,-15.4,-21.4,-16.0,39.9,1,,Basic Materials,3891637.0,2725742.87
MAXNQ,"Maxeon Solar Technologies, Ltd.",0.02,2,11,1,6,2,3,2,27,-21,4,Broken,Avoid/exit,20,100.0,-88.9,-88.5,40.0,1,9,Technology,253991.0,696999.2
PCLI,Protocall Technologs,0.012,1,4,3,2,3,1,2,16,-15.0,4.0,Broken,Avoid/exit,23,0.0,0.0,-3.5,41.5,1,,Real Estate,189007.0,1748.3
BLEG,Branded Legacy Inc,0.015,3,4,2,1,3,4,2,19,-15.0,4.0,Broken,Avoid/exit,31,7.9,-5.6,-100.0,45.2,1,,Healthcare,16213.0,17358.52
MNTSW,Momentus Inc,0.011,3,8,1,2,3,2,2,21,-15.0,4.0,Broken,Avoid/exit,20,10.0,3.8,-16.1,44.0,2,,nan,nan,319782.55
NIVFW,NewGenIvf Group Limited Warrants,0.017,5,3,1,6,0,0,5,20,-16.0,4.0,Broken,Avoid/exit,29,5.5,5.5,-14.9,47.8,0,,nan,nan,0.0
NNVUF,Nanoveu Limited,0.03,3,6,0,9,3,1,2,24,-20,4,Broken,Avoid/exit,17,50.0,50.0,-35.1,46.2,3,10,Technology,54365740.0,11834.35
HYHDF,Sixty Six Capital Inc,0.026,3,2,2,5,3,2,2,19,-15.0,4.0,Broken,Avoid/exit,28,-8.6,-8.6,-6.5,33.4,1,,Financial Services,7088352.0,8725.5
CBRSF,Champion Bear Resources Ltd,0.03,3,1,5,5,3,0,2,19,-15.0,4.0,Broken,Avoid/exit,19,-40.0,-40.0,-38.7,37.9,1,,Basic Materials,4514686.0,12827.13
NGRC,National Graphite Corp,0.021,1,3,1,5,3,4,2,19,-15.0,4.0,Broken,Avoid/exit,21,0.0,-44.7,-23.2,31.2,1,,Financial Services,3240476.0,3070.77
RMSGW,Real Messenger Corporation Warrants,0.025,4,9,3,0,4,0,2,22,-18.0,4.0,Broken,Avoid/exit,26,-15.0,-28.6,-23.0,41.6,0,,nan,nan,23961.45
ORGEF,Oregen Energy Corp.,0.04,5,14,2,3,2,4,4,34,-30,4,Broken,Avoid/exit,23,-8.3,10.2,-6.7,46.3,3,,Financial Services,1794489.0,15565.05
PVCT,Provectus Biopharmaceuticals Inc,0.06,3,4,2,6,4,0,2,21,-15.0,4.0,Broken,Avoid/exit,35,-0.2,-3.4,-4.7,41.6,1,,Healthcare,25174764.0,254062.74
RSMXF,Regency Silver Corp.,0.08,3,1,7,5,0,3,2,21,-13.0,4.0,Broken,Avoid/exit,19,-4.2,-4.2,-3.9,26.4,1,,Basic Materials,11028285.0,108416.77
CHKKF,Chakana Copper Corp,0.075,0,8,2,3,3,0,2,18,-14.0,4.0,Broken,Avoid/exit,10,-8.5,-15.7,-9.3,42.5,0,,Basic Materials,3562395.0,24283.63
ZOMDF,Zomedica Corp.,0.082,1,3,4,5,0,4,2,19,-15.0,4.0,Broken,Avoid/exit,25,-7.9,-6.8,-7.7,38.1,2,,Healthcare,80355880.0,1335680.99
ENGT,Energy & Technology Corp,0.09,1,3,1,5,0,2,2,14,-10.0,4.0,Broken,Avoid/exit,11,0.0,-25.0,-40.2,32.6,0,,Energy,70907992.0,1065.76
LKSGF,Luks Group (Vietnam Holdings) Company Limited,0.09,1,3,2,3,0,3,2,14,-10.0,4.0,Broken,Avoid/exit,0,0.0,-18.2,-7.5,5.5,0,,Basic Materials,49757144.0,0.0
FTMDF,Fortune Minerals Limited,0.09,5,9,4,3,0,2,2,25,-21.0,4.0,Broken,Avoid/exit,42,12.5,-10.0,-6.3,43.3,1,,Basic Materials,65443972.0,187106.6
RDUFF,Radius Gold Inc,0.09,0,9,3,0,5,0,5,22,-18.0,4.0,Broken,Avoid/exit,26,-25.0,-18.2,-11.9,44.9,1,,Basic Materials,11570425.0,30046.56
USCUF,US Copper Corp,0.091,0,4,3,8,0,0,2,17,-13.0,4.0,Broken,Avoid/exit,18,-1.4,-17.2,-12.2,35.9,1,,Basic Materials,14268655.0,430943.9
CNRIF,Condor Resources Inc,0.096,0,9,5,5,3,0,2,24,-16.0,4.0,Broken,Avoid/exit,23,-13.2,6.1,-9.8,44.2,1,,Basic Materials,13978063.0,18388.03
PTITF,PT Indosat Tbk,0.112,1,1,2,3,3,2,2,14,-10.0,4.0,Broken,Avoid/exit,0,0.0,-19.9,-9.0,18.9,0,,Communication Services,4892886016.0,0.0
AMNP,American Sierra Gold Corp,0.1,2,6,1,2,1,0,2,14,-10.0,4.0,Broken,Avoid/exit,29,-8.3,-18.7,-7.2,45.6,0,,Basic Materials,87861176.0,27113.75
UGDIF,Unigold Inc,0.13,3,4,7,0,3,0,2,19,-15.0,4.0,Broken,Avoid/exit,10,-7.1,-7.1,-9.1,32.9,1,,Basic Materials,47432532.0,84081.41
NMTAY,Neometals Ltd,0.112,1,3,1,4,3,5,2,19,-15.0,4.0,Broken,Avoid/exit,18,0.0,-41.8,-31.9,9.0,1,,Industrials,26263820.0,500.65
PVGDF,Provenance Gold Corp,0.112,4,6,5,0,2,2,2,21,-15.0,4.0,Broken,Avoid/exit,16,0.5,-6.1,-4.0,41.8,1,,Basic Materials,21240312.0,180962.43
ZUUZF,Zeus North America Mining Corp,0.135,6,3,0,2,4,4,2,21,-15.0,4.0,Broken,Avoid/exit,36,-5.3,-17.4,-17.3,36.8,1,,Basic Materials,6284515.0,10679.23
WPNDF,Wishpond Technologies Ltd,0.104,0,1,1,7,0,0,2,11,-3.0,4.0,Broken,Avoid/exit,21,-19.5,-19.5,-17.9,8.4,1,,Technology,5705875.0,2123.62
NMAKF,Nemak S. A. B. de C. V,0.18,1,3,1,5,3,4,2,19,-15.0,4.0,Broken,Avoid/exit,18,0.0,-9.1,-4.0,7.2,1,,Consumer Cyclical,573639360.0,1465.23
PREIF,Precipitate Gold Corp,0.162,0,10,6,0,4,0,2,22,-18.0,4.0,Broken,Avoid/exit,16,-18.5,-12.7,-11.2,42.0,1,,Basic Materials,30946688.0,135323.65
CTRNF,CHAR Technologies Ltd,0.16,4,1,1,2,4,0,2,14,-10.0,4.0,Broken,Avoid/exit,11,-18.2,-18.2,-13.7,31.9,0,,Industrials,24116288.0,3388.04
MRNO,Murano Global Investments PLC Ordinary Shares,0.193,0,7,9,0,2,0,2,20,-16.0,4.0,Broken,Avoid/exit,26,-19.2,-22.1,-18.0,34.1,1,,Real Estate,15393707.0,3436219.99
LTFD,Littlefield Corporation,0.15,1,4,2,2,3,5,2,19,-15.0,4.0,Broken,Avoid/exit,19,0.0,0.0,-7.9,1.6,1,,Consumer Cyclical,2609959.0,94.86
SNYR,Synergy CHC Corp. Common Stock,0.17,3,7,5,0,2,0,2,19,-13.0,4.0,Broken,Avoid/exit,22,-6.8,-12.6,-10.1,33.4,1,,Healthcare,2540430.0,1224063.27
BBAI-WT,"BigBear.ai Holdings, Inc. WT",0.174,3,4,3,0,2,2,2,16,-10.0,4.0,Broken,Avoid/exit,10,-17.3,-9.9,-26.5,30.5,0,,nan,nan,125310.65
AACBR,Artius II Acquisition Inc. Rights,0.15,0,5,3,2,0,0,2,12,-8.0,4.0,Broken,Avoid/exit,21,-16.7,-28.6,-22.0,30.4,0,,nan,nan,0.0
IGACR,Invest Green Acquisition Corporation Rights,0.155,1,3,4,0,3,1,2,14,-10.0,4.0,Broken,Avoid/exit,16,-3.1,-3.1,-5.0,16.2,0,,nan,nan,0.0
DNRGF,DNRGF,0.235,0,4,0,6,3,2,2,17,-13.0,4.0,Broken,Avoid/exit,32,-13.0,-6.0,-12.9,44.9,1,,Energy,37775000.0,21794.64
AIM,AIM ImmunoTech Inc,0.236,3,4,7,5,0,2,2,23,-19.0,4.0,Broken,Avoid/exit,15,-5.2,-11.3,-15.3,35.2,1,,Healthcare,6542921.0,10095312.2
SURG,Surgepays Inc,0.24,1,9,0,3,2,0,2,17,-13.0,4.0,Broken,Avoid/exit,24,-18.9,-30.2,-25.5,31.3,1,,Communication Services,6031767.0,1605799.0
GELNF,Gelion plc,0.25,2,1,2,3,6,3,2,19,-15.0,4.0,Broken,Avoid/exit,36,0.0,-3.8,-2.1,25.3,1,,Industrials,57355364.0,551.0
DTCFF,Defence Therapeutics Inc,0.294,2,10,2,6,3,0,2,25,-21.0,4.0,Broken,Avoid/exit,16,-16.1,-9.2,-4.8,44.8,1,,Healthcare,22251400.0,14668.22
APXYY,Appen Limited,0.31,3,7,5,4,0,2,2,23,-15.0,4.0,Broken,Avoid/exit,29,7.0,-4.3,-3.9,39.3,1,,Technology,166484656.0,2243.83
AGAGF,AGAGF,0.324,4,6,7,3,0,3,4,27,-23.0,4.0,Broken,Avoid/exit,25,-3.0,-6.8,-4.3,44.9,1,,Basic Materials,93924184.0,693415.78
TELIF,Telescope Innovations Corp.,0.323,4,8,0,0,3,2,2,19,-13.0,4.0,Broken,Avoid/exit,27,7.1,-28.9,-17.1,31.7,2,,Healthcare,26100112.0,153074.14
NREDF,NREDF,0.315,3,8,2,0,2,0,2,17,-11.0,4.0,Broken,Avoid/exit,0,-29.9,-39.5,-42.0,23.5,0,,nan,nan,0.0
CBRF,Cyberfuels Holding Company Inc.,0.35,0,1,0,9,0,0,2,12,-8.0,4.0,Broken,Avoid/exit,12,-28.6,-30.0,-23.7,33.4,0,,Industrials,42997528.0,29790.72
GLE,Global Engine Group Holding Limited Ordinary Shares,0.356,4,4,4,3,2,0,2,19,-15.0,4.0,Broken,Avoid/exit,30,-11.1,-18.8,-12.9,39.6,1,,Technology,6507480.0,2740713.66
BYAH,"Park Ha Biological Technology Co., Ltd.",0.356,6,7,1,3,0,0,2,19,-15.0,4.0,Broken,Avoid/exit,22,-30.4,-11.9,-40.0,32.7,1,,Consumer Defensive,2264388.0,1591735.39
TTTNF,Titan Minerals Limited,0.424,1,4,4,2,3,3,2,19,-15.0,4.0,Broken,Avoid/exit,24,0.0,-7.9,-4.9,24.5,1,,Basic Materials,132487616.0,3186.03
GCDT,Green Circle Decarbonize Technology Limited,0.41,0,5,4,6,2,0,2,19,-15.0,4.0,Broken,Avoid/exit,19,-19.9,-26.3,-21.9,32.5,1,,Industrials,5276819.0,0.0
EONR,EON Resources Inc.,0.48,4,4,4,6,0,0,5,23,-19.0,4.0,Broken,Avoid/exit,14,-12.7,-12.3,-9.8,40.2,1,,Energy,23974810.0,9229670.44
AERA,AERA,0.497,1,7,1,6,0,0,2,17,-13.0,4.0,Broken,Avoid/exit,29,-31.0,-15.8,-29.8,36.1,1,,Communication Services,2976400.0,5880.89
ZEO,Zeo Energy Corp.,0.524,1,7,5,0,4,2,2,21,-15.0,4.0,Broken,Avoid/exit,12,-1.2,-14.4,-10.3,33.8,1,,Technology,45243356.0,184397.94
GRLVF,Group Eleven Resources Corp,0.554,2,3,9,0,2,2,3,21,-20.0,4.0,Broken,Avoid/exit,25,-4.3,-4.8,-5.7,41.3,1,,Basic Materials,156482640.0,357489.38
NRSN,Neurosense Therapeutics Ltd,0.558,0,6,0,6,0,0,2,14,-15.0,4.0,Broken,Avoid/exit,17,-20.2,-23.5,-17.3,22.9,1,,Healthcare,20154526.0,219234.14
SKYE,"Skye Bioscience, Inc. Common Stock",0.615,4,2,7,1,2,0,2,18,-15.0,4.0,Broken,Avoid/exit,18,-3.9,-0.8,-6.9,38.2,1,,Healthcare,21609874.0,397686.98
TGHL,The GrowHub Limited Class A Ordinary Shares,0.631,8,3,2,4,0,2,5,24,-20.0,4.0,Broken,Avoid/exit,40,9.2,-4.5,-7.0,49.0,1,,Technology,15964181.0,2484362.16
TELA,Tela Bio Inc,0.67,2,7,2,0,4,2,2,19,-13.0,4.0,Broken,Avoid/exit,15,-6.9,-10.8,-9.9,39.6,1,,Healthcare,29997792.0,170892.01
LIQT,LiqTech International Inc,0.651,3,6,3,3,0,2,2,19,-15.0,4.0,Broken,Avoid/exit,14,1.8,-16.5,-11.6,33.0,1,,Industrials,21458928.0,120204.51
KALA,Kala Pharmaceuticals Inc,0.66,1,6,1,3,2,2,2,17,-13.0,4.0,Broken,Avoid/exit,28,-10.0,-31.5,-41.0,28.2,2,,Healthcare,12272978.0,139697.78
POM,POMDOCTOR LIMITED American Depositary Shares,0.68,7,3,1,3,3,0,2,19,-15.0,4.0,Broken,Avoid/exit,52,-24.5,-52.8,-31.2,38.1,1,,Healthcare,5071063.0,3518993.11
CELZ,Creative Medical Technology Holdings Inc,0.736,6,6,1,0,0,2,2,17,-13.0,4.0,Broken,Avoid/exit,11,-11.4,-12.6,-27.4,27.6,1,,Healthcare,4777032.0,1091347.51
ICMB,Investcorp Credit Management BDC Inc,0.76,3,3,4,0,2,2,2,16,-10.0,4.0,Broken,Avoid/exit,10,-2.6,-7.6,-13.9,27.1,1,,Financial Services,10971566.0,57959.48
CLCHF,CLCHF,0.8,3,9,3,0,0,2,2,19,-15.0,4.0,Broken,Avoid/exit,0,0.0,-3.6,-6.8,35.2,1,,Basic Materials,266638432.0,0.0
AIXC,"AIxCrypto Holdings, Inc.",0.824,6,9,0,0,2,2,2,21,-15.0,4.0,Broken,Avoid/exit,21,6.0,-16.8,-10.9,38.3,1,,Technology,16665539.0,425985.38
ATNM,Actinium Pharmaceuticals Inc,0.866,1,7,5,0,4,2,2,21,-15.0,4.0,Broken,Avoid/exit,14,-3.7,-3.2,-6.0,37.3,1,,Healthcare,27186432.0,170184.34
HELFY,HelloFresh SE,0.94,1,8,1,3,4,0,2,19,-15.0,4.0,Broken,Avoid/exit,18,-9.7,-3.5,-6.8,38.3,2,,Consumer Cyclical,538966208.0,10201.12
AUST,Austin Gold Corp,0.958,3,7,2,3,2,2,2,21,-15.0,4.0,Broken,Avoid/exit,15,-6.8,-7.0,-8.0,38.4,2,,Basic Materials,13116525.0,548788.8
PXXXF,PolarX Limited,0.01,1,1,2,2,3,2,2,13,-10.0,3.0,Broken,Avoid/exit,16,0.0,-38.3,-19.9,3.8,0,,Basic Materials,44145312.0,16989.16
ASLRF,Alien Metals Ltd,0.001,0,3,1,2,3,2,2,13,-10.0,3.0,Broken,Avoid/exit,26,0.0,-26.7,-27.3,40.1,0,,Basic Materials,12994646.0,72296.74
RMHB,Rocky Mountain High Brands Inc,0.002,3,3,4,6,0,2,4,22,-15.0,3.0,Broken,Avoid/exit,15,-18.2,-10.0,-10.9,45.5,1,,Consumer Defensive,1637092.0,271324.59
GMER,Good Gaming Inc,0.005,1,2,0,6,2,0,2,13,-10.0,3.0,Broken,Avoid/exit,11,-19.4,-13.8,-13.7,39.1,0,,Communication Services,645586.0,130006.19
CXCQ,CardXX Inc,0.006,2,3,1,6,6,0,2,20,-13.0,3.0,Broken,Avoid/exit,52,-37.0,-37.0,-20.6,35.2,1,,Financial Services,472500.0,36284.52
GYGC,Guyana Gold Corp,0.004,14,3,2,4,5,0,5,33,-30.0,3.0,Broken,Avoid/exit,50,-16.0,55.6,5.3,53.6,3,,Financial Services,459013.0,27596.89
WSNAF,Wesana Health Holdings Inc,0.004,1,3,1,5,3,3,2,18,-15.0,3.0,Broken,Avoid/exit,10,0.0,-78.5,-57.3,0.1,1,,Healthcare,121549.0,3108.77
OWPC,One World Pharma Inc,0.001,2,6,0,8,2,2,2,22,-19.0,3.0,Broken,Avoid/exit,17,150.0,-81.8,-70.6,39.7,0,9,Healthcare,120108.0,881192.96
HYSR,SunHydrogen Inc.,0.019,2,2,5,0,2,0,2,13,-10.0,3.0,Broken,Avoid/exit,6,-11.4,-15.5,-10.9,32.0,0,,Technology,106540048.0,9241450.51
ALRDF,Defence Holdings Plc,0.013,3,6,2,3,0,2,2,18,-11.0,3.0,Broken,Avoid/exit,22,0.0,-10.7,-14.2,43.3,1,,Industrials,37102292.0,51961.39
CETI,NexGen Holdings Corp,0.021,1,9,1,3,3,2,2,21,-16.0,3.0,Broken,Avoid/exit,14,4.5,-26.0,-35.1,38.7,2,,Utilities,3356872.0,473018.69
HERB,Yasheng Group,0.016,1,4,1,0,3,2,2,13,-10.0,3.0,Broken,Avoid/exit,15,-18.5,-57.1,-30.2,41.6,0,,Consumer Defensive,2561802.0,8072.86
REEAF,REE Automotive Ltd.,0.014,3,8,0,4,4,4,2,25,-22,3,Broken,Avoid/exit,12,92.9,-73.0,-84.7,19.1,2,6,Consumer Cyclical,393180.0,266213.47
JSPRW,Jasper Therapeutics Inc,0.012,1,3,2,6,4,0,4,20,-15.0,3.0,Broken,Avoid/exit,27,-40.7,-40.7,-25.4,42.4,2,,nan,nan,13366.67
PRENW,Prenetics Holding Company Limited,0.012,1,7,1,1,5,1,2,18,-13.0,3.0,Broken,Avoid/exit,12,-40.0,-23.6,-16.1,45.3,2,,nan,nan,40023.15
SMXWW,SMX (Security Matters) Public Limited Company Warrant,0.017,0,4,0,6,4,0,2,16,-13.0,3.0,Broken,Avoid/exit,15,-69.3,-28.2,-55.7,37.7,0,,nan,nan,114557.76
ACIXF,Acarix AB (publ),0.022,1,1,2,4,3,0,2,13,-10.0,3.0,Broken,Avoid/exit,9,-16.2,-16.2,-13.6,20.9,0,,Healthcare,34437448.0,18153.56
SGGTF,Signature Resources Ltd,0.025,2,5,1,4,0,2,2,16,-13.0,3.0,Broken,Avoid/exit,22,8.7,0.4,-4.0,45.8,1,,Basic Materials,6131252.0,18942.21
SSPLF,Safe Supply Streaming Co Ltd.,0.026,0,4,2,3,3,4,2,18,-15.0,3.0,Broken,Avoid/exit,13,-35.7,-18.9,-18.1,35.7,1,,Financial Services,5187900.0,9511.98
LUFFF,Luff Enterprises Ltd,0.025,2,4,7,1,2,0,2,18,-15.0,3.0,Broken,Avoid/exit,15,-13.5,-12.3,-17.1,38.9,1,,Healthcare,3106753.0,64324.07
CENQW,CENAQ Energy Corp. Warrant,0.023,2,6,2,5,2,0,2,19,-16.0,3.0,Broken,Avoid/exit,24,0.0,-8.0,-12.9,42.8,1,,Financial Services,nan,88758.68
RVSNW,Rail Vision Ltd. Warrant,0.026,3,7,1,9,1,2,2,25,-18.0,3.0,Broken,Avoid/exit,25,52.9,8.8,-13.5,45.8,2,7,nan,nan,12563.19
TRBMF,Torq Resources Inc,0.031,0,5,3,5,3,0,2,18,-15.0,3.0,Broken,Avoid/exit,14,-8.8,-8.8,-11.1,36.0,1,,Basic Materials,5762811.0,28239.01
PSTO,Powerstorm Holdings Inc,0.032,9,8,4,6,2,0,2,31,-28.0,3.0,Broken,Avoid/exit,13,-21.2,24.2,-1.9,46.4,3,,Industrials,887997.0,7653.61
BKKT-WT,Bakkt Holdings Inc. Warrant,0.04,4,3,1,0,3,0,2,13,-10.0,3.0,Broken,Avoid/exit,16,-1.2,0.0,-18.9,39.9,0,,nan,nan,34085.89
XBPEW,XBP Europe Holdings Inc,0.041,5,5,1,1,0,1,2,15,-10.0,3.0,Broken,Avoid/exit,25,1.2,1.2,-14.6,42.1,0,,nan,nan,9435.67
ERNAW,Ernexa Therapeutics Inc. Warrants,0.05,1,3,3,0,2,2,2,13,-10.0,3.0,Broken,Avoid/exit,0,-26.9,-54.5,-35.3,41.5,0,,nan,nan,0.0
AMIN,American International Industries Inc,0.054,3,4,0,2,3,4,2,18,-15.0,3.0,Broken,Avoid/exit,36,-29.6,-71.5,-44.4,44.6,1,,Financial Services,645891.0,275.46
MRMD,Marimed Inc,0.063,3,3,9,4,0,2,2,23,-20.0,3.0,Broken,Avoid/exit,13,-3.1,-4.5,-5.9,38.8,1,,Healthcare,25153764.0,823552.71
CGLD,Buscar Co,0.076,3,5,0,5,1,2,2,18,-15.0,3.0,Broken,Avoid/exit,42,-13.6,-26.4,-12.0,44.3,1,,Basic Materials,29223026.0,61427.0
KLGDF,Kalo Gold Holdings Corp,0.087,1,5,2,5,3,0,2,18,-15.0,3.0,Broken,Avoid/exit,15,-10.7,-9.7,-13.3,35.1,1,,Basic Materials,10202817.0,44007.37
UPERF,UPERF,0.09,3,5,2,0,3,3,2,18,-15.0,3.0,Broken,Avoid/exit,0,0.0,0.0,-13.0,30.2,1,,Basic Materials,nan,0.0
NORSF,Norsk Titanium AS,0.095,5,6,0,1,3,1,2,18,-15.0,3.0,Broken,Avoid/exit,19,2.9,-13.4,-9.4,44.8,1,,Industrials,122886528.0,8819.61
AUIAF,Aurania Resources Ltd,0.135,4,3,6,5,1,2,5,26,-23.0,3.0,Broken,Avoid/exit,35,-9.9,-15.5,-6.9,43.6,1,,Basic Materials,17881272.0,21450.55
REDRF,REDRF,0.111,0,4,4,3,3,2,2,18,-15.0,3.0,Broken,Avoid/exit,16,-12.1,-11.5,-8.1,35.2,1,,Basic Materials,8488320.0,7354.12
CLDI,Calidi Biotherapeutics Inc.,0.107,1,8,2,1,2,2,2,18,-13.0,3.0,Broken,Avoid/exit,22,7.4,-12.0,-13.8,35.2,2,,Healthcare,2074068.0,2652831.41
ZVSA,ZyVersa Therapeutics Inc.,0.116,6,8,1,0,4,2,2,23,-20.0,3.0,Broken,Avoid/exit,11,0.9,-3.3,-11.5,40.8,1,,Healthcare,939127.0,38998.19
TPGVF,Top Glove Corporation Bhd,0.15,2,3,1,4,0,1,2,13,-10.0,3.0,Broken,Avoid/exit,30,-6.2,-6.2,-9.2,39.0,0,,Healthcare,2004526592.0,1007.48
MAUUF,Manhattan Uranium Discovery Corp.,0.193,1,6,6,1,0,2,2,18,-15.0,3.0,Broken,Avoid/exit,23,-0.5,-11.1,-10.5,42.3,1,,Basic Materials,21245540.0,16690.11
APCOF,New Tech Minerals Corp,0.16,0,3,4,3,2,4,2,18,-15.0,3.0,Broken,Avoid/exit,30,-6.2,-15.8,-7.9,39.3,1,,Basic Materials,14488059.0,86207.13
RCHN,Rouchon Industries Inc,0.195,0,1,5,0,3,2,2,13,-10.0,3.0,Broken,Avoid/exit,9,-25.0,-25.0,-22.4,29.3,0,,Industrials,4476364.0,55884.22
ITP,IT Tech Packaging Inc,0.172,2,8,2,6,3,0,2,23,-18.0,3.0,Broken,Avoid/exit,21,-4.5,-1.2,-4.8,39.4,1,,Basic Materials,2916355.0,1493069.95
HAO,Haoxi Health Technology Limited Class A Ordinary Shares,0.162,4,7,1,0,0,2,2,16,-13.0,3.0,Broken,Avoid/exit,11,-21.3,-43.1,-62.6,24.3,1,,Communication Services,360271.0,1577609.48
JWCTF,JW (Cayman) Therapeutics Co. Ltd,0.202,3,3,2,2,0,3,2,15,-15.0,3.0,Broken,Avoid/exit,12,0.0,0.0,-5.2,33.6,1,,Healthcare,147889568.0,7710.98
XBOTF,Realbotix Corp,0.217,2,4,1,2,4,0,5,18,-15.0,3.0,Broken,Avoid/exit,28,-9.6,-14.6,-7.3,44.3,1,,Technology,47642188.0,360090.4
APRAF,Trailbreaker Resources Ltd,0.2,0,1,3,8,0,2,2,16,-13.0,3.0,Broken,Avoid/exit,17,-4.8,-20.0,-12.7,37.6,1,,Basic Materials,10498711.0,26743.64
SMTK,"SmartKem, Inc. Common Stock",0.208,6,13,6,2,4,2,2,35,-30,3,Broken,Avoid/exit,24,8.4,10.1,-5.1,45.5,4,,Technology,4462957.0,3581591.71
KRFG,King Resources Inc,0.245,3,2,3,6,0,2,2,18,-15.0,3.0,Broken,Avoid/exit,21,-3.9,-6.7,-14.1,34.4,1,,Industrials,2665881.0,8097.82
CREG,Smart Powerr Corp,0.2,1,7,0,0,3,0,2,13,-8.0,3.0,Broken,Avoid/exit,16,-85.9,-86.9,-80.9,26.9,1,,Utilities,549182.0,966927.61
IDXMF,IDEX Metals Corp.,0.231,1,5,7,4,0,2,2,21,-18.0,3.0,Broken,Avoid/exit,20,-10.4,-4.3,-5.4,43.5,0,,nan,nan,29539.85
SVRSF,Silver Storm Mining Ltd.,0.28,3,5,6,0,0,2,2,18,-15.0,3.0,Broken,Avoid/exit,25,-3.3,-6.5,-7.6,40.7,1,,Basic Materials,221904864.0,1107404.75
GDSRF,Gold Strike Resources Corp.,0.25,2,1,6,4,3,0,2,18,-15.0,3.0,Broken,Avoid/exit,12,-19.4,-19.4,-19.4,22.0,1,,Basic Materials,28714284.0,5356.15
ASFT,AppSoft Technologies Inc,0.25,1,3,1,4,3,4,2,18,-15.0,3.0,Broken,Avoid/exit,16,0.0,-16.7,-8.3,0.9,1,,Technology,1123799.0,120.51
VFSWW,VinFast Auto Ltd. Warrant,0.28,3,2,3,0,3,0,2,13,-10.0,3.0,Broken,Avoid/exit,40,0.0,-18.6,-10.5,32.2,0,,nan,nan,10423.88
HHEXF,HHEXF,0.32,2,5,3,6,0,0,2,18,-11.0,3.0,Broken,Avoid/exit,16,-8.6,-8.6,-10.8,37.6,0,,nan,nan,28754.84
MIVOF,Miivo Holdings Corp.,0.36,1,3,1,5,3,3,2,18,-15.0,3.0,Broken,Avoid/exit,10,0.0,-12.6,-5.0,0.0,1,,Financial Services,21943950.0,0.0
CSCMY,COSCO SHIPPING International (Singapore) Co. Ltd,0.41,1,6,0,1,3,0,2,13,-10.0,3.0,Broken,Avoid/exit,20,-5.5,-4.7,-3.5,46.4,0,,Industrials,367236160.0,0.0
AZASF,Arizona Silver Exploration Inc,0.402,1,2,7,6,0,2,2,20,-15.0,3.0,Broken,Avoid/exit,22,-2.7,-11.5,-5.2,41.1,1,,Basic Materials,47937264.0,80799.47
TCVNF,Tocvan Ventures Corp,0.407,1,3,2,0,5,0,2,13,-10.0,3.0,Broken,Avoid/exit,15,0.0,-28.3,-12.3,22.2,0,,Basic Materials,44697872.0,1025.05
FTRK,FAST TRACK GROUP,0.429,4,3,0,4,2,2,3,18,-15.0,3.0,Broken,Avoid/exit,24,-15.4,-0.3,-6.7,46.3,1,,Communication Services,9355381.0,1179388.55
RIME,"Algorhythm Holdings, Inc.",0.436,2,8,4,3,2,0,2,21,-18.0,3.0,Broken,Avoid/exit,18,-11.1,-16.2,-14.3,33.7,1,,Technology,6718004.0,2625467.35
SES,SES AI Corp,0.532,1,9,0,0,2,2,2,16,-13.0,3.0,Broken,Avoid/exit,13,-15.5,-24.4,-23.3,29.1,2,,Consumer Cyclical,196311040.0,10711534.45
MMTMF,Monument Mining Limited,0.51,0,6,7,0,0,2,2,17,-14.0,3.0,Broken,Avoid/exit,16,-5.6,-6.4,-6.2,35.9,0,,Basic Materials,176571360.0,92854.84
VMXXF,Valhalla Metals Inc.,0.54,3,3,2,3,3,2,2,18,-15.0,3.0,Broken,Avoid/exit,39,-14.3,-26.1,-16.8,36.9,1,,Basic Materials,81616088.0,13087.23
TCOR,TreeCon Resources Inc,0.62,1,3,2,2,3,5,2,18,-15.0,3.0,Broken,Avoid/exit,26,0.0,-11.4,-3.8,32.5,1,,Basic Materials,9839580.0,1287.0
HYFM,Hydrofarm Holdings Group Inc,0.665,1,7,2,0,4,2,2,18,-13.0,3.0,Broken,Avoid/exit,18,-1.9,-5.0,-9.0,34.5,2,,Industrials,3168943.0,45187.94
STEX,Streamex Corp,0.73,1,7,4,0,2,0,2,16,-13.0,3.0,Broken,Avoid/exit,19,-9.8,-11.9,-11.5,38.5,1,,Financial Services,155699088.0,1540385.05
HOKCY,Hong Kong and China Gas Co Ltd ADR,0.792,6,6,2,5,0,0,2,21,-18.0,3.0,Broken,Avoid/exit,22,-10.6,2.7,-4.6,46.2,0,,Utilities,14448337920.0,14374.1
LFT,Lument Finance Trust Inc,0.788,1,10,0,0,2,0,2,15,-10.0,3.0,Broken,Avoid/exit,7,-9.4,-15.3,-11.5,21.6,1,,Real Estate,41311812.0,212891.06
SAGT,SAGTEC GLOBAL LIMITED Ordinary shares,0.755,0,5,4,0,2,0,2,13,-10.0,3.0,Broken,Avoid/exit,12,-14.7,-14.5,-16.4,35.0,0,,Technology,14378940.0,1276592.86
TOLUF,TOLUF,0.82,1,3,2,2,3,5,2,18,-15.0,3.0,Broken,Avoid/exit,19,0.0,-4.7,-4.7,6.6,1,,Basic Materials,230408448.0,1097.7
SAPMY,Saipem SpA ADR,0.89,2,3,3,0,0,0,2,10,-10.0,3.0,Broken,Avoid/exit,27,-7.3,-10.3,-7.8,40.9,0,,Energy,8634258432.0,0.0
ANTMF,Antilles Gold Limited,0.007,2,5,3,0,0,0,2,12,-10.0,2.0,Broken,Avoid/exit,12,-12.5,9.4,-16.0,40.0,1,,Basic Materials,22953654.0,116177.79
ABIT,Athena Bitcoin Global,0.003,2,2,3,0,0,0,5,12,-10.0,2.0,Broken,Avoid/exit,18,-30.0,-20.0,-14.2,43.0,0,,Financial Services,11466026.0,429479.91
LOTT,Techlott Inc.,0.008,0,2,6,0,3,4,2,17,-15.0,2.0,Broken,Avoid/exit,17,-7.0,-10.1,-13.6,42.1,1,,Technology,7125940.0,84057.09
CLNV,Clean Vision Corp,0.004,0,3,1,9,0,0,2,15,-13.0,2.0,Broken,Avoid/exit,23,-20.0,-42.9,-29.2,36.4,1,,Utilities,5138413.0,8064830.15
ZMMH,ZhongMin Mei-Hao Holding Co Ltd.,0.01,2,1,3,5,1,0,2,14,-8.0,2.0,Broken,Avoid/exit,16,-20.6,-20.6,-19.5,2.8,0,,Financial Services,4582754.0,59219.88
MMMRF,Mammoth Resources Corp,0.008,1,3,0,3,3,5,2,17,-15.0,2.0,Broken,Avoid/exit,11,0.0,-75.8,-53.6,0.0,1,,Basic Materials,4475391.0,4486.41
BLIS,Treasure & Shipwreck Recovery Inc,0.01,4,5,0,2,2,2,2,17,-15.0,2.0,Broken,Avoid/exit,22,-33.3,-25.9,-24.7,42.3,1,,Industrials,3974740.0,733162.53
PSYCF,Psyched Wellness Ltd,0.006,1,4,4,6,0,0,2,17,-15.0,2.0,Broken,Avoid/exit,17,-25.0,-14.3,-18.8,37.3,1,,Consumer Defensive,3348035.0,69038.67
CPMD,CannaPharmaRx Inc,0.002,2,2,4,9,0,0,2,19,-13.0,2.0,Broken,Avoid/exit,19,-19.0,-26.1,-20.7,36.4,1,,Healthcare,1424852.0,187424.61
SENR,Strategic Env & Egy,0.005,3,3,0,6,3,0,2,17,-15.0,2.0,Broken,Avoid/exit,5,0.0,-84.3,-74.7,34.7,1,,Industrials,1377772.0,8875.7
PEMC,Pacific Energy & Mining Company,0.001,1,1,0,3,3,2,2,12,-10.0,2.0,Broken,Avoid/exit,12,0.0,-96.5,-91.8,0.0,0,,Energy,966272.0,742.89
KITL,Kisses From Italy Inc,0.002,3,1,2,6,0,0,2,14,-10.0,2.0,Broken,Avoid/exit,27,-20.0,-20.0,-19.1,26.3,1,,Consumer Cyclical,923383.0,3810379.46
RIHT,Rightscorp Inc,0.003,2,7,4,4,0,0,2,19,-13.0,2.0,Broken,Avoid/exit,14,-14.3,-3.2,-10.7,35.0,1,,Technology,740523.0,58466.55
ATHHF,Athene Holding Ltd,0.007,2,5,5,0,3,0,2,17,-15.0,2.0,Broken,Avoid/exit,19,-33.0,-13.0,-19.6,34.7,1,,Consumer Cyclical,686056.0,59157.29
IMTH,Fresh Harvest Products Inc,0.001,4,3,2,0,3,3,2,17,-15.0,2.0,Broken,Avoid/exit,26,0.0,-6.7,-2.7,22.1,1,,Technology,98913.0,3249.18
TMPOQ,"Tempo Automation Holdings, Inc.",0.001,3,7,3,3,3,2,2,23,-21.0,2.0,Broken,Avoid/exit,23,-90.0,-90.0,-85.0,43.0,2,,Technology,3075.0,919.17
SGOZF,Sego Resources Inc.,0.02,1,1,0,3,3,2,2,12,-10.0,2.0,Broken,Avoid/exit,0,0.0,-42.9,-27.1,0.0,0,,Basic Materials,10700816.0,0.0
CHYI,Chykingyoung Investment Development Holdings Inc,0.012,1,3,1,5,3,2,2,17,-15.0,2.0,Broken,Avoid/exit,20,-38.5,-78.8,-75.5,36.1,1,,Basic Materials,7634160.0,74386.59
BELDF,Batero Gold Corp,0.02,0,1,7,4,3,0,2,17,-15.0,2.0,Broken,Avoid/exit,11,-33.3,-33.3,-26.8,7.6,1,,Basic Materials,4008347.0,17021.95
NDEV,Novus Acquisition and Development Corp,0.014,4,4,2,6,0,2,2,20,-18.0,2.0,Broken,Avoid/exit,24,0.0,0.7,-8.2,45.3,0,,Financial Services,1790370.0,25781.92
IVDAW,Iveda Solutions Inc. Warrant,0.02,2,4,2,3,2,2,2,17,-15.0,2.0,Broken,Avoid/exit,14,-41.5,-36.3,-43.4,39.7,1,,nan,nan,11476.83
VENZF,Venzee Technologies Inc,0.026,2,3,1,6,3,0,2,17,-15.0,2.0,Broken,Avoid/exit,12,-47.7,-47.7,-26.6,38.9,1,,Technology,7634046.0,581.74
FOXOD,FOXO Technologies Inc.,0.03,5,3,2,3,0,0,2,15,-13.0,2.0,Broken,Avoid/exit,34,-0.7,-57.1,-51.7,43.4,1,,Healthcare,42616.0,30757450.0
VGASW,Verde Clean Fuels Inc.,0.023,3,4,2,5,2,2,2,20,-18.0,2.0,Broken,Avoid/exit,23,0.0,-26.0,-16.8,41.3,1,,Utilities,nan,88481.27
AMODW,"Alpha Modus Holdings, Inc.",0.021,0,4,0,6,0,0,2,12,-10.0,2.0,Broken,Avoid/exit,12,-20.8,-25.3,-50.5,44.1,0,,nan,nan,10552.02
LKYRF,LKYRF,0.04,3,9,4,0,0,2,2,20,-18.0,2.0,Broken,Avoid/exit,20,5.3,-11.1,-8.6,40.9,1,,Basic Materials,15000130.0,287122.47
SGCPF,Solstice Gold Corp,0.035,3,10,1,1,3,2,2,22,-20.0,2.0,Broken,Avoid/exit,21,-1.4,-5.1,-25.3,45.6,1,,Basic Materials,9186875.0,117389.82
FCRM,Franklin Credit Management Corporation,0.033,1,3,1,0,3,7,2,17,-15.0,2.0,Broken,Avoid/exit,15,0.0,0.0,-30.9,22.6,1,,Financial Services,1002154.0,2030.5
DTLAP,Brookfield DTLA Fund Office Trust Investor Inc.,0.04,0,1,0,4,3,2,2,12,-10.0,2.0,Broken,Avoid/exit,14,-20.0,-20.0,-17.0,3.3,0,,Real Estate,nan,6358.0
VMSXF,Nine Mile Metals Ltd,0.056,0,8,6,0,6,0,2,22,-18.0,2.0,Broken,Avoid/exit,33,-8.1,-13.8,-7.2,44.9,2,,Basic Materials,11637376.0,221991.79
MNXXF,Manganese X Energy Corp,0.063,0,6,0,0,2,2,2,12,-10.0,2.0,Broken,Avoid/exit,26,-0.3,-16.0,-10.4,40.3,0,,Basic Materials,14652011.0,113258.62
AQUI,Aquagold International Inc,0.062,2,4,1,3,3,0,4,17,-15.0,2.0,Broken,Avoid/exit,36,-6.1,-58.1,-16.8,43.7,1,,Financial Services,4591435.0,382.34
SCLTF,Searchlight Resources Inc,0.065,0,4,6,0,0,0,2,12,-10.0,2.0,Broken,Avoid/exit,35,-5.1,-12.2,-8.6,42.9,0,,Basic Materials,2902587.0,30163.5
ECRO,Ecc Cap. Corp.,0.08,0,2,3,6,2,0,4,17,-15.0,2.0,Broken,Avoid/exit,11,-11.1,-11.1,-8.7,21.7,1,,nan,15622887.0,49194.0
SVMFF,Silver Valley Metals Corp,0.088,4,3,0,0,3,0,2,12,-10.0,2.0,Broken,Avoid/exit,31,-12.8,-35.1,-20.9,33.9,0,,Basic Materials,3169648.0,10944.98
RRDMF,Royal Road Minerals Limited,0.13,1,6,3,0,2,0,2,14,-15.0,2.0,Broken,Avoid/exit,22,-4.1,-2.6,-6.9,41.4,1,,Basic Materials,39079648.0,23857.64
DMEHF,Desert Mountain Energy Corp,0.139,2,8,9,0,2,2,2,25,-23.0,2.0,Broken,Avoid/exit,13,-4.7,-9.0,-9.3,34.3,1,,Energy,14435540.0,179959.58
QCXGF,QcX Gold Corp,0.139,3,3,3,0,3,3,2,17,-15.0,2.0,Broken,Avoid/exit,18,0.0,-5.4,-8.6,36.4,1,,Basic Materials,3317888.0,2170.81
QTIWW,QT Imaging Holdings Inc,0.13,1,3,0,6,4,0,2,16,-10.0,2.0,Broken,Avoid/exit,17,-16.1,-13.3,-19.8,36.5,0,,nan,nan,84901.09
TGLO,theglobe.com Inc,0.17,2,6,2,6,0,0,2,18,-16.0,2.0,Broken,Avoid/exit,9,-19.0,-10.5,-19.1,42.4,1,,Financial Services,75073752.0,49319.57
CYDVF,Cypress Development Corp,0.174,2,6,4,3,0,2,2,19,-15.0,2.0,Broken,Avoid/exit,13,-8.5,2.2,-7.0,41.4,1,,Basic Materials,31375854.0,177736.29
LTCH,Latch Inc,0.151,4,5,2,2,0,2,2,17,-15.0,2.0,Broken,Avoid/exit,21,0.4,-11.9,-11.2,43.3,1,,Technology,24737226.0,55805.6
VLMGF,Viscount Mining Corp,0.17,0,3,2,7,0,0,2,14,-8.0,2.0,Broken,Avoid/exit,11,-19.5,-24.1,-22.2,32.1,0,,Basic Materials,20450320.0,19197.63
RMCOW,Royalty Management Holding Corporation,0.162,0,8,0,0,3,0,2,13,-11.0,2.0,Broken,Avoid/exit,26,4.4,-41.6,-22.0,47.5,0,,nan,nan,33969.63
EMCHF,EML Payments Limited,0.212,1,3,0,1,3,7,2,17,-15.0,2.0,Broken,Avoid/exit,10,0.0,0.0,-28.3,0.0,1,,Technology,233684592.0,993.59
NCAUF,Newcore Gold Ltd,0.21,3,7,3,0,0,2,2,17,-15.0,2.0,Broken,Avoid/exit,13,6.0,-9.6,-10.1,34.9,1,,Basic Materials,59720860.0,103207.77
BUGLF,BluGlass Limited,0.2,7,2,1,0,3,2,2,17,-15.0,2.0,Broken,Avoid/exit,41,-16.7,-20.0,-15.1,42.3,1,,Technology,38004584.0,1809.49
IRVRF,Irving Resources Inc,0.202,1,9,3,0,2,2,2,19,-15.0,2.0,Broken,Avoid/exit,40,3.8,-14.6,-9.2,40.0,1,,Basic Materials,20064360.0,74896.42
QYOUF,QYOU Media Inc,0.202,1,4,6,0,3,1,2,17,-15.0,2.0,Broken,Avoid/exit,32,0.0,-2.4,-3.5,37.7,1,,Communication Services,10527649.0,14144.7
NULGF,Nulegacy Gold Corporation,0.233,1,4,2,2,3,3,2,17,-15.0,2.0,Broken,Avoid/exit,25,0.0,-15.6,-8.3,22.1,1,,Basic Materials,891140.0,996.45
ANNAW,"AleAnna, Inc. Warrant",0.23,1,2,5,0,2,0,2,12,-10.0,2.0,Broken,Avoid/exit,26,-23.3,-30.3,-17.6,38.5,0,,nan,nan,82888.67
FREDF,Fredonia Mining Inc,0.32,5,8,3,6,3,2,5,32,-30.0,2.0,Broken,Avoid/exit,36,8.5,10.3,-2.9,47.0,3,,Basic Materials,20752336.0,9284.22
OLB,OLB Group Inc,0.31,0,8,7,3,2,0,2,22,-18.0,2.0,Broken,Avoid/exit,19,-11.3,-13.8,-11.3,30.6,1,,Technology,4551994.0,2938281.12
YMT,Yimutian Inc. American Depositary Shares,0.32,0,4,2,3,4,0,2,15,-13.0,2.0,Broken,Avoid/exit,25,-32.9,-29.0,-30.2,33.7,2,,Technology,2440044.0,359419.89
CEBCF,China Everbright Bank Company Ltd,0.361,0,1,1,5,3,0,2,12,-10.0,2.0,Broken,Avoid/exit,8,-13.9,-13.9,-10.2,18.8,0,,Financial Services,24786386944.0,7967.53
IMMP,Immutep Ltd ADR,0.387,2,10,6,1,2,4,2,27,-23.0,2.0,Broken,Avoid/exit,23,-3.2,-10.7,-4.7,41.3,2,,Healthcare,56988804.0,4846554.13
COSAF,Cosa Resources Corp.,0.396,2,4,5,1,0,0,2,14,-15.0,2.0,Broken,Avoid/exit,34,-3.0,-10.5,-7.4,40.8,1,,Basic Materials,53051556.0,43905.36
AENTW,Alliance Entertainment Holding Corporation Warrants,0.37,0,3,0,5,0,4,2,14,-8.0,2.0,Broken,Avoid/exit,25,-8.9,-32.5,-30.9,42.1,0,,nan,nan,17663.68
DXF,Eason Technology Limited,0.44,3,3,3,3,2,0,5,19,-15.0,2.0,Broken,Avoid/exit,22,-24.1,-18.5,-17.7,41.8,1,,Financial Services,1425438.0,2912150.48
RDRIF,Red Rock Energy Inc,0.468,9,10,4,5,0,2,2,32,-30.0,2.0,Broken,Avoid/exit,47,0.4,11.4,1.3,50.1,3,,Energy,63395668.0,120431.16
TGLVY,Top Glove Corporation Bhd ADR,0.534,1,5,1,1,2,0,2,12,-10.0,2.0,Broken,Avoid/exit,10,-11.7,-10.8,-15.4,40.9,0,,Healthcare,1070617664.0,0.0
CVWFF,CVW CleanTech Inc,0.521,0,2,1,5,0,2,2,12,-10.0,2.0,Broken,Avoid/exit,10,-11.7,-14.6,-14.4,12.4,0,,Basic Materials,150521472.0,5475.0
LEXX,Lexaria Bioscience Corp,0.54,0,10,4,0,4,2,2,22,-18.0,2.0,Broken,Avoid/exit,15,-2.5,-8.0,-5.7,44.0,1,,Healthcare,13387699.0,300597.07
MEEEF,Metal Energy Corp,0.585,7,6,4,1,0,4,5,27,-25.0,2.0,Broken,Avoid/exit,36,-6.4,-6.6,-4.5,44.6,1,,Basic Materials,28950822.0,12855.02
WEGYF,Westbridge Energy Corporation,0.58,3,5,3,1,2,1,2,17,-15.0,2.0,Broken,Avoid/exit,7,-4.4,-6.5,-9.7,18.3,1,,Utilities,15252529.0,1839.47
AUID,authID Inc.,0.69,0,1,0,8,0,0,2,11,-9.0,2.0,Broken,Avoid/exit,24,-15.5,-40.5,-26.1,28.5,1,,Technology,11543722.0,2298110.5
YHEKF,Yeahka Limited,0.722,0,1,1,3,3,2,2,12,-10.0,2.0,Broken,Avoid/exit,17,-9.8,-9.8,-6.8,0.0,0,,Technology,619971712.0,44.49
LIMX,Limitless X Holdings Inc.,0.72,0,3,7,5,0,0,2,17,-15.0,2.0,Broken,Avoid/exit,12,-23.4,-24.2,-25.6,32.5,1,,Consumer Defensive,13325009.0,0.0
RNTX,Rein Therapeutics Inc,0.782,1,5,1,3,2,0,2,14,-13.0,2.0,Broken,Avoid/exit,9,-12.6,-14.7,-11.4,34.5,1,,Healthcare,66874412.0,613548.85
DLTI,DLT Resolution Inc,0.75,2,2,3,5,3,2,2,19,-15.0,2.0,Broken,Avoid/exit,41,-17.6,-19.3,-15.5,30.0,1,,Technology,60448884.0,0.0
ICG,Intchains Group Limited American Depositary Shares,0.776,1,4,3,8,0,0,5,21,-19.0,2.0,Broken,Avoid/exit,29,-4.2,-6.6,-5.4,45.2,1,,Technology,47088172.0,231694.97
PEVM,Phoenix Motor Inc.,0.76,1,7,0,3,0,2,2,15,-13.0,2.0,Broken,Avoid/exit,22,0.0,-52.6,-42.8,23.1,1,,nan,37453104.0,833.22
BCDA,Biocardia Inc,0.782,0,8,1,0,2,4,2,17,-15.0,2.0,Broken,Avoid/exit,7,-15.2,-2.3,-14.0,36.6,1,,Healthcare,11632102.0,1035656.46
NXLLF,Nuix Limited,0.81,2,5,1,2,0,2,2,14,-8.0,2.0,Broken,Avoid/exit,11,4.9,4.9,-4.5,42.2,0,,Technology,338752096.0,117.98
KWIK,KwikClick Inc,0.8,3,7,0,3,0,2,2,17,-15.0,2.0,Broken,Avoid/exit,15,6.7,-36.0,-22.7,24.3,1,,Technology,3114384.0,531.61
HTZWW,Hertz Global Hldgs New Equity Warrants,0.819,6,8,3,0,0,2,2,21,-19.0,2.0,Broken,Avoid/exit,6,-0.6,-4.8,-21.5,26.3,1,,nan,nan,113508.59
NNOX,Nano X Imaging Ltd,0.878,0,8,1,0,2,2,2,15,-13.0,2.0,Broken,Avoid/exit,11,-18.7,-17.2,-20.4,31.0,1,,Healthcare,61081648.0,1664797.48
SMORF,Smoore International Holdings Limited,0.983,1,3,1,0,3,2,2,12,-10.0,2.0,Broken,Avoid/exit,7,0.0,-3.1,-9.8,0.0,0,,Consumer Defensive,6257125376.0,5284.51
CDTG,CDT Environmental Technology Investment Holdings Limited ordinary shares,0.95,6,4,1,0,2,2,2,17,-15.0,2.0,Broken,Avoid/exit,31,-5.9,-45.1,-36.9,35.5,1,,Industrials,2870580.0,100510.61
SIOLF,Sino-Ocean Group Holding Limited,0.007,1,1,0,5,0,2,2,11,-10.0,1.0,Broken,Avoid/exit,15,0.0,-34.5,-20.8,0.0,0,,Real Estate,91187992.0,130.5
CTOHF,Citigold Corporation Limited,0.01,3,1,2,3,3,2,2,16,-15.0,1.0,Broken,Avoid/exit,20,0.0,-9.1,-3.9,0.4,1,,Basic Materials,33000000.0,20752.34
CGFEF,CF Energy Corp,0.001,3,1,2,5,0,0,2,13,-8.0,1.0,Broken,Avoid/exit,13,-16.7,-16.7,-15.3,0.0,0,,Utilities,24878236.0,366.5
ABEPF,Vision Lithium Inc,0.007,3,4,3,0,0,4,2,16,-15.0,1.0,Broken,Avoid/exit,11,-23.9,-23.9,-19.6,40.9,1,,Basic Materials,2168341.0,53598.01
DTGI,Digerati Technologies Inc,0.003,0,1,2,8,0,0,2,13,-8.0,1.0,Broken,Avoid/exit,8,-27.9,-46.6,-36.5,32.7,0,,Communication Services,2059831.0,702418.36
GRHI,Gold Rock Holdings Inc,0.006,1,1,7,0,0,0,2,11,-10.0,1.0,Broken,Avoid/exit,20,-21.4,-21.4,-15.0,19.4,0,,Industrials,1310193.0,9489.34
EDEYF,Eden Innovations Ltd,0.002,1,3,0,4,3,3,2,16,-15.0,1.0,Broken,Avoid/exit,19,0.0,0.0,-99.0,11.2,1,,Industrials,1283373.0,73.39
CIMG,CIMG Inc.,0.006,4,6,4,4,2,2,2,24,-23.0,1.0,Broken,Avoid/exit,17,20.0,-14.3,-21.5,38.3,1,,Consumer Defensive,733807.0,592780.28
WLDPF,Wildpack Beverage Inc,0.005,7,7,4,6,3,2,2,31,-30.0,1.0,Broken,Avoid/exit,35,0.0,35.1,1.8,48.0,3,,Industrials,500918.0,7950.1
GPLB,Green Planet Bio Engineering Company. Ltd,0.009,0,1,0,5,3,0,2,11,-10.0,1.0,Broken,Avoid/exit,11,-32.3,-32.3,-26.7,0.0,0,,Financial Services,260083.0,872.49
TESI,Tangram Enterprise Solutions Inc,0.001,4,3,0,1,3,3,2,16,-15.0,1.0,Broken,Avoid/exit,12,0.0,-90.9,-78.6,0.0,1,,Industrials,41247.0,3179.3
STAI,ScanTech AI Systems Inc. Common stock,0.001,4,5,0,0,3,0,2,14,-13.0,1.0,Broken,Avoid/exit,16,-97.8,-99.0,-98.5,23.7,1,,Industrials,3780.0,1887624.48
HUBCW,Hub Cyber Security Ltd. Warrant 2/27/28,0.01,3,3,1,6,0,0,2,15,-14.0,1.0,Broken,Avoid/exit,31,-24.6,-40.2,-26.1,41.7,0,,Technology,nan,312548.78
BURUW,Nuburu Inc,0.01,1,3,1,6,0,0,2,13,-8.0,1.0,Broken,Avoid/exit,23,-54.5,-45.9,-46.2,43.5,0,,nan,nan,105800.32
XERI,Xeriant Inc,0.012,5,3,2,3,2,2,2,19,-18.0,1.0,Broken,Avoid/exit,43,-4.6,-11.4,-15.0,38.9,0,,Industrials,11465182.0,2105525.92
NEWH,Newhydrogen Inc,0.014,1,2,2,0,2,2,2,11,-10.0,1.0,Broken,Avoid/exit,15,-6.0,-10.3,-10.8,32.6,0,,Industrials,11053760.0,2162063.47
SPKTF,Spectra Products Inc,0.02,0,1,0,5,3,0,2,11,-10.0,1.0,Broken,Avoid/exit,5,-84.6,-84.6,-81.8,0.0,0,,Consumer Cyclical,1697223.0,500.0
GBLEF,Global Energy Metals Corp,0.016,5,11,4,2,3,2,2,29,-28.0,1.0,Broken,Avoid/exit,21,11.0,11.0,-2.4,43.3,3,,Basic Materials,1092641.0,6296.29
GCLWW,GCL Global Holdings Ltd Warrants,0.02,3,4,7,0,0,3,2,19,-18.0,1.0,Broken,Avoid/exit,20,-4.3,-4.3,-7.6,40.1,0,,nan,476850.0,27048.83
JUBPF,Jubilee Metals Group PLC,0.03,1,4,1,3,3,2,2,16,-15.0,1.0,Broken,Avoid/exit,13,0.0,-25.0,-13.1,30.9,1,,Basic Materials,122771960.0,15189.5
AZURF,Azincourt Uranium Inc,0.025,2,5,0,3,0,4,2,16,-15.0,1.0,Broken,Avoid/exit,18,2.0,-18.9,-19.1,39.1,1,,Energy,3835894.0,29636.27
JOBY-WT,Joby Aviation Inc.,0.029,3,5,1,0,2,2,2,15,-14.0,1.0,Broken,Avoid/exit,14,-52.2,-79.4,-84.8,27.2,0,,nan,nan,134365.02
NSRPF,Novo Resources Corp,0.04,0,2,7,5,0,0,2,16,-15.0,1.0,Broken,Avoid/exit,21,-9.1,-11.1,-10.8,33.3,1,,Basic Materials,16547115.0,317263.56
SILS,Silver Scott Mines Inc,0.033,0,3,2,0,3,0,3,11,-10.0,1.0,Broken,Avoid/exit,22,-31.2,-33.7,-17.2,37.8,0,,Basic Materials,5902551.0,11743.24
LOMEF,Lithium One Metals Inc.,0.033,3,7,5,6,4,2,2,29,-28.0,1.0,Broken,Avoid/exit,21,7.6,42.2,-1.8,48.5,3,,Basic Materials,478011.0,10826.95
MITI,Mitesco Inc,0.049,0,5,0,5,2,2,2,16,-16.0,1.0,Broken,Avoid/exit,32,-51.1,-55.5,-33.3,38.1,1,,Healthcare,1023995.0,97498.52
LIMNW,"Liminatus Pharma, Inc. Warrants",0.041,3,4,2,0,0,0,2,11,-10.0,1.0,Broken,Avoid/exit,24,-25.9,-18.1,-30.6,43.4,0,,nan,nan,0.0
NOWVF,NowVertical Group Inc,0.066,3,5,2,2,0,2,2,16,-15.0,1.0,Broken,Avoid/exit,10,-2.9,-15.2,-14.0,24.6,1,,Technology,6974183.0,8962.89
LOTWW,Lotus Technology Inc. Warrants,0.061,0,5,1,0,0,3,2,11,-10.0,1.0,Broken,Avoid/exit,24,-4.4,-12.6,-11.1,42.2,0,,nan,nan,0.0
NRPI,NRP Stone Inc,0.074,7,5,3,0,6,2,3,26,-25.0,1.0,Broken,Avoid/exit,47,34.5,-22.1,-1.8,49.1,1,,Industrials,28773202.0,0.0
CITLF,Critical Infrastructure Technologies Ltd.,0.08,0,2,3,6,0,0,2,13,-8.0,1.0,Broken,Avoid/exit,7,-15.3,-39.5,-30.8,35.1,0,,Technology,9723885.0,12050.63
VYST,Vystar Corp,0.072,0,4,0,8,0,2,2,16,-15.0,1.0,Broken,Avoid/exit,25,-39.9,-50.6,-47.3,35.6,1,,Basic Materials,1775180.0,25772.07
POGS,Pioneer Oil & Gas,0.08,0,1,1,0,3,4,2,11,-10.0,1.0,Broken,Avoid/exit,13,-20.8,-20.8,-16.4,1.2,0,,Energy,321293.0,1170.67
AGLDF,Austral Gold Limited,0.085,1,1,5,0,0,0,4,11,-10.0,1.0,Broken,Avoid/exit,17,-19.0,-26.2,-23.3,37.6,0,,Basic Materials,56788812.0,66534.28
RDEXF,Red Pine Exploration Inc,0.096,2,7,7,4,0,2,2,24,-23.0,1.0,Broken,Avoid/exit,15,-4.0,-4.0,-5.6,40.3,1,,Basic Materials,42592048.0,150849.17
AZMCF,Arizona Metals Corp,0.093,9,6,3,0,2,2,2,24,-23.0,1.0,Broken,Avoid/exit,14,3.3,-15.5,-10.4,27.9,1,,Basic Materials,13238430.0,335487.71
MIMDF,MIMDF,0.099,0,2,4,1,0,4,2,13,-8.0,1.0,Broken,Avoid/exit,13,-9.2,-21.3,-16.7,18.8,0,,nan,nan,11868.33
BCMRF,BCM Resources Corporation,0.1,1,3,0,5,0,0,2,11,-10.0,1.0,Broken,Avoid/exit,20,-4.1,-37.5,-32.6,31.3,0,,Basic Materials,24311212.0,34808.44
NIOCF,Niocan Inc,0.1,0,1,7,5,5,4,2,24,-23.0,1.0,Broken,Avoid/exit,26,-20.0,-20.0,-19.4,21.3,1,,Basic Materials,15443064.0,2759.43
DTARF,Delta Resources Ltd,0.114,0,7,1,1,0,2,3,14,-13.0,1.0,Broken,Avoid/exit,28,12.5,-5.1,-2.6,46.4,1,,Basic Materials,14930017.0,48779.56
ZUUZD,Zeus North America Mining Corp.,0.139,6,6,0,2,2,6,2,24,-23.0,1.0,Broken,Avoid/exit,38,-7.4,-16.8,-16.3,37.9,1,,Basic Materials,10346032.0,11083.8
LIMN,"Liminatus Pharma, Inc. Class A Common Stock",0.104,3,5,4,3,2,2,2,21,-18.0,1.0,Broken,Avoid/exit,23,-12.8,0.4,-11.7,42.0,1,,Healthcare,6451540.0,13285033.1
RWCRF,RIWI Corp,0.112,1,6,0,4,3,0,2,16,-15.0,1.0,Broken,Avoid/exit,8,3.7,-32.1,-24.0,6.0,1,,Technology,5961229.0,572.0
EQRLF,EQRLF,0.18,4,3,2,2,0,0,2,13,-10.0,1.0,Broken,Avoid/exit,0,-14.0,0.3,-4.0,47.7,0,,Basic Materials,929419200.0,0.0
ISVLF,IMPACT Silver Corp.,0.187,1,5,7,6,2,0,2,23,-22.0,1.0,Broken,Avoid/exit,25,-6.4,-10.8,-6.9,40.8,1,,Basic Materials,64609724.0,569913.54
ADYRF,Adyton Resources Corporation,0.189,3,3,2,0,3,3,2,16,-15.0,1.0,Broken,Avoid/exit,32,0.0,-5.6,-5.5,17.5,1,,Basic Materials,59007344.0,3403.5
OPTT,Ocean Power Technologies Inc,0.15,1,5,0,1,4,0,2,13,-13.0,1.0,Broken,Avoid/exit,9,-20.8,-24.9,-26.6,24.5,1,,Industrials,40628876.0,7511015.14
GNS,Genius Group Ltd,0.159,0,7,7,0,0,0,2,16,-15.0,1.0,Broken,Avoid/exit,18,-11.4,-13.3,-13.1,30.6,1,,Consumer Defensive,30442874.0,4641389.18
HWNI,High Wire Networks Inc,0.168,1,1,3,0,3,6,2,16,-15.0,1.0,Broken,Avoid/exit,30,0.0,-44.0,-32.4,31.5,1,,Technology,3485444.0,0.0
ELPW,Elong Power Holding Limited Class A Ordinary Shares,0.185,3,8,3,0,0,0,2,16,-13.0,1.0,Broken,Avoid/exit,20,-32.8,-38.4,-58.1,29.5,1,,Industrials,581246.0,4224093.73
EMETF,Canamera Energy Metals Corp.,0.166,1,3,2,1,2,0,2,11,-10.0,1.0,Broken,Avoid/exit,17,-14.6,-25.3,-18.8,26.1,0,,nan,nan,0.0
ITJTY,Intrum AB (publ),0.244,1,3,0,0,3,2,2,11,-10.0,1.0,Broken,Avoid/exit,9,-18.7,-86.8,-78.4,26.5,1,,Financial Services,5184508928.0,0.0
BIXIW,Bitcoin Infrastructure Acquisition Corp Ltd. Warrant,0.23,0,2,6,5,0,4,2,19,-18.0,1.0,Broken,Avoid/exit,27,-8.0,-16.9,-13.5,30.4,0,,nan,nan,0.0
MAXQF,Maritime Launch Services Inc.,0.298,1,4,5,0,0,2,2,14,-13.0,1.0,Broken,Avoid/exit,28,-7.5,-13.4,-7.5,40.4,1,,Industrials,226921120.0,200115.18
RAFX,Rafex Gold Corp.,0.281,0,3,0,3,3,0,2,11,-10.0,1.0,Broken,Avoid/exit,9,-43.4,-43.4,-41.1,16.9,0,,Financial Services,15504796.0,52.55
EVGUF,Evergold Corp,0.26,1,1,2,5,3,2,2,16,-15.0,1.0,Broken,Avoid/exit,30,0.0,-33.3,-21.1,6.6,1,,Basic Materials,5922813.0,1609.13
VTAK,Catheter Precision Inc.,0.28,1,8,0,3,2,0,2,16,-15.0,1.0,Broken,Avoid/exit,18,-42.9,-50.0,-52.2,33.9,2,,Healthcare,1010651.0,3153020.92
DMGGF,Dmg Blockchain Solutions Inc,0.323,4,4,2,3,5,0,2,20,-19.0,1.0,Broken,Avoid/exit,47,-13.5,-16.6,-11.3,39.2,1,,Financial Services,66767116.0,437259.35
NXHSF,Next Hydrogen Solutions Inc,0.311,1,3,3,0,3,1,2,13,-15.0,1.0,Broken,Avoid/exit,13,-5.4,-11.2,-7.0,20.4,1,,Industrials,22755442.0,1274.93
CEXYF,Copper One Resources Corp.,0.33,7,3,3,3,2,4,2,24,-23.0,1.0,Broken,Avoid/exit,32,-2.7,-22.0,-10.7,36.8,1,,Basic Materials,9889753.0,119608.92
GLUC,Glucose Health Inc,0.32,5,5,2,0,2,0,2,16,-15.0,1.0,Broken,Avoid/exit,29,-7.0,-13.5,-15.5,37.6,1,,Consumer Defensive,8562967.0,27745.8
PCAPW,ProCap Acquisition Corp Warrant,0.32,7,8,2,4,3,3,4,31,-30,1,Broken,Avoid/exit,46,0.0,0.0,-2.0,47.8,0,,nan,nan,13638.31
IGCRF,IGCRF,0.455,1,6,6,5,6,2,5,31,-26.0,1.0,Broken,Avoid/exit,29,-14.1,-12.3,-7.6,42.8,1,,Technology,36305644.0,13730.04
CTXR,Citius Pharmaceuticals Inc,0.498,0,3,4,3,2,2,2,16,-15.0,1.0,Broken,Avoid/exit,23,-8.8,-6.4,-7.5,40.7,1,,Healthcare,13671380.0,757022.5
BGI,Birks Group Inc,0.487,0,5,3,5,4,0,2,19,-18.0,1.0,Broken,Avoid/exit,19,-14.6,-11.5,-10.7,37.1,1,,Consumer Cyclical,11372757.0,120554.76
CWD,CaliberCos Inc. Class A Common Stock,0.51,0,7,0,3,2,2,2,16,-15.0,1.0,Broken,Avoid/exit,24,-30.1,-28.8,-26.6,34.6,1,,Financial Services,4511166.0,1893638.31
BNRG,Brenmiller Energy Ltd Ordinary Shares,0.557,2,6,4,0,4,0,2,18,-15.0,1.0,Broken,Avoid/exit,14,-37.7,-25.8,-32.4,33.4,2,,Utilities,1430774.0,834367.46
NXTT,Next Technology Holding Inc,0.602,1,8,1,0,2,0,2,14,-13.0,1.0,Broken,Avoid/exit,27,-26.8,-38.5,-34.5,24.9,1,,Technology,45903528.0,518892.1
WLSS,Welsis Corp.,0.6,1,1,0,3,3,6,2,16,-15.0,1.0,Broken,Avoid/exit,10,0.0,-75.9,-58.7,0.1,1,,Healthcare,1651600.0,65.13
AMEGF,American Eagle Gold Corp,0.724,3,6,7,0,2,2,4,24,-23.0,1.0,Broken,Avoid/exit,32,-7.8,-10.6,-4.1,44.5,2,,Basic Materials,148363968.0,64557.23
GUTS,"Fractyl Health, Inc. Common Stock",0.723,2,3,5,6,2,0,2,20,-19.0,1.0,Broken,Avoid/exit,39,-6.3,-9.7,-7.9,43.0,1,,Healthcare,114639736.0,3293213.11
ESLA,Estrella Immunopharma Inc.,0.748,1,7,3,3,0,0,2,16,-13.0,1.0,Broken,Avoid/exit,16,-6.4,-8.3,-11.7,34.4,1,,Healthcare,32211120.0,167239.87
ONCY,Oncolytics Biotech Inc,0.792,1,5,5,3,2,0,2,18,-15.0,1.0,Broken,Avoid/exit,17,-7.9,-13.0,-7.6,39.3,1,,Healthcare,94540352.0,1194753.17
THNCF,Thinkific Labs Inc,0.827,8,9,4,5,3,0,2,31,-30.0,1.0,Broken,Avoid/exit,14,-1.3,22.5,0.8,49.5,3,,Technology,53926972.0,1904.59
BRLS,Borealis Foods Inc.,0.82,2,6,2,0,2,2,2,16,-15.0,1.0,Broken,Avoid/exit,18,-7.7,-18.0,-18.0,34.1,1,,Consumer Defensive,17599912.0,564817.16
VCNX,Vaccinex Inc,0.828,1,2,2,6,0,3,2,16,-15.0,1.0,Broken,Avoid/exit,33,-29.9,-28.7,-24.5,38.5,1,,Healthcare,2215184.0,2583.6
WPGCF,West Point Gold Corp.,0.87,2,4,2,5,1,0,2,16,-15.0,1.0,Broken,Avoid/exit,37,-4.9,-15.5,-9.0,40.4,1,,Basic Materials,117980200.0,199640.63
AVCTF,Avacta Group Plc,0.906,1,1,3,2,3,4,2,16,-15.0,1.0,Broken,Avoid/exit,31,0.0,-9.4,-5.4,8.1,1,,Healthcare,468548192.0,5198.75
FAYXX,Fidelity New Jersey Municipal M,1.0,1,2,0,6,0,0,2,11,-10.0,1.0,Broken,Avoid/exit,11,-52.6,-40.5,-43.4,31.2,0,,nan,nan,0.0
