code,name,price,trend,momentum,volatility,volume,sr,pattern,sentiment,raw,adj,final,zone,action,weekly_raw,g5,g10,ext,rsi,dist_flags,mct,sector,mcap,avgvol
ACNDF,Ascendas India Trust,0.845,14,12,5,18,4,7,5,65,4.0,74.0,Strong,Enter w/ confidence,53,3.0,1.8,6.0,57.6,1,,Real Estate,1249009.0,7551.71
OPHRF,Ophir Gold Corp.,0.027,10,12,4,16,8,7,5,62,4.0,69.0,Moderate,Enter w/ caution,52,20.8,27.0,16.5,59.1,2,,Basic Materials,2487165.0,14975.76
MYIDF,Killi Ltd,0.066,18,10,8,18,6,7,5,72,-6.0,69.0,Moderate,Enter w/ caution,62,1.7,6.3,10.8,71.0,1,,Technology,8599467.0,24362.89
FLNCF,Freelancer Limited,0.201,13,11,5,18,4,7,5,63,1.0,69.0,Moderate,Enter w/ caution,42,5.9,-19.5,6.9,53.7,1,,Communication Services,85673824.0,3622.65
SFIO,Starfleet Innotech Inc,0.001,12,12,9,12,4,7,5,61,4.0,68.0,Moderate,🔥 COILED: Enter w/ caution,33,0.0,22.2,7.3,54.6,2,,Financial Services,1349612.0,704358.45
GTHP,Guided Therapeutics Inc,0.3,14,12,10,16,7,7,5,71,-3.0,68.0,Moderate,Enter w/ caution,59,15.4,7.1,10.4,59.7,1,,Healthcare,28961206.0,13164.06
SAENF,Solar Alliance Energy Inc,0.008,10,11,8,18,4,8,5,64,-2.0,67.0,Moderate,Enter w/ caution,39,8.0,11.0,8.8,59.5,2,,Technology,2391071.0,19091.64
FNCJF,Fancamp Exploration Ltd.,0.12,18,11,4,15,6,7,5,66,1.0,67.0,Moderate,Enter w/ caution,67,9.4,0.3,5.6,62.4,0,,Basic Materials,28854250.0,43477.49
MAPPF,ProStar Holdings Inc,0.14,17,12,8,18,4,2,4,65,-1.0,67.0,Moderate,Enter w/ caution,61,3.3,5.5,7.3,59.6,1,,Technology,20187888.0,66944.91
THMG,Thunder Mountain Gold Inc,0.825,15,14,6,16,6,7,5,69,-2.0,67.0,Moderate,Enter w/ caution,60,2.7,4.4,4.0,60.1,1,,Basic Materials,77142096.0,51193.45
ELMSQ,"Electric Last Mile Solutions, Inc.",0.14,14,14,11,10,8,2,5,64,2.0,66.0,Moderate,Enter w/ caution,53,7.7,7.7,16.0,55.3,1,,Consumer Cyclical,12774844.0,7085.49
WRLGF,West Red Lake Gold Mines Ltd.,0.49,11,15,8,15,7,2,5,63,0.0,66.0,Moderate,🔥 COILED: Enter w/ caution,25,-2.2,0.0,1.5,52.4,0,,Basic Materials,202606256.0,888115.31
BCCLF,Becle SA de CV,0.9,16,10,10,11,7,6,5,65,1.0,66.0,Moderate,Enter w/ caution,45,4.7,4.7,5.7,69.9,0,,Consumer Defensive,3232058368.0,0.0
RNXT,RenovoRx Inc,0.941,16,16,9,15,6,5,3,70,-5.0,66.0,Moderate,Enter w/ caution,49,10.1,6.8,4.4,55.4,1,,Healthcare,42447304.0,303857.19
QGSI,Quantgate Systems Inc,0.012,12,11,13,13,3,2,5,59,1.0,65.0,Moderate,Enter w/ caution,31,17.8,19.0,12.1,59.6,2,,Technology,3418824.0,109140.74
ANZFF,Air New Zealand Limited,0.255,14,10,10,13,4,1,5,57,3.0,65.0,Moderate,Enter w/ caution,40,1.4,6.2,3.2,66.7,1,,Industrials,824558336.0,1326.54
ASHXF,Progressive Planet Solutions Inc,0.25,13,9,8,10,4,6,5,55,2.0,65.0,Moderate,🔥 COILED: Enter w/ caution,52,3.7,6.4,1.7,54.7,0,,Basic Materials,29627166.0,27207.73
CBGZF,Cabral Gold Inc,0.748,14,13,9,14,9,4,5,68,-3.0,65.0,Moderate,Enter w/ caution,51,3.1,3.2,2.7,55.2,1,,Basic Materials,228298176.0,231522.16
MGHCF,Minco Capital Corp,0.114,15,10,6,15,6,6,5,63,3.0,64.0,Moderate,Enter w/ caution,74,3.3,13.6,16.2,63.5,2,,Financial Services,4749347.0,9081.11
XCRT,Union Dental Holdings Inc,0.013,10,15,6,12,4,7,5,59,3.0,63.0,Moderate,Enter w/ caution,46,15.5,15.5,12.6,62.4,2,,Healthcare,4778907.0,99465.32
IAUFF,AIC Mines Limited,0.51,16,6,11,7,6,11,5,62,1.0,63.0,Moderate,Enter w/ caution,68,4.1,8.5,3.7,64.6,1,,Basic Materials,406786112.0,3563.25
RROYF,RE Royalties Ltd,0.275,16,10,6,10,6,10,5,63,-1.0,62.0,Moderate,Enter w/ caution,48,1.9,9.1,4.3,67.7,2,,Utilities,11750932.0,1699.04
MVNT,Visual Healthcare Corp,0.013,12,14,10,14,3,7,5,65,-3.5,61.5,Moderate,Enter w/ caution,27,30.0,44.4,24.9,59.1,2,,Financial Services,3637142.0,145221.23
UAPC,United Amern Pete Cp,0.001,13,13,10,13,8,2,5,64,-8.0,61.0,Moderate,Enter w/ caution,55,37.5,10.0,15.6,57.9,2,,Communication Services,369461.0,198551.8
CDTTW,Conduit Pharmaceuticals Inc.,0.014,13,9,2,17,9,3,5,58,2.0,61.0,Moderate,Enter w/ caution,65,26.4,-12.0,15.0,53.1,0,,nan,nan,31531.72
VYCO,Vycor Medical Inc,0.069,13,7,6,14,4,7,5,56,2.0,61.0,Moderate,Enter w/ caution,32,0.0,0.0,1.6,56.4,0,,Healthcare,2302723.0,6774.69
MBXBF,Microbix Biosystems Inc.,0.22,11,9,11,15,6,5,4,61,-5.0,61.0,Moderate,🔥 COILED: Enter w/ caution,55,1.4,4.3,2.2,59.5,1,,Healthcare,30250254.0,10632.0
BIOE,Bio Essence Corporation,0.27,15,7,11,11,3,5,4,56,0.0,61.0,Moderate,🔥 COILED: Enter w/ caution,51,0.0,0.0,0.2,48.5,0,,Healthcare,12638431.0,2777.11
PXGYF,PAX Global Technology Limited,0.468,11,15,4,14,4,6,5,59,2.0,61.0,Moderate,Enter w/ caution,40,7.5,2.1,4.8,58.4,0,,Industrials,497997664.0,3561.9
OMLAF,oOh!media Limited,1.0,15,8,10,11,6,4,4,58,-2.0,61.0,Moderate,🔥 COILED: Enter w/ caution,55,0.0,0.0,0.3,67.8,0,,Communication Services,528211776.0,2197.0
ILDO,International Daleco Corp,0.009,13,10,5,10,4,7,3,52,0.0,60.0,Moderate,🔥 COILED: Enter w/ caution,52,0.0,0.0,1.4,51.6,0,,Basic Materials,409453.0,5536.83
GALOF,Galore Resources Inc,0.015,13,9,6,14,4,5,5,56,1.0,60.0,Moderate,Enter w/ caution,42,0.0,2.7,12.2,63.6,0,,Basic Materials,2659510.0,12632.2
GCEI,Global Clean Energy Inc,0.033,13,6,9,11,4,5,5,53,2.0,60.0,Moderate,🔥 COILED: Enter w/ caution,32,8.1,15.6,6.0,54.0,2,,Industrials,19573248.0,332799.34
CMPNF,Champion Real Estate Investment Trust,0.34,15,8,11,9,6,4,4,57,-2.0,60.0,Moderate,🔥 COILED: Enter w/ caution,51,0.0,0.0,0.1,68.7,1,,Real Estate,1907400832.0,0.0
LBCMF,Libero Copper & Gold Corporation,0.565,18,15,10,9,8,0,5,65,-3.0,60.0,Moderate,Enter w/ caution,57,4.8,2.7,4.0,56.6,1,,Basic Materials,118722080.0,505212.77
BACHF,Bank of China Ltd H,0.7,14,10,9,10,6,9,5,63,-3.0,60.0,Moderate,Enter w/ caution,62,8.1,4.3,5.1,56.7,0,,Financial Services,225548681216.0,0.0
NNRRF,NRC Group ASA,0.839,12,8,9,13,4,2,4,52,0.0,60.0,Moderate,🔥 COILED: Enter w/ caution,44,0.0,0.0,0.5,53.1,0,,Industrials,192700192.0,141.0
ZHUD,Zhuding International Ltd,0.011,15,9,6,14,6,4,5,59,0.0,59.0,Moderate,Enter w/ caution,70,-2.8,17.8,16.2,60.2,2,,Financial Services,1698511.0,138845.24
CYIO,CYIOS Corporation,0.002,13,7,9,15,4,4,5,57,2.0,59.0,Moderate,Enter w/ caution,50,-5.0,5.6,6.9,57.3,0,,Healthcare,627924.0,1676110.82
CHAG,Chancellor Group Inc,0.001,13,7,9,13,6,2,4,54,0.0,59.0,Moderate,🔥 COILED: Enter w/ caution,54,0.0,0.0,2.8,50.0,0,,Financial Services,74460.0,17686.85
NUMD,Nu-Med Plus Inc,0.018,14,3,7,15,6,11,5,61,-2.0,59.0,Moderate,Enter w/ caution,53,21.1,0.0,9.2,65.7,0,,Healthcare,1537291.0,9066.83
SPFYF,Spacefy Inc,0.019,15,7,10,14,6,2,4,58,-2.0,59.0,Moderate,Enter w/ caution,60,0.0,0.0,6.0,63.2,0,,Communication Services,1488204.0,2323.9
BSTO,Blue Star Opportunities Corp,0.026,15,5,4,13,3,7,5,52,2.0,59.0,Moderate,🔥 COILED: Enter w/ caution,49,5.6,76.0,11.8,54.6,2,,Basic Materials,3279479.0,11891.93
GOGR,Go Green Global Tech,0.04,12,8,11,14,6,2,4,57,2.0,59.0,Moderate,Enter w/ caution,58,0.0,0.0,2.7,56.4,0,,Industrials,4799001.0,47531.48
RTON,Right On Brands Inc,0.039,17,13,10,18,7,5,5,75,-17,59,Moderate,Enter w/ caution,70,56.0,59.2,43.9,68.7,3,7,Consumer Defensive,1070528.0,22731.21
BAUFF,Blue Star Gold Corp,0.17,12,11,4,14,4,5,4,54,-3.0,59.0,Moderate,Enter w/ caution,52,11.4,6.2,6.3,54.9,1,,Basic Materials,27109106.0,28358.96
ROYTL,Pacific Coast Oil Trust,0.17,13,5,12,14,7,6,5,62,-3.0,59.0,Moderate,Enter w/ caution,63,13.3,13.3,12.0,72.2,2,,Energy,5787474.0,9558.54
TXRP,"TX Rail Products, Inc",0.257,14,8,9,10,7,4,5,57,2.0,59.0,Moderate,Enter w/ caution,48,2.8,4.9,6.6,57.6,0,,Industrials,11565000.0,44279.01
NYWKF,NTG Clarity Networks Inc,0.58,15,9,9,15,0,3,5,56,0.0,59.0,Moderate,Enter w/ caution,31,0.3,4.4,2.7,55.8,0,,Technology,27838668.0,16315.78
SENGF,SINOPEC Engineering (Group) Co. Ltd.,0.784,11,8,11,11,4,2,4,51,0.0,59.0,Moderate,🔥 COILED: Enter w/ caution,32,0.0,0.0,0.0,50.8,0,,Industrials,3444475392.0,46.53
SHCAY,Sharp Corp ADR,0.939,13,7,8,16,5,2,3,54,2.0,59.0,Moderate,🔥 COILED: Enter w/ caution,50,6.5,2.4,1.8,52.4,0,,Technology,2441393152.0,6508.5
IPZYF,IP Group Plc,0.905,14,9,6,11,6,6,4,56,-2.0,59.0,Moderate,🔥 COILED: Enter w/ caution,52,0.0,0.0,0.7,67.4,0,,Financial Services,799855360.0,5639.02
DBOXF,D-BOX Technologies Inc,0.9,17,9,6,11,7,9,4,63,-2.0,59.0,Moderate,Enter w/ caution,66,13.9,11.1,8.0,64.5,2,,Technology,199967920.0,178968.93
RFHRF,Renforth Resources Inc,0.02,16,14,7,15,4,11,5,72,-12.0,58.0,Moderate,Enter w/ caution,59,11.4,10.7,13.3,64.9,3,,Basic Materials,8077412.0,56502.68
WHLT,Chase Packaging Corp,0.05,12,6,8,11,1,9,5,52,1.0,58.0,Moderate,🔥 COILED: Enter w/ caution,33,0.0,0.0,0.8,60.3,0,,Financial Services,3094108.0,1123.79
VEXTF,Vext Science Inc,0.184,12,12,9,9,3,6,5,56,-3.0,58.0,Moderate,🔥 COILED: Enter w/ caution,36,5.6,5.0,4.4,54.4,1,,Healthcare,44583100.0,40333.35
QMCI,Quotemedia Inc,0.152,9,16,8,13,3,3,4,56,-3.0,58.0,Moderate,Enter w/ caution,36,1.3,1.3,1.0,61.0,1,,Financial Services,13752625.0,18635.22
FMANF,Freeman Gold Corp,0.248,17,16,7,11,6,3,5,65,-5.0,58.0,Moderate,Enter w/ caution,63,6.2,10.0,3.8,56.3,2,,Basic Materials,76291368.0,87637.91
RSAU,Rooshine Inc,0.229,11,10,5,7,4,7,4,48,2.0,58.0,Moderate,🔥 COILED: Enter w/ caution,33,0.0,0.0,0.6,51.9,0,,Consumer Defensive,5129669.0,90.99
ADVNF,Advance ZincTek Limited,0.53,12,7,9,12,4,2,4,50,0.0,58.0,Moderate,🔥 COILED: Enter w/ caution,49,0.0,0.0,0.5,50.0,0,,Basic Materials,33220322.0,501.81
KJFI,Comjoyful International Company,0.974,11,7,11,9,6,7,4,55,-5.0,58.0,Moderate,🔥 COILED: Enter w/ caution,46,0.0,0.0,0.5,51.4,1,,Healthcare,211514688.0,227.55
MSET,Madison Sports & Entertainment Inc,0.009,11,7,10,16,4,2,5,55,2.0,57.0,Moderate,Enter w/ caution,40,14.1,14.1,12.9,58.4,2,,Financial Services,436342.0,16539.08
AIMH,AimRite Holdings Corp,0.026,10,16,4,7,8,5,5,55,2.0,57.0,Moderate,Enter w/ caution,39,28.1,30.0,7.4,52.5,2,,Financial Services,3469588.0,43164.48
RSCF,Reflect Scientific Inc,0.041,9,12,9,12,8,3,5,58,-1.0,57.0,Moderate,Enter w/ caution,25,2.5,2.5,1.0,50.1,0,,Healthcare,3512227.0,37556.0
ENMHF,ENM Holdings Limited,0.06,15,6,11,8,6,2,4,52,0.0,57.0,Moderate,🔥 COILED: Enter w/ caution,49,0.0,0.0,2.2,72.1,0,,Consumer Cyclical,99039520.0,920.38
NBBTF,Natural Beauty Bio-Technology Limited,0.061,13,8,11,10,6,2,4,54,-2.0,57.0,Moderate,🔥 COILED: Enter w/ caution,42,0.0,0.0,0.1,68.3,0,,Consumer Defensive,102107152.0,1375.0
SBMSF,Danakali Ltd,0.07,14,13,6,15,4,0,5,57,0.0,57.0,Moderate,Enter w/ caution,62,7.7,42.3,8.8,52.9,2,,Basic Materials,25783404.0,0.0
VASO,Vaso Corp,0.195,12,11,8,10,7,1,5,54,0.0,57.0,Moderate,Enter w/ caution,56,2.6,-2.5,0.2,50.4,0,,Healthcare,34319616.0,133283.97
STPDF,STPDF,0.163,13,6,8,12,6,2,5,52,0.0,57.0,Moderate,🔥 COILED: Enter w/ caution,50,0.0,0.0,1.2,59.3,0,,Energy,32038342.0,4465.27
ENDGF,Endurance Gold Corporation,0.368,15,11,7,11,6,2,5,57,0.0,57.0,Moderate,Enter w/ caution,54,-0.4,2.4,5.8,58.5,0,,Basic Materials,74009120.0,32229.39
PLLMF,Plata Latina Minerals Corporation,0.44,11,14,5,14,4,2,5,55,2.0,57.0,Moderate,Enter w/ caution,38,25.9,0.0,17.7,59.1,1,,Basic Materials,56193892.0,42017.31
AROAF,AROAF,0.52,15,7,5,8,6,6,4,51,1.0,57.0,Moderate,🔥 COILED: Enter w/ caution,54,0.0,0.0,0.4,62.6,0,,Healthcare,180311808.0,1812.25
JNSTF,Jinhui Shipping and Transportation Limited,0.57,13,6,11,11,4,3,4,52,0.0,57.0,Moderate,🔥 COILED: Enter w/ caution,0,0.0,0.0,0.0,30.9,0,,Industrials,62955004.0,0.0
NIKA,Nika BioTechnology Inc,0.769,15,6,12,10,6,2,4,55,-3.0,57.0,Moderate,🔥 COILED: Enter w/ caution,49,0.0,0.0,6.3,72.3,0,,Healthcare,806334336.0,839.16
WLDBF,WildBrain Ltd,0.98,13,8,8,14,5,7,5,60,-3.0,57.0,Moderate,Enter w/ caution,44,8.9,3.2,4.6,56.8,1,,Communication Services,209538000.0,164556.7
YDKG,Yueda Digital Holding,1.0,15,16,6,16,7,3,5,68,-11.0,57.0,Moderate,Enter w/ caution,50,7.5,4.2,6.3,57.3,1,,Communication Services,5529189.0,480144.38
MGTI,MGT Capital Investments Inc,0.003,16,8,3,16,7,7,5,62,-4.0,56.0,Moderate,Enter w/ caution,70,0.0,57.9,33.9,63.7,2,,Financial Services,18197406.0,945049.78
VISM,Visium Technologies Inc,0.002,9,8,10,9,5,7,5,53,0.0,56.0,Moderate,Enter w/ caution,31,22.2,0.0,6.7,53.0,0,,Technology,2370506.0,2400070.38
LLLI,Lamperd Less Lethal,0.004,13,7,5,12,5,7,5,54,2.0,56.0,Moderate,Enter w/ caution,44,12.5,9.8,10.9,54.3,1,,Industrials,1288037.0,48173.76
VIVC,Vivic Corp,0.026,8,9,11,10,3,5,4,50,1.0,56.0,Moderate,🔥 COILED: Enter w/ caution,24,0.0,0.0,3.2,60.1,0,,Consumer Cyclical,693105.0,9738.47
CHKMF,Cohiba Minerals Limited,0.06,12,8,6,11,6,3,2,48,0.0,56.0,Moderate,🔥 COILED: Enter w/ caution,52,0.0,0.0,1.6,51.9,0,,Basic Materials,401050464.0,18746.42
GZDIF,Grizzly Discoveries Inc,0.054,19,14,3,16,5,4,5,66,-10.0,56.0,Moderate,Enter w/ caution,55,35.7,35.7,13.8,58.0,2,,Basic Materials,12643105.0,107123.92
UJOGF,UJOGF,0.07,13,3,11,9,6,7,4,53,-5.0,56.0,Moderate,🔥 COILED: Enter w/ caution,42,0.0,0.0,0.3,54.8,1,,Energy,10259612.0,1377.63
BKALF,PT Bank Aladin Syariah Tbk,0.078,12,5,9,12,4,2,4,48,0.0,56.0,Moderate,🔥 COILED: Enter w/ caution,48,0.0,0.0,0.2,50.0,0,,Financial Services,1153867648.0,92.23
EREPF,Zonte Metals Inc,0.079,12,7,11,9,6,2,4,51,0.0,56.0,Moderate,🔥 COILED: Enter w/ caution,32,0.0,0.0,0.2,59.1,0,,Basic Materials,6723224.0,3319.5
ECRFF,Cartier Resources Inc,0.191,15,13,9,13,4,4,5,63,-5.0,56.0,Moderate,Enter w/ caution,53,0.5,6.1,3.4,56.7,1,,Basic Materials,85171968.0,102660.91
AUSI,Aura Systems Inc,0.17,14,9,10,15,6,4,5,63,-7.0,56.0,Moderate,Enter w/ caution,67,2.4,1.2,10.5,61.2,1,,Industrials,25826450.0,11016.87
LMSQF,Latin Metals Inc,0.166,14,15,4,10,8,0,5,56,-3.0,56.0,Moderate,Enter w/ caution,47,-2.2,-0.7,5.0,54.0,1,,Basic Materials,21070644.0,66384.4
WTHVF,Westhaven Gold Corp,0.23,19,14,8,15,5,7,5,73,-17.0,56.0,Moderate,Enter w/ caution,72,7.1,15.6,8.3,60.8,3,,Basic Materials,59833748.0,107537.66
ARSRF,AIS Corporation Limited,0.288,9,5,9,13,3,7,5,51,2.0,56.0,Moderate,Enter w/ caution,41,3.2,5.7,4.6,58.1,0,,Basic Materials,431160416.0,2871.94
ALPKF,ALPEK S.A.B. de C.V,0.766,15,6,10,10,3,6,4,54,-3.0,56.0,Moderate,🔥 COILED: Enter w/ caution,61,0.0,0.0,1.4,75.2,0,,Basic Materials,1596937600.0,2337.69
BKFCF,Bank of Communications Co. Ltd,0.92,13,7,11,8,6,2,4,51,0.0,56.0,Moderate,🔥 COILED: Enter w/ caution,54,0.0,0.0,0.1,56.5,0,,Financial Services,74958995456.0,0.0
DRRLF,DRRLF,0.012,10,8,10,9,1,8,4,50,0.0,55.0,Moderate,🔥 COILED: Enter w/ caution,43,0.0,0.0,0.7,54.9,0,,nan,62603520.0,1096.12
KCRD,"Kindcard, Inc.",0.034,13,6,9,14,4,1,5,52,0.0,55.0,Moderate,Enter w/ caution,41,0.0,0.0,2.5,58.8,0,,Technology,3469957.0,744.75
GENFF,Genflow Biosciences plc,0.054,17,6,7,14,6,2,5,57,-2.0,55.0,Moderate,Enter w/ caution,45,0.0,0.6,15.2,66.0,0,,Healthcare,30869332.0,13135.5
GARWF,Golden Arrow Resources Corp,0.067,15,7,8,14,3,3,5,55,-5.0,55.0,Moderate,🔥 COILED: Enter w/ caution,52,11.5,-4.4,0.8,50.9,1,,Basic Materials,11333970.0,76684.61
IDBDF,IDBDF,0.101,18,7,7,14,4,6,2,58,-3.0,55.0,Moderate,Enter w/ caution,0,0.3,0.3,8.8,56.8,1,,Technology,3304674.0,0.0
CRGCF,CRGCF,0.155,17,6,11,11,3,1,5,54,-2.0,55.0,Moderate,Enter w/ caution,0,0.0,0.0,0.5,64.9,0,,Basic Materials,10160110.0,0.0
CNCKW,Coincheck Group N.V. Warrants,0.3,15,14,8,11,6,2,5,61,-6.0,55.0,Moderate,Enter w/ caution,56,18.5,15.3,19.4,56.5,2,,nan,nan,6781.59
BDLNF,Badlands Resources Inc,0.3,12,8,7,13,6,4,5,55,0.0,55.0,Moderate,Enter w/ caution,55,0.0,0.0,1.8,59.2,0,,Basic Materials,970163.0,2287.5
HSTC,HST Global Inc,0.7,7,6,11,12,6,4,4,50,0.0,55.0,Moderate,🔥 COILED: Enter w/ caution,42,0.0,0.0,0.0,50.5,0,,Healthcare,99002424.0,169.04
SFGRF,SFGRF,0.95,15,5,11,9,4,5,5,54,-2.0,55.0,Moderate,Enter w/ caution,47,0.0,4.4,3.4,64.8,0,,Financial Services,6373023744.0,3301.95
PIMXX,Plan Investment Fund Inc. - Money Market Portfolio,1.0,16,11,10,8,4,4,4,57,-2.0,55.0,Moderate,Enter w/ caution,42,0.0,0.0,0.0,62.3,0,,nan,nan,0.0
RNGE,RING ENERGY INC,0.92,18,9,6,16,7,4,5,65,-10.2,54.8,Weak,Watchlist only,68,26.0,24.3,22.9,67.8,2,,Basic Materials,107615504.0,36660.0
PCOGF,Pancontinental Oil & Gas NL,0.009,15,7,9,14,5,1,5,56,-2.0,54.0,Weak,Watchlist only,47,21.6,21.6,13.9,66.2,2,,Energy,74574720.0,159559.79
MKDWW,MKDWELL Tech Inc. Warrants,0.011,16,8,3,15,7,6,5,60,-6.0,54.0,Weak,Watchlist only,45,14.0,11.8,9.9,59.7,2,,nan,nan,0.0
HPAGF,China High Precision Automation Group Limited,0.029,9,7,11,8,6,4,4,49,0.0,54.0,Weak,🔥 COILED: Watchlist only,25,0.0,0.0,0.0,46.9,0,,Technology,30077126.0,368.38
MDXHF,MedX Health Corp,0.044,15,10,6,12,6,6,5,60,-6.0,54.0,Weak,Watchlist only,53,3.0,3.0,9.7,58.2,1,,Healthcare,14101090.0,5607.26
ADMQ,ADM Endeavors Inc,0.045,13,7,5,15,1,5,5,51,3.0,54.0,Weak,Watchlist only,55,9.8,12.5,14.1,68.1,2,,Industrials,7133419.0,108807.96
PBMFF,Pacific Bay Minerals Ltd,0.042,10,6,10,13,4,4,4,51,-2.0,54.0,Weak,🔥 COILED: Watchlist only,41,0.0,0.0,0.1,61.3,0,,Basic Materials,1485888.0,433.86
CYCUW,"Cycurion, Inc. Warrant",0.041,16,10,7,17,8,8,5,71,-22,54,Weak,Watchlist only,61,140.9,139.5,94.5,76.2,2,8,nan,nan,44440.89
NDATF,nDatalyze Corp,0.08,12,8,5,9,4,7,4,49,-3.0,54.0,Weak,🔥 COILED: Watchlist only,51,0.0,0.0,0.6,52.6,1,,Healthcare,6083376.0,2067.5
VPTDF,VentriPoint Diagnostics Ltd,0.082,7,14,4,17,3,7,5,57,-1.0,54,Weak,Watchlist only,39,6.2,-0.5,3.1,52.2,2,,Healthcare,14509808.0,95731.86
CSBI,Carroll Shelby International Inc,0.181,12,9,11,12,6,4,4,58,-7.0,54.0,Weak,Watchlist only,57,0.0,0.0,0.8,66.9,1,,Consumer Cyclical,860482752.0,2629.91
ABPO,"Abpro Holdings, Inc.",0.21,8,12,9,11,9,0,2,51,-2.0,54.0,Weak,🔥 COILED: Watchlist only,39,2.4,5.0,2.6,51.6,1,,Healthcare,1238170.0,558755.69
CRANR,Crane Harbor Acquisition Corp. II Rights,0.24,17,7,4,15,3,3,5,54,2.0,54.0,Weak,Watchlist only,0,4.3,-7.7,5.7,56.5,0,,nan,nan,0.0
CYPMF,Cyprium Metals Limited,0.295,19,7,7,14,4,3,5,59,-5.0,54.0,Weak,Watchlist only,65,5.4,5.4,5.3,77.9,2,,Basic Materials,170533520.0,1458.33
TRAC,Track Data Corporation Inc,0.41,9,8,6,8,6,2,5,44,2.0,54.0,Weak,🔥 COILED: Watchlist only,26,0.0,0.0,4.9,41.2,0,,Financial Services,1658400.0,9.0
KIRGF,Kairos Gold Inc.,0.55,17,9,7,14,6,9,5,67,-13.0,54.0,Weak,Watchlist only,0,57.1,96.4,37.4,59.9,2,10,nan,nan,0.0
NPPXF,Nippon Telegraph & Telephone Corp,0.98,15,12,7,9,4,9,5,61,-7.0,54.0,Weak,Watchlist only,45,7.7,7.7,6.0,65.4,0,,Communication Services,78980915200.0,148497.0
TRAGF,TeraGo Inc,1.0,19,4,7,14,6,4,5,59,-8.0,54.0,Weak,Watchlist only,55,4.2,4.2,2.6,73.7,1,,Communication Services,39035620.0,171.66
DELX,Delex Healthcare Group Inc.,0.008,16,6,2,16,7,2,5,54,-2.0,53.0,Weak,Watchlist only,63,-10.5,46.6,16.0,61.7,2,,Healthcare,16996770.0,86184.42
BNCM,Bounce Mobile Systems Inc,0.008,16,6,2,16,7,2,5,54,-2.0,53.0,Weak,Watchlist only,63,-10.5,46.6,15.9,61.5,2,,Healthcare,13997339.0,87188.2
AGDY,Agri-Dynamics Inc,0.004,13,5,8,18,0,2,5,51,2.0,53.0,Weak,Watchlist only,31,20.6,41.4,18.3,58.6,2,,Energy,8687744.0,327126.33
AVVH,AVVAA World Health Care Products Inc,0.002,9,5,5,18,1,3,5,46,-1.0,53.0,Weak,Watchlist only,38,12.5,-10.0,8.3,52.9,1,,Financial Services,1643632.0,284693.28
VICA,Rafina Innovations Inc,0.001,10,8,10,9,6,3,4,50,0.0,53.0,Weak,Watchlist only,43,0.0,0.0,0.1,56.8,0,,Healthcare,122022.0,56516.55
CCEDF,Cascadero Copper Corporation,0.018,12,12,3,10,6,0,5,48,0.0,53.0,Weak,🔥 COILED: Watchlist only,39,0.0,20.0,11.8,52.4,2,,Basic Materials,1230532.0,29199.77
CVAT,Cavitation Techs Inc,0.033,12,12,13,14,4,0,5,60,-5.0,53.0,Weak,Watchlist only,48,10.0,10.0,10.1,64.8,2,,Industrials,9291622.0,475564.19
BLSIF,BLSIF,0.06,10,7,11,9,3,2,4,46,2.0,53.0,Weak,🔥 COILED: Watchlist only,47,0.0,0.0,0.0,52.2,0,,Healthcare,9735260.0,133.24
PDSSF,Paradise Entertainment Limited,0.092,14,4,4,10,6,3,4,45,0.0,53.0,Weak,🔥 COILED: Watchlist only,0,0.0,0.0,0.7,48.6,0,,Consumer Cyclical,96390696.0,0.0
KLSVF,Klondike Silver Corp,0.12,8,4,11,13,3,3,4,46,4.0,53.0,Weak,Watchlist only,41,0.0,20.0,3.5,52.9,2,,Basic Materials,3226585.0,12378.95
GFGSF,GFG Resources Inc,0.161,13,8,6,13,5,4,4,53,2.0,53.0,Weak,Watchlist only,69,0.9,3.0,2.4,55.6,0,,Basic Materials,48970968.0,146432.01
YMMCF,YUKON METALS CORP.,0.298,9,14,9,11,4,4,2,53,-1.0,53.0,Weak,Watchlist only,29,-0.9,3.8,2.9,51.7,1,,Basic Materials,39030684.0,17955.57
TBVPF,Thai Beverage Public Company Limited,0.344,15,5,11,12,1,4,4,52,-2.0,53.0,Weak,Watchlist only,45,0.0,2.4,0.9,63.0,0,,Consumer Defensive,8726625280.0,0.0
YIPCF,Yip's Chemical Holdings Limited,0.32,10,8,11,10,3,6,4,52,-2.0,53.0,Weak,Watchlist only,0,0.0,0.0,0.0,66.5,0,,Basic Materials,178707232.0,0.0
QSEGF,Quantum Secure Encryption Corp.,0.39,12,14,11,9,6,4,5,61,-6.0,53.0,Weak,Watchlist only,59,3.9,9.8,4.3,56.2,2,,Technology,24887932.0,0.0
MFRVF,Minera Frisco S.A.B. de C.V,0.59,13,7,10,8,6,2,4,50,-2.0,53.0,Weak,🔥 COILED: Watchlist only,46,0.0,0.0,8.6,62.1,0,,Basic Materials,3656042752.0,181.75
MCHHF,Macmahon Holdings Limited,0.63,11,5,11,8,6,5,4,50,-2.0,53.0,Weak,🔥 COILED: Watchlist only,60,0.0,0.0,0.1,66.5,0,,Basic Materials,1387583488.0,0.0
WORX,Scworx Corp,0.62,14,8,6,11,5,7,5,56,-3.0,53.0,Weak,Watchlist only,60,12.7,-4.6,8.4,57.3,2,,Healthcare,661489.0,599360.25
DCGO,DocGo Inc,0.667,15,12,8,9,5,4,5,58,-3.0,53.0,Weak,Watchlist only,43,-0.5,4.5,6.6,58.1,1,,Healthcare,65875324.0,1205241.65
JSHG,Joshua Gold Resources Inc,0.003,17,14,5,13,4,0,5,58,-5.8,52.2,Weak,Watchlist only,47,7.7,40.0,26.1,60.3,2,,Basic Materials,728969.0,223068.45
GBXI,GBX International Group Inc,0.001,15,4,8,13,4,7,5,56,-3.8,52.2,Weak,Watchlist only,38,0.0,175.0,21.5,60.0,2,,Communication Services,154948.0,2274.05
EGRAF,Energy Resources of Australia Ltd,0.009,10,9,11,8,3,2,4,47,2.0,52.0,Weak,Watchlist only,52,0.0,0.0,0.0,59.3,0,,Energy,3810724352.0,29303.37
VPLM,Voip-Pal.Com Inc,0.01,13,14,7,8,5,2,3,52,-1.0,52.0,Weak,Watchlist only,52,7.7,6.5,6.7,57.3,1,,Communication Services,37412192.0,2181928.14
AHIX,ALUF Holdings Inc,0.003,14,7,12,9,2,5,5,54,-2.0,52.0,Weak,Watchlist only,39,10.0,10.0,7.1,67.3,1,,Technology,6087013.0,34433.25
CBGH,China YiBai United Guarantee International Holding Inc,0.005,11,7,11,7,3,1,4,44,0.0,52.0,Weak,🔥 COILED: Watchlist only,37,0.0,0.0,0.2,50.3,0,,Technology,4501328.0,0.0
QYBX,Qian Yuan Baixing Inc,0.007,14,6,11,11,4,1,5,52,-5.0,52.0,Weak,🔥 COILED: Watchlist only,30,0.0,0.0,1.5,57.5,1,,Consumer Cyclical,640575.0,18575.15
CESX,Ces Synergies Inc,0.001,12,7,10,13,4,2,4,52,-5.0,52.0,Weak,🔥 COILED: Watchlist only,58,0.0,0.0,9.4,50.0,1,,Industrials,47300.0,2543.38
SUNTF,Suncorp Technologies Limited,0.013,12,8,5,12,4,2,4,47,0.0,52.0,Weak,🔥 COILED: Watchlist only,52,0.0,0.0,1.8,53.7,0,,Industrials,20000976.0,75.21
CTLDF,Controladora Axtel S.A.B. de C.V.,0.04,10,5,10,12,4,2,4,47,0.0,52.0,Weak,🔥 COILED: Watchlist only,47,0.0,0.0,0.0,50.0,0,,nan,192752928.0,34285.56
RMDFF,Richmond Minerals Inc,0.083,12,6,11,9,3,2,4,47,0.0,52.0,Weak,🔥 COILED: Watchlist only,57,0.0,0.0,0.2,50.0,0,,Basic Materials,6735049.0,3006.62
WGLIF,Westward Gold Inc,0.099,12,10,7,14,4,4,5,56,-2.0,52.0,Weak,Watchlist only,59,0.9,5.4,11.7,62.1,1,,Basic Materials,23138174.0,178821.95
SILEF,Silver Elephant Mining Corp,0.091,4,14,5,15,3,0,5,46,2.0,52.0,Weak,Watchlist only,21,1.1,1.1,3.8,51.2,1,,Basic Materials,5178414.0,65967.25
ICABY,I-Cable Communications Ltd ADR,0.14,9,6,6,11,6,6,5,49,-5.0,52.0,Weak,🔥 COILED: Watchlist only,37,0.0,0.0,1.2,53.8,1,,Communication Services,49942364.0,93.23
VAUCF,Viva Gold Corp,0.109,9,12,9,16,6,0,5,57,-3.0,52.0,Weak,Watchlist only,56,-1.7,2.9,3.9,58.1,1,,Basic Materials,18587568.0,138727.15
OXBRW,Oxbridge Re Holdings Equity Warrant,0.125,8,11,4,14,8,0,5,50,2.0,52.0,Weak,Watchlist only,50,16.2,-16.9,6.8,53.8,0,,nan,574505.0,6071.5
OGGIF,Orthogonal Global Group Inc,0.101,14,8,3,15,6,4,5,55,-3.0,52.0,Weak,Watchlist only,46,-20.8,-20.8,0.4,52.4,0,,Financial Services,nan,6880.84
TAVIR,Tavia Acquisition Corp. Right,0.13,12,10,3,9,5,1,5,45,2.0,52.0,Weak,Watchlist only,38,-12.8,44.3,13.5,54.0,2,,nan,nan,0.0
CXXMF,CMX Gold & Silver Corp,0.215,9,6,11,12,6,6,4,54,-5.0,52.0,Weak,Watchlist only,47,0.0,0.0,0.0,58.1,1,,Basic Materials,18619606.0,1041.12
NVLPF,Nova Leap Health Corp,0.308,18,4,7,9,6,6,5,55,-3.0,52.0,Weak,Watchlist only,69,0.0,18.5,7.5,73.4,2,,Healthcare,26892790.0,7590.06
ALVLF,Big Ridge Gold Corp,0.372,18,12,10,7,4,5,5,61,-7.0,52.0,Weak,Watchlist only,63,12.6,6.1,8.9,60.7,0,,Basic Materials,105960408.0,205282.2
MOAEY,Mongolia Energy Corp Ltd ADR,0.447,15,7,4,12,6,6,5,55,-3.0,52.0,Weak,Watchlist only,63,6.2,6.2,6.8,50.0,0,,Basic Materials,16818450.0,3.5
ACPS,AC Partners Inc,0.45,11,8,5,9,6,6,4,49,0.0,52.0,Weak,Watchlist only,38,0.0,0.0,3.9,57.5,0,,Industrials,16583081.0,132.76
AWLRF,AWLRF,0.599,13,12,8,15,5,4,5,62,-8.0,52.0,Weak,Watchlist only,42,-3.2,6.0,3.5,55.3,1,,Basic Materials,70803176.0,80236.23
GBAT,Grayscale Basic Attention Token Trust,0.6,10,11,6,13,3,2,5,50,2.0,52.0,Weak,Watchlist only,35,-4.5,17.0,1.7,50.8,2,,nan,nan,22824.61
SYRA,Syra Health Corp. Class A Common Stock,0.73,14,10,3,13,8,2,5,55,-3.0,52.0,Weak,Watchlist only,62,4.1,-9.5,4.2,52.9,1,,Healthcare,10358094.0,44913.61
CDTI,CDTi Advanced Materials Inc,0.87,18,6,6,16,3,2,5,56,-4.0,52.0,Weak,Watchlist only,53,17.6,7.4,11.4,62.4,1,,Consumer Cyclical,3916132.0,4100.25
YGRAF,Yangarra Resources Ltd,0.94,12,9,4,14,5,0,5,49,0.0,52.0,Weak,🔥 COILED: Watchlist only,38,-4.1,2.0,1.1,53.0,0,,Energy,99259496.0,50300.03
XHG,XChange TEC.INC,0.98,15,14,4,12,5,0,5,55,-1.0,52.0,Weak,Watchlist only,37,-11.7,15.3,3.2,53.4,2,,Financial Services,50516972.0,22459.16
MSPXX,Morgan Stanley Institutional Liquidity Funds - Prime Portfolio,1.0,11,9,5,8,4,4,4,45,2.0,52.0,Weak,🔥 COILED: Watchlist only,39,0.0,0.0,0.0,55.6,0,,nan,nan,0.0
OPTI,Optec International Inc,0.002,16,9,7,16,7,5,5,65,-13.8,51.2,Weak,Watchlist only,64,63.6,50.0,53.1,66.6,2,12,Consumer Cyclical,6705693.0,1879982.56
AVEFF,Avecho Biotechnology Limited,0.004,9,7,10,7,3,4,4,44,2.0,51.0,Weak,🔥 COILED: Watchlist only,45,0.0,0.0,0.0,49.4,0,,Healthcare,17386766.0,10500.0
MTGH,"Mettitech Group Holdings, Inc.",0.004,16,11,9,15,4,11,5,71,-20,51,Weak,Watchlist only,50,52.2,52.2,34.9,62.3,2,9,Technology,2790000.0,264076.0
GMPW,GiveMePower Corp,0.01,10,8,11,12,4,2,4,51,-3.0,51.0,Weak,Watchlist only,49,0.0,0.0,0.8,70.0,0,,Real Estate,437928.0,11406.39
SOFE,Carepay Holdings Inc,0.002,10,6,10,12,4,2,4,48,0.0,51.0,Weak,Watchlist only,53,0.0,0.0,0.0,59.5,0,,Healthcare,45302.0,1210.31
DBLR,"Pet Ecology Brands, Inc.",0.018,12,11,2,11,8,0,5,49,2.0,51.0,Weak,Watchlist only,42,-40.3,79.0,11.4,54.0,2,,Financial Services,1323455.0,2551.4
PROCF,Sofgen Pharma S.A.,0.025,15,7,11,9,6,2,4,54,-8.0,51.0,Weak,🔥 COILED: Watchlist only,0,0.0,0.0,0.6,71.2,1,,Healthcare,58413728.0,0.0
ARYMF,Argosy Minerals Limited,0.036,6,13,11,9,3,2,5,49,2.0,51,Weak,Watchlist only,30,-4.3,-5.1,3.4,50.0,1,,Basic Materials,55086120.0,30791.72
RGSG,China Ivy School Inc,0.035,11,8,6,9,4,7,4,49,-3.0,51.0,Weak,🔥 COILED: Watchlist only,32,0.0,0.0,0.2,51.1,1,,Real Estate,2814097.0,758.09
ARWYF,Arway Corporation,0.042,9,14,4,10,4,0,5,46,2.0,51.0,Weak,Watchlist only,47,0.7,9.2,7.1,53.1,2,,Technology,1509329.0,11926.59
MNMRF,Monumental Minerals Corp,0.055,9,16,5,11,4,3,5,53,-5.0,51.0,Weak,Watchlist only,35,19.5,-9.1,2.6,50.5,1,,Basic Materials,5913508.0,63693.0
TBNRL,Tamboran Resources Corporation,0.185,12,6,11,10,6,5,4,54,-8.0,51.0,Weak,🔥 COILED: Watchlist only,62,0.0,0.0,0.1,74.8,1,,Energy,1289687296.0,6239.64
BDRSF,Borders & Southern Petroleum plc,0.16,12,5,7,13,4,3,5,49,2.0,51.0,Weak,Watchlist only,63,6.7,6.7,6.7,58.9,0,,Energy,141120032.0,9017.97
LQMT,Liquidmetal Technologies Inc,0.235,15,12,3,10,7,4,5,56,-3.0,51.0,Weak,Watchlist only,59,-5.9,6.9,5.1,56.3,0,,Industrials,220148416.0,677088.79
PDPTF,PUDO Inc,0.274,13,6,9,10,4,5,5,52,-4.0,51.0,Weak,Watchlist only,36,0.0,0.0,5.7,61.2,1,,Industrials,9116606.0,2242.58
HTTIF,HTTIF,0.389,17,8,8,7,4,3,4,51,-5.0,51.0,Weak,🔥 COILED: Watchlist only,0,0.0,0.0,0.8,56.1,1,,Healthcare,198042704.0,0.0
IGGGF,IGG Inc,0.43,18,4,9,9,4,5,5,54,-3.0,51.0,Weak,Watchlist only,36,10.0,10.0,6.8,74.9,1,,Communication Services,481019328.0,0.0
PCMC,Public Company Management Corp,0.4,13,7,7,10,3,5,3,48,0.0,51.0,Weak,Watchlist only,41,0.0,0.0,0.8,51.2,0,,Financial Services,13710727.0,634.0
CYAN,Cyanotech Corporation,0.53,11,4,11,15,6,4,5,56,-5.0,51.0,Weak,Watchlist only,61,0.0,0.0,2.5,58.3,1,,Consumer Defensive,3842353.0,4309.45
SKYH-WT,Sky Harbour Group Corporation WT,0.53,11,10,5,13,2,2,5,48,0.0,51.0,Weak,Watchlist only,31,-7.0,8.2,2.5,52.0,1,,nan,nan,20693.14
SMEBF,Sime Darby Bhd,0.56,7,6,11,11,3,6,4,48,0.0,51.0,Weak,Watchlist only,0,0.0,0.0,0.0,38.5,0,,Consumer Cyclical,3816734720.0,0.0
AINMF,NetraMark Holdings Inc.,0.573,6,14,3,13,4,6,5,51,-3.0,51.0,Weak,Watchlist only,42,7.8,-9.3,3.1,52.9,1,,Healthcare,53953400.0,2179.23
LRKKF,Lark Distilling Co. Ltd,0.624,12,8,9,10,4,1,4,48,-5.0,51.0,Weak,🔥 COILED: Watchlist only,40,0.0,0.0,0.5,53.7,1,,Consumer Defensive,67020440.0,643.58
FPAFF,First Pacific Company Limited,0.69,16,5,9,10,4,2,5,51,0.0,51.0,Weak,Watchlist only,34,6.2,7.8,3.5,58.7,0,,Consumer Defensive,2767820544.0,0.0
ONMD,OneMedNet Corp.,0.728,9,12,6,12,5,5,4,53,-3.0,51.0,Weak,Watchlist only,44,20.9,5.5,8.0,54.8,1,,Healthcare,41461528.0,2050320.64
SENT,AdvisorShares Trust - AdvisorShares Alpha DNA Equity Sentiment ETF,0.73,17,5,6,15,5,5,4,57,-6.0,51.0,Weak,Watchlist only,38,2.1,2.1,1.7,72.7,0,,nan,nan,673415.0
NETLF,NetLink NBN Trust,0.769,11,8,5,11,3,1,4,43,0.0,51.0,Weak,🔥 COILED: Watchlist only,45,0.0,0.0,0.0,49.3,0,,Communication Services,2996770560.0,157.35
GEDC,"TerraVolt Holdings, Inc.",0.78,13,12,7,10,6,4,4,56,-5.0,51.0,Weak,Watchlist only,50,0.0,0.0,5.4,52.6,1,,Real Estate,20069820.0,2397.1
AVHHL,AVITA Medical Inc,0.88,13,8,12,10,4,1,4,52,-4.0,51.0,Weak,Watchlist only,44,0.0,0.0,2.1,66.0,1,,Healthcare,135417424.0,92.75
HKBNF,HKBN Ltd,0.914,12,6,5,8,6,2,4,43,0.0,51.0,Weak,🔥 COILED: Watchlist only,52,0.0,0.0,0.9,53.8,0,,Communication Services,1350994944.0,10.2
TLDE,Tld3 Entertainment Group Inc,0.004,11,4,10,7,3,6,4,45,0.0,50.0,Weak,🔥 COILED: Watchlist only,50,0.0,0.0,-0.0,48.5,0,,Communication Services,1956402.0,639.02
LMLLF,Pharmadrug Inc,0.006,7,11,11,12,3,3,5,52,-1.0,50,Weak,Watchlist only,27,14.8,26.5,15.0,56.6,2,,Healthcare,837497.0,19432.35
CGUD,Com-Guard.Com Inc,0.001,11,6,7,11,6,5,4,50,-3.0,50.0,Weak,Watchlist only,50,0.0,0.0,1.2,59.1,1,,Technology,651518.0,259750.83
ELIQQ,"Electriq Power Holdings, Inc.",0.01,10,7,11,9,3,4,4,48,-3.0,50.0,Weak,🔥 COILED: Watchlist only,46,0.0,0.0,0.0,54.8,1,,Industrials,417372.0,1492.9
CLRD,Clearday Inc,0.002,9,6,11,12,4,3,5,50,-5.0,50.0,Weak,🔥 COILED: Watchlist only,50,0.0,0.0,6.8,54.6,1,,Healthcare,65434.0,1108.97
GROO,GROO,0.007,3,6,12,12,4,3,5,45,2.0,50.0,Weak,Watchlist only,25,16.1,16.1,5.7,48.9,2,,Technology,53172.0,8039.9
MRGE,Mirage Energy Corp,0.014,11,5,3,12,4,9,4,48,-3.0,50.0,Weak,Watchlist only,48,0.0,0.0,3.6,57.2,1,,Energy,4061714.0,40085.0
FNINF,49 North Resources Inc,0.015,8,7,11,8,3,4,4,45,0.0,50.0,Weak,🔥 COILED: Watchlist only,36,0.0,0.0,0.0,53.2,0,,Financial Services,2494650.0,10020.0
KASHF,Intellabridge Technology Corp,0.028,13,11,3,13,5,2,5,52,-5.0,50.0,Weak,Watchlist only,56,0.0,-4.5,3.4,53.6,1,,Technology,2011570.0,18441.34
TRRE,Terra Energy Res,0.04,13,6,7,9,6,4,5,50,0.0,50.0,Weak,Watchlist only,55,0.0,0.0,1.7,56.6,0,,Real Estate,14875703.0,5264.24
PBFFF,Planet Based Foods Global Inc,0.034,15,5,8,9,4,4,5,50,-3.0,50.0,Weak,Watchlist only,30,0.0,0.0,14.7,74.8,0,,Healthcare,1193346.0,1357.53
MVMDF,Mountain Valley MD Holdings Inc,0.055,8,12,9,10,8,0,5,52,-7.0,50.0,Weak,🔥 COILED: Watchlist only,45,-0.2,-4.5,0.7,51.2,1,,Healthcare,19379524.0,139873.2
PTRVF,Petro Viking Energy Inc,0.07,12,5,9,9,6,8,5,54,-7.0,50.0,Weak,Watchlist only,58,0.0,0.0,19.6,64.7,1,,Energy,8040187.0,2971.91
QQCMF,QQCMF,0.068,4,16,6,7,7,4,4,48,2.0,50.0,Weak,Watchlist only,31,5.9,0.1,1.4,49.6,1,,nan,nan,186433.73
XYLB,Xy Labs Inc.,0.12,8,7,11,10,3,4,4,47,0.0,50.0,Weak,Watchlist only,45,0.0,0.0,0.0,59.8,0,,Technology,1439695.0,412.29
LEEEF,Leef Brands Inc.,0.2,10,9,9,11,7,4,2,52,-3.0,50.0,Weak,Watchlist only,58,-2.3,-3.3,0.7,53.0,1,,Healthcare,57193108.0,276604.7
ITGLF,ITGLF,0.24,10,10,3,12,8,0,5,48,2.0,50.0,Weak,Watchlist only,43,12.3,-7.3,9.2,56.2,0,,nan,nan,12068.42
PACHW,Pioneer Acquisition I Corp Warrants,0.24,12,12,2,10,4,0,5,45,2.0,50.0,Weak,Watchlist only,54,3.8,9.0,3.2,54.0,2,,nan,nan,0.0
LYPHF,Luye Pharma Group Ltd,0.27,8,5,3,12,6,3,5,42,0.0,50.0,Weak,🔥 COILED: Watchlist only,20,0.0,-14.8,2.7,51.7,0,,Healthcare,1078519296.0,24623.97
ZMDTF,Zoomd Technologies Ltd,0.347,6,11,6,9,4,4,3,43,2.0,50.0,Weak,🔥 COILED: Watchlist only,24,1.5,-2.2,0.9,50.3,0,,Communication Services,34985720.0,90198.12
ROMJF,Rubicon Organics Inc,0.338,13,5,10,13,4,4,4,53,-3.0,50.0,Weak,Watchlist only,32,5.3,6.3,3.7,57.4,1,,Healthcare,23164290.0,29510.29
MWAI,MedWellAI Inc.,0.348,12,10,4,16,5,4,5,56,-7.0,50.0,Weak,Watchlist only,37,-5.4,-5.9,3.3,55.9,1,,Financial Services,2274729.0,3300.16
LONKF,Lonking Holdings Limited,0.36,8,7,11,7,0,6,4,43,2.0,50.0,Weak,🔥 COILED: Watchlist only,46,0.0,0.0,0.0,40.4,0,,Industrials,1425273344.0,0.0
VIBEF,Vibe Growth Corporation,0.39,14,5,8,8,6,7,2,50,-5.0,50.0,Weak,🔥 COILED: Watchlist only,56,0.0,0.0,0.7,55.0,1,,Healthcare,421082.0,141.55
AHOTF,American Hotel Income Properties REIT LP,0.437,15,6,12,14,6,6,5,64,-17.0,50.0,Weak,Watchlist only,68,0.0,0.0,2.8,68.9,1,,Real Estate,31353660.0,0.0
BOYAF,Boyaa Interactive International Limited,0.45,9,4,10,9,3,6,4,45,2.0,50.0,Weak,Watchlist only,43,0.0,0.0,-0.0,58.4,1,,Communication Services,325514912.0,0.0
GIGNF,Genting Singapore Limited,0.52,11,7,11,7,4,1,4,45,0.0,50.0,Weak,🔥 COILED: Watchlist only,23,0.0,0.0,0.2,55.4,0,,Consumer Cyclical,6285797376.0,0.0
FPNUF,FP Newspapers Inc,0.59,12,6,11,7,3,2,4,45,0.0,50.0,Weak,🔥 COILED: Watchlist only,52,0.0,0.0,0.0,50.0,0,,Communication Services,2761036.0,24.0
SRRRF,SRRRF,0.71,12,6,7,10,4,7,3,49,1.0,50.0,Weak,Watchlist only,60,2.9,2.9,1.4,62.9,1,,Energy,32363736.0,1202.29
CWLPF,The Caldwell Partners International Inc,0.75,10,6,5,14,6,0,5,46,4.0,50.0,Weak,Watchlist only,56,0.0,-8.9,0.7,54.6,0,,Industrials,22111472.0,0.0
IDCBF,Industrial and Commercial Bank of China,0.94,18,4,8,10,4,5,5,54,0.0,50.0,Weak,Watchlist only,62,4.4,6.8,6.1,74.6,0,,Financial Services,438367092736.0,0.0
NTWOW,Newbury Street II Acquisition Corp Warrant,0.324,17,11,6,8,6,12,5,65,-20.5,49.5,Weak,Watchlist only,66,35.1,35.1,31.0,76.1,2,,nan,nan,5557.68
LECBF,Lepanto Consolidated Mining Company,0.002,6,8,10,10,3,5,4,46,0.0,49.0,Weak,Watchlist only,26,0.0,0.0,1.5,42.4,0,,Basic Materials,146026672.0,8667.54
KVGOF,Kavango Resources Plc,0.01,11,5,11,13,3,3,5,51,-2.0,49.0,Weak,Watchlist only,34,4.0,4.0,2.6,61.3,0,,Basic Materials,45625112.0,33954.31
LVCLF,Living Cell Technologies Limited,0.01,13,8,4,7,6,2,4,44,0.0,49.0,Weak,🔥 COILED: Watchlist only,46,0.0,0.0,2.9,54.4,0,,Healthcare,19363302.0,15837.78
SMEV,Simulated Environmen,0.009,13,3,7,15,6,2,3,49,0.0,49.0,Weak,Watchlist only,63,0.0,2.3,0.1,55.3,1,,Financial Services,5426918.0,180545.82
SNRY,Solar Energy Initiat,0.001,13,4,9,13,7,0,5,51,-5.0,49.0,Weak,Watchlist only,50,-7.7,-20.0,5.9,54.8,1,,Financial Services,1799996.0,1140536.13
NWMH,National Waste Management Holdings Inc,0.01,12,5,10,12,4,2,4,49,-5.0,49.0,Weak,🔥 COILED: Watchlist only,50,0.0,0.0,1.8,50.0,1,,Industrials,689190.0,6990.04
RCKTW,"Rocket Pharmaceuticals, Inc. Warrant",0.003,3,16,1,14,4,4,2,44,0.0,49.0,Weak,Watchlist only,20,18.5,10.3,-41.4,41.6,2,,Healthcare,nan,34057.98
FUNI,"Hypha Labs, Inc.",0.019,11,6,8,12,5,7,5,54,-5.0,49.0,Weak,Watchlist only,33,0.0,0.5,8.2,59.1,1,,Healthcare,3064855.0,126564.57
GIFX,Gifa Inc,0.014,16,6,6,11,6,1,5,51,-2.0,49.0,Weak,Watchlist only,41,0.0,0.0,11.9,62.4,0,,Industrials,1639007.0,10762.52
UTRX,Unitronix Corporation,0.013,13,7,5,8,4,2,5,44,0.0,49.0,Weak,🔥 COILED: Watchlist only,33,0.8,18.2,0.5,50.4,2,,Technology,699222.0,80533.77
LNZAW,LanzaTech Global Inc.,0.02,16,6,2,15,7,2,5,53,-2.0,49.0,Weak,Watchlist only,58,-9.6,10.0,13.7,60.5,2,,Industrials,nan,52927.42
MTWO,M2i Global Inc.,0.022,10,14,10,15,4,7,5,65,-19.0,49.0,Weak,Watchlist only,32,19.4,20.1,15.4,58.6,3,,Basic Materials,14509438.0,417087.28
VINZF,VINZF,0.027,6,8,11,9,5,1,4,44,0.0,49.0,Weak,🔥 COILED: Watchlist only,31,0.0,0.0,2.3,54.7,0,,nan,8226427.0,10427.83
RNCHF,RNCHF,0.028,14,5,4,7,6,6,4,46,0.0,49.0,Weak,Watchlist only,46,0.0,0.0,3.7,58.2,0,,Basic Materials,4607405.0,1377.49
DOUUF,Douugh Limited,0.035,15,5,5,7,6,2,4,44,2.0,49.0,Weak,Watchlist only,50,0.0,0.0,5.1,56.8,0,,Technology,110317744.0,720.0
BRVO,Bravo Multinational Inc,0.032,9,4,10,15,6,2,3,49,-3.0,49.0,Weak,Watchlist only,26,-3.0,-3.0,2.1,52.1,1,,Communication Services,1524512.0,19928.85
CKALF,CKALF,0.06,15,6,12,10,6,4,4,57,-13.0,49.0,Weak,🔥 COILED: Watchlist only,59,0.0,0.0,0.8,100.0,0,,Basic Materials,64736940.0,1137.5
PHRZF,Pharol SGPS S.A,0.08,14,6,4,9,6,1,5,45,1.0,49.0,Weak,Watchlist only,45,0.0,0.0,5.6,62.1,0,,Financial Services,65745836.0,16637.33
AEMLF,AEMLF,0.08,12,6,10,7,3,2,4,44,0.0,49.0,Weak,🔥 COILED: Watchlist only,52,0.0,0.0,0.1,50.0,0,,Energy,14325099.0,9309.47
PLSH,Panacea Life Sciences Holdings Inc,0.092,10,12,2,12,8,0,5,49,-3.0,49.0,Weak,Watchlist only,61,23.2,-7.6,5.9,53.9,1,,Healthcare,1910141.0,13950.42
AGTEF,AGTech Holdings Limited,0.105,11,7,9,13,6,1,4,51,-2.0,49.0,Weak,Watchlist only,53,0.0,0.0,0.5,66.8,0,,Consumer Cyclical,1208761472.0,5248.58
QQFSF,Qinqin Foodstuffs Group (Cayman) Company Limited,0.142,9,6,11,9,3,2,4,44,0.0,49.0,Weak,🔥 COILED: Watchlist only,54,0.0,0.0,0.0,50.0,0,,Consumer Defensive,113500288.0,13.25
TRRCF,Tribeca Resources Corporation,0.186,7,9,8,9,6,7,3,49,-5.0,49.0,Weak,🔥 COILED: Watchlist only,42,0.0,2.7,-0.4,45.0,1,,Basic Materials,18146430.0,10142.62
HYTNF,HYTNF,0.162,12,6,4,7,6,7,4,46,-5.0,49.0,Weak,🔥 COILED: Watchlist only,48,0.0,0.0,1.2,53.6,1,,Consumer Defensive,15567124.0,58.47
AUMTF,Aurelia Metals Limited,0.25,16,4,5,9,6,4,5,49,0.0,49.0,Weak,Watchlist only,55,-6.2,21.2,5.4,58.1,2,,Basic Materials,423350464.0,7621.97
ARAY,Accuray Incorporated,0.285,9,12,9,10,3,2,5,50,-6.0,49.0,Weak,Watchlist only,30,18.8,5.6,10.0,54.8,2,,Healthcare,34038528.0,1882146.29
APXYY,Appen Limited,0.34,6,14,8,11,3,2,5,49,-3.0,49.0,Weak,Watchlist only,35,17.2,4.8,5.1,53.9,1,,Technology,182300704.0,2237.34
HRTX,Heron Therapeuti,0.497,10,7,8,15,4,5,5,54,-3.0,49.0,Weak,Watchlist only,22,8.4,4.5,6.2,55.2,1,,Healthcare,94147560.0,2331031.39
ZDPY,Zoned Properties Inc,0.469,11,7,10,10,1,6,4,49,-5.0,49.0,Weak,🔥 COILED: Watchlist only,56,0.0,1.5,0.2,50.9,1,,Real Estate,6181809.0,8659.13
OLGPF,Olam Group Limited,0.929,9,5,6,11,6,1,4,42,2.0,49.0,Weak,🔥 COILED: Watchlist only,55,0.0,-3.2,-0.5,48.7,0,,Consumer Defensive,3571176960.0,811.25
BOPCF,BioPharma Credit PLC,0.969,16,11,9,4,8,8,3,59,-9.0,49.0,Weak,Watchlist only,58,1.2,1.2,1.1,66.2,0,,nan,1161350784.0,47958.61
BJGBF,Beijing Gas Blue Sky Holdings Limited,0.01,15,5,6,7,6,4,4,47,-2.0,48.0,Weak,Watchlist only,43,0.0,0.0,6.4,64.2,0,,Utilities,227361152.0,1287.55
VKALF,VKALF,0.008,7,7,10,8,6,4,3,45,0.0,48.0,Weak,Watchlist only,0,3.9,21.5,4.0,50.7,2,,Basic Materials,19849880.0,0.0
CCWF,Church & Crawford Inc,0.002,13,7,9,10,4,1,5,49,-4.0,48.0,Weak,Watchlist only,47,0.0,0.0,5.7,66.5,1,,Energy,2716299.0,45190.75
LDSN,Luduson G Inc,0.002,15,5,10,13,4,6,5,58,-13.0,48.0,Weak,Watchlist only,47,0.0,0.0,9.4,87.6,0,,Communication Services,957899.0,2372.09
VSOLF,Three Sixty Solar Ltd.,0.01,12,6,11,7,6,2,4,48,-5.0,48.0,Weak,🔥 COILED: Watchlist only,55,0.0,0.0,0.5,50.0,1,,Technology,460711.0,710.5
ACAI,Safeplus International Holdings Ltd,0.001,15,5,7,10,6,2,5,50,-5.0,48.0,Weak,Watchlist only,59,0.0,0.0,4.8,50.0,1,,Financial Services,25384.0,105.04
GRRP,Granite Broadcasting Corporation,0.001,10,6,11,7,3,2,4,43,0.0,48.0,Weak,🔥 COILED: Watchlist only,54,0.0,0.0,0.0,50.0,0,,Communication Services,nan,0.0
ROXIF,Caspian Sunrise plc,0.02,11,4,5,10,6,3,4,43,0.0,48.0,Weak,🔥 COILED: Watchlist only,42,0.0,0.0,3.5,59.4,0,,Energy,15872829440.0,73.25
NGMDF,NuGen Medical Devices Inc,0.016,9,8,9,7,4,4,4,45,-5.0,48.0,Weak,🔥 COILED: Watchlist only,28,0.0,0.0,0.2,53.1,1,,Healthcare,3553108.0,3997.4
AABVF,Aberdeen International Inc,0.02,11,7,11,6,4,7,4,50,-10.0,48.0,Weak,🔥 COILED: Watchlist only,28,0.0,0.0,0.4,50.7,0,,Financial Services,3213925.0,6799.72
PRPI,Perpetual Industries Inc,0.012,10,6,8,7,6,2,4,43,-3.0,48.0,Weak,🔥 COILED: Watchlist only,37,0.0,0.0,1.2,53.3,1,,Industrials,1439120.0,2564.54
DRCR,Dear Cashmere Holding Company,0.012,8,7,4,14,5,4,3,45,0.0,48.0,Weak,Watchlist only,37,-3.1,-6.1,1.1,50.9,0,,Technology,772620.0,104859.81
DAAT,DAC Technologies Group International Inc,0.02,7,6,11,10,3,2,4,43,0.0,48.0,Weak,🔥 COILED: Watchlist only,44,0.0,0.0,0.0,50.0,0,,Consumer Cyclical,115315.0,1054.98
ADRLF,Adavale Resources Limited,0.026,13,6,5,7,4,4,4,43,-3.0,48.0,Weak,🔥 COILED: Watchlist only,23,0.0,0.0,1.2,51.2,1,,Energy,9631452.0,25.95
NOSUF,Nerds on Site Inc,0.03,16,4,11,11,6,8,5,61,-13.0,48.0,Weak,Watchlist only,71,17.2,17.2,12.2,94.5,2,,Technology,2834714.0,4180.51
AWCA,Awaysis Capital Inc,0.045,7,14,4,9,6,0,5,45,6.0,48,Weak,Watchlist only,40,7.2,2.0,7.5,51.3,1,,Real Estate,20428370.0,21554.2
DECXF,Decade Resources Ltd,0.051,4,14,6,8,7,4,5,48,-3.0,48.0,Weak,Watchlist only,33,21.4,-11.9,5.3,51.1,2,,Basic Materials,11870543.0,218944.45
NIROF,SportsHero Limited,0.088,13,5,6,9,6,2,4,45,0.0,48.0,Weak,Watchlist only,44,0.0,0.0,2.1,55.6,0,,Communication Services,79381984.0,1788.3
FGCO,Pacific Oil Co,0.084,13,3,7,9,6,5,5,48,0.0,48.0,Weak,Watchlist only,53,0.0,0.0,0.6,52.6,0,,Financial Services,7927506.0,12474.03
NBVAF,Nubeva Technologies Ltd,0.099,12,5,13,11,1,1,5,48,-5.0,48.0,Weak,🔥 COILED: Watchlist only,31,0.0,4.2,1.8,58.2,1,,Technology,6947204.0,5041.73
TMGEF,Thermal Energy International Inc,0.11,5,10,6,8,4,6,4,43,2.0,48.0,Weak,Watchlist only,46,1.0,-6.0,-0.7,48.1,0,,Industrials,18805930.0,30258.32
CGDNF,Conroy Gold and Natural Resources plc,0.14,10,6,11,7,3,2,4,43,0.0,48.0,Weak,🔥 COILED: Watchlist only,54,0.0,0.0,0.0,50.0,0,,Basic Materials,10772921.0,3750.0
SVGAF,Silver Grail Resources Ltd,0.1,13,5,11,10,3,3,5,50,-2.0,48.0,Weak,Watchlist only,42,0.0,25.0,8.7,61.8,2,,Basic Materials,4856508.0,12256.16
ABNAF,Aben Resources Ltd,0.135,8,13,3,8,5,2,2,41,-1.0,48.0,Weak,🔥 COILED: Watchlist only,49,-2.5,-0.1,1.6,51.2,2,,Basic Materials,4550523.0,10838.54
VBIZF,Viva Biotech Holdings,0.162,9,8,5,9,3,5,4,43,0.0,48.0,Weak,🔥 COILED: Watchlist only,24,0.0,0.0,0.7,48.6,0,,Healthcare,333296896.0,458.79
QSJC,"Tancheng Group Co., Ltd.",0.165,12,8,6,7,4,2,4,43,-3.0,48.0,Weak,🔥 COILED: Watchlist only,29,0.0,0.0,0.2,52.0,1,,Consumer Cyclical,723394.0,12.03
BXNS,BXNS,0.18,11,5,10,13,3,1,4,47,-2.0,48.0,Weak,Watchlist only,52,0.0,0.0,1.7,64.7,0,,Consumer Defensive,nan,256.46
GNGYF,Guangshen Railway Company Limited,0.245,6,5,10,10,3,5,4,43,0.0,48.0,Weak,🔥 COILED: Watchlist only,0,0.0,0.0,-0.3,54.3,0,,Industrials,1735466624.0,0.0
VEFFF,VEF AB (Publ),0.21,9,6,11,8,3,2,4,43,0.0,48.0,Weak,🔥 COILED: Watchlist only,37,0.0,0.0,0.0,50.0,0,,Financial Services,244558912.0,133.56
EMAUF,Emperor Metals Inc.,0.206,12,12,4,12,9,0,2,51,-3.0,48.0,Weak,Watchlist only,55,-1.9,3.7,-1.9,49.2,2,,Basic Materials,39749400.0,358702.57
LIFD,LFTD Partners Inc,0.2,11,8,4,13,1,9,4,50,-5.0,48.0,Weak,Watchlist only,28,0.0,5.3,5.1,57.7,1,,Consumer Defensive,2964536.0,1668.56
CZZLF,CZZLF,0.22,13,14,2,6,7,4,5,51,-8.0,48.0,Weak,🔥 COILED: Watchlist only,38,21.7,5.6,6.1,52.7,0,,nan,nan,8756.33
PLPKF,PPK Group Limited,0.262,12,5,11,11,6,1,4,50,-7.0,48.0,Weak,🔥 COILED: Watchlist only,35,0.0,0.0,0.1,66.5,1,,Industrials,27373722.0,273.0
FCCI,Fast Casual Concepts Inc,0.41,9,7,11,7,3,2,4,43,0.0,48.0,Weak,🔥 COILED: Watchlist only,32,0.0,0.0,0.0,48.3,0,,Communication Services,10698087.0,20.88
VRME,VerifyMe Inc,0.699,13,7,10,13,3,4,5,55,-5.0,48.0,Weak,Watchlist only,36,9.0,7.2,5.1,60.0,1,,Industrials,9171539.0,1425582.48
PGLDF,P2 Gold Inc,0.74,16,8,8,18,6,10,5,71,-23.0,48.0,Weak,Watchlist only,83,26.5,33.3,21.6,72.4,3,,Basic Materials,194126848.0,259408.95
TACOW,Berto Acquisition Corp. Warrant,0.747,11,12,6,11,6,0,4,50,-3.0,48.0,Weak,Watchlist only,62,-3.6,5.2,4.1,54.8,1,,nan,1626949.0,44452.59
ACGBF,Agricultural Bank Of China,0.77,20,4,7,9,4,2,5,51,-3.0,48.0,Weak,Watchlist only,44,14.9,14.9,9.1,75.9,2,,Financial Services,269486931968.0,0.0
IGPYF,Argosy Property Limited,0.75,9,6,11,8,3,2,4,43,0.0,48.0,Weak,🔥 COILED: Watchlist only,49,0.0,0.0,0.0,50.0,0,,Real Estate,655477760.0,51.25
KNGRF,Kingsmen Resources Ltd,0.776,7,16,7,11,3,0,4,48,-3.0,48.0,Weak,Watchlist only,26,3.5,4.9,4.2,53.3,1,,Basic Materials,25547086.0,36488.0
DCOHF,Dickson Concepts (International) Limited,0.81,15,6,4,8,6,4,5,48,-3.0,48.0,Weak,Watchlist only,55,0.0,0.0,0.9,74.0,0,,Consumer Cyclical,312708032.0,0.0
HOKCY,Hong Kong and China Gas Co Ltd ADR,0.89,12,14,3,9,4,3,5,50,-3.0,48.0,Weak,Watchlist only,50,-0.0,15.5,7.4,54.5,2,,Utilities,15487692800.0,12523.08
CLCS,Cell Source Inc,0.85,12,13,2,7,5,4,5,48,-1.0,48.0,Weak,Watchlist only,52,6.2,6.6,6.3,52.6,1,,Healthcare,57753980.0,3966.32
CGHOF,China Gas Holdings Limited,0.95,5,5,10,8,6,3,4,41,2.0,48.0,Weak,🔥 COILED: Watchlist only,41,0.0,0.0,-0.0,47.0,0,,Utilities,6319856640.0,0.0
SMGBF,San Miguel Corporation,1.0,6,8,10,7,3,3,4,41,2.0,48.0,Weak,🔥 COILED: Watchlist only,33,0.0,0.0,-0.5,43.5,0,,Industrials,2700107264.0,0.0
PANHF,Ping An Healthcare and Technology Company Limited,0.97,5,13,5,11,3,5,5,47,2.0,48.0,Weak,Watchlist only,22,5.3,5.3,2.4,49.5,0,,Healthcare,2062827264.0,63.5
ASAGF,Australian Agricultural Company Ltd,0.95,15,5,8,9,4,2,5,48,-3.0,48.0,Weak,Watchlist only,55,0.0,1.1,1.0,71.8,0,,Consumer Defensive,572628352.0,2636.34
EDTXF,Spectral Med Inc,0.995,11,12,6,12,4,3,5,53,-6.0,48.0,Weak,Watchlist only,61,2.0,4.7,2.0,56.7,1,,Healthcare,289897952.0,8232.67
BPAIF,BrandPilot AI Inc.,0.018,16,10,10,13,4,3,5,61,-9.5,47.5,Weak,Watchlist only,71,20.1,32.6,31.3,67.5,2,,Technology,2295916.0,15098.99
NLPXF,Noble Mineral Exploration Inc,0.057,15,11,10,15,4,3,5,63,-20.5,47.5,Weak,Watchlist only,32,45.0,40.0,35.2,67.2,2,,Basic Materials,15061308.0,72095.76
HDRPF,Epsilon Healthcare Limited,0.01,15,5,5,10,6,2,5,48,-3.8,47.2,Weak,Watchlist only,60,0.0,0.0,23.7,50.0,0,,Healthcare,3891040.0,405.0
MRES,Institute of Biomedical Research Corp,0.001,7,7,8,14,4,7,5,52,-3.0,47.0,Weak,Watchlist only,39,0.0,-14.3,-0.4,48.4,2,,Healthcare,3460845.0,996967.82
EATR,Eastern Asteria Inc,0.001,14,8,11,14,5,5,5,62,-18.0,47.0,Weak,Watchlist only,57,22.2,10.0,8.6,55.2,3,,Financial Services,3061576.0,2604881.74
ISGIF,InsuraGuest Technologies Inc,0.008,11,12,7,8,4,2,5,49,-2.0,47.0,Weak,Watchlist only,39,19.4,19.4,14.9,63.1,2,,Technology,1142576.0,2688.8
IPRC,Imperial Res Inc,0.009,18,9,5,18,6,3,5,64,-22,47,Weak,Watchlist only,56,93.3,93.3,68.5,70.2,3,6,Financial Services,528809.0,13517.48
WTRV,White River Energy Corp.,0.001,8,7,10,12,4,2,4,47,-5.0,47.0,Weak,🔥 COILED: Watchlist only,39,0.0,0.0,0.0,50.0,1,,Energy,61976.0,1016.41
IMVIF,IMVIF,0.002,12,6,11,9,3,2,4,47,-5.0,47.0,Weak,🔥 COILED: Watchlist only,41,0.0,0.0,0.1,50.0,1,,Healthcare,23423.0,48.08
LHHMQ,Lehman Brothers Holdings Capital Trust V,0.001,9,7,4,9,6,0,4,39,0.0,47.0,Weak,🔥 COILED: Watchlist only,46,0.0,-8.3,1.1,51.7,0,,Other,nan,664.6
SGRB,SigmaBroadband Co,0.012,12,6,11,9,3,2,4,47,-5.0,47.0,Weak,🔥 COILED: Watchlist only,50,0.0,0.0,0.0,50.0,1,,Communication Services,8096687.0,35.74
GJST,GEO JS Tech Group Corp,0.012,7,7,10,8,1,5,4,42,0.0,47.0,Weak,🔥 COILED: Watchlist only,21,0.0,0.0,-0.5,48.1,0,,Basic Materials,2490360.0,35525.59
SSOK,Sunstock Inc,0.019,12,7,10,12,6,4,4,55,-13.0,47.0,Weak,🔥 COILED: Watchlist only,51,0.0,0.0,0.3,89.1,0,,Consumer Cyclical,113587.0,139.96
TRVN,Trevena Inc,0.011,14,6,7,9,1,9,5,51,-7.0,47.0,Weak,Watchlist only,27,0.0,0.0,13.6,62.6,1,,Healthcare,9501.0,341.72
CPIVF,Captiva Verde Land Corp,0.03,11,9,8,14,6,2,5,55,-6.0,47.0,Weak,Watchlist only,57,13.5,9.3,16.0,56.3,2,,Healthcare,9001367.0,26396.62
NMGX,Nano Magic Inc,0.029,8,8,11,10,3,3,4,47,-5.0,47.0,Weak,🔥 COILED: Watchlist only,19,0.0,0.0,0.6,53.3,1,,Basic Materials,427679.0,1578.4
DRJG,DRJ International Group Limited Inc.,0.036,17,5,4,9,3,3,5,46,1.0,47.0,Weak,Watchlist only,56,7.9,-0.8,4.3,65.7,0,,Financial Services,9180356.0,1191.79
HGYN,Hong Yuan Holding Group,0.032,3,11,8,13,3,7,2,47,0.0,47.0,Weak,Watchlist only,25,0.0,-1.8,-0.1,46.7,0,,Industrials,2425824.0,15966.41
NETWF,Network Media Group Inc,0.036,11,8,6,8,3,4,5,45,-3.0,47.0,Weak,🔥 COILED: Watchlist only,32,0.0,0.0,0.6,51.0,1,,Communication Services,706685.0,1384.62
PBMWW,Psyence Biomedical Ltd. Warrant,0.034,14,6,5,15,7,2,5,54,-5.0,47.0,Weak,Watchlist only,60,8.2,40.8,16.2,59.1,2,,nan,nan,37050.69
PMTYF,Playmates Toys Ltd,0.055,10,6,8,8,4,5,3,44,0.0,47.0,Weak,Watchlist only,32,0.0,0.0,-0.6,40.0,0,,Consumer Cyclical,61792500.0,17140.14
WSRRF,Harrys Manufacturing Inc,0.055,6,5,6,10,6,5,4,42,0.0,47.0,Weak,🔥 COILED: Watchlist only,45,0.0,0.0,-0.3,49.8,0,,Consumer Defensive,6537166.0,1071.49
GSTX,Graphene & Solar Technologies Limited,0.061,6,11,3,12,4,2,2,40,2.0,47.0,Weak,Watchlist only,44,-39.0,-38.4,-23.1,42.1,1,,Technology,37838836.0,10868.6
STMGF,Stamper Oil & Gas Corp,0.08,9,7,11,10,4,1,5,47,-3.0,47.0,Weak,Watchlist only,22,0.0,0.0,0.8,49.6,1,,Energy,9616412.0,14727.23
KRMKF,Kromek Group plc,0.116,6,5,10,8,3,6,4,42,2.0,47.0,Weak,Watchlist only,25,1.8,1.8,0.8,50.4,0,,Technology,76276912.0,5868.16
PNXPF,Planet Ventures Inc,0.148,8,13,3,16,3,2,5,50,-1.0,47.0,Weak,Watchlist only,35,22.1,7.2,8.9,52.0,1,,Financial Services,19464106.0,0.0
DUVNF,Peruvian Metals Corp,0.137,10,14,11,11,3,4,4,57,-11.0,47.0,Weak,Watchlist only,57,5.4,19.7,8.0,55.2,2,,Basic Materials,16846318.0,82390.34
STSBF,South Star Battery Metals Corp,0.118,11,12,7,12,4,4,5,55,-9.0,47.0,Weak,Watchlist only,56,8.4,7.8,9.9,57.8,1,,Basic Materials,14323447.0,34262.48
CUGCF,China Oriental Group Company Limited,0.19,8,5,9,9,3,2,4,40,2.0,47.0,Weak,🔥 COILED: Watchlist only,38,0.0,0.0,-0.0,47.8,0,,Basic Materials,708032640.0,0.0
CYBCF,Cybeats Technologies Corp.,0.155,16,11,6,16,6,9,5,69,-20.0,47.0,Weak,Watchlist only,74,14.1,25.0,15.4,64.7,3,,Technology,33481376.0,82957.31
TLGRF,Talga Group Ltd,0.225,16,12,7,15,4,7,5,66,-19.0,47.0,Weak,Watchlist only,43,9.8,17.8,14.9,61.0,3,,Basic Materials,114958520.0,51805.84
RSGOF,Resouro Strategic Metals Inc.,0.215,13,13,13,5,8,4,5,61,-13.0,47.0,Weak,Watchlist only,56,4.4,4.4,3.6,58.8,2,,Basic Materials,22229470.0,21073.45
CMAUF,Chibougamau Independent Mines Inc,0.204,15,5,6,8,4,3,5,46,-2.0,47.0,Weak,Watchlist only,38,0.0,85.9,14.5,64.4,2,,Basic Materials,12628937.0,2142.39
ALFUW,Centurion Acquisition Corp. Warrant,0.236,12,6,3,9,9,3,2,44,2.0,47.0,Weak,Watchlist only,45,7.3,0.9,7.7,54.7,0,,nan,nan,20936.24
SHHGF,SHHGF,0.26,10,6,10,9,3,2,4,44,0.0,47.0,Weak,Watchlist only,42,0.0,0.0,-0.0,30.3,0,,Financial Services,6510385152.0,25.0
GLMFF,Glacier Media Inc,0.26,15,6,11,11,6,2,4,55,-13.0,47.0,Weak,🔥 COILED: Watchlist only,57,0.0,0.0,0.1,100.0,0,,Communication Services,34094216.0,713.55
VPIM,Vitality Prime Inc.,0.289,9,8,8,10,6,3,5,49,-2.0,47.0,Weak,Watchlist only,40,7.0,7.0,5.3,63.2,0,,Industrials,6230901.0,81.5
AGNPF,Algernon Pharmaceuticals Inc,0.3,7,10,6,12,3,7,2,47,-3.0,47.0,Weak,Watchlist only,42,2.3,7.3,0.6,50.4,1,,Healthcare,1624387.0,4291.08
MNIZ,Gen 2 Technologies Inc,0.28,12,8,4,10,3,0,5,42,0.0,47.0,Weak,🔥 COILED: Watchlist only,36,-3.4,31.5,4.4,50.9,2,,Communication Services,1109736.0,2503.0
PTALF,PetroTal Corp,0.34,7,12,6,10,4,1,5,45,2.0,47.0,Weak,Watchlist only,23,-5.6,2.9,-1.2,46.5,0,,Energy,312911616.0,374766.02
SFPT,"Safepoint Holdings, Inc.",0.335,15,3,5,12,5,2,5,47,0.0,47.0,Weak,Watchlist only,0,-2.9,-1.5,4.1,58.8,0,,nan,nan,0.0
AUDYF,Ausnutria Dairy Corporation Ltd,0.36,12,7,10,7,0,2,4,42,0.0,47.0,Weak,🔥 COILED: Watchlist only,50,0.0,0.0,0.0,50.0,0,,Consumer Defensive,639220288.0,3.43
CSTPF,Arrow Exploration Corp,0.35,7,7,6,13,6,2,3,44,0.0,47.0,Weak,Watchlist only,45,-5.4,0.0,-1.1,49.1,0,,Energy,100052520.0,54256.09
CTXXF,CEMATRIX Corporation,0.37,12,15,5,11,3,2,5,53,-6.0,47.0,Weak,Watchlist only,55,2.8,9.1,3.8,58.8,1,,Basic Materials,55421324.0,61090.62
XRXDW,Xerox Holdings Corporation Warrants,0.365,18,10,8,14,4,4,5,63,-21,47,Weak,Watchlist only,0,67.5,54.7,41.5,66.9,2,8,nan,nan,0.0
DXYN,The Dixie Group Inc,0.4,6,10,4,12,6,0,5,43,-1.0,47.0,Weak,🔥 COILED: Watchlist only,35,-2.4,-0.1,2.1,51.2,1,,Consumer Cyclical,5229116.0,15493.49
CHKIF,China Southern Airlines Company Limited,0.45,7,9,7,9,3,3,2,40,2.0,47.0,Weak,🔥 COILED: Watchlist only,30,0.0,0.0,-0.5,42.3,0,,Industrials,8154436608.0,35187.5
TCLIF,Theraclion SA,0.532,12,6,11,9,3,2,4,47,-5.0,47.0,Weak,🔥 COILED: Watchlist only,54,0.0,0.0,0.0,50.0,1,,Healthcare,38887412.0,6.5
WARAF,Waraba Gold Limited,0.5,12,8,11,9,3,4,4,51,-7.0,47.0,Weak,Watchlist only,54,0.0,0.0,0.0,66.7,1,,Basic Materials,27892156.0,97.21
SKKY,Skkynet Cloud Systems Inc,0.5,10,6,8,14,5,4,5,52,-5.0,47.0,Weak,Watchlist only,58,2.0,2.0,3.0,59.8,1,,Technology,26571912.0,3648.02
GEBRF,Greenbriar Capital Corp,0.54,16,8,10,12,6,5,4,61,-14.0,47.0,Weak,Watchlist only,68,16.6,8.0,9.5,66.5,2,,Utilities,23638492.0,6469.01
GNVR,GNVR,0.55,13,5,6,13,4,1,5,47,0.0,47.0,Weak,Watchlist only,39,20.3,20.3,18.2,55.8,2,,Basic Materials,10792945.0,1272.51
GTCDD,GTCDD,0.58,10,11,2,13,6,4,2,48,-5.0,47.0,Weak,Watchlist only,60,-21.6,5.0,4.1,52.9,1,,Basic Materials,nan,3413.76
VARXF,BOE Varitronix Limited,0.634,10,6,4,7,6,2,4,39,0.0,47.0,Weak,🔥 COILED: Watchlist only,27,0.0,0.0,0.5,53.4,0,,Technology,488867200.0,183.48
CREAF,Creative Technology Ltd,0.69,11,7,9,7,4,5,4,47,-5.0,47.0,Weak,🔥 COILED: Watchlist only,43,0.0,0.0,-0.0,48.5,1,,Technology,49411016.0,275.62
GEGYF,Genel Energy plc,0.72,8,9,11,8,1,4,4,45,-3.0,47.0,Weak,🔥 COILED: Watchlist only,20,0.0,0.0,0.0,50.1,1,,Energy,198410816.0,2001.5
IOFNF,Iofina plc,0.75,14,2,4,14,3,5,5,47,0.0,47.0,Weak,Watchlist only,45,0.0,-6.2,1.1,56.3,0,,Basic Materials,149649552.0,5103.53
XRPNW,Armada Acquisition Corp. II,0.769,9,9,3,11,5,0,5,42,2.0,47.0,Weak,Watchlist only,51,-4.4,-6.2,-1.3,49.7,0,,nan,nan,56946.98
SRGGF,SRG Global Limited,0.818,7,6,10,10,3,2,4,42,0.0,47.0,Weak,🔥 COILED: Watchlist only,47,0.0,0.0,0.0,50.0,0,,Industrials,512301792.0,12.5
DGIX,Dyna Group International Inc,0.84,16,6,11,8,6,4,4,55,-13.0,47.0,Weak,🔥 COILED: Watchlist only,58,0.0,0.0,0.5,100.0,0,,Consumer Cyclical,12207975.0,476.0
THNCF,Thinkific Labs Inc,0.9,13,14,6,10,3,3,2,51,-4.0,47.0,Weak,Watchlist only,26,6.8,7.5,8.6,61.0,2,,Technology,55733524.0,1904.59
RCKHF,Rockhopper Exploration plc,0.985,12,11,10,12,3,1,5,54,-3.0,47.0,Weak,Watchlist only,41,-0.5,2.6,1.8,56.6,1,,Energy,816737600.0,12857.2
BONL,Bonal International Inc,1.0,15,4,6,14,4,1,4,48,0.0,47.0,Weak,Watchlist only,38,0.0,0.0,0.4,53.6,0,,Industrials,1747922.0,176.64
NSTM,Hollywood Media Co,0.01,7,4,9,9,3,3,4,39,2.0,46.0,Weak,🔥 COILED: Watchlist only,25,0.0,0.0,-0.7,47.2,0,,Healthcare,493324.0,13076.53
CAGU,The Castle Group Inc,0.001,9,6,10,7,3,2,4,41,0.0,46.0,Weak,🔥 COILED: Watchlist only,54,0.0,0.0,0.0,50.0,0,,Consumer Cyclical,10056.0,1010.0
ARDNF,Argent Minerals Limited,0.014,15,6,7,11,3,1,5,48,-2.0,46.0,Weak,Watchlist only,24,0.0,48.9,15.8,66.2,2,,Basic Materials,23836026.0,47401.64
PTEFF,Pioneering Technology Corp,0.02,12,6,7,9,6,2,4,46,-5.0,46.0,Weak,🔥 COILED: Watchlist only,59,0.0,0.0,3.0,53.7,1,,Industrials,1120834.0,3018.45
AEXFF,Aminex PLC,0.03,7,8,4,10,4,1,5,39,2.0,46.0,Weak,🔥 COILED: Watchlist only,40,0.0,0.0,6.3,54.0,0,,Energy,134250016.0,1537.65
ETER,Enterra Corporation,0.03,7,6,11,8,3,2,4,41,2.0,46.0,Weak,Watchlist only,36,0.0,0.0,0.0,51.6,0,,Financial Services,3219767.0,101.19
RGTLF,Argent BioPharma Limited,0.025,10,7,11,9,1,1,4,43,-5.0,46.0,Weak,🔥 COILED: Watchlist only,30,0.0,0.0,0.3,53.7,1,,Healthcare,2915239.0,1450.31
TRGGF,Tarachi Gold Corp,0.037,17,4,8,9,4,2,5,49,-3.0,46.0,Weak,Watchlist only,50,12.1,19.4,10.3,75.0,2,,Basic Materials,4412317.0,13676.16
CNGFF,Change Financial Limited,0.047,8,7,9,8,3,2,4,41,0.0,46.0,Weak,🔥 COILED: Watchlist only,34,0.0,0.0,-0.0,41.5,0,,Technology,32347722.0,7.5
TASEF,Tasman Resources Ltd,0.047,9,3,10,8,3,6,4,43,0.0,46.0,Weak,Watchlist only,41,0.0,0.0,-0.0,20.6,0,,Basic Materials,25842902.0,1009.5
GPKUF,Grand Peak Capital Corp,0.059,7,7,10,8,3,2,4,41,0.0,46.0,Weak,🔥 COILED: Watchlist only,45,0.0,0.0,0.0,51.9,0,,Financial Services,9354918.0,0.3
JLRRF,South Atlantic Gold Inc,0.07,6,7,6,10,3,7,4,43,0.0,46.0,Weak,Watchlist only,47,0.0,0.0,-1.8,32.8,0,,Basic Materials,14635122.0,9941.9
EMCMF,Emerge Commerce Ltd,0.065,7,7,11,7,3,2,4,41,0.0,46.0,Weak,🔥 COILED: Watchlist only,30,0.0,0.0,0.0,52.2,0,,Consumer Cyclical,11470847.0,11690.39
LIGA,Lig Assets Inc.,0.067,18,11,6,17,6,6,5,69,-24,46,Weak,Watchlist only,64,59.2,124.0,64.2,86.1,2,6,Communication Services,4308224.0,90771.79
NMLSF,Nova Mentis Life Science Corp,0.063,8,13,5,15,8,7,5,61,-18.0,46.0,Weak,Watchlist only,41,14.0,52.8,15.5,54.2,3,,Healthcare,3888154.0,2041.51
SUME,Summer Energy Holdings Inc,0.061,9,5,6,10,3,8,5,46,-3.0,46.0,Weak,Watchlist only,20,0.0,8.0,3.7,57.7,1,,Utilities,2276504.0,1587.5
BUBSF,Bubs Australia Limited,0.077,13,5,6,7,6,2,4,43,0.0,46.0,Weak,Watchlist only,43,0.0,0.0,0.9,59.5,0,,Consumer Defensive,69205664.0,662.85
HAWWF,HAWWF,0.076,9,4,10,9,3,2,4,41,0.0,46.0,Weak,🔥 COILED: Watchlist only,54,0.0,0.0,-0.0,52.2,0,,Basic Materials,25461186.0,314.97
BTCWF,Bluesky Digital Assets Corp,0.08,12,6,11,9,3,6,4,51,-8.0,46.0,Weak,Watchlist only,50,0.0,0.0,0.0,75.0,1,,Financial Services,5707521.0,46797.0
JGRRF,Jinchuan Group International Resources Co. Ltd,0.102,7,7,10,8,3,2,4,41,0.0,46.0,Weak,🔥 COILED: Watchlist only,48,0.0,0.0,0.0,51.9,0,,Basic Materials,1334219520.0,0.28
METOF,Meteoric Resources NL,0.135,13,16,8,7,5,7,5,61,-15.0,46.0,Weak,Watchlist only,40,12.4,9.8,9.0,57.6,2,,Basic Materials,377860448.0,1135827.47
SCFR,Security First Intl,0.126,12,14,3,10,4,4,2,49,-3.0,46.0,Weak,Watchlist only,32,-3.1,57.5,5.3,52.1,2,,Communication Services,237510000.0,36032.41
AUEEF,Aura Energy Limited,0.125,13,7,7,9,4,1,5,46,-3.0,46.0,Weak,Watchlist only,44,0.0,0.0,8.2,55.6,1,,Energy,127430208.0,0.0
FUUFF,F3 Uranium Corp.,0.102,8,9,11,8,5,2,5,48,-3.0,46.0,Weak,Watchlist only,29,2.7,6.2,2.5,51.9,1,,Energy,64512460.0,500009.77
ZNWLF,Zinnwald Lithium Plc,0.115,15,5,9,9,6,6,3,53,-7.0,46.0,Weak,Watchlist only,48,-0.9,-0.9,5.7,67.4,1,,Basic Materials,54571720.0,743.34
MILFF,1CM Inc,0.102,10,5,3,8,4,6,5,41,0.0,46.0,Weak,🔥 COILED: Watchlist only,31,0.0,5.3,5.3,53.3,0,,Healthcare,14597126.0,1023.89
MACIW,Melar Acquisition Corp. I Warrant,0.133,11,10,3,11,7,0,5,47,-1.0,46.0,Weak,Watchlist only,49,-4.9,11.0,3.7,53.1,2,,nan,2070000.0,0.0
CLDVF,CLDVF,0.101,14,8,3,14,6,4,5,54,-8.0,46.0,Weak,Watchlist only,46,-20.8,-20.8,0.5,52.4,2,,Financial Services,1367775.0,7148.64
AIMDW,Ainos Inc.,0.116,4,11,3,13,8,0,5,44,2.0,46.0,Weak,Watchlist only,58,14.8,14.8,8.2,51.9,2,,nan,nan,4531.85
BERLF,BERLF,0.1,3,14,8,8,4,2,5,44,2.0,46.0,Weak,Watchlist only,23,0.0,-16.0,-3.2,45.6,1,,nan,nan,48620.31
AZZTF,Aztec Minerals Corp,0.176,11,5,9,13,1,4,5,48,-5.0,46.0,Weak,Watchlist only,36,-2.8,-4.3,1.2,53.7,1,,Basic Materials,33243150.0,156736.04
CPPMF,Copper Mountain Mining Corporation,0.225,9,15,9,9,3,2,2,49,-6.0,46.0,Weak,Watchlist only,30,6.5,7.1,3.9,51.8,2,,Basic Materials,35065152.0,166208.6
CCEYF,CCEYF,0.232,14,5,4,11,0,4,5,43,0.0,46.0,Weak,Watchlist only,0,-4.6,9.6,2.4,52.7,1,,nan,nan,0.0
WNFTD,Worldwide NFT Inc,0.2,12,6,3,15,7,2,5,50,-5.0,46.0,Weak,Watchlist only,53,0.0,-4.8,0.2,52.1,1,,Financial Services,nan,43237.97
JXFGF,Jinxin Fertility Group Limited,0.29,9,6,10,7,3,2,4,41,0.0,46.0,Weak,🔥 COILED: Watchlist only,55,0.0,0.0,0.0,50.0,1,,Healthcare,740337280.0,21.62
TGMGF,Theta Gold Mines Limited,0.25,15,5,7,12,6,6,5,56,-13.0,46.0,Weak,Watchlist only,60,0.0,0.0,8.4,95.7,0,,Basic Materials,326084096.0,119.0
CWVWF,Lithoquest Resources Inc,0.3,12,4,9,8,6,0,4,43,-5.0,46.0,Weak,🔥 COILED: Watchlist only,51,0.0,-3.2,0.1,53.3,1,,Basic Materials,6199875.0,8749.32
CLSKW,"CleanSpark, Inc. Warrant",0.32,6,9,4,15,3,4,5,46,-3.0,46.0,Weak,Watchlist only,37,-13.5,16.3,0.5,50.7,2,,nan,nan,177876.9
PBCRF,PT Bank Central Asia Tbk,0.353,8,11,4,14,3,4,5,49,-3.0,46.0,Weak,Watchlist only,41,3.1,-0.0,1.4,50.1,0,,Financial Services,42626088960.0,0.0
VIPZ,"VIP Play, Inc.",0.35,9,4,11,10,6,1,5,46,-5.0,46.0,Weak,🔥 COILED: Watchlist only,40,0.0,0.0,1.5,54.0,1,,Consumer Cyclical,25710250.0,12967.82
HAFG,Holistic Asset Finance Group Co. Ltd,0.35,6,6,4,13,4,2,4,39,2.0,46.0,Weak,Watchlist only,23,0.0,0.0,-1.0,43.6,0,,Communication Services,25979864.0,395.64
ACDXF,American Copper Development Corporation,0.376,14,8,13,14,6,11,5,71,-25,46,Weak,Watchlist only,71,17.1,19.2,16.9,80.6,3,,Basic Materials,8074325.0,847.51
PIFYF,Pine Cliff Energy Ltd,0.4,6,12,7,9,3,2,3,42,4.0,46.0,Weak,Watchlist only,21,0.2,-4.4,-1.5,44.6,1,,Energy,143870416.0,78488.25
ASXSF,Elysee Development Corp,0.45,16,6,7,9,4,2,4,48,-2.0,46.0,Weak,Watchlist only,40,15.4,7.1,6.9,61.1,0,,Financial Services,12711087.0,0.0
ZTMUF,Zimtu Capital Corp,0.497,8,7,11,7,0,6,4,43,0.0,46.0,Weak,Watchlist only,53,0.0,0.0,0.0,56.2,0,,Financial Services,6847949.0,53.0
SIELF,Shanghai Electric Group Company Limited,0.57,9,6,6,7,6,1,4,39,2.0,46.0,Weak,🔥 COILED: Watchlist only,33,0.0,0.0,0.3,51.2,0,,Industrials,19182405632.0,192.46
BSDGF,Bosideng International Holdings Limited,0.627,10,3,5,10,3,5,5,41,2.0,46.0,Weak,Watchlist only,53,-2.8,0.0,2.1,54.9,0,,Consumer Cyclical,7286081536.0,5521.65
MISVF,Minco Silver Corporation,0.63,18,6,4,14,7,2,5,56,-10.0,46.0,Weak,Watchlist only,68,0.0,23.5,19.1,67.8,2,,Basic Materials,37591304.0,8896.88
OFSTF,Carbon Streaming Corp,0.65,15,12,9,4,5,3,5,53,-10.0,46.0,Weak,Watchlist only,52,0.4,3.7,2.0,53.5,0,,Financial Services,31903102.0,10689.02
VTSYF,Vitasoy International Holdings Limited,0.82,8,7,10,7,3,2,4,41,0.0,46.0,Weak,🔥 COILED: Watchlist only,39,0.0,0.0,-0.0,45.1,0,,Consumer Defensive,834549312.0,0.0
LAB,Standard Biotools Inc,0.897,5,16,3,10,4,2,5,45,-3.0,46.0,Weak,Watchlist only,30,2.0,4.3,5.0,53.3,1,,Healthcare,351259680.0,2504829.52
NWSZF,NWS Holdings Limited,1.0,9,4,10,9,3,2,4,41,0.0,46.0,Weak,🔥 COILED: Watchlist only,40,0.0,0.0,-0.0,48.1,0,,Industrials,4565157376.0,6.32
CLEV,Concrete Leveling Systems Inc,1.0,17,4,7,14,6,6,5,59,-13.0,46.0,Weak,Watchlist only,67,0.0,10.5,14.5,88.8,2,,Industrials,14027834.0,387.62
GDTC,CytoMed Therapeutics Limited Ordinary Shares,0.989,7,11,3,14,8,4,4,51,-3.0,46.0,Weak,Watchlist only,36,12.4,-3.0,1.8,50.5,2,,Healthcare,10767880.0,240668.35
TVCCF,Three Valley Copper Corp,0.02,18,9,7,13,6,2,5,60,-10.2,45.8,Weak,Watchlist only,59,0.0,180.3,68.9,60.4,2,,Basic Materials,2238030.0,7955.15
OXBOF,Oxford BioDynamics Plc,0.002,5,6,5,15,3,3,5,42,0.0,45.0,Weak,Watchlist only,35,0.0,0.0,-1.9,40.0,0,,Healthcare,10727277.0,28372.01
PLLWF,Polarean Imaging plc,0.007,9,8,11,7,3,2,4,44,-2.0,45.0,Weak,Watchlist only,49,0.0,0.0,0.0,69.6,0,,Healthcare,7966416.0,78175.47
EKGGF,CardioComm Solutions Inc,0.011,15,5,7,13,6,4,5,55,-13.0,45.0,Weak,Watchlist only,68,0.0,0.0,10.6,88.5,0,,Healthcare,2153645.0,395.23
DRKOF,Martello Technologies Group Inc,0.002,10,8,9,10,3,2,4,46,-4.0,45.0,Weak,Watchlist only,33,0.0,0.0,0.0,69.6,1,,Technology,1167415.0,0.0
POTRF,SOPerior Fertilizer Corp,0.001,7,6,11,7,3,2,4,40,0.0,45.0,Weak,🔥 COILED: Watchlist only,38,0.0,0.0,0.0,50.0,0,,Basic Materials,948950.0,1400.0
WWRL,World Wireless Communications Inc,0.008,8,1,9,11,4,6,4,43,-3.0,45.0,Weak,Watchlist only,43,0.0,0.0,-0.0,23.0,1,,Communication Services,796989.0,2384.87
TDRK,Tiderock Companies Inc,0.003,4,12,5,9,3,2,3,38,2.0,45.0,Weak,Watchlist only,24,-3.3,-3.3,0.7,47.3,0,,Real Estate,569635.0,513211.25
AURWF,Aurwest Resources Corporation,0.003,7,7,11,7,3,2,4,41,1.0,45.0,Weak,Watchlist only,30,0.0,0.0,0.0,60.4,0,,Basic Materials,325513.0,600.5
CMHZ,Banny Cosmic International Holdings Inc,0.002,9,3,9,11,4,2,4,42,0.0,45.0,Weak,Watchlist only,41,0.0,0.0,-0.0,51.4,0,,Consumer Cyclical,225819.0,76.1
CAMG,CAM Group Inc,0.001,8,6,10,9,3,2,4,42,0.0,45.0,Weak,Watchlist only,35,0.0,0.0,-0.0,3.1,0,,Industrials,25295.0,224.79
HTHL,Humitech International Group Inc,0.002,13,6,11,7,3,6,4,50,-8.0,45.0,Weak,Watchlist only,51,0.0,0.0,0.0,77.8,1,,Industrials,9678.0,11.15
REVBW,Revelation Biosciences Inc,0.01,8,11,4,14,4,3,5,49,-7.0,45.0,Weak,Watchlist only,46,-2.0,-1.0,4.3,51.2,2,,nan,nan,45371.9
HYPPF,Hypebeast Limited,0.019,15,5,5,7,6,2,4,44,-2.0,45.0,Weak,Watchlist only,45,0.0,0.0,7.1,62.6,0,,Communication Services,38051944.0,172.0
AISXF,Aisix Solutions Inc.,0.012,10,7,11,7,6,4,4,49,-7.0,45.0,Weak,Watchlist only,37,0.0,0.0,0.0,60.4,1,,Technology,2154710.0,41129.19
MKGP,Maverick Energy Group Ltd,0.015,12,8,9,16,7,6,5,63,-18.0,45.0,Weak,Watchlist only,75,7.1,7.1,12.8,73.3,1,,Energy,2154265.0,115993.38
PBLA,Panbela Therapeutics Inc,0.011,13,6,11,9,4,1,5,49,-7.0,45.0,Weak,Watchlist only,38,0.0,0.0,6.8,62.3,1,,Healthcare,53888.0,2101.64
MEOAF,Melbana Energy Limited,0.024,8,6,10,9,3,2,4,42,0.0,45.0,Weak,Watchlist only,29,0.0,0.0,-0.0,18.1,0,,Energy,91712752.0,2282.0
IBXXF,Imagion Biosystems Limited,0.03,14,7,5,7,6,2,4,45,-3.0,45.0,Weak,Watchlist only,50,0.0,0.0,2.3,55.9,1,,Healthcare,16198089.0,4050.14
KPIFF,Edgewater Wireless Systems Inc,0.028,11,13,9,8,4,4,5,54,-9.0,45.0,Weak,Watchlist only,28,15.9,7.5,7.1,57.0,1,,Technology,6815334.0,20065.53
GYSLF,Eco Oro Minerals Corp,0.024,8,5,6,8,4,4,5,40,0.0,45.0,Weak,🔥 COILED: Watchlist only,40,0.0,-11.2,-3.4,46.5,0,,Basic Materials,2545946.0,4886.55
GWTR,Global Water Technologies Inc,0.025,14,6,8,11,1,2,5,47,-2.0,45.0,Weak,Watchlist only,33,1.6,22.0,7.1,66.6,2,,Industrials,798098.0,8880.14
PFSF,Pacific Software Inc,0.049,7,9,6,9,5,2,2,40,2.0,45.0,Weak,Watchlist only,61,-2.0,-2.0,0.8,50.3,1,,Healthcare,38594984.0,0.0
CCFLU,Community Choice Financial Holdings LLC,0.045,18,4,8,9,3,3,5,50,-5.0,45.0,Weak,Watchlist only,65,7.1,9.8,9.6,76.4,1,,Financial Services,nan,44925.98
TAOIF,TAG Oil Ltd.,0.058,9,12,5,8,4,0,5,43,-3.0,45.0,Weak,🔥 COILED: Watchlist only,30,15.0,-4.2,2.5,51.4,1,,Energy,19677172.0,59522.33
NKWFF,Oceanic Wind Energy Inc,0.075,12,5,4,11,6,1,5,44,-2.0,45.0,Weak,Watchlist only,56,0.0,0.0,5.5,65.4,0,,Utilities,8546356.0,575.09
FUUN,FutureNet Inc,0.09,12,8,3,15,6,1,5,50,-5.0,45.0,Weak,Watchlist only,60,-10.5,20.1,14.9,69.8,2,,Consumer Cyclical,63562940.0,5092.54
DTXMF,Deltex Medical Group plc,0.095,7,7,10,7,3,2,4,40,0.0,45.0,Weak,🔥 COILED: Watchlist only,48,0.0,0.0,0.0,51.9,0,,Healthcare,180577488.0,1925.0
POLBF,Poolbeg Pharma PLC,0.095,9,4,8,9,3,5,4,42,-5.0,45.0,Weak,🔥 COILED: Watchlist only,47,0.0,0.0,0.2,54.4,1,,Healthcare,72526528.0,578.05
CLPMF,Clip Money Inc.,0.12,8,5,4,13,1,4,5,40,-3.0,45.0,Weak,Watchlist only,32,-0.3,-0.3,0.7,51.3,1,,Technology,14585815.0,597.52
GRNWF,Greenlane Renewables Inc,0.165,12,8,4,8,4,7,5,48,-3.0,45.0,Weak,Watchlist only,57,14.6,-13.6,5.6,55.9,1,,Industrials,26337724.0,5435.0
COCCF,Coast Copper Corp,0.159,17,4,7,9,4,2,5,48,-3.0,45.0,Weak,Watchlist only,44,0.0,0.0,3.9,73.1,0,,Basic Materials,13417828.0,2309.31
LABZF,LABZF,0.174,10,7,11,8,3,2,4,45,-5.0,45.0,Weak,🔥 COILED: Watchlist only,57,0.0,0.0,0.0,54.4,1,,Technology,5155069.0,4924.91
TXWHF,Texwinca Holdings Limited,0.208,10,6,11,7,0,2,4,40,0.0,45.0,Weak,🔥 COILED: Watchlist only,0,0.0,0.0,0.0,50.0,0,,Consumer Cyclical,287669120.0,0.0
WRRZF,Walker River Resources Corp,0.2,10,6,11,11,1,1,5,45,-5.0,45.0,Weak,🔥 COILED: Watchlist only,26,0.0,0.0,2.5,58.5,1,,Basic Materials,21830614.0,9247.46
OBIMF,OBIMF,0.25,13,4,4,7,6,2,4,40,0.0,45.0,Weak,🔥 COILED: Watchlist only,42,0.0,0.0,1.1,54.2,0,,nan,129887864.0,3037.5
AAMTF,Armada Mercantile Ltd,0.25,12,8,6,7,4,1,4,42,0.0,45.0,Weak,Watchlist only,50,0.0,0.0,1.6,53.5,0,,Financial Services,5251961.0,4090.73
CHKR,Chesapeake Granite Wash Trust,0.345,7,14,3,12,5,3,4,48,-1.0,45.0,Weak,Watchlist only,32,4.2,0.9,1.1,51.0,1,,Energy,15895000.0,33554.09
GRYRF,Geo Energy Resources Limited,0.365,5,8,8,7,3,3,4,38,2.0,45.0,Weak,🔥 COILED: Watchlist only,33,0.0,0.0,-0.1,44.9,0,,Energy,647691008.0,809.91
BOCOF,Bougainville Copper Limited,0.35,11,3,11,9,4,3,4,45,-5.0,45.0,Weak,🔥 COILED: Watchlist only,37,0.0,0.0,0.9,73.5,1,,Basic Materials,140371872.0,135.0
AILQF,AirIQ Inc,0.38,15,5,8,13,3,6,5,55,-13.0,45.0,Weak,Watchlist only,57,0.0,0.0,0.6,96.5,0,,Technology,11224088.0,822.73
CNGA,Conair Corporation,0.35,15,4,6,13,6,6,5,55,-13.0,45.0,Weak,Watchlist only,44,0.0,2.9,1.1,95.0,0,,Industrials,2188792.0,513.64
AAGFF,Aftermath Silver Ltd,0.472,6,12,8,10,4,2,3,45,-3.0,45.0,Weak,Watchlist only,24,1.6,3.8,-0.0,48.4,1,,Basic Materials,160224992.0,658378.13
FSTJ,First America Resources Corporation,0.499,11,8,8,15,4,2,4,52,-7.0,45.0,Weak,Watchlist only,53,-0.2,1.8,2.5,56.8,1,,Financial Services,43894080.0,241.23
EIHDF,888 Holdings,0.61,11,3,7,10,6,5,5,47,-5.0,45.0,Weak,Watchlist only,52,-6.2,-1.6,-0.4,53.6,1,,Consumer Cyclical,274577024.0,4229.44
BOCN,Blue Ocean Acquisition Corp,0.61,17,8,5,9,5,11,5,60,-15.0,45.0,Weak,Watchlist only,67,2.9,7.4,4.2,66.9,1,,Financial Services,70565776.0,397.67
CHPFF,Charoen Pokphand Foods Public Company Limited,0.69,17,4,8,13,6,2,5,55,-10.0,45.0,Weak,Watchlist only,0,0.0,0.0,5.7,94.6,0,,Consumer Defensive,5860724224.0,0.0
ISRMF,iShares MSCI,0.66,7,6,10,8,3,2,4,40,0.0,45.0,Weak,🔥 COILED: Watchlist only,48,0.0,0.0,0.0,50.0,0,,Energy,1718087552.0,175.0
ECAOF,Eco (Atlantic) Oil & Gas Ltd,0.76,10,9,9,9,4,1,5,47,-5.0,45.0,Weak,🔥 COILED: Watchlist only,43,-5.0,2.7,1.3,53.9,1,,Energy,262281760.0,39295.19
FMTYF,FMTYF,0.85,13,3,4,13,6,1,4,44,-2.0,45.0,Weak,Watchlist only,46,-0.4,-0.4,0.5,64.8,0,,nan,nan,5972.43
CSSPF,Circassia Group Plc,0.82,17,9,5,13,6,7,5,62,-13.0,45.0,Weak,Watchlist only,38,9.3,9.3,7.8,88.4,1,,Healthcare,345110368.0,113.98
GGDVF,Guangdong Investment Limited,0.88,10,7,11,7,3,2,4,44,-2.0,45.0,Weak,Watchlist only,55,0.0,0.0,0.0,64.0,0,,Utilities,6265193984.0,0.0
KITAF,Kitanotatsujin Corporation,0.97,7,6,10,8,3,2,4,40,0.0,45.0,Weak,🔥 COILED: Watchlist only,36,0.0,0.0,0.0,50.0,0,,Consumer Defensive,135308688.0,1.5
IDYXX,Columbia Funds Series Trust II  - Columbia Government Money Market Fund,1.0,13,7,11,6,4,2,4,47,-10.0,45.0,Weak,🔥 COILED: Watchlist only,47,0.0,0.0,0.0,51.0,0,,nan,nan,0.0
JPAXX,JPMorgan Trust I - JPMorgan Prime Money Market Fund,1.0,6,8,6,8,4,4,4,40,2.0,45.0,Weak,Watchlist only,35,0.0,0.0,0.0,54.1,0,,nan,nan,0.0
MPFXX,Morgan Stanley Institutional Liquidity Funds - Prime Portfolio,1.0,11,7,11,6,4,2,4,45,-8.0,45.0,Weak,🔥 COILED: Watchlist only,36,0.0,0.0,0.0,54.3,0,,nan,nan,0.0
SUIAF,Substrate AI S.A.,0.09,13,12,5,11,8,5,5,59,-14.5,44.5,Weak,Watchlist only,57,38.2,-0.1,27.8,61.2,1,,Technology,27516996.0,206469.07
PYMOD,Hydrocarbon Dynamics Limited,0.007,12,6,10,7,3,2,4,44,-5.0,44.0,Weak,🔥 COILED: Watchlist only,47,0.0,0.0,0.2,50.0,1,,Basic Materials,1006237.0,1.35
FRSAF,First Au Limited,0.012,7,6,10,7,3,2,4,39,0.0,44.0,Weak,🔥 COILED: Watchlist only,48,0.0,0.0,0.0,50.0,0,,Basic Materials,45538112.0,32.0
BENFW,Beneficient Warrant,0.012,11,3,4,14,5,2,5,44,0.0,44.0,Weak,Watchlist only,55,-8.7,-1.7,0.8,52.7,0,,nan,nan,142603.08
CRSF,Crisp Momentum Inc.,0.025,10,6,11,8,0,4,5,44,-5.0,44.0,Weak,🔥 COILED: Watchlist only,17,0.0,0.0,1.2,46.8,1,,Communication Services,49240532.0,0.0
SLZNF,Slave Lake Zinc Corp,0.027,10,5,6,10,3,3,4,41,0.0,44.0,Weak,Watchlist only,41,0.0,1.5,0.5,50.4,0,,Basic Materials,1578614.0,5508.18
GFKRF,Opus One Gold Corporation,0.04,10,6,11,8,3,2,4,44,-5.0,44.0,Weak,🔥 COILED: Watchlist only,49,0.0,0.0,0.0,50.0,1,,Basic Materials,10874032.0,250.0
SEAV,SEATech Ventures Corp,0.045,5,8,11,7,5,5,4,45,-1.0,44.0,Weak,Watchlist only,44,0.2,0.2,-2.2,40.5,1,,Technology,4165306.0,1052.78
EFRMF,East Africa Metals Inc,0.055,13,8,8,8,6,1,2,46,-7.0,44.0,Weak,🔥 COILED: Watchlist only,36,0.0,0.0,3.4,68.8,1,,Basic Materials,14793546.0,461.96
CSDX,CS Diagnostics Corp.,0.07,9,8,6,11,5,2,5,46,-2.0,44.0,Weak,Watchlist only,28,19.7,40.0,19.7,60.7,2,,Healthcare,17499454.0,64625.83
SJRNF,ArcWest Exploration Inc,0.061,13,4,2,12,6,2,5,44,0.0,44.0,Weak,Watchlist only,29,7.0,242.7,14.6,54.4,2,,Basic Materials,5093909.0,8472.33
SDAD,SH Resources & Development Corp,0.078,8,3,10,7,3,6,4,41,0.0,44.0,Weak,Watchlist only,50,0.0,0.0,-0.0,0.3,0,,Financial Services,6364800.0,2730.22
NBLXF,NBLXF,0.077,10,13,2,16,3,1,5,50,-6.0,44.0,Weak,Watchlist only,34,-5.1,9.9,5.7,53.1,2,,Energy,5526342.0,70830.47
BNCWZ,CEA Industries Inc. Warrant,0.072,6,8,7,14,2,2,5,44,0.0,44.0,Weak,Watchlist only,0,-28.0,-19.8,-17.5,46.0,0,,nan,nan,0.0
DYFSF,dynaCERT Inc,0.09,11,4,11,10,1,3,4,44,-5.0,44.0,Weak,🔥 COILED: Watchlist only,31,0.0,0.0,1.1,50.9,1,,Industrials,45814936.0,18256.28
QGLHF,Qingling Motors Co. Ltd,0.11,7,6,10,7,3,2,4,39,0.0,44.0,Weak,🔥 COILED: Watchlist only,55,0.0,0.0,0.0,50.0,0,,Consumer Cyclical,273049504.0,70.0
CRKT,Cirmaker Technology Corporation,0.148,14,8,5,14,4,1,3,49,-5.0,44.0,Weak,Watchlist only,47,0.0,0.0,4.8,55.1,1,,Financial Services,83224736.0,3372.2
GSTMF,Goldstorm Metals Corp,0.129,7,5,8,13,5,7,4,49,-5.0,44.0,Weak,Watchlist only,32,1.8,4.8,1.2,50.9,1,,Basic Materials,18382008.0,114219.4
PFGTF,Pacific Edge Limited,0.18,14,9,11,11,6,6,5,62,-18.0,44.0,Weak,Watchlist only,57,5.3,5.3,4.9,77.6,1,,Healthcare,223533488.0,796.67
CLIFF,Cordlife Group Limited,0.15,14,7,4,9,6,2,4,46,-5.0,44.0,Weak,Watchlist only,40,0.0,0.0,1.9,56.1,1,,Healthcare,38569188.0,210.48
DMAAR,Drugs Made In America Acquisition Corp. Rights,0.16,15,6,6,9,5,0,5,46,-2.0,44.0,Weak,Watchlist only,56,-6.1,38.8,15.3,64.3,2,,nan,1833960.0,78836.06
ELRFF,Eastern Platinum Limited,0.248,9,15,9,7,3,4,5,52,-8.0,44.0,Weak,Watchlist only,29,-4.8,7.6,2.6,51.4,1,,Basic Materials,51497856.0,59010.97
WNFT,Goff Corp,0.2,10,5,4,15,7,2,5,48,-5.0,44.0,Weak,Watchlist only,52,0.0,-4.8,0.2,52.0,1,,Financial Services,18890422.0,47177.14
AHNRF,Athena Gold Corp,0.24,12,12,9,8,3,2,4,50,-6.0,44.0,Weak,Watchlist only,44,20.0,4.3,13.7,57.3,1,,Basic Materials,8596814.0,15730.19
RIBBR,Ribbon Acquisition Corp Rights,0.23,16,6,3,15,6,3,5,54,-10.0,44.0,Weak,Watchlist only,47,-2.1,0.0,1.8,51.6,0,,nan,1017899.0,0.0
DSX-WT,Diana Shipping Inc. WT,0.21,4,16,9,12,3,6,5,55,-11.0,44.0,Weak,Watchlist only,38,10.5,20.0,9.8,51.8,3,,nan,nan,24601.48
RBLAF,Robinsons Land Corporation,0.297,15,6,12,7,6,2,4,52,-13.0,44.0,Weak,🔥 COILED: Watchlist only,54,0.0,0.0,0.1,100.0,0,,Real Estate,1427116160.0,8.9
CNRFF,Consorcio ARA S. A. B. de C. V.,0.25,10,7,11,7,3,2,4,44,-3.0,44.0,Weak,Watchlist only,0,0.0,0.0,0.0,71.1,0,,Consumer Cyclical,303795712.0,0.0
RDFEF,Brookside Energy Ltd,0.323,15,4,6,12,4,1,5,47,-3.0,44.0,Weak,Watchlist only,36,0.0,23.4,9.5,72.7,2,,Energy,30517042.0,3179.0
SEHKF,Seahawk Gold Corp,0.3,12,8,11,8,3,2,4,48,-7.0,44.0,Weak,Watchlist only,49,0.0,0.0,0.0,65.2,1,,Basic Materials,10296977.0,16.0
CGNWF,CGN Power Co. Ltd,0.355,7,6,10,7,3,2,4,39,0.0,44.0,Weak,🔥 COILED: Watchlist only,48,0.0,0.0,0.0,50.0,0,,Utilities,17927006208.0,5.0
CHFLF,China Feihe Limited,0.39,10,5,5,7,4,3,5,39,2.0,44.0,Weak,Watchlist only,32,0.0,11.4,2.8,57.1,2,,Consumer Defensive,3434989056.0,2779.85
MSN,Emerson Radio Corporation,0.375,7,6,7,15,2,7,5,49,-5.0,44.0,Weak,Watchlist only,30,1.2,1.2,0.2,49.9,1,,Technology,7882577.0,318804.88
HHSSF,Huishang Bank Corporation Limited,0.416,7,6,10,7,3,2,4,39,0.0,44.0,Weak,🔥 COILED: Watchlist only,46,0.0,0.0,0.0,50.0,0,,Financial Services,5785102336.0,110.0
TIGCF,Triumph Gold Corp,0.433,8,11,9,8,9,2,2,49,-6.0,44.0,Weak,Watchlist only,56,3.1,-1.5,2.0,52.5,1,,Basic Materials,26212268.0,193304.59
SPRMF,SPRMF,0.414,9,14,8,11,2,7,4,55,-11.0,44.0,Weak,Watchlist only,31,3.2,-1.3,3.6,52.9,1,,Basic Materials,22057732.0,0.0
THGPF,THG Plc,0.469,10,6,11,9,3,6,4,49,-8.0,44.0,Weak,Watchlist only,50,0.0,0.0,0.0,72.2,1,,Consumer Cyclical,743758592.0,75.0
BLPTF,BLPTF,0.5,11,9,6,7,6,4,5,48,-4.0,44.0,Weak,Watchlist only,0,4.1,-2.2,7.8,60.1,1,,Basic Materials,36155828.0,0.0
GMRCF,Gelum Resources Ltd.,0.46,4,12,8,12,7,0,2,45,-5.0,44.0,Weak,Watchlist only,51,-3.5,-2.1,-2.1,48.6,2,,Basic Materials,15466864.0,15015.07
UNHRF,UNHRF,0.51,8,4,10,8,3,2,4,39,0.0,44.0,Weak,🔥 COILED: Watchlist only,35,0.0,0.0,-0.0,50.8,0,,Real Estate,316253824.0,605.0
FURY,Fury Gold Mines Ltd,0.552,10,14,9,6,4,3,5,51,-8.0,44.0,Weak,Watchlist only,28,7.0,6.8,4.1,56.2,1,,Basic Materials,104952968.0,598233.27
EMPYF,Empress Royalty Corp,0.618,14,12,6,5,5,5,2,49,-8.0,44.0,Weak,Watchlist only,39,6.5,9.2,3.5,55.3,2,,Basic Materials,82511376.0,392733.06
EVOL,Evolving Systems Inc,0.6,10,5,8,10,3,5,3,44,-5.0,44.0,Weak,🔥 COILED: Watchlist only,43,0.0,0.0,-0.1,49.3,1,,Technology,4374286.0,768.93
RYGYF,Reysas Gayrimenkul Yatirim Ortakligi A.S.,0.7,9,6,3,7,4,7,3,39,0.0,44.0,Weak,🔥 COILED: Watchlist only,46,0.0,-2.9,-0.0,49.9,0,,Real Estate,1400000000.0,1949.65
MINOF,Minor International Public Company Limited,0.783,7,6,10,7,3,4,4,41,0.0,44.0,Weak,Watchlist only,33,0.0,0.0,-0.0,26.1,0,,Consumer Cyclical,4406291456.0,4.85
TETHF,Tethys Petroleum Limited,0.934,14,5,2,10,4,0,4,39,0.0,44.0,Weak,🔥 COILED: Watchlist only,34,0.0,0.2,1.9,52.7,0,,Energy,107219240.0,192.66
MOJO,Mojo Organics Inc.,0.93,6,10,6,11,4,2,2,41,2.0,44.0,Weak,🔥 COILED: Watchlist only,51,15.8,7.6,5.5,54.3,1,,Consumer Defensive,8788179.0,4433.0
DHSBF,Dah Sing Banking Group Ltd,1.0,7,6,10,7,3,2,4,39,0.0,44.0,Weak,🔥 COILED: Watchlist only,45,0.0,0.0,0.0,50.0,0,,Financial Services,1405752192.0,0.4
DPNEY,Daphne International Holdings Ltd ADR,0.98,8,6,11,7,3,2,4,41,0.0,44.0,Weak,Watchlist only,0,0.0,0.0,0.0,6.7,0,,Consumer Cyclical,92420360.0,0.0
AZREF,Azure Power Global Limited,1.0,8,6,10,10,6,0,4,44,-5.0,44.0,Weak,🔥 COILED: Watchlist only,49,0.0,0.0,0.5,51.7,1,,Utilities,64166360.0,8327.31
CLNXX,Columbia Funds Series Trust II - Columbia Money Market Fund,1.0,12,7,11,6,4,2,4,46,-10.0,44.0,Weak,🔥 COILED: Watchlist only,48,0.0,0.0,0.0,50.8,0,,nan,nan,0.0
IDSXX,Columbia Funds Series Trust II  - Columbia Government Money Market Fund,1.0,12,7,11,6,4,2,4,46,-10.0,44.0,Weak,🔥 COILED: Watchlist only,48,0.0,0.0,0.0,50.8,0,,nan,nan,0.0
SGTM,National Storm Recovery Inc,0.135,15,14,8,13,4,5,2,61,-22.5,43.5,Weak,Watchlist only,45,28.6,28.6,23.6,64.7,3,,Basic Materials,15694347.0,64103.0
GNOLF,Genoil Inc,0.01,5,3,10,9,3,6,4,40,0.0,43.0,Weak,Watchlist only,37,0.0,0.0,-0.0,10.7,0,,Energy,19981640.0,20732.9
GDPHF,Godolphin Resources Limited,0.01,8,6,10,7,3,2,4,40,0.0,43.0,Weak,Watchlist only,34,0.0,0.0,-0.0,26.4,0,,Basic Materials,8485821.0,40703.18
CLNV,Clean Vision Corp,0.006,4,13,6,12,4,2,5,46,-3.0,43.0,Weak,Watchlist only,37,20.4,-6.3,3.5,49.6,2,,Utilities,7579159.0,8100853.08
VENCF,VENCF,0.001,15,6,11,6,6,2,4,50,-15.0,43.0,Weak,🔥 COILED: Watchlist only,0,0.0,0.0,0.1,50.0,1,,Healthcare,222644.0,0.0
TGTMF,Targeted Microwave Solutions Inc,0.001,8,4,9,8,3,2,4,38,0.0,43.0,Weak,🔥 COILED: Watchlist only,33,0.0,0.0,-0.0,48.1,0,,Industrials,128024.0,1451.5
NSHSF,Nanosphere Health Sciences Inc,0.01,13,8,6,6,6,2,4,45,-10.0,43.0,Weak,🔥 COILED: Watchlist only,37,0.0,0.0,1.9,53.3,0,,Healthcare,102752.0,516.85
GGROW,Gogoro Equity Warrant Exp 4th April 2027,0.008,7,7,1,13,5,2,5,40,2.0,43.0,Weak,Watchlist only,51,-11.5,10.0,-5.0,48.3,2,,nan,nan,19809.95
OLVRF,Olivut Resources Ltd,0.03,12,6,6,8,4,2,5,43,-5.0,43.0,Weak,🔥 COILED: Watchlist only,22,0.0,0.0,1.3,55.3,1,,Basic Materials,2472093.0,4862.5
ZHDM,Zhong Hui Dao Ming Copper Holding Ltd,0.025,4,4,10,9,2,5,4,38,0.0,43.0,Weak,🔥 COILED: Watchlist only,20,0.0,0.0,-0.8,43.3,0,,Financial Services,2027625.0,7987.02
STAOF,Sing Tao News Corporation Limited,0.035,7,7,11,9,3,2,4,43,-5.0,43.0,Weak,🔥 COILED: Watchlist only,45,0.0,0.0,0.0,51.9,1,,Communication Services,30819006.0,214.79
SNTX,Suntex Enterprises Inc,0.039,14,12,8,5,8,2,5,54,-9.0,43.0,Weak,Watchlist only,69,3.8,12.2,10.8,60.0,2,,Financial Services,12415343.0,3002067.83
AMTY,Amerityre Corp,0.04,15,4,6,10,4,2,5,46,-3.0,43.0,Weak,Watchlist only,45,0.0,0.0,7.4,79.9,0,,Consumer Cyclical,3305244.0,5796.33
PRRVF,Providence Gold Mines Inc,0.032,3,3,8,9,6,4,5,38,0.0,43.0,Weak,🔥 COILED: Watchlist only,23,0.0,-9.6,-1.7,42.0,0,,Basic Materials,2258543.0,8148.99
MMJ,MMJ Group Holdings Limited  Ordinary Shares,0.04,12,3,3,9,6,0,5,38,0.0,43.0,Weak,🔥 COILED: Watchlist only,50,0.0,4.7,1.9,57.4,0,,Other,nan,188.34
KKOBF,Kinetiko Energy Limited,0.049,10,6,11,7,3,2,4,43,-3.0,43.0,Weak,Watchlist only,58,0.0,0.0,0.0,78.4,0,,Energy,75579432.0,0.0
SAMMF,Sama Resources Inc,0.05,15,4,6,9,3,4,5,46,-3.0,43.0,Weak,Watchlist only,51,0.0,66.7,18.9,74.0,2,,Basic Materials,11596507.0,4008.15
PMDKF,PT. Mitra Adiperkasa Tbk,0.06,8,6,10,7,3,2,4,40,0.0,43.0,Weak,Watchlist only,0,0.0,0.0,-0.0,4.2,0,,Consumer Cyclical,874820032.0,0.0
BJBJ,BJ Bio-Tech Development Management Group Holding Corp.,0.061,12,5,4,9,3,2,5,40,0.0,43.0,Weak,Watchlist only,27,0.0,18.4,4.3,51.0,2,,Financial Services,61667592.0,317.81
ANORF,ANORF,0.069,7,10,3,10,6,2,2,40,-1.0,43.0,Weak,Watchlist only,63,14.7,-1.7,2.8,51.3,1,,Basic Materials,12714978.0,21649.0
AIGFF,Genesis AI Corp.,0.071,11,6,9,8,4,3,5,46,-3.0,43.0,Weak,Watchlist only,51,16.7,6.2,13.3,57.6,1,,Technology,549754.0,8823.27
EWCLF,Energy World Corporation Ltd,0.073,20,6,5,12,7,8,5,63,-20,43,Weak,Watchlist only,68,81.5,72.0,48.9,83.3,3,10,Utilities,279756096.0,89005.41
ACWRF,Acceleware Ltd,0.08,15,5,6,9,6,2,4,47,-7.0,43.0,Weak,Watchlist only,43,0.0,0.0,2.4,60.6,1,,Technology,11450308.0,1065.09
TORCF,TinOne Resources Inc.,0.075,15,12,2,7,5,2,5,48,-8.0,43.0,Weak,Watchlist only,28,8.7,3.9,16.0,70.7,1,,Basic Materials,1443246.0,3405.39
UNHLF,Union Medical Healthcare Limited,0.086,10,7,11,9,0,2,4,43,-5.0,43.0,Weak,🔥 COILED: Watchlist only,37,0.0,0.0,0.0,53.3,1,,Healthcare,101071224.0,250.0
PXMFF,Philex Mining Corporation,0.115,11,6,8,9,3,1,5,43,0.0,43.0,Weak,Watchlist only,31,0.0,2.2,4.0,55.9,0,,Basic Materials,735694784.0,0.0
GBEI,Great Basin Energies Inc,0.12,6,7,8,7,3,8,4,43,0.0,43.0,Weak,Watchlist only,44,0.1,0.1,-0.2,29.8,0,,Basic Materials,2298888.0,4749.05
FGHQF,Frontage Holdings Corporation,0.15,15,9,6,14,4,7,5,60,-13.0,43.0,Weak,Watchlist only,55,11.1,11.1,10.6,88.2,2,,Healthcare,273743360.0,5740.0
BMNDF,Biomind Labs Inc.,0.182,21,9,6,8,6,8,5,63,-20,43,Weak,Watchlist only,66,264.2,281.8,106.5,71.7,3,10,Healthcare,14125820.0,1203.16
SRKE,Strake Inc.,0.175,8,8,9,9,4,3,4,45,-5.0,43.0,Weak,Watchlist only,44,0.0,0.0,1.0,58.8,1,,Consumer Defensive,673539.0,1942.06
PFSMF,Perfect Medical Health Management Limited,0.24,8,6,9,8,3,2,4,40,0.0,43.0,Weak,Watchlist only,41,0.0,0.0,-0.0,38.2,0,,Healthcare,301613088.0,4.5
ESLGF,Logistics Development Group plc,0.228,9,6,11,8,3,2,4,43,-5.0,43.0,Weak,🔥 COILED: Watchlist only,53,0.0,0.0,0.0,50.0,1,,Industrials,94144976.0,210.0
LCKYF,Golden Sky Minerals Corp,0.22,13,6,10,7,4,2,5,47,-7.0,43.0,Weak,Watchlist only,39,0.0,0.0,5.0,64.3,1,,Basic Materials,5259014.0,3490.01
NAMMW,Namib Minerals Warrants,0.205,7,11,6,9,4,2,2,41,2.0,43.0,Weak,Watchlist only,54,2.5,2.5,-2.0,49.3,1,,nan,nan,53597.86
DFNSW,T3 Defense Inc.,0.239,19,10,8,11,8,7,5,68,-21,43,Weak,Watchlist only,0,242.4,223.8,139.3,80.5,2,9,nan,nan,0.0
EXDW,Exceed World Inc,0.292,12,6,11,10,3,2,4,48,-8.0,43.0,Weak,Watchlist only,44,0.0,0.0,0.1,76.7,1,,Consumer Defensive,9564750.0,246.33
HWAUF,Headwater Gold Inc,0.328,12,5,8,12,1,3,4,45,-5.0,43.0,Weak,Watchlist only,42,1.0,6.0,1.0,51.9,1,,Basic Materials,29490328.0,84085.23
SMXT,Solarmax Technology Inc. Common Stock,0.378,6,14,7,8,4,2,5,46,-3.0,43.0,Weak,Watchlist only,23,6.8,9.6,6.0,52.5,2,,Technology,21510684.0,709968.18
SICP,Silvergate Capital Corporation,0.401,7,10,8,8,9,4,2,48,-3.0,43.0,Weak,Watchlist only,0,0.2,-10.9,-4.2,46.9,1,,Financial Services,12924407.0,0.0
SSCCX,Saratoga Small Capitalization C,0.41,6,9,5,7,6,1,2,36,2.0,43.0,Weak,🔥 COILED: Watchlist only,36,-2.4,-2.4,-1.7,42.4,0,,nan,0.0,0.0
GCL,GCL Global Holdings Ltd Ordinary Shares,0.488,11,14,6,7,4,1,5,48,-5.0,43.0,Weak,Watchlist only,38,0.2,9.7,7.1,56.2,1,,Communication Services,62468248.0,1203921.97
SSLVF,SSLVF,0.65,6,11,8,8,3,2,5,43,0.0,43.0,Weak,Watchlist only,23,9.5,-1.6,-2.0,45.9,0,,nan,nan,0.0
ACBD,Annabidiol Corp,0.84,12,6,11,8,3,2,4,46,-3.0,43.0,Weak,Watchlist only,57,0.0,0.0,0.0,78.5,0,,Financial Services,33759856.0,20.07
CRFCF,Card Factory plc,0.913,7,7,6,9,3,4,4,40,0.0,43.0,Weak,Watchlist only,28,0.0,0.0,0.0,70.9,0,,Consumer Cyclical,310823296.0,1383.08
SALM,Salem Media Group Inc,0.97,12,5,7,11,7,11,4,57,-12.0,43.0,Weak,Watchlist only,56,0.9,3.2,1.5,60.8,2,,Communication Services,30732950.0,71521.15
CGMXX,Columbia Funds Series Trust II  - Columbia Government Money Market Fund,1.0,11,7,11,6,4,2,4,45,-10.0,43.0,Weak,🔥 COILED: Watchlist only,47,0.0,0.0,0.0,51.9,0,,nan,nan,0.0
MPEXX,Morgan Stanley Institutional Liquidity Funds - Prime Portfolio,1.0,7,9,5,8,4,4,4,41,2.0,43.0,Weak,Watchlist only,36,0.0,0.0,0.0,56.1,0,,nan,nan,0.0
PRSXX,Money Market Obligations Trust - Federated Institutional Prime Obligations Fund,1.0,10,9,5,8,3,2,4,41,2.0,43.0,Weak,Watchlist only,35,0.0,0.0,0.0,55.1,0,,nan,nan,0.0
FBRKD,FBRKD,0.134,14,4,5,9,8,4,5,49,-6.5,42.5,Weak,Watchlist only,60,-18.5,-18.5,26.9,67.3,1,,Real Estate,19275144.0,5952.34
ENCC,Encompass Compliance Corp,0.018,17,11,6,16,7,4,5,66,-23.8,42.2,Weak,Watchlist only,68,12.5,89.5,44.7,73.4,3,,Financial Services,2698660.0,593839.95
CGXEF,CGX Energy Inc,0.2,17,9,7,16,4,11,5,69,-26.8,42.2,Weak,Watchlist only,68,25.0,41.0,25.9,76.2,3,,Energy,67709800.0,60228.57
CTGL,Citrine Global Corp,0.007,3,10,8,11,4,2,2,40,2.0,42.0,Weak,Watchlist only,23,-12.5,-17.6,-12.1,41.8,1,,Consumer Defensive,8735196.0,67634.14
BWNAF,SI6 Metals Limited,0.005,7,7,11,8,3,2,4,42,-3.0,42.0,Weak,Watchlist only,42,0.0,0.0,0.0,70.6,0,,Basic Materials,2454814.0,202.5
RNGC,Ranger Gold Corp,0.006,6,4,10,10,0,3,4,37,0.0,42.0,Weak,🔥 COILED: Watchlist only,25,0.0,0.0,-0.2,43.8,0,,Financial Services,1456015.0,5856.41
SMGI,SMG Industries Inc,0.001,7,4,9,12,4,6,4,46,-7.0,42.0,Weak,Watchlist only,43,0.0,0.0,-0.0,69.9,1,,Energy,348471.0,0.0
DVNCF,Danavation Technologies Corp,0.002,9,6,11,7,3,2,4,42,-5.0,42.0,Weak,🔥 COILED: Watchlist only,45,0.0,0.0,0.0,50.0,1,,Technology,241649.0,110.25
TOBAF,TAAT Global Alternatives Inc,0.005,7,6,10,11,3,3,4,44,-5.0,42.0,Weak,Watchlist only,33,0.0,0.0,-0.1,38.0,1,,Consumer Defensive,117859.0,844.62
XITO,Xenous Holdings Inc,0.014,12,7,6,14,4,3,5,51,-12.0,42.0,Weak,Watchlist only,50,0.0,0.0,7.1,65.2,0,,Financial Services,10643500.0,3686.0
ARUXF,Acrux Limited,0.017,13,3,11,11,6,2,4,50,-13.0,42.0,Weak,🔥 COILED: Watchlist only,45,0.0,0.0,0.3,95.2,0,,Healthcare,9965555.0,6817.63
AGTX,Agentix Corp,0.02,4,7,9,11,3,4,4,42,-5.0,42.0,Weak,🔥 COILED: Watchlist only,13,0.0,0.0,-1.0,42.0,1,,Healthcare,801339.0,7987.2
TKMOD,"Tekumo, Inc.",0.021,10,7,3,15,0,4,5,44,0.0,42.0,Weak,Watchlist only,39,-6.3,4.0,-3.5,49.4,0,,Technology,260814.0,17912.77
CWPWF,Concord New Energy Group Limited,0.03,5,6,10,9,3,2,4,39,0.0,42.0,Weak,Watchlist only,27,0.0,0.0,-0.0,17.2,0,,Utilities,327818368.0,0.0
LSMLF,Lodestar Minerals Limited,0.024,12,8,5,7,1,2,4,39,-5.0,42.0,Weak,🔥 COILED: Watchlist only,37,0.0,0.0,0.8,52.5,1,,Basic Materials,34957620.0,5269.49
CDTAF,Carl Data Solutions Inc,0.025,4,8,7,16,4,2,2,43,-6.0,42.0,Weak,Watchlist only,27,-7.0,0.4,-2.9,45.1,2,,Technology,3474546.0,10416.31
LFSWF,Lifeist Wellness Inc.,0.03,5,14,9,10,3,2,2,45,-3.0,42.0,Weak,Watchlist only,34,11.1,0.0,2.3,50.1,2,,Consumer Defensive,1334892.0,10349.11
GWRRF,EnGold Mines Ltd,0.03,12,6,5,7,6,4,4,44,-5.0,42.0,Weak,Watchlist only,42,0.0,0.0,1.4,51.4,1,,Basic Materials,1241446.0,596.54
PCPDF,Pacific Century Premium Developments Limited,0.033,15,7,13,6,4,5,5,55,-13.0,42.0,Weak,Watchlist only,49,0.0,0.0,10.1,70.6,0,,Real Estate,256221888.0,709.09
EQTXF,Lake Winn Resources Corp,0.04,9,6,11,7,3,2,4,42,-5.0,42.0,Weak,🔥 COILED: Watchlist only,54,0.0,0.0,0.0,50.0,1,,Basic Materials,1102338.0,1178.79
GMDMF,Gem Diamonds Limited,0.05,15,5,8,11,1,5,5,50,-8.0,42.0,Weak,Watchlist only,29,0.0,0.0,2.2,74.9,1,,Basic Materials,7000242.0,1585.5
SIERF,Sierra Grande Minerals Inc,0.046,7,8,10,7,3,3,4,42,-5.0,42.0,Weak,🔥 COILED: Watchlist only,29,0.0,0.0,-0.4,48.6,1,,Basic Materials,1361506.0,420.13
CNTRF,Centr Brands Corp,0.043,15,5,6,9,3,2,4,44,-5.0,42.0,Weak,Watchlist only,55,0.0,0.0,1.1,58.5,1,,Consumer Defensive,498470.0,231.5
LVWR-WT,LVWR-WT,0.046,19,7,5,17,3,6,5,62,-20,42,Weak,Watchlist only,48,240.7,155.6,59.9,64.0,2,10,nan,nan,75128.14
UMCN,UMC Inc,0.058,13,5,10,10,4,1,3,46,-7.0,42.0,Weak,Watchlist only,56,0.0,0.0,0.9,68.4,1,,Industrials,38759304.0,9194.1
SMPEF,Southern Empire Resources Corp,0.07,12,6,11,9,3,2,4,47,-8.0,42.0,Weak,Watchlist only,59,0.0,0.0,0.0,77.9,1,,Basic Materials,7100300.0,6454.29
TAPP,Tap Resources Inc,0.08,5,4,10,9,3,2,4,37,0.0,42.0,Weak,🔥 COILED: Watchlist only,41,0.0,0.0,-0.0,46.3,0,,Communication Services,2993312.0,4495.07
RSMXF,Regency Silver Corp.,0.083,6,8,10,9,4,3,4,44,-5.0,42.0,Weak,Watchlist only,30,0.0,0.0,-0.0,47.1,1,,Basic Materials,11511377.0,108157.39
GDLG,Glidelogic Corp.,0.085,14,4,7,11,4,0,5,45,-3.0,42.0,Weak,Watchlist only,17,0.0,18.6,6.2,78.9,2,,Technology,5690249.0,11798.32
CHAEF,China Aerospace International Holdings Limited,0.125,15,6,9,11,6,4,4,55,-18.0,42.0,Weak,🔥 COILED: Watchlist only,52,0.0,0.0,3.5,83.6,1,,Technology,386553280.0,2000.0
CFSU,Complete Fin Solu,0.105,7,8,3,9,4,0,5,36,2.0,42.0,Weak,Watchlist only,30,10.5,-3.7,-0.4,49.7,0,,Financial Services,102279512.0,19679.52
COTXF,Coiled Therapeutics plc,0.135,14,7,4,10,6,3,5,49,-7.0,42.0,Weak,Watchlist only,40,3.2,3.2,2.6,53.1,1,,Healthcare,57616832.0,2168.12
KDKGF,Klondike Gold Corp,0.114,7,11,6,9,5,2,2,42,2.0,42.0,Weak,Watchlist only,29,3.9,6.3,1.8,50.4,1,,Basic Materials,31791618.0,127229.04
PEXZF,Pacific Ridge Exploration Ltd,0.14,10,6,8,9,4,0,5,42,-3.0,42.0,Weak,Watchlist only,26,0.0,0.0,2.6,52.5,1,,Basic Materials,13618559.0,127840.0
ROBOF,RoboGroup T.E.K. Ltd,0.11,11,4,11,10,3,1,4,44,-5.0,42.0,Weak,Watchlist only,42,0.0,0.0,0.0,59.2,1,,Technology,6520335.0,21.3
MSCH,MainStreetChamber Holdings Inc.,0.179,7,3,7,10,6,4,2,39,0.0,42.0,Weak,Watchlist only,39,0.0,-4.8,-1.8,41.1,0,,Energy,58518084.0,377.07
ZDGGF,ZOO Digital Group plc,0.171,15,3,5,9,6,2,4,44,-5.0,42.0,Weak,Watchlist only,46,0.0,0.0,0.9,57.0,1,,Technology,16812416.0,1938.56
DYNCW,Dynamix Corporation,0.16,11,9,9,15,1,1,5,51,-10.0,42.0,Weak,Watchlist only,0,-2.9,14.4,1.0,51.3,2,,nan,nan,0.0
TWNMF,29Metals Limited,0.22,13,6,5,7,1,3,4,39,0.0,42.0,Weak,Watchlist only,30,0.0,0.0,-0.1,31.2,0,,Basic Materials,385541856.0,16425.58
VIZND,Visionary Metals Corp.,0.24,15,6,10,7,6,2,4,50,-13.0,42.0,Weak,🔥 COILED: Watchlist only,62,0.0,0.0,9.3,100.0,0,,Basic Materials,10540721.0,121.17
ADMG,Adamant DRI Processing and Minerals Group,0.229,18,3,7,15,6,8,5,62,-18,42,Weak,Watchlist only,55,94.4,93.9,47.5,79.9,3,10,Financial Services,3918191.0,1059.1
BIRNF,BCI Minerals Limited,0.26,15,6,10,6,6,2,4,49,-15.0,42.0,Weak,🔥 COILED: Watchlist only,55,0.0,0.0,0.2,50.0,1,,Basic Materials,528764384.0,50.0
THGHY,THG Plc,0.281,10,6,10,9,3,2,4,44,-5.0,42.0,Weak,Watchlist only,38,0.0,0.0,-0.0,5.2,1,,Consumer Cyclical,445588704.0,6.6
VLAI,VLAI,0.29,8,3,10,9,3,2,4,39,0.0,42.0,Weak,Watchlist only,31,0.0,0.0,-0.0,0.0,0,,Technology,1116694.0,23.44
NVTQF,Trench Metals Corp,0.287,8,6,11,10,3,2,4,44,-5.0,42.0,Weak,Watchlist only,0,0.0,0.0,0.0,8.1,1,,Energy,291539.0,0.0
GRAPF,First Canadian Graphite Inc.,0.3,12,11,9,14,4,0,5,55,-18.0,42.0,Weak,Watchlist only,63,17.0,20.0,15.2,59.0,3,,Basic Materials,10653993.0,23043.56
SGLMF,Starhill Global Real Estate Investment Trust,0.391,16,5,7,11,4,8,4,55,-13.0,42.0,Weak,Watchlist only,41,1.8,1.8,1.4,91.1,0,,Real Estate,907515712.0,0.0
UNFYF,Edge Total Intelligence Inc.,0.363,11,6,6,12,2,3,4,44,-5.0,42.0,Weak,Watchlist only,27,0.9,9.5,1.7,50.4,2,,Technology,22907746.0,38256.37
GSUN,Golden Sun Education Group Ltd,0.364,6,17,4,10,5,2,3,47,-3.0,42.0,Weak,Watchlist only,31,5.3,6.9,15.9,53.2,2,,Consumer Defensive,3655523.0,3420913.73
FEHTF,FEHTF,0.45,8,4,9,7,3,2,4,37,0.0,42.0,Weak,🔥 COILED: Watchlist only,35,0.0,0.0,-0.0,48.1,0,,Real Estate,923921856.0,12.5
PCPJ,PaperClip Incorporated,0.47,7,8,11,5,6,4,4,45,-8.0,42.0,Weak,🔥 COILED: Watchlist only,29,0.0,0.0,0.0,47.7,0,,Technology,nan,1612.5
GDQMF,GoldQuest Mining Corp.,0.545,7,12,6,7,3,2,5,42,-3.0,42.0,Weak,Watchlist only,22,6.9,6.9,2.4,50.1,2,,Basic Materials,210540736.0,111316.89
TKLS,Trutankless Inc,0.5,13,3,3,15,3,5,2,44,-5.0,42.0,Weak,Watchlist only,58,1.0,-12.3,12.8,53.0,2,,Technology,81461104.0,3106.55
AMQFF,Abitibi Metals Corp,0.51,9,8,5,15,4,4,5,50,-8.0,42.0,Weak,Watchlist only,47,-5.3,3.4,0.3,51.4,2,,Basic Materials,95910576.0,95403.12
PEBBF,PEBBF,0.546,8,3,10,9,3,2,4,39,0.0,42.0,Weak,Watchlist only,30,0.0,0.0,-0.0,5.3,0,,nan,75611312.0,31.75
BDULF,Bangkok Dusit Medical Services Public Company Limited,0.56,4,3,10,10,3,5,4,39,0.0,42.0,Weak,Watchlist only,17,0.0,0.0,-0.2,1.8,0,,Healthcare,9652723712.0,0.0
GLKFF,Raise Production Inc,0.58,9,3,11,8,3,4,4,42,-3.0,42.0,Weak,Watchlist only,48,0.0,0.0,0.0,80.0,0,,Industrials,18394208.0,1071.45
CDHSF,CDL Hospitality Trusts,0.64,6,6,11,7,3,2,4,39,0.0,42.0,Weak,Watchlist only,0,0.0,0.0,0.0,14.3,1,,Real Estate,747257664.0,0.0
CTXR,Citius Pharmaceuticals Inc,0.632,15,14,9,8,4,4,5,59,-22.0,42.0,Weak,Watchlist only,36,19.0,23.7,14.9,60.9,3,,Healthcare,17350026.0,767474.01
ADSEW,ADS-TEC ENERGY PLC Warrant,0.65,7,16,5,11,4,4,5,52,-16.0,42.0,Weak,Watchlist only,38,24.1,14.0,7.6,51.6,3,,nan,nan,13054.53
HENGY,Hengdeli Holdings Ltd ADR,0.79,12,4,8,7,6,3,4,44,-5.0,42.0,Weak,Watchlist only,47,0.0,0.0,-0.0,59.7,1,,Industrials,139166992.0,15.5
GURNF,"Gurunavi, Inc.",0.932,8,3,10,9,3,2,4,39,0.0,42.0,Weak,Watchlist only,29,0.0,0.0,-0.0,6.3,0,,Communication Services,52568884.0,22.07
CMRXX,Columbia Funds Series Trust II - Columbia Money Market Fund,1.0,10,7,11,6,4,2,4,44,-10.0,42.0,Weak,🔥 COILED: Watchlist only,45,0.0,0.0,0.0,51.3,0,,nan,nan,0.0
MAVXX,Morgan Stanley Institutional Liquidity Funds - Prime Portfolio,1.0,6,9,5,8,4,4,4,40,2.0,42.0,Weak,Watchlist only,37,0.0,0.0,0.0,55.0,0,,nan,nan,0.0
VYAXX,Voya Funds Trust - Government Money Market Fund Series II,1.0,18,9,5,8,4,7,4,55,-13.0,42.0,Weak,Watchlist only,50,0.0,0.0,0.0,98.1,0,,nan,nan,0.0
KPOC,Kimberly Parry Organics Corp,0.001,17,9,7,13,6,3,5,60,-14.2,41.8,Weak,Watchlist only,52,25.0,900.0,268.2,70.9,2,,Consumer Defensive,387735.0,808.47
FFTTF,Fatfish Group Limited,0.004,8,3,9,9,3,2,4,38,0.0,41.0,Weak,Watchlist only,30,0.0,0.0,-0.0,0.0,0,,Financial Services,6991078.0,5.0
NSVGF,Nass Valley Gateway Ltd,0.01,5,4,10,8,3,2,4,36,0.0,41.0,Weak,🔥 COILED: Watchlist only,35,0.0,0.0,0.0,50.0,0,,Healthcare,3287327.0,1380.0
SRCH,Searchlight Minerals Corp,0.006,4,8,3,13,8,3,3,42,-1.0,41.0,Weak,Watchlist only,56,1.7,-12.9,-1.8,45.7,1,,Basic Materials,2236116.0,23724.54
RJDG,Rjd Green Inc,0.006,6,9,4,13,5,2,5,44,-1.0,41.0,Weak,Watchlist only,26,5.8,5.8,2.1,51.6,0,,Industrials,1976468.0,137049.51
SRBCF,Sirona Biochem Corp,0.005,8,6,10,10,3,2,4,43,-5.0,41.0,Weak,Watchlist only,42,0.0,0.0,-0.0,38.7,1,,Healthcare,1634865.0,1526.5
CDSG,China Dongsheng International Inc,0.002,4,7,8,10,3,4,5,41,0.0,41.0,Weak,Watchlist only,28,0.0,26.7,0.7,49.3,2,,Financial Services,406959.0,825734.78
INKW,Greene Concepts Inc,0.005,18,13,8,10,8,7,5,69,-28,41,Weak,Watchlist only,73,2500.0,2500.0,690.8,95.6,2,2,Consumer Defensive,331617.0,256220.4
WEGOF,Wescan Goldfields Inc,0.004,9,4,11,7,3,2,4,40,-2.0,41.0,Weak,Watchlist only,39,0.0,0.0,0.0,60.3,0,,Basic Materials,272374.0,45.5
CTVEF,Certive Solutions Inc,0.002,7,7,11,7,3,2,4,41,-5.0,41.0,Weak,🔥 COILED: Watchlist only,44,0.0,0.0,0.0,54.0,1,,Healthcare,270632.0,900.0
ATIXF,AnalytixInsight Inc,0.002,10,8,6,8,3,1,5,41,0.0,41.0,Weak,Watchlist only,21,0.0,0.0,8.3,51.1,0,,Technology,243373.0,7168.5
EPYFF,ePlay Digital Inc,0.002,5,4,10,8,3,2,4,36,0.0,41.0,Weak,🔥 COILED: Watchlist only,37,0.0,0.0,0.0,50.0,0,,Communication Services,188035.0,1380.58
MBGNF,Med BioGene Inc,0.006,8,3,9,9,3,2,4,38,0.0,41.0,Weak,Watchlist only,31,0.0,0.0,-0.0,0.0,0,,Healthcare,101821.0,45.0
BFHJ,Beneficial Holdings Inc,0.001,4,3,10,8,3,6,4,38,0.0,41.0,Weak,Watchlist only,28,0.0,0.0,-1.2,16.4,0,,Financial Services,9408.0,28.56
CHNSF,China Starch Holdings Limited,0.02,5,4,9,9,3,2,4,36,0.0,41.0,Weak,🔥 COILED: Watchlist only,40,0.0,0.0,0.0,50.0,0,,Consumer Defensive,116209832.0,200.0
VTMLF,Venture Minerals Limited,0.018,3,7,8,10,3,1,4,36,0.0,41.0,Weak,🔥 COILED: Watchlist only,24,0.0,0.0,-2.6,43.8,0,,Basic Materials,55463752.0,1792.93
RIINF,Braveheart Resources Inc,0.019,3,8,8,10,3,2,5,39,2.0,41.0,Weak,Watchlist only,18,-1.1,-5.5,-1.1,47.3,1,,Basic Materials,6348374.0,280298.41
RTTGF,RTG Mining Inc,0.025,10,6,6,9,2,4,4,41,0.0,41.0,Weak,Watchlist only,14,0.0,0.0,0.8,49.0,0,,Basic Materials,58157172.0,29973.77
RTRFF,Rumble Resources Limited,0.022,9,7,11,8,0,2,4,41,-5.0,41.0,Weak,🔥 COILED: Watchlist only,48,0.0,0.0,0.0,50.0,1,,Basic Materials,29192644.0,33.38
ARAT,Arax Holdings Corp,0.026,15,6,12,9,6,2,4,54,-18.0,41.0,Weak,🔥 COILED: Watchlist only,51,0.0,0.0,1.0,99.0,1,,Technology,3628544.0,285.5
GABA,Georgia Bancshares Inc,0.032,5,11,6,7,3,2,2,36,4.0,41.0,Weak,Watchlist only,30,3.2,-3.6,-2.0,45.8,1,,Financial Services,44655480.0,3550437.81
KSTBF,Kestrel Gold Inc,0.033,8,3,10,8,4,1,4,38,0.0,41.0,Weak,Watchlist only,27,0.0,0.0,-0.1,16.6,0,,Basic Materials,3587793.0,5754.88
AJYG,AJ1G Inc,0.036,4,6,10,7,3,4,4,38,0.0,41.0,Weak,Watchlist only,19,0.0,0.0,-2.0,33.8,0,,Financial Services,2228683.0,44.57
GNRGF,General Copper Gold Corp.,0.038,8,6,5,9,4,5,4,41,-5.0,41.0,Weak,🔥 COILED: Watchlist only,38,0.0,0.0,0.1,51.1,1,,Basic Materials,2005382.0,346.0
AGSVF,Argentum Silver Corp,0.031,10,8,7,6,6,2,4,43,-10.0,41.0,Weak,🔥 COILED: Watchlist only,31,0.0,0.0,1.0,53.5,0,,Basic Materials,1599554.0,841.71
GBCMF,Global Bio-chem Technology Group Company Limited,0.05,15,6,11,8,3,2,4,49,-13.0,41.0,Weak,🔥 COILED: Watchlist only,54,0.0,0.0,9.9,99.9,0,,Consumer Defensive,83941056.0,0.0
GULTU,Gulf Coast,0.045,14,7,5,13,3,2,5,49,-8.0,41.0,Weak,Watchlist only,36,-6.2,0.0,0.4,51.3,0,,Energy,10357772.0,315515.98
CRBAF,CRBAF,0.042,11,8,9,5,4,4,5,46,-10.0,41.0,Weak,🔥 COILED: Watchlist only,30,0.0,0.0,0.9,52.1,0,,nan,4876640.0,1032.64
IGTAW,Inception Growth Acquisition Limited Warrants,0.044,6,12,6,7,3,0,5,39,2.0,41.0,Weak,Watchlist only,32,10.7,10.7,2.6,48.9,2,,nan,nan,0.0
ARCXF,ArcelorMittal South Africa Ltd,0.059,8,3,10,9,3,6,4,43,-5.0,41.0,Weak,Watchlist only,36,0.0,0.0,-0.0,34.2,1,,Basic Materials,65427768.0,23.56
NRCD,Nashville Records Inc,0.052,7,3,10,9,3,2,4,38,0.0,41.0,Weak,Watchlist only,42,0.0,0.0,-0.0,5.7,0,,Communication Services,5216641.0,2.91
VVCHF,Viva China Holdings Limited,0.07,7,8,3,9,4,3,4,38,0.0,41.0,Weak,Watchlist only,16,0.0,0.0,-0.6,44.9,0,,Consumer Cyclical,697100288.0,155.01
INIS,International Isotopes Inc,0.07,7,10,3,14,4,2,4,44,-1.0,41.0,Weak,Watchlist only,40,16.7,0.0,5.1,51.9,0,,Healthcare,37039124.0,60015.05
SNYXF,Vital Energy Inc,0.07,8,4,9,8,3,2,4,38,0.0,41.0,Weak,Watchlist only,31,0.0,0.0,-0.0,0.0,0,,Energy,5788998.0,337.5
RMTG,Regenerative Medical Technology Group Inc.,0.07,13,12,2,13,6,0,5,51,-8.0,41.0,Weak,Watchlist only,54,-41.8,-0.7,1.9,52.2,1,,Healthcare,919727.0,31245.25
BTGRF,BTS Group Holdings Public Company Limited,0.074,8,4,10,7,3,2,4,38,0.0,41.0,Weak,Watchlist only,28,0.0,0.0,-0.0,0.0,0,,Industrials,1193323008.0,276.38
MHIVF,Invesque Inc,0.085,9,13,5,9,6,0,2,44,-3.0,41.0,Weak,Watchlist only,41,-4.5,0.0,-1.5,46.1,1,,Real Estate,77649104.0,10199.75
NDMCF,New Destiny Mining Corp,0.098,13,7,7,9,4,3,5,48,-7.0,41.0,Weak,Watchlist only,51,0.0,0.0,10.4,69.9,1,,Basic Materials,2208573.0,622.54
PSBAF,PT Sumber Alfaria Trijaya Tbk,0.121,8,3,9,9,3,2,4,38,0.0,41.0,Weak,Watchlist only,44,0.0,0.0,-0.0,10.8,0,,Consumer Defensive,4972111872.0,0.25
EHGRF,The Star Entertainment Group Limited,0.11,13,6,11,7,4,1,4,46,-8.0,41.0,Weak,Watchlist only,43,0.0,0.0,2.2,78.1,1,,Consumer Cyclical,729982336.0,585.47
LOMLF,Lion One Metals Limited,0.104,9,4,5,15,3,0,5,41,0.0,41.0,Weak,Watchlist only,23,-5.7,3.7,3.1,52.3,0,,Basic Materials,40285440.0,550959.97
IDGAF,5th Planet Games A/S,0.134,9,8,3,7,4,3,2,36,2.0,41.0,Weak,Watchlist only,29,0.0,-3.0,-2.5,45.2,0,,Communication Services,36002844.0,664.87
OPTBF,Oriental Petroleum and Minerals Corporation,0.11,7,3,10,9,3,2,4,38,0.0,41.0,Weak,Watchlist only,33,0.0,0.0,-0.0,0.0,0,,Healthcare,11363033.0,14041.5
NIOCF,Niocan Inc,0.125,5,12,9,8,8,2,4,48,-3.0,41.0,Weak,Watchlist only,37,0.0,0.0,6.2,51.2,2,,Basic Materials,10271500.0,2631.43
CCCP,Crona Corp.,0.1,10,5,10,8,0,2,4,39,-3.0,41.0,Weak,🔥 COILED: Watchlist only,47,0.0,0.0,-0.0,43.0,1,,Communication Services,708760.0,114.46
HDVTY,Henderson Investment Ltd ADR,0.162,12,6,9,9,3,6,4,49,-8.0,41.0,Weak,Watchlist only,62,0.0,0.0,0.0,74.9,1,,Consumer Cyclical,98733408.0,459.97
ELVUF,Elevate Uranium Ltd,0.178,7,9,8,18,4,0,5,51,-18.0,41.0,Weak,Watchlist only,40,-3.4,8.3,4.5,53.1,3,,Energy,70600472.0,50667.81
MTQCF,MTQCF,0.172,8,5,3,8,3,1,5,33,0.0,41.0,Weak,🔥 COILED: Watchlist only,32,0.0,0.0,0.2,50.6,0,,nan,38269412.0,201.0
ARRT,Artisan Consumer Goods Inc,0.212,8,5,11,10,6,1,4,45,-7.0,41.0,Weak,Watchlist only,39,0.0,0.0,0.6,67.3,1,,Consumer Defensive,932810.0,2033.0
SMNRF,S2 Minerals Inc,0.251,11,6,4,10,4,2,4,41,-5.0,41.0,Weak,🔥 COILED: Watchlist only,49,0.0,0.0,1.4,53.2,1,,Basic Materials,6017381.0,11.29
BKTH,"Breakthrough Chemistry, Inc.",0.28,11,13,10,14,6,2,2,58,-21.0,41.0,Weak,Watchlist only,53,-0.1,12.6,3.7,52.6,3,,Industrials,2589357.0,4324.66
ALOD,Allied Resources Inc,0.25,14,13,5,7,4,6,4,53,-8.0,41.0,Weak,Watchlist only,53,31.6,0.0,9.4,59.2,1,,Energy,1413252.0,114.06
IPTND,IPTND,0.264,12,6,11,10,6,2,4,51,-13.0,41.0,Weak,Watchlist only,59,0.0,0.0,0.3,99.6,0,,Technology,338811.0,129.17
GIXXR,GigCapital9 Corp. Rights,0.29,6,8,2,14,7,2,2,41,0.0,41.0,Weak,Watchlist only,0,1.8,1.8,-3.0,47.4,0,,nan,nan,0.0
NRDMF,NRDMF,0.28,8,7,7,13,2,4,2,43,-5.0,41.0,Weak,Watchlist only,40,2.6,0.4,-0.1,50.6,1,,Basic Materials,nan,14070.28
JSDA,Jones Soda Co,0.3,13,4,3,11,3,2,2,38,0.0,41.0,Weak,Watchlist only,58,-3.2,-1.6,-1.2,49.5,0,,Consumer Defensive,37884276.0,168911.98
TWOSF,TWOSF,0.341,17,13,8,9,4,7,5,63,-22.0,41.0,Weak,Watchlist only,48,13.8,10.6,14.4,62.6,3,,Basic Materials,20536994.0,12201.5
PRNAF,Alterity Therapeutics Limited,0.35,14,3,3,11,6,4,5,46,-5.0,41.0,Weak,Watchlist only,54,-22.2,-22.2,9.0,59.2,1,,Healthcare,76127912.0,0.0
PCRBF,Pricer AB (publ),0.356,13,6,11,10,3,2,4,49,-13.0,41.0,Weak,🔥 COILED: Watchlist only,26,0.0,0.0,0.0,82.6,0,,Industrials,58171952.0,173.0
SCNX,"Scienture Holdings, Inc.",0.382,7,10,5,12,4,0,5,43,-3.0,41.0,Weak,Watchlist only,36,-2.4,-7.8,0.9,51.3,1,,Healthcare,15512845.0,8512660.66
BIVIW,BioVie Inc. Warrant,0.38,5,10,1,11,5,4,5,41,0.0,41.0,Weak,Watchlist only,54,8.6,-28.3,-4.8,48.4,0,,nan,nan,7456.7
CVNZF,Comvita Limited,0.416,8,6,10,8,6,1,4,43,-5.0,41.0,Weak,Watchlist only,0,0.0,0.0,-0.0,19.0,1,,Consumer Defensive,32488492.0,0.0
TNJIF,Tianjin Capital Environmental Protection Group Company Limited,0.465,7,6,10,7,0,2,4,36,0.0,41.0,Weak,🔥 COILED: Watchlist only,46,0.0,0.0,0.0,50.0,0,,Industrials,729616192.0,40.0
TDSA,Cabana Target Drawdown 5 ETF,0.496,9,14,5,5,7,4,2,46,-10.0,41.0,Weak,🔥 COILED: Watchlist only,67,3.3,5.6,0.9,52.2,1,,nan,nan,4380101.95
CRYIF,CRYIF,0.547,7,4,10,10,3,2,4,40,-2.0,41.0,Weak,Watchlist only,49,0.0,0.0,0.0,63.9,0,,Consumer Cyclical,1559923072.0,0.03
FCUL,Food Culture Inc.,0.55,16,4,5,11,6,0,5,47,-6.0,41.0,Weak,Watchlist only,38,0.0,38.9,10.0,73.7,2,,Consumer Cyclical,24799298.0,5674.45
HPIFF,Huadian Power International Corporation Limited,0.614,10,3,11,8,6,2,4,44,-3.0,41.0,Weak,Watchlist only,0,0.0,0.0,0.1,78.3,0,,Utilities,7129629696.0,0.0
AINHF,Ai-Media Technologies Limited,0.6,9,6,10,7,3,2,4,41,-5.0,41.0,Weak,🔥 COILED: Watchlist only,41,0.0,0.0,0.0,50.0,1,,Communication Services,126592184.0,77.95
GRPRF,Grupo Rotoplas S.A.B. de C.V,0.78,15,6,10,9,6,6,4,56,-18.0,41.0,Weak,Watchlist only,61,0.0,0.0,0.1,97.4,1,,Industrials,374151296.0,250.5
PMTRW,Perimeter Acquisition Corp. I Warrant,0.896,15,3,4,7,5,0,4,38,0.0,41.0,Weak,Watchlist only,44,-5.7,1.3,0.3,51.6,0,,nan,nan,20434.64
MLMC,"Mike Lindell Media, Corp.",0.925,8,14,4,7,9,2,5,49,-8.0,41.0,Weak,Watchlist only,33,12.8,2.8,2.6,50.9,2,,Communication Services,36274688.0,3769.78
ESPT,"Espre Technologies, Inc.",0.9,8,3,10,8,3,2,4,38,0.0,41.0,Weak,Watchlist only,32,0.0,0.0,-0.0,0.0,0,,Technology,4768201.0,29.93
CORBF,Global Cord Blood Corporation,0.95,6,4,10,8,3,1,4,36,0.0,41.0,Weak,🔥 COILED: Watchlist only,37,0.0,0.0,-0.2,44.4,0,,Healthcare,140610448.0,7503.83
AURX,Nuo Therapeutics Inc,1.0,8,13,9,9,3,0,3,45,-3.0,41.0,Weak,Watchlist only,36,0.0,2.0,1.6,51.1,1,,Healthcare,48408728.0,3045.26
NOKPF,Nok Airlines Public Company Limited,0.01,13,6,9,5,7,5,5,50,-6.0,40.0,Weak,Watchlist only,59,25.0,0.0,11.8,54.2,0,,Industrials,37291868.0,51930.0
PTLKF,PT Lippo Karawaci Tbk,0.01,5,4,10,7,3,2,4,35,0.0,40.0,Weak,🔥 COILED: Watchlist only,38,0.0,0.0,-0.0,44.7,0,,Healthcare,35438660.0,0.0
FRDSF,4DS Memory Limited,0.01,13,6,10,6,3,4,5,47,-12.0,40.0,Weak,🔥 COILED: Watchlist only,26,0.0,0.0,10.9,63.8,0,,Technology,31375050.0,8689.22
ACMNF,ACMNF,0.01,8,3,10,7,3,2,4,37,0.0,40.0,Weak,Watchlist only,33,0.0,0.0,-0.0,0.0,0,,Basic Materials,24349914.0,8.0
AWON,A1 Group Inc,0.002,6,8,6,13,7,2,5,47,-10.0,40.0,Weak,Watchlist only,39,-10.7,4.2,-1.4,50.2,0,,Consumer Defensive,2074897.0,418865.13
GBBLF,Global Energy Ventures Ltd,0.001,8,3,9,8,3,2,4,37,0.0,40.0,Weak,Watchlist only,29,0.0,0.0,-0.0,0.0,0,,Energy,1517706.0,27000.0
CRTG,Coretec Group Inc,0.002,10,4,9,14,3,0,5,45,-5.0,40.0,Weak,Watchlist only,26,0.0,0.0,13.8,56.8,1,,Technology,1107432.0,11141.5
LSLCF,Lachlan Star Limited,0.003,8,6,10,9,3,2,4,42,-5.0,40.0,Weak,Watchlist only,28,0.0,0.0,-0.0,23.1,1,,Basic Materials,1003202.0,23.37
ATXMF,Advantex Marketing International Inc,0.003,7,6,10,8,3,2,4,40,-5.0,40.0,Weak,🔥 COILED: Watchlist only,46,0.0,0.0,0.0,50.0,1,,Communication Services,743092.0,12.49
CSUI,Cannabis Suisse Corp,0.008,7,4,10,8,4,0,2,35,0.0,40.0,Weak,🔥 COILED: Watchlist only,36,0.0,-6.6,0.5,51.0,0,,Real Estate,600788.0,12609.96
PVMCF,Pine Valley Mining Corp,0.005,8,7,9,8,3,1,4,40,-5.0,40.0,Weak,🔥 COILED: Watchlist only,36,0.0,0.0,0.0,54.3,1,,Basic Materials,393810.0,4762.19
FMELF,Future Metals NL,0.013,5,4,6,7,6,3,4,35,0.0,40.0,Weak,🔥 COILED: Watchlist only,43,0.0,0.0,-0.3,49.0,0,,Basic Materials,12267530.0,12803.33
KAMRF,Kalamazoo Resources Limited,0.02,10,7,12,5,6,4,4,48,-13.0,40.0,Weak,🔥 COILED: Watchlist only,32,0.0,0.0,1.8,70.8,0,,Basic Materials,7595385.0,2220.0
VZTCF,Vaultz Capital Plc,0.02,5,6,10,7,3,2,4,37,0.0,40.0,Weak,Watchlist only,35,0.0,0.0,-0.0,4.3,0,,Financial Services,4259819.0,242.93
YBGJ,Yubo International Biotech Limited,0.014,15,3,5,14,6,0,5,48,-8.0,40.0,Weak,Watchlist only,34,0.0,-6.0,16.9,76.1,1,,Healthcare,2385891.0,4021.13
REOS,ReoStar Energy Corp,0.014,5,9,7,14,3,2,5,45,-5.0,40.0,Weak,Watchlist only,37,-6.0,-2.1,-2.7,47.7,1,,Energy,1236814.0,127119.22
DHAI,"DIH Holdings US, Inc. Class A Common Stock",0.02,8,5,11,12,3,1,5,45,-8.0,40.0,Weak,Watchlist only,32,0.0,0.0,14.9,77.1,1,,Healthcare,41853.0,84054.42
MCRXF,Micro-X Limited,0.03,7,10,6,8,3,2,5,41,-1.0,40.0,Weak,Watchlist only,35,0.0,0.0,14.4,55.6,1,,Healthcare,22440988.0,6868.86
MALDF,Macau Legend Development Limited,0.021,8,6,10,7,3,4,4,42,-5.0,40.0,Weak,Watchlist only,40,0.0,0.0,-0.0,19.3,1,,Consumer Cyclical,14567534.0,84.64
BITTF,Bitterroot Resources Ltd,0.025,4,10,8,9,3,2,2,38,2.0,40.0,Weak,Watchlist only,33,0.0,-0.4,-0.8,47.0,0,,Basic Materials,3169088.0,46544.69
TPHS,Trinity Place Holdings Inc,0.023,9,5,6,11,2,4,5,42,-5.0,40.0,Weak,Watchlist only,35,0.4,0.4,-0.1,50.7,2,,Real Estate,1525691.0,36001.43
DTWOF,D2 Lithium Corp.,0.03,11,1,10,9,4,2,4,41,0.0,40.0,Weak,Watchlist only,26,0.0,0.0,-0.0,44.6,0,,Basic Materials,1086954.0,7064.7
ATALF,ATALF,0.034,10,8,7,14,4,7,5,55,-18.0,40.0,Weak,Watchlist only,22,29.3,28.8,10.4,53.1,3,,Basic Materials,59699112.0,0.0
EDNSF,Eden Research plc,0.035,5,4,9,8,3,2,4,35,0.0,40.0,Weak,🔥 COILED: Watchlist only,28,0.0,0.0,0.0,50.0,0,,Basic Materials,28117706.0,1000.0
RENXF,RENXF,0.036,13,6,12,10,6,2,4,53,-18.0,40.0,Weak,🔥 COILED: Watchlist only,30,0.0,0.0,1.6,91.5,1,,Healthcare,16138621.0,368.0
ETFLF,Eastfield Resources Ltd,0.035,5,11,3,7,8,2,2,38,2.0,40.0,Weak,Watchlist only,52,1.4,1.4,4.6,51.9,0,,Basic Materials,3943701.0,6736.29
ELIXF,Elixxer Ltd,0.034,7,8,11,9,3,2,4,44,-7.0,40.0,Weak,Watchlist only,35,0.0,0.0,0.0,66.5,1,,Healthcare,3191312.0,495.78
MGTC,Megatech Corp,0.04,7,4,8,10,4,7,4,44,0.0,40.0,Weak,Watchlist only,13,0.0,0.0,-3.6,0.0,0,,Industrials,1797200.0,154.87
GBCMD,Global Bio-chem Technology Group Company Limited,0.05,15,6,10,8,3,2,4,48,-13.0,40.0,Weak,🔥 COILED: Watchlist only,54,0.0,0.0,8.9,100.0,0,,Consumer Defensive,83941056.0,0.0
TVIPF,TVI Pacific Inc,0.05,8,5,6,12,1,6,2,40,2.0,40.0,Weak,Watchlist only,42,0.0,0.0,-2.5,43.3,0,,Basic Materials,36429352.0,16157.23
JMPHF,Leveljump Healthcare Corp,0.043,8,3,10,7,3,2,4,37,0.0,40.0,Weak,Watchlist only,34,0.0,0.0,-0.0,6.7,0,,Healthcare,4739467.0,12.5
EOXFF,Euromax Resources Ltd,0.057,11,4,7,7,6,3,2,40,-5.0,40.0,Weak,🔥 COILED: Watchlist only,56,0.0,0.0,-0.8,52.9,1,,Basic Materials,53427096.0,8704.5
LTHIF,InZinc Mining Ltd,0.07,17,4,8,14,6,4,5,58,-18.0,40.0,Weak,Watchlist only,57,0.0,0.0,16.9,91.1,1,,Basic Materials,9853520.0,15914.5
HCNWF,Hypercharge Networks Corp.,0.066,12,7,4,8,7,0,2,40,-3.0,40.0,Weak,Watchlist only,54,-5.7,0.0,-1.1,49.3,1,,Consumer Cyclical,8868187.0,41803.19
BRNHF,Broncus Holding Corporation,0.08,8,4,10,9,3,2,4,40,-5.0,40.0,Weak,🔥 COILED: Watchlist only,38,0.0,0.0,-0.0,48.1,1,,Healthcare,42126324.0,300.0
SPST,"Superstar Platforms, Inc.",0.079,14,9,7,10,5,2,5,52,-12.0,40.0,Weak,Watchlist only,0,-1.2,6.9,7.1,57.5,0,,Financial Services,14400903.0,0.0
FFLO,Free Flow Inc,0.081,12,6,11,9,6,2,4,50,-13.0,40.0,Weak,Watchlist only,45,0.0,0.0,0.1,99.9,0,,Consumer Cyclical,2504800.0,48.27
FHGDF,Founder Holdings Limited,0.09,17,5,7,15,3,6,5,58,-18.0,40.0,Weak,Watchlist only,46,28.6,28.6,22.2,96.2,2,,Technology,103733016.0,462.0
SPODF,Spod Lithium Corp.,0.083,12,7,9,13,6,2,4,53,-18.0,40.0,Weak,🔥 COILED: Watchlist only,44,0.0,0.0,0.3,98.7,1,,Basic Materials,521469.0,19.04
AOXY,Advanced Oxygen Technologies Inc,0.088,10,6,4,8,3,2,5,38,2.0,40.0,Weak,Watchlist only,55,16.8,16.8,5.4,54.5,2,,Real Estate,288461.0,1381.88
ASCC,Aristocrat Group Corp,0.093,16,6,6,10,3,1,3,45,-15.0,40.0,Weak,🔥 COILED: Watchlist only,53,-0.7,4.0,2.9,51.4,1,,Consumer Defensive,3937907.0,1643.34
PVLTF,Beijing Energy International Holding Co. Ltd,0.11,8,3,10,7,3,2,4,37,0.0,40.0,Weak,Watchlist only,37,0.0,0.0,-0.0,0.0,1,,Utilities,241875088.0,9.5
SLVMF,Silver Mines Limited,0.102,9,5,6,13,0,3,4,40,0.0,40.0,Weak,Watchlist only,31,11.1,18.5,3.1,52.1,2,,Consumer Defensive,244131152.0,42024.51
CYGGF,Cygnus Metals Limited,0.11,14,13,6,11,6,5,5,60,-20.0,40.0,Weak,Watchlist only,50,13.4,13.6,9.0,58.0,3,,Basic Materials,134703680.0,44296.15
VDOMF,Val-d'Or Mining Corporation,0.134,18,10,13,12,6,3,5,67,-27.0,40.0,Weak,Watchlist only,51,30.1,30.1,17.5,68.6,3,,Basic Materials,12781591.0,14418.09
TNREF,Taranis Resources Inc,0.104,16,10,7,14,4,3,5,59,-19.0,40.0,Weak,Watchlist only,27,29.9,15.4,15.2,69.3,3,,Basic Materials,10778533.0,0.0
TBRDF,TBRDF,0.101,15,5,6,9,3,2,4,44,-7.0,40.0,Weak,Watchlist only,56,0.0,0.0,4.6,61.6,1,,Basic Materials,5241912.0,106.1
NRHI,Natural Resource Holdings Inc.,0.131,8,4,8,7,6,5,2,40,-3.0,40.0,Weak,Watchlist only,57,0.0,0.0,-0.3,52.7,1,,Basic Materials,731157.0,928.59
VUVAF,Texton Property Fund Ltd Accum.Units ZAR,0.136,8,3,9,8,3,2,4,37,0.0,40.0,Weak,Watchlist only,32,0.0,0.0,-0.0,0.0,0,,Real Estate,nan,7145.05
HOFBF,Hofseth BioCare ASA,0.167,7,6,10,8,3,2,4,40,-5.0,40.0,Weak,🔥 COILED: Watchlist only,38,0.0,0.0,0.0,50.0,1,,Consumer Defensive,84337976.0,3037.5
ELMTF,Element 25 Limited,0.171,9,6,5,8,4,7,5,44,-3.0,40.0,Weak,Watchlist only,20,5.9,-9.9,1.7,51.7,1,,Basic Materials,55412036.0,12145.02
LVGLF,Lake Victoria Gold Ltd,0.196,12,9,9,10,6,1,4,51,-11.0,40.0,Weak,Watchlist only,38,12.3,3.1,4.4,54.8,2,,Basic Materials,39236748.0,222701.78
RGCCF,Relevant Gold Corp,0.246,4,12,9,10,3,2,3,43,-3.0,40.0,Weak,Watchlist only,28,0.6,7.1,1.1,48.7,1,,Basic Materials,34334944.0,47925.6
CMWCF,Cromwell Property Group,0.252,8,3,10,7,3,2,4,37,0.0,40.0,Weak,Watchlist only,30,0.0,0.0,-0.0,0.0,0,,Real Estate,661001984.0,51.9
BTRAF,Brightstar Resources Limited,0.253,10,6,8,8,4,1,5,42,-7.0,40.0,Weak,🔥 COILED: Watchlist only,19,-1.5,-1.5,0.0,50.5,1,,Basic Materials,277668416.0,10070.6
AEUXF,AEUXF,0.269,4,10,7,7,5,2,5,40,-3.0,40.0,Weak,Watchlist only,0,7.7,5.6,0.6,49.9,1,,Energy,105879208.0,0.0
BJWTF,Beijing Enterprises Water Group Limited,0.3,4,3,10,10,3,3,4,37,0.0,40.0,Weak,Watchlist only,19,0.0,0.0,-0.5,39.3,0,,Utilities,3008433408.0,0.0
MDIYF,Mr D.I.Y. Group (M) Berhad,0.355,8,3,10,7,3,2,4,37,0.0,40.0,Weak,Watchlist only,31,0.0,0.0,-0.0,21.4,0,,Consumer Cyclical,3363556352.0,98.17
ELTP,Elite Pharma Inc,0.37,5,8,4,14,5,2,5,43,-3.0,40.0,Weak,Watchlist only,30,-2.5,-7.4,-1.6,47.8,0,,Healthcare,398525696.0,649680.07
SSVFF,Southern Silver Exploration Corp.,0.379,11,14,11,14,4,4,5,63,-21.0,40.0,Weak,Watchlist only,43,4.7,20.0,10.2,58.4,3,,Basic Materials,156243888.0,632073.91
LMRXF,Laramide Resources Ltd.,0.36,3,14,6,8,4,6,2,43,-3.0,40.0,Weak,Watchlist only,13,0.0,2.9,-2.4,40.7,1,,Energy,99542272.0,72616.21
NZMEF,NZME Limited,0.35,5,4,9,8,3,2,4,35,0.0,40.0,Weak,🔥 COILED: Watchlist only,28,0.0,0.0,0.0,50.0,1,,Communication Services,65863564.0,0.0
AVTBF,Avant Brands Inc,0.408,10,18,7,5,6,2,4,52,-15.0,40.0,Weak,Watchlist only,42,4.0,7.4,1.4,50.7,2,,Healthcare,6147319.0,10233.32
TGDLF,Tongdao Liepin Group,0.483,8,3,10,7,3,2,4,37,0.0,40.0,Weak,Watchlist only,28,0.0,0.0,-0.0,0.0,0,,Industrials,221970384.0,33.25
BECVY,BEC World PCL ADR,0.53,6,3,10,9,3,2,4,37,0.0,40.0,Weak,Watchlist only,33,0.0,0.0,-0.0,0.0,0,,Communication Services,119393552.0,0.0
TPTJF,Topps Tiles Plc,0.508,8,3,8,9,3,2,4,37,0.0,40.0,Weak,Watchlist only,39,0.0,0.0,-0.0,1.7,0,,Consumer Cyclical,99525880.0,16.63
SBMFF,Sino Biopharmaceutical Limited,0.637,5,2,9,10,3,3,5,37,0.0,40.0,Weak,Watchlist only,27,0.0,0.0,-3.1,34.8,0,,Healthcare,11322023936.0,0.0
FRWDF,Fairwood Holdings Limited,0.638,8,3,10,7,3,2,4,37,0.0,40.0,Weak,Watchlist only,30,0.0,0.0,-0.0,0.1,0,,Consumer Cyclical,82654680.0,137.5
BGAVF,Bravada Gold Corporation,0.6,15,9,5,9,4,4,5,51,-11.0,40.0,Weak,Watchlist only,55,-6.2,2.9,2.8,55.0,0,,Basic Materials,17250912.0,148833.36
TVBCY,Television Broadcasts Ltd,0.69,18,4,5,11,6,4,5,53,-13.0,40.0,Weak,Watchlist only,30,21.1,21.1,12.2,88.7,2,,Communication Services,161101824.0,28.68
ITRE,IntriEnergy Inc,0.65,5,4,9,8,3,2,4,35,0.0,40.0,Weak,🔥 COILED: Watchlist only,28,0.0,0.0,0.0,50.0,0,,Utilities,nan,7.85
THRC,Havana Roasters Coffee Companies Inc.,0.7,14,7,11,5,4,2,4,47,-15.0,40.0,Weak,🔥 COILED: Watchlist only,31,0.0,0.0,0.0,49.0,1,,Consumer Defensive,68810.0,366.54
NZAUF,Rua Gold Inc,0.769,7,14,6,9,3,0,3,42,-3.0,40.0,Weak,Watchlist only,29,5.3,6.1,0.9,49.1,2,,Basic Materials,92108432.0,101394.72
GWLL,Goldenwell Biotech Inc,0.9,13,5,7,14,6,3,5,53,-13.0,40.0,Weak,Watchlist only,44,0.0,0.0,7.8,81.6,0,,Consumer Defensive,89100000.0,239.11
SHZNF,Shenzhen Expressway Company Limited,0.95,8,4,11,8,3,2,4,40,-3.0,40.0,Weak,Watchlist only,0,0.0,0.0,0.0,71.0,0,,Industrials,2929030656.0,0.0
NWINF,Naked Wines plc,0.978,16,4,9,7,1,1,5,43,-3.0,40.0,Weak,Watchlist only,64,-0.2,3.2,2.1,58.2,1,,Consumer Defensive,64671948.0,2324.56
BBOP,Bebop Channel Corp,1.0,8,3,10,7,3,2,4,37,0.0,40.0,Weak,Watchlist only,38,0.0,0.0,-0.0,0.0,0,,Communication Services,8733041.0,4.0
KNBA,Kinbasha Gaming International Inc,0.2,13,6,6,12,3,0,5,45,-5.8,39.2,Poor,Stay away,33,0.0,-19.8,25.0,67.4,0,,Financial Services,20000000.0,1924.5
GMELF,GOME Retail Holdings Limited,0.002,3,3,9,9,3,5,4,36,0.0,39.0,Poor,Stay away,15,0.0,0.0,-1.7,27.4,0,,Consumer Cyclical,119874920.0,875.0
NWFAF,New Focus Auto Tech Holdings Limited,0.002,3,3,9,11,3,3,4,36,0.0,39.0,Poor,Stay away,13,0.0,0.0,-2.4,36.3,0,,Consumer Cyclical,41320676.0,1391.94
KRCLF,King River Resources Ltd,0.01,12,6,11,6,3,2,4,44,-10.0,39.0,Poor,🔥 COILED: Stay away,51,0.0,0.0,0.0,50.0,0,,Basic Materials,15585870.0,270.0
BRNGF,Buru Energy Limited,0.01,8,3,10,9,3,2,4,39,0.0,39.0,Poor,Stay away,23,0.0,0.0,-0.0,14.5,0,,Energy,13586604.0,24038.5
ECWDF,ECWDF,0.002,9,6,11,7,0,2,4,39,-5.0,39.0,Poor,🔥 COILED: Stay away,53,0.0,0.0,0.0,50.0,1,,Real Estate,1214757.0,95.0
SNNC,Sibannac Inc,0.009,6,12,12,17,4,2,4,57,-21.0,39.0,Poor,Stay away,44,13.0,40.3,14.7,54.1,3,,Healthcare,1179385.0,160329.27
SLGWQ,SLGWQ,0.003,8,4,10,8,3,2,4,39,-5.0,39.0,Poor,🔥 COILED: Stay away,39,0.0,0.0,0.0,50.0,1,,Healthcare,1038227.0,329.32
MMSDF,Macarthur Minerals Limited,0.002,3,3,10,8,3,5,4,36,0.0,39.0,Poor,Stay away,16,0.0,0.0,-8.3,31.6,0,,Basic Materials,822543.0,3575.29
RSLT,Resilient Healthcare Corp,0.003,6,6,8,8,3,1,4,36,0.0,39.0,Poor,Stay away,0,0.0,0.0,-0.8,2.7,0,,Healthcare,347524.0,0.0
AJOY,Ayujoy Herbals Ltd,0.002,5,3,10,9,3,2,4,36,0.0,39.0,Poor,Stay away,29,0.0,0.0,-0.0,6.6,0,,Consumer Defensive,136730.0,11087.89
FLWBF,Flow Beverage Corp,0.001,7,6,10,9,3,2,4,41,-5.0,39.0,Poor,Stay away,31,0.0,0.0,-0.0,9.4,1,,Consumer Defensive,95383.0,4259.14
NVOS,Novo Integrated Sciences Inc,0.004,4,7,6,14,3,7,5,46,-7.0,39.0,Poor,Stay away,33,-7.5,-5.1,-1.7,48.2,1,,Healthcare,73001.0,5266.93
SWVLW,Swvl Holdings Corp Warrant,0.009,8,13,4,11,6,2,5,49,-8.0,39.0,Poor,Stay away,52,-6.3,-8.2,6.9,54.5,0,,Technology,nan,30233.24
DYNA,Dynastar Holdings Inc,0.012,13,5,3,13,4,2,5,45,-2.0,39.0,Poor,Stay away,60,15.0,15.0,7.8,56.0,2,,Financial Services,28012380.0,34562.67
CPIHF,Champion Technology Holdings Ltd,0.016,5,4,9,7,3,2,4,34,0.0,39.0,Poor,🔥 COILED: Stay away,40,0.0,0.0,0.0,50.0,0,,Energy,17561838.0,0.43
RECX,Recreatives Industries Inc.,0.012,6,11,4,14,4,0,5,44,-3.0,39.0,Poor,Stay away,38,-5.6,-11.3,2.9,51.7,0,,Consumer Cyclical,2496891.0,1139276.25
YOOIF,YANGAROO Inc,0.02,2,4,8,8,3,3,4,32,2.0,39.0,Poor,🔥 COILED: Stay away,19,0.0,0.0,-7.5,42.6,0,,Communication Services,1271529.0,2277.5
CUBXF,CubicFarm Systems Corp,0.02,7,7,11,9,3,2,4,43,-7.0,39.0,Poor,Stay away,36,0.0,0.0,0.0,61.7,1,,Industrials,789791.0,2243.92
MLPH,Molecular Pharmacology (USA) Ltd,0.02,15,5,11,10,6,2,5,54,-18.0,39.0,Poor,Stay away,51,0.0,0.0,16.9,88.1,1,,Financial Services,403819.0,0.0
ENAI,ENAI,0.02,15,6,12,7,6,2,4,52,-18.0,39.0,Poor,🔥 COILED: Stay away,51,0.0,0.0,6.6,97.5,1,,Financial Services,403819.0,427.86
MLPHD,AI Energy Inc.,0.02,15,6,12,7,6,2,4,52,-18.0,39.0,Poor,🔥 COILED: Stay away,51,0.0,0.0,5.0,97.3,1,,Financial Services,403819.0,433.02
ALTAF,Altura Mining Limited,0.031,10,5,6,12,3,1,2,39,-5.0,39.0,Poor,🔥 COILED: Stay away,52,0.0,0.0,4.5,51.5,1,,Basic Materials,12519583.0,0.0
TKOI,Telkonet Inc,0.023,9,6,6,8,5,2,5,41,-5.0,39.0,Poor,Stay away,50,-25.8,-20.1,-11.0,46.3,1,,Technology,6926761.0,468266.9
OARFF,Fort St. James Nickel Corp,0.023,7,6,10,7,3,2,4,39,-5.0,39.0,Poor,🔥 COILED: Stay away,33,0.0,0.0,0.0,50.0,1,,Basic Materials,598460.0,89.8
ALGEF,Alligator Energy Limited,0.036,14,10,3,12,6,0,5,50,-11.0,39.0,Poor,Stay away,60,-15.6,2.8,0.1,50.9,0,,Energy,131779912.0,257223.34
HNTRF,Gold Hunter Resources Inc.,0.032,12,5,5,12,1,2,5,42,-3.0,39.0,Poor,Stay away,33,-11.2,15.7,3.2,54.9,2,,Basic Materials,10338930.0,42520.48
VMSSF,Vortex Metals Inc,0.032,15,9,10,13,5,4,5,61,-22.0,39.0,Poor,Stay away,62,22.7,30.2,18.9,63.7,3,,Basic Materials,3945882.0,19194.44
ALRGF,Antler Gold Inc,0.031,7,6,10,7,3,2,4,39,-5.0,39.0,Poor,🔥 COILED: Stay away,32,0.0,0.0,0.0,50.0,1,,Basic Materials,2843008.0,52.5
GORIF,Golden Ridge Resources Ltd,0.035,4,3,10,7,3,5,4,36,0.0,39.0,Poor,Stay away,25,0.0,0.0,-0.6,33.5,0,,Basic Materials,2048946.0,0.0
RSNUF,Renascor Resources Limited,0.052,17,5,4,8,6,2,4,46,-10.0,39.0,Poor,Stay away,53,0.0,42.3,4.9,55.2,2,,Basic Materials,131895120.0,2825.98
OKMN,"Okmin Resources, Inc.",0.07,15,6,12,9,4,2,4,52,-18.0,39.0,Poor,🔥 COILED: Stay away,56,0.0,0.0,3.0,83.7,1,,Energy,8994250.0,3036.51
MMMPF,Mermaid Maritime Public Company Limited,0.08,15,5,5,11,6,2,5,49,-13.0,39.0,Poor,Stay away,48,0.0,0.0,0.6,100.0,0,,Energy,151259456.0,85.0
COLRF,China Medical & HealthCare Group Limited,0.08,8,3,9,7,3,2,4,36,0.0,39.0,Poor,Stay away,44,0.0,0.0,-0.0,0.0,0,,Healthcare,80842432.0,12.0
BBLC,Blockchain Loyalty Corp,0.073,9,9,4,8,4,0,5,39,-1.0,39.0,Poor,Stay away,59,-19.0,-19.0,5.5,51.1,0,,Financial Services,3630238.0,6802.05
GALMF,GALMF,0.099,4,7,6,9,0,4,4,34,0.0,39.0,Poor,🔥 COILED: Stay away,0,0.0,0.0,-0.1,41.6,0,,Basic Materials,19564868.0,0.0
APGP,AmpliPay Group Inc.,0.098,10,13,6,11,8,6,2,56,-13.0,39.0,Poor,Stay away,62,28.9,28.9,15.7,58.7,3,,Technology,860749.0,885.92
MNDDF,Monde Nissin Corporation,0.12,5,3,10,9,3,2,4,36,0.0,39.0,Poor,Stay away,35,0.0,0.0,-0.0,0.0,0,,Consumer Defensive,2156233216.0,80.0
THURF,Thunderstruck Resources Ltd,0.1,6,7,11,7,3,1,4,39,-5.0,39.0,Poor,🔥 COILED: Stay away,43,0.0,0.0,1.4,56.5,1,,Basic Materials,7107121.0,2210.31
TRPTF,Tribe Property Technologies Inc,0.142,4,4,8,8,6,5,4,39,-5.0,39.0,Poor,🔥 COILED: Stay away,24,0.0,0.0,-0.2,41.8,1,,Technology,7087939.0,3641.9
DUSXF,Dustin Group AB (publ),0.17,7,3,10,7,3,2,4,36,0.0,39.0,Poor,Stay away,33,0.0,0.0,-0.0,31.3,0,,Technology,230908064.0,725.0
CGDXF,Xali Gold Corp,0.169,9,4,9,8,3,3,3,39,0.0,39.0,Poor,Stay away,29,-6.1,-3.4,-4.2,39.1,0,,Basic Materials,27106220.0,14972.84
NLGCF,Northern Lion Gold Corp,0.178,8,6,11,8,0,2,4,39,-5.0,39.0,Poor,🔥 COILED: Stay away,47,0.0,0.0,0.0,50.0,1,,Basic Materials,3031680.0,0.0
HPTO,hopTo Inc,0.15,14,4,5,13,6,5,5,52,-13.0,39.0,Poor,Stay away,47,15.4,15.4,12.5,95.7,2,,Technology,3225948.0,300.5
AKOBF,AKOBF,0.203,5,7,11,7,3,2,4,39,-5.0,39.0,Poor,🔥 COILED: Stay away,46,0.0,0.0,0.0,51.8,1,,Basic Materials,46546248.0,40.0
SCCFF,Strategic Resources Inc,0.205,11,5,5,7,4,3,4,39,-3.0,39.0,Poor,Stay away,26,1.2,1.2,0.9,51.6,1,,Basic Materials,12100739.0,854.21
SLCVF,SLCVF,0.26,13,7,8,5,3,1,4,41,-10.0,39.0,Poor,🔥 COILED: Stay away,22,0.0,0.0,0.2,52.7,0,,Industrials,1237088896.0,619.65
IGESF,IGas Energy plc,0.293,13,11,4,9,6,6,3,52,-13.0,39.0,Poor,Stay away,52,32.6,-0.8,11.4,57.1,2,,Energy,56386592.0,870.4
MNLXF,MiniLuxe Holding Corp,0.258,7,5,2,10,6,5,4,39,-5.0,39.0,Poor,🔥 COILED: Stay away,48,0.0,0.0,-0.1,50.4,1,,Consumer Cyclical,43225716.0,150.0
HPDHF,Hopson Development Holdings Limited,0.33,5,4,9,7,3,2,4,34,0.0,39.0,Poor,🔥 COILED: Stay away,27,0.0,0.0,0.0,50.0,0,,Real Estate,1251538560.0,6.6
ISTKF,Intellistake Technologies Corp.,0.316,10,8,5,15,2,0,5,45,-6.0,39.0,Poor,Stay away,34,2.3,-5.1,10.4,59.1,1,,Technology,46640428.0,66417.41
KIMO,KIMO,0.33,5,4,9,7,3,2,4,34,0.0,39.0,Poor,🔥 COILED: Stay away,28,0.0,0.0,0.0,50.0,0,,Consumer Defensive,5765972.0,40.0
HHEXF,HHEXF,0.335,3,14,5,9,3,2,4,40,-1.0,39.0,Poor,Stay away,17,-2.9,-3.2,-5.4,41.5,1,,nan,nan,28804.85
FSHUF,Fu Shou Yuan International Group Limited,0.38,8,3,10,9,0,2,4,36,0.0,39.0,Poor,Stay away,27,0.0,0.0,-0.0,0.0,1,,Consumer Cyclical,863004032.0,130.0
CRCUF,Canagold Resources Ltd,0.38,13,10,9,5,1,5,4,47,-13.0,39.0,Poor,🔥 COILED: Stay away,46,2.7,6.7,2.1,52.8,2,,Basic Materials,87828448.0,14300.43
RNGTW,Range Capital Acquisition Corp II Warrants,0.35,12,8,2,15,7,0,5,49,-10.0,39.0,Poor,Stay away,38,-7.4,4.5,-0.3,50.2,0,,nan,nan,0.0
DHAWF,DHAWF,0.41,5,4,9,7,3,2,4,34,0.0,39.0,Poor,🔥 COILED: Stay away,38,0.0,0.0,0.0,50.0,0,,Real Estate,287475872.0,0.54
EUBG,Entrepreneur Universe Bright Group,0.43,5,2,5,12,7,0,3,34,0.0,39.0,Poor,Stay away,40,-1.8,0.2,-1.2,47.1,0,,Industrials,73108336.0,2841.2
XTNT,Xtant Medical Holdings Inc,0.432,7,12,4,7,4,3,5,42,-3.0,39.0,Poor,Stay away,20,0.6,-1.7,-0.3,48.5,0,,Healthcare,60649704.0,183746.91
HAATF,Haad Thip Public Company Limited,0.484,8,3,9,7,3,2,4,36,0.0,39.0,Poor,Stay away,29,0.0,0.0,-0.0,0.0,0,,Consumer Defensive,194449376.0,155.0
GRMHF,Greentown Management Holdings Company Limited,0.5,5,4,9,7,3,2,4,34,0.0,39.0,Poor,🔥 COILED: Stay away,40,0.0,0.0,0.0,50.0,0,,Real Estate,980919168.0,2.5
AMGDF,Aston Martin Lagonda Global Holdings plc,0.52,6,12,7,7,4,2,4,42,-3.0,39.0,Poor,Stay away,33,4.6,2.0,2.3,50.7,2,,Consumer Cyclical,527758432.0,26110.43
PYBXD,PYBXD,0.546,4,13,2,11,3,2,5,40,-1.0,39.0,Poor,Stay away,40,-44.8,1.6,-31.4,45.8,1,,nan,107099.0,1275.46
PCGC,PeakCart Group Corp.,0.546,4,13,2,11,3,2,5,40,-1.0,39.0,Poor,Stay away,40,-44.8,1.6,-31.4,45.8,1,,Industrials,55732.0,1277.96
NXNT,NXNT,0.502,9,4,3,12,6,4,4,42,-3.0,39.0,Poor,Stay away,33,-27.2,0.4,-9.4,45.8,0,,nan,nan,1361.73
SBDCF,SBD Capital Corp,0.591,7,6,10,7,3,2,4,39,-5.0,39.0,Poor,🔥 COILED: Stay away,46,0.0,0.0,0.0,50.0,1,,Consumer Defensive,1437016.0,1126.04
ALSA,Alpha Star Acquisition Corp,0.6,16,5,13,11,6,5,5,61,-20.0,39.0,Poor,Stay away,40,1.7,2.6,4.2,68.3,1,,Financial Services,49542480.0,52256.0
ADCNF,ADCNF,0.65,5,4,9,7,3,2,4,34,0.0,39.0,Poor,🔥 COILED: Stay away,27,0.0,0.0,0.0,50.0,0,,Healthcare,466598304.0,5535.4
HRZRF,HRZRF,0.668,12,11,8,12,3,4,5,55,-14.0,39.0,Poor,Stay away,21,12.3,17.6,9.2,56.7,3,,nan,nan,9482.04
ATTRF,Ascott Residence Trust,0.739,10,4,10,5,3,6,4,42,-8.0,39.0,Poor,🔥 COILED: Stay away,55,0.0,0.0,-0.0,42.4,0,,Real Estate,2844669952.0,29.62
SJMHY,SJM Holdings Ltd ADR,0.74,6,7,4,13,3,3,5,41,-5.0,39.0,Poor,Stay away,17,1.8,1.8,-0.5,35.8,1,,Consumer Cyclical,1313833984.0,332.38
QPRC,Quest Products Corp,0.75,17,10,6,16,6,6,5,66,-25,39,Poor,Stay away,73,69.7,70.0,77.3,86.8,3,5,Industrials,2132789.0,886.36
IRCKF,Inter-Rock Minerals Inc,0.77,13,4,6,13,3,5,5,49,-13.0,39.0,Poor,Stay away,51,0.0,5.5,2.6,95.0,0,,Consumer Defensive,16707161.0,194.0
CETY,"Clean Energy Technologies, Inc. Common Stock",0.895,12,3,8,12,3,5,5,48,-9.0,39.0,Poor,Stay away,51,0.6,-13.1,-0.5,50.7,1,,Industrials,10888665.0,2123618.21
UNPSF,Uni-President China Holdings Ltd,0.9,6,4,8,8,3,1,4,34,0.0,39.0,Poor,🔥 COILED: Stay away,27,0.0,0.0,-0.1,45.2,0,,Consumer Defensive,3887400448.0,40.0
KTHUD,KTHUD,0.938,15,6,9,10,6,2,4,52,-18.0,39.0,Poor,🔥 COILED: Stay away,64,0.0,0.0,10.6,99.9,1,,Consumer Cyclical,44520880.0,134.47
NDGPF,Nine Dragons Paper (Holdings) Limited,0.95,16,4,6,10,6,2,5,49,-13.0,39.0,Poor,Stay away,51,0.0,5.6,2.7,96.6,0,,Basic Materials,4457609728.0,2604.0
BJCHY,Beijing Capital International Airport Co Ltd ADR,0.97,8,5,8,10,1,4,5,41,-5.0,39.0,Poor,Stay away,29,0.0,0.0,0.3,50.6,1,,Industrials,888360704.0,330.53
CPADF,Cookpad Inc,0.977,8,3,9,7,3,2,4,36,0.0,39.0,Poor,Stay away,31,0.0,0.0,-0.0,0.0,0,,Communication Services,70231256.0,177.04
CONC,ConectiSys Corporation,1.0,9,6,11,9,3,2,4,44,-8.0,39.0,Poor,Stay away,50,0.0,0.0,0.0,79.1,1,,Financial Services,888579.0,4.51
CILXX,Western Asset Institutional Liquid Reserves Ltd.,1.0,15,5,6,6,6,2,4,44,-10.0,39.0,Poor,🔥 COILED: Stay away,52,0.0,0.0,0.0,59.5,0,,nan,nan,0.0
WPUR,WaterPure International Inc,0.004,16,10,7,17,4,4,5,63,-22.5,38.5,Poor,Stay away,55,14.3,29.0,23.0,66.4,3,,Industrials,1375917.0,178605.75
CNNA,Cann American Corp,0.007,10,11,5,15,6,2,5,54,-15.8,38.2,Poor,Stay away,64,7.8,6.2,20.0,60.9,2,,Healthcare,1805501.0,408986.99
HAOTF,HAOTF,0.004,15,5,7,9,6,4,5,51,-13.0,38.0,Poor,Stay away,56,0.0,0.0,18.7,99.8,0,,Industrials,49929192.0,233.39
FBGI,First Shares Bancorp Inc,0.001,5,3,10,8,3,2,4,35,0.0,38.0,Poor,Stay away,31,0.0,0.0,-0.0,0.0,0,,Consumer Cyclical,30703528.0,437.5
CDBDF,Cloudbreak Discovery Plc,0.008,4,3,10,10,3,1,4,35,0.0,38.0,Poor,Stay away,30,0.0,0.0,-0.5,31.6,0,,Basic Materials,18391718.0,3050.03
PWDY,Powerdyne International Inc,0.002,15,12,9,17,4,7,5,69,-29,38,Poor,Stay away,30,41.2,50.0,28.4,60.1,3,,Industrials,4793960.0,3272874.7
TGIFF,1933 Industries Inc,0.005,5,7,9,7,4,2,2,36,2.0,38.0,Poor,Stay away,35,4.3,4.3,2.6,50.4,0,,Healthcare,2499663.0,104605.11
BMTM,Bright Mountain Media Inc,0.009,10,2,5,14,4,0,5,40,-5.0,38.0,Poor,Stay away,36,-9.3,0.0,0.0,53.0,1,,Communication Services,1654387.0,125331.15
GRSFF,Greencastle Resources Ltd,0.007,5,4,10,10,0,5,4,38,-5.0,38.0,Poor,🔥 COILED: Stay away,33,0.0,0.0,-0.1,48.8,1,,Energy,1442766.0,317.5
ANTCF,Aion Therapeutic Inc,0.002,7,6,11,10,3,2,4,43,-8.0,38.0,Poor,Stay away,38,0.0,0.0,0.0,74.2,1,,Healthcare,1256125.0,2424.63
DMIFF,Diamcor Mining Inc,0.002,4,3,10,7,3,4,4,35,0.0,38.0,Poor,Stay away,14,0.0,0.0,-0.8,21.6,0,,Basic Materials,421597.0,17656.57
FLRLF,FluroTech Ltd.,0.005,12,6,10,6,3,2,4,43,-10.0,38.0,Poor,🔥 COILED: Stay away,53,0.0,0.0,0.1,50.0,0,,Healthcare,116027.0,3.05
ANGCF,Angel Gold Corp,0.002,10,5,8,7,6,2,5,43,-5.0,38.0,Poor,Stay away,12,0.0,0.0,0.9,34.7,1,,Basic Materials,41706.0,379.35
FTIDF,FTIDF,0.001,8,6,10,7,3,2,4,40,-5.0,38.0,Poor,Stay away,26,0.0,0.0,-0.0,3.0,1,,Consumer Cyclical,30265.0,500.5
NENTY,Nordic Entertainment Group AB (publ),0.012,8,3,10,10,3,2,4,40,-5.0,38.0,Poor,Stay away,25,0.0,0.0,-0.0,33.1,1,,Communication Services,219285472.0,275.0
CSSXF,China Shuifa Singyes Energy Holdings Limited,0.02,5,3,9,10,3,1,4,35,0.0,38.0,Poor,Stay away,14,0.0,0.0,-0.3,0.0,0,,Technology,52030068.0,28.4
TAAG,Awareness Group,0.014,3,7,3,11,4,6,2,36,2.0,38.0,Poor,Stay away,46,7.7,-26.3,-8.0,46.3,1,,Communication Services,835715.0,28331.94
FITSF,Koios Beverage Corp,0.011,12,6,11,10,3,2,4,48,-13.0,38.0,Poor,Stay away,54,0.0,0.0,0.1,95.1,0,,Consumer Defensive,21029.0,65.79
AVPMF,Avrupa Minerals Ltd,0.021,3,3,10,7,3,5,4,35,0.0,38.0,Poor,Stay away,22,0.0,0.0,-7.1,5.2,0,,Basic Materials,1811769.0,4087.89
BLFR,Bluefire,0.03,12,7,11,9,6,4,4,53,-18.0,38.0,Poor,Stay away,45,0.0,0.0,3.8,90.0,1,,Financial Services,760421.0,2110.38
KAVL,Kaival Brands Innovations Group Inc,0.025,5,14,3,9,3,4,5,43,-3.0,38.0,Poor,Stay away,35,-7.7,-21.6,-4.2,47.8,1,,Consumer Defensive,488385.0,781185.02
BPCP,Bishop Capital Corp,0.03,5,4,10,7,3,2,4,35,0.0,38.0,Poor,Stay away,30,0.0,0.0,-0.0,0.0,0,,Real Estate,245.0,0.0
HENGF,Hengdeli Holdings Limited,0.033,15,5,6,9,6,2,5,48,-13.0,38.0,Poor,Stay away,58,0.0,0.0,4.9,100.0,0,,Industrials,88080384.0,12906.0
KRMMF,Kingsrose Mining Limited,0.04,13,5,7,11,6,4,5,51,-13.0,38.0,Poor,Stay away,45,0.0,0.0,4.3,99.2,0,,Basic Materials,30141060.0,6683.33
TGRP,TRON Group Inc,0.04,14,7,10,2,5,4,5,47,-12.0,38.0,Poor,Stay away,35,0.0,0.0,2.6,66.7,0,,Healthcare,7360000.0,5939.5
AKOM,Aerkomm Inc,0.041,8,6,10,7,3,2,4,40,-5.0,38.0,Poor,Stay away,23,0.0,0.0,-0.0,0.0,1,,Technology,807774.0,52.45
YMAIF,Yoma Strategic Holdings Ltd,0.056,6,3,10,7,3,2,4,35,0.0,38.0,Poor,Stay away,33,0.0,0.0,-0.0,0.0,0,,Industrials,133756248.0,0.0
GRCMF,Green Shift Commodities Ltd.,0.054,9,4,5,8,6,1,2,35,0.0,38.0,Poor,Stay away,55,0.0,-6.1,-3.5,44.1,0,,Basic Materials,7608396.0,7232.0
ESWW,Environmental Solutions Worldwide Inc,0.055,10,7,9,12,4,2,4,48,-13.0,38.0,Poor,Stay away,49,0.0,0.0,0.0,100.0,0,,Consumer Cyclical,7460.0,21.58
ROYIF,ROYIF,0.07,4,4,8,7,3,5,4,35,0.0,38.0,Poor,Stay away,41,-1.4,-1.1,-2.4,40.6,0,,Basic Materials,20478100.0,33017.5
LOBEF,Lobe Sciences Ltd,0.064,17,11,6,16,4,3,5,62,-22,38,Poor,Stay away,65,923.8,716.5,290.5,67.3,3,7,Healthcare,2157275.0,73912.36
AMLM,American Lithium Minerals Inc,0.078,9,5,9,11,7,1,5,47,-15.0,38.0,Poor,🔥 COILED: Stay away,39,-7.1,-2.0,0.3,51.4,1,,Basic Materials,7604032.0,133462.72
ALGLF,Alma Gold Inc,0.08,15,6,11,7,6,2,4,51,-18.0,38.0,Poor,🔥 COILED: Stay away,53,0.0,0.0,0.2,100.0,1,,Basic Materials,4619623.0,719.04
SRWRF,SolarWorld Aktiengesellschaft,0.08,12,7,11,11,4,4,4,53,-18.0,38.0,Poor,Stay away,56,0.0,0.0,2.4,99.5,1,,Technology,1191680.0,99.06
ABVEF,Above Food Ingredients Inc,0.09,3,13,2,11,3,0,4,36,-3.0,38.0,Poor,Stay away,24,-0.1,-7.3,-0.0,47.1,1,,Consumer Defensive,4607266.0,2512405.0
WECFF,White Energy Company Limited,0.14,14,4,9,10,3,0,5,45,-10.0,38.0,Poor,Stay away,48,3.3,-0.5,1.5,53.4,0,,Energy,70633720.0,0.0
BTRMF,Battery Mineral Resources Corp,0.115,13,16,12,7,8,6,5,67,-29,38,Poor,Stay away,46,13.3,15.0,11.1,64.0,4,,Basic Materials,40246500.0,31312.03
VPRB,VPR Brands LP,0.12,18,6,6,15,6,0,5,56,-18.0,38.0,Poor,Stay away,62,-0.8,166.7,33.4,73.1,2,,Consumer Defensive,11009617.0,42059.21
APMCF,Morien Resources Corp,0.127,7,8,5,11,4,3,3,41,-3.0,38.0,Poor,Stay away,19,0.8,0.8,-0.8,44.9,1,,Energy,7642973.0,10618.29
IHAI,Innovative Holdings Alliance Inc,0.11,9,6,1,12,3,2,5,38,0.0,38.0,Poor,Stay away,48,-2.3,-21.4,-5.7,48.9,0,,Financial Services,6607866.0,15661.01
NFLDF,Exploits Discovery Corp,0.13,6,12,3,8,8,2,2,41,-3.0,38.0,Poor,Stay away,52,1.6,-9.7,-0.6,49.8,1,,Basic Materials,5582249.0,28395.12
NEWDF,Newfoundland Discovery Corp,0.122,9,4,5,11,1,5,5,40,-5.0,38.0,Poor,Stay away,35,2.5,-0.8,0.5,51.5,2,,Basic Materials,1893480.0,25640.2
FESNF,First Real Estate Investment Trust,0.19,5,5,10,9,0,4,4,37,-2.0,38.0,Poor,Stay away,0,0.0,0.0,-0.0,68.5,0,,Real Estate,402654528.0,0.0
GOSS,Gossamer Bio Inc,0.178,15,6,5,14,0,2,5,47,-9.0,38.0,Poor,Stay away,29,24.7,4.3,3.7,50.8,1,,Healthcare,87161368.0,14214096.35
JLMKF,Jolimark Holdings Limited,0.206,11,4,3,9,6,2,5,40,-5.0,38.0,Poor,Stay away,48,-17.7,-17.7,-3.9,52.8,1,,Technology,151308592.0,214064.38
EMOTF,Emerita Resources Corp,0.24,5,12,8,8,3,0,4,40,-3.0,38.0,Poor,Stay away,21,-1.5,2.3,-0.3,48.9,1,,Basic Materials,67155664.0,125677.14
RGRLF,Star Phoenix Group Ltd,0.235,16,9,8,16,6,8,5,68,-28,38,Poor,Stay away,53,21.0,22.5,21.1,70.9,3,,nan,14534179.0,32203.01
BLMH,Blum Holdings Inc,0.22,10,14,9,2,4,2,2,43,-6.0,38.0,Poor,Stay away,31,10.0,29.4,13.7,55.7,2,,Healthcare,6936338.0,7669.72
AUHIF,Advance United Holdings Inc,0.234,16,5,6,11,1,1,5,45,-7.0,38.0,Poor,Stay away,37,0.0,0.0,17.4,64.9,1,,Basic Materials,5511220.0,668.02
INXSF,Intouch Insight Ltd,0.22,6,7,5,9,8,2,4,41,-3.0,38.0,Poor,Stay away,29,0.0,0.0,3.1,51.9,2,,Technology,5628264.0,4194.37
AMZE,Amaze Holdings Inc,0.2,17,11,2,9,6,4,5,54,-21,38,Poor,Stay away,36,117.4,117.4,35.7,59.1,3,9,Technology,1469649.0,1381311.0
MTLK,Metalink Ltd,0.21,5,3,10,8,3,2,4,35,0.0,38.0,Poor,Stay away,37,0.0,0.0,-0.0,16.1,0,,Financial Services,263684.0,356.05
AYAAF,Ayala Land Inc,0.25,13,7,11,6,3,1,4,45,-10.0,38.0,Poor,Stay away,22,0.0,0.0,0.1,57.7,0,,Real Estate,3572940544.0,0.0
SRCGF,Spruce Ridge Resources Ltd,0.27,7,16,9,4,5,0,2,43,-6.0,38.0,Poor,Stay away,40,0.0,6.8,1.0,50.3,0,,Basic Materials,61243664.0,110586.01
FCLIF,Full Circle Lithium Corp.,0.285,8,8,7,9,3,6,2,43,-5.0,38.0,Poor,Stay away,42,-1.7,1.8,-2.2,46.9,1,,Basic Materials,28178716.0,57739.28
IPTNF,Credissential Inc.,0.264,12,6,11,10,3,2,4,48,-13.0,38.0,Poor,Stay away,56,0.0,0.0,0.2,99.6,0,,Technology,1805187.0,1175.97
SUNPF,Sun Peak Metals Corp,0.33,10,4,6,12,3,3,5,43,-5.0,38.0,Poor,Stay away,56,0.6,-6.5,-1.3,49.2,1,,Basic Materials,54191680.0,18228.71
MREO,Mereo BioPharma Group PLC ADR,0.315,11,12,7,4,9,2,3,48,-13.0,38.0,Poor,Stay away,39,8.2,-2.5,1.8,52.1,2,,Healthcare,50279860.0,6224777.78
LMTI,Laser Master International Inc,0.33,6,3,10,9,3,3,4,38,-5.0,38.0,Poor,🔥 COILED: Stay away,48,0.0,0.0,-0.0,50.5,1,,Industrials,2710095.0,2000.5
GWSO,Global Warming Solut,0.36,17,3,7,16,7,3,5,58,-20,38,Poor,Stay away,59,990.9,500.0,169.6,84.3,3,10,Technology,6348519.0,5739.96
MNIVF,MNIVF,0.4,8,3,9,9,0,2,4,35,0.0,38.0,Poor,Stay away,27,0.0,0.0,-0.0,0.0,0,,Healthcare,155853936.0,200.0
GMALF,Genting Malaysia Berhad,0.492,5,3,10,9,3,4,4,38,0.0,38.0,Poor,Stay away,35,0.0,0.0,-0.0,35.8,0,,Consumer Cyclical,2788528896.0,0.0
RDRIF,Red Rock Energy Inc,0.47,11,11,1,9,4,5,2,43,-5.0,38.0,Poor,Stay away,49,-6.0,7.0,-3.2,48.9,1,,Energy,63666592.0,119357.51
GIPL,Global Innovative Platforms Inc,0.5,6,6,7,7,3,7,4,40,-5.0,38.0,Poor,Stay away,41,0.0,0.0,-0.0,23.5,1,,Financial Services,170905.0,44.49
SUPCF,Supalai Public Company Limited,0.549,6,4,11,7,3,2,4,37,-2.0,38.0,Poor,Stay away,39,0.0,0.0,0.0,60.9,0,,Real Estate,1041483712.0,0.84
UVPOF,Univanich Palm Oil PCL ADR,0.529,12,6,10,6,3,2,4,43,-10.0,38.0,Poor,🔥 COILED: Stay away,53,0.0,0.0,0.0,50.0,0,,Consumer Defensive,297792000.0,0.5
CNENF,Claren Energy Corp,0.55,8,4,8,9,4,1,4,38,0.0,38.0,Poor,Stay away,18,0.0,0.0,-1.9,0.0,0,,Energy,5960436.0,61.85
SNOTF,Sinotrans Limited,0.648,10,7,11,6,3,2,4,43,-10.0,38.0,Poor,🔥 COILED: Stay away,51,0.0,0.0,0.0,52.8,0,,Industrials,3207384320.0,0.0
CUEN,Cuentas Inc.,0.608,18,11,4,14,9,7,5,68,-30,38,Poor,Stay away,69,36.4,88.9,41.6,74.0,3,,Technology,4838481.0,5236.14
NNMTF,Nine Entertainment Co. Holdings Limited,0.67,5,3,9,9,3,2,4,35,0.0,38.0,Poor,Stay away,18,0.0,0.0,-0.1,0.0,0,,Communication Services,1061810496.0,184.5
KREVF,Keppel REIT,0.7,8,5,10,5,4,6,5,43,-10.0,38.0,Poor,🔥 COILED: Stay away,38,0.0,0.0,0.8,51.9,0,,Real Estate,3477140480.0,0.0
PCWLF,PCCW Limited,0.73,13,10,3,9,4,5,5,49,-11.0,38.0,Poor,Stay away,42,-1.4,-1.4,2.6,54.5,0,,Communication Services,5655866880.0,1717.25
GCTK,GlucoTrack Inc,0.78,15,8,7,15,4,3,5,57,-24,38,Poor,Stay away,42,150.0,56.0,90.8,73.5,2,6,Healthcare,5116237.0,4296858.83
PVFPF,Partners Value Investments Inc.,0.768,12,7,4,13,4,2,4,46,-13.0,38.0,Poor,🔥 COILED: Stay away,47,0.0,0.0,0.1,100.0,0,,Financial Services,nan,18.0
SDWHF,Soundwill Holdings Limited,0.872,14,6,4,6,4,2,4,40,-10.0,38.0,Poor,🔥 COILED: Stay away,40,0.0,0.0,0.4,51.6,1,,Real Estate,246917648.0,20.26
WAAXX,Western Asset Premier Institutional Liquid Reserves Capital Shares,1.0,11,6,8,6,6,2,4,43,-10.0,38.0,Poor,🔥 COILED: Stay away,45,0.0,0.0,0.0,55.2,0,,nan,nan,0.0
PBLJF,PBLJF,0.001,5,3,10,7,3,2,4,34,0.0,37.0,Poor,Stay away,31,0.0,0.0,-0.0,0.0,0,,Industrials,25909162.0,0.0
CABB,California Business Bank,0.009,10,6,11,6,3,2,4,42,-10.0,37.0,Poor,🔥 COILED: Stay away,48,0.0,0.0,0.0,50.0,0,,Financial Services,7640500.0,170.0
GVDI,Golden Valley Development Inc,0.007,9,6,9,7,3,1,4,39,-5.0,37.0,Poor,Stay away,22,0.0,0.0,-0.3,9.8,1,,Financial Services,4651943.0,14157.5
SGCSF,Sacgasco Limited,0.002,5,3,10,7,3,2,4,34,0.0,37.0,Poor,Stay away,34,0.0,0.0,-0.0,0.0,0,,Energy,3893553.0,11250.0
ETBI,Eastgate Biotech Corp,0.003,12,7,11,13,1,2,4,50,-18.0,37.0,Poor,🔥 COILED: Stay away,47,0.0,0.0,0.5,99.3,1,,Healthcare,3173572.0,399097.44
BWMG,Brownie's Marine Group Inc,0.005,9,8,5,8,3,2,2,37,2.0,37.0,Poor,Stay away,33,0.0,0.0,5.1,51.1,0,,Consumer Cyclical,2981712.0,0.0
EZOO,Ezagoo Limited,0.002,5,3,10,7,3,2,4,34,0.0,37.0,Poor,Stay away,32,0.0,0.0,-0.0,0.0,0,,Communication Services,2663041.0,18.5
SRVTF,Star Vault AB (publ),0.003,8,3,10,7,0,2,4,34,0.0,37.0,Poor,Stay away,27,0.0,0.0,-0.0,0.0,0,,Communication Services,2135848.0,4875.37
FUNN,Amfil Technologies,0.003,17,12,6,13,6,7,5,66,-27,37,Poor,Stay away,71,30.4,25.0,33.5,63.5,3,,Industrials,1977899.0,1630865.22
WFLDF,Wellfield Technologies Inc.,0.007,8,3,10,9,3,2,4,39,-5.0,37.0,Poor,Stay away,40,0.0,0.0,-0.0,3.8,1,,Technology,1472762.0,11.03
ISOL,1mage Software Inc,0.001,12,7,9,12,6,2,4,52,-18.0,37.0,Poor,Stay away,52,0.0,0.0,0.9,100.0,1,,Technology,908215.0,424.2
PSPW,3Power Energy Group Inc,0.002,10,5,10,12,4,2,4,47,-13.0,37.0,Poor,Stay away,47,0.0,0.0,0.2,96.4,0,,Utilities,685737.0,6167.71
VGGIF,Boosh Plant-Based Brands Inc,0.002,5,4,10,9,3,2,4,37,-5.0,37.0,Poor,🔥 COILED: Stay away,43,0.0,0.0,-0.0,42.0,1,,Consumer Defensive,507368.0,450.0
MYNDF,MYND Lifesciencs Inc,0.008,8,3,10,7,3,4,4,39,-5.0,37.0,Poor,Stay away,32,0.0,0.0,-0.0,24.8,1,,Healthcare,387319.0,412.0
RFXRF,Running Fox Resource Corp,0.002,16,4,5,14,4,2,5,50,-13.0,37.0,Poor,Stay away,41,5.0,5.0,3.3,95.5,0,,Basic Materials,381403.0,453.5
WOLV,Wolverine Technologies Corp,0.003,7,3,10,8,0,2,4,34,0.0,37.0,Poor,Stay away,32,0.0,0.0,-0.0,27.9,0,,Basic Materials,375673.0,540.0
LNNTF,Linius Technologies Limited,0.001,8,4,9,7,3,2,4,37,-5.0,37.0,Poor,🔥 COILED: Stay away,38,0.0,0.0,-0.0,45.0,1,,Technology,132317.0,160107.44
GOOLF,Aquarius AI Inc,0.001,8,6,9,7,3,2,4,39,-5.0,37.0,Poor,Stay away,46,0.0,0.0,-0.0,20.2,1,,Financial Services,131937.0,1000.0
TIGE,Tigrent Inc,0.01,12,7,9,12,6,2,4,52,-18.0,37.0,Poor,Stay away,51,0.0,0.0,2.7,100.0,1,,Consumer Defensive,130885.0,268.5
WYPH,WayPoint Biomedical Holdings Inc,0.001,15,6,7,11,6,2,5,52,-18.0,37.0,Poor,Stay away,62,0.0,7.7,6.2,97.8,1,,Financial Services,77843.0,6412.33
MTGSF,MTGSF,0.012,5,3,10,7,3,2,4,34,0.0,37.0,Poor,Stay away,33,0.0,0.0,-0.0,0.0,0,,Utilities,996788160.0,5.0
SHGDF,Star Diamond Corporation,0.02,8,4,10,7,4,2,4,39,-5.0,37.0,Poor,Stay away,26,0.0,0.0,-0.0,44.1,1,,Basic Materials,15478282.0,15208.87
AULSF,AULSF,0.02,3,4,8,12,3,3,4,37,0.0,37.0,Poor,Stay away,17,0.0,0.0,-20.0,0.0,0,,Healthcare,10251640.0,20.0
BNGLF,Bengal Energy Ltd,0.018,5,5,5,10,3,6,5,39,-5.0,37.0,Poor,Stay away,26,21.2,-6.8,0.1,47.8,1,,Energy,8589885.0,4444.85
APLIF,Appili Therapeutics Inc,0.011,7,5,5,12,0,3,5,37,-5.0,37.0,Poor,🔥 COILED: Stay away,35,0.0,10.0,3.5,52.4,2,,Healthcare,1456027.0,16601.22
GNTOF,Gentor Resources Inc,0.02,5,3,10,7,3,2,4,34,0.0,37.0,Poor,Stay away,35,0.0,0.0,-0.0,0.0,0,,Basic Materials,778134.0,65.5
CMLGF,CaNickel Mining Limited,0.02,10,6,11,6,3,2,4,42,-10.0,37.0,Poor,🔥 COILED: Stay away,46,0.0,0.0,0.0,50.0,0,,Basic Materials,750407.0,1330.0
ATCHW,Calculator New Pubco Inc,0.014,8,6,7,8,6,0,2,37,2.0,37.0,Poor,Stay away,40,-6.7,-12.5,3.8,51.2,1,,nan,nan,0.0
VULC,Vulcan International Corporation,0.03,13,5,7,12,6,2,5,50,-13.0,37.0,Poor,Stay away,47,0.0,0.0,11.1,100.0,0,,Basic Materials,169387728.0,416.48
EVLI,Everlert Inc,0.026,8,5,6,8,2,3,5,37,0.0,37.0,Poor,Stay away,39,-3.6,13.2,-4.7,47.2,2,,Communication Services,20054084.0,1110252.58
DYFWF,Dynasty Fine Wines Group Limited,0.038,5,3,10,7,3,2,4,34,0.0,37.0,Poor,Stay away,33,0.0,0.0,-0.0,0.0,0,,Consumer Defensive,54223628.0,0.0
LANZ,Lancer Orthodontics Inc,0.04,10,5,10,12,4,2,4,47,-13.0,37.0,Poor,Stay away,49,0.0,0.0,0.1,100.0,0,,Healthcare,42824428.0,647.14
SWISF,Sekur Private Data Ltd,0.032,3,11,7,10,4,2,2,39,-5.0,37.0,Poor,Stay away,25,0.0,1.9,-4.6,43.0,1,,Technology,8308066.0,118430.63
GLIIF,Glacier Lake Resources Inc,0.036,6,4,9,7,3,2,4,35,-3.0,37.0,Poor,🔥 COILED: Stay away,34,0.0,0.0,-0.0,50.1,1,,Basic Materials,1715046.0,100.0
ALTNF,Alternus Energy Group plc,0.035,8,3,10,9,3,2,4,39,-5.0,37.0,Poor,Stay away,36,0.0,0.0,-0.0,0.0,1,,Utilities,921400.0,24.0
TERCF,TerraCom Limited,0.05,3,6,9,11,5,3,4,41,-5.0,37.0,Poor,Stay away,30,-3.8,-3.8,-0.9,48.6,1,,Energy,95856656.0,549469.44
CNPTF,Central Petroleum Limited,0.045,13,10,4,5,1,2,4,39,-10.0,37.0,Poor,🔥 COILED: Stay away,39,0.0,0.0,2.2,52.0,0,,Energy,33838404.0,938.21
KRTL,KRTL Holding Group Inc,0.05,3,12,3,9,4,2,2,35,2.0,37.0,Poor,Stay away,33,-9.5,-15.6,-5.8,46.9,0,,Industrials,3846282.0,44194.91
CBBLF,CBLT Inc,0.044,11,5,8,9,6,6,5,50,-13.0,37.0,Poor,Stay away,44,0.0,0.0,4.7,92.3,0,,Basic Materials,3372638.0,1719.48
KDAGF,KDAGF,0.054,13,5,5,8,1,4,5,41,0.0,37.0,Poor,Stay away,16,-6.3,-6.3,15.9,57.0,0,,nan,13421314.0,1483.1
EGMCF,Emgold Mining Corporation,0.054,2,10,3,9,5,0,5,34,0.0,37.0,Poor,Stay away,39,-6.3,-0.6,-4.7,46.3,0,,Basic Materials,3625801.0,135956.32
UMGP,Universal Media Group Inc,0.056,5,4,8,9,3,5,5,39,-5.0,37.0,Poor,Stay away,25,1.8,-5.1,-2.6,46.9,1,,Communication Services,2060566.0,33171.08
MANZF,Manz AG,0.056,8,3,10,9,3,2,4,39,-5.0,37.0,Poor,Stay away,27,0.0,0.0,-0.0,0.0,1,,Technology,578366.0,650.16
BESAF,Besra Gold Inc.,0.07,12,5,11,12,6,2,4,52,-18.0,37.0,Poor,Stay away,55,0.0,0.0,1.7,99.8,1,,Basic Materials,29267062.0,19.64
HKRHF,3DG Holdings (International) Limited,0.07,8,3,10,9,3,2,4,39,-5.0,37.0,Poor,Stay away,30,0.0,0.0,-0.0,0.0,1,,Consumer Cyclical,18877014.0,5.78
MTTAF,Meta Critical Minerals Inc.,0.097,3,13,3,10,4,2,2,37,-3.0,37.0,Poor,Stay away,0,11.5,-0.9,-6.2,44.1,2,,Basic Materials,11853354.0,0.0
AITTF,Trenchant Technologies Capital Corp.,0.098,8,3,9,8,3,4,4,39,-5.0,37.0,Poor,Stay away,35,0.0,0.0,-0.0,35.8,1,,Financial Services,6470910.0,200.0
ALGGF,Alliance Global Group Inc,0.124,10,6,11,6,3,2,4,42,-10.0,37.0,Poor,🔥 COILED: Stay away,53,0.0,0.0,0.0,50.0,0,,Industrials,1025731648.0,0.0
YGTFF,Gold Terra Resource Corp,0.127,6,17,9,2,3,2,3,42,-8.0,37.0,Poor,Stay away,39,3.7,4.5,1.8,51.5,0,,Basic Materials,58273084.0,143445.65
LFHLF,Lai Fung Holdings Limited,0.11,8,3,10,9,3,2,4,39,-5.0,37.0,Poor,Stay away,32,0.0,0.0,-0.0,0.0,1,,Real Estate,36413680.0,1300.0
VTXGF,VTXGF,0.13,13,6,12,7,6,2,4,50,-18.0,37.0,Poor,🔥 COILED: Stay away,40,0.0,0.0,0.1,95.8,1,,Industrials,16800378.0,9.34
ADIA,Adia Nutrition Inc,0.149,16,9,5,10,5,3,3,51,-17.0,37.0,Poor,Stay away,49,8.8,24.2,6.9,53.4,3,,Healthcare,14066300.0,44462.83
IAALF,IBC Advanced Alloys Corp,0.12,11,5,4,12,4,2,4,42,-5.0,37.0,Poor,Stay away,30,9.1,9.1,1.7,51.0,2,,Industrials,13828408.0,72084.5
GHVNF,GoldHaven Resources Corp,0.142,8,14,9,14,3,4,5,57,-21.0,37.0,Poor,Stay away,33,2.2,18.3,9.9,55.9,3,,Basic Materials,12197398.0,175645.0
BYNOW,byNordic Acquisition Corporation Warrant,0.118,16,7,10,16,6,4,5,64,-30,37,Poor,Stay away,52,31.1,34.1,24.8,65.5,3,,nan,nan,0.0
CJRCF,China Resources Cement Holdings Limited,0.187,5,3,10,7,3,2,4,34,0.0,37.0,Poor,Stay away,30,0.0,0.0,-0.0,11.1,0,,Basic Materials,1418234624.0,82.5
CJNHF,China Jinmao Holdings Group Limited,0.152,5,3,10,7,3,2,4,34,0.0,37.0,Poor,Stay away,40,0.0,0.0,-0.0,37.0,0,,Real Estate,2048489984.0,9.79
ZAIRF,Zinc8 Energy Solutions Inc,0.174,20,6,3,16,7,1,5,58,-21,37,Poor,⚠️ EXHAUSTION RISK: Stay away,68,112.1,109.5,65.2,74.2,3,9,Industrials,3793419.0,7931.5
GXPLF,GXPLF,0.195,9,6,3,15,0,2,2,37,0.0,37.0,Poor,Stay away,16,26.0,18.1,-0.3,48.6,2,,nan,nan,5026.04
VLQCF,Quantum Graphite Limited,0.22,8,3,10,9,3,2,4,39,-5.0,37.0,Poor,Stay away,29,0.0,0.0,-0.0,0.0,1,,Basic Materials,77572000.0,11.23
CAMNF,Cascadia Minerals Ltd.,0.228,8,10,3,15,4,0,5,45,-6.0,37.0,Poor,Stay away,43,-5.7,-4.9,-0.7,49.4,1,,Basic Materials,46890352.0,115580.6
SCUPF,Aegis Brands Inc,0.2,8,3,10,7,0,2,4,34,0.0,37.0,Poor,Stay away,38,0.0,0.0,-0.0,30.8,0,,Consumer Cyclical,17057434.0,47.13
QUTIF,Questor Technology Inc,0.28,13,6,12,7,6,2,4,50,-18.0,37.0,Poor,🔥 COILED: Stay away,48,0.0,0.0,1.2,88.8,1,,Industrials,7776475.0,714.0
VNMEW,Vendome Acquisition Corporation I Warrant,0.27,16,5,3,11,5,2,5,47,-10.0,37.0,Poor,Stay away,55,12.5,12.5,6.2,60.3,2,,nan,2402000.0,0.0
SIMEF,Sime Darby Property Berhad,0.348,9,6,11,8,3,6,4,47,-13.0,37.0,Poor,Stay away,59,0.0,0.0,0.0,99.8,0,,Real Estate,2370092544.0,46.73
ESAUF,ESGold Corp.,0.319,6,7,8,8,4,2,2,37,-3.0,37.0,Poor,Stay away,27,0.0,-0.6,-2.3,43.7,2,,Basic Materials,36129340.0,124907.06
SEGYY,SPT Energy Group Inc ADR,0.346,8,3,10,9,3,2,4,39,-5.0,37.0,Poor,Stay away,35,0.0,0.0,-0.0,2.0,1,,Energy,33826092.0,11.05
SBEV,Splash Beverage Group Inc,0.345,19,10,6,9,5,4,5,58,-19,37,Poor,Stay away,37,267.0,267.0,76.0,71.5,3,11,Consumer Defensive,2174130.0,2342485.75
SKYZF,SkyCity Entertainment Group Limited,0.38,12,2,4,8,3,0,5,34,0.0,37.0,Poor,Stay away,28,-9.7,4.5,1.9,56.4,0,,Consumer Cyclical,419160928.0,82.92
JPPSF,Jinmao Property Services Co. Limited,0.373,5,3,10,7,3,2,4,34,0.0,37.0,Poor,Stay away,34,0.0,0.0,-0.0,0.0,0,,Real Estate,336991232.0,1.34
BHCCF,Benchmark Holdings plc,0.366,8,3,10,9,3,2,4,39,-5.0,37.0,Poor,Stay away,37,0.0,0.0,-0.0,0.0,1,,Consumer Defensive,225105232.0,28.0
MGAFF,Mega Uranium Ltd.,0.38,6,12,8,9,3,0,2,40,-1.0,37.0,Poor,Stay away,30,-2.6,5.6,-0.3,47.0,1,,Energy,145882240.0,144197.61
ALXPF,ALXPF,0.394,12,6,11,9,3,2,4,47,-13.0,37.0,Poor,Stay away,49,0.0,0.0,0.0,81.1,0,,Basic Materials,41666400.0,445.3
THFRF,Thai Union Group Public Company Limited,0.43,5,3,10,7,3,2,4,34,0.0,37.0,Poor,Stay away,37,0.0,0.0,-0.0,0.0,0,,Consumer Defensive,1900604288.0,1.56
LMPMF,Lee and Man Paper Manufacturing Limited,0.42,10,6,11,6,3,2,4,42,-10.0,37.0,Poor,🔥 COILED: Stay away,51,0.0,0.0,0.0,50.0,0,,Basic Materials,1202600064.0,0.0
HKPD,Hong Kong Pharma Digital Technology Holdings Limited Ordinary shares,0.408,6,10,4,10,4,6,4,44,-5.0,37.0,Poor,Stay away,27,23.2,-5.4,1.8,49.7,2,,Healthcare,9585644.0,320862.61
CRYYF,China Railway Signal & Communication Corporation Limited,0.464,10,6,11,6,3,2,4,42,-10.0,37.0,Poor,🔥 COILED: Stay away,50,0.0,0.0,0.0,50.0,0,,Industrials,4912616960.0,0.0
LSRBF,LSRBF,0.45,2,4,10,7,3,2,4,32,0.0,37.0,Poor,🔥 COILED: Stay away,0,0.0,0.0,0.0,50.0,0,,Industrials,53190288.0,0.0
YLDGF,Yanlord Land Group Limited,0.525,10,6,11,6,3,2,4,42,-10.0,37.0,Poor,🔥 COILED: Stay away,50,0.0,0.0,0.0,50.0,1,,Real Estate,1013669760.0,1.8
AVDWF,Advent-AWI Holdings Inc,0.53,5,3,10,7,3,2,4,34,0.0,37.0,Poor,Stay away,33,0.0,0.0,-0.0,0.0,0,,Consumer Cyclical,14919391.0,0.0
WHLM,Wilhelmina,0.5,3,3,8,8,3,5,4,34,0.0,37.0,Poor,Stay away,9,0.0,0.0,-35.7,0.9,0,,Industrials,2459922.0,334.82
PYBX,Hydro Power Technologies Inc,0.546,6,13,1,11,3,2,2,38,-1.0,37.0,Poor,Stay away,40,-44.8,1.6,-32.4,45.8,1,,Industrials,456841.0,1288.47
BDUUF,Bangkok Dusit Medical Services Public Company Limited,0.64,5,3,10,7,3,2,4,34,0.0,37.0,Poor,Stay away,0,0.0,0.0,-0.0,12.9,0,,Healthcare,10170881024.0,0.0
BPSCF,BPSCF,0.608,1,9,8,7,3,2,2,32,2.0,37.0,Poor,Stay away,40,2.4,-3.1,-0.3,48.2,1,,nan,nan,0.0
PSBKF,Postal Savings Bank of China Co. Ltd,0.669,9,6,11,8,3,6,4,47,-13.0,37.0,Poor,Stay away,66,0.0,0.0,0.0,94.7,0,,Financial Services,88100069376.0,859.96
CCEGF,Carclo plc,0.67,5,3,10,7,3,2,4,34,0.0,37.0,Poor,Stay away,40,0.0,0.0,-0.0,1.0,0,,Consumer Cyclical,48456668.0,25.0
WINSF,Wins Finance Holdings Inc,0.75,12,6,11,9,3,2,4,47,-13.0,37.0,Poor,Stay away,53,0.0,0.0,0.2,100.0,0,,Financial Services,25892.0,7.5
TABCF,Tabcorp Holdings Limited,0.8,10,6,11,10,0,6,4,47,-13.0,37.0,Poor,Stay away,61,0.0,0.0,0.0,83.6,0,,Consumer Cyclical,1960989312.0,0.0
CONXF,Nickel 28 Capital Corp,0.802,7,7,6,8,0,4,2,34,0.0,37.0,Poor,Stay away,38,3.6,-5.0,-1.7,44.0,0,,Basic Materials,68992080.0,8291.36
FEBO,Fenbo Holdings Limited Ordinary Shares,0.831,6,13,2,8,4,2,2,37,-3.0,37.0,Poor,Stay away,22,8.6,-2.2,1.5,49.7,1,,Technology,9191831.0,47814.5
BABB,BAB Inc,0.845,6,14,7,7,3,3,3,43,-6.0,37.0,Poor,Stay away,30,1.8,1.8,0.1,47.7,1,,Consumer Defensive,6101346.0,8141.01
SZIHF,Shenzhen International Holdings Limited,0.9,10,6,11,6,3,2,4,42,-10.0,37.0,Poor,🔥 COILED: Stay away,47,0.0,0.0,0.0,50.0,0,,Industrials,2205959168.0,0.0
TPHIF,Top Frontier Investment Holdings Inc,0.935,5,3,10,7,3,2,4,34,0.0,37.0,Poor,Stay away,31,0.0,0.0,-0.0,0.0,0,,Industrials,394891040.0,238.5
MMILF,Metro Mining Limited,0.935,6,3,2,14,8,2,2,37,0.0,37.0,Poor,Stay away,48,0.6,-18.7,-9.1,22.2,0,,Basic Materials,288260768.0,0.0
BCTXL,BriaCell Therapeutics Corp. Warrant expiring 2031,0.91,9,12,6,6,5,0,5,43,-10.0,37.0,Poor,Stay away,0,2.2,-2.2,2.7,52.3,0,,nan,nan,0.0
PBLOF,Public Bank Berhad,0.95,9,7,11,6,3,2,4,42,-10.0,37.0,Poor,🔥 COILED: Stay away,34,0.0,0.0,0.0,50.0,0,,Financial Services,18440157184.0,0.0
LGBOF,Lingbao Gold Group Company Ltd.,1.0,10,6,11,6,3,2,4,42,-10.0,37.0,Poor,🔥 COILED: Stay away,47,0.0,0.0,0.0,50.0,0,,Basic Materials,1377644800.0,0.0
TRSNF,TRSNF,1.0,5,3,10,7,3,2,4,34,0.0,37.0,Poor,Stay away,31,0.0,0.0,-0.0,0.0,0,,Utilities,444673792.0,5.0
RMHI,Retrieve Medical Holdings Inc,1.0,11,11,11,6,4,3,4,50,-13.0,37.0,Poor,Stay away,41,1.6,5.5,3.2,57.4,1,,Healthcare,27954850.0,925.41
HOJI,House of Jane Inc,1.0,5,3,10,7,3,2,4,34,0.0,37.0,Poor,Stay away,19,0.0,0.0,-0.0,0.0,0,,Consumer Defensive,11031895.0,10.5
LLRXX,Western Asset Institutional Liquid Reserves Ltd.,1.0,12,8,11,6,3,2,4,46,-12.0,37.0,Poor,Stay away,46,0.0,0.0,0.0,66.8,0,,nan,nan,0.0
BBUZ,Bebuzee Inc.,0.02,10,5,3,7,6,0,5,36,0.8,36.8,Poor,Stay away,46,5.3,100.0,25.4,57.7,2,,Communication Services,14701753.0,78840.46
GSHRW,Gesher Acquisition Corp. II,0.37,18,10,4,9,6,0,5,52,-13.2,36.8,Poor,Stay away,58,-3.4,21.8,51.4,60.7,2,,nan,nan,0.0
SPOWF,Strata Power Corp,0.016,13,5,8,15,4,3,5,53,-19.5,36.5,Poor,Stay away,41,71.4,71.4,22.4,57.6,2,3,Energy,314131.0,7057.13
DVNHF,Frontier Services Group Limited,0.009,7,3,10,7,3,4,4,38,-5.0,36.0,Poor,Stay away,39,0.0,0.0,-0.0,33.5,1,,Industrials,22231320.0,1120.06
JPTE,"JP 3E Holdings, Inc.",0.009,4,6,8,12,2,2,4,38,0.0,36.0,Poor,Stay away,34,-5.3,-4.3,-4.9,45.5,0,,Technology,6230047.0,649309.79
IFBC,Blast Applications,0.002,21,10,6,9,5,3,5,59,-23,36,Poor,Stay away,62,71.4,33.3,25.7,61.8,3,6,Consumer Defensive,2792060.0,423322.03
AMRU,Amaru Inc,0.006,8,3,9,8,3,3,4,38,-5.0,36.0,Poor,Stay away,23,0.0,0.0,-5.3,12.7,1,,Communication Services,1439909.0,8567.65
DCTIF,Delta CleanTech Inc,0.01,6,3,10,7,3,5,4,38,-5.0,36.0,Poor,Stay away,18,0.0,0.0,-0.5,11.2,1,,Industrials,1268827.0,4849.2
TBIXF,TrustBIX Inc,0.006,5,3,9,11,3,3,4,38,-5.0,36.0,Poor,Stay away,14,0.0,0.0,-3.1,0.0,1,,Technology,918845.0,4122.57
CNNN,ConneXionONE Corp.,0.01,12,5,10,12,6,2,4,51,-18.0,36.0,Poor,Stay away,51,0.0,0.0,0.9,98.9,1,,Communication Services,765716.0,293.74
FRPMF,Forty Pillars Mining Corp,0.01,7,7,10,8,3,2,4,41,-8.0,36.0,Poor,Stay away,46,0.0,0.0,0.0,71.6,1,,Basic Materials,644707.0,0.01
AMIH,American International Holdings Corp,0.003,7,6,4,8,7,2,2,36,2.0,36.0,Poor,Stay away,48,-6.7,-6.7,-0.9,50.1,1,,Consumer Cyclical,546000.0,0.0
PNNX,Pennexx Foods Inc,0.009,13,7,4,11,3,0,5,43,-7.0,36.0,Poor,Stay away,23,0.0,0.0,11.0,67.4,1,,Technology,518717.0,8512.06
SCRSF,ScreenPro Security Inc,0.002,7,3,10,9,3,2,4,38,-5.0,36.0,Poor,Stay away,43,0.0,0.0,-0.0,26.2,1,,Healthcare,495833.0,7537.7
NRGT,Energy Today Inc,0.006,4,7,8,9,3,3,2,36,0.0,36.0,Poor,Stay away,28,0.0,0.0,-4.1,41.6,0,,Consumer Defensive,454832.0,33662.79
CDELF,Candelaria Mining Corp,0.003,5,3,10,9,0,2,4,33,0.0,36.0,Poor,Stay away,32,0.0,0.0,-0.0,0.3,0,,Basic Materials,449618.0,1719.0
SLDC,SmartSet Automation LLC,0.001,4,2,4,12,7,0,4,33,0.0,36.0,Poor,Stay away,45,-8.3,10.0,-2.9,46.2,2,,Communication Services,448648.0,1296274.79
EGOC,Energy 1 Corp,0.005,8,3,6,11,4,2,4,38,-5.0,36.0,Poor,Stay away,37,0.0,0.0,-3.1,42.8,1,,Industrials,262054.0,1107.67
MVVYF,Moovly Media Inc,0.001,8,4,10,7,3,2,4,38,-5.0,36.0,Poor,Stay away,37,0.0,0.0,-0.0,43.3,1,,Technology,214532.0,31567.83
FLLLF,Feel Foods Ltd,0.006,3,3,10,10,3,5,4,38,-5.0,36.0,Poor,Stay away,31,0.0,0.0,-2.8,33.3,1,,Consumer Defensive,112776.0,68.12
COHG,Cheetah Oil & Gas Ltd,0.001,15,5,7,7,6,4,5,49,-13.0,36.0,Poor,Stay away,50,0.0,0.0,13.1,89.4,0,,Energy,33050.0,2356.38
ANPCF,ANGLE plc,0.02,11,8,5,5,6,2,4,41,-13.0,36.0,Poor,🔥 COILED: Stay away,30,0.0,0.0,1.4,53.3,1,,Healthcare,22614414.0,1977.35
DGGXF,DigitalX Limited,0.014,7,8,10,6,8,2,3,44,-8.0,36.0,Poor,Stay away,33,3.0,2.2,2.0,51.0,1,,Technology,17564428.0,27569.02
CJREF,Corus Entertainment Inc,0.02,7,4,10,9,3,1,4,38,-5.0,36.0,Poor,Stay away,29,0.0,0.0,-0.2,46.9,1,,Communication Services,3988803.0,5733.9
TBLLF,Tombill Mines Limited,0.014,16,7,6,5,6,0,3,43,-10.0,36.0,Poor,Stay away,51,0.0,34.3,7.6,59.6,2,,Basic Materials,3823410.0,15951.44
CBULF,Gratomic Inc,0.018,4,4,10,8,3,3,4,36,-5.0,36.0,Poor,🔥 COILED: Stay away,27,0.0,0.0,-4.4,44.4,1,,Basic Materials,3504564.0,0.0
RRMLF,Ross River Minerals Inc,0.013,8,3,9,9,3,2,4,38,-5.0,36.0,Poor,Stay away,29,0.0,0.0,-0.0,0.0,1,,Financial Services,109232.0,29.0
KMGLF,Asiamet Resources Ltd,0.022,10,7,11,5,0,2,4,39,-8.0,36.0,Poor,🔥 COILED: Stay away,41,0.0,0.0,0.0,53.9,0,,Basic Materials,76360872.0,22781.09
UBYH,UBuyHoldings Inc,0.025,8,7,6,9,3,1,2,36,0.0,36.0,Poor,Stay away,39,0.0,0.0,-1.2,51.7,0,,Financial Services,14218391.0,0.0
SQZB,SQZ Biotechnologies Company,0.024,10,4,10,7,1,2,4,38,-5.0,36.0,Poor,Stay away,37,0.0,0.0,-0.0,45.3,1,,Healthcare,707787.0,2726.55
MOBNF,M.O.B.A. Network AB (publ),0.025,5,3,10,9,0,2,4,33,0.0,36.0,Poor,Stay away,30,0.0,0.0,-0.0,0.0,0,,Technology,567070.0,450.0
SUNR,Sun Sports and Entertainment Inc,0.027,8,11,2,8,5,0,5,39,-3.0,36.0,Poor,Stay away,42,-3.6,8.0,5.4,52.4,2,,nan,2.0,1388191.5
GEAT,GreetEat Corporation,0.04,13,9,7,16,6,2,5,58,-22,36,Poor,Stay away,62,99.5,99.5,54.4,59.0,3,8,Industrials,4387758.0,63898.22
MYRLF,Meryllion Resources Corp,0.031,9,6,11,6,3,2,4,41,-10.0,36.0,Poor,🔥 COILED: Stay away,58,0.0,0.0,0.0,50.0,0,,Basic Materials,2733646.0,19.01
ATTGF,Auto Italia Holdings Limited,0.044,9,6,11,6,3,2,4,41,-10.0,36.0,Poor,🔥 COILED: Stay away,53,0.0,0.0,0.0,50.0,0,,Real Estate,306113248.0,0.63
CLGPF,Clean Seed Capital Group Ltd,0.05,10,6,10,7,0,1,4,38,-5.0,36.0,Poor,Stay away,16,0.0,0.0,-0.1,39.5,1,,Industrials,6180049.0,4401.72
XTERF,Norvista Capital Corporation,0.042,9,6,11,6,3,2,4,41,-10.0,36.0,Poor,🔥 COILED: Stay away,54,0.0,0.0,0.0,50.0,0,,Basic Materials,4334030.0,16.53
SEEMF,Seeing Machines Limited,0.06,9,4,8,7,6,2,2,38,-5.0,36.0,Poor,Stay away,51,-9.9,1.7,-2.6,46.9,1,,Technology,287976000.0,105361.93
BMPA,BMP AI Technologies Inc.,0.051,5,14,8,3,4,0,4,38,-6.0,36.0,Poor,Stay away,26,2.0,-1.9,-8.4,46.7,1,,Technology,10195.0,31479.49
ARBTF,Argo Gold Inc,0.068,14,13,2,15,4,5,5,58,-18.0,36.0,Poor,Stay away,43,5.1,16.4,6.1,54.2,3,,Basic Materials,4873133.0,9291.71
ALDSD,APPlife Digital Solutions Inc.,0.08,5,5,8,8,3,3,4,36,-5.0,36.0,Poor,🔥 COILED: Stay away,41,0.0,0.0,-10.3,46.2,1,,Technology,648818.0,252.91
SRCO,Sparta Commercial Services Inc,0.09,11,6,11,6,1,6,5,46,-15.0,36.0,Poor,🔥 COILED: Stay away,42,0.0,0.0,1.5,54.9,1,,Technology,4769340.0,19559.67
AVCNF,Avicanna Inc,0.093,8,8,2,9,5,4,2,38,-5.0,36.0,Poor,Stay away,27,-2.8,7.2,-0.2,50.1,1,,Healthcare,10818101.0,57550.42
LUCRF,Lucara Diamond Corp,0.11,5,4,5,10,3,0,4,31,2.0,36.0,Poor,Stay away,12,0.0,-8.3,-3.8,42.7,0,,Basic Materials,164011888.0,31853.97
XIAXF,Xiabuxiabu Catering Management (China) Holdings Co. Ltd,0.138,7,6,10,9,3,2,4,41,-8.0,36.0,Poor,Stay away,47,0.0,0.0,0.0,78.2,1,,Consumer Cyclical,144595056.0,1.12
SIOLY,Sino-Ocean Group Holding Ltd ADR,0.124,7,9,7,6,0,7,5,41,-8.0,36.0,Poor,Stay away,33,8.9,12.0,5.5,52.2,2,,Real Estate,78776296.0,2570.93
THOXF,BioPorto A/S,0.149,8,3,10,8,3,2,4,38,-5.0,36.0,Poor,Stay away,29,0.0,0.0,-0.0,0.0,1,,Healthcare,73769288.0,1205.0
HHEGF,Huahui Education Group Limited,0.1,8,3,9,7,0,2,4,33,0.0,36.0,Poor,Stay away,30,0.0,0.0,-0.0,18.1,0,,Consumer Defensive,30303766.0,200.0
ORMNF,Orex Minerals Inc,0.128,8,5,5,11,3,4,5,41,-5.0,36.0,Poor,Stay away,25,1.3,0.5,-0.1,48.2,1,,Basic Materials,8957897.0,17530.75
AGRTF,Bullfrog Gold Corporation,0.12,11,3,4,9,4,6,4,41,-5.0,36.0,Poor,Stay away,54,0.0,0.0,1.9,55.2,1,,Basic Materials,4952388.0,1315.24
AISSF,A.I.S. Resources Limited,0.111,7,8,3,9,5,2,2,36,-3.0,36.0,Poor,Stay away,49,4.0,-5.3,2.5,50.6,2,,Basic Materials,3876858.0,6338.22
RFAIR,RF Acquisition Corp II Right,0.11,11,4,2,14,3,2,5,41,-3.0,36.0,Poor,Stay away,44,0.0,0.0,1.2,54.6,0,,nan,nan,17487.24
AGYTF,Allergy Therapeutics plc,0.15,15,5,6,10,6,2,5,49,-18.0,36.0,Poor,🔥 COILED: Stay away,60,0.0,0.0,1.9,100.0,1,,Healthcare,949879488.0,1085.71
SSHLF,Sunac Services Holdings Limited,0.186,5,3,10,9,0,2,4,33,0.0,36.0,Poor,Stay away,37,0.0,0.0,-0.0,0.2,0,,Real Estate,557694272.0,50.0
WOSSF,Water Oasis Group Limited,0.175,17,6,6,10,6,4,5,54,-18.0,36.0,Poor,Stay away,63,2.9,59.1,21.9,98.1,2,,Consumer Cyclical,119096736.0,0.0
ATCH,"AtlasClear Holdings, Inc.",0.179,3,13,5,9,4,0,2,36,-3.0,36.0,Poor,🔥 COILED: Stay away,20,-2.1,-2.1,-3.5,44.7,2,,Financial Services,26940528.0,5521449.98
CTTMF,Catena Media plc,0.195,8,3,10,8,3,2,4,38,-5.0,36.0,Poor,Stay away,30,0.0,0.0,-0.0,0.0,1,,Communication Services,14751776.0,157.13
NMTLF,New Age Metals Inc,0.185,8,15,9,4,3,0,5,44,-8.0,36.0,Poor,Stay away,31,2.6,2.9,1.7,50.1,0,,Basic Materials,12935140.0,80528.27
FWFW,Flywheel Advanced Technology Inc,0.162,3,3,7,12,3,5,5,38,-5.0,36.0,Poor,Stay away,29,0.0,0.0,-5.1,40.6,1,,Financial Services,4793768.0,255.11
SATT,Sativus Tech Corp,0.15,12,2,2,14,6,0,5,41,-5.0,36.0,Poor,Stay away,53,-24.9,0.0,-0.4,53.9,1,,Technology,632757.0,394.82
KWHAF,K. Wah International Holdings Limited,0.24,9,6,11,6,3,2,4,41,-10.0,36.0,Poor,🔥 COILED: Stay away,35,0.0,0.0,0.0,50.0,0,,Real Estate,756024320.0,0.0
SPAUF,Spanish Mountain Gold Ltd.,0.237,13,14,11,8,3,3,5,57,-22.0,36.0,Poor,Stay away,56,13.0,13.0,9.0,60.7,3,,Basic Materials,126077800.0,205669.44
SMDZF,Strategic Metals Ltd,0.23,11,13,2,12,6,2,5,51,-20.0,36.0,Poor,🔥 COILED: Stay away,48,4.5,15.0,5.7,54.7,3,,Basic Materials,25542874.0,42882.91
BRYFF,Bri-Chem Corp,0.22,5,3,8,8,3,5,4,36,0.0,36.0,Poor,Stay away,33,0.0,0.0,-2.1,23.1,0,,Energy,5815255.0,2127.4
PDLMF,Petra Diamonds Limited,0.269,8,3,9,9,3,2,4,38,-5.0,36.0,Poor,Stay away,32,0.0,0.0,-0.0,0.0,1,,Basic Materials,95274240.0,375.0
ENQUF,EnQuest PLC,0.33,9,3,6,10,6,2,5,41,-10.0,36.0,Poor,🔥 COILED: Stay away,42,-2.9,3.1,0.3,54.1,0,,Energy,673600768.0,0.0
USBC,"USBC, Inc.",0.324,3,14,9,9,3,0,3,41,-3.0,36.0,Poor,Stay away,28,-4.8,-4.8,-2.2,46.6,1,,Technology,125681160.0,1235202.45
BMTLF,BeMetals Corp,0.349,11,8,6,7,4,3,2,41,-5.0,36.0,Poor,Stay away,41,0.0,0.0,0.2,50.1,1,,Basic Materials,10269497.0,1487.44
ASLM,American Silver Mining Co,0.315,7,4,4,12,2,4,5,38,0.0,36.0,Poor,Stay away,32,-7.4,-4.5,-1.8,47.2,0,,Basic Materials,nan,1796784.0
MDDVF,Medical Developments International Limited,0.37,9,3,5,7,3,2,4,33,0.0,36.0,Poor,Stay away,38,0.0,0.0,-0.0,21.2,0,,Healthcare,41683580.0,148.56
FLOD,Flowery Gold Mines Co,0.37,5,3,10,7,3,4,4,36,0.0,36.0,Poor,Stay away,49,0.0,0.0,-0.0,30.2,0,,Basic Materials,2808830.0,337.4
SSHLY,Sunac Services Holdings Limited,0.424,5,3,9,7,3,2,4,33,0.0,36.0,Poor,Stay away,18,0.0,0.0,-0.0,0.0,0,,Real Estate,318092928.0,20.0
SYNNF,Symphony International Holdings Limited,0.439,16,4,6,10,4,4,5,49,-13.0,36.0,Poor,Stay away,36,0.0,0.0,6.8,82.9,0,,Financial Services,236148464.0,2432.5
LTMCF,Lithium Chile Inc,0.414,3,13,8,7,3,2,3,39,-1.0,36.0,Poor,Stay away,41,1.0,1.0,1.0,49.8,1,,Basic Materials,92481064.0,20222.93
ABOIF,Aboitiz Equity Ventures Inc,0.489,5,3,10,9,0,2,4,33,0.0,36.0,Poor,Stay away,20,0.0,0.0,-0.0,31.6,0,,Utilities,2714211072.0,24.04
RVLGF,Revival Gold Inc,0.492,3,12,8,8,4,0,3,38,-3.0,36.0,Poor,Stay away,23,3.4,2.9,0.1,48.9,1,,Basic Materials,156510416.0,303510.8
SOMNF,SomnoMed Limited,0.45,5,3,10,7,3,6,4,38,-5.0,36.0,Poor,Stay away,26,0.0,0.0,-0.0,0.2,1,,Healthcare,93621280.0,6.5
PRTT,Protect Pharmaceutical Corporation,0.45,18,6,5,14,5,5,5,58,-22,36,Poor,Stay away,65,60.7,87.5,47.8,81.5,3,8,Industrials,25853118.0,16646.76
HWKE,Hawkeye Systems Inc,0.517,9,8,3,14,5,2,5,46,-8.0,36.0,Poor,Stay away,48,-10.9,2.2,4.2,51.8,1,,Industrials,133026464.0,14633.22
HYLQF,HYLQ Strategy Corp.,0.502,10,8,11,4,3,1,4,41,-10.0,36.0,Poor,🔥 COILED: Stay away,38,0.0,0.0,0.1,49.3,0,,Technology,9300057.0,741.67
VTLSF,Vitalist Inc.,0.519,8,11,9,5,9,2,5,49,-18.0,36.0,Poor,🔥 COILED: Stay away,46,15.3,-0.7,4.2,52.9,2,,Technology,nan,0.0
PTZH,Photozou Holdings Inc,0.59,8,3,9,9,3,2,4,38,-5.0,36.0,Poor,Stay away,40,0.0,0.0,-0.0,0.0,1,,Consumer Cyclical,4774329.0,0.44
BEPTF,Beach Energy Ltd,0.633,8,11,9,6,2,5,5,46,-13.0,36.0,Poor,Stay away,20,5.7,-2.2,0.9,48.1,1,,Energy,1444084352.0,0.0
CFRLF,China Aircraft Leasing Group Holdings Limited,0.644,9,6,11,6,3,2,4,41,-10.0,36.0,Poor,🔥 COILED: Stay away,51,0.0,0.0,0.0,50.0,0,,Industrials,481920256.0,12.9
NROM,Noble Romans Inc,0.64,15,4,5,8,7,2,5,46,-10.0,36.0,Poor,Stay away,54,3.2,0.0,3.2,56.3,0,,Consumer Cyclical,14217927.0,23901.55
HKCVF,HK Electric Investments and HK Electric Investments Limited,0.67,9,6,11,6,3,2,4,41,-10.0,36.0,Poor,🔥 COILED: Stay away,43,0.0,0.0,0.0,50.0,0,,Utilities,5920254464.0,32.07
TRCK,Track Group Inc,0.66,8,12,8,7,6,3,2,46,-6.0,36.0,Poor,Stay away,42,-5.7,-5.7,-2.9,47.1,0,,Technology,27281226.0,5110.03
WYNMF,Wynn Macau Ltd,0.73,18,4,7,6,4,4,5,48,-12.0,36.0,Poor,Stay away,36,4.3,15.9,6.0,64.1,2,,Consumer Cyclical,3823585024.0,0.0
PHCRF,Healius Limited,0.84,8,3,9,9,3,2,4,38,-5.0,36.0,Poor,Stay away,32,0.0,0.0,-0.0,0.0,1,,Healthcare,609970880.0,91.35
AIJTY,Jianpu Technology Inc.,0.851,10,7,8,6,4,6,5,46,-10.0,36.0,Poor,Stay away,34,0.0,4.9,1.5,57.4,0,,Financial Services,17042280.0,6663.68
CGXYF,China Galaxy Securities Co. Ltd,1.0,9,6,11,6,3,2,4,41,-10.0,36.0,Poor,🔥 COILED: Stay away,35,0.0,0.0,0.0,50.0,0,,Financial Services,10934402048.0,0.0
SGDH,Sgd Holdings Ltd,1.0,12,6,9,6,4,2,4,43,-15.0,36.0,Poor,🔥 COILED: Stay away,50,0.0,0.0,0.0,52.8,1,,Financial Services,5000248320.0,64.29
SJ,Scienjoy Holding Corp,0.997,14,14,3,7,5,3,5,51,-18.0,36.0,Poor,Stay away,36,29.5,16.0,12.3,57.4,3,,Communication Services,42348120.0,55728.56
DFORF,D4t4 Solutions Plc,1.0,4,3,8,10,3,1,4,33,0.0,36.0,Poor,Stay away,14,0.0,0.0,-0.7,0.0,1,,Technology,37865160.0,968.58
MRM,Medirom Healthcare Technologies Inc,0.95,4,10,5,8,4,0,2,33,0.0,36.0,Poor,Stay away,28,-5.0,0.0,-3.8,42.5,1,,Consumer Cyclical,7506853.0,308115.23
CLGOF,CleanGo Innovations Inc,0.96,14,4,9,15,6,1,5,54,-18.0,36.0,Poor,Stay away,65,-0.2,6.4,8.6,76.0,1,,Consumer Defensive,7680843.0,749.91
FIUXX,First American Funds Inc. - First American Institutional Prime Obligations Fund,1.0,8,7,11,6,3,2,4,41,-10.0,36.0,Poor,🔥 COILED: Stay away,44,0.0,0.0,0.0,54.9,0,,nan,nan,0.0
LBRMF,Labrador Iron Mines Holdings Limited,0.01,9,7,5,10,7,2,5,45,-9.2,35.8,Poor,Stay away,53,-16.7,4900.0,56.5,53.7,2,,Basic Materials,1623644.0,7104.64
PKBAF,PT Bakrie & Brothers Tbk,0.002,7,7,6,9,3,2,5,39,-3.8,35.2,Poor,Stay away,15,0.0,566.7,22.8,49.8,2,,Industrials,856532608.0,8.53
PTEL,Pegasus Tel Inc,0.004,3,13,12,4,4,2,5,43,-11.0,35.0,Poor,Stay away,20,21.9,0.0,3.3,50.3,2,,Financial Services,12360897.0,1146642.83
TNPH,Tian'an Pharmaceutical Co Ltd,0.009,5,6,4,7,3,3,4,32,0.0,35.0,Poor,Stay away,20,0.0,0.0,-1.8,35.8,0,,Healthcare,7199999.0,3728.55
EMBR,Embarr Downs Inc,0.006,18,3,5,16,7,2,5,56,-21,35,Poor,Stay away,65,87.5,87.5,52.1,76.0,3,9,Financial Services,7051249.0,1057873.07
FNQQF,Fineqia International Inc,0.003,15,6,5,6,6,1,5,44,-9.0,35.0,Poor,Stay away,58,0.0,28.0,11.9,61.3,2,,Financial Services,5282634.0,10112.13
CSPUF,Canadian Spirit Resources Inc,0.01,12,6,11,7,6,4,4,50,-18.0,35.0,Poor,Stay away,56,0.0,0.0,0.2,93.3,1,,Energy,2881775.0,540.48
ISDSF,iSIGN Media Solutions Inc,0.01,8,3,10,7,3,2,4,37,-5.0,35.0,Poor,Stay away,42,0.0,0.0,-0.0,0.0,1,,Technology,2319762.0,8769.12
GRXMF,Marvel Gold Limited,0.002,6,7,1,8,3,1,4,30,0.0,35.0,Poor,🔥 COILED: Stay away,13,0.0,0.0,-19.9,44.7,0,,Basic Materials,2275510.0,67.76
MONTF,Montfort Capital Corp,0.004,8,3,10,7,3,2,4,37,-5.0,35.0,Poor,Stay away,24,0.0,0.0,-0.0,25.1,1,,Financial Services,2209526.0,270.73
MBPG,Marelius Inc.,0.01,5,6,6,14,3,2,2,38,-3.0,35.0,Poor,Stay away,29,4.3,4.3,-0.7,43.6,1,,Consumer Defensive,1943181.0,8051.5
GYST,Graystone Company Inc,0.002,16,11,6,9,8,3,5,58,-21.0,35.0,Poor,Stay away,57,4.2,19.0,11.5,58.4,4,,Financial Services,1713853.0,146352.24
CHELF,Champion Electric Metals Inc.,0.005,3,6,4,12,4,4,2,35,0.0,35.0,Poor,Stay away,35,14.0,-3.9,-5.5,47.3,1,,Basic Materials,1661799.0,82530.32
PTOS,P2 Solar Inc,0.01,6,4,2,10,3,4,5,34,2.0,35.0,Poor,Stay away,32,-25.9,-33.3,-14.8,44.8,0,,Technology,1285715.0,19068.54
AGIN,American Graphite Technologies Inc,0.002,6,7,7,11,4,0,2,37,2.0,35.0,Poor,Stay away,29,0.0,-5.0,0.8,49.7,0,,Financial Services,796751.0,132277.69
HERF,Red Oak Hereford Farms Inc,0.008,5,4,4,9,6,6,3,37,-5.0,35.0,Poor,Stay away,40,0.0,-2.4,-0.8,43.0,1,,Consumer Defensive,314532.0,875.26
BNIGF,Beroni Group Limited,0.006,8,3,9,8,3,2,4,37,-5.0,35.0,Poor,Stay away,36,0.0,0.0,-0.0,0.0,1,,Healthcare,179982.0,0.14
DIOSF,Dios Exploration Inc,0.001,8,3,10,7,3,2,4,37,-5.0,35.0,Poor,Stay away,37,0.0,0.0,-0.0,1.6,1,,Basic Materials,142757.0,2999.99
JNHMF,Jack Nathan Medical Corp,0.008,5,4,9,7,3,3,4,35,-5.0,35.0,Poor,🔥 COILED: Stay away,32,0.0,0.0,-3.3,43.3,1,,Healthcare,69679.0,79.0
TEXG,Terax Energy Inc,0.001,10,5,9,11,4,2,4,45,-13.0,35.0,Poor,Stay away,43,0.0,0.0,0.0,99.4,0,,Financial Services,3685.0,1779.41
SNNSF,SenSen Networks Limited,0.02,3,3,9,9,3,1,4,32,0.0,35.0,Poor,Stay away,18,0.0,0.0,-0.9,0.0,0,,Technology,16598647.0,2455.0
ISEYF,Wi2Wi Corporation,0.02,12,6,11,7,3,2,4,45,-13.0,35.0,Poor,Stay away,57,0.0,0.0,0.0,100.0,0,,Technology,3964660.0,4886.65
VSBC,VitaSpring Biomedical Co. Ltd,0.011,8,3,10,7,3,2,4,37,-5.0,35.0,Poor,Stay away,25,0.0,0.0,-0.1,0.0,1,,Healthcare,2298033.0,51.88
PTOP,Peer To Peer Network,0.011,9,6,5,10,0,4,2,36,-1.0,35.0,Poor,Stay away,27,0.9,2.8,-2.7,48.8,1,,Technology,1462600.0,38999.36
TTNN,AgriSolar Solutions Inc,0.013,5,4,10,8,3,1,4,35,-5.0,35.0,Poor,🔥 COILED: Stay away,35,0.0,0.0,-0.0,44.5,1,,Energy,1423794.0,1831.0
TREP,Trucept Inc,0.017,4,13,9,13,3,4,2,48,-16.0,35.0,Poor,Stay away,38,0.0,16.8,5.4,51.2,3,,Industrials,934039.0,0.0
ARSEF,Altai Resources Inc,0.015,8,5,11,12,6,4,4,50,-18.0,35.0,Poor,Stay away,47,0.0,0.0,0.3,97.7,1,,Energy,840503.0,1143.68
ZHIXF,Zhixin Group Holding Limited,0.026,8,3,9,8,3,2,4,37,-5.0,35.0,Poor,Stay away,28,0.0,0.0,-0.0,0.0,1,,Basic Materials,23696640.0,1215.0
CINGF,Coinsilium Group Ltd,0.028,6,5,8,9,2,2,5,37,-5.0,35.0,Poor,Stay away,23,-4.1,-1.1,-1.8,46.1,1,,Technology,13545119.0,231102.89
SCGY,Scientific Energy Inc,0.027,5,4,10,9,3,2,4,37,-5.0,35.0,Poor,Stay away,33,0.0,0.0,-0.0,0.0,1,,Communication Services,7110113.0,8.5
HLOC,World Technology Corp,0.027,8,4,4,11,0,5,5,37,2.0,35.0,Poor,Stay away,18,-25.2,-25.2,-13.8,37.7,0,,Technology,3097057.0,396.34
SHRG,Sharing Services Global Corp,0.022,7,3,10,9,0,4,4,37,-5.0,35.0,Poor,Stay away,41,0.0,0.0,-0.0,30.0,1,,Consumer Defensive,7121.0,22.55
ACONW,Aclarion Inc,0.024,4,13,1,13,3,0,2,36,-1.0,35.0,Poor,Stay away,21,-29.6,8.0,-5.5,47.8,2,,nan,nan,21477.36
SMIT,Schmitt Industries Inc,0.033,12,4,10,14,6,2,5,53,-18.0,35.0,Poor,Stay away,55,0.0,0.0,7.2,89.6,1,,Technology,127974.0,733.4
DGMDF,Digital Domain Holdings Limited,0.044,10,6,11,8,0,6,4,45,-13.0,35.0,Poor,Stay away,34,0.0,0.0,0.0,80.9,0,,Communication Services,351086944.0,2129.45
SIMTF,SIM Technology Group Limited,0.046,12,6,11,8,0,4,4,45,-13.0,35.0,Poor,Stay away,54,0.0,0.0,0.0,99.5,0,,Technology,343983616.0,140.0
AKEMF,Alaska Energy Metals Corporation,0.041,9,14,7,7,2,3,5,47,-12.0,35.0,Poor,Stay away,17,3.2,3.2,2.1,53.7,1,,Basic Materials,8957215.0,469573.5
GLABF,Gemina Laboratories Ltd,0.05,8,6,10,7,0,2,4,37,-5.0,35.0,Poor,Stay away,29,0.0,0.0,-0.0,25.7,1,,Healthcare,3828545.0,19177.6
MTLI,Metaline Contact Mines,0.05,3,3,9,9,0,7,4,35,0.0,35.0,Poor,Stay away,20,0.0,0.0,-10.0,18.2,0,,Basic Materials,572930.0,128.99
CTTH,CTT Pharmaceutical Holdings Inc,0.066,1,11,3,9,4,3,2,33,2.0,35.0,Poor,Stay away,41,8.0,0.0,-2.6,46.3,1,,Healthcare,3871707.0,36131.18
CRUCF,Colibri Resource Corporation,0.064,6,8,7,9,4,2,2,38,-3.0,35.0,Poor,Stay away,27,23.3,-4.5,1.2,49.6,1,,Basic Materials,2360096.0,10119.56
GNCNF,Gencan Capital Inc,0.065,9,6,11,10,3,2,4,45,-13.0,35.0,Poor,Stay away,48,0.0,0.0,0.0,100.0,0,,Financial Services,1163927.0,100.87
GTGEF,G2 Technologies Corp,0.07,5,4,9,8,3,2,4,35,-5.0,35.0,Poor,🔥 COILED: Stay away,40,0.0,0.0,0.0,50.0,1,,Energy,347281.0,450.0
INTI,Inhibitor Therapeutics Inc,0.08,6,9,8,7,3,0,4,37,-5.0,35.0,Poor,Stay away,36,-8.0,5.3,-0.3,49.0,1,,Healthcare,13805884.0,15090.82
TGMR,Troy Gold & Mineral Corp,0.071,3,3,8,8,3,3,4,32,0.0,35.0,Poor,Stay away,23,0.0,0.0,-27.2,7.8,0,,Basic Materials,44464.0,171.61
SMREF,Sun Summit Minerals Corp,0.084,3,9,8,11,2,0,3,36,-4.0,35.0,Poor,Stay away,15,-6.8,-9.3,-5.0,42.2,1,,Basic Materials,26699656.0,113749.21
IEGCF,Independence Gold Corp,0.082,13,12,4,9,6,4,5,53,-16.0,35.0,Poor,Stay away,54,-4.2,5.8,4.4,56.5,1,,Basic Materials,21115828.0,288979.79
RKVTF,RKVTF,0.09,10,7,7,10,2,2,2,40,-5.0,35.0,Poor,Stay away,29,0.0,1.0,0.2,49.3,1,,Healthcare,2197226.0,5019.62
HKGEF,Hong Kong Economic Times Holdings Limited,0.093,5,4,10,7,0,2,4,32,0.0,35.0,Poor,Stay away,31,0.0,0.0,-0.0,0.0,1,,Communication Services,40138800.0,0.0
RMETF,Rackla Metals Inc,0.096,8,14,3,7,4,2,2,40,-5.0,35.0,Poor,Stay away,29,-8.6,5.5,2.5,50.3,1,,Basic Materials,15146945.0,128489.39
PTFRF,PT Tower Bersama Infrastructure TBK,0.1,5,4,10,7,0,2,4,32,0.0,35.0,Poor,Stay away,29,0.0,0.0,-0.0,0.0,0,,Communication Services,2259248128.0,0.0
BMCLF,BAIC Motor Corporation Limited,0.136,4,3,10,8,3,3,4,35,0.0,35.0,Poor,Stay away,15,0.0,0.0,-0.5,0.1,0,,Consumer Cyclical,1090086016.0,426.0
CCLHF,C C Land Holdings Limited,0.14,5,4,9,8,3,2,4,35,-5.0,35.0,Poor,🔥 COILED: Stay away,28,0.0,0.0,0.0,50.0,1,,Real Estate,543526848.0,4.0
GRRLF,Grange Resources Ltd,0.11,5,4,7,8,3,4,4,35,0.0,35.0,Poor,Stay away,22,0.0,0.0,-1.1,46.0,1,,Basic Materials,151801776.0,45827.46
HCIL,Hongchang International Co. Ltd.,0.12,7,7,10,6,3,3,4,40,-10.0,35.0,Poor,🔥 COILED: Stay away,29,0.0,0.0,-0.5,46.6,0,,Consumer Defensive,62259760.0,2916.03
ARJNF,Trinity One Metals Ltd.,0.145,13,7,11,5,4,3,4,47,-17.0,35.0,Poor,🔥 COILED: Stay away,50,0.0,0.0,2.1,62.2,1,,Basic Materials,9749057.0,7565.96
RIGMF,Ridgestone Mining Inc,0.12,7,7,0,9,7,6,2,38,-3.0,35.0,Poor,Stay away,16,9.1,3.0,-0.8,49.3,2,,Basic Materials,3049693.0,2073.14
SYDRF,Delota Corp,0.1,12,6,11,8,0,4,4,45,-13.0,35.0,Poor,Stay away,48,0.0,0.0,0.0,99.5,0,,Healthcare,2911033.0,45.0
VCBDD,"Vitalibis, Inc.",0.13,11,5,3,9,3,1,5,37,-5.0,35.0,Poor,Stay away,36,0.0,0.0,16.6,55.2,1,,Financial Services,42862.0,593.0
TITMF,Titomic Limited,0.15,11,8,8,5,6,3,4,45,-15.0,35.0,Poor,🔥 COILED: Stay away,30,0.0,0.0,1.0,57.0,1,,Industrials,241129568.0,12979.5
CWGYF,Carnegie Clean Energy Limited,0.159,9,4,2,13,5,0,5,38,-3.0,35.0,Poor,Stay away,57,-24.2,6.1,-8.5,48.4,0,,Utilities,67983920.0,355111.06
BETRF,BetterLife Pharma Inc,0.176,17,9,4,10,7,0,5,52,-15.0,35.0,Poor,Stay away,65,10.1,7.4,18.8,70.1,1,,Healthcare,28553716.0,52570.58
AQUI,Aquagold International Inc,0.177,20,8,5,5,6,11,5,60,-25,35,Poor,Stay away,59,185.5,118.5,115.3,76.7,3,5,Financial Services,3514431.0,382.84
TFLM,TFLM,0.17,12,7,11,6,3,4,4,47,-15.0,35.0,Poor,Stay away,36,0.0,0.0,0.0,59.5,1,,Technology,1005130.0,578.18
CHHGF,Chen Hsong Holdings Limited,0.231,9,6,10,6,3,2,4,40,-10.0,35.0,Poor,🔥 COILED: Stay away,51,0.0,0.0,0.0,50.0,0,,Industrials,145589744.0,1019.5
SDRC,Sidney Resources Corp,0.208,15,13,9,5,4,4,5,55,-20,35,Poor,Stay away,29,66.8,53.3,35.1,65.1,4,9,Basic Materials,78480016.0,202657.46
RECEF,Recce Pharmaceuticals Ltd,0.22,8,3,9,8,3,2,4,37,-5.0,35.0,Poor,Stay away,29,0.0,0.0,-0.0,0.8,1,,Healthcare,65883144.0,21.5
GECSF,Global Education Communities Corp.,0.2,3,14,4,10,3,2,2,38,-3.0,35.0,Poor,Stay away,27,5.3,0.0,2.0,51.2,1,,Consumer Defensive,13730664.0,2795.98
HYDI,Hydromer Inc,0.22,6,3,10,8,3,3,4,37,-5.0,35.0,Poor,Stay away,38,0.0,0.0,-0.1,21.6,1,,Basic Materials,715847.0,566.5
QSEAR,Quartzsea Acquisition Corporation,0.219,7,5,2,12,8,4,5,43,-8.0,35.0,Poor,Stay away,45,-4.9,34.4,-1.4,49.7,2,,nan,nan,0.0
TJSCF,Tianjin Development Holdings Limited,0.257,17,4,5,9,6,2,5,48,-13.0,35.0,Poor,Stay away,58,0.0,0.0,2.7,100.0,0,,Industrials,275916480.0,25.0
DNRGF,DNRGF,0.29,6,9,3,7,6,2,2,35,-3.0,35.0,Poor,Stay away,51,23.4,-17.1,9.1,53.2,2,,Energy,35508500.0,21659.56
KBRIF,KBRIF,0.25,17,4,6,16,6,5,5,59,-24,35,Poor,Stay away,63,52.6,52.6,34.6,77.5,3,6,Basic Materials,33831464.0,585.03
IZM,ICZOOM Group Inc. Class A Ordinary Shares,0.259,2,13,3,8,3,2,2,33,4.0,35.0,Poor,Stay away,25,-6.0,-12.7,-10.9,41.6,0,,Technology,3117498.0,1011970.58
OSHDF,Oshidori International Holdings Limited,0.34,18,1,6,7,6,5,5,48,-13.0,35.0,Poor,Stay away,60,9.6,9.6,8.1,85.9,1,,Financial Services,2358701312.0,113.67
AMGXF,AnGes Inc,0.36,5,4,9,8,3,2,4,35,-5.0,35.0,Poor,🔥 COILED: Stay away,39,0.0,0.0,0.0,50.0,1,,Healthcare,142504592.0,21.63
CAHO,Caro Holdings Inc,0.39,11,6,11,8,6,2,4,48,-18.0,35.0,Poor,🔥 COILED: Stay away,37,0.0,0.0,0.1,86.5,1,,Industrials,23654446.0,341.25
EXHI,Exlites Holdings International Inc,0.36,6,3,10,7,0,5,4,35,0.0,35.0,Poor,Stay away,30,0.0,0.0,-0.2,38.4,0,,Healthcare,15855406.0,175.5
CPOP,Pop Culture Group Co Ltd,0.376,12,9,3,13,3,0,5,45,-8.0,35.0,Poor,Stay away,27,-10.0,-10.9,12.8,54.7,1,,Communication Services,4676952.0,865272.77
PSSR,Passur Aerospace Inc,0.35,15,4,5,12,6,6,5,53,-18.0,35.0,Poor,Stay away,58,0.0,6.1,3.5,100.0,1,,Industrials,2699232.0,777.16
TGASF,Towngas China Company Limited,0.429,4,3,8,7,3,3,4,32,0.0,35.0,Poor,Stay away,17,0.0,0.0,-0.7,0.0,0,,Utilities,1515526912.0,0.0
SBNY,Signature Bank,0.4,3,7,2,12,5,6,2,37,2.0,35.0,Poor,Stay away,25,14.3,-7.0,-4.2,45.1,0,,Financial Services,59825336.0,76276.41
OSRH,OSR Holdings Inc,0.43,12,5,5,12,0,5,5,44,-9.0,35.0,Poor,Stay away,25,-4.4,-11.5,2.7,52.9,0,,Healthcare,15101038.0,4032682.74
CIGL,Concorde International Group Ltd Class A Ordinary Shares,0.459,7,8,3,9,4,2,5,38,-1.0,35.0,Poor,Stay away,18,-2.4,-10.8,-10.0,43.0,1,,Industrials,104231728.0,927192.38
VSQTF,Victory Square Technologies Inc,0.476,1,10,9,8,4,0,3,35,2.0,35.0,Poor,Stay away,38,-2.8,-0.4,-0.9,47.9,0,,Healthcare,49557212.0,91116.98
ITGMF,Biomedico Hadarim Ltd,0.475,5,4,9,8,3,2,4,35,-5.0,35.0,Poor,🔥 COILED: Stay away,30,0.0,0.0,0.0,50.0,1,,Industrials,13101222.0,35.78
SNPMF,China Petroleum & Chemical Corp Class H,0.53,5,3,3,10,0,2,5,28,2.0,35.0,Poor,Stay away,11,-0.1,-3.7,-2.1,47.5,0,,Energy,68833009664.0,41377.93
WWNTF,Want Want China Holdings Limited,0.54,5,3,6,9,3,2,4,32,0.0,35.0,Poor,Stay away,28,0.0,0.0,-0.0,0.0,0,,Consumer Defensive,7539904512.0,288.0
LDDD,Longduoduo Company Limited,0.51,5,4,8,9,3,2,4,35,-5.0,35.0,Poor,🔥 COILED: Stay away,32,0.0,0.0,-0.0,47.6,1,,Healthcare,15307668.0,18.33
AOTUF,Precinct Properties New Zealand Limited,0.58,3,5,5,9,3,3,4,32,0.0,35.0,Poor,Stay away,13,0.0,0.0,-1.0,14.3,0,,Real Estate,1223992320.0,27.5
IDGXF,Integrated Diagnostics Holdings plc,0.551,16,7,5,14,4,1,5,52,-17.0,35.0,Poor,Stay away,38,11.4,11.4,7.3,67.6,3,,Healthcare,320485152.0,124.29
SYMQY,SymBio Pharmaceuticals Limited,0.558,8,3,10,7,3,2,4,37,-5.0,35.0,Poor,Stay away,27,0.0,0.0,-0.0,0.0,1,,Healthcare,40251228.0,47.53
VGES,Vanguard Green Investment Limited,0.56,9,6,11,10,3,2,4,45,-13.0,35.0,Poor,Stay away,46,0.0,0.0,0.0,100.0,0,,Consumer Cyclical,33282916.0,9.45
BDST,"bebe stores, inc.",0.59,19,4,5,13,7,5,5,58,-23,35,Poor,Stay away,69,90.3,84.4,52.9,90.2,2,7,Industrials,7595725.0,2619.21
HNRDF,Hansard Global Plc,0.61,10,6,11,9,3,2,4,45,-13.0,35.0,Poor,Stay away,52,0.0,0.0,0.0,99.7,0,,Financial Services,83292488.0,0.0
ORIS,Oriental Rise Holdings Limited Ordinary Shares,0.64,4,10,6,7,4,4,2,37,0.0,35.0,Poor,Stay away,43,2.3,1.5,-7.2,47.4,1,,Consumer Defensive,2313491.0,219644.9
BZDLF,Kincora Copper Limited,0.72,15,11,4,11,4,5,5,55,-18.0,35.0,Poor,Stay away,58,4.3,20.0,7.0,53.0,3,,Basic Materials,34252720.0,24110.72
AMPGZ,"Amplitech Group, Inc. Series B Right",0.75,2,10,3,10,4,0,2,31,4.0,35.0,Poor,Stay away,0,-40.0,-31.2,-29.2,41.9,0,,nan,nan,0.0
AMFN,American Fusion Inc.,0.167,18,13,4,16,5,0,5,61,-26.2,34.8,Poor,Stay away,0,7.7,108.5,27.0,65.8,3,,Basic Materials,493451776.0,0.0
LPMDF,Lippo Malls Indonesia Retail Trust,0.006,5,3,10,7,0,2,4,31,0.0,34.0,Poor,Stay away,29,0.0,0.0,-0.0,0.0,0,,Real Estate,102146336.0,250.32
CROTD,CROTD,0.007,5,3,9,7,3,5,4,36,-5.0,34.0,Poor,Stay away,29,0.0,0.0,-4.9,31.0,1,,nan,5343047.0,30.17
MDXL,Medixall Group Inc,0.006,10,7,10,12,4,2,4,49,-18.0,34.0,Poor,Stay away,49,0.0,0.0,0.0,100.0,1,,Healthcare,1150833.0,121.15
SVLT,Sunvault Energy Inc,0.006,9,4,5,14,3,2,5,42,-8.0,34.0,Poor,Stay away,53,0.0,0.0,4.7,73.1,1,,Industrials,914283.0,3538.0
MDRM,Modern Mobility Aids,0.003,3,6,4,10,0,2,4,29,2.0,34.0,Poor,Stay away,28,0.0,50.0,-0.3,47.3,2,,Healthcare,915037.0,18953.0
ODDAF,Odd Burger Corporation,0.006,3,4,10,9,3,3,4,36,-5.0,34.0,Poor,Stay away,14,0.0,0.0,-11.9,15.1,1,,Consumer Cyclical,646880.0,6796.09
GDXRF,Goldex Resources Corporation,0.01,5,3,10,9,3,2,4,36,-5.0,34.0,Poor,Stay away,38,0.0,0.0,-0.0,32.8,1,,Basic Materials,331027.0,215.5
AGFAF,Agra Ventures Ltd.,0.004,3,8,10,10,0,3,5,39,-5.0,34.0,Poor,Stay away,18,0.0,0.0,-6.7,46.1,1,,Healthcare,86599.0,4538.67
ZTTO,Zitto Inc,0.009,11,7,11,6,3,2,4,44,-15.0,34.0,Poor,🔥 COILED: Stay away,32,0.0,0.0,0.0,46.0,1,,Financial Services,59854.0,11.0
BDPT,BioAdaptives Inc,0.004,8,15,4,10,3,6,5,51,-18,34,Poor,Stay away,35,150.0,29.6,57.4,55.7,3,10,Consumer Defensive,22816.0,1927884.7
MTST,MetaStat Inc,0.001,10,7,10,10,4,4,4,49,-18.0,34.0,Poor,Stay away,49,0.0,0.0,0.2,100.0,1,,Healthcare,5877.0,400.38
IRNS,Ironstone Group Inc,0.002,8,3,9,7,3,2,4,36,-5.0,34.0,Poor,Stay away,29,0.0,0.0,-0.0,0.0,1,,Financial Services,5453.0,10.0
HLEGF,Helios Energy Limited,0.02,10,6,11,8,3,2,4,44,-13.0,34.0,Poor,Stay away,55,0.0,0.0,0.0,99.9,0,,Energy,77686104.0,600.0
KYBWF,Guangdong Land Holdings Limited,0.02,14,4,7,14,6,2,5,52,-18.0,34.0,Poor,Stay away,58,0.0,0.0,14.2,100.0,1,,Real Estate,34230736.0,77.2
DROR,Dror Ortho-Design Inc.,0.012,7,4,3,8,8,0,2,32,2.0,34.0,Poor,Stay away,49,0.0,-0.8,10.4,53.2,0,,Consumer Cyclical,11626266.0,34451.35
AUVGF,Australian Vintage Ltd,0.014,8,3,9,7,3,2,4,36,-5.0,34.0,Poor,Stay away,20,0.0,0.0,-0.2,0.0,1,,Consumer Defensive,4546588.0,8.4
STHI,Sprout Tiny Homes Inc,0.014,6,4,9,9,6,3,2,39,-5.0,34.0,Poor,Stay away,47,-3.6,-3.6,-2.3,49.3,1,,Consumer Cyclical,1571431.0,0.0
LAAI,LAAI,0.014,10,6,11,8,3,2,4,44,-13.0,34.0,Poor,Stay away,43,0.0,0.0,0.0,98.5,0,,Consumer Cyclical,1022321.0,0.0
ABLVW,Able View Global Inc. Warrant,0.019,7,7,4,8,1,2,2,31,4.0,34.0,Poor,Stay away,42,-2.1,-5.1,4.7,52.5,0,,nan,nan,36730.02
NHHHF,FuelPositive Corp,0.023,8,18,4,12,3,2,5,52,-18.0,34.0,Poor,Stay away,25,16.5,16.5,5.3,52.1,3,,Industrials,11013519.0,325137.41
CBUTF,Clear Blue Technologies International Inc,0.029,3,5,9,9,3,3,4,36,-5.0,34.0,Poor,Stay away,23,0.0,0.0,-1.8,42.8,1,,Technology,2878187.0,17585.4
VETIF,VIP Entertainment Technologies Inc.,0.03,5,4,9,7,3,2,4,34,-5.0,34.0,Poor,🔥 COILED: Stay away,27,0.0,0.0,0.0,50.0,1,,Consumer Cyclical,1167937.0,41.75
AMNC,Amincor Inc,0.026,12,6,11,11,3,2,4,49,-18.0,34.0,Poor,Stay away,44,0.0,0.0,0.1,99.8,1,,Consumer Defensive,885373.0,596.86
AAM,AA Mission Acquisition Corp.,0.033,4,9,8,7,3,0,5,36,-3.0,34.0,Poor,Stay away,27,0.0,-2.9,-2.0,44.1,0,,Financial Services,468762848.0,529087.68
DRDNF,Dreadnought Resources Ltd,0.04,9,6,11,9,3,2,4,44,-13.0,34.0,Poor,Stay away,52,0.0,0.0,0.0,100.0,0,,nan,81101431.0,522.5
IVIXF,Invion Limited,0.037,8,3,9,7,3,2,4,36,-5.0,34.0,Poor,Stay away,39,0.0,0.0,-0.0,0.0,1,,Healthcare,4029503.0,0.11
KSEZ,Kinetic Seas Incorporated,0.038,4,8,9,10,3,2,3,39,-5.0,34.0,Poor,Stay away,21,-5.0,-11.6,-5.3,43.9,1,,Technology,2308345.0,75050.38
MSOVF,Greatbanks Resources Ltd,0.04,12,6,10,7,3,2,4,44,-13.0,34.0,Poor,Stay away,51,0.0,0.0,0.0,100.0,0,,Other,nan,52.0
BBKCF,BIG Blockchain Intelligence Group Inc,0.048,5,11,5,9,4,2,3,39,-3.0,34.0,Poor,Stay away,28,3.9,-2.7,-1.0,47.6,1,,Financial Services,17098204.0,218166.9
MOAEF,Mongolia Energy Corporation Limited,0.05,3,3,10,8,0,3,4,31,0.0,34.0,Poor,Stay away,12,0.0,0.0,-0.9,1.6,0,,Basic Materials,9406293.0,770.99
PRYNF,Backstageplay Inc,0.049,8,3,9,10,0,2,4,36,-5.0,34.0,Poor,Stay away,29,0.0,0.0,-0.0,0.0,1,,Communication Services,1203578.0,218.75
EDBLW,Edible Garden AG Incorporated,0.047,4,15,3,11,3,4,5,45,-11.0,34.0,Poor,Stay away,16,32.7,7.8,-10.5,47.6,1,,nan,nan,11772.04
SHMSF,Shimao Services Holdings Limited,0.058,5,3,10,9,3,2,4,36,-5.0,34.0,Poor,Stay away,35,0.0,0.0,-0.0,14.3,1,,Real Estate,141919952.0,3.54
APCFF,Atlas Pearls Ltd,0.054,10,6,8,5,6,3,4,42,-13.0,34.0,Poor,🔥 COILED: Stay away,49,0.0,0.0,0.4,74.0,0,,Consumer Cyclical,23883918.0,220.0
MRPT,MacReport.Net Inc,0.053,13,5,7,14,6,2,5,52,-18.0,34.0,Poor,Stay away,57,0.0,0.0,2.6,99.8,1,,Communication Services,944729.0,346.54
EMFGF,Fluence Corporation Limited,0.062,14,11,5,7,8,3,5,53,-18.0,34.0,Poor,Stay away,53,12.7,23.0,13.6,59.8,3,,Industrials,70945312.0,5440.63
EWGFF,Eat Well Investment Group Inc,0.067,12,11,6,18,4,0,5,56,-27,34,Poor,Stay away,66,34.0,123.3,53.7,60.1,3,,Consumer Defensive,10362347.0,15593.27
PGOL,Patriot Gold Corp,0.065,11,9,4,10,6,2,2,44,-8.0,34.0,Poor,Stay away,47,-0.5,-6.2,-1.8,47.5,1,,Basic Materials,4370975.0,28165.72
CYMHF,Cymat Technologies Ltd,0.08,12,11,1,14,8,4,5,55,-21.0,34.0,Poor,Stay away,55,-17.4,14.3,7.9,58.9,3,,Industrials,9385629.0,14991.14
FOXXW,Foxx Development Holdings Inc.,0.075,1,7,2,10,0,2,5,27,4.0,34.0,Poor,Stay away,23,-11.7,-6.2,-9.6,47.6,0,,nan,nan,0.0
SSILF,Sa Sa International Holdings Limited,0.119,10,6,11,8,3,2,4,44,-13.0,34.0,Poor,Stay away,46,0.0,0.0,0.0,97.8,0,,Consumer Cyclical,370520832.0,35.0
ABDXF,Abingdon Health Plc,0.14,9,14,2,11,3,7,4,50,-16.0,34.0,Poor,Stay away,40,6.0,9.2,2.7,51.5,3,,Healthcare,33169896.0,3414.25
HNDI,Handeni Gold Inc,0.138,17,16,5,6,5,5,2,56,-22,34,Poor,Stay away,45,273.7,323.0,96.7,63.7,4,7,Financial Services,14488856.0,1117.34
KOREF,KORE Mining Ltd,0.111,5,5,9,10,3,4,3,39,-5.0,34.0,Poor,Stay away,23,0.0,-0.9,-2.7,38.1,1,,Basic Materials,9118865.0,9563.17
CCPUF,Canada Computational Unlimited Corp,0.1,8,6,6,8,1,4,5,38,-7.0,34.0,Poor,Stay away,54,0.0,0.0,4.8,62.1,1,,Financial Services,9005079.0,2143.3
MBCOF,Marvel Biosciences Corp.,0.111,6,14,4,8,3,0,4,39,-5.0,34.0,Poor,Stay away,33,-3.5,1.3,-0.7,48.3,2,,Healthcare,7279011.0,20139.85
TRLEF,Trillion Energy International Inc.,0.123,8,12,9,8,4,0,5,46,-13.0,34.0,Poor,Stay away,41,-2.5,-4.3,0.8,50.6,1,,Energy,7478009.0,75959.57
HEWA,Healthwarehouse.Com,0.13,14,7,12,5,6,3,4,51,-17.0,34.0,Poor,Stay away,60,8.3,8.3,3.6,62.1,2,,Healthcare,7403551.0,2914.5
HOGPF,HOGPF,0.11,5,7,9,6,0,4,5,36,-8.0,34.0,Poor,Stay away,32,8.7,9.6,2.0,50.3,1,,nan,nan,44884.13
VVIVF,EarthRenew Inc,0.155,16,6,6,14,5,4,5,56,-22.0,34.0,Poor,Stay away,54,-8.8,30.1,14.6,64.1,3,,Basic Materials,31200142.0,0.0
DLPRF,DLP Resources Inc,0.175,15,7,7,17,4,2,5,57,-23.0,34.0,Poor,Stay away,39,7.0,24.8,13.4,72.7,3,,Basic Materials,26147482.0,12566.76
INVRF,Inverite Insights Inc,0.198,5,3,10,7,3,4,4,36,-5.0,34.0,Poor,Stay away,40,0.0,0.0,-0.0,31.6,1,,Financial Services,11322273.0,192.79
GNGXF,Inventus Mining Corp,0.2,5,7,4,9,7,2,5,39,-5.0,34.0,Poor,Stay away,36,1.9,-7.0,-5.6,46.6,1,,Basic Materials,44200000.0,32303.07
ROKRF,ROK Resources Inc.,0.2,8,7,1,8,4,4,5,37,-3.0,34.0,Poor,Stay away,47,-7.8,0.0,-0.6,49.2,1,,Energy,44203760.0,132108.64
IDTA,Identa Corp,0.22,7,5,3,7,6,1,2,31,0.0,34.0,Poor,Stay away,48,0.0,-12.0,-3.2,46.8,0,,Healthcare,890029.0,2458.51
SHIHF,Shenzhen Investment Holdings Bay Area Development Company Limited,0.28,12,6,10,7,3,2,4,44,-13.0,34.0,Poor,Stay away,53,0.0,0.0,0.0,100.0,0,,Industrials,932873280.0,211.26
BMLQF,Boab Metals Ltd,0.27,6,8,5,10,4,1,5,39,-5.0,34.0,Poor,Stay away,36,-14.3,7.2,-1.5,48.7,1,,Basic Materials,155615648.0,19715.02
CGUIF,Casino Guichard-Perrachon Société Anonyme,0.291,13,6,11,7,4,2,4,47,-18.0,34.0,Poor,🔥 COILED: Stay away,36,0.0,0.0,0.3,99.7,1,,Consumer Defensive,90992960.0,41.01
VRSSF,VERSES AI Inc.,0.265,6,3,10,7,3,3,4,36,-5.0,34.0,Poor,Stay away,16,0.0,0.0,-5.1,28.0,1,,Technology,3791103.0,29660.28
ARRRF,Ardea Resources Limited,0.3,10,7,4,8,1,2,5,37,-3.0,34.0,Poor,Stay away,26,7.1,2.0,7.0,51.0,2,,Basic Materials,65914236.0,9560.77
MYND,"Mynd.ai, Inc.",0.386,4,3,7,10,4,2,4,34,-3.0,34.0,Poor,Stay away,39,-1.4,-7.5,-1.7,48.6,1,,Consumer Defensive,18183674.0,209250.96
TRRPF,Torrent Capital Ltd,0.359,4,6,2,9,3,3,4,31,0.0,34.0,Poor,Stay away,20,0.0,0.0,-0.2,38.0,0,,Financial Services,13718154.0,408.0
AAMCF,Altisource Asset Management Corporation,0.37,5,3,10,9,3,2,4,36,-5.0,34.0,Poor,Stay away,30,0.0,0.0,-0.0,13.0,1,,Consumer Cyclical,94.0,0.0
VYND,Vynleads Inc,0.41,5,4,3,10,3,5,4,34,-5.0,34.0,Poor,🔥 COILED: Stay away,24,0.0,0.0,-1.2,41.3,1,,Healthcare,7510921.0,212.0
OGPIF,OGPIF,0.491,3,6,6,7,0,5,4,31,0.0,34.0,Poor,Stay away,17,0.0,0.0,-1.1,31.6,0,,Basic Materials,1319570176.0,0.0
WHGPF,Warehouse Group Ltd,0.535,8,3,9,7,3,2,4,36,-5.0,34.0,Poor,Stay away,27,0.0,0.0,-0.0,0.0,1,,Consumer Cyclical,185561088.0,4.06
KTGDF,K2 Gold Corporation,0.506,3,11,7,8,3,2,3,37,-3.0,34.0,Poor,Stay away,34,-5.4,-1.7,-2.4,44.8,1,,Basic Materials,123299576.0,27875.05
KRRYF,Kerry Logistics Network Limited,0.55,3,3,8,7,3,3,4,31,0.0,34.0,Poor,Stay away,9,0.0,0.0,-3.8,0.0,0,,Industrials,994086208.0,4.5
OBSJF,Obrascón Huarte Lain S.A,0.576,9,6,11,9,3,2,4,44,-13.0,34.0,Poor,Stay away,55,0.0,0.0,0.0,100.0,0,,Industrials,796704832.0,491.28
TIGXF,TIGXF,0.565,16,4,6,11,6,2,4,49,-18.0,34.0,Poor,Stay away,43,0.0,1.0,0.4,100.0,1,,Communication Services,136423728.0,600.88
DYNR,Dynaresource Inc,0.59,7,7,4,15,0,0,5,38,-2.0,34.0,Poor,Stay away,25,-9.2,18.0,2.3,50.0,2,,Basic Materials,17296278.0,9023.77
CNFN,Cfn Enterprises Inc,0.58,3,3,10,8,5,3,4,36,-5.0,34.0,Poor,Stay away,28,0.0,0.0,-1.2,28.8,1,,Communication Services,5188887.0,253.0
MEIUF,Meitu Inc,0.611,5,3,6,9,3,1,4,31,0.0,34.0,Poor,Stay away,23,0.0,0.0,-0.1,0.0,0,,Communication Services,2762077952.0,22.54
CSPKF,COSCO SHIPPING Ports Limited,0.69,4,4,2,9,3,3,4,29,0.0,34.0,Poor,🔥 COILED: Stay away,23,0.0,0.0,-0.3,47.6,0,,Industrials,2770727168.0,0.0
HMCTF,Hainan Meilan International Airport Company Limited,0.65,3,3,9,9,3,5,4,36,-5.0,34.0,Poor,Stay away,19,0.0,0.0,-0.9,0.0,1,,Industrials,317373440.0,78.03
CSPHF,CStone Pharmaceuticals,0.71,12,6,6,8,3,1,5,41,-7.0,34.0,Poor,Stay away,21,0.0,0.0,2.5,62.7,1,,Healthcare,1131819776.0,1305.08
JETBF,JETBF,0.705,15,2,7,6,6,2,4,42,-13.0,34.0,Poor,🔥 COILED: Stay away,53,0.0,0.0,0.2,74.5,0,,Industrials,47121664.0,8.91
GTENW,"Gores Holdings X, Inc. Warrants",0.776,10,2,3,8,1,5,5,34,2.0,34.0,Poor,Stay away,47,-3.1,7.8,2.0,51.3,0,,nan,nan,0.0
QNDPF,Qingdao Port International Co. Ltd,0.874,7,7,10,6,3,2,4,39,-10.0,34.0,Poor,🔥 COILED: Stay away,48,0.0,0.0,0.0,50.0,0,,Industrials,5671923200.0,0.28
GEDUF,GEDUF,0.885,10,6,11,6,0,2,4,39,-10.0,34.0,Poor,🔥 COILED: Stay away,40,0.0,0.0,0.0,50.0,0,,Consumer Defensive,682829504.0,2.5
STPGF,Steppe Gold Ltd,0.893,6,14,7,6,3,0,3,39,-8.0,34.0,Poor,Stay away,26,2.0,6.4,0.3,49.3,0,,Basic Materials,226785984.0,68816.66
XAARF,Xaar plc,0.92,5,4,9,7,3,2,4,34,-5.0,34.0,Poor,🔥 COILED: Stay away,27,0.0,0.0,0.0,50.0,1,,Technology,72195440.0,180.0
ASRFF,Americas Uranium Corp.,0.235,13,13,6,5,3,2,5,47,-13.5,33.5,Poor,Stay away,0,6.2,361.6,21.2,55.6,2,,nan,nan,0.0
TXTM,Protext Mobility Inc,0.006,17,12,7,10,4,4,5,59,-24,33,Poor,Stay away,45,50.0,65.8,37.8,68.9,3,5,Healthcare,36044012.0,11189492.86
SAHRF,Sahara Energy Ltd,0.006,9,6,11,6,0,2,4,38,-10.0,33.0,Poor,🔥 COILED: Stay away,52,0.0,0.0,0.0,50.0,0,,Energy,18586170.0,73.33
KWGBF,KWG Resources Inc,0.006,3,3,8,7,1,1,5,28,0.0,33.0,Poor,🔥 COILED: Stay away,14,0.0,0.0,-2.0,46.9,0,,Basic Materials,10186410.0,50335.92
MTTCF,MeaTech 3D Ltd,0.001,6,3,10,7,3,2,4,35,-5.0,33.0,Poor,Stay away,23,0.0,0.0,-0.0,0.1,1,,Consumer Defensive,7810295.0,435.81
DBORF,Diablo Resources Limited,0.009,3,7,3,7,3,1,4,28,0.0,33.0,Poor,🔥 COILED: Stay away,22,0.0,0.0,-2.2,44.4,0,,Basic Materials,4545656.0,6109.18
FYIRF,FYI Resources Limited,0.009,5,3,10,8,3,2,4,35,-5.0,33.0,Poor,Stay away,30,0.0,0.0,-0.0,0.0,1,,Basic Materials,4160983.0,450.0
SCLF,Suncliff Inc,0.002,6,5,10,6,3,2,4,36,-8.0,33.0,Poor,🔥 COILED: Stay away,38,0.0,0.0,-0.0,44.5,0,,Consumer Cyclical,2967547.0,693.92
CAFS,Café Serendipity Holdings Inc,0.004,3,4,10,9,0,3,4,33,0.0,33.0,Poor,Stay away,35,0.0,0.0,-2.6,32.9,0,,Financial Services,689962.0,2969.59
GXXY,Galexxy Holdings Inc,0.001,5,3,10,8,3,2,4,35,-5.0,33.0,Poor,Stay away,17,0.0,0.0,-0.2,27.1,1,,Healthcare,369605.0,12816.74
AMPDF,AMPD Ventures Inc,0.003,5,4,10,8,0,2,4,33,-5.0,33.0,Poor,🔥 COILED: Stay away,32,0.0,0.0,0.0,50.0,1,,Technology,361000.0,84.0
CATTF,CAT Strategic Metals Corporation,0.009,3,4,3,8,5,5,2,30,0.0,33.0,Poor,Stay away,34,0.0,0.0,-17.6,40.6,0,,Basic Materials,346196.0,6299.95
BKLIF,Blockmint Technologies Inc,0.001,3,3,9,7,3,1,4,30,0.0,33.0,Poor,Stay away,11,0.0,0.0,-11.4,0.4,0,,Financial Services,57891.0,31.5
SVREW,SaverOne 2014 Ltd. Warrant,0.009,7,4,8,9,0,2,3,33,0.0,33.0,Poor,Stay away,24,-6.0,-5.1,-7.0,47.7,1,,nan,nan,0.0
AHFI,Absolute Health and Fitness Inc,0.012,3,7,7,11,0,3,2,33,0.0,33.0,Poor,Stay away,29,0.0,4.3,-4.2,42.1,0,,Financial Services,1009332.0,3980.06
BLRZF,Blackhawk Growth Corp,0.011,9,6,11,11,0,2,4,43,-13.0,33.0,Poor,Stay away,56,0.0,0.0,0.0,100.0,0,,Financial Services,97077.0,3.9
MLECW,Moolec Science SA Warrant,0.017,3,6,4,10,0,2,5,30,0.0,33.0,Poor,Stay away,26,-16.8,2.4,-8.2,47.3,0,,nan,nan,368763.07
CMMCF,OXE Marine AB (publ),0.03,5,3,10,9,3,1,4,35,-5.0,33.0,Poor,Stay away,21,0.0,0.0,-0.2,1.0,1,,Industrials,20791214.0,539.7
ADAPY,Adaptimmune Therapeutics plc,0.03,7,6,7,11,5,0,2,38,-5.0,33.0,Poor,Stay away,43,-11.8,-25.0,-7.9,47.2,1,,Healthcare,9011755.0,8759684.15
LLKKF,Lake Resources NL,0.033,8,14,1,8,3,2,2,38,-3.0,33.0,Poor,Stay away,17,-5.7,6.5,-11.4,43.2,1,,Basic Materials,73460704.0,430712.7
CSRNF,Canstar Resources Inc,0.041,7,11,1,12,6,2,2,41,-8.0,33.0,Poor,Stay away,38,-10.7,-9.6,-1.6,49.7,1,,Basic Materials,7338069.0,41561.83
COMCF,Canada One Mining Corp.,0.035,1,12,1,8,3,2,2,29,-1.0,33.0,Poor,Stay away,27,8.1,-26.1,-13.0,43.3,2,,Basic Materials,1586072.0,3752.39
MIRXF,Serrano Resources Ltd,0.05,5,3,9,7,0,2,4,30,0.0,33.0,Poor,Stay away,11,0.0,0.0,-0.1,0.0,0,,Energy,3696784.0,31.4
BZRD,Giant Motorsports Inc,0.055,8,5,3,10,1,2,4,33,0.0,33.0,Poor,Stay away,54,-8.3,0.9,-2.5,48.5,0,,Financial Services,40121572.0,128253.52
ZNCXF,ZincX Resources Corp,0.06,5,3,10,7,3,1,4,33,0.0,33.0,Poor,Stay away,30,0.0,0.0,-0.0,37.6,0,,Basic Materials,11273768.0,13834.0
PCLOF,Pharmacielo Ltd,0.053,10,14,7,14,4,4,5,58,-25.0,33.0,Poor,Stay away,48,13.4,30.0,6.5,51.6,4,,Healthcare,9963136.0,50625.42
GIGGF,Giga Metals Corporation,0.055,3,9,7,8,4,0,5,36,-1.0,33.0,Poor,Stay away,27,0.2,0.2,3.3,52.2,2,,Basic Materials,8345822.0,128254.6
ECGS,Eco-Growth Strategies Inc,0.06,6,13,5,7,3,2,2,38,-3.0,33.0,Poor,Stay away,27,6.8,-8.0,-2.6,45.5,2,,Consumer Defensive,3374005.0,131000.42
UDOCF,Unidoc Health Corp,0.066,4,10,3,10,4,0,5,36,-3.0,33.0,Poor,Stay away,25,-10.8,6.5,-0.1,49.1,2,,Healthcare,6433727.0,16659.1
TCRI,TechCom Inc,0.079,9,6,7,5,4,2,5,38,-8.0,33.0,Poor,Stay away,32,2.1,2.1,4.8,52.4,0,,Financial Services,5134230.0,7078.42
TCEFF,Tisdale Clean Energy Corp.,0.071,12,5,11,9,3,3,5,48,-18.0,33.0,Poor,Stay away,35,13.7,16.5,7.0,57.3,3,,Energy,4296323.0,7617.3
SKKFF,Strikewell Energy Corp,0.08,12,6,10,6,3,2,4,43,-15.0,33.0,Poor,🔥 COILED: Stay away,53,0.0,0.0,0.0,50.0,1,,Energy,690148.0,0.0
ALDS,APPlife Digital Solutions Inc,0.08,5,4,9,7,3,1,4,33,-5.0,33.0,Poor,🔥 COILED: Stay away,33,0.0,0.0,-12.0,41.9,1,,Technology,648818.0,1060.19
CHVKY,China Vanke Co. Ltd,0.138,5,3,10,8,3,2,4,35,-5.0,33.0,Poor,Stay away,21,0.0,0.0,-0.0,12.4,1,,Real Estate,6376264192.0,262.25
AUSTF,Austin Engineering Limited,0.125,6,8,10,6,3,1,4,38,-10.0,33.0,Poor,🔥 COILED: Stay away,24,0.0,0.0,-0.0,47.7,0,,Industrials,77888856.0,2375.79
BRIOF,Magna Terra Minerals Inc,0.14,6,9,3,12,4,2,5,41,-8.0,33.0,Poor,Stay away,58,12.0,-20.9,1.7,50.8,0,,Basic Materials,15170038.0,37205.13
EDWZF,Edgewater Exploration Ltd,0.1,10,5,10,11,1,2,4,43,-13.0,33.0,Poor,Stay away,47,0.0,0.0,0.0,100.0,0,,Basic Materials,3892360.0,424.0
MYCB,My City Builders Inc.,0.112,4,3,10,8,3,3,4,35,-5.0,33.0,Poor,Stay away,30,0.0,0.0,-0.8,13.2,1,,Real Estate,717067.0,41.51
WEMXF,Weimob Inc,0.2,5,3,10,8,3,2,4,35,-5.0,33.0,Poor,Stay away,21,0.0,0.0,-0.1,0.1,1,,Technology,825294592.0,25.5
CODQL,Coronado Global Resources Inc,0.182,5,4,6,8,3,3,4,33,-5.0,33.0,Poor,🔥 COILED: Stay away,33,0.0,0.0,-0.2,47.4,1,,Basic Materials,310206304.0,4245.12
SRAFF,Sandfire Resources America Inc,0.19,13,7,3,10,9,2,5,49,-16.0,33.0,Poor,Stay away,42,12.1,27.0,7.8,54.6,3,,Basic Materials,194437024.0,67088.72
LEIC,Lead Innovation Corp,0.151,6,3,10,7,3,2,4,35,-5.0,33.0,Poor,Stay away,33,0.0,0.0,-0.0,0.0,1,,Industrials,79492544.0,0.0
EMHLF,European Metals Holdings Limited,0.191,11,7,6,11,4,5,4,48,-20.0,33.0,Poor,🔥 COILED: Stay away,28,0.0,12.4,2.9,51.7,3,,Basic Materials,45375624.0,21158.21
NCL,Northann Corp.,0.159,6,4,10,6,6,7,4,43,-15.0,33.0,Poor,🔥 COILED: Stay away,45,0.0,0.0,-0.3,47.0,1,,Consumer Cyclical,8543560.0,4781236.82
ECORF,Elcora Advanced Materials Corp,0.19,4,7,8,7,0,3,4,33,-5.0,33.0,Poor,🔥 COILED: Stay away,37,0.0,0.0,-0.3,44.7,1,,Basic Materials,6799662.0,2062.44
SKKRF,SKRR Exploration Inc,0.24,8,8,11,6,3,4,4,44,-14.0,33.0,Poor,Stay away,47,0.0,0.0,0.0,68.8,1,,Basic Materials,3139537.0,0.0
RREE,ResourceTec Corporation,0.202,5,5,9,7,0,5,2,33,-5.0,33.0,Poor,🔥 COILED: Stay away,31,0.0,0.0,-1.6,42.0,1,,Basic Materials,2121026.0,1220.74
CAIHF,Chia Tai Enterprises International Limited,0.28,7,6,10,6,3,2,4,38,-10.0,33.0,Poor,🔥 COILED: Stay away,47,0.0,0.0,0.0,50.0,0,,Healthcare,67401128.0,0.4
TAGP,Tristar Acquisition Group,0.28,18,6,5,16,1,2,5,53,-20,33,Poor,Stay away,65,64.7,115.4,53.3,80.5,2,10,Energy,52950104.0,13188.5
BPTSY,Biophytis S.A.,0.25,5,3,10,8,3,2,4,35,-5.0,33.0,Poor,Stay away,20,0.0,0.0,-0.1,3.0,1,,Healthcare,5988224.0,57.5
PNTRF,Pantera Silver Corp.,0.3,3,12,3,7,5,4,2,36,-3.0,33.0,Poor,Stay away,33,0.0,-14.3,-4.3,45.4,1,,Basic Materials,23681468.0,40576.58
FRTU,"Fortun Holdings, Corp.",0.3,7,6,5,12,3,0,2,35,-5.0,33.0,Poor,Stay away,38,-9.1,-18.9,-11.7,44.9,1,,Consumer Defensive,15628033.0,35843.61
VTECF,Vortex Energy Corp.,0.314,3,8,4,9,3,2,5,34,-1.0,33.0,Poor,Stay away,35,8.0,0.7,0.1,49.6,1,,Basic Materials,4730723.0,2533.73
MLSS,Milestone Scientific,0.391,10,7,3,13,3,2,5,43,-8.0,33.0,Poor,Stay away,55,-2.7,-6.9,-0.3,50.9,1,,Healthcare,34592564.0,1130495.6
TODM,Tonopah Divide Mining Co,0.35,7,6,10,6,3,2,4,38,-10.0,33.0,Poor,🔥 COILED: Stay away,46,0.0,0.0,0.0,50.0,0,,Basic Materials,799339.0,638.46
ALBHF,Alibaba Health Information Technology Limited,0.439,8,6,7,5,3,4,5,38,-8.0,33.0,Poor,Stay away,21,-3.3,4.5,1.3,51.5,0,,Healthcare,7100957184.0,1270.0
NGCRF,Nagacorp Ltd,0.43,4,6,8,7,3,3,2,33,0.0,33.0,Poor,Stay away,21,0.0,0.0,-2.5,40.0,0,,Consumer Cyclical,1901885824.0,0.0
EDMFF,EDMFF,0.405,18,7,4,14,3,5,2,53,-20.0,33.0,Poor,Stay away,53,3.8,22.7,6.3,55.6,3,,Basic Materials,29663720.0,16030.99
PGFF,PGFF,0.51,7,6,10,6,3,2,4,38,-10.0,33.0,Poor,🔥 COILED: Stay away,41,0.0,0.0,0.0,50.0,0,,nan,14744763.0,75.0
GPACW,Global Partner Acquisition Corp II Warrant,0.518,11,12,6,12,4,3,5,53,-18.0,33.0,Poor,Stay away,0,-7.4,83.9,10.7,52.1,3,,nan,nan,0.0
SLVTF,Silver Tiger Metals Inc,0.574,16,17,8,4,5,0,3,53,-23.0,33.0,Poor,🔥 COILED: Stay away,45,0.8,9.3,2.4,52.8,2,,Basic Materials,318387072.0,636639.78
TACHW,Titan Acquisition Corp,0.58,13,5,2,16,9,3,5,53,-18,33,Poor,Stay away,57,107.0,-10.8,21.5,55.1,0,10,nan,nan,26780.36
LTRE,Learning Tree International Inc,0.655,17,9,6,14,6,10,5,67,-30,33,Poor,Stay away,72,28.4,28.4,25.0,100.0,3,,Consumer Defensive,8661948.0,435.23
MARZF,Marston's PLC,0.72,15,4,6,9,1,6,5,46,-13.0,33.0,Poor,Stay away,41,0.0,9.5,3.9,89.6,1,,Consumer Cyclical,455726976.0,2727.88
CTM,Castellum Inc.,0.712,10,14,6,8,3,6,3,50,-23.0,33.0,Poor,🔥 COILED: Stay away,36,1.7,15.8,5.5,54.3,4,,Technology,67444584.0,3067228.45
ODMUF,Old Mutual Limited,0.78,9,6,11,8,3,2,4,43,-13.0,33.0,Poor,Stay away,57,0.0,0.0,0.0,100.0,0,,Financial Services,3109104640.0,2.87
OBGRF,Orbit Garant Drilling Inc,0.83,3,3,6,7,3,5,3,30,0.0,33.0,Poor,Stay away,17,0.0,0.0,-2.9,1.4,0,,Basic Materials,31681880.0,2625.94
TRXA,Trex Acquisition Corp,0.99,15,4,8,13,4,2,5,51,-18.0,33.0,Poor,Stay away,36,0.0,0.0,14.0,95.7,1,,Financial Services,29848440.0,74.32
NOEMW,CO2 Energy Transition Corp. Warrant,0.165,16,5,3,9,5,2,5,45,-10.5,32.5,Poor,Stay away,66,49.9,50.0,23.8,59.7,2,,nan,nan,13423.56
BRWC,Birdie Win Corporation,0.586,10,7,8,12,3,4,5,49,-16.5,32.5,Poor,Stay away,49,30.4,58.5,25.7,63.3,2,,Consumer Defensive,3940607.0,16506.79
LUVSF,Lithium Universe Limited,0.008,3,3,9,7,3,5,4,34,-5.0,32.0,Poor,Stay away,18,0.0,0.0,-2.7,0.1,1,,Basic Materials,12928882.0,1514.47
CROTF,Cirralto Limited,0.007,5,3,9,9,3,1,4,34,-5.0,32.0,Poor,Stay away,27,0.0,0.0,-4.9,31.1,1,,Technology,8299997.0,665.83
DIGTF,Thruvision Group plc,0.01,5,3,8,8,3,3,4,34,-5.0,32.0,Poor,Stay away,25,0.0,0.0,-0.1,11.3,1,,Industrials,4261310.0,21035.0
DROP,Fuse Science Inc,0.009,17,4,2,16,7,3,5,54,-22,32,Poor,⚠️ EXHAUSTION RISK: Stay away,67,122.5,270.8,98.2,90.9,3,8,Technology,2275000.0,149046.49
ENEVF,Enerev5 Metals Inc,0.005,3,5,5,8,0,4,2,27,2.0,32.0,Poor,Stay away,19,-2.0,0.0,-9.5,42.6,0,,Industrials,2003685.0,15258.05
FECOF,FEC Resources Inc,0.002,16,8,7,13,6,4,5,59,-27,32,Poor,Stay away,48,50.0,63.6,53.8,96.9,2,3,Energy,1816542.0,18785.57
BGRP,Bluestem Group Inc,0.01,5,3,10,7,3,2,4,34,-5.0,32.0,Poor,Stay away,35,0.0,0.0,-0.0,35.6,1,,Consumer Cyclical,1340050.0,1098.5
BSEG,Big Screen Entertainment Group Inc,0.01,4,3,10,7,3,1,4,32,0.0,32.0,Poor,Stay away,21,0.0,0.0,-0.6,0.8,0,,Communication Services,1244184.0,14452.5
ERAO,Energy Revenue Amer,0.003,3,3,8,7,6,3,4,34,-5.0,32.0,Poor,Stay away,21,0.0,0.0,-4.5,38.4,1,,Consumer Defensive,1016359.0,31660.4
SCAXF,Sparta Capital Ltd,0.003,3,5,2,7,3,3,4,27,2.0,32.0,Poor,Stay away,29,0.0,0.0,-49.8,47.5,0,,Industrials,648064.0,19361.58
LEKOF,Lekoil Limited,0.001,4,6,1,8,3,3,4,29,0.0,32.0,Poor,Stay away,23,0.0,0.0,-28.2,45.3,0,,Energy,640838.0,2050.0
BGACF,BioNeutra Global Corporation,0.006,5,3,10,7,3,2,4,34,-5.0,32.0,Poor,Stay away,31,0.0,0.0,-0.0,0.0,1,,Consumer Defensive,260113.0,14.09
CRSQ,Corporate Restaurant Concepts Inc,0.006,5,3,10,7,3,2,4,34,-5.0,32.0,Poor,Stay away,29,0.0,0.0,-0.0,0.2,1,,Financial Services,258763.0,22.5
FMPR,Fame Productions Inc,0.005,12,6,11,9,3,2,4,47,-18.0,32.0,Poor,Stay away,47,0.0,0.0,0.0,99.2,1,,Communication Services,204000.0,1070.5
AMNCB,Amincor Inc,0.004,5,3,10,7,3,2,4,34,-5.0,32.0,Poor,Stay away,34,0.0,0.0,-0.0,0.0,1,,Consumer Defensive,136211.0,944.0
ARIZF,Affinity Metals Corp,0.002,7,7,11,6,0,2,4,37,-10.0,32.0,Poor,🔥 COILED: Stay away,27,0.0,0.0,0.0,53.6,0,,Basic Materials,125204.0,6483.77
PNNEF,Pennine Petroleum Corporation,0.002,8,3,10,7,0,2,4,34,-5.0,32.0,Poor,Stay away,35,0.0,0.0,-0.0,0.0,1,,Energy,90864.0,2641.5
PLTXF,Plantx Life Inc.,0.008,3,4,3,12,2,2,5,31,2.0,32.0,Poor,Stay away,28,-27.3,-11.1,-7.6,47.9,0,,Consumer Cyclical,83331.0,4539.0
SHGI,Sparx Holdings Group Inc,0.002,3,3,10,8,3,3,4,34,-5.0,32.0,Poor,Stay away,23,0.0,0.0,-6.9,17.5,1,,Industrials,57500.0,1413.0
BOTH,Bioethics Ltd,0.005,5,3,10,7,3,2,4,34,-5.0,32.0,Poor,Stay away,31,0.0,0.0,-0.0,0.0,1,,Financial Services,18360.0,23.69
RNWWW,ReNew Energy Global plc Warrant,0.003,3,7,4,12,4,2,2,34,-5.0,32.0,Poor,Stay away,35,3.3,3.3,-3.3,48.2,1,,nan,nan,48626.79
NMHIW,Nature's Miracle Holding Inc. Warrants,0.008,5,9,3,12,0,4,2,35,-3.0,32.0,Poor,Stay away,31,23.5,10.5,-16.5,45.9,2,,nan,nan,0.0
WGSK,WGSK,0.01,2,4,10,7,3,2,4,32,-5.0,32.0,Poor,🔥 COILED: Stay away,32,0.0,0.0,0.0,50.0,1,,Financial Services,nan,0.42
PTPKF,PT Pakuwon Jati Tbk,0.019,11,3,10,6,3,2,4,39,-10.0,32.0,Poor,Stay away,28,0.0,0.0,-0.0,34.7,0,,Real Estate,919848320.0,180.0
KFFLF,KEFI Gold and Copper Plc,0.017,14,4,12,4,5,1,5,45,-13.0,32.0,Poor,Stay away,31,0.0,19.4,9.3,71.5,2,,Basic Materials,228615504.0,40907.07
INNI,Innovaro Inc,0.02,2,4,8,13,5,0,5,37,-5.0,32.0,Poor,Stay away,42,5.4,-16.3,-7.8,44.6,1,,Financial Services,4145991.0,73334.36
ATMMF,Atomic Minerals Corporation,0.02,3,11,8,9,0,4,2,37,-8.0,32.0,Poor,Stay away,29,4.2,-4.3,-3.6,43.5,2,,Basic Materials,1739126.0,77595.3
RMIAF,Automotive Finco Corp,0.011,8,3,10,5,3,6,4,39,-10.0,32.0,Poor,Stay away,26,0.0,0.0,-0.0,0.4,0,,Financial Services,219995.0,1.25
HSEEF,Hill Street Beverage Company Inc,0.011,5,3,10,10,0,2,4,34,-5.0,32.0,Poor,Stay away,32,0.0,0.0,-0.0,0.1,1,,Consumer Defensive,45774.0,315.84
ASASF,Asia Standard International Group Limited,0.03,5,3,10,7,3,2,4,34,-5.0,32.0,Poor,Stay away,32,0.0,0.0,-0.0,0.0,1,,Financial Services,42619056.0,2420.0
LIMFF,Li-Metal Corp.,0.023,7,5,4,8,4,4,3,35,-3.0,32.0,Poor,Stay away,47,0.0,0.0,-0.1,58.6,1,,Financial Services,17825790.0,489.27
ACBM,ACRO Biomedical Co Ltd,0.026,9,6,11,7,3,2,4,42,-13.0,32.0,Poor,Stay away,36,0.0,0.0,0.0,100.0,0,,Financial Services,1561092.0,23.61
HENI,Hinto Energy Inc,0.028,13,8,6,16,5,2,5,55,-19.0,32.0,Poor,Stay away,36,17.6,17.6,14.5,69.1,3,,Financial Services,1205176.0,6295.85
GRXXF,Oz Lithium Corp,0.021,3,8,5,10,3,3,5,37,-5.0,32.0,Poor,Stay away,29,0.0,0.0,-9.5,42.6,1,,Basic Materials,221178.0,63.41
KACLF,KACLF,0.021,5,3,10,7,3,2,4,34,-5.0,32.0,Poor,Stay away,20,0.0,0.0,-0.6,28.2,1,,Financial Services,66463.0,65.5
HPAIW,Helport AI Limited Warrants,0.03,1,12,0,11,3,2,2,31,-4.0,32.0,Poor,Stay away,18,49.0,-1.3,-54.4,42.4,1,,nan,nan,16845.9
AGPYF,Agile Group Holdings Limited,0.04,5,3,10,7,3,2,4,34,-5.0,32.0,Poor,Stay away,32,0.0,0.0,-0.0,0.0,1,,Real Estate,797275584.0,11.5
ARHLF,archTIS Limited,0.039,5,3,10,8,3,1,4,34,-5.0,32.0,Poor,Stay away,22,0.0,0.0,-0.1,2.2,1,,Technology,19155992.0,1995.63
TUGHF,Tungtex (Holdings) Company Limited,0.033,9,6,11,7,3,2,4,42,-13.0,32.0,Poor,Stay away,53,0.0,0.0,0.0,100.0,0,,Consumer Cyclical,14736376.0,11.5
FEERF,Freeport Resources Inc,0.034,3,7,6,12,3,2,2,35,-3.0,32.0,Poor,Stay away,23,1.5,-4.5,-4.4,42.4,2,,Basic Materials,12987291.0,88136.8
GCLMF,GCM Resources Plc,0.04,5,3,10,7,3,2,4,34,-5.0,32.0,Poor,Stay away,38,0.0,0.0,-0.0,26.7,1,,Energy,10124632.0,0.0
GOCOF,Go Metals Corp,0.035,10,7,9,2,5,5,4,42,-15.0,32.0,Poor,🔥 COILED: Stay away,42,0.0,0.0,1.3,55.5,1,,Basic Materials,554058.0,3657.98
PSQH-WT,PSQH-WS,0.038,9,11,2,7,3,4,2,38,-6.0,32.0,Poor,Stay away,31,50.8,-22.9,2.6,48.4,0,10,nan,nan,30856.67
OCEEF,OCEEF,0.04,4,10,5,9,3,2,4,37,-5.0,32.0,Poor,Stay away,0,-4.5,-5.0,-4.5,45.4,1,,Basic Materials,nan,0.0
PRRUF,Immutep Limited,0.05,7,6,8,7,0,2,4,34,-5.0,32.0,Poor,Stay away,28,0.0,0.0,-0.0,33.4,1,,Healthcare,73686072.0,16580.5
IVCTF,Invictus Energy Limited,0.041,3,9,5,12,3,0,2,34,0.0,32.0,Poor,Stay away,26,10.8,-4.2,-5.4,47.1,1,,Energy,72911832.0,127232.02
CCCHF,City Chic Collective Limited,0.05,8,3,10,7,0,2,4,34,-5.0,32.0,Poor,Stay away,21,0.0,0.0,-0.0,14.5,1,,Consumer Cyclical,19257890.0,201.0
AMYZF,American Manganese Inc,0.042,3,8,4,9,4,2,2,32,2.0,32.0,Poor,Stay away,23,0.0,-8.7,-4.5,41.6,1,,Basic Materials,11136748.0,194374.61
KOGMF,KGL Resources Ltd,0.05,8,3,10,7,0,2,4,34,-5.0,32.0,Poor,Stay away,44,0.0,0.0,-0.0,0.7,1,,Basic Materials,1125331.0,162.75
MEDIF,Medipharm Labs Corp,0.054,5,6,2,13,4,0,5,35,-3.0,32.0,Poor,Stay away,49,-5.3,-12.9,-1.2,48.2,1,,Healthcare,22942670.0,122055.18
NALG,North America Lithium Corp.,0.06,6,11,4,8,3,4,2,38,-6.0,32.0,Poor,Stay away,19,6.2,4.2,-6.0,43.5,0,,Basic Materials,20449212.0,44688.42
CATPF,Giyani Metals Corp,0.06,3,5,8,8,3,3,2,32,-5.0,32.0,Poor,🔥 COILED: Stay away,28,0.0,0.0,-2.9,43.6,1,,Basic Materials,20030220.0,24887.38
STTDF,Standard Uranium Ltd.,0.061,6,10,8,7,3,2,2,38,-4.0,32.0,Poor,Stay away,22,1.3,1.3,-2.3,42.3,1,,Energy,8995716.0,82550.65
PIAC,Princeton Capital Corporation,0.051,5,3,10,7,3,2,4,34,-5.0,32.0,Poor,Stay away,24,0.0,0.0,-0.0,0.1,1,,Financial Services,6144789.0,455.03
RKGXF,Road King Infrastructure Limited,0.08,5,3,10,7,3,2,4,34,-5.0,32.0,Poor,Stay away,33,0.0,0.0,-0.0,0.2,1,,Real Estate,171040736.0,45.0
MSEZ,Media Sentiment Inc,0.076,5,4,2,8,3,1,4,27,0.0,32.0,Poor,🔥 COILED: Stay away,30,0.0,0.0,-1.5,48.1,0,,Communication Services,68801128.0,2604.48
PUMXF,Puma Exploration Inc,0.08,8,7,11,8,3,1,5,43,-11.0,32.0,Poor,Stay away,23,14.3,14.3,5.4,54.0,2,,Basic Materials,16205202.0,25233.94
ESXMF,Essex Minerals Inc,0.081,9,6,11,10,3,4,4,47,-18.0,32.0,Poor,Stay away,42,0.0,0.0,0.0,99.9,1,,Basic Materials,993444.0,247.76
GAMN,Great American Food Chain Inc. (The),0.09,10,5,4,10,1,0,2,32,-5.0,32.0,Poor,🔥 COILED: Stay away,51,0.0,0.0,-0.2,50.2,1,,Consumer Cyclical,686767.0,2807.28
TPBTF,Betmakers Technology Group Ltd,0.127,13,6,5,6,4,1,4,39,-15.0,32.0,Poor,🔥 COILED: Stay away,34,0.0,0.0,1.0,51.6,1,,Consumer Cyclical,141771728.0,36.58
NMREF,Namibia Critical Metals Inc,0.129,4,9,4,9,4,0,2,32,0.0,32.0,Poor,Stay away,13,-9.2,3.2,-4.1,44.5,0,,Basic Materials,30132694.0,62901.25
ISRJF,ReGen III Corp,0.129,5,3,10,7,3,2,4,34,-5.0,32.0,Poor,Stay away,27,0.0,0.0,-0.0,7.6,1,,Energy,19928282.0,235.5
MGPRF,Cover Technologies Inc,0.113,5,3,8,8,3,3,4,34,-5.0,32.0,Poor,Stay away,31,0.0,0.0,-1.4,27.1,1,,Industrials,15066346.0,5337.67
MDXXF,Pharmala Biotech Holdings Inc,0.112,15,5,3,11,3,4,5,46,-14.0,32.0,Poor,Stay away,54,1.8,5.8,2.9,53.2,1,,Healthcare,12270562.0,22976.19
RCTFF,Rochester Resources Ltd,0.113,7,8,3,9,3,2,2,34,-5.0,32.0,Poor,Stay away,35,22.2,3.9,-0.6,47.8,1,,Basic Materials,5400736.0,1788.82
APPCF,APAC Resources Limited,0.189,4,7,4,7,3,3,4,32,0.0,32.0,Poor,Stay away,10,0.0,0.0,-2.8,31.2,0,,Financial Services,339654976.0,0.0
CRSXQ,CRSXQ,0.152,10,6,11,6,3,2,4,42,-15.0,32.0,Poor,🔥 COILED: Stay away,52,0.0,0.0,0.0,50.0,1,,Basic Materials,16068531.0,51.15
SMRVF,Smooth Rock Ventures Corp,0.179,3,5,2,11,3,3,2,29,0.0,32.0,Poor,Stay away,26,0.0,0.0,-3.8,45.0,0,,Basic Materials,3511987.0,4608.6
MANVF,Manning Ventures Inc,0.15,12,6,11,9,3,2,4,47,-18.0,32.0,Poor,Stay away,54,0.0,0.0,0.0,99.8,1,,Basic Materials,857249.0,41.5
LPAAW,Launch One Acquisition Corp. Warrant,0.165,6,3,3,13,7,4,4,40,-8.0,32.0,Poor,Stay away,50,-4.0,-8.3,-4.3,47.5,0,,nan,nan,18606.3
CHYMF,Cahya Mata Sarawak Berhad,0.227,4,6,2,7,3,3,4,29,0.0,32.0,Poor,Stay away,9,0.0,0.0,-0.8,37.4,0,,Basic Materials,243933536.0,283.0
IREHF,Integrated Research Limited,0.2,11,5,7,12,3,2,5,45,-13.0,32.0,Poor,Stay away,36,0.0,0.0,2.3,99.7,0,,Technology,36118364.0,157.26
CECAF,CanAsia Energy Corp.,0.21,14,5,8,8,4,2,5,46,-17.0,32.0,Poor,Stay away,46,0.0,5.0,4.0,60.0,1,,Energy,23686720.0,21338.85
VIZNF,Visionary Gold Corp,0.24,15,6,11,6,6,2,4,50,-23.0,32.0,Poor,🔥 COILED: Stay away,60,0.0,0.0,10.0,96.8,0,,Basic Materials,10540721.0,110.0
CCOOF,Core Assets Corp,0.229,5,11,4,10,3,2,2,37,-3.0,32.0,Poor,Stay away,17,-1.2,1.5,-0.6,47.8,2,,Basic Materials,7012080.0,30676.49
PMIR,The PMI Group Inc,0.24,5,3,10,7,3,2,4,34,-5.0,32.0,Poor,Stay away,32,0.0,0.0,-0.0,0.0,1,,Financial Services,518610.0,18.0
GCUMF,Gunnison Copper Corp,0.26,7,11,8,4,4,4,2,40,-8.0,32.0,Poor,Stay away,26,8.0,5.8,1.0,49.1,0,,Basic Materials,132445680.0,452917.09
SCNI,Scinai Immunotherapeutics Ltd,0.276,6,12,10,5,3,2,4,42,-8.0,32.0,Poor,Stay away,22,11.7,8.7,4.2,49.3,2,,Healthcare,1426749.0,1190466.84
KAIFF,Kairos Minerals Limited,0.343,8,6,7,12,0,2,5,40,-8.0,32.0,Poor,Stay away,57,14.4,-2.0,-1.0,47.3,2,,Basic Materials,80735528.0,4596.38
FOSYF,Forsys Metals Corp,0.32,9,12,7,1,8,2,3,42,-13.0,32.0,Poor,Stay away,47,6.6,6.6,3.2,54.4,1,,Basic Materials,78312152.0,86400.89
ARGYF,Avanti Energy Inc,0.33,9,12,9,7,4,2,5,48,-16.0,32.0,Poor,Stay away,43,-2.9,-3.5,0.2,50.8,1,,Energy,42360364.0,177708.58
SOSCF,Deoleo S.A,0.381,17,3,4,10,6,0,5,45,-13.0,32.0,Poor,Stay away,47,-4.8,52.3,15.3,85.4,2,,Consumer Defensive,190360000.0,11.0
GAME,GameSquare Holdings Inc.,0.361,4,14,4,7,4,4,3,40,-6.0,32.0,Poor,Stay away,39,-3.7,0.1,-2.4,47.2,1,,Communication Services,37219136.0,3403500.58
EMGDF,Eminent Gold Corp,0.37,10,13,5,3,3,0,5,39,-11.0,32.0,Poor,Stay away,31,6.4,-0.0,4.2,53.4,1,,Basic Materials,30693326.0,56003.25
MDNGF,Midnight Sun Mining Corp,0.436,3,11,7,7,3,4,2,37,-3.0,32.0,Poor,Stay away,9,2.0,4.2,-1.5,44.3,2,,Basic Materials,91625008.0,128531.79
AAWH,Ascend Wellness Holdings Inc,0.41,3,10,6,10,4,2,2,37,-6.0,32.0,Poor,Stay away,23,0.0,0.0,-4.4,43.3,1,,Healthcare,81239456.0,129494.17
EBQLF,EBQLF,0.4,5,4,9,8,0,2,4,32,-5.0,32.0,Poor,🔥 COILED: Stay away,36,0.0,0.0,0.0,50.0,1,,Communication Services,55581076.0,52000.0
AAGAF,Silver47 Exploration Corp.,0.406,2,7,8,8,4,4,4,37,-3.0,32.0,Poor,Stay away,22,-2.8,-4.4,-2.9,44.3,0,,nan,nan,467119.88
CEBUF,Cebu Air Inc,0.469,3,6,2,8,3,0,5,27,2.0,32.0,Poor,Stay away,20,0.0,17.3,-0.8,47.9,2,,Industrials,287560832.0,17.75
PTORW,Praetorian Acquisition Corp. Warrant,0.49,13,7,3,7,5,2,5,42,-10.0,32.0,Poor,Stay away,0,-12.5,22.5,3.0,53.3,2,,nan,nan,0.0
HUABF,Huabao International Holdings Limited,0.501,10,6,11,6,3,2,4,42,-15.0,32.0,Poor,🔥 COILED: Stay away,51,0.0,0.0,0.0,50.0,1,,Basic Materials,821582144.0,0.0
HOWL,Werewolf Therapeutics Inc,0.5,17,10,7,15,4,6,5,64,-30,32,Poor,Stay away,30,39.0,36.0,24.3,69.4,3,,Healthcare,24317848.0,618762.64
RCLFF,RCL Foods Limited,0.571,8,4,9,5,3,2,4,35,-8.0,32.0,Poor,🔥 COILED: Stay away,35,0.0,0.0,-0.0,45.6,0,,Consumer Defensive,513837280.0,0.75
DOTDF,dotdigital Group Plc,0.558,3,6,3,7,3,3,4,29,0.0,32.0,Poor,Stay away,22,0.0,0.0,-1.9,35.2,0,,Technology,175554736.0,131.55
CHFFF,China Everbright Environment Group Ltd,0.67,10,3,11,10,3,4,4,45,-13.0,32.0,Poor,Stay away,0,0.0,0.0,0.0,96.7,0,,Industrials,4115793664.0,0.0
LOECF,Logan Energy Corp.,0.695,17,9,4,4,6,0,5,45,-13.0,32.0,Poor,Stay away,46,-2.2,-0.7,2.7,57.5,0,,Energy,477623264.0,81104.97
CYPXF,EQ Inc,0.65,7,6,10,7,3,2,4,39,-10.0,32.0,Poor,Stay away,41,0.0,0.0,0.0,95.9,0,,Communication Services,45236072.0,1.2
CFOO,China Foods Holdings Ltd,0.664,5,3,10,7,3,2,4,34,-5.0,32.0,Poor,Stay away,35,0.0,0.0,-0.0,0.0,1,,Consumer Defensive,13445508.0,0.12
FGRMAX,FGRMAX,0.726,4,5,7,8,3,3,4,34,-5.0,32.0,Poor,Stay away,27,0.1,-0.2,-0.6,23.1,0,,nan,nan,0.0
JUGRF,Juggernaut Exploration Ltd,0.785,8,4,6,8,3,0,5,34,-5.0,32.0,Poor,Stay away,30,-9.2,-3.3,-3.1,46.9,1,,Basic Materials,39285012.0,27617.0
ICG,Intchains Group Limited American Depositary Shares,0.809,2,8,4,9,2,0,5,30,-1.0,32.0,Poor,Stay away,31,-2.6,-1.4,-1.1,48.3,1,,Technology,49103808.0,229787.45
SPRQF,SPARQ Corp.,0.869,15,11,11,2,8,3,4,54,-25.0,32.0,Poor,Stay away,51,3.5,3.5,2.3,56.3,2,,Industrials,98225488.0,1075.8
PTMGF,Platinum Investment Management Limited,0.9,9,6,11,7,3,2,4,42,-13.0,32.0,Poor,Stay away,58,0.0,0.0,0.0,98.4,0,,Financial Services,2309896448.0,126.25
MAOFF,Maoyan Entertainment,0.904,8,6,10,6,3,2,4,39,-10.0,32.0,Poor,Stay away,29,0.0,0.0,-0.0,5.4,0,,Communication Services,1016238592.0,52.0
BGMS,"Bio Green Med Solution, Inc.",0.913,10,12,6,3,3,5,2,41,-10.0,32.0,Poor,Stay away,37,3.7,-3.9,1.5,51.4,0,,Healthcare,5038159.0,867018.33
GLAI,Global AI Inc,1.0,12,3,5,12,6,4,5,47,-15.0,32.0,Poor,Stay away,33,-13.8,-13.0,1.8,53.2,1,,Industrials,155112032.0,5332.9
DSEAF,DSEAF,0.996,16,5,7,11,5,3,5,52,-20.0,32.0,Poor,Stay away,0,20.3,41.3,13.7,57.1,3,,Basic Materials,48286332.0,0.0
SVIVW,Spring Valley Acquisition Corp. IV Warrants,1.0,10,12,3,8,4,6,5,48,-16.0,32.0,Poor,Stay away,0,39.2,5.3,11.5,54.0,1,,nan,nan,0.0
RMBHF,RMB Holdings Limited,0.01,9,6,11,6,3,2,4,41,-15.0,31.0,Poor,🔥 COILED: Stay away,35,0.0,0.0,0.0,50.0,1,,Financial Services,40957648.0,17.8
MGUFF,Magnum Mining and Exploration Limited,0.004,3,4,2,7,3,3,4,26,0.0,31.0,Poor,🔥 COILED: Stay away,19,0.0,0.0,-2.3,46.0,0,,Basic Materials,12852149.0,3734.31
VRCDF,Verici Dx plc,0.003,8,3,9,7,0,2,4,33,-5.0,31.0,Poor,Stay away,24,0.0,0.0,-0.0,0.0,1,,Healthcare,6861934.0,50.57
KLDI,KLDiscovery Inc,0.005,10,5,10,11,4,2,4,46,-18.0,31.0,Poor,Stay away,47,0.0,0.0,0.0,97.5,1,,Technology,5665829.0,6878.78
TSPG,TGI Solar Power Group Inc,0.002,3,6,4,9,0,2,5,29,2.0,31.0,Poor,Stay away,33,-4.8,0.0,-6.0,44.7,0,,Technology,3410072.0,646138.3
USDC,USDATA Corp,0.001,9,6,11,6,3,2,4,41,-15.0,31.0,Poor,🔥 COILED: Stay away,55,0.0,0.0,0.0,50.0,1,,Communication Services,3115152.0,415.5
SFWJ,Software Effective Solutions Corp,0.004,3,6,0,10,4,4,4,31,0.0,31.0,Poor,Stay away,33,-2.8,-38.6,-14.1,45.9,0,,Healthcare,1260295.0,212499.62
LCHD,Leader Capital Holdings Corp,0.005,12,2,7,14,6,0,5,46,-15.0,31.0,Poor,Stay away,25,0.0,-9.1,1.6,55.1,1,,Technology,1193717.0,123972.02
FEXXF,Fjordland Exploration Inc,0.01,18,4,7,12,4,8,5,58,-27,31,Poor,Stay away,48,614.3,614.3,153.2,89.9,2,3,Basic Materials,829355.0,320.08
TNLX,Trans Lux Cp,0.01,4,3,10,7,3,2,4,33,-5.0,31.0,Poor,Stay away,19,0.0,0.0,-0.8,14.7,1,,Technology,809777.0,846.5
ECPL,EcoPlus Inc,0.007,4,5,2,10,3,5,4,33,-5.0,31.0,Poor,Stay away,26,0.0,0.0,-1.4,47.5,1,,Healthcare,201688.0,4816.75
TBMIF,AurCrest Gold Inc,0.002,7,7,11,5,0,2,4,36,-10.0,31.0,Poor,🔥 COILED: Stay away,27,0.0,0.0,0.0,54.5,0,,Basic Materials,178979.0,708.68
SSYRF,Sassy Resources Corporation,0.004,3,5,7,8,3,3,2,31,-3.0,31.0,Poor,Stay away,28,0.0,0.0,-11.6,44.4,1,,Basic Materials,64884.0,11520.56
GRLF,Green Leaf Innovations Inc,0.008,6,12,9,2,4,6,2,41,-10.0,31.0,Poor,Stay away,21,17.1,2.5,0.3,48.5,0,,Consumer Defensive,61229.0,28480723.99
DRMAW,Dermata Therapeutics Inc. Warrant,0.01,1,8,0,11,4,4,2,30,1.0,31.0,Poor,Stay away,17,15.4,-11.0,-19.0,42.2,2,,nan,nan,7044.68
LHUAF,Lianhua Supermarket Holdings Co. Ltd,0.016,3,3,9,8,3,3,4,33,-5.0,31.0,Poor,Stay away,14,0.0,0.0,-1.1,0.0,1,,Consumer Cyclical,52644952.0,112.51
GVLMF,Greenvale Mining Limited,0.02,7,6,11,8,3,2,4,41,-13.0,31.0,Poor,Stay away,37,0.0,0.0,0.0,82.3,0,,Energy,15511294.0,31.25
CLCFF,Christina Lake Cannabis Corp,0.02,5,9,6,7,3,2,2,34,-3.0,31.0,Poor,Stay away,28,11.1,-4.8,4.2,51.7,2,,Healthcare,4961871.0,36536.75
BKTPF,Cruz Cobalt Corp,0.018,12,12,7,12,4,2,5,54,-23,31,Poor,Stay away,46,89.5,80.0,58.5,57.3,4,5,Basic Materials,3485478.0,108717.32
EVKRF,Grid Battery Metals Inc.,0.011,3,8,3,11,4,2,5,36,-3.0,31.0,Poor,Stay away,18,3.6,-5.0,-5.1,46.0,1,,Basic Materials,2127188.0,200721.64
YWRLF,Dixie Gold Inc,0.013,5,3,10,7,3,1,4,33,-5.0,31.0,Poor,Stay away,26,0.0,0.0,-0.6,35.3,1,,Basic Materials,412583.0,1174.0
CHMP,Champion Industries Inc,0.02,9,6,11,6,3,2,4,41,-15.0,31.0,Poor,🔥 COILED: Stay away,54,0.0,0.0,0.0,50.0,1,,Industrials,1129.0,4.01
ASBPW,"Aspire Biopharma Holdings, Inc.",0.018,2,2,8,10,2,5,2,31,0.0,31.0,Poor,Stay away,38,-15.1,-22.6,-11.9,45.9,1,,nan,nan,29521.76
BLBRF,Bloomberry Resorts Corporation,0.021,10,6,5,6,3,4,4,38,-15.0,31.0,Poor,🔥 COILED: Stay away,19,0.0,0.0,0.2,48.0,1,,Consumer Cyclical,242031024.0,5193.0
EELFF,ENRG Elements Limited,0.028,15,5,7,9,6,2,5,49,-18.0,31.0,Poor,Stay away,53,0.0,0.0,23.7,100.0,0,,Basic Materials,7392935.0,439.76
CROOF,Cariboo Rose Resources Ltd,0.03,3,7,2,11,4,0,4,31,0.0,31.0,Poor,Stay away,15,-25.0,0.0,-11.9,41.5,0,,Basic Materials,1740356.0,19452.0
GCRIF,Rogue Resources Inc,0.029,9,6,11,11,3,2,4,46,-18.0,31.0,Poor,Stay away,44,0.0,0.0,0.0,99.9,1,,Basic Materials,1227269.0,636.39
TSTTF,TripSitter Clinic Ltd.,0.022,8,3,10,4,3,6,4,38,-10.0,31.0,Poor,Stay away,34,0.0,0.0,-0.0,27.7,0,,Healthcare,380979.0,204.42
HUIPF,Hydrogen Utopia International PLC,0.039,3,4,4,7,3,3,4,28,0.0,31.0,Poor,Stay away,50,0.0,0.0,-1.1,42.0,0,,Industrials,17045830.0,23214.92
RMTO,RM2 International Inc.,0.04,12,8,5,9,6,3,5,48,-20.0,31.0,Poor,Stay away,39,0.0,33.3,10.2,57.2,3,,Industrials,4328793.0,8853.79
GRDAF,Guardforce AI Co. Limited,0.039,2,7,9,9,2,0,2,31,0.0,31.0,Poor,Stay away,16,-14.2,-3.5,-7.1,41.1,0,,Basic Materials,3106517.0,91689.37
ADMT,Adm Tronics Unltd,0.04,3,7,3,11,3,2,2,31,0.0,31.0,Poor,Stay away,20,0.0,0.0,-6.2,41.1,0,,Healthcare,2703539.0,16835.49
GODZF,Goldhills Holding Ltd,0.04,12,6,10,9,3,2,4,46,-18.0,31.0,Poor,Stay away,45,0.0,0.0,0.0,100.0,1,,Basic Materials,1258079.0,62.83
HISNF,Hi Sun Technology (China) Limited,0.05,17,4,6,12,3,2,5,49,-18.0,31.0,Poor,Stay away,48,0.0,0.0,19.9,100.0,1,,Technology,135628400.0,3500.0
ESVNF,E79 Resources Corp,0.041,3,8,2,8,3,3,4,31,-5.0,31.0,Poor,🔥 COILED: Stay away,24,0.0,0.0,-16.8,44.3,1,,Healthcare,266955.0,114.4
MNYWW,MoneyHero Limited Warrants,0.043,5,11,8,4,3,3,2,36,-8.0,31.0,Poor,Stay away,25,2.6,2.6,-0.3,46.3,1,,nan,nan,27204.07
MYSEW,"Myseum, Inc.",0.046,7,6,7,4,0,2,5,31,-8.0,31.0,Poor,🔥 COILED: Stay away,36,15.0,-11.5,1.2,50.1,0,,nan,nan,3749.5
ENMPF,Ensurge Micropower ASA,0.06,12,5,6,10,4,3,5,45,-19.0,31.0,Poor,🔥 COILED: Stay away,22,0.0,50.0,12.1,60.7,3,,Technology,58325980.0,3713.5
ADCV,ADCapital US Inc,0.072,3,3,9,8,3,3,4,33,-5.0,31.0,Poor,Stay away,23,0.0,0.0,-1.3,9.1,1,,Financial Services,26696112.0,56.28
ERWWF,ERWWF,0.085,5,3,9,8,3,1,4,33,-5.0,31.0,Poor,Stay away,0,0.0,0.0,-1.0,1.0,1,,Basic Materials,31061242.0,0.0
HLUCF,HLUCF,0.085,2,9,4,8,5,0,2,30,0.0,31.0,Poor,Stay away,21,-6.6,-15.0,-4.6,45.8,1,,nan,nan,394825.57
APCXW,AppTech Payments Corp. Warrant,0.095,7,11,4,15,4,6,2,49,-18,31,Poor,Stay away,32,90.4,73.1,30.2,51.5,3,10,nan,nan,0.0
SIREF,Sirios Resources Inc,0.121,11,14,6,2,4,3,2,42,-11.0,31.0,Poor,Stay away,26,1.0,14.2,3.0,53.3,2,,Basic Materials,81339680.0,298873.04
PXSTF,Phoenix Media Investment (Holdings) Limited,0.1,5,4,9,7,0,2,4,31,-5.0,31.0,Poor,🔥 COILED: Stay away,37,0.0,0.0,0.0,50.0,1,,Communication Services,49936596.0,10.0
SCYYF,Scandium International Mining Corp,0.11,12,5,8,6,3,0,2,36,-8.0,31.0,Poor,Stay away,62,0.0,-8.3,2.7,51.7,0,,Basic Materials,39306024.0,85812.67
CVVIF,Sociedad Comercial del Plata S.A,0.14,9,6,11,6,3,2,4,41,-15.0,31.0,Poor,🔥 COILED: Stay away,35,0.0,0.0,0.0,50.0,1,,Industrials,11900000.0,0.0
KLGDF,Kalo Gold Holdings Corp,0.101,3,12,3,9,3,2,2,34,-1.0,31.0,Poor,Stay away,28,12.2,1.0,2.2,48.6,2,,Basic Materials,11895239.0,43619.7
STKXF,StrikePoint Gold Inc,0.124,15,5,5,8,1,5,5,44,-13.0,31.0,Poor,Stay away,32,-0.8,3.0,2.7,53.5,1,,Basic Materials,7972526.0,85648.9
DGDCF,Dynasty Gold Corp,0.1,14,7,7,0,1,3,4,36,-8.0,31.0,Poor,Stay away,30,6.0,6.0,3.0,56.8,0,,Basic Materials,7395071.0,15066.54
SURMF,Surface Metals Inc.,0.129,14,12,6,12,3,5,2,54,-21.0,31.0,Poor,Stay away,31,11.5,23.1,9.1,55.7,4,,Basic Materials,5697121.0,28341.36
SVBL,Silver Bull Resources Inc,0.11,3,8,3,13,2,3,4,36,-5.0,31.0,Poor,Stay away,22,0.0,10.0,-0.1,44.2,2,,Basic Materials,5427167.0,46462.06
AASZF,Atlantic Sapphire ASA,0.128,3,7,4,9,3,5,2,33,-5.0,31.0,Poor,Stay away,21,0.0,0.0,-10.9,41.3,1,,Consumer Defensive,4596488.0,0.0
CDNMF,Gambier Gold Corp,0.1,12,6,11,8,3,2,4,46,-18.0,31.0,Poor,Stay away,52,0.0,0.0,0.4,95.2,1,,Basic Materials,4169920.0,3305.15
NOTE,FiscalNote Holdings Inc.,0.12,8,12,5,12,4,6,4,51,-18.0,31.0,Poor,Stay away,21,8.7,39.1,1.7,47.7,3,,Technology,3187668.0,387571.74
RDYFF,Ready Set Gold Corp,0.109,9,6,11,6,3,2,4,41,-15.0,31.0,Poor,🔥 COILED: Stay away,55,0.0,0.0,0.0,50.0,1,,Basic Materials,2337558.0,235.0
NSURF,North Shore Uranium Ltd.,0.134,2,4,6,10,2,2,2,28,0.0,31.0,Poor,Stay away,23,-10.8,-18.0,-8.7,40.4,0,,nan,nan,39141.52
TLKMF,Telkom Indonesia (Persero) Tbk PT,0.16,11,5,8,6,3,3,5,41,-10.0,31.0,Poor,Stay away,27,0.0,23.1,4.3,56.4,2,,Communication Services,15791924224.0,0.0
CXOXF,Core Lithium Ltd,0.165,7,8,5,8,2,2,2,34,-3.0,31.0,Poor,Stay away,35,1.2,-0.8,-4.9,39.8,2,,Basic Materials,534072288.0,26941.46
JZRIF,Jazz Resources Inc,0.18,4,8,8,7,1,1,2,31,-5.0,31.0,Poor,🔥 COILED: Stay away,25,0.0,0.0,-1.0,47.6,1,,Basic Materials,14264652.0,44354.76
INBP,Integrated Biopharma Inc,0.16,3,10,6,7,4,2,2,34,-3.0,31.0,Poor,Stay away,13,0.0,-5.9,-2.2,41.9,1,,Consumer Defensive,4969537.0,11392.43
EVEX-WT,EVEX-WT,0.152,3,12,3,8,2,4,2,34,-3.0,31.0,Poor,Stay away,23,26.6,-20.0,-7.5,44.4,0,,nan,nan,31517.41
XNYIF,Xinyi Solar Holdings Limited,0.238,3,7,2,9,3,3,2,29,2.0,31.0,Poor,Stay away,15,8.2,8.2,-0.4,45.3,1,,Technology,2258307072.0,356.55
CHSTF,China High Speed Transmission Equipment Group Co. Ltd,0.206,9,6,11,6,3,2,4,41,-15.0,31.0,Poor,🔥 COILED: Stay away,55,0.0,0.0,0.0,50.0,1,,Industrials,337360640.0,19.63
IWINQ,"Irwin Naturals, Inc.",0.21,9,7,10,6,3,2,4,41,-15.0,31.0,Poor,🔥 COILED: Stay away,45,0.0,0.0,0.0,42.5,1,,Healthcare,736487.0,1.18
DIPGF,Datang International Power Generation Co. Ltd,0.27,7,3,11,7,3,6,4,41,-13.0,31.0,Poor,Stay away,52,0.0,0.0,0.0,90.4,0,,Utilities,4466448384.0,0.0
SEUSF,Sintana Energy Inc,0.271,10,16,8,6,3,1,5,49,-18.0,31.0,Poor,Stay away,20,2.2,9.6,2.8,53.8,2,,Energy,151765120.0,238106.99
HGGCF,Highway 50 Gold Corp,0.29,18,9,5,14,6,8,5,65,-30,31,Poor,Stay away,57,45.0,45.0,39.0,100.0,3,,Basic Materials,12914364.0,577.22
STQN,Strategic Acquis,0.25,8,7,11,4,3,6,4,43,-15.0,31.0,Poor,Stay away,52,0.0,0.0,0.0,56.7,1,,Financial Services,11668750.0,400.75
GXSBF,Geox S.p.A,0.34,5,3,9,7,3,2,4,33,-5.0,31.0,Poor,Stay away,22,0.0,0.0,-0.0,0.0,1,,Consumer Cyclical,347495808.0,0.5
SNLKF,Sinolink Worldwide Holdings Limited,0.326,7,6,10,9,3,2,4,41,-13.0,31.0,Poor,Stay away,45,0.0,0.0,0.0,95.8,0,,Real Estate,142249184.0,277.78
BICX,BioCorRx Inc,0.3,10,7,3,9,3,2,2,36,-5.0,31.0,Poor,Stay away,25,20.0,0.0,-2.9,46.4,1,,Healthcare,8716665.0,2701.86
AEAQW,Activate Energy Acquisition Corp. Warrant,0.34,4,8,3,8,6,0,2,31,0.0,31.0,Poor,Stay away,0,-1.4,21.4,-1.9,49.5,2,,nan,3546750.0,0.0
CXDEF,CXDEF,0.327,9,6,11,7,3,6,4,46,-18.0,31.0,Poor,Stay away,56,0.0,0.0,0.0,84.9,1,,Financial Services,1896799.0,34.62
EURKR,Eureka Acquisition Corp Right,0.34,7,11,8,1,8,2,2,39,-8.0,31.0,Poor,Stay away,42,-2.9,-2.9,1.2,50.4,0,,nan,nan,0.0
BEAGR,Bold Eagle Acquisition Corp. Right,0.3,10,11,3,6,8,0,4,42,-16.0,31.0,Poor,Stay away,48,3.4,-0.4,2.2,52.1,1,,nan,nan,59377.57
FXGDF,FXGDF,0.35,18,5,7,13,4,6,5,58,-27,31,Poor,Stay away,46,94.4,105.9,47.5,71.5,2,3,nan,180721520.0,21259.47
TTLTF,Total Telcom Inc,0.356,9,5,6,3,3,4,4,34,-8.0,31.0,Poor,🔥 COILED: Stay away,61,0.0,-9.5,-3.3,40.6,0,,Technology,9442194.0,3125.74
SKFG,Stark Focus Group Inc,0.375,11,5,1,8,3,0,5,33,0.0,31.0,Poor,Stay away,46,-17.0,-35.3,-13.1,47.8,0,,Consumer Cyclical,4086280.0,22601.25
COGNY,Cogna Educacao SA ADR,0.4,4,5,6,9,0,0,2,26,2.0,31.0,Poor,Stay away,21,-9.1,-7.0,-5.3,43.8,0,,Consumer Defensive,800491712.0,20600.5
VMTHF,Venus Medtech (Hangzhou) Inc,0.422,12,6,11,8,3,2,4,46,-18.0,31.0,Poor,Stay away,57,0.0,0.0,0.0,98.1,1,,Healthcare,186062736.0,114.85
ILLMF,illumin Holdings Inc.,0.42,7,9,2,8,1,4,2,33,-5.0,31.0,Poor,Stay away,17,-1.9,1.4,-5.2,44.6,1,,Communication Services,21504644.0,15955.04
CBRF,Cyberfuels Holding Company Inc.,0.45,2,10,1,10,4,0,2,29,2.0,31.0,Poor,Stay away,29,-8.2,-10.0,-0.0,49.1,1,,Industrials,38802648.0,30243.17
CGDCF,CGDCF,0.492,21,4,5,14,4,2,5,55,-24,31,Poor,Stay away,60,63.8,63.8,30.7,82.2,2,6,nan,13182422.0,828.61
OILRF,Oil Refineries Ltd,0.52,10,4,4,7,1,0,5,31,0.0,31.0,Poor,Stay away,43,-17.3,-11.9,-6.3,46.4,0,,Energy,1622965376.0,0.0
BEWFF,BeWhere Holdings Inc,0.541,7,7,9,4,3,3,3,36,-8.0,31.0,Poor,Stay away,38,1.3,0.9,0.4,48.9,1,,Technology,52535700.0,17586.84
CEIEF,Coelacanth Energy Inc.,0.557,4,15,8,6,3,5,3,44,-13.0,31.0,Poor,Stay away,14,0.4,1.3,-1.2,43.6,0,,Energy,352951456.0,21247.92
FRIVF,Fortune Real Estate Investment Trust,0.663,7,3,11,9,3,4,4,41,-13.0,31.0,Poor,Stay away,47,0.0,0.0,0.0,90.4,1,,Real Estate,1370444800.0,0.0
CHDGF,COSCO SHIPPING International (Hong Kong) Co. Ltd,0.7,3,4,10,5,3,7,4,36,-8.0,31.0,Poor,Stay away,30,0.0,0.0,-1.0,42.6,0,,Industrials,1026180032.0,0.0
INTZ,Intrusion Inc,0.79,3,10,2,8,6,0,2,31,-1.0,31.0,Poor,Stay away,35,5.3,-12.9,-3.2,47.2,1,,Technology,17978090.0,732246.62
PRWYF,Prodways Group SA,0.862,10,4,0,10,0,5,4,33,-5.0,31.0,Poor,Stay away,45,0.0,0.0,-2.4,49.4,1,,Technology,43626548.0,87.72
BFDXX,BlackRock Liquidity Funds - Federal Trust Fund,1.0,18,9,5,9,6,7,5,59,-28,31,Poor,Stay away,61,290.9,290.9,206.1,100.0,2,2,nan,nan,0.0
VSLXX,JPMorgan Trust IV - JPMorgan Securities Lending Money Market Fund,1.0,4,5,10,6,3,2,4,34,-8.0,31.0,Poor,🔥 COILED: Stay away,34,0.0,0.0,-0.0,48.1,0,,nan,nan,0.0
BRZV,Fitvia Corp,0.01,15,5,4,9,8,2,5,48,-17.5,30.5,Poor,Stay away,61,16.3,66.7,37.2,100.0,2,,Consumer Defensive,1870740.0,14325.06
PBMRF,PT Bumi Resources Tbk,0.008,4,7,4,6,3,7,4,35,-10.0,30.0,Poor,🔥 COILED: Stay away,32,0.0,0.0,-3.7,42.9,0,,Energy,3063516928.0,19314.65
WDGNF,Widgie Nickel Limited,0.01,7,8,5,6,4,3,4,37,-10.0,30.0,Poor,Stay away,33,0.0,0.0,-1.6,47.5,0,,Basic Materials,12392215.0,318.54
CLTY,Celerity Solutions Inc,0.001,3,2,8,9,3,1,4,30,0.0,30.0,Poor,Stay away,10,0.0,0.0,-8.3,0.2,0,,Technology,8633600.0,1161.93
ASTTF,Australis Oil & Gas Limited,0.005,10,7,7,5,3,1,4,37,-15.0,30.0,Poor,🔥 COILED: Stay away,35,0.0,0.0,1.1,50.0,1,,Energy,6953463.0,8291.17
CNGGF,Cann Group Limited,0.003,9,8,5,4,4,1,4,35,-10.0,30.0,Poor,🔥 COILED: Stay away,31,0.0,0.0,1.5,52.7,0,,Healthcare,5646018.0,1184.13
STOCF,Stock Trend Capital Inc.,0.006,16,5,3,10,1,1,5,41,-11.0,30.0,Poor,Stay away,28,52.8,0.0,8.8,54.7,0,7,Financial Services,3631331.0,10233.42
OATN,O.A.T. Inc,0.004,3,3,9,8,0,5,4,32,-5.0,30.0,Poor,Stay away,17,0.0,0.0,-7.5,34.8,1,,Industrials,3548123.0,2284.03
PSYCF,Psyched Wellness Ltd,0.007,3,10,5,8,3,0,4,33,-3.0,30.0,Poor,Stay away,22,0.0,-12.5,-3.2,46.4,2,,Consumer Defensive,3167060.0,68340.67
AECX,CurrentC Power Corporation,0.006,2,4,3,9,3,2,5,28,2.0,30.0,Poor,Stay away,42,-43.9,5.8,-14.2,46.9,0,,Technology,2282663.0,27231.64
VDTAF,Vendetta Mining Corp,0.005,3,4,5,9,5,2,2,30,0.0,30.0,Poor,Stay away,29,-30.6,-36.7,-24.6,36.3,1,,Basic Materials,1813445.0,16255.31
MGUY,Mogul Energy International Inc,0.004,16,7,4,13,5,3,5,53,-23.0,30.0,Poor,Stay away,53,16.1,16.1,18.7,57.8,3,,Industrials,1805342.0,111836.7
UCIX,Umbra Companies Inc,0.003,7,8,7,5,1,3,4,35,-8.0,30.0,Poor,Stay away,26,0.0,0.0,0.1,48.9,0,,Real Estate,1508133.0,59766.33
MEDH,MedX Holdings Inc,0.002,15,10,2,15,6,4,5,57,-25.0,30.0,Poor,Stay away,58,4.3,33.3,16.3,60.0,3,,Consumer Defensive,1484572.0,669576.95
DAZD,"Dazed, Inc.",0.002,13,10,2,15,6,4,5,55,-23.0,30.0,Poor,Stay away,58,4.3,33.3,15.7,59.9,3,,Consumer Defensive,1484572.0,628501.78
CPMD,CannaPharmaRx Inc,0.002,6,7,6,10,4,2,5,40,-8.0,30.0,Poor,Stay away,30,0.0,-8.7,-3.1,45.1,1,,Healthcare,1424852.0,187540.08
AVRTF,Avarone Metals Inc,0.005,4,7,5,9,3,3,4,35,-5.0,30.0,Poor,Stay away,17,0.0,0.0,-19.7,22.9,1,,Basic Materials,466214.0,1355.71
XTMIF,XTM Inc,0.001,3,3,9,7,3,3,4,32,-5.0,30.0,Poor,Stay away,17,0.0,0.0,-11.2,0.3,1,,Technology,390918.0,14976.72
DVRNF,Deveron Corp,0.001,9,6,10,6,3,2,4,40,-15.0,30.0,Poor,🔥 COILED: Stay away,36,0.0,0.0,0.0,50.0,1,,Technology,207730.0,82.46
KMFI,The Keller Manufacturing Company Inc,0.001,4,3,9,7,3,2,4,32,-5.0,30.0,Poor,Stay away,20,0.0,0.0,-7.4,6.5,1,,Consumer Cyclical,6575.0,529.5
CHNVF,China Youzan Ltd,0.019,15,5,6,7,6,4,5,48,-18.0,30.0,Poor,Stay away,62,0.0,0.0,16.5,100.0,1,,Technology,30646798.0,1200.0
GTII,Global Tech Industries Group Inc,0.016,11,5,7,14,3,4,2,46,-19,30,Poor,Stay away,37,54.5,54.5,33.7,54.6,3,9,Industrials,3498524.0,18193.81
NBTRF,Nobel Resources Corp,0.012,6,5,4,8,0,3,4,30,-5.0,30.0,Poor,🔥 COILED: Stay away,20,0.0,0.0,-14.1,47.4,1,,Basic Materials,2617484.0,3351.48
DTPKF,Directa Plus Plc,0.02,5,3,10,8,3,2,4,35,-5.0,30.0,Poor,Stay away,21,0.0,0.0,-0.2,39.0,1,,Basic Materials,2088375.0,2273.85
JMBRF,James Bay Resources Limited,0.017,13,3,6,9,6,4,4,45,-18.0,30.0,Poor,Stay away,53,0.0,0.0,0.3,85.7,1,,Energy,1639671.0,1237.93
SRNW,Stratos Renewables Corp,0.02,6,5,8,6,3,5,4,37,-10.0,30.0,Poor,Stay away,24,0.0,0.0,-1.6,47.0,0,,Financial Services,980117.0,9633.34
PXFG,Phoenix Footwear Group Inc,0.011,14,9,7,15,6,8,5,64,-30,30,Poor,Stay away,53,14.0,14.0,12.5,92.8,3,,Consumer Cyclical,146707.0,8821.34
GXRFF,Prospera Energy Inc,0.027,10,12,5,6,3,4,3,43,-13.0,30.0,Poor,Stay away,44,6.0,8.1,3.8,53.3,2,,Energy,14602156.0,212653.54
EELFD,Barys Resources Ltd,0.028,15,5,6,9,6,2,5,48,-18.0,30.0,Poor,Stay away,55,0.0,0.0,23.7,100.0,0,,Basic Materials,7392948.0,289.76
NNOCF,Nanoco Group plc,0.03,3,7,6,7,3,4,2,32,2.0,30.0,Poor,Stay away,29,3.1,-13.8,-8.4,37.5,0,,Technology,5473239.0,5571.29
CMMMF,Comstock Metals Ltd,0.028,10,2,1,9,6,0,2,30,0.0,30.0,Poor,Stay away,49,-17.2,-17.2,-9.4,39.8,0,,Basic Materials,830815.0,0.0
MMJJF,MMJ Group Holdings Limited,0.04,12,3,3,9,6,0,5,38,-8.0,30.0,Poor,Stay away,52,0.0,4.7,2.0,56.1,0,,Financial Services,8210432.0,1093.34
ABSOF,ABS-CBN Holdings Corporation,0.04,15,4,7,9,6,2,5,48,-18.0,30.0,Poor,Stay away,35,0.0,0.0,28.9,98.3,0,,Financial Services,3625060.0,8408.34
MRRYF,Murray Income Trust Plc,0.037,7,6,11,7,3,2,4,40,-13.0,30.0,Poor,Stay away,49,0.0,0.0,0.0,89.3,0,,Technology,1582874.0,383.5
PFFEF,Pool Safe Inc,0.038,12,6,10,8,3,2,4,45,-18.0,30.0,Poor,Stay away,54,0.0,0.0,0.0,93.2,1,,Consumer Cyclical,524731.0,1.0
DOLHF,Dolphin Capital Investors Limited,0.047,5,3,10,8,0,2,4,32,-5.0,30.0,Poor,Stay away,30,0.0,0.0,-0.0,0.0,1,,nan,84991640.0,3025.0
CCLX,Cableclix USA Inc,0.041,19,3,4,15,5,2,5,53,-21,30,Poor,Stay away,66,71.5,51.9,56.7,71.9,2,9,Communication Services,40985220.0,153489.14
ATOXF,Durango Resources Inc,0.05,17,8,8,11,5,6,5,60,-30.0,30.0,Poor,Stay away,40,17.0,17.0,11.0,57.7,3,,Basic Materials,6030863.0,343898.09
SBUM,Silver Buckle Mines Inc,0.047,17,13,10,7,4,3,5,59,-29,30,Poor,Stay away,32,43.4,17.2,28.5,61.6,3,,Basic Materials,479920.0,11833.49
UBYHD,UBYHD,0.05,16,9,9,12,6,4,5,61,-27,30,Poor,Stay away,63,100.0,100.0,84.8,82.4,2,3,Financial Services,nan,545.5
VSBGF,VSBLTY Groupe Technologies Corp,0.055,7,7,3,10,3,3,2,35,-5.0,30.0,Poor,Stay away,22,0.0,0.0,-18.7,46.4,1,,Technology,7068224.0,14093.96
MLGCF,M3 Metals Corp,0.063,3,6,1,7,3,3,4,27,0.0,30.0,Poor,Stay away,20,0.0,0.0,-32.2,28.2,0,,Basic Materials,644225.0,135.0
CVONF,Carnarvon Petroleum Limited,0.08,4,6,3,7,3,5,2,30,0.0,30.0,Poor,Stay away,48,0.0,0.0,-2.4,27.3,0,,Energy,143126944.0,2581.0
SFCX,SUPA Consolidated Inc.,0.074,11,10,4,4,4,0,5,38,-8.0,30.0,Poor,Stay away,0,-1.3,5.6,12.0,53.9,0,,Technology,21521826.0,0.0
NLRCF,Northern Lights Resources Corp,0.08,12,4,10,8,6,0,5,45,-20.0,30.0,Poor,🔥 COILED: Stay away,58,0.0,14.1,3.4,56.5,3,,Basic Materials,5439096.0,11116.7
MKRIF,Melkior Resources Inc,0.079,3,4,10,8,3,3,4,35,-5.0,30.0,Poor,Stay away,19,0.0,0.0,-1.7,25.4,1,,Basic Materials,4111966.0,18966.64
MREYF,Monterey Minerals Inc,0.08,9,6,11,8,3,4,4,45,-18.0,30.0,Poor,Stay away,59,0.0,0.0,0.0,96.5,1,,Basic Materials,1875840.0,625.0
HTCTF,Hutchison Telecommunications Hong Kong Holdings Limited,0.137,2,5,3,8,4,2,3,27,0.0,30.0,Poor,Stay away,0,0.0,-8.5,-1.5,41.1,0,,Communication Services,661661888.0,0.0
HZNFF,Horizon Oil Limited,0.14,1,3,8,10,3,3,2,30,0.0,30.0,Poor,Stay away,17,-6.7,-6.7,-7.0,34.1,0,,Energy,248427008.0,0.0
SMTLF,GCL New Energy Holdings Limited,0.117,15,5,4,6,6,2,4,42,-15.0,30.0,Poor,Stay away,54,0.0,0.0,0.8,57.0,1,,Utilities,208068928.0,27.27
FRHYF,Frontier Energy Limited,0.129,3,6,6,7,3,3,4,32,-5.0,30.0,Poor,Stay away,24,0.0,0.0,-2.1,38.0,1,,Utilities,143966832.0,1168.32
CMEIF,China MeiDong Auto Holdings Limited,0.102,4,3,9,8,3,1,4,32,-5.0,30.0,Poor,Stay away,16,0.0,0.0,-0.5,0.0,1,,Consumer Cyclical,137586464.0,125.0
RSGLF,Rocky Shore Gold Ltd.,0.11,4,3,10,7,3,1,4,32,-5.0,30.0,Poor,Stay away,30,0.0,0.0,-0.3,40.0,1,,Basic Materials,26086808.0,5961.93
EVNIF,EV Nickel Inc,0.136,5,3,9,7,3,1,4,32,-5.0,30.0,Poor,Stay away,21,0.0,0.0,-0.0,0.0,1,,Basic Materials,21566756.0,650.0
CHMMF,Chimeric Therapeutics Limited,0.1,12,6,10,6,0,2,4,40,-15.0,30.0,Poor,🔥 COILED: Stay away,48,0.0,0.0,0.1,50.0,1,,Healthcare,5945954.0,450.0
QVCGQ,QVC Group Inc.,0.14,3,3,8,8,3,3,4,32,-5.0,30.0,Poor,Stay away,14,0.0,0.0,-64.0,14.7,1,,Consumer Cyclical,1133174.0,32.01
RDZNW,Roadzen Inc,0.13,3,11,5,14,3,2,5,43,-16.0,30.0,Poor,🔥 COILED: Stay away,36,8.3,13.5,4.1,51.0,3,,nan,nan,22745.13
DTSQR,DT Cloud Star Acquisition Corporation Right,0.12,4,4,5,11,1,2,5,32,0.0,30.0,Poor,Stay away,18,0.0,9.1,-1.6,48.5,1,,nan,nan,0.0
KENYF,KENYF,0.101,6,6,7,9,2,0,5,35,-5.0,30.0,Poor,Stay away,43,-6.1,-0.5,-4.2,45.0,0,,nan,nan,18024.23
AUGCF,AUGCF,0.12,5,14,5,5,3,2,4,38,-8.0,30.0,Poor,Stay away,0,20.0,0.0,0.6,47.4,0,,nan,nan,0.0
CHIZF,China Traditional Chinese Medicine Holdings Co. Limited,0.163,3,7,1,9,3,3,4,30,-3.0,30.0,Poor,Stay away,12,0.0,0.0,-4.1,40.8,1,,Healthcare,821339200.0,114.0
RDBBF,Redbubble Limited,0.184,8,5,9,5,1,4,3,35,-10.0,30.0,Poor,🔥 COILED: Stay away,21,0.0,-3.2,-1.1,46.5,0,,Consumer Cyclical,56023188.0,13753.17
GRML,Greenland Mines Ltd,0.196,5,17,3,3,4,4,2,38,-6.0,30.0,Poor,Stay away,0,-2.4,12.7,-8.8,42.7,2,,Basic Materials,29518788.0,0.0
CAIB,California International Bank N.A,0.15,20,4,6,14,4,1,5,54,-24,30,Poor,Stay away,46,87.5,87.5,31.5,79.2,2,6,Financial Services,25568024.0,368.5
NWVCF,EnWave Corporation,0.171,5,16,3,8,3,4,2,41,-11.0,30.0,Poor,Stay away,33,6.9,6.9,1.3,50.5,1,,Industrials,21369010.0,25756.67
FRECF,FRECF,0.188,1,5,2,9,3,2,5,27,0.0,30.0,Poor,Stay away,21,17.4,-4.7,-1.9,47.8,0,,nan,11070082.0,5943.91
FMHS,Farmhouse Inc,0.195,8,6,3,11,5,0,2,35,-5.0,30.0,Poor,Stay away,45,-1.3,-1.3,-5.5,45.9,1,,Communication Services,3723749.0,2981.87
ACUT,Accustem Sciences Inc,0.19,6,5,2,9,0,6,5,33,-3.0,30.0,Poor,Stay away,21,5.6,3.6,-4.7,47.3,1,,Healthcare,3053730.0,1929.49
AMNTF,Asia Cement (China) Holdings Corporation,0.207,3,6,1,7,3,3,4,27,0.0,30.0,Poor,Stay away,14,0.0,0.0,-6.4,34.8,0,,Basic Materials,324776864.0,9.1
CMEOF,CMEOF,0.226,17,4,4,9,6,2,5,47,-20.0,30.0,Poor,Stay away,0,0.0,12.8,6.6,50.0,3,,Healthcare,109597984.0,0.0
IXRRF,Ionic Rare Earths Limited,0.235,3,13,3,9,5,0,2,35,-3.0,30.0,Poor,Stay away,37,-0.4,-19.4,-3.1,47.4,1,,Basic Materials,45321676.0,29317.09
TRSO,Transuite.Org Inc.,0.218,10,8,6,6,6,2,4,42,-15.0,30.0,Poor,Stay away,43,0.0,0.0,3.8,56.6,1,,Technology,17407298.0,5425.45
KTEL,KonaTel Inc,0.21,10,7,8,5,4,0,4,38,-13.0,30.0,Poor,🔥 COILED: Stay away,34,-1.4,-4.5,0.9,51.3,1,,Communication Services,9235603.0,20722.23
BRVVF,Quantum Battery Metals Corp,0.286,3,4,5,10,3,3,4,32,-5.0,30.0,Poor,Stay away,17,0.0,0.0,-2.5,36.5,1,,Basic Materials,2734272.0,55.54
LPBBW,Launch Two Acquisition Corp. Warrant,0.28,8,10,2,3,8,2,2,35,-8.0,30.0,Poor,Stay away,49,21.7,-12.5,5.2,53.3,1,,nan,nan,9905.24
FERAR,Fifth Era Acquisition Corp I Rights,0.28,1,5,7,12,6,0,2,33,-3.0,30.0,Poor,Stay away,31,-11.1,-15.2,-7.2,43.8,0,,nan,nan,0.0
NXPGF,National Express Group PLC,0.31,8,7,10,6,3,2,4,40,-15.0,30.0,Poor,🔥 COILED: Stay away,31,0.0,0.0,-0.0,42.8,1,,Industrials,194955872.0,772.5
EKDHF,EKF Diagnostics Holdings plc,0.347,3,4,1,7,3,3,4,25,0.0,30.0,Poor,🔥 COILED: Stay away,36,0.0,0.0,-0.2,48.7,0,,Healthcare,149157664.0,2000.0
GXSBY,Geox SpA ADR,0.327,12,6,11,7,3,2,4,45,-18.0,30.0,Poor,Stay away,37,0.0,0.0,0.0,99.8,1,,Consumer Cyclical,119701136.0,27.5
MYRUF,Myriad Uranium Corp.,0.328,5,7,7,10,7,0,2,38,-8.0,30.0,Poor,Stay away,26,-5.9,-4.5,-3.7,46.0,1,,Basic Materials,35382432.0,303514.19
MHUBF,Minehub Technologies Inc,0.31,6,11,4,10,3,2,2,38,-6.0,30.0,Poor,Stay away,27,3.2,3.3,-0.9,46.9,1,,Technology,32165484.0,139949.88
PCFBF,Pacific Basin Shipping Limited,0.39,3,4,4,8,3,5,3,30,0.0,30.0,Poor,Stay away,0,0.0,0.0,-0.4,38.7,0,,Industrials,2009790336.0,0.0
BKLRF,Berkeley Energy Ltd,0.36,8,9,11,6,0,2,4,40,-13.0,30.0,Poor,Stay away,40,0.0,0.0,0.0,51.4,1,,Energy,160665536.0,770.5
TSWCF,TSWCF,0.37,1,8,8,8,0,2,5,32,-5.0,30.0,Poor,Stay away,23,-7.0,-7.5,-3.1,45.4,1,,Technology,139487136.0,386933.86
TNMG,TNL Mediagene Ordinary Shares,0.382,5,11,3,8,4,2,2,35,-3.0,30.0,Poor,Stay away,20,-4.5,7.3,-9.3,42.3,1,,Communication Services,1119154.0,2456374.8
CRWOF,China Railway Group Limited,0.442,13,5,6,4,3,1,5,37,-12.0,30.0,Poor,🔥 COILED: Stay away,17,0.0,0.0,1.1,60.5,0,,Industrials,10842839040.0,742.0
CVWLF,CVWLF,0.416,14,3,1,6,6,5,5,40,-10.0,30.0,Poor,Stay away,56,0.0,-6.4,-0.1,55.7,0,,Financial Services,261025680.0,16.5
CTLHF,CleanTech Lithium Plc,0.42,10,6,11,7,3,4,4,45,-18.0,30.0,Poor,Stay away,54,0.0,0.0,0.0,84.9,1,,Basic Materials,152456512.0,588.2
GRUSF,Grown Rogue International Inc,0.41,6,11,4,4,8,2,5,40,-8.0,30.0,Poor,Stay away,55,2.5,-8.9,-2.4,45.9,0,,Healthcare,102474976.0,196948.64
CSGEF,China Suntien Green Energy Corporation Limited,0.458,4,4,2,7,3,1,4,25,0.0,30.0,Poor,🔥 COILED: Stay away,16,0.0,0.0,-1.0,47.1,0,,Utilities,3098828032.0,48.0
ASWRD,Three Crowns Critical Metals Inc.,0.49,17,5,4,11,6,4,5,52,-22.0,30.0,Poor,Stay away,59,-2.0,-2.0,32.1,60.9,1,,Basic Materials,3224929.0,2206.35
PTPIF,PT. Chandra Asri Petrochemical Tbk,0.527,7,6,10,8,3,2,4,40,-13.0,30.0,Poor,Stay away,47,0.0,0.0,0.0,94.3,0,,Basic Materials,45555482624.0,37.5
SHGKF,Sun Hung Kai & Company. Ltd,0.515,9,4,11,6,3,2,4,39,-12.0,30.0,Poor,Stay away,47,0.0,0.0,0.0,64.1,0,,Financial Services,1007871104.0,20.5
SCPPF,S4 Capital plc,0.51,15,6,6,6,1,6,5,45,-11.0,30.0,Poor,Stay away,57,8.9,5.5,6.0,58.2,1,,Communication Services,339589248.0,19665.69
SEXHF,Sichuan Expressway Company Limited,0.58,3,4,8,6,3,7,4,35,-10.0,30.0,Poor,🔥 COILED: Stay away,0,0.0,0.0,-1.2,40.6,0,,Industrials,2047985792.0,0.0
WMWWF,West Wits Mining Limited,0.55,12,6,11,9,3,6,4,51,-21.0,30.0,Poor,Stay away,53,0.0,0.0,0.0,91.4,1,,Basic Materials,239188400.0,3534.02
NDTP,NDT Pharmaceuticals Inc,0.55,14,8,9,11,7,5,5,59,-29,30,Poor,Stay away,42,37.5,46.4,22.9,61.1,3,,Healthcare,108462392.0,6802.49
ACHFF,Arch Biopartners Inc,0.58,8,4,9,12,3,3,5,44,-14.0,30.0,Poor,Stay away,42,-3.3,-4.8,0.2,52.9,1,,Healthcare,39401304.0,30869.4
AXREF,Amarc Resources Ltd,0.68,7,15,8,6,3,0,4,43,-11.0,30.0,Poor,Stay away,41,-4.2,4.6,0.6,50.5,0,,Basic Materials,148749056.0,77047.78
KNDI,Kandi Technologies Group Inc,0.654,1,7,4,10,4,2,2,30,-1.0,30.0,Poor,Stay away,31,-0.9,-7.9,-3.6,43.6,1,,Consumer Cyclical,65691736.0,444346.91
SPPJY,Sappi Ltd ADR,0.71,3,13,3,10,4,0,5,38,-8.0,30.0,Poor,Stay away,22,-1.4,-2.7,-1.5,48.2,1,,Basic Materials,431028512.0,9681.23
XPL,Solitario Exploration & Royalty Corp,0.726,1,8,8,8,4,0,4,33,-1.0,30.0,Poor,Stay away,26,-5.8,-2.0,-3.0,42.2,1,,Basic Materials,67939456.0,303039.69
TGHL,The GrowHub Limited Class A Ordinary Shares,0.736,10,13,3,4,3,5,5,43,-11.0,30.0,Poor,Stay away,46,14.8,-51.6,8.3,52.9,1,,Technology,18615602.0,2487517.37
HNATF,Primary Hydrogen Corp,0.745,7,3,6,12,3,7,5,43,-13.0,30.0,Poor,Stay away,48,-5.6,-10.2,-2.4,49.5,1,,Basic Materials,5966057.0,5622.65
TNYA,Tenaya Therapeutics Inc,0.75,2,11,6,8,4,0,4,35,-3.0,30.0,Poor,Stay away,29,-3.0,-10.5,-4.7,42.8,1,,Healthcare,162749152.0,4159071.69
STEAF,Stream Media Corporation,0.757,7,7,10,4,3,2,4,37,-10.0,30.0,Poor,Stay away,32,0.0,0.0,0.0,55.1,0,,Communication Services,87709264.0,0.1
FOMNF,Forte Minerals Corp.,0.818,5,9,9,11,3,3,2,42,-8.0,30.0,Poor,Stay away,45,0.9,0.9,-0.6,31.5,1,,Basic Materials,63428064.0,2283.98
WNRS,Winners Inc,0.823,10,8,4,5,6,5,2,40,-15.0,30.0,Poor,🔥 COILED: Stay away,52,0.0,0.0,5.8,54.2,1,,Consumer Cyclical,43730092.0,316767.5
PAGFF,Pacifica Silver Corp.,0.84,3,3,9,9,3,0,2,29,0.0,30.0,Poor,Stay away,36,2.0,-4.5,-2.6,46.1,0,,nan,nan,84376.54
CURZ,Curzio Research LLC,0.81,3,3,4,7,3,3,4,27,0.0,30.0,Poor,Stay away,17,0.0,0.0,-2.3,3.9,0,,Communication Services,nan,53.5
YADGF,Yadea Group Holdings Ltd,0.86,3,6,1,7,3,3,4,27,0.0,30.0,Poor,Stay away,16,0.0,0.0,-4.9,39.0,0,,Consumer Cyclical,2611086336.0,202.44
OPMXF,Operadora de Sites Mexicanos S.A. de C.V,1.0,17,8,2,5,6,7,5,50,-20.0,30.0,Poor,Stay away,56,8.7,0.0,2.9,55.8,0,,Industrials,2913691136.0,4144.77
ORRAF,Orora Limited,1.0,15,4,5,11,3,0,5,43,-13.0,30.0,Poor,Stay away,28,0.0,11.0,4.9,85.4,2,,Consumer Cyclical,1225342848.0,0.0
NPACY,Quadient SA ADR,0.95,13,6,12,5,6,2,4,48,-23.0,30.0,Poor,🔥 COILED: Stay away,38,0.0,0.0,0.1,81.3,1,,Technology,482699936.0,294.59
TFSVF,24SevenOffice Group AB (publ),0.988,8,4,10,5,3,6,4,40,-15.0,30.0,Poor,🔥 COILED: Stay away,46,0.0,0.0,-0.0,52.2,1,,Technology,84086936.0,528.13
MDIA,Mediaco Holding Inc,0.99,11,8,8,10,4,4,5,50,-18.0,30.0,Poor,Stay away,50,-2.9,-3.9,0.7,53.8,1,,Communication Services,81501000.0,68713.1
CRNVF,CRNVF,0.95,4,4,9,7,3,1,4,32,-5.0,30.0,Poor,Stay away,0,0.0,0.0,-0.3,0.0,1,,Technology,54227356.0,0.0
STSN,Stemsation International Inc,0.018,17,3,4,14,3,3,5,49,-17.5,29.5,Poor,Stay away,61,20.0,69.8,28.9,69.0,2,,Healthcare,11788575.0,207390.78
PTPLF,PT Puradelta Lestari Tbk,0.007,8,3,10,6,3,2,4,36,-10.0,29.0,Poor,Stay away,28,0.0,0.0,-0.0,0.3,0,,Real Estate,332566976.0,5.5
CNER,China New Energy Group Co,0.007,13,8,7,4,4,4,4,44,-15.0,29.0,Poor,Stay away,29,0.0,0.0,7.0,57.1,1,,Utilities,51397728.0,0.0
GBMRF,GBM Resources Limited,0.01,18,5,4,12,6,6,5,56,-27,29,Poor,Stay away,68,300.0,300.0,159.0,50.0,2,3,Basic Materials,49083996.0,3379.86
CHNTF,China HK Power Smart Energy Group Limited,0.003,5,4,10,6,3,2,4,34,-10.0,29.0,Poor,🔥 COILED: Stay away,32,0.0,0.0,-0.0,42.4,0,,Energy,23657912.0,86.69
TNYYF,Tinybeans Group Limited,0.006,5,3,10,7,0,2,4,31,-5.0,29.0,Poor,Stay away,28,0.0,0.0,-0.0,0.0,1,,Communication Services,16317280.0,9.5
EGMMF,Eagle Mountain Mining Limited,0.007,4,5,1,8,3,1,4,26,0.0,29.0,Poor,Stay away,22,0.0,0.0,-44.0,48.1,0,,Basic Materials,10309689.0,250.5
ECOX,Eco Innovation Group Inc,0.001,7,6,5,9,2,3,2,34,-5.0,29.0,Poor,Stay away,29,0.0,0.0,-9.8,43.7,1,,Industrials,9054237.0,190220027.23
MTBMF,Mount Burgess Mining N.L,0.001,8,3,10,6,3,2,4,36,-10.0,29.0,Poor,Stay away,27,0.0,0.0,-0.0,0.0,0,,Basic Materials,7739178.0,367.85
PRFUF,Prosperous Future Holdings Limited,0.002,8,4,9,4,3,2,4,34,-10.0,29.0,Poor,🔥 COILED: Stay away,29,0.0,0.0,-0.0,48.1,0,,Consumer Defensive,6456035.0,200.0
TGSHF,Mercanto Holdings Inc.,0.003,8,3,10,6,3,2,4,36,-10.0,29.0,Poor,Stay away,27,0.0,0.0,-0.0,2.3,0,,Healthcare,6009208.0,1078.0
LNMG,Linike Medical Group Ltd,0.007,8,9,6,0,3,6,5,37,-8.0,29.0,Poor,Stay away,27,26.4,-1.5,5.9,48.0,1,,Healthcare,4508710.0,6105.08
BAKPF,Global Oil & Gas Limited,0.005,1,5,1,7,3,3,4,24,0.0,29.0,Poor,🔥 COILED: Stay away,24,0.0,0.0,-6.3,47.8,0,,Energy,4319131.0,157.89
FNNZF,Fincanna Capital Corp,0.003,6,4,11,6,3,2,4,36,-10.0,29.0,Poor,Stay away,50,0.0,0.0,0.0,58.1,0,,Financial Services,2888416.0,3416.72
ACRL,Atacama Resources International Inc,0.002,4,7,5,8,3,2,2,31,0.0,29.0,Poor,Stay away,25,0.0,-15.0,-9.5,43.3,0,,Basic Materials,2724198.0,1740531.8
CSTXF,CryptoStar Corp,0.006,14,10,13,14,4,2,5,62,-29,29,Poor,Stay away,40,31.0,37.5,23.5,69.4,4,,Financial Services,1956768.0,36645.82
RMHB,Rocky Mountain High Brands Inc,0.002,4,8,2,8,5,0,2,29,-1.0,29.0,Poor,Stay away,26,5.6,-5.0,-0.7,49.1,1,,Consumer Defensive,1728042.0,277311.15
IPNFF,ImagineAR Inc,0.004,4,16,5,2,4,4,2,37,-6.0,29.0,Poor,Stay away,26,15.2,2.7,5.2,50.6,1,,Technology,1190482.0,63830.61
PNDHF,Pond Technologies Holdings Inc,0.008,8,4,10,6,3,2,4,37,-13.0,29.0,Poor,🔥 COILED: Stay away,49,0.0,0.0,-0.0,48.5,1,,Consumer Defensive,684737.0,352.5
SGOO,Snoogoo Corp,0.002,12,6,11,9,0,2,4,44,-18.0,29.0,Poor,Stay away,43,0.0,0.0,0.1,93.5,1,,Financial Services,302797.0,2609.99
CVVRF,Vertical Exploration Inc,0.002,8,3,10,4,3,4,4,36,-10.0,29.0,Poor,Stay away,27,0.0,0.0,-0.1,3.4,0,,Basic Materials,244646.0,9928.75
VADP,Vado Corp,0.001,8,3,10,6,3,2,4,36,-10.0,29.0,Poor,Stay away,32,0.0,0.0,-0.0,0.2,0,,Communication Services,200741.0,2591.42
VPRIF,Vitality Products Inc,0.002,8,8,6,4,3,1,4,34,-10.0,29.0,Poor,🔥 COILED: Stay away,23,0.0,0.0,0.6,43.3,0,,Consumer Defensive,103528.0,407.75
SBSAQ,"Spanish Broadcasting System, Inc.",0.005,3,3,10,7,3,1,4,31,-5.0,29.0,Poor,Stay away,22,0.0,0.0,-11.4,28.4,1,,Communication Services,43675.0,28031.12
CLHI,CLST Holdings Inc,0.001,5,3,10,7,3,2,4,34,-5.0,29.0,Poor,Stay away,25,0.0,0.0,-0.2,10.3,1,,Financial Services,23949.0,22595.94
PRTDF,Petro Matad Limited,0.014,5,9,8,5,4,5,2,38,-8.0,29.0,Poor,Stay away,32,1.5,1.5,-0.1,47.1,1,,Energy,25279686.0,8841.44
MMTIF,Micromem Technologies Inc,0.017,6,8,3,11,1,0,2,31,0.0,29.0,Poor,Stay away,21,-13.0,-13.0,-7.0,45.9,0,,Technology,12981993.0,436412.08
TVTV,WhereverTV Broadcasting Corporation,0.017,14,6,6,4,3,1,5,39,-10.0,29.0,Poor,Stay away,27,9.7,9.7,5.5,51.5,1,,Communication Services,4918837.0,3378.38
GPLL,Benchmark Energy Corporation,0.018,11,8,5,0,3,0,4,31,-10.0,29.0,Poor,🔥 COILED: Stay away,32,0.0,0.0,0.0,51.0,0,,Healthcare,4197450.0,1212.51
JNOMF,Juno Minerals Ltd,0.02,8,3,10,6,3,2,4,36,-10.0,29.0,Poor,Stay away,27,0.0,0.0,-0.0,16.5,0,,Basic Materials,4184741.0,501.27
CVHL,Cv Holdings Inc,0.02,14,4,7,13,4,0,5,47,-18.0,29.0,Poor,Stay away,63,0.0,0.0,8.8,84.3,1,,Financial Services,1288276.0,20348.53
RVRVF,Pathfinder Ventures Inc,0.02,3,8,3,7,3,1,4,29,-5.0,29.0,Poor,🔥 COILED: Stay away,16,0.0,0.0,-1.0,42.8,1,,Consumer Cyclical,1208457.0,2410.13
IFRTF,International Frontier Resources Corporation,0.02,9,6,11,7,3,4,4,44,-18.0,29.0,Poor,Stay away,52,0.0,0.0,0.0,84.5,1,,Energy,1106531.0,128.74
VRCV,Varca Ventures Inc,0.02,15,5,7,10,6,4,5,52,-23.0,29.0,Poor,Stay away,63,0.0,0.0,26.9,100.0,1,,Basic Materials,140496.0,562.9
AGCI,American Gold & Copper Inc.,0.026,7,7,4,7,2,0,4,31,0.0,29.0,Poor,Stay away,38,-22.4,14.8,-4.6,47.0,2,,Communication Services,18908136.0,1110546.23
SPARF,Spark Energy Minerals Inc.,0.028,5,12,2,7,4,0,5,35,-6.0,29.0,Poor,Stay away,24,-23.4,-14.1,-5.5,47.2,1,,Basic Materials,5462509.0,17215.72
NAUH,National American University Holdings Inc,0.03,3,4,3,7,3,7,2,29,0.0,29.0,Poor,Stay away,23,0.0,0.0,-9.8,2.5,0,,Consumer Defensive,741452.0,868.72
JFIL,Jubilant Flame International Ltd,0.03,12,3,4,11,3,1,5,39,-10.0,29.0,Poor,Stay away,41,-15.5,-9.6,-6.0,48.0,0,,Industrials,599571.0,11445.69
CIRX,CirTran Corporation,0.03,10,5,9,12,3,5,5,49,-20.0,29.0,Poor,Stay away,48,0.0,32.2,2.1,50.2,3,,Industrials,148362.0,10025.27
FSTF,First State Financial Corporation,0.023,15,7,5,12,6,2,5,52,-23,29,Poor,Stay away,40,160.0,160.0,45.8,65.5,2,7,Industrials,138535.0,1192.57
EPRJF,Emperor Watch & Jewellery Limited,0.035,2,7,1,7,3,7,2,29,0.0,29.0,Poor,Stay away,14,0.0,-1.1,-5.9,25.3,0,,Consumer Cyclical,253186544.0,20.01
RREIF,Regal Real Estate Investment Trust,0.04,8,3,10,6,3,2,4,36,-10.0,29.0,Poor,Stay away,27,0.0,0.0,-0.0,0.0,1,,Real Estate,129320024.0,25.5
PTRRF,Pointerra Limited,0.032,5,4,10,6,3,2,4,34,-10.0,29.0,Poor,🔥 COILED: Stay away,32,0.0,0.0,0.0,50.0,0,,Technology,27148480.0,681.39
NUMIF,Numinus Wellness Inc,0.032,7,4,2,13,3,2,5,36,-5.0,29.0,Poor,Stay away,43,-31.5,-19.5,-13.6,45.8,1,,Healthcare,10257652.0,113170.23
OPUS,Opus Magnum Ameris Inc,0.035,3,4,3,9,3,3,4,29,0.0,29.0,Poor,Stay away,26,0.0,0.0,-28.9,15.7,0,,Financial Services,7180845.0,164.43
RNDXF,Randgold & Exploration Company Limited,0.038,10,4,10,6,3,2,4,39,-15.0,29.0,Poor,🔥 COILED: Stay away,50,0.0,0.0,-0.0,46.5,1,,Basic Materials,3059343.0,571.87
RFLFF,Raffles Education Corporation Limited,0.05,10,6,11,6,0,2,4,39,-15.0,29.0,Poor,🔥 COILED: Stay away,48,0.0,0.0,0.0,50.0,1,,Consumer Defensive,81865624.0,0.0
JAXAF,Jaxsta Limited,0.05,12,6,10,10,0,2,4,44,-18.0,29.0,Poor,Stay away,49,0.0,0.0,0.0,100.0,1,,Technology,74158808.0,2256.48
NGXLF,NGX Limited,0.05,5,3,10,7,0,2,4,31,-5.0,29.0,Poor,Stay away,17,0.0,0.0,-0.0,0.0,1,,Basic Materials,4530592.0,168.62
ALDA,Atlantica Inc,0.05,12,6,11,9,0,2,4,44,-18.0,29.0,Poor,Stay away,38,0.0,0.0,0.0,95.9,1,,Financial Services,122929.0,15.66
VIAOY,VIA optronics AG,0.06,12,5,7,4,6,3,2,39,-15.0,29.0,Poor,🔥 COILED: Stay away,33,0.0,0.0,-0.0,50.8,1,,Technology,1359210.0,2486.63
RVXCF,Resverlogix Corp.,0.07,2,4,5,12,6,0,5,34,-5.0,29.0,Poor,Stay away,35,0.0,-12.5,-2.7,45.5,1,,Healthcare,22188430.0,14356.79
GPMTF,GPM Metals Inc,0.062,9,6,11,6,3,2,4,41,-15.0,29.0,Poor,Stay away,40,0.0,0.0,0.0,39.7,1,,Basic Materials,9878831.0,0.0
DFTC,Defentect Group Inc,0.07,10,5,4,12,0,3,2,36,-3.0,29.0,Poor,Stay away,46,-6.7,0.0,-5.7,46.7,1,,Technology,5821719.0,125368.77
SYAAF,Syrah Resources Limited,0.08,3,11,5,5,8,2,5,39,-13.0,29.0,Poor,Stay away,27,6.7,-14.9,-1.5,48.5,2,,Basic Materials,185754192.0,195990.14
AGREF,Argonaut Resources NL,0.08,7,7,10,6,3,2,4,39,-15.0,29.0,Poor,🔥 COILED: Stay away,47,0.0,0.0,0.0,51.9,1,,Basic Materials,28169712.0,400.0
HOLOW,MicroCloud Hologram Inc.,0.08,6,11,8,1,7,0,4,37,-9.0,29.0,Poor,Stay away,27,0.1,0.1,-1.5,47.2,0,,nan,nan,18611.29
EUUNF,Azarga Metals Corp,0.09,5,8,4,9,4,2,2,34,-5.0,29.0,Poor,Stay away,37,0.0,8.5,-1.0,47.2,2,,Basic Materials,8222417.0,0.0
CFXTF,Conifex Timber Inc,0.093,7,12,8,6,3,7,2,45,-16.0,29.0,Poor,Stay away,53,2.3,3.0,1.6,56.0,1,,Basic Materials,3786097.0,1438.55
JGLCF,JS Global Lifestyle Company Limited,0.129,3,8,1,7,3,1,4,27,-3.0,29.0,Poor,🔥 COILED: Stay away,26,0.0,0.0,-1.7,45.2,1,,Consumer Cyclical,448219744.0,86.81
HUYTF,Huayi Tencent Entertainment Company Limited,0.122,9,6,11,9,3,2,4,44,-18.0,29.0,Poor,Stay away,54,0.0,0.0,0.0,99.9,1,,Healthcare,207662832.0,500.0
KBSR,KBS Real Estate Investment Trust III Inc,0.121,3,5,7,8,3,3,5,34,-5.0,29.0,Poor,Stay away,15,0.0,0.0,-27.0,20.6,1,,nan,133664400.0,1183.5
CEUMF,Century Global Commodities Corp,0.104,13,5,7,14,6,2,5,52,-23.0,29.0,Poor,Stay away,59,0.0,0.0,21.4,81.0,1,,Consumer Defensive,12293371.0,1462.5
LVWD,Liveworld Inc.,0.12,5,5,3,11,6,0,4,34,-5.0,29.0,Poor,Stay away,23,-7.7,-14.3,-6.9,43.2,1,,Technology,5476012.0,67550.0
AATV,Adaptive Ad Systems Inc,0.107,7,0,5,8,4,2,3,29,0.0,29.0,Poor,Stay away,40,-2.7,-2.7,-1.7,15.2,0,,Communication Services,4366469.0,7512.46
LINMD,Linear Minerals Corp.,0.148,16,8,4,9,7,5,5,54,-23,29,Poor,Stay away,62,72.2,-17.7,51.4,60.7,1,7,Basic Materials,1920249.0,42326.55
ANGGF,Angang Steel Company Limited,0.15,4,3,8,8,3,1,4,31,-5.0,29.0,Poor,Stay away,13,0.0,0.0,-0.6,0.0,1,,Basic Materials,1405383168.0,28.0
PTHRF,Pantheon Resources Plc,0.165,1,9,3,9,5,0,2,29,2.0,29.0,Poor,Stay away,39,-8.3,-8.3,-7.0,43.0,0,,Energy,233264384.0,663388.58
AMTFF,AmeriTrust Financial Technologies Inc.,0.174,9,4,5,13,3,4,4,42,-13.0,29.0,Poor,Stay away,57,-7.7,-8.2,-3.1,51.1,1,,Technology,170883904.0,173590.72
QTEYF,Questerre Energy Corporation,0.197,14,8,6,12,4,3,5,52,-23.0,29.0,Poor,Stay away,29,9.4,23.1,12.6,76.0,3,,Energy,90442688.0,2342.5
AMMX,AmeraMex International Inc,0.158,4,11,7,5,4,1,2,34,-8.0,29.0,Poor,Stay away,45,-1.2,-1.2,-1.8,42.7,1,,Industrials,2283689.0,13462.04
DGIPF,DGIPF,0.161,2,9,8,8,4,2,3,36,-7.0,29.0,Poor,Stay away,0,0.9,-3.8,-7.7,45.9,0,,nan,nan,0.0
CBLUF,China BlueChemical Ltd,0.22,3,3,10,6,3,7,4,36,-10.0,29.0,Poor,Stay away,0,0.0,0.0,-3.9,26.1,0,,Basic Materials,1728749952.0,0.0
TLTFF,Theralase Technologies Inc.,0.204,14,14,8,5,8,3,5,57,-26,29,Poor,Stay away,46,7.2,13.2,8.9,59.9,3,,Healthcare,59134268.0,117226.95
SNANF,Sona Nanotech Inc,0.22,3,4,3,9,5,3,2,29,-5.0,29.0,Poor,🔥 COILED: Stay away,30,0.5,-6.0,-3.7,44.3,1,,Healthcare,25162556.0,6857.35
MRZLF,Mirasol Resources Ltd,0.23,2,3,6,9,3,2,4,29,-3.0,29.0,Poor,Stay away,12,-8.0,-8.0,-3.9,42.1,1,,Basic Materials,20377354.0,8147.45
SZZLR,Sizzle Acquisition Corp. II,0.2,12,14,3,9,6,0,5,49,-18.0,29.0,Poor,Stay away,51,-9.1,23.1,5.3,53.6,3,,nan,nan,0.0
TKRFF,Tinka Resources Limited,0.3,5,5,4,10,2,3,5,34,-5.0,29.0,Poor,Stay away,23,0.0,7.1,-0.3,48.5,1,,Basic Materials,40131768.0,23224.96
BLZRW,Trailblazer Acquisition Corp. Warrant,0.386,3,12,1,7,4,0,2,29,2.0,29.0,Poor,Stay away,21,8.6,-3.6,-7.6,44.9,0,,nan,nan,0.0
NNFTF,Nanofilm Technologies International Limited,0.426,8,3,10,6,3,2,4,36,-10.0,29.0,Poor,Stay away,29,0.0,0.0,-0.0,0.0,0,,Technology,277977664.0,7.5
LSEB,LSEB Creative Corp.,0.44,8,3,10,5,3,3,4,36,-10.0,29.0,Poor,Stay away,42,0.0,0.0,-1.3,38.0,0,,Consumer Cyclical,7205572.0,2699.73
AGXPF,Silver X Mining Corp,0.49,11,14,11,9,3,4,5,57,-26.0,29.0,Poor,Stay away,37,6.0,16.0,6.5,55.7,4,,Basic Materials,138199776.0,518180.03
USLRF,USLRF,0.48,12,6,9,4,0,0,5,36,-10.0,29.0,Poor,🔥 COILED: Stay away,44,-1.0,5.5,2.7,53.0,0,,nan,nan,227205.88
GLVT,Greenlit Ventures Inc,0.5,7,7,2,9,4,3,2,34,-5.0,29.0,Poor,Stay away,24,0.0,0.0,-0.4,46.5,1,,Industrials,2041241.0,324.82
WDBG,Woodbrook Group Holdings Inc,0.5,12,6,10,7,3,2,4,44,-18.0,29.0,Poor,Stay away,56,0.0,0.0,0.1,100.0,1,,Financial Services,70265.0,89.03
RMRDF,Radisson Mining Resources Inc,0.579,3,13,8,6,4,2,5,41,-10.0,29.0,Poor,Stay away,31,-1.5,3.4,-1.4,46.8,0,,Basic Materials,261298496.0,613496.96
SRCAF,Stria Lithium Inc,0.56,7,4,11,6,3,6,4,41,-15.0,29.0,Poor,Stay away,49,0.0,0.0,0.0,56.9,1,,Basic Materials,23292710.0,1999.27
MROPF,MicroPort CardioFlow Medtech Corporation,0.646,9,6,11,9,3,2,4,44,-18.0,29.0,Poor,Stay away,58,0.0,0.0,0.0,100.0,1,,Healthcare,823012928.0,32.0
BJTRF,Beijing Tong Ren Tang Chinese Medicine Company Limited,0.648,5,4,10,6,3,2,4,34,-10.0,29.0,Poor,🔥 COILED: Stay away,35,0.0,0.0,0.0,50.0,0,,Healthcare,542775680.0,2.0
JETMF,Global Crossing Airlines Inc,0.644,8,12,9,16,4,1,5,55,-24.0,29.0,Poor,Stay away,47,10.5,10.1,6.4,55.5,3,,Industrials,43032260.0,74753.3
DTEAF,DAVIDsTEA Inc.,0.647,4,12,8,3,4,3,2,36,-10.0,29.0,Poor,Stay away,44,2.1,-3.0,-1.5,45.8,0,,Consumer Defensive,19776202.0,17860.24
KGDEF,Kingdee International Software Group Company Limited,0.749,3,4,1,8,3,3,4,26,0.0,29.0,Poor,Stay away,16,0.0,0.0,-6.5,44.9,0,,Technology,2613221632.0,1034.95
CCIIW,Cohen Circle Acquisition Corp. II Warrant,0.719,2,2,9,7,7,0,2,29,0.0,29.0,Poor,Stay away,40,-9.0,-10.1,-6.4,37.0,0,,nan,3795000.0,11495.5
HBGRY,Heidelberger Druckmaschinen AG ADR,0.76,7,9,9,0,0,1,5,31,-10.0,29.0,Poor,🔥 COILED: Stay away,36,0.0,0.0,0.2,50.5,0,,Industrials,515067936.0,1121.49
BSXGF,Belo Sun Mining Corp,0.76,14,15,3,13,4,2,5,56,-25.0,29.0,Poor,Stay away,41,16.9,11.8,6.0,54.0,4,,Basic Materials,425991552.0,300461.95
GRPOF,Grupo Traxión S.A.B. de C.V,0.758,7,6,11,9,0,2,4,39,-13.0,29.0,Poor,Stay away,33,0.0,0.0,0.0,86.8,0,,Industrials,421488736.0,1045.98
BELGF,Bellevue Gold Limited,0.918,10,7,10,2,3,2,5,39,-13.0,29.0,Poor,Stay away,31,3.8,-1.1,1.2,49.9,1,,Basic Materials,1368272768.0,9910.48
KBSX,FST Corp. Ordinary Shares,0.9,4,15,6,2,4,4,2,37,-8.0,29.0,Poor,Stay away,24,0.0,2.3,-2.7,43.1,0,,Consumer Cyclical,40289404.0,67572.21
CJPXX,JPMorgan Trust I - JPMorgan Prime Money Market Fund,1.0,5,4,10,6,3,2,4,34,-10.0,29.0,Poor,🔥 COILED: Stay away,39,0.0,0.0,-0.0,42.6,0,,nan,nan,0.0
OPTXX,State Street Institutional Investment Trust - State Street Institutional Treasury Plus Money Market,1.0,5,5,10,4,3,1,4,32,-8.0,29.0,Poor,🔥 COILED: Stay away,29,0.0,0.0,-0.3,42.8,0,,nan,nan,0.0
VTTXX,State Street Institutional Investment Trust- Treasury Money Market Fund,1.0,5,5,10,4,3,1,4,32,-8.0,29.0,Poor,🔥 COILED: Stay away,29,0.0,0.0,-0.1,46.2,0,,nan,nan,0.0
CSOC,Caduceus Software Systems Corp,0.004,14,4,7,8,4,3,5,45,-14.5,28.5,Poor,Stay away,28,39.3,62.5,20.2,62.2,2,,Consumer Defensive,1476869.0,176768.64
FESTF,Hybrid Kinetic Group Limited,0.005,5,4,9,6,3,2,4,33,-10.0,28.0,Poor,🔥 COILED: Stay away,26,0.0,0.0,0.0,50.0,0,,Consumer Cyclical,101764360.0,450.0
ESYL,Easylink Solutions C,0.004,9,6,9,2,3,6,5,40,-15.0,28.0,Poor,Stay away,27,0.0,0.0,2.0,49.4,1,,Technology,21606534.0,9580.0
WSZWF,Wesizwe Platinum Limited,0.01,8,3,9,6,3,2,4,35,-10.0,28.0,Poor,Stay away,31,0.0,0.0,-0.0,0.0,0,,Basic Materials,16278270.0,450.0
MMMKF,Avenira Limited,0.001,8,3,10,5,3,2,4,35,-10.0,28.0,Poor,Stay away,29,0.0,0.0,-0.0,0.0,0,,Basic Materials,5430090.0,220.0
COHLF,Contango Holdings plc,0.005,5,4,9,6,3,2,4,33,-10.0,28.0,Poor,🔥 COILED: Stay away,26,0.0,0.0,0.0,50.0,0,,Energy,3789896.0,2527.11
VVCVF,VVC Exploration Corporation,0.005,9,11,6,6,4,7,5,48,-20,28,Poor,Stay away,24,292.3,70.0,57.5,58.8,3,6,Energy,3193416.0,57827.96
JAMGF,Jasper Mining Corporation,0.009,3,5,1,7,3,3,4,26,-3.0,28.0,Poor,🔥 COILED: Stay away,22,0.0,0.0,-7.8,46.4,1,,Energy,2390071.0,18983.59
GSCHF,GS Chain plc,0.004,5,4,9,6,3,2,4,33,-10.0,28.0,Poor,🔥 COILED: Stay away,26,0.0,0.0,0.0,50.0,0,,Financial Services,2015936.0,607.85
LTCP,Life's Time Capsule Services Inc,0.004,4,6,0,8,3,2,2,25,0.0,28.0,Poor,Stay away,20,0.0,2.6,-11.4,41.9,0,,Communication Services,1805295.0,9608.99
EHVVF,Ehave Inc,0.001,5,6,1,9,3,2,2,28,2.0,28.0,Poor,Stay away,25,-33.3,0.0,-8.8,47.9,1,,Technology,1482014.0,529647.47
CMFO,China Marine Food Gr,0.004,6,3,4,7,3,5,5,33,-5.0,28.0,Poor,Stay away,30,0.0,0.0,-3.7,48.8,1,,Financial Services,1084030.0,869.22
CHNXF,ChitogenX Inc.,0.008,9,6,11,8,3,2,4,43,-18.0,28.0,Poor,Stay away,52,0.0,0.0,0.0,96.4,1,,Healthcare,627627.0,3010.0
EMBYF,Nexera Energy Inc,0.004,15,4,6,10,3,3,5,46,-18.0,28.0,Poor,Stay away,42,0.0,9.1,4.8,100.0,2,,Energy,611582.0,212.92
GMETF,GameOn Entertainment Technologies Inc,0.008,5,7,11,6,3,2,4,38,-15.0,28.0,Poor,🔥 COILED: Stay away,39,0.0,0.0,0.0,49.9,1,,Communication Services,570154.0,635.0
LVCE,Livecare Corp,0.006,7,3,10,6,3,2,4,35,-10.0,28.0,Poor,Stay away,25,0.0,0.0,-0.0,6.7,0,,Healthcare,357224.0,1027.63
MOOIF,Sensor Technologies Corp,0.001,3,4,1,7,3,3,4,25,0.0,28.0,Poor,Stay away,24,0.0,0.0,-46.3,45.5,0,,Financial Services,342534.0,2359.64
CFAGF,CFAGF,0.01,7,6,10,6,3,2,4,38,-15.0,28.0,Poor,🔥 COILED: Stay away,46,0.0,0.0,0.0,50.0,1,,Financial Services,288768.0,27.5
BDRGF,Jaeger Resources Corp,0.002,9,3,11,6,3,2,4,38,-13.0,28.0,Poor,Stay away,53,0.0,0.0,0.0,79.8,0,,Basic Materials,252500.0,93.75
TICJ,Tritent International Corp,0.007,8,6,11,9,3,2,4,43,-18.0,28.0,Poor,Stay away,42,0.0,0.0,0.1,93.0,1,,Industrials,238351.0,73.99
GRVE,Groove Botanicals Inc,0.004,3,3,10,7,3,3,4,33,-5.0,28.0,Poor,Stay away,26,0.0,0.0,-1.9,8.5,1,,Energy,238572.0,8873.0
PIFR,Premier information Management Inc,0.002,17,5,7,15,3,6,5,58,-30,28,Poor,Stay away,57,20.0,20.0,15.6,94.1,3,,Industrials,237625.0,18907.16
OMTK,Omnitek Engineering,0.01,6,4,10,6,3,2,4,35,-10.0,28.0,Poor,Stay away,34,0.0,0.0,-0.0,42.6,0,,Consumer Cyclical,219480.0,6919.25
BICTF,Biocure Technology Inc,0.01,7,6,10,6,3,2,4,38,-15.0,28.0,Poor,🔥 COILED: Stay away,34,0.0,0.0,0.0,50.0,1,,Healthcare,202070.0,40.0
WSRUF,Waseco Resources Inc,0.004,8,3,9,6,3,2,4,35,-10.0,28.0,Poor,Stay away,27,0.0,0.0,-0.0,0.0,0,,Basic Materials,170893.0,970.0
MTOMF,First Growth Funds Ltd,0.001,8,3,10,5,3,2,4,35,-10.0,28.0,Poor,Stay away,29,0.0,0.0,-0.0,0.0,0,,Financial Services,77798.0,3478.39
TYPTF,Entropy Neurodynamics Limited,0.02,16,5,4,5,3,0,5,38,-10.0,28.0,Poor,Stay away,39,-20.0,0.0,-6.0,49.3,0,,Healthcare,32636536.0,37973.44
ELXMF,Nova Eye Medical Limited,0.014,10,6,11,7,3,2,4,43,-18.0,28.0,Poor,Stay away,41,0.0,0.0,0.1,98.3,1,,Healthcare,4076565.0,65.5
BSFAF,BSF Enterprise Plc,0.016,7,4,10,6,3,4,4,38,-15.0,28.0,Poor,🔥 COILED: Stay away,42,0.0,0.0,-0.0,48.4,1,,Healthcare,3099991.0,6963.48
SNRG,Susglobal Energy Corp,0.02,3,9,3,7,5,4,2,33,-5.0,28.0,Poor,Stay away,32,-2.4,-6.8,1.3,49.6,1,,Industrials,2988972.0,69232.81
VLMZF,Volcanic Gold Mines Inc,0.02,3,7,1,7,3,1,4,26,-3.0,28.0,Poor,🔥 COILED: Stay away,24,0.0,0.0,-8.2,45.5,1,,Basic Materials,2023338.0,6481.16
LVROF,Lavoro Limited,0.011,3,2,10,10,0,3,5,33,-5.0,28.0,Poor,Stay away,0,0.0,0.0,-19.5,39.4,1,,Basic Materials,1264693.0,0.0
CLGMF,Cleghorn Minerals Ltd,0.02,8,3,9,6,3,2,4,35,-10.0,28.0,Poor,Stay away,27,0.0,0.0,-0.0,0.0,0,,Basic Materials,774077.0,15.58
DSYWW,Big Tree Cloud Holdings Limited Warrants,0.02,12,9,2,4,4,6,5,42,-19.0,28.0,Poor,🔥 COILED: Stay away,34,52.7,3.1,3.2,50.4,1,9,nan,nan,24729.28
VHMLF,VHMLF,0.021,3,7,1,7,3,5,4,30,-5.0,28.0,Poor,Stay away,31,0.0,0.0,-38.1,41.4,1,,Basic Materials,6606172.0,3877.86
CRMNF,Harena Rare Earths Plc,0.029,10,11,6,14,4,3,5,53,-30,28,Poor,Stay away,32,5.8,2800.0,32.5,54.4,3,,Basic Materials,nan,0.0
DPNEF,Daphne International Holdings Limited,0.04,5,4,10,6,3,2,4,34,-9.0,28.0,Poor,Stay away,29,0.0,0.0,-0.0,61.1,0,,Consumer Cyclical,34229764.0,0.0
ENRT,Enertopia Corporatio,0.05,1,8,4,8,3,0,2,26,2.0,28.0,Poor,Stay away,14,-21.4,-23.1,-18.3,40.8,1,,Basic Materials,478610.0,8237.59
ECXWW,ECARX Holdings Inc. Warrants,0.05,6,6,1,8,5,0,2,28,2.0,28.0,Poor,Stay away,25,-17.0,-17.0,-6.9,46.9,1,,nan,nan,23409.9
NETX,Tradr 2X Long NET Daily ETF,0.045,3,9,3,9,0,0,4,28,0.0,28.0,Poor,Stay away,24,-10.0,-18.2,-16.9,33.9,0,,nan,nan,0.0
HDIHD,HDIHD,0.05,15,5,5,11,3,2,5,46,-18.0,28.0,Poor,Stay away,55,0.0,0.0,25.0,100.0,0,,Technology,nan,0.27
UNEGF,United Energy Group Limited,0.057,4,3,10,6,3,5,4,35,-10.0,28.0,Poor,Stay away,25,0.0,0.0,-0.4,0.7,0,,Energy,1465302784.0,11417.0
YHEGF,YHEGF,0.06,5,4,9,6,3,2,4,33,-10.0,28.0,Poor,🔥 COILED: Stay away,26,0.0,0.0,0.0,50.0,0,,nan,49238760.0,59.36
GSFD,Global Seafood Technologies Inc,0.065,18,5,6,9,6,4,5,53,-25.0,28.0,Poor,Stay away,42,16.1,16.1,8.7,73.0,3,,Consumer Defensive,1222248.0,3603.0
PCQRF,Petrolympic Ltd,0.08,6,5,2,7,0,5,5,30,-1.0,28.0,Poor,Stay away,46,0.0,0.0,-2.7,46.2,1,,Energy,11351193.0,4832.0
BADVF,BADVF,0.076,7,13,4,2,4,4,2,36,-8.0,28.0,Poor,Stay away,0,5.5,0.5,-0.2,48.9,0,,Basic Materials,6100075.0,0.0
INEOF,INEO Tech Corp,0.071,6,10,5,11,6,4,2,44,-16.0,28.0,Poor,Stay away,53,-26.0,-11.3,-13.6,41.1,1,,Communication Services,3669385.0,25451.04
TCSG,"The Container Store Group, Inc.",0.08,4,6,1,9,4,2,4,30,0.0,28.0,Poor,Stay away,28,-5.9,0.0,-3.2,46.4,0,,Consumer Cyclical,nan,210601.0
PBEGF,Touchstone Exploration Inc,0.09,4,4,3,11,0,2,4,28,0.0,28.0,Poor,Stay away,14,-10.0,-10.0,-4.7,41.8,0,,Energy,31622844.0,78643.79
CPKOF,Castle Peak Mining Ltd,0.083,9,6,11,8,3,2,4,43,-18.0,28.0,Poor,Stay away,54,0.0,0.0,0.0,97.3,1,,Basic Materials,1597279.0,215.0
FFUCF,FFUCF,0.09,9,14,2,5,4,2,5,41,-11.0,28.0,Poor,Stay away,46,-9.4,15.5,0.7,49.7,2,,nan,nan,138898.66
MNULF,MNULF,0.127,7,6,10,6,3,2,4,38,-15.0,28.0,Poor,🔥 COILED: Stay away,53,0.0,0.0,0.0,50.0,1,,Real Estate,226334416.0,1.35
ESGLF,EnviroGold Global Limited,0.127,14,14,9,5,3,6,5,56,-28,28,Poor,Stay away,48,18.5,16.5,8.5,55.4,4,,Basic Materials,67429680.0,53600.59
HWAL,Hollywall Entertainment Inc,0.12,17,8,5,6,9,6,5,56,-28,28,Poor,Stay away,61,22.4,93.5,35.0,59.6,4,,Communication Services,17151742.0,115861.0
URZEF,URZ3 Energy Corp.,0.107,5,12,2,7,3,2,2,33,-3.0,28.0,Poor,Stay away,18,-2.6,-1.0,-6.9,41.0,1,,Energy,5651402.0,87331.41
XELAP,Exela Technologies Inc Preferred Series B,0.102,18,4,11,13,1,3,5,55,-30,28,Poor,Stay away,60,42.2,155.2,47.5,85.6,3,,Technology,nan,717.64
SURRF,Sun Art Retail Group Limited,0.197,5,6,10,5,3,2,4,35,-10.0,28.0,Poor,Stay away,0,0.0,0.0,-0.0,15.0,0,,Consumer Cyclical,2949923840.0,0.0
TUWLF,Tullow Oil plc,0.18,7,4,5,7,0,2,5,30,-5.0,28.0,Poor,Stay away,39,0.0,-5.3,-1.2,46.7,1,,Energy,272704160.0,4575.5
JROOF,Jericho Oil Corp,0.18,19,14,6,5,8,5,2,59,-29,28,Poor,Stay away,67,34.6,50.2,18.7,63.4,4,,Energy,55748776.0,110159.7
ATCMF,Atico Mining Corporation,0.164,12,12,6,12,4,2,5,53,-25.0,28.0,Poor,Stay away,35,7.2,15.5,6.1,56.5,3,,Basic Materials,29741802.0,117717.48
BNET,Bion Environmental Technologies Inc,0.19,4,14,11,4,4,1,5,43,-16.0,28.0,Poor,Stay away,36,5.6,0.1,4.0,51.6,1,,Industrials,10908339.0,21792.26
RYOOF,Rio Silver Inc,0.18,5,6,6,7,0,4,5,33,-5.0,28.0,Poor,Stay away,22,-11.8,-9.6,-6.1,44.3,1,,Basic Materials,10655856.0,74570.81
WBNEF,WestBond Enterprises Corporation,0.152,5,4,9,6,3,2,4,33,-10.0,28.0,Poor,🔥 COILED: Stay away,41,0.0,0.0,0.0,50.0,0,,Basic Materials,5415121.0,5.04
MAANF,Maanshan Iron & Steel Company Limited,0.212,3,6,4,7,3,1,4,28,0.0,28.0,Poor,Stay away,16,1.0,1.0,-1.1,19.8,0,,Basic Materials,1632544384.0,402.71
KRSOF,Karsan Otomotiv Sanayii ve Ticaret A.S,0.217,8,3,9,6,3,2,4,35,-10.0,28.0,Poor,Stay away,17,0.0,0.0,-0.0,0.0,0,,Industrials,195300000.0,90.0
PTUUF,Purepoint Uranium Group Inc,0.23,5,6,9,10,2,2,4,38,-6.0,28.0,Poor,Stay away,19,0.1,0.1,-0.8,46.1,1,,Energy,18256506.0,29327.39
CANOF,California Nanotechnologies Corp,0.224,8,6,1,12,3,0,2,32,-5.0,28.0,Poor,Stay away,38,-10.4,-8.0,-6.8,46.0,1,,Basic Materials,10479963.0,22874.51
VPGLF,Value Partners Group Ltd,0.26,3,3,9,6,3,7,4,35,-10.0,28.0,Poor,Stay away,24,0.0,0.0,-1.4,3.1,0,,Financial Services,575413632.0,0.0
SGQRF,SouthGobi Resources Ltd,0.28,8,3,9,6,3,2,4,35,-10.0,28.0,Poor,Stay away,30,0.0,0.0,-0.0,0.0,0,,Energy,103642640.0,598.66
PCOFF,Pico Far East Holdings Limited,0.33,8,3,11,7,3,2,4,38,-13.0,28.0,Poor,Stay away,46,0.0,0.0,0.0,98.5,0,,Communication Services,421496800.0,0.0
CHBGF,China Boton Group Company Limited,0.3,5,4,9,6,3,2,4,33,-10.0,28.0,Poor,🔥 COILED: Stay away,40,0.0,0.0,0.0,50.0,0,,Basic Materials,318015648.0,1370.39
KPEA,Kun Peng International Ltd.,0.32,10,2,1,11,3,2,2,31,-3.0,28.0,Poor,Stay away,44,-13.5,-14.8,-8.9,44.5,1,,Consumer Cyclical,14052000.0,538.58
BMTLD,BeMetals Corp.,0.349,6,5,8,6,6,5,2,38,-15.0,28.0,Poor,🔥 COILED: Stay away,49,0.0,0.0,-1.3,40.9,1,,Basic Materials,10733214.0,1108.09
EVGIF,EverGen Infrastructure Corp,0.317,11,3,3,7,6,1,2,33,-5.0,28.0,Poor,Stay away,40,0.0,-4.3,-0.3,56.2,1,,Industrials,8208819.0,362.69
AEBZY,Anadolu Efes Biracilik ve Malt Sanayii AS ADR,0.38,11,13,3,0,1,2,3,33,-8.0,28.0,Poor,Stay away,34,2.7,0.0,-0.3,49.1,0,,Consumer Defensive,2249999872.0,57226.0
GALKF,Galantas Gold Corporation,0.38,17,8,4,11,5,6,5,56,-28,28,Poor,Stay away,49,34.7,40.7,24.6,56.7,4,,Basic Materials,315257728.0,29332.98
BLAGF,Blue Lagoon Resources Inc,0.365,6,11,2,8,4,2,2,35,-5.0,28.0,Poor,Stay away,13,2.7,-5.1,-7.6,35.5,2,,Basic Materials,54777136.0,153756.85
KPEAD,Kun Peng International Ltd.,0.351,10,3,2,10,6,2,2,35,-7.0,28.0,Poor,Stay away,43,-5.1,-6.4,-1.0,51.1,1,,nan,15020000.0,376.35
JDNRF,Jayden Resources Inc.,0.396,15,4,7,10,3,2,5,46,-18.0,28.0,Poor,Stay away,60,0.0,0.0,14.9,98.9,1,,Basic Materials,2317075.0,316.94
RLFTY,Relief Therapeutics Holding AG,0.422,3,3,10,9,0,1,4,30,-5.0,28.0,Poor,Stay away,15,0.0,0.0,-3.3,28.6,1,,Healthcare,66586868.0,604.83
SNHO,Shonghoya Intl Group Inc,0.424,15,6,8,7,6,4,5,51,-23.0,28.0,Poor,Stay away,44,0.0,0.0,25.0,88.7,1,,Financial Services,35828804.0,244.43
SHEZF,Shenzhen Hepalink Pharmaceutical Group Co. Ltd,0.47,5,4,9,6,3,2,4,33,-10.0,28.0,Poor,🔥 COILED: Stay away,26,0.0,0.0,0.0,50.0,1,,Healthcare,689042304.0,0.13
STTFF,SmarTone Telecommunications Holdings Limited,0.5,8,3,9,6,3,2,4,35,-10.0,28.0,Poor,Stay away,42,0.0,0.0,-0.0,0.0,0,,Communication Services,550035392.0,3.0
WAMFF,Western Alaska Minerals Corp,0.459,3,10,8,8,0,0,2,31,-3.0,28.0,Poor,Stay away,27,-3.0,-0.8,-1.5,47.6,2,,Basic Materials,51050148.0,66708.36
EVGN,Evogene,0.489,3,9,2,11,2,4,5,36,-8.0,28.0,Poor,Stay away,14,-9.4,-15.6,-5.0,44.7,1,,Healthcare,5923921.0,703658.07
CFTLF,ChinaSoft International Ltd,0.531,5,6,10,6,3,4,4,38,-10.0,28.0,Poor,Stay away,35,0.0,0.0,-0.0,13.3,0,,Technology,1333096320.0,0.0
BADEF,Bald Eagle Gold Corp.,0.54,18,11,8,6,4,3,5,55,-28,28,Poor,Stay away,54,28.4,31.1,24.9,75.1,3,,Basic Materials,185130864.0,207793.9
BBBXF,Brixton Metals Corporation,0.514,16,17,2,6,8,4,5,58,-28,28,Poor,Stay away,37,-8.3,24.0,6.3,55.2,3,,Basic Materials,38957444.0,95030.87
WTXR,West Texas Resources Inc,0.5,11,11,2,11,8,0,5,48,-20.0,28.0,Poor,Stay away,61,4.2,25.0,19.2,55.8,3,,Energy,24780500.0,11568.73
GZUHY,Guangzhou R&F Properties Co Ltd ADR,0.602,3,3,9,8,3,3,4,33,-5.0,28.0,Poor,Stay away,16,0.0,0.0,-4.2,0.0,1,,Real Estate,112946256.0,15.45
HGHAF,High Arctic Energy Services Inc,0.636,3,8,1,10,5,2,2,31,-3.0,28.0,Poor,Stay away,31,-6.5,-0.6,-2.9,41.3,0,,Energy,8075265.0,2966.0
NHLPF,NAHL Group plc,0.653,5,4,9,6,3,2,4,33,-10.0,28.0,Poor,🔥 COILED: Stay away,40,0.0,0.0,0.0,50.0,0,,Communication Services,31660946.0,1.8
KDCCF,Kadestone Capital Corp,0.673,7,6,10,6,3,2,4,38,-15.0,28.0,Poor,🔥 COILED: Stay away,51,0.0,0.0,0.0,50.0,1,,Real Estate,31573326.0,105.0
LOBO,LOBO EV TECHNOLOGIES LTD. Ordinary shares,0.68,8,4,5,9,0,2,5,33,-5.0,28.0,Poor,Stay away,37,-9.9,3.2,-5.2,45.5,1,,Consumer Cyclical,9412518.0,2500435.88
MWTCF,Manila Water Company Inc,0.72,8,3,11,10,0,2,4,38,-13.0,28.0,Poor,Stay away,0,0.0,0.0,0.0,96.8,0,,Utilities,2134642304.0,0.0
WSTTF,Westports Holdings Berhad,0.75,8,3,10,5,3,2,4,35,-10.0,28.0,Poor,Stay away,30,0.0,0.0,-0.0,0.0,0,,Industrials,2577350144.0,4.0
DTSS,Datasea Inc,0.775,3,6,9,9,0,7,3,37,-9.0,28.0,Poor,Stay away,19,-7.7,-8.8,-4.7,44.9,1,,Technology,8096543.0,149077.36
TSKFF,Talisker Resources Ltd,0.836,7,12,8,7,3,2,3,42,-18.0,28.0,Poor,Stay away,31,5.7,12.2,2.9,51.7,3,,Basic Materials,174009472.0,246773.88
ALYAF,Alithya Group Inc,0.832,15,11,8,8,5,3,5,55,-27.0,28.0,Poor,Stay away,28,18.9,18.9,12.4,68.9,3,,Technology,80315408.0,6354.66
SLSN,"Solesence, Inc. Common Stock",0.82,9,5,1,12,0,4,5,36,-8.0,28.0,Poor,Stay away,20,-18.0,5.1,-5.7,45.2,0,,Consumer Defensive,57918608.0,58313.07
ZHEXF,Zhejiang Expressway Co. Ltd,0.85,14,6,6,6,0,1,5,38,-6.0,28.0,Poor,Stay away,32,1.2,9.0,2.6,55.4,2,,Industrials,5249808896.0,0.0
GLDG,GoldMining Inc,0.861,3,15,8,5,4,2,3,40,-13.0,28.0,Poor,Stay away,22,3.8,5.0,-0.6,46.3,2,,Basic Materials,185006528.0,2671296.29
WEBJF,Webjet Limited,0.93,5,4,9,6,3,2,4,33,-10.0,28.0,Poor,🔥 COILED: Stay away,26,0.0,0.0,0.0,50.0,0,,Consumer Cyclical,336648032.0,23.0
SHANF,Shandong Molong Petroleum Machinery Company Limited,0.94,7,3,9,4,3,5,4,35,-10.0,28.0,Poor,Stay away,46,0.0,0.0,-0.1,16.2,0,,Energy,224195392.0,5.5
CTHCF,Cathay Real Estate Development Co Ltd,0.933,1,7,4,8,4,0,2,26,2.0,28.0,Poor,Stay away,22,-5.7,-6.7,-4.6,42.5,0,,Other,111022976.0,15015.03
VCCTF,Victoria plc,0.9,15,5,7,12,6,3,5,53,-25.0,28.0,Poor,Stay away,61,3.4,3.4,11.5,94.9,1,,Consumer Cyclical,103818448.0,15076.35
BCWG,BCW Group Holding Inc,1.0,7,3,10,6,3,2,4,35,-10.0,28.0,Poor,Stay away,36,0.0,0.0,-0.0,20.1,0,,Communication Services,100000000.0,12.75
VPMXX,JPMorgan Trust I - JPMorgan Prime Money Market Fund,1.0,4,4,8,6,3,4,4,33,-10.0,28.0,Poor,🔥 COILED: Stay away,37,0.0,0.0,-0.0,41.6,0,,nan,nan,0.0
TRSXX,Short-Term Investment Trust - Invesco Treasury Portfolio,1.0,3,5,10,5,3,1,4,31,-8.0,28.0,Poor,🔥 COILED: Stay away,26,0.0,0.0,-1.3,44.0,0,,nan,nan,0.0
VTGXX,State Street Institutional U.S. Government Money Market Fund,1.0,5,4,10,4,3,1,4,31,-8.0,28.0,Poor,🔥 COILED: Stay away,29,0.0,0.0,-0.3,42.7,0,,nan,nan,0.0
GTOFF,Gemalto N.V,0.002,1,4,3,8,3,0,5,24,0.0,27.0,Poor,Stay away,25,0.0,0.0,-35.0,44.3,0,,Technology,1805417344.0,22066.98
ICABF,i-CABLE Communications Limited,0.003,11,6,5,5,4,2,4,37,-15.0,27.0,Poor,🔥 COILED: Stay away,38,0.0,0.0,2.2,53.3,1,,Communication Services,418095360.0,240.78
COUTF,China Outfitters Holdings Ltd,0.01,5,4,9,5,3,2,4,32,-10.0,27.0,Poor,🔥 COILED: Stay away,27,0.0,0.0,0.0,50.0,0,,Consumer Cyclical,34454500.0,50.0
TMRFF,Tempus Resources Limited,0.01,6,3,10,5,3,3,4,34,-10.0,27.0,Poor,Stay away,42,0.0,0.0,-0.4,17.3,0,,Basic Materials,13991207.0,4744.81
AEUSF,Active Energy Group Plc,0.002,7,7,1,7,3,0,2,27,0.0,27.0,Poor,Stay away,26,-33.3,-33.3,-18.9,41.7,0,,Industrials,12241282.0,54874.34
MVNC,Marvion Inc.,0.01,2,10,2,9,5,0,2,30,-3.0,27.0,Poor,Stay away,22,-28.6,3.1,-6.5,48.2,0,,Industrials,3900245.0,5624.52
ERHE,ERHC Energy Inc,0.001,12,6,8,6,3,1,5,41,-15.0,27.0,Poor,🔥 COILED: Stay away,36,0.0,0.0,11.0,51.3,1,,Energy,2879442.0,0.0
RATHF,Rathdowney Resources Ltd,0.001,6,3,10,6,3,2,4,34,-10.0,27.0,Poor,Stay away,17,0.0,0.0,-0.2,12.9,0,,Basic Materials,2304274.0,1111.0
KNOS,Kronos Advanced Technologies Inc,0.003,3,5,1,11,2,0,5,27,0.0,27.0,Poor,Stay away,30,-28.6,-25.0,-19.6,44.6,0,,Industrials,1977971.0,213879.2
PSGR,Pershing Resources Company Inc,0.004,5,9,5,8,3,0,2,32,-5.0,27.0,Poor,Stay away,14,-6.8,2.5,-6.1,39.8,1,,Basic Materials,1803553.0,46696.59
AACTF,Aurora Solar Technologies Inc,0.006,14,7,4,10,3,7,2,47,-20.0,27.0,Poor,Stay away,36,0.0,50.0,5.2,52.4,3,,Technology,1333164.0,46042.04
PFRRF,PetroFrontier Corp,0.004,9,6,11,7,3,2,4,42,-18.0,27.0,Poor,Stay away,39,0.0,0.0,0.0,99.9,1,,Energy,958109.0,1380.0
ULIX,Ulixe Corp.,0.006,10,7,8,2,0,1,4,32,-10.0,27.0,Poor,🔥 COILED: Stay away,18,0.0,0.0,0.2,36.8,0,,Technology,839640.0,2948.16
TOYRF,"Toys""R""Us ANZ Limited",0.004,8,4,9,5,3,2,4,35,-13.0,27.0,Poor,🔥 COILED: Stay away,28,0.0,0.0,-0.0,41.7,1,,Consumer Cyclical,605048.0,6011.6
RVTI,Rival Technologies Inc,0.005,6,8,8,6,3,1,4,36,-12.0,27.0,Poor,Stay away,35,0.0,0.0,0.0,66.0,0,,Basic Materials,243947.0,2282.58
BDCM,Broadcast Marketing Group Inc,0.014,3,5,2,10,0,0,2,22,0.0,27.0,Poor,Stay away,39,-3.5,-28.4,-12.2,30.0,0,,Industrials,4210182.0,12369.23
CBMJ,Canna Consumer Goods Inc,0.013,14,14,8,5,3,2,4,50,-23.0,27.0,Poor,Stay away,27,35.4,3.1,18.5,57.7,2,,Communication Services,856535.0,55323.08
DZCA,DrazCanna Inc.,0.013,9,6,11,7,3,2,4,42,-18.0,27.0,Poor,Stay away,56,0.0,0.0,0.0,99.2,1,,Financial Services,129345.0,22.75
BCDS,Maxwell Resource,0.024,9,3,3,14,3,2,5,39,-15.0,27.0,Poor,Stay away,62,-4.9,-0.8,-0.1,53.3,1,,Real Estate,21521592.0,11240967.76
BARUF,Baru Gold Corp,0.027,5,9,3,9,4,2,2,34,-5.0,27.0,Poor,Stay away,27,6.8,-4.6,-4.0,46.0,1,,Basic Materials,10168828.0,78686.66
NSGCF,Northstar Gold Corp,0.027,7,5,5,12,1,2,2,34,-3.0,27.0,Poor,Stay away,28,1.5,5.4,-1.7,44.0,1,,Basic Materials,4109424.0,58688.05
GELGF,Chatham Rock Phosphate Limited,0.03,8,6,10,6,3,2,4,39,-15.0,27.0,Poor,Stay away,0,0.0,0.0,-0.0,4.2,1,,Basic Materials,3462323.0,0.0
TUGAF,TUGA Innovations Inc,0.027,13,5,4,5,6,2,4,39,-15.0,27.0,Poor,Stay away,47,0.0,0.0,4.4,56.2,1,,Consumer Cyclical,2636298.0,149.63
MNTR,Mentor Capital Inc.,0.03,5,5,4,8,3,2,2,29,-5.0,27.0,Poor,Stay away,12,0.0,0.0,-7.0,46.0,1,,Financial Services,650583.0,22643.08
DLPX,Delphax Technologies Inc,0.025,10,7,10,5,0,1,4,37,-15.0,27.0,Poor,🔥 COILED: Stay away,11,0.0,0.0,-0.1,41.6,1,,Industrials,172986.0,2652.47
INIKF,PopReach Corporation,0.039,6,4,8,6,4,5,4,37,-15.0,27.0,Poor,🔥 COILED: Stay away,38,0.0,0.0,-0.6,46.6,1,,Communication Services,22612946.0,19470.25
ABRMF,Arbor Metals Corp,0.032,4,3,1,7,0,5,4,24,0.0,27.0,Poor,Stay away,29,-58.2,0.0,-42.2,43.9,0,,Basic Materials,7755615.0,371.13
CHBOF,China Bozza Development Holdings Limited,0.033,6,3,10,5,3,3,4,34,-10.0,27.0,Poor,Stay away,35,0.0,0.0,-0.0,1.2,0,,Basic Materials,5334376.0,49674.0
HEXPF,Huntington Exploration Inc,0.031,8,6,10,6,3,2,4,39,-15.0,27.0,Poor,Stay away,35,0.0,0.0,-0.0,31.3,1,,Basic Materials,3345910.0,140.0
PFFOD,Latam Lithium Corp.,0.038,10,7,4,5,6,3,2,37,-10.0,27.0,Poor,Stay away,47,0.0,0.0,-1.2,48.4,0,,Basic Materials,743882.0,1479.44
SRQRF,SRQ Resources Inc.,0.046,8,7,2,9,1,3,2,32,-5.0,27.0,Poor,Stay away,23,0.0,0.0,-3.8,42.2,1,,Basic Materials,2913372.0,454.43
DPAT,Dental Patient Care America Inc,0.042,6,3,7,10,4,0,2,32,-5.0,27.0,Poor,Stay away,35,-2.6,-2.6,-3.1,19.1,1,,Healthcare,1010028.0,8530.55
HDIH,H-D International Holdings Group,0.05,15,5,6,14,3,2,5,50,-23.0,27.0,Poor,Stay away,56,0.0,0.0,25.0,100.0,1,,Technology,59.0,1.77
QWTR,Quest Water Global Inc,0.059,10,9,3,11,6,2,4,45,-18.0,27.0,Poor,Stay away,61,14.6,126.9,18.9,58.4,3,,Industrials,7782279.0,12838.06
SSEBF,Silver Spruce Resources Inc,0.058,6,4,6,10,0,3,3,32,-5.0,27.0,Poor,Stay away,15,-2.4,-2.4,-7.9,39.8,1,,Basic Materials,2381747.0,40142.69
PSGTF,PT Semen Indonesia (Persero) Tbk,0.07,3,3,10,4,3,7,4,34,-10.0,27.0,Poor,Stay away,0,0.0,0.0,-7.6,34.9,0,,Basic Materials,483973280.0,0.0
FYMNF,Finlay Minerals Ltd,0.065,4,13,5,5,3,3,3,36,-8.0,27.0,Poor,Stay away,32,1.9,-1.7,0.4,49.1,0,,Basic Materials,11106124.0,6222.31
NILTF,NILTF,0.064,7,11,9,6,3,4,5,45,-21.0,27.0,Poor,Stay away,33,4.9,12.1,5.1,54.8,3,,nan,7844094.0,129863.72
FRTN,Fortran Corp,0.08,4,5,2,12,0,2,4,29,-5.0,27.0,Poor,Stay away,27,-11.1,-20.0,-6.5,47.2,1,,Communication Services,2219351.0,11068.5
NIHL,New Infinity Holdings Ltd,0.09,9,3,3,9,3,2,3,32,-5.0,27.0,Poor,Stay away,59,-3.9,-3.9,-4.0,49.4,1,,Consumer Cyclical,49390532.0,6018.97
SPODD,Freedom Gold Corp.,0.083,10,6,9,7,3,1,4,40,-18.0,27.0,Poor,🔥 COILED: Stay away,31,0.0,0.0,0.3,98.7,1,,Basic Materials,521471.0,17.43
FDOGF,Friday's Dog Holdings Inc.,0.091,9,3,11,8,0,2,4,37,-13.0,27.0,Poor,Stay away,45,0.0,0.0,0.0,93.2,0,,Consumer Defensive,7846635.0,78.98
EBZT,Everything Blockchain Inc.,0.095,8,6,3,11,3,2,2,35,-8.0,27.0,Poor,Stay away,40,-26.9,35.7,-6.2,48.1,2,,Technology,2549569.0,61221.16
SCDCF,Scandium Canada Ltd,0.12,9,10,8,3,9,2,2,43,-16.0,27.0,Poor,Stay away,42,0.1,-3.3,-1.6,45.6,1,,Basic Materials,56786620.0,150470.43
PRKR,ParkerVision Inc,0.105,3,11,4,9,3,0,2,32,-3.0,27.0,Poor,Stay away,13,-4.5,-4.5,-3.0,46.2,2,,Technology,16254441.0,135774.06
HNOI,HNO International Inc,0.114,3,8,5,14,3,4,5,42,-18.0,27.0,Poor,Stay away,37,0.0,50.0,5.7,51.1,3,,Industrials,11668506.0,10425.21
ARSLF,Altima Resources Ltd,0.1,13,5,8,9,3,2,5,45,-18.0,27.0,Poor,Stay away,27,0.0,0.0,19.2,92.9,1,,Energy,5697495.0,50226.72
FBDS,Fuss Brands Corp.,0.101,9,4,11,5,0,6,4,39,-15.0,27.0,Poor,Stay away,43,0.0,0.0,0.0,55.6,1,,Financial Services,2166761.0,45.18
AIMV,AI Maverick Intel Inc.,0.19,11,4,2,15,5,5,5,47,-18.0,27.0,Poor,Stay away,60,-4.9,28.4,16.0,55.8,3,,Healthcare,24793976.0,16436.46
MILIF,Military Metals Corp.,0.154,9,7,6,14,4,5,5,50,-21.0,27.0,Poor,Stay away,18,9.9,15.7,9.0,56.2,3,,Basic Materials,12276069.0,202704.29
AQIA,AQIA,0.15,13,6,10,10,4,2,5,50,-23.0,27.0,Poor,Stay away,52,21.0,21.0,14.2,71.0,3,,Technology,8794413.0,98.93
NSRCF,NextSource Materials Inc,0.2,5,6,6,8,0,2,2,29,-5.0,27.0,Poor,Stay away,26,-4.8,-4.8,-6.4,40.5,1,,Basic Materials,51552852.0,37981.92
MKTSF,DeepMarkit Corp.,0.213,1,9,4,7,3,4,2,30,-3.0,27.0,Poor,Stay away,18,0.2,-7.2,-8.6,28.4,2,,Technology,14784259.0,2888.24
OBAWW,Oxley Bridge Acquisition Limited Warrants,0.232,18,6,3,6,5,2,5,45,-18.0,27.0,Poor,Stay away,65,9.4,-3.3,5.6,56.5,0,,nan,nan,0.0
SPHXF,SM Prime Holdings Inc,0.296,4,7,8,5,3,1,4,32,-10.0,27.0,Poor,🔥 COILED: Stay away,0,0.0,0.0,-0.3,44.7,0,,Real Estate,8485766144.0,0.0
ALDFW,Aldel Financial II Inc. Warrants,0.33,6,5,3,4,6,5,5,34,-10.0,27.0,Poor,Stay away,30,6.5,-2.9,-0.4,49.4,0,,nan,nan,11186.31
BMKDF,BioMark Diagnostics Inc,0.384,6,10,6,5,5,3,2,37,-11.0,27.0,Poor,Stay away,44,0.4,-2.6,-0.8,44.6,1,,Healthcare,40355692.0,4124.98
CEGHF,China Education Group Holdings Limited,0.415,5,4,9,5,3,2,4,32,-10.0,27.0,Poor,🔥 COILED: Stay away,28,0.0,0.0,0.0,50.0,0,,Consumer Defensive,1162129792.0,175.0
DLXY,Delixy Holdings Limited Ordinary Shares,0.419,3,9,6,8,4,0,2,32,-3.0,27.0,Poor,Stay away,30,-13.4,-10.7,-6.5,44.8,1,,Energy,6844110.0,1185272.16
IMTCF,Intrepid Metals Corp.,0.542,12,14,4,14,3,0,5,52,-23.0,27.0,Poor,Stay away,53,2.4,22.4,5.6,55.4,4,,Basic Materials,63873032.0,77717.55
XTPEF,Xtep International Holdings Limited,0.591,5,6,10,5,3,1,4,34,-10.0,27.0,Poor,Stay away,0,0.0,0.0,-0.1,26.7,0,,Consumer Cyclical,1615508096.0,0.0
BLMWF,BluMetric Environmental Inc.,0.605,6,8,8,3,1,3,5,34,-11.0,27.0,Poor,Stay away,27,-2.0,-0.8,-0.2,48.5,2,,Industrials,33293418.0,16643.06
NTRX,"Entrex Carbon Market, Inc",0.617,16,6,7,11,4,0,5,49,-22.0,27.0,Poor,Stay away,55,0.0,73.9,12.9,65.0,3,,Financial Services,9795613.0,1234.46
SKIN,Beauty Health Co,0.676,3,11,1,9,4,2,2,32,-3.0,27.0,Poor,Stay away,26,-8.7,-17.8,-10.7,42.0,1,,Consumer Defensive,83397624.0,1391084.33
CYSNF,C-Com Satellite Systems Inc,0.67,9,6,4,6,4,2,4,35,-8.0,27.0,Poor,Stay away,25,1.5,-5.6,0.3,50.1,0,,Technology,28311856.0,12120.87
GPRO,GoPro Inc,0.714,6,13,8,4,4,4,3,42,-13.0,27.0,Poor,Stay away,23,3.6,5.5,-0.9,46.2,1,,Technology,123606432.0,5668134.52
SDA,SunCar Technology Group Inc.,0.782,1,12,4,3,7,6,2,35,-6.0,27.0,Poor,Stay away,32,1.6,-3.2,-3.1,44.1,0,,Consumer Cyclical,79771320.0,458492.85
STGAF,Afentra PLC,0.86,8,7,1,7,3,2,4,32,-5.0,27.0,Poor,Stay away,34,7.5,7.5,-0.1,48.6,1,,Energy,236616032.0,1833.25
MMILD,Metro Mining Limited,0.935,4,1,3,8,3,6,2,27,0.0,27.0,Poor,Stay away,48,0.6,-18.7,-9.3,18.5,0,,Basic Materials,302839584.0,177.72
QNTPF,XtalPi Holdings Limited,0.918,5,4,5,9,0,2,2,27,0.0,27.0,Poor,Stay away,24,-7.0,10.4,-4.1,44.8,2,,nan,nan,10245.16
YQAI,YouneeqAI Technical Services Inc.,1.0,8,6,10,10,3,1,4,42,-18.0,27.0,Poor,Stay away,38,0.0,0.0,0.5,84.8,1,,Technology,10511393.0,52.95
FPZXX,First American Funds Inc. - First American Institutional Prime Obligations Fund,1.0,4,4,9,6,3,2,4,32,-10.0,27.0,Poor,🔥 COILED: Stay away,39,0.0,0.0,-0.0,47.0,0,,nan,nan,0.0
PTGOF,PT. Global Mediacom Tbk,0.008,2,4,10,6,3,2,4,31,-10.0,26.0,Poor,🔥 COILED: Stay away,31,0.0,0.0,0.0,50.0,0,,Communication Services,130820104.0,0.0
UNBSF,UNBSF,0.004,2,4,10,6,3,2,4,31,-10.0,26.0,Poor,🔥 COILED: Stay away,31,0.0,0.0,0.0,50.0,0,,Healthcare,23884914.0,0.0
RRLTF,RRLTF,0.01,2,4,10,6,3,2,4,31,-10.0,26.0,Poor,🔥 COILED: Stay away,0,0.0,0.0,0.0,50.0,0,,Basic Materials,12752726.0,0.0
YTRGF,Y. T. Realty Group Limited,0.01,7,4,10,6,3,2,4,36,-15.0,26.0,Poor,🔥 COILED: Stay away,41,0.0,0.0,-0.0,49.8,1,,Real Estate,11993361.0,28.5
KDGLF,KDGLF,0.001,5,4,9,4,3,2,4,31,-10.0,26.0,Poor,🔥 COILED: Stay away,26,0.0,0.0,0.0,50.0,0,,Energy,8599508.0,50.0
LBTD,Lotus Bio-Technology Development Corp,0.01,2,4,10,6,3,2,4,31,-10.0,26.0,Poor,🔥 COILED: Stay away,32,0.0,0.0,0.0,50.0,0,,Basic Materials,8062837.0,0.8
RCCMF,Nippon Dragon Resources Inc,0.003,7,6,10,6,3,2,4,38,-15.0,26.0,Poor,Stay away,36,0.0,0.0,-0.0,10.3,1,,Basic Materials,7384851.0,93.0
ADMRF,ADMRF,0.002,2,4,10,6,3,2,4,31,-10.0,26.0,Poor,🔥 COILED: Stay away,0,0.0,0.0,0.0,50.0,0,,Basic Materials,5521906.0,0.0
VSSSF,Visionstate Corp,0.004,8,3,10,6,3,2,4,36,-10.0,26.0,Poor,Stay away,29,0.0,0.0,-0.0,2.9,0,,Technology,3779464.0,4091.0
MPIR,Empire Diversified Energy Inc,0.006,13,7,7,3,0,2,4,36,-15.0,26.0,Poor,🔥 COILED: Stay away,25,0.0,0.0,2.0,50.6,1,,Energy,3172269.0,2242.0
FTZZF,Fertoz Limited,0.007,8,4,9,6,3,2,4,36,-15.0,26.0,Poor,🔥 COILED: Stay away,30,0.0,0.0,-0.0,48.1,1,,Basic Materials,2719406.0,4000.0
YWGRF,Yowie Group Limited,0.01,2,4,10,6,3,2,4,31,-10.0,26.0,Poor,🔥 COILED: Stay away,32,0.0,0.0,0.0,50.0,0,,Consumer Defensive,2293679.0,782.1
LIOEF,Lion Energy Limited,0.005,2,4,10,6,3,2,4,31,-10.0,26.0,Poor,🔥 COILED: Stay away,32,0.0,0.0,0.0,50.0,0,,Energy,2260883.0,3.5
BKRP,Black Rock Petroleum Co,0.01,2,4,10,6,3,2,4,31,-10.0,26.0,Poor,🔥 COILED: Stay away,31,0.0,0.0,0.0,50.0,0,,Energy,2000000.0,17.5
KSRPF,KSRPF,0.01,2,4,10,6,3,2,4,31,-10.0,26.0,Poor,🔥 COILED: Stay away,31,0.0,0.0,0.0,50.0,0,,nan,1568730.0,0.0
RCWDF,RightCrowd Ltd,0.005,2,4,10,6,3,2,4,31,-10.0,26.0,Poor,🔥 COILED: Stay away,32,0.0,0.0,0.0,50.0,0,,Technology,1424114.0,1800.0
GBBGF,Global Li-Ion Graphite Corp,0.011,3,4,2,8,3,4,2,26,0.0,26.0,Poor,Stay away,16,-29.7,-17.4,-19.4,36.4,0,,Basic Materials,986288.0,6635.21
EFVIF,EF EnergyFunders Ventures Inc.,0.001,2,4,10,6,3,2,4,31,-10.0,26.0,Poor,🔥 COILED: Stay away,32,0.0,0.0,0.0,50.0,0,,Energy,685328.0,6446.0
HHGI,Hawaiian Hospitality Group Inc,0.001,2,4,10,6,3,2,4,31,-10.0,26.0,Poor,🔥 COILED: Stay away,32,0.0,0.0,0.0,50.0,0,,Industrials,607362.0,350.0
GGLXF,GGL Resources Corp,0.005,1,4,1,7,3,1,4,21,0.0,26.0,Poor,🔥 COILED: Stay away,27,0.0,0.0,-14.9,47.9,0,,Basic Materials,521787.0,471.78
AUCCF,Goldplay Mining Inc,0.002,3,3,10,5,3,5,4,33,-10.0,26.0,Poor,Stay away,17,0.0,0.0,-28.6,19.7,0,,Basic Materials,200022.0,1364.76
FRMC,Formcap Corp,0.002,2,4,10,6,3,2,4,31,-10.0,26.0,Poor,🔥 COILED: Stay away,32,0.0,0.0,0.0,50.0,0,,Energy,186567.0,3.5
SSGOF,Stop Sleep Go Inc,0.004,2,4,10,6,3,2,4,31,-10.0,26.0,Poor,🔥 COILED: Stay away,32,0.0,0.0,0.0,50.0,0,,Consumer Cyclical,184800.0,25.5
AOGC,Australian Oil & Gas Corporation,0.002,2,4,10,6,3,2,4,31,-10.0,26.0,Poor,🔥 COILED: Stay away,31,0.0,0.0,0.0,50.0,0,,Energy,103846.0,31.8
CPQQ,China Power Equipment Inc,0.005,2,4,10,6,3,2,4,31,-10.0,26.0,Poor,🔥 COILED: Stay away,32,0.0,0.0,0.0,50.0,0,,Technology,100953.0,606.81
PTVRF,Petro-Victory Energy Corp,0.001,3,7,1,7,3,3,4,28,-5.0,26.0,Poor,Stay away,13,0.0,0.0,-95.7,43.4,1,,Energy,37063.0,154.81
ETAR,Entertainment Arts Inc,0.01,2,4,10,6,3,2,4,31,-10.0,26.0,Poor,🔥 COILED: Stay away,32,0.0,0.0,0.0,50.0,0,,Communication Services,nan,200.0
SDNVY,"Siderurgica Venezolana ""Sivensa"" S.A",0.001,2,4,10,6,3,2,4,31,-10.0,26.0,Poor,🔥 COILED: Stay away,32,0.0,0.0,0.0,50.0,0,,Basic Materials,nan,26.56
ISVG,Integrated Services Group Inc,0.001,2,4,10,6,3,2,4,31,-10.0,26.0,Poor,🔥 COILED: Stay away,32,0.0,0.0,0.0,50.0,0,,Technology,nan,218.75
GBNW,Global Energy Networks Corp,0.02,2,4,10,6,3,2,4,31,-10.0,26.0,Poor,🔥 COILED: Stay away,32,0.0,0.0,0.0,50.0,0,,Communication Services,100274528.0,10.4
HHIGF,Huisen Shares Group Limited,0.02,2,4,10,6,3,2,4,31,-10.0,26.0,Poor,🔥 COILED: Stay away,32,0.0,0.0,0.0,50.0,0,,Consumer Cyclical,76578160.0,750.0
CHFHF,China Foods Limited,0.012,2,4,10,6,3,2,4,31,-10.0,26.0,Poor,🔥 COILED: Stay away,32,0.0,0.0,0.0,50.0,0,,Financial Services,19778850.0,5.0
UARI,Uranium American Resources Inc.,0.018,1,4,4,8,3,4,2,26,0.0,26.0,Poor,Stay away,22,-17.8,-19.6,-12.1,37.2,0,,Basic Materials,11290270.0,205028.15
AGLY,Agiliti Inc,0.017,5,3,10,6,3,2,4,33,-10.0,26.0,Poor,Stay away,30,0.0,0.0,-0.0,27.5,0,,Financial Services,10267490.0,15.37
MKRO,Monkey Rock Group Inc,0.02,9,6,11,9,3,2,4,44,-18.0,26.0,Poor,Stay away,57,0.0,0.0,0.0,100.0,1,,Financial Services,6980124.0,533.66
BASA,Basanite Inc,0.016,7,9,6,3,4,2,2,33,-10.0,26.0,Poor,Stay away,25,-2.9,-2.9,-1.3,49.1,0,,Basic Materials,4548534.0,170691.7
AXMIF,AXMIN Inc,0.017,2,4,10,6,3,2,4,31,-10.0,26.0,Poor,🔥 COILED: Stay away,31,0.0,0.0,0.0,50.0,0,,Basic Materials,3196521.0,36.0
HANCF,Hanstone Gold Corp,0.014,11,9,4,6,3,1,4,38,-15.0,26.0,Poor,Stay away,27,0.0,0.0,0.5,49.2,1,,Basic Materials,697857.0,2460.1
BBRDF,Blackbird plc,0.024,3,5,1,7,3,1,4,24,-3.0,26.0,Poor,🔥 COILED: Stay away,26,0.0,0.0,-2.1,47.1,1,,Technology,11430462.0,2156.0
RKMSF,Rokmaster Resources Corp,0.029,8,5,7,3,6,0,2,31,-8.0,26.0,Poor,Stay away,45,-6.5,-17.1,-2.6,48.0,0,,Basic Materials,5234224.0,25398.5
MOOOF,Bettermoo(d) Food Corporation,0.027,9,6,10,7,3,2,4,41,-18.0,26.0,Poor,Stay away,37,0.0,0.0,0.0,99.5,1,,Consumer Defensive,160943.0,0.22
EUDAW,EUDA Health Holdings Limited,0.03,8,7,10,7,5,2,2,41,-16.0,26.0,Poor,Stay away,29,22.4,21.0,10.2,53.0,3,,nan,nan,36177.15
MSAIW,Infrared Cameras Holdings Inc,0.025,1,8,1,8,4,0,2,24,4.0,26.0,Poor,Stay away,22,-13.8,-17.0,-24.1,42.2,1,,nan,nan,46419.84
CTNMF,CTNMF,0.027,2,4,10,6,3,2,4,31,-10.0,26.0,Poor,🔥 COILED: Stay away,0,0.0,0.0,0.0,50.0,0,,Basic Materials,nan,0.0
HUAGF,HUAGF,0.035,2,4,10,6,3,2,4,31,-10.0,26.0,Poor,🔥 COILED: Stay away,0,0.0,0.0,0.0,50.0,0,,Communication Services,26972750.0,0.0
OTLC,Oncotelic Therapeutics Inc,0.039,3,9,7,8,4,2,3,36,-10.0,26.0,Poor,Stay away,33,30.0,-2.5,-1.9,47.2,0,,Healthcare,17744628.0,266768.47
TBRIF,Therma Bright Inc,0.039,14,4,8,9,6,3,5,49,-23.0,26.0,Poor,Stay away,42,0.0,14.7,4.8,79.9,3,,Healthcare,2388618.0,1781.31
MGWFF,Maple Leaf Green World Inc,0.032,13,11,6,6,6,3,5,50,-24,26,Poor,Stay away,43,113.3,113.3,50.7,61.5,4,5,Healthcare,1241357.0,1686.37
LITSF,Lithos Energy Ltd.,0.04,4,4,4,9,3,2,5,31,-5.0,26.0,Poor,Stay away,15,-0.2,-40.3,-24.6,42.0,1,,Basic Materials,364268.0,9463.2
EAGRF,Leaf Mobile Inc,0.05,3,6,6,10,0,3,3,31,-5.0,26.0,Poor,Stay away,15,0.0,0.0,-1.9,21.3,1,,Communication Services,5260155.0,6328.01
ISPNF,Inspiration Mining Corp.,0.047,9,8,5,5,3,2,2,34,-8.0,26.0,Poor,Stay away,25,4.7,-2.3,2.7,47.7,0,,nan,nan,15505.5
PTBKF,PTBKF,0.053,2,4,10,6,3,2,4,31,-10.0,26.0,Poor,🔥 COILED: Stay away,32,0.0,0.0,0.0,50.0,0,,Communication Services,3353048320.0,0.5
JUTOF,Jutal Offshore Oil Services Ltd,0.058,5,3,10,6,3,2,4,33,-10.0,26.0,Poor,Stay away,22,0.0,0.0,-0.1,30.0,0,,Energy,144352448.0,439.49
GUGNF,GDH Guangnan (Holdings) Limited,0.06,2,4,10,6,3,2,4,31,-10.0,26.0,Poor,🔥 COILED: Stay away,31,0.0,0.0,0.0,50.0,0,,Consumer Defensive,54455596.0,0.0
SOUTF,Southern Cross Media Group Limited,0.052,7,11,9,10,4,3,5,49,-23.0,26.0,Poor,Stay away,25,0.2,14.4,0.2,49.8,3,,Energy,18733940.0,0.0
NBYCF,Niobay Metals Inc,0.06,7,11,6,2,7,2,4,39,-13.0,26.0,Poor,Stay away,28,20.0,0.0,6.6,56.6,2,,Basic Materials,11254238.0,63902.56
NRVTF,Noram Lithium Corp,0.052,3,10,1,7,3,2,2,28,-3.0,26.0,Poor,Stay away,12,-7.9,-18.0,-12.9,35.6,2,,Basic Materials,4616525.0,86880.71
PBIIF,PBIIF,0.07,2,4,10,6,3,2,4,31,-10.0,26.0,Poor,🔥 COILED: Stay away,32,0.0,0.0,0.0,50.0,0,,Financial Services,1032456832.0,1000.0
OSCI,Osceola Gold Inc,0.07,3,13,5,6,3,2,2,34,-8.0,26.0,Poor,Stay away,34,0.0,-12.5,-0.7,48.3,1,,Basic Materials,26471206.0,115664.59
SSGLF,SSGLF,0.07,2,4,10,6,3,2,4,31,-10.0,26.0,Poor,🔥 COILED: Stay away,31,0.0,0.0,0.0,50.0,0,,nan,7628483.0,0.0
IVRO,Invitro International,0.067,1,9,2,7,3,2,2,26,4.0,26.0,Poor,Stay away,25,-17.7,-18.6,-10.2,39.7,1,,Healthcare,1491630.0,17539.25
IMPZY,Implanet SA ADR,0.08,2,4,10,6,3,2,4,31,-10.0,26.0,Poor,🔥 COILED: Stay away,32,0.0,0.0,0.0,50.0,0,,Healthcare,230110352.0,35.08
TGGCF,TGGCF,0.08,13,15,3,2,4,4,5,46,-18.0,26.0,Poor,Stay away,34,-3.0,4.7,3.7,52.3,1,,Basic Materials,6752972.0,0.0
TMASF,Temas Resources Corp,0.079,6,16,6,1,3,2,2,36,-11.0,26.0,Poor,Stay away,24,11.8,5.9,7.2,52.4,1,,Basic Materials,6972298.0,27182.72
GCPEF,GCL-Poly Energy Holdings Limited,0.09,3,3,10,8,0,3,4,31,-5.0,26.0,Poor,Stay away,14,0.0,0.0,-1.7,31.1,1,,Technology,2847906304.0,7788.75
NVRVF,Novra Technologies Inc,0.082,4,2,3,7,4,4,2,26,0.0,26.0,Poor,Stay away,24,-9.2,-9.2,-10.4,12.9,0,,Technology,2912964.0,8064.29
GLHRF,Golden Harp Resources Inc,0.096,2,4,10,6,3,2,4,31,-10.0,26.0,Poor,🔥 COILED: Stay away,32,0.0,0.0,0.0,50.0,0,,Basic Materials,5799507.0,31.4
CCGDF,China Cinda Asset Management Co. Ltd,0.134,5,3,10,6,3,2,4,33,-10.0,26.0,Poor,Stay away,32,0.0,0.0,-0.0,0.0,0,,Financial Services,5102598144.0,0.0
PTMYF,PTMYF,0.14,2,4,10,6,3,2,4,31,-10.0,26.0,Poor,🔥 COILED: Stay away,31,0.0,0.0,0.0,50.0,0,,Consumer Defensive,3097870848.0,0.0
HAVRF,HAVRF,0.11,2,4,10,6,3,2,4,31,-10.0,26.0,Poor,🔥 COILED: Stay away,31,0.0,0.0,0.0,50.0,0,,Basic Materials,38931464.0,0.0
GWBK,Gateway Bank F.S.B.,0.1,17,6,7,14,3,4,5,56,-30,26,Poor,Stay away,59,0.0,11.1,9.2,81.9,3,,Financial Services,26991262.0,105119.72
NPMMF,Nord Precious Metals Mining Inc.,0.113,5,10,8,3,4,4,2,36,-11.0,26.0,Poor,Stay away,20,0.8,0.8,-1.7,45.8,2,,Basic Materials,15552087.0,204464.71
ORESF,Orestone Mining Corp,0.11,13,5,8,9,3,1,5,44,-18.0,26.0,Poor,Stay away,54,0.0,0.0,4.8,83.7,1,,Basic Materials,11806802.0,25486.17
SIGL,Signal Advance Inc,0.14,6,8,6,2,3,4,2,31,-8.0,26.0,Poor,Stay away,28,4.5,-1.4,-0.7,47.6,0,,Technology,8244988.0,14858.3
HUBV,HUBB Ventures Inc,0.11,2,4,10,6,3,2,4,31,-10.0,26.0,Poor,🔥 COILED: Stay away,31,0.0,0.0,0.0,50.0,0,,Technology,6886585.0,0.0
ANICF,Anonymous Intelligence Company Inc.,0.125,13,14,2,11,5,5,5,55,-30.0,26.0,Poor,Stay away,46,49.9,38.9,11.3,52.4,3,,Technology,4207013.0,10347.39
ZZZOF,Zinc One Resources Inc,0.119,6,4,2,7,6,3,3,31,-5.0,26.0,Poor,Stay away,40,-3.6,-0.8,-1.6,37.2,1,,Basic Materials,230809.0,7.5
GHGH,GuanHua Corporation,0.12,2,4,10,6,3,2,4,31,-10.0,26.0,Poor,🔥 COILED: Stay away,32,0.0,0.0,0.0,50.0,0,,Financial Services,36326.0,0.01
CESTF,Chinese Estates Holdings Limited,0.15,2,4,10,6,3,2,4,31,-10.0,26.0,Poor,🔥 COILED: Stay away,31,0.0,0.0,0.0,50.0,1,,Real Estate,247418208.0,0.0
PTEXF,Pacific Textiles Holdings Limited,0.161,2,4,10,6,3,2,4,31,-10.0,26.0,Poor,🔥 COILED: Stay away,32,0.0,0.0,0.0,50.0,0,,Consumer Cyclical,221614720.0,2250.0
BRLL,Barrel Energy Inc,0.15,2,4,2,12,2,2,5,29,-3.0,26.0,Poor,Stay away,34,0.0,-72.4,-37.4,46.0,1,,Energy,160658096.0,572868.11
TBIIF,Tobii AB,0.167,2,7,9,7,0,4,2,31,-5.0,26.0,Poor,Stay away,19,-9.7,-9.7,-11.4,11.2,1,,Technology,43325868.0,2425.38
CLMPF,Canadian Premium Sand Inc,0.2,8,4,9,6,3,2,4,36,-15.0,26.0,Poor,🔥 COILED: Stay away,32,0.0,0.0,-0.0,48.1,1,,Basic Materials,18488380.0,5.0
ADHI,Arsenal Digital Holdings Inc.,0.17,11,4,9,11,3,3,5,46,-20.0,26.0,Poor,Stay away,19,0.0,32.1,12.1,54.3,3,,Utilities,4478905.0,3018.83
UOKAF,MDJM Ltd,0.164,3,14,7,6,5,2,2,39,-13.0,26.0,Poor,Stay away,41,16.9,-5.4,-10.1,44.1,2,,Consumer Cyclical,201956.0,196134.4
FGIWW,FGI Industries Ltd. Warrant,0.191,13,4,1,10,4,2,5,39,-13.0,26.0,Poor,Stay away,46,-42.2,1092.5,-20.7,49.7,2,,nan,nan,0.0
GNRUQ,GNRUQ,0.15,2,4,10,6,3,2,4,31,-10.0,26.0,Poor,🔥 COILED: Stay away,0,0.0,0.0,0.0,50.0,0,,Healthcare,nan,0.0
LFTSF,LifeTech Scientific Corporation,0.234,2,4,10,6,3,2,4,31,-10.0,26.0,Poor,🔥 COILED: Stay away,32,0.0,0.0,0.0,50.0,0,,Healthcare,1027579200.0,4.5
IARLF,IARLF,0.225,2,4,10,6,3,2,4,31,-10.0,26.0,Poor,🔥 COILED: Stay away,31,0.0,0.0,0.0,50.0,0,,Consumer Defensive,314078496.0,0.0
BMTHF,BMTHF,0.244,2,4,10,6,3,2,4,31,-10.0,26.0,Poor,🔥 COILED: Stay away,32,0.0,0.0,0.0,50.0,0,,Consumer Defensive,243490000.0,500.0
CTLLF,CTLLF,0.24,2,4,10,6,3,2,4,31,-10.0,26.0,Poor,🔥 COILED: Stay away,0,0.0,0.0,0.0,50.0,0,,Industrials,142584208.0,0.0
TGLO,theglobe.com Inc,0.205,3,10,4,8,4,6,2,37,-9.0,26.0,Poor,Stay away,14,56.3,2.4,-2.3,47.6,1,9,Financial Services,90459352.0,46989.89
ARGHF,Argo Group International Holdings Ltd,0.201,7,4,1,13,4,2,5,36,-10.0,26.0,Poor,Stay away,32,-1.0,8.6,2.3,52.3,2,,Technology,55281416.0,9300.19
ARCUF,Arcus Development Group Inc,0.215,17,5,5,10,6,5,5,53,-27,26,Poor,Stay away,64,114.6,114.6,65.4,50.0,3,3,Basic Materials,4554056.0,0.0
CAPS,Capstone Holding Corp. Common Stock,0.24,3,6,8,8,2,2,2,31,-5.0,26.0,Poor,Stay away,24,0.0,-7.7,-5.1,39.9,2,,Basic Materials,3650281.0,1534298.93
APTFF,APTFF,0.235,2,4,10,6,3,2,4,31,-10.0,26.0,Poor,🔥 COILED: Stay away,0,0.0,0.0,0.0,50.0,0,,Real Estate,nan,0.0
MESHW,Meshflow Acquisition Corp. Warrants,0.3,9,10,1,11,3,0,2,36,-10.0,26.0,Poor,Stay away,0,-3.3,-0.1,-5.2,48.6,0,,nan,nan,0.0
CCTTF,CITIC Telecom International Holdings Limited,0.324,2,4,10,6,3,2,4,31,-10.0,26.0,Poor,🔥 COILED: Stay away,32,0.0,0.0,0.0,50.0,0,,Communication Services,1198718720.0,526.32
ALVSF,ALVSF,0.324,2,4,10,6,3,2,4,31,-10.0,26.0,Poor,🔥 COILED: Stay away,32,0.0,0.0,0.0,50.0,1,,Real Estate,460032672.0,2.5
CTTZF,Centaurus Metals Limited,0.323,6,13,5,4,4,4,2,38,-13.0,26.0,Poor,Stay away,22,4.7,4.7,-0.8,46.6,1,,Basic Materials,181320576.0,180177.72
SPPCF,Steppe Cement Ltd.,0.31,2,4,10,6,3,2,4,31,-10.0,26.0,Poor,🔥 COILED: Stay away,32,0.0,0.0,0.0,50.0,0,,Basic Materials,67890000.0,5.0
WEXPF,Western Exploration Inc,0.385,7,14,7,6,3,0,2,39,-13.0,26.0,Poor,Stay away,21,-0.1,-1.3,-1.8,44.6,2,,Basic Materials,24006406.0,81363.2
STRM,Streamline Health Solutions Inc,0.385,6,6,7,12,5,2,5,43,-15.0,26.0,Poor,Stay away,52,-14.4,-8.3,-5.0,47.4,1,,Healthcare,23231740.0,43730.58
CPWIF,China Power International Development Limited,0.44,2,4,10,6,3,2,4,31,-10.0,26.0,Poor,🔥 COILED: Stay away,31,0.0,0.0,0.0,50.0,0,,Utilities,5392148992.0,0.0
APEUF,Atlas Engineered Products Ltd,0.42,3,4,4,9,6,0,5,31,-5.0,26.0,Poor,Stay away,24,-8.1,-6.7,-2.6,41.3,1,,Industrials,29610312.0,16419.35
DAJL,Dajialai Digital Technology Group Corp.,0.44,0,7,1,8,5,2,3,26,0.0,26.0,Poor,Stay away,0,-21.5,-21.5,-13.6,43.8,0,,Technology,14980056.0,0.0
TSIOF,361 Degrees International Limited,0.543,4,3,10,6,3,3,4,33,-10.0,26.0,Poor,Stay away,17,0.0,0.0,-0.8,31.8,0,,Consumer Cyclical,1177268096.0,0.0
FINBF,FINBF,0.532,2,4,10,6,3,2,4,31,-10.0,26.0,Poor,🔥 COILED: Stay away,0,0.0,0.0,0.0,50.0,0,,Real Estate,nan,0.0
CRPGF,Integrated Cannabis Company Inc,0.56,2,4,10,6,3,2,4,31,-10.0,26.0,Poor,🔥 COILED: Stay away,32,0.0,0.0,0.0,50.0,0,,Healthcare,3518205696.0,1.5
NFGRF,BeijingWest Industries International Limited,0.561,10,3,10,6,3,2,4,38,-15.0,26.0,Poor,Stay away,52,0.0,0.0,-0.0,34.5,1,,Consumer Cyclical,605371584.0,296.25
GLMD,Galmed Pharmaceuticals Ltd,0.599,8,11,7,11,4,6,2,49,-21.0,26.0,Poor,Stay away,32,8.3,8.9,8.8,56.9,3,,Healthcare,4949508.0,1836750.91
CNEY,CN Energy Group Inc,0.559,6,3,5,10,2,2,5,33,-5.0,26.0,Poor,Stay away,20,-21.5,-16.5,-10.7,44.7,1,,Basic Materials,4582367.0,1714238.76
NGELF,NGE Capital Limited,0.629,2,4,10,6,3,2,4,31,-10.0,26.0,Poor,🔥 COILED: Stay away,32,0.0,0.0,0.0,50.0,0,,Financial Services,21560434.0,44.0
RMGGF,Resolute Mining Limited,0.65,2,7,8,4,3,4,5,33,-10.0,26.0,Poor,Stay away,15,-8.5,-5.8,-5.6,41.4,0,,Basic Materials,1389321344.0,9635.63
GRDLF,Grindrod Ltd. ,0.748,2,4,10,6,3,2,4,31,-10.0,26.0,Poor,🔥 COILED: Stay away,32,0.0,0.0,0.0,50.0,0,,Industrials,499449024.0,6.46
YUMM,Yummies Inc,0.75,2,4,10,6,3,2,4,31,-10.0,26.0,Poor,🔥 COILED: Stay away,32,0.0,0.0,0.0,50.0,0,,Consumer Defensive,337219872.0,40.0
CALC,"CalciMedica, Inc. Common Stock",0.84,8,16,4,5,8,4,2,47,-26.0,26.0,Poor,🔥 COILED: Stay away,44,17.3,21.0,7.5,53.9,3,,Healthcare,13270346.0,824070.45
VTHPF,Vital Healthcare Property Trust,0.85,2,4,10,6,3,2,4,31,-10.0,26.0,Poor,🔥 COILED: Stay away,32,0.0,0.0,0.0,50.0,1,,Real Estate,681501376.0,76.03
GGRP,"The Glimpse Group, Inc.",0.856,14,5,4,7,3,2,4,39,-13.0,26.0,Poor,Stay away,49,-11.3,9.1,0.7,52.2,2,,Technology,18580692.0,231124.59
LNGPF,Longfor Group Holdings Limited,0.92,5,8,1,9,3,2,2,30,0.0,26.0,Poor,Stay away,31,13.6,13.6,-3.4,36.6,2,,Real Estate,6313432064.0,240.8
PSSMF,PSSMF,1,2,4,10,6,3,2,4,31,-10.0,26.0,Poor,🔥 COILED: Stay away,32,0.0,0.0,0.0,50.0,0,,Basic Materials,8239617536.0,10.0
GLDAF,GlobalData Plc,0.977,3,2,3,9,3,1,2,23,0.0,26.0,Poor,Stay away,23,-6.9,-6.9,-7.9,24.0,0,,Industrials,727796608.0,428.76
LEXLF,Lexington Gold Ltd,1,2,4,10,6,3,2,4,31,-10.0,26.0,Poor,🔥 COILED: Stay away,0,0.0,0.0,0.0,50.0,0,,Basic Materials,473861056.0,0.0
GLCP,GLCP,1,2,4,10,6,3,2,4,31,-10.0,26.0,Poor,🔥 COILED: Stay away,32,0.0,0.0,0.0,50.0,0,,Industrials,154394752.0,40.0
AIKO,Alternative Investment Corporation,0.983,1,4,1,8,3,7,4,28,-5.0,26.0,Poor,Stay away,25,0.0,0.0,-4.0,46.3,1,,Financial Services,15317435.0,8.47
PSPX,PSPX,1,2,4,10,6,3,2,4,31,-10.0,26.0,Poor,🔥 COILED: Stay away,32,0.0,0.0,0.0,50.0,0,,Consumer Cyclical,14375000.0,4.0
BMMAX,Blackrock Multi-Manager Alt Fund Cl A,1,2,4,10,6,3,2,4,31,-10.0,26.0,Poor,🔥 COILED: Stay away,31,0.0,0.0,0.0,50.0,0,,Other,0.0,0.0
BMMCX,Blackrock Multi-Manager Alt Fund Cl C,1,2,4,10,6,3,2,4,31,-10.0,26.0,Poor,🔥 COILED: Stay away,31,0.0,0.0,0.0,50.0,0,,Other,0.0,0.0
CPVPX,Columbia Leg Captl Preservation Port A,1,2,4,10,6,3,2,4,31,-10.0,26.0,Poor,🔥 COILED: Stay away,31,0.0,0.0,0.0,50.0,0,,Other,0.0,0.0
IUGXX,Invesco Treasurers Series Trust - Invesco Premier U.S. Government Money Portfolio,1,2,4,10,6,3,2,4,31,-10.0,26.0,Poor,🔥 COILED: Stay away,31,0.0,0.0,0.0,50.0,0,,Other,nan,0.0
VUSXX,Vanguard Treasury Money Market Fund,1,2,4,10,6,3,2,4,31,-10.0,26.0,Poor,🔥 COILED: Stay away,31,0.0,0.0,0.0,50.0,0,,nan,nan,0.0
SPAXX,Fidelity® Government Money Market Fund,1,2,4,10,6,3,2,4,31,-10.0,26.0,Poor,🔥 COILED: Stay away,0,0.0,0.0,0.0,50.0,0,,nan,nan,0.0
FDRXX,Fidelity Govt Cash Rsrvs,1,2,4,10,6,3,2,4,31,-10.0,26.0,Poor,🔥 COILED: Stay away,31,0.0,0.0,0.0,50.0,0,,nan,nan,0.0
VMFXX,Vanguard Federal Money Market Fund Investor Shares,1,2,4,10,6,3,2,4,31,-10.0,26.0,Poor,🔥 COILED: Stay away,31,0.0,0.0,0.0,50.0,0,,nan,nan,0.0
TFDXX,BlackRock Liquidity Funds FedFund Institutional Shares,1,2,4,10,6,3,2,4,31,-10.0,26.0,Poor,🔥 COILED: Stay away,31,0.0,0.0,0.0,50.0,0,,nan,nan,0.0
FTIXX,Goldman Sachs Financial Square Treasury Instruments Fund Institutional Shares,1,2,4,10,6,3,2,4,31,-10.0,26.0,Poor,🔥 COILED: Stay away,31,0.0,0.0,0.0,50.0,0,,nan,nan,0.0
AALXX,Thrivent Money Market Fund Class S,1,2,4,10,6,3,2,4,31,-10.0,26.0,Poor,🔥 COILED: Stay away,31,0.0,0.0,0.0,50.0,0,,nan,nan,0.0
FGTXX,Goldman Sachs Financial Square Government Fund Institutional Shares,1,2,4,10,6,3,2,4,31,-10.0,26.0,Poor,🔥 COILED: Stay away,31,0.0,0.0,0.0,50.0,0,,nan,nan,0.0
AGPXX,Invesco Short-Term Investments Trust Government & Agency Portfolio Institutional,1,2,4,10,6,3,2,4,31,-10.0,26.0,Poor,🔥 COILED: Stay away,31,0.0,0.0,0.0,50.0,0,,nan,nan,0.0
MVRXX,Morgan Stanley Institutional Liquidity Funds -  Government Portfolio,1,2,4,10,6,3,2,4,31,-10.0,26.0,Poor,🔥 COILED: Stay away,31,0.0,0.0,0.0,50.0,0,,nan,nan,0.0
DAPXX,Dreyfus Government Securities Cash Management Administrative Shares,1,2,4,10,6,3,2,4,31,-10.0,26.0,Poor,🔥 COILED: Stay away,31,0.0,0.0,0.0,50.0,0,,nan,nan,0.0
MISXX,Morgan Stanley Institutional Liquidity Funds - Treasury Portfolio,1,2,4,10,6,3,2,4,31,-10.0,26.0,Poor,🔥 COILED: Stay away,31,0.0,0.0,0.0,50.0,0,,nan,nan,0.0
DTRXX,Dreyfus Treasury Obligations Cash Management,1,2,4,10,6,3,2,4,31,-10.0,26.0,Poor,🔥 COILED: Stay away,31,0.0,0.0,0.0,50.0,0,,nan,nan,0.0
FXFXX,First American Funds Inc. - Treasury Obligations Fund,1,2,4,10,6,3,2,4,31,-10.0,26.0,Poor,🔥 COILED: Stay away,31,0.0,0.0,0.0,50.0,0,,nan,nan,0.0
FGXXX,First American Funds Inc. - Government Obligations Fund,1,2,4,10,6,3,2,4,31,-10.0,26.0,Poor,🔥 COILED: Stay away,31,0.0,0.0,0.0,50.0,0,,nan,nan,0.0
FSIXX,Fidelity Colchester Street Trust - Treasury Only Portfolio,1,2,4,10,6,3,2,4,31,-10.0,26.0,Poor,🔥 COILED: Stay away,31,0.0,0.0,0.0,50.0,0,,nan,nan,0.0
FRAXX,Goldman Sachs Trust - Goldman Sachs Financial Square Treasury Instruments Fund,1,2,4,10,6,3,2,4,31,-10.0,26.0,Poor,🔥 COILED: Stay away,31,0.0,0.0,0.0,50.0,0,,nan,nan,0.0
GVMXX,State Street Master Funds - State Street U.S. Government Money Market Portfolio,1,2,4,10,6,3,2,4,31,-10.0,26.0,Poor,🔥 COILED: Stay away,31,0.0,0.0,0.0,50.0,0,,nan,nan,0.0
TPIXX,State Street Institutional Investment Trust - State Street Institutional Treasury Plus Money Market,1,2,4,10,6,3,2,4,31,-10.0,26.0,Poor,🔥 COILED: Stay away,31,0.0,0.0,0.0,50.0,0,,nan,nan,0.0
TTTXX,BlackRock Liquidity Funds - Treasury Trust Fund,1,2,4,10,6,3,2,4,31,-10.0,26.0,Poor,🔥 COILED: Stay away,31,0.0,0.0,0.0,50.0,0,,nan,nan,0.0
FIGXX,Fidelity Colchester Street Trust - Government Portfolio,1,2,4,10,6,3,2,4,31,-10.0,26.0,Poor,🔥 COILED: Stay away,31,0.0,0.0,0.0,50.0,0,,nan,nan,0.0
FMJXX,Goldman Sachs Investor Money Market Fund Class I,1,2,4,10,6,3,2,4,31,-10.0,26.0,Poor,🔥 COILED: Stay away,31,0.0,0.0,0.0,50.0,0,,nan,nan,0.0
SWVXX,Schwab Value Advantage Money Fund,1,2,4,10,6,3,2,4,31,-10.0,26.0,Poor,🔥 COILED: Stay away,31,0.0,0.0,0.0,50.0,0,,nan,nan,0.0
SWGXX,Schwab Government Money Fund,1,2,4,10,6,3,2,4,31,-10.0,26.0,Poor,🔥 COILED: Stay away,31,0.0,0.0,0.0,50.0,0,,nan,nan,0.0
DGCXX,Dreyfus Government Cash Management Fund,1,2,4,10,6,3,2,4,31,-10.0,26.0,Poor,🔥 COILED: Stay away,31,0.0,0.0,0.0,50.0,0,,nan,nan,0.0
TSCXX,T. Rowe Price Cash Reserves Fund,1,2,4,10,6,3,2,4,31,-10.0,26.0,Poor,🔥 COILED: Stay away,31,0.0,0.0,0.0,50.0,0,,nan,nan,0.0
MUSXX,MainStay U.S. Government Liquidity Fund Class I,1,2,4,10,6,3,2,4,31,-10.0,26.0,Poor,🔥 COILED: Stay away,31,0.0,0.0,0.0,50.0,0,,nan,nan,0.0
TSTXX,BlackRock Liquidity Funds - T-Fund,1,2,4,10,6,3,2,4,31,-10.0,26.0,Poor,🔥 COILED: Stay away,31,0.0,0.0,0.0,50.0,0,,nan,nan,0.0
SAHXX,State Street Institutional U.S. Government Money Market Fund,1,2,4,10,6,3,2,4,31,-10.0,26.0,Poor,🔥 COILED: Stay away,31,0.0,0.0,0.0,50.0,0,,nan,nan,0.0
INFXX,Institutional Fiduciary Trust Money Market Fund,1,2,4,10,6,3,2,4,31,-10.0,26.0,Poor,🔥 COILED: Stay away,31,0.0,0.0,0.0,50.0,0,,nan,nan,0.0
ABZXX,American Funds U.S. Government Money Market Fund,1,2,4,10,6,3,2,4,31,-10.0,26.0,Poor,🔥 COILED: Stay away,31,0.0,0.0,0.0,50.0,0,,nan,nan,0.0
AAOXX,American Beacon U.S. Government Money Market Select Fund,1,2,4,10,6,3,2,4,31,-10.0,26.0,Poor,🔥 COILED: Stay away,31,0.0,0.0,0.0,50.0,0,,nan,nan,0.0
ACNXX,AIM Investment Securities Funds (Invesco Investment Securities Funds) - Government Money Market Fund,1,2,4,10,6,3,2,4,31,-10.0,26.0,Poor,🔥 COILED: Stay away,31,0.0,0.0,0.0,50.0,0,,nan,nan,0.0
ACAXX,American Century Investment Trust - Prime Money Market Fund,1,2,4,10,6,3,2,4,31,-10.0,26.0,Poor,🔥 COILED: Stay away,31,0.0,0.0,0.0,50.0,0,,nan,nan,0.0
ACZXX,AIM Investment Securities Funds (Invesco Investment Securities Funds) - Government Money Market Fund,1,2,4,10,6,3,2,4,31,-10.0,26.0,Poor,🔥 COILED: Stay away,31,0.0,0.0,0.0,50.0,0,,nan,nan,0.0
AECXX,AB Fixed-Income Shares Inc. - AB Government Money Market Portfolio,1,2,4,10,6,3,2,4,31,-10.0,26.0,Poor,🔥 COILED: Stay away,31,0.0,0.0,0.0,50.0,0,,nan,nan,0.0
ACXXX,AIM Investment Securities Funds (Invesco Investment Securities Funds) - Government Money Market Fund,1,2,4,10,6,3,2,4,31,-10.0,26.0,Poor,🔥 COILED: Stay away,31,0.0,0.0,0.0,50.0,0,,nan,nan,0.0
ADAXX,AIM Investment Securities Funds (Invesco Investment Securities Funds) - Government Money Market Fund,1,2,4,10,6,3,2,4,31,-10.0,26.0,Poor,🔥 COILED: Stay away,31,0.0,0.0,0.0,50.0,0,,nan,nan,0.0
AEAXX,AB Government Exchange Reserves,1,2,4,10,6,3,2,4,31,-10.0,26.0,Poor,🔥 COILED: Stay away,31,0.0,0.0,0.0,50.0,0,,nan,nan,0.0
AEYXX,AB Government Exchange Reserves,1,2,4,10,6,3,2,4,31,-10.0,26.0,Poor,🔥 COILED: Stay away,31,0.0,0.0,0.0,50.0,0,,nan,nan,0.0
AGCXX,Short-Term Investment Trust - Invesco Government & Agency Portfolio,1,2,4,10,6,3,2,4,31,-10.0,26.0,Poor,🔥 COILED: Stay away,31,0.0,0.0,0.0,50.0,0,,nan,nan,0.0
AGHXX,American Century Investment Trust - Premium Money Market Fund,1,2,4,10,6,3,2,4,31,-10.0,26.0,Poor,🔥 COILED: Stay away,31,0.0,0.0,0.0,50.0,0,,nan,nan,0.0
AGQXX,American Century Investment Trust - Premium Money Market Fund,1,2,4,10,6,3,2,4,31,-10.0,26.0,Poor,🔥 COILED: Stay away,31,0.0,0.0,0.0,50.0,0,,nan,nan,0.0
AGRXX,AllianceBernstein Bond Fund - Government Reserves Portfolio Fund,1,2,4,10,6,3,2,4,31,-10.0,26.0,Poor,🔥 COILED: Stay away,31,0.0,0.0,0.0,50.0,0,,nan,nan,0.0
AIEXX,AB Government Exchange Reserves,1,2,4,10,6,3,2,4,31,-10.0,26.0,Poor,🔥 COILED: Stay away,31,0.0,0.0,0.0,50.0,0,,nan,nan,0.0
AIMXX,AIM Investment Securities Funds (Invesco Investment Securities Funds) - Government Money Market Fund,1,2,4,10,6,3,2,4,31,-10.0,26.0,Poor,🔥 COILED: Stay away,31,0.0,0.0,0.0,50.0,0,,nan,nan,0.0
AIYXX,AIM Investment Securities Funds (Invesco Investment Securities Funds) - Government Money Market Fund,1,2,4,10,6,3,2,4,31,-10.0,26.0,Poor,🔥 COILED: Stay away,31,0.0,0.0,0.0,50.0,0,,nan,nan,0.0
AMAXX,PIMCO Funds - PIMCO Government Money Market Fund,1,2,4,10,6,3,2,4,31,-10.0,26.0,Poor,🔥 COILED: Stay away,31,0.0,0.0,0.0,50.0,0,,nan,nan,0.0
APCXX,Cavanal Hill Funds - Government Securities Money Market Fund,1,2,4,10,6,3,2,4,31,-10.0,26.0,Poor,🔥 COILED: Stay away,31,0.0,0.0,0.0,50.0,0,,nan,nan,0.0
AMMXX,Thrivent Mutual Funds - Thrivent Money Market Fund,1,2,4,10,6,3,2,4,31,-10.0,26.0,Poor,🔥 COILED: Stay away,31,0.0,0.0,0.0,50.0,0,,nan,nan,0.0
APGXX,Cavanal Hill Funds - U.S. Treasury Fund,1,2,4,10,6,3,2,4,31,-10.0,26.0,Poor,🔥 COILED: Stay away,31,0.0,0.0,0.0,50.0,0,,nan,nan,0.0
AMGXX,PIMCO Funds - PIMCO Government Money Market Fund,1,2,4,10,6,3,2,4,31,-10.0,26.0,Poor,🔥 COILED: Stay away,31,0.0,0.0,0.0,50.0,0,,nan,nan,0.0
APHXX,Cavanal Hill Funds - Government Securities Money Market Fund,1,2,4,10,6,3,2,4,31,-10.0,26.0,Poor,🔥 COILED: Stay away,31,0.0,0.0,0.0,50.0,0,,nan,nan,0.0
APKXX,Cavanal Hill Funds - U.S. Treasury Fund,1,2,4,10,6,3,2,4,31,-10.0,26.0,Poor,🔥 COILED: Stay away,31,0.0,0.0,0.0,50.0,0,,nan,nan,0.0
APNXX,Cavanal Hill Funds - U.S. Treasury Fund,1,2,4,10,6,3,2,4,31,-10.0,26.0,Poor,🔥 COILED: Stay away,31,0.0,0.0,0.0,50.0,0,,nan,nan,0.0
APPXX,Cavanal Hill Funds - Government Securities Money Market Fund,1,2,4,10,6,3,2,4,31,-10.0,26.0,Poor,🔥 COILED: Stay away,31,0.0,0.0,0.0,50.0,0,,nan,nan,0.0
BBSXX,BBH Trust - BBH U.S. Government Money Market Fund,1,2,4,10,6,3,2,4,31,-10.0,26.0,Poor,🔥 COILED: Stay away,31,0.0,0.0,0.0,50.0,0,,nan,nan,0.0
BCHXX,BlackRock Liquidity Funds - T-Fund,1,2,4,10,6,3,2,4,31,-10.0,26.0,Poor,🔥 COILED: Stay away,31,0.0,0.0,0.0,50.0,0,,nan,nan,0.0
APSXX,Cavanal Hill Funds - Government Securities Money Market Fund,1,2,4,10,6,3,2,4,31,-10.0,26.0,Poor,🔥 COILED: Stay away,31,0.0,0.0,0.0,50.0,0,,nan,nan,0.0
ARCXX,American Century Investment Trust - Prime Money Market Fund,1,2,4,10,6,3,2,4,31,-10.0,26.0,Poor,🔥 COILED: Stay away,31,0.0,0.0,0.0,50.0,0,,nan,nan,0.0
BECXX,BlackRock Liquidity Funds - Federal Trust Fund,1,2,4,10,6,3,2,4,31,-10.0,26.0,Poor,🔥 COILED: Stay away,31,0.0,0.0,0.0,50.0,0,,nan,nan,0.0
BCTXX,American Century California Tax-Free and Municipal Funds - California Tax-Free Money Market Fund,1,2,4,10,6,3,2,4,31,-10.0,26.0,Poor,🔥 COILED: Stay away,31,0.0,0.0,0.0,50.0,0,,nan,nan,0.0
BFTXX,BlackRock Liquidity Funds - Federal Trust Fund,1,2,4,10,6,3,2,4,31,-10.0,26.0,Poor,🔥 COILED: Stay away,31,0.0,0.0,0.0,50.0,0,,nan,nan,0.0
BFMXX,BlackRock Liquidity Funds - Federal Trust Fund,1,2,4,10,6,3,2,4,31,-10.0,26.0,Poor,🔥 COILED: Stay away,31,0.0,0.0,0.0,50.0,0,,nan,nan,0.0
BFRXX,BlackRock Liquidity Funds - FedFund,1,2,4,10,6,3,2,4,31,-10.0,26.0,Poor,🔥 COILED: Stay away,31,0.0,0.0,0.0,50.0,0,,nan,nan,0.0
BGSXX,Northern Institutional Funds - U.S. Government Select Portfolio,1,2,4,10,6,3,2,4,31,-10.0,26.0,Poor,🔥 COILED: Stay away,31,0.0,0.0,0.0,50.0,0,,nan,nan,0.0
BFFXX,BlackRock Liquidity Funds - FedFund,1,2,4,10,6,3,2,4,31,-10.0,26.0,Poor,🔥 COILED: Stay away,31,0.0,0.0,0.0,50.0,0,,nan,nan,0.0
BMMIX,CollegeAdvantage 529 Savings Plan - BlackRock Money Market Option,1,2,4,10,6,3,2,4,31,-10.0,26.0,Poor,🔥 COILED: Stay away,31,0.0,0.0,0.0,50.0,0,,nan,nan,0.0
BNTXX,American Century Municipal Trust - Tax-Free Money Market Fund,1,2,4,10,6,3,2,4,31,-10.0,26.0,Poor,🔥 COILED: Stay away,31,0.0,0.0,0.0,50.0,0,,nan,nan,0.0
BNGXX,Northern Institutional Funds - U.S. Government Portfolio,1,2,4,10,6,3,2,4,31,-10.0,26.0,Poor,🔥 COILED: Stay away,31,0.0,0.0,0.0,50.0,0,,nan,nan,0.0
BPRXX,American Century Investment Trust - Prime Money Market Fund,1,2,4,10,6,3,2,4,31,-10.0,26.0,Poor,🔥 COILED: Stay away,31,0.0,0.0,0.0,50.0,0,,nan,nan,0.0
BRIXX,Blackrock Funds III - Treasury Money Market Fund,1,2,4,10,6,3,2,4,31,-10.0,26.0,Poor,🔥 COILED: Stay away,31,0.0,0.0,0.0,50.0,0,,nan,nan,0.0
BTCXX,BlackRock Liquidity Funds - Treasury Trust Fund,1,2,4,10,6,3,2,4,31,-10.0,26.0,Poor,🔥 COILED: Stay away,31,0.0,0.0,0.0,50.0,0,,nan,nan,0.0
BSCXX,Northern Institutional Funds - U.S. Government Select Portfolio,1,2,4,10,6,3,2,4,31,-10.0,26.0,Poor,🔥 COILED: Stay away,31,0.0,0.0,0.0,50.0,0,,nan,nan,0.0
BTRXX,BlackRock Liquidity Funds - T-Fund,1,2,4,10,6,3,2,4,31,-10.0,26.0,Poor,🔥 COILED: Stay away,31,0.0,0.0,0.0,50.0,0,,nan,nan,0.0
CACPX,Future Scholar 529 College Savings Plan - Conservative Portfolio,1,2,4,10,6,3,2,4,31,-10.0,26.0,Poor,🔥 COILED: Stay away,31,0.0,0.0,0.0,50.0,0,,nan,nan,0.0
CACXX,Money Market Obligations Trust - Federated Hermes California Municipal Cash Trust,1,2,4,10,6,3,2,4,31,-10.0,26.0,Poor,🔥 COILED: Stay away,31,0.0,0.0,0.0,50.0,0,,nan,nan,0.0
CAIXX,Money Market Obligations Trust - Federated Hermes California Municipal Cash Trust,1,2,4,10,6,3,2,4,31,-10.0,26.0,Poor,🔥 COILED: Stay away,31,0.0,0.0,0.0,50.0,0,,nan,nan,0.0
CAGXX,Cash Account Trust - Government & Agency Securities Portfolio,1,2,4,10,6,3,2,4,31,-10.0,26.0,Poor,🔥 COILED: Stay away,31,0.0,0.0,0.0,50.0,0,,nan,nan,0.0
CALXX,Money Market Obligations Trust - Federated Hermes California Municipal Cash Trust,1,2,4,10,6,3,2,4,31,-10.0,26.0,Poor,🔥 COILED: Stay away,31,0.0,0.0,0.0,50.0,0,,nan,nan,0.0
CBDAX,Future Scholar 529 College Savings Plan - Columbia Bank Deposit 529 Portfolio,1,2,4,10,6,3,2,4,31,-10.0,26.0,Poor,🔥 COILED: Stay away,31,0.0,0.0,0.0,50.0,0,,nan,nan,0.0
CBDCX,Future Scholar 529 College Savings Plan - Columbia Bank Deposit 529 Portfolio,1,2,4,10,6,3,2,4,31,-10.0,26.0,Poor,🔥 COILED: Stay away,31,0.0,0.0,0.0,50.0,0,,nan,nan,0.0
CBDEX,Future Scholar 529 College Savings Plan - Columbia Bank Deposit 529 Portfolio,1,2,4,10,6,3,2,4,31,-10.0,26.0,Poor,🔥 COILED: Stay away,31,0.0,0.0,0.0,50.0,0,,nan,nan,0.0
CBDPX,Future Scholar 529 College Savings Plan - Columbia Bank Deposit 529 Portfolio,1,2,4,10,6,3,2,4,31,-10.0,26.0,Poor,🔥 COILED: Stay away,31,0.0,0.0,0.0,50.0,0,,nan,nan,0.0
CCCPX,Future Scholar 529 College Savings Plan - Conservative Portfolio,1,2,4,10,6,3,2,4,31,-10.0,26.0,Poor,🔥 COILED: Stay away,31,0.0,0.0,0.0,50.0,0,,nan,nan,0.0
CEAXX,Citizensselect Funds - Dreyfus Institutional Preferred Treasury Securities Money Market Fund,1,2,4,10,6,3,2,4,31,-10.0,26.0,Poor,🔥 COILED: Stay away,31,0.0,0.0,0.0,50.0,0,,nan,nan,0.0
CCCXX,Money Market Obligations Trust - Federated Hermes California Municipal Cash Trust,1,2,4,10,6,3,2,4,31,-10.0,26.0,Poor,🔥 COILED: Stay away,31,0.0,0.0,0.0,50.0,0,,nan,nan,0.0
CCSXX,Money Market Obligations Trust - Federated Hermes California Municipal Cash Trust,1,2,4,10,6,3,2,4,31,-10.0,26.0,Poor,🔥 COILED: Stay away,31,0.0,0.0,0.0,50.0,0,,nan,nan,0.0
CECPX,Future Scholar 529 College Savings Plan - Conservative Portfolio,1,2,4,10,6,3,2,4,31,-10.0,26.0,Poor,🔥 COILED: Stay away,31,0.0,0.0,0.0,50.0,0,,nan,nan,0.0
CEIXX,Citizensselect Funds - Dreyfus Institutional Preferred Treasury Securities Money Market Fund,1,2,4,10,6,3,2,4,31,-10.0,26.0,Poor,🔥 COILED: Stay away,31,0.0,0.0,0.0,50.0,0,,nan,nan,0.0
CIFXX,LeggMason Partners Institutional Trust - Western Asset Institutional Tax Free Reserves,1,2,4,10,6,3,2,4,31,-10.0,26.0,Poor,🔥 COILED: Stay away,31,0.0,0.0,0.0,50.0,0,,nan,nan,0.0
CIIXX,Legg Mason Partners Institutional Trust - Western Asset Institutional U.S. Treasury Reserves,1,2,4,10,6,3,2,4,31,-10.0,26.0,Poor,🔥 COILED: Stay away,31,0.0,0.0,0.0,50.0,0,,nan,nan,0.0
CNFXX,City National Rochdale Funds - City National Rochdale Government Money Market Fund,1,2,4,10,6,3,2,4,31,-10.0,26.0,Poor,🔥 COILED: Stay away,31,0.0,0.0,0.0,50.0,0,,nan,nan,0.0
CNGXX,City National Rochdale Funds - City National Rochdale Government Money Market Fund,1,2,4,10,6,3,2,4,31,-10.0,26.0,Poor,🔥 COILED: Stay away,31,0.0,0.0,0.0,50.0,0,,nan,nan,0.0
CNIXX,City National Rochdale Funds - City National Rochdale Government Money Market Fund,1,2,4,10,6,3,2,4,31,-10.0,26.0,Poor,🔥 COILED: Stay away,31,0.0,0.0,0.0,50.0,0,,nan,nan,0.0
COSXX,Morgan Stanley Institutional Liquidity Funds -  Government Portfolio,1,2,4,10,6,3,2,4,31,-10.0,26.0,Poor,🔥 COILED: Stay away,31,0.0,0.0,0.0,50.0,0,,nan,nan,0.0
CPFXX,American Century Government Income Trust - Capital Preservation Fund,1,2,4,10,6,3,2,4,31,-10.0,26.0,Poor,🔥 COILED: Stay away,31,0.0,0.0,0.0,50.0,0,,nan,nan,0.0
CRJXX,MFS Series Trust I - MFS U.S. Government Cash Reserve Fund,1,2,4,10,6,3,2,4,31,-10.0,26.0,Poor,🔥 COILED: Stay away,31,0.0,0.0,0.0,50.0,0,,nan,nan,0.0
CRHXX,MFS Series Trust I - MFS U.S. Government Cash Reserve Fund,1,2,4,10,6,3,2,4,31,-10.0,26.0,Poor,🔥 COILED: Stay away,31,0.0,0.0,0.0,50.0,0,,nan,nan,0.0
CRKXX,MFS Series Trust I - MFS U.S. Government Cash Reserve Fund,1,2,4,10,6,3,2,4,31,-10.0,26.0,Poor,🔥 COILED: Stay away,31,0.0,0.0,0.0,50.0,0,,nan,nan,0.0
CRMXX,MFS Series Trust I - MFS U.S. Government Cash Reserve Fund,1,2,4,10,6,3,2,4,31,-10.0,26.0,Poor,🔥 COILED: Stay away,31,0.0,0.0,0.0,50.0,0,,nan,nan,0.0
CRRXX,MFS Series Trust I - MFS U.S. Government Cash Reserve Fund,1,2,4,10,6,3,2,4,31,-10.0,26.0,Poor,🔥 COILED: Stay away,31,0.0,0.0,0.0,50.0,0,,nan,nan,0.0
CRVXX,MFS Series Trust I - MFS U.S. Government Cash Reserve Fund,1,2,4,10,6,3,2,4,31,-10.0,26.0,Poor,🔥 COILED: Stay away,31,0.0,0.0,0.0,50.0,0,,nan,nan,0.0
CVGXX,BofA Funds Series Trust - BofA Money Market Reserves,1,2,4,10,6,3,2,4,31,-10.0,26.0,Poor,🔥 COILED: Stay away,31,0.0,0.0,0.0,50.0,0,,nan,nan,0.0
CVTXX,Short-Term Investment Trust - Invesco Treasury Portfolio,1,2,4,10,6,3,2,4,31,-10.0,26.0,Poor,🔥 COILED: Stay away,31,0.0,0.0,0.0,50.0,0,,nan,nan,0.0
DARXX,Dreyfus Treasury Securities Cash Management,1,2,4,10,6,3,2,4,31,-10.0,26.0,Poor,🔥 COILED: Stay away,31,0.0,0.0,0.0,50.0,0,,nan,nan,0.0
DAGXX,Dreyfus Government Cash Management Fund,1,2,4,10,6,3,2,4,31,-10.0,26.0,Poor,🔥 COILED: Stay away,31,0.0,0.0,0.0,50.0,0,,nan,nan,0.0
DCMXX,Cash Account Trust - Government & Agency Securities Portfolio,1,2,4,10,6,3,2,4,31,-10.0,26.0,Poor,🔥 COILED: Stay away,31,0.0,0.0,0.0,50.0,0,,nan,nan,0.0
DBBXX,Cash Account Trust - Government & Agency Securities Portfolio,1,2,4,10,6,3,2,4,31,-10.0,26.0,Poor,🔥 COILED: Stay away,31,0.0,0.0,0.0,50.0,0,,nan,nan,0.0
DGEXX,Morgan Stanley U.S Government Money Market Trust Fund,1,2,4,10,6,3,2,4,31,-10.0,26.0,Poor,🔥 COILED: Stay away,31,0.0,0.0,0.0,50.0,0,,nan,nan,0.0
DGQXX,Dreyfus Government Cash Management Fund,1,2,4,10,6,3,2,4,31,-10.0,26.0,Poor,🔥 COILED: Stay away,31,0.0,0.0,0.0,50.0,0,,nan,nan,0.0
DGPXX,Dreyfus Government Cash Management Funds - Dreyfus Government Prime Cash Management,1,2,4,10,6,3,2,4,31,-10.0,26.0,Poor,🔥 COILED: Stay away,31,0.0,0.0,0.0,50.0,0,,nan,nan,0.0
DGUXX,Dreyfus Government Cash Management Fund,1,2,4,10,6,3,2,4,31,-10.0,26.0,Poor,🔥 COILED: Stay away,31,0.0,0.0,0.0,50.0,0,,nan,nan,0.0
DGVXX,Dreyfus Government Cash Management Fund,1,2,4,10,6,3,2,4,31,-10.0,26.0,Poor,🔥 COILED: Stay away,31,0.0,0.0,0.0,50.0,0,,nan,nan,0.0
DHLXX,Dreyfus Institutional Reserves Funds - Dreyfus Institutional Treasury and Agency Cash Advantage Fund,1,2,4,10,6,3,2,4,31,-10.0,26.0,Poor,🔥 COILED: Stay away,31,0.0,0.0,0.0,50.0,0,,nan,nan,0.0
DIRXX,Dreyfus Treasury Securities Cash Management,1,2,4,10,6,3,2,4,31,-10.0,26.0,Poor,🔥 COILED: Stay away,31,0.0,0.0,0.0,50.0,0,,nan,nan,0.0
DIPXX,Dreyfus Government Cash Management Funds - Dreyfus Government Prime Cash Management,1,2,4,10,6,3,2,4,31,-10.0,26.0,Poor,🔥 COILED: Stay away,31,0.0,0.0,0.0,50.0,0,,nan,nan,0.0
DOSXX,DWS Money Market Prime Series - DWS Cash Investment Trust,1,2,4,10,6,3,2,4,31,-10.0,26.0,Poor,🔥 COILED: Stay away,31,0.0,0.0,0.0,50.0,0,,nan,nan,0.0
DNSXX,Dreyfus Institutional Reserves Funds - Dreyfus Institutional Treasury and Agency Cash Advantage Fund,1,2,4,10,6,3,2,4,31,-10.0,26.0,Poor,🔥 COILED: Stay away,31,0.0,0.0,0.0,50.0,0,,nan,nan,0.0
DOCXX,DWS Money Market Prime Series - DWS Cash Investment Trust,1,2,4,10,6,3,2,4,31,-10.0,26.0,Poor,🔥 COILED: Stay away,31,0.0,0.0,0.0,50.0,0,,nan,nan,0.0
DOAXX,DWS Money Market Prime Series - DWS Cash Investment Trust,1,2,4,10,6,3,2,4,31,-10.0,26.0,Poor,🔥 COILED: Stay away,31,0.0,0.0,0.0,50.0,0,,nan,nan,0.0
DPGXX,Dreyfus Government Cash Management Fund,1,2,4,10,6,3,2,4,31,-10.0,26.0,Poor,🔥 COILED: Stay away,31,0.0,0.0,0.0,50.0,0,,nan,nan,0.0
DPRXX,Dreyfus Treasury Securities Cash Management,1,2,4,10,6,3,2,4,31,-10.0,26.0,Poor,🔥 COILED: Stay away,31,0.0,0.0,0.0,50.0,0,,nan,nan,0.0
DSHXX,Dreyfus Institutional Reserves Funds - Dreyfus Institutional Preferred Government Money Market Fund,1,2,4,10,6,3,2,4,31,-10.0,26.0,Poor,🔥 COILED: Stay away,31,0.0,0.0,0.0,50.0,0,,nan,nan,0.0
DSVXX,Dreyfus Institutional Reserves Funds - Dreyfus Institutional Preferred Government Money Market Fund,1,2,4,10,6,3,2,4,31,-10.0,26.0,Poor,🔥 COILED: Stay away,31,0.0,0.0,0.0,50.0,0,,nan,nan,0.0
DTCXX,Cash Account Trust - DWS Tax-Exempt Portfolio,1,2,4,10,6,3,2,4,31,-10.0,26.0,Poor,🔥 COILED: Stay away,31,0.0,0.0,0.0,50.0,0,,nan,nan,0.0
DTBXX,Cash Account Trust - DWS Tax-Exempt Portfolio,1,2,4,10,6,3,2,4,31,-10.0,26.0,Poor,🔥 COILED: Stay away,31,0.0,0.0,0.0,50.0,0,,nan,nan,0.0
DTAXX,Dreyfus Treasury Obligations Cash Management,1,2,4,10,6,3,2,4,31,-10.0,26.0,Poor,🔥 COILED: Stay away,31,0.0,0.0,0.0,50.0,0,,nan,nan,0.0
DTDXX,Cash Account Trust - DWS Tax-Exempt Portfolio,1,2,4,10,6,3,2,4,31,-10.0,26.0,Poor,🔥 COILED: Stay away,31,0.0,0.0,0.0,50.0,0,,nan,nan,0.0
DTGXX,Cash Account Trust - Government & Agency Securities Portfolio,1,2,4,10,6,3,2,4,31,-10.0,26.0,Poor,🔥 COILED: Stay away,31,0.0,0.0,0.0,50.0,0,,nan,nan,0.0
DTHXX,Dreyfus Treasury Securities Cash Management,1,2,4,10,6,3,2,4,31,-10.0,26.0,Poor,🔥 COILED: Stay away,31,0.0,0.0,0.0,50.0,0,,nan,nan,0.0
DTKXX,Dreyfus Treasury Obligations Cash Management,1,2,4,10,6,3,2,4,31,-10.0,26.0,Poor,🔥 COILED: Stay away,31,0.0,0.0,0.0,50.0,0,,nan,nan,0.0
DTLXX,Dreyfus Institutional Liquidity Funds - Dreyfus Treasury and Agency Liquidity Money Market Fund,1,2,4,10,6,3,2,4,31,-10.0,26.0,Poor,🔥 COILED: Stay away,31,0.0,0.0,0.0,50.0,0,,nan,nan,0.0
DTPXX,Dreyfus Treasury Obligations Cash Management,1,2,4,10,6,3,2,4,31,-10.0,26.0,Poor,🔥 COILED: Stay away,31,0.0,0.0,0.0,50.0,0,,nan,nan,0.0
DTNXX,Dreyfus Treasury Obligations Cash Management,1,2,4,10,6,3,2,4,31,-10.0,26.0,Poor,🔥 COILED: Stay away,31,0.0,0.0,0.0,50.0,0,,nan,nan,0.0
DTVXX,Dreyfus Treasury Obligations Cash Management,1,2,4,10,6,3,2,4,31,-10.0,26.0,Poor,🔥 COILED: Stay away,31,0.0,0.0,0.0,50.0,0,,nan,nan,0.0
DVPXX,Dreyfus Government Cash Management Funds - Dreyfus Government Prime Cash Management,1,2,4,10,6,3,2,4,31,-10.0,26.0,Poor,🔥 COILED: Stay away,31,0.0,0.0,0.0,50.0,0,,nan,nan,0.0
DWGXX,Morgan Stanley U.S Government Money Market Trust Fund,1,2,4,10,6,3,2,4,31,-10.0,26.0,Poor,🔥 COILED: Stay away,31,0.0,0.0,0.0,50.0,0,,nan,nan,0.0
DVRXX,Dreyfus Treasury Securities Cash Management,1,2,4,10,6,3,2,4,31,-10.0,26.0,Poor,🔥 COILED: Stay away,31,0.0,0.0,0.0,50.0,0,,nan,nan,0.0
ELMXX,Elfun Government Money Market Fund,1,2,4,10,6,3,2,4,31,-10.0,26.0,Poor,🔥 COILED: Stay away,31,0.0,0.0,0.0,50.0,0,,nan,nan,0.0
FAAXX,First American Funds Inc. - Government Obligations Fund,1,2,4,10,6,3,2,4,31,-10.0,26.0,Poor,🔥 COILED: Stay away,31,0.0,0.0,0.0,50.0,0,,nan,nan,0.0
FATXX,First American Funds Inc. - Treasury Obligations Fund,1,2,4,10,6,3,2,4,31,-10.0,26.0,Poor,🔥 COILED: Stay away,31,0.0,0.0,0.0,50.0,0,,nan,nan,0.0
FAPXX,First American Funds Inc. - Retail Prime Obligations Fund,1,2,4,10,6,3,2,4,31,-10.0,26.0,Poor,🔥 COILED: Stay away,31,0.0,0.0,0.0,50.0,0,,nan,nan,0.0
FCGXX,Fidelity Colchester Street Trust - Government Portfolio,1,2,4,10,6,3,2,4,31,-10.0,26.0,Poor,🔥 COILED: Stay away,31,0.0,0.0,0.0,50.0,0,,nan,nan,0.0
FCEXX,Fidelity Colchester Street Trust - Treasury Portfolio,1,2,4,10,6,3,2,4,31,-10.0,26.0,Poor,🔥 COILED: Stay away,31,0.0,0.0,0.0,50.0,0,,nan,nan,0.0
FCIXX,Fidelity Colchester Street Trust - Money Market Portfolio,1,2,4,10,6,3,2,4,31,-10.0,26.0,Poor,🔥 COILED: Stay away,31,0.0,0.0,0.0,50.0,0,,nan,nan,0.0
FCSXX,Fidelity Colchester Street Trust - Treasury Portfolio,1,2,4,10,6,3,2,4,31,-10.0,26.0,Poor,🔥 COILED: Stay away,31,0.0,0.0,0.0,50.0,0,,nan,nan,0.0
FCOXX,Fidelity Colchester Street Trust - Money Market Portfolio,1,2,4,10,6,3,2,4,31,-10.0,26.0,Poor,🔥 COILED: Stay away,31,0.0,0.0,0.0,50.0,0,,nan,nan,0.0
FCVXX,Fidelity Colchester Street Trust - Government Portfolio,1,2,4,10,6,3,2,4,31,-10.0,26.0,Poor,🔥 COILED: Stay away,31,0.0,0.0,0.0,50.0,0,,nan,nan,0.0
FDCXX,Fidelity Newbury Street Trust - Treasury Fund,1,2,4,10,6,3,2,4,31,-10.0,26.0,Poor,🔥 COILED: Stay away,31,0.0,0.0,0.0,50.0,0,,nan,nan,0.0
FDLXX,Fidelity Hereford Street Trust - Fidelity Treasury Only Money Market Fund,1,2,4,10,6,3,2,4,31,-10.0,26.0,Poor,🔥 COILED: Stay away,31,0.0,0.0,0.0,50.0,0,,nan,nan,0.0
FCYXX,Goldman Sachs Trust - Investor Tax-Exempt Money Market Fund,1,2,4,10,6,3,2,4,31,-10.0,26.0,Poor,🔥 COILED: Stay away,31,0.0,0.0,0.0,50.0,0,,nan,nan,0.0
FDEXX,Fidelity Newbury Street Trust - Tax-Exempt Fund,1,2,4,10,6,3,2,4,31,-10.0,26.0,Poor,🔥 COILED: Stay away,31,0.0,0.0,0.0,50.0,0,,nan,nan,0.0
FEDXX,Goldman Sachs Trust - Goldman Sachs Financial Square Federal Fund,1,2,4,10,6,3,2,4,31,-10.0,26.0,Poor,🔥 COILED: Stay away,31,0.0,0.0,0.0,50.0,0,,nan,nan,0.0
FDUXX,Fidelity Newbury Street Trust - Treasury Fund,1,2,4,10,6,3,2,4,31,-10.0,26.0,Poor,🔥 COILED: Stay away,31,0.0,0.0,0.0,50.0,0,,nan,nan,0.0
FEAXX,Goldman Sachs Trust - Goldman Sachs Investor Tax-Exempt Money Market Fund,1,2,4,10,6,3,2,4,31,-10.0,26.0,Poor,🔥 COILED: Stay away,31,0.0,0.0,0.0,50.0,0,,nan,nan,0.0
FEIXX,First American Funds Inc. - Retail Prime Obligations Fund,1,2,4,10,6,3,2,4,31,-10.0,26.0,Poor,🔥 COILED: Stay away,31,0.0,0.0,0.0,50.0,0,,nan,nan,0.0
FESXX,Goldman Sachs Trust - Goldman Sachs Investor Tax-Exempt Money Market Fund,1,2,4,10,6,3,2,4,31,-10.0,26.0,Poor,🔥 COILED: Stay away,31,0.0,0.0,0.0,50.0,0,,nan,nan,0.0
FERXX,Fidelity Newbury Street Trust - Tax-Exempt Fund,1,2,4,10,6,3,2,4,31,-10.0,26.0,Poor,🔥 COILED: Stay away,31,0.0,0.0,0.0,50.0,0,,nan,nan,0.0
FEXXX,Fidelity Colchester Street Trust - Tax-Exempt Portfolio,1,2,4,10,6,3,2,4,31,-10.0,26.0,Poor,🔥 COILED: Stay away,31,0.0,0.0,0.0,50.0,0,,nan,nan,0.0
FETXX,Fidelity Colchester Street Trust - Tax-Exempt Portfolio,1,2,4,10,6,3,2,4,31,-10.0,26.0,Poor,🔥 COILED: Stay away,31,0.0,0.0,0.0,50.0,0,,nan,nan,0.0
FFCXX,First American Funds Inc. - Retail Tax Free Obligations Fund,1,2,4,10,6,3,2,4,31,-10.0,26.0,Poor,🔥 COILED: Stay away,31,0.0,0.0,0.0,50.0,0,,nan,nan,0.0
FGAXX,Goldman Sachs Trust - Goldman Sachs Financial Square Treasury Obligations Fund,1,2,4,10,6,3,2,4,31,-10.0,26.0,Poor,🔥 COILED: Stay away,31,0.0,0.0,0.0,50.0,0,,nan,nan,0.0
FFTXX,Money Market Obligations Trust - Federated Institutional Tax-Free Cash Trust,1,2,4,10,6,3,2,4,31,-10.0,26.0,Poor,🔥 COILED: Stay away,31,0.0,0.0,0.0,50.0,0,,nan,nan,0.0
FGDXX,First American Funds Inc. - Government Obligations Fund,1,2,4,10,6,3,2,4,31,-10.0,26.0,Poor,🔥 COILED: Stay away,31,0.0,0.0,0.0,50.0,0,,nan,nan,0.0
FGEXX,Fidelity Colchester Street Trust - Government Portfolio,1,2,4,10,6,3,2,4,31,-10.0,26.0,Poor,🔥 COILED: Stay away,31,0.0,0.0,0.0,50.0,0,,nan,nan,0.0
FGGXX,Goldman Sachs Trust - Goldman Sachs Financial Square Government Fund,1,2,4,10,6,3,2,4,31,-10.0,26.0,Poor,🔥 COILED: Stay away,31,0.0,0.0,0.0,50.0,0,,nan,nan,0.0
FGNXX,Fidelity Salem Street Trust - Government Money Market Fund,1,2,4,10,6,3,2,4,31,-10.0,26.0,Poor,🔥 COILED: Stay away,31,0.0,0.0,0.0,50.0,0,,nan,nan,0.0
FGUXX,First American Funds Inc. - Government Obligations Fund,1,2,4,10,6,3,2,4,31,-10.0,26.0,Poor,🔥 COILED: Stay away,31,0.0,0.0,0.0,50.0,0,,nan,nan,0.0
FGVXX,First American Funds Inc. - Government Obligations Fund,1,2,4,10,6,3,2,4,31,-10.0,26.0,Poor,🔥 COILED: Stay away,31,0.0,0.0,0.0,50.0,0,,nan,nan,0.0
FHMXX,Goldman Sachs Trust - Investor Money Market Fund,1,2,4,10,6,3,2,4,31,-10.0,26.0,Poor,🔥 COILED: Stay away,31,0.0,0.0,0.0,50.0,0,,nan,nan,0.0
FGZXX,First American Funds Inc. - Government Obligations Fund,1,2,4,10,6,3,2,4,31,-10.0,26.0,Poor,🔥 COILED: Stay away,31,0.0,0.0,0.0,50.0,0,,nan,nan,0.0
FHIXX,First American Funds Inc. - Retail Tax Free Obligations Fund,1,2,4,10,6,3,2,4,31,-10.0,26.0,Poor,🔥 COILED: Stay away,31,0.0,0.0,0.0,50.0,0,,nan,nan,0.0
FHSXX,Goldman Sachs Trust - Investor Money Market Fund,1,2,4,10,6,3,2,4,31,-10.0,26.0,Poor,🔥 COILED: Stay away,31,0.0,0.0,0.0,50.0,0,,nan,nan,0.0
FIHXX,Goldman Sachs Trust - Goldman Sachs Financial Square Federal Fund,1,2,4,10,6,3,2,4,31,-10.0,26.0,Poor,🔥 COILED: Stay away,31,0.0,0.0,0.0,50.0,0,,nan,nan,0.0
FIKXX,Goldman Sachs Trust - Goldman Sachs Financial Square Federal Fund,1,2,4,10,6,3,2,4,31,-10.0,26.0,Poor,🔥 COILED: Stay away,31,0.0,0.0,0.0,50.0,0,,nan,nan,0.0
FIRXX,Goldman Sachs Trust - Goldman Sachs Financial Square Federal Fund,1,2,4,10,6,3,2,4,31,-10.0,26.0,Poor,🔥 COILED: Stay away,31,0.0,0.0,0.0,50.0,0,,nan,nan,0.0
FILXX,Goldman Sachs Trust - Goldman Sachs Financial Square Federal Fund,1,2,4,10,6,3,2,4,31,-10.0,26.0,Poor,🔥 COILED: Stay away,31,0.0,0.0,0.0,50.0,0,,nan,nan,0.0
FIOXX,Goldman Sachs Trust - Goldman Sachs Financial Square Federal Fund,1,2,4,10,6,3,2,4,31,-10.0,26.0,Poor,🔥 COILED: Stay away,31,0.0,0.0,0.0,50.0,0,,nan,nan,0.0
FIWXX,Goldman Sachs Trust - Goldman Sachs Financial Square Federal Fund,1,2,4,10,6,3,2,4,31,-10.0,26.0,Poor,🔥 COILED: Stay away,31,0.0,0.0,0.0,50.0,0,,nan,nan,0.0
FKIXX,Goldman Sachs Trust - Investor Tax-Exempt Money Market Fund,1,2,4,10,6,3,2,4,31,-10.0,26.0,Poor,🔥 COILED: Stay away,31,0.0,0.0,0.0,50.0,0,,nan,nan,0.0
FLIXX,First American Funds Inc. - Treasury Obligations Fund,1,2,4,10,6,3,2,4,31,-10.0,26.0,Poor,🔥 COILED: Stay away,31,0.0,0.0,0.0,50.0,0,,nan,nan,0.0
FMEXX,Goldman Sachs Trust - Investor Money Market Fund,1,2,4,10,6,3,2,4,31,-10.0,26.0,Poor,🔥 COILED: Stay away,31,0.0,0.0,0.0,50.0,0,,nan,nan,0.0
FLPXX,Meeder Funds - Institutional Prime Money Market Fund,1,2,4,10,6,3,2,4,31,-10.0,26.0,Poor,🔥 COILED: Stay away,31,0.0,0.0,0.0,50.0,0,,nan,nan,0.0
FMFXX,Franklin U.S. Government Money Fund,1,2,4,10,6,3,2,4,31,-10.0,26.0,Poor,🔥 COILED: Stay away,31,0.0,0.0,0.0,50.0,0,,nan,nan,0.0
FMAXX,Fidelity Massachusetts Municipal Trust - Fidelity Massachusetts AMT Tax-Free Money Market Fund,1,2,4,10,6,3,2,4,31,-10.0,26.0,Poor,🔥 COILED: Stay away,31,0.0,0.0,0.0,50.0,0,,nan,nan,0.0
FMKXX,Goldman Sachs Trust - Investor Money Market Fund,1,2,4,10,6,3,2,4,31,-10.0,26.0,Poor,🔥 COILED: Stay away,31,0.0,0.0,0.0,50.0,0,,nan,nan,0.0
FMGXX,Goldman Sachs Trust - Investor Money Market Fund,1,2,4,10,6,3,2,4,31,-10.0,26.0,Poor,🔥 COILED: Stay away,31,0.0,0.0,0.0,50.0,0,,nan,nan,0.0
FMOXX,Fidelity Newbury Street Trust - Tax-Exempt Fund,1,2,4,10,6,3,2,4,31,-10.0,26.0,Poor,🔥 COILED: Stay away,31,0.0,0.0,0.0,50.0,0,,nan,nan,0.0
FMPXX,Fidelity Colchester Street Trust - Money Market Portfolio,1,2,4,10,6,3,2,4,31,-10.0,26.0,Poor,🔥 COILED: Stay away,31,0.0,0.0,0.0,50.0,0,,nan,nan,0.0
FMSXX,Fidelity Massachusetts Municipal Trust - Fidelity Massachusetts AMT Tax-Free Money Market Fund,1,2,4,10,6,3,2,4,31,-10.0,26.0,Poor,🔥 COILED: Stay away,31,0.0,0.0,0.0,50.0,0,,nan,nan,0.0
FMQXX,Fidelity Salem Street Trust - Fidelity SAI Municipal Money Market Fund,1,2,4,10,6,3,2,4,31,-10.0,26.0,Poor,🔥 COILED: Stay away,31,0.0,0.0,0.0,50.0,0,,nan,nan,0.0
FNDXX,Federated Private Liquidity Funds-Prime Private Liquidity Fund,1,2,4,10,6,3,2,4,31,-10.0,26.0,Poor,🔥 COILED: Stay away,31,0.0,0.0,0.0,50.0,0,,nan,nan,0.0
FMYXX,Fidelity Colchester Street Trust - Money Market Portfolio,1,2,4,10,6,3,2,4,31,-10.0,26.0,Poor,🔥 COILED: Stay away,31,0.0,0.0,0.0,50.0,0,,nan,nan,0.0
FNKXX,Fidelity New York Municipal Trust II - Fidelity New York AMT Tax-Free Money Market Fund,1,2,4,10,6,3,2,4,31,-10.0,26.0,Poor,🔥 COILED: Stay away,31,0.0,0.0,0.0,50.0,0,,nan,nan,0.0
FNCXX,Money Market Obligations Trust - Federated New York Municipal Cash Trust,1,2,4,10,6,3,2,4,31,-10.0,26.0,Poor,🔥 COILED: Stay away,31,0.0,0.0,0.0,50.0,0,,nan,nan,0.0
FODXX,First American Funds Inc. - U.S. Treasury Money Market Fund,1,2,4,10,6,3,2,4,31,-10.0,26.0,Poor,🔥 COILED: Stay away,31,0.0,0.0,0.0,50.0,0,,nan,nan,0.0
FOAXX,Goldman Sachs Trust - Goldman Sachs Financial Square Government Fund,1,2,4,10,6,3,2,4,31,-10.0,26.0,Poor,🔥 COILED: Stay away,31,0.0,0.0,0.0,50.0,0,,nan,nan,0.0
FOCXX,First American Funds Inc. - Treasury Obligations Fund,1,2,4,10,6,3,2,4,31,-10.0,26.0,Poor,🔥 COILED: Stay away,31,0.0,0.0,0.0,50.0,0,,nan,nan,0.0
FNTXX,Money Market Obligations Trust - Federated New York Municipal Cash Trust,1,2,4,10,6,3,2,4,31,-10.0,26.0,Poor,🔥 COILED: Stay away,31,0.0,0.0,0.0,50.0,0,,nan,nan,0.0
FOIXX,Fidelity Colchester Street Trust - Treasury Only Portfolio,1,2,4,10,6,3,2,4,31,-10.0,26.0,Poor,🔥 COILED: Stay away,31,0.0,0.0,0.0,50.0,0,,nan,nan,0.0
FOEXX,First American Funds Inc. - U.S. Treasury Money Market Fund,1,2,4,10,6,3,2,4,31,-10.0,26.0,Poor,🔥 COILED: Stay away,31,0.0,0.0,0.0,50.0,0,,nan,nan,0.0
FOPXX,Fidelity Colchester Street Trust - Treasury Only Portfolio,1,2,4,10,6,3,2,4,31,-10.0,26.0,Poor,🔥 COILED: Stay away,31,0.0,0.0,0.0,50.0,0,,nan,nan,0.0
FOSXX,Goldman Sachs Trust - Goldman Sachs Financial Square Government Fund,1,2,4,10,6,3,2,4,31,-10.0,26.0,Poor,🔥 COILED: Stay away,31,0.0,0.0,0.0,50.0,0,,nan,nan,0.0
FOXXX,Fidelity Colchester Street Trust - Treasury Only Portfolio,1,2,4,10,6,3,2,4,31,-10.0,26.0,Poor,🔥 COILED: Stay away,31,0.0,0.0,0.0,50.0,0,,nan,nan,0.0
FOZXX,First American Funds Inc. - U.S. Treasury Money Market Fund,1,2,4,10,6,3,2,4,31,-10.0,26.0,Poor,🔥 COILED: Stay away,31,0.0,0.0,0.0,50.0,0,,nan,nan,0.0
FOYXX,First American Funds Inc. - U.S. Treasury Money Market Fund,1,2,4,10,6,3,2,4,31,-10.0,26.0,Poor,🔥 COILED: Stay away,31,0.0,0.0,0.0,50.0,0,,nan,nan,0.0
FRBXX,Fidelity Colchester Street Trust - Treasury Portfolio,1,2,4,10,6,3,2,4,31,-10.0,26.0,Poor,🔥 COILED: Stay away,31,0.0,0.0,0.0,50.0,0,,nan,nan,0.0
FPPXX,First American Funds Inc. - Government Obligations Fund,1,2,4,10,6,3,2,4,31,-10.0,26.0,Poor,🔥 COILED: Stay away,31,0.0,0.0,0.0,50.0,0,,nan,nan,0.0
FPUXX,First American Funds Inc. - Retail Prime Obligations Fund,1,2,4,10,6,3,2,4,31,-10.0,26.0,Poor,🔥 COILED: Stay away,31,0.0,0.0,0.0,50.0,0,,nan,nan,0.0
FRFXX,Money Market Obligations Trust - Federated Hermes Capital Reserve Fund,1,2,4,10,6,3,2,4,31,-10.0,26.0,Poor,🔥 COILED: Stay away,31,0.0,0.0,0.0,50.0,0,,nan,nan,0.0
FRRXX,Franklin U.S. Government Money Fund,1,2,4,10,6,3,2,4,31,-10.0,26.0,Poor,🔥 COILED: Stay away,31,0.0,0.0,0.0,50.0,0,,nan,nan,0.0
FRQXX,Franklin U.S. Government Money Fund,1,2,4,10,6,3,2,4,31,-10.0,26.0,Poor,🔥 COILED: Stay away,31,0.0,0.0,0.0,50.0,0,,nan,nan,0.0
FRSXX,Fidelity Colchester Street Trust - Treasury Only Portfolio,1,2,4,10,6,3,2,4,31,-10.0,26.0,Poor,🔥 COILED: Stay away,31,0.0,0.0,0.0,50.0,0,,nan,nan,0.0
FSBXX,Fidelity California Municipal Trust II - Fidelity California AMT Tax-Free Money Market Fund,1,2,4,10,6,3,2,4,31,-10.0,26.0,Poor,🔥 COILED: Stay away,31,0.0,0.0,0.0,50.0,0,,nan,nan,0.0
FSGXX,Goldman Sachs Trust - Goldman Sachs Financial Square Government Fund,1,2,4,10,6,3,2,4,31,-10.0,26.0,Poor,🔥 COILED: Stay away,31,0.0,0.0,0.0,50.0,0,,nan,nan,0.0
FSJXX,Fidelity Court Street Trust II - Fidelity New Jersey AMT Tax-Free Money Market Fund,1,2,4,10,6,3,2,4,31,-10.0,26.0,Poor,🔥 COILED: Stay away,31,0.0,0.0,0.0,50.0,0,,nan,nan,0.0
FSKXX,Fidelity Court Street Trust II - Fidelity New Jersey AMT Tax-Free Money Market Fund,1,2,4,10,6,3,2,4,31,-10.0,26.0,Poor,🔥 COILED: Stay away,31,0.0,0.0,0.0,50.0,0,,nan,nan,0.0
FSNXX,Fidelity New York Municipal Trust II - Fidelity New York AMT Tax-Free Money Market Fund,1,2,4,10,6,3,2,4,31,-10.0,26.0,Poor,🔥 COILED: Stay away,31,0.0,0.0,0.0,50.0,0,,nan,nan,0.0
FSRXX,Fidelity Newbury Street Trust - Treasury Fund,1,2,4,10,6,3,2,4,31,-10.0,26.0,Poor,🔥 COILED: Stay away,31,0.0,0.0,0.0,50.0,0,,nan,nan,0.0
FSOXX,Goldman Sachs Trust - Goldman Sachs Financial Square Government Fund,1,2,4,10,6,3,2,4,31,-10.0,26.0,Poor,🔥 COILED: Stay away,31,0.0,0.0,0.0,50.0,0,,nan,nan,0.0
FTAXX,First American Funds Inc. - Retail Tax Free Obligations Fund,1,2,4,10,6,3,2,4,31,-10.0,26.0,Poor,🔥 COILED: Stay away,31,0.0,0.0,0.0,50.0,0,,nan,nan,0.0
FTCXX,Fidelity Colchester Street Trust - Tax-Exempt Portfolio,1,2,4,10,6,3,2,4,31,-10.0,26.0,Poor,🔥 COILED: Stay away,31,0.0,0.0,0.0,50.0,0,,nan,nan,0.0
FTDXX,First American Funds Inc. - Treasury Obligations Fund,1,2,4,10,6,3,2,4,31,-10.0,26.0,Poor,🔥 COILED: Stay away,31,0.0,0.0,0.0,50.0,0,,nan,nan,0.0
FTFXX,Money Market Obligations Trust - Federated Institutional Tax-Free Cash Trust,1,2,4,10,6,3,2,4,31,-10.0,26.0,Poor,🔥 COILED: Stay away,31,0.0,0.0,0.0,50.0,0,,nan,nan,0.0
FSXXX,Fidelity Colchester Street Trust - Tax-Exempt Portfolio,1,2,4,10,6,3,2,4,31,-10.0,26.0,Poor,🔥 COILED: Stay away,31,0.0,0.0,0.0,50.0,0,,nan,nan,0.0
FTGXX,First American Funds Inc. - Government Obligations Fund,1,2,4,10,6,3,2,4,31,-10.0,26.0,Poor,🔥 COILED: Stay away,31,0.0,0.0,0.0,50.0,0,,nan,nan,0.0
FTJXX,First American Funds Inc. - Retail Tax Free Obligations Fund,1,2,4,10,6,3,2,4,31,-10.0,26.0,Poor,🔥 COILED: Stay away,31,0.0,0.0,0.0,50.0,0,,nan,nan,0.0
FTKXX,First American Funds Inc. - U.S. Treasury Money Market Fund,1,2,4,10,6,3,2,4,31,-10.0,26.0,Poor,🔥 COILED: Stay away,31,0.0,0.0,0.0,50.0,0,,nan,nan,0.0
FTOXX,Goldman Sachs Trust - Goldman Sachs Financial Square Treasury Obligations Fund,1,2,4,10,6,3,2,4,31,-10.0,26.0,Poor,🔥 COILED: Stay away,31,0.0,0.0,0.0,50.0,0,,nan,nan,0.0
FTQXX,Franklin U.S. Government Money Fund,1,2,4,10,6,3,2,4,31,-10.0,26.0,Poor,🔥 COILED: Stay away,31,0.0,0.0,0.0,50.0,0,,nan,nan,0.0
FTTXX,Fifth Third Funds - Fifth Third US Treasury Money Market Fund,1,2,4,10,6,3,2,4,31,-10.0,26.0,Poor,🔥 COILED: Stay away,31,0.0,0.0,0.0,50.0,0,,nan,nan,0.0
FTUXX,Fidelity Colchester Street Trust - Treasury Portfolio,1,2,4,10,6,3,2,4,31,-10.0,26.0,Poor,🔥 COILED: Stay away,31,0.0,0.0,0.0,50.0,0,,nan,nan,0.0
FTVXX,Fidelity Colchester Street Trust - Treasury Portfolio,1,2,4,10,6,3,2,4,31,-10.0,26.0,Poor,🔥 COILED: Stay away,31,0.0,0.0,0.0,50.0,0,,nan,nan,0.0
FTXXX,Goldman Sachs Trust - Goldman Sachs Investor Tax-Exempt Money Market Fund,1,2,4,10,6,3,2,4,31,-10.0,26.0,Poor,🔥 COILED: Stay away,31,0.0,0.0,0.0,50.0,0,,nan,nan,0.0
FTZXX,First American Funds Inc. - Retail Tax Free Obligations Fund,1,2,4,10,6,3,2,4,31,-10.0,26.0,Poor,🔥 COILED: Stay away,31,0.0,0.0,0.0,50.0,0,,nan,nan,0.0
FTYXX,Fidelity Colchester Street Trust - Treasury Only Portfolio,1,2,4,10,6,3,2,4,31,-10.0,26.0,Poor,🔥 COILED: Stay away,31,0.0,0.0,0.0,50.0,0,,nan,nan,0.0
FUGXX,Invesco Treasurers Series Trust - Invesco Premier U.S. Government Money Portfolio,1,2,4,10,6,3,2,4,31,-10.0,26.0,Poor,🔥 COILED: Stay away,31,0.0,0.0,0.0,50.0,0,,nan,nan,0.0
FUPXX,First American Funds Inc. - Treasury Obligations Fund,1,2,4,10,6,3,2,4,31,-10.0,26.0,Poor,🔥 COILED: Stay away,31,0.0,0.0,0.0,50.0,0,,nan,nan,0.0
FUZXX,First American Funds Inc. - Treasury Obligations Fund,1,2,4,10,6,3,2,4,31,-10.0,26.0,Poor,🔥 COILED: Stay away,31,0.0,0.0,0.0,50.0,0,,nan,nan,0.0
FUIXX,First American Funds Inc. - U.S. Treasury Money Market Fund,1,2,4,10,6,3,2,4,31,-10.0,26.0,Poor,🔥 COILED: Stay away,31,0.0,0.0,0.0,50.0,0,,nan,nan,0.0
FVIXX,First American Funds Inc. - Government Obligations Fund,1,2,4,10,6,3,2,4,31,-10.0,26.0,Poor,🔥 COILED: Stay away,31,0.0,0.0,0.0,50.0,0,,nan,nan,0.0
FVAXX,Goldman Sachs Trust - Goldman Sachs Financial Square Federal Fund,1,2,4,10,6,3,2,4,31,-10.0,26.0,Poor,🔥 COILED: Stay away,31,0.0,0.0,0.0,50.0,0,,nan,nan,0.0
FVSXX,Goldman Sachs Trust - Goldman Sachs Financial Square Federal Fund,1,2,4,10,6,3,2,4,31,-10.0,26.0,Poor,🔥 COILED: Stay away,31,0.0,0.0,0.0,50.0,0,,nan,nan,0.0
FXRXX,First American Funds Inc. - U.S. Treasury Money Market Fund,1,2,4,10,6,3,2,4,31,-10.0,26.0,Poor,🔥 COILED: Stay away,31,0.0,0.0,0.0,50.0,0,,nan,nan,0.0
FYAXX,Goldman Sachs Trust - Goldman Sachs Financial Square Treasury Obligations Fund,1,2,4,10,6,3,2,4,31,-10.0,26.0,Poor,🔥 COILED: Stay away,31,0.0,0.0,0.0,50.0,0,,nan,nan,0.0
FYRXX,First American Funds Inc. - Retail Prime Obligations Fund,1,2,4,10,6,3,2,4,31,-10.0,26.0,Poor,🔥 COILED: Stay away,31,0.0,0.0,0.0,50.0,0,,nan,nan,0.0
FYSXX,Goldman Sachs Trust - Goldman Sachs Financial Square Treasury Instruments Fund,1,2,4,10,6,3,2,4,31,-10.0,26.0,Poor,🔥 COILED: Stay away,31,0.0,0.0,0.0,50.0,0,,nan,nan,0.0
FZAXX,Fidelity Hereford Street Trust - Fidelity Government Money Market Fund,1,2,4,10,6,3,2,4,31,-10.0,26.0,Poor,🔥 COILED: Stay away,31,0.0,0.0,0.0,50.0,0,,nan,nan,0.0
FZEXX,Fidelity Newbury Street Trust - Tax-Exempt Fund,1,2,4,10,6,3,2,4,31,-10.0,26.0,Poor,🔥 COILED: Stay away,31,0.0,0.0,0.0,50.0,0,,nan,nan,0.0
FZBXX,Fidelity Hereford Street Trust - Fidelity Government Money Market Fund,1,2,4,10,6,3,2,4,31,-10.0,26.0,Poor,🔥 COILED: Stay away,31,0.0,0.0,0.0,50.0,0,,nan,nan,0.0
FZFXX,Fidelity Newbury Street Trust - Treasury Fund,1,2,4,10,6,3,2,4,31,-10.0,26.0,Poor,🔥 COILED: Stay away,31,0.0,0.0,0.0,50.0,0,,nan,nan,0.0
GABXX,The Gabelli Money Market Funds - The Gabelli U.S. Treasury Money Market Fund,1,2,4,10,6,3,2,4,31,-10.0,26.0,Poor,🔥 COILED: Stay away,31,0.0,0.0,0.0,50.0,0,,nan,nan,0.0
FZRXX,First American Funds Inc. - Retail Prime Obligations Fund,1,2,4,10,6,3,2,4,31,-10.0,26.0,Poor,🔥 COILED: Stay away,31,0.0,0.0,0.0,50.0,0,,nan,nan,0.0
FZGXX,Fidelity Hereford Street Trust - Fidelity Government Money Market Fund,1,2,4,10,6,3,2,4,31,-10.0,26.0,Poor,🔥 COILED: Stay away,31,0.0,0.0,0.0,50.0,0,,nan,nan,0.0
GBAXX,The Gabelli Money Market Funds - The Gabelli U.S. Treasury Money Market Fund,1,2,4,10,6,3,2,4,31,-10.0,26.0,Poor,🔥 COILED: Stay away,31,0.0,0.0,0.0,50.0,0,,nan,nan,0.0
GBCXX,The Gabelli Money Market Funds - The Gabelli U.S. Treasury Money Market Fund,1,2,4,10,6,3,2,4,31,-10.0,26.0,Poor,🔥 COILED: Stay away,31,0.0,0.0,0.0,50.0,0,,nan,nan,0.0
GCFXX,Goldman Sachs Trust - Goldman Sachs Financial Square Federal Fund,1,2,4,10,6,3,2,4,31,-10.0,26.0,Poor,🔥 COILED: Stay away,31,0.0,0.0,0.0,50.0,0,,nan,nan,0.0
GCIXX,Goldman Sachs Trust - Goldman Sachs Financial Square Treasury Instruments Fund,1,2,4,10,6,3,2,4,31,-10.0,26.0,Poor,🔥 COILED: Stay away,31,0.0,0.0,0.0,50.0,0,,nan,nan,0.0
GCGXX,Goldman Sachs Trust - Goldman Sachs Financial Square Government Fund,1,2,4,10,6,3,2,4,31,-10.0,26.0,Poor,🔥 COILED: Stay away,31,0.0,0.0,0.0,50.0,0,,nan,nan,0.0
GFAXX,SEI Daily Income Trust - Government Fund,1,2,4,10,6,3,2,4,31,-10.0,26.0,Poor,🔥 COILED: Stay away,31,0.0,0.0,0.0,50.0,0,,nan,nan,0.0
GFPXX,Goldman Sachs Trust - Goldman Sachs Financial Square Federal Fund,1,2,4,10,6,3,2,4,31,-10.0,26.0,Poor,🔥 COILED: Stay away,31,0.0,0.0,0.0,50.0,0,,nan,nan,0.0
GCTXX,Goldman Sachs Trust - Goldman Sachs Financial Square Treasury Obligations Fund,1,2,4,10,6,3,2,4,31,-10.0,26.0,Poor,🔥 COILED: Stay away,31,0.0,0.0,0.0,50.0,0,,nan,nan,0.0
GFCXX,Goldman Sachs Trust - Goldman Sachs Financial Square Federal Fund,1,2,4,10,6,3,2,4,31,-10.0,26.0,Poor,🔥 COILED: Stay away,31,0.0,0.0,0.0,50.0,0,,nan,nan,0.0
GGPXX,Goldman Sachs Trust - Goldman Sachs Financial Square Government Fund,1,2,4,10,6,3,2,4,31,-10.0,26.0,Poor,🔥 COILED: Stay away,31,0.0,0.0,0.0,50.0,0,,nan,nan,0.0
GICXX,Goldman Sachs Trust - Goldman Sachs Financial Square Treasury Instruments Fund,1,2,4,10,6,3,2,4,31,-10.0,26.0,Poor,🔥 COILED: Stay away,31,0.0,0.0,0.0,50.0,0,,nan,nan,0.0
GMBXX,General Money Market Fund Inc.,1,2,4,10,6,3,2,4,31,-10.0,26.0,Poor,🔥 COILED: Stay away,31,0.0,0.0,0.0,50.0,0,,nan,nan,0.0
GIPXX,Goldman Sachs Trust - Goldman Sachs Financial Square Treasury Instruments Fund,1,2,4,10,6,3,2,4,31,-10.0,26.0,Poor,🔥 COILED: Stay away,31,0.0,0.0,0.0,50.0,0,,nan,nan,0.0
GMGXX,General Money Market Fund Inc.,1,2,4,10,6,3,2,4,31,-10.0,26.0,Poor,🔥 COILED: Stay away,31,0.0,0.0,0.0,50.0,0,,nan,nan,0.0
GMCXX,AIM Investment Secs Fds (Invesco Invt Secs Fds) - Invesco U.S. Government Money Portfolio,1,2,4,10,6,3,2,4,31,-10.0,26.0,Poor,🔥 COILED: Stay away,31,0.0,0.0,0.0,50.0,0,,nan,nan,0.0
GMIXX,Nationwide Mutual Funds - Nationwide Money Market Fund,1,2,4,10,6,3,2,4,31,-10.0,26.0,Poor,🔥 COILED: Stay away,31,0.0,0.0,0.0,50.0,0,,nan,nan,0.0
GMOXX,AB Fixed-Income Shares Inc. - AB Government Money Market Portfolio,1,2,4,10,6,3,2,4,31,-10.0,26.0,Poor,🔥 COILED: Stay away,31,0.0,0.0,0.0,50.0,0,,nan,nan,0.0
GMLXX,AIM Investment Secs Fds (Invesco Invt Secs Fds) - Invesco U.S. Government Money Portfolio,1,2,4,10,6,3,2,4,31,-10.0,26.0,Poor,🔥 COILED: Stay away,31,0.0,0.0,0.0,50.0,0,,nan,nan,0.0
GMQXX,AIM Investment Secs Fds (Invesco Invt Secs Fds) - Invesco U.S. Government Money Portfolio,1,2,4,10,6,3,2,4,31,-10.0,26.0,Poor,🔥 COILED: Stay away,31,0.0,0.0,0.0,50.0,0,,nan,nan,0.0
GMMXX,General Money Market Fund Inc.,1,2,4,10,6,3,2,4,31,-10.0,26.0,Poor,🔥 COILED: Stay away,31,0.0,0.0,0.0,50.0,0,,nan,nan,0.0
GMRXX,AIM Investment Secs Fds (Invesco Invt Secs Fds) - Invesco U.S. Government Money Portfolio,1,2,4,10,6,3,2,4,31,-10.0,26.0,Poor,🔥 COILED: Stay away,31,0.0,0.0,0.0,50.0,0,,nan,nan,0.0
GMZXX,GuideStone Funds - Money Market Fund,1,2,4,10,6,3,2,4,31,-10.0,26.0,Poor,🔥 COILED: Stay away,31,0.0,0.0,0.0,50.0,0,,nan,nan,0.0
GOAXX,Money Market Obligations Trust - Federated Hermes Government Obligations Tax-Managed Fund,1,2,4,10,6,3,2,4,31,-10.0,26.0,Poor,🔥 COILED: Stay away,31,0.0,0.0,0.0,50.0,0,,nan,nan,0.0
GMYXX,GuideStone Funds - Money Market Fund,1,2,4,10,6,3,2,4,31,-10.0,26.0,Poor,🔥 COILED: Stay away,31,0.0,0.0,0.0,50.0,0,,nan,nan,0.0
GOIXX,Federated Hermes Govt Obl IS,1,2,4,10,6,3,2,4,31,-10.0,26.0,Poor,🔥 COILED: Stay away,31,0.0,0.0,0.0,50.0,0,,nan,nan,0.0
GOFXX,Money Market Obligations Trust - Federated Government Obligations Fund,1,2,4,10,6,3,2,4,31,-10.0,26.0,Poor,🔥 COILED: Stay away,31,0.0,0.0,0.0,50.0,0,,nan,nan,0.0
GOVXX,Money Market Obligations Trust - Federated Government Obligations Fund,1,2,4,10,6,3,2,4,31,-10.0,26.0,Poor,🔥 COILED: Stay away,31,0.0,0.0,0.0,50.0,0,,nan,nan,0.0
GPFXX,Goldman Sachs Trust - Goldman Sachs Financial Square Federal Fund,1,2,4,10,6,3,2,4,31,-10.0,26.0,Poor,🔥 COILED: Stay away,31,0.0,0.0,0.0,50.0,0,,nan,nan,0.0
GOTXX,Money Market Obligations Trust - Federated Hermes Government Obligations Tax-Managed Fund,1,2,4,10,6,3,2,4,31,-10.0,26.0,Poor,🔥 COILED: Stay away,31,0.0,0.0,0.0,50.0,0,,nan,nan,0.0
GPGXX,Goldman Sachs Trust - Goldman Sachs Financial Square Government Fund,1,2,4,10,6,3,2,4,31,-10.0,26.0,Poor,🔥 COILED: Stay away,31,0.0,0.0,0.0,50.0,0,,nan,nan,0.0
GPIXX,Goldman Sachs Trust - Goldman Sachs Financial Square Treasury Instruments Fund,1,2,4,10,6,3,2,4,31,-10.0,26.0,Poor,🔥 COILED: Stay away,31,0.0,0.0,0.0,50.0,0,,nan,nan,0.0
GPOXX,Goldman Sachs Trust - Goldman Sachs Financial Square Treasury Obligations Fund,1,2,4,10,6,3,2,4,31,-10.0,26.0,Poor,🔥 COILED: Stay away,31,0.0,0.0,0.0,50.0,0,,nan,nan,0.0
GPVXX,Short-Term Investment Trust - Invesco Government & Agency Portfolio,1,2,4,10,6,3,2,4,31,-10.0,26.0,Poor,🔥 COILED: Stay away,31,0.0,0.0,0.0,50.0,0,,nan,nan,0.0
GPTXX,Goldman Sachs Trust - Goldman Sachs Investor Tax-Exempt Money Market Fund,1,2,4,10,6,3,2,4,31,-10.0,26.0,Poor,🔥 COILED: Stay away,31,0.0,0.0,0.0,50.0,0,,nan,nan,0.0
GRAXX,Money Market Obligations Trust - Federated Hermes Government Reserves Fund,1,2,4,10,6,3,2,4,31,-10.0,26.0,Poor,🔥 COILED: Stay away,31,0.0,0.0,0.0,50.0,0,,nan,nan,0.0
GRGXX,Money Market Obligations Trust - Federated Hermes Government Reserves Fund,1,2,4,10,6,3,2,4,31,-10.0,26.0,Poor,🔥 COILED: Stay away,31,0.0,0.0,0.0,50.0,0,,nan,nan,0.0
GRCXX,Money Market Obligations Trust - Federated Hermes Government Reserves Fund,1,2,4,10,6,3,2,4,31,-10.0,26.0,Poor,🔥 COILED: Stay away,31,0.0,0.0,0.0,50.0,0,,nan,nan,0.0
GRFXX,Money Market Obligations Trust - Federated Hermes Government Reserves Fund,1,2,4,10,6,3,2,4,31,-10.0,26.0,Poor,🔥 COILED: Stay away,31,0.0,0.0,0.0,50.0,0,,nan,nan,0.0
GSFXX,Goldman Sachs Trust - Goldman Sachs Financial Square Federal Fund,1,2,4,10,6,3,2,4,31,-10.0,26.0,Poor,🔥 COILED: Stay away,31,0.0,0.0,0.0,50.0,0,,nan,nan,0.0
GSIXX,Goldman Sachs Trust - Goldman Sachs Financial Square Treasury Instruments Fund,1,2,4,10,6,3,2,4,31,-10.0,26.0,Poor,🔥 COILED: Stay away,31,0.0,0.0,0.0,50.0,0,,nan,nan,0.0
GSOXX,Goldman Sachs Trust - Goldman Sachs Financial Square Treasury Obligations Fund,1,2,4,10,6,3,2,4,31,-10.0,26.0,Poor,🔥 COILED: Stay away,31,0.0,0.0,0.0,50.0,0,,nan,nan,0.0
GSGXX,Goldman Sachs Trust - Goldman Sachs Financial Square Government Fund,1,2,4,10,6,3,2,4,31,-10.0,26.0,Poor,🔥 COILED: Stay away,31,0.0,0.0,0.0,50.0,0,,nan,nan,0.0
GTSXX,Money Market Obligations Trust - Federated Hermes Government Obligations Tax-Managed Fund,1,2,4,10,6,3,2,4,31,-10.0,26.0,Poor,🔥 COILED: Stay away,31,0.0,0.0,0.0,50.0,0,,nan,nan,0.0
GTRXX,Goldman Sachs Trust - Goldman Sachs Financial Square Treasury Obligations Fund,1,2,4,10,6,3,2,4,31,-10.0,26.0,Poor,🔥 COILED: Stay away,31,0.0,0.0,0.0,50.0,0,,nan,nan,0.0
GTOXX,Goldman Sachs Trust - Goldman Sachs Financial Square Treasury Obligations Fund,1,2,4,10,6,3,2,4,31,-10.0,26.0,Poor,🔥 COILED: Stay away,31,0.0,0.0,0.0,50.0,0,,nan,nan,0.0
GTPXX,Goldman Sachs Trust - Goldman Sachs Financial Square Treasury Obligations Fund,1,2,4,10,6,3,2,4,31,-10.0,26.0,Poor,🔥 COILED: Stay away,31,0.0,0.0,0.0,50.0,0,,nan,nan,0.0
GVCXX,Goldman Sachs Trust - Goldman Sachs Financial Square Government Fund,1,2,4,10,6,3,2,4,31,-10.0,26.0,Poor,🔥 COILED: Stay away,31,0.0,0.0,0.0,50.0,0,,nan,nan,0.0
GVRXX,Goldman Sachs Trust - Goldman Sachs Financial Square Government Fund,1,2,4,10,6,3,2,4,31,-10.0,26.0,Poor,🔥 COILED: Stay away,31,0.0,0.0,0.0,50.0,0,,nan,nan,0.0
GVSXX,State Street Insti U.S. Government Money Market Fd Service Class,1,2,4,10,6,3,2,4,31,-10.0,26.0,Poor,🔥 COILED: Stay away,31,0.0,0.0,0.0,50.0,0,,nan,nan,0.0
GVIXX,Allspring Funds Trust - Allspring Government Money Market Fund,1,2,4,10,6,3,2,4,31,-10.0,26.0,Poor,🔥 COILED: Stay away,31,0.0,0.0,0.0,50.0,0,,nan,nan,0.0
GVVXX,State Street Master Funds - State Street U.S. Government Money Market Portfolio,1,2,4,10,6,3,2,4,31,-10.0,26.0,Poor,🔥 COILED: Stay away,31,0.0,0.0,0.0,50.0,0,,nan,nan,0.0
HBIXX,HSBC Funds - HSBC U.S. Treasury Money Market Fund,1,2,4,10,6,3,2,4,31,-10.0,26.0,Poor,🔥 COILED: Stay away,31,0.0,0.0,0.0,50.0,0,,nan,nan,0.0
HGFXX,HSBC Funds - HSBC U.S. Government Money Market Fund,1,2,4,10,6,3,2,4,31,-10.0,26.0,Poor,🔥 COILED: Stay away,31,0.0,0.0,0.0,50.0,0,,nan,nan,0.0
HDIXX,Homestead Funds Inc. - Daily Income Fund,1,2,4,10,6,3,2,4,31,-10.0,26.0,Poor,🔥 COILED: Stay away,31,0.0,0.0,0.0,50.0,0,,nan,nan,0.0
HGDXX,HSBC Funds - HSBC U.S. Government Money Market Fund,1,2,4,10,6,3,2,4,31,-10.0,26.0,Poor,🔥 COILED: Stay away,31,0.0,0.0,0.0,50.0,0,,nan,nan,0.0
HTDXX,HSBC Funds - HSBC U.S. Treasury Money Market Fund,1,2,4,10,6,3,2,4,31,-10.0,26.0,Poor,🔥 COILED: Stay away,31,0.0,0.0,0.0,50.0,0,,nan,nan,0.0
HGGXX,HSBC Funds - HSBC U.S. Government Money Market Fund,1,2,4,10,6,3,2,4,31,-10.0,26.0,Poor,🔥 COILED: Stay away,31,0.0,0.0,0.0,50.0,0,,nan,nan,0.0
HGIXX,HSBC Funds - HSBC U.S. Government Money Market Fund,1,2,4,10,6,3,2,4,31,-10.0,26.0,Poor,🔥 COILED: Stay away,31,0.0,0.0,0.0,50.0,0,,nan,nan,0.0
HTFXX,HSBC Funds - HSBC U.S. Treasury Money Market Fund,1,2,4,10,6,3,2,4,31,-10.0,26.0,Poor,🔥 COILED: Stay away,31,0.0,0.0,0.0,50.0,0,,nan,nan,0.0
HTGXX,HSBC Funds - HSBC U.S. Treasury Money Market Fund,1,2,4,10,6,3,2,4,31,-10.0,26.0,Poor,🔥 COILED: Stay away,31,0.0,0.0,0.0,50.0,0,,nan,nan,0.0
IATXX,Transamerica Funds - Transamerica Government Money Market,1,2,4,10,6,3,2,4,31,-10.0,26.0,Poor,🔥 COILED: Stay away,31,0.0,0.0,0.0,50.0,0,,nan,nan,0.0
ICAXX,DWS Government Money Market Series - Institutional,1,2,4,10,6,3,2,4,31,-10.0,26.0,Poor,🔥 COILED: Stay away,31,0.0,0.0,0.0,50.0,0,,nan,nan,0.0
HTYXX,HSBC Funds - HSBC U.S. Treasury Money Market Fund,1,2,4,10,6,3,2,4,31,-10.0,26.0,Poor,🔥 COILED: Stay away,31,0.0,0.0,0.0,50.0,0,,nan,nan,0.0
ICTXX,Investors Cash Trust - DWS Treasury Portfolio,1,2,4,10,6,3,2,4,31,-10.0,26.0,Poor,🔥 COILED: Stay away,31,0.0,0.0,0.0,50.0,0,,nan,nan,0.0
IMRXX,AIM Treasurer's Series Trust (Invesco Treasurer's Series Trust) - Invesco Premier Portfolio,1,2,4,10,6,3,2,4,31,-10.0,26.0,Poor,🔥 COILED: Stay away,31,0.0,0.0,0.0,50.0,0,,nan,nan,0.0
IMLXX,Transamerica Funds - Transamerica Government Money Market,1,2,4,10,6,3,2,4,31,-10.0,26.0,Poor,🔥 COILED: Stay away,31,0.0,0.0,0.0,50.0,0,,nan,nan,0.0
INGXX,Legg Mason Partners Institutional Trust - Western Asset Institutional Government Reserves,1,2,4,10,6,3,2,4,31,-10.0,26.0,Poor,🔥 COILED: Stay away,31,0.0,0.0,0.0,50.0,0,,nan,nan,0.0
INVXX,AIM Investment Securities Funds (Invesco Investment Securities Funds) - Government Money Market Fund,1,2,4,10,6,3,2,4,31,-10.0,26.0,Poor,🔥 COILED: Stay away,31,0.0,0.0,0.0,50.0,0,,nan,nan,0.0
INAXX,AIM Investment Securities Funds (Invesco Investment Securities Funds) - Government Money Market Fund,1,2,4,10,6,3,2,4,31,-10.0,26.0,Poor,🔥 COILED: Stay away,31,0.0,0.0,0.0,50.0,0,,nan,nan,0.0
IPPXX,AIM Treasurer's Series Trust (Invesco Treasurer's Series Trust) - Invesco Premier Portfolio,1,2,4,10,6,3,2,4,31,-10.0,26.0,Poor,🔥 COILED: Stay away,31,0.0,0.0,0.0,50.0,0,,nan,nan,0.0
IPVXX,AIM Treasurer's Series Trust (Invesco Treasurer's Series Trust) - Invesco Premier Portfolio,1,2,4,10,6,3,2,4,31,-10.0,26.0,Poor,🔥 COILED: Stay away,31,0.0,0.0,0.0,50.0,0,,nan,nan,0.0
IPTXX,AIM Treasurer's Series Trust (Invesco Treasurer's Series Trust) - Invesco Premier Portfolio,1,2,4,10,6,3,2,4,31,-10.0,26.0,Poor,🔥 COILED: Stay away,31,0.0,0.0,0.0,50.0,0,,nan,nan,0.0
IRCXX,AIM Treasurer's Series Trust (Invesco Treasurer's Series Trust) - Invesco Premier Portfolio,1,2,4,10,6,3,2,4,31,-10.0,26.0,Poor,🔥 COILED: Stay away,31,0.0,0.0,0.0,50.0,0,,nan,nan,0.0
IRVXX,AIM Treasurer's Series Trust (Invesco Treasurer's Series Trust) - Invesco Premier Portfolio,1,2,4,10,6,3,2,4,31,-10.0,26.0,Poor,🔥 COILED: Stay away,31,0.0,0.0,0.0,50.0,0,,nan,nan,0.0
ISSXX,Federated Private Liquidity Funds-Prime Private Liquidity Fund,1,2,4,10,6,3,2,4,31,-10.0,26.0,Poor,🔥 COILED: Stay away,31,0.0,0.0,0.0,50.0,0,,nan,nan,0.0
ITVXX,Investors Cash Trust - DWS Treasury Portfolio,1,2,4,10,6,3,2,4,31,-10.0,26.0,Poor,🔥 COILED: Stay away,31,0.0,0.0,0.0,50.0,0,,nan,nan,0.0
IUSXX,Treasury Portfolio - Deutsche U.S. Treasury Money Fund,1,2,4,10,6,3,2,4,31,-10.0,26.0,Poor,🔥 COILED: Stay away,31,0.0,0.0,0.0,50.0,0,,nan,nan,0.0
IVMXX,Voya Government Money Market Portfolio,1,2,4,10,6,3,2,4,31,-10.0,26.0,Poor,🔥 COILED: Stay away,31,0.0,0.0,0.0,50.0,0,,nan,nan,0.0
JAMXX,Janus Investment Fund - Janus Money Market Fund,1,2,4,10,6,3,2,4,31,-10.0,26.0,Poor,🔥 COILED: Stay away,31,0.0,0.0,0.0,50.0,0,,nan,nan,0.0
JHOXX,John Hancock Variable Insurance Trust - Money Market Trust,1,2,4,10,6,3,2,4,31,-10.0,26.0,Poor,🔥 COILED: Stay away,31,0.0,0.0,0.0,50.0,0,,nan,nan,0.0
JNMXX,Janus Investment Fund - Janus Money Market Fund,1,2,4,10,6,3,2,4,31,-10.0,26.0,Poor,🔥 COILED: Stay away,31,0.0,0.0,0.0,50.0,0,,nan,nan,0.0
JMCXX,John Hancock Money Market Fund Class C,1,2,4,10,6,3,2,4,31,-10.0,26.0,Poor,🔥 COILED: Stay away,31,0.0,0.0,0.0,50.0,0,,nan,nan,0.0
JNSXX,Edward Jones Money Market Fund,1,2,4,10,6,3,2,4,31,-10.0,26.0,Poor,🔥 COILED: Stay away,31,0.0,0.0,0.0,50.0,0,,nan,nan,0.0
JRSXX,ftse-kicks-2011-off-boosted-by-oil-manufacturing.aspx,1,2,4,10,6,3,2,4,31,-10.0,26.0,Poor,🔥 COILED: Stay away,31,0.0,0.0,0.0,50.0,0,,nan,nan,0.0
LACXX,Lord Abbett U.S. Govt & Govt Sponsored Enterprises Money Mkt Fd Inc.,1,2,4,10,6,3,2,4,31,-10.0,26.0,Poor,🔥 COILED: Stay away,31,0.0,0.0,0.0,50.0,0,,nan,nan,0.0
KMMXX,DWS Money Market Prime Series - DWS Money Market Fund,1,2,4,10,6,3,2,4,31,-10.0,26.0,Poor,🔥 COILED: Stay away,31,0.0,0.0,0.0,50.0,0,,nan,nan,0.0
LAIXX,Legg Mason Partners Institutional Trust - U.S. Treasury Obligations Money Market Fund,1,2,4,10,6,3,2,4,31,-10.0,26.0,Poor,🔥 COILED: Stay away,31,0.0,0.0,0.0,50.0,0,,nan,nan,0.0
LAYXX,Lord Abbett U.S. Govt & Govt Sponsored Entpr MMkt Fd Cl I,1,2,4,10,6,3,2,4,31,-10.0,26.0,Poor,🔥 COILED: Stay away,31,0.0,0.0,0.0,50.0,0,,nan,nan,0.0
LCCXX,Lord Abbett U.S. Government & Government Sponsored Enterprises Money Market Fund,1,2,4,10,6,3,2,4,31,-10.0,26.0,Poor,🔥 COILED: Stay away,31,0.0,0.0,0.0,50.0,0,,nan,nan,0.0
LGRXX,Legg Mason Partners Institutional Trust - Western Asset Institutional Government Reserves,1,2,4,10,6,3,2,4,31,-10.0,26.0,Poor,🔥 COILED: Stay away,31,0.0,0.0,0.0,50.0,0,,nan,nan,0.0
LAOXX,Legg Mason Partners Institutional Trust - U.S. Treasury Obligations Money Market Fund,1,2,4,10,6,3,2,4,31,-10.0,26.0,Poor,🔥 COILED: Stay away,31,0.0,0.0,0.0,50.0,0,,nan,nan,0.0
LTRXX,Legg Mason Partners Institutional Trust - Western Asset Institutional U.S. Treasury Reserves,1,2,4,10,6,3,2,4,31,-10.0,26.0,Poor,🔥 COILED: Stay away,31,0.0,0.0,0.0,50.0,0,,nan,nan,0.0
LTFXX,LeggMason Partners Institutional Trust - Western Asset Institutional Tax Free Reserves,1.0,4,4,8,6,3,2,4,31,-10.0,26.0,Poor,🔥 COILED: Stay away,30,0.0,0.0,-0.0,48.1,0,,nan,nan,0.0
LUIXX,Legg Mason Partners Institutional Trust - U.S. Treasury Obligations Money Market Fund,1,2,4,10,6,3,2,4,31,-10.0,26.0,Poor,🔥 COILED: Stay away,31,0.0,0.0,0.0,50.0,0,,nan,nan,0.0
LWPXX,Legg Mason Partners Institutional Trust - Western Asset Institutional Government Reserves,1,2,4,10,6,3,2,4,31,-10.0,26.0,Poor,🔥 COILED: Stay away,31,0.0,0.0,0.0,50.0,0,,nan,nan,0.0
MAAXX,Money Market Fund,1,2,4,10,6,3,2,4,31,-10.0,26.0,Poor,🔥 COILED: Stay away,31,0.0,0.0,0.0,50.0,0,,nan,nan,0.0
MAMXX,Morgan Stanley Institutional Liquidity Funds - Treasury Securities Portfolio,1,2,4,10,6,3,2,4,31,-10.0,26.0,Poor,🔥 COILED: Stay away,31,0.0,0.0,0.0,50.0,0,,nan,nan,0.0
MAOXX,Morgan Stanley Institutional Liquidity Funds - Treasury Portfolio,1,2,4,10,6,3,2,4,31,-10.0,26.0,Poor,🔥 COILED: Stay away,31,0.0,0.0,0.0,50.0,0,,nan,nan,0.0
MAYXX,Morgan Stanley Institutional Liquidity Funds -  Government Portfolio,1,2,4,10,6,3,2,4,31,-10.0,26.0,Poor,🔥 COILED: Stay away,31,0.0,0.0,0.0,50.0,0,,nan,nan,0.0
MCBXX,BlackRock Financial Institutions Series Trust - BlackRock Summit Cash Reserves Fund,1,2,4,10,6,3,2,4,31,-10.0,26.0,Poor,🔥 COILED: Stay away,31,0.0,0.0,0.0,50.0,0,,nan,nan,0.0
MCCXX,MFS Series Trust I - MFS U.S. Government Cash Reserve Fund,1,2,4,10,6,3,2,4,31,-10.0,26.0,Poor,🔥 COILED: Stay away,31,0.0,0.0,0.0,50.0,0,,nan,nan,0.0
MCHXX,Morgan Stanley Institutional Liquidity Funds - Government Securities Portfolio,1,2,4,10,6,3,2,4,31,-10.0,26.0,Poor,🔥 COILED: Stay away,31,0.0,0.0,0.0,50.0,0,,nan,nan,0.0
MCPXX,BlackRock Liquidity Funds MuniCash - Capital,1,2,4,10,6,3,2,4,31,-10.0,26.0,Poor,🔥 COILED: Stay away,31,0.0,0.0,0.0,50.0,0,,nan,nan,0.0
MCDXX,BlackRock Liquidity Funds - MuniCash,1,2,4,10,6,3,2,4,31,-10.0,26.0,Poor,🔥 COILED: Stay away,31,0.0,0.0,0.0,50.0,0,,nan,nan,0.0
MCMXX,MFS Series Trust IV - MFS U.S. Government Money Market Fund,1,2,4,10,6,3,2,4,31,-10.0,26.0,Poor,🔥 COILED: Stay away,31,0.0,0.0,0.0,50.0,0,,nan,nan,0.0
MCRXX,MFS Series Trust I - MFS U.S. Government Cash Reserve Fund,1,2,4,10,6,3,2,4,31,-10.0,26.0,Poor,🔥 COILED: Stay away,31,0.0,0.0,0.0,50.0,0,,nan,nan,0.0
MFSXX,Money Market Obligations Trust - Federated Municipal Obligations Fund,1,2,4,10,6,3,2,4,31,-10.0,26.0,Poor,🔥 COILED: Stay away,31,0.0,0.0,0.0,50.0,0,,nan,nan,0.0
MFCXX,Money Market Obligations Trust - Federated Municipal Obligations Fund,1,2,4,10,6,3,2,4,31,-10.0,26.0,Poor,🔥 COILED: Stay away,31,0.0,0.0,0.0,50.0,0,,nan,nan,0.0
MGOXX,Morgan Stanley Institutional Liquidity Funds -  Government Portfolio,1,2,4,10,6,3,2,4,31,-10.0,26.0,Poor,🔥 COILED: Stay away,31,0.0,0.0,0.0,50.0,0,,nan,nan,0.0
MGAXX,Morgan Stanley Institutional Liquidity Funds - Government Securities Portfolio,1,2,4,10,6,3,2,4,31,-10.0,26.0,Poor,🔥 COILED: Stay away,31,0.0,0.0,0.0,50.0,0,,nan,nan,0.0
MGPXX,Morgan Stanley Institutional Liquidity Funds - Government Securities Portfolio,1,2,4,10,6,3,2,4,31,-10.0,26.0,Poor,🔥 COILED: Stay away,31,0.0,0.0,0.0,50.0,0,,nan,nan,0.0
MGSXX,Morgan Stanley Institutional Liquidity Funds -  Government Portfolio,1,2,4,10,6,3,2,4,31,-10.0,26.0,Poor,🔥 COILED: Stay away,31,0.0,0.0,0.0,50.0,0,,nan,nan,0.0
MIFXX,Nationwide Mutual Funds - Nationwide Money Market Fund,1,2,4,10,6,3,2,4,31,-10.0,26.0,Poor,🔥 COILED: Stay away,31,0.0,0.0,0.0,50.0,0,,nan,nan,0.0
MHSXX,Morgan Stanley Institutional Liquidity Funds - Treasury Portfolio,1,2,4,10,6,3,2,4,31,-10.0,26.0,Poor,🔥 COILED: Stay away,31,0.0,0.0,0.0,50.0,0,,nan,nan,0.0
MIPXX,The MainStay Funds - MainStay Money Market Fund,1,2,4,10,6,3,2,4,31,-10.0,26.0,Poor,🔥 COILED: Stay away,31,0.0,0.0,0.0,50.0,0,,nan,nan,0.0
MJLXX,JPMorgan Trust II - JPMorgan Liquid Assets Money Market Fund,1,2,4,10,6,3,2,4,31,-10.0,26.0,Poor,🔥 COILED: Stay away,31,0.0,0.0,0.0,50.0,0,,nan,nan,0.0
MJAXX,Prudential Government Money Market Fund Inc.,1,2,4,10,6,3,2,4,31,-10.0,26.0,Poor,🔥 COILED: Stay away,31,0.0,0.0,0.0,50.0,0,,nan,nan,0.0
MJCXX,Prudential Government Money Market Fund Inc.,1,2,4,10,6,3,2,4,31,-10.0,26.0,Poor,🔥 COILED: Stay away,31,0.0,0.0,0.0,50.0,0,,nan,nan,0.0
MMIXX,Wells Fargo Funds Trust - National Tax-Free Money Market Fund,1,2,4,10,6,3,2,4,31,-10.0,26.0,Poor,🔥 COILED: Stay away,31,0.0,0.0,0.0,50.0,0,,nan,nan,0.0
MNVXX,Morgan Stanley Institutional Liquidity Funds - Treasury Securities Portfolio,1,2,4,10,6,3,2,4,31,-10.0,26.0,Poor,🔥 COILED: Stay away,31,0.0,0.0,0.0,50.0,0,,nan,nan,0.0
MODXX,Money Market Obligations Trust - Federated Municipal Obligations Fund,1,2,4,10,6,3,2,4,31,-10.0,26.0,Poor,🔥 COILED: Stay away,31,0.0,0.0,0.0,50.0,0,,nan,nan,0.0
MOFXX,Money Market Obligations Trust - Federated Municipal Obligations Fund,1,2,4,10,6,3,2,4,31,-10.0,26.0,Poor,🔥 COILED: Stay away,31,0.0,0.0,0.0,50.0,0,,nan,nan,0.0
MOIXX,Money Market Obligations Trust - Federated Municipal Obligations Fund,1,2,4,10,6,3,2,4,31,-10.0,26.0,Poor,🔥 COILED: Stay away,31,0.0,0.0,0.0,50.0,0,,nan,nan,0.0
MOSXX,Money Market Obligations Trust - Federated Municipal Obligations Fund,1,2,4,10,6,3,2,4,31,-10.0,26.0,Poor,🔥 COILED: Stay away,31,0.0,0.0,0.0,50.0,0,,nan,nan,0.0
MPCXX,Morgan Stanley Institutional Liquidity Funds -  Government Portfolio,1,2,4,10,6,3,2,4,31,-10.0,26.0,Poor,🔥 COILED: Stay away,31,0.0,0.0,0.0,50.0,0,,nan,nan,0.0
MOTXX,Money Market Obligations Trust - Federated Municipal Obligations Fund,1,2,4,10,6,3,2,4,31,-10.0,26.0,Poor,🔥 COILED: Stay away,31,0.0,0.0,0.0,50.0,0,,nan,nan,0.0
MPMXX,Morgan Stanley Institutional Liquidity Funds - Prime Portfolio,1,2,4,10,6,3,2,4,31,-10.0,26.0,Poor,🔥 COILED: Stay away,31,0.0,0.0,0.0,50.0,0,,nan,nan,0.0
MPIXX,ProFunds - Money Market ProFund,1,2,4,10,6,3,2,4,31,-10.0,26.0,Poor,🔥 COILED: Stay away,31,0.0,0.0,0.0,50.0,0,,nan,nan,0.0
MPSXX,ProFunds - Money Market ProFund,1,2,4,10,6,3,2,4,31,-10.0,26.0,Poor,🔥 COILED: Stay away,31,0.0,0.0,0.0,50.0,0,,nan,nan,0.0
MPNXX,Morgan Stanley Institutional Liquidity Funds - Prime Portfolio,1,2,4,10,6,3,2,4,31,-10.0,26.0,Poor,🔥 COILED: Stay away,31,0.0,0.0,0.0,50.0,0,,nan,nan,0.0
MPVXX,Morgan Stanley Institutional Liquidity Funds - Prime Portfolio,1,2,4,10,6,3,2,4,31,-10.0,26.0,Poor,🔥 COILED: Stay away,31,0.0,0.0,0.0,50.0,0,,nan,nan,0.0
MPRXX,Morgan Stanley Institutional Liquidity Funds - Treasury Securities Portfolio,1,2,4,10,6,3,2,4,31,-10.0,26.0,Poor,🔥 COILED: Stay away,31,0.0,0.0,0.0,50.0,0,,nan,nan,0.0
MSCXX,The MainStay Funds - MainStay Money Market Fund,1,2,4,10,6,3,2,4,31,-10.0,26.0,Poor,🔥 COILED: Stay away,31,0.0,0.0,0.0,50.0,0,,nan,nan,0.0
MSAXX,BlackRock Summit Cash Reserves Fund Cl A,1,2,4,10,6,3,2,4,31,-10.0,26.0,Poor,🔥 COILED: Stay away,31,0.0,0.0,0.0,50.0,0,,nan,nan,0.0
MREXX,Morgan Stanley Institutional Liquidity Funds - Treasury Portfolio,1,2,4,10,6,3,2,4,31,-10.0,26.0,Poor,🔥 COILED: Stay away,31,0.0,0.0,0.0,50.0,0,,nan,nan,0.0
MSEXX,Morgan Stanley Institutional Liquidity Funds - Treasury Securities Portfolio,1,2,4,10,6,3,2,4,31,-10.0,26.0,Poor,🔥 COILED: Stay away,31,0.0,0.0,0.0,50.0,0,,nan,nan,0.0
MSGXX,Morgan Stanley Institutional Liquidity Funds -  Government Portfolio,1,2,4,10,6,3,2,4,31,-10.0,26.0,Poor,🔥 COILED: Stay away,31,0.0,0.0,0.0,50.0,0,,nan,nan,0.0
MSDXX,Morgan Stanley Institutional Liquidity Funds -  Government Portfolio,1,2,4,10,6,3,2,4,31,-10.0,26.0,Poor,🔥 COILED: Stay away,31,0.0,0.0,0.0,50.0,0,,nan,nan,0.0
MSIXX,MainStay Funds Trust - Cash Reserves Sweeps Fund,1,2,4,10,6,3,2,4,31,-10.0,26.0,Poor,🔥 COILED: Stay away,31,0.0,0.0,0.0,50.0,0,,nan,nan,0.0
MSTXX,Morgan Stanley Institutional Liquidity Funds - Treasury Portfolio,1,2,4,10,6,3,2,4,31,-10.0,26.0,Poor,🔥 COILED: Stay away,31,0.0,0.0,0.0,50.0,0,,nan,nan,0.0
MSRXX,MFS Series Trust I - MFS U.S. Government Cash Reserve Fund,1,2,4,10,6,3,2,4,31,-10.0,26.0,Poor,🔥 COILED: Stay away,31,0.0,0.0,0.0,50.0,0,,nan,nan,0.0
MSSXX,Morgan Stanley Institutional Liquidity Funds - Treasury Securities Portfolio,1,2,4,10,6,3,2,4,31,-10.0,26.0,Poor,🔥 COILED: Stay away,31,0.0,0.0,0.0,50.0,0,,nan,nan,0.0
MSUXX,Morgan Stanley Institutional Liquidity Funds - Treasury Portfolio,1,2,4,10,6,3,2,4,31,-10.0,26.0,Poor,🔥 COILED: Stay away,31,0.0,0.0,0.0,50.0,0,,nan,nan,0.0
MSVXX,Morgan Stanley Institutional Liquidity Funds - Government Securities Portfolio,1,2,4,10,6,3,2,4,31,-10.0,26.0,Poor,🔥 COILED: Stay away,31,0.0,0.0,0.0,50.0,0,,nan,nan,0.0
MTCXX,Morgan Stanley Institutional Liquidity Funds - Treasury Portfolio,1,2,4,10,6,3,2,4,31,-10.0,26.0,Poor,🔥 COILED: Stay away,31,0.0,0.0,0.0,50.0,0,,nan,nan,0.0
MTNXX,Morgan Stanley Institutional Liquidity Funds - Treasury Portfolio,1,2,4,10,6,3,2,4,31,-10.0,26.0,Poor,🔥 COILED: Stay away,31,0.0,0.0,0.0,50.0,0,,nan,nan,0.0
MTSXX,Morgan Stanley Institutional Liquidity Funds - Treasury Portfolio,1,2,4,10,6,3,2,4,31,-10.0,26.0,Poor,🔥 COILED: Stay away,31,0.0,0.0,0.0,50.0,0,,nan,nan,0.0
MTTXX,Morgan Stanley Institutional Liquidity Funds - Treasury Portfolio,1,2,4,10,6,3,2,4,31,-10.0,26.0,Poor,🔥 COILED: Stay away,31,0.0,0.0,0.0,50.0,0,,nan,nan,0.0
MVAXX,Morgan Stanley Institutional Liquidity Funds - Government Securities Portfolio,1,2,4,10,6,3,2,4,31,-10.0,26.0,Poor,🔥 COILED: Stay away,31,0.0,0.0,0.0,50.0,0,,nan,nan,0.0
MVYXX,Morgan Stanley Institutional Liquidity Funds - Treasury Portfolio,1,2,4,10,6,3,2,4,31,-10.0,26.0,Poor,🔥 COILED: Stay away,31,0.0,0.0,0.0,50.0,0,,nan,nan,0.0
MUIXX,Morgan Stanley Institutional Liquidity Funds - Government Securities Portfolio,1,2,4,10,6,3,2,4,31,-10.0,26.0,Poor,🔥 COILED: Stay away,31,0.0,0.0,0.0,50.0,0,,nan,nan,0.0
MVIXX,Morgan Stanley Institutional Liquidity Funds - Government Securities Portfolio,1,2,4,10,6,3,2,4,31,-10.0,26.0,Poor,🔥 COILED: Stay away,31,0.0,0.0,0.0,50.0,0,,nan,nan,0.0
MVVXX,Morgan Stanley Institutional Liquidity Funds -  Government Portfolio,1,2,4,10,6,3,2,4,31,-10.0,26.0,Poor,🔥 COILED: Stay away,31,0.0,0.0,0.0,50.0,0,,nan,nan,0.0
NISXX,Money Market Obligations Trust - Federated New York Municipal Cash Trust,1,2,4,10,6,3,2,4,31,-10.0,26.0,Poor,🔥 COILED: Stay away,31,0.0,0.0,0.0,50.0,0,,nan,nan,0.0
MYMXX,AB Fixed-Income Shares Inc. - AB Government Money Market Portfolio,1,2,4,10,6,3,2,4,31,-10.0,26.0,Poor,🔥 COILED: Stay away,31,0.0,0.0,0.0,50.0,0,,nan,nan,0.0
NCGXX,North Capital Funds Trust - Treasury Money Market Fund,1,2,4,10,6,3,2,4,31,-10.0,26.0,Poor,🔥 COILED: Stay away,31,0.0,0.0,0.0,50.0,0,,nan,nan,0.0
NITXX,Northern Institutional Funds - Treasury Portfolio,1,2,4,10,6,3,2,4,31,-10.0,26.0,Poor,🔥 COILED: Stay away,31,0.0,0.0,0.0,50.0,0,,nan,nan,0.0
NOGXX,Northern Funds - U.S. Government Money Market Fund,1,2,4,10,6,3,2,4,31,-10.0,26.0,Poor,🔥 COILED: Stay away,31,0.0,0.0,0.0,50.0,0,,nan,nan,0.0
NOSXX,Northern Funds - U.S. Government Select Money Market Fund,1,2,4,10,6,3,2,4,31,-10.0,26.0,Poor,🔥 COILED: Stay away,31,0.0,0.0,0.0,50.0,0,,nan,nan,0.0
NTPXX,Northern Institutional Funds - Treasury Portfolio,1,2,4,10,6,3,2,4,31,-10.0,26.0,Poor,🔥 COILED: Stay away,31,0.0,0.0,0.0,50.0,0,,nan,nan,0.0
NWGXX,Allspring Funds Trust - Allspring Government Money Market Fund,1,2,4,10,6,3,2,4,31,-10.0,26.0,Poor,🔥 COILED: Stay away,31,0.0,0.0,0.0,50.0,0,,nan,nan,0.0
NWSXX,Nationwide Mutual Funds - Nationwide Money Market Fund,1,2,4,10,6,3,2,4,31,-10.0,26.0,Poor,🔥 COILED: Stay away,31,0.0,0.0,0.0,50.0,0,,nan,nan,0.0
NWTXX,Wells Fargo Funds Trust - 100% Treasury Money Market Fund,1,2,4,10,6,3,2,4,31,-10.0,26.0,Poor,🔥 COILED: Stay away,31,0.0,0.0,0.0,50.0,0,,nan,nan,0.0
NYCXX,Money Market Obligations Trust - New York Cash II Fund,1,2,4,10,6,3,2,4,31,-10.0,26.0,Poor,🔥 COILED: Stay away,31,0.0,0.0,0.0,50.0,0,,nan,nan,0.0
OMBXX,AIM Investment Secs Fds (Invesco Invt Secs Fds) - Invesco U.S. Government Money Portfolio,1,2,4,10,6,3,2,4,31,-10.0,26.0,Poor,🔥 COILED: Stay away,31,0.0,0.0,0.0,50.0,0,,nan,nan,0.0
PBMXX,Prudential Government Money Market Fund Inc.,1,2,4,10,6,3,2,4,31,-10.0,26.0,Poor,🔥 COILED: Stay away,31,0.0,0.0,0.0,50.0,0,,nan,nan,0.0
PBHXX,The Payden & Rygel Investment Group - Payden Cash Reserves Money Market Fund,1,2,4,10,6,3,2,4,31,-10.0,26.0,Poor,🔥 COILED: Stay away,31,0.0,0.0,0.0,50.0,0,,nan,nan,0.0
PCEXX,PACE Select Advisors Trust - PACE Money Market Investments,1,2,4,10,6,3,2,4,31,-10.0,26.0,Poor,🔥 COILED: Stay away,31,0.0,0.0,0.0,50.0,0,,nan,nan,0.0
PCOXX,Money Market Obligations Trust - Federated Prime Cash Obligations Fund,1,2,4,10,6,3,2,4,31,-10.0,26.0,Poor,🔥 COILED: Stay away,31,0.0,0.0,0.0,50.0,0,,nan,nan,0.0
PCUXX,Fundvantage Trust - Pac Capital US Government Money Market Fund,1,2,4,10,6,3,2,4,31,-10.0,26.0,Poor,🔥 COILED: Stay away,31,0.0,0.0,0.0,50.0,0,,nan,nan,0.0
PCSXX,Principal Fds Inc. Money Market Fd A Cl,1,2,4,10,6,3,2,4,31,-10.0,26.0,Poor,🔥 COILED: Stay away,31,0.0,0.0,0.0,50.0,0,,nan,nan,0.0
PCVXX,Money Market Obligations Trust - Federated Prime Cash Obligations Fund,1,2,4,10,6,3,2,4,31,-10.0,26.0,Poor,🔥 COILED: Stay away,31,0.0,0.0,0.0,50.0,0,,nan,nan,0.0
PFCXX,Putnam Money Market Fund,1,2,4,10,6,3,2,4,31,-10.0,26.0,Poor,🔥 COILED: Stay away,31,0.0,0.0,0.0,50.0,0,,nan,nan,0.0
PGFXX,PIMCO Funds - PIMCO Government Money Market Fund,1,2,4,10,6,3,2,4,31,-10.0,26.0,Poor,🔥 COILED: Stay away,31,0.0,0.0,0.0,50.0,0,,nan,nan,0.0
PGDXX,Putnam Investment Funds - Government Money Market Fund,1,2,4,10,6,3,2,4,31,-10.0,26.0,Poor,🔥 COILED: Stay away,31,0.0,0.0,0.0,50.0,0,,nan,nan,0.0
PGKXX,Putnam Investment Funds - Government Money Market Fund,1,2,4,10,6,3,2,4,31,-10.0,26.0,Poor,🔥 COILED: Stay away,31,0.0,0.0,0.0,50.0,0,,nan,nan,0.0
PGLXX,Putnam Investment Funds - Government Money Market Fund,1,2,4,10,6,3,2,4,31,-10.0,26.0,Poor,🔥 COILED: Stay away,31,0.0,0.0,0.0,50.0,0,,nan,nan,0.0
PGEXX,Putnam Investment Funds - Government Money Market Fund,1,2,4,10,6,3,2,4,31,-10.0,26.0,Poor,🔥 COILED: Stay away,31,0.0,0.0,0.0,50.0,0,,nan,nan,0.0
PGOXX,PIMCO Funds - PIMCO Government Money Market Fund,1,2,4,10,6,3,2,4,31,-10.0,26.0,Poor,🔥 COILED: Stay away,31,0.0,0.0,0.0,50.0,0,,nan,nan,0.0
PGRXX,Putnam Investment Funds - Government Money Market Fund,1,2,4,10,6,3,2,4,31,-10.0,26.0,Poor,🔥 COILED: Stay away,31,0.0,0.0,0.0,50.0,0,,nan,nan,0.0
PGYXX,PIMCO Funds - PIMCO Government Money Market Fund,1,2,4,10,6,3,2,4,31,-10.0,26.0,Poor,🔥 COILED: Stay away,31,0.0,0.0,0.0,50.0,0,,nan,nan,0.0
PGPXX,PIMCO Funds - PIMCO Government Money Market Fund,1,2,4,10,6,3,2,4,31,-10.0,26.0,Poor,🔥 COILED: Stay away,31,0.0,0.0,0.0,50.0,0,,nan,nan,0.0
PIFXX,Plan Investment Fund Inc. - Government Portfolio,1,2,4,10,6,3,2,4,31,-10.0,26.0,Poor,🔥 COILED: Stay away,31,0.0,0.0,0.0,50.0,0,,nan,nan,0.0
PISXX,Wells Fargo Funds Trust - Treasury Plus Money Market Fund,1,2,4,10,6,3,2,4,31,-10.0,26.0,Poor,🔥 COILED: Stay away,31,0.0,0.0,0.0,50.0,0,,nan,nan,0.0
PINXX,BlackRock Funds - BlackRock Wealth Liquid Environmentally Aware Fund,1,2,4,10,6,3,2,4,31,-10.0,26.0,Poor,🔥 COILED: Stay away,31,0.0,0.0,0.0,50.0,0,,nan,nan,0.0
PIVXX,Wells Fargo Funds Trust - Treasury Plus Money Market Fund,1,2,4,10,6,3,2,4,31,-10.0,26.0,Poor,🔥 COILED: Stay away,31,0.0,0.0,0.0,50.0,0,,nan,nan,0.0
PMJXX,Principal Fds Inc. Money Market Fd J Cl,1,2,4,10,6,3,2,4,31,-10.0,26.0,Poor,🔥 COILED: Stay away,31,0.0,0.0,0.0,50.0,0,,nan,nan,0.0
PMZXX,Prudential Government Money Market Fund Inc.,1,2,4,10,6,3,2,4,31,-10.0,26.0,Poor,🔥 COILED: Stay away,31,0.0,0.0,0.0,50.0,0,,nan,nan,0.0
PMTXX,Pioneer Money Market Trust - Pioneer U.S. Government Money Market Fund,1,2,4,10,6,3,2,4,31,-10.0,26.0,Poor,🔥 COILED: Stay away,31,0.0,0.0,0.0,50.0,0,,nan,nan,0.0
PRMXX,Federated Private Liquidity Funds-Prime Private Liquidity Fund,1,2,4,10,6,3,2,4,31,-10.0,26.0,Poor,🔥 COILED: Stay away,31,0.0,0.0,0.0,50.0,0,,nan,nan,0.0
PRVXX,Wells Fargo Funds Trust - Treasury Plus Money Market Fund,1,2,4,10,6,3,2,4,31,-10.0,26.0,Poor,🔥 COILED: Stay away,31,0.0,0.0,0.0,50.0,0,,nan,nan,0.0
PRRXX,T. Rowe Price Government Money Fund Inc.,1,2,4,10,6,3,2,4,31,-10.0,26.0,Poor,🔥 COILED: Stay away,31,0.0,0.0,0.0,50.0,0,,nan,nan,0.0
PRTXX,T. Rowe Price U.S. Treasury Funds Inc. - T. Rowe Price U.S. Treasury Money Fund,1,2,4,10,6,3,2,4,31,-10.0,26.0,Poor,🔥 COILED: Stay away,31,0.0,0.0,0.0,50.0,0,,nan,nan,0.0
PRYXX,Pioneer Money Market Trust - Pioneer U.S. Government Money Market Fund,1,2,4,10,6,3,2,4,31,-10.0,26.0,Poor,🔥 COILED: Stay away,31,0.0,0.0,0.0,50.0,0,,nan,nan,0.0
PTEXX,T. Rowe Price Tax-Exempt Money Fund Inc.,1,2,4,10,6,3,2,4,31,-10.0,26.0,Poor,🔥 COILED: Stay away,31,0.0,0.0,0.0,50.0,0,,nan,nan,0.0
PURXX,Putnam Money Market Fund,1,2,4,10,6,3,2,4,31,-10.0,26.0,Poor,🔥 COILED: Stay away,31,0.0,0.0,0.0,50.0,0,,nan,nan,0.0
RBEXX,American Funds U.S. Government Money Market Fund,1,2,4,10,6,3,2,4,31,-10.0,26.0,Poor,🔥 COILED: Stay away,31,0.0,0.0,0.0,50.0,0,,nan,nan,0.0
RGYXX,HSBC Funds - HSBC U.S. Government Money Market Fund,1,2,4,10,6,3,2,4,31,-10.0,26.0,Poor,🔥 COILED: Stay away,31,0.0,0.0,0.0,50.0,0,,nan,nan,0.0
RYFXX,Rydex Series Funds - U.S. Government Money Market Fund,1,2,4,10,6,3,2,4,31,-10.0,26.0,Poor,🔥 COILED: Stay away,31,0.0,0.0,0.0,50.0,0,,nan,nan,0.0
RMGXX,Ubs Money Series - RMA Government Money Market Fund,1,2,4,10,6,3,2,4,31,-10.0,26.0,Poor,🔥 COILED: Stay away,31,0.0,0.0,0.0,50.0,0,,nan,nan,0.0
RPGXX,Davis Series Inc. - Davis Government Money Market Fund,1,2,4,10,6,3,2,4,31,-10.0,26.0,Poor,🔥 COILED: Stay away,31,0.0,0.0,0.0,50.0,0,,nan,nan,0.0
SAEXX,State Street Institutional Investment Trust - State Street Institutional Treasury Plus Money Market,1,2,4,10,6,3,2,4,31,-10.0,26.0,Poor,🔥 COILED: Stay away,31,0.0,0.0,0.0,50.0,0,,nan,nan,0.0
SALXX,State Street Master Funds - State Street U.S. Government Money Market Portfolio,1,2,4,10,6,3,2,4,31,-10.0,26.0,Poor,🔥 COILED: Stay away,31,0.0,0.0,0.0,50.0,0,,nan,nan,0.0
SAJXX,State Street Institutional Investment Trust - State Street Institutional Treasury Plus Money Market,1,2,4,10,6,3,2,4,31,-10.0,26.0,Poor,🔥 COILED: Stay away,31,0.0,0.0,0.0,50.0,0,,nan,nan,0.0
SAMXX,State Street Master Funds - State Street U.S. Government Money Market Portfolio,1,2,4,10,6,3,2,4,31,-10.0,26.0,Poor,🔥 COILED: Stay away,31,0.0,0.0,0.0,50.0,0,,nan,nan,0.0
SCAXX,Schwab California Municipal Money Fund Ultra Shares,1,2,4,10,6,3,2,4,31,-10.0,26.0,Poor,🔥 COILED: Stay away,31,0.0,0.0,0.0,50.0,0,,nan,nan,0.0
SCIXX,Cash Account Trust - DWS Tax-Exempt Portfolio,1,2,4,10,6,3,2,4,31,-10.0,26.0,Poor,🔥 COILED: Stay away,31,0.0,0.0,0.0,50.0,0,,nan,nan,0.0
SCPXX,SEI Daily Income Trust - Treasury II Fund,1,2,4,10,6,3,2,4,31,-10.0,26.0,Poor,🔥 COILED: Stay away,31,0.0,0.0,0.0,50.0,0,,nan,nan,0.0
SCTXX,Schwab AMT Tax-Free Money Fund Ultra Shares,1,2,4,10,6,3,2,4,31,-10.0,26.0,Poor,🔥 COILED: Stay away,31,0.0,0.0,0.0,50.0,0,,nan,nan,0.0
SCOXX,Schwab Treasury Obligations Money Fund Ultra Shares,1,2,4,10,6,3,2,4,31,-10.0,26.0,Poor,🔥 COILED: Stay away,31,0.0,0.0,0.0,50.0,0,,nan,nan,0.0
SEGXX,UBS Series Funds - UBS Select Government Preferred Fund,1,2,4,10,6,3,2,4,31,-10.0,26.0,Poor,🔥 COILED: Stay away,31,0.0,0.0,0.0,50.0,0,,nan,nan,0.0
SETXX,UBS (Cayman) Select Treasury Institutional Fund,1,2,4,10,6,3,2,4,31,-10.0,26.0,Poor,🔥 COILED: Stay away,31,0.0,0.0,0.0,50.0,0,,nan,nan,0.0
SEOXX,SEI Daily Income Trust - Government Fund,1,2,4,10,6,3,2,4,31,-10.0,26.0,Poor,🔥 COILED: Stay away,31,0.0,0.0,0.0,50.0,0,,nan,nan,0.0
SGAXX,The Saratoga Advantage Trust - U.S. Government Money Market Portfolio,1,2,4,10,6,3,2,4,31,-10.0,26.0,Poor,🔥 COILED: Stay away,31,0.0,0.0,0.0,50.0,0,,nan,nan,0.0
SGPXX,UBS Series Funds - UBS Select Government Preferred Fund,1,2,4,10,6,3,2,4,31,-10.0,26.0,Poor,🔥 COILED: Stay away,31,0.0,0.0,0.0,50.0,0,,nan,nan,0.0
SGMXX,The Saratoga Advantage Trust - U.S. Government Money Market Portfolio,1,2,4,10,6,3,2,4,31,-10.0,26.0,Poor,🔥 COILED: Stay away,31,0.0,0.0,0.0,50.0,0,,nan,nan,0.0
SMGXX,Legg Mason Partners Money Market Trust - Western Asset Government Reserves,1,2,4,10,6,3,2,4,31,-10.0,26.0,Poor,🔥 COILED: Stay away,31,0.0,0.0,0.0,50.0,0,,nan,nan,0.0
SGUXX,Schwab Government Money Fund Ultra Shares,1,2,4,10,6,3,2,4,31,-10.0,26.0,Poor,🔥 COILED: Stay away,31,0.0,0.0,0.0,50.0,0,,nan,nan,0.0
SNOXX,Charles Schwab Family of Funds - Schwab Treasury Obligations Money Fund,1,2,4,10,6,3,2,4,31,-10.0,26.0,Poor,🔥 COILED: Stay away,31,0.0,0.0,0.0,50.0,0,,nan,nan,0.0
SNAXX,The Charles Schwab Family of Funds - Schwab Value Advantage Money Fund,1,2,4,10,6,3,2,4,31,-10.0,26.0,Poor,🔥 COILED: Stay away,31,0.0,0.0,0.0,50.0,0,,nan,nan,0.0
SNSXX,The Charles Schwab Family of Funds - Schwab U.S. Treasury Money Fund,1,2,4,10,6,3,2,4,31,-10.0,26.0,Poor,🔥 COILED: Stay away,31,0.0,0.0,0.0,50.0,0,,nan,nan,0.0
SNRXX,Schwab Charles Family Funds - Retirment Government Money Fund,1,2,4,10,6,3,2,4,31,-10.0,26.0,Poor,🔥 COILED: Stay away,31,0.0,0.0,0.0,50.0,0,,nan,nan,0.0
SNVXX,Schwab Government Money Fund,1,2,4,10,6,3,2,4,31,-10.0,26.0,Poor,🔥 COILED: Stay away,31,0.0,0.0,0.0,50.0,0,,nan,nan,0.0
SNYXX,Schwab New York Municipal Money Fund Ultra Shares,1,2,4,10,6,3,2,4,31,-10.0,26.0,Poor,🔥 COILED: Stay away,31,0.0,0.0,0.0,50.0,0,,nan,nan,0.0
SPRXX,Fidelity Hereford Street Trust - Fidelity Money Market Fund,1,2,4,10,6,3,2,4,31,-10.0,26.0,Poor,🔥 COILED: Stay away,31,0.0,0.0,0.0,50.0,0,,nan,nan,0.0
SSJXX,State Street Institutional Investment Trust- Treasury Money Market Fund,1,2,4,10,6,3,2,4,31,-10.0,26.0,Poor,🔥 COILED: Stay away,31,0.0,0.0,0.0,50.0,0,,nan,nan,0.0
SSKXX,State Street Institutional Investment Trust - State Street Institutional Tax Free Money Market Fund,1,2,4,10,6,3,2,4,31,-10.0,26.0,Poor,🔥 COILED: Stay away,31,0.0,0.0,0.0,50.0,0,,nan,nan,0.0
SSNXX,State Street Institutional Investment Trust - State Street Institutional Tax Free Money Market Fund,1,2,4,10,6,3,2,4,31,-10.0,26.0,Poor,🔥 COILED: Stay away,31,0.0,0.0,0.0,50.0,0,,nan,nan,0.0
SSQXX,State Street Institutional Investment Trust - State Street Institutional Treasury Plus Money Market,1,2,4,10,6,3,2,4,31,-10.0,26.0,Poor,🔥 COILED: Stay away,31,0.0,0.0,0.0,50.0,0,,nan,nan,0.0
SSOXX,State Street Master Funds - State Street U.S. Government Money Market Portfolio,1,2,4,10,6,3,2,4,31,-10.0,26.0,Poor,🔥 COILED: Stay away,31,0.0,0.0,0.0,50.0,0,,nan,nan,0.0
SSVXX,State Street Institutional Liquid Reserves Fund,1.0,4,4,10,6,3,2,4,33,-10.0,26.0,Poor,Stay away,33,0.0,0.0,-0.0,0.0,0,,nan,nan,0.0
STPXX,UBS Money Series - UBS Select Treasury Preferred Fund,1,2,4,10,6,3,2,4,31,-10.0,26.0,Poor,🔥 COILED: Stay away,31,0.0,0.0,0.0,50.0,0,,nan,nan,0.0
STGXX,Wells Fargo Funds Trust - Money Market Fund,1,2,4,10,6,3,2,4,31,-10.0,26.0,Poor,🔥 COILED: Stay away,31,0.0,0.0,0.0,50.0,0,,nan,nan,0.0
SUTXX,Schwab U.S. Treasury Money Fund Ultra Shares,1,2,4,10,6,3,2,4,31,-10.0,26.0,Poor,🔥 COILED: Stay away,31,0.0,0.0,0.0,50.0,0,,nan,nan,0.0
SWKXX,The Charles Schwab Family of Funds - Schwab California Municipal Money Fund,1,2,4,10,6,3,2,4,31,-10.0,26.0,Poor,🔥 COILED: Stay away,31,0.0,0.0,0.0,50.0,0,,nan,nan,0.0
SWOXX,Schwab Municipal Money Fund,1,2,4,10,6,3,2,4,31,-10.0,26.0,Poor,🔥 COILED: Stay away,31,0.0,0.0,0.0,50.0,0,,nan,nan,0.0
SWTXX,The Charles Schwab Family of Funds - Schwab Municipal Money Fund,1,2,4,10,6,3,2,4,31,-10.0,26.0,Poor,🔥 COILED: Stay away,31,0.0,0.0,0.0,50.0,0,,nan,nan,0.0
SWYXX,The Charles Schwab Family of Funds - Schwab New York Municipal Money Fund,1,2,4,10,6,3,2,4,31,-10.0,26.0,Poor,🔥 COILED: Stay away,31,0.0,0.0,0.0,50.0,0,,nan,nan,0.0
SWWXX,The Charles Schwab Family of Funds - Schwab AMT Tax-Free Money Fund,1,2,4,10,6,3,2,4,31,-10.0,26.0,Poor,🔥 COILED: Stay away,31,0.0,0.0,0.0,50.0,0,,nan,nan,0.0
TACXX,Short-Term Investment Trust - Invesco Treasury Obligations Portfolio,1,2,4,10,6,3,2,4,31,-10.0,26.0,Poor,🔥 COILED: Stay away,31,0.0,0.0,0.0,50.0,0,,nan,nan,0.0
SZCXX,The Saratoga Advantage Trust - U.S. Government Money Market Portfolio,1,2,4,10,6,3,2,4,31,-10.0,26.0,Poor,🔥 COILED: Stay away,31,0.0,0.0,0.0,50.0,0,,nan,nan,0.0
TAMXX,Transamerica Funds - Transamerica Government Money Market,1,2,4,10,6,3,2,4,31,-10.0,26.0,Poor,🔥 COILED: Stay away,31,0.0,0.0,0.0,50.0,0,,nan,nan,0.0
TAQXX,State Street Institutional Investment Trust -Treasury Obligations Money Market Fund,1,2,4,10,6,3,2,4,31,-10.0,26.0,Poor,🔥 COILED: Stay away,31,0.0,0.0,0.0,50.0,0,,nan,nan,0.0
TBIXX,Money Market Obligations Trust - Federated Tax-Free Obligations Fund,1,2,4,10,6,3,2,4,31,-10.0,26.0,Poor,🔥 COILED: Stay away,31,0.0,0.0,0.0,50.0,0,,nan,nan,0.0
TBSXX,Money Market Obligations Trust - Federated Tax-Free Obligations Fund,1,2,4,10,6,3,2,4,31,-10.0,26.0,Poor,🔥 COILED: Stay away,31,0.0,0.0,0.0,50.0,0,,nan,nan,0.0
TBVXX,Money Market Obligations Trust - Federated Tax-Free Obligations Fund,1,2,4,10,6,3,2,4,31,-10.0,26.0,Poor,🔥 COILED: Stay away,31,0.0,0.0,0.0,50.0,0,,nan,nan,0.0
TCIXX,TIAA-CREF Funds - TIAA-CREF Money Market Fund,1,2,4,10,6,3,2,4,31,-10.0,26.0,Poor,🔥 COILED: Stay away,31,0.0,0.0,0.0,50.0,0,,nan,nan,0.0
TCGXX,SEI Daily Income Trust - Government II Fund,1,2,4,10,6,3,2,4,31,-10.0,26.0,Poor,🔥 COILED: Stay away,31,0.0,0.0,0.0,50.0,0,,nan,nan,0.0
TCRXX,American Century Investment Trust - Premium Money Market Fund,1,2,4,10,6,3,2,4,31,-10.0,26.0,Poor,🔥 COILED: Stay away,31,0.0,0.0,0.0,50.0,0,,nan,nan,0.0
TFFXX,BlackRock Liquidity Funds - Federal Trust Fund,1,2,4,10,6,3,2,4,31,-10.0,26.0,Poor,🔥 COILED: Stay away,31,0.0,0.0,0.0,50.0,0,,nan,nan,0.0
TFGXX,Transamerica Funds - Government Money Market Fund,1,2,4,10,6,3,2,4,31,-10.0,26.0,Poor,🔥 COILED: Stay away,31,0.0,0.0,0.0,50.0,0,,nan,nan,0.0
TERXX,T. Rowe Price Tax-Exempt Money Fund Inc.,1,2,4,10,6,3,2,4,31,-10.0,26.0,Poor,🔥 COILED: Stay away,31,0.0,0.0,0.0,50.0,0,,nan,nan,0.0
TGRXX,Transamerica Funds - Government Money Market Fund,1,2,4,10,6,3,2,4,31,-10.0,26.0,Poor,🔥 COILED: Stay away,31,0.0,0.0,0.0,50.0,0,,nan,nan,0.0
TGTXX,Transamerica Funds - Government Money Market Fund,1,2,4,10,6,3,2,4,31,-10.0,26.0,Poor,🔥 COILED: Stay away,31,0.0,0.0,0.0,50.0,0,,nan,nan,0.0
TIEXX,TIAA-CREF Funds - TIAA-CREF Money Market Fund,1,2,4,10,6,3,2,4,31,-10.0,26.0,Poor,🔥 COILED: Stay away,31,0.0,0.0,0.0,50.0,0,,nan,nan,0.0
TISXX,Money Market Obligations Trust - Federated Hermes U.S. Treasury Cash Reserves,1,2,4,10,6,3,2,4,31,-10.0,26.0,Poor,🔥 COILED: Stay away,31,0.0,0.0,0.0,50.0,0,,nan,nan,0.0
TIRXX,TIAA-CREF Funds - TIAA-CREF Money Market Fund,1,2,4,10,6,3,2,4,31,-10.0,26.0,Poor,🔥 COILED: Stay away,31,0.0,0.0,0.0,50.0,0,,nan,nan,0.0
TLMXX,TIAA-CREF Life Money Market Fund,1,2,4,10,6,3,2,4,31,-10.0,26.0,Poor,🔥 COILED: Stay away,31,0.0,0.0,0.0,50.0,0,,nan,nan,0.0
TIMXX,RBC Funds Trust - U.S. Government Money Market Fund,1,2,4,10,6,3,2,4,31,-10.0,26.0,Poor,🔥 COILED: Stay away,31,0.0,0.0,0.0,50.0,0,,nan,nan,0.0
TMDXX,T. Rowe Price State Tax-Free Income Trust - T. Rowe Price Maryland Tax-Free Money Fund,1,2,4,10,6,3,2,4,31,-10.0,26.0,Poor,🔥 COILED: Stay away,31,0.0,0.0,0.0,50.0,0,,nan,nan,0.0
TMHXX,TIAA-CREF Life Funds - Money Market Fund,1,2,4,10,6,3,2,4,31,-10.0,26.0,Poor,🔥 COILED: Stay away,31,0.0,0.0,0.0,50.0,0,,nan,nan,0.0
TPFXX,Short-Term Investment Trust - Invesco Treasury Portfolio,1,2,4,10,6,3,2,4,31,-10.0,26.0,Poor,🔥 COILED: Stay away,31,0.0,0.0,0.0,50.0,0,,nan,nan,0.0
TPLXX,State Street Institutional Investment Trust - International Treasure Plus Money Market Fund,1,2,4,10,6,3,2,4,31,-10.0,26.0,Poor,🔥 COILED: Stay away,31,0.0,0.0,0.0,50.0,0,,nan,nan,0.0
TPVXX,State Street Institutional Investment Trust - State Street Institutional Treasury Plus Money Market,1,2,4,10,6,3,2,4,31,-10.0,26.0,Poor,🔥 COILED: Stay away,31,0.0,0.0,0.0,50.0,0,,nan,nan,0.0
TRGXX,T. Rowe Price U.S. Treasury Funds Inc. - T. Rowe Price U.S. Treasury Money Fund,1,2,4,10,6,3,2,4,31,-10.0,26.0,Poor,🔥 COILED: Stay away,31,0.0,0.0,0.0,50.0,0,,nan,nan,0.0
TPPXX,TIAA-CREF Funds - TIAA-CREF Money Market Fund,1,2,4,10,6,3,2,4,31,-10.0,26.0,Poor,🔥 COILED: Stay away,31,0.0,0.0,0.0,50.0,0,,nan,nan,0.0
TRIXX,State Street Institutional Investment Trust - Treasury Fund,1,2,4,10,6,3,2,4,31,-10.0,26.0,Poor,🔥 COILED: Stay away,31,0.0,0.0,0.0,50.0,0,,nan,nan,0.0
TRVXX,State Street Institutional Investment Trust - Treasury Fund,1,2,4,10,6,3,2,4,31,-10.0,26.0,Poor,🔥 COILED: Stay away,31,0.0,0.0,0.0,50.0,0,,nan,nan,0.0
TRZXX,T. Rowe Price U.S. Treasury Funds Inc. - T. Rowe Price U.S. Treasury Money Fund,1,2,4,10,6,3,2,4,31,-10.0,26.0,Poor,🔥 COILED: Stay away,31,0.0,0.0,0.0,50.0,0,,nan,nan,0.0
TRPXX,Short-Term Investment Trust - Invesco Treasury Portfolio,1,2,4,10,6,3,2,4,31,-10.0,26.0,Poor,🔥 COILED: Stay away,31,0.0,0.0,0.0,50.0,0,,nan,nan,0.0
TUGXX,RBC Funds Trust - U.S. Government Money Market Fund,1,2,4,10,6,3,2,4,31,-10.0,26.0,Poor,🔥 COILED: Stay away,31,0.0,0.0,0.0,50.0,0,,nan,nan,0.0
TSPXX,Short-Term Investment Trust - Invesco Treasury Obligations Portfolio,1,2,4,10,6,3,2,4,31,-10.0,26.0,Poor,🔥 COILED: Stay away,31,0.0,0.0,0.0,50.0,0,,nan,nan,0.0
TTGXX,T Rowe Price Government Money Funds Inc - Government Money Fund,1,2,4,10,6,3,2,4,31,-10.0,26.0,Poor,🔥 COILED: Stay away,31,0.0,0.0,0.0,50.0,0,,nan,nan,0.0
TTOXX,Money Market Obligations Trust - Federated Trust for U.S. Treasury Obligations,1,2,4,10,6,3,2,4,31,-10.0,26.0,Poor,🔥 COILED: Stay away,31,0.0,0.0,0.0,50.0,0,,nan,nan,0.0
TUIXX,RBC Funds Trust - U.S. Government Money Market Fund,1,2,4,10,6,3,2,4,31,-10.0,26.0,Poor,🔥 COILED: Stay away,31,0.0,0.0,0.0,50.0,0,,nan,nan,0.0
TWNXX,T. Rowe Price State Tax-Free Income Trust - T. Rowe Price Maryland Tax-Free Money Fund,1,2,4,10,6,3,2,4,31,-10.0,26.0,Poor,🔥 COILED: Stay away,31,0.0,0.0,0.0,50.0,0,,nan,nan,0.0
TXMXX,Cash Account Trust - DWS Tax-Exempt Portfolio,1,2,4,10,6,3,2,4,31,-10.0,26.0,Poor,🔥 COILED: Stay away,31,0.0,0.0,0.0,50.0,0,,nan,nan,0.0
TXPXX,Short-Term Investment Trust - Invesco Treasury Obligations Portfolio,1,2,4,10,6,3,2,4,31,-10.0,26.0,Poor,🔥 COILED: Stay away,31,0.0,0.0,0.0,50.0,0,,nan,nan,0.0
TYCXX,Short-Term Investment Trust - Invesco Treasury Portfolio,1,2,4,10,6,3,2,4,31,-10.0,26.0,Poor,🔥 COILED: Stay away,31,0.0,0.0,0.0,50.0,0,,nan,nan,0.0
UPPXX,UBS Select Prime Preferred Fund,1,2,4,10,6,3,2,4,31,-10.0,26.0,Poor,🔥 COILED: Stay away,31,0.0,0.0,0.0,50.0,0,,nan,nan,0.0
UATXX,USAA Mutual Funds Trust - USAA Treasury Money Market Trust,1,2,4,10,6,3,2,4,31,-10.0,26.0,Poor,🔥 COILED: Stay away,31,0.0,0.0,0.0,50.0,0,,nan,nan,0.0
USAXX,USAA Mutual Funds Trust - USAA Money Market Fund,1,2,4,10,6,3,2,4,31,-10.0,26.0,Poor,🔥 COILED: Stay away,31,0.0,0.0,0.0,50.0,0,,nan,nan,0.0
UPRXX,Ubs Money Series - Prime Reserve  Fund,1,2,4,10,6,3,2,4,31,-10.0,26.0,Poor,🔥 COILED: Stay away,31,0.0,0.0,0.0,50.0,0,,nan,nan,0.0
USEXX,USAA Mutual Funds Trust - USAA Tax Exempt Money Market Fund,1,2,4,10,6,3,2,4,31,-10.0,26.0,Poor,🔥 COILED: Stay away,31,0.0,0.0,0.0,50.0,0,,nan,nan,0.0
UTIXX,Money Market Obligations Trust - Federated Hermes U.S. Treasury Cash Reserves,1,2,4,10,6,3,2,4,31,-10.0,26.0,Poor,🔥 COILED: Stay away,31,0.0,0.0,0.0,50.0,0,,nan,nan,0.0
UTSXX,Shelton Funds - The United States Treasury Trust,1,2,4,10,6,3,2,4,31,-10.0,26.0,Poor,🔥 COILED: Stay away,31,0.0,0.0,0.0,50.0,0,,nan,nan,0.0
VETXX,Goldman Sachs Trust - Goldman Sachs Financial Square Government Fund,1,2,4,10,6,3,2,4,31,-10.0,26.0,Poor,🔥 COILED: Stay away,31,0.0,0.0,0.0,50.0,0,,nan,nan,0.0
VCTXX,Vanguard California Municipal Money Market Fund,1,2,4,10,6,3,2,4,31,-10.0,26.0,Poor,🔥 COILED: Stay away,31,0.0,0.0,0.0,50.0,0,,nan,nan,0.0
VMRXX,Vanguard Money Market Reserves - Vanguard Cash Reserves Federal Money Market Fund,1,2,4,10,6,3,2,4,31,-10.0,26.0,Poor,🔥 COILED: Stay away,31,0.0,0.0,0.0,50.0,0,,nan,nan,0.0
VMSXX,Vanguard Municipal Bond Funds - Vanguard Municipal Money Market Fund,1,2,4,10,6,3,2,4,31,-10.0,26.0,Poor,🔥 COILED: Stay away,31,0.0,0.0,0.0,50.0,0,,nan,nan,0.0
VYFXX,Vanguard New York Tax-Exempt Money Market Fund,1,2,4,10,6,3,2,4,31,-10.0,26.0,Poor,🔥 COILED: Stay away,31,0.0,0.0,0.0,50.0,0,,nan,nan,0.0
WABXX,Western Asset Premier Institutional Government Reserves Capital Shares,1,2,4,10,6,3,2,4,31,-10.0,26.0,Poor,🔥 COILED: Stay away,31,0.0,0.0,0.0,50.0,0,,nan,nan,0.0
WAEXX,Western Asset Premier Institutional U.S. Treasury Reserves Preferred Shares,1,2,4,10,6,3,2,4,31,-10.0,26.0,Poor,🔥 COILED: Stay away,31,0.0,0.0,0.0,50.0,0,,nan,nan,0.0
WACXX,Western Asset Premier Institutional Government Reserves Preferred Shares,1,2,4,10,6,3,2,4,31,-10.0,26.0,Poor,🔥 COILED: Stay away,31,0.0,0.0,0.0,50.0,0,,nan,nan,0.0
WADXX,Western Asset Premier Institutional U.S. Treasury Reserves Capital Shares,1,2,4,10,6,3,2,4,31,-10.0,26.0,Poor,🔥 COILED: Stay away,31,0.0,0.0,0.0,50.0,0,,nan,nan,0.0
WAGXX,Wilmington Funds - Wilmington U.S. Government Money Market Fund,1,2,4,10,6,3,2,4,31,-10.0,26.0,Poor,🔥 COILED: Stay away,31,0.0,0.0,0.0,50.0,0,,nan,nan,0.0
WCGXX,Northern Institutional Funds - U.S. Government Select Portfolio,1,2,4,10,6,3,2,4,31,-10.0,26.0,Poor,🔥 COILED: Stay away,31,0.0,0.0,0.0,50.0,0,,nan,nan,0.0
WFGXX,Allspring Funds Trust - Allspring Government Money Market Fund,1,2,4,10,6,3,2,4,31,-10.0,26.0,Poor,🔥 COILED: Stay away,31,0.0,0.0,0.0,50.0,0,,nan,nan,0.0
WFFXX,Allspring Funds Trust - Allspring Government Money Market Fund,1,2,4,10,6,3,2,4,31,-10.0,26.0,Poor,🔥 COILED: Stay away,31,0.0,0.0,0.0,50.0,0,,nan,nan,0.0
WFNXX,Wells Fargo Funds Trust - National Tax-Free Money Market Fund,1,2,4,10,6,3,2,4,31,-10.0,26.0,Poor,🔥 COILED: Stay away,31,0.0,0.0,0.0,50.0,0,,nan,nan,0.0
WGEXX,Wilmington Funds - Wilmington U.S. Government Money Market Fund,1,2,4,10,6,3,2,4,31,-10.0,26.0,Poor,🔥 COILED: Stay away,31,0.0,0.0,0.0,50.0,0,,nan,nan,0.0
WGAXX,Allspring Funds Trust - Allspring Government Money Market Fund,1,2,4,10,6,3,2,4,31,-10.0,26.0,Poor,🔥 COILED: Stay away,31,0.0,0.0,0.0,50.0,0,,nan,nan,0.0
WGSXX,WT Mutual Fund - Wilmington U.S. Government Money Market Fund,1,2,4,10,6,3,2,4,31,-10.0,26.0,Poor,🔥 COILED: Stay away,31,0.0,0.0,0.0,50.0,0,,nan,nan,0.0
WMPXX,Wells Fargo Funds Trust - Money Market Fund,1,2,4,10,6,3,2,4,31,-10.0,26.0,Poor,🔥 COILED: Stay away,31,0.0,0.0,0.0,50.0,0,,nan,nan,0.0
WMOXX,Wells Fargo Funds Trust - Money Market Fund,1,2,4,10,6,3,2,4,31,-10.0,26.0,Poor,🔥 COILED: Stay away,31,0.0,0.0,0.0,50.0,0,,nan,nan,0.0
WGOXX,Wilmington Funds - Wilmington U.S. Government Money Market Fund,1,2,4,10,6,3,2,4,31,-10.0,26.0,Poor,🔥 COILED: Stay away,31,0.0,0.0,0.0,50.0,0,,nan,nan,0.0
WNTXX,Wells Fargo Funds Trust - National Tax-Free Money Market Fund,1,2,4,10,6,3,2,4,31,-10.0,26.0,Poor,🔥 COILED: Stay away,31,0.0,0.0,0.0,50.0,0,,nan,nan,0.0
WOTXX,Wells Fargo Funds Trust - 100% Treasury Money Market Fund,1,2,4,10,6,3,2,4,31,-10.0,26.0,Poor,🔥 COILED: Stay away,31,0.0,0.0,0.0,50.0,0,,nan,nan,0.0
WTAXX,Wilmington Funds - Wilmington U.S. Treasury Money Market Fund,1,2,4,10,6,3,2,4,31,-10.0,26.0,Poor,🔥 COILED: Stay away,31,0.0,0.0,0.0,50.0,0,,nan,nan,0.0
WTEXX,WT Mutual Fund - Wilmington Tax-Exempt Money Market Fund,1,2,4,10,6,3,2,4,31,-10.0,26.0,Poor,🔥 COILED: Stay away,31,0.0,0.0,0.0,50.0,0,,nan,nan,0.0
WTIXX,Wilmington Funds - Wilmington U.S. Treasury Money Market Fund,1,2,4,10,6,3,2,4,31,-10.0,26.0,Poor,🔥 COILED: Stay away,31,0.0,0.0,0.0,50.0,0,,nan,nan,0.0
WTLXX,Wells Fargo Funds Trust - Treasury Plus Money Market Fund,1,2,4,10,6,3,2,4,31,-10.0,26.0,Poor,🔥 COILED: Stay away,31,0.0,0.0,0.0,50.0,0,,nan,nan,0.0
WTPXX,Wells Fargo Funds Trust - Treasury Plus Money Market Fund,1,2,4,10,6,3,2,4,31,-10.0,26.0,Poor,🔥 COILED: Stay away,31,0.0,0.0,0.0,50.0,0,,nan,nan,0.0
WTRXX,Wells Fargo Funds Trust - 100% Treasury Money Market Fund,1,2,4,10,6,3,2,4,31,-10.0,26.0,Poor,🔥 COILED: Stay away,31,0.0,0.0,0.0,50.0,0,,nan,nan,0.0
WTSXX,WT Mutual Fund - Wilmington Tax-Exempt Money Market Fund,1,2,4,10,6,3,2,4,31,-10.0,26.0,Poor,🔥 COILED: Stay away,31,0.0,0.0,0.0,50.0,0,,nan,nan,0.0
FOBXX,Franklin Templeton Trust - Onchain US Government Money Fund,1,2,4,10,6,3,2,4,31,-10.0,26.0,Poor,🔥 COILED: Stay away,31,0.0,0.0,0.0,50.0,0,,nan,nan,0.0
BUYXX,State Street Institutional U.S. Government Money Market Fund,1.0,5,4,10,4,3,1,4,31,-10.0,26.0,Poor,🔥 COILED: Stay away,29,0.0,0.0,-0.3,42.7,0,,nan,nan,0.0
BVYXX,State Street Institutional Investment Trust - State Street Institutional Treasury Plus Money Market,1.0,5,4,10,4,3,1,4,31,-10.0,26.0,Poor,🔥 COILED: Stay away,29,0.0,0.0,-0.3,42.7,0,,nan,nan,0.0
CAHXX,State Street Institutional U.S. Government Money Market Fund,1.0,5,4,10,4,3,1,4,31,-10.0,26.0,Poor,🔥 COILED: Stay away,29,0.0,0.0,-0.3,42.7,0,,nan,nan,0.0
CAJXX,State Street Institutional Investment Trust - State Street Institutional Treasury Plus Money Market,1.0,5,4,10,4,3,1,4,31,-10.0,26.0,Poor,🔥 COILED: Stay away,29,0.0,0.0,-0.3,42.7,0,,nan,nan,0.0
FIDXX,Goldman Sachs Trust - Goldman Sachs Financial Square Federal Instruments Fund,1.0,5,4,10,4,3,1,4,31,-10.0,26.0,Poor,🔥 COILED: Stay away,31,0.0,0.0,-0.3,43.0,0,,nan,nan,0.0
LDIXX,Goldman Sachs Trust - Goldman Sachs Financial Square Government Fund,1.0,5,4,10,4,3,1,4,31,-10.0,26.0,Poor,🔥 COILED: Stay away,31,0.0,0.0,-0.3,44.1,0,,nan,nan,0.0
LEIXX,Goldman Sachs Trust - Goldman Sachs Financial Square Treasury Instruments Fund,1.0,5,4,10,4,3,1,4,31,-10.0,26.0,Poor,🔥 COILED: Stay away,31,0.0,0.0,-0.3,44.4,0,,nan,nan,0.0
OPGXX,State Street Institutional U.S. Government Money Market Fund,1.0,5,4,10,4,3,1,4,31,-10.0,26.0,Poor,🔥 COILED: Stay away,27,0.0,0.0,-0.3,42.8,0,,nan,nan,0.0
OPRXX,State Street Institutional Investment Trust- Treasury Money Market Fund,1.0,5,4,10,4,3,1,4,31,-10.0,26.0,Poor,🔥 COILED: Stay away,31,0.0,0.0,-0.3,42.9,0,,nan,nan,0.0
VTLXX,State Street Institutional Investment Trust - State Street Institutional Treasury Plus Money Market,1.0,5,4,10,4,3,1,4,31,-10.0,26.0,Poor,🔥 COILED: Stay away,27,0.0,0.0,-0.3,42.9,0,,nan,nan,0.0
WMNXX,Goldman Sachs Trust - Goldman Sachs Financial Square Government Fund,1.0,5,4,10,4,3,1,4,31,-10.0,26.0,Poor,🔥 COILED: Stay away,31,0.0,0.0,-0.3,43.2,0,,nan,nan,0.0
WOMXX,Goldman Sachs Trust - Goldman Sachs Financial Square Treasury Instruments Fund,1.0,5,4,10,4,3,1,4,31,-10.0,26.0,Poor,🔥 COILED: Stay away,31,0.0,0.0,-0.3,43.1,0,,nan,nan,0.0
FYIXX,Fidelity Treasury Only Money Market Fund,1,2,4,10,6,3,2,4,31,-10.0,26.0,Poor,🔥 COILED: Stay away,31,0.0,0.0,0.0,50.0,0,,nan,nan,0.0
CAULF,Cauldron Energy Limited,0.135,18,3,8,9,6,1,5,50,-24.2,25.8,Poor,Stay away,66,12.5,66.7,40.2,86.3,2,,Basic Materials,274991904.0,68363.5
MBAK,MBAK Energy Solutions Inc.,0.002,4,5,2,8,4,0,2,25,0.0,25.0,Poor,Stay away,19,-18.5,-18.5,-14.6,37.8,1,,Consumer Cyclical,6726399.0,3637156.27
INNX,Infinite Networks Corporation,0.002,17,4,7,14,6,2,5,55,-30,25,Poor,Stay away,57,0.0,53.8,22.3,100.0,3,,Financial Services,1477623.0,8042.04
AXIM,Axim Biotechnologies Inc,0.003,1,12,5,6,3,2,2,31,-6.0,25.0,Poor,Stay away,22,10.0,-17.5,-7.4,42.2,1,,Healthcare,1021369.0,290556.04
BTZI,Mcig Inc,0.001,4,7,1,10,4,0,2,28,-3.0,25.0,Poor,Stay away,15,-33.3,-28.6,-28.6,41.2,1,,Technology,858413.0,329912.2
TRKUF,Tarku Resources Ltd,0.005,7,3,10,6,3,4,4,37,-15.0,25.0,Poor,Stay away,39,0.0,0.0,-0.0,15.1,1,,Basic Materials,829529.0,9726.93
GKIT,Greenkraft Inc,0.008,6,3,10,5,0,4,4,32,-10.0,25.0,Poor,Stay away,26,0.0,0.0,-0.1,33.0,0,,Consumer Cyclical,793890.0,1218.47
PREC,Prestige Cars International Inc,0.008,14,4,6,2,3,1,5,35,-10.0,25.0,Poor,Stay away,43,-4.5,-4.5,2.3,59.8,0,,Consumer Cyclical,348631.0,25056.13
NFEI,New Frontier Energy Inc,0.003,3,3,10,6,3,3,4,32,-10.0,25.0,Poor,Stay away,26,0.0,0.0,-13.4,18.8,0,,Financial Services,249045.0,16279.39
YGMZF,MingZhu Logistics Holdings Ltd,0.002,4,9,3,9,3,0,2,30,-3.0,25.0,Poor,Stay away,25,5.0,5.0,-16.8,45.7,1,,Industrials,9991.0,3355936.15
GOEVQ,Canoo Inc.,0.001,7,5,3,8,0,0,2,25,0.0,25.0,Poor,Stay away,30,-72.5,-15.4,-36.0,48.3,0,,nan,nan,10726.52
DUBRF,Dubber Corporation Limited,0.011,3,4,1,8,2,3,4,25,-5.0,25.0,Poor,🔥 COILED: Stay away,34,0.0,0.0,-1.4,48.8,1,,Technology,29829552.0,515.0
NEWH,Newhydrogen Inc,0.016,7,11,3,2,4,2,4,33,-8.0,25.0,Poor,Stay away,20,16.5,8.0,2.2,48.9,2,,Industrials,13343466.0,2140921.93
STGZ,Stargaze Entertainment Group Inc,0.016,1,5,0,9,6,2,2,25,0.0,25.0,Poor,Stay away,35,-22.0,-36.3,-16.1,43.3,0,,Communication Services,8032165.0,86128.85
QPTFF,Quest PharmaTech Inc,0.02,3,4,2,8,3,3,2,25,0.0,25.0,Poor,Stay away,30,0.0,0.0,-7.7,1.5,0,,Healthcare,3382585.0,12903.88
ARTM,American Nortel Communications Inc,0.02,0,6,0,11,0,4,2,23,-3.0,25.0,Poor,Stay away,18,-36.1,-50.6,-44.7,35.8,1,,Communication Services,2206101.0,19987.96
FAASF,DigiAsia Corp.,0.02,5,3,5,11,5,0,3,32,-5.0,25.0,Poor,Stay away,0,-31.8,-33.9,-23.8,41.5,1,,Technology,1329151.0,0.0
NEVIF,Nevis Brands Inc.,0.018,4,4,3,7,4,6,2,30,-5.0,25.0,Poor,Stay away,25,15.0,-27.3,-8.3,45.1,1,,Consumer Defensive,729794.0,0.0
TBLT,Toughbuilt Industries Inc,0.011,8,4,4,8,0,1,5,30,-5.0,25.0,Poor,Stay away,37,0.0,0.0,-21.4,48.1,1,,Industrials,47699.0,387.99
SITS,Southern ITS International Inc,0.024,14,12,3,12,7,2,5,55,-30,25,Poor,Stay away,35,12.7,60.0,13.0,54.0,4,,Industrials,9422539.0,117805.95
LFLS,Loans4Less.Com Inc,0.03,5,3,10,5,3,2,4,32,-10.0,25.0,Poor,Stay away,19,0.0,0.0,-0.1,0.0,0,,Financial Services,1800000.0,387.5
YRLLF,Global UAV Technologies Ltd,0.021,12,5,5,10,4,3,4,43,-23,25,Poor,🔥 COILED: Stay away,46,275.0,-4.5,3.8,49.1,1,7,Technology,917674.0,60.75
ADXDF,Adex Mining Inc,0.033,1,4,2,11,3,2,2,25,0.0,25.0,Poor,Stay away,26,0.0,-45.0,-37.6,39.1,0,,Basic Materials,22347978.0,14331.68
ZOONF,Zoono Group Limited,0.044,11,8,4,5,1,2,4,35,-15.0,25.0,Poor,🔥 COILED: Stay away,34,0.0,0.0,2.6,52.6,1,,Consumer Defensive,18151084.0,56.38
PHRRF,Pharmather Holdings Ltd,0.045,14,10,5,8,4,4,5,50,-23.0,25.0,Poor,Stay away,29,8.8,23.9,12.3,56.8,3,,Healthcare,4095858.0,207687.18
LSIHF,Lai Sun Garment (International) Limited,0.06,7,6,10,8,3,2,4,40,-18.0,25.0,Poor,Stay away,48,0.0,0.0,0.0,95.5,1,,Industrials,53002432.0,189.0
BNTRF,Benton Resources Inc,0.06,9,14,4,3,8,0,5,43,-23.0,25.0,Poor,🔥 COILED: Stay away,50,5.3,20.0,10.0,54.4,3,,Basic Materials,15624979.0,28129.29
GSDT,Gsdt Fintech Group Inc,0.073,14,4,4,4,6,1,5,38,-13.0,25.0,Poor,Stay away,43,0.0,0.0,13.0,75.7,0,,Technology,109967280.0,474.09
NMTAF,Neometals Ltd,0.078,13,4,7,14,6,3,5,52,-30,25,Poor,Stay away,60,0.0,1460.0,84.0,72.2,3,,Industrials,68285928.0,5941.93
MDRNF,Modern Plant Based Foods Inc,0.036,13,7,8,5,3,1,5,42,-17.0,25.0,Poor,Stay away,41,-0.3,-0.3,7.3,59.6,1,,Consumer Defensive,1059543.0,479.47
NRGYF,New Energy Metals Corp.,0.094,8,7,6,5,4,1,4,35,-15.0,25.0,Poor,🔥 COILED: Stay away,29,0.0,0.0,2.0,51.2,1,,Basic Materials,554923.0,187.35
CELG-RI,Bristol-Myers Squibb Company Ce,0.092,2,4,4,12,2,0,4,28,-3.0,25.0,Poor,Stay away,34,-7.9,0.0,-12.1,45.6,0,,nan,nan,43966.51
PMCGF,PT Merdeka Copper Gold Tbk,0.1,5,4,9,6,0,2,4,30,-10.0,25.0,Poor,🔥 COILED: Stay away,23,0.0,0.0,0.0,50.0,0,,Basic Materials,2441690112.0,350.0
ATONF,Anton Oilfield Services Group,0.108,7,3,10,6,3,2,4,35,-13.0,25.0,Poor,Stay away,36,0.0,0.0,-0.0,75.1,0,,Energy,347355136.0,0.0
OPORF,Open Orphan plc,0.11,1,5,1,8,3,3,4,25,-5.0,25.0,Poor,🔥 COILED: Stay away,39,0.0,0.0,-3.8,48.7,1,,Healthcare,75448760.0,208.52
IUGNF,Imugene Limited,0.1,13,4,6,10,3,5,4,45,-20.0,25.0,Poor,Stay away,35,0.0,33.3,12.5,59.8,3,,Healthcare,49808784.0,14763.73
GBRRF,Gabriel Resources Ltd,0.119,10,6,5,7,6,5,3,42,-20.0,25.0,Poor,Stay away,51,0.0,18.9,3.2,52.8,3,,Basic Materials,32972958.0,3901.75
CNRCF,CNRCF,0.144,8,7,7,5,3,5,2,37,-15.0,25.0,Poor,Stay away,31,0.0,3.0,2.9,52.1,1,,Basic Materials,1966032.0,8951.3
TROUF,Troubadour Resources Inc,0.118,9,5,4,6,7,5,2,38,-13.0,25.0,Poor,Stay away,53,1.3,1.3,-0.3,49.5,2,,Basic Materials,829611.0,716.14
AUNM,Auction Mills Inc,0.11,3,6,8,5,3,3,4,32,-10.0,25.0,Poor,Stay away,23,0.0,0.0,-5.2,32.8,0,,Financial Services,286891.0,17.18
TDWDR,Tailwind 2.0 Acquisition Corp. Rights,0.145,7,8,2,4,4,7,5,37,-10.0,25.0,Poor,Stay away,32,11.5,-14.7,-0.7,49.3,1,,nan,nan,0.0
UMRRF,US Masters Residential Property Fund,0.194,9,6,11,8,0,2,4,40,-18.0,25.0,Poor,Stay away,50,0.0,0.0,0.0,99.7,1,,Real Estate,133559552.0,550.0
ISVLF,IMPACT Silver Corp.,0.194,2,11,6,9,3,0,2,33,-6.0,25.0,Poor,Stay away,25,2.1,-3.0,-2.7,46.0,1,,Basic Materials,69101304.0,557505.45
PGEZF,Group Ten Metals Inc,0.187,7,15,8,5,3,2,3,43,-18.0,25.0,Poor,Stay away,27,-3.8,2.8,-1.2,48.0,1,,Basic Materials,59066772.0,705758.65
VLCJF,Velocity Minerals Ltd,0.159,19,4,3,8,4,2,5,45,-20.0,25.0,Poor,Stay away,50,22.3,40.7,18.4,74.1,3,,Basic Materials,34974444.0,296.0
IZOZF,Izotropic Corporation,0.178,7,5,6,9,1,3,3,34,-9.0,25.0,Poor,Stay away,36,4.7,-0.6,-2.1,47.7,1,,Healthcare,12279273.0,29141.28
GRGG,Green For Energy Inc,0.15,9,10,2,5,4,0,2,32,-10.0,25.0,Poor,Stay away,37,0.0,50.0,-1.8,47.9,2,,Financial Services,912711.0,859.33
AUROW,Aurora Innovation Inc,0.19,6,6,0,10,2,4,2,30,-5.0,25.0,Poor,Stay away,17,-11.6,7.0,-21.7,41.5,1,,nan,nan,51225.24
SJMHF,SJM Holdings Ltd,0.2,12,8,5,12,0,1,5,43,-18.0,25.0,Poor,Stay away,24,11.1,11.1,4.5,58.2,3,,Consumer Cyclical,1420361088.0,2621.0
ARSMF,Ares Strategic Mining Inc,0.218,12,7,3,13,2,0,5,42,-20.0,25.0,Poor,Stay away,19,-12.8,15.4,0.1,50.7,3,,Basic Materials,56773812.0,673411.78
GRDV,GRDV,0.2,5,4,9,6,0,2,4,30,-10.0,25.0,Poor,🔥 COILED: Stay away,38,0.0,0.0,0.0,50.0,0,,Basic Materials,1568310.0,2060.0
ASPSZ,Altisource Portfolio Solutions S.A.,0.25,6,11,3,8,7,0,5,40,-13.0,25.0,Poor,Stay away,50,-16.7,-15.8,-5.4,48.4,0,,nan,nan,17296.57
ABCP,Ambase Corp,0.263,10,5,8,5,6,1,2,37,-15.0,25.0,Poor,Stay away,52,-1.9,-1.9,-0.5,51.1,1,,Real Estate,22338750.0,16482.53
RVSDF,Riverside Resources Inc,0.267,15,4,6,15,3,2,5,50,-25.0,25.0,Poor,Stay away,58,-1.1,21.3,9.2,63.4,3,,nan,20392506.0,61723.64
PRPRF,Prairie Provident Resources Inc,0.26,5,1,6,7,0,2,2,23,-3.0,25.0,Poor,Stay away,34,0.2,0.2,-5.5,27.1,1,,Energy,12155948.0,0.0
YSASF,YesAsia Holdings Limited,0.346,1,5,0,11,3,3,2,25,0.0,25.0,Poor,Stay away,14,0.0,0.0,-23.0,2.9,0,,Consumer Cyclical,144678368.0,12.75
FPRGF,Falco Resources Ltd,0.319,3,7,4,8,6,0,2,30,-5.0,25.0,Poor,Stay away,48,-3.3,2.2,-3.4,45.7,1,,Basic Materials,111624056.0,62579.24
BWCCF,BWCCF,0.34,7,6,11,7,3,2,4,40,-18.0,25.0,Poor,Stay away,39,0.0,0.0,0.0,99.6,1,,Basic Materials,36637568.0,0.0
SVMLF,Sovereign Metals Limited,0.358,3,13,5,7,3,0,2,33,-6.0,25.0,Poor,Stay away,23,1.3,-4.2,-3.5,42.2,2,,Basic Materials,234541568.0,142301.02
TPCFF,Titan Logix Corp,0.35,7,3,10,6,3,4,4,37,-15.0,25.0,Poor,Stay away,34,0.0,0.0,-0.0,0.8,1,,Industrials,9378153.0,40.0
SHWGF,Shandong Weigao Group Medical Polymer Company Limited,0.43,4,3,8,6,3,4,4,32,-10.0,25.0,Poor,Stay away,0,0.0,0.0,-0.2,6.1,0,,Healthcare,1911514368.0,0.0
AZMTF,Azimut Exploration Inc,0.403,2,4,4,7,4,0,2,23,2.0,25.0,Poor,Stay away,20,-4.1,-1.9,-4.4,40.7,0,,Basic Materials,40311724.0,22391.29
DGTCF,DIGITAL CORE REIT,0.49,6,5,7,6,3,4,4,35,-10.0,25.0,Poor,Stay away,39,3.5,-3.9,0.3,51.0,0,,Real Estate,635052672.0,11604.36
ZYLM,ZYLM,0.45,20,3,6,7,6,5,5,52,-23,25,Poor,Stay away,71,28025.0,12062.2,277.8,99.2,3,7,Consumer Defensive,637.0,4116.49
MITQ,Moving iMage Technologies Inc,0.53,1,7,3,9,2,6,2,30,-3.0,25.0,Poor,Stay away,25,0.0,-7.1,-4.9,41.5,2,,Technology,5268768.0,113069.97
CSCHF,China Renaissance Holdings Limited,0.598,5,3,10,6,3,6,4,37,-15.0,25.0,Poor,Stay away,45,0.0,0.0,-0.0,13.1,1,,Financial Services,342976640.0,69.68
JSPR,Jasper Therapeutics Inc,0.621,8,4,2,9,3,4,5,35,-8.0,25.0,Poor,Stay away,23,-14.8,-19.8,-4.6,48.0,1,,Healthcare,20656848.0,1146186.33
SNOXF,SulNOx Group PLC,0.65,3,4,1,7,3,5,4,27,-5.0,25.0,Poor,Stay away,33,0.0,0.0,-1.3,45.3,1,,Utilities,85944432.0,768.95
NSPR,InspireMD Inc,0.672,5,3,9,9,2,2,3,33,-8.0,25.0,Poor,Stay away,13,-2.6,-5.4,-4.4,35.8,1,,Healthcare,31466414.0,146101.37
CKPDY,Cookpad Inc ADR,0.718,4,3,9,6,3,3,4,32,-10.0,25.0,Poor,Stay away,14,0.0,0.0,-0.4,0.0,0,,Communication Services,51577200.0,48.49
MWYN,"Marwynn Holdings, Inc. Common stock",0.727,1,10,0,11,4,2,2,30,-3.0,25.0,Poor,Stay away,26,-12.2,-19.3,-12.2,42.2,1,,Consumer Cyclical,14675564.0,479992.42
YUMSF,Demaecan Co Ltd,0.76,5,3,4,9,0,2,4,27,-5.0,25.0,Poor,Stay away,16,0.0,0.0,-0.0,0.0,1,,Consumer Cyclical,152581024.0,8.0
NMYSF,NamSys Inc,0.75,6,6,5,5,3,5,2,32,-10.0,25.0,Poor,Stay away,14,0.0,0.0,-2.0,25.1,0,,Technology,20138948.0,0.0
MOGLF,Mongolian Mining Corporation,0.87,5,4,1,9,0,5,5,29,-4.0,25.0,Poor,Stay away,12,-8.4,-13.9,-4.6,43.3,0,,Basic Materials,890041600.0,1885.0
SAGT,SAGTEC GLOBAL LIMITED Ordinary shares,0.862,5,11,6,1,3,2,2,30,-8.0,25.0,Poor,Stay away,17,7.8,-3.1,-2.7,45.2,1,,Technology,16423005.0,1279495.09
ELOG,Eastern International Ltd.,0.855,10,7,3,10,0,1,3,34,-9.0,25.0,Poor,Stay away,38,-1.7,6.9,-2.9,47.5,0,,Industrials,10971360.0,299740.22
GGNPF,PT Gudang Garam Tbk,0.9,1,4,4,8,3,3,2,25,0.0,25.0,Poor,Stay away,0,0.0,0.0,-1.2,15.5,0,,Consumer Defensive,1616233984.0,0.0
DRMMF,Dream International Limited,0.908,5,3,9,6,3,2,4,32,-10.0,25.0,Poor,Stay away,24,0.0,0.0,-0.0,0.0,0,,Consumer Cyclical,614931904.0,10.0
HIIDQ,Hidili Industry International Development Limited,0.9,5,3,10,5,3,2,4,32,-10.0,25.0,Poor,Stay away,31,0.0,0.0,-0.0,0.0,0,,Energy,316035968.0,11.11
JF,J and Friends Holdings Limited,0.906,4,10,1,10,4,2,2,33,-8.0,25.0,Poor,Stay away,25,5.3,-6.6,-2.5,44.4,2,,Financial Services,16616180.0,37556.31
INVLW,"Innventure, Inc.",0.9,3,14,1,6,3,4,2,33,-8.0,25.0,Poor,Stay away,18,12.5,-17.4,-13.5,43.3,0,,nan,nan,13587.46
UVRBF,Universal Robina Corporation,1.0,5,3,10,8,3,2,4,35,-13.0,25.0,Poor,Stay away,0,0.0,0.0,-0.0,84.5,0,,Consumer Defensive,2133001984.0,0.0
STLRF,STLLR Gold Inc,0.95,4,14,8,3,3,2,3,37,-13.0,25.0,Poor,Stay away,33,-1.0,3.3,-0.4,48.1,2,,Basic Materials,143807840.0,53656.5
SSIXX,State Street Institutional Liquid Reserves Fund,1.0,4,3,10,6,3,2,4,32,-10.0,25.0,Poor,Stay away,33,0.0,0.0,-0.0,0.0,0,,nan,nan,0.0
SSHXX,State Street Institutional Liquid Reserves Fund,1.0,4,3,10,6,3,2,4,32,-10.0,25.0,Poor,Stay away,33,0.0,0.0,-0.0,0.0,0,,nan,nan,0.0
SSYXX,State Street Institutional Liquid Reserves Fund,1.0,4,3,10,6,3,2,4,32,-10.0,25.0,Poor,Stay away,33,0.0,0.0,-0.0,0.0,0,,nan,nan,0.0
SSZXX,State Street Institutional Liquid Reserves Fund,1.0,4,5,10,6,3,2,4,34,-12.0,25.0,Poor,Stay away,33,0.0,0.0,-0.0,67.6,0,,nan,nan,0.0
TILXX,State Street Institutional Investment Trust - International Liquid Reserves Fund,1.0,4,3,10,6,3,2,4,32,-10.0,25.0,Poor,Stay away,33,0.0,0.0,-0.0,0.0,0,,nan,nan,0.0
SWSXX,Northern Institutional Funds - Treasury Portfolio,1.0,3,5,10,4,3,1,4,30,-10.0,25.0,Poor,🔥 COILED: Stay away,26,0.0,0.0,-1.6,44.1,0,,nan,nan,0.0
TSMXX,Short-Term Investment Trust - Invesco Treasury Obligations Portfolio,1.0,3,4,10,5,3,1,4,30,-10.0,25.0,Poor,🔥 COILED: Stay away,26,0.0,0.0,-2.3,41.3,0,,nan,nan,0.0
TSSXX,Short-Term Investment Trust - Invesco Treasury Obligations Portfolio,1.0,3,4,10,5,3,1,4,30,-10.0,25.0,Poor,🔥 COILED: Stay away,33,0.0,0.0,-1.3,44.0,0,,nan,nan,0.0
SIUDF,Shanghai Industrial Urban Development Group Limited,0.007,8,3,10,6,3,2,4,36,-15.0,24.0,Broken,Avoid/exit,30,0.0,0.0,-0.0,28.6,1,,Real Estate,33845336.0,1655.5
REEEF,RareX Limited,0.005,4,3,7,3,3,7,4,31,-10.0,24.0,Broken,Avoid/exit,16,0.0,0.0,-14.3,26.4,0,,Basic Materials,6082752.0,34335.89
FIRTF,Mammoth Minerals Limited,0.01,5,3,9,5,3,2,4,31,-10.0,24.0,Broken,Avoid/exit,21,0.0,0.0,-0.4,0.0,0,,Basic Materials,5589129.0,300.71
PLGNF,Playgon Games Inc,0.005,3,5,10,5,6,1,4,34,-15.0,24.0,Broken,🔥 COILED: Avoid/exit,33,0.0,0.0,-0.3,49.2,1,,Consumer Cyclical,2756420.0,14264.5
HSCC,Homeland Security Cp,0.004,0,3,8,6,6,4,4,31,-10.0,24.0,Broken,Avoid/exit,22,-2.3,-19.2,-3.9,44.7,0,,Consumer Cyclical,803355.0,21468.17
NNRI,NNRF Inc,0.002,5,14,7,2,3,2,4,37,-16.0,24.0,Broken,Avoid/exit,15,0.0,0.0,-2.4,41.2,1,,Financial Services,795126.0,78431.15
PCIMF,Pacific Imperial Mines Inc,0.004,5,3,10,4,3,2,4,31,-10.0,24.0,Broken,Avoid/exit,18,0.0,0.0,-0.7,0.2,0,,Basic Materials,720012.0,10118.7
SAKL,Sack Lunch Productions Inc,0.007,4,3,9,6,3,7,4,36,-15.0,24.0,Broken,Avoid/exit,29,0.0,0.0,-3.4,36.9,1,,Consumer Cyclical,602597.0,2932.82
ASDZF,Arctic Star Exploration Corp,0.001,3,4,5,6,3,3,5,29,-8.0,24.0,Broken,Avoid/exit,26,0.0,0.0,-24.7,47.2,0,,Basic Materials,334194.0,0.0
QCAAF,Quinsam Capital Corp,0.001,4,3,10,5,3,2,4,31,-10.0,24.0,Broken,Avoid/exit,16,0.0,0.0,-1.0,1.8,0,,Financial Services,131063.0,758.0
ASRE,Astra Energy Inc,0.001,8,8,8,2,3,1,4,34,-15.0,24.0,Broken,🔥 COILED: Avoid/exit,28,0.0,0.0,1.9,58.6,1,,Utilities,75110.0,29040.62
LGCP,Legion Capital Corporation,0.001,7,3,7,6,3,1,4,31,-10.0,24.0,Broken,Avoid/exit,26,0.0,0.0,-0.1,7.9,0,,Financial Services,23192.0,646.93
COMS,COMSovereign Holding Corp,0.002,17,4,6,11,6,5,5,54,-30,24,Broken,Avoid/exit,61,31.2,50.0,28.0,93.5,3,,Technology,5659.0,1467.66
ZCARW,Zoomcar Holdings Inc,0.006,4,6,9,11,0,2,2,34,-10.0,24.0,Broken,Avoid/exit,29,41.0,96.4,1.4,49.4,2,,nan,nan,0.0
TSEOQ,TSEOQ,0.002,6,3,7,9,3,2,4,34,-10.0,24.0,Broken,Avoid/exit,0,0.0,0.0,-43.9,41.1,0,,nan,nan,0.0
MXTLF,Metalex Ventures Ltd,0.015,12,6,11,6,3,2,4,44,-23.0,24.0,Broken,Avoid/exit,50,0.0,0.0,0.0,98.0,0,,Basic Materials,4146718.0,200.0
BLIAQ,BB Liquidating Inc.,0.012,10,6,6,9,7,3,5,46,-20.0,24.0,Broken,Avoid/exit,54,-7.7,20.0,18.9,52.6,3,,Communication Services,2851816.0,17861.74
GORAF,Goldrea Resources Corp,0.013,4,9,0,8,3,0,2,26,-3.0,24.0,Broken,Avoid/exit,15,-54.7,-36.7,-21.2,46.9,0,,Basic Materials,1961015.0,23265.7
PTCO,PetroGas Co,0.017,7,15,4,10,3,4,2,45,-21.0,24.0,Broken,Avoid/exit,15,-5.6,54.5,-5.8,43.2,3,,Energy,390943.0,14561.82
VINC,"Vincerx Pharma, Inc. Common Stock",0.013,3,5,2,9,4,2,4,29,-5.0,24.0,Broken,Avoid/exit,28,0.0,0.0,-1.4,48.0,1,,Healthcare,68045.0,27280.84
CDIOW,Cardio Diagnostics Holdings Inc,0.014,1,7,0,7,3,2,2,22,2.0,24.0,Broken,Avoid/exit,9,-44.4,-7.9,-23.6,44.8,0,,nan,nan,42706.46
TTLXF,Tantalex Resources Corporation,0.025,7,4,10,5,0,2,4,32,-13.0,24.0,Broken,🔥 COILED: Avoid/exit,46,0.0,0.0,-0.0,40.0,1,,Basic Materials,22675286.0,3060.31
CISCF,Ciscom Corp.,0.022,3,3,3,7,5,6,2,29,-5.0,24.0,Broken,Avoid/exit,37,0.0,-10.4,-9.8,21.1,1,,Technology,1333238.0,13315.26
SARMF,Southern Arc Minerals Inc,0.03,9,6,11,9,3,4,4,46,-18.0,24.0,Broken,Avoid/exit,60,0.0,0.0,0.0,99.4,1,,Basic Materials,1218038.0,79.02
HWTHF,Wildsky Resources Inc,0.021,3,3,8,5,3,5,4,31,-10.0,24.0,Broken,Avoid/exit,22,0.0,0.0,-16.4,4.4,0,,Basic Materials,1181105.0,233.58
HAPBF,Hapbee Technologies Inc,0.035,4,4,9,5,6,0,3,31,-10.0,24.0,Broken,Avoid/exit,34,-10.3,2.9,-0.9,49.3,0,,Technology,8218843.0,49839.88
URGYF,Academy Metals Inc,0.035,3,3,10,6,3,7,4,36,-15.0,24.0,Broken,Avoid/exit,19,0.0,0.0,-10.0,18.0,1,,Basic Materials,3286424.0,377.75
PFFOF,Portofino Resources Inc,0.038,9,7,4,5,4,3,2,34,-10.0,24.0,Broken,Avoid/exit,47,0.0,0.0,-1.2,48.4,0,,Basic Materials,675458.0,1489.0
IDBHF,Industrias Bachoco S.A.B. de C.V,0.05,5,4,10,6,0,2,4,31,-10.0,24.0,Broken,Avoid/exit,26,0.0,0.0,-0.0,0.0,0,,Consumer Defensive,30000000.0,0.0
EWISF,EWISF,0.043,12,16,2,6,3,0,5,44,-21,24,Broken,Avoid/exit,52,137.2,39.5,33.1,54.8,4,5,Basic Materials,1053882.0,25386.6
FOXOD,FOXO Technologies Inc.,0.043,5,12,1,7,4,4,2,35,-11.0,24.0,Broken,Avoid/exit,39,42.7,7.0,-27.1,46.0,1,,Healthcare,56822.0,30722130.07
STKKF,Strike Energy Limited,0.069,3,3,3,7,3,3,4,26,-5.0,24.0,Broken,Avoid/exit,31,0.0,0.0,-3.0,38.5,1,,Energy,279325408.0,3560.97
CUPIF,Cupani Metals Corp.,0.062,2,12,4,6,3,0,2,29,-10.0,24.0,Broken,Avoid/exit,16,-4.5,-2.4,-3.2,45.7,0,,Financial Services,9179102.0,22001.84
BXXRF,ExGen Resources Inc,0.066,7,13,8,0,3,2,2,35,-11.0,24.0,Broken,Avoid/exit,18,1.7,-7.7,-1.6,46.1,2,,Basic Materials,7240997.0,22070.87
CLRSF,Castile Resources Limited,0.077,4,4,4,5,3,3,4,27,-8.0,24.0,Broken,🔥 COILED: Avoid/exit,33,0.0,0.0,-0.8,47.5,0,,Basic Materials,29665550.0,1263.57
DAUGF,Desert Gold Ventures Inc,0.079,5,13,7,5,4,3,5,42,-18.0,24.0,Broken,Avoid/exit,30,-3.0,-3.6,-2.4,45.6,1,,Basic Materials,28382296.0,0.0
GGAMF,Good Gamer Entertainment Inc,0.078,3,6,2,7,3,1,4,26,-5.0,24.0,Broken,Avoid/exit,22,0.0,0.0,-3.4,36.1,1,,Communication Services,333728.0,1893.65
ORFDF,Orefinders Resources Inc,0.088,8,6,8,4,0,0,5,31,-8.0,24.0,Broken,Avoid/exit,43,-1.6,0.7,-0.6,47.9,0,,Basic Materials,21778962.0,58718.37
RDACR,Rising Dragon Acquisition Corp. Rights,0.085,7,9,4,3,0,4,5,32,-8.0,24.0,Broken,Avoid/exit,22,6.2,21.6,-4.2,47.2,2,,nan,nan,0.0
AVGDF,Avidian Gold Corp,0.098,3,4,2,10,0,2,5,26,2.0,24.0,Broken,Avoid/exit,25,-10.9,-14.8,-5.9,43.4,0,,Basic Materials,1868880.0,1324.08
FLDDW,"Fold Holdings, Inc. Warrant",0.098,3,17,2,3,3,4,2,34,-13.0,24.0,Broken,Avoid/exit,26,27.6,26.2,0.2,49.0,2,,nan,nan,22506.11
YUXXF,Yuexiu Real Estate Investment Trust,0.1,7,3,11,7,0,2,4,34,-13.0,24.0,Broken,Avoid/exit,0,0.0,0.0,0.0,95.8,0,,Real Estate,525896928.0,0.0
BIOF,Blue Biofuels Inc,0.108,3,11,2,7,5,2,2,32,-6.0,24.0,Broken,Avoid/exit,19,-0.1,-1.0,-2.9,42.3,2,,Basic Materials,34662396.0,160503.76
MAHN,Mid-Atlantic Home Health Network Inc,0.112,3,4,2,7,3,3,2,24,0.0,24.0,Broken,Avoid/exit,21,0.0,0.0,-36.2,1.3,0,,Healthcare,30504660.0,170.61
VTXXF,Vertex Minerals Limited,0.1,3,6,2,8,0,3,4,26,-5.0,24.0,Broken,Avoid/exit,15,0.0,0.0,-42.7,8.7,1,,Basic Materials,28660852.0,120.3
NICLF,Class 1 Nickel and Technologies Limited,0.11,9,7,6,5,4,1,2,34,-15.0,24.0,Broken,🔥 COILED: Avoid/exit,39,0.0,0.0,-1.4,43.7,1,,Basic Materials,22332682.0,14105.0
FTRCF,The FUTR Corporation,0.114,3,5,4,13,4,2,2,33,-9.0,24.0,Broken,Avoid/exit,9,-7.0,-11.0,-8.5,36.3,1,,Technology,17324572.0,6936.89
ESIFF,ESG Global Impact Capital Inc,0.14,3,5,2,7,3,2,2,24,0.0,24.0,Broken,Avoid/exit,18,15.5,-6.7,-6.3,40.5,1,,Financial Services,4483563.0,1864.75
MMMW,Mass Megawat Wind Pw,0.1,9,12,11,11,3,2,2,50,-22.0,24.0,Broken,Avoid/exit,37,19.0,19.0,13.7,62.6,3,,Utilities,224086.0,1406.03
BFRGW,"Bullfrog AI Holdings, Inc. Warrants",0.11,2,6,3,7,0,2,2,22,2.0,24.0,Broken,Avoid/exit,24,-24.1,-15.1,-12.5,44.2,0,,Healthcare,nan,12940.23
LCGMF,Lion Copper and Gold Corp,0.19,4,12,6,4,2,2,4,34,-10.0,24.0,Broken,Avoid/exit,31,0.1,5.6,-0.2,48.5,0,,Basic Materials,81924408.0,145898.41
SILLF,Sarine Technologies Ltd,0.166,5,4,10,6,3,2,4,34,-15.0,24.0,Broken,🔥 COILED: Avoid/exit,35,0.0,0.0,-0.0,46.9,1,,Technology,56494288.0,3796.0
MRLLF,Minera IRL Limited,0.15,14,6,9,5,6,3,4,47,-28.0,24.0,Broken,🔥 COILED: Avoid/exit,58,0.0,0.0,8.2,100.0,1,,Basic Materials,34670256.0,43018.24
NPWR-WT,NET Power Inc. WT,0.19,4,12,3,6,3,2,2,32,-8.0,24.0,Broken,Avoid/exit,25,5.6,-7.8,-10.9,42.7,1,,nan,nan,18786.26
LNKLF,Linklogis Inc.,0.243,10,4,5,6,3,2,4,34,-13.0,24.0,Broken,Avoid/exit,32,0.0,0.0,0.0,71.2,1,,Technology,483657216.0,5.86
VTGN,VistaGen Therapeutics Inc,0.241,3,9,5,10,4,2,4,37,-13.0,24.0,Broken,Avoid/exit,21,4.8,0.4,-14.5,34.2,2,,Healthcare,9888821.0,1754533.34
PAXH,PreAxia Health Care Payment Systems Inc,0.22,8,3,9,5,3,4,4,36,-15.0,24.0,Broken,Avoid/exit,35,0.0,0.0,-0.0,13.0,1,,Healthcare,9837252.0,892.75
GXLDF,GXLDF,0.216,6,8,2,7,1,3,2,29,-5.0,24.0,Broken,Avoid/exit,28,0.0,0.0,-1.1,42.3,1,,Basic Materials,9551637.0,492.5
RHEPA,RHEPA,0.2,1,4,3,9,3,2,2,24,0.0,24.0,Broken,Avoid/exit,30,0.0,-12.3,-6.8,28.6,0,,Healthcare,nan,274.2
RGPMF,Enwell Energy plc,0.25,12,6,11,6,3,2,4,44,-23.0,24.0,Broken,Avoid/exit,49,0.0,0.0,0.0,84.6,0,,Energy,144287024.0,15.5
MLMLF,McFarlane Lake Mining Limited,0.274,15,10,5,12,7,0,5,54,-30,24,Broken,Avoid/exit,59,7.4,18.7,12.2,62.2,3,,Basic Materials,126413488.0,623520.0
PKSGY,PARKSON Retail Group Ltd ADR,0.28,5,3,10,7,3,2,4,34,-13.0,24.0,Broken,Avoid/exit,38,0.0,0.0,-0.0,88.6,1,,Consumer Cyclical,24588966.0,0.4
TRGXF,Terra Rossa Gold Ltd.,0.26,5,9,5,6,3,4,2,34,-15.0,24.0,Broken,🔥 COILED: Avoid/exit,0,0.0,0.0,-0.1,48.6,1,,Basic Materials,18963372.0,0.0
AEON,"AEON Biopharma, Inc.",0.255,3,8,1,9,4,2,2,29,-3.0,24.0,Broken,Avoid/exit,9,-1.8,-14.1,-31.2,21.8,2,,Healthcare,11269328.0,494248.15
UCASU,UC Asset LP,0.262,5,3,9,6,3,1,4,31,-10.0,24.0,Broken,Avoid/exit,19,0.0,0.0,-0.2,13.0,0,,Real Estate,1437076.0,154.48
FIGXW,FIGX Capital Acquisition Corp. Warrant,0.252,12,6,1,9,1,0,5,34,-10.0,24.0,Broken,Avoid/exit,51,-9.9,-9.9,-0.7,50.0,0,,nan,nan,0.0
GLFGF,Global Fashion Group S.A,0.33,8,3,10,6,3,2,4,36,-15.0,24.0,Broken,Avoid/exit,47,0.0,0.0,-0.0,0.2,1,,Consumer Cyclical,77898240.0,4753.66
TSMCF,Tesmec S.p.A.,0.38,8,9,4,3,7,0,2,33,-10.0,24.0,Broken,Avoid/exit,52,-8.0,-4.5,-5.5,47.4,0,,Industrials,211334032.0,24220.81
CAUUF,Centaur Media Plc,0.381,5,3,10,4,3,2,4,31,-10.0,24.0,Broken,Avoid/exit,17,0.0,0.0,-0.0,3.2,1,,Communication Services,5346426.0,509.9
TANH,Tantech Holdings Ltd,0.419,5,8,7,3,4,0,5,32,-13.0,24.0,Broken,🔥 COILED: Avoid/exit,27,-3.0,0.5,-1.7,48.3,2,,Consumer Defensive,6045452.0,209711.62
LUOYF,Luoyang Glass Company Limited,0.457,4,4,1,7,3,1,4,24,-5.0,24.0,Broken,🔥 COILED: Avoid/exit,27,0.0,0.0,-0.7,47.0,1,,Basic Materials,295331712.0,61.25
ONNVF,ONNVF,0.469,4,12,4,3,3,2,2,30,-6.0,24.0,Broken,Avoid/exit,23,2.8,2.4,-3.6,42.6,1,,nan,nan,731.76
GEBHF,Genting Berhad,0.5,3,4,8,8,0,1,4,28,0.0,24.0,Broken,Avoid/exit,12,-2.0,-2.0,-2.3,20.9,0,,Consumer Cyclical,1963793792.0,0.0
HANNF,Hannan Metals Ltd,0.522,11,2,4,12,3,0,5,37,-13.0,24.0,Broken,Avoid/exit,39,-11.6,7.1,0.6,52.5,1,,Basic Materials,77332464.0,70086.5
SWDHF,Skyworth Group Limited,0.59,3,3,9,6,3,3,4,31,-10.0,24.0,Broken,Avoid/exit,27,0.0,0.0,-2.8,1.3,0,,Technology,1307103488.0,31.5
AFGVF,Agfa-Gevaert NV,0.571,8,3,10,6,3,2,4,36,-15.0,24.0,Broken,Avoid/exit,30,0.0,0.0,-0.0,0.1,1,,Industrials,88402520.0,60.0
SPMEF,South Pacific Metals Corp,0.597,12,13,4,15,6,0,5,55,-29.0,24.0,Broken,Avoid/exit,64,1.8,14.3,16.3,63.2,3,,Basic Materials,41276588.0,20291.39
KRLCF,Kainantu Resources Ltd.,0.597,12,13,4,15,6,0,5,55,-29.0,24.0,Broken,Avoid/exit,64,1.8,14.3,16.5,63.2,3,,Basic Materials,12474579.0,19999.83
BORMF,BOREALIS MNG CO LTD,0.582,6,12,6,1,3,2,2,32,-8.0,24.0,Broken,Avoid/exit,21,4.1,5.7,-0.4,46.0,1,,nan,nan,116249.1
ORBS,Eightco Holdings Inc.,0.609,3,14,8,2,3,2,2,34,-13.0,24.0,Broken,Avoid/exit,29,-5.7,-2.1,-7.0,40.7,1,,Consumer Cyclical,236376640.0,14221607.62
CYPH,Cypherpunk Technologies Inc.,0.626,1,8,9,3,4,4,3,32,-11.0,24.0,Broken,Avoid/exit,23,-5.4,-12.3,-7.0,41.6,1,,Financial Services,66604176.0,10082047.32
RGFC,"The Real Good Food Company, Inc.",0.67,16,6,7,14,4,2,5,54,-30.0,24.0,Broken,Avoid/exit,48,1.5,11.7,13.8,59.3,3,,Consumer Defensive,10361172.0,2728.25
TOFB,Tofutti Brands,0.65,2,4,3,8,5,1,3,26,-5.0,24.0,Broken,Avoid/exit,32,0.0,0.0,-1.5,44.8,1,,Consumer Defensive,3349908.0,1014.71
CIRC,"Circle8 Group, Inc.",0.716,5,10,4,9,4,0,2,34,-8.0,24.0,Broken,Avoid/exit,15,-6.9,-1.0,-7.2,45.4,1,,Industrials,64422628.0,3988394.99
ARLSF,Argo Living Soils Corp,0.67,9,4,3,7,3,0,3,29,-5.0,24.0,Broken,Avoid/exit,48,-5.6,-2.5,-2.7,48.1,1,,Basic Materials,18215750.0,33263.23
RMLFF,Rusoro Mining Ltd,0.794,9,6,8,9,1,3,3,39,-15.0,24.0,Broken,Avoid/exit,44,0.8,5.7,1.0,52.5,2,,Basic Materials,508019552.0,264680.77
BQ,Boqii Holding Limited,0.798,5,6,9,10,4,0,2,36,-15.0,24.0,Broken,🔥 COILED: Avoid/exit,36,-9.3,-5.6,-4.3,45.2,1,,Consumer Cyclical,5888194.0,931693.57
CDROW,Codere Online Luxembourg S.A. Warrants,0.88,11,3,3,10,7,3,5,42,-16.0,24.0,Broken,Avoid/exit,57,44.2,-7.4,11.0,55.4,1,,nan,nan,15858.12
KMFG,KMFG,0.935,6,3,6,6,3,3,4,31,-10.0,24.0,Broken,Avoid/exit,30,0.0,0.0,-0.6,2.2,0,,Consumer Cyclical,51425000.0,236.75
CLVFA,Cloverleaf Kennel Club,0.9,5,3,9,5,3,2,4,31,-10.0,24.0,Broken,Avoid/exit,19,0.0,0.0,-0.3,0.0,0,,Consumer Cyclical,nan,464.02
ELRE,Yinfu Gold Corporation,0.95,10,5,7,10,4,6,2,44,-23.0,24.0,Broken,Avoid/exit,49,90.0,-5.0,1.0,51.3,0,7,Communication Services,115884792.0,0.0
KGFMF,Kingfisher Metals Corp,0.976,16,12,6,5,4,7,5,55,-29,24,Broken,Avoid/exit,56,14.9,25.4,15.2,63.9,3,,Basic Materials,123609512.0,79298.71
HLLK,Hallmark Venture Group Inc,1.0,8,7,1,10,6,0,2,34,-10.0,24.0,Broken,Avoid/exit,57,-36.3,-1.0,-13.5,46.9,0,,Financial Services,99265528.0,1629.06
GRFXF,Graphex Group Limited,0.01,7,5,8,5,3,1,4,33,-15.0,23.0,Broken,🔥 COILED: Avoid/exit,31,0.0,0.0,-0.4,41.8,1,,Basic Materials,255365952.0,2317.45
JASUF,Jasmine International Public Company Limited,0.004,3,6,2,7,3,3,4,28,-5.0,23.0,Broken,Avoid/exit,10,0.0,0.0,-30.3,38.0,1,,Communication Services,33168300.0,62.5
MONI,World Oil Group,0.004,5,4,1,9,4,0,2,25,0.0,23.0,Broken,Avoid/exit,43,-15.9,-24.5,-15.3,39.0,0,,Industrials,2896152.0,1172996.84
BLGVF,Belgravia Hartford Capital Inc,0.02,9,9,4,7,4,2,3,38,-18.0,23.0,Broken,Avoid/exit,33,15.8,11.2,13.4,53.3,3,,Financial Services,1473613.0,74079.16
NBCO,Neon Bloom Inc,0.006,4,3,6,10,0,1,4,28,-5.0,23.0,Broken,Avoid/exit,25,-4.8,-4.8,-2.7,34.3,1,,Healthcare,1273564.0,12070.28
JXMNF,Jaxon Mining Inc,0.007,2,4,10,6,0,2,4,28,-10.0,23.0,Broken,🔥 COILED: Avoid/exit,29,0.0,0.0,0.0,50.0,0,,Basic Materials,1218026.0,187.5
CYYNF,Cynata Therapeutics Limited,0.004,3,6,1,8,3,3,4,28,-5.0,23.0,Broken,Avoid/exit,16,0.0,0.0,-79.4,35.3,1,,Healthcare,973817.0,95.63
PKLE,"PickleJar Entertainment Group, Inc.",0.006,9,7,3,7,0,2,5,33,-8.0,23.0,Broken,Avoid/exit,30,47.7,80.6,3.2,46.8,2,,Technology,810156.0,245014.27
BRVRF,Blue River Resources Ltd,0.003,2,4,10,6,0,2,4,28,-10.0,23.0,Broken,🔥 COILED: Avoid/exit,28,0.0,0.0,0.0,50.0,0,,Basic Materials,751755.0,0.0
CRKN,Crown Electrokinetics Corp.,0.001,2,2,2,8,3,4,2,23,0.0,23.0,Broken,Avoid/exit,24,-98.5,-90.9,-97.6,34.7,0,,Basic Materials,434556.0,1756.5
PPZRF,Western Atlas Resources Inc,0.002,8,3,10,5,3,2,4,35,-15.0,23.0,Broken,Avoid/exit,27,0.0,0.0,-0.0,12.6,1,,Basic Materials,336874.0,2047.48
CNADF,CanadaBis Capital Inc.,0.002,3,6,2,7,3,3,4,28,-5.0,23.0,Broken,Avoid/exit,23,0.0,0.0,-37.6,39.2,1,,Healthcare,296147.0,1145.0
GPIPF,WesCan Energy Corp.,0.004,8,3,10,5,3,2,4,35,-15.0,23.0,Broken,Avoid/exit,29,0.0,0.0,-0.1,24.8,1,,Energy,174029.0,564.63
SEPSF,Asep Medical Holdings Inc,0.011,8,3,10,5,3,2,4,35,-15.0,23.0,Broken,Avoid/exit,23,0.0,0.0,-0.0,0.0,1,,Healthcare,173021.0,336.22
AQSZF,Aequus Pharmaceuticals Inc,0.001,1,3,4,11,3,3,5,30,-3.0,23.0,Broken,Avoid/exit,20,-53.8,-53.8,-42.5,37.9,1,,Healthcare,159161.0,84716.64
CRMK,Cermetek Microelectronics Inc,0.005,3,3,10,5,3,5,4,33,-10.0,23.0,Broken,Avoid/exit,9,0.0,0.0,-3.8,1.3,0,,Technology,119171.0,3322.66
ASKE,Alaska Pacific Energy Corp,0.004,7,4,0,8,0,2,2,23,0.0,23.0,Broken,Avoid/exit,37,-40.0,-49.4,-67.7,43.4,0,,Communication Services,51372.0,11394.84
HBKRF,Highbank Resources Ltd,0.001,5,4,9,6,3,2,4,33,-15.0,23.0,Broken,🔥 COILED: Avoid/exit,26,0.0,0.0,0.0,50.0,1,,Basic Materials,28101.0,0.01
RDRSF,RDARS Inc,0.001,5,4,9,6,3,2,4,33,-15.0,23.0,Broken,🔥 COILED: Avoid/exit,26,0.0,0.0,0.0,50.0,1,,Technology,17721.0,0.18
AIFM,AIFarm Ltd,0.003,5,3,10,6,0,2,4,30,-10.0,23.0,Broken,Avoid/exit,27,0.0,0.0,-0.0,17.6,0,,Industrials,2030.0,1.77
HUMAW,Humacyte Inc,0.009,5,5,7,7,0,2,2,28,-5.0,23.0,Broken,Avoid/exit,14,-9.1,-1.1,-23.5,37.5,1,,nan,nan,20741.54
KNBIF,Kane Biotech Inc,0.02,3,12,9,5,3,2,2,36,-13.0,23.0,Broken,Avoid/exit,19,19.5,-1.5,1.1,48.7,1,,Healthcare,4133940.0,0.0
MYLKF,The Planting Hope Company Inc,0.015,5,4,9,6,3,2,4,33,-15.0,23.0,Broken,🔥 COILED: Avoid/exit,41,0.0,0.0,0.0,50.0,1,,Consumer Defensive,1870011.0,48.0
FZMD,Fuse Medical Inc,0.02,1,2,2,8,3,3,4,23,0.0,23.0,Broken,Avoid/exit,18,0.0,0.0,-7.4,38.0,0,,Healthcare,1477915.0,7057.32
IWAL,iWallet Corporation,0.012,5,5,1,7,1,4,2,25,-5.0,23.0,Broken,Avoid/exit,22,25.0,-3.8,-2.5,47.1,1,,Industrials,1330242.0,16542.38
FLMTF,Full Metal Minerals Ltd,0.02,13,11,8,11,3,2,5,53,-26,23,Broken,Avoid/exit,36,66.7,66.7,46.9,67.5,2,3,Basic Materials,1186249.0,1292.6
PIIIW,P3 Health Partners Inc,0.013,6,11,2,6,4,2,5,36,-13.0,23.0,Broken,Avoid/exit,29,-3.1,8.6,-4.8,47.7,2,,nan,nan,284160.17
ONFOW,Onfolio Holdings Inc. Warrant,0.013,3,10,1,6,3,6,2,31,-6.0,23.0,Broken,Avoid/exit,12,24.3,-1.5,-35.7,42.5,1,,nan,nan,30240.65
TRNGF,The Trendlines Group Ltd,0.029,8,3,9,6,3,2,4,35,-15.0,23.0,Broken,Avoid/exit,31,0.0,0.0,-0.0,0.0,1,,Financial Services,42413080.0,12800.0
BVCLF,BATM Advanced Communications Ltd.,0.022,11,5,8,12,3,2,5,46,-23.0,23.0,Broken,Avoid/exit,30,0.0,0.0,21.1,99.9,1,,Healthcare,7481753.0,427.65
NWPG,Newport Gold Inc,0.022,16,10,3,15,6,0,5,55,-30,23,Broken,Avoid/exit,69,-20.0,22.2,21.1,55.5,3,,Basic Materials,5769981.0,684201.79
LVRLF,CordovaCann Corp,0.027,4,11,6,13,4,2,2,42,-20.0,23.0,Broken,Avoid/exit,28,-10.7,106.2,-10.4,45.3,3,,Healthcare,5380369.0,16102.84
KICK,HPN Holdings Inc,0.028,3,6,2,7,3,3,4,28,-5.0,23.0,Broken,Avoid/exit,15,0.0,0.0,-21.6,37.0,1,,Industrials,2109972.0,2408.68
ITNF,Internet Infinity Inc,0.024,7,3,10,5,0,1,4,30,-10.0,23.0,Broken,Avoid/exit,37,0.0,0.0,-0.1,38.5,0,,Industrials,1732746.0,3276.66
BIDCF,BlockchainK2 Corp,0.028,3,6,8,5,3,3,5,33,-13.0,23.0,Broken,Avoid/exit,18,0.0,0.0,-1.5,41.9,1,,Technology,1092219.0,62383.71
PAIYY,Aesthetic Medical International Holdings Group Limited,0.021,13,6,6,4,3,3,5,40,-17.0,23.0,Broken,Avoid/exit,27,0.0,0.0,9.0,63.5,1,,Healthcare,1022439.0,5620.24
GMBLP,Esports Entertainment Group Inc Preferred Series A,0.029,15,4,5,4,4,3,5,40,-17.0,23.0,Broken,Avoid/exit,32,-3.3,-3.3,15.3,57.7,1,,Consumer Cyclical,nan,1920.39
VSEEW,"VSee Health, Inc.",0.022,3,4,0,12,0,2,2,23,2.0,23.0,Broken,Avoid/exit,7,2.4,-28.0,-44.8,42.6,0,,nan,nan,32083.13
OILFF,Nextleaf Solutions Ltd,0.032,2,7,5,8,4,0,2,28,-3.0,23.0,Broken,Avoid/exit,15,-9.7,-10.2,-6.1,38.7,1,,Healthcare,5489127.0,79703.6
NSHRF,Northern Shield Resources Inc,0.031,20,4,12,6,4,2,5,53,-30,23,Broken,Avoid/exit,45,49.0,49.0,28.6,75.6,3,,Basic Materials,4756710.0,0.0
ZPHYF,Zephyr Minerals Ltd,0.036,1,2,2,11,3,2,2,23,0.0,23.0,Broken,Avoid/exit,16,-9.3,-19.3,-10.8,29.1,0,,Basic Materials,3756525.0,17918.26
SUIFF,Superior Mining International Corporation,0.033,4,5,7,6,3,1,4,30,-10.0,23.0,Broken,Avoid/exit,16,0.0,0.0,-0.7,36.2,0,,Basic Materials,2576906.0,692.31
PITEF,Heramba Electric plc,0.038,10,6,11,8,3,2,4,44,-21.0,23.0,Broken,Avoid/exit,47,0.0,0.0,0.0,84.7,1,,Industrials,475494.0,4534.79
ZPHRF,Zephyr Energy plc,0.05,15,3,5,5,3,1,5,37,-17.0,23.0,Broken,Avoid/exit,59,0.0,0.0,1.7,68.4,1,,Energy,105035952.0,16323.69
SVTPF,S-Ventures Plc,0.05,2,4,10,6,0,2,4,28,-10.0,23.0,Broken,🔥 COILED: Avoid/exit,29,0.0,0.0,0.0,50.0,0,,Financial Services,18829012.0,300.0
SDURF,Stroud Resources Ltd,0.05,3,4,0,7,5,0,2,21,2.0,23.0,Broken,Avoid/exit,20,-33.3,-33.3,-29.4,42.7,1,,Energy,5776986.0,0.0
LTUM,Lithium Corp,0.048,3,12,5,3,3,0,5,31,-8.0,23.0,Broken,Avoid/exit,18,-5.0,1.1,-1.0,46.8,0,,Basic Materials,5599891.0,293883.81
MAKAF,Makara Mining Corp,0.042,15,7,8,8,4,2,5,49,-26,23,Broken,Avoid/exit,33,50.0,50.0,25.1,69.8,3,3,Basic Materials,710904.0,1990.39
SAEC,Starlight Energy Corp,0.05,2,4,10,6,0,2,4,28,-10.0,23.0,Broken,🔥 COILED: Avoid/exit,29,0.0,0.0,0.0,50.0,0,,Energy,nan,8.6
ZENAF,Zenith Energy Ltd.,0.06,3,7,2,17,3,2,2,36,-18,23,Broken,Avoid/exit,31,89.9,-42.8,-24.0,35.1,1,10,Energy,45885388.0,7827.7
RVBR,Markray Corp,0.06,12,5,3,2,3,4,4,33,-10.0,23.0,Broken,Avoid/exit,40,2.4,2.4,0.0,50.3,0,,Consumer Defensive,18316588.0,34057.22
KVLQF,ValOre Metals Corp,0.054,5,14,9,3,3,2,2,38,-13.0,23.0,Broken,Avoid/exit,20,2.5,5.7,0.6,48.6,1,,Energy,12620226.0,274453.78
BMVVF,Bathurst Metals Corp,0.056,4,3,8,5,3,3,4,30,-10.0,23.0,Broken,Avoid/exit,30,0.0,0.0,-2.7,40.0,0,,Basic Materials,2797600.0,1763.92
NXSGF,Nexus Gold Corp.,0.054,1,5,1,8,3,1,4,23,-5.0,23.0,Broken,🔥 COILED: Avoid/exit,26,0.0,0.0,-7.0,48.8,1,,Basic Materials,1293876.0,470.68
SYBE,SYBLEU INC.,0.055,5,4,9,6,3,2,4,33,-15.0,23.0,Broken,🔥 COILED: Avoid/exit,41,0.0,0.0,0.0,50.0,1,,Healthcare,583742.0,205.34
FINR,Fintech Scion Limited,0.07,5,4,9,6,3,2,4,33,-15.0,23.0,Broken,🔥 COILED: Avoid/exit,27,0.0,0.0,0.0,50.0,1,,Technology,13911985.0,7.53
DSAIF,DeepSpatial Inc.,0.068,5,4,9,6,3,2,4,33,-15.0,23.0,Broken,🔥 COILED: Avoid/exit,40,0.0,0.0,0.0,50.0,1,,Technology,6964708.0,71.75
ZICX,Zicix Corp,0.069,3,4,8,5,3,3,4,30,-10.0,23.0,Broken,Avoid/exit,17,0.0,0.0,-43.2,37.0,0,,Technology,877342.0,0.0
AGNMF,Agronomics Limited,0.073,8,5,1,8,0,4,2,28,-5.0,23.0,Broken,Avoid/exit,16,-1.4,4.3,-3.1,47.3,1,,Financial Services,79086824.0,95016.63
RDTCF,Rapid Dose Therapeutics Corp,0.078,10,11,4,5,4,0,5,39,-16.0,23.0,Broken,Avoid/exit,32,-8.0,7.9,9.7,55.5,1,,Healthcare,10567165.0,5198.34
IMRFF,iMetal Resources Inc.,0.078,18,5,5,11,5,6,5,55,-28,23,Broken,⚠️ EXHAUSTION RISK: Avoid/exit,51,7.7,12.1,7.4,56.1,3,,Basic Materials,3168344.0,65534.39
DMIIR,Drugs Made In America Acquisition II Corp. Right,0.08,5,7,5,3,4,2,2,28,-8.0,23.0,Broken,Avoid/exit,33,-4.2,-1.2,-2.5,47.6,0,,nan,nan,0.0
GBBYF,Goodbaby International Holdings Limited,0.11,3,4,1,7,3,3,2,23,0.0,23.0,Broken,Avoid/exit,6,0.0,0.0,-8.3,0.0,0,,Consumer Cyclical,183819520.0,130.0
ADRGF,Mene Inc,0.119,2,8,8,2,3,3,2,28,-8.0,23.0,Broken,Avoid/exit,22,-1.7,-4.8,-4.0,41.4,1,,Other,96446488.0,26533.0
YTOEF,YTO Express (International) Holdings Limited,0.14,8,3,9,6,3,2,4,35,-15.0,23.0,Broken,Avoid/exit,29,0.0,0.0,-0.0,0.0,1,,Industrials,58858836.0,475.0
MENEF,Mene Inc,0.119,2,8,8,2,3,3,2,28,-8.0,23.0,Broken,Avoid/exit,23,-1.7,-4.8,-4.0,41.4,1,,Consumer Cyclical,31544510.0,39759.94
TTHG,Titanium Holdings Group Inc,0.13,4,6,0,8,3,0,4,25,-5.0,23.0,Broken,Avoid/exit,40,0.0,0.0,-4.3,48.2,1,,Industrials,1100407.0,284.0
OKAIF,EvokAI Creative Labs Inc,0.12,5,4,9,6,3,2,4,33,-15.0,23.0,Broken,🔥 COILED: Avoid/exit,40,0.0,0.0,0.0,50.0,1,,Healthcare,908476.0,40.15
RFLXF,REDFLEX HOLDINGS LTD,0.109,2,9,1,8,2,2,2,26,-3.0,23.0,Broken,Avoid/exit,22,-4.4,-16.8,-13.5,40.6,2,,Basic Materials,1124937.0,1869.52
SCLXW,Scilex Holding Company,0.141,2,4,2,12,0,0,5,25,-2.0,23.0,Broken,Avoid/exit,34,-32.9,-27.6,-19.2,45.4,0,,nan,nan,15409.85
VOLMF,VOLMF,0.135,1,2,8,8,0,2,2,23,0.0,23.0,Broken,Avoid/exit,0,-17.8,-8.2,-13.4,36.9,0,,nan,nan,0.0
SLROF,Stellar Resources Limited,0.15,17,4,6,11,6,4,5,53,-30,23,Broken,Avoid/exit,52,0.0,900.0,55.7,100.0,3,,Basic Materials,50872384.0,18.25
UUUFD,Uranium One Mining Corp,0.17,5,7,8,7,4,0,2,33,-8.0,23.0,Broken,Avoid/exit,23,-10.1,-13.2,-12.4,39.7,1,,Energy,7510913.0,164724.12
CHPGR,ChampionsGate Acquisition Corporation Rights,0.15,4,7,7,6,3,2,2,31,-8.0,23.0,Broken,Avoid/exit,42,14.9,15.2,2.2,50.8,2,,nan,nan,0.0
IRHOR,Iron Horse Acquisitions Corp. II Rights,0.19,9,8,4,3,5,2,2,33,-13.0,23.0,Broken,Avoid/exit,0,6.7,2.7,2.6,51.9,0,,nan,nan,0.0
PTAIF,PT Astra International Tbk,0.231,3,4,9,6,3,3,2,30,-10.0,23.0,Broken,Avoid/exit,22,0.0,0.0,-2.8,16.3,0,,Industrials,9238715392.0,0.0
BYMAF,BYMAF,0.22,8,6,11,6,6,2,4,43,-23.0,23.0,Broken,Avoid/exit,39,0.0,0.0,0.0,90.7,0,,Financial Services,1675543808.0,2.0
EDCFF,Enel Generación Costanera S.A,0.2,5,3,10,6,0,2,4,30,-10.0,23.0,Broken,Avoid/exit,29,0.0,0.0,-0.0,9.9,0,,Utilities,140397680.0,12.8
LODFF,LODFF,0.238,11,8,11,9,4,4,5,52,-29.0,23.0,Broken,Avoid/exit,55,11.7,22.7,10.7,60.6,3,,Basic Materials,14748298.0,50819.63
GLGI,Greystone Logistics,0.21,4,4,3,12,3,0,2,28,-5.0,23.0,Broken,Avoid/exit,27,-16.0,5.0,-7.1,44.7,1,,Basic Materials,5726757.0,52454.51
SPTY,Specificity Inc.,0.23,2,4,2,13,5,0,2,28,-5.0,23.0,Broken,Avoid/exit,41,-23.1,-34.3,-18.6,44.3,1,,Communication Services,4040948.0,40534.38
SZDEF,Dongjiang Environmental Company Limited,0.294,8,3,10,5,3,2,4,35,-15.0,23.0,Broken,Avoid/exit,28,0.0,0.0,-0.0,0.0,1,,Industrials,324613632.0,35.0
CNRSF,Canadian North Resources Inc.,0.264,8,3,10,5,3,2,4,35,-15.0,23.0,Broken,Avoid/exit,24,0.0,0.0,-0.0,10.8,1,,Basic Materials,30134836.0,379.31
NATBF,NatBridge Resources Ltd.,0.295,10,11,2,6,2,6,2,39,-16,23,Broken,Avoid/exit,25,107.0,-12.6,4.6,49.6,2,12,Basic Materials,24372132.0,65810.25
WSRIF,WSRIF,0.25,9,6,9,9,2,5,5,45,-22.0,23.0,Broken,Avoid/exit,26,10.3,1.6,4.0,50.9,1,,Basic Materials,11342179.0,118800.27
ENSC,Ensysce Biosciences Inc,0.257,1,7,6,8,4,0,2,28,-5.0,23.0,Broken,Avoid/exit,21,-5.9,-7.2,-5.4,41.5,1,,Healthcare,3948941.0,2746624.5
CSRVF,Cross River Ventures Corp,0.284,17,4,6,11,6,2,5,51,-28.0,23.0,Broken,Avoid/exit,54,0.0,2887.4,76.7,100.0,2,,Basic Materials,2724671.0,142.09
RMSG,Real Messenger Corporation Ordinary Shares,0.335,4,5,7,8,2,0,2,28,-5.0,23.0,Broken,Avoid/exit,19,-18.4,-14.7,-20.0,35.3,1,,Technology,4779016.0,6018878.37
XTRAF,Xtract One Technologies Inc.,0.394,6,6,4,11,5,0,3,35,-15.0,23.0,Broken,Avoid/exit,48,1.0,-4.8,-1.6,47.9,2,,Technology,102411624.0,289724.43
MMTMF,Monument Mining Limited,0.543,6,11,7,2,3,2,2,33,-11.0,23.0,Broken,Avoid/exit,29,2.6,3.4,0.2,47.6,1,,Basic Materials,187996560.0,93029.04
WHLR,"Wheeler Real Estate Investment Trust, Inc.",0.69,14,5,4,5,5,2,5,40,-17,23,Broken,Avoid/exit,53,196.1,793.8,86.7,60.3,4,12,Real Estate,641159.0,436470.71
SASKF,Atha Energy Corp.,0.72,5,10,9,5,3,0,3,35,-13.0,23.0,Broken,Avoid/exit,53,-2.0,-0.4,-1.0,48.0,1,,Energy,252301056.0,117967.28
CSHRW,CoinShares PLC Warrants,0.7,3,14,3,1,3,4,2,30,-8.0,23.0,Broken,Avoid/exit,0,26.1,-12.0,-9.3,43.9,0,,nan,nan,0.0
TLSIW,TriSalus Life Sciences Inc.,0.77,5,6,7,8,3,0,2,31,-8.0,23.0,Broken,Avoid/exit,29,-12.5,-4.9,-5.6,46.2,0,,nan,nan,3284.08
SBDXF,SED Energy Holdings Plc,0.815,8,5,2,6,3,1,5,30,-10.0,23.0,Broken,Avoid/exit,25,-1.8,0.6,-0.4,47.8,0,,Energy,611865664.0,4081.79
PMCOF,Prospector Metals Corp.,0.81,3,13,9,3,4,2,2,36,-11.0,23.0,Broken,Avoid/exit,23,-1.2,0.0,-3.1,41.5,1,,Basic Materials,129444568.0,136218.5
TVAGF,TVA Group Inc,0.85,5,4,9,6,3,2,4,33,-15.0,23.0,Broken,🔥 COILED: Avoid/exit,29,0.0,0.0,0.0,50.0,1,,Communication Services,36724708.0,35.0
NIVF,NewGenIvf Group Limited Class A Ordinary Shares,0.85,2,2,3,8,5,2,5,27,-4.0,23.0,Broken,Avoid/exit,26,-30.3,-36.6,-20.8,38.8,0,,Healthcare,2906933.0,662525.1
CIMEF,CIMC Enric Holdings Limited,0.93,3,7,1,5,3,3,4,26,-8.0,23.0,Broken,🔥 COILED: Avoid/exit,28,0.0,0.0,-2.2,43.5,0,,Energy,1963224064.0,130.1
AFRIW,Forafric Global PLC Warrants,0.9,10,3,3,9,5,3,5,38,-15.0,23.0,Broken,Avoid/exit,49,7.6,2.2,1.2,51.8,1,,nan,nan,7453.54
OACCW,Oaktree Acquisition Corp. III Life Sciences Warrant,0.94,13,14,2,3,6,3,5,46,-21.0,23.0,Broken,Avoid/exit,57,20.5,1.1,8.0,55.2,0,,nan,nan,0.0
TIAJF,Telecom Italia S.p.A,0.961,12,6,9,6,4,2,4,43,-23.0,23.0,Broken,Avoid/exit,57,0.0,0.0,0.0,98.6,0,,Communication Services,20455303168.0,654.0
ESHSF,Eddy Smart Home Solutions Ltd.,1,5,4,9,6,3,2,4,33,-15.0,23.0,Broken,🔥 COILED: Avoid/exit,41,0.0,0.0,0.0,50.0,1,,Technology,6128623.0,350.0
IENT,iEntertainment Network Inc,0.007,14,6,7,9,4,3,5,48,-25.8,22.2,Broken,Avoid/exit,38,0.0,148.1,24.7,67.6,3,,Communication Services,876829.0,1200.5
NWRV,"Nationwide RV & Resorts, Inc.",0.006,3,4,6,8,0,3,3,27,-5.0,22.0,Broken,Avoid/exit,16,0.0,0.0,-1.8,36.6,1,,Real Estate,3188617.0,7586.82
TNMD,Tianrong Medical Group Inc,0.005,16,7,5,10,3,2,5,48,-22,22,Broken,Avoid/exit,34,61.3,61.3,35.6,65.5,2,5,Real Estate,2500000.0,5699.0
MSGNF,Man Sang International Limited,0.002,5,3,10,6,0,6,4,34,-15.0,22.0,Broken,Avoid/exit,19,0.0,0.0,-0.6,26.0,1,,Real Estate,970797.0,38.09
IDGR,Industrial Distribution Group Inc,0.001,6,11,8,0,3,2,2,32,-10.0,22.0,Broken,Avoid/exit,18,0.0,-8.3,-14.2,32.7,0,,Financial Services,678987.0,396266.83
PRKV,ParkVida Group Inc,0.006,5,3,10,6,3,3,4,34,-15.0,22.0,Broken,Avoid/exit,17,0.0,0.0,-0.2,2.0,1,,Industrials,488655.0,3454.38
NICH,Nitches Inc,0.001,3,6,2,9,4,0,5,29,-5.0,22.0,Broken,Avoid/exit,25,-21.4,-8.3,-24.2,43.2,1,,Consumer Cyclical,406807.0,522308.15
XPRCF,Xplore Resources Corp.,0.005,4,3,9,6,3,5,4,34,-15.0,22.0,Broken,Avoid/exit,20,0.0,0.0,-2.0,0.2,1,,Basic Materials,263007.0,94.67
TWSI,Tristar Wellness,0.002,9,7,7,3,3,1,4,34,-15.0,22.0,Broken,Avoid/exit,18,0.0,0.0,-7.5,22.5,1,,Healthcare,175808.0,3307.39
GKOR,Golkor Inc.,0.001,6,3,6,2,3,5,4,29,-10.0,22.0,Broken,Avoid/exit,12,0.0,0.0,-97.0,0.1,0,,Basic Materials,42115.0,159.97
TNONW,"Tenon Medical, Inc. Warrant",0.008,2,3,1,8,1,0,5,20,2.0,22.0,Broken,Avoid/exit,23,-25.0,14.1,-15.5,45.4,2,,Healthcare,nan,37647.63
BNZIW,Banzai International Inc,0.01,3,11,9,2,4,2,4,35,-11.0,22.0,Broken,Avoid/exit,26,8.9,-2.0,2.6,49.7,1,,nan,nan,39771.89
AABB,Asia Broadband Inc,0.013,6,13,9,0,4,0,3,35,-11.0,22.0,Broken,Avoid/exit,23,-0.8,-1.6,-1.5,45.3,1,,Basic Materials,58440408.0,9491656.75
APLMW,Apollomics Inc. Warrant,0.016,13,3,0,7,0,7,2,32,-10.0,22.0,Broken,Avoid/exit,26,-15.5,11.3,-6.7,48.5,2,,Healthcare,44045152.0,68738.97
TNGL,Tonogold Resources Inc,0.018,0,5,4,9,0,4,3,25,-3.0,22.0,Broken,Avoid/exit,22,-17.8,-19.6,-13.0,38.7,1,,Basic Materials,18408118.0,222314.13
PRVCF,PreveCeutical Medical Inc,0.012,6,7,5,11,1,0,2,32,-13.0,22.0,Broken,Avoid/exit,39,-15.0,16.7,0.4,50.2,3,,Healthcare,7997759.0,39342.08
VMST,"VeeMost Technologies Holdings, Inc.",0.015,3,6,8,6,2,2,2,29,-10.0,22.0,Broken,Avoid/exit,26,0.0,0.0,-8.5,44.4,0,,Technology,5885971.0,587196.99
ILHMF,International Lithium Corp,0.014,2,12,6,1,6,1,2,30,-11.0,22.0,Broken,Avoid/exit,30,-0.7,-18.6,-5.6,44.5,1,,Basic Materials,4198007.0,90058.45
RWGI,Rodedawg International Industries Inc,0.013,5,5,4,8,6,0,2,30,-8.0,22.0,Broken,Avoid/exit,38,-0.8,-33.3,-14.6,41.4,0,,Consumer Cyclical,1753934.0,105486.62
TRYXF,Bessor Minerals Inc,0.017,5,3,10,6,3,3,4,34,-15.0,22.0,Broken,Avoid/exit,15,0.0,0.0,-0.1,0.1,1,,Basic Materials,528727.0,188.25
TKMO,Tekumo Inc,0.02,7,3,3,8,0,4,5,30,-8.0,22.0,Broken,Avoid/exit,39,-28.8,-4.3,-6.0,48.9,0,,Technology,109974.0,17974.78
CHTM,Chatham Corporation,0.02,4,3,9,5,3,1,4,29,-10.0,22.0,Broken,Avoid/exit,13,0.0,0.0,-99.7,0.0,0,,Industrials,nan,0.5
SABSW,SAB Biotherapeutics Inc,0.014,4,12,3,3,3,2,5,32,-8.0,22.0,Broken,Avoid/exit,16,-7.9,-6.7,-2.9,48.4,1,,nan,nan,32355.67
HUBCZ,Hub Cyber Security Ltd. Warrant 8/22/23,0.016,10,10,3,5,5,7,2,42,-23.0,22.0,Broken,Avoid/exit,54,5.2,20.9,4.5,51.1,3,,nan,nan,80379.59
HUBCW,Hub Cyber Security Ltd. Warrant 2/27/28,0.012,4,10,3,3,6,0,2,28,-6.0,22.0,Broken,Avoid/exit,36,-21.5,-14.0,-11.2,46.0,0,,Technology,nan,312751.66
CCGWW,Cheche Group Inc. Warrant,0.019,13,8,2,2,5,5,2,37,-20.0,22.0,Broken,🔥 COILED: Avoid/exit,38,0.0,-24.0,4.4,51.5,0,,nan,nan,3817.89
MDBIF,Medibio Limited,0.028,15,4,7,12,3,4,5,50,-28.0,22.0,Broken,Avoid/exit,65,0.0,969.2,68.6,100.0,2,,Healthcare,32072676.0,87.83
NUVID,NUVID,0.021,3,3,8,5,3,3,4,29,-10.0,22.0,Broken,Avoid/exit,25,0.0,0.0,-87.8,12.0,0,,Financial Services,12020000.0,8.48
CEIN,"Camber Energy, Inc.",0.03,14,7,8,9,4,3,5,50,-26.0,22.0,Broken,Avoid/exit,44,1.3,52.0,11.5,74.9,3,,Industrials,8453596.0,569106.89
MATEF,Blockmate Ventures Inc.,0.03,4,11,3,5,8,2,2,35,-13.0,22.0,Broken,Avoid/exit,43,18.5,-11.7,-4.6,44.6,2,,Financial Services,4803977.0,14570.09
QMCQF,QMC Quantum Minerals Corp,0.026,9,13,7,6,4,2,3,44,-27.0,22.0,Broken,🔥 COILED: Avoid/exit,22,13.9,13.9,7.6,53.7,3,,Basic Materials,2574762.0,18208.47
MSTXF,Madoro Metals Corp,0.024,9,3,11,8,0,2,4,37,-18.0,22.0,Broken,Avoid/exit,54,0.0,0.0,0.0,97.7,1,,Basic Materials,2241521.0,718.4
AMODW,"Alpha Modus Holdings, Inc.",0.028,0,9,0,7,3,0,2,21,1.0,22.0,Broken,Avoid/exit,23,-59.2,-59.2,-31.0,45.9,1,,nan,nan,10508.76
SMAYF,SIMEC Atlantis Energy Limited,0.037,8,5,4,4,6,3,2,32,-15.0,22.0,Broken,🔥 COILED: Avoid/exit,37,0.0,0.0,-0.5,43.2,1,,Utilities,26520504.0,19713.17
MCREF,Metals Creek Resources Corp,0.036,6,3,4,8,3,4,2,30,-8.0,22.0,Broken,Avoid/exit,52,-9.8,-9.8,-8.8,40.2,0,,Basic Materials,8559197.0,53748.29
BPTH,Bio Path Holdings Inc,0.04,11,3,7,3,4,2,4,34,-15.0,22.0,Broken,Avoid/exit,27,0.0,0.0,-0.4,49.4,1,,Healthcare,2011898.0,22592.3
HYOR,HyOrc Corporation,0.045,0,7,7,10,0,0,2,26,0.0,22.0,Broken,Avoid/exit,26,-26.2,-18.9,-19.4,41.7,1,,Industrials,37058208.0,72804.71
GRCAF,Gold Springs Resource Corp,0.054,2,2,5,7,2,2,2,22,-3.0,22.0,Broken,Avoid/exit,27,-16.5,-16.5,-13.3,27.8,0,,Basic Materials,15282730.0,19424.07
SSRSF,Silver Sands Resources Corp,0.06,3,6,9,7,0,2,2,29,-3.0,22.0,Broken,Avoid/exit,22,-4.8,-14.3,-4.2,44.8,1,,Basic Materials,1647296.0,4758.64
VIORF,Vior Inc,0.068,3,1,4,9,3,0,2,22,0.0,22.0,Broken,Avoid/exit,8,-9.5,-5.0,-5.8,38.9,0,,Basic Materials,28178096.0,26687.6
MRMD,Marimed Inc,0.062,0,5,9,9,0,2,2,27,-5.0,22.0,Broken,Avoid/exit,12,-6.1,-10.1,-6.9,40.5,1,,Healthcare,25553030.0,807947.04
LMRMF,Lomiko Metals Inc,0.083,15,9,5,7,5,5,5,51,-29,22,Broken,Avoid/exit,50,36.1,53.7,29.6,67.4,3,,Basic Materials,6643353.0,22075.93
STIFF,Plaid Technologies Inc.,0.091,3,4,3,7,0,1,4,22,-5.0,22.0,Broken,🔥 COILED: Avoid/exit,26,0.0,0.0,-12.3,46.0,1,,Consumer Defensive,6156867.0,226.83
ROIUF,Route1 Inc,0.094,9,3,2,5,3,4,4,30,-13.0,22.0,Broken,Avoid/exit,46,-12.7,1.4,-5.0,43.8,1,,Technology,4406139.0,3085.0
RTLGF,St. Augustine Gold and Copper Limited,0.147,7,6,3,6,0,5,2,29,-10.0,22.0,Broken,Avoid/exit,25,3.4,-2.3,-5.2,48.0,0,,Basic Materials,238155808.0,8495.19
DNCVF,Defiance Silver Corp,0.118,4,10,9,6,4,4,3,40,-18.0,22.0,Broken,Avoid/exit,15,0.8,-0.1,-2.9,45.6,1,,Basic Materials,44274188.0,392248.92
RYES,Rise Gold Corp,0.136,10,10,6,6,4,3,5,44,-22.0,22.0,Broken,Avoid/exit,20,6.4,-1.5,3.8,51.0,1,,Basic Materials,17856138.0,89085.33
XLEFF,XXL Energy Corp,0.118,9,3,10,6,3,2,4,37,-18.0,22.0,Broken,Avoid/exit,41,0.0,0.0,0.0,72.3,1,,Energy,856572.0,9.2
OROXF,Orosur Mining Inc,0.189,2,3,8,8,4,0,2,27,-5.0,22.0,Broken,Avoid/exit,29,-12.1,-10.0,-10.0,32.0,1,,Basic Materials,75789960.0,46894.8
BBCMF,Blackbird Critical Metals Corp,0.2,16,4,10,10,2,2,5,49,-27,22,Broken,Avoid/exit,30,300.0,300.0,95.2,77.8,3,3,Healthcare,5573391.0,995.82
AREB,American Rebel Holdings Inc,0.2,4,12,5,5,5,2,2,35,-11.0,22.0,Broken,Avoid/exit,39,1.6,-9.0,-5.3,48.2,1,,Consumer Cyclical,4855759.0,1304135.44
MTGRF,Mount Gibson Iron Ltd,0.26,5,3,10,5,3,4,4,34,-15.0,22.0,Broken,Avoid/exit,27,0.0,0.0,-0.0,0.7,1,,Basic Materials,414751712.0,155.11
NBMFF,Neo Battery Materials Ltd,0.25,6,8,3,4,4,2,5,32,-13.0,22.0,Broken,Avoid/exit,25,26.6,-21.9,15.5,52.5,1,,Basic Materials,38598232.0,12461.38
PHNMF,Phenom Resources Corp,0.26,11,10,4,6,2,2,2,37,-15.0,22.0,Broken,Avoid/exit,48,8.3,8.3,-2.4,46.0,2,,Basic Materials,31877472.0,138599.5
IVFH,Innovative Food Hldg,0.276,7,13,5,3,3,2,2,35,-11.0,22.0,Broken,Avoid/exit,31,6.0,4.0,1.9,50.9,1,,Consumer Defensive,15066862.0,95156.04
APCX,Apptech Corp,0.27,5,11,3,5,3,6,2,35,-13.0,22.0,Broken,Avoid/exit,28,0.0,5.9,-1.9,45.5,2,,Technology,11341063.0,68902.19
JNNDF,Japan Display Inc,0.303,5,3,10,6,3,3,4,34,-15.0,22.0,Broken,Avoid/exit,31,0.0,0.0,-1.7,17.3,1,,Technology,1292488320.0,1200.1
OTCFF,Ocumetics Technology Corp,0.315,5,6,1,9,0,4,2,27,-5.0,22.0,Broken,Avoid/exit,30,-16.1,-3.6,-9.9,40.5,1,,Healthcare,40948684.0,5992.02
HVIIR,Hennessy Capital Investment Corp. VII Rights,0.34,4,5,3,8,5,2,5,32,-10.0,22.0,Broken,Avoid/exit,33,-5.6,-10.5,-4.6,47.2,0,,nan,514957.0,52987.45
JDSEF,Jadestone Energy plc,0.38,6,1,3,8,0,6,3,27,-5.0,22.0,Broken,Avoid/exit,50,0.0,-1.3,-0.6,3.3,1,,Energy,207073072.0,7167.25
SATLW,Satellogic Inc. Warrant,0.37,2,7,3,9,4,2,2,29,-5.0,22.0,Broken,Avoid/exit,14,-2.6,-41.3,-38.1,41.2,1,,nan,nan,68454.9
REEMF,Rare Element Resources Ltd,0.425,3,14,7,2,4,2,5,37,-13.0,22.0,Broken,Avoid/exit,14,6.3,6.3,1.5,47.2,2,,Basic Materials,277508416.0,388522.52
YOUL,Youlife Group Inc. American Depositary Shares,0.42,3,7,0,9,4,0,2,25,-1.0,22.0,Broken,Avoid/exit,17,-46.1,-22.9,-20.2,43.4,0,,Consumer Defensive,34034952.0,473570.62
CSRIF,CSRIF,0.405,9,3,11,5,3,2,4,37,-18.0,22.0,Broken,Avoid/exit,49,0.0,0.0,0.0,76.0,1,,Basic Materials,23558788.0,344.06
CUBWW,Lionheart Holdings Warrant,0.41,15,7,2,11,5,2,2,44,-18.0,22.0,Broken,Avoid/exit,52,-2.3,-3.2,11.8,52.6,0,,nan,nan,35528.11
HXHX,Haoxin Holdings Limited Class A Ordinary Shares,0.456,4,10,2,6,4,2,2,30,-6.0,22.0,Broken,Avoid/exit,28,-10.9,-21.0,-8.3,43.2,0,,Industrials,6272750.0,2935949.32
QURT,Quarta-Rad Inc,0.5,3,4,3,7,3,5,2,27,-5.0,22.0,Broken,Avoid/exit,15,0.0,0.0,-3.6,10.6,1,,Technology,7949741.0,155.43
ZDZT,"Zhengduozhe Technology, Inc",0.568,3,5,3,6,3,3,4,27,-10.0,22.0,Broken,🔥 COILED: Avoid/exit,34,0.0,0.0,-2.7,43.2,0,,Industrials,881547.0,19.91
AAQL,Antiaging Quantum Living Inc.,0.61,1,4,2,12,3,3,2,27,-5.0,22.0,Broken,Avoid/exit,39,1.0,1.0,-5.5,36.7,1,,Consumer Cyclical,20907958.0,202.04
MMTLF,Madison Metals Inc.,0.696,3,7,1,12,0,2,2,27,-5.0,22.0,Broken,Avoid/exit,32,2.8,-9.0,-6.8,40.4,1,,Energy,44355164.0,6206.9
QETAR,Quetta Acquisition Corporation Right,0.65,6,8,8,0,6,2,2,32,-10.0,22.0,Broken,Avoid/exit,21,-7.1,-7.1,-11.6,35.7,0,,nan,nan,0.0
GLNDW,Greenland Energy Company Warrant,0.735,3,15,5,2,3,2,2,32,-8.0,22.0,Broken,Avoid/exit,0,0.7,-2.0,-0.6,47.5,1,,nan,nan,0.0
RAFLF,Raffles Medical Group Ltd,0.75,4,3,9,6,3,3,4,32,-10.0,22.0,Broken,Avoid/exit,0,0.0,0.0,-0.4,3.6,0,,Healthcare,1380143104.0,0.0
HKSHF,The Hongkong and Shanghai Hotels Limited,0.8,9,6,11,6,0,6,4,42,-23.0,22.0,Broken,Avoid/exit,52,0.0,0.0,0.0,87.0,0,,Consumer Cyclical,1203197312.0,41.5
MYCOF,Mydecine Innovations Group Inc,0.8,7,4,3,4,3,4,2,27,-10.0,22.0,Broken,🔥 COILED: Avoid/exit,36,0.0,-27.3,-12.8,47.7,0,,Healthcare,46838444.0,0.0
UPYY,UPAY Inc,0.9,6,3,10,4,3,4,4,34,-15.0,22.0,Broken,Avoid/exit,30,0.0,0.0,-0.0,2.3,1,,Technology,15898690.0,197.95
LGDTF,Liberty Gold Corp,1.0,5,12,7,5,3,2,3,37,-13.0,22.0,Broken,Avoid/exit,52,3.1,8.7,0.8,49.8,2,,Basic Materials,530401472.0,637801.18
TMLL,Third Millennium Industries Inc,1,5,4,9,5,3,2,4,32,-15.0,22.0,Broken,🔥 COILED: Avoid/exit,27,0.0,0.0,0.0,50.0,1,,Financial Services,62403024.0,4.0
IFBD,Infobird Co Ltd,1.0,7,3,4,8,0,0,2,24,-5.0,22.0,Broken,Avoid/exit,32,-3.8,-16.0,-8.1,41.9,1,,Technology,8188575.0,94188.52
CZASF,China ZhengTong Auto Services Holdings Limited,0.01,2,4,10,6,3,2,4,31,-15.0,21.0,Broken,🔥 COILED: Avoid/exit,31,0.0,0.0,0.0,50.0,1,,Consumer Cyclical,799280896.0,0.0
CEBTF,Citychamp Watch & Jewellery Group Limited,0.01,5,3,10,6,3,2,4,33,-15.0,21.0,Broken,Avoid/exit,22,0.0,0.0,-0.0,2.5,1,,Consumer Cyclical,43518884.0,492.21
CSCNF,CSCNF,0.01,2,4,10,6,3,2,4,31,-15.0,21.0,Broken,🔥 COILED: Avoid/exit,31,0.0,0.0,0.0,50.0,1,,Real Estate,44341356.0,0.0
SHUNF,Shunfeng International Clean Energy Limited,0.002,5,3,10,6,3,2,4,33,-15.0,21.0,Broken,Avoid/exit,32,0.0,0.0,-0.0,2.0,1,,Utilities,36258284.0,2780.0
KLXDF,KLXDF,0.011,7,6,10,6,3,6,4,42,-21.0,21.0,Broken,Avoid/exit,48,0.0,0.0,0.0,73.9,1,,Technology,15513878.0,3740.0
RITE,Mineralrite Corporat,0.002,2,3,3,9,2,0,2,21,0.0,21.0,Broken,Avoid/exit,12,-15.0,-26.1,-24.1,35.9,0,,Basic Materials,10590621.0,13626679.93
GENLF,GENLF,0.002,2,4,10,6,3,2,4,31,-15.0,21.0,Broken,🔥 COILED: Avoid/exit,0,0.0,0.0,0.0,50.0,1,,Basic Materials,6919072.0,0.0
TMMI,T M M Inc New,0.006,4,6,12,3,2,4,5,36,-15.0,21.0,Broken,Avoid/exit,26,9.1,9.1,2.7,50.5,2,,Technology,4754831.0,168524.74
NISLF,Antares Metals Limited,0.005,2,4,10,6,3,2,4,31,-15.0,21.0,Broken,🔥 COILED: Avoid/exit,0,0.0,0.0,0.0,50.0,1,,Basic Materials,4280514.0,0.0
SOLBF,Solvbl Solutions Inc,0.01,2,4,10,6,3,2,4,31,-15.0,21.0,Broken,🔥 COILED: Avoid/exit,32,0.0,0.0,0.0,50.0,1,,Technology,2752476.0,17.33
VYRE,Vyre Network,0.003,7,4,0,9,5,0,2,27,-6.0,21.0,Broken,Avoid/exit,34,-48.0,-13.3,-21.7,47.4,0,,Communication Services,2607305.0,176194.79
MDMP,MDM Permian Inc,0.004,1,3,6,9,0,0,2,21,0.0,21.0,Broken,Avoid/exit,19,-10.0,-10.0,-9.5,44.6,0,,Energy,2160920.0,163130.38
CEOS,CeCors Inc,0.007,10,9,4,10,6,2,5,46,-23.0,21.0,Broken,Avoid/exit,65,-1.4,10.6,2.1,52.5,3,,Healthcare,1815863.0,144762.86
HDUP,HeadsUp Entertainment International Inc,0.007,3,5,2,8,2,2,4,26,-5.0,21.0,Broken,Avoid/exit,23,-20.5,-30.0,-30.9,36.3,1,,Communication Services,1657175.0,103905.42
LQWC,LifeQuest World Corporation,0.01,14,7,2,12,1,5,5,46,-25.0,21.0,Broken,Avoid/exit,37,22.1,28.0,7.9,52.2,3,,Industrials,1331233.0,34120.0
ARCPF,ARCPF,0.01,5,4,10,6,3,1,4,33,-15.0,21.0,Broken,Avoid/exit,0,0.0,0.0,-0.4,0.0,1,,Healthcare,1283588.0,0.0
TOWTF,Tower One Wireless Corp,0.005,2,4,10,6,3,2,4,31,-15.0,21.0,Broken,🔥 COILED: Avoid/exit,31,0.0,0.0,0.0,50.0,1,,Communication Services,1132590.0,1250.0
MYSL,My Screen Mobile Inc,0.008,2,4,10,6,3,2,4,31,-15.0,21.0,Broken,🔥 COILED: Avoid/exit,32,0.0,0.0,0.0,50.0,1,,Communication Services,1092295.0,1800.0
LNLHF,LeanLife Health Inc,0.005,2,4,10,6,3,2,4,31,-15.0,21.0,Broken,🔥 COILED: Avoid/exit,32,0.0,0.0,0.0,50.0,1,,Consumer Defensive,1035530.0,70.0
PWWRF,Cleantech Power Corp.,0.006,2,4,10,6,3,2,4,31,-15.0,21.0,Broken,🔥 COILED: Avoid/exit,32,0.0,0.0,0.0,50.0,1,,Industrials,1020790.0,0.8
PAEGF,Peace Arch Entertainment Group Inc,0.001,2,4,10,6,3,2,4,31,-15.0,21.0,Broken,🔥 COILED: Avoid/exit,32,0.0,0.0,0.0,50.0,1,,Communication Services,958068.0,21.0
TTTSF,TruTrace Technologies Inc,0.006,2,4,10,6,3,2,4,31,-15.0,21.0,Broken,🔥 COILED: Avoid/exit,32,0.0,0.0,0.0,50.0,1,,Technology,939066.0,61.25
NFTFF,NFT Technologies Inc,0.007,2,4,10,6,3,2,4,31,-15.0,21.0,Broken,🔥 COILED: Avoid/exit,32,0.0,0.0,0.0,50.0,1,,Technology,695848.0,2680.1
SPXA,SpectrumDNA Inc,0.01,2,4,10,6,3,2,4,31,-15.0,21.0,Broken,🔥 COILED: Avoid/exit,31,0.0,0.0,0.0,50.0,1,,Technology,684983.0,875.0
DGTEF,DGTEF,0.008,7,6,3,12,3,2,5,38,-20.0,21.0,Broken,Avoid/exit,31,-20.0,33.3,-5.8,48.6,3,,Financial Services,597062.0,12792.48
XESP,CannAssist International Corp,0.01,2,4,10,6,3,2,4,31,-15.0,21.0,Broken,🔥 COILED: Avoid/exit,31,0.0,0.0,0.0,50.0,1,,Communication Services,535280.0,9.5
GFMH,Goliath Film and Media Holdings,0.004,1,3,7,6,3,1,5,26,-10.0,21.0,Broken,🔥 COILED: Avoid/exit,32,0.0,-12.5,-6.2,44.0,0,,Communication Services,486377.0,5371.44
MURCF,Lightspeed Discoveries Inc,0.01,5,3,10,6,3,2,4,33,-15.0,21.0,Broken,Avoid/exit,30,0.0,0.0,-0.0,0.0,1,,Basic Materials,304955.0,0.0
BBLR,Bubblr Inc,0.001,11,15,9,4,3,4,2,48,-28.0,21.0,Broken,Avoid/exit,24,0.0,22.2,5.0,51.7,3,,Technology,241986.0,959338.49
UBMRF,Urbanimmersive Inc,0.004,2,4,10,6,3,2,4,31,-15.0,21.0,Broken,🔥 COILED: Avoid/exit,31,0.0,0.0,0.0,50.0,1,,Technology,217010.0,2703.0
XMTTF,Xmet Inc,0.002,2,4,10,6,3,2,4,31,-15.0,21.0,Broken,🔥 COILED: Avoid/exit,31,0.0,0.0,0.0,50.0,1,,Basic Materials,183971.0,1213.1
THCBF,THC Biomed Intl Ltd,0.001,2,4,10,6,3,2,4,31,-15.0,21.0,Broken,🔥 COILED: Avoid/exit,31,0.0,0.0,0.0,50.0,1,,Healthcare,163938.0,11.82
EPTI,Environmental Packaging Technologies Holdings Inc,0.002,2,4,10,6,3,2,4,31,-15.0,21.0,Broken,🔥 COILED: Avoid/exit,32,0.0,0.0,0.0,50.0,1,,Consumer Cyclical,134874.0,40.0
DTEMF,Ditem Explorations Inc,0.001,2,4,10,6,3,2,4,31,-15.0,21.0,Broken,🔥 COILED: Avoid/exit,32,0.0,0.0,0.0,50.0,1,,Basic Materials,133093.0,20.0
MSTH,Mystic Holdings Inc.,0.001,6,3,6,3,3,3,4,28,-10.0,21.0,Broken,Avoid/exit,7,0.0,0.0,-35.3,0.0,0,,Healthcare,127855.0,425.18
DKLRF,Decklar Resources Inc,0.001,2,4,10,6,3,2,4,31,-15.0,21.0,Broken,🔥 COILED: Avoid/exit,31,0.0,0.0,0.0,50.0,1,,Energy,125956.0,0.0
VICFF,Vice Health and Wellness Inc.,0.003,2,4,10,6,3,2,4,31,-15.0,21.0,Broken,🔥 COILED: Avoid/exit,32,0.0,0.0,0.0,50.0,1,,Consumer Defensive,122796.0,1.61
AQQRF,Aquarius Surgical Technologies Inc,0.004,2,4,10,6,3,2,4,31,-15.0,21.0,Broken,🔥 COILED: Avoid/exit,32,0.0,0.0,0.0,50.0,1,,Healthcare,115916.0,120.0
ASNHF,Avidus Management Group Inc,0.001,2,4,10,6,3,2,4,31,-15.0,21.0,Broken,🔥 COILED: Avoid/exit,31,0.0,0.0,0.0,50.0,1,,Healthcare,115550.0,2275.0
VCLD,Verecloud Inc,0.001,2,4,10,6,3,2,4,31,-15.0,21.0,Broken,🔥 COILED: Avoid/exit,31,0.0,0.0,0.0,50.0,1,,Technology,101321.0,250.0
GRGBF,GRGBF,0.001,2,4,10,6,3,2,4,31,-15.0,21.0,Broken,🔥 COILED: Avoid/exit,0,0.0,0.0,0.0,50.0,1,,Healthcare,67151.0,0.0
PSTRQ,PostRock Energy Corp,0.01,2,4,10,6,3,2,4,31,-15.0,21.0,Broken,🔥 COILED: Avoid/exit,32,0.0,0.0,0.0,50.0,1,,nan,65809.0,17.5
WIBFF,West Island Brands Inc,0.004,2,4,10,6,3,2,4,31,-15.0,21.0,Broken,🔥 COILED: Avoid/exit,31,0.0,0.0,0.0,50.0,1,,Healthcare,60061.0,4.5
VRSEF,Verisante Technology Inc,0.001,7,8,3,0,3,3,4,28,-10.0,21.0,Broken,Avoid/exit,14,0.0,0.0,-11.1,35.0,0,,Healthcare,48331.0,1731.26
FUGI,Fuego Enterprises Inc,0.001,7,3,7,3,3,1,4,28,-10.0,21.0,Broken,Avoid/exit,26,0.0,0.0,-0.0,0.0,0,,Industrials,24326.0,2344.4
LRSNF,Global Health Clinics Ltd,0.001,2,4,10,6,3,2,4,31,-15.0,21.0,Broken,🔥 COILED: Avoid/exit,32,0.0,0.0,0.0,50.0,1,,Healthcare,10331.0,9.0
RPFG,Rainier Pacific Financial Group Inc,0.002,2,4,10,6,3,2,4,31,-15.0,21.0,Broken,🔥 COILED: Avoid/exit,32,0.0,0.0,0.0,50.0,1,,Financial Services,10071.0,3.0
VTON,Vast Solutions Inc,0.001,2,4,10,6,3,2,4,31,-15.0,21.0,Broken,🔥 COILED: Avoid/exit,31,0.0,0.0,0.0,50.0,1,,Industrials,20.0,0.95
WBXWF,WBXWF,0.003,5,4,5,4,3,5,5,31,-10.0,21.0,Broken,Avoid/exit,35,3.0,3.0,-27.6,48.2,0,,nan,nan,0.0
CCHMF,Central China Management Company Limited,0.015,3,3,8,6,3,1,4,28,-10.0,21.0,Broken,Avoid/exit,9,0.0,0.0,-3.4,0.0,0,,Real Estate,193280864.0,36.0
CNLLF,Central China Real Estate Limited,0.011,2,4,10,6,3,2,4,31,-15.0,21.0,Broken,🔥 COILED: Avoid/exit,32,0.0,0.0,0.0,50.0,1,,Real Estate,34646036.0,175.0
GWTI,Greenway Technologies Inc,0.02,2,2,0,11,2,0,2,19,2.0,21.0,Broken,Avoid/exit,27,-11.5,-41.7,-25.2,41.8,0,,Energy,14550156.0,74164.91
TGLTY,TGLT S.A,0.02,2,4,10,6,3,2,4,31,-15.0,21.0,Broken,🔥 COILED: Avoid/exit,31,0.0,0.0,0.0,50.0,1,,Real Estate,9603795.0,0.0
PMSNF,Proteome Sciences plc,0.02,5,3,10,6,3,2,4,33,-15.0,21.0,Broken,Avoid/exit,20,0.0,0.0,-0.0,1.5,1,,Healthcare,8768123.0,565.0
FALFF,Falcon Metals Limited,0.017,3,4,1,7,3,1,4,23,-5.0,21.0,Broken,Avoid/exit,24,0.0,0.0,-43.6,46.8,1,,Basic Materials,3654470.0,466.5
CLGCF,Clarity Gold Corp,0.018,1,3,5,9,0,0,5,23,-5.0,21.0,Broken,Avoid/exit,14,-9.0,-20.9,-15.9,41.3,1,,Basic Materials,1585095.0,27999.94
MDNWF,Mednow Inc,0.02,2,4,10,6,3,2,4,31,-15.0,21.0,Broken,🔥 COILED: Avoid/exit,32,0.0,0.0,0.0,50.0,1,,Healthcare,517287.0,337.5
MDRA,Medra Corporation,0.02,2,4,10,6,3,2,4,31,-15.0,21.0,Broken,🔥 COILED: Avoid/exit,32,0.0,0.0,0.0,50.0,1,,Technology,686926.0,0.03
EMYSF,Easy Technologies Inc,0.015,2,4,10,6,3,2,4,31,-15.0,21.0,Broken,🔥 COILED: Avoid/exit,32,0.0,0.0,0.0,50.0,1,,Healthcare,142219.0,158.63
AWAW,White Fox Ventures Inc,0.021,5,3,10,4,3,4,4,33,-15.0,21.0,Broken,Avoid/exit,31,0.0,0.0,-0.0,32.6,1,,Industrials,24546266.0,4618.5
TMRR,Temir Corp,0.03,2,4,10,6,3,2,4,31,-15.0,21.0,Broken,🔥 COILED: Avoid/exit,32,0.0,0.0,0.0,50.0,1,,Industrials,200765.0,225.0
MEDE,MEDecision Inc,0.03,2,4,10,6,3,2,4,31,-15.0,21.0,Broken,🔥 COILED: Avoid/exit,32,0.0,0.0,0.0,50.0,1,,Communication Services,200661.0,40.0
GZUHF,Guangzhou R&F Properties Co. Ltd,0.04,5,4,9,6,3,2,4,33,-15.0,21.0,Broken,Avoid/exit,18,0.0,0.0,-0.1,0.0,1,,Real Estate,150094688.0,194.9
OMMSF,Omineca Mining and Metals Ltd,0.037,6,10,4,6,4,2,2,34,-13.0,21.0,Broken,Avoid/exit,23,0.5,-6.1,-5.0,43.6,2,,Basic Materials,9879760.0,51242.71
RVLWF,Revitalist Lifestyle and Wellness Ltd,0.039,2,4,10,6,3,2,4,31,-15.0,21.0,Broken,🔥 COILED: Avoid/exit,32,0.0,0.0,0.0,50.0,1,,Healthcare,5364280.0,1112.4
GHST,GHST World Inc,0.032,4,3,6,7,0,1,2,23,2.0,21.0,Broken,Avoid/exit,17,-5.0,-5.0,-4.5,43.9,0,,Consumer Cyclical,4166438.0,1667.39
IHLDF,Immutable Holdings Inc.,0.039,8,5,7,2,3,5,5,35,-17.0,21.0,Broken,Avoid/exit,24,0.0,4.0,1.9,50.2,1,,Financial Services,3784354.0,3668.58
GPOX,GPO Plus Inc,0.039,2,10,0,8,4,0,2,26,-5.0,21.0,Broken,Avoid/exit,11,-7.9,-22.6,-19.5,34.5,1,,Consumer Defensive,3499661.0,166191.0
TDSGF,Telo Genomics Corp,0.031,10,11,3,5,3,2,5,39,-18.0,21.0,Broken,Avoid/exit,20,-4.8,4.7,1.4,50.4,1,,Healthcare,3113344.0,7690.0
RTMFD,RT Minerals Corp,0.035,5,3,10,6,3,2,4,33,-15.0,21.0,Broken,Avoid/exit,29,0.0,0.0,-0.0,4.1,1,,Basic Materials,480356.0,63.7
UEEC,United Health Products Inc,0.049,1,12,3,6,3,2,2,29,-8.0,21.0,Broken,Avoid/exit,23,10.7,5.9,-0.3,48.5,1,,Healthcare,12680778.0,144363.05
PMDRF,Prime Meridian Resources Corp,0.05,3,5,1,7,0,1,4,21,-5.0,21.0,Broken,🔥 COILED: Avoid/exit,12,0.0,0.0,-2.3,47.1,1,,Basic Materials,2988259.0,2589.07
PRLEQ,PRLEQ,0.05,18,4,4,10,3,4,5,48,-27,21,Broken,Avoid/exit,62,150.0,150.0,67.2,50.0,3,3,nan,13141.0,183.5
PABAF,Patrys Limited,0.06,2,4,10,6,3,2,4,31,-15.0,21.0,Broken,🔥 COILED: Avoid/exit,0,0.0,0.0,0.0,50.0,1,,Healthcare,40490716.0,0.0
CRVAF,CRVAF,0.054,2,4,10,6,3,2,4,31,-15.0,21.0,Broken,🔥 COILED: Avoid/exit,31,0.0,0.0,0.0,50.0,1,,Healthcare,26127696.0,0.0
HAMRF,Silver Hammer Mining Corp,0.052,11,5,6,9,0,2,5,38,-20.0,21.0,Broken,Avoid/exit,36,-3.4,18.4,1.4,51.8,3,,Basic Materials,7424312.0,235665.6
BGTTF,Billy Goat Brands Ltd,0.056,2,9,1,8,4,0,2,26,-5.0,21.0,Broken,Avoid/exit,17,-29.9,-34.8,-17.2,42.8,1,,Financial Services,5906825.0,29153.35
CNBMF,CNBMF,0.06,2,4,10,6,3,2,4,31,-15.0,21.0,Broken,🔥 COILED: Avoid/exit,0,0.0,0.0,0.0,50.0,1,,Basic Materials,2082257.0,0.0
PLVFF,Plant Veda Foods Ltd,0.06,2,4,10,6,3,2,4,31,-15.0,21.0,Broken,🔥 COILED: Avoid/exit,32,0.0,0.0,0.0,50.0,1,,Consumer Defensive,2103643.0,81.56
GNCLF,Gencell Ltd,0.06,5,3,10,6,3,2,4,33,-15.0,21.0,Broken,Avoid/exit,31,0.0,0.0,-0.0,24.8,1,,Industrials,1338568.0,0.0
PHYOF,IXICO plc,0.07,2,4,10,6,3,2,4,31,-15.0,21.0,Broken,🔥 COILED: Avoid/exit,31,0.0,0.0,0.0,50.0,1,,Healthcare,168610192.0,0.0
XONI,"Xtreme One Entertainment, Inc.",0.067,13,8,6,11,9,2,2,51,-28,21,Broken,Avoid/exit,64,34.0,11.7,16.8,55.6,4,,Communication Services,10116641.0,164012.8
INEOD,INEO Tech Corp.,0.07,7,2,5,11,3,4,2,34,-13.0,21.0,Broken,Avoid/exit,52,-26.6,-13.0,-15.7,40.0,1,,Communication Services,4424081.0,22926.67
BQST,BioQuest Corp,0.066,5,3,7,4,3,2,4,28,-10.0,21.0,Broken,Avoid/exit,16,0.0,0.0,-0.7,3.9,0,,Financial Services,1973085.0,38.58
VRBFF,Vanadiumcorp Resource Inc,0.07,14,6,2,8,4,3,4,41,-20.0,21.0,Broken,Avoid/exit,41,16.7,16.7,4.8,52.7,3,,Basic Materials,1653624.0,27959.85
BEIJF,Beijing North Star Company Limited,0.08,2,4,10,6,3,2,4,31,-15.0,21.0,Broken,🔥 COILED: Avoid/exit,31,0.0,0.0,0.0,50.0,1,,Real Estate,416163680.0,0.0
SPLTF,SpotLite360 Technologies Inc,0.078,2,4,10,6,3,2,4,31,-15.0,21.0,Broken,🔥 COILED: Avoid/exit,31,0.0,0.0,0.0,50.0,1,,Healthcare,14652034.0,420.0
GRARF,GRARF,0.073,2,4,10,6,3,2,4,31,-15.0,21.0,Broken,🔥 COILED: Avoid/exit,0,0.0,0.0,0.0,50.0,1,,Basic Materials,4865485.0,0.0
SHTGF,Shun Tak Holdings Limited,0.085,5,3,10,6,3,2,4,33,-15.0,21.0,Broken,Avoid/exit,36,0.0,0.0,-0.0,25.1,1,,Real Estate,422472640.0,10.0
SHERF,Sherritt International Corporation,0.09,5,5,2,8,0,2,4,26,-5.0,21.0,Broken,Avoid/exit,25,0.0,-10.0,-2.7,46.1,1,,Basic Materials,63357072.0,48451.91
CODMF,Coda Minerals Limited,0.09,9,6,11,6,0,6,4,42,-21.0,21.0,Broken,Avoid/exit,53,0.0,0.0,0.0,77.7,1,,Basic Materials,36931540.0,650.0
SBMCF,Silver Bullet Mines Corp.,0.09,4,3,7,8,2,4,2,30,-9.0,21.0,Broken,Avoid/exit,8,-8.1,-2.7,-6.6,38.1,1,,Basic Materials,13267960.0,88107.76
GBXXY,Grand Baoxin Auto Group Limited,0.092,2,4,10,6,3,2,4,31,-15.0,21.0,Broken,🔥 COILED: Avoid/exit,32,0.0,0.0,0.0,50.0,1,,Consumer Cyclical,26218604.0,7.7
VYYRF,Voyageur Pharmaceuticals Ltd,0.098,8,4,7,5,3,4,5,36,-15.0,21.0,Broken,Avoid/exit,40,-2.0,-2.0,1.6,55.9,1,,Healthcare,17947588.0,6057.27
RRDMF,Royal Road Minerals Limited,0.148,8,14,6,4,5,2,2,41,-26,21,Broken,🔥 COILED: Avoid/exit,52,9.5,11.8,5.3,54.2,4,,Basic Materials,48434400.0,23854.15
ATVVF,Australian Vanadium Limited,0.106,7,7,5,2,3,4,5,33,-15.0,21.0,Broken,Avoid/exit,30,0.0,0.0,1.0,48.9,1,,Basic Materials,39816756.0,9131.42
ALEEF,Alerio Gold Corp,0.14,5,1,4,8,3,0,2,23,2.0,21.0,Broken,Avoid/exit,54,-22.3,-22.3,-17.7,33.2,0,,Basic Materials,29087198.0,7051.3
CNRIF,Condor Resources Inc,0.1,3,5,5,9,0,0,2,24,-3.0,21.0,Broken,Avoid/exit,25,-9.1,-9.1,-4.9,46.2,1,,Basic Materials,15193547.0,18317.44
BAGGF,Blende Silver Corp.,0.138,9,8,9,7,0,5,3,41,-20.0,21.0,Broken,Avoid/exit,42,10.2,12.3,2.9,51.6,3,,Basic Materials,11950036.0,174379.79
NBRKF,NBRKF,0.138,3,5,4,7,0,0,2,21,0.0,21.0,Broken,Avoid/exit,0,-16.5,2.1,-13.1,31.0,0,,nan,nan,0.0
NENTF,Nordic Entertainment Group AB (publ),0.166,10,3,7,7,3,2,4,36,-18.0,21.0,Broken,Avoid/exit,57,0.0,0.0,0.0,82.4,1,,Communication Services,752094784.0,272.11
SIIGF,SIG plc,0.16,2,4,10,6,3,2,4,31,-15.0,21.0,Broken,🔥 COILED: Avoid/exit,0,0.0,0.0,0.0,50.0,1,,Industrials,184923248.0,0.0
MTRSF,MTRSF,0.15,2,4,10,6,3,2,4,31,-15.0,21.0,Broken,🔥 COILED: Avoid/exit,0,0.0,0.0,0.0,50.0,1,,Basic Materials,145775936.0,0.0
NWCCF,Northwest Copper Corp,0.192,12,9,6,2,3,2,4,38,-13.0,21.0,Broken,Avoid/exit,23,12.9,6.7,3.3,51.7,1,,Basic Materials,49801612.0,14579.5
CLOQ,Advanced Credit Technologies Inc,0.17,13,4,5,15,3,2,5,47,-24.0,21.0,Broken,Avoid/exit,46,-3.2,97.3,13.6,60.4,3,,Technology,25292208.0,3772.32
LRRIF,Lion Rock Resources Inc.,0.157,12,6,3,8,5,2,2,38,-18.0,21.0,Broken,Avoid/exit,39,16.2,28.9,1.7,50.6,3,,Basic Materials,20230338.0,154634.89
DGCOF,DGCOF,0.163,3,6,8,9,0,4,4,34,-13.0,21.0,Broken,Avoid/exit,0,-8.2,-8.8,-6.5,42.2,1,,Basic Materials,15246850.0,0.0
SLNFF,Solution Financial Inc,0.191,2,2,3,7,3,1,3,21,0.0,21.0,Broken,Avoid/exit,11,0.1,-1.2,-0.8,13.1,0,,Consumer Cyclical,15890081.0,4695.0
IPCIQ,Intellipharmaceutics International Inc.,0.15,2,4,10,6,3,2,4,31,-15.0,21.0,Broken,🔥 COILED: Avoid/exit,31,0.0,0.0,0.0,50.0,1,,Healthcare,4963900.0,0.0
ALP,Alpha Compute Corp,0.199,1,10,2,9,4,0,2,28,-5.0,21.0,Broken,Avoid/exit,22,-18.1,-2.4,-14.3,41.1,1,,Financial Services,4683343.0,9257362.37
ECIA,Encision Inc,0.15,16,7,4,4,4,2,5,42,-22,21,Broken,Avoid/exit,46,231.9,349.1,241.9,94.7,4,6,Healthcare,2640214.0,5742.98
SCDA,B-Scada Inc,0.151,3,2,1,9,2,4,5,26,-5.0,21.0,Broken,Avoid/exit,40,-56.6,-56.6,-49.9,38.3,1,,Technology,1848461.0,1271.5
SHFS,SHF Holdings Inc,0.176,3,9,4,9,2,0,2,29,-6.0,21.0,Broken,Avoid/exit,9,-13.2,-16.5,-17.3,27.8,1,,Financial Services,1137511.0,1235968.97
SCIIR,SC II Acquisition Corp. Rights,0.171,0,4,2,9,0,4,2,21,0.0,21.0,Broken,Avoid/exit,0,-8.1,-16.5,-13.4,37.7,0,,nan,nan,0.0
FCSMF,Focus Graphite Inc,0.249,1,9,2,9,3,0,2,26,-6.0,21.0,Broken,Avoid/exit,26,-4.3,-4.3,-5.4,43.0,1,,Basic Materials,27660432.0,48796.38
JOB,GEE Group Inc,0.207,7,7,9,4,0,3,3,33,-13.0,21.0,Broken,Avoid/exit,21,-1.6,-6.0,-2.5,40.7,1,,Industrials,22710270.0,669792.08
UZX,Linkage Global Inc,0.23,3,6,4,7,4,2,2,28,-5.0,21.0,Broken,Avoid/exit,14,2.2,-9.4,-13.6,33.7,2,,Consumer Cyclical,14768924.0,2499984.92
WALRF,MegaWatt Lithium and Battery Metals Corp,0.24,10,6,2,10,3,4,3,38,-13.0,21.0,Broken,Avoid/exit,44,-20.4,9.3,-9.2,45.9,2,,Basic Materials,1484302.0,1351.45
APULF,APULF,0.22,2,4,10,6,3,2,4,31,-15.0,21.0,Broken,🔥 COILED: Avoid/exit,0,0.0,0.0,0.0,50.0,1,,Industrials,nan,0.0
SLVRF,Silver One Resources Inc,0.278,7,11,8,4,2,4,5,41,-18.0,21.0,Broken,Avoid/exit,30,1.6,8.0,-0.5,47.7,1,,Basic Materials,98141600.0,428258.32
JALC,Adams (JOHN) Life Corp,0.25,2,4,10,6,3,2,4,31,-15.0,21.0,Broken,🔥 COILED: Avoid/exit,32,0.0,0.0,0.0,50.0,1,,Financial Services,652925.0,878.55
MCGAW,Yorkville Acquisition Corp.,0.26,1,14,1,5,4,2,2,29,-6.0,21.0,Broken,Avoid/exit,23,0.0,-3.7,-12.5,43.9,0,,nan,nan,18696.27
ATPMF,Antipa Minerals Limited,0.32,2,4,10,6,3,2,4,31,-15.0,21.0,Broken,🔥 COILED: Avoid/exit,31,0.0,0.0,0.0,50.0,1,,Basic Materials,212419920.0,0.0
VACBF,Nykode Therapeutics AS,0.321,6,8,2,5,3,3,4,31,-15.0,21.0,Broken,🔥 COILED: Avoid/exit,34,0.0,0.0,-0.9,41.7,1,,Healthcare,167625008.0,160.39
HOCXF,Hoteles City Express S.A.B. de C.V,0.3,2,4,10,6,3,2,4,31,-15.0,21.0,Broken,🔥 COILED: Avoid/exit,32,0.0,0.0,0.0,50.0,1,,Consumer Cyclical,123698184.0,2625.0
MXTRF,Montero Mining and Exploration Ltd,0.33,15,5,8,7,8,3,5,51,-30,21,Broken,Avoid/exit,48,21.9,21.9,37.7,87.7,3,,Basic Materials,2789765.0,1925.13
FEEXF,Ferrexpo PLC,0.389,7,3,10,4,3,2,4,33,-15.0,21.0,Broken,Avoid/exit,25,0.0,0.0,-0.1,25.7,1,,Basic Materials,228650672.0,3942.41
TVBCF,Television Broadcasts Limited,0.39,2,4,10,6,3,2,4,31,-15.0,21.0,Broken,🔥 COILED: Avoid/exit,31,0.0,0.0,0.0,50.0,1,,Communication Services,186784736.0,0.0
FULO,FullNet Communications Inc,0.35,0,4,2,8,0,4,5,23,2.0,21.0,Broken,Avoid/exit,26,0.0,0.0,-9.8,42.5,0,,Communication Services,6890420.0,0.0
LKTEF,LKTEF,0.403,7,3,7,3,3,1,4,28,-10.0,21.0,Broken,Avoid/exit,0,0.0,0.0,-0.0,0.0,0,,Industrials,549986240.0,0.0
VEEMF,VEEMF,0.414,8,3,10,6,0,2,4,33,-15.0,21.0,Broken,Avoid/exit,21,0.0,0.0,-0.0,0.0,1,,Industrials,63948080.0,42.69
OTGAW,OTG Acquisition Corp. I Warrants,0.41,8,3,8,6,5,3,5,38,-20.0,21.0,Broken,Avoid/exit,54,-4.7,0.0,-0.9,51.5,0,,nan,nan,0.0
NNOMF,Nano One Materials Corp,0.495,6,12,5,4,3,2,2,34,-13.0,21.0,Broken,Avoid/exit,24,1.0,3.6,-1.3,43.3,2,,Basic Materials,61091408.0,90080.69
NVYTF,Novacyt S.A,0.48,5,3,10,6,3,2,4,33,-15.0,21.0,Broken,Avoid/exit,31,0.0,0.0,-0.0,1.1,1,,Healthcare,34800956.0,12.5
TVACW,Thayer Ventures Acquisition Corporation,0.539,2,4,1,8,3,0,3,21,0.0,21.0,Broken,Avoid/exit,26,-8.5,-15.8,-12.2,43.0,0,,nan,215625000.0,79935.91
SPMMF,Space-Communication Ltd,0.526,3,6,2,5,3,5,4,28,-10.0,21.0,Broken,Avoid/exit,23,0.0,0.0,-5.6,31.2,0,,Communication Services,37148044.0,211.3
ROYE,Royal Energy Resources Inc,0.5,2,4,10,6,3,2,4,31,-15.0,21.0,Broken,🔥 COILED: Avoid/exit,32,0.0,0.0,0.0,50.0,1,,Energy,9039646.0,245.25
RPMT,Rego Payment Architectures Inc,0.57,8,13,5,2,4,2,2,36,-13.0,21.0,Broken,Avoid/exit,51,4.2,1.8,-2.2,45.0,1,,Technology,74439592.0,50062.87
BRBMF,Big Rock Brewery Inc,0.59,5,3,10,6,3,2,4,33,-15.0,21.0,Broken,Avoid/exit,24,0.0,0.0,-0.0,15.4,1,,Consumer Defensive,18258830.0,8.5
UFG,Uni-Fuels Holdings Limited Class A Ordinary Shares,0.7,3,10,9,3,4,4,2,35,-15.0,21.0,Broken,Avoid/exit,24,-1.4,-4.4,-3.7,43.1,1,,Industrials,22728746.0,494075.27
YTRA,Yatra Online Inc,0.84,0,3,9,7,0,2,2,23,-5.0,21.0,Broken,Avoid/exit,24,-1.9,-4.7,-4.9,40.3,1,,Consumer Cyclical,52193656.0,106997.78
FVEDMX,FVEDMX,0.843,4,7,5,6,0,3,4,29,-13.0,21.0,Broken,🔥 COILED: Avoid/exit,22,0.4,-0.1,-0.3,40.4,0,,nan,nan,0.0
TRGNF,Transgene SA,0.85,5,3,10,6,3,2,4,33,-15.0,21.0,Broken,Avoid/exit,19,0.0,0.0,-0.0,0.2,1,,Healthcare,278255456.0,13.0
USYNF,Unisync Corp,0.882,2,4,10,6,3,2,4,31,-15.0,21.0,Broken,🔥 COILED: Avoid/exit,32,0.0,0.0,0.0,50.0,1,,Consumer Cyclical,16768786.0,4.52
MATH,Metalpha Technology Holding Limited,0.92,7,7,4,2,4,2,3,29,-8.0,21.0,Broken,Avoid/exit,31,6.9,-1.6,-0.1,48.2,0,,Financial Services,43344176.0,74983.58
MAPGF,Mapletree Logistics Trust,0.95,1,5,6,6,6,2,2,28,-10.0,21.0,Broken,Avoid/exit,37,0.0,-3.1,-2.9,41.2,0,,Real Estate,4863901696.0,0.0
TANAF,TANAF,1.0,4,6,5,6,3,2,5,31,-10.0,21.0,Broken,Avoid/exit,13,0.0,57.9,-1.9,38.4,2,,Healthcare,45518000.0,6003.46
CHND,China Media Inc,1,2,4,10,6,3,2,4,31,-15.0,21.0,Broken,🔥 COILED: Avoid/exit,32,0.0,0.0,0.0,50.0,1,,Communication Services,39750000.0,6.15
SEED,Origin Agritech Ltd,1.0,2,12,8,3,3,3,2,33,-13.0,21.0,Broken,Avoid/exit,25,0.0,0.0,-1.0,45.8,1,,Basic Materials,12129600.0,363569.34
SGTSY,Singulus Technologies AG ADR,1.0,8,3,9,4,3,2,4,33,-15.0,21.0,Broken,Avoid/exit,31,0.0,0.0,-0.0,0.0,1,,Industrials,17793054.0,2.0
MBHCF,MBH Corporation PLC,1,2,4,10,6,3,2,4,31,-15.0,21.0,Broken,🔥 COILED: Avoid/exit,32,0.0,0.0,0.0,50.0,1,,Real Estate,6667460.0,4.0
VYBXX,Voya Funds Trust - Government Money Market Fund Series II,1.0,5,3,5,6,3,2,4,28,-10.0,21.0,Broken,Avoid/exit,29,0.0,0.0,-0.0,0.1,0,,nan,nan,0.0
VYCXX,Voya Funds Trust - Government Money Market Fund Series II,1.0,5,3,5,6,3,2,4,28,-10.0,21.0,Broken,Avoid/exit,29,0.0,0.0,-0.0,0.1,0,,nan,nan,0.0
VYGXX,Voya Funds Trust - Government Money Market Fund Series II,1.0,5,3,5,6,3,2,4,28,-10.0,21.0,Broken,Avoid/exit,29,0.0,0.0,-0.0,0.1,0,,nan,nan,0.0
EFGD,Eurobank Ergasias Services and Holdings S.A,1.0,3,4,8,5,3,3,2,28,-10.0,21.0,Broken,Avoid/exit,15,0.0,0.0,-1.4,0.8,0,,nan,nan,0.0
ORGS,Orgenesis Inc,0.4,12,5,5,11,3,3,4,43,-22.5,20.5,Broken,Avoid/exit,47,0.0,39900.0,26.5,55.6,3,,Healthcare,3919815.0,1032.29
HDGHF,Haydale Graphene Industries plc,0.004,0,5,0,10,3,0,2,20,0.0,20.0,Broken,Avoid/exit,26,-39.7,-36.4,-22.3,43.1,0,,Basic Materials,45093312.0,922696.84
ATWT,ATWEC Technologies Inc,0.006,9,9,0,9,3,2,3,35,-15.0,20.0,Broken,Avoid/exit,54,-35.6,-38.3,-22.5,42.6,1,,Industrials,4790423.0,1959731.89
EPWKF,EPWK Holdings Ltd. Class A,0.008,7,14,11,5,3,0,5,45,-30.0,20.0,Broken,🔥 COILED: Avoid/exit,23,-3.7,28.3,7.7,50.8,3,,Technology,1350471.0,13272335.26
HUNTF,Hunter Maritime Acquisition Corp,0.005,17,4,6,10,6,2,5,50,-30,20,Broken,Avoid/exit,66,0.0,0.0,41.8,100.0,1,,Financial Services,1020205.0,109.7
CGRA,Cgrowth Capital Inc,0.001,10,5,5,2,0,3,5,30,-10.0,20.0,Broken,Avoid/exit,32,30.0,30.0,4.9,51.2,2,,Energy,896116.0,2278359.47
EAATF,Earthworks Industries Inc,0.005,3,6,5,3,3,3,4,27,-10.0,20.0,Broken,Avoid/exit,19,0.0,0.0,-13.6,7.8,0,,Industrials,665190.0,49553.7
CWLK,"Starstream Entertainment, Inc.",0.002,3,5,2,8,3,2,2,25,-5.0,20.0,Broken,Avoid/exit,24,0.0,0.0,-15.4,36.8,1,,Industrials,550020.0,163010.5
JETR,Star Jets International Inc,0.004,4,5,6,5,3,1,4,28,-8.0,20.0,Broken,Avoid/exit,30,0.0,0.0,-1.5,44.3,0,,Industrials,414672.0,40291.17
RIVF,RIVF,0.003,7,8,8,2,3,1,4,33,-18.0,20.0,Broken,🔥 COILED: Avoid/exit,30,0.0,0.0,5.2,71.5,1,,Technology,366946.0,569.68
TAKD,TransAKT Ltd,0.003,1,1,3,7,3,3,2,20,0.0,20.0,Broken,Avoid/exit,27,-3.7,-3.7,-2.8,10.8,0,,Financial Services,347117.0,1651.77
WGRFF,Champion Gaming Group Inc.,0.003,5,4,9,6,0,2,4,30,-15.0,20.0,Broken,🔥 COILED: Avoid/exit,23,0.0,0.0,0.0,50.0,1,,Communication Services,229862.0,5127.5
BMCS,Biotech Medics Ne,0.001,17,4,7,13,4,2,5,52,-28,20,Broken,Avoid/exit,30,400.0,400.0,197.6,87.0,3,2,Healthcare,205356.0,7953.46
SZLSF,StageZero Life Sciences Ltd,0.001,3,4,2,8,3,3,2,25,-5.0,20.0,Broken,Avoid/exit,27,0.0,0.0,-40.3,0.6,1,,Healthcare,123532.0,33.67
XTXXF,Phyto Extractions Inc,0.007,5,3,10,5,3,2,4,32,-15.0,20.0,Broken,Avoid/exit,20,0.0,0.0,-0.1,0.4,1,,Healthcare,39179.0,7.05
AFFY,Affymax Inc.,0.002,17,9,3,9,6,2,5,51,-27,20,Broken,Avoid/exit,67,50.0,50.0,38.5,84.1,2,3,Healthcare,37490.0,6652.71
MRNOW,Murano Global Investments PLC Warrants,0.01,3,6,0,7,2,2,2,22,0.0,20.0,Broken,Avoid/exit,12,-48.5,-4.8,-47.9,41.4,0,,nan,nan,50370.71
NOURF,Northern Minerals Limited,0.016,2,3,4,6,6,2,4,27,-10.0,20.0,Broken,Avoid/exit,21,-11.1,-20.0,-11.5,44.0,0,,Basic Materials,213768848.0,1293819.0
AURMF,Auris Minerals Limited,0.019,5,3,10,5,3,2,4,32,-15.0,20.0,Broken,Avoid/exit,19,0.0,0.0,-0.0,3.0,1,,Basic Materials,24445892.0,0.0
QQQFF,Quizam Media Corporation,0.02,0,3,2,7,3,2,5,22,-5.0,20.0,Broken,Avoid/exit,29,-59.7,-59.7,-34.7,42.0,1,,Communication Services,1265355.0,1340.15
MSBM,MSB Global Capital Corp,0.011,6,3,5,3,3,3,4,27,-10.0,20.0,Broken,Avoid/exit,17,0.0,0.0,-1.4,1.5,0,,Financial Services,1066902.0,393.78
BXPHF,Botanix Pharmaceuticals Limited,0.022,16,5,4,6,2,2,5,40,-20,20,Broken,Avoid/exit,33,65.4,65.4,29.6,55.9,4,8,Healthcare,85688280.0,12513.76
IFUS,Impact Fusion International Inc,0.034,7,10,5,12,3,0,2,39,-20.0,20.0,Broken,Avoid/exit,32,-1.7,8.9,-0.3,49.0,3,,Communication Services,19086694.0,365863.0
CNTMF,Cansortium Inc,0.022,4,4,2,10,5,0,2,27,-5.0,20.0,Broken,Avoid/exit,19,-8.3,-4.3,-5.2,44.9,1,,Healthcare,14030786.0,488613.58
NWLXF,Newlox Gold Ventures Corp,0.025,7,6,6,5,3,3,2,32,-15.0,20.0,Broken,Avoid/exit,34,0.0,0.0,-2.9,47.1,1,,Industrials,5508218.0,28522.68
CBSC,CB Scientific Inc,0.03,3,2,3,7,4,2,4,25,-5.0,20.0,Broken,Avoid/exit,23,0.0,0.0,-3.6,38.4,1,,Healthcare,4963157.0,18667.5
LUVU,Luvu Brands Inc,0.03,5,3,0,9,6,0,2,25,-5.0,20.0,Broken,Avoid/exit,28,-25.0,-25.0,-14.3,34.2,1,,Consumer Cyclical,2305021.0,35093.17
TRUIF,TRU Precious Metals Corp,0.022,4,11,1,3,3,2,2,26,-6.0,20.0,Broken,Avoid/exit,21,-8.8,-20.9,-1.9,46.1,1,,Basic Materials,2067772.0,35481.51
GDLNF,Greenland Minerals And Energy Ltd,0.032,6,14,4,4,2,0,5,35,-13.0,20.0,Broken,Avoid/exit,20,-10.6,7.3,-3.8,47.1,0,,Basic Materials,66375012.0,654149.47
KMSWF,Kingmaker Footwear Holdings Limited,0.04,5,3,9,6,3,2,4,32,-15.0,20.0,Broken,Avoid/exit,21,0.0,0.0,-0.0,0.0,1,,Consumer Cyclical,65888348.0,25.0
AUMMF,AuMEGA Metals Ltd,0.035,16,10,7,5,4,2,5,49,-29,20,Broken,Avoid/exit,52,47.7,75.0,38.7,63.1,4,,Basic Materials,50942756.0,57787.8
TRBMF,Torq Resources Inc,0.034,4,4,4,7,0,2,2,23,-3.0,20.0,Broken,Avoid/exit,21,-0.9,-0.9,-2.8,44.4,2,,Basic Materials,6320503.0,28508.51
RSSFF,Affinor Growers Inc,0.031,14,4,2,14,5,2,5,46,-26.0,20.0,Broken,Avoid/exit,53,29.2,34.8,11.5,54.3,3,,Consumer Defensive,1466624.0,1919.5
PSTO,Powerstorm Holdings Inc,0.032,9,6,4,6,3,2,5,35,-15.0,20.0,Broken,Avoid/exit,13,4.2,-21.2,-1.6,46.4,1,,Industrials,887997.0,7643.61
AAIRF,American Aires Inc,0.042,9,10,2,3,2,0,5,31,-11.0,20.0,Broken,Avoid/exit,27,16.3,-0.2,-8.5,48.2,1,,Technology,3671706.0,51424.88
ATMH,All Things Mobile Analytic Inc,0.054,2,1,4,9,0,4,2,22,0.0,20.0,Broken,Avoid/exit,27,-6.0,-5.8,-5.7,19.3,0,,Technology,2557259.0,6356.5
CAXPF,District Copper Corp,0.051,6,6,2,9,0,0,2,25,-5.0,20.0,Broken,Avoid/exit,30,-8.6,-2.1,-6.4,45.0,1,,Basic Materials,2174002.0,0.0
COSG,Cosmos Group Holdings Inc,0.055,5,2,9,5,0,2,2,25,-8.0,20.0,Broken,Avoid/exit,27,-4.3,-15.4,-7.9,42.7,0,,Financial Services,34946.0,1818.14
RADLF,Radial Research Corp.,0.059,4,4,2,5,3,3,4,25,-10.0,20.0,Broken,🔥 COILED: Avoid/exit,33,0.0,0.0,-11.0,47.8,0,,Technology,192640.0,320.9
GMBL,Esports Entertainment Group Inc,0.07,0,3,2,8,0,0,4,17,0.0,20.0,Broken,Avoid/exit,15,-22.2,-22.2,-24.2,40.3,0,,Consumer Cyclical,101992.0,2448.81
TGOLF,Thunder Gold Corp.,0.071,6,11,6,0,3,2,2,30,-10.0,20.0,Broken,Avoid/exit,38,4.4,-9.7,-4.2,46.1,0,,Basic Materials,19976416.0,100485.85
FSHPR,Flag Ship Acquisition Corp. Right,0.08,6,8,6,3,2,6,2,33,-13.0,20.0,Broken,Avoid/exit,19,0.1,0.0,-3.8,47.5,0,,nan,nan,0.0
TUWOY,Tullow Oil PLC ADR,0.09,12,12,3,7,5,6,5,50,-28.0,20.0,Broken,Avoid/exit,51,11.9,11.9,7.4,55.3,3,,Energy,242403696.0,514665.36
ZOMDF,Zomedica Corp.,0.087,4,11,5,5,4,6,2,37,-15.0,20.0,Broken,Avoid/exit,33,-0.3,-0.3,-1.8,45.7,2,,Healthcare,86235576.0,1332676.96
MDTC,Media Technologies Inc,0.087,5,11,9,5,5,2,2,39,-19,20,Broken,Avoid/exit,47,66.7,-3.7,13.9,52.3,1,9,Technology,7003907.0,0.0
PLMNF,Palamina Corp,0.097,1,4,3,8,3,4,2,25,-5.0,20.0,Broken,Avoid/exit,16,-0.7,-3.4,-4.1,42.0,1,,Basic Materials,9009282.0,8236.77
GPOTF,Gold Port Corporation,0.133,2,1,2,7,5,1,2,20,0.0,20.0,Broken,Avoid/exit,43,-6.2,-6.2,-5.6,25.2,0,,Basic Materials,9121068.0,2587.32
RRUUF,RRUUF,0.136,3,13,5,4,4,2,2,33,-13.0,20.0,Broken,Avoid/exit,19,-0.7,3.0,-3.6,42.9,1,,Basic Materials,7200492.0,31683.5
QGAI,Quantum Genesis AI Corp.,0.109,3,11,10,5,5,2,5,41,-19,20,Broken,Avoid/exit,0,55.6,36.1,2.2,48.7,4,9,Basic Materials,4461856.0,0.0
AGTT,Angstrom Technologies Inc,0.1,16,7,5,5,7,5,5,50,-30,20,Broken,Avoid/exit,56,25.0,25.0,29.4,78.7,4,,Basic Materials,3506190.0,26846.32
EWPMF,East West Petroleum Corp,0.1,12,4,9,11,3,4,5,48,-28.0,20.0,Broken,Avoid/exit,39,0.0,11.1,21.3,78.2,3,,Energy,904855.0,3068.08
IBACR,IB Acquisition Corp. Right,0.105,7,2,9,3,3,4,2,30,-10.0,20.0,Broken,Avoid/exit,45,-8.8,-10.5,-7.5,38.0,0,,nan,nan,0.0
ASPCR,A SPAC III Acquisition Corp. Right,0.11,4,12,1,2,3,2,4,28,-8.0,20.0,Broken,Avoid/exit,17,0.0,9.9,-4.0,47.2,1,,nan,nan,0.0
EQRLF,EQRLF,0.185,12,8,3,4,3,0,2,32,-10.0,20.0,Broken,Avoid/exit,0,-1.1,8.8,-1.1,49.4,2,,Basic Materials,932736512.0,0.0
YNGFF,Veris Gold Corp,0.168,5,9,3,5,3,3,2,30,-13.0,20.0,Broken,Avoid/exit,37,3.9,3.9,-0.5,42.6,1,,Financial Services,583671552.0,4000.58
TAJIF,Tajiri Resources Corp,0.15,15,4,4,14,4,4,5,50,-26,20,Broken,Avoid/exit,52,66.7,66.7,40.3,64.1,3,3,Basic Materials,34499504.0,5990.38
MMCP,Morningstar US Mid Cap PR USD,0.15,4,2,7,4,3,2,3,25,-8.0,20.0,Broken,Avoid/exit,18,0.0,-1.7,-10.5,33.9,0,,Financial Services,15008391.0,4299.03
OODH,Orion Diversified Holding Co. Inc,0.164,2,2,4,8,0,2,2,20,0.0,20.0,Broken,Avoid/exit,6,-18.2,-18.2,-26.1,26.8,0,,Energy,1948320.0,3588.96
ECGFF,EcoGraf Limited,0.2,7,3,10,6,0,2,4,32,-15.0,20.0,Broken,Avoid/exit,31,0.0,0.0,-0.0,29.5,1,,Basic Materials,92310240.0,79.47
SMTK,"SmartKem, Inc. Common Stock",0.21,6,15,8,8,4,2,2,45,-23.0,20.0,Broken,Avoid/exit,24,-7.4,11.3,-3.3,46.0,4,,Technology,4510138.0,3582493.04
MLTNF,Molten Metals Corp,0.2,5,4,9,6,0,2,4,30,-15.0,20.0,Broken,🔥 COILED: Avoid/exit,37,0.0,0.0,0.0,50.0,1,,Basic Materials,2600480.0,530.0
WRLRF,WRLRF,0.225,7,7,4,5,0,2,5,30,-10.0,20.0,Broken,Avoid/exit,0,8.4,2.3,-0.8,49.6,0,,nan,nan,0.0
SVCCW,Stellar V Capital Corp. Warrant,0.28,12,11,3,9,8,0,5,48,-28,20,Broken,Avoid/exit,48,46.7,0.0,26.2,57.4,0,,nan,nan,0.0
PNDFF,PT Indofood CBP Sukses Makmur Tbk,0.302,3,7,1,4,3,3,4,25,-10.0,20.0,Broken,🔥 COILED: Avoid/exit,23,0.0,0.0,-3.7,42.7,0,,Consumer Defensive,3520730112.0,87.88
NFE,New Fortress Energy LLC,0.331,3,13,8,0,4,2,2,32,-13.0,20.0,Broken,Avoid/exit,17,-1.1,0.4,-6.9,40.0,1,,Energy,94602200.0,10731435.0
MTMV,Motomova Inc.,0.3,5,3,10,5,3,2,4,32,-15.0,20.0,Broken,Avoid/exit,30,0.0,0.0,-0.0,0.0,1,,Technology,84153968.0,5.03
GMXDF,Grupo Mexicano de Desarrollo S.A.B,0.3,10,6,8,3,6,1,4,38,-23.0,20.0,Broken,🔥 COILED: Avoid/exit,53,0.0,0.0,1.0,84.7,0,,Utilities,54743700.0,32.01
BIOX,Bioceres Crop Solutions Corp,0.335,3,11,9,3,4,2,3,35,-13.0,20.0,Broken,Avoid/exit,25,-3.7,-4.0,-2.6,42.5,1,,Basic Materials,21384706.0,611361.35
USAQ,USA Equities Corp,0.348,7,5,5,5,0,3,5,30,-10.0,20.0,Broken,Avoid/exit,30,16.0,9.8,9.2,54.0,2,,Healthcare,3908524.0,6290.31
FEED,ENvue Medical Inc.,0.32,3,8,4,8,0,0,2,25,-5.0,20.0,Broken,Avoid/exit,20,-16.8,-26.6,-26.2,24.6,1,,Healthcare,1946342.0,4193559.12
GLIOF,Gold Lion Resources Inc,0.362,16,4,7,14,4,0,5,50,-30,20,Broken,Avoid/exit,63,0.0,93.6,22.1,85.4,3,,Basic Materials,7530249.0,228.5
SNGX,Soligenix Inc.,0.375,3,11,7,2,3,2,2,30,-11.0,20.0,Broken,Avoid/exit,32,1.4,4.2,-0.2,45.2,2,,Healthcare,5559065.0,2547888.01
JDNRD,Jayden Resources Inc.,0.396,15,4,6,9,3,6,5,48,-28.0,20.0,Broken,Avoid/exit,54,0.0,0.0,16.7,87.7,1,,Basic Materials,2317075.0,76.94
DBCAW,D. Boral Acquisition I Corp. Warrants,0.396,9,10,4,3,7,0,2,35,-13.0,20.0,Broken,Avoid/exit,0,-1.0,-7.0,-4.0,46.9,0,,nan,nan,0.0
GENMF,Generation Mining Limited,0.439,2,13,8,0,8,2,2,35,-16.0,20.0,Broken,Avoid/exit,33,2.1,2.1,-0.5,48.1,1,,Basic Materials,141675200.0,188716.17
AERA,AERA,0.4,1,7,1,11,0,0,2,22,-3.0,20.0,Broken,Avoid/exit,26,-19.8,-22.5,-38.8,32.6,1,,Communication Services,2395493.0,5880.83
NGLD,Nevada Canyon Gold Corp,0.483,12,14,11,2,4,2,5,50,-28,20,Broken,Avoid/exit,46,20.8,15.0,13.8,58.2,3,,Basic Materials,11151398.0,21086.52
GRPFF,Grupo Televisa S.A.B,0.55,4,3,10,5,3,3,4,32,-15.0,20.0,Broken,Avoid/exit,36,0.0,0.0,-0.2,21.0,1,,Communication Services,1449415040.0,156.89
NKGFF,Nevada King Gold Corp,0.56,11,12,10,5,3,4,5,50,-28,20,Broken,Avoid/exit,48,-0.1,13.1,4.5,54.1,4,,Basic Materials,53395196.0,48417.55
CNCOF,Arizona Eagle Mining Corp.,0.57,8,11,3,3,4,2,2,33,-13.0,20.0,Broken,Avoid/exit,24,-6.9,-3.4,-7.0,37.4,2,,Basic Materials,27933922.0,1397.3
SCND,Scientific Industries Inc,0.58,3,10,1,3,3,2,4,26,-11.0,20.0,Broken,Avoid/exit,15,0.0,-13.9,-2.4,45.8,1,,Technology,6918587.0,3463.3
ETCMY,Eutelsat Communications SA ADR,0.619,3,10,3,0,4,6,2,28,-8.0,20.0,Broken,Avoid/exit,20,-2.5,-4.8,-6.8,37.0,2,,Communication Services,2916282880.0,32970.38
ECTM,ECA Marcellus Trust I Unit,0.61,6,9,8,2,5,3,5,38,-18.0,20.0,Broken,Avoid/exit,47,1.7,-1.6,-0.6,49.0,0,,Energy,11091150.0,29849.18
CIGMF,CI Games S.A,0.694,6,3,6,2,3,3,4,27,-10.0,20.0,Broken,Avoid/exit,15,0.0,0.0,-0.9,2.7,0,,Communication Services,151864464.0,157.9
LIQT,LiqTech International Inc,0.69,6,14,4,4,3,2,2,35,-13.0,20.0,Broken,Avoid/exit,12,6.2,1.5,-4.4,40.7,2,,Industrials,22734010.0,120818.71
VCUFF,Vizsla Copper Corp,0.785,6,5,8,13,2,4,5,43,-23.0,20.0,Broken,Avoid/exit,31,-2.5,2.0,-0.3,49.4,1,,Basic Materials,69805624.0,132458.76
BGOPF,Bango plc,0.83,5,3,10,5,3,2,4,32,-15.0,20.0,Broken,Avoid/exit,24,0.0,0.0,-0.0,0.0,1,,Technology,63953844.0,142.67
PFHO,Pacific Health Care Organization Inc,0.84,6,11,8,3,3,2,4,37,-20.0,20.0,Broken,Avoid/exit,15,1.2,5.0,-2.0,42.3,0,,Healthcare,10752000.0,0.0
UCL,Ucloudlink Group Inc,0.869,5,3,9,9,0,0,2,28,-8.0,20.0,Broken,Avoid/exit,20,-3.5,-5.6,-5.5,38.3,0,,Communication Services,33094544.0,12955.32
NWRLY,New World Department Store China Ltd ADR,0.922,12,6,7,6,3,2,4,40,-23.0,20.0,Broken,Avoid/exit,48,0.0,0.0,0.0,99.1,0,,Consumer Cyclical,62198520.0,48.38
INCR,InterCure Ltd.,0.948,5,10,3,6,6,0,2,32,-13.0,20.0,Broken,Avoid/exit,43,-0.5,-1.0,0.0,49.5,2,,Healthcare,56172364.0,54777.03
HIIDY,Hidili Industry International Development Ltd ADR,0.9,5,3,10,5,3,2,4,32,-15.0,20.0,Broken,Avoid/exit,26,0.0,0.0,-0.0,0.0,1,,Energy,41447332.0,66.37
QSCGF,q.beyond AG,0.922,5,3,9,6,3,2,4,32,-15.0,20.0,Broken,Avoid/exit,24,0.0,0.0,-0.2,0.0,1,,Technology,19932718.0,0.0
MPCMF,Mapletree Commercial Trust,0.998,4,6,1,4,3,5,4,27,-10.0,20.0,Broken,Avoid/exit,23,0.0,0.0,-0.6,38.4,0,,Real Estate,5275914752.0,209.95
LITS,"Lite Strategy, Inc.",0.987,9,12,8,1,4,4,4,42,-23.0,20.0,Broken,Avoid/exit,24,-0.3,1.8,1.4,52.5,1,,Healthcare,33589680.0,443951.8
DTCKF,Davis Commodities Limited,1.0,4,5,5,6,7,4,2,33,-13.0,20.0,Broken,Avoid/exit,31,-1.0,-7.4,-4.2,42.5,1,,Consumer Defensive,1681367.0,312695.57
FBRKF,FBR Limited,0.134,14,6,6,5,6,4,5,46,-26.5,19.5,Broken,Avoid/exit,62,-18.5,-18.5,26.8,67.1,1,,Real Estate,15323442.0,0.0
CHEV,Cheviot Financial Corp,1.0,13,5,5,11,3,5,5,47,-27.5,19.5,Broken,Avoid/exit,22,0.0,688.0,46.9,58.8,3,,Industrials,11246252.0,2025.39
SEHLF,Solargiga Energy Holdings Limited,0.01,5,3,5,5,3,6,4,31,-15.0,19.0,Broken,Avoid/exit,26,0.0,0.0,-0.0,1.3,1,,Technology,31908204.0,698.72
AJLGF,AJ Lucas Group Limited,0.009,10,3,11,6,3,2,4,39,-23.0,19.0,Broken,Avoid/exit,58,0.0,0.0,0.0,87.2,0,,Basic Materials,12106421.0,15388.15
ARVY,Alliance Recovery Corporation,0.006,12,3,2,12,3,7,5,44,-21.0,19.0,Broken,Avoid/exit,57,-24.7,45.2,-1.3,53.8,3,,Industrials,12069168.0,4300.01
BKUH,Bakhu Holdings Corp,0.001,5,3,9,5,3,2,4,31,-15.0,19.0,Broken,Avoid/exit,16,0.0,0.0,-0.3,0.0,1,,Healthcare,6026059.0,3.0
ZTLLF,Zonetail Inc,0.01,4,3,4,6,3,7,2,29,-10.0,19.0,Broken,Avoid/exit,31,0.0,0.0,-0.8,0.0,0,,Technology,3054196.0,683.02
ABEPF,Vision Lithium Inc,0.008,5,10,6,3,3,0,2,29,-13.0,19.0,Broken,Avoid/exit,23,-16.0,-4.8,-3.9,47.0,2,,Basic Materials,2197643.0,53535.46
CDMNF,Canadian Manganese Company Inc.,0.01,8,7,8,2,3,1,4,33,-17.0,19.0,Broken,Avoid/exit,29,0.0,0.0,0.0,61.8,1,,Basic Materials,1460882.0,3244.94
EXXBF,eXeBlock Technology Corporation,0.001,7,7,1,3,3,1,4,26,-10.0,19.0,Broken,Avoid/exit,23,0.0,0.0,-1.7,2.7,0,,Technology,123204.0,1305.52
MARK,Remark Holdings Inc,0.001,6,11,4,12,3,2,4,42,-21.0,19.0,Broken,Avoid/exit,35,20.0,9.1,10.7,52.1,3,,Technology,74282.0,28501.67
AIZZ,"AI Music Distribution, Inc.",0.004,9,10,0,6,0,2,2,29,-8.0,19.0,Broken,Avoid/exit,36,-42.9,-60.0,-61.6,44.1,0,,Communication Services,35961.0,10012.06
KTTAW,Pasithea Therapeutics Corp. Warrant,0.009,5,11,3,4,8,2,2,35,-16.0,19.0,Broken,Avoid/exit,29,-4.1,-13.8,5.0,50.6,1,,nan,nan,0.0
KALMF,Kalgoorlie Gold Mining Limited,0.02,3,6,4,3,3,5,2,26,-10.0,19.0,Broken,Avoid/exit,22,0.0,0.0,-26.3,25.2,0,,Basic Materials,9117403.0,1052.92
PTMLF,PTMLF,0.014,5,3,10,5,3,1,4,31,-15.0,19.0,Broken,Avoid/exit,15,0.0,0.0,-0.4,0.2,1,,Basic Materials,7145281.0,0.0
TTEXF,Bullion Gold Resources Corp,0.011,5,5,0,9,0,1,2,22,-3.0,19.0,Broken,Avoid/exit,17,-47.6,-47.6,-56.4,35.1,0,,Basic Materials,1357224.0,777.0
INSSF,Inspire Semiconductor Holdings Inc.,0.011,8,7,7,2,3,1,4,32,-18.0,19.0,Broken,🔥 COILED: Avoid/exit,22,0.0,0.0,0.1,71.1,1,,Technology,794173.0,1850.9
COOTW,Australian Oilseeds Holdings Limited Warrant,0.018,1,12,2,6,4,2,2,29,-6.0,19.0,Broken,Avoid/exit,26,0.6,7.9,-6.7,45.7,1,,nan,nan,54361.33
OVTZ,Oculus VisionTech Inc,0.03,8,7,1,1,4,4,4,29,-10.0,19.0,Broken,Avoid/exit,40,0.0,-25.0,-4.0,45.4,0,,Technology,2742677.0,15332.74
CLLMF,Collective Metals Inc.,0.028,6,3,1,7,0,5,2,24,-5.0,19.0,Broken,Avoid/exit,11,0.0,-0.7,-9.9,33.0,1,,Basic Materials,1946076.0,3916.81
NRBT,Novus Robotics Inc,0.022,7,6,6,4,0,1,3,27,-8.0,19.0,Broken,Avoid/exit,24,-21.4,-2.6,-10.1,46.6,0,,Industrials,1028899.0,0.0
CRICF,Churchill Resources Inc.,0.035,5,4,9,7,3,2,4,34,-15.0,19.0,Broken,Avoid/exit,18,0.3,0.3,-4.8,17.1,1,,Basic Materials,11115537.0,14027.78
PEMSF,Pacific Empire Minerals Corp,0.033,5,12,9,7,3,4,2,42,-23.0,19.0,Broken,Avoid/exit,17,0.6,-5.4,-4.8,41.4,2,,Basic Materials,8901059.0,214262.32
ICMFF,Iconic Minerals Ltd.,0.035,5,10,8,5,4,0,2,34,-13.0,19.0,Broken,Avoid/exit,16,-3.6,-7.4,-5.9,42.1,1,,Basic Materials,5944290.0,616998.95
AFFL,Affiliated Resources Corp,0.036,17,5,4,10,1,3,2,42,-23,19,Broken,Avoid/exit,32,577.4,577.4,31.0,57.1,3,7,Financial Services,2676492.0,7367.21
JORFF,Jourdan Resources Inc,0.042,5,7,7,0,6,2,2,29,-10.0,19.0,Broken,Avoid/exit,43,13.0,-9.5,-2.6,46.8,0,,Basic Materials,22802490.0,77654.13
ULTXF,Ultra Resources Inc,0.05,16,4,6,10,3,3,4,46,-27,19,Broken,Avoid/exit,58,150.0,0.0,13.8,56.9,1,3,Basic Materials,11716932.0,18653.15
COSRF,Cosigo Resources Ltd.,0.048,6,13,1,0,3,2,2,27,-8.0,19.0,Broken,Avoid/exit,25,13.6,7.2,-1.1,47.1,0,,Basic Materials,6604233.0,9112.79
CYTOF,Altamira Therapeutics Ltd.,0.05,2,11,5,4,3,0,2,27,-11.0,19.0,Broken,Avoid/exit,24,0.6,-16.2,-15.3,43.1,2,,Healthcare,445806.0,4539.65
BCUFF,Bell Copper Corporation,0.055,4,4,8,6,5,2,2,31,-15.0,19.0,Broken,Avoid/exit,44,-6.7,-5.6,-2.4,46.5,1,,Basic Materials,8002353.0,43102.37
AITLF,Airtificial Intelligence Structures S.A,0.07,4,3,10,6,3,1,4,31,-15.0,19.0,Broken,Avoid/exit,14,0.0,0.0,-0.3,3.7,1,,Industrials,108286544.0,293.0
NOUMF,Noumi Limited,0.07,12,6,11,6,3,2,4,44,-28.0,19.0,Broken,Avoid/exit,48,0.0,0.0,0.0,100.0,1,,Consumer Defensive,19397652.0,5.0
BTOW,GTFN Holdings Inc,0.07,12,6,11,6,3,2,4,44,-28.0,19.0,Broken,Avoid/exit,37,0.0,0.0,0.0,99.9,1,,Industrials,14935187.0,97.5
GMVMF,GMV Minerals Inc,0.087,3,10,7,1,2,2,4,29,-13.0,19.0,Broken,Avoid/exit,12,7.3,-1.1,-1.9,45.9,1,,Basic Materials,10695110.0,103307.09
MSMGF,Grid Metals Corp,0.098,16,5,6,9,5,2,5,48,-27.0,19.0,Broken,Avoid/exit,54,6.2,50.1,15.6,68.3,3,,Basic Materials,22915542.0,143873.63
WGELF,WGELF,0.096,12,6,11,6,3,2,4,44,-28.0,19.0,Broken,Avoid/exit,52,0.0,0.0,0.0,98.7,1,,Basic Materials,4088851.0,0.0
OAMCF,OverActive Media Corp,0.108,3,12,5,3,3,3,2,31,-15.0,19.0,Broken,Avoid/exit,19,0.0,2.4,-2.8,40.1,1,,Communication Services,14095144.0,3333.21
STXPF,Stuhini Exploration Ltd,0.12,12,6,7,9,1,2,5,42,-23.0,19.0,Broken,Avoid/exit,48,-0.1,-1.7,1.3,53.5,2,,Basic Materials,6692629.0,14572.9
TRRFF,Trifecta Gold Ltd,0.13,3,9,5,2,3,3,2,27,-8.0,19.0,Broken,Avoid/exit,25,0.0,1.5,-2.3,40.1,0,,Basic Materials,6196453.0,38060.29
ONEI,OneMeta AI,0.126,3,14,4,3,3,2,2,31,-13.0,19.0,Broken,Avoid/exit,25,4.8,3.9,-2.8,45.4,1,,Technology,4888202.0,31063.16
KBSUF,Prime US REIT,0.172,7,3,6,2,3,1,4,26,-10.0,19.0,Broken,Avoid/exit,15,0.0,0.0,-0.1,0.0,0,,Real Estate,247386544.0,447.25
LGCXF,Lahontan Gold Corp.,0.249,5,12,9,0,3,0,4,33,-15.0,19.0,Broken,Avoid/exit,43,-1.2,3.8,-0.5,48.7,1,,Basic Materials,105159832.0,917473.45
HYPRF,HydrogenPro AS,0.201,6,5,2,4,3,7,2,29,-15.0,19.0,Broken,🔥 COILED: Avoid/exit,33,0.0,0.0,-6.0,45.3,1,,Industrials,29333728.0,83.8
XTRRF,X-Terra Resources Inc,0.24,1,3,1,8,3,6,2,24,-5.0,19.0,Broken,Avoid/exit,44,3.8,-40.0,-19.0,20.3,1,,Basic Materials,7130628.0,2300.34
EBYH,Strainsforpains Inc,0.21,16,2,3,14,6,3,5,49,-30,19,Broken,Avoid/exit,58,5.1,16.7,6.5,60.3,3,,Healthcare,3111077.0,752.01
CVVUF,CanAlaska Uranium Ltd,0.275,8,13,5,11,3,2,2,44,-23.0,19.0,Broken,Avoid/exit,15,10.2,17.2,2.1,46.4,4,,Basic Materials,60860740.0,167654.64
ASPU,Aspen Group Inc,0.298,7,10,7,5,5,3,5,42,-23.0,19.0,Broken,Avoid/exit,64,12.9,-0.7,0.4,50.1,1,,Consumer Defensive,9589159.0,58897.21
BTRYF,Battery Minerals Limited,0.341,7,9,4,6,3,2,3,34,-15.0,19.0,Broken,Avoid/exit,34,-2.2,1.4,-3.0,43.7,1,,Basic Materials,132281696.0,11288.99
DMGGF,Dmg Blockchain Solutions Inc,0.317,3,11,1,5,7,0,2,29,-13.0,19.0,Broken,Avoid/exit,46,-8.9,-8.1,-10.4,40.4,1,,Financial Services,61925616.0,436107.99
CAMZF,Camino Minerals Corporation,0.32,1,8,5,5,3,0,5,27,-8.0,19.0,Broken,Avoid/exit,20,-6.4,-4.2,-3.4,44.6,0,,Basic Materials,28565238.0,12956.61
AGRZ,Agroz Inc. Ordinary Shares,0.326,7,7,1,5,5,2,2,29,-8.0,19.0,Broken,Avoid/exit,31,1.6,-5.0,-1.6,48.5,0,,Consumer Defensive,7065556.0,2755262.47
CHOW,ChowChow Cloud International Holdings Limited,0.362,9,10,8,0,3,2,2,34,-13.0,19.0,Broken,Avoid/exit,29,6.5,2.3,-1.1,47.0,1,,Technology,12847380.0,4951127.59
QIMCF,QIMCF,0.35,3,13,6,4,3,0,2,31,-10.0,19.0,Broken,Avoid/exit,17,-6.2,4.7,-5.5,42.8,0,,nan,nan,117249.58
NILIF,Surge Battery Metals Inc,0.443,6,10,4,5,3,2,2,32,-13.0,19.0,Broken,Avoid/exit,46,5.1,2.0,-0.9,46.7,2,,Basic Materials,110764672.0,260687.14
PBSV,Pharma-Bio Serv Inc,0.42,1,2,1,8,3,2,2,19,0.0,19.0,Broken,Avoid/exit,9,-27.6,-16.0,-16.0,28.5,0,,Healthcare,9618710.0,4299.69
FSP,Franklin Street Properties Corp,0.462,7,9,4,1,2,2,2,27,-8.0,19.0,Broken,Avoid/exit,23,2.7,-3.7,-4.5,42.0,2,,Real Estate,48084616.0,608052.04
KNRX,KNOREX LTD.,0.466,6,6,11,12,4,3,4,46,-25.0,19.0,Broken,Avoid/exit,23,16.4,22.5,6.8,52.4,4,,Technology,14165001.0,709070.49
MDAIW,Spectral AI Inc,0.47,0,5,6,8,2,4,2,27,-8.0,19.0,Broken,Avoid/exit,22,-8.7,-14.5,-13.4,39.4,0,,nan,nan,17593.51
NTXVF,Nexteer Automotive Group Limited,0.511,3,4,8,3,3,3,2,26,-10.0,19.0,Broken,Avoid/exit,18,0.0,0.0,-4.3,29.0,0,,Consumer Cyclical,1483677056.0,0.0
RYDE,Ryde Group Ltd.,0.544,2,2,6,10,0,2,2,24,-5.0,19.0,Broken,Avoid/exit,26,-19.4,-5.9,-15.9,35.9,1,,Technology,98025088.0,1082495.24
DRTTF,DIRTT Environmental Solutions Ltd,0.594,9,3,7,5,5,4,3,36,-18.0,19.0,Broken,Avoid/exit,43,-1.0,-2.5,0.4,52.5,2,,Industrials,115046480.0,53279.78
ZTEK,ZEN Graphene Solutions Ltd,0.552,13,12,3,7,2,2,5,44,-23.0,19.0,Broken,Avoid/exit,35,2.2,15.0,7.5,58.0,3,,Healthcare,69881328.0,174182.65
RBLK,"Related Blocks, Inc.",0.6,3,3,8,5,3,3,4,29,-10.0,19.0,Broken,Avoid/exit,23,0.0,0.0,-6.6,38.5,0,,Technology,357362.0,378.02
CTRGF,Country Garden Services Holdings Co Ltd,0.725,5,3,4,5,3,2,4,26,-10.0,19.0,Broken,Avoid/exit,19,0.0,0.0,-0.0,0.0,0,,Real Estate,2353136640.0,11.35
AKBIF,Akebono Brake Industry Co. Ltd,0.724,12,6,11,6,3,2,4,44,-28.0,19.0,Broken,Avoid/exit,51,0.0,0.0,0.0,100.0,1,,Consumer Cyclical,215922624.0,22.0
GGOXF,Galleon Gold Corp.,0.724,9,13,9,5,3,4,3,46,-28.0,19.0,Broken,Avoid/exit,43,4.8,9.7,3.3,54.1,3,,Basic Materials,94630240.0,104139.09
LOOP,Loop Industries Inc,0.73,3,12,1,7,2,0,2,27,-8.0,19.0,Broken,Avoid/exit,8,-11.4,-8.7,-10.3,40.3,1,,Basic Materials,35322508.0,110014.16
FBLG,"FibroBiologics, Inc. Common Stock",0.719,3,12,4,5,3,2,2,31,-13.0,19.0,Broken,Avoid/exit,31,-2.3,-14.4,-6.4,41.3,1,,Healthcare,3746251.0,1075634.21
FABFF,FABFF,0.835,7,5,1,5,3,1,4,26,-10.0,19.0,Broken,Avoid/exit,35,0.0,0.0,-0.6,48.4,0,,Basic Materials,7815197.0,111.68
ZPTA,Zapata Computing Holdings Inc. Common Stock,0.88,3,9,7,1,4,0,2,26,-8.0,19.0,Broken,Avoid/exit,40,-7.4,-10.2,-10.3,42.4,0,,Technology,164790000.0,186744.32
NXGCF,NXGCF,0.855,4,15,8,2,3,0,2,34,-13.0,19.0,Broken,Avoid/exit,26,1.8,1.8,-0.3,47.9,1,,Basic Materials,211572240.0,252858.41
SUMMF,Summit Royalties Ltd.,0.935,3,11,8,0,2,3,2,29,-10.0,19.0,Broken,Avoid/exit,17,0.1,-1.6,-1.8,41.3,0,,Basic Materials,66577844.0,0.0
TMCXX,BlackRock Liquidity Funds - TempCash,1.0,3,5,3,6,3,2,4,26,-10.0,19.0,Broken,Avoid/exit,36,0.0,0.0,-0.0,40.8,0,,nan,nan,0.0
NEOVW,NeoVolta Inc. Warrant,0.97,2,8,3,6,8,0,2,29,-8.0,19.0,Broken,Avoid/exit,25,-6.7,-0.8,-9.5,45.3,0,,nan,nan,4203.16
BUENF,Blue Energy Limited,0.005,15,5,4,9,1,2,5,41,-21,18,Broken,Avoid/exit,42,50.0,70.0,36.9,56.6,3,7,Energy,17168250.0,289534.54
HHSE,Hanover House Inc.,0.008,3,3,0,7,3,0,2,18,0.0,18.0,Broken,Avoid/exit,40,-6.0,-22.0,-14.6,40.9,0,,Communication Services,9170440.0,682404.42
RPNRF,Rapid Nutrition PLC,0.01,4,3,10,4,3,2,4,30,-15.0,18.0,Broken,Avoid/exit,29,0.0,0.0,-92.0,19.6,1,,Consumer Defensive,4749340.0,0.0
BXRDF,Australian Silica Quartz Group Ltd,0.009,4,6,2,3,3,1,4,23,-10.0,18.0,Broken,🔥 COILED: Avoid/exit,21,0.0,0.0,-2.9,45.3,0,,Basic Materials,3690371.0,2076.0
RLLVF,Relevium Technologies Inc,0.006,2,4,10,6,0,2,4,28,-15.0,18.0,Broken,🔥 COILED: Avoid/exit,29,0.0,0.0,0.0,50.0,1,,Healthcare,1976954.0,1.72
NXGT,Nexteligent Holdings Inc,0.006,3,3,6,5,3,5,3,28,-10.0,18.0,Broken,Avoid/exit,23,0.0,0.0,-1.2,38.0,0,,Healthcare,833182.0,16276.63
XELA,Exela Technologies Inc,0.006,4,12,5,10,3,2,5,41,-23,18,Broken,Avoid/exit,33,50.0,200.0,5.4,49.2,3,5,Technology,305261.0,2825.5
SLMFF,Solis Minerals Ltd,0.002,6,3,10,5,0,2,4,30,-15.0,18.0,Broken,Avoid/exit,23,0.0,0.0,-0.4,19.7,1,,Basic Materials,277922.0,2374.42
CPTAF,Captivision Inc.,0.007,7,9,5,9,9,2,2,43,-28,18,Broken,Avoid/exit,20,32.1,100.0,13.1,48.5,4,,Basic Materials,228694.0,1584983.78
WCIG,Wee-Cig International Corp,0.002,5,3,7,3,3,5,4,30,-15.0,18.0,Broken,Avoid/exit,26,0.0,0.0,-5.8,33.4,1,,Technology,111156.0,11973.46
LADX,LadRx Corporation,0.01,3,3,10,4,3,3,4,30,-15.0,18.0,Broken,Avoid/exit,30,0.0,0.0,-34.1,28.9,1,,Healthcare,49509.0,0.0
PKBFF,PeakBirch Logic Inc,0.003,2,4,10,6,0,2,4,28,-15.0,18.0,Broken,🔥 COILED: Avoid/exit,28,0.0,0.0,0.0,50.0,1,,Healthcare,24976.0,0.0
CHMN,Chester Mining Company,0.006,9,6,11,6,0,2,4,38,-23.0,18.0,Broken,Avoid/exit,51,0.0,0.0,0.0,100.0,0,,Basic Materials,nan,69.61
ABPWW,Abpro Holdings Inc,0.003,4,6,3,6,2,2,5,28,-8.0,18.0,Broken,Avoid/exit,27,-23.5,18.2,-24.8,40.6,2,,nan,nan,0.0
CGTRF,GT Resources Inc.,0.018,1,11,5,2,4,0,3,26,-8.0,18.0,Broken,Avoid/exit,27,-0.6,-10.5,0.1,48.9,0,,Basic Materials,7782354.0,79655.48
TNBI,Tanke Biosciences Corporation,0.02,5,3,10,4,3,1,4,30,-15.0,18.0,Broken,Avoid/exit,19,0.0,0.0,-0.3,7.2,1,,Financial Services,509285.0,3288.1
PDYNW,Palladyne AI Corp,0.013,6,8,1,6,3,2,2,28,-8.0,18.0,Broken,Avoid/exit,14,-11.3,-33.5,-35.3,35.6,1,,nan,nan,94246.51
ALURW,Allurion Technologies Inc.,0.017,13,9,3,2,1,5,5,38,-18,18,Broken,Avoid/exit,0,248.0,39.2,31.5,52.5,2,10,nan,nan,0.0
FSHRF,Feishang Anthracite Resources Limited,0.024,2,1,1,11,6,0,2,23,-5.0,18.0,Broken,Avoid/exit,44,-50.4,-50.4,-43.8,22.9,1,,Energy,32953628.0,7924.0
PMEDF,Predictmedix Inc,0.026,4,9,3,2,5,3,2,28,-10.0,18.0,Broken,Avoid/exit,26,4.0,23.8,-2.2,46.8,2,,Healthcare,5696276.0,22580.69
OWRDF,One World Lithium Inc,0.023,8,6,7,2,3,2,2,30,-15.0,18.0,Broken,Avoid/exit,49,0.0,-6.0,-4.7,41.2,1,,Basic Materials,5001930.0,18175.56
RJKAF,RJK Explorations Ltd,0.021,14,6,8,13,4,0,5,50,-28.0,18.0,Broken,Avoid/exit,57,2.4,275.0,55.2,81.5,2,,Basic Materials,2696246.0,14385.94
OMID,Omid Holdings Inc,0.022,4,7,3,2,4,4,2,26,-8.0,18.0,Broken,Avoid/exit,29,20.1,-23.5,-12.3,44.0,1,,Healthcare,2127344.0,22869.95
VXLLF,Vaxil Bio Ltd,0.025,9,5,6,0,0,1,2,23,-10.0,18.0,Broken,🔥 COILED: Avoid/exit,34,0.0,0.0,-1.5,44.2,0,,Healthcare,99600.0,1017.33
GAWK,Gawk Inc,0.026,14,4,9,11,4,1,5,48,-30,18,Broken,Avoid/exit,45,0.0,142.9,44.3,84.3,3,,Technology,67095.0,609.2
PGYWW,Pagaya Technologies Ltd. Warrants,0.028,0,14,1,6,4,0,2,27,-9.0,18.0,Broken,Avoid/exit,26,-63.6,-7.3,-23.5,45.1,0,,nan,nan,85403.76
BHSIF,Bayhorse Silver Inc,0.034,9,17,4,4,3,2,2,41,-28,18,Broken,🔥 COILED: Avoid/exit,25,12.3,12.3,6.6,52.3,4,,Basic Materials,12529647.0,260459.87
GSPRF,Golden Spike Resources Corp.,0.033,13,5,7,5,6,5,5,46,-28.0,18.0,Broken,Avoid/exit,54,-6.0,-6.0,16.8,78.3,1,,Basic Materials,1924285.0,32502.78
QDROF,Quadro Resources Ltd,0.032,7,4,3,6,3,3,2,28,-13.0,18.0,Broken,Avoid/exit,26,-2.8,-2.8,-3.1,46.8,1,,Basic Materials,1317162.0,1562.69
QUAN,Quantum Int. Corp,0.039,10,14,5,2,4,2,4,41,-28.0,18.0,Broken,🔥 COILED: Avoid/exit,31,29.7,8.1,10.9,54.7,3,,Technology,1059653.0,131049.63
LOMEF,Lithium One Metals Inc.,0.033,3,10,5,5,3,2,5,33,-15.0,18.0,Broken,Avoid/exit,21,7.9,7.9,-1.5,48.5,1,,Basic Materials,903524.0,10687.12
CHMJF,Chemistree Technology Inc,0.032,14,4,7,13,3,2,5,48,-30,18,Broken,Avoid/exit,23,39.1,39.1,24.9,81.2,3,,Financial Services,315569.0,221.07
ONMDW,OneMedNet Corp.,0.036,1,14,1,4,3,0,3,26,-6.0,18.0,Broken,Avoid/exit,20,-3.5,-3.5,-13.3,47.3,0,,nan,nan,29820.32
FRTCF,Far East Consortium International Limited,0.049,5,3,10,6,0,2,4,30,-15.0,18.0,Broken,Avoid/exit,26,0.0,0.0,-0.0,0.0,1,,Real Estate,189354608.0,0.0
TMPPF,Times China Holdings Limited,0.05,2,4,10,6,0,2,4,28,-15.0,18.0,Broken,🔥 COILED: Avoid/exit,29,0.0,0.0,0.0,50.0,1,,Real Estate,149618384.0,300.0
IRIG,Integrated Drilling Equipment Holdings Corp,0.05,2,4,10,6,0,2,4,28,-15.0,18.0,Broken,🔥 COILED: Avoid/exit,29,0.0,0.0,0.0,50.0,1,,Energy,440495.0,207.6
IMCI,"Infinite Group, Inc. Common Stock",0.045,5,3,10,6,0,2,4,30,-15.0,18.0,Broken,Avoid/exit,17,0.0,0.0,-0.2,36.6,1,,Technology,23452.0,478.22
MJGCF,Majestic Gold Corp,0.068,3,12,5,5,3,2,4,34,-16.0,18.0,Broken,Avoid/exit,11,4.2,-3.3,-1.7,43.4,1,,Basic Materials,70588376.0,144463.65
LDXHF,Lumos Diagnostics Holdings Limited,0.069,4,11,5,2,3,2,2,29,-11.0,18.0,Broken,Avoid/exit,26,10.4,-1.0,0.2,48.0,2,,Healthcare,65192604.0,44842.03
CELV,Preferred Commerce Inc,0.061,7,3,4,6,3,2,5,30,-15.0,18.0,Broken,Avoid/exit,31,-20.8,-20.8,-4.5,47.1,1,,Consumer Defensive,8314825.0,37507.09
GSCCF,ioneer Ltd,0.084,6,9,2,3,4,0,2,26,-8.0,18.0,Broken,Avoid/exit,22,-0.9,-11.4,-5.3,48.0,1,,Basic Materials,276717056.0,61514.93
GSNC,Global eScience Corp,0.09,2,4,10,6,0,2,4,28,-15.0,18.0,Broken,🔥 COILED: Avoid/exit,29,0.0,0.0,0.0,50.0,1,,Communication Services,2878200.0,40.5
RDEXF,Red Pine Exploration Inc,0.1,3,12,8,5,4,2,2,36,-16.0,18.0,Broken,Avoid/exit,26,0.8,-0.2,-1.2,46.0,1,,Basic Materials,44509804.0,145675.0
EGFFX,EDGEWOOD GROWTH FUND RETAIL CLASS SHARES,0.1,3,6,4,4,0,7,4,28,-10.0,18.0,Broken,Avoid/exit,17,-0.4,-0.4,-42.8,7.5,0,,nan,0.0,0.0
HLRTF,Hillcrest Energy Technologies Ltd,0.11,1,3,9,7,3,0,2,25,-5.0,18.0,Broken,Avoid/exit,33,-4.2,-3.8,-5.1,42.2,1,,Technology,22159668.0,135473.7
DMEHF,Desert Mountain Energy Corp,0.147,3,14,8,4,3,2,2,36,-16.0,18.0,Broken,Avoid/exit,20,-0.2,-6.0,-3.3,42.9,1,,Energy,14933317.0,179321.0
NRIS,Norris Industries Inc,0.131,4,3,7,2,3,7,4,30,-15.0,18.0,Broken,Avoid/exit,35,0.0,0.0,-1.6,34.4,1,,Energy,14191010.0,584.16
AZMCF,Arizona Metals Corp,0.101,9,12,3,0,3,2,2,31,-13.0,18.0,Broken,Avoid/exit,19,12.2,-1.0,-1.5,40.9,2,,Basic Materials,13913439.0,331136.71
SEQP,Santana Equestrian Private Financial LLC,0.11,6,6,3,2,3,0,5,25,-10.0,18.0,Broken,Avoid/exit,32,0.0,17.1,-0.1,50.2,2,,Industrials,7247392.0,504.4
OMGPF,Omega Pacific Resources Inc.,0.102,0,3,1,12,0,0,2,18,-5.0,18.0,Broken,Avoid/exit,18,-13.1,-13.1,-13.7,26.9,1,,Basic Materials,5769738.0,2544.0
SGNI,StemGen Inc,0.1,2,4,10,6,0,2,4,28,-15.0,18.0,Broken,🔥 COILED: Avoid/exit,33,0.0,0.0,0.0,50.0,1,,Communication Services,4567106.0,0.12
OECPF,Oracle Energy Corp,0.1,5,3,10,6,0,2,4,30,-15.0,18.0,Broken,Avoid/exit,27,0.0,0.0,-0.1,4.3,1,,Energy,4703868.0,47.35
VYST,Vystar Corp,0.13,3,5,2,12,3,6,2,33,-15.0,18.0,Broken,Avoid/exit,45,8.3,-12.2,-8.0,45.7,1,,Basic Materials,3200742.0,25767.07
PSYGF,Psyence Group Inc,0.127,9,6,11,6,3,4,4,43,-28.0,18.0,Broken,Avoid/exit,45,0.0,0.0,0.0,94.3,1,,Healthcare,2048434.0,6.83
YHNAR,YHN Acquisition I Limited Right,0.11,6,6,7,0,0,2,2,23,-8.0,18.0,Broken,Avoid/exit,22,0.1,0.2,-3.6,43.0,0,,nan,nan,0.0
TAWNF,Thai Airways International Public Company Limited,0.166,0,2,4,10,0,0,2,18,-3.0,18.0,Broken,Avoid/exit,25,-5.5,-5.3,-6.7,37.2,0,,Industrials,5004487168.0,235366.23
NCFFF,Northcliff Resources Ltd,0.2,5,8,6,3,4,2,5,33,-15.0,18.0,Broken,Avoid/exit,34,9.0,-4.9,-0.9,45.0,0,,Basic Materials,125831424.0,13529.19
SLROD,Stellar Resources Limited,0.15,17,4,5,7,6,2,5,46,-28.0,18.0,Broken,Avoid/exit,54,0.0,0.0,32.5,100.0,1,,Basic Materials,50872288.0,3.25
DRYGF,DRYGF,0.185,3,12,5,2,4,2,2,30,-13.0,18.0,Broken,Avoid/exit,22,6.6,7.0,-0.4,47.4,1,,Basic Materials,43746120.0,226647.23
KARX,KARX,0.19,9,6,7,3,1,2,5,33,-15.0,18.0,Broken,Avoid/exit,39,-5.0,-5.5,-3.9,46.4,1,,Industrials,17833630.0,22767.82
SRSLF,Sorrento Resources Ltd.,0.157,13,5,4,11,4,0,5,42,-24.0,18.0,Broken,Avoid/exit,34,0.0,57.4,14.1,60.2,3,,Basic Materials,9639348.0,349.17
FPTE,FPTE,0.15,18,5,5,7,6,0,5,46,-28.0,18.0,Broken,Avoid/exit,53,0.0,500.0,67.3,98.8,2,,nan,1960564.0,555.72
ZSPC,"zSpace, Inc. Common stock",0.18,6,17,8,5,5,2,2,45,-28.0,18.0,Broken,Avoid/exit,31,-2.7,9.8,4.2,50.8,3,,Technology,863717.0,438441.52
MMRGF,Minaurum Gold Inc,0.21,0,4,9,8,2,0,2,25,-5.0,18.0,Broken,Avoid/exit,27,-3.2,0.0,-4.5,44.8,1,,Basic Materials,107323264.0,558997.02
WHYRF,West High Yield (W.H.Y.) Resources Ltd,0.21,1,3,8,4,5,5,4,30,-15.0,18.0,Broken,Avoid/exit,19,0.0,0.0,-3.4,41.6,1,,Basic Materials,25376146.0,7334.52
BGL,Blue Gold Limited Class A Ordinary Shares,0.22,6,11,5,4,3,4,2,35,-15.0,18.0,Broken,Avoid/exit,20,0.2,2.1,-11.3,33.0,2,,Basic Materials,9548030.0,785535.22
SKVI,Skinvisible Inc,0.2,1,4,2,7,0,4,2,20,-5.0,18.0,Broken,Avoid/exit,24,0.0,-9.1,-5.5,46.2,1,,Consumer Defensive,1080768.0,1003.42
BAERW,"Bridger Aerospace Group Holdings, Inc. Warrant",0.244,5,9,0,6,2,7,2,31,-13.0,18.0,Broken,Avoid/exit,26,-8.3,6.1,-21.4,44.2,0,,nan,nan,79671.63
FOMTF,FOMTF,0.208,7,11,6,8,4,3,3,42,-24.0,18.0,Broken,Avoid/exit,25,3.1,13.7,1.6,50.3,3,,nan,nan,128430.94
GNZUF,Guangzhou Automobile Group Co. Ltd,0.26,6,5,6,6,3,3,4,33,-15.0,18.0,Broken,Avoid/exit,19,0.0,0.0,-2.2,37.7,1,,Consumer Cyclical,2651237120.0,3105.14
SSHPF,Vow ASA,0.264,10,6,11,4,3,2,4,40,-25.0,18.0,Broken,Avoid/exit,41,0.0,0.0,0.0,82.0,1,,Industrials,76755936.0,1775.0
ORRCF,Oroco Resource Corp,0.27,5,14,9,3,3,2,3,39,-21.0,18.0,Broken,Avoid/exit,32,3.8,7.3,1.5,51.2,2,,Basic Materials,88007624.0,591840.44
CGLCF,Cassiar Gold Corp,0.25,6,11,5,3,4,0,2,31,-13.0,18.0,Broken,Avoid/exit,20,-8.8,-6.7,-7.9,37.2,1,,Basic Materials,40375660.0,269818.17
PCYN,Procyon Corporation,0.28,19,12,4,5,4,2,5,51,-29,18,Broken,Avoid/exit,73,7.7,64.7,17.8,67.3,4,,Healthcare,2279375.0,1083.17
NAKAW,Nakamoto Inc.,0.254,1,2,2,6,5,7,5,28,-10.0,18.0,Broken,Avoid/exit,40,0.0,0.0,-24.5,37.5,0,,nan,nan,323.88
IESVF,Invinity Energy Systems plc,0.304,2,3,1,13,2,2,2,25,-5.0,18.0,Broken,Avoid/exit,29,-5.4,-17.9,-13.5,34.3,1,,Industrials,173407136.0,21363.32
SRGXF,Surge Copper Corp,0.342,5,12,5,1,4,2,2,31,-13.0,18.0,Broken,Avoid/exit,26,4.7,7.0,-2.9,43.4,2,,Basic Materials,126259232.0,228133.28
FREDF,Fredonia Mining Inc,0.32,5,10,4,6,3,3,2,33,-15.0,18.0,Broken,Avoid/exit,36,0.0,8.5,-2.2,47.0,2,,Basic Materials,20752336.0,9409.47
TTBKF,2020 Bulkers Ltd,0.324,3,9,4,4,3,3,2,28,-10.0,18.0,Broken,Avoid/exit,16,5.7,5.7,-7.9,24.0,0,,Industrials,6518228.0,1393.44
TDGGF,TDGGF,0.312,3,11,9,0,4,2,2,31,-13.0,18.0,Broken,Avoid/exit,23,-0.0,0.6,-3.1,37.4,0,,nan,nan,26579.59
QBTQF,SuperQ Quantum Computing Inc.,0.396,3,6,8,3,2,6,5,33,-15.0,18.0,Broken,Avoid/exit,0,-3.9,-6.5,-6.9,39.7,1,,Technology,14985078.0,0.0
EGHAR,EGH Acquisition Corp. Rights,0.385,8,9,8,3,6,0,2,36,-18.0,18.0,Broken,Avoid/exit,43,-1.3,-3.7,-0.9,49.8,0,,nan,nan,0.0
MDEVF,Melco International Development Limited,0.44,6,6,2,5,3,2,2,26,-8.0,18.0,Broken,Avoid/exit,20,12.8,-3.7,-7.5,42.1,1,,Consumer Cyclical,1000961472.0,0.0
TRJNF,TRJNF,0.4,5,3,10,6,0,2,4,30,-15.0,18.0,Broken,Avoid/exit,33,0.0,0.0,-0.0,0.0,1,,Healthcare,61145452.0,450.0
SFES,Safeguard Scientifics Inc,0.45,11,8,5,5,4,5,5,43,-28.0,18.0,Broken,Avoid/exit,28,7.1,12.5,6.6,54.9,3,,Financial Services,7525347.0,21265.48
CUAUF,C3 Metals Inc,0.547,2,5,1,5,3,3,4,23,-8.0,18.0,Broken,Avoid/exit,20,0.3,-2.4,-2.5,47.6,1,,Basic Materials,68528280.0,6779.64
PMCB,PharmaCyte Biotech Inc,0.6,4,10,3,1,4,2,2,26,-13.0,18.0,Broken,Avoid/exit,21,-0.8,-9.1,-6.8,36.3,1,,Healthcare,6441389.0,1193546.07
GAMG,Global Asset Management Group Inc.,0.68,10,11,3,4,4,2,2,36,-18.0,18.0,Broken,Avoid/exit,30,31.5,2.4,18.3,53.7,0,,Financial Services,231303952.0,0.0
HUMA,Humacyte Inc,0.672,3,12,8,1,3,2,4,33,-13.0,18.0,Broken,Avoid/exit,18,5.1,1.8,-3.6,43.5,2,,Healthcare,181088976.0,7244078.47
VNTG,Vantage Corp,0.664,3,11,4,9,4,0,5,36,-16.0,18.0,Broken,Avoid/exit,18,-6.0,-7.2,-4.2,42.6,1,,Industrials,21064178.0,314808.43
GBR,New Concept Energy Inc,0.686,7,13,4,10,4,4,3,45,-27.0,18.0,Broken,Avoid/exit,22,-4.7,10.6,-0.6,47.9,3,,Real Estate,3520506.0,400015.9
GIPR,Generation Income Properties Inc,0.68,8,4,2,3,5,4,5,31,-13.0,18.0,Broken,Avoid/exit,46,-8.5,-45.2,-6.2,50.4,2,,Real Estate,566752.0,405261.46
HUNGF,Huaneng Power International Inc,0.768,5,9,4,3,3,2,2,28,-10.0,18.0,Broken,Avoid/exit,44,9.2,9.2,-3.2,38.6,1,,Utilities,15601482752.0,0.0
RZLVW,Rezolve AI Limited Warrants,0.795,4,14,5,0,3,2,2,30,-12.0,18.0,Broken,Avoid/exit,32,8.7,3.7,0.4,48.5,0,,nan,nan,40159.61
MCRPF,MicroPort Scientific Corporation,0.852,3,3,9,5,3,3,4,30,-15.0,18.0,Broken,Avoid/exit,11,0.0,0.0,-1.6,0.1,1,,Healthcare,3003057920.0,295.0
ALKEF,Alkane Resources Limited,0.94,3,9,9,2,4,0,3,30,-10.0,18.0,Broken,Avoid/exit,31,-2.1,-1.1,-2.5,42.4,0,,Basic Materials,1283686016.0,468890.81
URLOF,NameSilo Technologies Corp,0.95,3,11,6,0,3,3,2,28,-11.0,18.0,Broken,Avoid/exit,16,0.0,0.0,-1.8,39.5,0,,Technology,85583112.0,41861.33
PLIXF,Prairie Lithium Limited,0.006,2,9,2,3,4,0,5,25,-8.0,17.0,Broken,Avoid/exit,45,30.0,-4.4,0.7,49.8,1,,Basic Materials,27901572.0,242598.59
RBRI,RBR Global Inc,0.009,4,3,4,5,3,1,4,24,-10.0,17.0,Broken,Avoid/exit,14,0.0,0.0,-19.8,0.0,0,,Financial Services,27933454.0,42.0
FAMDF,Futura Medical plc,0.004,3,5,1,9,0,2,2,22,-5.0,17.0,Broken,Avoid/exit,18,-78.8,0.0,-65.6,42.5,1,,Healthcare,10987094.0,19687.74
IRNRF,Iron Road Limited,0.01,5,3,9,4,3,1,4,29,-15.0,17.0,Broken,Avoid/exit,19,0.0,0.0,-0.2,0.0,1,,Basic Materials,8653986.0,1086.23
LBAS,Location Based Techs,0.002,1,3,1,7,0,6,2,20,-3.0,17.0,Broken,Avoid/exit,20,4.5,-14.8,-6.6,45.1,1,,Technology,1020704.0,113426.65
STTX,Stratex Oil & Gas,0.003,1,7,8,3,3,3,2,27,-15.0,17.0,Broken,🔥 COILED: Avoid/exit,29,0.0,0.0,-3.2,45.7,1,,Energy,387915.0,0.0
IVFZF,Invictus Financial Inc,0.01,14,4,6,12,3,3,5,47,-30,17,Broken,Avoid/exit,38,0.0,1900.0,56.9,74.3,3,,Financial Services,389925.0,27.4
STGDF,Stone Gold Inc.,0.003,3,4,2,5,3,3,4,24,-10.0,17.0,Broken,Avoid/exit,16,0.0,0.0,-62.2,43.1,0,,Basic Materials,345145.0,927.68
RVLCF,Rivalry Corp,0.003,9,5,7,9,0,2,5,37,-20.0,17.0,Broken,Avoid/exit,34,0.0,11.1,3.8,55.3,3,,Consumer Cyclical,261806.0,33302.96
CNMVF,Canoe Mining Ventures Corp,0.002,3,3,9,6,3,1,4,29,-15.0,17.0,Broken,Avoid/exit,16,0.0,0.0,-44.3,21.1,1,,Basic Materials,57024.0,2553.7
DAICW,"CID HoldCo, Inc. Warrants",0.008,2,15,1,3,4,0,2,27,-8.0,17.0,Broken,Avoid/exit,16,-71.8,-16.7,-32.7,45.0,1,,nan,nan,15340.71
CYCA,Cytta Corp,0.014,2,4,3,5,6,5,2,27,-10.0,17.0,Broken,Avoid/exit,32,0.0,0.0,-10.5,39.2,0,,Technology,6723329.0,127962.45
LBSR,Liberty Star Uranium & Metals Corp,0.018,3,12,8,2,3,0,2,30,-13.0,17.0,Broken,Avoid/exit,23,-5.1,-2.6,-4.6,43.5,1,,Basic Materials,2046566.0,617526.29
AOECF,Aferian Plc,0.012,5,3,10,5,0,2,4,29,-15.0,17.0,Broken,Avoid/exit,0,0.0,0.0,-0.0,0.0,1,,Communication Services,1390151.0,0.0
NIVFW,NewGenIvf Group Limited Warrants,0.017,4,5,1,6,2,2,5,25,-8.0,17.0,Broken,Avoid/exit,29,5.5,-25.2,-13.7,47.8,0,,nan,nan,0.0
HLONF,Hilong Holding Limited,0.027,5,6,1,5,3,5,4,29,-15.0,17.0,Broken,Avoid/exit,32,0.0,0.0,-4.5,39.2,1,,Energy,44446900.0,953.83
SRSSF,SRSSF,0.025,6,3,6,4,0,1,4,24,-10.0,17.0,Broken,Avoid/exit,11,0.0,0.0,-5.2,0.0,0,,Basic Materials,13289659.0,852.5
GGXXF,GGX Gold Corp,0.028,1,5,7,4,3,2,2,24,-10.0,17.0,Broken,Avoid/exit,25,0.0,-35.2,-15.4,42.6,0,,Basic Materials,1082721.0,0.0
ANSNF,Anson Resources Limited,0.031,5,13,8,5,3,4,2,40,-23.0,17.0,Broken,Avoid/exit,22,12.1,17.6,2.7,49.6,3,,Basic Materials,50788252.0,58428.39
CYCL,Centennial Communications Corp,0.04,3,9,2,4,6,0,5,29,-15.0,17.0,Broken,Avoid/exit,34,-7.4,-18.4,-5.6,47.3,1,,Financial Services,1639040.0,8338.19
DFLIW,Dragonfly Energy Holdings Corp.,0.031,4,6,2,9,2,0,2,25,-8.0,17.0,Broken,Avoid/exit,18,-38.0,-26.5,-19.4,45.0,0,,nan,nan,67430.7
SAIHW,SAIHEAT Limited,0.038,12,7,3,0,2,3,5,32,-13.0,17.0,Broken,Avoid/exit,37,28.3,-19.1,12.0,54.7,0,,nan,nan,0.0
CRVW,Careview Comm Inc,0.044,5,11,3,3,3,0,2,27,-11.0,17.0,Broken,Avoid/exit,54,-3.9,-11.4,-7.2,42.1,2,,Healthcare,23355230.0,138812.04
UNRG,United Energy Corp,0.043,10,12,5,8,2,4,2,43,-26.0,17.0,Broken,Avoid/exit,47,10.0,16.0,-0.5,47.7,3,,Energy,23209216.0,617847.47
EUMNF,Euro Manganese Inc,0.047,0,3,4,8,0,0,2,17,0.0,17.0,Broken,Avoid/exit,6,-19.0,-20.3,-21.2,20.6,0,,Basic Materials,8291360.0,31883.0
WMELF,Westmount Energy Limited,0.046,3,6,1,5,0,5,4,24,-10.0,17.0,Broken,Avoid/exit,32,0.0,0.0,-4.1,37.7,0,,Energy,6626368.0,5455.74
TOIIW,The Oncology Institute Inc,0.05,7,5,4,10,8,4,2,40,-21.0,17.0,Broken,Avoid/exit,35,-28.4,19.0,-2.5,49.3,3,,nan,nan,13201.37
UNLRF,PT Unilever Indonesia Tbk,0.055,3,4,5,4,3,3,2,24,-10.0,17.0,Broken,Avoid/exit,13,0.0,0.0,-12.8,35.2,0,,Consumer Defensive,2088967808.0,0.0
NKLXF,Nickelex Resource Corporation,0.054,3,6,5,5,3,3,4,29,-15.0,17.0,Broken,Avoid/exit,10,0.0,0.0,-3.6,38.7,1,,Basic Materials,949403.0,3229.67
SLTN,Silverton Energy Inc,0.062,4,7,3,6,3,2,2,27,-10.0,17.0,Broken,Avoid/exit,24,0.0,21.6,-7.6,47.8,2,,Financial Services,5973080.0,0.0
WDGRF,Wedgemount Resources Corp.,0.064,11,6,3,3,1,5,3,32,-15.0,17.0,Broken,Avoid/exit,48,-0.9,-0.9,-0.7,51.3,1,,Energy,6102759.0,35085.04
CPIFF,Carlton Precious Inc,0.062,11,12,8,2,3,4,5,45,-28,17,Broken,Avoid/exit,22,23.7,10.9,11.4,58.1,4,,Basic Materials,4454815.0,23851.7
GNSMF,Genius Metals Inc,0.088,6,13,1,4,5,2,2,33,-16.0,17.0,Broken,Avoid/exit,27,1.2,-6.6,-1.6,48.2,1,,Basic Materials,16890188.0,17019.17
INTWF,Sharc International Systems Inc,0.084,4,2,5,8,1,0,2,22,-5.0,17.0,Broken,Avoid/exit,33,-16.0,-9.7,-14.9,35.4,1,,Industrials,16291818.0,3811.82
NVNXF,Novonix Ltd,0.098,2,4,2,10,2,0,2,22,-5.0,17.0,Broken,Avoid/exit,10,-18.1,-11.4,-14.5,42.0,1,,Industrials,97766072.0,247897.57
PYRGF,PyroGenesis Inc.,0.129,3,8,6,3,4,4,2,30,-13.0,17.0,Broken,Avoid/exit,14,-1.5,-7.9,-7.7,33.0,1,,Industrials,29310244.0,51826.47
DTARF,Delta Resources Ltd,0.118,3,13,3,1,3,4,5,32,-15.0,17.0,Broken,Avoid/exit,31,8.1,1.5,1.3,50.4,1,,Basic Materials,19313420.0,48640.24
CNVIF,CNVIF,0.14,5,14,3,3,3,2,2,32,-13.0,17.0,Broken,Avoid/exit,18,5.9,-10.7,-4.7,43.1,2,,Healthcare,14488846.0,28803.17
RENI,Resilient Energy Inc.,0.1,3,4,8,4,0,3,2,24,-10.0,17.0,Broken,Avoid/exit,21,0.0,0.0,-2.0,26.0,0,,Financial Services,5174159.0,2258.37
AZTR,Azitra Inc,0.131,6,12,5,3,4,2,2,34,-15.0,17.0,Broken,Avoid/exit,13,3.1,-1.5,-7.4,39.3,2,,Healthcare,2121209.0,8380735.98
DOSEF,Doseology Sciences Inc.,0.111,3,6,9,3,3,2,3,29,-15.0,17.0,Broken,Avoid/exit,22,0.0,-0.6,-4.5,35.5,1,,Healthcare,892494.0,523.03
FSTTF,First Tellurium Corp,0.15,4,11,2,4,3,4,2,30,-13.0,17.0,Broken,Avoid/exit,48,15.4,-4.2,-6.2,43.8,2,,Basic Materials,17707904.0,105231.56
DRDBW,Roman DBDR Acquisition Corp. II Warrants,0.192,0,4,0,9,0,2,2,17,0.0,17.0,Broken,Avoid/exit,19,-49.6,-49.6,-31.6,44.1,0,,nan,5107305.0,0.0
AXVEF,CDN Maverick Capital Corp,0.152,1,4,4,5,6,7,2,29,-15.0,17.0,Broken,Avoid/exit,43,0.0,0.0,-1.9,38.7,1,,Basic Materials,3160311.0,585.87
EBRCZ,EBR Systems Inc.,0.21,1,10,2,5,3,2,2,25,-8.0,17.0,Broken,Avoid/exit,11,-17.8,-29.2,-17.2,33.0,1,,Healthcare,150661120.0,4891.98
TDMMF,Mach7 Technologies Limited,0.217,9,7,4,4,3,6,4,37,-23.0,17.0,Broken,Avoid/exit,22,0.0,0.0,0.2,45.6,1,,Healthcare,51067608.0,624.08
VULMF,Vulcan Minerals Inc,0.276,4,4,8,7,3,2,2,30,-13.0,17.0,Broken,Avoid/exit,50,-8.0,-4.8,-5.8,43.3,1,,Basic Materials,35853060.0,10310.58
AAMMF,Almadex Minerals Ltd,0.269,5,5,5,1,2,4,2,24,-8.0,17.0,Broken,Avoid/exit,25,-3.8,-3.8,-4.1,47.0,0,,Basic Materials,18374876.0,37737.85
PATRF,PATRF,0.254,2,7,4,4,6,2,5,30,-13.0,17.0,Broken,Avoid/exit,24,-10.8,-15.3,-7.8,39.6,0,,nan,nan,0.0
RSASF,RESAAS Services Inc,0.31,18,7,5,2,1,2,5,40,-23.0,17.0,Broken,Avoid/exit,41,19.2,14.8,7.5,56.9,3,,Technology,26051470.0,12964.04
SBMJF,Dimerix Ltd,0.35,10,6,11,6,3,2,4,42,-28.0,17.0,Broken,Avoid/exit,43,0.0,0.0,0.0,99.6,1,,Healthcare,210138880.0,10.7
ONGRF,ONGRF,0.35,3,13,5,2,3,2,2,30,-13.0,17.0,Broken,Avoid/exit,17,-0.2,-1.6,-5.9,40.5,1,,Basic Materials,24415324.0,64861.81
NEXUF,Nexus Uranium Corp.,0.375,5,12,3,1,3,4,2,30,-13.0,17.0,Broken,Avoid/exit,21,16.5,-7.6,0.8,46.6,2,,Basic Materials,6773676.0,3323.24
CDPMF,Cerro de Pasco Resources Inc.,0.41,6,3,8,8,2,0,3,30,-13.0,17.0,Broken,Avoid/exit,0,-4.2,2.5,-2.9,44.5,1,,Basic Materials,256660096.0,0.0
STLFF,Stillfront Group AB (publ),0.434,3,4,6,6,3,5,2,29,-15.0,17.0,Broken,Avoid/exit,26,0.0,0.0,-1.7,26.4,1,,Communication Services,207714720.0,1348.5
SRAMF,Sisram Medical Ltd,0.438,3,5,1,6,0,3,4,22,-10.0,17.0,Broken,🔥 COILED: Avoid/exit,18,0.0,0.0,-3.4,46.4,0,,Healthcare,205298192.0,24.56
AUMBF,1911 Gold Corp,0.431,3,14,8,1,3,0,2,31,-15.0,17.0,Broken,Avoid/exit,18,-3.1,2.6,-2.6,43.9,1,,Basic Materials,135503952.0,783738.14
PDIYF,Predictive Discovery Limited,0.469,6,15,3,2,4,0,4,34,-18.0,17.0,Broken,Avoid/exit,23,-3.3,-1.3,-3.3,45.4,1,,Basic Materials,2317265152.0,126630.83
ALPS,Alps Group Inc,0.453,3,13,3,1,3,2,2,27,-10.0,17.0,Broken,Avoid/exit,11,-3.9,1.8,-10.6,31.1,0,,nan,75346064.0,0.0
PLMKW,Plum Acquisition Corp. IV Warrants,0.45,2,6,7,6,3,0,2,26,-8.0,17.0,Broken,Avoid/exit,35,-6.2,0.0,-3.2,45.3,0,,nan,nan,36933.65
TYPMF,Tyro Payments Limited,0.526,2,7,1,5,3,3,3,24,-10.0,17.0,Broken,Avoid/exit,13,0.0,0.0,-0.6,46.2,0,,Technology,279960768.0,539.0
HBEIF,Honey Badger Silver Inc,0.515,3,11,7,1,4,0,4,30,-13.0,17.0,Broken,Avoid/exit,37,-0.6,-2.8,-1.8,47.9,1,,Basic Materials,83863032.0,338864.4
TCVNF,Tocvan Ventures Corp,0.534,10,13,4,3,8,6,2,46,-29,17,Broken,Avoid/exit,40,31.2,31.2,14.7,63.7,3,,Basic Materials,42052372.0,1027.55
TGLVY,Top Glove Corporation Bhd ADR,0.599,1,12,1,4,5,0,2,25,-8.0,17.0,Broken,Avoid/exit,29,2.4,-9.0,-7.7,46.0,0,,Healthcare,1200711424.0,0.0
MYPS,Playstudios Inc,0.593,5,9,1,8,7,0,5,35,-16.0,17.0,Broken,Avoid/exit,48,-10.0,-26.7,-9.1,42.8,1,,Communication Services,76345032.0,499507.6
COCH,Envoy Medical Inc.,0.667,4,10,3,6,4,0,2,29,-13.0,17.0,Broken,Avoid/exit,32,0.9,-12.2,-2.9,46.6,1,,Healthcare,51334568.0,493239.15
WMTN,WestMountain Gold Inc,0.676,4,7,3,4,3,7,4,32,-15.0,17.0,Broken,Avoid/exit,19,0.0,0.0,-13.3,30.4,1,,Basic Materials,18022740.0,27.87
SLQT,Selectquote Inc,0.727,6,11,7,0,4,2,2,32,-13.0,17.0,Broken,Avoid/exit,29,4.9,1.0,-2.9,45.6,2,,Financial Services,128134296.0,1499748.28
RKTO,Rocket One Inc.,0.791,3,12,4,3,4,2,2,30,-13.0,17.0,Broken,Avoid/exit,24,-5.8,-6.5,-7.2,43.1,1,,Technology,17659192.0,4142157.3
BDWBF,Budweiser Brewing Company APAC Limited,0.827,6,5,2,4,3,0,4,24,-10.0,17.0,Broken,Avoid/exit,28,0.0,5.8,-0.3,48.2,0,,Consumer Defensive,10941019136.0,12004.5
NTNOF,Northern Ocean Ltd,0.82,10,6,8,5,6,1,4,40,-28.0,17.0,Broken,🔥 COILED: Avoid/exit,40,0.0,0.0,1.1,100.0,1,,Energy,356034432.0,620.0
RANI,Rani Therapeutics Holdings Inc,0.82,12,6,3,14,3,0,5,43,-26.0,17.0,Broken,Avoid/exit,26,-7.8,22.4,5.0,54.8,3,,Healthcare,112777888.0,6622472.33
ITVPF,ITV plc,0.93,3,4,3,2,3,7,2,24,-10.0,17.0,Broken,Avoid/exit,18,0.0,0.0,-4.7,4.6,0,,Communication Services,3478164992.0,0.0
SNYYF,Sany Heavy Equipment International Holdings Company Limited,0.97,11,8,9,2,4,1,5,40,-23.0,17.0,Broken,Avoid/exit,21,-0.5,12.7,3.0,53.9,3,,Industrials,3191019008.0,0.0
LGPS,LogProstyle Inc.,0.994,10,3,2,4,3,4,5,31,-14.0,17.0,Broken,Avoid/exit,44,-16.5,-27.5,-4.8,49.4,0,,Industrials,23728924.0,887516.31
CRVH,Chilco River Holdings Inc,0.011,3,4,5,9,0,0,2,23,-3.0,16.0,Broken,Avoid/exit,20,-26.9,-33.8,-19.4,44.5,1,,Consumer Defensive,3924180.0,0.0
MCFNF,MCF Energy Ltd.,0.011,3,10,4,5,0,4,2,28,-15.0,16.0,Broken,Avoid/exit,14,-1.8,-1.8,-8.2,42.0,1,,Energy,3561685.0,127348.28
BBRRF,Blueberries Medical Corp,0.01,3,11,1,1,6,0,2,24,-8.0,16.0,Broken,Avoid/exit,37,-15.0,-12.1,-7.6,46.2,0,,Healthcare,3515139.0,24218.14
WLRMF,Aloro Mining Corp,0.005,3,3,9,6,3,3,4,31,-15.0,16.0,Broken,Avoid/exit,15,0.0,0.0,-3.5,0.1,1,,Basic Materials,1154585.0,1159.5
ACCR,Access-Power & Co. Inc,0.002,15,8,6,5,5,1,5,45,-29,16,Broken,Avoid/exit,49,38.5,12.5,20.4,65.2,3,,Communication Services,812700.0,144205.78
FUNFF,FansUnite Entertainment Inc,0.001,9,9,8,0,3,2,5,36,-20,16,Broken,Avoid/exit,26,175.0,175.0,46.2,53.6,3,8,Consumer Cyclical,791027.0,118826.43
MONGF,Montego Resources Inc,0.008,3,3,8,6,3,1,4,28,-15.0,16.0,Broken,Avoid/exit,11,0.0,0.0,-6.3,0.0,1,,Basic Materials,290834.0,7.5
MYRX,Myrexis Inc Cmn Stk,0.006,16,2,6,7,3,7,5,46,-30,16,Broken,Avoid/exit,58,-14.3,650.0,56.7,79.8,3,,Financial Services,206874.0,6162.1
MEHA,"Functional Brands, Inc. Common Stock",0.004,3,13,3,4,2,4,2,31,-16.0,16.0,Broken,Avoid/exit,23,4.8,2.3,-40.1,30.6,1,,Consumer Defensive,184864.0,0.0
CREVF,Carbon Revolution Limited,0.001,4,3,9,2,3,3,4,28,-15.0,16.0,Broken,Avoid/exit,24,0.0,0.0,-38.6,22.1,1,,Consumer Cyclical,1927.0,183530.61
CLSZF,China Oil And Gas Group Limited,0.02,3,4,3,4,3,7,2,26,-10.0,16.0,Broken,Avoid/exit,36,0.0,0.0,-7.3,28.2,0,,Energy,112961544.0,2706.72
HEGLF,Peak Minerals Limited,0.015,3,5,4,7,3,2,2,26,-10.0,16.0,Broken,Avoid/exit,36,36.4,-27.2,-5.0,45.8,0,,Basic Materials,54958756.0,8307.55
IMMVF,Immunovia AB (publ),0.02,9,6,11,6,3,2,4,41,-28.0,16.0,Broken,Avoid/exit,37,0.0,0.0,0.0,99.7,1,,Healthcare,13453337.0,15.5
SBLCF,SBLCF,0.011,16,4,7,13,1,0,5,46,-30,16,Broken,Avoid/exit,46,0.0,48.6,15.0,84.5,3,,Financial Services,2084557.0,49147.25
BSTK,Brite-Strike Tactical Illumination Products Inc,0.018,13,5,1,7,0,0,5,31,-11.0,16.0,Broken,Avoid/exit,45,-10.0,12.5,-2.2,49.2,2,,Industrials,1305902.0,8042.16
EICCF,E Automotive Inc.,0.011,6,4,6,2,3,3,4,28,-15.0,16.0,Broken,Avoid/exit,28,0.0,0.0,-13.2,3.0,1,,Consumer Cyclical,663595.0,280.14
PHCLF,Pure Hydrogen Corporation Limited,0.025,1,6,2,7,0,3,2,21,-5.0,16.0,Broken,Avoid/exit,25,0.0,0.0,-24.8,25.6,1,,Energy,10163383.0,3201.4
IDEA,Aeon Ventures Inc,0.027,4,5,8,4,3,3,3,30,-13.0,16.0,Broken,Avoid/exit,34,0.0,0.0,-6.5,45.5,1,,Financial Services,2740000.0,0.0
RAFA,Rafarma Pharmaceuticals Inc,0.027,2,1,1,7,0,2,5,18,-5.0,16.0,Broken,Avoid/exit,15,-22.9,-32.5,-21.8,37.5,1,,Healthcare,2369709.0,16614.0
SWAGW,Software Acquisition Group Inc. III Warrant,0.025,1,8,1,5,0,2,5,22,-6.0,16.0,Broken,Avoid/exit,9,-3.8,-16.7,-37.5,46.7,0,,nan,nan,18355.28
BZFDW,BuzzFeed,0.022,10,11,4,5,4,2,5,41,-28,16,Broken,🔥 COILED: Avoid/exit,40,47.3,29.0,9.9,52.3,3,,nan,nan,40027.67
NCPLW,Netcapital Inc,0.022,1,10,1,7,5,0,2,26,-10.0,16.0,Broken,Avoid/exit,27,-5.7,-11.4,-4.4,47.3,1,,nan,nan,6542.89
REXHF,Rex International Holding Limited,0.04,6,3,6,3,3,3,4,28,-15.0,16.0,Broken,Avoid/exit,7,0.0,0.0,-14.4,0.0,1,,Energy,54297636.0,38.0
CETI,NexGen Holdings Corp,0.032,8,12,2,5,2,2,2,33,-17,16,Broken,Avoid/exit,27,85.0,39.7,-1.9,47.1,4,11,Utilities,5164419.0,478485.48
VLXC,Veltex Corporation,0.033,3,6,7,11,3,2,2,34,-18.0,16.0,Broken,Avoid/exit,30,11.0,11.0,-0.1,47.2,3,,Healthcare,3268926.0,0.0
TARGF,Taurus Gold Corp.,0.032,3,7,1,5,3,3,4,26,-15.0,16.0,Broken,🔥 COILED: Avoid/exit,31,0.0,0.0,-4.7,41.3,1,,Basic Materials,548985.0,1193.54
WLMTF,Wuling Motors Holdings Limited,0.046,3,3,4,2,3,3,5,23,-10.0,16.0,Broken,Avoid/exit,23,0.0,-5.7,-2.5,45.4,0,,Consumer Cyclical,163052432.0,59102.02
HPSIF,HPSIF,0.042,1,3,5,8,3,3,2,25,-5.0,16.0,Broken,Avoid/exit,38,-2.3,0.0,-6.9,37.2,1,,Industrials,4473288.0,43194.05
XIGMF,Xigem Technologies Corporation,0.05,9,6,11,6,3,2,4,41,-28.0,16.0,Broken,Avoid/exit,55,0.0,0.0,0.0,99.7,1,,Technology,3749799.0,1456.6
TNTMF,Transition Metals Corp,0.042,3,2,8,6,3,2,2,26,-10.0,16.0,Broken,Avoid/exit,26,-9.6,-8.9,-8.7,38.4,0,,Basic Materials,3464011.0,12771.95
RLBY,Reliability Incorporated,0.06,9,5,0,7,0,3,2,26,-10.0,16.0,Broken,Avoid/exit,40,-14.3,-1.6,-19.6,45.7,0,,Industrials,18000000.0,15395.34
VTMXF,Vital Metals Limited,0.06,3,4,2,7,3,0,2,21,-5.0,16.0,Broken,Avoid/exit,20,19.8,-50.0,-30.0,37.6,1,,Basic Materials,14872779.0,32304.22
GNYPF,Masivo Silver Corp,0.06,1,2,5,8,3,0,2,21,-5.0,16.0,Broken,Avoid/exit,24,-6.0,-6.9,-7.2,33.0,1,,Basic Materials,4807207.0,80866.52
ZBNIF,ZEB Nickel Corp,0.059,3,4,2,3,3,3,5,23,-10.0,16.0,Broken,Avoid/exit,18,0.0,-4.8,-4.9,44.9,0,,Basic Materials,3300278.0,661.55
TSDRF,Tsodilo Resources Limited,0.07,1,3,2,8,3,2,2,21,-5.0,16.0,Broken,Avoid/exit,10,0.0,-12.5,-13.2,36.0,1,,Basic Materials,4667527.0,7120.05
CRLEF,CRLEF,0.072,1,2,4,8,0,4,5,24,-8.0,16.0,Broken,Avoid/exit,12,-25.2,-11.9,-21.7,41.3,0,,nan,nan,15145.0
PMNT,Perfect Moment Ltd.,0.082,6,12,3,3,3,2,2,31,-13.0,16.0,Broken,Avoid/exit,18,-3.5,-10.9,-13.1,40.9,2,,Consumer Cyclical,4354920.0,3691694.38
GTREF,Live Energy Minerals Corp.,0.083,3,3,7,5,3,3,4,28,-15.0,16.0,Broken,Avoid/exit,26,0.0,0.0,-6.1,0.2,1,,Basic Materials,1514123.0,863.63
BRRN,Born Inc,0.121,3,9,1,8,3,2,2,28,-8.0,16.0,Broken,Avoid/exit,33,45.8,-32.8,-9.5,44.6,0,,Financial Services,54450000.0,311.77
PGZFF,Pan Global Resources Inc.,0.123,6,7,7,4,0,2,2,28,-15.0,16.0,Broken,Avoid/exit,31,-0.3,3.9,-1.5,47.4,1,,Basic Materials,50381896.0,60231.4
LPSIF,Legend Power Systems Inc,0.11,7,3,4,6,3,0,5,28,-15.0,16.0,Broken,Avoid/exit,54,-9.3,-14.4,-7.3,42.1,1,,Industrials,17059498.0,6708.69
SNTW,Summit Networks Inc,0.131,4,5,5,5,3,3,3,28,-15.0,16.0,Broken,Avoid/exit,23,0.0,0.0,-0.9,43.0,1,,Consumer Cyclical,9027427.0,1121.88
NLIBF,NOA Lithium Brines Inc.,0.168,3,4,4,5,3,5,2,26,-10.0,16.0,Broken,Avoid/exit,25,0.0,0.4,-2.9,34.9,0,,Basic Materials,47531120.0,7818.26
NHAWF,North Arrow Minerals Inc,0.171,5,10,3,8,4,2,2,34,-18.0,16.0,Broken,Avoid/exit,22,21.6,21.6,-0.5,44.2,3,,Basic Materials,7878746.0,2586.08
ROWKF,RenoWorks Software Inc,0.16,0,4,0,7,3,0,2,16,0.0,16.0,Broken,Avoid/exit,20,-40.7,-41.8,-28.2,28.9,0,,Technology,6538874.0,5896.51
HZLIF,Hertz Lithium Inc.,0.152,13,6,6,11,3,0,5,44,-28.0,16.0,Broken,Avoid/exit,41,-3.4,55.1,7.0,54.8,3,,Basic Materials,2874283.0,3726.68
DGNOF,DIAGNOS Inc,0.2,16,8,2,5,7,2,5,45,-29,16,Broken,Avoid/exit,51,17.6,25.0,14.5,64.7,3,,Healthcare,24082510.0,108006.8
RENGF,RENGF,0.23,1,3,3,9,3,0,2,21,-5.0,16.0,Broken,Avoid/exit,23,-8.0,-8.0,-8.2,38.3,1,,Basic Materials,9215923.0,2268.84
GSRFF,Golden Shield Resources Inc,0.25,8,1,7,2,6,5,2,31,-15.0,16.0,Broken,Avoid/exit,36,-3.5,-3.5,-2.0,36.4,1,,Basic Materials,5423925.0,1629.16
XAGE,"Longevity Health Holdings, Inc.",0.24,6,8,6,4,3,2,2,31,-15.0,16.0,Broken,Avoid/exit,28,13.7,-3.2,-0.8,47.1,2,,Consumer Defensive,594077.0,2574.9
CULTF,Cult Food Science Corp,0.221,5,10,6,1,3,4,2,31,-15.0,16.0,Broken,Avoid/exit,44,-5.6,-5.7,-8.8,41.5,1,,Consumer Defensive,511158.0,2414.82
VOBIF,Vobile Group Limited,0.261,3,7,1,4,3,3,2,23,-10.0,16.0,Broken,Avoid/exit,13,0.0,0.0,-5.3,33.2,0,,Technology,662680448.0,196.03
LITOF,Frontier Lithium Inc,0.297,4,14,7,3,3,0,2,33,-15.0,16.0,Broken,Avoid/exit,10,-4.2,2.4,-3.8,38.9,1,,Basic Materials,75170112.0,59608.29
NXXT,NextNRG Inc.,0.267,2,3,2,8,2,0,2,19,-3.0,16.0,Broken,Avoid/exit,21,-22.1,9.1,-17.1,38.1,1,,Utilities,44925256.0,7390434.29
VIPRF,Silver Viper Minerals Corp,0.266,5,8,6,9,2,2,2,34,-18.0,16.0,Broken,Avoid/exit,15,-4.1,15.8,-4.9,40.8,3,,Basic Materials,31872608.0,54962.23
ISCO,International Stem Cell Corp,0.26,17,4,2,13,3,2,5,46,-30.0,16.0,Broken,Avoid/exit,54,-7.1,23.8,15.7,58.9,3,,Healthcare,2081141.0,5933.37
DFDVW,DeFi Development Corp. Warrant,0.28,0,8,7,4,4,0,2,25,-14.0,16.0,Broken,Avoid/exit,21,-22.2,-20.7,-14.5,39.2,0,,nan,nan,0.0
STBMF,St Barbara Limited,0.305,3,4,8,0,3,3,2,23,-10.0,16.0,Broken,Avoid/exit,15,0.0,0.0,-3.7,29.4,0,,Basic Materials,444446016.0,6244.97
GSVRF,Guanajuato Silver Company Ltd,0.325,4,13,8,3,4,0,2,34,-16.0,16.0,Broken,Avoid/exit,26,1.2,4.9,-0.6,47.2,1,,Basic Materials,239836560.0,1383285.27
KCKSF,Keck Seng Investments (Hong Kong) Limited,0.3,7,3,11,6,3,2,4,36,-23.0,16.0,Broken,Avoid/exit,0,0.0,0.0,0.0,90.7,0,,Consumer Cyclical,102060008.0,0.0
WEIFX,Wildermuth Endowment Strategy Fund Cl I,0.34,3,4,4,4,3,3,2,23,-10.0,16.0,Broken,Avoid/exit,21,0.0,-2.9,-4.5,0.2,0,,Other,0.0,0.0
WCHNF,West China Cement Limited,0.35,7,3,11,6,3,2,4,36,-23.0,16.0,Broken,Avoid/exit,45,0.0,0.0,0.0,96.1,0,,Basic Materials,1258567552.0,0.0
EGRX,Eagle Pharmaceuticals Inc,0.37,5,3,1,5,6,4,2,26,-10.0,16.0,Broken,Avoid/exit,36,0.0,-37.8,-24.7,17.1,0,,Healthcare,3289388.0,3355.62
DEFT,DeFi Technologies Inc.,0.429,3,13,3,0,3,2,2,26,-8.0,16.0,Broken,Avoid/exit,21,8.6,1.4,-4.0,42.7,1,,Financial Services,166368592.0,6144763.91
GFTYF,G50 Corp Limited,0.404,5,6,5,6,0,2,2,26,-13.0,16.0,Broken,Avoid/exit,38,6.3,6.3,-0.1,45.6,2,,Basic Materials,88190352.0,4488.58
LTHCF,Lithium Ionic Corp,0.448,0,2,9,8,0,2,2,23,-3.0,16.0,Broken,Avoid/exit,14,-10.9,-10.5,-10.5,33.0,1,,Basic Materials,88785544.0,14778.97
DMXCF,District Metals Corp.,0.429,4,16,8,6,3,0,2,39,-23.0,16.0,Broken,Avoid/exit,21,-7.7,2.1,-3.4,43.2,1,,Basic Materials,81905040.0,94321.97
UNEH,"Universal New Energy Holding Group, Inc.",0.442,3,4,4,5,6,7,2,31,-15.0,16.0,Broken,Avoid/exit,38,0.0,0.0,-12.6,21.4,1,,Industrials,9795769.0,2486.24
HWAIF,Healwell AI Inc.,0.478,3,11,3,6,4,2,2,31,-13.0,16.0,Broken,Avoid/exit,17,-0.2,-1.5,-4.3,41.2,2,,Healthcare,150038512.0,133502.18
HPAI,Helport AI Limited Ordinary Shares,0.486,4,12,3,3,3,2,2,29,-11.0,16.0,Broken,Avoid/exit,21,5.1,5.6,-8.9,41.8,2,,Technology,18285106.0,396215.67
MGNC,Mag Magna Corp.,0.459,2,3,6,8,0,0,2,21,-5.0,16.0,Broken,Avoid/exit,23,-6.5,-22.2,-19.2,34.2,1,,Consumer Defensive,8540976.0,24845.58
TDRRF,Tudor Gold Corp,0.587,3,8,8,0,4,0,5,28,-15.0,16.0,Broken,Avoid/exit,26,-2.9,4.3,-1.2,47.3,1,,Basic Materials,244626864.0,219568.45
MANOF,Manolete Partners Plc,0.55,6,3,2,4,6,0,5,26,-10.0,16.0,Broken,Avoid/exit,24,-8.8,-8.8,-3.8,42.2,0,,Industrials,24192282.0,976.75
INEO,INNEOVA Holdings Limited,0.652,11,10,9,3,6,4,3,46,-28.0,16.0,Broken,Avoid/exit,47,-9.4,-1.3,-3.0,47.8,1,,Consumer Cyclical,10779072.0,223250.97
HTZWW,Hertz Global Hldgs New Equity Warrants,0.79,3,12,3,3,4,2,2,29,-13.0,16.0,Broken,Avoid/exit,8,-9.2,-8.8,-20.7,25.9,0,,nan,nan,114072.92
KITT,Nauticus Robotics Inc.,0.829,3,11,5,0,4,6,2,31,-13.0,16.0,Broken,Avoid/exit,20,8.1,-0.2,-10.1,38.2,2,,Industrials,5671188.0,660996.47
KUNUF,Kunlun Energy Company Limited,0.91,1,3,4,6,5,5,2,26,-10.0,16.0,Broken,Avoid/exit,0,0.0,0.0,-2.0,17.9,0,,Energy,7845868544.0,0.0
YSXT,"YSX Tech. Co., Ltd Class A Ordinary Shares",0.92,6,12,1,0,5,2,2,28,-10.0,16.0,Broken,Avoid/exit,21,5.7,5.7,-1.4,47.7,1,,Industrials,29331900.0,405439.65
ARCNF,Arcane Crypto AB,0.002,8,6,7,4,3,1,4,33,-23.0,15.0,Broken,🔥 COILED: Avoid/exit,30,0.0,0.0,0.7,94.4,0,,Financial Services,29841384.0,11490.86
TGNT,Teligent Inc,0.008,3,7,2,6,3,2,2,25,-10.0,15.0,Broken,Avoid/exit,16,14.3,-20.0,-9.8,44.6,0,,Communication Services,2899306.0,225254.91
SLDX,JMD Properties Inc,0.008,6,7,2,13,3,2,2,35,-20.0,15.0,Broken,Avoid/exit,30,0.0,58.8,3.4,49.2,3,,Healthcare,2430133.0,1592.69
SSHT,Wireless Data Solutions Inc,0.009,1,7,3,2,3,4,2,22,-10.0,15.0,Broken,Avoid/exit,27,17.6,-25.6,-5.4,47.1,0,,Industrials,1608660.0,119944.69
EMRH,Emerging Holdings Inc,0.011,2,1,0,8,3,2,2,18,-3.0,15.0,Broken,Avoid/exit,36,-40.1,-37.6,-36.2,10.4,0,,Basic Materials,1299375.0,1609.45
DOGP,"Dogecoin Cash, Inc.",0.008,3,10,6,5,4,0,2,30,-13.0,15.0,Broken,Avoid/exit,11,-9.6,-3.8,-6.6,39.6,0,,Healthcare,1219567.0,384465.32
RRRUF,R&R Real Estate Investment Trust,0.002,3,5,1,5,3,1,4,22,-10.0,15.0,Broken,Avoid/exit,33,0.0,0.0,-37.6,48.3,0,,Real Estate,100338.0,197.28
MGAM,Mobile Global Esports Inc.,0.001,4,12,3,0,3,2,4,28,-13.0,15.0,Broken,Avoid/exit,19,0.0,0.0,-18.4,41.8,1,,Communication Services,75457.0,832298.37
MPHYF,McPhy Energy S.A,0.001,9,6,10,6,3,2,4,40,-28.0,15.0,Broken,Avoid/exit,31,0.0,0.0,0.0,84.5,1,,Industrials,34327.0,473.09
RNGG,Reno Gold Corporation,0.005,11,5,3,9,8,2,5,43,-28.0,15.0,Broken,Avoid/exit,31,32.4,11.4,10.8,57.6,3,,Basic Materials,2754.0,2791.73
LEHKQ,LEHMAN BROTHERS HOLDINGS CAP TS,0.001,5,4,0,7,5,0,4,25,-10.0,15.0,Broken,Avoid/exit,43,0.0,-15.4,-6.3,40.5,0,,Other,nan,574.66
HHDS,Highlands REIT Inc,0.02,0,4,3,9,0,2,2,20,-5.0,15.0,Broken,Avoid/exit,12,-83.3,-25.1,-73.3,42.1,1,,nan,43191768.0,16455.99
AMSLF,Australian Mines Limited,0.014,4,9,2,8,3,2,2,30,-11.0,15.0,Broken,Avoid/exit,33,-9.7,-30.0,-9.1,44.1,0,,Basic Materials,28320920.0,50362.09
PUSOF,Pushfor Investments Inc,0.012,7,4,8,5,0,3,4,31,-15.0,15.0,Broken,Avoid/exit,28,0.0,0.0,-0.1,48.0,1,,Basic Materials,946331.0,439.97
HAUP,Hauppauge Digital OTC,0.011,1,3,2,11,0,1,2,20,-5.0,15.0,Broken,Avoid/exit,20,0.0,6.8,-7.0,33.9,1,,Technology,111345.0,1661.48
BEATW,Heartbeam Inc. Warrant,0.016,2,4,0,8,0,4,2,20,-5.0,15.0,Broken,Avoid/exit,6,-51.2,-18.4,-51.8,43.0,1,,Healthcare,nan,12861.38
KITTW,Nauticus Robotics Inc.,0.013,3,10,3,0,3,2,2,23,-6.0,15.0,Broken,Avoid/exit,19,9.1,-13.2,-24.6,43.2,1,,nan,nan,113314.21
SNEGF,Sound Energy plc,0.028,3,4,3,5,3,3,4,25,-15.0,15.0,Broken,🔥 COILED: Avoid/exit,31,0.0,0.0,-7.3,46.4,1,,Energy,6311941.0,0.0
ENTEF,ESE Entertainment Inc,0.022,4,10,8,2,0,2,2,28,-13.0,15.0,Broken,Avoid/exit,26,10.0,4.8,-2.3,47.3,1,,Communication Services,2754100.0,64049.03
TRDX,Trend Exploration I,0.021,3,5,2,5,3,5,2,25,-15.0,15.0,Broken,🔥 COILED: Avoid/exit,25,0.0,0.0,-5.9,40.3,1,,Basic Materials,404618.0,1392.13
HLGVF,Hillgrove Resources Limited,0.038,7,4,1,5,0,4,4,25,-10.0,15.0,Broken,Avoid/exit,35,-4.2,-31.6,-8.6,46.6,0,,Basic Materials,135554320.0,6938.2
MFON,Mobivity Holdings,0.04,3,4,5,5,3,5,2,27,-15.0,15.0,Broken,Avoid/exit,23,0.0,0.0,-7.9,30.8,1,,Technology,2959063.0,21572.04
ACHR-WT,Archer Aviation Inc. WT,0.036,3,11,1,3,3,2,2,25,-8.0,15.0,Broken,Avoid/exit,20,-25.3,-31.0,-44.3,29.9,0,,nan,nan,188228.54
TEBAF,TEBAF,0.036,1,12,4,6,4,0,4,31,-16.0,15.0,Broken,Avoid/exit,36,22.4,-12.4,5.4,51.1,0,,nan,nan,131282.06
WALDW,Waldencast Acquisition Corp,0.045,8,10,4,5,9,2,2,40,-28.0,15.0,Broken,Avoid/exit,51,17.6,11.7,3.9,51.9,3,,nan,366375000.0,42048.15
SOHOF,SOHO China Limited,0.05,4,3,9,6,0,1,4,27,-15.0,15.0,Broken,Avoid/exit,19,0.0,0.0,-0.3,0.0,1,,Real Estate,327570016.0,205.27
VQSSF,VIQ Solutions Inc.,0.042,2,9,0,10,2,0,2,25,-6.0,15.0,Broken,Avoid/exit,17,-31.4,-24.1,-20.4,41.3,1,,Technology,2980549.0,4797.56
ETRUF,Etruscus Resources Corp,0.045,5,7,4,4,0,3,2,25,-10.0,15.0,Broken,Avoid/exit,12,0.0,0.0,-2.8,34.9,0,,Basic Materials,2893928.0,11788.57
ASNS,Actelis Networks Inc.,0.044,0,5,1,7,2,0,2,17,-5.0,15.0,Broken,Avoid/exit,15,-44.3,-38.9,-37.4,25.9,1,,Technology,1268838.0,10005315.2
ATMTF,Andrada Mining Limited,0.054,18,5,6,5,4,2,5,45,-30,15,Broken,Avoid/exit,55,9.4,9.4,6.5,76.9,3,,Basic Materials,119796880.0,5259.53
VMSXF,Nine Mile Metals Ltd,0.055,1,11,8,0,6,0,2,28,-13.0,15.0,Broken,Avoid/exit,35,-6.1,-3.5,-6.5,45.1,1,,Basic Materials,10209858.0,222127.79
YNVYF,Ynvisible Interactive Inc,0.064,4,9,3,4,3,0,2,25,-13.0,15.0,Broken,Avoid/exit,29,0.6,0.6,1.7,50.1,2,,Technology,10322350.0,6008.89
FRFLF,FRNT Financial Inc.,0.07,1,3,3,8,3,0,2,20,-5.0,15.0,Broken,Avoid/exit,23,0.0,-14.2,-8.1,34.4,2,,Financial Services,2978213.0,2623.16
NRPI,NRP Stone Inc,0.08,7,11,4,5,8,4,4,43,-28,15,Broken,Avoid/exit,56,8.1,45.5,5.9,53.0,4,,Industrials,31106162.0,0.0
CITLF,Critical Infrastructure Technologies Ltd.,0.08,1,6,3,6,3,2,2,23,-8.0,15.0,Broken,Avoid/exit,7,-20.0,-23.8,-26.0,37.5,0,,Technology,9723885.0,12062.14
PLCKF,Plurilock Security Inc,0.074,0,3,3,8,2,2,2,20,-5.0,15.0,Broken,Avoid/exit,25,-7.1,-0.9,-8.3,41.8,1,,Technology,8264392.0,71719.92
QCCUF,QC Copper and Gold Inc,0.082,5,11,7,10,3,2,3,41,-26.0,15.0,Broken,Avoid/exit,34,2.7,11.1,2.2,51.9,3,,Basic Materials,34316880.0,154727.41
DAZSF,Da Ai Zhi Shui International Holding Group Ltd,0.09,6,5,4,0,0,3,4,22,-10.0,15.0,Broken,Avoid/exit,23,0.0,0.0,-9.5,39.8,0,,Consumer Cyclical,15660001.0,0.0
GPUS,"Hyperscale Data, Inc.",0.123,4,12,4,0,3,0,2,25,-8.0,15.0,Broken,Avoid/exit,27,-5.4,-5.4,-9.3,42.7,0,,Industrials,42778496.0,65810065.63
EQTRF,Altamira Gold Corp,0.108,1,12,3,5,3,0,3,27,-15.0,15.0,Broken,Avoid/exit,16,-9.7,-5.7,-8.0,42.1,1,,Basic Materials,31890740.0,112495.9
AUIAF,Aurania Resources Ltd,0.139,5,3,6,5,1,2,5,27,-15.0,15.0,Broken,Avoid/exit,40,-4.1,-9.2,-4.0,45.6,1,,Basic Materials,18383852.0,21141.0
ENDMF,Enduro Metals Corporation,0.113,9,8,5,2,3,0,3,30,-15.0,15.0,Broken,Avoid/exit,21,-6.1,4.8,-0.1,49.8,1,,Basic Materials,13610005.0,29770.81
ALHDF,ALHDF,0.126,3,3,8,5,3,1,4,27,-15.0,15.0,Broken,Avoid/exit,22,0.0,0.0,-1.2,0.0,1,,Technology,7227965.0,0.0
ZUUZF,Zeus North America Mining Corp,0.133,5,10,1,1,5,6,2,30,-13.0,15.0,Broken,Avoid/exit,37,-7.9,-18.8,-15.2,37.5,1,,Basic Materials,6002563.0,10998.23
TUTH,Standard Dental Labs Inc.,0.1,2,6,3,5,7,0,2,25,-11.0,15.0,Broken,Avoid/exit,23,-2.1,-1.0,-17.7,44.7,0,,Healthcare,3233743.0,36902.19
TMET,iShares Transition-Enabling Metals ETF,0.11,3,10,2,3,3,2,5,28,-13.0,15.0,Broken,Avoid/exit,25,4.8,10.0,-90.1,44.9,1,,nan,nan,25313.25
PENMF,Peninsula Energy Ltd,0.18,1,9,1,6,4,0,2,23,-13.0,15.0,Broken,Avoid/exit,19,-10.0,-28.0,-20.9,37.2,2,,Energy,103046392.0,67786.09
ANKOF,Angkor Resources Corp,0.196,6,13,2,2,3,2,2,30,-13.0,15.0,Broken,Avoid/exit,23,1.1,-2.1,-2.8,44.9,2,,Basic Materials,40339600.0,68082.19
GGLDF,Getchell Gold Corp,0.193,13,13,3,6,5,0,5,45,-30,15,Broken,Avoid/exit,39,-5.9,17.7,3.9,54.3,3,,Basic Materials,39021908.0,224864.29
KCCFF,Kutcho Copper Corp,0.192,5,12,4,14,4,2,2,43,-26.0,15.0,Broken,Avoid/exit,26,1.2,22.2,-0.9,46.9,4,,Basic Materials,35510304.0,75458.49
WANSF,WANdisco plc,0.15,9,14,4,5,5,2,2,41,-22,15,Broken,Avoid/exit,36,160.9,160.9,48.9,59.9,3,6,Technology,24090600.0,8571.03
PHGE,Biomx Inc,0.189,6,8,5,5,4,2,2,32,-15.0,15.0,Broken,Avoid/exit,15,-4.6,-8.8,-25.6,27.8,2,,Industrials,2035983.0,2873985.6
SBXD-WT,SilverBox Corp IV WT,0.161,3,15,4,7,3,4,2,38,-23.0,15.0,Broken,Avoid/exit,31,33.7,18.1,11.5,51.1,3,,nan,nan,0.0
FVNNR,Future Vision II Acquisition Corporation Right,0.17,9,3,1,14,3,1,5,36,-21.0,15.0,Broken,Avoid/exit,53,-19.0,0.1,-4.7,49.4,0,,nan,nan,6309.4
LRRLF,Gorilla Gold Mines Ltd,0.2,3,6,1,5,0,3,4,22,-10.0,15.0,Broken,Avoid/exit,21,0.0,0.0,-3.3,35.4,0,,Basic Materials,146530608.0,755.41
GRSLF,GR Silver Mining Ltd,0.218,4,15,8,3,4,4,2,40,-23.0,15.0,Broken,Avoid/exit,30,-1.0,6.7,-0.1,48.5,2,,Basic Materials,110982824.0,812049.75
FPOCF,FPX Nickel Corp,0.24,5,10,7,0,2,2,2,28,-13.0,15.0,Broken,Avoid/exit,14,0.0,-4.0,-4.1,39.9,1,,Basic Materials,75751704.0,35131.47
XTPT,Xtra Energy Corp,0.2,9,12,5,9,2,4,2,43,-28.0,15.0,Broken,Avoid/exit,24,43.1,25.3,8.2,51.6,3,,Basic Materials,48196496.0,95840.09
BNXTF,BioNxt Solutions Inc.,0.215,0,2,5,8,3,0,2,20,-5.0,15.0,Broken,Avoid/exit,8,-8.7,-14.0,-9.0,30.1,1,,Healthcare,29251858.0,5376.76
QIMGF,QIMGF,0.212,3,8,5,3,4,0,5,28,-13.0,15.0,Broken,Avoid/exit,31,-3.0,-10.8,-4.2,44.4,1,,Basic Materials,17671428.0,37205.44
OZBKF,Outback Goldfields Corp,0.211,2,12,2,4,3,0,2,25,-13.0,15.0,Broken,Avoid/exit,19,3.8,-7.2,-9.4,44.2,1,,Basic Materials,16086663.0,40664.3
THH,TryHard Holdings Limited Ordinary Shares,0.21,2,9,3,1,3,2,2,22,-8.0,15.0,Broken,Avoid/exit,32,-2.3,-9.1,-12.5,32.1,1,,Industrials,10509712.0,1375344.12
IVDN,Innovative Designs,0.23,4,5,5,6,2,2,4,28,-13.0,15.0,Broken,Avoid/exit,21,-5.7,0.0,-6.7,45.7,0,,Consumer Cyclical,8545963.0,26361.72
ZVLO,zvelo Inc,0.25,8,4,0,12,3,4,4,35,-16.0,15.0,Broken,Avoid/exit,48,-28.6,-37.5,-31.8,41.1,1,,Technology,35811524.0,1968.8
TPET,Trio Petroleum Corp.,0.285,2,8,7,5,4,0,2,28,-13.0,15.0,Broken,Avoid/exit,15,-11.6,-11.9,-6.5,41.8,1,,Energy,12598579.0,13007666.31
CISO,Cerberus Cyber Sentinel Corp,0.251,2,4,8,6,2,0,2,24,-10.0,15.0,Broken,Avoid/exit,28,-4.4,-1.4,-5.6,41.3,0,,Technology,11391772.0,547177.74
LZM-WT,Lifezone Metals Limited WT,0.25,3,10,3,0,3,2,2,23,-8.0,15.0,Broken,Avoid/exit,19,0.5,-16.7,-22.2,35.0,1,,nan,nan,35795.63
HUMGF,Humm Group Limited,0.31,2,1,1,8,0,2,3,17,2.0,15.0,Broken,Avoid/exit,8,-10.8,-10.8,-10.9,38.3,0,,Financial Services,156523488.0,1553.0
KGLDF,King Global Ventures Inc,0.304,5,10,4,4,5,2,2,32,-13.0,15.0,Broken,Avoid/exit,20,8.5,8.3,-0.3,43.6,2,,Basic Materials,16119609.0,11066.68
GOCOQ,"GoHealth, Inc.",0.337,5,8,7,3,3,2,2,30,-15.0,15.0,Broken,Avoid/exit,23,0.0,-7.8,-6.8,38.5,1,,Financial Services,9874940.0,151589.8
BCCOY,BICO Group AB (publ),0.369,1,3,1,7,3,3,2,20,-5.0,15.0,Broken,Avoid/exit,20,0.0,0.0,-11.5,31.5,1,,Healthcare,104112088.0,681.19
RCON,Recon Technology Ltd,0.36,2,5,2,9,2,0,2,22,-5.0,15.0,Broken,Avoid/exit,18,-14.3,-7.7,-15.7,36.2,1,,Energy,32616810.0,308055.87
BBBY-WT,BBBY-WS,0.394,5,8,8,0,2,4,2,29,-14.0,15.0,Broken,Avoid/exit,23,-1.6,-5.4,-6.8,40.9,0,,nan,nan,78929.52
RYSKF,Reysas Tasimacilik ve Lojistik Ticaret A.S,0.496,18,7,6,5,5,1,5,47,-30,15,Broken,Avoid/exit,45,18.0,10.1,8.3,59.9,3,,Industrials,980000000.0,20455.85
CLDHF,CapitaLand China Trust,0.49,4,4,1,2,3,3,3,20,-10.0,15.0,Broken,🔥 COILED: Avoid/exit,15,0.0,-1.0,-0.9,44.4,0,,Real Estate,861003648.0,83.88
ATGN,Altigen Communications Inc,0.463,5,5,8,4,5,2,2,31,-16.0,15.0,Broken,Avoid/exit,31,-1.6,-1.6,-2.6,43.0,0,,Communication Services,12681104.0,22189.87
AICAF,Air China Limited,0.52,3,4,4,3,3,3,2,22,-10.0,15.0,Broken,Avoid/exit,21,0.0,0.0,-1.7,20.4,0,,Industrials,10656131072.0,1771.0
CUCSF,China Communications Services Corporation Limited,0.535,2,1,3,5,3,8,3,25,-10.0,15.0,Broken,Avoid/exit,27,0.0,-0.9,-0.5,5.0,0,,Communication Services,3704588800.0,0.0
NRRSF,Norsemont Mining Inc,0.57,3,12,8,1,3,2,2,31,-16.0,15.0,Broken,Avoid/exit,25,0.5,1.8,-1.6,45.7,2,,Basic Materials,50760284.0,97007.26
MBIO,Mustang Bio Inc,0.594,4,11,1,6,4,2,2,30,-13.0,15.0,Broken,Avoid/exit,28,4.2,-7.9,-5.5,43.0,1,,Healthcare,4499522.0,125758.51
PINXF,The People's Insurance Company (Group) of China Limited,0.63,4,4,6,3,3,3,2,25,-10.0,15.0,Broken,Avoid/exit,28,0.0,0.0,-0.7,16.9,0,,Financial Services,27861114880.0,33451.8
PBTHF,PointsBet Holdings Limited,0.6,8,1,6,5,4,4,2,30,-15.0,15.0,Broken,Avoid/exit,29,-11.5,-11.5,-6.6,33.7,1,,Consumer Cyclical,208552208.0,863.5
APRE,Aprea Therapeutics Inc,0.635,1,8,5,4,4,6,2,30,-13.0,15.0,Broken,Avoid/exit,18,0.6,-8.0,-6.5,37.5,1,,Healthcare,7863062.0,805516.45
BIAF,"bioAffinity Technologies, Inc.",0.644,3,11,6,5,3,2,2,32,-15.0,15.0,Broken,Avoid/exit,16,-3.5,-9.5,-13.3,31.7,1,,Healthcare,4048804.0,2988293.51
ALISR,Calisa Acquisition Corp Right,0.636,8,9,0,3,6,2,2,30,-15.0,15.0,Broken,Avoid/exit,52,4.6,-7.9,-3.5,48.5,0,,nan,nan,0.0
LTGHF,Life Healthcare Group Holdings Limited,0.688,3,6,3,5,3,3,2,25,-10.0,15.0,Broken,Avoid/exit,0,0.0,0.0,-3.9,3.1,0,,Healthcare,983832512.0,0.0
GEGYY,Genel Energy PLC ADR,0.69,4,3,4,5,3,8,3,30,-15.0,15.0,Broken,Avoid/exit,30,0.0,0.0,-0.4,1.2,1,,Energy,190143680.0,88.0
TMDE,TMD Energy Limited,0.752,5,4,9,7,2,0,2,29,-14.0,15.0,Broken,Avoid/exit,24,-27.0,-11.5,-10.4,44.4,0,,Energy,17720880.0,3081017.99
TSE,Trinseo SA,0.78,8,4,8,4,3,0,5,32,-20.0,15.0,Broken,Avoid/exit,39,-6.0,-2.5,-2.6,47.8,1,,Basic Materials,8278525.0,9497416.63
ONCO,Onconetix Inc,0.786,2,9,5,0,7,2,2,27,-10.0,15.0,Broken,Avoid/exit,33,-0.5,-0.7,-9.1,44.1,0,,Healthcare,2902989.0,517640.65
UPXI,Upexi Inc.,0.81,6,9,8,3,2,0,2,30,-13.0,15.0,Broken,Avoid/exit,24,0.5,-3.7,-3.9,45.1,0,,Communication Services,59503760.0,3986916.46
GMHS,Gamehaus Holdings Inc. Class A Ordinary Shares,0.84,2,5,4,8,0,2,2,23,-8.0,15.0,Broken,Avoid/exit,10,-1.3,-7.7,-5.1,41.1,0,,Communication Services,48165336.0,346041.83
GRLRF,Greenland Resources Inc,0.93,1,12,7,0,4,4,2,30,-13.0,15.0,Broken,Avoid/exit,19,-0.3,-1.1,-3.2,40.4,1,,Basic Materials,125767960.0,63874.95
ITHUF,iAnthus Capital Holdings Inc,0.005,13,6,7,8,0,3,2,39,-25.0,14.0,Broken,Avoid/exit,45,15.0,15.0,2.7,52.0,4,,Healthcare,34862756.0,311335.22
CKDXF,Opthea Ltd,0.01,6,3,6,3,3,1,4,26,-15.0,14.0,Broken,Avoid/exit,13,0.0,0.0,-49.0,0.0,1,,Healthcare,13679781.0,256.5
LTUS,Lotus Pharmaceuticals Inc,0.004,13,10,4,5,4,2,5,43,-29,14,Broken,Avoid/exit,36,30.0,116.7,25.8,66.0,4,,Financial Services,10445836.0,11225.34
CREQF,China Rare Earth Holdings Limited,0.001,6,4,6,2,3,1,4,26,-15.0,14.0,Broken,Avoid/exit,19,0.0,0.0,-55.9,25.4,1,,Basic Materials,3069495.0,5189.56
AOXG,Aoxing Pharmaceutical Company Inc,0.004,3,4,8,1,3,3,2,24,-10.0,14.0,Broken,Avoid/exit,23,0.0,0.0,-3.4,37.0,0,,Financial Services,1334232.0,31463.63
HUMT,Humatech Inc,0.009,9,3,7,6,3,2,3,33,-15.0,14.0,Broken,Avoid/exit,51,-1.1,0.0,-0.5,53.1,1,,Basic Materials,836000.0,3841.8
MAJI,Marijuana Inc.,0.008,6,6,4,14,2,2,2,36,-20.0,14.0,Broken,Avoid/exit,20,-28.2,31.7,-2.0,48.7,3,,Healthcare,550887.0,535333.52
AAGR,African Agriculture Holdings Inc.,0.007,7,3,3,4,4,0,5,26,-15.0,14.0,Broken,Avoid/exit,41,0.0,-30.0,-7.0,49.3,1,,Consumer Defensive,405067.0,4185.44
MXLGF,MX Gold Corp,0.01,7,6,2,3,3,1,4,26,-15.0,14.0,Broken,Avoid/exit,19,0.0,0.0,-0.1,10.1,1,,Financial Services,242723.0,703.66
MOMT,MoneyOnMobile Inc,0.003,6,8,6,3,0,1,4,28,-13.0,14.0,Broken,Avoid/exit,11,0.0,0.0,-21.4,43.3,1,,Financial Services,12214.0,2055.24
XAKJ,XAKJ,0.012,18,5,3,4,1,1,5,37,-23.0,14.0,Broken,Avoid/exit,55,71.2,42.0,14.1,57.3,2,7,Financial Services,24881326.0,10013.99
SNAVF,Star Navigation Systems Group Ltd,0.011,13,4,1,4,5,2,5,34,-20.0,14.0,Broken,Avoid/exit,57,-21.9,-32.1,-11.2,47.5,0,,Industrials,19296084.0,21119.33
CHDHF,Ev Dynamics (Holdings) Limited,0.021,4,6,1,5,3,3,4,26,-15.0,14.0,Broken,Avoid/exit,17,0.0,0.0,-28.4,21.0,1,,Consumer Cyclical,6785166.0,266.0
ITMIF,iTech Minerals Ltd,0.02,2,3,2,4,3,0,5,19,-10.0,14.0,Broken,🔥 COILED: Avoid/exit,24,-33.3,-33.3,-11.8,47.0,0,,Basic Materials,4777707.0,401.45
UAHC,United American Healthcare Corp,0.016,1,4,2,0,6,2,4,19,-8.0,14.0,Broken,Avoid/exit,34,0.0,-23.8,-4.9,45.5,0,,Real Estate,1872976.0,4833.64
ICUCW,SeaStar Medical Holding Corporation,0.019,2,3,1,9,2,0,5,22,-8.0,14.0,Broken,Avoid/exit,24,-3.0,-25.8,-16.1,46.2,0,,nan,nan,82789.98
JPOTF,Jackpot Digital Inc,0.03,8,13,3,1,4,6,2,37,-23.0,14.0,Broken,Avoid/exit,17,6.1,2.4,-4.0,45.3,1,,Consumer Cyclical,9035513.0,99751.41
APETF,Alpha Esports Tech Inc,0.03,6,10,2,7,3,4,5,37,-23.0,14.0,Broken,Avoid/exit,18,15.3,15.3,-9.0,47.6,3,,Communication Services,655956.0,2980.49
PHSE,Pharmhouse Corp,0.04,4,14,7,5,3,4,2,39,-26,14,Broken,Avoid/exit,21,37.1,18.0,9.6,51.3,3,,Consumer Cyclical,75915184.0,122890.24
SRMMF,Sarama Resources Ltd,0.035,9,3,5,6,4,0,2,29,-15.0,14.0,Broken,Avoid/exit,49,0.0,-7.9,-1.1,50.7,1,,Basic Materials,18616568.0,11115.91
BTUMF,BTU Metals Corp,0.036,7,7,6,2,3,0,4,29,-15.0,14.0,Broken,Avoid/exit,28,-9.0,2.5,-0.7,48.1,1,,Basic Materials,6463946.0,6425.12
DWAY,DriveItAway Inc,0.037,6,5,6,9,0,0,5,31,-20.0,14.0,Broken,Avoid/exit,26,-18.3,23.3,-1.2,48.5,3,,Industrials,4701428.0,22883.24
UCLE,US Nuclear Corp,0.031,5,5,6,0,3,2,5,26,-15.0,14.0,Broken,Avoid/exit,23,0.0,-6.1,-8.0,45.4,1,,Technology,1947490.0,75785.3
YUKA,Yuka Group Inc,0.041,2,12,4,8,4,2,2,34,-18,14,Broken,Avoid/exit,22,138.2,-10.4,17.7,53.3,2,10,Consumer Cyclical,1605002.0,88777.18
NSRPF,Novo Resources Corp,0.042,1,8,6,6,4,2,2,29,-15.0,14.0,Broken,Avoid/exit,28,-0.5,-8.1,-5.3,38.6,1,,Basic Materials,17539942.0,309457.09
ZHCLF,Zenith Capital Corp,0.05,4,5,6,0,3,4,4,26,-15.0,14.0,Broken,Avoid/exit,20,0.0,0.0,-11.5,45.5,1,,Healthcare,7986591.0,7058.5
POSAF,POSaBIT Systems Corp,0.044,3,8,1,4,2,2,2,22,-8.0,14.0,Broken,Avoid/exit,30,-8.1,-11.8,-8.1,43.1,1,,Technology,7135221.0,33928.36
GGIFF,Garibaldi Resources Corp,0.05,1,3,3,8,0,0,4,19,-5.0,14.0,Broken,Avoid/exit,22,-28.6,0.0,-19.9,40.5,1,,Basic Materials,7602028.0,10029.5
SMNLF,SMNLF,0.06,3,4,5,2,3,5,2,24,-10.0,14.0,Broken,Avoid/exit,0,0.0,0.0,-2.4,34.8,0,,Basic Materials,169126560.0,0.0
STMXF,STMXF,0.055,5,14,4,0,3,2,5,33,-19.0,14.0,Broken,Avoid/exit,24,0.4,-2.5,-4.4,43.9,1,,Basic Materials,5205872.0,0.0
ESSID,"Eco Science Solutions, Inc.",0.051,9,8,2,10,3,0,2,34,-20.0,14.0,Broken,Avoid/exit,39,-53.3,91.0,-3.9,48.8,3,,Healthcare,308636.0,702.49
MDWK,MDwerks Inc,0.061,5,5,4,0,3,7,2,26,-15.0,14.0,Broken,Avoid/exit,20,0.0,0.0,-3.1,40.2,1,,Financial Services,14378313.0,35873.8
RMESF,Red Metal Resources Ltd,0.064,13,4,5,8,4,5,5,44,-30,14,Broken,Avoid/exit,47,0.0,156.0,26.0,84.0,3,,Basic Materials,13376586.0,1511.44
GRWC,Grow Capital Inc,0.071,1,4,1,8,3,0,2,19,-5.0,14.0,Broken,Avoid/exit,15,-70.6,-70.6,-59.7,34.6,1,,Technology,10780735.0,1690.14
KUBR,Kuber Resources Corporation,0.061,4,3,3,5,3,4,2,24,-10.0,14.0,Broken,Avoid/exit,20,0.0,-39.0,-61.2,39.2,0,,Industrials,9610960.0,9795.34
NXTDF,NXTDF,0.068,3,10,8,1,3,2,2,29,-15.0,14.0,Broken,Avoid/exit,32,4.1,5.4,-0.2,49.1,1,,Technology,2527831.0,44090.75
FVTI,Fortune Valley Treasures Inc,0.07,14,4,5,13,3,0,5,44,-30,14,Broken,Avoid/exit,51,0.0,16.0,5.9,100.0,3,,Consumer Defensive,1098983.0,101.58
CHARR,Charlton Aria Acquisition Corporation Rights,0.081,4,4,3,4,0,4,2,21,-10.0,14.0,Broken,Avoid/exit,20,-22.6,-26.7,-13.4,46.0,0,,nan,nan,0.0
CTVIF,China Travel International Investment Hong Kong Limited,0.09,3,4,3,6,0,3,2,21,-10.0,14.0,Broken,Avoid/exit,9,0.0,0.0,-5.7,0.4,0,,Consumer Cyclical,1030349056.0,0.0
VGMIF,Visible Gold Mines Inc,0.09,4,4,5,3,3,3,2,24,-10.0,14.0,Broken,Avoid/exit,32,0.0,0.0,-7.2,29.3,0,,Basic Materials,3343965.0,775.48
LMPX,Lmp Automotive Holdings Inc,0.085,15,8,5,5,6,4,5,48,-30,14,Broken,Avoid/exit,58,6.2,20.7,12.2,85.7,3,,Consumer Cyclical,927245.0,0.0
SPTJF,Sinopec Shanghai Petrochemical Company Limited,0.145,8,12,3,4,4,2,2,35,-21.0,14.0,Broken,Avoid/exit,23,4.5,4.5,4.4,53.6,1,,Energy,3317619200.0,9324.22
BONXF,Bonterra Resources Inc,0.1,0,6,0,9,4,0,2,21,-5.0,14.0,Broken,Avoid/exit,8,-13.0,-11.5,-10.6,36.2,1,,Basic Materials,21269300.0,106943.04
REVVF,ReVolve Renewable Power Corp.,0.124,6,4,3,3,3,3,4,26,-15.0,14.0,Broken,Avoid/exit,21,0.0,0.0,-1.8,45.6,1,,Utilities,10410732.0,2164.7
CRTIF,Cartier Iron Corp,0.1,6,7,2,2,1,2,2,22,-8.0,14.0,Broken,Avoid/exit,19,11.7,0.0,-2.1,47.9,0,,Basic Materials,8445477.0,11870.87
NGMC,Next Generation Management Corp,0.1,3,7,8,6,0,1,4,29,-15.0,14.0,Broken,Avoid/exit,10,0.0,0.0,-14.8,13.9,1,,Financial Services,20000.0,128.1
FUFUW,BitFuFu Inc. Warrant,0.128,0,3,0,7,0,2,2,14,0.0,14.0,Broken,Avoid/exit,22,-1.3,-11.5,-23.4,44.1,0,,nan,nan,19473.93
OYSER,Oyster Enterprises II Acquisition Corp Rights,0.111,3,3,8,3,3,0,4,24,-10.0,14.0,Broken,Avoid/exit,10,-5.9,-7.5,-4.6,24.7,0,,nan,nan,14102.03
AAUAF,Almaden Minerals Ltd.,0.151,1,5,4,8,0,2,2,22,-8.0,14.0,Broken,Avoid/exit,22,-16.1,-11.2,-13.2,41.4,0,,Basic Materials,20604478.0,67826.23
RCT,RedCloud Holdings plc Ordinary Shares,0.19,3,6,3,3,4,6,2,27,-13.0,14.0,Broken,Avoid/exit,13,-10.0,-23.4,-25.5,27.1,1,,Technology,12992317.0,3227850.54
IWSH,Wright Investors Service Holdings Inc,0.19,6,4,2,4,3,3,2,24,-15.0,14.0,Broken,🔥 COILED: Avoid/exit,31,0.0,0.0,-3.4,47.1,1,,Financial Services,3917935.0,785.51
PYNKF,Perimeter Medical Imaging AI Inc,0.211,4,4,8,3,2,0,5,26,-15.0,14.0,Broken,Avoid/exit,23,-4.3,-4.3,-2.9,44.1,2,,Healthcare,31637362.0,94923.28
MRNO,Murano Global Investments PLC Ordinary Shares,0.21,1,11,9,0,4,2,2,29,-13.0,14.0,Broken,Avoid/exit,32,-4.3,-15.2,-8.9,40.2,1,,Real Estate,16701095.0,3437960.89
RBOHF,Humanoid Global Holdings Corp.,0.217,5,12,1,3,7,0,2,30,-16.0,14.0,Broken,Avoid/exit,24,-20.0,-30.9,-12.1,43.4,1,,Financial Services,9259279.0,100806.75
NWGL,Nature Wood Group Limited American Depositary Shares,0.232,3,10,3,4,4,6,2,32,-16.0,14.0,Broken,Avoid/exit,9,-16.4,-13.3,-17.3,33.0,1,,Basic Materials,3833713.0,748943.84
GCAN,Greater Cannabis Company Inc,0.22,9,5,3,6,0,4,5,32,-18.0,14.0,Broken,Avoid/exit,48,-29.0,-29.0,-14.8,45.2,0,,Healthcare,248594.0,3642.99
NSFDF,NXT Energy Solutions Inc,0.27,2,4,1,7,1,2,2,19,-5.0,14.0,Broken,Avoid/exit,32,-6.9,0.0,-6.0,45.9,1,,Energy,32268138.0,14037.5
MDSQF,Minsud Resources Corp,0.349,5,7,1,3,3,1,4,24,-15.0,14.0,Broken,🔥 COILED: Avoid/exit,20,0.0,0.0,-0.7,45.2,1,,Basic Materials,59074328.0,1083.46
EMPPF,EMP Metals Corp,0.324,0,4,2,8,3,0,2,19,-5.0,14.0,Broken,Avoid/exit,21,-9.5,-16.9,-11.1,33.5,1,,Basic Materials,40835640.0,3388.5
LBNKF,LithiumBank Resources Corp.,0.321,5,7,8,3,2,7,5,37,-23.0,14.0,Broken,Avoid/exit,19,-3.6,1.8,-2.2,44.7,2,,Basic Materials,21798536.0,42199.76
ALGRF,ALGRF,0.38,1,12,1,5,5,0,3,27,-13.0,14.0,Broken,Avoid/exit,16,15.2,0.0,-2.1,47.5,2,,Basic Materials,16089103.0,2588.24
CHAI,Core AI Holdings,0.425,6,6,3,6,2,4,2,29,-15.0,14.0,Broken,Avoid/exit,23,-9.5,-8.5,-17.9,38.9,2,,Communication Services,9295278.0,2882946.16
USSHF,Uniserve Communications Corporation,0.45,10,3,11,6,3,2,4,39,-28.0,14.0,Broken,Avoid/exit,47,0.0,0.0,0.0,87.4,1,,Communication Services,17970306.0,50.0
CAWW,CCA Industries Inc,0.45,4,7,0,5,6,0,2,24,-10.0,14.0,Broken,Avoid/exit,21,-10.0,-15.1,-4.5,40.1,0,,Consumer Defensive,3402757.0,2893.5
VXRT,Vaxart Inc,0.52,3,11,3,3,3,2,2,27,-11.0,14.0,Broken,Avoid/exit,24,4.0,2.0,0.5,48.1,1,,Healthcare,125863312.0,567270.57
KUYAF,Kuya Silver Corporation,0.52,6,14,9,2,4,2,2,39,-28.0,14.0,Broken,Avoid/exit,28,0.2,18.2,1.8,50.4,3,,Basic Materials,100781512.0,460886.15
FITGF,FIT Hon Teng Limited,0.59,0,6,2,8,0,0,2,18,-4.0,14.0,Broken,Avoid/exit,6,-15.9,-20.0,-20.4,26.0,0,,Technology,4366076416.0,5362.92
GPHOF,Graphite One Inc,0.6,8,10,3,0,2,2,2,27,-13.0,14.0,Broken,Avoid/exit,19,2.5,6.6,-4.3,40.0,2,,Basic Materials,125380648.0,371230.75
USPCY,China Strategic Technology Group Limited,0.578,3,3,6,4,3,3,4,26,-15.0,14.0,Broken,Avoid/exit,8,0.0,0.0,-4.6,0.0,1,,Industrials,47295912.0,26.0
FGOVF,Freegold Ventures Limited,0.71,5,14,9,2,4,2,3,39,-28.0,14.0,Broken,Avoid/exit,30,5.5,8.3,1.9,51.0,3,,Basic Materials,412479040.0,261377.06
DLTI,DLT Resolution Inc,0.7,1,2,3,9,0,2,2,19,-5.0,14.0,Broken,Avoid/exit,39,-15.7,-21.3,-19.9,29.1,1,,Technology,70120704.0,0.0
UAVS,Ageagle Aerial Systems Inc,0.716,3,9,4,6,3,2,2,29,-15.0,14.0,Broken,Avoid/exit,19,2.2,-4.6,-5.4,38.3,1,,Technology,41926240.0,3889348.03
TELA,Tela Bio Inc,0.71,2,13,3,1,3,2,3,27,-13.0,14.0,Broken,Avoid/exit,20,-0.2,-5.5,-3.4,45.0,1,,Healthcare,31775010.0,170649.86
LNDNF,Lundin Energy AB,0.75,5,4,3,5,3,7,2,29,-15.0,14.0,Broken,Avoid/exit,31,0.0,0.0,-2.8,0.5,1,,Utilities,214428896.0,195.38
SERKF,Serko Limited,0.755,0,5,0,8,3,1,2,19,-5.0,14.0,Broken,Avoid/exit,17,-7.4,-6.3,-10.0,41.7,1,,Technology,95247768.0,534.38
TOLUF,TOLUF,0.84,5,9,2,3,3,5,2,29,-15.0,14.0,Broken,Avoid/exit,24,2.4,2.4,-1.4,31.8,2,,Basic Materials,230408448.0,1102.7
KOOYF,Kootenay Silver Inc,0.823,4,8,6,3,4,0,2,27,-13.0,14.0,Broken,Avoid/exit,16,-2.0,-2.0,-5.4,39.8,2,,Basic Materials,84224824.0,223689.71
SACH,Sachem Capital Corp,0.805,3,10,3,0,4,0,2,22,-8.0,14.0,Broken,Avoid/exit,19,0.0,-6.5,-5.4,34.7,2,,Real Estate,38609092.0,261834.26
BTOG,Bit Origin Ltd,0.813,3,8,4,6,2,2,2,27,-13.0,14.0,Broken,Avoid/exit,17,-6.5,-11.6,-19.4,25.9,1,,Financial Services,2191700.0,483698.2
ABLV,Able View Global Inc. Class B Ordinary Shares,0.863,3,8,3,3,6,4,2,29,-13.0,14.0,Broken,Avoid/exit,35,-8.2,-16.2,-11.1,32.6,1,,Consumer Cyclical,42638320.0,258571.7
AACG,ATA Creativity Global,0.917,1,10,4,4,4,2,2,27,-13.0,14.0,Broken,Avoid/exit,31,3.0,-4.5,-3.7,43.7,1,,Consumer Defensive,39613328.0,18854.0
WTSYX,Wisdomtree Digital Trust - Digital Short-Term Treasury Fund,0.99,2,4,1,6,3,4,4,24,-10.0,14.0,Broken,Avoid/exit,19,0.0,-1.0,-0.3,38.0,0,,nan,nan,0.0
RDPTF,Radiopharm Theranostics Limited,0.01,3,6,1,5,3,3,4,25,-15.0,13.0,Broken,Avoid/exit,17,0.0,0.0,-10.4,35.5,1,,Healthcare,23649494.0,1425.0
BRGX,"BioRegenx, Inc.",0.008,3,2,9,4,3,3,3,27,-10.0,13.0,Broken,Avoid/exit,24,-1.3,-1.3,-2.1,38.8,0,,Healthcare,7286813.0,26506.06
ZMMH,ZhongMin Mei-Hao Holding Co Ltd.,0.01,2,4,3,5,5,0,2,21,-8.0,13.0,Broken,Avoid/exit,15,-20.6,-20.6,-18.0,2.8,0,,Financial Services,4582754.0,58476.17
SVUHF,SRIVARU Holding Limited,0.01,1,4,8,6,3,2,2,26,-13.0,13.0,Broken,Avoid/exit,24,-23.1,-23.1,-18.7,40.0,1,,Consumer Cyclical,2553599.0,19695.44
SETO,Seto Holdings Inc,0.008,1,2,4,4,3,2,4,20,-10.0,13.0,Broken,Avoid/exit,32,0.0,-40.7,-19.8,34.5,0,,Financial Services,1171962.0,8333.94
CIMG,CIMG Inc.,0.006,8,6,4,4,0,4,2,28,-15.0,13.0,Broken,Avoid/exit,17,-14.3,-33.3,-19.1,39.4,1,,Consumer Defensive,733807.0,590969.33
WRIT,WRIT Media Group Inc,0.001,4,2,9,0,3,3,2,23,-10.0,13.0,Broken,Avoid/exit,25,0.0,-7.1,-5.1,32.8,0,,Communication Services,594652.0,132104.65
NIHK,Video River Networks,0.002,5,4,5,0,3,4,2,23,-10.0,13.0,Broken,Avoid/exit,16,0.0,-16.0,-6.7,35.7,0,,Financial Services,424923.0,78412.65
DDDX,3Dx Industries Inc,0.003,3,14,4,3,3,2,2,31,-21.0,13.0,Broken,Avoid/exit,22,16.0,26.1,-2.4,46.9,3,,Technology,325116.0,121802.29
PGTK,Pacific Green Technologies Inc,0.005,15,4,4,7,3,2,5,40,-27,13,Broken,Avoid/exit,37,455.6,455.6,98.9,99.9,3,3,Industrials,285228.0,142.74
RDCT,"Redacted Industries, Inc.",0.01,6,5,8,0,3,3,2,27,-10.0,13.0,Broken,Avoid/exit,17,-1.0,0.0,-4.2,38.9,0,,Communication Services,76508.0,56473.2
FCIC,FCCC Inc,0.001,4,3,5,4,3,2,4,25,-15.0,13.0,Broken,Avoid/exit,14,0.0,0.0,-1.8,1.7,1,,Financial Services,6922.0,117.5
ALRDF,Defence Holdings Plc,0.013,2,7,1,6,3,2,2,23,-10.0,13.0,Broken,Avoid/exit,22,0.0,0.0,-11.9,43.3,0,,Industrials,33144712.0,47989.49
EEENF,88 Energy Limited,0.013,1,4,2,9,2,2,2,22,-9.0,13.0,Broken,Avoid/exit,20,-12.4,-7.6,-11.9,40.2,1,,Energy,17834770.0,649839.77
ACMB,Agro Capital Management Corp,0.013,1,8,3,2,3,2,2,21,-6.0,13.0,Broken,Avoid/exit,25,21.5,0.0,-25.3,37.8,1,,Industrials,5549187.0,106609.77
ANAS,Alternaturals Inc,0.014,1,3,4,5,3,5,2,23,-10.0,13.0,Broken,Avoid/exit,30,0.0,-4.7,-1.8,9.1,0,,Financial Services,1494905.0,11632.54
GENPF,Genix Pharmaceuticals Corporation,0.014,2,4,3,6,3,5,2,25,-15.0,13.0,Broken,Avoid/exit,32,0.0,0.0,-1.0,29.8,1,,Healthcare,844893.0,411.95
PORCF,PORCF,0.011,3,7,3,5,0,1,4,23,-15.0,13.0,Broken,🔥 COILED: Avoid/exit,19,0.0,0.0,-6.7,45.0,1,,Basic Materials,365404.0,3688.04
MAXNQ,"Maxeon Solar Technologies, Ltd.",0.02,2,10,1,5,2,0,2,22,-9.0,13.0,Broken,Avoid/exit,20,-95.3,-78.9,-86.2,40.2,1,,Technology,338655.0,695736.01
BLEGD,BLEGD,0.015,6,4,1,3,3,4,2,23,-13.0,13.0,Broken,Avoid/exit,41,0.0,-16.1,-11.3,47.7,1,,nan,18529.0,17689.75
GLWLF,Glow Lifetech Corp,0.031,7,8,2,1,0,3,2,23,-10.0,13.0,Broken,Avoid/exit,20,-4.1,8.5,-1.2,45.6,1,,Healthcare,6157938.0,15241.62
AZURF,Azincourt Uranium Inc,0.027,2,14,1,6,3,0,2,28,-15.0,13.0,Broken,Avoid/exit,19,-9.6,-11.4,-10.2,42.8,2,,Energy,3929970.0,29350.32
IDYLF,Imaging Dynamics Company Ltd,0.024,9,6,11,6,0,2,4,38,-28.0,13.0,Broken,Avoid/exit,45,0.0,0.0,0.0,100.0,1,,Healthcare,242861.0,42.41
BQHG,BQHG,0.023,3,7,2,2,3,2,2,21,-8.0,13.0,Broken,Avoid/exit,15,14.4,-54.1,-42.5,37.1,1,,Financial Services,154395.0,389.01
JOBY-WT,Joby Aviation Inc.,0.03,3,9,1,1,3,2,2,21,-8.0,13.0,Broken,Avoid/exit,16,-40.3,-68.6,-81.3,28.0,0,,nan,nan,137990.54
SEATW,Vivid Seats Inc. Warrant,0.026,3,4,5,0,3,3,2,20,-10.0,13.0,Broken,Avoid/exit,11,0.0,0.0,-12.5,31.0,0,,nan,nan,4979.64
AWMLF,American West Metals Limited,0.032,11,9,4,6,4,2,5,41,-28,13,Broken,Avoid/exit,33,45.5,33.3,29.7,57.0,4,,Basic Materials,18443550.0,148576.48
YRBAF,Yorbeau Resources Inc,0.035,3,4,4,4,3,3,2,23,-10.0,13.0,Broken,Avoid/exit,19,-0.6,-0.6,-4.6,1.7,0,,Basic Materials,16494240.0,4089.02
MLBEF,Webcentral Group Limited,0.035,1,4,9,5,3,4,2,28,-15.0,13.0,Broken,Avoid/exit,27,-12.5,-10.5,-16.4,42.1,1,,Technology,9243515.0,3107.94
DQWS,DSwiss Inc,0.031,3,4,3,5,3,3,2,23,-10.0,13.0,Broken,Avoid/exit,15,0.0,0.0,-6.9,2.6,0,,Consumer Defensive,6414042.0,340.45
ZLSCF,ZYUS Life Sciences Corporation,0.04,3,4,1,5,3,3,4,23,-15.0,13.0,Broken,🔥 COILED: Avoid/exit,12,0.0,0.0,-24.1,46.6,1,,Healthcare,3220912.0,654.41
CRSTF,Crest Resources Inc,0.037,3,4,1,5,3,5,2,23,-10.0,13.0,Broken,Avoid/exit,27,0.0,0.0,-13.3,27.5,0,,Basic Materials,1413596.0,206.87
MRIRF,BMEX Gold Inc,0.034,3,6,1,5,3,3,4,25,-15.0,13.0,Broken,Avoid/exit,21,0.0,0.0,-13.2,33.3,1,,Basic Materials,569836.0,164.82
BKKT-WT,Bakkt Holdings Inc. Warrant,0.04,4,7,3,0,0,2,2,18,-8.0,13.0,Broken,Avoid/exit,16,0.0,0.0,-17.5,41.9,0,,nan,nan,29975.54
CRGOW,Freightos Limited Warrants,0.04,4,5,4,4,4,2,2,25,-10.0,13.0,Broken,Avoid/exit,23,-11.2,-8.2,-15.1,46.7,0,,nan,nan,28630.73
GGDCF,GGDCF,0.037,4,11,4,0,2,2,2,25,-12.0,13.0,Broken,Avoid/exit,0,21.2,-33.4,-7.9,47.4,0,,nan,nan,0.0
NUZTF,Neurizon Therapeutics Limited,0.045,3,6,1,5,3,3,4,25,-15.0,13.0,Broken,Avoid/exit,20,0.0,0.0,-14.1,35.5,1,,Healthcare,35189520.0,496.5
HMTXF,Hemostemix Inc,0.047,14,7,2,5,6,4,5,43,-30,13,Broken,Avoid/exit,41,-14.8,22.0,3.5,54.6,3,,Healthcare,9552834.0,4935.38
CYNXF,Cyon Exploration Ltd,0.042,3,6,1,5,3,3,4,25,-15.0,13.0,Broken,Avoid/exit,21,0.0,0.0,-15.6,38.0,1,,Basic Materials,953648.0,1557.31
VRDR,Verde Resources Inc,0.059,1,6,3,5,4,2,2,23,-8.0,13.0,Broken,Avoid/exit,27,-4.8,-21.9,-12.4,39.1,0,,Basic Materials,76873608.0,82426.34
RDGL,Vivos Inc,0.059,2,14,1,0,3,2,4,26,-11.0,13.0,Broken,Avoid/exit,23,1.2,-0.5,-3.2,46.2,2,,Healthcare,28769128.0,1143563.88
CVUEF,ClearVue Technologies Limited,0.06,3,5,5,5,3,3,4,28,-15.0,13.0,Broken,Avoid/exit,12,0.0,0.0,-4.9,39.0,1,,Technology,21840336.0,3745.65
EESE,Energy and Environmental Services Inc,0.07,1,1,1,8,3,2,2,18,-5.0,13.0,Broken,Avoid/exit,25,0.0,-22.2,-14.0,17.7,1,,Basic Materials,3775757.0,9214.51
MAGE,Magellan Gold Corp,0.069,1,8,4,6,3,2,2,26,-13.0,13.0,Broken,Avoid/exit,17,0.0,2.8,-20.1,28.3,1,,Basic Materials,1886433.0,10172.11
LEXTF,Lexston Life Sciences Corp,0.062,11,6,4,3,7,0,5,36,-23.0,13.0,Broken,Avoid/exit,51,-2.2,-21.9,-1.3,51.1,1,,Basic Materials,1568331.0,60305.59
PNYG,Pony Group Inc.,0.064,3,6,6,2,3,3,2,25,-15.0,13.0,Broken,Avoid/exit,12,0.0,0.0,-3.9,3.7,1,,Industrials,736000.0,2725.83
OPWEF,Opawica Explorations Inc,0.072,3,8,2,7,8,6,2,36,-23.0,13.0,Broken,Avoid/exit,40,8.0,33.3,-1.8,48.7,4,,Basic Materials,2852061.0,0.0
GSGTF,GenSight Biologics S.A,0.09,6,3,6,3,0,3,4,25,-15.0,13.0,Broken,Avoid/exit,10,0.0,0.0,-4.8,0.0,1,,Healthcare,21102640.0,39.8
LAFAR,LaFayette Acquisition Corp. Rights,0.09,2,3,2,8,0,2,2,19,-6.0,13.0,Broken,Avoid/exit,32,0.1,-12.5,-9.5,42.5,0,,nan,nan,0.0
NEXD,Next Dynamics Inc,0.091,11,3,6,11,3,4,5,43,-30,13,Broken,Avoid/exit,45,0.0,18.2,12.9,85.0,3,,Industrials,17098900.0,1409.0
SSACW,SPACSphere Acquisition Corp. Warrant,0.095,1,4,2,13,3,0,2,25,-15.0,13.0,Broken,Avoid/exit,0,-0.9,-31.8,-16.3,43.7,0,,nan,nan,0.0
MRPMF,Marco Polo Marine Ltd.,0.1,3,3,2,5,0,3,4,20,-10.0,13.0,Broken,Avoid/exit,46,0.0,0.0,-3.8,33.7,0,,Industrials,391414816.0,5028.09
QGLDF,Q-Gold Resources Ltd,0.13,3,14,5,2,3,2,2,31,-16.0,13.0,Broken,Avoid/exit,30,8.2,-0.2,-0.7,45.6,2,,Basic Materials,21318648.0,0.0
APHP,American Picture House Corp,0.102,1,5,6,3,3,0,2,20,-10.0,13.0,Broken,Avoid/exit,22,-12.3,-8.0,-7.5,40.9,0,,Communication Services,11569588.0,7485.81
BVAXF,Biovaxys Technology Corp,0.112,7,5,1,13,3,4,2,35,-20.0,13.0,Broken,Avoid/exit,29,1.9,11.7,-5.2,45.8,3,,Healthcare,4557332.0,74881.53
CETH,21shares Core Ethereum ETF,0.125,1,5,0,9,3,1,2,21,-8.0,13.0,Broken,Avoid/exit,44,-98.6,0.0,-85.1,48.1,0,,nan,nan,942312.02
NUEPF,NUEPF,0.1,2,4,2,6,3,2,2,21,-8.0,13.0,Broken,Avoid/exit,35,0.0,3.8,-4.3,45.7,0,,nan,nan,9011.66
PNGZF,Paringa Resources Limited,0.17,3,3,5,4,3,3,4,25,-15.0,13.0,Broken,Avoid/exit,19,0.0,0.0,-4.8,34.5,1,,Basic Materials,175250672.0,223.59
TRRXF,TNR Gold Corp,0.15,3,1,1,9,2,3,2,21,-8.0,13.0,Broken,Avoid/exit,44,-21.1,-21.1,-21.0,30.0,1,,Basic Materials,49997172.0,57506.25
AUMN,Golden Minerals Company,0.19,6,4,8,1,3,0,5,27,-15.0,13.0,Broken,Avoid/exit,41,-9.5,0.0,-1.2,49.0,1,,Basic Materials,2879079.0,49184.29
PHKIF,Poly Property Group Co. Limited,0.218,1,3,2,5,3,7,2,23,-10.0,13.0,Broken,Avoid/exit,13,0.0,0.0,-3.1,0.0,0,,Real Estate,831107328.0,265.94
TNGZF,TNG Limited,0.2,2,5,6,3,3,6,3,28,-20.0,13.0,Broken,🔥 COILED: Avoid/exit,39,0.0,-13.5,-3.8,42.1,0,,Basic Materials,465194144.0,46047.91
EXNRF,Excellon Resources Inc,0.21,4,10,7,3,4,0,2,30,-15.0,13.0,Broken,Avoid/exit,18,0.0,0.0,-5.8,40.2,1,,Basic Materials,80820728.0,403259.75
SUND,Sundance Strategies Inc,0.2,6,3,7,3,0,2,4,25,-15.0,13.0,Broken,Avoid/exit,13,0.0,0.0,-2.3,23.9,1,,Financial Services,8612688.0,0.0
BRQL,brooqLy Inc.,0.211,1,6,7,5,3,2,2,26,-13.0,13.0,Broken,Avoid/exit,27,-3.9,-13.7,-6.3,39.4,2,,Industrials,6370876.0,13699.83
MDNAF,Medicenna Therapeutics Corp,0.25,3,11,5,0,3,2,2,26,-13.0,13.0,Broken,Avoid/exit,18,5.5,-0.4,-3.0,40.8,1,,Healthcare,23075050.0,93165.28
QZMRF,Quartz Mountain Resources Ltd,0.274,6,11,3,0,4,2,2,28,-13.0,13.0,Broken,Avoid/exit,15,19.3,-8.6,-7.2,37.6,2,,Basic Materials,20280054.0,44147.64
DTRK,DATATRAK International Inc,0.25,12,8,6,5,4,3,5,43,-30.0,13.0,Broken,Avoid/exit,20,-10.7,47.1,9.2,56.2,3,,Healthcare,6922280.0,1565.74
RLFTF,Relief Therapeutics Holding SA,0.271,6,12,6,7,3,2,5,41,-28,13,Broken,Avoid/exit,26,39.8,14.4,11.0,52.7,4,,nan,3083371.0,3417.58
SNBH,Sentient Brands Holdings Inc,0.284,8,12,5,3,8,0,2,38,-21.0,13.0,Broken,Avoid/exit,57,-5.3,-18.9,-4.0,47.6,1,,Consumer Defensive,1130966.0,2648.44
ZKPW,Lafayette Digital Acquisition Corp. I Warrant,0.285,4,7,2,3,4,2,2,24,-11.0,13.0,Broken,Avoid/exit,0,9.6,-16.2,-6.2,50.3,0,,nan,nan,0.0
SCAG,Scage Future American Depositary Shares,0.301,7,10,3,3,2,0,2,27,-15.0,13.0,Broken,Avoid/exit,25,-14.2,-7.4,-14.4,41.2,1,,Industrials,21855508.0,1459537.86
SHVLF,Starcore International Mines Ltd,0.302,6,13,4,1,3,0,2,29,-16.0,13.0,Broken,Avoid/exit,16,4.0,5.8,-1.6,46.7,1,,Basic Materials,21672210.0,119946.85
ANEB,Anebulo Pharmaceuticals Inc,0.33,5,6,6,2,3,4,2,28,-15.0,13.0,Broken,Avoid/exit,23,10.0,0.0,1.2,49.1,1,,Healthcare,13458962.0,41399.8
SAGMF,SAGMF,0.315,1,10,4,2,4,0,2,23,-8.0,13.0,Broken,Avoid/exit,22,-5.2,-8.9,-5.3,41.6,1,,nan,nan,205628.35
AXINR,Axiom Intelligence Acquisition Corp 1 Right,0.336,3,10,2,0,6,2,2,25,-10.0,13.0,Broken,Avoid/exit,39,1.7,-8.5,-4.6,45.4,1,,nan,nan,0.0
ARGGY,Aston Martin Lagonda Global Holdings plc,0.47,3,11,4,2,4,2,2,28,-13.0,13.0,Broken,Avoid/exit,21,-3.7,-4.3,-2.8,42.7,2,,Consumer Cyclical,480057216.0,64894.59
SMAGF,Soma Gold Corp,0.465,3,8,9,1,2,4,4,31,-18.0,13.0,Broken,Avoid/exit,11,-5.8,1.1,-4.9,40.8,1,,Basic Materials,54500336.0,69619.66
FTBYF,Fortune Bay Corp,0.453,0,5,7,7,2,1,3,25,-15.0,13.0,Broken,Avoid/exit,30,-5.3,-7.0,-4.2,41.8,2,,Basic Materials,31648954.0,18941.5
EONR,EON Resources Inc.,0.494,1,6,8,5,2,1,5,28,-15.0,13.0,Broken,Avoid/exit,15,-13.3,-8.1,-6.1,43.4,1,,Energy,24669372.0,9220195.02
PAASF,Pan American Silver Corp.,0.49,5,8,4,0,2,2,2,23,-10.0,13.0,Broken,Avoid/exit,20,0.0,-2.0,-6.5,32.5,0,,nan,nan,230210.19
ERDLF,EROAD Limited,0.571,5,3,4,4,3,2,4,25,-15.0,13.0,Broken,Avoid/exit,17,0.0,0.0,-0.0,0.0,1,,Technology,107332296.0,26.5
TOON,"Kartoon Studios, Inc.",0.593,5,11,2,6,3,2,2,31,-16.0,13.0,Broken,Avoid/exit,35,2.3,-1.8,-5.1,41.1,1,,Communication Services,35083356.0,735803.56
SOBR,Sobr Safe Inc,0.56,2,4,0,8,2,0,2,18,-5.0,13.0,Broken,Avoid/exit,20,-17.7,-44.0,-25.1,44.2,1,,Technology,1611450.0,5479364.05
NICMF,Nickel Mines Limited,0.611,3,4,4,4,3,3,2,23,-15.0,13.0,Broken,🔥 COILED: Avoid/exit,25,0.0,-4.1,-2.0,41.9,1,,Basic Materials,2653140224.0,3829.7
CNTX,Context Therapeutics Inc,0.607,3,10,7,2,4,2,4,32,-19.0,13.0,Broken,Avoid/exit,17,2.6,-1.3,-9.5,34.8,1,,Healthcare,55798224.0,1452506.19
ACCFF,Accord Financial Corp,0.607,7,3,5,2,3,1,4,25,-15.0,13.0,Broken,Avoid/exit,22,0.0,0.0,-0.7,4.1,1,,Financial Services,5194404.0,148.5
PDSB,PDS Biotechnology Corp,0.699,3,9,6,5,3,2,2,30,-15.0,13.0,Broken,Avoid/exit,25,-0.3,-1.7,-7.2,37.3,2,,Healthcare,39089344.0,760118.0
BRANF,Baran Group Ltd,0.72,3,5,4,6,0,1,4,23,-10.0,13.0,Broken,Avoid/exit,12,0.0,0.0,-7.9,14.7,0,,Industrials,19625498.0,7.52
BCARW,D. Boral ARC Acquisition I Corp. Warrant,0.72,1,7,1,3,3,0,5,20,-8.0,13.0,Broken,Avoid/exit,39,-45.9,-50.3,-38.7,39.0,0,,nan,nan,175911.97
LRDC,Laredo Oil Inc,0.75,1,11,1,6,5,0,2,26,-13.0,13.0,Broken,Avoid/exit,45,-10.7,-3.8,-3.5,45.5,2,,Energy,59156748.0,61846.39
REVFF,REVFF,0.752,3,7,4,3,4,3,2,26,-13.0,13.0,Broken,Avoid/exit,40,1.9,-5.8,-6.9,38.2,2,,Basic Materials,45196536.0,6371.06
GWH,ESS Tech Inc,0.759,2,10,2,4,3,0,2,23,-11.0,13.0,Broken,Avoid/exit,25,-5.2,-14.8,-7.1,44.2,1,,Industrials,22294624.0,1875235.0
TRX,Tanzanian Royalty Exploration Corp,0.814,5,13,9,6,3,4,3,43,-28,13,Broken,Avoid/exit,21,0.5,17.9,1.2,48.8,4,,Basic Materials,266498352.0,3794957.44
TRLC,TriLinc Global Impact Fund LLC,0.8,6,3,6,3,0,3,4,25,-15.0,13.0,Broken,Avoid/exit,12,0.0,0.0,-1.5,0.0,1,,Financial Services,38221928.0,444.34
SMDRF,Sierra Madre Gold and Silver Ltd,0.87,1,9,6,1,4,0,2,23,-10.0,13.0,Broken,Avoid/exit,15,-6.3,-9.5,-9.6,32.9,0,,Basic Materials,171176448.0,87421.92
AGIG,AGIG,0.94,0,12,7,3,2,4,3,31,-18.0,13.0,Broken,Avoid/exit,17,-8.7,-7.8,-5.7,40.5,1,,Utilities,41381452.0,520599.2
JYD,Jayud Global Logistics Limited Class A Ordinary Shares,0.93,10,5,4,11,0,7,5,42,-29.0,13.0,Broken,Avoid/exit,21,8.1,20.8,5.6,49.8,4,,Industrials,7717147.0,254512.45
OGI,OrganiGram Holdings Inc,0.968,6,13,6,6,3,2,2,38,-26,13,Broken,Avoid/exit,17,5.2,11.1,2.1,51.1,4,,Healthcare,136270224.0,749751.26
AMST,Amesite Operating Co,0.976,4,11,4,3,3,2,2,29,-14.0,13.0,Broken,Avoid/exit,25,2.5,-7.1,-6.4,41.7,1,,Technology,6389379.0,1119303.67
REVB,Revelation Biosciences Inc,0.995,2,10,2,4,7,4,2,31,-18.0,13.0,Broken,Avoid/exit,35,-7.0,-11.9,-5.4,43.2,1,,Healthcare,3890050.0,234760.41
THORF,Thor Mining PLC,0.008,10,6,3,6,4,3,5,37,-28.0,12.0,Broken,Avoid/exit,36,-2.4,220.0,14.8,52.4,3,,Basic Materials,9247194.0,83394.12
STBEF,Starbreeze AB (publ),0.005,3,3,6,2,3,3,4,24,-15.0,12.0,Broken,Avoid/exit,7,0.0,0.0,-21.1,0.0,1,,Communication Services,8122191.0,5.75
LBRG,Ladybug Resource Group Inc,0.008,9,4,4,5,2,0,2,26,-14.0,12.0,Broken,Avoid/exit,43,-5.1,-2.6,-9.2,47.2,0,,Healthcare,2574286.0,319461.98
CAPT,Captivision Inc,0.007,6,10,5,10,5,2,2,40,-28,12,Broken,Avoid/exit,20,32.1,100.0,12.7,47.9,4,,Basic Materials,2009240.0,1588455.27
AUNXF,AXP Energy Ltd,0.004,1,3,0,9,2,0,2,17,-5.0,12.0,Broken,Avoid/exit,24,-20.0,-42.9,-24.4,43.4,1,,Energy,1596554.0,68414.95
BLIBQ,BB Liquidating Inc B,0.008,7,4,2,5,4,3,2,27,-15.0,12.0,Broken,Avoid/exit,36,0.0,-11.1,-3.3,45.0,1,,Communication Services,1754964.0,2536.12
LICH,LiveChain Inc,0.007,7,3,3,2,4,0,5,24,-15.0,12.0,Broken,Avoid/exit,25,-5.3,-20.2,-3.3,48.3,1,,Financial Services,1346475.0,31889.77
AIMN,"Lee Pharmaceuticals, Inc.",0.002,4,3,4,5,2,2,2,22,-10.0,12.0,Broken,Avoid/exit,21,-40.0,-65.7,-41.9,39.7,0,,Financial Services,825341.0,384539.97
LNGNF,LNG Energy Group Corp.,0.005,3,4,8,4,3,3,2,27,-15.0,12.0,Broken,Avoid/exit,24,0.0,0.0,-12.4,37.4,1,,Energy,794334.0,77060.36
LIVG,"Livento Group, Inc.",0.004,4,11,3,1,3,2,2,26,-19.0,12.0,Broken,Avoid/exit,18,-30.0,-50.0,-74.3,39.6,1,,Technology,517136.0,90771.79
GREH,Green Rain Energy Holdings Inc.,0.009,2,12,4,11,3,2,5,39,-28.0,12.0,Broken,Avoid/exit,27,46.8,21.3,-47.5,48.4,3,,Healthcare,358487.0,425186.13
MLYCF,American CuMo Mining Corporation,0.001,7,4,0,6,3,0,2,22,-10.0,12.0,Broken,Avoid/exit,37,-27.8,-27.8,-20.0,32.1,0,,Basic Materials,326666.0,16108.16
ZENVF,Zenvia Inc.,0.005,1,7,0,5,3,2,2,20,-8.0,12.0,Broken,Avoid/exit,0,-16.7,-83.3,-84.5,26.9,0,,Technology,262836.0,0.0
CARM,Carisma Therapeutics Inc.,0.002,4,10,4,0,3,0,2,23,-11.0,12.0,Broken,Avoid/exit,17,-51.0,-56.1,-49.2,38.8,0,,Healthcare,104612.0,177089.63
TBIO,Telesis Bio Inc.,0.001,1,6,2,4,3,4,5,25,-13.0,12.0,Broken,Avoid/exit,17,10.0,-89.0,-85.1,38.8,1,,Healthcare,1953.0,368.89
LTRYW,"Lottery.com, Inc. Warrants",0.01,1,8,6,8,3,2,2,30,-18.0,12.0,Broken,Avoid/exit,34,-5.0,-5.9,-6.6,44.7,1,,Consumer Cyclical,nan,137586.49
MECPF,Mustang Energy Corp.,0.014,6,12,6,4,2,2,2,34,-22.0,12.0,Broken,Avoid/exit,22,16.0,-17.1,-10.8,41.1,1,,Energy,1421766.0,27892.75
SMXWW,SMX (Security Matters) Public Limited Company Warrant,0.018,1,8,0,6,3,0,2,20,-8.0,12.0,Broken,Avoid/exit,16,-28.0,-5.9,-48.2,38.4,0,,nan,nan,113986.57
LECRF,Leocor Gold Inc,0.023,5,13,3,7,3,2,2,35,-23.0,12.0,Broken,Avoid/exit,23,41.8,11.4,6.6,48.5,3,,Basic Materials,6344394.0,15326.8
SSPLF,Safe Supply Streaming Co Ltd.,0.028,1,11,2,4,3,0,2,23,-11.0,12.0,Broken,Avoid/exit,17,7.4,-4.5,-9.6,40.8,1,,Financial Services,5187900.0,9561.98
AVCRF,Avricore Health Inc,0.025,0,2,1,8,2,2,2,17,-5.0,12.0,Broken,Avoid/exit,16,-26.7,-48.2,-29.3,39.8,1,,Healthcare,3159241.0,64936.7
WGMTF,WestGold Metals Corp.,0.031,3,4,2,5,3,5,2,24,-15.0,12.0,Broken,Avoid/exit,18,0.0,0.0,-12.2,21.1,1,,Basic Materials,2363459.0,1071.46
PTEEF,Plaintree Systems Inc,0.03,5,3,3,5,3,4,4,27,-15.0,12.0,Broken,Avoid/exit,22,0.0,-0.3,-0.1,23.3,1,,Industrials,383880.0,1159.01
BCBC,Bitcoin Bancorp,0.04,2,4,4,5,0,2,2,19,-10.0,12.0,Broken,Avoid/exit,26,-25.0,5.5,-12.3,44.9,0,,Technology,22509342.0,41606.07
BHLIF,Bradda Head Lithium Limited,0.036,4,1,2,5,6,2,2,22,-10.0,12.0,Broken,Avoid/exit,39,0.0,-15.6,-7.8,29.9,0,,Basic Materials,14179123.0,7978.5
EGLXF,Enthusiast Gaming Holdings Inc.,0.031,1,3,1,7,0,0,2,14,-5.0,12.0,Broken,Avoid/exit,29,-25.2,-27.0,-21.7,41.4,1,,Communication Services,5093408.0,65025.27
IVHI,Invech Holdings Inc,0.037,3,13,8,4,3,4,5,40,-28,12,Broken,Avoid/exit,24,-0.3,8.2,-1.2,45.8,3,,nan,32515.0,51499.93
IDIG,International Digital Holding Inc,0.045,3,2,9,4,0,4,2,24,-8.0,12.0,Broken,Avoid/exit,20,0.0,-11.4,-8.4,39.9,0,,Technology,31466332.0,1303.27
SPCNF,SPC Nickel Corp,0.045,3,4,3,4,6,0,2,22,-10.0,12.0,Broken,Avoid/exit,32,-12.4,-12.4,-14.0,30.5,0,,Basic Materials,19974366.0,9533.05
MMXLF,Mustang Minerals Limited,0.049,2,6,7,5,1,2,2,25,-13.0,12.0,Broken,Avoid/exit,0,4.3,-12.5,-8.1,44.0,1,,Basic Materials,3617622.0,0.0
TEKCF,Tekcapital plc,0.066,3,3,4,6,3,1,4,24,-15.0,12.0,Broken,Avoid/exit,18,0.0,0.0,-1.0,0.0,1,,Financial Services,17025220.0,867.12
FDVXF,FenixOro Gold Corp,0.07,6,3,3,5,4,4,2,27,-15.0,12.0,Broken,Avoid/exit,34,0.0,-12.5,-5.4,22.9,1,,Basic Materials,7579987.0,6939.15
ECLMF,Ecolomondo Corporation,0.077,4,4,1,3,3,3,4,22,-15.0,12.0,Broken,🔥 COILED: Avoid/exit,20,0.0,0.0,-1.4,47.0,1,,Industrials,17554294.0,2774.77
NICOF,NICO Resources Limited,0.08,3,4,3,5,3,7,2,27,-15.0,12.0,Broken,Avoid/exit,21,0.0,0.0,-11.3,0.1,1,,Basic Materials,10943544.0,47.57
ODVWZ,Osisko Development Corp. Warrant expiring 5/27/2027,0.075,2,8,0,4,4,2,2,22,-10.0,12.0,Broken,Avoid/exit,20,-72.8,25.0,-51.8,43.4,2,,nan,nan,5918.05
MOBXW,Mobix Labs Inc,0.079,3,9,4,0,2,2,2,22,-8.0,12.0,Broken,Avoid/exit,24,-11.6,-19.5,-12.9,46.0,1,,nan,nan,34613.48
PGXPF,Pelangio Exploration Inc,0.09,3,10,6,2,0,2,2,25,-13.0,12.0,Broken,Avoid/exit,22,0.0,0.0,-1.2,46.8,1,,Basic Materials,22636174.0,56942.0
FTMDF,Fortune Minerals Limited,0.093,5,10,5,3,2,2,2,29,-15.0,12.0,Broken,Avoid/exit,45,3.6,3.6,-2.2,46.1,2,,Basic Materials,59076808.0,185808.6
TSGZF,Tristar Gold,0.115,7,5,5,5,0,0,5,27,-15.0,12.0,Broken,Avoid/exit,13,-4.4,-4.4,-4.9,41.9,1,,Basic Materials,38739056.0,62948.31
CXAI,CXApp Inc.,0.124,4,10,5,0,4,4,2,29,-15.0,12.0,Broken,Avoid/exit,25,3.8,-10.4,-10.5,40.0,2,,Technology,13581288.0,11382780.17
LUXFF,Luxxfolio Holdings Inc,0.145,4,3,4,9,0,4,4,28,-16.0,12.0,Broken,Avoid/exit,25,-4.5,-17.3,-6.7,44.9,1,,Financial Services,5240412.0,14011.47
INUMF,Infinitum Copper Corp,0.128,4,1,7,4,4,0,2,22,-10.0,12.0,Broken,Avoid/exit,29,-10.3,-10.3,-7.9,20.1,0,,Basic Materials,785724.0,2217.84
LEEN,"Leopard Energy, Inc.",0.133,3,3,4,2,3,3,4,22,-15.0,12.0,Broken,🔥 COILED: Avoid/exit,25,0.0,0.0,-1.2,45.9,1,,Energy,169552.0,554.15
SDSTW,Stardust Power Inc.,0.1,1,12,0,0,3,2,2,20,-6.0,12.0,Broken,Avoid/exit,26,-55.6,-16.7,-22.3,46.4,0,,nan,nan,17022.33
KFIIR,K&F Growth Acquisition Corp. II Rights,0.12,5,5,3,0,0,5,4,22,-10.0,12.0,Broken,Avoid/exit,18,-4.0,-4.2,-6.5,45.4,0,,nan,nan,0.0
INACR,Indigo Acquisition Corp. Right,0.11,0,3,4,9,0,2,2,20,-8.0,12.0,Broken,Avoid/exit,18,-21.3,-21.3,-15.7,41.4,0,,nan,nan,0.0
CRACR,Crown Reserve Acquisition Corp. I Rights,0.128,1,10,2,9,2,0,2,26,-14.0,12.0,Broken,Avoid/exit,23,-14.5,-19.8,-6.7,43.9,0,,nan,nan,0.0
BYLTF,Baylin Technologies Inc,0.183,6,10,1,6,2,2,2,29,-17.0,12.0,Broken,Avoid/exit,16,2.1,-11.6,-6.9,43.7,2,,Technology,48043016.0,14577.33
SLVDF,Silver Dollar Resources Inc,0.17,2,7,8,6,4,0,2,29,-15.0,12.0,Broken,Avoid/exit,16,-3.4,3.7,-5.1,40.7,2,,Basic Materials,12849502.0,142762.55
AMCOF,Americore Resources Corp,0.16,2,6,4,6,0,4,2,24,-15.0,12.0,Broken,Avoid/exit,15,-13.3,-6.2,-14.6,35.9,1,,Basic Materials,3920264.0,105280.78
RAINW,"Rain Enhancement Technologies Holdco, Inc. Warrants",0.154,0,8,2,8,3,0,2,23,-11.0,12.0,Broken,Avoid/exit,15,-21.2,-19.1,-15.2,33.8,1,,nan,nan,11337.56
CXXIF,C21 Investments Inc,0.213,1,10,4,5,4,2,3,29,-13.0,12.0,Broken,Avoid/exit,19,0.0,-6.2,-4.8,43.1,1,,Healthcare,25314252.0,118415.91
MPU,Mega Matrix Corp.,0.238,4,10,3,0,2,4,2,25,-13.0,12.0,Broken,Avoid/exit,18,1.4,-3.3,-6.4,40.4,2,,Communication Services,16955702.0,1091290.49
CAFZF,Canaf Investments Inc,0.228,5,2,2,5,3,3,2,22,-10.0,12.0,Broken,Avoid/exit,42,0.0,-3.0,-2.1,4.4,0,,Basic Materials,10813173.0,3587.5
OONEF,01 Communique Laboratory Inc,0.3,4,12,6,0,4,2,2,30,-18.0,12.0,Broken,Avoid/exit,33,7.0,-0.1,-4.2,44.4,2,,Technology,32770916.0,133217.26
ATMYF,ATMYF,0.28,4,9,2,0,3,0,2,20,-8.0,12.0,Broken,Avoid/exit,15,-11.1,-9.5,-17.2,33.8,0,,nan,nan,0.0
AVTGF,AVTGF,0.324,0,3,6,4,3,4,2,22,-10.0,12.0,Broken,Avoid/exit,12,-7.4,-8.2,-8.6,1.5,0,,nan,68599184.0,6715.83
FWRXF,FWRXF,0.315,2,5,3,4,3,3,2,22,-10.0,12.0,Broken,Avoid/exit,0,0.0,-20.1,-9.5,45.7,0,,nan,nan,0.0
JGSHF,JG Summit Holdings Inc,0.399,1,6,2,5,3,3,2,22,-10.0,12.0,Broken,Avoid/exit,14,0.0,0.0,-2.1,16.3,0,,Industrials,6727519744.0,0.0
CHEAF,China Eastern Airlines Corporation Limited,0.398,3,4,3,2,3,5,2,22,-10.0,12.0,Broken,Avoid/exit,16,0.0,0.0,-3.1,7.3,0,,Industrials,8795336704.0,4290.51
ATEPF,Astra Exploration Inc.,0.389,3,14,3,3,4,0,2,29,-15.0,12.0,Broken,Avoid/exit,22,-3.2,5.5,-4.2,41.3,1,,Basic Materials,53448496.0,133176.38
PAUIF,Premier American Uranium Inc,0.374,11,9,6,2,4,3,5,40,-28,12,Broken,Avoid/exit,29,21.4,13.7,8.5,54.7,4,,Energy,35757484.0,44944.45
PSDMF,Gaming Realms plc,0.41,2,1,7,5,3,1,3,22,-10.0,12.0,Broken,Avoid/exit,26,-2.4,-2.4,-1.5,7.2,0,,Communication Services,111327632.0,4281.0
MTBLY,Moatable Inc,0.47,13,5,5,7,3,4,5,42,-30,12,Broken,Avoid/exit,40,27.0,27.0,15.2,69.3,3,,Technology,8602819.0,2605.62
DSNY,Destiny Media Technologies Inc,0.526,4,12,2,5,3,2,2,30,-14.0,12.0,Broken,Avoid/exit,33,-0.8,-5.7,-3.0,44.8,2,,Technology,5069278.0,5090.68
RKDA,Arcadia Biosciences Inc,0.633,8,8,7,0,2,2,2,29,-15.0,12.0,Broken,Avoid/exit,16,1.8,-8.0,-6.1,39.0,2,,Consumer Defensive,1381025.0,1109486.1
BGDFF,BGDFF,0.65,7,6,5,7,3,2,2,32,-20.0,12.0,Broken,Avoid/exit,28,8.3,12.1,4.1,50.9,3,,Basic Materials,175858640.0,6551.2
LGVN,Longeveron LLC,0.675,7,13,7,3,3,2,2,37,-26,12,Broken,Avoid/exit,22,11.3,10.2,5.2,53.2,4,,Healthcare,21338098.0,1968108.05
NEON,Neonode Inc,0.798,3,11,3,0,3,2,2,24,-10.0,12.0,Broken,Avoid/exit,12,1.0,-7.2,-7.4,38.4,1,,Technology,13389417.0,200641.75
WCT,Wellchange Holdings Company Limited,0.82,2,10,2,3,4,4,2,27,-15.0,12.0,Broken,Avoid/exit,15,0.3,-29.3,-18.3,39.1,1,,Technology,3714904.0,966112.12
FTFT,Future Fintech Group Inc,0.92,4,4,1,0,6,2,5,22,-10.0,12.0,Broken,Avoid/exit,22,-27.0,-36.1,-15.8,44.3,0,,Technology,1718722.0,30122.24
MTTRY,Ceconomy AG ADR,1.0,12,14,2,4,3,3,5,43,-29,12,Broken,Avoid/exit,48,17.6,14.9,20.3,61.9,3,,Consumer Cyclical,2491292160.0,10199.67
MYO,Myomo Inc,1.0,5,11,1,0,6,2,2,27,-15.0,12.0,Broken,Avoid/exit,44,0.0,-4.8,-3.0,47.0,1,,Healthcare,38638652.0,677364.16
TOPXX,Federated Hermes Treasury Obl Premier,1.0,0,5,1,4,3,0,4,17,-10.0,12.0,Broken,🔥 COILED: Avoid/exit,0,-71.9,0.0,-51.0,41.4,0,,nan,nan,0.0
OTTEF,Otto Energy Limited,0.003,1,1,8,8,0,1,2,21,-10.0,11.0,Broken,Avoid/exit,34,-63.0,-63.0,-58.7,39.0,0,,Energy,55142608.0,0.0
BSNLF,Blue Star Helium Ltd,0.003,4,3,4,6,0,2,2,21,-10.0,11.0,Broken,Avoid/exit,11,-17.5,-34.0,-23.8,44.0,0,,Energy,27688116.0,522646.44
AITX,Artificial Intelligence Technology Solutions Inc,0.006,3,10,3,0,4,2,2,24,-13.0,11.0,Broken,Avoid/exit,20,-19.0,-25.6,-24.0,27.1,1,,Industrials,2600105.0,2883887.27
PVRS,Providence Resources Inc,0.01,7,6,8,3,4,0,5,33,-25.0,11.0,Broken,Avoid/exit,30,-6.5,-11.5,-2.6,49.4,1,,Basic Materials,2488465.0,0.0
ELLXF,Elixinol Global Ltd,0.004,1,3,9,5,3,0,2,23,-15.0,11.0,Broken,Avoid/exit,28,-45.9,-45.2,-39.7,43.8,1,,Healthcare,1655951.0,0.0
FAGI,Full Alliance Group Inc,0.008,14,4,2,3,3,3,2,31,-20.0,11.0,Broken,Avoid/exit,25,-15.0,0.0,-8.6,48.4,0,,Healthcare,1154202.0,166960.5
CSOL,China Solar & Cln En,0.005,6,6,2,4,0,3,5,26,-15.0,11.0,Broken,Avoid/exit,17,-27.8,-27.8,-53.3,41.2,1,,Financial Services,391219.0,6268.4
SBIG,SpringBig Holdings Inc.,0.004,0,4,0,10,0,0,2,16,-5.0,11.0,Broken,Avoid/exit,19,-16.0,-16.0,-24.2,41.0,2,,Technology,204905.0,148326.14
APSI,Aqua Power Systems Inc,0.01,1,7,1,5,3,0,2,19,-8.0,11.0,Broken,Avoid/exit,18,-23.1,-19.4,-26.3,29.9,1,,Industrials,172041.0,0.0
VMNT,Vemanti Group Inc,0.018,5,5,9,7,0,0,2,28,-13.0,11.0,Broken,Avoid/exit,14,-10.0,-1.1,-11.9,33.8,1,,Technology,4226139.0,53804.8
LNBY,Lanbay Inc,0.013,12,5,4,7,3,2,5,38,-27,11,Broken,Avoid/exit,32,333.3,333.3,107.3,97.4,2,3,Consumer Cyclical,390000.0,724.5
RVSNW,Rail Vision Ltd. Warrant,0.02,0,6,1,8,0,2,2,19,-8.0,11.0,Broken,Avoid/exit,17,-26.4,2.0,-28.5,42.2,1,,nan,nan,12567.03
SNIPF,Snipp Interactive Inc,0.028,4,6,5,6,2,0,2,25,-15.0,11.0,Broken,Avoid/exit,16,-6.7,0.7,-2.3,46.0,1,,Communication Services,8413222.0,63926.85
GCFFF,Goldcliff Resource Corporation,0.022,6,7,1,1,2,2,2,21,-10.0,11.0,Broken,Avoid/exit,30,14.4,-6.7,-4.6,44.4,0,,Basic Materials,1802908.0,19474.37
GANDF,Gander Gold Corporation,0.021,3,3,3,5,3,5,4,26,-15.0,11.0,Broken,Avoid/exit,30,0.0,0.0,-15.7,39.9,1,,Basic Materials,202612.0,3381.22
ENHD,Energroup Holdings Corp,0.021,9,10,2,2,3,2,5,33,-22,11,Broken,Avoid/exit,33,75.0,75.0,25.2,59.1,3,6,Financial Services,135396.0,2975.52
RMSGW,Real Messenger Corporation Warrants,0.03,4,9,4,0,3,2,2,24,-11.0,11.0,Broken,Avoid/exit,25,0.3,-18.3,-6.9,46.2,1,,nan,nan,23925.9
PHJMF,PT Hanjaya Mandala Sampoerna Tbk,0.04,3,7,2,2,5,0,2,21,-10.0,11.0,Broken,Avoid/exit,24,0.0,-42.9,-10.8,43.8,0,,Consumer Defensive,4652723200.0,0.0
NRSAF,Norse Atlantic ASA,0.041,3,8,4,4,3,2,2,26,-15.0,11.0,Broken,Avoid/exit,30,10.6,-5.6,-11.3,28.7,1,,Industrials,109155576.0,5933.9
BLSTF,Blackstone Minerals Ltd,0.034,4,4,3,2,6,2,2,23,-15.0,11.0,Broken,Avoid/exit,53,0.0,-11.3,-6.1,42.4,1,,Basic Materials,59225104.0,21460.09
BKUCF,Blue Sky Uranium Corp,0.034,8,17,4,2,4,2,2,39,-28,11,Broken,Avoid/exit,29,13.3,13.3,5.1,52.1,4,,Energy,14329628.0,307862.01
CQRLF,Conquest Resources Limited,0.036,0,1,0,8,0,0,2,11,0.0,11.0,Broken,Avoid/exit,20,-9.8,-27.2,-18.7,21.1,0,,Basic Materials,6547071.0,18384.12
CMILF,Capella Minerals Limited,0.04,2,8,4,5,3,0,2,24,-13.0,11.0,Broken,Avoid/exit,21,-14.7,-19.7,-10.3,40.2,1,,Basic Materials,3039849.0,15902.48
ARQQW,Arqit Quantum Inc. Warrants,0.033,3,9,2,2,4,2,2,24,-13.0,11.0,Broken,Avoid/exit,20,-9.9,-18.0,-23.6,40.9,1,,nan,nan,74061.58
KVACW,Keen Vision Acquisition Corporation Warrant,0.032,1,11,0,2,5,0,2,21,-8.0,11.0,Broken,Avoid/exit,25,-47.8,45.0,-14.9,47.9,2,,nan,nan,43680.38
WMLLF,Wealth Minerals Ltd,0.046,6,6,3,5,4,0,2,26,-15.0,11.0,Broken,Avoid/exit,15,-7.0,-7.0,-3.3,43.2,1,,Basic Materials,17760126.0,171854.45
CBLO,Archer Entertainment Media Communications Inc.,0.042,1,9,4,5,3,2,2,26,-15.0,11.0,Broken,Avoid/exit,22,5.0,-16.0,-13.7,37.1,1,,Financial Services,9438908.0,138063.38
SVTNF,Silverton Metals Corp,0.05,4,16,8,3,3,2,5,41,-28,11,Broken,Avoid/exit,27,37.0,26.0,15.3,54.6,4,,Basic Materials,3961245.0,27639.25
PMCCF,Peloton Minerals Corporation,0.06,3,4,8,1,0,3,2,21,-15.0,11.0,Broken,🔥 COILED: Avoid/exit,28,0.2,0.0,-1.1,42.4,1,,Basic Materials,9857425.0,17752.84
LILIF,Argentina Lithium & Energy Corp,0.055,4,6,8,0,1,0,5,24,-13.0,11.0,Broken,Avoid/exit,24,-5.2,-5.2,-6.7,43.1,2,,Basic Materials,9573333.0,67021.5
PURE,Pure Bioscience Inc,0.065,5,8,2,4,0,2,5,26,-15.0,11.0,Broken,Avoid/exit,23,-7.1,8.3,-4.2,47.7,2,,Consumer Defensive,9101230.0,37723.4
PRMO,Prom Resources Inc,0.07,5,5,0,2,5,0,2,19,-8.0,11.0,Broken,Avoid/exit,51,-22.2,-41.7,-21.1,45.7,0,,Consumer Cyclical,1797492.0,1852.63
MRMNF,MRMNF,0.065,3,11,4,0,3,2,2,25,-14.0,11.0,Broken,Avoid/exit,0,11.2,-6.6,-3.0,45.2,1,,nan,nan,0.0
BINI,"Bollinger Innovations, Inc.",0.07,5,6,3,9,1,2,4,30,-19,11,Broken,Avoid/exit,29,75.0,-12.5,0.3,49.9,2,11,Consumer Cyclical,35426.0,255036.08
PKKFF,Tenet Fintech Group Inc,0.08,12,11,1,5,5,2,5,41,-28.0,11.0,Broken,Avoid/exit,59,-26.6,-26.6,-3.6,50.5,1,,Technology,31948632.0,65182.27
PSGCF,Pinnacle Silver and Gold Corp.,0.073,3,3,7,0,3,5,3,24,-13.0,11.0,Broken,Avoid/exit,33,-5.7,-5.1,-3.1,43.1,1,,Basic Materials,11664693.0,23865.2
SRRE,Sunrise Real Estate Group Inc,0.08,3,4,2,6,3,3,2,23,-15.0,11.0,Broken,Avoid/exit,8,0.0,0.0,-5.9,0.2,1,,Real Estate,5495354.0,1143.0
SUUFF,Strathmore Plus Uranium Corp.,0.079,5,10,2,0,3,2,2,24,-13.0,11.0,Broken,Avoid/exit,17,-2.6,-8.3,-9.5,36.7,2,,Energy,4704182.0,73021.19
BRCHF,BrainChip Holdings Ltd,0.09,1,3,1,7,0,2,2,16,-5.0,11.0,Broken,Avoid/exit,14,-4.3,-15.9,-10.1,35.6,1,,Technology,218029088.0,381567.81
KOGDF,KO Gold Inc.,0.081,4,8,0,1,0,6,2,21,-10.0,11.0,Broken,Avoid/exit,0,0.7,-13.3,-15.5,39.6,0,,nan,nan,0.0
AMNP,American Sierra Gold Corp,0.1,5,6,3,2,1,2,2,21,-10.0,11.0,Broken,Avoid/exit,29,-4.8,66.7,-6.0,45.6,2,,Basic Materials,87861176.0,26861.25
KZR,Kezar Life Sciences Inc,0.125,3,12,4,1,4,0,5,29,-18.0,11.0,Broken,Avoid/exit,12,-7.4,-7.4,-17.4,23.4,1,,Healthcare,53856340.0,201053.07
HPMCF,Africa Energy Corp,0.107,6,4,5,3,3,3,2,26,-15.0,11.0,Broken,Avoid/exit,23,0.0,0.0,-4.3,16.0,1,,Energy,53233860.0,2198.32
TRGEF,Targa Exploration Corp.,0.134,3,7,4,5,3,2,2,26,-15.0,11.0,Broken,Avoid/exit,20,0.0,-11.9,-17.3,36.0,1,,Basic Materials,8864994.0,9204.44
WINH,WINHA INTERNATIONAL GROUP LTD,0.12,3,5,1,7,3,0,4,23,-8.0,11.0,Broken,Avoid/exit,28,0.0,0.0,-4.2,47.9,0,,Other,7498425.0,3444.83
AWLIF,Ameriwest Lithium Inc,0.115,3,9,7,0,4,4,2,29,-18.0,11.0,Broken,Avoid/exit,17,-2.0,-2.4,-7.9,39.5,1,,Basic Materials,4353353.0,68291.1
BTCY,Biotricity Inc,0.11,6,9,3,6,2,0,2,28,-15.0,11.0,Broken,Avoid/exit,13,3.8,-9.2,-6.3,45.1,2,,Healthcare,2225888.0,61979.76
BYRRF,BYRRF,0.132,3,2,6,4,3,5,3,26,-15.0,11.0,Broken,Avoid/exit,19,0.0,-2.1,-2.6,4.9,1,,Basic Materials,2027590.0,409.48
MGCV,MGC Ventures Inc,0.11,9,7,7,4,3,2,4,36,-28.0,11.0,Broken,Avoid/exit,47,0.0,0.0,0.0,95.3,1,,Basic Materials,1642531.0,468.5
IMCC,Im Cannabis Corp,0.116,3,8,4,6,3,2,2,28,-15.0,11.0,Broken,Avoid/exit,16,-13.2,-18.7,-16.6,32.7,2,,Healthcare,1041410.0,1959722.81
TSPH,Tusimple Holdings Inc,0.18,1,9,2,3,9,2,2,28,-15.0,11.0,Broken,Avoid/exit,17,-5.3,-13.3,-8.2,39.8,1,,Technology,37759516.0,194910.59
SPOFF,Goldspot Discoveries Corp,0.172,1,5,3,5,3,0,2,19,-8.0,11.0,Broken,Avoid/exit,10,-7.2,-9.6,-9.1,37.4,0,,Technology,24266180.0,166415.42
STLNF,Stallion Discoveries Corp.,0.16,5,13,3,3,0,2,2,28,-15.0,11.0,Broken,Avoid/exit,15,0.0,1.3,-4.4,45.4,1,,Basic Materials,24096272.0,43918.56
POWMF,POWMF,0.17,1,3,3,4,3,5,2,21,-10.0,11.0,Broken,Avoid/exit,29,0.0,0.0,-2.6,18.4,0,,nan,19195766.0,1024.49
FARYF,FAR Limited,0.196,3,6,2,3,3,7,2,26,-15.0,11.0,Broken,Avoid/exit,14,0.0,0.0,-6.2,6.3,1,,Energy,18075328.0,454.95
BBAI-WT,"BigBear.ai Holdings, Inc. WT",0.18,3,10,3,0,3,2,2,23,-10.0,11.0,Broken,Avoid/exit,15,-4.6,-10.1,-20.1,33.0,0,,nan,nan,120368.15
LEMIF,Leading Edge Materials Corp,0.2,8,10,4,2,5,0,2,31,-18.0,11.0,Broken,Avoid/exit,45,-2.0,5.3,-0.5,49.4,1,,Basic Materials,51506092.0,49218.28
CMBMF,Cambium Networks Corporation,0.222,2,10,4,5,4,4,2,31,-18.0,11.0,Broken,Avoid/exit,13,-11.1,-11.1,-15.6,44.2,1,,Technology,6451109.0,5322745.04
RANGR,Range Capital Acquisition Corp. Rights,0.23,2,1,2,8,0,0,2,15,-4.0,11.0,Broken,Avoid/exit,23,-17.2,-12.8,-12.2,33.5,0,,nan,nan,8034.36
IDXMF,IDEX Metals Corp.,0.228,1,3,7,3,0,2,2,18,-10.0,11.0,Broken,Avoid/exit,20,-6.0,-4.9,-5.9,42.5,0,,nan,nan,29417.05
SVRSF,Silver Storm Mining Ltd.,0.286,4,13,5,0,4,0,2,28,-15.0,11.0,Broken,Avoid/exit,28,-1.3,2.2,-4.6,43.2,1,,Basic Materials,221667376.0,1097396.23
FHYDF,First Hydrogen Corp,0.256,0,1,1,9,3,0,2,16,-5.0,11.0,Broken,Avoid/exit,15,-4.5,-16.9,-10.1,39.6,1,,Consumer Cyclical,20810948.0,6023.31
CGNMF,CGN Mining Company Limited,0.3,2,1,9,3,4,0,2,21,-10.0,11.0,Broken,Avoid/exit,11,-13.7,-13.7,-13.4,18.4,0,,Energy,2280204800.0,0.0
AMLIF,American Lithium Corp.,0.312,3,5,8,2,4,2,4,28,-15.0,11.0,Broken,Avoid/exit,20,0.3,-5.5,-3.9,39.1,2,,Basic Materials,80269680.0,159542.42
RLYGF,Riley Gold Corp,0.31,5,3,8,0,3,5,2,26,-15.0,11.0,Broken,Avoid/exit,32,0.0,-7.3,-8.2,33.8,1,,Basic Materials,15140823.0,6220.71
WENNW,Wen Acquisition Corp Warrant,0.35,1,10,2,2,4,0,2,21,-10.0,11.0,Broken,Avoid/exit,27,16.6,-0.0,-1.5,48.5,1,,nan,nan,17681.55
SAFX,"XCF Global, Inc. Class A Common Stock",0.374,1,7,5,0,2,2,2,19,-8.0,11.0,Broken,Avoid/exit,35,-10.9,-19.1,-11.8,41.8,0,,Utilities,136080720.0,12236684.23
AQUEF,Aquarius Engines (A.M) Ltd,0.38,10,6,7,6,0,1,4,34,-28.0,11.0,Broken,🔥 COILED: Avoid/exit,31,0.0,0.0,1.2,100.0,1,,Industrials,14487153.0,18.98
NXGL,Nexgel Inc,0.444,6,9,5,0,2,2,2,26,-13.0,11.0,Broken,Avoid/exit,29,3.2,2.5,-5.0,41.6,1,,Healthcare,4094162.0,216531.5
CBUMF,China National Building Material Company Limited,0.472,3,10,3,0,3,2,2,23,-10.0,11.0,Broken,Avoid/exit,21,0.4,-3.5,-8.9,40.8,1,,Basic Materials,3560367616.0,0.0
YOOV,Concorde International Group Ltd.,0.459,5,8,3,0,4,2,2,24,-11.0,11.0,Broken,Avoid/exit,0,-2.4,-10.8,-11.0,41.9,1,,Industrials,113674328.0,0.0
CBAT,CBAK Energy Technology Inc,0.495,3,14,3,0,4,2,2,28,-15.0,11.0,Broken,Avoid/exit,7,-1.0,-6.6,-6.8,36.8,1,,Industrials,43888556.0,187948.56
FLD,"Fold Holdings, Inc. Class A Common Stock",0.452,6,13,7,5,4,2,2,39,-28,11,Broken,Avoid/exit,19,0.1,15.8,-4.1,41.0,4,,Financial Services,22933762.0,810987.69
IQEPF,IQE PLC,0.538,7,11,7,5,3,4,2,39,-28.0,11.0,Broken,Avoid/exit,43,-14.5,6.5,-5.9,46.1,1,,Technology,716095616.0,1240072.12
TBXXF,Turmalina Metals Corp,0.536,2,7,7,0,4,2,3,25,-15.0,11.0,Broken,Avoid/exit,24,-1.4,-0.7,-5.4,41.6,1,,Basic Materials,171401104.0,169726.51
REKR,Rekor Systems Inc,0.615,3,11,6,0,4,2,2,28,-15.0,11.0,Broken,Avoid/exit,24,1.8,2.5,-3.0,44.9,1,,Technology,84628992.0,3374427.64
BBOE,Black Box Entertainment Ltd,0.61,3,4,3,3,3,3,2,21,-10.0,11.0,Broken,Avoid/exit,30,0.0,0.0,-8.7,1.3,0,,Financial Services,8431698.0,338.81
BLCAF,BLCAF,0.682,3,4,4,2,3,3,2,21,-10.0,11.0,Broken,Avoid/exit,21,0.0,0.0,-3.9,36.7,0,,nan,496822752.0,0.0
PEFDF,Delfi Limited,0.68,1,2,9,3,3,1,2,21,-10.0,11.0,Broken,Avoid/exit,19,-2.9,-2.9,-2.2,29.5,0,,Consumer Defensive,415586752.0,0.0
BKRRF,Blackrock Silver Corp,0.65,5,11,8,2,2,0,3,31,-18.0,11.0,Broken,Avoid/exit,24,-3.7,-0.2,-3.8,43.7,1,,Basic Materials,243931552.0,899865.55
KALA,Kala Pharmaceuticals Inc,0.73,3,10,1,3,3,2,2,24,-11.0,11.0,Broken,Avoid/exit,32,19.6,-13.9,-30.1,31.7,2,,Healthcare,13564969.0,140236.96
LUCY,Innovative Eyewear Inc.,0.742,4,10,0,3,3,4,2,26,-13.0,11.0,Broken,Avoid/exit,27,6.8,-14.5,-7.6,44.1,1,,Healthcare,6388672.0,2502814.0
NXLLF,Nuix Limited,0.81,2,5,1,2,3,0,5,18,-10.0,11.0,Broken,Avoid/exit,11,-8.6,4.9,-3.7,42.2,0,,Technology,274389184.0,117.98
GIFT,"RDE, Inc.",0.865,4,9,8,2,0,0,2,25,-13.0,11.0,Broken,Avoid/exit,30,-3.4,-4.4,-4.2,43.5,1,,Communication Services,29501434.0,75053.86
ELAB,"Elevai Labs, Inc. Common Stock",0.949,4,8,6,3,3,2,2,28,-15.0,11.0,Broken,Avoid/exit,21,0.0,-12.9,-10.4,37.5,2,,Healthcare,4313383.0,3271091.73
WHGRF,WH Group Limited,0.985,1,3,3,4,3,5,2,21,-10.0,11.0,Broken,Avoid/exit,15,0.0,-10.5,-4.5,39.6,0,,Consumer Defensive,13037825024.0,0.0
KMRK,K-Tech Solutions Company Limited Class A Ordinary Shares,0.962,8,7,7,5,0,2,5,34,-23.0,11.0,Broken,Avoid/exit,13,-5.7,-12.6,-10.2,38.5,1,,Consumer Cyclical,20289760.0,352172.49
AIRXX,AIM Investment Securities Funds (Invesco Investment Securities Funds) - Government Money Market Fund,1.0,3,6,1,5,0,2,4,21,-15.0,11.0,Broken,🔥 COILED: Avoid/exit,26,0.0,0.0,-49.0,45.7,0,,nan,nan,0.0
ANDMF,Andromeda Metals Limited,0.005,0,3,0,7,3,0,2,15,-5.0,10.0,Broken,Avoid/exit,10,-39.7,-39.7,-26.9,34.3,1,,Basic Materials,21962248.0,6905.44
ALTPF,Altiplano Metals Inc,0.01,0,1,1,8,3,0,2,15,-5.0,10.0,Broken,Avoid/exit,5,-16.7,-28.6,-19.5,26.5,1,,Basic Materials,1775618.0,44379.78
KGLLF,KGL Resources Limited,0.001,3,3,0,2,3,7,2,20,-10.0,10.0,Broken,Avoid/exit,10,0.0,0.0,-97.6,0.6,0,,Basic Materials,1506303.0,1481.12
ONAR,ONAR Holding Corporation,0.001,2,13,1,0,3,2,2,23,-11.0,10.0,Broken,Avoid/exit,18,11.1,-64.3,-21.0,43.5,1,,Communication Services,127524.0,1140321.23
RGBPP,Regen BioPharma Inc,0.004,9,7,5,4,4,6,2,37,-30.0,10.0,Broken,🔥 COILED: Avoid/exit,36,17.1,36.7,2.2,50.3,3,,Healthcare,123184.0,180937.23
BBIG,Vinco Ventures Inc,0.005,8,5,6,3,4,0,4,30,-20.0,10.0,Broken,Avoid/exit,50,0.0,-21.5,-6.3,48.2,0,,Consumer Cyclical,66300.0,4593.31
ASKED,"AI Music Distribution, Inc.",0.004,7,4,0,5,0,2,2,20,-10.0,10.0,Broken,Avoid/exit,37,-40.0,-49.4,-67.7,43.4,0,,Communication Services,35960.0,9954.93
CLEUF,China Liberal Education Holdings Limited,0.002,5,5,6,3,3,1,2,25,-15.0,10.0,Broken,Avoid/exit,32,0.0,0.0,-24.2,45.2,1,,Consumer Defensive,5723.0,2641.77
SVNNF,Savannah Energy PLC,0.011,3,6,1,2,3,3,2,20,-10.0,10.0,Broken,Avoid/exit,9,0.0,0.0,-53.1,34.7,0,,Energy,23183356.0,21453.09
BYOGF,Bounty Oil & Gas NL,0.018,3,6,1,0,6,7,2,25,-15.0,10.0,Broken,Avoid/exit,36,0.0,0.0,-26.2,11.0,1,,Energy,17627710.0,692.0
NIOVF,Plato Gold Corp,0.017,4,5,2,4,3,0,4,22,-8.0,10.0,Broken,Avoid/exit,19,0.0,14.6,-3.6,47.7,2,,Basic Materials,3990517.0,10954.65
SLMZF,Damara Gold Corp,0.02,3,4,3,2,3,3,2,20,-13.0,10.0,Broken,Avoid/exit,15,0.0,0.0,-20.0,42.4,1,,Basic Materials,719436.0,0.0
MYBUF,Meyer Burger Technology AG,0.02,3,7,5,4,3,1,2,25,-15.0,10.0,Broken,Avoid/exit,36,0.0,0.0,-49.5,37.0,1,,Technology,632770.0,0.0
ZAAGD,"Goliath National, Inc.",0.012,3,4,2,5,0,2,2,18,-8.0,10.0,Broken,Avoid/exit,35,18.8,-42.6,-18.0,41.5,0,,Consumer Cyclical,80416.0,7649.6
HAWRF,Hawk Resources Limited,0.025,12,3,5,6,3,2,4,35,-28.0,10.0,Broken,Avoid/exit,51,0.0,0.0,0.1,93.9,1,,Basic Materials,16973584.0,500.0
DCHRF,Discovery Harbour Resources Corp,0.027,12,4,7,7,3,2,5,40,-30,10,Broken,Avoid/exit,37,0.0,99.3,24.2,89.1,3,,Basic Materials,2877795.0,759.78
IVDAW,Iveda Solutions Inc. Warrant,0.028,5,10,3,3,3,2,5,31,-21.0,10.0,Broken,Avoid/exit,21,2.6,-20.2,-16.0,44.5,1,,nan,nan,11544.69
CFCI,CIPHER-CORE Inc.,0.04,1,3,1,3,4,6,2,20,-10.0,10.0,Broken,Avoid/exit,19,0.0,-9.5,-10.8,32.3,0,,Technology,21128650.0,267.48
SILS,Silver Scott Mines Inc,0.033,1,3,3,6,3,2,2,20,-10.0,10.0,Broken,Avoid/exit,22,0.0,-33.7,-14.5,37.8,0,,Basic Materials,5884718.0,11701.24
PMOMF,Prismo Metals Inc.,0.037,5,6,8,0,0,2,2,23,-13.0,10.0,Broken,Avoid/exit,13,-8.1,-13.3,-10.7,41.8,1,,Basic Materials,5289438.0,35422.12
HBUV,Hubilu Venture Corporation,0.04,8,7,7,3,3,1,4,33,-28.0,10.0,Broken,🔥 COILED: Avoid/exit,27,0.0,0.0,1.4,99.6,1,,Real Estate,1052108.0,14.9
LPKGF,Lupaka Gold Corp,0.041,0,2,0,8,3,0,2,15,-5.0,10.0,Broken,Avoid/exit,16,-84.1,-83.6,-77.8,37.8,1,,Basic Materials,940039.0,770.36
VINS,Vindicator Silver-Lead Mining Co,0.05,2,3,1,5,1,0,5,17,-10.0,10.0,Broken,Avoid/exit,21,0.0,0.0,-8.9,47.0,0,,Basic Materials,599647.0,4029.6
NMEX,Northern Minerals & Exploration Ltd,0.058,0,2,4,3,2,4,2,17,-10.0,10.0,Broken,Avoid/exit,27,-19.0,-41.7,-20.1,41.0,0,,Basic Materials,6947692.0,8115.58
AENRF,AENRF,0.065,0,5,0,8,0,0,2,15,-5.0,10.0,Broken,Avoid/exit,0,-13.3,-28.2,-34.1,41.6,0,,nan,nan,0.0
KBLB,Kraig Biocraft Labs,0.09,5,8,2,1,2,2,2,22,-10.0,10.0,Broken,Avoid/exit,15,0.0,-10.0,-7.2,38.0,0,,Basic Materials,100174456.0,1288924.7
DTREF,DTREF,0.091,3,6,6,3,0,2,2,22,-15.0,10.0,Broken,Avoid/exit,19,-11.8,-19.2,-8.0,42.0,1,,Basic Materials,366958592.0,5695608.43
NRSNW,NeuroSense Therapeutics Ltd. Warrant,0.099,1,8,0,12,0,2,2,25,-15.0,10.0,Broken,Avoid/exit,20,65.4,-15.8,-20.9,44.5,2,8,nan,nan,0.0
EMUS,Electric Metals (USA) Limited,0.12,2,8,4,0,2,2,2,20,-10.0,10.0,Broken,Avoid/exit,7,-4.3,-7.4,-8.8,39.2,0,,Basic Materials,24145258.0,88189.85
GOGAF,GOGAF,0.118,3,4,5,6,0,0,2,20,-13.0,10.0,Broken,Avoid/exit,35,-1.5,-9.2,-3.6,46.0,1,,Financial Services,13410183.0,43755.42
GMGZ,Genuine Marketing Group Inc.,0.131,3,4,3,1,3,4,2,20,-10.0,10.0,Broken,Avoid/exit,20,0.8,0.8,-5.7,10.4,1,,Communication Services,12809930.0,885.54
AIEV,"Thunder Power Holdings, Inc.",0.11,4,5,3,6,3,0,2,23,-13.0,10.0,Broken,Avoid/exit,19,-15.2,-5.8,-11.4,43.2,2,,Consumer Cyclical,11285717.0,16947.62
SOAR,Volato Group Inc.,0.132,5,6,6,0,4,4,2,27,-15.0,10.0,Broken,Avoid/exit,23,-0.5,-4.1,-8.2,41.1,1,,Industrials,7041435.0,9571497.76
ADCOF,Adcore Inc,0.106,3,8,6,1,3,2,2,25,-15.0,10.0,Broken,Avoid/exit,29,5.6,-1.9,-2.6,35.4,1,,Technology,6431408.0,10723.83
SDAWW,SunCar Technology Group Inc.,0.123,11,9,2,3,6,0,2,33,-23.0,10.0,Broken,Avoid/exit,41,-23.4,-25.7,-5.3,49.4,0,,Consumer Cyclical,nan,9444.87
BJCHF,Beijing Capital International Airport Company Limited,0.18,0,2,2,7,0,0,4,15,-5.0,10.0,Broken,Avoid/exit,9,0.0,-10.0,-4.2,29.1,1,,Industrials,824252224.0,561.0
OPTT,Ocean Power Technologies Inc,0.161,4,10,2,1,4,2,2,25,-15.0,10.0,Broken,Avoid/exit,11,-12.3,-18.3,-17.9,30.2,2,,Industrials,43519364.0,7492263.56
EQMEF,Equity Metals Corporation,0.16,4,4,8,3,0,4,2,25,-15.0,10.0,Broken,Avoid/exit,20,-7.5,-2.4,-7.9,40.1,1,,Basic Materials,39935892.0,314631.78
CYDVF,Cypress Development Corp,0.185,3,9,5,4,0,2,2,25,-15.0,10.0,Broken,Avoid/exit,19,2.8,2.8,-1.3,46.9,2,,Basic Materials,36105700.0,174694.36
MAUUF,Manhattan Uranium Discovery Corp.,0.19,4,9,6,4,0,4,2,29,-19.0,10.0,Broken,Avoid/exit,23,-7.6,-4.7,-9.7,43.1,1,,Basic Materials,20970340.0,16838.3
GRLMF,GRLMF,0.19,5,4,3,4,2,2,5,25,-15.0,10.0,Broken,Avoid/exit,20,-5.1,-13.1,-5.1,46.2,1,,Basic Materials,19245950.0,32031.62
LCCCR,Lakeshore Acquisition III Corp. Rights,0.182,2,5,4,0,8,0,2,21,-11.0,10.0,Broken,Avoid/exit,35,-9.1,26.1,-4.4,47.6,2,,nan,nan,0.0
OPENL,OPENDOOR TECHNOLOGIES INC SERIES A,0.18,1,7,2,1,4,0,2,17,-8.0,10.0,Broken,Avoid/exit,24,-10.0,-25.9,-17.3,38.3,0,,nan,nan,0.0
YARRF,Pirate Gold Corp.,0.157,4,11,8,1,3,0,2,29,-19.0,10.0,Broken,Avoid/exit,0,0.3,3.4,-1.3,47.4,0,,nan,nan,0.0
TERS,Tersis Technologies Inc.,0.24,15,3,3,9,3,2,5,40,-30,10,Broken,Avoid/exit,61,-4.0,33.3,10.7,56.8,3,,Industrials,20582970.0,8733.5
MUNMF,Mundoro Capital Inc,0.258,7,8,6,2,4,3,3,33,-28,10,Broken,🔥 COILED: Avoid/exit,36,3.2,12.2,1.7,50.9,3,,Basic Materials,28931652.0,55746.86
PCRCF,Bolt Metals Corp,0.272,3,5,4,3,3,2,2,22,-15.0,10.0,Broken,Avoid/exit,30,-6.1,-24.4,-15.6,42.8,1,,Basic Materials,6164433.0,0.0
CYAB,"Cyabra, Inc. Common Stock",0.279,3,11,4,0,3,2,2,25,-13.0,10.0,Broken,Avoid/exit,0,3.3,-18.0,-15.4,33.7,2,,Technology,4248711.0,0.0
CMTNF,Cullinan Metals Corp.,0.25,2,6,7,3,3,0,2,23,-13.0,10.0,Broken,Avoid/exit,44,-17.6,-16.9,-14.0,33.1,1,,Basic Materials,2459558.0,1741.01
AMGRF,AMA Group Limited,0.311,3,4,4,4,3,5,2,25,-15.0,10.0,Broken,Avoid/exit,25,0.0,0.0,-6.2,21.5,1,,Consumer Cyclical,149770304.0,1058.59
MTNB,Matinas BioPharma Holdings Inc,0.317,5,9,0,3,2,4,2,25,-13.0,10.0,Broken,Avoid/exit,18,27.5,-11.1,-19.8,37.4,1,,Healthcare,2033325.0,1564013.73
CUPPF,CUPPF,0.32,6,6,4,0,5,3,2,26,-12.0,10.0,Broken,Avoid/exit,21,2.0,3.3,-3.0,46.3,0,,nan,nan,38510.75
GFTFF,Grafton Resources Inc.,0.329,2,3,4,4,0,2,2,17,-10.0,10.0,Broken,Avoid/exit,0,-6.0,-3.7,-8.7,41.0,0,,nan,nan,0.0
TFGL,Nuvonyx Inc,0.379,3,1,7,5,3,4,2,25,-15.0,10.0,Broken,Avoid/exit,22,0.0,-21.0,-10.8,22.9,1,,Financial Services,671570.0,1157.4
HZEN,Zencash Investment Trust,0.418,1,6,2,1,4,2,2,18,-8.0,10.0,Broken,Avoid/exit,20,-7.9,-18.7,-12.6,35.3,0,,nan,nan,90317.15
FOSUF,Fosun International Ltd,0.49,17,5,2,5,6,0,5,40,-30,10,Broken,Avoid/exit,48,0.0,14.0,6.5,100.0,3,,Industrials,3465276928.0,72.0
DDC,DDC Enterprise Limited,0.481,3,9,3,2,4,2,2,25,-13.0,10.0,Broken,Avoid/exit,17,6.0,-11.1,-21.1,27.5,2,,Consumer Defensive,22852330.0,87285.05
DXF,Eason Technology Limited,0.46,4,9,5,1,4,0,2,25,-13.0,10.0,Broken,Avoid/exit,22,-11.5,-14.8,-11.3,43.9,1,,Financial Services,1472360.0,2925197.98
CPTLF,The Blockchain Group,0.547,3,5,8,1,0,0,5,22,-15.0,10.0,Broken,Avoid/exit,24,-5.7,-7.8,-3.0,45.7,1,,Technology,164494304.0,5500.17
ZEO,Zeo Energy Corp.,0.52,3,10,4,0,2,2,2,23,-13.0,10.0,Broken,Avoid/exit,12,1.0,-10.3,-9.2,34.2,1,,Technology,44855180.0,158670.34
BEAT,Heartbeam Inc,0.517,3,6,4,6,4,2,2,27,-15.0,10.0,Broken,Avoid/exit,13,-3.3,-10.1,-11.3,36.3,2,,Healthcare,28708136.0,4733208.61
VANAF,Largo Physical Vanadium Corp.,0.51,1,3,2,4,3,5,2,20,-10.0,10.0,Broken,Avoid/exit,18,0.0,0.0,-5.6,1.3,0,,Basic Materials,8576568.0,381.42
MANA,Manatron Inc,0.56,3,5,4,1,2,4,5,24,-10.0,10.0,Broken,Avoid/exit,21,-14.0,-8.3,-8.6,44.1,0,,nan,nan,14085.71
MOBQ,Mobiquity Technologies Inc,0.643,1,3,6,9,0,2,2,23,-13.0,10.0,Broken,Avoid/exit,17,-19.7,-15.4,-15.8,39.5,1,,Communication Services,17877592.0,58350.87
PMMCF,Pampa Metals Corporation,0.735,3,7,9,0,4,0,2,25,-15.0,10.0,Broken,Avoid/exit,42,-4.4,1.5,-5.5,41.4,1,,Basic Materials,200920080.0,91722.1
ASMMF,Australian Strategic Materials Ltd,0.701,4,12,5,1,3,0,2,27,-15.0,10.0,Broken,Avoid/exit,18,-7.1,-4.6,-6.5,39.7,1,,Basic Materials,182059568.0,97822.77
STEX,Streamex Corp,0.749,1,12,5,0,3,2,2,25,-13.0,10.0,Broken,Avoid/exit,22,-2.0,0.9,-7.0,42.2,1,,Financial Services,159773984.0,1535813.54
ICMB,Investcorp Credit Management BDC Inc,0.779,3,8,4,1,3,2,2,23,-11.0,10.0,Broken,Avoid/exit,11,-0.4,-9.3,-9.6,31.3,1,,Financial Services,11247225.0,57930.91
MCCHF,McChip Resources Inc,0.8,5,3,10,6,0,2,4,30,-23.0,10.0,Broken,Avoid/exit,0,0.0,0.0,-0.0,87.2,0,,Energy,4768077.0,0.0
CGC,Canopy Growth Corp,0.918,1,9,7,0,3,2,3,25,-13.0,10.0,Broken,Avoid/exit,30,1.4,-1.0,-1.4,44.8,2,,Healthcare,411646208.0,15961696.29
FOFA,Family Office of America Inc.,0.9,3,8,4,0,3,5,2,25,-15.0,10.0,Broken,Avoid/exit,40,0.0,0.0,-6.4,29.9,2,,Healthcare,27316802.0,579.0
LKSPR,Lake Superior Acquisition Corp. Rights,0.925,2,11,9,3,3,0,2,30,-20.0,10.0,Broken,Avoid/exit,26,-15.9,-11.9,-3.8,47.1,0,,nan,nan,0.0
PSRHF,PSRHF,1.0,3,7,8,0,3,2,2,25,-13.0,10.0,Broken,Avoid/exit,28,-7.0,-5.7,-4.2,43.3,1,,Basic Materials,213546560.0,679933.28
LASE,Laser Photonics Corporation Common Stock,0.98,3,10,3,3,2,4,2,27,-15.0,10.0,Broken,Avoid/exit,27,-11.7,-15.5,-19.0,37.4,1,,Industrials,49172668.0,5537165.83
IPLXX,Voya Investors Trust - Voya Liquid Assets Portfolio,1.0,1,2,2,6,3,2,4,20,-10.0,10.0,Broken,Avoid/exit,18,-0.0,0.0,-0.0,29.6,0,,nan,nan,0.0
ISPXX,Voya Investors Trust - Voya Liquid Assets Portfolio,1.0,1,2,2,6,3,2,4,20,-10.0,10.0,Broken,Avoid/exit,17,-0.0,0.0,-0.0,29.6,0,,nan,nan,0.0
ITLXX,Voya Investors Trust - Voya Liquid Assets Portfolio,1.0,1,2,2,6,3,2,4,20,-10.0,10.0,Broken,Avoid/exit,18,-0.0,0.0,-0.0,29.6,0,,nan,nan,0.0
FRQN,"Frequency Holdings, Inc.",0.005,8,5,1,3,3,0,5,25,-16.0,9.0,Broken,Avoid/exit,43,-33.3,-41.2,-29.2,47.6,0,,Technology,24625382.0,46693.77
HYTLF,HYTLF,0.01,3,8,2,3,2,0,2,20,-11.0,9.0,Broken,Avoid/exit,11,0.0,3.1,-11.2,46.3,1,,Energy,19973268.0,427986.68
LMMFF,Lithium Australia NL,0.006,1,7,2,5,0,2,2,19,-10.0,9.0,Broken,Avoid/exit,25,13.2,-3.2,-2.9,42.5,0,,Industrials,12386203.0,7075.62
SKPO,Skye Petroleum Inc,0.003,13,4,8,8,1,0,5,39,-30,9,Broken,Avoid/exit,41,-3.2,15.4,3.0,57.1,3,,Energy,749878.0,46523.75
OWUV,One World Universe Inc,0.002,6,5,1,6,0,2,2,22,-13.0,9.0,Broken,Avoid/exit,15,-7.7,-17.2,-12.5,42.7,1,,Industrials,479542.0,99374.66
NUGS,Cannabis Strategic Ventures,0.001,5,5,2,0,3,2,2,19,-10.0,9.0,Broken,Avoid/exit,28,0.0,0.0,-6.3,45.0,0,,Healthcare,368431.0,0.0
MVES,Movie Studio Inc,0.001,3,3,5,0,3,3,2,19,-10.0,9.0,Broken,Avoid/exit,21,0.0,0.0,-14.8,27.0,0,,Communication Services,214872.0,51382.94
TRII,Trio Resources Inc,0.001,0,1,9,4,3,0,2,19,-10.0,9.0,Broken,Avoid/exit,7,-8.3,-8.3,-8.0,15.5,0,,Consumer Defensive,199418.0,46348.17
QTCI,Quantum Capital Inc,0.003,4,3,2,0,3,5,2,19,-10.0,9.0,Broken,Avoid/exit,30,0.0,-70.0,-43.4,17.7,0,,Financial Services,166174.0,719.7
ENTBF,Entheon Biomedical Corp,0.004,1,3,2,6,3,0,4,19,-10.0,9.0,Broken,Avoid/exit,16,0.0,-88.6,-67.5,30.8,0,,Healthcare,55435.0,343.5
FRQND,"Frequency Holdings, Inc.",0.005,8,5,1,3,3,0,5,25,-16.0,9.0,Broken,Avoid/exit,43,-33.3,-41.2,-29.2,47.6,0,,Technology,nan,46693.77
MUSLF,Promino Nutritional Sciences Inc,0.021,6,15,4,4,3,1,2,35,-26,9,Broken,Avoid/exit,19,3.5,-11.9,-5.6,47.1,1,,Consumer Defensive,4303600.0,64028.08
LTESF,LEET Inc.,0.02,3,4,1,1,6,2,2,19,-10.0,9.0,Broken,Avoid/exit,32,0.0,-33.3,-16.7,42.7,0,,Communication Services,3021925.0,495.93
URANF,International Prospect Ventures Ltd,0.02,4,1,2,3,3,4,2,19,-10.0,9.0,Broken,Avoid/exit,32,0.0,-33.7,-16.5,16.5,0,,Basic Materials,1451236.0,1056.0
CHME,China Medicine Corporation,0.02,6,2,2,0,3,3,3,19,-10.0,9.0,Broken,Avoid/exit,29,-2.4,-2.4,-6.6,28.3,0,,Healthcare,474241.0,13212.56
TRUFF,Red Light Holland Corp,0.022,7,9,5,0,2,4,2,29,-18.0,9.0,Broken,Avoid/exit,37,-2.3,-2.3,-3.8,46.9,2,,Healthcare,13106013.0,224220.63
TOGI,"TurnOnGreen, Inc",0.023,1,5,6,5,7,0,2,26,-15.0,9.0,Broken,Avoid/exit,26,-5.8,-4.2,-6.7,39.2,2,,Industrials,4176417.0,199566.73
DGNMF,Diagnamed Holdings Corp.,0.034,11,8,6,2,3,3,3,36,-30.0,9.0,Broken,Avoid/exit,21,-3.1,26.0,5.7,52.1,3,,Healthcare,4461555.0,108829.41
WCUFF,World Copper Ltd,0.035,8,3,1,15,2,5,5,39,-30.0,9.0,Broken,Avoid/exit,45,-74.8,404.3,-46.3,46.2,3,,Basic Materials,464249.0,13499.51
HAYAF,HAYAF,0.046,1,3,3,3,3,4,2,19,-10.0,9.0,Broken,Avoid/exit,21,4.1,-7.3,-5.9,37.2,0,,Basic Materials,3414394.0,29086.99
ONPH,Oncology Pharma Inc,0.055,9,8,2,0,6,2,2,29,-18.0,9.0,Broken,Avoid/exit,40,-21.4,9.8,-8.0,47.8,2,,Financial Services,1901957.0,26352.52
FASLF,First Andes Silver Ltd.,0.063,0,3,7,5,6,0,3,24,-15.0,9.0,Broken,Avoid/exit,24,-7.6,-11.5,-4.4,37.4,1,,Basic Materials,5472118.0,70595.24
BKIRF,Black Iron Inc,0.079,5,4,6,3,0,0,3,21,-12.0,9.0,Broken,Avoid/exit,32,-6.6,-7.7,-3.5,47.0,0,,Basic Materials,26253810.0,39598.25
CTVFF,CleanTech Vanadium Mining Corp,0.08,1,10,5,0,4,2,2,24,-13.0,9.0,Broken,Avoid/exit,28,3.7,-7.8,-4.1,42.8,2,,Basic Materials,11470285.0,231651.96
NOWVF,NowVertical Group Inc,0.071,3,8,3,3,3,2,2,24,-15.0,9.0,Broken,Avoid/exit,18,0.1,6.9,-4.7,37.1,2,,Technology,6983965.0,9016.89
SABOF,Sabio Holdings Inc.,0.084,1,3,2,4,3,4,2,19,-10.0,9.0,Broken,Avoid/exit,14,0.0,-19.2,-9.9,0.2,0,,Communication Services,4556345.0,1417.04
TWRFF,Tower Resources Ltd,0.093,2,5,2,4,6,3,2,24,-15.0,9.0,Broken,Avoid/exit,18,0.0,0.0,-5.7,35.8,1,,Basic Materials,16184455.0,11015.9
COPAF,CopAur Minerals Inc,0.096,1,6,7,5,3,4,5,31,-18.0,9.0,Broken,Avoid/exit,20,-4.7,-3.7,-4.5,44.3,1,,Basic Materials,11372492.0,81675.4
DDOSF,Corero Network Security plc,0.129,1,3,3,4,3,3,2,19,-10.0,9.0,Broken,Avoid/exit,20,0.0,-10.2,-8.0,6.6,0,,Technology,65966868.0,7092.91
BBBMF,Huntsman Exploration Inc,0.111,9,7,5,2,3,3,5,34,-28.0,9.0,Broken,Avoid/exit,26,0.9,11.0,4.3,51.4,3,,Basic Materials,8536479.0,35036.27
CRTTF,Cortus Metals Inc,0.105,4,10,1,0,3,2,2,22,-13.0,9.0,Broken,Avoid/exit,33,5.0,-4.5,-5.9,41.0,2,,Basic Materials,3083850.0,2108.54
MURMF,Murchison Minerals Ltd,0.144,1,7,3,1,3,2,2,19,-10.0,9.0,Broken,Avoid/exit,31,0.0,-7.2,-7.0,39.3,0,,Basic Materials,2991563.0,10447.33
APACR,StoneBridge Acquisition II Corporation Rights,0.121,1,4,0,10,0,0,2,17,-8.0,9.0,Broken,Avoid/exit,15,-16.5,-21.4,-15.6,42.6,0,,nan,nan,0.0
SRLZF,Salazar Resources Limited,0.19,16,6,3,5,3,2,4,39,-30,9,Broken,Avoid/exit,67,0.0,18.8,4.8,54.6,3,,Basic Materials,50616884.0,38973.77
ASFH,AsiaFIN Holdings Corp.,0.174,3,6,2,0,3,3,2,19,-10.0,9.0,Broken,Avoid/exit,8,0.0,0.0,-16.2,0.0,0,,Technology,14286123.0,336.87
FAMI,Farmmi Inc,0.157,3,7,3,4,3,2,2,24,-13.0,9.0,Broken,Avoid/exit,8,-21.6,-17.5,-45.2,25.2,1,,Consumer Defensive,5870271.0,245107.15
MEXGF,Mexican Gold Mining Corp,0.16,15,5,3,5,3,7,5,43,-30,9,Broken,Avoid/exit,60,-30.5,43.9,-6.1,50.7,3,,Basic Materials,5691986.0,0.0
RPDL,Rapid-Line Inc.,0.16,6,5,1,6,0,4,2,24,-15.0,9.0,Broken,Avoid/exit,20,-11.3,-11.3,-16.7,44.9,1,,Consumer Defensive,929984.0,2402.08
GARPF,Golden Agri-Resources Ltd,0.21,0,3,3,6,3,0,4,19,-10.0,9.0,Broken,Avoid/exit,28,-16.0,-16.0,-6.4,38.2,0,,Consumer Defensive,2663151104.0,0.0
JNDAF,Jindalee Resources Limited,0.229,0,6,6,6,0,4,2,24,-15.0,9.0,Broken,Avoid/exit,14,-10.1,-8.3,-9.8,40.4,1,,Basic Materials,28933858.0,38490.99
COSM,Cosmos Health Inc.,0.2,1,10,1,0,3,4,3,22,-11.0,9.0,Broken,Avoid/exit,24,0.0,-28.8,-10.4,41.8,1,,Healthcare,12421887.0,3476602.85
CRAQR,Cal Redwood Acquisition Corp. Right,0.21,13,3,3,4,1,0,5,29,-20.0,9.0,Broken,Avoid/exit,30,-8.7,5.0,-0.9,49.8,0,,nan,nan,0.0
INJJF,Intrum AB (publ),0.296,3,5,1,0,3,7,2,21,-15.0,9.0,Broken,Avoid/exit,22,0.0,-2.9,-99.1,48.1,1,,Financial Services,940845248.0,1304.26
SYHBF,Skyharbour Resources Ltd,0.265,0,8,7,1,4,0,2,22,-11.0,9.0,Broken,Avoid/exit,16,-7.3,-6.0,-5.4,41.1,0,,Basic Materials,57477964.0,132149.14
GCTS-WT,"GCT Semiconductor Holding, Inc. WT",0.29,3,9,0,3,2,0,2,19,-8.0,9.0,Broken,Avoid/exit,37,-19.8,-3.3,-18.2,38.4,0,,nan,nan,89255.52
AGAGF,AGAGF,0.332,3,11,8,3,4,0,3,32,-23.0,9.0,Broken,Avoid/exit,30,-1.8,1.5,-1.3,47.6,1,,Basic Materials,96363016.0,675924.78
CEXYF,Copper One Resources Corp.,0.326,6,7,3,3,3,0,2,24,-15.0,9.0,Broken,Avoid/exit,32,-5.9,-11.9,-9.3,39.7,1,,Basic Materials,9769877.0,119828.76
CRWE,Crown Equity Holdings Inc,0.316,3,3,0,9,0,2,2,19,-6.0,9.0,Broken,Avoid/exit,6,-26.5,-26.5,-29.6,34.3,1,,Communication Services,5035928.0,236.82
BYAH,"Park Ha Biological Technology Co., Ltd.",0.348,6,7,2,3,2,2,2,24,-13.0,9.0,Broken,Avoid/exit,20,-13.0,-17.9,-36.7,32.5,1,,Consumer Defensive,2214747.0,1593376.0
PCAPW,ProCap Acquisition Corp Warrant,0.32,7,8,1,6,4,0,4,30,-21.0,9.0,Broken,Avoid/exit,34,-4.4,0.0,-1.4,48.4,0,,nan,nan,13303.17
AENTW,Alliance Entertainment Holding Corporation Warrants,0.375,1,6,0,4,2,4,2,19,-10.0,9.0,Broken,Avoid/exit,22,-1.3,-7.6,-27.9,42.4,0,,nan,nan,17615.62
ZNOG,Zion Oil & Gas Inc,0.41,7,10,2,4,4,0,2,29,-18.0,9.0,Broken,Avoid/exit,44,-12.8,7.9,-4.3,45.0,1,,Energy,485348800.0,3611589.29
JUSHF,Jushi Holdings Inc,0.415,1,13,3,0,3,2,2,24,-13.0,9.0,Broken,Avoid/exit,25,3.5,-7.8,-3.6,44.4,1,,Healthcare,82874088.0,312647.99
BCBNF,Base Carbon Inc,0.408,3,8,2,0,2,4,5,24,-15.0,9.0,Broken,Avoid/exit,7,-7.8,-9.5,-4.6,42.6,1,,Financial Services,41137084.0,68688.74
FMTOF,Femto Technologies Inc.,0.433,3,4,4,0,3,3,2,19,-10.0,9.0,Broken,Avoid/exit,21,-2.0,-2.0,-11.6,28.6,0,,Technology,449356.0,1411.21
ATYR,"aTyr Pharma, Inc.",0.48,1,12,2,3,2,0,2,22,-13.0,9.0,Broken,Avoid/exit,17,-3.6,-7.0,-5.7,43.1,1,,Healthcare,47064584.0,2479757.17
SUGP,SU Group Holdings Limited Ordinary Shares,0.475,3,12,3,0,2,4,2,26,-15.0,9.0,Broken,Avoid/exit,15,-2.5,-8.1,-23.3,31.3,1,,Industrials,2549064.0,2448477.84
TIANF,Tianneng Power International Limited,0.597,1,4,1,5,3,3,2,19,-10.0,9.0,Broken,Avoid/exit,8,0.0,0.0,-12.7,0.0,0,,Consumer Cyclical,671845888.0,15.0
GMLPF,Golar LNG Partners LP Series A Pref,0.555,5,3,3,6,0,0,2,19,-10.0,9.0,Broken,Avoid/exit,26,-43.4,-39.0,-45.9,31.5,0,,Energy,nan,17875.36
CELU,Celularity Inc,0.68,2,7,3,4,2,4,5,27,-18.0,9.0,Broken,Avoid/exit,13,-10.5,-11.5,-8.3,40.2,1,,Healthcare,19683254.0,129197.88
VIOT,Viomi Technology ADR,0.756,4,2,4,3,2,2,2,19,-10.0,9.0,Broken,Avoid/exit,22,-0.6,-7.9,-4.8,37.8,0,,Consumer Cyclical,50868296.0,322263.64
BUMTF,BUMTF,0.809,0,1,0,7,0,4,2,14,-1.0,9.0,Broken,Avoid/exit,6,-37.8,-37.8,-35.4,0.0,0,,Consumer Defensive,1403095808.0,64.59
NRDY,Nerdy Inc,0.845,2,3,3,5,5,4,2,24,-15.0,9.0,Broken,Avoid/exit,40,2.0,-0.6,-2.0,45.5,2,,Technology,161240784.0,795282.84
LHAI,Linkhome Holdings Inc. Common stock,0.812,4,8,2,3,2,2,2,23,-15.0,9.0,Broken,Avoid/exit,27,-14.5,-24.1,-18.5,43.6,1,,Real Estate,13428972.0,2838865.86
GROY-WT,Gold Royalty Corp,0.87,3,9,6,1,3,0,2,24,-13.0,9.0,Broken,Avoid/exit,15,-7.4,-3.3,-6.4,42.5,0,,nan,nan,32949.11
BJDX,Bluejay Diagnostics Inc,0.929,3,9,1,3,4,2,2,24,-13.0,9.0,Broken,Avoid/exit,14,-18.5,-28.5,-33.3,32.9,1,,Healthcare,961560.0,1333005.26
APXCF,Apex Critical Metals Corp.,0.962,6,4,4,6,2,2,2,26,-15.0,9.0,Broken,Avoid/exit,14,-1.9,-5.4,-5.6,37.9,1,,Basic Materials,94120736.0,50035.65
SAAQW,Space Asset Acquisition Corp. Warrants,0.95,9,4,4,3,0,7,2,29,-18.0,9.0,Broken,Avoid/exit,0,11.8,-7.8,-1.1,50.0,1,,nan,nan,0.0
GES,Guess? Inc.,0.005,3,7,3,0,3,0,2,18,-10.0,8.0,Broken,Avoid/exit,17,-16.7,-16.7,-96.5,1.4,0,,Consumer Cyclical,876670656.0,0.0
RLTR,Reeltime Rentals Inc,0.011,2,2,2,5,3,0,2,16,-8.0,8.0,Broken,Avoid/exit,20,-15.5,-17.4,-11.5,42.8,0,,Communication Services,1333160.0,153091.91
GSSRF,Gossan Resources Limited,0.004,3,4,2,4,3,5,2,23,-15.0,8.0,Broken,Avoid/exit,15,0.0,0.0,-45.1,1.9,1,,Basic Materials,730360.0,4557.55
FMBV,Full Motion Beverage Inc,0.003,10,4,9,3,3,2,4,35,-23.0,8.0,Broken,Avoid/exit,18,0.0,0.0,-0.1,26.2,1,,Consumer Defensive,623067.0,6919.11
EVLLF,EnviroLeach Technologies Inc,0.004,0,2,9,5,0,0,2,18,-10.0,8.0,Broken,Avoid/exit,6,-10.0,-10.0,-13.8,37.2,0,,Basic Materials,568036.0,109430.16
TRWD,TRWD,0.01,4,8,1,3,3,2,2,23,-13.0,8.0,Broken,Avoid/exit,17,-6.5,0.0,-39.5,39.7,2,,Consumer Defensive,334669.0,196553.43
LEHLQ,LEHMAN BROTHERS HOLDINGS CAP TS,0.001,1,1,5,5,0,0,4,16,-8.0,8.0,Broken,Avoid/exit,32,-9.1,-9.1,-7.3,26.6,0,,Other,nan,407.0
VSMR,Verify Smart Corp,0.02,3,11,7,1,3,2,4,31,-23.0,8.0,Broken,Avoid/exit,28,14.7,15.3,1.3,47.2,3,,Technology,11935360.0,8921.0
IONGF,Ion Energy Ltd,0.011,0,2,0,9,0,0,2,13,-5.0,8.0,Broken,Avoid/exit,9,-26.0,-60.4,-43.7,36.0,1,,Basic Materials,2184391.0,18337.29
INVU,Investview Inc,0.024,7,3,3,5,3,0,2,23,-15.0,8.0,Broken,Avoid/exit,32,-7.2,-9.6,-5.8,37.8,1,,Technology,45329756.0,1086916.23
ACIXF,Acarix AB (publ),0.022,1,3,3,4,3,2,2,18,-10.0,8.0,Broken,Avoid/exit,9,0.0,-16.2,-11.4,20.9,0,,Healthcare,25887462.0,18103.56
NVSGF,Nevada Sunrise Gold Corporation,0.022,0,2,7,7,3,0,2,21,-13.0,8.0,Broken,Avoid/exit,35,-26.3,-26.3,-23.3,27.7,1,,Basic Materials,3553528.0,135329.46
SOLCF,SOL Global Investments Corp,0.022,4,6,1,3,0,4,5,23,-15.0,8.0,Broken,Avoid/exit,18,10.0,10.0,-31.9,45.1,2,,Financial Services,585469.0,15948.72
SBLRF,Sable Resources Ltd,0.032,0,5,3,3,4,4,2,21,-13.0,8.0,Broken,Avoid/exit,14,-17.7,-25.3,-18.8,24.2,0,,Basic Materials,10247410.0,69672.74
BVLDF,Bold Ventures Inc,0.05,6,6,2,3,0,2,2,21,-13.0,8.0,Broken,Avoid/exit,47,25.9,-16.7,-1.7,47.8,1,,Basic Materials,5271199.0,7306.65
XXMMF,Ximen Mining Corp,0.042,3,4,0,8,0,0,2,17,-5.0,8.0,Broken,Avoid/exit,14,-16.6,-12.2,-23.6,42.3,1,,Basic Materials,2959591.0,0.0
ILLRW,Triller Group Inc. Warrant,0.046,7,6,4,0,3,5,2,27,-19.0,8.0,Broken,Avoid/exit,45,-26.5,13.4,-11.6,48.7,2,,nan,nan,0.0
CWSFF,Cielo Waste Solutions Corp,0.052,5,8,6,1,3,3,2,28,-16.0,8.0,Broken,Avoid/exit,35,4.9,-3.9,-0.1,49.3,1,,Industrials,10876416.0,53099.34
STLXF,Stellar AfricaGold Inc,0.057,6,7,2,5,2,4,5,31,-23.0,8.0,Broken,Avoid/exit,27,-2.4,7.4,-1.1,49.6,1,,Basic Materials,3693590.0,22390.94
SLDPW,Solid Power Inc,0.06,3,10,2,1,3,2,2,23,-13.0,8.0,Broken,Avoid/exit,18,24.5,-31.9,-15.9,41.8,2,,nan,nan,71267.61
VBAMF,Vital Battery Metals Inc.,0.078,3,5,2,2,3,3,2,20,-15.0,8.0,Broken,Avoid/exit,26,0.0,0.0,-7.0,42.4,1,,Basic Materials,7323106.0,1705.15
BRWXF,Brunswick Exploration Inc.,0.089,3,7,5,0,4,0,2,21,-13.0,8.0,Broken,Avoid/exit,9,-7.2,-13.1,-9.2,33.5,1,,Basic Materials,24666954.0,96313.52
FUST,Fuse Group Holding Inc,0.09,4,2,9,2,0,3,3,23,-15.0,8.0,Broken,Avoid/exit,22,-2.2,-2.2,-2.5,35.4,1,,Basic Materials,1550314.0,4223.45
BOTY,Lingerie Fighting Championships Inc,0.092,3,12,7,0,3,2,2,29,-21.0,8.0,Broken,Avoid/exit,35,-0.8,-8.6,-5.0,47.1,2,,Communication Services,168829.0,2068.32
PTITF,PT Indosat Tbk,0.112,1,3,3,3,3,3,2,18,-10.0,8.0,Broken,Avoid/exit,0,0.0,0.0,-7.5,18.9,0,,Communication Services,4892886016.0,0.0
AFGYF,AFC Energy plc,0.137,9,13,4,2,3,2,3,36,-28,8,Broken,Avoid/exit,32,30.5,28.0,10.1,52.9,4,,Industrials,155705872.0,2302.5
PLNH,Planet 13 Holdings Inc.,0.122,7,10,6,2,4,2,2,33,-23.0,8.0,Broken,Avoid/exit,28,8.0,-3.2,-2.0,46.0,1,,Healthcare,40089704.0,650717.47
AETN,Aeternum Health Inc.,0.1,3,3,2,3,5,0,4,20,-15.0,8.0,Broken,Avoid/exit,0,-21.3,-9.1,-10.4,45.6,1,,Consumer Cyclical,9610520.0,0.0
TTTMF,Total Metals Corp.,0.143,3,8,4,2,4,0,2,23,-15.0,8.0,Broken,Avoid/exit,30,-3.0,-8.9,-9.4,39.5,1,,Basic Materials,8773490.0,0.0
PWMXF,PWMXF,0.13,1,10,2,5,2,2,2,24,-16.0,8.0,Broken,Avoid/exit,27,-17.6,-13.0,-13.6,37.1,1,,nan,nan,0.0
KLKLF,Kirkland Lake Discoveries Corp.,0.184,2,5,7,5,2,0,2,23,-15.0,8.0,Broken,Avoid/exit,24,-2.8,-4.3,-9.8,38.4,1,,Basic Materials,38452660.0,124815.79
VLMGF,Viscount Mining Corp,0.178,0,4,2,6,2,2,2,18,-10.0,8.0,Broken,Avoid/exit,13,-16.9,-15.5,-16.5,36.8,0,,Basic Materials,21339986.0,19251.51
CDBMF,Cordoba Minerals Corp,0.174,3,10,1,0,3,2,2,21,-13.0,8.0,Broken,Avoid/exit,19,-3.7,-21.1,-25.2,27.6,1,,Basic Materials,16973454.0,0.0
FRGGF,Forge Resources Corp.,0.202,3,5,2,9,3,0,2,24,-16.0,8.0,Broken,Avoid/exit,12,-12.0,-13.1,-11.7,40.5,1,,Basic Materials,22912104.0,6662.7
PNTZF,Trigon Metals Inc,0.201,2,4,2,5,3,0,2,18,-10.0,8.0,Broken,Avoid/exit,16,-10.8,-20.7,-10.3,34.2,0,,Basic Materials,10999639.0,15805.57
AIM,AIM ImmunoTech Inc,0.235,3,3,6,5,2,2,2,23,-15.0,8.0,Broken,Avoid/exit,15,-6.0,-13.9,-13.3,35.5,1,,Healthcare,6515197.0,10098559.26
BZAIW,"Blaize Holdings, Inc. Warrants",0.21,1,9,1,1,3,0,2,17,-10.0,8.0,Broken,Avoid/exit,13,-23.4,-8.5,-22.4,40.5,0,,nan,6519961.0,59096.82
PAANF,Pan American Energy Corp,0.214,1,11,2,0,3,0,4,21,-13.0,8.0,Broken,Avoid/exit,19,2.4,-21.5,-6.0,45.6,1,,Basic Materials,5333383.0,29056.03
MBQIF,MBQIF,0.201,2,5,2,5,0,0,2,16,-8.0,8.0,Broken,Avoid/exit,0,-4.1,-36.3,-37.0,40.1,0,,nan,nan,0.0
GELNF,Gelion plc,0.25,2,3,2,3,6,5,2,23,-15.0,8.0,Broken,Avoid/exit,36,0.0,-3.8,-1.7,25.3,1,,Industrials,57355364.0,551.0
CLMHF,Calgro M3 Holdings Limited,0.251,3,4,1,2,3,3,2,18,-10.0,8.0,Broken,Avoid/exit,11,0.0,0.0,-1.9,0.0,0,,Consumer Cyclical,23950070.0,1343.0
CNQQF,Clean Teq Water Ltd,0.33,3,5,1,4,3,0,5,21,-13.0,8.0,Broken,Avoid/exit,47,-52.9,3.1,-25.5,40.6,1,,Utilities,29193546.0,5864.84
ZLDAF,Zelira Therapeutics Limited,0.3,3,4,3,3,3,5,2,23,-15.0,8.0,Broken,Avoid/exit,27,0.0,0.0,-2.7,1.4,1,,Healthcare,3944146.0,237.46
NDVLY,New World Development Co Ltd ADR,0.39,4,14,6,2,3,2,5,36,-28.0,8.0,Broken,Avoid/exit,26,8.3,11.4,4.7,52.4,3,,Real Estate,2216212992.0,5434.38
CPFXF,Copper Fox Metals Inc,0.404,1,8,4,0,3,0,2,18,-8.0,8.0,Broken,Avoid/exit,25,-6.0,-3.8,-5.8,40.0,0,,Basic Materials,222774992.0,27582.38
HUSIF,Nicola Mining Inc,0.474,4,6,4,3,0,5,3,25,-15.0,8.0,Broken,Avoid/exit,25,-0.4,-3.3,-2.4,44.5,1,,Basic Materials,112467600.0,23672.08
SES,SES AI Corp,0.541,1,10,2,1,3,4,2,23,-15.0,8.0,Broken,Avoid/exit,15,0.8,-13.4,-18.3,32.4,2,,Consumer Cyclical,199893088.0,10613412.39
LMEDD,LataMed AI Corp.,0.54,1,8,0,3,2,2,2,18,-8.0,8.0,Broken,Avoid/exit,22,-24.5,-56.1,-60.7,33.4,0,,Technology,151563952.0,315878.16
CVWFF,CVW CleanTech Inc,0.52,1,3,2,5,3,2,2,18,-10.0,8.0,Broken,Avoid/exit,11,-10.3,-14.8,-12.2,12.3,0,,Basic Materials,150232560.0,5605.0
ELBM,Electra Battery Materials Corp,0.506,1,8,7,1,4,0,2,23,-15.0,8.0,Broken,Avoid/exit,30,-4.5,-5.9,-5.3,40.9,1,,Basic Materials,54070292.0,3140166.31
LMED,LataMed AI Corp.,0.54,1,8,0,3,2,2,2,18,-8.0,8.0,Broken,Avoid/exit,22,-24.5,-56.1,-60.7,33.4,0,,Technology,21336836.0,315878.16
GTEC,Greenland Acquisition Corp,0.525,0,4,6,1,4,2,2,19,-10.0,8.0,Broken,Avoid/exit,25,-0.0,-9.5,-4.3,42.3,0,,Consumer Cyclical,13930408.0,256125.18
FBGL,FBS Global Limited Ordinary Shares,0.51,1,4,1,8,0,0,3,17,-9.0,8.0,Broken,Avoid/exit,20,-7.3,-15.6,-9.2,42.4,1,,Industrials,6885000.0,1035212.41
SAGGF,Sterling Metals Corp,0.64,3,7,4,3,2,2,2,23,-13.0,8.0,Broken,Avoid/exit,17,-1.6,3.8,-4.2,43.0,2,,Basic Materials,29584616.0,9707.46
RVP,Retractable Technologies Inc,0.67,1,8,6,1,2,1,2,21,-13.0,8.0,Broken,Avoid/exit,34,-1.5,-2.9,-2.1,41.8,1,,Healthcare,20057898.0,77202.63
PROP,Prairie Operating Co. Common Stock,0.724,0,13,5,0,4,0,4,26,-16.0,8.0,Broken,Avoid/exit,16,-10.0,0.8,-3.9,45.4,1,,Energy,70719000.0,2666849.3
ITMSF,Intermap Technologies Corp,0.71,3,7,8,2,2,5,2,29,-21.0,8.0,Broken,Avoid/exit,20,2.9,3.4,-1.2,46.2,2,,Technology,52385004.0,119133.44
CCDSF,Carrier Connect Data Solutions Inc.,0.79,3,2,9,2,0,0,2,18,-10.0,8.0,Broken,Avoid/exit,20,-9.2,-8.4,-7.6,37.7,0,,nan,nan,6947.3
NUCLW,Eagle Nuclear Energy Corp. Warrants,0.75,1,8,1,2,2,0,2,16,-8.0,8.0,Broken,Avoid/exit,0,-21.1,-17.2,-25.2,28.0,0,,nan,nan,0.0
WPGCF,West Point Gold Corp.,0.895,3,10,2,2,4,0,2,23,-13.0,8.0,Broken,Avoid/exit,37,-3.4,-8.4,-5.0,44.0,1,,Basic Materials,121360944.0,193995.68
AINSF,Ainsworth Game Technology Limited,0.93,6,4,4,1,6,4,5,30,-25.0,8.0,Broken,Avoid/exit,38,-4.1,-4.1,-4.1,42.0,1,,Consumer Cyclical,313218400.0,18110.77
HYPR,Hyperfine Inc,0.928,3,10,2,0,4,2,2,23,-13.0,8.0,Broken,Avoid/exit,16,-2.7,-5.5,-11.4,32.5,1,,Healthcare,92142728.0,766498.64
ELUT,Elutia Inc.,0.905,0,13,9,0,4,0,2,28,-18.0,8.0,Broken,Avoid/exit,17,-2.9,-4.7,-3.6,43.1,1,,Healthcare,40008452.0,215600.91
INUV,Inuvo Inc,0.965,1,8,3,3,4,2,2,23,-13.0,8.0,Broken,Avoid/exit,12,-7.2,-13.1,-11.7,37.0,1,,Technology,15876198.0,229703.79
CDTG,CDT Environmental Technology Investment Holdings Limited ordinary shares,0.99,6,9,1,0,3,2,2,23,-13.0,8.0,Broken,Avoid/exit,33,-3.9,-44.1,-29.3,37.9,2,,Industrials,2990816.0,100901.99
BLLYF,Bluejay Mining plc,0.009,0,6,3,7,2,0,2,20,-13.0,7.0,Broken,Avoid/exit,13,-10.2,-9.3,-12.6,34.3,1,,Basic Materials,46933976.0,2875722.93
LTRBF,Latrobe Magnesium Limited,0.007,1,3,3,0,3,2,2,14,-10.0,7.0,Broken,Avoid/exit,10,0.0,-27.1,-25.3,36.7,0,,Basic Materials,23903958.0,224352.16
ARTTF,Artemis Resources Ltd,0.002,3,1,6,0,3,2,2,17,-10.0,7.0,Broken,Avoid/exit,21,-11.1,-11.1,-8.7,36.4,0,,Basic Materials,10813910.0,33696.47
ROSN,Rosinbomb,0.01,3,5,1,9,0,0,2,20,-13.0,7.0,Broken,Avoid/exit,19,-37.1,-28.6,-31.3,31.6,1,,Industrials,4566189.0,313167.51
NWIFF,Nuinsco Resources Limited,0.003,2,4,6,0,3,0,2,17,-10.0,7.0,Broken,Avoid/exit,18,-37.7,-8.3,-19.4,39.4,0,,Basic Materials,2773915.0,53643.93
MNGGF,Mongolia Growth Group Ltd.,0.01,3,5,2,6,0,2,4,22,-15.0,7.0,Broken,Avoid/exit,15,0.0,0.0,-60.4,34.3,1,,Real Estate,1275763.0,0.0
LNTO,ProConcept Marketing Group Inc.,0.006,2,9,0,1,4,2,2,20,-9.0,7.0,Broken,Avoid/exit,25,-30.9,-56.1,-42.7,35.0,0,,Utilities,1251155.0,479144.96
SOPA,Society Pass Inc,0.001,3,7,2,8,4,2,2,28,-21,7,Broken,Avoid/exit,12,300.0,-97.4,-95.5,23.2,1,7,Communication Services,977918.0,3738751.29
SMPP,Strategic Management and Opportunity Corporation,0.004,3,4,1,5,3,5,5,26,-15.0,7.0,Broken,Avoid/exit,42,0.0,0.0,-80.8,48.3,1,,Financial Services,663443.0,135.39
EMDF,XL Rent Inc,0.003,3,4,2,1,3,2,2,17,-10.0,7.0,Broken,Avoid/exit,31,-2.9,-2.9,-5.2,20.3,0,,Communication Services,140450.0,15255.3
JNCCF,JNC Resources Inc,0.002,3,3,0,4,3,7,2,22,-15.0,7.0,Broken,Avoid/exit,10,0.0,0.0,-94.6,0.0,1,,Basic Materials,20712.0,34.5
MNTSW,Momentus Inc,0.01,3,4,1,6,2,2,2,20,-13.0,7.0,Broken,Avoid/exit,17,-26.4,-12.8,-24.4,41.6,2,,nan,nan,318534.73
BYOGD,Bounty Oil & Gas NL,0.018,3,3,1,0,6,7,2,22,-15.0,7.0,Broken,Avoid/exit,35,0.0,0.0,-28.4,9.7,1,,Energy,47269840.0,692.0
ALRTF,ALR Technologies Inc.,0.018,9,6,4,0,3,3,5,30,-23.0,7.0,Broken,Avoid/exit,52,-1.7,-11.5,-3.3,48.5,1,,Healthcare,13296617.0,41425.55
SUNYF,Sunshine Oilsands Ltd,0.012,3,3,1,2,0,6,2,17,-10.0,7.0,Broken,Avoid/exit,7,0.0,-8.0,-37.7,1.0,0,,Energy,8180576.0,3858.62
FNICF,Fathom Nickel Inc,0.016,5,9,5,3,0,1,5,28,-21.0,7.0,Broken,Avoid/exit,11,-1.3,-7.6,-5.9,44.1,1,,Basic Materials,5341985.0,100290.11
LANRF,Lancaster Resources Inc.,0.014,7,3,4,3,3,0,2,22,-15.0,7.0,Broken,Avoid/exit,16,-13.8,-10.4,-10.2,23.5,1,,Basic Materials,1492882.0,6782.34
PWRLF,POWR Lithium Corp.,0.014,5,3,3,6,0,0,2,19,-8.0,7.0,Broken,Avoid/exit,14,-9.7,19.7,-13.4,42.2,2,,Basic Materials,913220.0,6315.77
GLTH,"Goliath National, Inc.",0.012,3,3,2,5,0,2,2,17,-10.0,7.0,Broken,Avoid/exit,37,18.8,-42.6,-17.8,39.6,0,,Consumer Cyclical,45887.0,7662.65
BNCWW,CEA Industries Inc.,0.02,1,12,2,2,3,2,5,27,-20.0,7.0,Broken,Avoid/exit,20,31.1,7.0,-28.6,42.5,1,,nan,nan,15296.05
SNBR,Sleep Number Corp,0.022,6,4,6,0,2,2,2,22,-15.0,7.0,Broken,Avoid/exit,13,0.5,-16.6,-71.0,29.6,2,,Consumer Cyclical,2881125.0,8696302.52
LKYRF,LKYRF,0.039,3,7,4,2,4,2,2,24,-15.0,7.0,Broken,Avoid/exit,15,4.0,-7.6,-9.3,39.8,1,,Basic Materials,14625128.0,268361.84
FCHDF,FCHDF,0.034,11,4,2,3,5,0,5,30,-23.0,7.0,Broken,Avoid/exit,25,-15.0,4.0,-10.5,47.4,1,,Basic Materials,7378562.0,0.0
BBGCF,Big Bear Gold Corp.,0.039,5,8,5,3,2,0,2,25,-18.0,7.0,Broken,Avoid/exit,0,-60.7,-23.7,-39.5,41.6,2,,Basic Materials,1742806.0,0.0
HGAS,Global Gas Corporation,0.04,1,4,2,0,3,5,2,17,-10.0,7.0,Broken,Avoid/exit,39,0.0,0.0,-9.8,38.3,0,,Basic Materials,302869.0,1002.39
LUCYW,Innovative Eyewear Inc,0.035,1,5,0,5,0,0,2,13,-6.0,7.0,Broken,Avoid/exit,17,-46.2,-41.7,-30.6,41.3,0,,nan,nan,8659.54
SCYRF,Scryb Inc,0.041,1,3,1,4,3,3,2,17,-10.0,7.0,Broken,Avoid/exit,11,0.0,0.0,-19.1,1.8,0,,Financial Services,2315509.0,707.5
ELST,Electronic Systems Technology Inc,0.05,8,3,8,4,0,1,4,28,-21.0,7.0,Broken,Avoid/exit,35,0.0,0.0,0.0,76.5,1,,Technology,247325.0,379.36
RNVT,Renovate Neighborhoods Inc,0.061,12,5,5,7,3,0,5,37,-30,7,Broken,Avoid/exit,39,0.0,306.7,44.2,70.9,3,,Financial Services,16030943.0,983.82
GWAYF,Greenway Greenhouse Cannabis Corporation,0.063,1,3,0,4,0,0,2,10,-8.0,7.0,Broken,Avoid/exit,9,-13.7,-43.3,-45.1,36.0,0,,Healthcare,9745475.0,955.6
SCLTF,Searchlight Resources Inc,0.065,0,6,6,0,3,0,2,17,-10.0,7.0,Broken,Avoid/exit,35,-0.8,-4.6,-7.9,42.9,0,,Basic Materials,2791775.0,30358.5
ENGT,Energy & Technology Corp,0.09,3,3,2,4,0,3,2,17,-10.0,7.0,Broken,Avoid/exit,11,0.0,0.0,-35.5,32.6,0,,Energy,14886212.0,1065.76
CPNFF,Euro Sun Mining Inc,0.097,2,7,7,3,3,0,3,25,-16.0,7.0,Broken,Avoid/exit,14,-12.7,-3.1,-6.5,39.6,1,,Basic Materials,43398252.0,95347.7
QSEP,QS Energy Inc,0.111,1,1,0,8,2,2,2,16,-9.0,7.0,Broken,Avoid/exit,35,-20.6,-30.6,-24.1,28.3,1,,Energy,66783588.0,212307.99
REZZF,Global Battery Metals Ltd,0.111,2,3,1,6,3,2,5,22,-15.0,7.0,Broken,Avoid/exit,31,-2.0,-25.8,-10.5,42.8,1,,Basic Materials,1648785.0,8568.16
KSRBF,Kossan Rubber Industries Bhd,0.189,3,4,1,1,3,3,2,17,-10.0,7.0,Broken,Avoid/exit,6,0.0,0.0,-12.2,0.0,0,,Healthcare,476318400.0,35.0
EULIF,European Lithium Limited,0.179,1,6,2,2,4,0,2,17,-8.0,7.0,Broken,Avoid/exit,24,-10.6,-20.7,-17.1,30.7,0,,Basic Materials,308995456.0,3158334.4
TOUBF,TOUBF,0.177,1,7,4,5,3,0,2,22,-15.0,7.0,Broken,Avoid/exit,21,-7.2,-24.3,-16.4,26.5,1,,Basic Materials,178550400.0,3649.85
ALLIF,Alpha Lithium Corporation,0.19,3,3,9,6,1,0,2,24,-15.0,7.0,Broken,Avoid/exit,31,-5.2,-1.9,-5.0,38.9,1,,Basic Materials,156293136.0,37775.22
SRCRF,Scorpio Gold Corp,0.179,5,6,6,0,4,2,2,25,-18.0,7.0,Broken,Avoid/exit,12,-0.6,-5.8,-4.6,37.5,1,,Basic Materials,54533556.0,330046.43
DEMCF,Discovery Energy Metals Corp.,0.159,6,6,1,0,5,4,2,24,-15.0,7.0,Broken,Avoid/exit,41,-0.8,-9.7,-9.3,45.8,1,,Basic Materials,13478635.0,40274.88
CLYYF,Celyad Oncology SA,0.2,3,3,3,3,0,3,2,17,-10.0,7.0,Broken,Avoid/exit,8,0.0,0.0,-5.9,0.6,0,,Healthcare,8952381.0,56.08
MIDLF,Midland Exploration Inc,0.26,0,4,8,5,3,0,2,22,-15.0,7.0,Broken,Avoid/exit,22,-7.1,-7.1,-6.5,39.8,1,,Basic Materials,29373098.0,11330.4
IVDA,Iveda Solutions Inc,0.258,1,10,3,1,3,2,2,22,-13.0,7.0,Broken,Avoid/exit,29,3.0,-1.0,-5.0,44.0,2,,Industrials,2985461.0,4510804.26
ATXI,Avenue Therapeutics Inc,0.25,5,5,6,9,0,2,2,29,-23.0,7.0,Broken,Avoid/exit,24,-3.8,0.1,-13.0,43.2,1,,Healthcare,1277458.0,3819.6
VTAK,Catheter Precision Inc.,0.278,1,10,0,3,4,0,2,20,-13.0,7.0,Broken,Avoid/exit,18,-32.3,-56.6,-47.6,33.9,2,,Healthcare,1002350.0,3160755.9
SIMAW,SIM Acquisition Corp. I Warrant,0.274,1,11,0,2,4,0,2,20,-13.0,7.0,Broken,Avoid/exit,9,-0.5,7.2,-16.8,45.2,1,,nan,nan,0.0
VFSWW,VinFast Auto Ltd. Warrant,0.28,3,4,3,0,3,2,2,17,-10.0,7.0,Broken,Avoid/exit,40,0.0,-9.7,-8.8,32.2,0,,nan,nan,9025.7
PNGAF,Pangea Natural Foods Inc.,0.328,6,5,0,3,5,0,3,22,-15.0,7.0,Broken,Avoid/exit,39,-9.1,-2.7,-3.7,44.7,1,,Consumer Defensive,15770028.0,24111.78
ENGNW,enGene Holdings Inc. Warrants,0.35,1,5,1,0,0,6,2,15,-8.0,7.0,Broken,Avoid/exit,21,3.2,9.3,-50.8,45.3,1,,nan,nan,14184.29
NVX,Novonix Ltd ADR,0.4,3,8,4,0,3,2,2,22,-13.0,7.0,Broken,Avoid/exit,16,-4.1,-4.6,-7.2,37.5,1,,Industrials,99736360.0,1305953.28
IBO,"Impact BioMedical, Inc.",0.43,3,10,8,3,2,2,2,30,-23.0,7.0,Broken,Avoid/exit,23,0.0,-5.7,-4.8,38.5,1,,Healthcare,46363132.0,1418650.44
WWR,Westwater Resources Inc,0.41,3,12,4,0,3,0,2,24,-15.0,7.0,Broken,Avoid/exit,20,-2.4,-3.0,-5.6,38.2,2,,Basic Materials,52122768.0,2620748.11
AIRDF,Rocket Doctor AI Inc.,0.41,6,6,7,5,4,0,2,30,-23.0,7.0,Broken,Avoid/exit,22,-8.8,3.9,-3.7,43.9,1,,Healthcare,40957424.0,64237.83
PRZO,ParaZero Technologies Ltd. Ordinary Shares,0.434,0,8,6,6,3,0,2,25,-18.0,7.0,Broken,Avoid/exit,13,-14.3,-13.3,-11.9,38.1,1,,Industrials,11260779.0,1596416.74
LYRA,Lyra Therapeutics Inc,0.475,3,6,2,5,4,0,2,22,-15.0,7.0,Broken,Avoid/exit,26,-8.7,-16.7,-10.4,40.9,1,,Healthcare,843068.0,50444.87
OBAI,"TG-17, Inc. Common Stock",0.512,2,9,5,2,2,2,2,24,-15.0,7.0,Broken,Avoid/exit,0,6.7,-17.4,-9.3,39.0,2,,Technology,12527027.0,0.0
AEMD,Aethlon Medical Inc,0.566,3,9,3,0,3,2,2,22,-13.0,7.0,Broken,Avoid/exit,13,-5.7,-15.5,-22.0,26.4,1,,Healthcare,1490594.0,256866.84
PGCMF,Puregold Price Club Inc,0.621,1,3,2,3,3,3,2,17,-10.0,7.0,Broken,Avoid/exit,0,0.0,-7.3,-2.8,1.0,0,,Consumer Cyclical,1779529088.0,0.0
TCOR,TreeCon Resources Inc,0.62,1,2,2,2,3,5,4,19,-15.0,7.0,Broken,Avoid/exit,26,0.0,0.0,-3.1,32.5,1,,Basic Materials,9839580.0,1287.0
PRSO,Peraso Inc,0.643,1,9,4,0,4,2,2,22,-13.0,7.0,Broken,Avoid/exit,20,-11.0,-14.7,-13.4,33.3,1,,Technology,9707156.0,3141321.49
BTTC,Black Titan Corporation,0.689,0,6,0,5,2,4,2,19,-10.0,7.0,Broken,Avoid/exit,20,-23.2,-24.3,-16.2,36.6,0,,nan,7426946.0,761012.71
DAIC,"CID HoldCo, Inc. Common Stock",0.683,0,5,0,8,2,0,2,17,-8.0,7.0,Broken,Avoid/exit,26,-51.2,-48.7,-47.8,29.0,1,,Technology,826207.0,339846.51
CMETF,Power Nickel Inc,0.721,6,7,7,1,2,2,2,27,-18.0,7.0,Broken,Avoid/exit,12,-2.2,-0.8,-3.7,41.8,1,,Basic Materials,31656294.0,274630.15
MCUJF,Medicure Inc,0.74,5,6,1,9,3,0,5,29,-18.0,7.0,Broken,Avoid/exit,25,-11.9,10.4,-3.6,45.0,3,,Healthcare,8292077.0,987.36
CGMLF,Chalice Mining Limited,0.76,3,3,8,0,0,3,2,19,-15.0,7.0,Broken,Avoid/exit,18,0.0,0.0,-3.8,29.4,1,,Basic Materials,296523520.0,3815.88
CELZ,Creative Medical Technology Holdings Inc,0.764,5,10,2,0,3,2,2,24,-15.0,7.0,Broken,Avoid/exit,17,-5.7,-11.1,-20.6,31.9,1,,Healthcare,4958020.0,1092287.21
MVST,Microvast Holdings Inc,0.8,1,10,3,1,3,0,2,20,-13.0,7.0,Broken,Avoid/exit,13,-6.9,-13.2,-13.5,33.5,1,,Consumer Cyclical,266659168.0,5049588.84
TLSA,Tiziana Life Sciences Ltd,0.97,1,13,0,0,2,2,2,20,-11.0,7.0,Broken,Avoid/exit,20,-4.9,-11.8,-8.4,40.5,2,,Healthcare,123441360.0,236768.12
FGL,Founder Group Limited Ordinary Shares,0.951,3,7,5,3,2,2,2,24,-15.0,7.0,Broken,Avoid/exit,18,-2.8,1.1,-17.7,32.5,1,,Industrials,1089064.0,429685.74
PXXXF,PolarX Limited,0.01,1,3,2,2,3,3,2,16,-10.0,6.0,Broken,Avoid/exit,16,0.0,0.0,-16.9,3.8,0,,Basic Materials,27250190.0,16989.16
ANTMF,Antilles Gold Limited,0.007,2,4,5,0,3,0,2,16,-10.0,6.0,Broken,Avoid/exit,12,-12.5,-7.9,-13.5,40.0,0,,Basic Materials,22953654.0,115027.79
UNVC,Univec Inc,0.003,11,4,3,5,5,3,5,36,-30,6,Broken,Avoid/exit,49,33.3,3.2,4.9,53.7,1,,Healthcare,8073909.0,1119917.59
PUBC,PureBase Corp,0.01,1,8,0,3,3,2,2,19,-13.0,6.0,Broken,Avoid/exit,25,0.0,-74.4,-49.4,35.6,2,,Basic Materials,3508059.0,69559.79
VAPR,Vaporbrands Intl Inc,0.004,5,3,0,5,0,1,2,16,-10.0,6.0,Broken,Avoid/exit,21,0.0,-22.4,-19.6,37.9,0,,Consumer Cyclical,1413545.0,139273.14
KITL,Kisses From Italy Inc,0.002,3,2,3,5,3,0,2,18,-10.0,6.0,Broken,Avoid/exit,27,-4.8,-20.0,-16.2,26.3,1,,Consumer Cyclical,1025981.0,3753863.6
WAST,Wastemasters Inc,0.007,1,7,0,0,4,0,2,14,-8.0,6.0,Broken,Avoid/exit,6,-30.7,-69.6,-60.3,30.1,1,,Industrials,1044545.0,365332.44
JFTH,"Japan Food Tech Holdings, Inc.",0.009,3,3,1,11,2,2,4,26,-20.0,6.0,Broken,Avoid/exit,36,-69.0,25.0,-41.8,46.3,3,,Industrials,861378.0,4180.18
NFTM,"The NFT Marketplace, Inc.",0.002,4,4,2,3,3,0,5,21,-15.0,6.0,Broken,Avoid/exit,26,-33.3,-33.3,-34.0,41.9,1,,Financial Services,402042.0,4067.79
CGFEF,CF Energy Corp,0.001,3,1,2,5,3,0,2,16,-10.0,6.0,Broken,Avoid/exit,13,-16.7,-16.7,-14.1,0.0,0,,Utilities,65885.0,366.5
XOSWW,Xos Equity Warrants,0.003,6,14,2,9,3,0,2,36,-28.0,6.0,Broken,Avoid/exit,30,34.8,24.0,-1.8,48.6,3,,Consumer Cyclical,nan,62919.48
CNSUF,Canasil Resources Inc,0.02,2,4,4,2,2,0,2,16,-10.0,6.0,Broken,Avoid/exit,34,-28.6,-35.5,-20.8,43.7,0,,Basic Materials,3116285.0,16618.64
DGCMF,Digital Commodities Capital Corp.,0.011,3,2,6,4,2,0,2,19,-13.0,6.0,Broken,Avoid/exit,13,-19.6,-19.6,-17.9,34.1,0,,Financial Services,1872241.0,46850.79
RTCJF,Baijiayun Group Ltd,0.012,3,2,6,5,3,2,2,23,-13.0,6.0,Broken,Avoid/exit,15,-15.0,-15.0,-31.7,32.7,1,,nan,349389.0,1980.61
CWPE,CW Petroleum Corp,0.013,2,6,6,0,0,0,2,16,-10.0,6.0,Broken,Avoid/exit,23,-18.8,0.0,-15.5,34.2,0,,Energy,291796.0,17216.97
DTMXF,Datametrex AI Limited,0.025,4,3,6,0,3,3,2,21,-15.0,6.0,Broken,Avoid/exit,19,0.0,-7.1,-4.1,29.7,1,,Technology,3799391.0,2302.2
SLMLF,Apex Resources Inc,0.027,1,1,2,2,6,2,2,16,-10.0,6.0,Broken,Avoid/exit,15,0.0,-33.3,-21.4,20.5,0,,Basic Materials,2239798.0,4094.84
STJO,St. Joseph Inc,0.025,5,4,2,3,3,6,5,28,-25.0,6.0,Broken,Avoid/exit,40,-0.4,-0.4,-9.5,44.6,1,,Healthcare,1364729.0,4358.1
SXTPW,"60 Degrees Pharmaceuticals, Inc. Warrant",0.031,6,6,1,4,3,2,2,24,-23.0,6.0,Broken,Avoid/exit,25,-19.5,32.5,-7.9,46.1,3,,Healthcare,nan,7487.52
SLND-WT,SLND-WT,0.026,10,5,6,4,0,2,4,31,-25.0,6.0,Broken,Avoid/exit,31,16.0,2.4,-12.3,47.3,0,,nan,nan,49470.03
SCAGW,Scage Future Warrants,0.037,1,9,0,1,3,0,2,16,-10.0,6.0,Broken,Avoid/exit,23,-15.8,-10.5,-17.9,43.3,1,,nan,nan,0.0
SIKI,SIKI,0.04,1,3,1,3,4,2,2,16,-10.0,6.0,Broken,Avoid/exit,14,0.0,-9.5,-10.8,31.5,0,,Technology,nan,263.98
GCCFF,Golden Cariboo Resources Ltd,0.05,4,6,4,5,0,0,2,21,-15.0,6.0,Broken,Avoid/exit,28,-6.7,0.4,-6.3,44.8,1,,Basic Materials,6817939.0,43455.01
VRCFF,Victory Resources Corporation,0.041,7,10,2,5,3,0,2,29,-19.0,6.0,Broken,Avoid/exit,26,-4.9,-11.1,-8.4,43.5,1,,Basic Materials,1828053.0,13670.19
BLPG,Blue Line Protection Group Inc,0.05,1,5,2,5,0,6,4,23,-20.0,6.0,Broken,Avoid/exit,41,0.0,-35.9,-10.1,42.2,0,,Industrials,412507.0,11125.83
TVGNW,Tevogen Bio Holdings Inc.,0.044,4,2,0,6,3,2,2,19,-13.0,6.0,Broken,Avoid/exit,36,-14.4,-20.0,-14.6,35.5,0,,nan,nan,158722.98
GELEF,Graphano Energy Ltd,0.069,3,3,3,4,4,2,2,21,-15.0,6.0,Broken,Avoid/exit,30,0.0,-13.5,-6.9,37.3,1,,Basic Materials,1496490.0,4308.78
CHKKF,Chakana Copper Corp,0.075,0,5,4,0,3,0,2,14,-8.0,6.0,Broken,Avoid/exit,10,-3.8,-8.5,-7.8,42.5,0,,Basic Materials,3562395.0,24063.63
LKSGF,Luks Group (Vietnam Holdings) Company Limited,0.09,1,3,4,3,0,3,2,16,-10.0,6.0,Broken,Avoid/exit,0,0.0,0.0,-6.2,5.5,0,,Basic Materials,49757144.0,0.0
AAPI,Apple iSports Group Inc,0.085,1,10,5,0,3,0,2,21,-11.0,6.0,Broken,Avoid/exit,23,-22.7,-22.7,-19.2,34.0,1,,Consumer Cyclical,18681680.0,6486.56
RBOT,Vicarious Surgical Inc.,0.082,3,5,3,6,2,0,2,21,-15.0,6.0,Broken,Avoid/exit,14,-26.1,-47.1,-48.1,26.7,1,,Healthcare,584771.0,85185.82
BCTXZ,BriaCell Therapeutics Corp. Warrant,0.087,4,6,6,6,5,4,3,34,-28.0,6.0,Broken,Avoid/exit,32,-12.4,-12.8,-7.8,40.9,0,,nan,nan,61351.8
CTMCF,Canterra Minerals Corporation,0.093,1,12,1,2,3,0,2,21,-11.0,6.0,Broken,Avoid/exit,20,0.9,-4.1,-5.0,43.1,2,,Basic Materials,36461296.0,296516.65
KSMCF,Kirkstone Metals Corp.,0.091,2,6,1,3,0,2,2,16,-10.0,6.0,Broken,Avoid/exit,18,-22.7,-15.0,-33.0,35.7,0,,nan,nan,0.0
BCMRF,BCM Resources Corporation,0.11,0,6,0,6,0,2,2,16,-8.0,6.0,Broken,Avoid/exit,21,-8.3,-20.9,-25.8,41.8,1,,Basic Materials,46191300.0,34901.44
PJXRF,PJX Resources Inc,0.142,10,10,3,3,8,0,2,36,-28,6,Broken,Avoid/exit,70,9.0,10.1,7.2,57.5,3,,Basic Materials,27258282.0,25350.21
IMUC,ImmunoCellular Therapeutics Ltd,0.13,0,3,1,3,5,2,2,16,-10.0,6.0,Broken,Avoid/exit,18,-47.6,-13.3,-30.8,41.6,0,,Healthcare,16445372.0,5415.43
AGRDF,Minnova Corp,0.128,1,10,3,5,3,2,5,29,-19.0,6.0,Broken,Avoid/exit,33,28.0,-39.0,-4.5,47.0,1,,Basic Materials,14606855.0,58583.39
HGTXU,Hugoton Royalty Trust,0.1,0,2,0,6,4,2,2,16,-10.0,6.0,Broken,Avoid/exit,11,-37.5,-37.5,-34.1,25.0,0,,Energy,4000000.0,45485.03
CNYGF,CNYGF,0.105,1,1,2,5,3,2,2,16,-10.0,6.0,Broken,Avoid/exit,11,-18.7,-18.7,-13.4,20.3,0,,Basic Materials,nan,3407.34
GRMLW,Greenland Mines Ltd,0.12,1,8,0,0,3,2,2,16,-8.0,6.0,Broken,Avoid/exit,0,-21.6,-40.9,-25.4,38.5,0,,nan,nan,0.0
TPGVF,Top Glove Corporation Bhd,0.15,2,3,1,4,3,1,2,16,-10.0,6.0,Broken,Avoid/exit,30,-6.2,-6.2,-7.7,39.0,0,,Healthcare,1202716032.0,1007.48
OCGSF,Outcrop Gold Corp,0.198,3,15,9,5,4,0,2,38,-30.0,6.0,Broken,Avoid/exit,24,-0.9,10.1,1.1,49.5,3,,Basic Materials,98693584.0,612563.0
CTRNF,CHAR Technologies Ltd,0.16,5,1,2,2,4,0,2,16,-10.0,6.0,Broken,Avoid/exit,11,-11.1,-18.2,-11.5,31.9,0,,Industrials,24116288.0,3388.04
MXROF,Max Resource Corp,0.17,5,3,4,0,3,2,4,21,-15.0,6.0,Broken,Avoid/exit,28,0.0,-15.0,-4.9,33.8,1,,Basic Materials,9436247.0,16087.63
ZBAO,Zhibao Technology Inc. Class A Ordinary Shares,0.172,3,8,2,3,3,0,2,21,-13.0,6.0,Broken,Avoid/exit,5,-31.5,-32.1,-37.4,33.2,1,,Financial Services,5875642.0,4984037.64
RCHN,Rouchon Industries Inc,0.195,1,1,7,0,3,2,2,16,-10.0,6.0,Broken,Avoid/exit,9,-25.0,-25.0,-19.2,29.3,0,,Industrials,4476364.0,55869.72
OPENZ,OPENDOOR TECHNOLOGIES INC SERIES Z,0.157,1,5,1,1,4,0,2,14,-8.0,6.0,Broken,Avoid/exit,26,-10.7,-27.6,-21.1,32.9,0,,nan,nan,0.0
IGACR,Invest Green Acquisition Corporation Rights,0.155,1,3,4,0,3,3,2,16,-10.0,6.0,Broken,Avoid/exit,16,0.0,-3.1,-4.1,16.2,0,,nan,nan,0.0
QYOUF,QYOU Media Inc,0.202,3,4,6,0,3,3,2,21,-15.0,6.0,Broken,Avoid/exit,32,0.0,-2.4,-2.9,37.7,1,,Communication Services,10527649.0,12873.67
WNDW,SolarWindow Technologies Inc,0.26,5,8,9,0,5,2,2,31,-25.0,6.0,Broken,Avoid/exit,20,0.0,-3.7,-3.8,45.3,1,,Utilities,17102550.0,17973.7
STME,STME,0.281,3,9,6,3,3,3,2,29,-23.0,6.0,Broken,Avoid/exit,33,1.8,1.8,-2.0,35.4,2,,Healthcare,5919556.0,1780.17
GIWWR,GigCapital8 Corp. Rights,0.274,2,4,3,0,3,0,2,14,-8.0,6.0,Broken,Avoid/exit,26,-2.4,4.8,-5.3,43.3,0,,nan,nan,0.0
DVLT,Datavault AI Inc.,0.348,1,9,8,0,3,0,2,23,-15.0,6.0,Broken,Avoid/exit,16,-5.9,-5.9,-4.6,43.5,1,,Technology,297821120.0,50807291.19
GAUZ,Gauzy Ltd. Ordinary Shares,0.3,1,6,4,6,2,0,2,21,-15.0,6.0,Broken,Avoid/exit,24,-13.5,-22.1,-21.0,29.3,1,,Technology,5622941.0,238828.12
ASPSW,Altisource Portfolio Solutions S.A.,0.349,2,2,0,0,6,4,2,16,-8.0,6.0,Broken,Avoid/exit,29,-3.8,-4.4,-7.6,42.6,0,,nan,nan,21958.95
OPENW,Opendoor Technologies Inc.,0.309,1,5,2,0,4,0,2,14,-8.0,6.0,Broken,Avoid/exit,20,-12.1,-25.6,-19.7,34.6,0,,nan,nan,0.0
COOT,Australian Oilseeds Holdings Limited Ordinary Shares,0.392,1,12,2,0,4,2,2,23,-15.0,6.0,Broken,Avoid/exit,19,-6.4,-10.7,-10.9,31.4,1,,Consumer Defensive,11792906.0,1672515.94
FFMGF,First Mining Gold Corp,0.426,12,5,5,0,5,0,2,29,-23.0,6.0,Broken,Avoid/exit,44,-3.6,-0.9,-2.9,47.6,1,,Basic Materials,589667712.0,1369781.94
HRZMF,Horizon Minerals Limited,0.44,1,3,1,4,6,4,2,21,-15.0,6.0,Broken,Avoid/exit,24,0.0,-41.3,-23.1,31.7,1,,Basic Materials,163634400.0,504.09
MDXH,MDxHealth SA ADR,0.408,3,13,4,0,4,0,2,26,-18.0,6.0,Broken,Avoid/exit,10,-3.4,-4.3,-8.6,34.0,1,,Healthcare,20941314.0,377810.38
SPCOQ,The Stephan Co.,0.41,2,3,8,3,3,0,2,21,-15.0,6.0,Broken,Avoid/exit,27,-8.9,-12.8,-8.8,22.2,1,,Consumer Defensive,1702342.0,7880.71
TSNDF,TerrAscend Corp.,0.514,1,9,5,1,3,2,2,23,-15.0,6.0,Broken,Avoid/exit,23,-2.4,-5.4,-7.7,39.9,1,,Healthcare,191551184.0,453080.69
AUXXF,Allegiant Gold Ltd,0.508,4,10,9,1,4,4,2,34,-26.0,6.0,Broken,Avoid/exit,21,-5.0,-6.1,-3.3,44.7,1,,Basic Materials,57887584.0,108865.62
CTOR,"Citius Oncology, Inc.",0.574,1,9,1,3,3,2,2,21,-13.0,6.0,Broken,Avoid/exit,18,-0.7,-15.9,-6.9,39.7,2,,Healthcare,53352616.0,263421.35
MEEEF,Metal Energy Corp,0.585,6,4,4,1,3,5,5,28,-25.0,6.0,Broken,Avoid/exit,36,-6.4,-13.1,-3.7,44.6,1,,Basic Materials,27333090.0,12855.02
GELS,Gelteq Limited Ordinary Shares,0.551,3,5,2,9,0,0,2,21,-15.0,6.0,Broken,Avoid/exit,20,-25.8,-6.5,-11.5,43.6,1,,Healthcare,5901793.0,1782480.3
OMEX,Odyssey Marine Exploration Inc,0.648,2,9,6,3,2,0,2,24,-18.0,6.0,Broken,Avoid/exit,24,-11.4,-6.5,-10.6,35.5,1,,Basic Materials,37938456.0,2647118.66
MVO,MV Oil Trust,0.6,3,4,2,0,3,2,2,16,-10.0,6.0,Broken,Avoid/exit,6,0.0,-6.2,-24.5,26.7,0,,Energy,6848250.0,367146.0
TOPS,TOP Ships Inc.,0.665,2,8,4,3,2,0,2,21,-13.0,6.0,Broken,Avoid/exit,9,-16.9,-14.7,-14.0,33.4,0,,Energy,3685764.0,351507.09
CCTG,CCSC Technology International Holdings Limited Ordinary Shares,0.691,6,4,1,3,4,0,3,21,-15.0,6.0,Broken,Avoid/exit,33,-11.4,-9.2,-12.6,44.5,1,,Industrials,2703443.0,2133409.48
SVIN,Scheid Vineyards Inc,0.689,3,3,6,4,0,3,2,21,-15.0,6.0,Broken,Avoid/exit,8,-0.2,-0.2,-5.9,2.8,1,,Consumer Defensive,631464.0,274.26
BRLS,Borealis Foods Inc.,0.836,3,10,3,0,3,2,2,23,-15.0,6.0,Broken,Avoid/exit,18,-3.4,-1.6,-13.4,37.5,1,,Consumer Defensive,17943326.0,565519.76
CRDF,Cardiff Oncology Inc,0.851,1,8,1,2,3,2,2,19,-11.0,6.0,Broken,Avoid/exit,18,1.3,-2.2,-14.2,32.2,2,,Healthcare,66203756.0,1134562.55
BCLI,Brainstorm Cell Therapeutics Inc,0.9,8,8,2,3,4,0,2,27,-21.0,6.0,Broken,Avoid/exit,39,-10.0,-4.3,-6.4,44.6,1,,Healthcare,10151993.0,19106.12
SMORF,Smoore International Holdings Limited,0.983,3,4,1,0,3,3,2,16,-10.0,6.0,Broken,Avoid/exit,7,0.0,0.0,-8.1,0.0,0,,Consumer Defensive,6091714048.0,5284.51
ABLT,American Biltrite Inc,1.0,3,4,1,5,3,3,2,21,-15.0,6.0,Broken,Avoid/exit,12,0.0,0.0,-91.0,0.4,1,,Industrials,32330.0,12.0
GPHXX,Money Market Obligations Trust - Federated Government Obligations Fund,1.0,0,2,3,4,0,0,4,13,-10.0,6.0,Broken,Avoid/exit,17,-71.8,-71.6,-68.1,32.5,0,,nan,nan,0.0
CTOHF,Citigold Corporation Limited,0.01,3,3,3,3,3,3,2,20,-15.0,5.0,Broken,Avoid/exit,20,0.0,0.0,-3.2,0.4,1,,Basic Materials,30000000.0,20752.34
IPDQF,ImpediMed Limited,0.003,3,4,6,0,3,2,2,20,-15.0,5.0,Broken,Avoid/exit,9,-40.0,-40.0,-43.4,42.0,1,,Healthcare,12086229.0,0.0
PTNUF,Platina Resources Limited,0.01,4,2,1,5,3,0,5,20,-15.0,5.0,Broken,Avoid/exit,18,-19.8,-19.8,-7.9,38.1,1,,Basic Materials,6698390.0,10156.0
TZPC,ThermaFreeze Products Corporation,0.008,7,9,4,5,3,2,5,35,-30.0,5.0,Broken,Avoid/exit,25,0.0,33.3,-1.3,46.3,3,,Consumer Cyclical,4356936.0,55671.74
FUAPF,Global Cannabis Applications Corp,0.004,3,11,6,5,4,2,2,33,-28,5,Broken,Avoid/exit,39,40.0,13.5,3.7,49.7,3,,Technology,1915153.0,56277.0
DFIFF,Diamond Fields Resources Inc,0.007,0,6,2,3,2,2,2,17,-15.0,5.0,Broken,Avoid/exit,23,-45.8,-35.5,-59.3,46.9,1,,Basic Materials,1442291.0,0.0
CLRI,Cleartronic Inc,0.005,1,3,1,0,3,5,2,15,-10.0,5.0,Broken,Avoid/exit,7,0.0,0.0,-18.1,26.2,0,,Technology,1237888.0,9146.9
PEMC,Pacific Energy & Mining Company,0.001,1,3,0,3,3,3,2,15,-10.0,5.0,Broken,Avoid/exit,12,0.0,0.0,-90.2,0.0,0,,Energy,966272.0,742.89
DPLS,Darkpulse Inc,0.005,3,7,4,0,0,2,2,18,-13.0,5.0,Broken,Avoid/exit,16,-6.9,-10.0,-14.3,41.7,1,,Technology,856711.0,1997350.82
GSPI,Green Star Products,0.001,3,7,1,9,6,0,5,31,-26.0,5.0,Broken,Avoid/exit,42,0.0,20.0,-3.5,48.0,4,,Financial Services,705383.0,416970.01
EMMA,Emmaus Life Sciences Inc,0.01,2,1,5,5,2,2,3,20,-15.0,5.0,Broken,Avoid/exit,23,-14.5,-13.0,-10.8,35.3,1,,Healthcare,701882.0,47489.88
WLDPF,Wildpack Beverage Inc,0.005,6,7,5,6,3,3,2,32,-30.0,5.0,Broken,Avoid/exit,35,0.0,38.9,1.4,48.0,3,,Industrials,500918.0,7950.1
CXCQ,CardXX Inc,0.006,2,3,1,6,6,0,2,20,-15.0,5.0,Broken,Avoid/exit,52,-37.0,-37.0,-19.0,35.2,1,,Financial Services,472500.0,36284.52
IMTH,Fresh Harvest Products Inc,0.001,6,3,3,0,3,3,2,20,-15.0,5.0,Broken,Avoid/exit,26,0.0,0.0,-2.2,22.1,1,,Technology,98913.0,3184.18
HYSR,SunHydrogen Inc.,0.02,2,7,2,0,4,0,2,17,-10.0,5.0,Broken,Avoid/exit,9,-2.5,-7.1,-5.4,38.4,0,,Technology,111695216.0,9091716.19
PCLI,Protocall Technologs,0.012,1,4,3,3,3,1,2,17,-15.0,5.0,Broken,Avoid/exit,23,0.0,0.0,-2.9,41.5,1,,Real Estate,189007.0,1748.3
ZOOZW,ZOOZ Power Ltd. Warrant,0.02,4,9,5,0,2,0,2,22,-13.0,5.0,Broken,Avoid/exit,26,-30.2,4.2,-11.0,46.7,0,,nan,nan,17444.24
STCB,Starco Brands Inc,0.03,3,10,2,6,4,4,4,33,-28,5,Broken,Avoid/exit,35,30.0,35.9,-1.6,49.1,3,,Consumer Defensive,23525762.0,0.0
BCNWF,Bitcoin Well Inc.,0.025,3,5,8,1,0,2,4,23,-18.0,5.0,Broken,Avoid/exit,12,-1.6,0.4,-5.4,41.5,0,,Financial Services,9023857.0,57427.55
HYHDF,Sixty Six Capital Inc,0.026,3,3,3,2,3,4,2,20,-15.0,5.0,Broken,Avoid/exit,28,0.0,-8.6,-5.4,33.4,1,,Financial Services,6256652.0,8325.5
FHELF,First Helium Inc,0.023,7,10,4,3,2,2,5,33,-28.0,5.0,Broken,Avoid/exit,23,16.2,9.0,4.8,52.1,3,,Basic Materials,4898287.0,146035.45
PRRSF,Posera Ltd,0.028,3,2,2,7,0,2,2,18,-13.0,5.0,Broken,Avoid/exit,9,-19.6,-28.5,-14.8,38.1,1,,Basic Materials,3677132.0,54162.56
NGRC,National Graphite Corp,0.021,1,3,1,5,3,5,2,20,-15.0,5.0,Broken,Avoid/exit,21,0.0,0.0,-19.9,31.2,1,,Financial Services,3240476.0,1857.77
BGFGF,Beauce Gold Fields Inc,0.022,3,4,3,4,0,3,2,19,-10.0,5.0,Broken,Avoid/exit,16,0.0,0.0,-14.7,6.7,0,,Basic Materials,2981710.0,1427.47
BUDZ,Weed Inc,0.022,2,11,7,0,2,0,2,24,-19.0,5.0,Broken,Avoid/exit,22,-7.8,-14.8,-9.9,40.4,2,,Healthcare,2966253.0,68167.14
AGCCF,Gensource Potash Corporation,0.04,3,3,4,2,3,3,2,20,-15.0,5.0,Broken,Avoid/exit,13,0.0,0.0,-21.7,18.5,1,,Basic Materials,18734718.0,9537.5
COCHW,Envoy Medical Inc.,0.036,1,11,1,3,3,0,2,21,-16.0,5.0,Broken,Avoid/exit,28,15.0,-11.5,-8.7,46.5,0,,nan,nan,28475.58
HEPA,Hepion Pharmaceuticals Inc,0.046,3,4,0,0,0,6,2,15,-10.0,5.0,Broken,Avoid/exit,25,0.0,-17.9,-20.0,43.2,0,,Healthcare,1339488.0,20714.63
BGLWW,Blue Gold Limited Warrant,0.053,3,13,1,0,4,4,2,27,-20.0,5.0,Broken,Avoid/exit,13,32.5,-33.8,-33.1,41.2,0,,nan,nan,45320.73
SWLFF,Silver Wolf Exploration Ltd,0.074,4,6,4,0,2,2,2,20,-15.0,5.0,Broken,Avoid/exit,26,1.5,-2.4,-4.3,43.5,0,,Basic Materials,4800087.0,47984.69
ROVMF,Rover Metals Corp,0.072,0,3,3,4,3,0,4,17,-15.0,5.0,Broken,Avoid/exit,15,-15.8,-6.8,-5.7,39.3,1,,Basic Materials,1067953.0,3483.1
NSCIF,Nanalysis Scientific Corp,0.085,0,2,9,2,3,1,3,20,-15.0,5.0,Broken,Avoid/exit,17,-6.0,-7.7,-4.3,30.2,1,,Technology,11768714.0,21611.9
SVMFF,Silver Valley Metals Corp,0.088,4,3,1,0,3,2,2,15,-10.0,5.0,Broken,Avoid/exit,31,0.0,-35.1,-17.8,33.9,0,,Basic Materials,3169648.0,10937.48
NORSF,Norsk Titanium AS,0.095,4,6,0,2,3,0,2,17,-15.0,5.0,Broken,Avoid/exit,19,-35.8,1.5,-7.8,44.8,1,,Industrials,122886528.0,8343.68
SMOFF,Sonoro Gold Corp,0.138,2,6,4,1,2,0,2,17,-13.0,5.0,Broken,Avoid/exit,17,-4.0,-11.2,-6.3,37.1,1,,Basic Materials,43038820.0,220186.42
RDGMF,Ridgeline Minerals Corp,0.118,8,6,2,0,0,5,2,23,-18.0,5.0,Broken,Avoid/exit,31,-13.9,-1.7,-4.6,46.6,0,,Basic Materials,17016104.0,120172.1
NMTAY,Neometals Ltd,0.112,1,3,2,4,3,5,2,20,-15.0,5.0,Broken,Avoid/exit,18,0.0,0.0,-27.7,9.0,1,,Industrials,9805159.0,497.65
KLYG,Kelyniam Global Inc,0.13,3,7,3,0,3,0,4,20,-15.0,5.0,Broken,Avoid/exit,34,-7.1,0.0,-6.7,42.3,1,,Healthcare,6516046.0,20265.02
BKRKF,PT Bank Rakyat Indonesia (Persero) Tbk,0.15,1,3,4,0,3,2,2,15,-10.0,5.0,Broken,Avoid/exit,10,-6.2,-14.3,-13.2,38.8,0,,Financial Services,22586238976.0,0.0
NMAKF,Nemak S. A. B. de C. V,0.18,1,3,1,5,3,5,2,20,-15.0,5.0,Broken,Avoid/exit,19,0.0,0.0,-3.3,7.2,1,,Consumer Cyclical,514841344.0,1465.23
ARRXF,Archer Materials Limited,0.168,4,10,2,0,4,4,2,26,-21.0,5.0,Broken,Avoid/exit,20,5.2,-5.4,-7.4,43.2,2,,Technology,47208860.0,52153.53
TNON,Tenon Medical Inc,0.196,3,8,3,3,4,2,2,25,-18.0,5.0,Broken,Avoid/exit,16,-0.5,-1.0,-20.0,31.7,2,,Healthcare,3405693.0,2667901.65
SNYR,Synergy CHC Corp. Common Stock,0.17,3,6,5,0,4,0,2,20,-13.0,5.0,Broken,Avoid/exit,22,1.9,-12.7,-8.6,33.4,1,,Healthcare,2540430.0,1225598.88
MWCAF,Matachewan Consolidated Mines Limited,0.18,1,4,3,2,0,0,2,12,-10.0,5.0,Broken,Avoid/exit,28,-10.0,-19.4,-14.6,40.6,0,,Energy,2456104.0,149.61
FDXTF,FendX Technologies Inc.,0.157,5,6,5,1,0,3,2,22,-20.0,5.0,Broken,Avoid/exit,29,7.9,-12.8,-4.5,47.0,1,,Basic Materials,1462856.0,2445.54
ELPW,Elong Power Holding Limited Class A Ordinary Shares,0.197,3,7,3,0,3,2,2,20,-13.0,5.0,Broken,Avoid/exit,24,-13.4,-21.0,-50.0,30.8,2,,Industrials,620876.0,4253062.88
KAPA,"Kairos Pharma, Ltd.",0.3,3,10,1,0,4,2,2,22,-15.0,5.0,Broken,Avoid/exit,14,0.6,-11.8,-9.9,38.4,2,,Healthcare,6421219.0,869048.54
TELIF,Telescope Innovations Corp.,0.311,1,8,1,2,4,2,2,20,-13.0,5.0,Broken,Avoid/exit,25,-3.3,0.4,-16.8,32.7,2,,Healthcare,25109438.0,154689.88
HOVRW,New Horizon Aircraft Ltd,0.345,3,4,3,5,2,4,2,23,-18.0,5.0,Broken,Avoid/exit,26,-7.0,2.2,-6.2,45.6,0,,nan,nan,79358.52
GCDT,Green Circle Decarbonize Technology Limited,0.363,0,6,4,5,4,0,2,21,-16.0,5.0,Broken,Avoid/exit,17,-24.4,-28.6,-26.7,29.8,1,,Industrials,4671050.0,0.0
VIVS,"VivoSim Labs, Inc.",0.386,1,9,0,3,3,2,2,20,-13.0,5.0,Broken,Avoid/exit,9,-14.2,-36.7,-36.7,22.7,1,,Healthcare,1348711.0,1741924.33
EVOXW,Evolution Global Acquisition Corp Warrants,0.37,1,8,0,2,4,0,2,17,-10.0,5.0,Broken,Avoid/exit,17,5.7,-6.3,-15.2,41.7,1,,nan,nan,0.0
PWRMF,Power Metals Corp,0.41,2,3,5,3,5,0,2,20,-15.0,5.0,Broken,Avoid/exit,28,-6.8,-11.4,-8.2,37.2,1,,Basic Materials,73295048.0,167209.35
PBK,PowerBank Corporation,0.505,1,10,4,0,3,2,2,22,-15.0,5.0,Broken,Avoid/exit,0,-0.2,-15.7,-11.9,38.3,1,,Utilities,27248178.0,0.0
CWD,CaliberCos Inc. Class A Common Stock,0.512,1,8,0,3,4,2,2,20,-13.0,5.0,Broken,Avoid/exit,24,-26.0,-30.7,-22.6,34.8,1,,Financial Services,4529730.0,1892326.96
LINIF,LINIF,0.508,3,5,1,4,0,0,2,15,-6.0,5.0,Broken,Avoid/exit,37,-17.9,-21.9,-11.8,36.5,0,,nan,nan,8103.75
CAMVF,Cambria Gold Mines Inc.,0.57,3,7,6,0,4,0,2,22,-15.0,5.0,Broken,Avoid/exit,16,-3.4,-9.5,-10.1,36.3,1,,Basic Materials,212650768.0,99504.72
DUO,Fangdd Network Group Ltd,0.585,5,5,3,3,0,4,2,22,-15.0,5.0,Broken,Avoid/exit,16,-5.0,0.7,-7.9,38.1,1,,Real Estate,22562386.0,171817.4
CNUCF,Canuc Resources Corporation,0.6,7,4,1,3,3,0,2,20,-15.0,5.0,Broken,Avoid/exit,33,-17.0,-23.6,-7.4,47.9,1,,Energy,17507140.0,0.0
WEGYF,Westbridge Energy Corporation,0.58,3,5,3,1,3,3,2,20,-15.0,5.0,Broken,Avoid/exit,7,-4.4,-2.5,-8.8,18.3,1,,Utilities,15252529.0,1812.44
TINFF,Tincorp Metals Inc.,0.63,4,3,0,8,3,2,2,22,-13.0,5.0,Broken,Avoid/exit,42,-51.5,-55.0,-41.7,34.5,1,,Basic Materials,61945628.0,17598.44
LFACW,Leapfrog Acquisition Corporation Warrants,0.6,4,7,1,6,4,2,2,26,-19.0,5.0,Broken,Avoid/exit,0,5.4,17.8,-3.4,49.7,3,,nan,1930174.0,0.0
KIDZ,"Classover Holdings, Inc. Class B Common Stock",0.606,5,9,4,5,4,6,2,35,-28.0,5.0,Broken,Avoid/exit,25,11.3,33.1,-6.2,46.5,3,,Consumer Defensive,1244398.0,4637147.92
MIPCF,Minor International Public Company Limited,0.688,1,1,0,5,3,2,3,15,-10.0,5.0,Broken,Avoid/exit,10,-1.7,-1.7,-1.4,0.0,0,,Consumer Cyclical,3870269696.0,23.5
PEVM,Phoenix Motor Inc.,0.76,3,7,1,3,0,2,2,18,-13.0,5.0,Broken,Avoid/exit,22,0.0,-55.3,-38.0,23.1,1,,nan,37453104.0,820.02
PNSPF,Pensana Plc,0.842,3,7,3,0,3,2,2,20,-15.0,5.0,Broken,Avoid/exit,15,1.4,-7.2,-8.7,28.8,2,,Basic Materials,275377760.0,2154.58
GLNS,Golden Star Resource Corp ,0.802,3,4,2,3,3,3,2,20,-15.0,5.0,Broken,Avoid/exit,12,0.0,0.0,-4.3,0.3,1,,Basic Materials,5670140.0,27.01
SAPMY,Saipem SpA ADR,0.89,2,8,1,0,0,0,2,13,-8.0,5.0,Broken,Avoid/exit,27,-10.1,-2.2,-6.4,42.0,0,,Energy,8634258432.0,0.0
CGTX,Cognition Therapeutics Inc,0.916,1,7,3,5,4,0,2,22,-15.0,5.0,Broken,Avoid/exit,22,-4.6,-2.6,-8.4,39.0,1,,Healthcare,81980184.0,1180135.23
EZGO,EZGO Technologies Ltd,0.939,1,8,2,3,6,0,2,22,-15.0,5.0,Broken,Avoid/exit,24,-12.2,-19.0,-14.4,38.0,1,,Consumer Cyclical,2165931.0,404484.7
NNOX,Nano X Imaging Ltd,0.965,3,10,2,0,3,2,2,22,-15.0,5.0,Broken,Avoid/exit,14,-0.9,-7.2,-9.9,38.3,1,,Healthcare,67164752.0,1659020.01
ASLRF,Alien Metals Ltd,0.002,2,11,4,5,3,0,2,27,-23.0,4.0,Broken,Avoid/exit,39,-21.1,36.4,3.9,50.3,3,,Basic Materials,18074372.0,71886.74
EESH,Eestech Inc,0.01,3,5,0,0,2,2,2,14,-10.0,4.0,Broken,Avoid/exit,13,-71.2,-66.7,-60.8,40.8,0,,Industrials,3203395.0,4446.73
GMNI,Gemini Group Global Corp,0.001,4,11,1,0,3,2,2,23,-15.0,4.0,Broken,Avoid/exit,10,0.0,-9.1,-5.0,47.1,1,,Financial Services,735765.0,550919.66
NUVM,NuVim Inc,0.003,3,3,2,5,0,4,2,19,-15.0,4.0,Broken,Avoid/exit,20,0.0,0.0,-12.4,16.4,1,,Consumer Defensive,357344.0,13645.74
DREM,Dream Homes & Development Corporation,0.007,1,3,2,0,3,3,2,14,-10.0,4.0,Broken,Avoid/exit,13,0.0,0.0,-24.7,0.5,0,,Consumer Cyclical,325382.0,5189.09
OWPC,One World Pharma Inc,0.001,2,5,0,9,3,4,2,25,-21,4,Broken,Avoid/exit,17,233.3,-80.4,-68.5,39.7,0,9,Healthcare,120108.0,879960.34
CORZR,CORZR,0.006,2,4,2,4,0,0,2,14,-10.0,4.0,Broken,Avoid/exit,16,-78.0,-72.5,-76.5,35.1,0,,nan,nan,0.0
APGI,American Pwr Group,0.012,10,3,2,4,3,0,5,27,-23.0,4.0,Broken,Avoid/exit,52,-20.0,-7.7,-4.1,50.1,1,,Industrials,13439742.0,42696.67
RVVTF,Revive Therapeutics Ltd,0.018,5,5,4,5,3,0,5,27,-23.0,4.0,Broken,Avoid/exit,26,-10.0,-21.7,-9.4,41.3,1,,Healthcare,7842170.0,370003.85
SXOOF,St-Georges Eco-Mining Corp,0.016,3,14,3,0,3,0,2,25,-21.0,4.0,Broken,Avoid/exit,16,0.0,0.0,-2.4,46.5,1,,Basic Materials,4783160.0,127090.12
HERB,Yasheng Group,0.016,2,4,1,0,3,2,2,14,-10.0,4.0,Broken,Avoid/exit,15,-51.1,-22.4,-28.1,41.6,0,,Consumer Defensive,2561802.0,8065.36
AMFL,American Films Inc,0.015,6,4,4,0,3,0,2,19,-15.0,4.0,Broken,Avoid/exit,18,-4.4,-4.4,-7.6,34.6,1,,Communication Services,973655.0,22975.96
MSRM,Mushrooms Inc.,0.011,0,2,2,6,2,0,2,14,-10.0,4.0,Broken,Avoid/exit,26,-15.3,-38.0,-25.9,37.5,0,,Consumer Defensive,498888.0,48988.24
PRENW,Prenetics Holding Company Limited,0.012,2,12,0,2,8,6,2,32,-28,4,Broken,Avoid/exit,15,25.0,30.2,-10.5,46.2,4,,nan,nan,39524.52
IBOGF,Universal Ibogaine Inc,0.025,5,9,9,0,0,2,3,28,-24.0,4.0,Broken,Avoid/exit,35,-7.1,-10.7,-5.2,46.6,1,,Healthcare,7821463.0,554864.26
GLDFF,Chalice Brands Ltd,0.028,1,6,0,5,0,0,2,14,-10.0,4.0,Broken,Avoid/exit,7,-19.8,-21.3,-21.7,38.4,0,,Basic Materials,2306720.0,54566.12
WESMF,West Mining Corp,0.026,3,4,5,0,3,2,2,19,-15.0,4.0,Broken,Avoid/exit,24,4.4,-18.0,-9.7,35.9,1,,Basic Materials,1153561.0,0.0
ARBEW,Arbe Robotics Ltd. Warrant,0.03,3,4,3,5,2,0,4,21,-15.0,4.0,Broken,Avoid/exit,25,-11.5,-11.2,-12.8,45.9,1,,nan,nan,25979.98
BFRIW,Biofrontera Inc. Warrants,0.03,1,9,0,3,0,4,2,19,-15.0,4.0,Broken,Avoid/exit,16,5.3,2.0,-25.1,43.0,1,,nan,nan,0.0
GRABW,Grab Holdings Limited Warrant,0.022,1,8,1,1,4,2,2,19,-13.0,4.0,Broken,Avoid/exit,17,-8.8,-31.6,-27.1,33.0,1,,nan,nan,32441.88
IPGGF,Imperium Group Global Holdings Limited,0.037,3,10,0,1,3,0,2,19,-15.0,4.0,Broken,Avoid/exit,8,-48.0,-53.9,-33.4,41.6,1,,Consumer Cyclical,21196736.0,4654.69
HSTA,Hestia Insight Inc,0.034,2,3,1,5,6,0,2,19,-15.0,4.0,Broken,Avoid/exit,39,0.0,-10.9,-11.8,22.6,1,,Technology,935685.0,3980.56
FCRM,Franklin Credit Management Corporation,0.033,1,4,2,0,3,7,2,19,-15.0,4.0,Broken,Avoid/exit,15,0.0,0.0,-26.8,22.6,1,,Financial Services,330711.0,2030.5
IMIMF,Interra Copper Corp,0.046,1,7,3,0,4,0,2,17,-13.0,4.0,Broken,Avoid/exit,12,-18.6,-17.7,-15.2,36.2,1,,Basic Materials,5507049.0,50568.71
IMITF,IMITF,0.057,0,2,4,3,0,0,2,11,-10.0,4.0,Broken,Avoid/exit,14,-15.4,-15.9,-15.1,40.9,0,,Industrials,11161520.0,0.0
WCCP,Wealthcraft Capital Inc,0.06,7,4,1,4,3,3,5,27,-23.0,4.0,Broken,Avoid/exit,48,-8.5,-25.6,-2.1,49.1,1,,Industrials,8817011.0,2713.49
MGN,Megan Holdings Limited Ordinary Shares,0.069,5,5,2,0,2,0,2,16,-10.0,4.0,Broken,Avoid/exit,21,-23.7,-35.2,-31.9,27.9,0,,Industrials,2775000.0,7783880.09
EGMLF,Engineer Gold Mines Ltd,0.064,3,3,2,3,3,3,2,19,-15.0,4.0,Broken,Avoid/exit,9,-2.0,-2.0,-10.7,2.1,1,,Basic Materials,1670498.0,1504.42
LIBRF,LIBRF,0.075,1,3,5,5,3,0,2,19,-15.0,4.0,Broken,Avoid/exit,17,-8.4,-21.4,-12.6,23.7,1,,Basic Materials,5081988.0,0.0
USCUF,US Copper Corp,0.09,1,6,2,6,4,0,2,21,-15.0,4.0,Broken,Avoid/exit,17,-10.0,-14.5,-11.2,35.8,1,,Basic Materials,14456606.0,431254.4
SNFRF,Sinofert Holdings Limited,0.141,0,1,1,5,3,2,2,14,-10.0,4.0,Broken,Avoid/exit,0,-21.7,-21.7,-17.8,3.7,0,,Basic Materials,1652253056.0,0.0
PBIGF,Paradigm Biopharmaceuticals Limited,0.124,5,6,1,0,6,0,2,20,-16.0,4.0,Broken,Avoid/exit,19,-2.2,-17.3,-7.9,45.4,2,,Healthcare,73475424.0,12177.72
MQMIF,MetalQuest Mining Inc.,0.125,4,9,5,2,4,0,2,26,-18.0,4.0,Broken,Avoid/exit,18,-8.1,7.8,-3.7,40.7,0,,Basic Materials,6114940.0,6697.56
CHHL,China Holdings Inc,0.1,5,5,1,3,0,2,2,18,-14.0,4.0,Broken,Avoid/exit,37,-6.5,-9.1,-7.4,35.4,0,,Healthcare,1770799.0,3646163.5
GSTRF,Glenstar Minerals Inc.,0.106,3,3,2,6,3,2,2,21,-15.0,4.0,Broken,Avoid/exit,9,1.6,-6.8,-8.2,35.7,2,,Basic Materials,nan,96785.79
TPSRF,Topsports International Holdings Limited,0.151,0,4,0,5,3,0,2,14,-10.0,4.0,Broken,Avoid/exit,3,-31.0,-27.6,-32.4,25.3,0,,Consumer Cyclical,934152064.0,7712.23
CTXDF,Cantex Mine Development Corp,0.162,7,7,3,4,0,2,5,28,-24.0,4.0,Broken,Avoid/exit,22,-2.1,1.8,-3.3,44.3,1,,Basic Materials,25811398.0,17684.88
CGMXF,CGMXF,0.16,2,6,4,6,2,2,2,24,-18.0,4.0,Broken,Avoid/exit,17,-7.5,-4.4,-13.2,38.7,1,,Basic Materials,15221285.0,0.0
MEDAF,Medaro Mining Corp,0.157,8,8,4,6,0,2,2,30,-26.0,4.0,Broken,Avoid/exit,26,12.2,20.6,-0.2,43.8,3,,Basic Materials,2547710.0,10798.74
EMSKF,Musk Metals Corp,0.15,5,6,1,0,3,0,2,17,-13.0,4.0,Broken,Avoid/exit,27,-11.8,-53.1,-28.9,41.7,1,,Basic Materials,2213320.0,2874.36
KCHVR,Kochav Defense Acquisition Corp. Right,0.174,0,6,1,5,0,2,2,16,-10.0,4.0,Broken,Avoid/exit,7,-18.1,-24.5,-16.4,32.5,0,,nan,nan,0.0
GPTRF,Grande Portage Resources Ltd,0.206,2,9,6,5,3,0,2,27,-23.0,4.0,Broken,Avoid/exit,21,-2.1,-6.6,-3.6,44.9,1,,Basic Materials,37928044.0,115240.15
EZES,"Easy Environmental Solutions, Inc.",0.2,0,3,0,5,2,0,2,12,-13.0,4.0,Broken,Avoid/exit,16,-64.3,-63.1,-57.3,33.4,0,,Industrials,11744603.0,9284.84
GRYCF,Graycliff Exploration Limited,0.214,8,8,2,6,6,2,2,34,-30.0,4.0,Broken,Avoid/exit,43,21.7,21.7,-1.6,48.4,3,,Basic Materials,3526764.0,1066.5
ASFT,AppSoft Technologies Inc,0.25,1,3,1,4,3,5,2,19,-15.0,4.0,Broken,Avoid/exit,16,0.0,0.0,-6.9,0.9,1,,Technology,1123799.0,120.51
LATAW,Galata Acquisition Corp. II Warrant,0.269,1,5,0,3,0,2,2,13,-10.0,4.0,Broken,Avoid/exit,13,-3.9,-10.0,-17.0,37.6,0,,nan,nan,0.0
BLOZF,Cannabix Technologies Inc,0.374,0,5,1,6,2,2,3,19,-15.0,4.0,Broken,Avoid/exit,18,-6.6,-4.9,-5.3,40.2,2,,Healthcare,46066040.0,117774.46
MIVOF,Miivo Holdings Corp.,0.36,1,3,2,5,3,3,2,19,-15.0,4.0,Broken,Avoid/exit,10,0.0,0.0,-4.2,0.0,1,,Financial Services,14184677.0,0.0
NCPL,Netcapital Inc,0.372,3,6,2,0,2,2,2,17,-13.0,4.0,Broken,Avoid/exit,24,-8.2,-16.1,-17.4,32.0,1,,Financial Services,2916279.0,3090894.54
TTTNF,Titan Minerals Limited,0.424,3,3,3,2,3,3,2,19,-15.0,4.0,Broken,Avoid/exit,24,0.0,0.0,-4.1,24.5,1,,Basic Materials,122003808.0,3169.53
VLTLF,Volt Lithium Corp.,0.595,4,15,5,0,4,4,2,34,-28.0,4.0,Broken,Avoid/exit,32,-3.1,10.1,-2.7,44.9,3,,Basic Materials,128314600.0,555831.9
TMRC,Texas Rare Earth Resources Corp,0.59,1,7,4,4,3,0,2,21,-15.0,4.0,Broken,Avoid/exit,19,-10.6,-11.9,-12.3,33.7,1,,Basic Materials,52120420.0,439388.24
IPEXR,Inflection Point Acquisition Corp. V,0.57,3,2,5,6,3,0,5,24,-20.0,4.0,Broken,Avoid/exit,38,-9.5,-17.4,-11.5,43.6,0,,nan,nan,0.0
WLSS,Welsis Corp.,0.6,1,3,0,3,3,7,2,19,-15.0,4.0,Broken,Avoid/exit,10,0.0,-75.9,-53.8,0.1,1,,Healthcare,1651600.0,65.13
YHEKF,Yeahka Limited,0.722,1,1,2,3,3,2,2,14,-10.0,4.0,Broken,Avoid/exit,17,0.0,-9.8,-5.6,0.0,0,,Technology,279762240.0,44.49
PNPNF,Power Nickel Inc.,0.71,5,1,8,1,2,2,2,21,-15.0,4.0,Broken,Avoid/exit,16,-3.7,-2.3,-5.0,39.4,1,,Basic Materials,187120288.0,274205.85
DH,Definitive Healthcare Corp,0.717,3,5,3,0,2,2,2,17,-13.0,4.0,Broken,Avoid/exit,23,4.5,-12.7,-4.0,44.2,1,,Healthcare,75671432.0,372905.57
LIMX,Limitless X Holdings Inc.,0.72,1,3,8,5,0,0,2,19,-15.0,4.0,Broken,Avoid/exit,12,-19.1,-23.4,-22.0,32.5,1,,Consumer Defensive,13325009.0,0.0
SRFM,Surf Air Mobility Inc.,0.754,3,9,2,0,3,0,2,19,-15.0,4.0,Broken,Avoid/exit,23,-4.5,1.4,-9.2,39.5,1,,Industrials,83634424.0,4369526.12
CLPS,CLPS Inc,0.82,3,8,6,4,0,4,3,28,-24.0,4.0,Broken,Avoid/exit,16,1.2,-4.0,-4.3,45.4,1,,Technology,24470298.0,54598.91
FUSE,Fusemachines Inc. Common stock,0.816,1,5,5,1,2,0,2,16,-13.0,4.0,Broken,Avoid/exit,22,-8.0,-16.4,-12.7,28.1,1,,Technology,23637514.0,1929950.25
BQSSF,Boss Resources Ltd,0.861,3,7,8,5,3,1,5,32,-28.0,4.0,Broken,Avoid/exit,16,-8.7,-4.5,-2.9,46.7,1,,Energy,357465952.0,41925.66
TGE,The Generation Essentials Group,0.879,2,8,3,0,4,0,2,19,-13.0,4.0,Broken,Avoid/exit,32,-4.5,-8.0,-6.4,39.0,1,,Financial Services,42597284.0,1412790.99
DOGZ,Dogness International Corp Class A,0.88,1,4,4,6,2,0,2,19,-15.0,4.0,Broken,Avoid/exit,21,-7.6,-10.0,-10.5,35.1,1,,Consumer Cyclical,12769379.0,508552.33
IVF,"INVO Fertility, Inc.",0.94,1,6,3,0,4,0,2,16,-10.0,4.0,Broken,Avoid/exit,28,-7.9,-16.8,-16.6,35.6,0,,Healthcare,1678515.0,1247312.14
FLNA,"Filana Therapeutics, Inc.",0.96,1,8,3,0,3,2,2,19,-13.0,4.0,Broken,Avoid/exit,19,3.2,-11.1,-6.9,37.7,2,,Healthcare,46375580.0,752074.07
GLXG,Galaxy Payroll Group Limited Ordinary Shares,0.981,4,5,2,0,2,2,2,17,-13.0,4.0,Broken,Avoid/exit,24,15.4,-8.3,-9.8,43.2,2,,Industrials,5848246.0,1113837.76
RLLCF,Rolls-Royce Holdings plc,0.001,2,2,2,0,2,0,2,10,-10.0,3.0,Broken,Avoid/exit,9,-7.1,-23.5,-13.3,43.7,0,,Industrials,63222030336.0,1492007.48
PERCF,Percheron Therapeutics Limited,0.002,6,3,1,3,3,0,2,18,-15.0,3.0,Broken,Avoid/exit,15,-4.0,-14.3,-6.3,39.6,1,,Healthcare,3653790.0,2519.54
NRWMF,Norwest Minerals Limited,0.003,6,6,2,4,3,5,5,31,-28,3,Broken,Avoid/exit,24,18.2,18.2,7.5,48.5,3,,Basic Materials,2811923.0,10.26
QIND,Quality Industrial Corp.,0.007,1,6,5,5,3,2,2,24,-21.0,3.0,Broken,Avoid/exit,22,-9.3,4.6,-8.4,43.8,0,,Industrials,752444.0,149893.82
GMER,Good Gaming Inc,0.005,1,2,0,6,2,0,2,13,-10.0,3.0,Broken,Avoid/exit,11,-16.7,0.0,-12.6,39.1,0,,Communication Services,645586.0,128812.86
GHYLF,GHYLF,0.002,0,1,0,5,3,2,2,13,-10.0,3.0,Broken,Avoid/exit,19,-99.1,-99.5,-99.3,14.2,0,,nan,378954.0,2614.59
CODV,Compliance Advocates Corporation,0.008,0,2,2,6,6,0,2,18,-15.0,3.0,Broken,Avoid/exit,0,-51.4,-51.4,-43.7,16.2,1,,Technology,333667.0,0.0
WSNAF,Wesana Health Holdings Inc,0.004,1,3,1,5,3,3,2,18,-15.0,3.0,Broken,Avoid/exit,10,0.0,0.0,-52.4,0.1,1,,Healthcare,121549.0,3023.52
WNBDD,Winning Brands Corporation,0.004,5,3,3,0,0,0,2,13,-10.0,3.0,Broken,Avoid/exit,25,-14.3,-2.7,-23.5,44.2,0,,Consumer Defensive,32247.0,19546.78
NDEV,Novus Acquisition and Development Corp,0.014,4,4,6,5,0,0,2,21,-18.0,3.0,Broken,Avoid/exit,24,-0.7,-8.6,-6.8,44.9,0,,Financial Services,1777490.0,25831.83
BTMCQ,Bitcoin Depot Inc.,0.02,3,3,1,4,3,2,2,18,-15.0,3.0,Broken,Avoid/exit,8,0.0,-75.0,-79.4,23.4,1,,Financial Services,226971.0,293749.81
JSPRW,Jasper Therapeutics Inc,0.012,1,3,2,6,4,0,4,20,-15.0,3.0,Broken,Avoid/exit,26,-40.7,-40.7,-25.4,42.4,2,,nan,nan,13350.05
VLDXW,"Velo3D, Inc.",0.011,5,6,3,3,0,2,2,21,-18.0,3.0,Broken,Avoid/exit,17,-41.3,-7.5,-31.6,43.1,0,,nan,nan,81963.47
HRFEF,Harfang Exploration Inc,0.03,0,1,7,4,2,2,2,18,-15.0,3.0,Broken,Avoid/exit,23,-25.0,-25.0,-19.6,21.0,1,,Basic Materials,3013071.0,8869.26
CENQW,CENAQ Energy Corp. Warrant,0.023,2,6,2,5,2,0,2,19,-16.0,3.0,Broken,Avoid/exit,24,0.0,-8.0,-12.9,42.8,1,,Financial Services,nan,88758.68
HYEG,Hydrogen Engine Center Inc,0.05,5,4,7,4,2,1,4,27,-24.0,3.0,Broken,Avoid/exit,39,0.6,0.6,-4.4,47.6,1,,Industrials,5523098.0,11484.96
TALN,Talon International Inc,0.05,1,4,2,4,0,0,2,13,-10.0,3.0,Broken,Avoid/exit,19,0.0,-16.7,-9.0,34.1,0,,Consumer Cyclical,4616914.0,2291.0
FOXO,FOXO Technologies Inc.,0.043,2,11,1,0,4,4,2,24,-21.0,3.0,Broken,Avoid/exit,19,43.0,-14.2,-35.3,44.4,1,,nan,156260.0,14118.12
DALQF,D&L Industries Inc,0.058,1,2,0,6,0,2,2,13,-10.0,3.0,Broken,Avoid/exit,5,0.0,-45.2,-27.0,0.0,0,,Basic Materials,415142944.0,5.51
SAVNF,Savannah Resources Plc,0.059,0,1,4,4,0,2,2,13,-10.0,3.0,Broken,Avoid/exit,21,-25.7,-25.7,-24.5,13.0,0,,Basic Materials,152981712.0,13435.83
LIANY,LianBio,0.058,1,8,0,0,3,2,2,16,-13.0,3.0,Broken,Avoid/exit,13,2.9,-48.1,-27.8,36.9,2,,Healthcare,6329320.0,36488.26
AMIN,American International Industries Inc,0.054,3,4,0,2,3,4,2,18,-15.0,3.0,Broken,Avoid/exit,36,-29.6,-29.6,-39.5,44.6,1,,Financial Services,645891.0,277.0
TKCI,TurnKey Capital Inc,0.065,4,8,6,6,3,2,2,31,-28.0,3.0,Broken,Avoid/exit,19,3.5,20.6,-10.4,45.5,3,,Technology,25417842.0,25932.64
PANXF,PTX Metals Inc.,0.066,1,6,2,6,2,0,2,19,-16.0,3.0,Broken,Avoid/exit,16,-10.6,-11.2,-9.5,33.8,1,,Basic Materials,14420251.0,192133.08
ELECF,Electric Royalties Ltd,0.073,3,7,4,0,0,2,2,18,-15.0,3.0,Broken,Avoid/exit,16,6.9,-3.1,-3.0,41.7,2,,Basic Materials,9654231.0,39265.61
DDNFF,Adamera Minerals Corp,0.08,4,8,6,2,3,6,2,31,-28.0,3.0,Broken,Avoid/exit,30,14.3,15.8,6.0,51.6,3,,Basic Materials,4338525.0,0.0
GPUSD,Alset AI Ventures Inc.,0.075,3,12,2,7,3,0,2,29,-26.0,3.0,Broken,Avoid/exit,33,-20.8,-4.9,-11.7,43.6,2,,Technology,2220062.0,5560.53
GPUSF,Alset AI Ventures Inc.,0.075,3,12,2,7,3,0,2,29,-26.0,3.0,Broken,Avoid/exit,34,-20.8,-4.9,-11.7,43.8,2,,Technology,1324587.0,5585.53
POGS,Pioneer Oil & Gas,0.08,1,1,2,0,3,4,2,13,-10.0,3.0,Broken,Avoid/exit,13,0.0,-20.8,-13.8,1.2,0,,Energy,321293.0,1170.67
TSLV,Azoria TSLA Convexity ETF,0.075,0,1,2,4,4,0,2,13,-10.0,3.0,Broken,Avoid/exit,27,-16.7,-21.1,-12.2,39.5,0,,nan,nan,230120.0
SLRRF,Silver Range Resources Ltd,0.09,5,7,12,2,0,2,5,33,-30.0,3.0,Broken,Avoid/exit,31,0.0,12.5,2.6,51.2,3,,Basic Materials,8879862.0,13813.87
NEXNF,NEXE Innovations Inc,0.086,2,3,8,1,0,2,2,18,-15.0,3.0,Broken,Avoid/exit,19,-1.1,-7.5,-6.7,37.9,2,,Consumer Cyclical,8591402.0,12566.41
UPERF,UPERF,0.09,3,4,3,0,3,3,2,18,-15.0,3.0,Broken,Avoid/exit,0,0.0,0.0,-10.9,30.2,1,,Basic Materials,nan,0.0
RCGCF,Roscan Gold Corp,0.107,3,7,3,1,0,2,2,18,-15.0,3.0,Broken,Avoid/exit,20,-13.5,0.3,-7.9,42.1,1,,Basic Materials,46044044.0,177749.16
BRKCF,Barksdale Resources Corp,0.132,1,9,1,2,3,0,2,18,-13.0,3.0,Broken,Avoid/exit,33,-5.4,-22.1,-23.0,31.8,1,,Basic Materials,26174328.0,169142.46
KROEF,Kr1 PLC,0.12,2,2,5,4,0,2,5,20,-13.0,3.0,Broken,Avoid/exit,26,-9.8,-13.7,-9.3,39.4,1,,Financial Services,21310382.0,3349.88
AUCUF,Inflection Resources Ltd,0.129,1,4,5,2,4,2,2,20,-15.0,3.0,Broken,Avoid/exit,20,0.6,-6.7,-4.1,42.7,1,,Basic Materials,16420224.0,80121.69
RWCRF,RIWI Corp,0.112,1,6,0,4,3,2,2,18,-15.0,3.0,Broken,Avoid/exit,8,3.7,-32.1,-20.5,6.0,1,,Technology,5961229.0,572.0
OMH,Ohmyhome Limited Ordinary Shares,0.117,3,5,0,4,2,2,2,18,-15.0,3.0,Broken,Avoid/exit,11,-72.3,-57.3,-66.6,38.2,1,,Real Estate,3338205.0,4242721.23
SPTCF,SPTCF,0.185,6,7,3,0,0,0,2,18,-15.0,3.0,Broken,Avoid/exit,0,-13.9,2.9,-9.5,44.0,1,,Basic Materials,25652892.0,0.0
HCWC,Healthy Choice Wellness Corp.,0.175,3,3,7,3,0,2,2,20,-15.0,3.0,Broken,Avoid/exit,9,-4.3,-10.2,-9.1,33.6,1,,Consumer Defensive,4656004.0,1364736.52
HWNI,High Wire Networks Inc,0.168,1,3,3,0,3,6,2,18,-15.0,3.0,Broken,Avoid/exit,30,0.0,-40.0,-28.2,31.5,1,,Technology,3485444.0,0.0
GRRRW,Gorilla Technology Group Inc.,0.18,1,7,1,0,4,0,2,15,-12.0,3.0,Broken,Avoid/exit,17,-21.7,-14.3,-21.6,38.8,0,,nan,nan,34562.21
GPATW,GP-Act III Acquisition Corp. Warrants,0.16,0,6,2,4,2,2,2,18,-13.0,3.0,Broken,Avoid/exit,22,-13.5,-13.5,-13.8,36.2,1,,nan,nan,18805.73
ITJTY,Intrum AB (publ),0.244,3,3,0,0,3,2,2,13,-10.0,3.0,Broken,Avoid/exit,9,0.0,-18.7,-74.9,26.5,1,,Financial Services,776086016.0,0.0
CAN,Canaan Inc,0.244,1,10,3,1,3,0,2,20,-15.0,3.0,Broken,Avoid/exit,14,-4.4,-11.7,-10.6,38.2,1,,Technology,181518528.0,20066725.95
JWCTF,JW (Cayman) Therapeutics Co. Ltd,0.202,3,3,2,2,0,3,2,15,-15.0,3.0,Broken,Avoid/exit,12,0.0,0.0,-4.3,33.6,1,,Healthcare,84223336.0,7710.98
DNMXW,Dynamix Corporation III Warrants,0.24,0,1,2,6,2,0,2,13,-10.0,3.0,Broken,Avoid/exit,15,-11.1,-14.6,-12.9,22.0,0,,nan,nan,0.0
EVGUF,Evergold Corp,0.26,1,1,2,5,3,4,2,18,-15.0,3.0,Broken,Avoid/exit,30,0.0,-33.3,-17.9,6.6,1,,Basic Materials,5922813.0,1609.13
NPPTF,Neptune Digital Assets Corp,0.33,3,8,1,0,2,2,2,18,-15.0,3.0,Broken,Avoid/exit,8,-8.3,-15.4,-16.2,28.4,1,,Financial Services,42332764.0,196360.23
NXHSF,Next Hydrogen Solutions Inc,0.311,1,3,3,0,3,3,2,15,-15.0,3.0,Broken,Avoid/exit,13,0.0,-5.4,-5.8,20.4,1,,Industrials,21535534.0,1274.93
GTBP,GT Biopharma Inc,0.308,1,7,2,0,4,0,2,16,-13.0,3.0,Broken,Avoid/exit,24,-8.1,-19.8,-15.5,35.5,1,,Healthcare,11100162.0,1274813.5
YMT,Yimutian Inc. American Depositary Shares,0.33,1,5,3,3,4,0,2,18,-13.0,3.0,Broken,Avoid/exit,25,-20.7,-28.7,-24.1,35.0,2,,Technology,2515533.0,359885.31
CEBCF,China Everbright Bank Company Ltd,0.361,1,1,1,5,3,0,2,13,-10.0,3.0,Broken,Avoid/exit,8,-13.9,-13.9,-8.5,18.8,0,,Financial Services,21335791616.0,7819.21
KTTA,Pasithea Therapeutics Corp,0.444,3,6,3,0,4,0,2,18,-15.0,3.0,Broken,Avoid/exit,19,-7.5,-2.8,-7.5,33.9,1,,Healthcare,14836015.0,2593813.47
SCKT,Socket Mobile Inc,0.45,3,7,2,0,0,2,2,16,-13.0,3.0,Broken,Avoid/exit,11,-8.2,-11.8,-14.9,28.8,1,,Technology,3673819.0,100353.5
SLND,"Southland Holdings, Inc.",0.542,0,2,0,8,0,0,2,12,-9.0,3.0,Broken,Avoid/exit,23,-11.2,-20.4,-23.4,38.9,1,,Industrials,29375790.0,1359215.86
BYND,Beyond Meat Inc,0.556,1,8,4,0,3,0,2,18,-13.0,3.0,Broken,Avoid/exit,24,-0.8,-7.4,-8.1,35.6,1,,Consumer Defensive,286375776.0,97879610.09
IVVD,Invivyd Inc.,0.582,1,7,2,0,4,2,2,18,-13.0,3.0,Broken,Avoid/exit,14,-4.5,-26.2,-17.8,30.8,1,,Healthcare,171343696.0,4679503.44
MERC,Mercer International Inc,0.59,2,7,3,2,2,0,2,18,-15.0,3.0,Broken,Avoid/exit,11,-14.5,-11.9,-11.3,37.9,1,,Basic Materials,39526376.0,602587.23
BFRG,"Bullfrog AI Holdings, Inc. Common Stock",0.575,1,7,3,1,4,0,2,18,-15.0,3.0,Broken,Avoid/exit,29,-4.5,-9.0,-8.7,38.9,2,,Healthcare,10661450.0,3813869.67
ARBE,Arbe Robotics Ltd,0.6,0,3,6,6,2,2,2,21,-18.0,3.0,Broken,Avoid/exit,9,-15.5,-19.6,-16.0,36.5,1,,Technology,73589848.0,3034282.3
CRLBF,Cresco Labs Inc,0.673,4,8,2,0,4,0,2,20,-15.0,3.0,Broken,Avoid/exit,17,-5.2,-9.1,-7.1,36.9,1,,Healthcare,249345808.0,936829.17
SITKF,Sitka Gold Corp,0.65,2,4,3,3,4,0,2,18,-15.0,3.0,Broken,Avoid/exit,22,-2.0,-0.8,-4.9,38.7,1,,Basic Materials,270778560.0,172462.52
GUTS,"Fractyl Health, Inc. Common Stock",0.69,1,3,4,6,2,0,2,18,-15.0,3.0,Broken,Avoid/exit,33,-8.9,-19.2,-10.1,40.0,1,,Healthcare,109467784.0,3284397.34
LFT,Lument Finance Trust Inc,0.719,0,6,0,1,2,0,2,11,-8.0,3.0,Broken,Avoid/exit,6,-11.2,-22.7,-16.5,17.9,1,,Real Estate,37709220.0,214902.83
ALMMF,Aluminum Corporation of China Limited,0.91,5,6,8,0,0,0,2,21,-18.0,3.0,Broken,Avoid/exit,10,-15.0,-11.7,-10.7,37.8,0,,Basic Materials,17154971648.0,11206.01
AVCTF,Avacta Group Plc,0.906,1,1,3,2,3,6,2,18,-15.0,3.0,Broken,Avoid/exit,31,0.0,-9.4,-4.5,8.1,1,,Healthcare,424692096.0,5198.75
SALQF,Atlas Salt Inc.,0.999,5,8,1,4,7,0,2,27,-25.0,3.0,Broken,Avoid/exit,54,-0.9,-6.6,-5.0,45.4,1,,Basic Materials,124184824.0,25069.88
MNY,MoneyHero Limited Class A Ordinary Shares,0.95,8,8,3,1,2,2,5,29,-26.0,3.0,Broken,Avoid/exit,8,-2.1,0.0,-2.5,41.0,1,,Communication Services,41883008.0,56085.6
CSJXX,State Street Institutional Investment Trust- Treasury Money Market Fund,1.0,1,2,3,4,0,1,4,15,-15.0,3.0,Broken,Avoid/exit,21,-72.2,-72.0,-67.3,29.7,0,,nan,nan,0.0
PSCO,ProtoSource Corporation,0.009,3,2,4,0,3,3,2,17,-15.0,2.0,Broken,Avoid/exit,24,0.0,0.0,-10.1,36.6,1,,Financial Services,4588746.0,3761.54
GRHI,Gold Rock Holdings Inc,0.006,1,1,6,0,0,2,2,12,-10.0,2.0,Broken,Avoid/exit,20,0.0,-21.4,-12.6,19.4,0,,Industrials,1310193.0,9489.34
MMMRF,Mammoth Resources Corp,0.008,1,3,0,3,3,5,2,17,-15.0,2.0,Broken,Avoid/exit,11,0.0,0.0,-48.6,0.0,1,,Basic Materials,863111.0,4486.41
AERS,Aerius International Inc,0.002,3,3,5,0,3,1,2,17,-15.0,2.0,Broken,Avoid/exit,27,0.0,0.0,-3.4,29.1,1,,Financial Services,472082.0,32394.79
GYGC,Guyana Gold Corp,0.004,12,3,3,4,5,0,5,32,-30,2,Broken,Avoid/exit,50,-10.6,55.6,4.8,53.6,3,,Financial Services,459013.0,27556.89
VLTMF,Voltage Metals Corp,0.004,1,3,0,0,3,3,2,12,-10.0,2.0,Broken,Avoid/exit,6,0.0,-2.6,-40.0,0.0,0,,Basic Materials,409386.0,4443.32
ODYY,Odyssey Group International Inc,0.004,2,2,3,6,2,0,2,17,-15.0,2.0,Broken,Avoid/exit,6,-40.0,-40.0,-37.9,31.5,1,,Healthcare,403874.0,131480.34
GPLB,Green Planet Bio Engineering Company. Ltd,0.009,1,1,0,5,3,0,2,12,-10.0,2.0,Broken,Avoid/exit,11,-32.3,-32.3,-23.0,0.0,0,,Financial Services,176056.0,872.49
KWMWW,K Wave Media Ltd.,0.01,1,15,0,4,3,0,2,25,-21.0,2.0,Broken,Avoid/exit,15,-78.3,26.8,-48.4,43.1,3,,nan,nan,12412.16
PSUD,Petrosun Inc,0.011,2,8,1,4,3,0,2,20,-18.0,2.0,Broken,Avoid/exit,26,-26.7,10.0,-14.8,42.9,2,,Energy,9551310.0,38404.9
CHYI,Chykingyoung Investment Development Holdings Inc,0.012,1,3,1,5,3,2,2,17,-15.0,2.0,Broken,Avoid/exit,20,0.0,2.5,-71.6,36.1,1,,Basic Materials,4695008.0,74386.59
SGOZF,Sego Resources Inc.,0.02,1,1,0,3,3,2,2,12,-10.0,2.0,Broken,Avoid/exit,0,0.0,-42.9,-23.4,0.0,0,,Basic Materials,4280326.0,0.0
ELMGF,Element79 Gold Corp,0.013,0,2,3,5,0,0,2,12,-10.0,2.0,Broken,Avoid/exit,24,-12.2,-14.0,-15.5,40.8,0,,Basic Materials,2679270.0,77879.07
BELDF,Batero Gold Corp,0.02,1,1,6,4,3,0,2,17,-15.0,2.0,Broken,Avoid/exit,11,0.0,-33.3,-23.0,7.6,1,,Basic Materials,2303647.0,17021.95
DTII,Defense Technologies International Corp,0.014,0,2,7,0,3,0,2,14,-15.0,2.0,Broken,Avoid/exit,25,0.0,-15.2,-10.0,43.8,1,,Industrials,525444.0,43100.54
CINGW,Cingulate Inc. Warrants,0.012,0,9,2,3,2,4,2,22,-18.0,2.0,Broken,Avoid/exit,23,-42.4,-42.7,-45.4,44.4,1,,nan,nan,31477.1
VENZF,Venzee Technologies Inc,0.026,2,3,1,6,3,0,2,17,-15.0,2.0,Broken,Avoid/exit,12,0.0,-47.7,-24.7,38.9,1,,Technology,3167704.0,581.74
CBRSF,Champion Bear Resources Ltd,0.03,3,2,4,4,2,0,2,17,-15.0,2.0,Broken,Avoid/exit,20,-40.0,-40.0,-35.3,39.8,1,,Basic Materials,2257343.0,12853.13
TWELF,Tokenwell Platforms Inc.,0.021,8,4,3,4,2,3,5,29,-23.0,2.0,Broken,Avoid/exit,27,-4.5,-5.3,-13.5,47.4,1,,Technology,1913679.0,30289.37
CVGRF,City View Green Holdings Inc,0.027,3,10,2,3,3,2,2,25,-23.0,2.0,Broken,Avoid/exit,33,-12.1,-13.7,-9.6,45.1,2,,Healthcare,1740048.0,94406.9
STNRF,Stinger Resources Inc,0.024,3,5,7,0,0,0,2,17,-15.0,2.0,Broken,Avoid/exit,10,-14.3,-21.1,-16.5,27.6,1,,Basic Materials,1278915.0,15109.92
MCLE,Medicale Corp,0.025,3,3,3,3,0,3,2,17,-15.0,2.0,Broken,Avoid/exit,12,0.0,0.0,-30.5,39.2,1,,Consumer Defensive,148000.0,2940.79
VGASW,Verde Clean Fuels Inc.,0.023,3,4,2,5,2,2,2,20,-18.0,2.0,Broken,Avoid/exit,23,0.0,-26.0,-16.8,41.3,1,,Utilities,nan,88471.52
WTCZD,Copper Lake Resources Ltd.,0.031,2,5,0,4,0,4,2,17,-15.0,2.0,Broken,Avoid/exit,17,-4.6,0.0,-59.8,34.5,1,,Basic Materials,3848253.0,2773.26
USHAF,Usha Resources Ltd,0.033,0,6,7,0,2,3,2,20,-18.0,2.0,Broken,Avoid/exit,28,-7.0,-7.0,-5.8,31.6,0,,Basic Materials,3062986.0,6094.55
AZRH,Azure Holding Group Corp,0.04,8,7,3,0,0,6,2,26,-24.0,2.0,Broken,Avoid/exit,21,30.3,-33.3,-17.1,46.2,0,,Financial Services,2278989.0,37327.69
WTCZF,Copper Lake Resources Ltd,0.031,2,5,0,4,0,4,2,17,-15.0,2.0,Broken,Avoid/exit,17,-4.6,0.0,-59.9,34.6,1,,Basic Materials,427805.0,3562.11
BRLSW,Borealis Foods Inc,0.035,0,8,0,4,3,0,2,17,-16.0,2.0,Broken,Avoid/exit,11,-46.8,37.3,-29.9,44.6,2,,nan,nan,29349.63
CASXF,Casa Minerals Inc,0.047,6,4,4,5,0,2,2,23,-21.0,2.0,Broken,Avoid/exit,16,2.2,-14.0,-6.7,45.6,1,,Basic Materials,4424036.0,17817.37
WLBMF,Wallbridge Mining Company Limited,0.06,3,5,2,2,3,0,2,17,-15.0,2.0,Broken,Avoid/exit,36,-14.3,-14.3,-6.3,42.9,1,,Basic Materials,109850992.0,375602.45
LRDJF,St. James Gold Corp,0.065,0,2,0,8,3,0,2,15,-13.0,2.0,Broken,Avoid/exit,31,-19.4,-34.5,-19.4,38.2,1,,Basic Materials,2476233.0,8719.69
GTERW,Globa Terra Acquisition Corporation Warrants,0.07,0,4,0,6,0,2,2,14,-10.0,2.0,Broken,Avoid/exit,8,-27.2,-22.3,-40.8,35.0,1,,nan,nan,23487.46
SONIF,SonicStrategy Inc.,0.077,5,12,0,3,5,0,3,28,-26.0,2.0,Broken,Avoid/exit,36,-38.4,-26.8,-10.8,48.2,1,,Technology,3814821.0,27573.84
MIMDF,MIMDF,0.078,0,2,1,5,0,4,2,14,-8.0,2.0,Broken,Avoid/exit,13,-21.7,-28.9,-28.9,10.6,0,,nan,nan,10683.58
UGDIF,Unigold Inc,0.126,3,7,7,0,4,0,2,23,-21.0,2.0,Broken,Avoid/exit,11,-3.2,-10.1,-9.7,34.3,1,,Basic Materials,40656456.0,84735.91
MMNGF,Metallic Minerals Corp,0.133,3,16,3,3,4,0,3,32,-30,2,Broken,Avoid/exit,17,-5.1,14.6,-1.3,46.0,3,,Basic Materials,28403374.0,195280.35
SRGZ,Star Gold Corp,0.131,3,3,3,2,2,2,2,17,-15.0,2.0,Broken,Avoid/exit,46,-1.7,-9.6,-12.2,33.7,1,,Basic Materials,25136728.0,32961.27
EGPLF,Eagle Plains Resources Ltd,0.127,0,9,5,0,2,2,2,20,-18.0,2.0,Broken,Avoid/exit,22,-2.1,-2.1,-4.3,42.5,0,,Basic Materials,14976289.0,72325.95
QCXGF,QcX Gold Corp,0.139,3,3,3,0,3,3,2,17,-15.0,2.0,Broken,Avoid/exit,18,0.0,0.0,-7.2,36.4,1,,Basic Materials,3139215.0,2104.81
LTSRF,Lotus Resources Limited,0.175,0,2,0,8,0,0,2,12,-6.0,2.0,Broken,Avoid/exit,7,-63.2,-63.2,-54.3,14.4,1,,Basic Materials,71765464.0,85953.52
ADYRF,Adyton Resources Corporation,0.189,3,3,3,0,3,3,2,17,-15.0,2.0,Broken,Avoid/exit,32,0.0,-2.0,-4.6,17.5,1,,Basic Materials,59448404.0,2678.5
NZERF,New Zealand Energy Corp,0.198,1,3,1,5,3,2,2,17,-15.0,2.0,Broken,Avoid/exit,22,0.0,-29.3,-19.0,27.0,1,,Energy,11090232.0,1025.49
POAS,Phaos Technology Holdings (Cayman) Limited,0.183,3,4,3,1,2,2,2,17,-15.0,2.0,Broken,Avoid/exit,9,-22.1,-16.8,-32.0,27.5,1,,Healthcare,5777676.0,0.0
NVGLF,NV Gold Corporation,0.166,1,5,1,0,3,2,2,14,-15.0,2.0,Broken,Avoid/exit,23,-3.2,-24.0,-11.3,42.3,1,,Basic Materials,4898031.0,19310.44
ITP,IT Tech Packaging Inc,0.166,2,5,3,5,0,0,2,17,-15.0,2.0,Broken,Avoid/exit,18,-7.6,-12.5,-6.7,34.4,1,,Basic Materials,2821349.0,1488270.32
LTFD,Littlefield Corporation,0.15,3,4,2,2,3,5,2,21,-15.0,2.0,Broken,Avoid/exit,19,0.0,0.0,-6.0,1.6,1,,Consumer Cyclical,2609959.0,96.96
RBWRF,Rainbow Rare Earths Limited,0.22,2,5,2,3,0,0,2,14,-15.0,2.0,Broken,Avoid/exit,18,-21.4,-21.4,-13.5,42.2,1,,Basic Materials,154072224.0,14118.65
EMCHF,EML Payments Limited,0.212,1,3,0,1,3,7,2,17,-15.0,2.0,Broken,Avoid/exit,10,0.0,0.0,-24.4,0.0,1,,Technology,82763288.0,993.59
RLAIF,RLAIF,0.228,0,7,6,0,2,0,2,17,-13.0,2.0,Broken,Avoid/exit,13,-3.9,-5.8,-5.8,36.8,1,,Technology,49407876.0,139243.65
ESKYF,Eskay Mining Corp,0.231,2,7,4,2,3,0,2,20,-18.0,2.0,Broken,Avoid/exit,18,-7.7,0.3,-7.1,39.5,1,,Basic Materials,48464280.0,68109.17
BUGLF,BluGlass Limited,0.2,7,2,1,0,3,2,2,17,-15.0,2.0,Broken,Avoid/exit,41,-16.7,-20.0,-13.8,42.3,1,,Technology,38004584.0,1809.99
QESSF,Aegis Critical Energy Defence Corp.,0.22,4,6,1,6,0,0,2,19,-15.0,2.0,Broken,Avoid/exit,31,-2.8,-8.1,-9.1,40.9,1,,Industrials,32882420.0,185014.3
STRPF,Starr Peak Exploration Ltd,0.231,1,3,2,6,3,0,2,17,-15.0,2.0,Broken,Avoid/exit,10,-5.8,-13.0,-12.4,32.9,1,,Basic Materials,13895061.0,13021.5
UREKF,Eureka Lithium Corp.,0.219,4,3,4,0,4,0,2,17,-15.0,2.0,Broken,Avoid/exit,19,-6.7,-22.6,-14.5,12.8,1,,Basic Materials,10274810.0,1935.53
SORNW,Soren Acquisition Corp. Warrant,0.203,3,5,1,0,2,2,2,15,-11.0,2.0,Broken,Avoid/exit,0,-21.1,-25.4,-19.2,31.3,0,,nan,nan,0.0
DTCFF,Defence Therapeutics Inc,0.281,1,8,1,3,0,2,2,17,-15.0,2.0,Broken,Avoid/exit,11,5.3,-10.6,-7.3,42.1,1,,Healthcare,22251400.0,14667.22
WLTNF,Wilton Resources Inc,0.255,1,5,2,0,5,0,2,15,-13.0,2.0,Broken,Avoid/exit,20,-3.5,-11.3,-7.9,21.2,2,,Energy,20851524.0,2053.88
RAFX,Rafex Gold Corp.,0.281,1,3,0,3,3,0,2,12,-10.0,2.0,Broken,Avoid/exit,9,0.0,-43.4,-36.4,16.9,0,,Financial Services,15018602.0,52.55
CHVKF,China Vanke Co. Ltd,0.309,1,3,1,4,3,3,2,17,-15.0,2.0,Broken,Avoid/exit,23,-0.4,-0.4,-4.6,35.2,1,,Real Estate,5089483264.0,0.0
PSSOF,PesoRama Inc.,0.316,5,9,1,0,0,2,2,19,-15.0,2.0,Broken,Avoid/exit,28,-2.3,-6.7,-7.6,35.9,1,,Consumer Defensive,67299120.0,6069.76
NRXBF,NRXBF,0.32,1,6,0,3,3,0,2,15,-13.0,2.0,Broken,Avoid/exit,8,-15.2,-10.2,-12.2,37.8,1,,Healthcare,29454670.0,4166.28
AZASF,Arizona Silver Exploration Inc,0.382,0,1,4,6,2,2,2,17,-15.0,2.0,Broken,Avoid/exit,17,-6.8,-6.8,-8.4,35.7,1,,Basic Materials,43600084.0,80609.97
BACCR,Blue Acquisition Corp. Right,0.518,7,7,1,2,7,2,5,31,-29.0,2.0,Broken,Avoid/exit,48,-0.4,-39.8,-11.9,44.6,0,,nan,nan,0.0
JBPHF,Jacobio Pharmaceuticals Group Co. Ltd.,0.64,1,5,0,4,3,2,2,17,-15.0,2.0,Broken,Avoid/exit,23,7.5,-26.2,-11.5,18.2,1,,Healthcare,500828672.0,63.45
BSWGF,Black Swan Graphene Inc.,0.606,3,5,2,2,2,0,2,16,-15.0,2.0,Broken,Avoid/exit,13,-0.6,-5.1,-9.2,37.5,1,,Basic Materials,33451126.0,26562.35
TEAD,Teads B.V.,0.724,2,3,7,3,0,0,2,17,-15.0,2.0,Broken,Avoid/exit,20,-4.6,-10.0,-13.1,36.7,1,,Communication Services,70250896.0,1073598.59
HUDI,Huadi International Group Co Ltd,0.72,2,3,1,8,2,0,2,18,-16.0,2.0,Broken,Avoid/exit,8,-12.2,-14.8,-11.2,34.3,1,,Basic Materials,10295411.0,84475.65
BZAI,"Blaize Holdings, Inc.",0.809,1,9,1,0,4,0,2,17,-13.0,2.0,Broken,Avoid/exit,15,-18.7,-21.8,-23.1,29.0,1,,Technology,115148720.0,5212277.2
VMAR,Vision Marine Technologies Inc,0.815,2,7,1,0,3,2,2,17,-13.0,2.0,Broken,Avoid/exit,19,-2.1,-18.2,-21.3,39.1,2,,Consumer Cyclical,5321671.0,1032315.92
DYLLF,Deep Yellow Ltd,0.865,4,3,5,3,3,0,2,20,-18.0,2.0,Broken,Avoid/exit,13,-7.0,-2.3,-7.6,45.1,0,,Energy,842436544.0,100197.29
SIOLF,Sino-Ocean Group Holding Limited,0.007,1,1,0,5,0,2,2,11,-10.0,1.0,Broken,Avoid/exit,15,0.0,-34.5,-17.7,0.0,0,,Real Estate,91187992.0,130.5
BMXI,Brookmount Explorations Inc,0.01,0,1,3,8,0,0,2,14,-13.0,1.0,Broken,Avoid/exit,12,-20.8,-26.4,-19.6,37.0,1,,Basic Materials,3537852.0,2684004.99
NXMH,Next Meats Holdings Inc,0.007,0,4,1,6,3,0,2,16,-15.0,1.0,Broken,Avoid/exit,19,0.0,-11.2,-20.8,39.4,1,,Consumer Defensive,3106906.0,1653.26
RMSL,REMSleep Holdings Inc,0.002,1,2,3,5,2,0,2,15,-10.0,1.0,Broken,Avoid/exit,15,-10.5,-29.2,-23.6,38.1,0,,Healthcare,2880837.0,3742944.95
EDEYF,Eden Innovations Ltd,0.002,6,3,0,1,2,2,2,16,-15.0,1.0,Broken,Avoid/exit,33,5.0,5.0,-98.7,11.3,2,,Industrials,1283373.0,78.89
ORLCF,Oracle Commodity Holding Corp.,0.009,0,2,0,3,0,4,2,11,-10.0,1.0,Broken,Avoid/exit,10,-64.5,-62.5,-55.2,34.2,0,,Financial Services,996076.0,32783.02
ATHHF,Athene Holding Ltd,0.007,0,4,4,0,3,0,2,13,-15.0,1.0,Broken,Avoid/exit,19,-33.0,-11.8,-16.6,34.7,1,,Consumer Cyclical,686056.0,59149.79
NMGC,NeoMagic Corporation,0.01,1,2,2,5,0,4,2,16,-15.0,1.0,Broken,Avoid/exit,25,-29.9,-36.1,-29.2,31.3,1,,Technology,654806.0,9153.51
CERO,"CERo Therapeutics Holdings, Inc. Common Stock",0.01,3,4,4,0,2,0,4,17,-16.0,1.0,Broken,Avoid/exit,19,-9.1,-16.7,-12.7,42.9,0,,Healthcare,451124.0,1285364.16
DGNG,Diguang Intl Dev Co,0.001,1,1,0,5,3,4,2,16,-15.0,1.0,Broken,Avoid/exit,13,0.0,-84.3,-70.7,0.0,1,,Technology,354852.0,594.96
FCHS,First Choice Healthc,0.009,14,2,2,4,3,1,5,31,-30.0,1.0,Broken,Avoid/exit,40,-62.5,125.0,3.5,52.4,3,,Healthcare,296625.0,19772.09
IRME,International Display Advertising Inc,0.002,3,7,2,5,3,6,2,28,-27,1,Broken,Avoid/exit,25,90.9,90.9,-34.5,23.8,3,3,Healthcare,231125.0,4056.98
TESI,Tangram Enterprise Solutions Inc,0.001,4,3,0,1,3,3,2,16,-15.0,1.0,Broken,Avoid/exit,12,0.0,0.0,-75.1,0.0,1,,Industrials,41247.0,3179.3
GXXM,Gex Management Inc,0.007,4,6,1,3,0,4,2,20,-19.0,1.0,Broken,Avoid/exit,17,-40.0,-28.0,-55.8,44.0,0,,Industrials,3006.0,19505.32
NBHEF,NBHEF,0.02,0,1,0,4,3,1,2,11,-10.0,1.0,Broken,Avoid/exit,14,-55.6,-33.3,-27.8,37.8,0,,nan,24940544.0,19845.17
WBSR,Webstar Technology Group Inc,0.013,1,5,0,3,2,0,2,13,-8.0,1.0,Broken,Avoid/exit,10,-35.0,-66.7,-56.1,32.5,0,,Technology,4866703.0,54179.19
GPLS,Geopulse Exploration Inc,0.013,0,1,6,0,2,0,2,11,-10.0,1.0,Broken,Avoid/exit,15,-33.5,-33.5,-21.2,34.9,0,,Technology,1688511.0,18532.13
NMNZF,Nortec Minerals Corp,0.011,2,3,1,3,0,0,2,11,-10.0,1.0,Broken,Avoid/exit,18,-68.6,-68.6,-68.7,38.2,0,,Basic Materials,778227.0,652.5
DCNNF,Canadian Palladium Resources Inc,0.016,4,13,3,3,2,4,2,31,-30.0,1.0,Broken,Avoid/exit,15,-11.1,15.9,-6.3,46.1,3,,Basic Materials,754472.0,33375.72
EPAZ,Epazz Inc,0.02,0,5,4,5,0,0,2,16,-15.0,1.0,Broken,Avoid/exit,20,-18.0,-17.3,-16.8,41.2,2,,Technology,327812.0,17772.87
SPKTF,Spectra Products Inc,0.02,0,1,0,5,3,0,2,11,-10.0,1.0,Broken,Avoid/exit,5,-84.6,-84.6,-78.7,0.0,0,,Consumer Cyclical,261111.0,500.0
BKSY-WT,BKSY-WT,0.02,1,5,1,0,2,0,2,11,-10.0,1.0,Broken,Avoid/exit,11,-38.3,-44.4,-44.1,34.7,0,,nan,nan,79463.07
TOGOF,TomaGold Corporation,0.027,4,4,5,1,3,2,2,21,-20.0,1.0,Broken,Avoid/exit,22,0.0,-16.1,-2.2,46.2,0,,Basic Materials,7996300.0,36477.83
GBBFF,Granada Gold Mine Inc,0.026,3,15,3,3,3,2,2,31,-30.0,1.0,Broken,Avoid/exit,25,27.5,27.5,1.8,49.9,3,,Basic Materials,5795281.0,117857.36
BTKRF,Black Tusk Resources Inc,0.025,2,2,0,4,2,4,2,16,-15.0,1.0,Broken,Avoid/exit,17,-33.6,-6.0,-22.6,42.6,1,,Basic Materials,4281264.0,39012.9
SIGY,Sigyn Therapeutics Inc,0.025,1,8,2,3,0,0,2,16,-15.0,1.0,Broken,Avoid/exit,26,-16.7,0.0,-15.9,43.7,1,,Healthcare,134985.0,46354.5
SGCPF,Solstice Gold Corp,0.035,3,5,0,0,4,0,2,14,-13.0,1.0,Broken,Avoid/exit,21,-12.5,-49.9,-23.4,45.6,1,,Basic Materials,9186875.0,117764.82
LIPO,Lipella Pharmaceuticals Inc. Common Stock,0.033,1,3,3,0,3,4,2,16,-15.0,1.0,Broken,Avoid/exit,28,0.0,-49.2,-33.4,36.2,1,,Healthcare,152487.0,20030.25
BURU,Nuburu Inc.,0.043,1,7,0,0,4,2,2,16,-13.0,1.0,Broken,Avoid/exit,12,-12.4,-64.1,-46.3,27.4,1,,Industrials,10683936.0,23027192.14
LIMNW,"Liminatus Pharma, Inc. Warrants",0.041,3,4,2,0,0,0,2,11,-10.0,1.0,Broken,Avoid/exit,24,-25.9,-18.1,-30.6,43.4,0,,nan,nan,0.0
JGLDF,Japan Gold Corp,0.056,3,4,2,5,0,0,2,16,-15.0,1.0,Broken,Avoid/exit,13,-16.4,-5.1,-12.2,31.4,1,,Basic Materials,17216726.0,25992.07
NIMUD,NIMUD,0.0,1,1,0,5,0,0,2,9,-8.0,1.0,Broken,Avoid/exit,12,0.0,-99.4,-98.6,27.6,0,,nan,nan,6784.3
HDRSF,Highland Copper Company Inc,0.089,0,3,6,6,2,0,2,19,-18.0,1.0,Broken,Avoid/exit,22,-11.2,-11.2,-8.9,35.6,0,,Basic Materials,65603636.0,312439.55
AGLDF,Austral Gold Limited,0.09,5,10,3,0,2,0,2,22,-21.0,1.0,Broken,Avoid/exit,18,-15.1,-21.8,-15.7,40.3,0,,Basic Materials,60129332.0,66759.03
PEIMF,PepinNini Minerals Limited,0.092,14,5,2,6,1,2,5,35,-30,1,Broken,Avoid/exit,39,15.3,15.3,3.0,53.6,3,,Basic Materials,40379120.0,11848.0
BLGO,BioLargo Inc,0.11,1,9,2,2,4,0,4,22,-21.0,1.0,Broken,Avoid/exit,13,-8.3,0.0,-2.0,47.2,1,,Basic Materials,35297160.0,369743.88
HEEVF,Helium Evolution Incorporated,0.125,1,8,2,6,3,2,2,24,-23.0,1.0,Broken,Avoid/exit,23,2.0,-3.6,-4.0,44.9,2,,Energy,21861752.0,11909.37
KDOZF,Kidoz Inc,0.1,4,3,2,3,0,2,2,16,-15.0,1.0,Broken,Avoid/exit,9,0.0,-9.1,-13.2,16.9,1,,Communication Services,13130450.0,11538.61
SXNTF,Sixty North Gold Mining Ltd,0.104,5,9,3,4,0,6,2,29,-28.0,1.0,Broken,Avoid/exit,14,-3.5,10.3,-9.1,40.9,3,,Basic Materials,8144885.0,47317.41
LIMN,"Liminatus Pharma, Inc. Class A Common Stock",0.102,3,4,4,3,2,2,2,20,-19.0,1.0,Broken,Avoid/exit,23,-14.2,-31.0,-11.7,41.3,1,,Healthcare,6857072.0,13299483.85
BCGWW,"Binah Capital Group, Inc. Warrants",0.115,2,4,1,0,0,2,2,11,-10.0,1.0,Broken,Avoid/exit,28,-28.8,-28.8,-22.9,42.5,0,,nan,nan,14557.9
LTCH,Latch Inc,0.15,1,8,3,5,2,0,2,21,-18.0,1.0,Broken,Avoid/exit,21,-16.6,-1.9,-10.9,42.6,1,,Technology,29402148.0,55648.23
NPRFF,Nepra Foods Inc,0.197,4,8,1,0,4,2,2,21,-20.0,1.0,Broken,Avoid/exit,43,-1.0,-1.0,-11.6,45.2,1,,Consumer Defensive,28415270.0,79459.73
GXUSF,Guardian Exploration Inc,0.156,1,3,0,5,3,2,2,16,-15.0,1.0,Broken,Avoid/exit,29,0.0,-28.6,-19.4,13.3,1,,Energy,17783196.0,1041.8
TARSF,Alianza Minerals Ltd,0.158,2,4,9,4,2,0,3,24,-23.0,1.0,Broken,Avoid/exit,21,-1.8,-5.2,-3.8,43.7,1,,Basic Materials,16780528.0,117438.81
NTMFF,Neotech Metals Corp.,0.15,3,2,0,4,0,0,2,11,-10.0,1.0,Broken,Avoid/exit,12,-17.4,-25.0,-17.9,34.9,1,,Basic Materials,15990371.0,31983.92
CURX,Curanex Pharmaceuticals Inc Common Stock,0.191,3,7,4,0,2,2,2,20,-19.0,1.0,Broken,Avoid/exit,21,-4.5,-12.4,-10.8,32.3,1,,Healthcare,5413095.0,1487679.58
QNICF,Québec Nickel Corp,0.17,3,1,1,6,3,0,2,16,-15.0,1.0,Broken,Avoid/exit,24,0.0,-31.9,-19.5,29.8,1,,Basic Materials,2980851.0,1102.86
HAO,Haoxi Health Technology Limited Class A Ordinary Shares,0.15,4,7,1,0,2,0,2,16,-13.0,1.0,Broken,Avoid/exit,11,-13.7,-32.7,-60.7,23.9,1,,Communication Services,333601.0,1588099.19
LFLRF,LFLRF,0.211,3,5,6,0,2,0,2,18,-15.0,1.0,Broken,Avoid/exit,16,-5.1,-8.4,-6.5,37.2,1,,Basic Materials,25452550.0,137725.76
ARAI,Arrive AI Inc.,0.24,1,5,3,1,2,0,2,14,-13.0,1.0,Broken,Avoid/exit,18,-22.9,-35.5,-28.7,24.1,1,,Technology,15272578.0,3475876.6
SKYI,Sky Century Investment Inc,0.21,3,6,0,3,0,0,2,14,-13.0,1.0,Broken,Avoid/exit,22,-20.8,-19.2,-32.7,42.8,1,,Healthcare,1456450.0,68478.32
BGM,Qilian International Holding Group Limited,0.272,1,5,5,3,0,0,2,16,-15.0,1.0,Broken,Avoid/exit,21,-6.5,-6.9,-10.2,40.7,1,,Healthcare,108889432.0,223775.97
MDCX,Medicus Pharma Ltd. Common Stock,0.263,0,6,1,1,2,2,2,14,-13.0,1.0,Broken,Avoid/exit,22,-31.6,-35.3,-25.6,33.8,1,,Healthcare,14878434.0,2673079.61
OLB,OLB Group Inc,0.285,0,8,4,3,2,0,2,19,-16.0,1.0,Broken,Avoid/exit,16,-13.6,-22.9,-15.5,28.8,1,,Technology,4180971.0,2938747.98
HUMDF,Hua Medicine (Shanghai) Ltd,0.314,0,1,1,4,3,0,2,11,-10.0,1.0,Broken,Avoid/exit,10,-7.6,-7.6,-6.9,31.7,0,,Healthcare,313255936.0,364.67
WSTRF,Western Uranium & Vanadium Corp,0.321,0,7,6,2,4,0,2,21,-21.0,1.0,Broken,Avoid/exit,12,-9.6,-10.1,-10.8,32.5,1,,Energy,24455920.0,148585.61
AWHL,Aspira Women's Health Inc.,0.328,0,1,8,3,0,2,2,16,-15.0,1.0,Broken,Avoid/exit,32,-18.1,-15.5,-16.1,37.0,1,,Healthcare,15444137.0,55963.48
BFGFD,Copper One Resources Corp.,0.3,5,2,2,3,0,2,2,16,-15.0,1.0,Broken,Avoid/exit,31,-13.6,-25.7,-17.3,31.8,1,,Basic Materials,10180172.0,119781.56
FANCF,First Atlantic Nickel Corp.,0.393,6,7,1,0,4,2,2,22,-21.0,1.0,Broken,Avoid/exit,38,-5.8,-16.4,-15.3,35.6,1,,Basic Materials,59140684.0,402819.61
IMMP,Immutep Ltd ADR,0.38,2,4,4,0,2,4,2,18,-15.0,1.0,Broken,Avoid/exit,22,-3.2,-12.8,-5.3,39.2,1,,Healthcare,55971932.0,4846804.55
RIME,"Algorhythm Holdings, Inc.",0.414,0,5,5,3,4,0,2,19,-18.0,1.0,Broken,Avoid/exit,16,-15.5,-15.5,-15.6,33.5,1,,Technology,6386346.0,2626673.05
BLNK,Blink Charging Co,0.49,0,7,4,1,4,0,2,18,-18.0,1.0,Broken,Avoid/exit,15,-11.6,-11.2,-12.0,34.6,1,,Industrials,70404304.0,3052106.9
SLGB,Smart Logistics Global Limited Ordinary Shares,0.552,3,6,1,3,4,2,2,21,-18.0,1.0,Broken,Avoid/exit,28,-32.7,0.8,-12.1,45.7,1,,Industrials,24849000.0,0.0
BTCT,BTC Digital Ltd.,0.56,1,5,0,2,4,0,2,14,-13.0,1.0,Broken,Avoid/exit,16,-18.8,-36.4,-28.3,27.6,1,,Technology,8747748.0,567500.0
LUCMF,Luca Mining Corp.,0.6,1,8,1,0,4,0,2,16,-13.0,1.0,Broken,Avoid/exit,13,-2.5,-9.7,-7.3,35.8,1,,Basic Materials,165136000.0,381998.68
WKSP,Worksport Ltd,0.616,1,9,1,0,3,0,2,16,-13.0,1.0,Broken,Avoid/exit,16,-6.6,-6.6,-13.1,39.1,1,,Consumer Cyclical,9421720.0,1995118.46
SLAIY,SOLAI Limited,0.651,2,5,1,6,2,0,5,21,-20.0,1.0,Broken,Avoid/exit,24,16.0,-99.9,-99.2,42.6,1,,Technology,2918742.0,52136.73
THXPF,Thor Explorations Ltd,0.731,2,3,9,1,2,0,2,19,-18.0,1.0,Broken,Avoid/exit,9,-8.3,-4.3,-4.3,40.3,0,,Basic Materials,487391616.0,144859.21
ONCY,Oncolytics Biotech Inc,0.753,0,7,6,0,2,0,2,17,-16.0,1.0,Broken,Avoid/exit,14,-11.4,-14.4,-10.2,35.5,1,,Healthcare,89873616.0,1194525.0
FAYXX,Fidelity New Jersey Municipal M,1.0,1,2,0,6,0,0,2,11,-10.0,1.0,Broken,Avoid/exit,11,-52.6,-45.9,-44.3,29.1,0,,nan,nan,0.0
